Date,NN Signal Vol-Parity,Ridge Signal Vol-Parity,Static B&H Vol-Parity Benchmark,Dynamic Long-Only Vol-Parity,Full_23_Commodity_Market_Factor,Four_Asset_Equal_Weight_Factor
2020-01-01,1.0,1.0,1.0,1.0,1.0,1.0
2020-01-02,0.9995494863528889,0.9940259093781679,1.0013298877504322,1.0013280161896139,1.000532071946761,0.9958307276414434
2020-01-03,0.9930557963128445,1.0038378227671803,1.0176808998943558,1.0176685225032644,1.0007492279497683,1.0110598983769983
2020-01-06,0.9892547954722589,1.0083630072385625,1.024018808931451,1.0239713277697626,1.0015243787031816,1.0158715375296798
2020-01-07,0.9823943483960511,1.0111739025526445,1.0278816877329235,1.027878344742078,1.0019694661167982,1.0205843433454873
2020-01-08,0.9613123713407372,1.0173380520550481,1.010728512942777,1.0107320229620091,0.9924293017903761,1.002116950777418
2020-01-09,0.9607128937458685,1.019737688151946,1.0064890308014018,1.0063978429766456,0.9933846863400212,1.0006293254543994
2020-01-10,0.9567220579542081,1.0266076830184532,1.0108529985391352,1.0109920799882917,0.9984321371068766,1.006602762473494
2020-01-13,0.9527745216218885,1.024694790127004,1.0031466571167436,1.0033531255067598,0.9941010830690368,0.9981873968525671
2020-01-14,0.9580408231486056,1.0210584187729024,0.998899689019389,0.9989253761870397,0.9978814386748769,0.9954105117158466
2020-01-15,0.9520883659161586,1.0232401701916771,1.000883422724254,1.0009373261895202,0.9993712656799519,0.9908418951344774
2020-01-16,0.9586652763704573,1.0169202344396608,0.9994313580878258,0.9993167049070681,0.9935008252464181,0.9869998846739
2020-01-17,0.9663069524237662,1.01556907910678,1.0018072570911905,1.0015615329011196,0.9976213459812558,0.982546317921621
2020-01-20,0.9686437119176564,1.014993367933494,1.0029424618167444,1.0026551846189815,0.9981997664186821,0.9838737055809292
2020-01-21,0.9629463332197437,1.0025377736473615,0.991610155327237,0.9910027212860297,0.9897672818134163,0.964263085596842
2020-01-22,0.9523291656127134,1.0054412999894975,0.9876279822375216,0.9872692472959808,0.9858602243475134,0.9605108541945175
2020-01-23,0.9442267212520585,1.0125288377304424,0.9871522417577909,0.987111482862481,0.9790624144186064,0.9600143002244654
2020-01-24,0.9423268166225446,1.0176560399508772,0.9871150863616999,0.9873265165586211,0.9661838294369939,0.9555447140670269
2020-01-27,0.935442458156249,1.0239644312342657,0.9835714466073887,0.9841176919444946,0.9490869316003439,0.9513854825527772
2020-01-28,0.9272220917234025,1.0203475125725396,0.9750010599214735,0.9757929325774068,0.9499598985302742,0.947069681606549
2020-01-29,0.9295213735423955,1.0146641276973258,0.9739455140744258,0.9743629689529764,0.9421333126740267,0.9416808742196595
2020-01-30,0.9292358140171035,1.0236914915387618,0.9780626780357093,0.9784659301403054,0.9345858063508341,0.939936914261257
2020-01-31,0.9290332635077266,1.0252555456420225,0.9781129839295531,0.9785382553676618,0.9307550448558913,0.9410441377872688
2020-02-03,0.9133908597612953,1.0341492847239537,0.9628630296765178,0.9646627073607862,0.9201333081978759,0.9239289738199626
2020-02-04,0.9174371414450779,1.0318996673966094,0.9547780567412189,0.956290962436949,0.9212904157963538,0.9232364153183525
2020-02-05,0.9250722842922866,1.0251349441572501,0.9616975927061759,0.9625756145761905,0.9305227289654675,0.9291064061965351
2020-02-06,0.9291631375316324,1.0300309538763295,0.9655424587010437,0.9666571530114505,0.9349016328907522,0.9317363629216378
2020-02-07,0.9243196193624136,1.0323877314608696,0.9627731123163611,0.9643363543536055,0.9323418887405669,0.9281095219154147
2020-02-10,0.9166196110330257,1.0307565996083368,0.9570702607437591,0.9589274782081892,0.9266095755372102,0.9136247834245227
2020-02-11,0.917559707282789,1.0259457298525752,0.9558111672932109,0.9572283437975834,0.9309462988302358,0.915927095396023
2020-02-12,0.927076903209024,1.0230457449580554,0.9640311893747416,0.9648734132302416,0.9388298633369594,0.9295311683850733
2020-02-13,0.9316586337254509,1.0205997897544294,0.968856000132239,0.9693514689632694,0.9432716735755793,0.932199589600117
2020-02-14,0.9405323082506253,1.0195657788964803,0.9766372242692408,0.9767071565033051,0.9437089786707615,0.9403271086336744
2020-02-17,0.9421972782639876,1.017848772330341,0.9778562398987267,0.9777245433096425,0.9450384332532634,0.9417264049262841
2020-02-18,0.9573848425966356,1.04543723249436,0.9956191611632113,0.9964667835505698,0.9527579276938177,0.9686191132033891
2020-02-19,0.9645553640152754,1.033659373415834,1.0039487735127381,1.0040048583627446,0.9589328286275711,0.9745471365897891
2020-02-20,0.9601029223760372,1.0290557312044812,1.0055748464035703,1.0056010918380067,0.9522173788593132,0.9724329454848775
2020-02-21,0.9465967834259065,1.036549009273213,1.0127346631963763,1.0137289635888649,0.9517783514820292,0.9742326742187272
2020-02-24,0.9359068361546623,1.0394794012389728,1.0135135456733664,1.0150143434897636,0.9333506100665074,0.9637362367358379
2020-02-25,0.9182518191849616,1.0623215925446892,0.9926562181397233,0.9951954789802543,0.92494377747157,0.9479918024026006
2020-02-26,0.9110134237816178,1.0791528812163145,0.978769377665822,0.9819135046151367,0.9148831539583345,0.9324786631701768
2020-02-27,0.901642902656993,1.0839145753743473,0.9672898358292376,0.9698017584183518,0.9001564713959261,0.9138578978737124
2020-02-28,0.8557746195978266,1.1093516310616904,0.9195884160338035,0.9223149536578469,0.8863512022576253,0.8706746441346694
2020-03-02,0.8774191770218029,1.0817940335249803,0.9431532843638761,0.9473244212765731,0.9024494036335411,0.897444008938553
2020-03-03,0.8996365062620351,1.0826910175513849,0.9645763319570939,0.9686151479831716,0.9078921504475241,0.9158381726959571
2020-03-04,0.8982046617005461,1.093550665910138,0.9635350923207934,0.9682922914025414,0.9070939986695358,0.9166758680428901
2020-03-05,0.8908055131371327,1.10456276090676,0.9650248945892156,0.9670573673602422,0.9002349476297073,0.910051558536378
2020-03-06,0.8549271388708901,1.1659305539292617,0.9420889955178794,0.9412256496842838,0.8792955108813407,0.8792603595865545
2020-03-09,0.8025997411134308,1.3327733959961288,0.8957382368827368,0.9019968896532108,0.8387772176995961,0.8330987148834372
2020-03-10,0.8043006247862767,1.2605463181738696,0.9134132767897493,0.9188884219139907,0.8575257050471828,0.8657911193823167
2020-03-11,0.7968458320639966,1.283877696932916,0.8967567898830785,0.9033827195064994,0.8454036952737348,0.846360041377641
2020-03-12,0.7841031501541578,1.32200224764344,0.8584627867302544,0.8685653897411191,0.8102235485589276,0.8106526282253365
2020-03-13,0.8013606631455984,1.3185732599361235,0.8243580605435165,0.8319999087911595,0.8015377241329612,0.7890700098349773
2020-03-16,0.7685855035908764,1.3810133991079374,0.770583365153569,0.7829666940658383,0.7574760791085471,0.7343824457707743
2020-03-17,0.7443559825819767,1.4315526128608465,0.7641547317740098,0.7757169073850578,0.7484976167404392,0.7178450042097825
2020-03-18,0.747541147397238,1.5111447363342994,0.7156797745774613,0.729510793812852,0.713853175170062,0.6648268899121624
2020-03-19,0.7387333353943908,1.4142927123334066,0.7453853754986945,0.7536930060982084,0.7360244751960856,0.6992396414047878
2020-03-20,0.7411633698888372,1.4494539184358586,0.7405759145473019,0.749139729059798,0.7294947079931253,0.6891639116835077
2020-03-23,0.715782240951461,1.482119859700548,0.7730316498938005,0.7800347577181558,0.7248362535577565,0.7112586968364617
2020-03-24,0.701685579624692,1.5038835283549201,0.8107405846579033,0.8182043580280025,0.747196582031444,0.7413307985791086
2020-03-25,0.7135573449185871,1.4934671520585996,0.8153750551642954,0.8222691222787135,0.7629430852469148,0.7483315927125873
2020-03-26,0.7065576571474388,1.5238460638964986,0.8108078890898144,0.8180752869842332,0.752115253172139,0.7392477433114066
2020-03-27,0.711789548105243,1.541740845116665,0.7981716894923704,0.8085551675188425,0.7445107016943323,0.7265248244636285
2020-03-30,0.7177748512815489,1.5584468522936732,0.7762974045416577,0.7936131923744439,0.7330003878966814,0.7065269878588273
2020-03-31,0.7062198564358958,1.556600692624097,0.7647996321339604,0.7793356380138473,0.7357539596166442,0.696474639670436
2020-04-01,0.6955834790375011,1.5751480940859437,0.7492465678368773,0.7634974598186641,0.713137429621246,0.6774757806076297
2020-04-02,0.7225656911163116,1.5778955457760242,0.7997845686547811,0.7990856861639128,0.7377965933387904,0.7223757797114531
2020-04-03,0.7309811383036559,1.5688477812463963,0.8257432230185096,0.8211720150446787,0.7442498063864147,0.75448329435775
2020-04-06,0.7562673646414471,1.5673410574314421,0.8460165532591142,0.8502779102112444,0.7511899078092441,0.7757220587258514
2020-04-07,0.7453967605118161,1.5275593879540272,0.8472761589298987,0.862680009334233,0.7565570380930642,0.7852458843561211
2020-04-08,0.7473297575717377,1.546333509203084,0.8460384122356461,0.8550130978742313,0.7574157543046544,0.7804219598457048
2020-04-09,0.7221029611974109,1.592367968576639,0.8659233206616723,0.872448847701779,0.753306288410011,0.787331109270294
2020-04-10,0.7221029611974109,1.592367968576639,0.8659233206616723,0.872448847701779,0.753306288410011,0.787331109270294
2020-04-13,0.7265429569022872,1.5838447850081923,0.8617498348825308,0.8675865834322865,0.7487548102745673,0.7826547464551906
2020-04-14,0.7147319313979907,1.6020404952742249,0.8566383026211994,0.8607731244678848,0.746495994461339,0.7694878697155034
2020-04-15,0.7142552221298685,1.5746092887329812,0.8270428933873857,0.8333089004252899,0.7381432864154666,0.7397291269196515
2020-04-16,0.7060351119820203,1.545608898093818,0.8317313876372023,0.8444707067036028,0.7393908622986716,0.7512841946124054
2020-04-17,0.6877786368522549,1.5091162068827622,0.8249427717103909,0.8428111739919751,0.7413779424402379,0.7531665572296316
2020-04-20,0.6566254826947452,1.4497944119055337,0.8234634159454776,0.858721283353752,0.641364759719074,0.7597413377776867
2020-04-21,0.6754480864531914,1.423726980027497,0.7621017140731225,0.8071766972268215,0.5775543123039472,0.6914923675339004
2020-04-22,0.675766346486246,1.4284922833063283,0.79193366458789,0.8406815186604966,0.596935572180535,0.7230816154858313
2020-04-23,0.68399268998809,1.4661512521210187,0.7970362980025028,0.835245454153993,0.6047641728270448,0.7210826737721342
2020-04-24,0.6823423122563189,1.4788230678883436,0.7920909496885229,0.8257543343240374,0.5974564381326078,0.7131204067676021
2020-04-27,0.6752456229952835,1.4420764464613267,0.7800069604461233,0.8228842997241733,0.588788723850196,0.70609456645171
2020-04-28,0.679831576140848,1.4500222334596082,0.7824065184804454,0.822239408438225,0.5926118584050638,0.7074976158949479
2020-04-29,0.6963410114930496,1.4768216216593215,0.794402938143714,0.8229887587307313,0.6066717263745486,0.7173116456632088
2020-04-30,0.6700225580634271,1.4641379244299157,0.8089602571413147,0.8336391703709405,0.6215641869924252,0.7406211843410415
2020-05-01,0.6745729700409956,1.478213820354858,0.8074316044408232,0.829030014194263,0.619183337631782,0.7350169466698753
2020-05-04,0.6642837711308414,1.4590908182758153,0.8168450863385772,0.8420357313258311,0.6229794918213875,0.7499842411570327
2020-05-05,0.6416746266872115,1.4447453258485161,0.8496894712919107,0.8717968485046976,0.6425587112363046,0.7929587325573286
2020-05-06,0.6419376220836777,1.4668242354871714,0.8294934678071866,0.8453735779775531,0.6357310719738575,0.763400700979662
2020-05-07,0.6491285047522146,1.5022512399889705,0.84246798366072,0.8562886101787354,0.642367484976146,0.7683415102311688
2020-05-08,0.6408672539759254,1.5251121363367377,0.8489073716235341,0.8547304319778221,0.6483156740737668,0.7720663042822985
2020-05-11,0.6411378333469337,1.510365196251484,0.8364180932532682,0.8460404755686143,0.6432280418781378,0.76096911465889
2020-05-12,0.6506912305757356,1.539771581080358,0.8364717091649532,0.8394096238948424,0.6426818158562092,0.7534747433295653
2020-05-13,0.6567875044038167,1.5691692272611244,0.8290303450799787,0.8280433806859601,0.632014341038349,0.7378456439321189
2020-05-14,0.658428010660755,1.576862418214301,0.8553986795269041,0.8525492051609431,0.6423869861373346,0.7658120364817401
2020-05-15,0.6576201127880401,1.616236159477077,0.8777199461301115,0.868474915818718,0.6491572556720497,0.7827900345019072
2020-05-18,0.6416593049791217,1.5834596090852993,0.8978231311770304,0.8904168081273683,0.6690763008724593,0.815138106238339
2020-05-19,0.644794597536015,1.5769858527001062,0.9073630019918387,0.9025987200198329,0.673193172441716,0.8258702872083271
2020-05-20,0.651751245351515,1.605163595631725,0.9141170304888264,0.9031693748563866,0.6788946081184392,0.8281356396274965
2020-05-21,0.6492642007675026,1.6034931205604501,0.8975429572966587,0.88305911987488,0.671930738181569,0.8116935488220057
2020-05-22,0.6459181628608045,1.6051882457565554,0.901930998299112,0.8905447784260391,0.6679374088256613,0.8147853103657772
2020-05-25,0.6482384246120344,1.607418530780031,0.9040080731495791,0.8916098004378448,0.6682563433127257,0.8170223658243776
2020-05-26,0.6540242513436394,1.5853302705621928,0.9032567251284817,0.892633465910125,0.676267942104643,0.8239778820997147
2020-05-27,0.6473931827789015,1.593926716764125,0.894418874614002,0.8836349747944718,0.6663775777896659,0.809345681198912
2020-05-28,0.6457789510914322,1.6149114109445608,0.8980671026529817,0.8827553190645291,0.6659067552700493,0.8088424995529151
2020-05-29,0.6552643429789633,1.6290428624410256,0.9115618031094398,0.8967595211167348,0.6736103906540667,0.8202476783916126
2020-06-01,0.6526783706002262,1.6536179401712885,0.9146411854689949,0.8945338668122986,0.6768306291792628,0.8180315636046306
2020-06-02,0.6515963195687902,1.6478292486587613,0.9100155154488228,0.8879464866089092,0.6810002695265858,0.8169078792015496
2020-06-03,0.6480099481255048,1.6237647651413187,0.9024376738684995,0.8827399695342761,0.6821813503319291,0.8163376587138371
2020-06-04,0.6524765172142003,1.6339078414361003,0.9100862282166152,0.8897971726391283,0.6862186799887465,0.8213911196829768
2020-06-05,0.6595921797011821,1.6424803625878552,0.9013025608768929,0.8748675716950726,0.6944179630295749,0.8167685704667629
2020-06-08,0.6549457516923757,1.6439579888410425,0.9057445628304128,0.8823151172965896,0.6932150847034264,0.8178924760262013
2020-06-09,0.6604415186998202,1.6544387957371576,0.9090907915760553,0.883717848316507,0.6946198289442543,0.8181053548775962
2020-06-10,0.6614167794031511,1.6566055910971604,0.9119650095151997,0.8859344016901304,0.6965946391986644,0.8221964513210624
2020-06-11,0.6583518614102298,1.6252698786926139,0.9046417778684686,0.8870518959245843,0.6811172329154022,0.8137528677035639
2020-06-12,0.650946116469844,1.634546113939342,0.8959688660202733,0.8742699666355966,0.6788299317328862,0.8006018473232636
2020-06-15,0.6461305470758374,1.6526681919950885,0.8945290237820251,0.867859158370302,0.67940111826099,0.7964552083674427
2020-06-16,0.6476677093246125,1.6846188143606777,0.9032886967306012,0.8714185870984235,0.6847737411883394,0.8000396944173035
2020-06-17,0.6480292144600671,1.681401910998861,0.9049152074574712,0.8744730860584943,0.6866676532027672,0.8032215640640538
2020-06-18,0.6493086328504292,1.681681758074579,0.9041415670146513,0.8716282287817789,0.687982314296964,0.8037072784621169
2020-06-19,0.6589009245509884,1.6968349289803069,0.9184481824668026,0.8854788654844843,0.6911827886001107,0.8172992269589631
2020-06-22,0.6640880184846989,1.7114405698839736,0.926072652096509,0.8908483845869867,0.6938215664126546,0.8231454850001646
2020-06-23,0.6665254179952097,1.7226760653935536,0.928584790406162,0.8936880571507203,0.6931806911970533,0.8214174751696366
2020-06-24,0.6685910387792812,1.7014449360615338,0.9087207428760927,0.8784846189828383,0.6804404427194662,0.7996525914021655
2020-06-25,0.679986385175711,1.732164564873611,0.9085802197439559,0.8725014776035586,0.6803705188120862,0.7910520240635285
2020-06-26,0.6793904367962269,1.7359362114995192,0.9128171968266395,0.8773348845082177,0.6761025209006092,0.794952889693671
2020-06-29,0.663423759781111,1.7154826953934548,0.9235861328189671,0.8912775108325445,0.686426072337274,0.8185773027743005
2020-06-30,0.6665012076804281,1.7236455029132187,0.9350029037254666,0.9050927237367314,0.6926506783687633,0.8295140455581984
2020-07-01,0.6710946685823561,1.728012178693669,0.9246356851363958,0.8907961878902658,0.695910804629457,0.8168411493136284
2020-07-02,0.6605343423248056,1.7296630060954656,0.9365146856780993,0.9017679809862653,0.7010442697327476,0.8322414986962365
2020-07-03,0.6608831386979878,1.7266077403660662,0.9350468070994539,0.9010812337437073,0.7002090990680536,0.8306863223772634
2020-07-06,0.6551284126308132,1.715437492589036,0.9452604619006982,0.9124077126546083,0.703896472869875,0.8469772253489334
2020-07-07,0.6510994758124088,1.7147405817410522,0.9526164659050448,0.9210184238743219,0.7090545545009396,0.855437867218957
2020-07-08,0.6400245448281069,1.73766466102572,0.95987658400843,0.9270849969433287,0.7122659097964524,0.8570832350183278
2020-07-09,0.6462939958288765,1.7285979746432467,0.9468776086876415,0.9152801663374686,0.7094203310889272,0.8429103154071863
2020-07-10,0.6409658519906501,1.7317136462028342,0.9530695162328615,0.9196262575817357,0.7142644598188816,0.8512559769898786
2020-07-13,0.6521592982297517,1.7569402960526392,0.9600026714478976,0.9270518386906075,0.715337922075546,0.850525401609675
2020-07-14,0.653501210215816,1.7540672091820597,0.9577674752184958,0.9245748955888434,0.7086955297099513,0.8494340729922106
2020-07-15,0.6476969598846823,1.7638004463948502,0.9665904712818081,0.932030249719943,0.7134879602865475,0.8603582498794274
2020-07-16,0.6547622731047982,1.7596050102742846,0.9563513699292714,0.9216787772071401,0.7131318008053977,0.8479155647439618
2020-07-17,0.6528503965771196,1.762338986196849,0.959747830466731,0.9255271290622106,0.7121597851967901,0.8493722565656726
2020-07-20,0.6497123848700594,1.7852039998443725,0.9637566702377506,0.9277639687737499,0.712045962217644,0.8460101449295417
2020-07-21,0.6363500532513703,1.8359340199892074,0.9937101354115822,0.9554678209761538,0.7240475361486791,0.8729654073091796
2020-07-22,0.63379859674085,1.8507446565343872,1.017964106217723,0.9780703647592841,0.7288648687259632,0.8920743283847069
2020-07-23,0.6393017745478792,1.7995580590105646,1.0229463777967014,0.9880160489984333,0.7309553087338974,0.9024210123133835
2020-07-24,0.6369472803863784,1.7938236213012797,1.024458618421303,0.9904228957487404,0.7293246410662387,0.9050235961516332
2020-07-27,0.6498631104827205,1.7903947919016927,1.0475385753653563,1.0091673125365415,0.7354126677620799,0.9160266705716712
2020-07-28,0.6548149548443292,1.7757888437063596,1.0498853551650498,1.013992987317226,0.7358860575384072,0.9228793876759145
2020-07-29,0.6633369471951299,1.7705930187437033,1.0586015719018613,1.0234836284034527,0.7391864833995404,0.9343044216090001
2020-07-30,0.6426727453423916,1.7737780899417046,1.036361413822001,1.0026144216496784,0.7318494567406452,0.9073946989485551
2020-07-31,0.6398675413394493,1.780699645059565,1.0509618187218237,1.013942578383172,0.7370792356640516,0.9160263259701327
2020-08-03,0.6879667134447832,1.7661356932053003,1.0722184440580709,1.040288323983885,0.7480178016421946,0.9598267393267627
2020-08-04,0.6921439606984177,1.7525394079500443,1.104533243278999,1.069201006313154,0.7538834578604339,0.9918554563489977
2020-08-05,0.6829739008098442,1.7586386529692626,1.1246897967089773,1.0867575867562234,0.7613440749371152,1.0074588527473125
2020-08-06,0.6779039254852384,1.7482043228421889,1.1443883784494984,1.1016617089027043,0.7638319834618688,1.02052943346071
2020-08-07,0.6937853923151126,1.7486742933049886,1.1249707835127907,1.085450597633603,0.753927277834148,1.0124005865198729
2020-08-10,0.678957591972495,1.753341462472711,1.145630479833396,1.0992451493623223,0.7600261086206188,1.023485551911615
2020-08-11,0.7199537542608441,1.7974755748517446,1.0878894718119843,1.0518282190878845,0.7536717997244164,0.9830525710637005
2020-08-12,0.7226840446347802,1.8214760962788303,1.0916839550544073,1.0560212946551004,0.7568201740444412,0.9856819161661495
2020-08-13,0.7058958189043327,1.8173982112788658,1.1149536967999405,1.072491277671032,0.7613048354584455,1.0056733729410643
2020-08-14,0.7141495454086346,1.7707405209073581,1.099506518373237,1.067157204518047,0.7618867787301978,1.0072635467870406
2020-08-17,0.7057024098499387,1.790767177336851,1.131077192628885,1.0921830491699582,0.7722156313208566,1.0300215167331048
2020-08-18,0.6998363432963249,1.7788561363090165,1.1428258709794112,1.1037089545437506,0.7761901240259794,1.0447519569665988
2020-08-19,0.7115213007036563,1.7874169217734492,1.1240094226618393,1.0881329881027837,0.7788584570254684,1.0326553527111606
2020-08-20,0.7132092310956679,1.796317598829078,1.110613149951305,1.0737790494042905,0.7741508135529093,1.0172893247871329
2020-08-21,0.701018333525625,1.768874648671293,1.107358904881151,1.0736483371742869,0.7697904979505704,1.0206506441657934
2020-08-24,0.6990647430641781,1.776449423406104,1.110947893147343,1.0797060608699505,0.7766395000777447,1.0298816845908505
2020-08-25,0.7062528328596329,1.7963951118706476,1.1059360875121098,1.0765212810633644,0.7834740665174534,1.0260845509792873
2020-08-26,0.6996532514686901,1.804082220677044,1.124124401764837,1.088680197572956,0.7833331243184393,1.0374021544447776
2020-08-27,0.6837616007350784,1.7723614438269994,1.1166477168357316,1.0846184147318132,0.7837758471358637,1.0402070668129988
2020-08-28,0.693908800565465,1.7857432050388644,1.1315985066718939,1.0960002060739256,0.7876971472249863,1.046216322541948
2020-08-31,0.6954407501285932,1.781694557391524,1.1373925671075849,1.0970746648783845,0.7881683536862537,1.0486382150708078
2020-09-01,0.6930574762141096,1.802112221102344,1.135668063256086,1.0940577249567847,0.7919232353368355,1.0406472520091523
2020-09-02,0.6933987124231545,1.775576009019888,1.1064209358539372,1.068494070937664,0.7827294025795484,1.0140147226480494
2020-09-03,0.69439288986526,1.7611995052030596,1.0972773624577468,1.0612834290638729,0.7766414776383569,1.0062758253579744
2020-09-04,0.692156878547172,1.7325805198119046,1.0913467136236947,1.054391226829641,0.7778252586722254,1.0065770679560089
2020-09-07,0.6872748629384765,1.718608821879085,1.087812374203791,1.0494866759039632,0.7780165210586535,1.0026906700102327
2020-09-08,0.661797236406254,1.6751484750760417,1.0738528588698113,1.0268610800339975,0.7629650522803905,0.9748834575337937
2020-09-09,0.6638276688355419,1.6922077410250334,1.0836183748785957,1.0380144902631172,0.7675229010176092,0.9839881589959306
2020-09-10,0.6554960723244692,1.6769355838788564,1.0807242350154944,1.0316473863162143,0.7663860226985434,0.9741808665225653
2020-09-11,0.6577808044200829,1.661488703720819,1.068719478997655,1.0207429536049113,0.7694671074097209,0.9612174577979029
2020-09-14,0.6534594243357781,1.667032972137823,1.0782306335310434,1.02786260185074,0.7723278434926378,0.9706732095055951
2020-09-15,0.6600708518398166,1.692647156251402,1.0873437646464574,1.0388323205878087,0.7767672910438906,0.9830409285560382
2020-09-16,0.6704866799008632,1.7298304234154367,1.094187467577191,1.0474147289000093,0.7805296184331432,0.984084082464612
2020-09-17,0.6867568688771817,1.7238334136595117,1.081502558035953,1.0360541026113714,0.780891758368799,0.9600126305290206
2020-09-18,0.6839022251967714,1.7240127822988431,1.0842066227976142,1.038240421554454,0.7842188537015524,0.9615675937601641
2020-09-21,0.707251418447623,1.6468808551100174,1.0240992054902296,0.9858468319772383,0.7584595456473544,0.8964946525899018
2020-09-22,0.7083904941569652,1.6505188157415602,1.0263049000534314,0.9879161819294456,0.7593547293756983,0.898818250387027
2020-09-23,0.7238905381503814,1.6641568184990634,1.0161349667042365,0.9903834569582329,0.758623599920202,0.917106586934819
2020-09-24,0.723746213316213,1.6762206121508114,1.025254929234707,1.0006088844892358,0.7590677180898016,0.933226622224703
2020-09-25,0.7257146346323093,1.669548079602755,1.017000494845178,0.9919160910938162,0.7591427141495167,0.9194316059658302
2020-09-28,0.7281950645142155,1.6875215822706682,1.0277619376205904,1.000612793841248,0.7633917082118569,0.9252386821218328
2020-09-29,0.7153422770720976,1.6838266823448687,1.0275858048108135,0.990731135544201,0.7581232644687863,0.9089840643839369
2020-09-30,0.720792117806033,1.672967162958711,1.0137318637068156,0.981442123371391,0.7633000810303232,0.8958498677061996
2020-10-01,0.7078953814903712,1.671511719847676,1.0203702937200967,0.9810002820129466,0.7534012175078485,0.8983471569082982
2020-10-02,0.6976086528757787,1.6382857662809314,1.0039138750883898,0.9616267096349318,0.7482487684298488,0.8781347367163782
2020-10-05,0.7065298816214429,1.6750340457855746,1.0298738378592356,0.9901499051714616,0.759528909950378,0.9116400615490031
2020-10-06,0.7220768684611333,1.684022857908728,1.0239900476639658,0.9889206873529179,0.7648637815153857,0.9035657562082657
2020-10-07,0.7172041748432482,1.6693391992370366,1.0192623259496176,0.9841023327524181,0.7690156863688962,0.9054688658346379
2020-10-08,0.7253115482187675,1.6871180722078816,1.0277042083408026,0.9949271981593871,0.7743483105186022,0.9149360739145103
2020-10-09,0.7229650998087062,1.7078450475342493,1.0505345509105943,1.0119436434702125,0.7830823305958691,0.9378623413662576
2020-10-12,0.7102793602317979,1.682391025315654,1.0518396933835075,1.0119608832605644,0.7778515601538646,0.945450123087023
2020-10-13,0.7161905972426504,1.6828834387350762,1.0341868769715283,1.000723575623554,0.7757599929566551,0.9325587228128512
2020-10-14,0.713915417176887,1.7159425404386688,1.0376791851583034,1.0023387905143155,0.7788517561914133,0.9236107825149381
2020-10-15,0.7236259898072274,1.706342958541445,1.0401418579804909,1.0064974992513567,0.7818528732665817,0.9334613676787595
2020-10-16,0.7223439352520271,1.7024475003006112,1.0404021656139197,1.0055679832868758,0.7818888420855019,0.9335397867879638
2020-10-19,0.7203319372889019,1.6988864834068873,1.0440628796615572,1.0075613362007765,0.7843966682874476,0.937112917839204
2020-10-20,0.7311248101467427,1.7061414759985798,1.0547254747620554,1.0184909051956492,0.7898826660466975,0.9530992361762771
2020-10-21,0.7236987481820982,1.6731286393383187,1.057194273264615,1.018686715039475,0.7904149619842138,0.9584074607969045
2020-10-22,0.7288329848880133,1.6843781727827885,1.048735060250771,1.0134056050454923,0.790747348002193,0.953182786864177
2020-10-23,0.7231316990006177,1.6716708745652322,1.0438629868645946,1.0075725075175734,0.7883908093669448,0.9462402571720001
2020-10-26,0.7105939980322933,1.6378297686539307,1.0359324422526297,0.9995854582800142,0.7826539968516115,0.9406619432523559
2020-10-27,0.7190913630868639,1.6535509707293898,1.0429841624196659,1.0067227855180925,0.7866873264168257,0.9468813638344556
2020-10-28,0.7064665535977823,1.5961336807310307,1.0098685341432738,0.9766857169266183,0.7707224959415896,0.9173153293630592
2020-10-29,0.6999947553030677,1.5798409109361504,0.9996010961845924,0.9652523956036688,0.7638599010389838,0.908098479510524
2020-10-30,0.6937089337167969,1.5861410624437327,1.0059593988851512,0.9708062839678934,0.7624771528189609,0.914823693917859
2020-11-02,0.6992173185179585,1.5825144864417642,1.0160561663279495,0.9789623067976515,0.7673284897126957,0.9188191782863901
2020-11-03,0.7076865144569072,1.5901599195749585,1.0225338189967341,0.9828981878513182,0.7727785456555297,0.915122977349063
2020-11-04,0.715416648525035,1.5726813939936648,1.022066861105425,0.9838826268507866,0.7786697088870851,0.9169644857014456
2020-11-05,0.7041783541237803,1.6060143491303138,1.0439768131321272,1.0008942705110289,0.7843544547317349,0.9260521541158478
2020-11-06,0.696221722674072,1.5750496570363244,1.0406398922503433,0.9953866608136969,0.7801444305945812,0.9183603531603263
2020-11-09,0.7376222307520693,1.6754423368292493,1.0124297666844873,0.97231510359235,0.787679115525125,0.9042895244861058
2020-11-10,0.7392540250784337,1.7106689174816618,1.0350685663040957,0.9936316162489233,0.797906881041686,0.9277474554250149
2020-11-11,0.7416519483432487,1.706236455568091,1.0328384214081276,0.9929517154576558,0.7964517650581511,0.9315631247113391
2020-11-12,0.7381034703813629,1.7070195372424075,1.0331348555694497,0.9925958832370257,0.7956826053925363,0.9277333155962518
2020-11-13,0.7301881847582395,1.704352428758188,1.0382746986168208,0.9966736354942778,0.7929835812236455,0.931242971208747
2020-11-16,0.7402549054410384,1.7442056933638423,1.0352119235793202,0.9898867281742302,0.8015487870357245,0.9142895704963298
2020-11-17,0.741251962841709,1.7406903283370248,1.032374769807247,0.9874496728852805,0.8059021751141304,0.9117461022258118
2020-11-18,0.7467282071537393,1.750432217046221,1.0310294868896437,0.9868220420098723,0.8122232426939897,0.9132954458739445
2020-11-19,0.7522775917849921,1.7488027993447872,1.0189686134548372,0.9746252810962082,0.8084175936671433,0.8972661427506081
2020-11-20,0.7496507776958522,1.7697226800178076,1.0310011803870676,0.9862012040254006,0.8167157354071167,0.9105534788795537
2020-11-23,0.7650458801771948,1.7773475029448762,1.0220965534234057,0.9795274422645612,0.8185075923102048,0.9104367179247601
2020-11-24,0.779831382171262,1.7988804435193304,1.0205778145479787,0.9789757860516803,0.827814046563512,0.9172525992482822
2020-11-25,0.7797447329961109,1.8047137182233959,1.0283076933834279,0.987688573957411,0.8295364912008675,0.9311991483358844
2020-11-26,0.7775710530336427,1.7904841533039764,1.0247029433134134,0.9843273976523749,0.830171198922364,0.9273073585822009
2020-11-27,0.7938424012082121,1.7853073763197662,1.0078815271174097,0.9684226775037215,0.8346408488755024,0.909045856686061
2020-11-30,0.7931038267456304,1.772012706466807,1.0041886517815308,0.9653415143383736,0.828805102658786,0.907993658240397
2020-12-01,0.7747682112834834,1.8064714365348982,1.0288875682495051,0.9859068696009616,0.8301182448227183,0.9254603288566421
2020-12-02,0.7735402559127817,1.825371161040985,1.032265053782618,0.98819782065748,0.8299090640546982,0.92287978667803
2020-12-03,0.7771784576625774,1.8361380873289515,1.0286431931469455,0.9813100794240325,0.8287183985988151,0.9042688101854164
2020-12-04,0.7752272818294553,1.8489854986249106,1.0345624922272685,0.9875988967470983,0.8317462639428056,0.913910273184921
2020-12-07,0.7621990656270593,1.8556524729148864,1.03896121168577,0.9885461706383935,0.8288084111783318,0.905067953414489
2020-12-08,0.7602489824587775,1.8582915405281517,1.0404593394825647,0.9901519276997408,0.8263440921968931,0.9051767423464605
2020-12-09,0.7735527453905203,1.8388487867467485,1.0251138712013497,0.9776301706586967,0.8305012392853053,0.8981343206322379
2020-12-10,0.770679539377767,1.8630104744842362,1.0362247601272163,0.9898569202858913,0.8413054095733251,0.9155354157475669
2020-12-11,0.7688665207270555,1.861224496885415,1.037941425263475,0.9919837635075271,0.8390680297239468,0.9184856024913608
2020-12-14,0.769744424582392,1.86113954267266,1.0392086940793748,0.9945260043621018,0.8431172345570319,0.9261677800237605
2020-12-15,0.7595907184818925,1.8861681043320797,1.0537862628696797,1.0073779985002762,0.8474072402100515,0.93701035691615
2020-12-16,0.7568694895401682,1.8964655966076218,1.060520309602403,1.0129399474129024,0.8507971643848878,0.9423886985997342
2020-12-17,0.7592507875246995,1.9226429326836632,1.0812908285719287,1.0297515474144638,0.8599188302022199,0.9553307829176729
2020-12-18,0.7583440604155696,1.9423029906028724,1.0850133891954679,1.034969196763854,0.8626645934060917,0.9631521181122796
2020-12-21,0.7525452086888869,1.9219121567708726,1.081485106725393,1.030802703996222,0.8546473204900153,0.9597274545440865
2020-12-22,0.7552297151563991,1.9180403103963954,1.0682724590083892,1.0214608623914065,0.848196315144597,0.9532408352631963
2020-12-23,0.771481046629521,1.907772799847114,1.073609624670134,1.0222159885922038,0.8576496702626404,0.9484137335746796
2020-12-24,0.7754743129384543,1.8949527061083435,1.0718089940158946,1.0186853193123837,0.858537376093634,0.941116973360913
2020-12-25,0.7754743129384543,1.8949527061083435,1.0718089940158946,1.0186853193123837,0.858537376093634,0.941116973360913
2020-12-28,0.7847059289799148,1.856763624745406,1.0680689701168375,1.0094249092828147,0.8539691865557981,0.9246504007396753
2020-12-29,0.7912151820469674,1.8925362029533652,1.0729370536966674,1.018157384450518,0.8588979106234218,0.9394410918271051
2020-12-30,0.7914389216844686,1.8979496185131677,1.0796223054956864,1.0233932422905572,0.8660215870828072,0.9429705401991841
2020-12-31,0.7994795622493048,1.9211467230274846,1.0837008878422807,1.0298584747928108,0.8697389691794681,0.9539163958184184
2021-01-01,0.7994795622493048,1.9211467230274846,1.0837008878422807,1.0298584747928108,0.8697389691794681,0.9539163958184184
2021-01-04,0.7940288254221709,1.9456253396843897,1.1054203008670895,1.0487978579336363,0.8744906639712774,0.9697410073698752
2021-01-05,0.8166452188261113,2.017872229042778,1.126166776275475,1.0714365702517263,0.8928322930891535,0.9963390422628986
2021-01-06,0.8073782473989918,2.0107874800628895,1.111859502351763,1.0597097339870405,0.8917214509652274,0.9897281299340279
2021-01-07,0.8097268558972739,2.0177056697188975,1.1162900615219788,1.0637593918337875,0.893554272442892,0.9939093178488008
2021-01-08,0.7912712044699246,1.9815970927433841,1.0739128196091174,1.0291478577031048,0.8879429257899105,0.9644802874021875
2021-01-11,0.7956255359473188,1.997276218852938,1.0856264607287949,1.0393851519676656,0.881254011230663,0.9756806333011434
2021-01-12,0.7972621878325902,2.011578444189998,1.0895953382388257,1.0436510180204805,0.8941870613768905,0.9808336356676403
2021-01-13,0.7960200314725343,2.0055022456616047,1.0908881796422891,1.043391418636552,0.8972924606172171,0.978985448899138
2021-01-14,0.7990297848035258,2.007961739220392,1.0919104826228487,1.0426178342522323,0.9041048777975915,0.9768716000198296
2021-01-15,0.8055972911032119,1.9744421825474052,1.073183114798724,1.0284016069197217,0.8957372221461546,0.965980093482512
2021-01-18,0.8035387276102292,1.9697340430402441,1.0717588129881124,1.0268013840237364,0.8950777122664006,0.964451643967508
2021-01-19,0.8054317973554334,1.9733762205827166,1.0776169243641152,1.0273409787620706,0.8942089037872748,0.9584283809737961
2021-01-20,0.7994434988550924,1.9887647808164228,1.089765813145871,1.0371927939347239,0.8981938433548387,0.966133903489799
2021-01-21,0.8000402498388969,1.9838440621929152,1.0887834445524263,1.034986350667499,0.8988883585018919,0.9623772816678247
2021-01-22,0.7973055606591773,1.960061127477061,1.0785117551428798,1.024470899838492,0.8898738210989886,0.951051296987288
2021-01-25,0.805844987730616,1.9898724146323565,1.085499451960732,1.0353861245526008,0.8960003686235911,0.9674591627375415
2021-01-26,0.8074599040968429,1.9953259616360115,1.0871137000040982,1.0380120567261757,0.9013649557979793,0.9725506134350915
2021-01-27,0.8125600680594213,1.999038356417368,1.0872800336635233,1.0407303079405816,0.896459329369365,0.9794248465486051
2021-01-28,0.807632042432626,1.996324757918863,1.0887972117399352,1.0398900082713372,0.8931959948726863,0.978924691611669
2021-01-29,0.7946868149956189,2.0109391595529025,1.0998898331823415,1.0462477925741416,0.8955632438907982,0.9818607432655603
2021-02-01,0.7948202225784193,2.0941324696008117,1.1465103022931198,1.090553264365512,0.9100047127728565,1.039656209930243
2021-02-02,0.8310592951075527,2.131981514729116,1.1121478295471894,1.070176195273563,0.9064625915899298,1.0135356092511574
2021-02-03,0.8306209043333952,2.1527925227806413,1.120009320184403,1.0767915988692185,0.9122915703383798,1.0177595818815757
2021-02-04,0.8408977000433003,2.1596118289741715,1.1078415591130104,1.0705416500933236,0.9145921065910458,1.0205279987081777
2021-02-05,0.8415906267009927,2.177958531745432,1.1219861580436592,1.0806940180144868,0.9221081690571729,1.0271381092248766
2021-02-08,0.8473765252473312,2.218813029525369,1.1393235262897659,1.0972473680950783,0.9328006243422622,1.0424115518675667
2021-02-09,0.8528199455034077,2.230768655679558,1.1388323905578344,1.097881614691316,0.936603211904559,1.0393069002709094
2021-02-10,0.8598784839003693,2.2464288872727654,1.1408686293359402,1.1028365096701493,0.9388700375164889,1.0455066659754761
2021-02-11,0.852842344986421,2.2345183880748647,1.1334607392684417,1.094973351921713,0.9396745405957292,1.0377359186116029
2021-02-12,0.8576665822092088,2.27758973038545,1.1420636980971421,1.1051710389906144,0.9469847093259592,1.0493293217219222
2021-02-15,0.85570553839205,2.3054385439497485,1.1454526156505342,1.1101051530643045,0.9480934287877613,1.053041571680844
2021-02-16,0.8464601362144334,2.307316769288861,1.1464600542550838,1.1143995532607724,0.9607740290548245,1.0693517688716345
2021-02-17,0.8359563658650354,2.334434687598582,1.1456337154219849,1.1170701456946912,0.9617990267759078,1.077185936663616
2021-02-18,0.8379735727270099,2.3272304765486194,1.1377695376113435,1.1081794016664335,0.9655769778160148,1.0619562378270802
2021-02-19,0.8452594951700113,2.3042214717978786,1.1361763192595316,1.1035428049243987,0.9712073209613883,1.0586994590785752
2021-02-22,0.8352986994549364,2.37827064390635,1.1590744935930442,1.1249528771793391,0.9851621939932166,1.0712846638934233
2021-02-23,0.8313007495224393,2.3815510563474502,1.15205678602178,1.1192276511478105,0.9827430166356563,1.060977119418695
2021-02-24,0.820406135644897,2.427802708258408,1.157109694664973,1.1263030990721112,0.9953411932306566,1.0660474383804437
2021-02-25,0.8172997198216618,2.418532854889645,1.1468324355127717,1.1172179855282696,0.9918858896197249,1.0580281732467627
2021-02-26,0.8197029747166387,2.3858054333300696,1.117212114547991,1.0932004231836108,0.9686092548236768,1.0356836807029102
2021-03-01,0.8272581502596958,2.3722115369436043,1.1157248303548528,1.089634149052899,0.9668448022046712,1.0347550866145345
2021-03-02,0.8374652032732783,2.365168775993983,1.1195417310364202,1.0915269631484525,0.9725095857276643,1.0400828584737376
2021-03-03,0.8226279261472504,2.3705233068316027,1.1134054481078444,1.0900175875230715,0.9647172009162379,1.03616653181996
2021-03-04,0.7960868359731225,2.3925410330852213,1.1061815337217202,1.0904035925667594,0.9561723386691643,1.0291874380293626
2021-03-05,0.7799414162539465,2.4216124373942027,1.1111184853855698,1.0991298734992856,0.9628952866067874,1.0330296994920063
2021-03-08,0.7725709220075027,2.389317422849379,1.0998882113696054,1.0862980464646521,0.9601298663092009,1.0220112971333786
2021-03-09,0.7803156093776917,2.413847852477386,1.1190125393418666,1.0996626819669433,0.958752911242008,1.0342704458721632
2021-03-10,0.7826774269668698,2.4263348924797503,1.122197176339562,1.1039966691724756,0.9605129157891615,1.0387897400625221
2021-03-11,0.7801218848018013,2.4489774741293435,1.1282964898729335,1.1115297162606697,0.9721695384744989,1.0439022329659495
2021-03-12,0.775188425575983,2.4325827646420786,1.1203802874960813,1.1031045831024688,0.9687915965845788,1.0324720475393765
2021-03-15,0.7734746819629047,2.418009773977166,1.1217074895610928,1.0999385884571,0.9695180906974178,1.0247868921722674
2021-03-16,0.7758984920342209,2.423681324759203,1.1204869316304702,1.1008138511971644,0.9689484884149444,1.0285163120170662
2021-03-17,0.7802591835046261,2.4088912388543298,1.1173568925250457,1.0964427169650954,0.9659220948386544,1.0236614924806353
2021-03-18,0.8150687108590748,2.328878060018654,1.1040330566095407,1.074812732727089,0.9491679381191032,1.004753491493232
2021-03-19,0.8036133179277799,2.361640740574098,1.1130685363890267,1.0859757444247036,0.9548324891910361,1.0163100886632714
2021-03-22,0.8043800642349215,2.369845751694195,1.108067956191128,1.0843304435349526,0.9554274409805463,1.015482695829544
2021-03-23,0.8356915759098589,2.311366064228657,1.0818010034266736,1.0559184486883522,0.9401139208947822,0.9859704956947013
2021-03-24,0.8094774041856093,2.3146831943241675,1.0978924454437071,1.0736867206495642,0.9488681123579423,1.0027391017756113
2021-03-25,0.8260720119526135,2.310593215755057,1.0868119718408902,1.064376799678123,0.9347425357696305,0.9954421241439267
2021-03-26,0.8112352432539055,2.325051431299774,1.0987137160281815,1.075933808443651,0.9494775205201065,1.00636925622045
2021-03-29,0.8123374115919615,2.3215674683172907,1.0917391549026956,1.0713126718380073,0.9467093363209442,1.0044584031251174
2021-03-30,0.8251344551368406,2.2861478455894093,1.0723548862147172,1.053538364946064,0.9347637136562416,0.9877338527488908
2021-03-31,0.8295483967917844,2.306538491083745,1.0826146269962351,1.0616687374895846,0.9399755307284334,0.9924383292286291
2021-04-01,0.8084516956926352,2.3391619761012126,1.0997919491584651,1.0782037260642792,0.9442209651906229,1.0098363220147295
2021-04-02,0.8084516956926352,2.3391619761012126,1.0997919491584651,1.0782037260642792,0.9442209651906229,1.0098363220147295
2021-04-05,0.8229788941919731,2.301017094112264,1.0835921669309188,1.0600761102523977,0.9376095563219502,0.9853570841181611
2021-04-06,0.8144829655900786,2.304746530618859,1.0926883119528568,1.0662336946921984,0.9485416674958922,0.9887824587415013
2021-04-07,0.8130337567045484,2.318532551438304,1.0966017361971079,1.0715171601299063,0.9502173478527046,0.9969101335193676
2021-04-08,0.8085181996084007,2.335310260855854,1.1052796942618086,1.0792348246819305,0.9572277465996516,1.002978465950255
2021-04-09,0.8135684444310259,2.3223711698858645,1.0978435587946005,1.0727399230763541,0.9537699221573317,0.9978992559776001
2021-04-12,0.8166031975685645,2.3189049529574164,1.091853918575749,1.0689892083047945,0.9462626501494154,0.9964267154106257
2021-04-13,0.8076213883935909,2.345154558766973,1.1060346580703437,1.082615201658371,0.9535031027080871,1.0113633117858412
2021-04-14,0.7955429592631577,2.379217568807697,1.1145517871881154,1.0898946759255723,0.9707386955097924,1.022172085326609
2021-04-15,0.785932540559945,2.406417937019026,1.130937669473675,1.1060061709437752,0.9786903123179983,1.0363005034566743
2021-04-16,0.7840187241700806,2.4080936675501343,1.1365629485887072,1.1119081599536673,0.9761602851218493,1.0411883085009188
2021-04-19,0.7892919886914915,2.4109440120180388,1.134406561864713,1.1124175887180767,0.9794571852795791,1.0449041488212276
2021-04-20,0.7906620570439497,2.4038694977571216,1.1340897435903534,1.1116786267889471,0.9791886215644302,1.0420979815838776
2021-04-21,0.7885907792005293,2.3951412674927983,1.1408377615389595,1.115265188471249,0.9827440471679197,1.0433678595134892
2021-04-22,0.7910733286448342,2.3908186120178385,1.1358562122400937,1.1133221953358485,0.987283535699261,1.0438212064404568
2021-04-23,0.7898609301898082,2.398151356344795,1.1353816416888585,1.1124111175883096,0.9955042218311981,1.0432115149759662
2021-04-26,0.7886477519904932,2.3941062947685383,1.1380528207005987,1.1166424984741892,1.008802713644837,1.0487572872281026
2021-04-27,0.7823656999493827,2.41452953142048,1.1458015626244582,1.1265484223282145,1.0173036053738211,1.0614827313893385
2021-04-28,0.7833067324815995,2.4190136882583673,1.1455587592691339,1.1277224795578313,1.0176916330659276,1.0656153373150676
2021-04-29,0.781294221458707,2.427407064853764,1.146549415970528,1.1264729805518912,1.016283265209851,1.0651705822481479
2021-04-30,0.783975656870075,2.412711870390324,1.1399996515600463,1.1218165667348317,1.0170498996276889,1.059614878725049
2021-05-03,0.7712452949362696,2.4606524898840925,1.1634223878512382,1.1443499987034695,1.022358871039229,1.0806647869229844
2021-05-04,0.7714927287934116,2.4529571196626287,1.1592374496060418,1.1397867606717182,1.029370245389582,1.0797079891811383
2021-05-05,0.7697137435735983,2.455625289220127,1.1604590082230193,1.1399357907798018,1.0373176718046515,1.0782458214541655
2021-05-06,0.7607537500832596,2.490170741869645,1.1769638424916995,1.1551763164250883,1.0475364364287463,1.0883797965728672
2021-05-07,0.759698230875953,2.5050013756724994,1.183166628205102,1.1620029702989105,1.0563995400778825,1.0942649389412171
2021-05-10,0.7585182343067076,2.5057221050563814,1.1843651190475009,1.1620821234030334,1.0505259479678857,1.093092494685976
2021-05-11,0.7563423576092142,2.5135857170577256,1.1875806720180049,1.1657324891885796,1.0563252266007612,1.097687265930489
2021-05-12,0.7538350763161883,2.5049954903012575,1.182271128425498,1.1613628973996795,1.0536419003370143,1.095821625491101
2021-05-13,0.7660089840136987,2.489627738837756,1.1726106751643655,1.154111038113792,1.0308523929500928,1.085630066417051
2021-05-14,0.7532381528634883,2.5093543529405844,1.1856740568360422,1.1642442278828107,1.0314300093718975,1.0963586480777028
2021-05-17,0.7402795636251125,2.574568189389346,1.2122972516888744,1.1945472712795633,1.0457240002111217,1.1265169315659185
2021-05-18,0.7472128628754883,2.5574866217590317,1.2069922296116868,1.1856562080822965,1.0482979284767096,1.1153554173205138
2021-05-19,0.7613107130026778,2.5386319304031146,1.1981281455765447,1.1768365459459649,1.0279298288054772,1.1016008379270184
2021-05-20,0.7697966618380419,2.5232936507415578,1.1915263035640946,1.1698996701528888,1.0243628165682808,1.0920857119759484
2021-05-21,0.7671995765474051,2.513181693851601,1.188098226981482,1.165446626338441,1.0220196731338203,1.089484832423644
2021-05-24,0.760203468863309,2.532891592085248,1.201864175415048,1.175402672040093,1.0261017910919041,1.1012065599459462
2021-05-25,0.757978959077246,2.549480349634431,1.2090994011801055,1.1831105698881699,1.0261834205757265,1.107993473824683
2021-05-26,0.7561729690104735,2.5649444103612855,1.211411967773738,1.188357663005636,1.0305748046673573,1.1143557942725537
2021-05-27,0.7572456224520288,2.554605921271561,1.2103404419272177,1.183952429941331,1.0442308173349844,1.110181757152555
2021-05-28,0.7563497922614667,2.5661300385750145,1.2147914729903104,1.1890586059640882,1.0465519766899687,1.115301594676829
2021-05-31,0.7541249496496174,2.571110089104387,1.2170199674568412,1.1906445943209107,1.0469500449121283,1.1177408478280402
2021-06-01,0.7487297760711239,2.6048926138635875,1.2255929280554683,1.2022692732627593,1.058600048095836,1.1333440864682978
2021-06-02,0.7465500000900067,2.6189491786313406,1.2311187503067738,1.2055250211777582,1.059696882658179,1.1368617449368503
2021-06-03,0.7592839847204892,2.5866283416215783,1.211133230284015,1.18551928356506,1.045309800272894,1.120838239653848
2021-06-04,0.7504638832241373,2.6166629816257876,1.225314297641433,1.2001729545148707,1.057329763274717,1.1353178129024697
2021-06-07,0.7485427458394374,2.613584874864363,1.2262218364630686,1.2003866954828917,1.05416988007287,1.1334635209659243
2021-06-08,0.7488740087510426,2.6220409584083946,1.2263980561172338,1.2023828680892508,1.0601494131788185,1.1381990789680756
2021-06-09,0.745961311448356,2.628098543464748,1.2298924724495819,1.2054650799358666,1.0603269596943063,1.1412583931528533
2021-06-10,0.7447764237522199,2.634806849592259,1.232242708892517,1.208171189296446,1.0629392348049072,1.1446779307495842
2021-06-11,0.7470691752549379,2.6470524201654544,1.2344345429347923,1.2156146970899644,1.063938428187384,1.1573458148893698
2021-06-14,0.7504283646966629,2.642953092799244,1.231738583617654,1.2149805010498171,1.059228184607154,1.1597537045263342
2021-06-15,0.7527382811365733,2.6503096877595937,1.22538538772652,1.2047246741190631,1.0479923383285892,1.149526473873437
2021-06-16,0.7501542240611447,2.6617299275709514,1.2299634374826451,1.209148691561631,1.0474253391557626,1.1540736959355171
2021-06-17,0.7850452544608637,2.5785417550759187,1.1776232436543133,1.1628164997958768,1.0111830880224637,1.1154002877319273
2021-06-18,0.7852869398980709,2.5774182007878728,1.1775971389804667,1.1614737229652163,1.0166984033853739,1.1141911481968818
2021-06-21,0.7834321267184247,2.596314687792132,1.1862018508790881,1.1687098298994374,1.022075066924747,1.1201109367985644
2021-06-22,0.7828530575034472,2.5949161513403127,1.1845055804948392,1.170223366557077,1.0241569913296311,1.1229989466293453
2021-06-23,0.7769400926383396,2.6161327397701966,1.1929585114126187,1.1805920751923389,1.0320324308551534,1.1345899364279488
2021-06-24,0.777276472354153,2.623549809013644,1.1941406534909027,1.185235534120657,1.0329901736220284,1.1414262788665386
2021-06-25,0.7785257750278981,2.6393214893964756,1.1993935713427966,1.1931286866249848,1.0355228165010502,1.1509080858031506
2021-06-28,0.7754547905608169,2.6430034296767326,1.2005044858577114,1.1970510781090689,1.0413971813678382,1.15707061960721
2021-06-29,0.7839170116827782,2.6287509168509113,1.192601002300064,1.1922003463357087,1.0429259138440894,1.1537253581129496
2021-06-30,0.7803832687872966,2.645211905501521,1.200342881119843,1.1996417608267629,1.0522564062076483,1.1613356740111385
2021-07-01,0.7748834513004057,2.654476991291128,1.2051842832961999,1.2054638364013326,1.0507206271483673,1.166733939502892
2021-07-02,0.7701551639442995,2.6746393857269104,1.2141868267324119,1.2145929218771272,1.0537965001393177,1.176650288412272
2021-07-05,0.7655051953489125,2.6833780829776037,1.2174884288374301,1.218404778558849,1.0550103915619164,1.180464821162704
2021-07-06,0.7739999441824504,2.6563456478654497,1.2063352548813207,1.2040989246487042,1.035984362137412,1.1635811778701308
2021-07-07,0.7766133471711877,2.657291048378552,1.20318183999869,1.1989271108491313,1.033940151607267,1.1567724619182491
2021-07-08,0.7786576002815458,2.671621575786022,1.2059932112500125,1.2055280411392846,1.032630906590455,1.16497974342179
2021-07-09,0.7698680822089329,2.682866409722354,1.216515018004856,1.2151776863387784,1.0436734081536476,1.1739385778268951
2021-07-12,0.7732938582518979,2.6765004888145527,1.216069787705082,1.2171257454428803,1.0500299150897001,1.1777114466380723
2021-07-13,0.7657279734088552,2.6766546147016776,1.2190505921303645,1.219063772691189,1.0533482479587726,1.1783069484635973
2021-07-14,0.7712630686492312,2.6617686018175104,1.2183098230732932,1.2155315335340922,1.0542373770493496,1.1727134287631416
2021-07-15,0.7743834247378992,2.6420901758731152,1.2152409948067595,1.2101336559859681,1.0552045812168716,1.1660216493066542
2021-07-16,0.7807211163608005,2.669056511258649,1.2061167381874947,1.2048578555150413,1.0574403936185026,1.162477448704972
2021-07-19,0.8135386469084116,2.7470018485320744,1.1824452785931054,1.184636713271123,1.0301688752826845,1.1429040780860382
2021-07-20,0.8123254047419224,2.742813739408512,1.1864411863180118,1.191898807709967,1.0437931724901586,1.1518215153870697
2021-07-21,0.7937114656823843,2.672708547693333,1.2000560807828284,1.207568289926361,1.0575452141249402,1.1717795794751504
2021-07-22,0.7866087715871232,2.6568129376413316,1.2087704612944639,1.2170622377151885,1.0707786152214602,1.1831251268769414
2021-07-23,0.7885893745517178,2.646358072809277,1.208512048510427,1.218976383568702,1.0715020148560206,1.1862830941637184
2021-07-26,0.7871377016350515,2.639420324985053,1.2113491640504241,1.222974045879083,1.0862574056936622,1.1915667866646469
2021-07-27,0.7908783052780155,2.6501200529436373,1.1996567059198386,1.2082911813709096,1.0772798223574025,1.1741970636506773
2021-07-28,0.7895065988093077,2.642314203289008,1.2055462687795098,1.2158640875288627,1.0811206323440756,1.1834177993529778
2021-07-29,0.776179713377594,2.57275732367978,1.2330974123181717,1.2434839797134793,1.0921957378371177,1.211350718139482
2021-07-30,0.773710722519752,2.628606134072385,1.2216926692108478,1.2286846887264116,1.078981529762179,1.1957810552717971
2021-08-02,0.7837578105451499,2.646359834912815,1.2155470722684687,1.2234044313175116,1.0767894755100356,1.1885510089834215
2021-08-03,0.788789786732509,2.631240924672502,1.2141008254824384,1.2248898904699044,1.0739748616988545,1.1923259213562594
2021-08-04,0.7989247866436182,2.6265499385052826,1.2090978706844526,1.2241977730402365,1.0664950948943768,1.1923415615996606
2021-08-05,0.7966936032839079,2.615043124340201,1.2081615330944004,1.2228357281048894,1.0705507128877199,1.1919913202432688
2021-08-06,0.8122941032416585,2.565964332100983,1.1805293266860895,1.1976852359542687,1.06276817910081,1.17060221256333
2021-08-09,0.8303727547725539,2.5361013961581826,1.1485030732738102,1.166318128384626,1.04865165604818,1.139301348664054
2021-08-10,0.8204812811350106,2.5284784237593696,1.1578811151213357,1.1759875425549884,1.0641277666387448,1.15026100584274
2021-08-11,0.8125235231692621,2.5463271000735803,1.1674735802498646,1.1837038876696488,1.0728408968424963,1.1561734641240935
2021-08-12,0.8163098448057974,2.553891370092461,1.158596636268961,1.1716298002144558,1.0746972561470414,1.141908343684546
2021-08-13,0.8093089094247258,2.596528876088735,1.1706217983124205,1.1793457029664522,1.0792992145364488,1.1462429030010977
2021-08-16,0.811707738570304,2.6179638668869223,1.17256562415913,1.183464836601083,1.0765126773789495,1.1500940576641723
2021-08-17,0.8149510239744401,2.61133522026584,1.165747572224657,1.1736139297515242,1.065492459896058,1.1382672030072798
2021-08-18,0.8219859643917465,2.6079046148776217,1.1593180827136298,1.1681317947456884,1.060539945651931,1.132732501150497
2021-08-19,0.8318333198662111,2.6149780672808767,1.149494289908935,1.1579416061502474,1.0422160696080656,1.1211449113309597
2021-08-20,0.838977070321564,2.627270985376889,1.1441588446145217,1.1534410542981504,1.0369809753755637,1.1160301525274867
2021-08-23,0.815587325252126,2.616635237143784,1.1731478264014137,1.183388401817851,1.0557778586677502,1.1482215175037858
2021-08-24,0.8048833173025057,2.5998021145974297,1.1837134432336114,1.1914696933940288,1.0677075235447164,1.157402672274598
2021-08-25,0.8027876367546364,2.573861140507578,1.1814168622131234,1.1896899880943075,1.074349665664332,1.1581990195251382
2021-08-26,0.7878974275437269,2.585492330655278,1.1833517628353558,1.201907664005466,1.0713974467109049,1.172731767429272
2021-08-27,0.769641769775704,2.5690373899122942,1.2074997889916037,1.22934569143405,1.0846318508679085,1.2028362572949447
2021-08-30,0.7709404810422527,2.5939254152092555,1.2044427920069178,1.2243103413062433,1.0853732498158848,1.197579011950507
2021-08-31,0.7701365437032542,2.566393051100018,1.2065461007927483,1.2282266684288035,1.0814529776582524,1.2018997597489707
2021-09-01,0.76418400947633,2.459578908019794,1.2143961536421308,1.2419014197738287,1.0783677708647015,1.2203841917069163
2021-09-02,0.7602294138423967,2.4404721031897103,1.21484618021747,1.2431039969736222,1.085265867605402,1.2236843807426478
2021-09-03,0.7524670559851508,2.4206161566019095,1.2333166429066489,1.2618156850509954,1.091012422791406,1.2416465395536482
2021-09-06,0.7542567093274121,2.421026515347714,1.2318891249472332,1.2604618742114002,1.0907705292797127,1.2399331358652117
2021-09-07,0.7663950135533418,2.4769597144155333,1.210668207730055,1.2371467627136485,1.080337064130294,1.2168772574806201
2021-09-08,0.7568791457527492,2.3759842861222347,1.2164012765809349,1.2522111416977604,1.0818766652728702,1.2389719668613295
2021-09-09,0.7574520399448057,2.3356523678363605,1.2185220242480719,1.2566447431927723,1.080606308734197,1.2441986596394845
2021-09-10,0.7547180704574711,2.3764319202646345,1.2157688137926046,1.2518897078712246,1.0853097412473496,1.23990077646399
2021-09-13,0.7517049310853015,2.2957255042478235,1.2234743239121217,1.263985266115713,1.0825189696023279,1.259802378001625
2021-09-14,0.7487824272270236,2.295762645039089,1.22940175942811,1.270390061551343,1.0814202813064164,1.2653567134677057
2021-09-15,0.7457423508713223,2.246225551123494,1.235265374684411,1.2779843603150425,1.094328287976786,1.2821449164934309
2021-09-16,0.7543414976820277,2.238702609931777,1.2082432469519406,1.2494858213703952,1.0849905756701177,1.2553071914017195
2021-09-17,0.7549287414515128,2.2600480070478755,1.1945770180845003,1.233119686226691,1.078257316868285,1.233142367487996
2021-09-20,0.7589982623887331,2.2813622345337676,1.1892149140314836,1.2268979360130956,1.059104155718552,1.2204027977652772
2021-09-21,0.746103938759671,2.309423285637437,1.196889829641282,1.2315435258965228,1.0599625126175956,1.2193042731023562
2021-09-22,0.7364612134458428,2.29650951944181,1.2073367512123372,1.2409963288257704,1.0767522490815802,1.2308899764801609
2021-09-23,0.7415933298309717,2.2553245741587715,1.2028815173762002,1.2384876392991255,1.0868921531978681,1.238086926196032
2021-09-24,0.7436132983829481,2.23456877690367,1.2061992649570603,1.2441178525245662,1.092238621377669,1.248548982302413
2021-09-27,0.7525034655166577,2.1807648300229423,1.2264389370990916,1.2710981675909059,1.102557379994483,1.2924195073343439
2021-09-28,0.7592522108883539,2.1557506845583685,1.2199509670785478,1.2659137295839331,1.102244587719289,1.2924236283993575
2021-09-29,0.7601139948561967,2.1766050079530803,1.1925861809162053,1.2356117062934777,1.0938156585673584,1.251538241632025
2021-09-30,0.7658652278444376,2.1832127504250303,1.2182981978136385,1.2645836609262673,1.1000027385816098,1.287752361478611
2021-10-01,0.752342160829385,2.203999492925039,1.2244327536883384,1.2680990020126215,1.1101403506625773,1.2855707035946742
2021-10-04,0.7476564523497131,2.185773475234346,1.2380096381897967,1.2828802418963043,1.1174377086471527,1.3051962133930934
2021-10-05,0.7569300475654424,2.1234518020781494,1.249920223683842,1.299098221295623,1.1251014801484363,1.3395306804438616
2021-10-06,0.7503853788456459,2.207705090912018,1.2332949917081377,1.278492810449336,1.1141892955621513,1.298832205236967
2021-10-07,0.7450795464308492,2.1959761771224064,1.2370862898766501,1.2821169637748926,1.1241879319497545,1.303730969715234
2021-10-08,0.7397410972603411,2.1988342245187904,1.2364476135434166,1.2808334720025136,1.1344014095483794,1.2994063525531776
2021-10-11,0.7297360214029304,2.199851127627771,1.2349488355868468,1.2782972592002855,1.136483422403647,1.2905853178833069
2021-10-12,0.7344325555506925,2.194475243233918,1.2364883278197176,1.2806716279275023,1.1331160171726216,1.297889007474511
2021-10-13,0.7348942651519056,2.22976917391649,1.2578026740634884,1.3018416992756356,1.136882726779082,1.3179591220664988
2021-10-14,0.7300251148519938,2.2136721874582643,1.2676819663276602,1.3121678425868202,1.1520025259497988,1.3318716463836189
2021-10-15,0.7269994906223098,2.2161432626250837,1.2539617014141078,1.2978491876239167,1.1636423648255143,1.3117756965383767
2021-10-18,0.734559171649181,2.2771214096757277,1.2416821962793367,1.2835210854053658,1.156156830412812,1.282542246607129
2021-10-19,0.7255820336013392,2.2598302164424457,1.2563291245721757,1.2982174042768793,1.1538186674741526,1.3011904552308164
2021-10-20,0.7170448697925267,2.2566611747964975,1.2726143420696692,1.3145529654146384,1.1651543376674618,1.3195283940483853
2021-10-21,0.7258354847387194,2.2572506000228914,1.2629933526729635,1.304324000370854,1.144077962419341,1.3071161691025528
2021-10-22,0.7154377720752564,2.237388268889251,1.2777583899825908,1.3198871650169375,1.1482297925167186,1.327599190173282
2021-10-25,0.6970739820339378,2.1062174790520993,1.2976878425080132,1.3421529402925012,1.1641207919915875,1.3721474268949005
2021-10-26,0.6986731073273483,2.1105363238595483,1.2874514519605051,1.3327800546209074,1.1603393849745693,1.363244730011235
2021-10-27,0.700713503479025,2.0722640141828443,1.2910986366183899,1.335601669208681,1.1504253030312102,1.3770715404718188
2021-10-28,0.7022223577930752,2.142874925575954,1.282859216188219,1.3265931095813346,1.1543896270533236,1.3526758611587892
2021-10-29,0.7082003541612293,2.1862492539659413,1.2677785093250091,1.3113057722428743,1.147737957146031,1.3261243738211093
2021-11-01,0.7046863189839019,2.216799685549278,1.2714095879554685,1.31551599082947,1.157435838397292,1.3193175011714788
2021-11-02,0.7068496967908026,2.17515129977923,1.269375361142634,1.313695979419333,1.1536405387894855,1.3331120435548103
2021-11-03,0.7220874171376954,2.139859494538107,1.251522358546319,1.2938989731462438,1.1425048317897646,1.3213977146488733
2021-11-04,0.7184374833601394,2.175108408261245,1.2666017506630944,1.307790382025816,1.1369435875705847,1.333437358753688
2021-11-05,0.7041534407933598,2.2025494323955486,1.28060703402805,1.3231797087960007,1.1394933868088666,1.338663938397132
2021-11-08,0.6976927155282664,2.2224096826903574,1.28980999990446,1.3325962401812665,1.1444875664976082,1.3434208907948675
2021-11-09,0.6894897847049032,2.241384786163638,1.282545477515064,1.3265639810108163,1.1448307342669157,1.318557307762419
2021-11-10,0.6916405471071293,2.2725274190260096,1.285160410109281,1.3278699568806025,1.1443290561901192,1.312984640217041
2021-11-11,0.6869676337400991,2.2876565663981063,1.3041838520546651,1.3465222794348528,1.15729741472529,1.3418533639586274
2021-11-12,0.688315671008817,2.3097988795135755,1.2958487987698528,1.338120352456779,1.1578485825467455,1.3170682373321678
2021-11-15,0.6911827363149498,2.299011092158105,1.297148684399805,1.339178151900904,1.1577289687763836,1.328771117616586
2021-11-16,0.6915688183107427,2.28157039832623,1.29604629213231,1.3382196571592808,1.156075158174881,1.3365127201812388
2021-11-17,0.707694366583432,2.3240793740527153,1.2889305627599883,1.3292859875667282,1.1514111375438856,1.3103697559591791
2021-11-18,0.6991825163597698,2.3040256152192207,1.2880480399410688,1.3294780245364577,1.1500953754410361,1.3152240351229119
2021-11-19,0.7144946657888422,2.318824260501032,1.2794746304724784,1.3180918626988587,1.149453906752614,1.3133575221002622
2021-11-22,0.7170253667948295,2.2865366770597246,1.2558525369251663,1.296408925388514,1.152528118116813,1.2844862720656274
2021-11-23,0.7038809399117838,2.230281983205905,1.249876463327522,1.2938277799068474,1.1581121725149166,1.2913898713572676
2021-11-24,0.7036991891991122,2.230677612387759,1.252774509371298,1.2964615477405315,1.1617637306484139,1.298480339180532
2021-11-25,0.7039347016241033,2.23119793411225,1.2526337652719766,1.2962766267775592,1.1612123682302686,1.2983064200351824
2021-11-26,0.7571358526166544,2.3337853190517825,1.2253666476174323,1.2590371038348926,1.1205298326630542,1.2797815573379825
2021-11-29,0.7639250827435144,2.3425816107741655,1.210816195967569,1.2446318864190449,1.1153056558677907,1.242156287796999
2021-11-30,0.7773784612733579,2.3719704571032953,1.1914713559463082,1.2257197424323139,1.0898371649216771,1.2096706683659577
2021-12-01,0.7860989942929067,2.3791940348503116,1.1788241852083483,1.2139195348293588,1.087881330716984,1.1826370858102084
2021-12-02,0.7794875040312876,2.3513434525910073,1.1701447016818192,1.2047857887406523,1.091604085602302,1.1681510330908913
2021-12-03,0.7817400768285323,2.365716455076838,1.181296861247947,1.2163914171977388,1.0941949019046853,1.1801873335607231
2021-12-06,0.7750345249372503,2.3133633124229718,1.1763619173939344,1.2117207752264672,1.0984832575646049,1.1562085693955781
2021-12-07,0.7693209875781085,2.299974774022628,1.1908690505989636,1.2258564460044552,1.1078330108874177,1.1737742724704228
2021-12-08,0.7702564443362412,2.2964634556638304,1.1940898702145637,1.228718377916326,1.1160970960063703,1.1825916783497625
2021-12-09,0.7750539009602899,2.2861929022020577,1.181066374335515,1.21563361826098,1.1080599921060417,1.1701291839384718
2021-12-10,0.7764621182695781,2.290846277726719,1.1914170553908618,1.2257434892191714,1.111218007763712,1.1852334478051045
2021-12-13,0.7734613182284509,2.3027782847804046,1.1882739938199494,1.2234999150693475,1.1098681910597146,1.1747098221623495
2021-12-14,0.7753719725608335,2.2854068226051933,1.1743398380082608,1.2091907167761262,1.1033187000460425,1.1603688807298236
2021-12-15,0.7820955287114062,2.268147048191293,1.1689319268473872,1.203036009895699,1.095484640954579,1.159111604386479
2021-12-16,0.7578394800387847,2.318443571895453,1.1948508246939835,1.2303465072362485,1.1164165326731466,1.178942718099692
2021-12-17,0.7579270518991498,2.3283541073246385,1.1903654996780888,1.22672853635464,1.1096800268730975,1.1688698819186105
2021-12-20,0.7703416137270697,2.3107723469472163,1.1813916325400067,1.2175644657770786,1.096514172140459,1.167570985285452
2021-12-21,0.7615191122435488,2.2980926885893465,1.1923876549131462,1.227527916857914,1.1157132083408547,1.1823521470242455
2021-12-22,0.7519579282491634,2.309923622270624,1.2077525066768027,1.2427503163043214,1.1345383388370396,1.2018601034952332
2021-12-23,0.7511260651496049,2.3403627137303653,1.2108741869058166,1.2460326203029126,1.1360728408571232,1.192702691822884
2021-12-24,0.7529266822235783,2.3390606768739293,1.2085171920303464,1.2440484150181021,1.1352987367229948,1.1899348163777255
2021-12-27,0.7322757007040039,2.3217681698870116,1.2259634267971617,1.259307669947291,1.1459388678739135,1.2259525913257248
2021-12-28,0.7299489964616503,2.327991408407494,1.2294405674725233,1.2627944660724593,1.1431585190760039,1.2290635587863161
2021-12-29,0.7312019228590698,2.319857667266749,1.224346681674327,1.25723172780045,1.1482126553885477,1.2234591290610106
2021-12-30,0.7264827841031698,2.343803471169381,1.2218020251478199,1.2554973321236031,1.144370340951637,1.2049238555861896
2021-12-31,0.7277317462516257,2.35229470549387,1.2296912448702801,1.2646736533597052,1.1406943483173957,1.2188755569681489
2022-01-03,0.7314531881266838,2.3100026102364835,1.220218847850996,1.2529772303946642,1.1393607426670864,1.2186736417676716
2022-01-04,0.7319173778521267,2.334717191692537,1.2285112692945492,1.261567455989388,1.1511419273178214,1.2205047506920417
2022-01-05,0.7295503493128859,2.335649950349792,1.2406367536277634,1.2735404806855368,1.155278442942322,1.2403872055048495
2022-01-06,0.7129470946513797,2.294428261635408,1.2180363979139563,1.2484009102366986,1.147152619027126,1.2201782354611272
2022-01-07,0.7153921079395574,2.2967768457498647,1.2258193359045366,1.2565395868222087,1.1535599277986814,1.2319963064778259
2022-01-10,0.7190136711997784,2.2824854853850294,1.2287234065725365,1.2597018211926427,1.147187902697287,1.242462128513777
2022-01-11,0.7145608601094849,2.3017313330048825,1.2532910633815861,1.2835358039154061,1.1695926036279485,1.2746066473376874
2022-01-12,0.7108670031834396,2.2783054322104284,1.28049494443115,1.3101337292302968,1.1880038639802846,1.3308975264720024
2022-01-13,0.7105428249781621,2.3201630281382952,1.263648033850098,1.294533155258849,1.1767379508433968,1.2881082503127166
2022-01-14,0.702051903797555,2.3169696672842286,1.2634891918865265,1.2932391587263692,1.181846784096098,1.289362956614891
2022-01-17,0.6997405486417444,2.3184156111985006,1.2647568744811915,1.2942967674512837,1.1820361401212693,1.2909052568022295
2022-01-18,0.6944195695096446,2.3290483923338114,1.2755338787932544,1.3046514216973153,1.1900912495771943,1.3037363428717696
2022-01-19,0.6953572817854182,2.383049607137072,1.2916506840298096,1.3226081668857528,1.2100839065648186,1.3037121734632053
2022-01-20,0.6986055785906315,2.4074151951516933,1.2916033374836078,1.3232282573632772,1.2157058960238132,1.2914437743117422
2022-01-21,0.695625970526423,2.3780380826012832,1.287252238662111,1.3181481910435349,1.2100945094669233,1.2992781587724236
2022-01-24,0.7024450833942165,2.367867837815156,1.278979210287753,1.3109736712624518,1.1951697158957704,1.29040979224418
2022-01-25,0.6915564027855523,2.3810103107214475,1.2903569829832162,1.3218903967353943,1.205660964221215,1.3029043484010896
2022-01-26,0.6880830235725629,2.3529107124603836,1.2938217998898527,1.3231500875935303,1.2170518381564215,1.322225873772734
2022-01-27,0.7288974712450367,2.119778182959418,1.3175027911899877,1.3416131560410334,1.2291759172279353,1.4511533690394118
2022-01-28,0.734746519292569,2.0683609300025054,1.3209149344930728,1.34072890146032,1.2330168803671737,1.4764217478940964
2022-01-31,0.7308698961657379,2.047407033197229,1.3350547238103765,1.3527533221679506,1.2379584252407034,1.5034904205653328
2022-02-01,0.7308555765728343,2.0685078120044396,1.3366207149451204,1.3557571830042694,1.2489505979569595,1.4980819613710468
2022-02-02,0.7281165560662891,1.9786773282703618,1.3608199245951258,1.373257168223811,1.2604155809002788,1.5621502426484024
2022-02-03,0.7263271967388475,2.047920874916077,1.345368481150327,1.3623507910362003,1.257473884161218,1.518719778023555
2022-02-04,0.7268650511213026,2.1028582359113845,1.3471689971067942,1.366780961558237,1.2621857594742092,1.5056715316328173
2022-02-07,0.7348586415576651,2.1619020336225576,1.3505897043773019,1.3748655803536542,1.2617270056576055,1.4883440857277117
2022-02-08,0.7364742504602068,2.1517851890501674,1.3490973444246803,1.3741170669499658,1.2617813312742985,1.4853260103017745
2022-02-09,0.736399265705494,2.198836722002608,1.3497380389237004,1.377705986405433,1.2765656588140037,1.4715706358363223
2022-02-10,0.7374039865896291,2.208317484161939,1.3508425274784426,1.3794950886624229,1.277362236190295,1.4694724053176285
2022-02-11,0.7472264976728501,2.2310783061938095,1.358933580878422,1.387160220195141,1.2751048792086144,1.478547600448892
2022-02-14,0.7471572339607674,2.218094840712842,1.3889882744347968,1.4150185347848907,1.2831523876115476,1.5234218942787356
2022-02-15,0.7313722264838297,2.1596888100165246,1.370534323784042,1.3956415942806415,1.2742613975772352,1.510071419674887
2022-02-16,0.7389124224692357,2.116181294142485,1.3958446560937277,1.4163997063067384,1.2882443566484219,1.5596985794376015
2022-02-17,0.7471703144244357,2.144486354764467,1.3982507429410433,1.423961233008697,1.288423371075059,1.5437775076614144
2022-02-18,0.7487533633184461,2.1614184700710943,1.3996038085385327,1.4255997591680278,1.2877666911690449,1.5428458025309981
2022-02-21,0.7508450012082676,2.177631419178016,1.4053937085146877,1.4318376173560785,1.2886924909764228,1.550455076046882
2022-02-22,0.7554742281823786,2.1795382114528974,1.4191280418288004,1.4450781253438767,1.30471572069372,1.5689405962418705
2022-02-23,0.755551174481217,2.157080853963958,1.427284239949356,1.451478791285154,1.3082636689452896,1.5843429805181728
2022-02-24,0.7510863216835018,2.1894191734314323,1.4395914130868102,1.4657376891213045,1.3112218657400785,1.593832372232598
2022-02-25,0.7650185877564828,2.199037377192234,1.408128562669295,1.435201425964455,1.2896580402634223,1.5553797763393415
2022-02-28,0.7488588623686414,2.235742337034082,1.4251062409307071,1.4542389748996785,1.3059360357216405,1.5699632309256821
2022-03-01,0.7452673342271746,2.2968293792352767,1.483546076566379,1.513866535113611,1.3503861938565433,1.6410602894311308
2022-03-02,0.7353544517837309,2.3193709845811026,1.4999932387784243,1.5302489431063853,1.3785712732813329,1.6789278695516792
2022-03-03,0.7382108647439154,2.3060633513862663,1.4970288584733469,1.5281356013228613,1.390261103737141,1.669586022372011
2022-03-04,0.7477212525981884,2.344308560205644,1.5464363702779491,1.5759795088565187,1.4321701738839805,1.740658458875372
2022-03-07,0.7419069732181065,2.4022694628827987,1.564529270207327,1.597007766536511,1.478845949594842,1.7489256478666857
2022-03-08,0.7537564475666084,2.504040735905366,1.6035348242197474,1.640801570519869,1.500313644184952,1.7685342441033318
2022-03-09,0.7454688667381668,2.405553041702632,1.5233458795671067,1.558490691142621,1.433903548072625,1.6805322018500215
2022-03-10,0.7552352021283674,2.395904060160376,1.532183732163052,1.568179733029887,1.4244972324565484,1.6931933451706835
2022-03-11,0.7524387530566687,2.4001249509660947,1.5381335754866352,1.5707159193951614,1.437182017150947,1.7099758338009532
2022-03-14,0.7466751872013695,2.340860260696102,1.498136839203401,1.5320836379896228,1.409144963138884,1.6626553912255417
2022-03-15,0.773953182859963,2.3092896001278103,1.4624482527015568,1.498871530351842,1.3848386312153733,1.618620397965006
2022-03-16,0.768498981199275,2.260148968225762,1.4481241734327046,1.4828000775620414,1.3787566930131938,1.6154189620234767
2022-03-17,0.7796831986881919,2.307152839341914,1.5065396434158327,1.5371737016720932,1.4122807853108175,1.6934740803216282
2022-03-18,0.7694720399001342,2.3084989746398183,1.4939235173961543,1.5232508361300123,1.409330632375322,1.6759254986851382
2022-03-21,0.7798639483519416,2.357582175902304,1.521101189760347,1.545745118831266,1.4307747535350082,1.7129680221015318
2022-03-22,0.7677709351224341,2.3099729407531107,1.5193324596241524,1.5415073036653117,1.4257392430391738,1.7287736601606198
2022-03-23,0.7747896196088269,2.35998163926344,1.5474940220782307,1.5666481132623846,1.4633320041586155,1.7640133569922427
2022-03-24,0.7632775208267207,2.3481090588571893,1.5656074764825407,1.5874172820012162,1.4667934913275154,1.7874313245858355
2022-03-25,0.7656535960548785,2.3324154679585454,1.5668521393899906,1.586042976886719,1.4732424284054002,1.8005244043471997
2022-03-28,0.7683672181477643,2.26321827254944,1.5309708204047479,1.5545474493064093,1.443491783001739,1.7540554941048179
2022-03-29,0.7796291414489421,2.245903479068632,1.5037784539713481,1.527916904208056,1.422830905754319,1.7176079923723075
2022-03-30,0.781502289857844,2.260571148568071,1.5331165317138564,1.5550765712967685,1.4512875440952446,1.763585181749563
2022-03-31,0.7918127571984811,2.2215219990578987,1.523821184156223,1.5504945338368252,1.4327683108002318,1.748679492242302
2022-04-01,0.7847500448526169,2.1934054783053716,1.5067025591530725,1.5308875203532502,1.4293224589253524,1.7382673309857537
2022-04-04,0.788697470861515,2.212667217101508,1.518599054700129,1.5406448993315476,1.441785705730537,1.7520043987519824
2022-04-05,0.784012717597218,2.181334483366968,1.5202996920307603,1.541135780821478,1.442281403589993,1.7703963914151595
2022-04-06,0.7836797747627702,2.146226013564373,1.5008104622320255,1.5259940971847579,1.425111477312438,1.7446578078869117
2022-04-07,0.7809431475922592,2.133732801803069,1.5160956232407115,1.5415823252381913,1.42534587868539,1.7747602438522496
2022-04-08,0.7798089202574265,2.1529990224032853,1.5254233392379069,1.5497050551124671,1.4423269272413728,1.7821542255637108
2022-04-11,0.7741390804368411,2.107021302383571,1.5233704827904115,1.550672756197194,1.4347867503472431,1.7929003125482983
2022-04-12,0.763862122964081,2.153147915866002,1.5656807733538438,1.589494218971744,1.4624068892423572,1.8433280203031803
2022-04-13,0.7549829002709432,2.158380319411569,1.5929955167636063,1.6126477961968444,1.482281658047472,1.8907856403867274
2022-04-14,0.7572274238264016,2.141183420237698,1.5993422626693967,1.6140002585378637,1.4917557073579608,1.9156407161535887
2022-04-15,0.7572274238264016,2.141183420237698,1.5993422626693967,1.6140002585378637,1.4917557073579608,1.9156407161535887
2022-04-18,0.7538127858447317,2.135237383170941,1.625260911520794,1.6381281430863683,1.509467382679969,1.9672335740219702
2022-04-19,0.7592366610843911,2.122363131628422,1.5734776265836568,1.5915691754024253,1.4838915530307093,1.8800555232882767
2022-04-20,0.7592794640112892,2.1303741145000767,1.5642434033896808,1.5831877986191556,1.4804041095826614,1.8593135645961103
2022-04-21,0.7684075486738678,2.116075415179581,1.5562240396688463,1.5720582943157342,1.481870624128361,1.8536229338610426
2022-04-22,0.7749643709325041,2.1281880767418166,1.5315840059046228,1.5464941615955896,1.460190342410967,1.8077603091832355
2022-04-25,0.76324699777694,2.0778524874804876,1.498296058960933,1.5166270784838625,1.4316740891105837,1.7788608937476607
2022-04-26,0.7551233904938178,2.0720622301060505,1.510554698641115,1.5269513995529378,1.4470177484536901,1.8017519033791756
2022-04-27,0.7470173464174947,2.0358506556722897,1.512911595505242,1.5304138071793594,1.4579404940304403,1.8253708050312791
2022-04-28,0.7516967955692755,2.0613978644012634,1.5070038452062264,1.5185931569912148,1.4633103335095268,1.8015220349326617
2022-04-29,0.7575798814908609,2.0516681500299003,1.5245218400056406,1.537591852217044,1.4577885652300753,1.8350709129179847
2022-05-02,0.7442675750859693,2.0040579643733727,1.504608166310353,1.517240883765015,1.457596853078892,1.8301093888010909
2022-05-03,0.749095674670377,1.976092860615932,1.509352164717978,1.5295578203851419,1.4455302904259721,1.851638196017311
2022-05-04,0.725396789305634,1.9484633309799448,1.5274931073029672,1.5453885849839015,1.4690501400706284,1.8955220639890096
2022-05-05,0.723158310303407,1.9317798609567998,1.5387851046573813,1.5591619219258268,1.4649601028635484,1.9220699308296851
2022-05-06,0.737918335206711,1.9812921825374763,1.5328946725499972,1.5456159588573493,1.4471032823818273,1.8882797690550757
2022-05-09,0.7702818877106878,2.0157589147970083,1.478807920832346,1.489404351244909,1.402209554678643,1.7838629632970804
2022-05-10,0.7745132611494295,1.9734718972497478,1.4621155655823863,1.4779585454951167,1.3973086856031205,1.7796897581144762
2022-05-11,0.7581519750515581,1.9729078203120443,1.4888210120209528,1.5011338229733453,1.4231884092024278,1.823165545368601
2022-05-12,0.7606312458693296,1.9340345260377478,1.4655781723890524,1.47656790561305,1.4108631283501651,1.8047106123919754
2022-05-13,0.7535550140844371,1.9351795460288623,1.4744795636907975,1.4802406575853924,1.4221387780996375,1.8184497072599803
2022-05-16,0.7531893677383051,1.9372037158170634,1.499075645566247,1.5048368776763084,1.4500305701669745,1.8601270404150323
2022-05-17,0.7577768128311829,1.9192799757816248,1.503945147601093,1.5149373803086068,1.4588270873860476,1.876617328579567
2022-05-18,0.7616057640316206,1.9052577727542026,1.4922293307886692,1.5064117784316717,1.4325040511651155,1.8632221641846893
2022-05-19,0.7471112522151887,1.9320805204965483,1.5154399074901028,1.5271348622060892,1.4520085572690027,1.8867591777975405
2022-05-20,0.7480112027640281,1.9429963304362083,1.5092451197788792,1.518583235614927,1.4489305046931218,1.8712545964220113
2022-05-23,0.7566749769182054,1.9082130363867615,1.5254526026380373,1.5385649015957175,1.4624264261074202,1.9155512292205426
2022-05-24,0.7604509766672876,1.918997018477332,1.53922935304474,1.55346789430972,1.4523911320277796,1.9309985590266794
2022-05-25,0.7545235427949616,1.8985428596898808,1.532904512018407,1.5466308845864059,1.4488171543896504,1.933493684097274
2022-05-26,0.7592142974209312,1.9104782327368566,1.5437399263812426,1.5536578923559634,1.463631613324285,1.9468986481414172
2022-05-27,0.7603074424966322,1.9274643360278243,1.5503663323610677,1.5575488551987418,1.4768258578774944,1.9498537244851115
2022-05-30,0.7590701277889911,1.932427084782972,1.5564912877020796,1.5613163300401156,1.4826728527408335,1.959037586637626
2022-05-31,0.7709263053494566,1.9531536540065906,1.5396692336245217,1.5396227859775142,1.4664819358499201,1.9197189560985566
2022-06-01,0.758636975233777,1.931948417151658,1.5551076061850244,1.5569318250096404,1.4781475887131104,1.9601213261502213
2022-06-02,0.7683418773421102,1.962146666023283,1.5705803012544741,1.5717575017241598,1.4905111691618365,1.9678824715550396
2022-06-03,0.7613319614029366,1.9517088458127418,1.5624685457576841,1.5603609693781935,1.4850526322582311,1.9651798331225394
2022-06-06,0.7590547705923695,1.913298229080413,1.57589239273141,1.5762135187148303,1.5070212093693753,2.0128237407269802
2022-06-07,0.7614556081917174,1.9226531268245142,1.5831678530425617,1.5828155029063373,1.5021913940985419,2.019980324051275
2022-06-08,0.7594428847384743,1.9593934450218382,1.5825688769637802,1.5784568326905464,1.505910887082753,1.9995572688839864
2022-06-09,0.7552231754571178,1.9375495596868808,1.5788575687360793,1.575144597556424,1.4998719002530956,2.005395523404985
2022-06-10,0.7619616440912651,1.9502490179782004,1.5849477912665768,1.5831087895664353,1.482233201071404,2.0035563254519557
2022-06-13,0.7724742405772691,1.9337317573128805,1.552792573321798,1.5479457986416338,1.4565728376325913,1.9638695450454606
2022-06-14,0.787189643711616,1.99212262075682,1.514557221522483,1.5079402704199842,1.4345127144275083,1.8665149775516388
2022-06-15,0.79588544027661,1.9816442093267743,1.5228045973241702,1.5189513532207206,1.43931811826022,1.8830517269128033
2022-06-16,0.7955434891307055,1.9981059284558773,1.5470146860040306,1.5437698867833147,1.4475529819524515,1.909173033318978
2022-06-17,0.8118966035827753,2.0539750216439785,1.5105473322432321,1.5112842894195746,1.4216809488689104,1.8404996588786886
2022-06-20,0.8073828069343418,2.0542829870248966,1.5133828417196131,1.513360373166626,1.4233330241262765,1.8446186156348057
2022-06-21,0.8078291787639349,2.0691564334437795,1.5146380903227963,1.514643521824813,1.420533662390559,1.840818877759518
2022-06-22,0.8084531565465634,2.066099792319182,1.500995184566957,1.502286095485422,1.3998929712559915,1.8249621091637385
2022-06-23,0.8263208792351027,2.134932759196567,1.4737382042971663,1.475872306044458,1.3601452094845352,1.7661167674946188
2022-06-24,0.8252465073886929,2.1281123867166674,1.4834040135186484,1.4837146994093484,1.3566105221552502,1.7786597906682142
2022-06-27,0.8185925292845453,2.1012236997509404,1.4932964346842346,1.49161951252321,1.3564350031997783,1.805758382568879
2022-06-28,0.8105640611446169,2.0894360208393583,1.4950728113270133,1.4908843145164499,1.360873370354956,1.812967672191875
2022-06-29,0.8137106969812608,2.0889407539344664,1.4852323080725565,1.4820114640928743,1.3587581813492038,1.7975983362025059
2022-06-30,0.8276423957353408,2.1496083429857826,1.4487324285741678,1.4477001187723761,1.32238566412742,1.7068163550389572
2022-07-01,0.8182755928764229,2.110235572409222,1.4484153606389703,1.443716840562675,1.3132002238131046,1.7253544989664398
2022-07-04,0.8198174552007113,2.1109892803766335,1.4534575989509808,1.4476696718873285,1.3184397380664474,1.7325153281320795
2022-07-05,0.8187757688351608,2.063847508125566,1.3961171039255276,1.3951680675356435,1.270225903267274,1.6549006264643618
2022-07-06,0.8167283784843272,2.045442116833063,1.3810660311639849,1.3806916652700842,1.262132405342412,1.639927565779278
2022-07-07,0.7808961871742263,2.0156249161621766,1.4115460024157547,1.4062666468292562,1.300139417480148,1.7159621765437456
2022-07-08,0.7816097132566032,2.0314679881509528,1.4149209025594263,1.4090844539215814,1.3099884100386103,1.7095165596047885
2022-07-11,0.7780129475287916,2.0065611629745947,1.4174397032413995,1.409589938275923,1.30577980471977,1.7326354308193617
2022-07-12,0.8057766320714554,2.0014579378353314,1.3853469229303879,1.3832296897703484,1.26666840681063,1.678483286458825
2022-07-13,0.7998501890996137,1.9930472243814759,1.404345959170873,1.4011711456631037,1.271999871628233,1.7224873080228895
2022-07-14,0.7954028575296469,1.9513593424802622,1.3721681444647422,1.3666232728905072,1.2425937688647546,1.6855999493813996
2022-07-15,0.7935109966188739,1.9405077268046869,1.3923017667374646,1.3844581575120587,1.2613914276029623,1.7289412838757743
2022-07-18,0.7839319203262605,1.9292760262543946,1.4221012728448557,1.4097762434299486,1.2996080835129995,1.7864787846588337
2022-07-19,0.7856539161384974,1.935964027638167,1.4189874613258757,1.406411118875763,1.2916985992744834,1.775167313606618
2022-07-20,0.7840032306582502,1.8954447090492181,1.4259696403563782,1.4108310224113267,1.3009200169220632,1.8150277483042234
2022-07-21,0.7910627629380854,1.9031892456465096,1.4222177403543064,1.4102391538776253,1.285640847212495,1.8026115931688813
2022-07-22,0.8015270148007092,1.892082170653685,1.4291539478148114,1.4171066464324271,1.2860890535497365,1.8217666630615048
2022-07-25,0.8025268789459914,1.8651186108231945,1.4325942764707742,1.4171962121245716,1.2970057082964694,1.8446747839555524
2022-07-26,0.8095793034482234,1.8572544689066854,1.4380384915769793,1.4224701511000122,1.3079021090498844,1.8602864452881926
2022-07-27,0.8085831331654014,1.8768311728251028,1.4421030419178846,1.4257277268441506,1.3178103436607072,1.8564693165641528
2022-07-28,0.7995871656773308,1.9399915581361333,1.4746325597081575,1.4610393875451928,1.3292374976181867,1.8760698002537504
2022-07-29,0.7908157744521316,1.9538691616010093,1.4954421505548787,1.4801143191921897,1.3470524984665755,1.9051988525358785
2022-08-01,0.7910716775184927,1.950495745515157,1.4897828777976565,1.477045531532009,1.3319016797706114,1.8957136597764186
2022-08-02,0.7922429946626924,1.9777075178272843,1.4786763508517382,1.467011542303255,1.3195906252611975,1.8604792553450507
2022-08-03,0.8054305582347105,1.9243424269675005,1.4670508153211916,1.4562716992482034,1.309867820603429,1.8677917137948614
2022-08-04,0.7928292920322738,1.9457871383869547,1.4718196327288615,1.4643694181191478,1.3180155592906257,1.8601791934920977
2022-08-05,0.7986695170631865,1.9376600548062641,1.4625081931133992,1.4540806982894892,1.3187733999938887,1.8502712208423684
2022-08-08,0.7958940191841886,1.9896666244196022,1.4804129585499082,1.47177594789989,1.3258613025600197,1.8530929792810555
2022-08-09,0.7941041880620757,1.9765306001349314,1.483592567026832,1.4751507160628368,1.337306356041597,1.8651873069141203
2022-08-10,0.786688594608955,1.964682469518844,1.4987325298855207,1.4885246100448284,1.3599640443135061,1.8987099126440952
2022-08-11,0.7947394311828948,1.9233113850212458,1.5069991795957423,1.494164649601538,1.3829237819690998,1.937766054368459
2022-08-12,0.7844692632060499,1.9365239235451999,1.5105389159714675,1.4987349821005616,1.376965286700052,1.9353713288120626
2022-08-15,0.7736152211075512,1.9136352560775267,1.4854786234436568,1.4753171529604536,1.3596562983487075,1.903404013869555
2022-08-16,0.7680925752964501,1.874662277370657,1.4784745704261262,1.46868336063276,1.3538916235463911,1.9152996477900173
2022-08-17,0.7711326229952095,1.8660931657970135,1.4700594205077002,1.4593765922344224,1.3495643404930169,1.9057125154814682
2022-08-18,0.7697426221429129,1.8645148743928988,1.47160281829811,1.4592251095858304,1.3449599186810302,1.9096898503845174
2022-08-19,0.7642683510903535,1.8469137527302117,1.4633587863757938,1.450784862724807,1.349907412582295,1.9062184258593597
2022-08-22,0.768313572748939,1.8225781957969045,1.4581821824704255,1.4446020982793935,1.3506458417672884,1.9138497549650606
2022-08-23,0.7666904233957095,1.85423616293216,1.4710703352128593,1.4566035025585327,1.3582864582597178,1.9153606687168587
2022-08-24,0.7662467094858684,1.847934059280985,1.4732036307548244,1.4581170815418214,1.362787224899627,1.9236150702876844
2022-08-25,0.7612899949810694,1.8515398193991404,1.4755732493304365,1.461818215651199,1.3614830003389216,1.9245023561186339
2022-08-26,0.7702319815216635,1.8394671301991399,1.4649393954348429,1.4495593297844513,1.3696528687800071,1.9141680881830898
2022-08-29,0.7696013469301941,1.8393429219192465,1.4750079785262598,1.457131856289856,1.37574229129592,1.932548351149406
2022-08-30,0.7720995462516936,1.8317151889589034,1.44097567496382,1.427349605521116,1.3460661389110555,1.8771128052030852
2022-08-31,0.7731213775657207,1.8144326811744709,1.4215478639958135,1.40993191055656,1.3329482846467005,1.855072244380942
2022-09-01,0.7794639965728692,1.797067029415778,1.4025742893220337,1.3926234494724654,1.3031771913075245,1.8358976943347567
2022-09-02,0.7759476954331435,1.8230155926241371,1.4075633508578511,1.398065496879371,1.3040318620811289,1.8247309817333979
2022-09-05,0.7735901903537997,1.8187973126382588,1.416190939939622,1.4045711488735924,1.3088909514480498,1.8380654307106712
2022-09-06,0.7779106189357609,1.836491565426138,1.395109904471326,1.386250970558251,1.303485273133006,1.7887284787030726
2022-09-07,0.7727352914911353,1.8655732000536553,1.3878025423511369,1.3838662051080597,1.290871379973468,1.7614826309485396
2022-09-08,0.7768475198570397,1.85724739940929,1.3936787858866517,1.38779682193939,1.2971430567340567,1.7737914129974945
2022-09-09,0.7769767803956218,1.8634793373081797,1.416437488762839,1.4068390880181225,1.3226837967073066,1.8066327847867671
2022-09-12,0.7657294936694928,1.8784710467440222,1.4500244646703315,1.4379030459157134,1.3426228177690362,1.8560166221156487
2022-09-13,0.7550771577049845,1.855513437095233,1.432317011596751,1.420211432336972,1.3353686221945023,1.8390585974368348
2022-09-14,0.7552991301327919,1.8294711910199535,1.4464557010630457,1.4325424589695714,1.3366131445776743,1.889333179643998
2022-09-15,0.7708294981278705,1.8164657338172814,1.4072265205356456,1.3950689951514261,1.317014476669377,1.8160292890106404
2022-09-16,0.7696603760220417,1.8364168772157974,1.4049306187211297,1.392717323850631,1.3110189398067387,1.7923330591658684
2022-09-19,0.7707037771980305,1.832966577315988,1.4044733512563496,1.391419710747807,1.3138485283520742,1.792912669847131
2022-09-20,0.7765974070903974,1.8241804199513112,1.3935590201316248,1.3815917519370298,1.3189968928383045,1.7782301610357425
2022-09-21,0.774097153070962,1.8292319177328908,1.3993060140003732,1.3875764923544625,1.3146523241473718,1.7859779371108682
2022-09-22,0.774117511414184,1.8528215965427242,1.394963331753077,1.3831498619844595,1.3122041796982424,1.754113379231585
2022-09-23,0.7899945437280216,1.8256879066364158,1.3540343472105165,1.3457822642386403,1.268693540134312,1.6946455589616887
2022-09-26,0.8015209847203876,1.7985558270534725,1.3323897669178646,1.325552961411402,1.24662342384131,1.673660282455014
2022-09-27,0.7942140273797159,1.8058686402175437,1.3337477814253151,1.3253544430018698,1.247869661651526,1.6668778078105868
2022-09-28,0.7828361990867514,1.8345049222340342,1.3699298530280921,1.3600306420517587,1.2709511616418696,1.7161345836678688
2022-09-29,0.7838642643802562,1.834247931338442,1.3621962344360086,1.353198064516943,1.2728588954584394,1.7030266403528895
2022-09-30,0.7826104906831415,1.8448761096913358,1.3660016937580821,1.3564393212204116,1.267701967109804,1.7020472207876653
2022-10-03,0.7604166654033715,1.8901761995618716,1.413138266742559,1.3975480918051555,1.282604573036675,1.7443208357313003
2022-10-04,0.7419857495941633,1.8988867603246362,1.4495818094372437,1.4329685084640622,1.315705999148177,1.8015611127145164
2022-10-05,0.742930124808189,1.8845064089671213,1.442969369365779,1.4275946419714551,1.3219267957969911,1.801018452529983
2022-10-06,0.7423551659486618,1.8862528261508429,1.4493178384096916,1.4330753590518857,1.3256861587792443,1.8114130161624828
2022-10-07,0.740017926344658,1.894778081187724,1.4447332856508945,1.426935536021564,1.3272867424420198,1.8016840053866876
2022-10-10,0.7510814845249617,1.8741623068697526,1.4088273166748473,1.3916442770711115,1.3203414580488388,1.749626766560849
2022-10-11,0.7483357382341596,1.868366583466967,1.4076954563181285,1.3930522282233933,1.3179468631964366,1.7518757550649033
2022-10-12,0.755609196905371,1.8547007600072494,1.3853963002182017,1.3728611309798342,1.307356521112524,1.7181004366881747
2022-10-13,0.754256555337956,1.848252566455097,1.3973335867067436,1.385347013986817,1.3204124523454404,1.7478221399917369
2022-10-14,0.7704127086819774,1.8177133294609311,1.3562988157360112,1.3467480529529052,1.299440892566474,1.6887109662717095
2022-10-17,0.7588283795397552,1.8557365355400222,1.3660025661889232,1.3518775248893486,1.2960302718744892,1.6779412842408494
2022-10-18,0.7604576358331638,1.853534976757574,1.3506876395850453,1.3360461347801604,1.28329454691249,1.6481834655962682
2022-10-19,0.771208165889464,1.8551482079029122,1.339955761449545,1.3227999598878875,1.2771993378129682,1.6280523972949366
2022-10-20,0.7757699068319553,1.8666114896326995,1.3448421915361324,1.3256534135600295,1.28328913327608,1.6281372038923598
2022-10-21,0.7887739639888187,1.9026436306952579,1.353566742425478,1.33110454397277,1.2848150574793962,1.615824897332295
2022-10-24,0.7895058691811127,1.8951252681144537,1.3600943380145083,1.338361443048911,1.284479026488501,1.6363647888356614
2022-10-25,0.7695219143072966,1.8894146750248497,1.3748761062562262,1.354365403834816,1.2930485384884254,1.6745183314172463
2022-10-26,0.7772761387894276,1.9065426236473992,1.388056073674158,1.3665381172694766,1.30818460652435,1.6895040397122711
2022-10-27,0.7812379579795766,1.9278456969647986,1.3815458632374311,1.3574575414173387,1.303221700227408,1.6627235949638768
2022-10-28,0.7722877417262083,1.9121817778787937,1.3599976778261615,1.3362507211298875,1.2879002813454379,1.6315212503156766
2022-10-31,0.7587997912193899,1.8822027047369074,1.3693781539217431,1.348250735974618,1.2888053537560937,1.6740463004839694
2022-11-01,0.7711014031194892,1.9275651615729708,1.3764189921867265,1.3515674456916265,1.304469965319321,1.6544069219616742
2022-11-02,0.7927712924400834,1.9135185601630516,1.3915708239636864,1.3673089223698438,1.3170235251077012,1.699596785665831
2022-11-03,0.7806136169961155,1.9029550822612746,1.3711604776646638,1.346867716919741,1.3063040729179054,1.6646776041179803
2022-11-04,0.8163906445105577,1.9570332952082705,1.4335845374662066,1.4053435158808205,1.3485145056281422,1.7521640275108044
2022-11-07,0.8306473907517663,1.935542465152341,1.4462662039940442,1.4189665758304948,1.3501944952141511,1.7903449622922405
2022-11-08,0.8114298480140949,1.9844763005825674,1.447492546148631,1.4191283913253505,1.3485039948807875,1.7486287179837583
2022-11-09,0.7948838211254825,1.9804850939444671,1.4292167140266456,1.4016821728267423,1.335128121973507,1.7125767624928363
2022-11-10,0.8048357938195357,1.9943324107276645,1.4618554072595793,1.43476172882727,1.3515137950238347,1.762150846064888
2022-11-11,0.7913127646460865,2.0328601582005605,1.46709755519072,1.43971871270529,1.3681631805195595,1.7508107270674904
2022-11-14,0.7919331165259144,2.0267976985206473,1.4698432733360682,1.441777480530642,1.3663234732270062,1.7527823211235358
2022-11-15,0.7956281270323308,2.0144408016634623,1.464477906864377,1.4382990026918987,1.3748224233563369,1.752286972430819
2022-11-16,0.7957256389008123,1.999895519163296,1.4651436949610366,1.43925545650474,1.3624028745781485,1.7602080098041601
2022-11-17,0.8045556963858117,1.9575645534566841,1.443786774084228,1.4202383448626401,1.337807974965849,1.7429476643448543
2022-11-18,0.7995000229861495,1.9462556596889724,1.432610009642545,1.408940103543748,1.3341141562197358,1.7264421867697581
2022-11-21,0.7924989536858731,1.9127232646435588,1.4340378160869223,1.4110256949256248,1.3279501516973575,1.7517791114317618
2022-11-22,0.7895487482483097,1.919523523697815,1.4402803827225654,1.4165475353537091,1.3391136610010665,1.7600574105331623
2022-11-23,0.7805787229481049,1.8886265039808308,1.4474420581008045,1.4232628664146898,1.3360164049764554,1.7872814399303891
2022-11-24,0.7805721762979563,1.8882586329199047,1.4471663819786371,1.4229919155665125,1.3359335906803411,1.786875608540759
2022-11-25,0.7767734934835606,1.8980620975791984,1.4406246245852463,1.4164269460721104,1.321920759156256,1.764433821722152
2022-11-28,0.7882323672699287,1.8939000979484437,1.420109606236089,1.39718937824399,1.3141623214176434,1.729301599726986
2022-11-29,0.7859269018763988,1.9012680474215733,1.4286529582688177,1.4048350570887511,1.3259959102330825,1.739204150044709
2022-11-30,0.7773960808852117,1.9299885720356396,1.4366626906425901,1.4114436828558383,1.3483810635487545,1.7395270395012068
2022-12-01,0.7527326639988781,1.9789423483830786,1.4709741879062141,1.4431532306091863,1.352348805518777,1.7618289083461867
2022-12-02,0.7585682297874423,1.9976506586709872,1.462393603109827,1.4322539627412554,1.3449947174740382,1.731839994772402
2022-12-05,0.7840293803018379,1.9875519357902796,1.413766722512141,1.3849585233848722,1.3218699167799974,1.6463923355132766
2022-12-06,0.7964707944919257,1.9736650136534084,1.3984294451674695,1.36879767014763,1.3111400585890236,1.620592396915098
2022-12-07,0.8047977101021426,1.9721427801256912,1.411119143653341,1.379356402351013,1.3135232464690612,1.6424715055025283
2022-12-08,0.8058498746772423,1.9640701154922735,1.4188735795945593,1.3860662600272162,1.3159946429812435,1.6608401893597993
2022-12-09,0.7984966391641325,1.9633127473656211,1.4353513697201623,1.4012095515076068,1.31614067599096,1.6908133783291868
2022-12-12,0.7946532611527027,1.9424612058037534,1.4383510218610676,1.4055374928375257,1.3232423451904542,1.7145222724383091
2022-12-13,0.7761172891746174,1.964943222083828,1.4766825493579707,1.4430751934226327,1.3456210737683116,1.7706920748028057
2022-12-14,0.7696845334077305,2.004105561810538,1.4748656315767898,1.4407546085383294,1.3482202796042473,1.7506128130072818
2022-12-15,0.7713042748673516,1.946197986991458,1.4558841146471424,1.4239378106165772,1.336791139052352,1.7569044176699025
2022-12-16,0.7745875941754031,1.9558301323390108,1.445734996604817,1.4132053148548438,1.3242469842759548,1.7253645730539
2022-12-19,0.7608143591137717,1.9851505167667556,1.4311669249183416,1.3989980975905805,1.3168640889902947,1.6775734828539226
2022-12-20,0.771585413493951,2.0384711902667836,1.4475299394064363,1.412701605813228,1.3289482605863407,1.6667833143477129
2022-12-21,0.7765256624881107,2.051018104533545,1.454870870438389,1.4209747819211858,1.3448262731637455,1.6774461073270859
2022-12-22,0.7769090962683405,2.0295860569216573,1.422755763561406,1.3903101897903307,1.3316825369160457,1.6282193989178722
2022-12-23,0.7736257697628871,2.056321903173319,1.4433925486494161,1.4109458609513053,1.3526277125486696,1.656645209649481
2022-12-26,0.7736257697628871,2.056321903173319,1.4433925486494161,1.4109458609513053,1.3526277125486696,1.656645209649481
2022-12-27,0.7658705871554624,2.067591803390485,1.4613238382445297,1.4280581674267858,1.357247044124711,1.6847112990918476
2022-12-28,0.7876317019626836,2.0681018413657326,1.4348793825858153,1.4032870125425143,1.35289782952125,1.625419878091804
2022-12-29,0.7859569293511135,2.0758942402248843,1.4378793625732196,1.4054411229930206,1.34977062152324,1.6189167699305427
2022-12-30,0.7899971068255395,2.093599625294727,1.4411992754509102,1.4101970244638984,1.353972613033921,1.6198675732095762
2023-01-02,0.7899971068255395,2.093599625294727,1.4411992754509102,1.4101970244638984,1.353972613033921,1.6198675732095762
2023-01-03,0.7920332391749997,2.103623788943996,1.4239043118519046,1.393468368118485,1.3299124901614798,1.565549213686317
2023-01-04,0.7898942856516045,2.087221303322803,1.4144064272670718,1.3833231054643604,1.3086131834528623,1.561608295525943
2023-01-05,0.8061475395721598,2.0856337609922915,1.3896035024287845,1.3610908343808643,1.297268451101013,1.5109350200920189
2023-01-06,0.7985924958367684,2.1144627452097877,1.4071782201683154,1.3780010742116133,1.3045446580142424,1.5243354674537835
2023-01-09,0.806890476836843,2.1138634672725476,1.418900419670725,1.389110500502974,1.324010571078934,1.549979430902357
2023-01-10,0.8061388407959432,2.1227201856970512,1.4082362414573457,1.3801189665958802,1.3164673175663042,1.5216604041942376
2023-01-11,0.8141426586019208,2.1327703938532525,1.4167192887803055,1.3888912309222983,1.3254764113732729,1.5347232093315466
2023-01-12,0.8216544837307542,2.16249550181825,1.4372858164998135,1.4087854836421279,1.3349534973468362,1.5561499428950718
2023-01-13,0.8322505521108142,2.198119789219237,1.4456913590582463,1.4184862669884,1.3419537416349498,1.5435747942186586
2023-01-16,0.8331991002208667,2.1933701457832773,1.4427857459589026,1.4155861956302402,1.3411858516096158,1.5398761325711696
2023-01-17,0.8223631978524096,2.1861525296358377,1.4456333626269224,1.4177353210393515,1.346467918626084,1.5581638282816068
2023-01-18,0.8268300111082649,2.173127833342971,1.4249625551255931,1.3991200145052187,1.342101165535548,1.5166509915709097
2023-01-19,0.8208278880323067,2.194807518138937,1.4366999727787508,1.4109814175147564,1.343621121110896,1.5246426362472267
2023-01-20,0.8161285260167305,2.2082597157447683,1.4403674152646253,1.415190173155241,1.3484056505250877,1.521298787408726
2023-01-23,0.8092695828463129,2.198180854071029,1.4474105260942953,1.4212580580357796,1.3540198226686393,1.5504629126047103
2023-01-24,0.819667624670315,2.199147964775815,1.4386360123492767,1.4132633348785306,1.352063676597961,1.524678374508005
2023-01-25,0.8201761194840149,2.212903550041319,1.436561668809656,1.411927988242374,1.3511081058756447,1.5068267594908473
2023-01-26,0.8235427968761576,2.2240202872212134,1.433313093227595,1.4088218722328445,1.3600995038183918,1.4964046793835926
2023-01-27,0.8169759372318298,2.2021640622798366,1.4310435230594762,1.4064899429991116,1.3539009146841563,1.5074810496519848
2023-01-30,0.8284191299382098,2.1974358000471104,1.4170431944525383,1.3937201034244049,1.3439485661209136,1.4776713112300908
2023-01-31,0.8283893893211663,2.199603858050956,1.4194906020400206,1.3961851278447437,1.355439403247711,1.4795976373930089
2023-02-01,0.8443970248031297,2.183515364024238,1.3958939215457942,1.374844543712085,1.3281203786513769,1.43443563858702
2023-02-02,0.8485436651503349,2.172822404391275,1.3892483768749104,1.3681445725734454,1.3316060401487235,1.4277124910912167
2023-02-03,0.8782018734932638,2.1085996684386323,1.3432291682345798,1.3233615814226538,1.302963338365772,1.3830014627300495
2023-02-06,0.8804133745005691,2.1105412962123733,1.3475234757771428,1.327681959506569,1.2942832479670892,1.3922238483269112
2023-02-07,0.8892513136366224,2.122444398918577,1.3638569473174782,1.343355604306827,1.3094687342166498,1.4219166415673976
2023-02-08,0.8822900880767947,2.1462899676019473,1.365631152889476,1.345670421638309,1.3090328186582076,1.406964697160541
2023-02-09,0.8793079200982575,2.1290148879934643,1.3570994065258932,1.33717915063078,1.3084825763027679,1.4029601401874303
2023-02-10,0.8783455190954002,2.133611011913352,1.3652073012123853,1.3445757406735421,1.3092359476401818,1.421033601498865
2023-02-13,0.8776218453491457,2.1286480623213886,1.3536054334055463,1.333706315459041,1.312008179005297,1.4009265132333089
2023-02-14,0.8720326319974936,2.1189144040184624,1.3591963536356486,1.338551441915653,1.3152626013482758,1.4209805412741294
2023-02-15,0.8759197532187201,2.1037264751586067,1.3427160922950094,1.3226973212277564,1.2975082741230195,1.3981697083901474
2023-02-16,0.8835095862663378,2.1118880527225725,1.3420964902875756,1.3224293468375798,1.2972931543589008,1.3888345028432656
2023-02-17,0.8827772016199962,2.1054370559292437,1.3286157134625587,1.3096701511867022,1.2903565585777774,1.3630045587493806
2023-02-20,0.8856633934000014,2.1085489413574647,1.3322070709833933,1.3131806720125632,1.2998424933423642,1.3673970539094127
2023-02-21,0.8936439940925337,2.1089200984382206,1.3185808403454005,1.3004585372719997,1.304578898596529,1.3341092842222124
2023-02-22,0.8845786135009632,2.0964553710532754,1.312485027507791,1.2941831413024947,1.2920319814578447,1.3371316894203324
2023-02-23,0.8842086804980414,2.0794177169829418,1.3148653612385932,1.295606426933557,1.2879883781463108,1.3568341971572784
2023-02-24,0.8867278124579455,2.063778653760932,1.3138409719455586,1.2932015005501862,1.278982362528657,1.3711587525994182
2023-02-27,0.878507033000989,2.0647533955240354,1.3199550723304776,1.2982819289583616,1.289248490911545,1.3919497488135937
2023-02-28,0.873964246086495,2.082147245417836,1.3338471776738898,1.3115732756850216,1.293106946983575,1.4069674369601308
2023-03-01,0.8711409242053948,2.0904298205984873,1.3426306077488313,1.319746433380786,1.3087095311446248,1.4208087554809992
2023-03-02,0.8761463567846035,2.085082787614947,1.3374133567182562,1.3149186910503197,1.2987303326747919,1.4127408717209968
2023-03-03,0.8622825565098466,2.10257844482086,1.3615789872002346,1.336531635812873,1.3123872758049082,1.4568048621623924
2023-03-06,0.8780021871059165,2.1113925056613794,1.3434794105951264,1.3225125801857862,1.3033852676686437,1.403550128776967
2023-03-07,0.8679023653085386,2.055569824084952,1.3127475235454016,1.2909759451978213,1.2853398084232601,1.3853851436557119
2023-03-08,0.8719585739358992,2.054034239120932,1.3035426448301957,1.2834277830834306,1.2783474376578292,1.3641698518309684
2023-03-09,0.8662431191655695,2.064979770020174,1.3049532448066645,1.2855592395351025,1.2676602874006824,1.3619740082522471
2023-03-10,0.862548810807492,2.1021521726293257,1.3198188638184725,1.3019889524469024,1.269816432418124,1.3636342683432903
2023-03-13,0.8248796889636897,2.1690785724311636,1.3607293158481852,1.3408601121098602,1.2799081756468653,1.412577377332779
2023-03-14,0.8173052834598288,2.176279955522397,1.3476055859199316,1.3274325285226598,1.2703444069390397,1.3943957455878198
2023-03-15,0.8182178153720394,2.1941168181612722,1.3315355045514072,1.3137056323267866,1.243299581351506,1.3605684655475032
2023-03-16,0.8092236285403455,2.1764200841731407,1.3333946656425282,1.3148126582064326,1.250988872875634,1.37124780822235
2023-03-17,0.8118986992374008,2.2453349882694433,1.3463563459251258,1.3300429576030766,1.250396396431771,1.3604309649154624
2023-03-20,0.8184582054117386,2.266602027476669,1.3493965517559046,1.3338566361617485,1.2513804821428565,1.351954046931262
2023-03-21,0.8025454640398747,2.2168105984238444,1.3462411197237116,1.3290908868696099,1.2536981441330617,1.3676779305790074
2023-03-22,0.8079474164483131,2.2547643357027978,1.3505802222845698,1.334408026738982,1.2560007711234054,1.355082723530824
2023-03-23,0.8235644820123741,2.300967001362293,1.3681874541315688,1.3523031564847205,1.256666201284066,1.3640018206855924
2023-03-24,0.8226193630900576,2.289767868919937,1.3659386551084487,1.3495207924625485,1.2632703608966303,1.368867236790482
2023-03-27,0.8121706496046107,2.269958260495496,1.3589522137917849,1.3436856272475393,1.2750504489509744,1.3554974907504593
2023-03-28,0.8185474943905493,2.2952123399089004,1.367434578484477,1.3524427786328828,1.2800820365190226,1.3555390254157687
2023-03-29,0.8199232435708647,2.3001725343879613,1.3627525279487214,1.3478823575507488,1.2740857713618183,1.347202984848542
2023-03-30,0.82654734688779,2.334685273945866,1.3738591682273504,1.3592070887116934,1.2767584523467423,1.3488363823695786
2023-03-31,0.8244547504112144,2.3255887014692362,1.381168741672528,1.3660902400746382,1.2878610306509788,1.3693287316946015
2023-04-03,0.8063941552140341,2.3650614427497847,1.395205138095738,1.3819661289917882,1.292155785124274,1.3730671037166342
2023-04-04,0.7907927480086968,2.410698881586491,1.4237996208566621,1.4100979065036787,1.2907353362994993,1.3965179075209297
2023-04-05,0.7886830114859326,2.403430037336354,1.4251503450711516,1.4114072090010148,1.2921863468454617,1.4035062903096482
2023-04-06,0.7882718600914915,2.4196687052445416,1.4151853837438195,1.4017303075781313,1.290134191442295,1.3797919770646743
2023-04-07,0.7882718600914915,2.4196687052445416,1.4151853837438195,1.4017303075781313,1.290134191442295,1.3797919770646743
2023-04-10,0.778698994611014,2.3796610672603284,1.4123210480980222,1.3983647133849586,1.2919483783198282,1.3972842145963003
2023-04-11,0.7863207922076525,2.40381553360549,1.426906343941026,1.4129084238861338,1.3014249049565927,1.4119260039913462
2023-04-12,0.7919002858321579,2.43508705702068,1.4334378673665038,1.4197984066541223,1.3066065082513785,1.4088678776803614
2023-04-13,0.7901879004599079,2.454944402334931,1.440307012703361,1.426416978417357,1.3105034796119395,1.4011290997000894
2023-04-14,0.7839726285169258,2.422092643340335,1.428893400990146,1.4151233925989197,1.314076842117007,1.4076526497056971
2023-04-17,0.7772760939259883,2.3849534774337355,1.424923843916256,1.41071222254808,1.3195514657168732,1.4214567092532149
2023-04-18,0.7796351999798578,2.390087557518378,1.4365923172046215,1.4220313868696812,1.332380627491174,1.4404704377966697
2023-04-19,0.7719729941124437,2.3822992261654625,1.4206846996177,1.4059956089988581,1.31751517409276,1.410836412338323
2023-04-20,0.7709656744504328,2.370257468522446,1.4187283003874347,1.4034117644618067,1.3043453372829676,1.4087018409951775
2023-04-21,0.76390195267696,2.352712372650839,1.406502198278752,1.3917287388483945,1.2984143864722195,1.3993356197497169
2023-04-24,0.7697643842969487,2.367903185905402,1.4190223388965386,1.4042703955238536,1.300091256040406,1.4151781510115422
2023-04-25,0.7642107230966313,2.347578163160162,1.4089403371368,1.3938352474842592,1.2820958796432516,1.4068345401394753
2023-04-26,0.7505786331276255,2.332970560766454,1.384570768203241,1.3688748528775698,1.2738151797503832,1.362767541213971
2023-04-27,0.753524565194997,2.3403162362408367,1.3926725888110585,1.3770188089819604,1.2735246263785769,1.3755308619861548
2023-04-28,0.7550142823860682,2.3461804484063373,1.4001611191790138,1.3847125476189635,1.284013257030245,1.3889158773644277
2023-05-01,0.7496242840115802,2.3402185843033947,1.3896722138176305,1.3744826656684075,1.2760067586074388,1.3701468609273497
2023-05-02,0.7519218068840496,2.351957173050797,1.384628442347851,1.3694458132596465,1.2614747815728675,1.348143369210576
2023-05-03,0.7544836465594196,2.354877493974142,1.3756887964483127,1.3605478272728146,1.2493095704009747,1.3311714685336618
2023-05-04,0.7654864060492879,2.3828200963439183,1.3856769665568456,1.370599589471795,1.248727621008563,1.3314486685727007
2023-05-05,0.7620992976842961,2.35480829109021,1.3857386478568874,1.370543822004026,1.26693563654068,1.3412481052127352
2023-05-08,0.760110098387643,2.360014135955058,1.3993476752505007,1.3838878610178595,1.274867629317507,1.3649215160180623
2023-05-09,0.7618375836224358,2.3678116404836964,1.4064023106838388,1.3908339438875992,1.2753059077981912,1.3736710431353747
2023-05-10,0.7611657312552619,2.3586851287483612,1.3931653367220047,1.3776669204726064,1.2667067794519882,1.3534861079419465
2023-05-11,0.7535554128786244,2.31835746508373,1.3650944973987758,1.349554528492977,1.2433151206864672,1.3279354979699818
2023-05-12,0.7550901574320614,2.3028134719526485,1.362065215035247,1.3468346311478132,1.2433782766507369,1.3320907767045973
2023-05-15,0.7515433926612991,2.301252767769815,1.374815865664078,1.3596189692382272,1.258082390835171,1.3552229175865254
2023-05-16,0.7416048592585289,2.270829312430498,1.3588659957581468,1.343905042068939,1.246796844346458,1.3433974811441523
2023-05-17,0.7429855872602263,2.274863317701391,1.3636582179719676,1.348636421352188,1.254051273212919,1.3497022343363185
2023-05-18,0.7401431875502337,2.239112716953561,1.3595681567780997,1.3455883700873827,1.2477252402662533,1.3692386540030825
2023-05-19,0.7453965644464663,2.262028370497534,1.371271738497207,1.3569968182663745,1.2526277069986644,1.3770355575999722
2023-05-22,0.744202056804753,2.263446032991824,1.3597827908250106,1.3450583103073923,1.2479113284528578,1.3505961473254573
2023-05-23,0.7443238943564093,2.263465080509785,1.3546086677313853,1.3397121785594632,1.240373469833316,1.3394128816971673
2023-05-24,0.7428288851364068,2.2547812414333137,1.3555528781164319,1.341090215163856,1.236056135009903,1.350115902729323
2023-05-25,0.7360800664853544,2.22849008832155,1.3321269213076377,1.3176357441195967,1.2232759967991358,1.3199790585042985
2023-05-26,0.7373377095677416,2.246648302390038,1.3352781131333478,1.3202189902863763,1.231003179612256,1.3114977192005974
2023-05-29,0.7371709050774928,2.2473039406866544,1.3356935424261058,1.320632549149967,1.2310825889258679,1.3119841797789358
2023-05-30,0.753254005073,2.2371006992746474,1.3208739822953623,1.3051530898697885,1.215588175481828,1.2854216968136383
2023-05-31,0.7543910242757852,2.245399068685927,1.3211423862270164,1.3051027339155283,1.2098835921156474,1.2787806853881711
2023-06-01,0.7419434622277834,2.2687513832904194,1.331782061845333,1.314400954702379,1.2236956138138466,1.2785235845540899
2023-06-02,0.7482677663089182,2.2561456259855883,1.3284231816054224,1.3109783894027405,1.23298943520657,1.2812227093924453
2023-06-05,0.7457217719074466,2.2559990931780005,1.334214734321495,1.3172089529236015,1.2368446047930624,1.293644277901145
2023-06-06,0.7432505171325561,2.2573543190533067,1.3362208172267422,1.3194575003911286,1.2425717971818888,1.2959546752117457
2023-06-07,0.7461685061625093,2.2416961662164123,1.3332302492296513,1.3166577626444713,1.246878013818326,1.3026774595293489
2023-06-08,0.7340186603211727,2.260714116673668,1.3489778502278098,1.3332490818811742,1.254288433101392,1.3163756751850875
2023-06-09,0.730370951269343,2.260821767725395,1.3401269816712171,1.3241684109500098,1.2514390962246893,1.298216042821452
2023-06-12,0.7302983159310661,2.2289623493355517,1.32239194508939,1.3073472836826125,1.2407956646163245,1.281248793907587
2023-06-13,0.735608145811107,2.2270864107128667,1.3290340938754548,1.3132151049446326,1.255604441539904,1.297754808883642
2023-06-14,0.7346978152113715,2.2307703713882665,1.3322433761300632,1.317113637698958,1.261658231472999,1.2988041354004538
2023-06-15,0.7421857974596239,2.2296304634597215,1.349395138786323,1.3340172640621564,1.2864304339820583,1.3342490247983108
2023-06-16,0.7443228272972009,2.2294154488256073,1.3603838162564643,1.344626732204267,1.3011435450830744,1.3540305498138545
2023-06-19,0.7447452899125306,2.225721018031134,1.3584420074506416,1.3430316832237168,1.29739783211207,1.3517263072274877
2023-06-20,0.7472698275552314,2.2099807431332708,1.3311428281659,1.315372761789806,1.2831331723563584,1.3164447617450201
2023-06-21,0.7612148546012609,2.19892802951221,1.3334156620413786,1.3173687166891532,1.2939756487689908,1.329149393521148
2023-06-22,0.7522019255692901,2.1587700029353103,1.31144327559574,1.296940488919559,1.2762735616436691,1.3091133530861914
2023-06-23,0.7568199721252468,2.1476648772532387,1.3157227018251823,1.301854744405009,1.2609238788044381,1.3222938480931428
2023-06-26,0.7610162760168832,2.154004630946166,1.3280952977807123,1.3139991234849049,1.2589217593318847,1.3389595823046607
2023-06-27,0.754936055294251,2.1448532686458965,1.3185596423356198,1.3049509038891054,1.2515801284749397,1.3270289378432096
2023-06-28,0.7570745185842647,2.1643445890160655,1.3171444696829948,1.3023612584328164,1.2408983668766298,1.3147154631056688
2023-06-29,0.7616522255462601,2.154742917253827,1.3141909701255345,1.299207120012307,1.2385520149630873,1.3153976354511625
2023-06-30,0.7612811771061623,2.162117038191806,1.3272478737908642,1.3121228809104801,1.25022176195153,1.334852990885982
2023-07-03,0.7569566986636244,2.167013241819812,1.3221320694679095,1.3073879213578536,1.2486494729311364,1.3222301956718192
2023-07-04,0.7618415885354429,2.1723494075520997,1.3280425182674094,1.3122335691498774,1.2507015489141111,1.3292772467146856
2023-07-05,0.7605449166871311,2.1799918965120164,1.3309258282020466,1.3145430833598792,1.2579530399138406,1.3284531439479097
2023-07-06,0.7566965833535607,2.1639358695214153,1.317136873634757,1.3008272466626154,1.2511441479369456,1.3125724563237016
2023-07-07,0.7554517930498216,2.1895075241805606,1.334151440199596,1.3165604080144309,1.2574149225025155,1.3261706644859221
2023-07-10,0.7502201405035764,2.184609603305351,1.3357196352197553,1.3187017045510705,1.2587467507242127,1.3345902006411763
2023-07-11,0.760401873411499,2.1905877810589764,1.3455042108912127,1.32751647934273,1.2683514823666608,1.3497857394559698
2023-07-12,0.7626385041062353,2.2321134348824963,1.3668431450811778,1.3476862022377116,1.2765863143404341,1.3598286801549015
2023-07-13,0.7778210986615223,2.2522739897142876,1.377369060708798,1.3558004901082852,1.2892333697176073,1.3632326818433766
2023-07-14,0.77521456322201,2.250588322023383,1.3754984662901037,1.3544627561021003,1.2935848591743784,1.359603065006267
2023-07-17,0.7715109975800624,2.236813484937302,1.364309133464988,1.344250644036466,1.2795174410272787,1.3463734846733253
2023-07-18,0.7679832383946888,2.2629464716559773,1.3848219672383215,1.3648957657970757,1.2921318367389225,1.3742301067075735
2023-07-19,0.7692153121226138,2.2650198801115513,1.384896296224123,1.364733834820281,1.2993868662902246,1.371912504074214
2023-07-20,0.7628747437470834,2.24933382280667,1.3837783018600291,1.3648527650027322,1.3072435554284023,1.385580467438905
2023-07-21,0.7690376454133301,2.2509071016282074,1.3841153114668507,1.3641155779884677,1.3090266796438224,1.3840116501309496
2023-07-24,0.7754436896751348,2.2500822891880228,1.3835432233169886,1.3627651877158908,1.3256220586324339,1.3830388417152129
2023-07-25,0.7786456382003408,2.258907653285539,1.3928962899745974,1.371259978294179,1.3374901907635355,1.3963588560442624
2023-07-26,0.7800571188476113,2.263825233846927,1.3916415953310466,1.3700523630997985,1.3296192382986258,1.3882636321550177
2023-07-27,0.7905641328846804,2.2442821091970906,1.372060018338342,1.349887694597621,1.3197232076969163,1.3586228750006706
2023-07-28,0.7960484877362228,2.2597145906438647,1.3830229731924484,1.3608284508368913,1.3236426311721958,1.3716224437563207
2023-07-31,0.8017154568046106,2.2780899037642057,1.3946401839098272,1.3711760919874154,1.329469036785855,1.381615830380495
2023-08-01,0.791363618204642,2.2435707154180986,1.3706808447904943,1.347984712353167,1.321578503236418,1.3557070858871823
2023-08-02,0.7928196551442915,2.2244619904308394,1.353135430083662,1.3320673792440065,1.3019462658024574,1.3309356623443134
2023-08-03,0.7965672839939575,2.2244473101184656,1.3594831640071647,1.3383222148018679,1.3037387197867352,1.3469393601870199
2023-08-04,0.7978022918781478,2.2340159332014324,1.3662372565012046,1.34483628874845,1.3051176350055596,1.354407008239415
2023-08-07,0.7896607229209232,2.2192135939471136,1.3610478964771768,1.3413799440850933,1.3064417867071902,1.3623884314125623
2023-08-08,0.7895107474095213,2.207201614877053,1.356533151214787,1.3373846564270968,1.300108242650733,1.364186583053789
2023-08-09,0.7776914951966272,2.2075949154171375,1.3649233407561139,1.3452736677754062,1.3051965070946248,1.389258043273289
2023-08-10,0.7850064862767019,2.2020071322766506,1.3540859173172592,1.3345082720332953,1.3001438862783308,1.3628051425675787
2023-08-11,0.785558306193198,2.2005614701896796,1.3538215080076392,1.3342067276647642,1.2958665492154846,1.3637240341044436
2023-08-14,0.7831804919856182,2.195579368936683,1.3513685342127022,1.332075550305506,1.2858522381835624,1.3631959530763353
2023-08-15,0.7901289279695725,2.1804220785274313,1.3376088236053914,1.3185082351793982,1.2690652819185353,1.3389857427072909
2023-08-16,0.7946948625214738,2.1665953066782544,1.3259912942467886,1.307544372671617,1.2662331938057436,1.3219765951399727
2023-08-17,0.7948012258950083,2.161161131389894,1.328399578037301,1.3085386612988208,1.2713981372641303,1.328779093524252
2023-08-18,0.7970157101368954,2.1623175100143355,1.3281698888442766,1.3078833868753748,1.2785856012906378,1.3230945222029766
2023-08-21,0.7883602026959068,2.176757031946064,1.3418090210225428,1.3204315035097032,1.277755547274459,1.3419693020767571
2023-08-22,0.7874235657223951,2.176479756426279,1.3395779090037627,1.3180983823536638,1.2783784330510297,1.3330975847611486
2023-08-23,0.7745937243262659,2.1993772998592243,1.3546465643931642,1.331294527712275,1.2891234780586074,1.33873221068045
2023-08-24,0.7753797498425942,2.1981545940891056,1.3539595326771157,1.3310365837620082,1.2918597915871912,1.340260969206888
2023-08-25,0.7756543999062663,2.19786069236051,1.3566992653142917,1.3331626293209564,1.2986320179816337,1.346415590287219
2023-08-28,0.7762259340675033,2.2037596624802096,1.360775819870722,1.3375591260137847,1.3023098472676953,1.3528602401989223
2023-08-29,0.7819740962246801,2.2286954108565658,1.3766622307045795,1.3519441377365693,1.307300450152369,1.3646148583504591
2023-08-30,0.7960280671359384,2.2377447496723653,1.3860009379084777,1.361985278375492,1.3130223903252074,1.3842063756086165
2023-08-31,0.7939133671095988,2.2338949278934948,1.381733905042922,1.3581459947868861,1.3095106289103333,1.3794756637502579
2023-09-01,0.795984657159423,2.23949543892405,1.384086794533876,1.3608720464881432,1.3189980204360758,1.3827109232300994
2023-09-04,0.796928607489239,2.2416948826058056,1.3855897643860147,1.3622250310530428,1.3174285070577199,1.3845010058013236
2023-09-05,0.7885492558824706,2.227129430246784,1.3661799706857691,1.3445518810781296,1.315752280870342,1.3533291878857767
2023-09-06,0.7816686325684008,2.217364019836955,1.3564596429313873,1.336009236643937,1.308924184776262,1.3393098509915153
2023-09-07,0.7836402656061822,2.210193819534804,1.3531601071130361,1.3336879566823503,1.3062555498095756,1.3420057976561774
2023-09-08,0.786685723745786,2.2132735397737866,1.3556700856900414,1.3365187973698887,1.3039045450388607,1.3470894792389054
2023-09-11,0.7865946212254306,2.219555955420516,1.3604068623454175,1.3405068973481606,1.3166618292654972,1.3513417560539684
2023-09-12,0.8008533739721273,2.2197448541861085,1.3676302313394513,1.3472525562473858,1.3187844177036752,1.3722367451276336
2023-09-13,0.7938601085468489,2.214580514940357,1.360096278195011,1.3405696262577678,1.3212148210087253,1.3599728289213926
2023-09-14,0.7981645673845278,2.2207291593029783,1.3642758515957334,1.345460613890331,1.3299901172869588,1.3676441070425165
2023-09-15,0.7967020621484022,2.2371403769969316,1.372396467739739,1.3524901979584172,1.3275844442911735,1.3686435577852165
2023-09-18,0.8050145654616172,2.247423790705929,1.3817050231895134,1.361555875133425,1.324809815336834,1.384188094354273
2023-09-19,0.8099666467584565,2.247974465388504,1.3862719271304453,1.3661700672675343,1.3286086036407814,1.398547543255413
2023-09-20,0.8015976913578996,2.256662280926093,1.3888474613071131,1.3676450510669282,1.326226224512625,1.3894147782947368
2023-09-21,0.7918942924141426,2.230039674638526,1.371796348941042,1.3504666521862814,1.3079622917204567,1.3659318762086239
2023-09-22,0.7932294911906987,2.2365680539601107,1.3771907292912184,1.355295678529495,1.3088461603033992,1.3726432523052323
2023-09-25,0.794180846392257,2.2254051728043502,1.3675845214672602,1.34743432774442,1.301181310493832,1.3647630225640743
2023-09-26,0.7958694797828201,2.211940147865142,1.3623068417338011,1.3427421126872048,1.2983389725008037,1.3636736032398356
2023-09-27,0.8113979260031915,2.193337460135971,1.3588396948056456,1.341728702340072,1.300270661784594,1.374916050996752
2023-09-28,0.8093916681508121,2.178878672193152,1.3536568830027034,1.3357430891788376,1.3097775868558712,1.3742434436151434
2023-09-29,0.8061838964835853,2.1650250716846293,1.3443174011996482,1.327306419525215,1.296206001764405,1.3654479399376547
2023-10-02,0.7912435238222588,2.132583850813101,1.3140446524969704,1.3003381304942367,1.2862062345461454,1.330490838880906
2023-10-03,0.799945816098038,2.1294327794502137,1.3166100629593684,1.3032079053333177,1.2779441258106592,1.342223734372785
2023-10-04,0.7892405624279112,2.1222483048309675,1.2957653536358482,1.2805610795921922,1.260375274793939,1.3200098381810912
2023-10-05,0.7939634244190605,2.123398173403358,1.2952346701204465,1.2806918765883766,1.26089433951622,1.3335922254666102
2023-10-06,0.795982918191018,2.145074641504853,1.3186037572334137,1.3019560172755547,1.274130702016078,1.367286303790851
2023-10-09,0.8023934467148347,2.161646911399234,1.3407708489817236,1.3240891868602633,1.284231292679585,1.3922706494649628
2023-10-10,0.7994538551453374,2.1725187453490165,1.3433761800037143,1.3270220876137355,1.2795147492686563,1.3935005132916454
2023-10-11,0.7904530280103237,2.187283521471944,1.3439625433509923,1.3275813626706647,1.2712284205483324,1.3907743180948093
2023-10-12,0.7882310124786102,2.1812083493437746,1.339262542064267,1.323296691565258,1.2728272398838705,1.3845535923387
2023-10-13,0.7946756937520361,2.2555009502457346,1.384667344899765,1.3665534470519567,1.2896891554483136,1.4185519124200456
2023-10-16,0.7820865418793674,2.2477025706508114,1.371615072651685,1.352936258745714,1.285783824774422,1.396526089748626
2023-10-17,0.7801035840471218,2.2559757529688285,1.375758814024008,1.3561392672356682,1.2871874218973898,1.3983324447761876
2023-10-18,0.7857144094609814,2.286527390625925,1.3913780758429097,1.371825618239796,1.2952262457202093,1.4090243478396718
2023-10-19,0.7844008138680036,2.2962265386535474,1.3928893861067506,1.3728164714198454,1.2994454347176887,1.4020920884100219
2023-10-20,0.7757390950310599,2.318679698225344,1.4015424463991206,1.3798175937195853,1.2944039479621405,1.4039858835267809
2023-10-23,0.7725605066635196,2.3021977960603874,1.3886618353183506,1.3679674148603969,1.2881786508353048,1.392888712325292
2023-10-24,0.7706993636108493,2.293553151628624,1.3828655792578761,1.3629442629019968,1.2850408126038675,1.3897302416546926
2023-10-25,0.7788089554460529,2.3015814266771524,1.392224958699997,1.3726773014598017,1.2882868243520766,1.4022752376377834
2023-10-26,0.7896416797676142,2.2882509730331813,1.3926404432389383,1.3755266065167127,1.2875863894420327,1.4164079682086008
2023-10-27,0.7922729802943234,2.2970737163987742,1.3991992723709492,1.3813215864068773,1.3001592634683352,1.421044256886996
2023-10-30,0.7890396588900603,2.312449584616441,1.3950655155674316,1.3759510658298812,1.2914701296742095,1.4049746207273293
2023-10-31,0.8071412814660939,2.2883838976789,1.3927323892817753,1.3761316086542648,1.2922595467280091,1.4195159407203646
2023-11-01,0.8011066680304673,2.281327187944521,1.383940741386636,1.3672066883052356,1.2863424227542937,1.406115825343815
2023-11-02,0.8014442414583077,2.292371651681427,1.393513751230281,1.3759411871087013,1.2985421732794415,1.4150700312924949
2023-11-03,0.8039763313315511,2.298876401515166,1.3972047912680179,1.3797135878365465,1.3037137964165453,1.4192528490222827
2023-11-06,0.8078197993607048,2.2981886071687594,1.3853301120395434,1.3653996973004652,1.3042014123533971,1.3924830345122727
2023-11-07,0.7835657162450336,2.256915243169234,1.353797233393036,1.3353926682898507,1.2818958790220276,1.3523493101356412
2023-11-08,0.7797446621663211,2.242049607537584,1.3427578271632696,1.3242131179770134,1.2762562473322516,1.3395216638839673
2023-11-09,0.7761876124508726,2.256848190566437,1.3482571135150956,1.3287259811782408,1.273679393090647,1.3391048630806104
2023-11-10,0.7840261896915576,2.224786493729455,1.333686080656438,1.3142618778570256,1.2661992196972938,1.3296130245895414
2023-11-13,0.7827038163983416,2.24015863959805,1.3488165036594197,1.3308012262943878,1.2847346562026212,1.3553633872709105
2023-11-14,0.7855179543872839,2.2707447859369316,1.3624387855364308,1.3421248053977437,1.2882879208785871,1.3600598336364371
2023-11-15,0.7863808533459209,2.269447642429818,1.3668102208904793,1.346795967614584,1.2915127586293265,1.3695497776953043
2023-11-16,0.7777780160327413,2.2769046576664858,1.3617012261566857,1.3415922250925478,1.2753566120563167,1.3496378322042573
2023-11-17,0.7820058751338996,2.2924449566009155,1.3675532870789966,1.344814618143114,1.278409016619767,1.350847116237609
2023-11-20,0.7834263864969196,2.295684271933547,1.365537681137753,1.3413395786357774,1.2877257403274045,1.3449641425270915
2023-11-21,0.7797566578507136,2.3165804729374218,1.3748680795894876,1.3501354914425372,1.290963816611689,1.3486504288625334
2023-11-22,0.7837820702562044,2.3024551329150325,1.3699292108915666,1.3462058956794363,1.279738784855848,1.3485476859764454
2023-11-23,0.7831949502930662,2.2996530933313095,1.3680389512471265,1.3446402011207423,1.2812790179597624,1.3463292629171686
2023-11-24,0.7833272524807107,2.317981346840715,1.3762101302098169,1.3518634434969716,1.2700502175452488,1.348925427505035
2023-11-27,0.7815922304033491,2.3297319110636145,1.3793304513679399,1.3541097463590699,1.2617228891330563,1.3454831733743235
2023-11-28,0.780274632199067,2.3628471967611264,1.3936245896921136,1.3663290646698483,1.2780653115087435,1.3501859499489266
2023-11-29,0.7818346461229914,2.378512433976351,1.4013437139764036,1.3725958974705426,1.283152167265587,1.3551005542983483
2023-11-30,0.7831745956430315,2.375232731475768,1.4004553315935522,1.3713732993192458,1.280617775284127,1.355034032333713
2023-12-01,0.7711320143773862,2.388439324999617,1.4063531430951532,1.378751044093704,1.2751143244515122,1.3561033379644751
2023-12-04,0.7873357095276523,2.333718167171894,1.3702877259029242,1.3423792487311796,1.2616649951420178,1.3178796147024217
2023-12-05,0.7916193382476832,2.3172862155106833,1.3609893075641313,1.3342795012019908,1.2524530256703996,1.3105389820912967
2023-12-06,0.7866903874267951,2.3069178577185094,1.342823008717803,1.3154976377348993,1.23010199405053,1.2788576793235396
2023-12-07,0.788343977828162,2.3012312564696935,1.339738217647378,1.3130894224998135,1.2345735925259875,1.277275618771917
2023-12-08,0.8030925689845491,2.2634845220848994,1.3257775731306225,1.2992586181264763,1.240718858790664,1.2692221382829088
2023-12-11,0.8049387711283587,2.24067689717013,1.3103509726113465,1.2811704915748579,1.2333964293461974,1.2452716131329975
2023-12-12,0.7973465977056481,2.229475581058592,1.2937949358167433,1.2636377609473024,1.2264647475422785,1.2178403505232394
2023-12-13,0.798015662110493,2.23349180516196,1.2985678906140512,1.2685035683710808,1.225096763623724,1.2246739224511685
2023-12-14,0.7742583124265228,2.3101531310385344,1.345303145628407,1.3128143250994488,1.2543271050988025,1.2686644278763148
2023-12-15,0.7764280761192783,2.2986282013310357,1.3439854151781203,1.314540813636478,1.2600410676091685,1.277097049415554
2023-12-18,0.7742165802311882,2.30510076813469,1.3503964232298593,1.3206644301562203,1.2582470344622243,1.2845266265311237
2023-12-19,0.769450450811198,2.323269889566479,1.3610515546951116,1.3299890235054288,1.268126561277344,1.2931141663395347
2023-12-20,0.7695795551671225,2.3312997769901487,1.3638214288342119,1.330763721617441,1.262758881344337,1.2926452293512334
2023-12-21,0.7663856892857553,2.3299818330087287,1.3692582428731204,1.3394018880568885,1.2615387882617237,1.307799526810267
2023-12-22,0.7612241848037855,2.338438843692266,1.3748013650666713,1.346108752504875,1.265850681719823,1.3138634059671954
2023-12-25,0.7612241848037855,2.338438843692266,1.3748013650666713,1.346108752504875,1.265850681719823,1.3138634059671954
2023-12-26,0.7629151436824273,2.3464093187239925,1.377027822899871,1.3463009584424424,1.2703102828129482,1.3124628925016149
2023-12-27,0.7640815837015673,2.3590287187817514,1.385731312150009,1.3569796079765777,1.276971401126482,1.3226124476680952
2023-12-28,0.7653837374571592,2.330820235920441,1.3804026219915109,1.3552620217018183,1.2737083868517387,1.3285385932071545
2023-12-29,0.771720412753968,2.320435436993308,1.3703004016439642,1.3448144924225458,1.2617538470328167,1.3167294765907647
2024-01-01,0.771720412753968,2.320435436993308,1.3703004016439642,1.3448144924225458,1.2617538470328167,1.3167294765907647
2024-01-02,0.7714921170280513,2.308131053993859,1.3671122183647717,1.3436082039524158,1.2544743380510646,1.3173644998052365
2024-01-03,0.7818408093612926,2.2821398195039473,1.3599223056508862,1.3390417673978836,1.2561327740127952,1.324557922827365
2024-01-04,0.7741767039389771,2.279521871123082,1.3670397115380235,1.349622296465576,1.2563929730927335,1.342441230297457
2024-01-05,0.776023106028281,2.2848569316337755,1.3763500050195798,1.3595856576440748,1.2607322456727543,1.3578576280633146
2024-01-08,0.7720791151575187,2.2599218171410227,1.3654481517454358,1.350782683686969,1.2490927594110697,1.3539182817937494
2024-01-09,0.7819808197674237,2.2548258112885824,1.3759758998788734,1.3640782161054479,1.2601151376138466,1.3810389274246953
2024-01-10,0.7759151064979268,2.2538388149032196,1.3653548805115074,1.3520103371897534,1.253599215429645,1.3599345617423249
2024-01-11,0.7827308915854485,2.2419631462926084,1.3617814563865434,1.3493597118898437,1.2599558476447157,1.3623598446386065
2024-01-12,0.7825697737554254,2.2788235565913606,1.3928250375786402,1.381536348563741,1.2623689785499845,1.4048014394448178
2024-01-15,0.7821691009105072,2.278323239581376,1.3923279500006618,1.3810948157922722,1.2631921458379085,1.4042037081213021
2024-01-16,0.7817878432225683,2.271174137323353,1.3673866474620104,1.3523565788367622,1.2570938116037387,1.3537945237063707
2024-01-17,0.7851208329276109,2.243729713489869,1.3510093357119874,1.336321416087808,1.2466904497478586,1.33830714685211
2024-01-18,0.7914020880331611,2.2607652809956136,1.3548587157126604,1.3387157505250225,1.2545082152257916,1.3279407957923985
2024-01-19,0.7881466796142799,2.2630428822500006,1.345706033923768,1.328672413556154,1.2557682134873218,1.303607670355096
2024-01-22,0.7945019894143983,2.2537901991229092,1.3379596415821766,1.3207846658349773,1.2594347310963991,1.2898977951629162
2024-01-23,0.7938002557303663,2.2586250968024366,1.3413107327736893,1.3240986932040566,1.2699732262131604,1.2949161525545845
2024-01-24,0.8077090669276543,2.262698425996351,1.3560345134104583,1.3392510031613072,1.287493480652717,1.3266292751257596
2024-01-25,0.805732872160042,2.27593646670934,1.362452626491787,1.3449343083194811,1.2889113656769093,1.3286436897474807
2024-01-26,0.8129428960346595,2.2779705929263385,1.3718293166845303,1.3550483942831124,1.2969511861781702,1.350367258045534
2024-01-29,0.8020579665101754,2.291228448768142,1.3664298288488295,1.3481949913950042,1.2864336304704849,1.3251034163207454
2024-01-30,0.8019756454591359,2.2969814156104342,1.3708864252445592,1.3528471986419754,1.2977604209861577,1.3313777104605276
2024-01-31,0.7963812950266852,2.3014286239517108,1.3721768976825293,1.3545408420906677,1.2924162010866185,1.3322603714351648
2024-02-01,0.7890543733039133,2.298600862265753,1.3647954508789308,1.3468618735610287,1.2828356739456475,1.318247887715455
2024-02-02,0.7896329625391079,2.2720220593839415,1.3497706632884237,1.332682266229595,1.2745828400468346,1.3082599289737085
2024-02-05,0.7884272347491141,2.260966083481802,1.343397169307308,1.3268135918202941,1.2711320683174754,1.3043422223119967
2024-02-06,0.7927842455749283,2.2712666970756,1.3447430590756972,1.327794031384929,1.2730371383222876,1.2975984191430308
2024-02-07,0.7924327434449373,2.271873818373445,1.3427068459487965,1.3257235275018213,1.274020282904213,1.2917266375755045
2024-02-08,0.800101904860645,2.2837458299224047,1.3515454812024812,1.3335803034042866,1.277968643002874,1.2968016782257514
2024-02-09,0.7990192080640569,2.277610634335915,1.3458019216684594,1.3275806736458882,1.279107354684378,1.2850939216084414
2024-02-12,0.7963139372581102,2.2732105471745276,1.3411377008284293,1.3223704068437157,1.2783768621024938,1.272260122990627
2024-02-13,0.7874521252751273,2.2433332762345564,1.3214934641784108,1.3036399139750658,1.27284676192309,1.2483657639006043
2024-02-14,0.7812539946913194,2.237132761462635,1.3148539415949294,1.2962336665578815,1.2659500935584116,1.2320482389595917
2024-02-15,0.7889227024441922,2.256343447647705,1.3287921797988322,1.3092065063893046,1.2702100222715145,1.2408034277979827
2024-02-16,0.7956035358832358,2.275059417305435,1.3435538370358282,1.3230276702825663,1.2769246474354379,1.2571059932010171
2024-02-19,0.7958771269639414,2.2753347814195797,1.3438494146299,1.323333027162139,1.2758962742351068,1.2574357115066304
2024-02-20,0.790056066555327,2.2768527897080206,1.3369410909074975,1.3170625457078642,1.2736356271869709,1.2444171314375299
2024-02-21,0.7964666143600677,2.283407127041233,1.348605680144292,1.3294753197950444,1.2855093240383246,1.2816141528321328
2024-02-22,0.7966704728702207,2.2829265719857212,1.3455823998495362,1.3268635639070532,1.28793709862166,1.2748268975732058
2024-02-23,0.7912362538837796,2.2885017363488265,1.3380826129172363,1.3195234075955637,1.2792939245761608,1.2487608621813642
2024-02-26,0.7895040041013668,2.2776169382348956,1.3355093088702779,1.3174766840999004,1.2850292757989703,1.2554881311654758
2024-02-27,0.7923158497857817,2.285514295304574,1.3380210626901767,1.3204461040541606,1.2927891686585047,1.2525033567065218
2024-02-28,0.7950347605899816,2.282819107842973,1.3409203761851172,1.322899129851158,1.2865642147409309,1.2641465516988264
2024-02-29,0.7949386936752058,2.295737875066065,1.3464765624616868,1.3283505525573451,1.2879540610555948,1.2650523148006731
2024-03-01,0.7904958894074827,2.3406424482452914,1.3696817018999474,1.351719381340923,1.2914755494266068,1.279998125655236
2024-03-04,0.7793291882069288,2.3727885269739155,1.390882845575753,1.3712669426194377,1.2975660462094867,1.3045197738602292
2024-03-05,0.7744985241596669,2.3793994476236766,1.3952527232424532,1.375471375202697,1.2897812558703905,1.31084911794109
2024-03-06,0.7682811847152776,2.405781720604731,1.4091681410190404,1.3888851551590873,1.2996382444696302,1.3192707280462437
2024-03-07,0.7645512282285892,2.411811831184395,1.405260685761249,1.3857494778961619,1.3072476081936224,1.3024098036310376
2024-03-08,0.7592554646462243,2.419248896850829,1.4066100623610214,1.3874547253579488,1.2992828473752012,1.299339736613673
2024-03-11,0.7572418162207427,2.4248125179391296,1.4072688367797621,1.3885761914564196,1.3109567228652026,1.2942212046003496
2024-03-12,0.7619596067626777,2.39973801426723,1.3918880614303935,1.3739688799716143,1.3120415559099636,1.2772298247852245
2024-03-13,0.7601510530922811,2.4342428987267235,1.4109541019920766,1.3934527790489595,1.3224012565548164,1.2872196215572616
2024-03-14,0.7674062102025868,2.431885586529001,1.416876551007439,1.3985106976560544,1.3238781279248182,1.3054478768077842
2024-03-15,0.7654431579130219,2.4334107778884753,1.4134482373814798,1.395612217207371,1.331578248247453,1.2923235508683353
2024-03-18,0.7689684734497261,2.440142228780492,1.4215972263594467,1.4036221439729921,1.3369825662075618,1.3065531633557412
2024-03-19,0.7722334665201349,2.4368218207539374,1.422991962610235,1.404679155586559,1.3308423227488182,1.3137583128539987
2024-03-20,0.766711053835666,2.432029006287663,1.4147768296721845,1.3968223596989549,1.3255341369601301,1.2997523197872394
2024-03-21,0.7616358664562911,2.4474721677834563,1.418456796533529,1.4012564228958115,1.329579575960325,1.29837189042392
2024-03-22,0.7608025813121866,2.4237882094303522,1.4060131461839909,1.3890397591791488,1.3236101369631184,1.2867020517704517
2024-03-25,0.7640751111393757,2.4340862839151387,1.4126772968756138,1.396754196832517,1.3324589537606375,1.2861993546935315
2024-03-26,0.7573581065912839,2.4241739866714527,1.4041402847892204,1.3890308675506846,1.323322424974533,1.2729702977927888
2024-03-27,0.7512365513596846,2.4286844946619093,1.4044848295975372,1.3901023190685398,1.3184503280230884,1.263604673909179
2024-03-28,0.7622695079655493,2.4577819562085255,1.4221139511342942,1.4074632748555769,1.333107383170671,1.2827613386546501
2024-03-29,0.7622695079655493,2.4577819562085255,1.4221139511342942,1.4074632748555769,1.333107383170671,1.2827613386546501
2024-04-01,0.7711617284453455,2.4849154882590394,1.4364052327271857,1.4208057052022882,1.339407529515022,1.302432556617046
2024-04-02,0.7849281309538949,2.527115689362895,1.4629561957389723,1.446542254526852,1.3484256973686293,1.3270832629407858
2024-04-03,0.792537735821524,2.569432376961121,1.4890971217179214,1.4710743557504051,1.3624681565025065,1.3442410272210288
2024-04-04,0.7927340125264271,2.552636006046533,1.4897597714848867,1.4729560833967044,1.3709885056293216,1.3383921181195602
2024-04-05,0.8012384244988906,2.584963737209661,1.50644271260117,1.489313416401985,1.3761433676788204,1.3507217939340772
2024-04-08,0.8049011331856181,2.608089756810893,1.5141107273043797,1.495216883412745,1.3814501290162358,1.363608564477683
2024-04-09,0.8061479220620976,2.6215428333405755,1.5184796430664833,1.4982650238534763,1.3837395446367606,1.3689093860276533
2024-04-10,0.809269221712104,2.6189086838006723,1.5202427149620772,1.5003931328387043,1.3862501181041345,1.3742531057345788
2024-04-11,0.8022053476270173,2.619041376135505,1.5187250927932812,1.4990284378760803,1.3761310003045026,1.3553359474241164
2024-04-12,0.8041516331889026,2.6236754879262563,1.5232561542286578,1.503723796331283,1.3855764649830418,1.3604016076633114
2024-04-15,0.8005116000439726,2.616925188108471,1.5239231846993886,1.5039094084265179,1.3854742894488712,1.3497616712318434
2024-04-16,0.7976194651714285,2.643234459588835,1.529209831744129,1.509519758196545,1.3777913450841646,1.357225796654089
2024-04-17,0.8061535263434524,2.647213777704142,1.5127855561666173,1.4915943075730809,1.3741734268841703,1.340450485234573
2024-04-18,0.8078369363673191,2.6696915029489268,1.5180437759170484,1.4966608175151215,1.3811616721699715,1.3496933767243482
2024-04-19,0.8033158118794392,2.6800059751212246,1.529253846151561,1.5070581263411442,1.3968849974979025,1.3572376577913952
2024-04-22,0.8202205600225794,2.6439792563449847,1.4901732253948512,1.4711772693081258,1.393974551971574,1.3353079110244115
2024-04-23,0.8159624113596362,2.6431991190554847,1.4973297678659545,1.4796466378923123,1.3896045266327408,1.3455760367945662
2024-04-24,0.7920035161763306,2.614602616182387,1.4830114336816116,1.4639414951220964,1.3880748009204984,1.3137781716883121
2024-04-25,0.7853190283401139,2.6103966837159502,1.486529739805041,1.4682774200156103,1.390188948550126,1.3151106538417048
2024-04-26,0.7817597014016332,2.603832165265846,1.486243477329697,1.4686299110493573,1.3869007488853384,1.311624580759572
2024-04-29,0.782495881041019,2.6347127524800116,1.494370102853502,1.4751873917366491,1.3891836891797649,1.3287170929303291
2024-04-30,0.8004358406789756,2.5774642835466532,1.4606125298246158,1.444379546688515,1.3722892251859724,1.3007122625546481
2024-05-01,0.8061186852662303,2.5908445207797595,1.4501849960061028,1.4295449307180579,1.3490266014441354,1.282467982198137
2024-05-02,0.7994990899744839,2.603806592777915,1.4587867408997737,1.4386495578659915,1.3452659165018042,1.3013423042293715
2024-05-03,0.8032005719725398,2.6041509138455163,1.4607408076836013,1.4403285252064768,1.3585936683706508,1.3139426950305053
2024-05-06,0.8076945834082195,2.6435170317851955,1.4849622985715603,1.4621616049520638,1.3642300560305662,1.338228922742127
2024-05-07,0.8091860667798474,2.635768311693951,1.4821134603690223,1.4594764526879844,1.37714941115462,1.3374710400788616
2024-05-08,0.8088089688970819,2.6407274535688736,1.4828028083602343,1.4605308901030423,1.370888709339513,1.3365983066781897
2024-05-09,0.8062636704869905,2.6562922985981614,1.5067217268999065,1.4825171578183134,1.3773192193954051,1.3672181508088568
2024-05-10,0.7943392332936626,2.677113627998537,1.5116239897956303,1.4846641721835472,1.3799126202645713,1.362300021401271
2024-05-13,0.8084562255935039,2.6474936189368243,1.511765852205241,1.4867646558012044,1.376193556259991,1.3789699862382214
2024-05-14,0.8038423471814411,2.661818620483236,1.5144756642720527,1.4869302942547906,1.3769158216349948,1.3753037505033827
2024-05-15,0.7973414051634445,2.6884965329673287,1.5441794643354196,1.5136606382440811,1.390688744690925,1.4048636167699773
2024-05-16,0.8001235273015086,2.6707056362092354,1.5501328911176182,1.5208430557790977,1.3924197759641532,1.41905738962227
2024-05-17,0.7869481953959747,2.6871003096960435,1.5880073531986676,1.5558272420382162,1.4124591705213465,1.461810495222231
2024-05-20,0.7823142798981533,2.6764392947530298,1.6152594903368476,1.5791503667317421,1.4286870864805261,1.494942486116849
2024-05-21,0.7842654846616397,2.683766385721725,1.5997018397081613,1.5632038821387864,1.4299797255866271,1.4745436839855517
2024-05-22,0.7985622382164348,2.6158713076636464,1.587653650446659,1.5537660759540246,1.4190623780025116,1.4821104580208158
2024-05-23,0.8136611220683065,2.616729373172476,1.5466870075133405,1.5161816160814094,1.4120340155628497,1.4349737906710485
2024-05-24,0.8105872411992046,2.6492391382174407,1.5424573862199176,1.512456470212583,1.413603492393892,1.419941230607168
2024-05-27,0.8145176095981526,2.6509770089502345,1.5463092144799744,1.5182420277553101,1.4143354201752105,1.4241686840837968
2024-05-28,0.8196083982008068,2.6773102532077955,1.5828668767493543,1.551056986851373,1.4407255838808246,1.4615287490261282
2024-05-29,0.8187406276496485,2.688436818036842,1.5737419153923007,1.539865662130424,1.4319963129048658,1.4455382378892656
2024-05-30,0.8078815450529436,2.6935842073207863,1.5519896786707637,1.5170166604772952,1.4108255201556474,1.416195739631103
2024-05-31,0.7961953491316557,2.6590631521618877,1.5317374855595784,1.5012129315201337,1.3983255964544974,1.4018146416939052
2024-06-03,0.7773711911000747,2.6588648602211706,1.5410019764848717,1.504137752523202,1.3964815742085548,1.4203697364839643
2024-06-04,0.771817441364743,2.6413178401736936,1.5075882819759043,1.4731480533640304,1.3792360484927177,1.3778836672546861
2024-06-05,0.7750814352895675,2.6531832779207813,1.5340701393038292,1.4997035004822492,1.379196148581783,1.4141123156466864
2024-06-06,0.7849989480735039,2.6759567167456453,1.564831785420744,1.5279433508599203,1.4003351235848416,1.4463462119054769
2024-06-07,0.7869037330733907,2.5899608238020195,1.5244160520561887,1.4977238519538791,1.3762763381727792,1.4254525516392367
2024-06-10,0.8015526181511947,2.589872107388965,1.5383932081345932,1.5138932092228516,1.3804594741623837,1.438541962011292
2024-06-11,0.8010539306036233,2.5590826736946464,1.5412127987310666,1.5223080623367469,1.3808878762813757,1.459634508419557
2024-06-12,0.8066986611576022,2.5914547217560373,1.5627579083026548,1.5389106083320343,1.3958245712666955,1.4702466126265175
2024-06-13,0.7990843655968751,2.5546184185711365,1.532498068635286,1.515255814792999,1.3920594841789076,1.440243079437848
2024-06-14,0.7959452129724429,2.5854408204603136,1.543049289424143,1.5217028596895477,1.384312905436284,1.4400401019942992
2024-06-17,0.8041463889273878,2.5620730521424133,1.5381005759183433,1.520778401547628,1.3789101303884812,1.431383847620212
2024-06-18,0.8109896140194081,2.5707598712580695,1.5556680985969167,1.5402947281322426,1.3883457721347727,1.4563218683988777
2024-06-19,0.8101076525540115,2.5727603427499353,1.5547127053274294,1.5387970432800715,1.3902838631589092,1.4552555735066235
2024-06-20,0.8169189517485976,2.5992092257786146,1.572984021235342,1.550087790960719,1.3884045904396147,1.4559286845117105
2024-06-21,0.8024529655132447,2.5631429145619853,1.542165467026489,1.5251422865944106,1.3759103043644645,1.4290444558448476
2024-06-24,0.808665615900559,2.5657146904270984,1.5530263900621604,1.5387007799860968,1.3781598137757913,1.447181394478105
2024-06-25,0.7961510826206181,2.558082567441993,1.533580214591053,1.5202959659015158,1.367157719890766,1.4258198268320925
2024-06-26,0.7934906623320559,2.544041025810805,1.523980786965736,1.510438947606715,1.3683984140369014,1.408362884910436
2024-06-27,0.8006656807779389,2.545611140347001,1.5319237554439733,1.519664410265636,1.3652766267986514,1.4087755304180225
2024-06-28,0.7996715296786985,2.546710946438839,1.5330019731728735,1.5183861025819323,1.3680198160667632,1.40210227376972
2024-07-01,0.8049998902073077,2.5283115039503823,1.5333410717353877,1.5210353192626567,1.3673877880195022,1.3928665338110708
2024-07-02,0.8020684534301358,2.5245003485070407,1.5287894456283382,1.5152938876715556,1.3719111804137807,1.3851718216970055
2024-07-03,0.8162602545597883,2.56060215578485,1.5586274952825105,1.5404006023475194,1.3816205712392713,1.406651481955702
2024-07-04,0.8166752595395936,2.5603880565261434,1.5589340940543897,1.5408873062936779,1.3808277186342037,1.406981372078112
2024-07-05,0.8181241703004947,2.584861700781713,1.569386453974537,1.543302437720998,1.385739382072046,1.4028766393139191
2024-07-08,0.8058802244379707,2.552785611432949,1.5492262320471186,1.526854926054046,1.3731925935144487,1.3930779483712794
2024-07-09,0.8090467809262881,2.5553200891126964,1.547105237057513,1.521123254766605,1.3682336806930109,1.3877745284852478
2024-07-10,0.8079009163319096,2.563655428841886,1.5506744436077746,1.5252518406512539,1.363127585944041,1.3885514177450724
2024-07-11,0.8000090354864721,2.600909263568989,1.5692315789771838,1.5389164858048776,1.368728122421856,1.3944577724286777
2024-07-12,0.8006295114872654,2.5957206274567635,1.5645222517230872,1.5365180351501977,1.3682863432638799,1.3964897338678268
2024-07-15,0.8010534531743788,2.587587725560907,1.5531862797512948,1.523771677353459,1.3579205252610245,1.3689181654195317
2024-07-16,0.7891470986080961,2.6241606961888015,1.5687105980765557,1.5330281717806502,1.3494989108266373,1.3805639947388486
2024-07-17,0.7985920093422996,2.59455661133465,1.5481456196201084,1.52014398484202,1.3466074802532841,1.34905950328005
2024-07-18,0.7970207931850711,2.5963588839617064,1.5514571853726258,1.5252054341036914,1.3408724444296243,1.3621178621199395
2024-07-19,0.8043109549618951,2.5353210437489904,1.5139652129493895,1.4886900443171003,1.3221715221143038,1.3344745062798207
2024-07-22,0.8067227300557646,2.5372928730825737,1.51997838489309,1.495451462606636,1.330572427582293,1.3524806698221838
2024-07-23,0.7988212233762398,2.5510088629198324,1.5145143363216247,1.485614741938402,1.3206291732463735,1.3391710607919927
2024-07-24,0.7986878608608301,2.552208955672224,1.5150877391425368,1.486891308233766,1.3166936592560285,1.3322509782310765
2024-07-25,0.8090392069109426,2.489405094967193,1.4777152652462426,1.459627713431243,1.3107929058043128,1.2993990396431057
2024-07-26,0.7972215309120577,2.515449767820995,1.4791368555152364,1.4561722622442308,1.3037397341603083,1.293366531524986
2024-07-29,0.7832764924524684,2.517265787493949,1.4646831262623186,1.4381088526052805,1.2932931938563255,1.2698644403770953
2024-07-30,0.7740547317968421,2.555502482658124,1.4820775558815495,1.4493365430407699,1.2953161411981877,1.2903048070867347
2024-07-31,0.7825936390406855,2.5295872884371535,1.4960099532016728,1.4644659746816269,1.310206890309564,1.2926575940352807
2024-08-01,0.7718039412810744,2.540384657748258,1.4823176168595815,1.4489834066273604,1.2932316068030212,1.2725064467387983
2024-08-02,0.7608579091239561,2.5748644078713427,1.4676061843110682,1.4292035292826917,1.2828817038772935,1.2591309690093357
2024-08-05,0.7489072175170037,2.572879940737893,1.4412125055555112,1.4079318416430842,1.2689025643718463,1.2365483118395837
2024-08-06,0.7499912431676733,2.566630064822747,1.443213820409978,1.4116535827710135,1.2752537814832967,1.2466749333730878
2024-08-07,0.7538007622172144,2.537279381211477,1.4533839880784112,1.4282483007663724,1.2831508890076817,1.2668909359386478
2024-08-08,0.7648802782587709,2.5440121095483095,1.475073279080904,1.4475988833170674,1.2849338802401804,1.2844442538018366
2024-08-09,0.7681995677353803,2.5414162307010306,1.4804227975310666,1.4539154845887263,1.2960669954695323,1.2899790237604067
2024-08-12,0.7819950182057571,2.517119706415777,1.5074890528144305,1.4835022519298608,1.3081919819727148,1.3165091955898052
2024-08-13,0.7784882537275685,2.545648424078139,1.4966385244449938,1.4703391657384561,1.293829255310313,1.3016869449756903
2024-08-14,0.7698626363100984,2.536241796763736,1.483771413905604,1.459918513247079,1.2934585706099562,1.2999652297246649
2024-08-15,0.7799565267994486,2.5380202516335024,1.506070953363034,1.4785929487986345,1.3052242796105038,1.3163454370003735
2024-08-16,0.763791017723922,2.5858141303303404,1.5143453914820777,1.480814748266924,1.300660236605045,1.3107050851703934
2024-08-19,0.7627334691038343,2.6031739298348637,1.5205426159517652,1.4842341597175892,1.3106653216964868,1.3253722139805002
2024-08-20,0.7575097460510356,2.618955331219644,1.5218297292104905,1.4830640390652716,1.3131092232513748,1.3215894604750256
2024-08-21,0.752653984402778,2.6264984552674453,1.5151680856698908,1.474471056619167,1.3120890921828763,1.3132313888393454
2024-08-22,0.7595470005251559,2.61198816968903,1.4977952368801475,1.4591559158376504,1.304936278635707,1.2901870068967574
2024-08-23,0.761311230231819,2.638720474343408,1.521352927484396,1.4807000171723268,1.3228821096095555,1.3053240648299247
2024-08-26,0.7786585775983355,2.656991736128661,1.5314928359606443,1.4916250189327336,1.3305404644134613,1.3077387626133608
2024-08-27,0.7720024858085093,2.6505469303028777,1.5195052860777973,1.4763340756105654,1.3326525109358147,1.2909255010729754
2024-08-28,0.7665937218270251,2.6206228173544366,1.503474894230367,1.4632714433320917,1.317696257726858,1.2814029155390334
2024-08-29,0.7675254171372552,2.645069017812545,1.52177513116399,1.4819617885614738,1.3242014113845924,1.299363973851459
2024-08-30,0.7712149626008261,2.604414761710466,1.4969522989988793,1.4596195696483565,1.3159390499680261,1.280042956068326
2024-09-02,0.7735325929075207,2.6065980859951385,1.4993493245669323,1.462556522327609,1.3141100148376912,1.2824866340476304
2024-09-03,0.7460999950426018,2.5715249227481953,1.4768903030206326,1.4408453825791645,1.3000196519359892,1.2689936122006227
2024-09-04,0.7429805651457415,2.577695460175282,1.4728739592080409,1.4338601522054375,1.290135168317282,1.2590678737638088
2024-09-05,0.7381013640735367,2.5999330289182305,1.4913846796206989,1.4528634313033784,1.2939685842814976,1.2832960854708106
2024-09-06,0.733114671879322,2.5680488974065416,1.4684245636001874,1.4325194598617366,1.2741864233158684,1.2665424227428788
2024-09-09,0.7408222858738958,2.5829028675003025,1.4745240854258925,1.4351838368914678,1.2851893125739244,1.2618688443659944
2024-09-10,0.729109691782239,2.5947056405981246,1.4690856075892298,1.4295103222603913,1.273675926747848,1.2602364773311225
2024-09-11,0.7407167444249152,2.594133475129786,1.4815869274105118,1.4424348005931253,1.29253708135431,1.275366241875619
2024-09-12,0.7573294058086201,2.638778521271754,1.518401650834566,1.477368316134624,1.3107098883576658,1.311673362237513
2024-09-13,0.7594356707477996,2.680693502795763,1.5344445437771854,1.4888025577114805,1.3199468435601518,1.3172477465127927
2024-09-16,0.7682479979777879,2.680923982682027,1.5440407621350314,1.499984321954249,1.3304948079393732,1.33268403805028
2024-09-17,0.7712933610666358,2.663654966684453,1.5391437184020735,1.494952752661754,1.3343131410588978,1.3263976942187037
2024-09-18,0.7674113825091492,2.661239747042231,1.53458627248217,1.490347947779437,1.3382458209037722,1.3183584974320326
2024-09-19,0.7830195518154885,2.688026049208474,1.557859516820705,1.5128616535256605,1.3508174967016133,1.343243582673539
2024-09-20,0.7859796133801008,2.7185310963319926,1.5705467625950191,1.5268733547008377,1.3486812500788756,1.3586862280525493
2024-09-23,0.7855575190974031,2.7243987291956926,1.5744611997783573,1.535667431974056,1.3586897979963581,1.377449742933187
2024-09-24,0.8001879112841972,2.765907307435952,1.6012009583598796,1.5572969809896244,1.3781035875572158,1.3933658563096183
2024-09-25,0.7899302058577313,2.7587385090871357,1.5949630694129893,1.553465537974737,1.3786112042289838,1.3936607278073996
2024-09-26,0.779745691665497,2.770915192389244,1.5906777475327598,1.5466687410813948,1.3824212903558857,1.382925284361502
2024-09-27,0.7800085070966136,2.7430445249668107,1.586348999305886,1.5465659178660913,1.3839294668539275,1.3943913218838075
2024-09-30,0.776254157186673,2.7288750506056427,1.5794264969375509,1.5410277268596155,1.3779859927704652,1.3908042331370734
2024-10-01,0.7899008027076039,2.759437853050413,1.598616934535634,1.559376969903519,1.385778729278315,1.4039399267162918
2024-10-02,0.7930196249990467,2.749872881487557,1.596584144070353,1.5566544082798246,1.395634030439672,1.4035491309224448
2024-10-03,0.8133302435230176,2.7741703219540974,1.6271418242789757,1.5874596282256468,1.400359388452997,1.438583073079987
2024-10-04,0.8226022767534196,2.770494852099313,1.6194347117470627,1.5780498178943179,1.4016427248924277,1.4242152559214285
2024-10-07,0.8418756594018868,2.7750319158858128,1.620965356362337,1.578710119431898,1.401710531265426,1.4193444975056306
2024-10-08,0.8345656644336681,2.710963047390935,1.5777444804895338,1.5400352396104229,1.377412908881224,1.3815842042903443
2024-10-09,0.8369449681809898,2.7027257721095803,1.5699130840780924,1.5306713637562495,1.3693722965394253,1.3692365267033533
2024-10-10,0.8463475981363561,2.7294560517469457,1.5939597115768913,1.5524060970184141,1.389181827960798,1.3919230011033412
2024-10-11,0.8405495051538447,2.762226144181614,1.6068983492200726,1.5633472322570146,1.3960587374584297,1.3953738954372115
2024-10-14,0.8364228750767981,2.735241511320223,1.5840977970959624,1.5397425312691255,1.3773488368305158,1.3639140484327152
2024-10-15,0.8158285033195994,2.743635455141915,1.5798294458810453,1.5360525803426108,1.3648009556694112,1.3567862956635934
2024-10-16,0.8048681210412598,2.7390385102026373,1.5784069420242957,1.5311725818305804,1.3625951998082773,1.3426973529750807
2024-10-17,0.8017568456842379,2.7442261909512977,1.5798659874206658,1.5329662410721372,1.3610447312469154,1.3408721111922501
2024-10-18,0.7881648210659753,2.7718191177096836,1.5931990913506482,1.541560941938114,1.357541781156783,1.3401702110401688
2024-10-21,0.7948316637848286,2.7974680867079025,1.6150087079822384,1.5607546545463997,1.360635242393383,1.3633176787951253
2024-10-22,0.7998040668148315,2.8232393156226445,1.6403164780086257,1.5817649582793678,1.3716945319434979,1.3834331467346
2024-10-23,0.789896460969954,2.80244362001315,1.6147246658582008,1.5612256990908966,1.3690113954385,1.367530559732335
2024-10-24,0.7953230205361957,2.86058880301645,1.6275567877608221,1.5795754673735025,1.368438284796049,1.3930886074841964
2024-10-25,0.7984838952046411,2.8696083451716063,1.6387261446183856,1.5904913319874185,1.372202185631369,1.4068534778468507
2024-10-28,0.7727432604030968,2.8330985797325154,1.6067465393293172,1.5561536763958366,1.352681325783927,1.35339807717072
2024-10-29,0.769234943942876,2.862676907025832,1.6195124094413587,1.5692023777816535,1.3587157278493542,1.3648221579804143
2024-10-30,0.7643550458286434,2.863065183568548,1.6262385049096153,1.5761655518904196,1.361919796540144,1.3689437354802243
2024-10-31,0.7663097743002673,2.7879393698897115,1.5930126948507346,1.5428697062812122,1.3542744487800276,1.3360944257934382
2024-11-01,0.7624841038176822,2.7756020290254138,1.5905525502352993,1.5398662822380391,1.3554027679185214,1.3307668052750354
2024-11-04,0.7577533405011005,2.7938231606135013,1.604097970187195,1.5536988671114107,1.3641493848622113,1.3533444185777481
2024-11-05,0.7558869550016308,2.7761681969551435,1.6034901059763176,1.5507226982070195,1.3687528153695256,1.3440139962963993
2024-11-06,0.7447542964720368,2.715466336691256,1.5675748250723525,1.5190530830296742,1.3548867047994257,1.3273132010099047
2024-11-07,0.7475013214230973,2.739371675652176,1.582402846221713,1.531502882406505,1.376800248037036,1.3331165797631166
2024-11-08,0.7397707307640556,2.719312941834413,1.5653725057995225,1.5163173263556438,1.3565987214044462,1.31684862559607
2024-11-11,0.7535394555088857,2.675732459457388,1.5386813006080746,1.4957503164490005,1.348014554967279,1.3204892920540894
2024-11-12,0.7526670424884196,2.6699663480344347,1.537305403242026,1.4935510185356504,1.345337173846373,1.3194411978784717
2024-11-13,0.7579531637563433,2.6549676910494555,1.5361708846735351,1.493302060710515,1.3464819256191178,1.3261871531293383
2024-11-14,0.7476738123649723,2.639605142908449,1.5236733416497772,1.4778927321946116,1.3412243792563536,1.3028362003364857
2024-11-15,0.7487073356842078,2.6358150432145244,1.5162722822171992,1.472158181183,1.3402928569809123,1.298619488323489
2024-11-18,0.772131341063014,2.6862875666667727,1.5553161871754966,1.5104919489919062,1.3610167343353423,1.3401511445058654
2024-11-19,0.7760442768746328,2.698977164894055,1.5612754664086892,1.5169092249845144,1.3655850359997552,1.3455307767245557
2024-11-20,0.7851583485657265,2.7059156622180778,1.5701704537236465,1.5297155857229645,1.3724737260688178,1.3650921227075183
2024-11-21,0.7893052683511939,2.7162485537161825,1.5883446442351534,1.5494971454048516,1.3768710436466363,1.3897786585856322
2024-11-22,0.7807184032411375,2.7531562192718626,1.5987162426883579,1.5565999617187432,1.3823998313616832,1.3814425336585794
2024-11-25,0.800744123205733,2.6610021719353316,1.5610199417229977,1.5238344449915429,1.3770973273912452,1.37413728560169
2024-11-26,0.8000393430649152,2.6668864048016534,1.5659046738507525,1.5291110437287088,1.3803307156049878,1.3819095669971577
2024-11-27,0.7918909721713611,2.6741311114268194,1.556617484864813,1.5175291337883179,1.3773926282515025,1.3550910106940726
2024-11-28,0.7921897397809947,2.6725095435029274,1.5586404588621838,1.5195347107320227,1.3769399425777757,1.3571905866311669
2024-11-29,0.7902135368382176,2.697398988245142,1.5754741759756892,1.5369136825288419,1.3809432545627138,1.3806023384765915
2024-12-02,0.7914196285159583,2.680395136951834,1.5601748069478207,1.5207468104061783,1.3715655658943466,1.3595263261279955
2024-12-03,0.7854671438499212,2.6910833893832113,1.5717567590519999,1.5294685515354922,1.3789422633167878,1.3581246902954625
2024-12-04,0.7803270833695765,2.7106277847585734,1.5735265534996754,1.530355886918948,1.3781777119916776,1.3576565734616213
2024-12-05,0.788637573130757,2.685836507962748,1.5621672338029136,1.5202073269663736,1.382118992134552,1.353227711242446
2024-12-06,0.7859458638883816,2.6968211012308534,1.561156128420767,1.5189962604997098,1.3821269999376358,1.3502666902293332
2024-12-09,0.7739209521359687,2.7377862474943204,1.5905946571568674,1.5476116844180758,1.3953234224320277,1.3809785956194083
2024-12-10,0.7669353853863419,2.760975052927085,1.600226537676569,1.5566316226906085,1.398254273259737,1.384775676902932
2024-12-11,0.7567025395116204,2.787696541275988,1.6287756047233095,1.5865373896178865,1.4072708161179341,1.421896131395371
2024-12-12,0.7744728245067148,2.723444228708739,1.6018440315382634,1.5626559932277129,1.4019246977064364,1.4088570373689417
2024-12-13,0.7842047962955384,2.6850533389935483,1.583006567236185,1.543725688206325,1.3987119322104669,1.3852283487811037
2024-12-16,0.7838744884757969,2.684218511568704,1.5765129880431428,1.5365682532315668,1.3956092101494613,1.3751835892751945
2024-12-17,0.7874287345136084,2.681815138481667,1.57351903818645,1.5347811490631746,1.3855801704741433,1.3794289141651699
2024-12-18,0.791632452923822,2.6734663404925065,1.5724900226079876,1.5347217513656664,1.387508817161148,1.3840570638943974
2024-12-19,0.8149705477373397,2.6272415682869683,1.5492703906544814,1.515715451758487,1.37479040589684,1.3823376843222557
2024-12-20,0.8150780509042134,2.654729117128715,1.573027160489824,1.5395016407114783,1.3869315256215735,1.409748377711013
2024-12-23,0.8164533520198065,2.654399114468371,1.566975409778967,1.5324507612588794,1.385177347476511,1.400111971106288
2024-12-24,0.8202681406495382,2.643407604254913,1.5854185609709348,1.553425056248173,1.3967137428524619,1.4344023809620152
2024-12-25,0.8202681406495382,2.643407604254913,1.5854185609709348,1.553425056248173,1.3967137428524619,1.4344023809620152
2024-12-26,0.8163862752074823,2.664253109712125,1.5820556117946603,1.5479851644063765,1.3898478451585514,1.415572408523739
2024-12-27,0.8159863955261285,2.6365767080270572,1.567147033508875,1.5334328313642507,1.3804505702011718,1.3930605358191206
2024-12-30,0.8119439170430154,2.6269881560644874,1.579488376837046,1.5505676900282879,1.3937338817022886,1.4426578630038254
2024-12-31,0.8066637653279765,2.643061171426312,1.5753651709945138,1.5462734322763343,1.3917083894514897,1.4191742480804832
2025-01-01,0.8066637653279765,2.643061171426312,1.5753651709945138,1.5462734322763343,1.3917083894514897,1.4191742480804832
2025-01-02,0.7968643873016549,2.6508039000819177,1.5987444670230693,1.5692941907924578,1.3968456125189734,1.4396556547157393
2025-01-03,0.7982217815405427,2.658369998419483,1.588004068704041,1.5591953536272225,1.3874876367841769,1.4123624994027801
2025-01-06,0.8022294641358524,2.645821878896821,1.6056479669542285,1.5756684495227444,1.3990352544932707,1.4500016338584438
2025-01-07,0.7988105730812473,2.665901140710986,1.6065996819923303,1.5772521149595595,1.4008258221220067,1.4353182248053635
2025-01-08,0.8075823295339951,2.6647694161568585,1.6129141512416356,1.5816398602572443,1.3936654306532608,1.4531664980434766
2025-01-09,0.8041829634371934,2.6670278406243577,1.627613129220819,1.5961788833702126,1.4059355398835256,1.4680945109904628
2025-01-10,0.7900695159705745,2.646462688495217,1.6619124833255152,1.6322137321277934,1.4275520840926852,1.5169431184164333
2025-01-13,0.7773126623995096,2.6105832872730486,1.641612472965487,1.6154152364102154,1.4340147860082295,1.5004846424421143
2025-01-14,0.7832057588535185,2.615477173351375,1.639819093408302,1.6121893746133171,1.4294307145943697,1.499704266402087
2025-01-15,0.7840053902175795,2.6349623977127288,1.6793445090431809,1.6516773680969399,1.4432520410533078,1.5399806445044648
2025-01-16,0.7940453398636541,2.644031330719649,1.694279049837031,1.664223881783227,1.4426078562860882,1.5601646001069027
2025-01-17,0.786643426506063,2.6589665488340444,1.6723855942858432,1.643061947829938,1.443610032870637,1.5218101168189178
2025-01-20,0.7890601085972536,2.6612612274300953,1.669619376729888,1.6395547466774294,1.444911688903482,1.5188091229472127
2025-01-21,0.7847817591401706,2.6913112611205627,1.6665027477727663,1.6345991855005502,1.440062792282425,1.5021120172522304
2025-01-22,0.7938741834077192,2.682355405452084,1.675286491017919,1.6417566814947946,1.4414950362674492,1.5218093125361771
2025-01-23,0.7925480867493421,2.670405780060101,1.662018146741942,1.6284118509722594,1.440339644068508,1.50913702437577
2025-01-24,0.7978004063568493,2.6803431775037048,1.6746829805087768,1.640025763229972,1.4449684955631699,1.5241498862132543
2025-01-27,0.7808130236125658,2.6683983137818705,1.6347411728901582,1.6017320740042815,1.4274838112926027,1.4710934526872668
2025-01-28,0.7607868388332143,2.7026070290539392,1.6417531117883344,1.6087803689805662,1.4276158688992582,1.4600901273052769
2025-01-29,0.7708672577026556,2.7161562110453352,1.6471721819301623,1.6114028615109377,1.4401560214321196,1.468350032911393
2025-01-30,0.7744108216076673,2.7716606070926035,1.6713884226136244,1.6336615608205052,1.4423579130750384,1.4752692284233544
2025-01-31,0.7724820354884645,2.7620806821907085,1.6649462124495944,1.6277601935090935,1.4344675919490986,1.4702938172989186
2025-02-03,0.7934721217179763,2.7688947793871352,1.6904766208736568,1.6502651950060176,1.4461150353847168,1.5148550084238699
2025-02-04,0.7938160965654752,2.7909601949109573,1.698790605646701,1.6583536100810319,1.4544436529079083,1.5130661644755625
2025-02-05,0.7990317667047997,2.806715721839802,1.7002024729122092,1.6553078963168273,1.4552626130858741,1.5194725122260089
2025-02-06,0.7993694598278608,2.7937027091317015,1.6918313753946184,1.6471066395684297,1.4564565376923504,1.5169838888067826
2025-02-07,0.7982022891210763,2.795589729570865,1.6896395595023215,1.6464318064860919,1.4571808393200807,1.5072578961295962
2025-02-10,0.7952274250958085,2.8033435783949803,1.7141295600752815,1.6705126861595578,1.470221474043338,1.5352947026830335
2025-02-11,0.7994024595337594,2.7858343516193953,1.7200269805420192,1.6784405624091543,1.4736212377896718,1.5472555114218058
2025-02-12,0.8000607521438364,2.81035454691643,1.7189090522663342,1.6724811864167428,1.4735939538359257,1.5481554852466308
2025-02-13,0.798186498093922,2.815326286799493,1.7243360569645032,1.676727800116738,1.4803905539113014,1.5556393655138065
2025-02-14,0.8015847919277697,2.797397465110554,1.7173066467661013,1.6695001696909382,1.4777068521228822,1.5601990088284223
2025-02-17,0.8005617991967129,2.7927882438892793,1.7195920682336974,1.6727196352190383,1.4787896343228275,1.5626744532249341
2025-02-18,0.7887046354813692,2.808765214054206,1.7538318185535073,1.7030804976487375,1.4888005750138507,1.608227501003687
2025-02-19,0.7902504936371499,2.7827048351735195,1.7574958853546732,1.7057488883042493,1.4880262632658352,1.630960154260229
2025-02-20,0.7837323919035726,2.804391539577195,1.766662947708779,1.7151410471385533,1.490177082176581,1.6296363004543342
2025-02-21,0.7952303872593632,2.800417540921782,1.7526290356986491,1.697832306699424,1.4727412941246383,1.6206759042526817
2025-02-24,0.7979085409369333,2.8085694511906385,1.7425797754522214,1.690993049645751,1.4545253288705602,1.5960578389606561
2025-02-25,0.8145915632557533,2.7700056031623674,1.718292958379193,1.66516291107387,1.4469905105484682,1.588926468383676
2025-02-26,0.8159343075112303,2.8022832908003292,1.7154660617499313,1.6621162236030829,1.4454286452301681,1.5678853453858292
2025-02-27,0.8217274466165542,2.7671906756991143,1.7065867664571748,1.6581881808113053,1.4401718740648761,1.5632526011018335
2025-02-28,0.8362313843281585,2.7384049837186306,1.6777758437938322,1.6312685559055384,1.4196942227906417,1.534948130282648
2025-03-03,0.8199280552688147,2.7752128975124366,1.7081612366719539,1.6539157061089953,1.4206457696240467,1.574495168931571
2025-03-04,0.8174425679124684,2.777801726993621,1.7196553107336743,1.6617874027388082,1.4217558921532523,1.5966350906756088
2025-03-05,0.8084286678569137,2.8017387774374907,1.7261894067708057,1.662551941482883,1.43185132671751,1.606046435970297
2025-03-06,0.8063922704816299,2.8133421512365833,1.724887316740252,1.6621394488910752,1.4370713023074435,1.596137397457794
2025-03-07,0.8101728782352277,2.7861983179066825,1.722612768398212,1.6618428284543345,1.438868787106067,1.6023410852989466
2025-03-10,0.8181289886033165,2.778923070693696,1.7125558972647075,1.6502730853432006,1.4394703171433674,1.5990551793756893
2025-03-11,0.8151459829107076,2.7975940929664693,1.7268204163035463,1.6634958123789476,1.4446792056538549,1.6078471754265724
2025-03-12,0.7943631851995634,2.8272507286611503,1.7362694049341125,1.676150086767057,1.4492801474682566,1.5933583160620117
2025-03-13,0.7967350840000667,2.8658757557541272,1.7509509250032387,1.6869349928138233,1.4497710196621898,1.602667271351448
2025-03-14,0.7920662565529001,2.8675482556210974,1.7585316140444203,1.6950787434560877,1.4475254498879009,1.6087323121237953
2025-03-17,0.7897724386934765,2.8708876228359075,1.7574995814667138,1.6955677092102885,1.4580859502783665,1.6023808938651298
2025-03-18,0.7890845597183874,2.8993030937202446,1.7719279139592166,1.7076457044355051,1.4575680809246103,1.6134463051107775
2025-03-19,0.7935739883537974,2.8725029901765313,1.7725518676905847,1.7077299103904826,1.4626632378857236,1.6270558812471148
2025-03-20,0.803488874223969,2.884677957852112,1.7667003007363873,1.7061794240676285,1.4602689651816618,1.6058171642903454
2025-03-21,0.8113148792267775,2.8599535508204186,1.7550456354841169,1.6959119155134617,1.4503593813086944,1.5982832719103224
2025-03-24,0.8143572463768074,2.856231694381937,1.755160347461862,1.6977824735669382,1.450359361430098,1.5953184164728134
2025-03-25,0.8216569221615523,2.879386161287833,1.765067020094943,1.7067441016617386,1.4563399669554957,1.5980120971679195
2025-03-26,0.823078070788949,2.8765560227868283,1.7697639758057122,1.7121392657268775,1.4558340212070058,1.6045354371569112
2025-03-27,0.8305904956258832,2.9141438651565057,1.796129995482724,1.7359869812929971,1.4545456511619783,1.6303536030525587
2025-03-28,0.8273321784265163,2.9204315468760265,1.8021463021064403,1.7407807476334596,1.4531774697826405,1.6426181485331723
2025-03-31,0.8300538501490998,2.9284732293203897,1.8163977537115032,1.7558088384911508,1.4565568337407324,1.6566551243718268
2025-04-01,0.8288899352176756,2.9299170377738624,1.8031543166753603,1.7435272763922287,1.461391663855158,1.6339585689034415
2025-04-02,0.8344463638485998,2.940866572854424,1.8194857265921804,1.758948666183425,1.4693559359918458,1.6539687869165947
2025-04-03,0.7950234643776766,2.8894726193993137,1.750191524130007,1.6902663921476684,1.4311788656074367,1.5980286225086955
2025-04-04,0.7690363791804906,2.8415401719563675,1.654528587054657,1.6000621535799309,1.3664349280397365,1.497772534089953
2025-04-07,0.7574376127239756,2.8424868904901515,1.6310534910416203,1.5733202853958261,1.3459063743197424,1.4693250122203434
2025-04-08,0.7546449307798551,2.878182294165102,1.6213550741209701,1.5611385450600963,1.333997141620514,1.4453775499394401
2025-04-09,0.7566702868920612,2.8776982254976065,1.6819680924381408,1.6222218843669098,1.3585123885007446,1.5168588941262515
2025-04-10,0.7641262812596719,2.9688744746744775,1.6888695045222473,1.6240823293468445,1.3625566278681547,1.4951028293257624
2025-04-11,0.761548401098941,2.982270906980343,1.7278069598350705,1.6598765426139508,1.3857929789527974,1.5221923865812983
2025-04-14,0.7605592634908038,3.0153557098787602,1.7191716785221804,1.6496474697306653,1.3838071502273752,1.502092991778751
2025-04-15,0.7583422910783588,3.0235463171185146,1.7232462378113869,1.6529102226927386,1.3833046590585096,1.5044378450241225
2025-04-16,0.7586386033023383,3.0574760253803626,1.7604747765256412,1.6866292142379822,1.396684308072664,1.5223097993879215
2025-04-17,0.7701591374368068,3.006189305982863,1.7609682977940069,1.6910782510703455,1.405747241966129,1.5264217510775033
2025-04-18,0.7701591374368068,3.006189305982863,1.7609682977940069,1.6910782510703455,1.405747241966129,1.5264217510775033
2025-04-21,0.7509264137857002,3.1091848661868466,1.7640810814562866,1.68769499461297,1.3968856074562284,1.5017169259571344
2025-04-22,0.755577322806774,3.1080677379974304,1.77414567541089,1.6980694613013625,1.412277818051991,1.5108616448552863
2025-04-23,0.7669641451652558,3.1227175240473812,1.7481461072033304,1.6734554287802414,1.4131075494649583,1.498971334280436
2025-04-24,0.7629776161041092,3.159995624035792,1.7579923724001023,1.6802803595536233,1.4222077969726914,1.495722656952638
2025-04-25,0.7605961794264535,3.12679351852389,1.7417808905656063,1.6672667394479002,1.4219368335035902,1.487315260948276
2025-04-28,0.7625407825756233,3.0669726417554206,1.7598462377735706,1.6858057057793243,1.4229424337465444,1.5166677263858943
2025-04-29,0.7536898561132775,3.0447419640627786,1.7530970986574876,1.6782655665080057,1.4114524503821053,1.51356577854976
2025-04-30,0.7582577315249805,3.0192277145481574,1.7303863073878571,1.655230839605942,1.3897984451711192,1.490286911210298
2025-05-01,0.7637975885881125,2.9544171947786837,1.7165372404562176,1.6494520887618362,1.3895688442657266,1.4989429036685882
2025-05-02,0.7608437045030877,2.9190796450307537,1.7202678399749525,1.6537933770239743,1.3982547994135663,1.510070696379989
2025-05-05,0.7542846784680395,2.9534613396510356,1.7321431718028477,1.659393184874401,1.3916133364536118,1.5069856852638197
2025-05-06,0.7381885070964354,3.036721797494929,1.775730826031462,1.6980480756746346,1.4071499168758328,1.531735945935336
2025-05-07,0.7398391168343065,2.95571659616165,1.7613928518324045,1.687407347902345,1.3981590311275998,1.5325281827536803
2025-05-08,0.7520646741815115,2.9534314122916,1.748546375526312,1.6807976043155526,1.4029246624985245,1.5286664667989092
2025-05-09,0.7465411352927097,2.9470051119067984,1.7764876610129703,1.7111993243683061,1.418473046216012,1.5645829825048612
2025-05-12,0.7648731279445732,2.9378920489955216,1.7452356316066477,1.6850002069633265,1.4159931478515566,1.538603260415674
2025-05-13,0.7645239730985276,2.9730023471206906,1.766062669261018,1.706511011827414,1.435683628846012,1.5565984098123298
2025-05-14,0.7751346960837125,2.9498245431563705,1.733030760293284,1.6737096294701075,1.4293654012761592,1.5221082906396972
2025-05-15,0.7662287622150266,2.969401751831707,1.7312022005970258,1.6650237629839935,1.424631565566205,1.5062340943820751
2025-05-16,0.775371298147487,2.955645845281059,1.7210383789874317,1.6577256548868342,1.4198368590902188,1.4998672711130194
2025-05-19,0.7733227705212837,3.0024249982470015,1.724917741513973,1.654151634805236,1.4201787762732558,1.4830832426048821
2025-05-20,0.762621414906473,3.0003856144398933,1.7605665662419916,1.693214370722831,1.4349525437097561,1.5329145199735432
2025-05-21,0.7590311861580777,3.028306752579678,1.768588246118773,1.6975910362965076,1.4384039324612654,1.532358847884238
2025-05-22,0.7503152048765873,3.02709610954911,1.7504400871761487,1.6779322098493317,1.4265544924770521,1.5095770059334999
2025-05-23,0.7592882518769675,3.0496304653807345,1.7780780944417944,1.7031574185616405,1.4299785196863886,1.533470125283213
2025-05-26,0.7590482340393875,3.0494425784240735,1.7778649551382772,1.7028976911099283,1.4299429787303386,1.5332509746364977
2025-05-27,0.7498044019729073,3.004220687262095,1.7577599202600205,1.6874361913369194,1.4218921400147246,1.5259434372973282
2025-05-28,0.7500486864314286,3.025466079940067,1.7501064718986965,1.6771243466110208,1.4115501923940543,1.5065931023934693
2025-05-29,0.7448365009322533,3.0397747127508277,1.7529001505568576,1.6768290915278699,1.4050175712402977,1.5038424273799538
2025-05-30,0.743989118505872,3.02493187769818,1.7376217891818106,1.6620429375066135,1.4007108524218201,1.488197060470402
2025-06-02,0.7462719076233236,3.094917491458078,1.8011927335934488,1.7269988009774686,1.4219746300584295,1.5538660733368068
2025-06-03,0.7529482648451994,3.082566021302902,1.8027285158523778,1.7317316141468537,1.427149184569672,1.559830012983051
2025-06-04,0.7461984491027885,3.0938503616770756,1.8033976044802633,1.7298609650324346,1.4290151669421203,1.5572757611767418
2025-06-05,0.7431893907682988,3.123471768948617,1.8146558472249985,1.7417217320450142,1.4401222130599494,1.5663094876385286
2025-06-06,0.7408503005579749,3.1071684101194568,1.82358493320191,1.7560114213731597,1.4492086373717858,1.5848665027662159
2025-06-09,0.737517340413866,3.151448078466943,1.8311856066203502,1.7602842618209649,1.4540995292855932,1.5807832689289496
2025-06-10,0.7419750625188685,3.1530064969853577,1.8208659081405965,1.7483919634516363,1.444430418326245,1.565696406522717
2025-06-11,0.7495741868699779,3.160233238469247,1.8314209440850877,1.7625763317957728,1.4533713781498867,1.575811804061769
2025-06-12,0.7432416280354891,3.183761541047406,1.843090895489128,1.7697868945036306,1.4528275379482285,1.579130765894184
2025-06-13,0.726959679943142,3.234005936612052,1.887147561451273,1.818331150938452,1.4678035631684356,1.6233052086650557
2025-06-16,0.71867457866377,3.196311086663388,1.8823519745432884,1.8193373599436131,1.4767714588011613,1.6337433993032175
2025-06-17,0.7166021034942577,3.2293879144587336,1.9112214587619212,1.8536778581775308,1.4845857361637937,1.6695137189079572
2025-06-18,0.7166919934084937,3.2093453939315717,1.9157517736737146,1.8617121914392545,1.490850652798811,1.683308791841162
2025-06-19,0.717361331314341,3.230200280366927,1.9270143875175503,1.8743855252276622,1.4918258204561996,1.6951070657798815
2025-06-20,0.7200689505903145,3.204581199429611,1.893739838060035,1.837810213115854,1.4773244274265458,1.6570884376353328
2025-06-23,0.7084692600316629,3.1832604943988425,1.8635346447324024,1.800369065884376,1.4645904457458057,1.6145540748854599
2025-06-24,0.7110359817110828,3.1322971623790505,1.811702731506587,1.746548016350242,1.4423259735382272,1.5600620626165378
2025-06-25,0.7081385780425877,3.162040414192982,1.8159748196619905,1.7469479799416057,1.4416870116162592,1.553932387492083
2025-06-26,0.70427131936744,3.1910602776282904,1.8168670044845292,1.7436621635252856,1.4525092721969306,1.5433553804336313
2025-06-27,0.7164770221906114,3.1295664816775677,1.8052379648847916,1.7399244136648921,1.4545063777784748,1.5541873609791328
2025-06-30,0.7153542991345212,3.1575971639745886,1.7945933204760518,1.7224879031112645,1.4432383881253028,1.524196768032071
2025-07-01,0.709228996734343,3.186673145343403,1.8077870766814663,1.732676604738141,1.4379174792480642,1.5290487219132216
2025-07-02,0.7069503527191632,3.2086771878929152,1.829067709252814,1.7553343965375474,1.4595168177731224,1.553091177242889
2025-07-03,0.7047584089597704,3.2178048177826506,1.8242807401053311,1.7514973746750166,1.4541628589745406,1.5443333238981112
2025-07-04,0.7039246999208277,3.212731009735294,1.821562046452991,1.7488505323131132,1.4513414274778869,1.5415894486043071
2025-07-07,0.706207353258528,3.2208609955891014,1.8265328289481209,1.7529709000639337,1.4445601448810343,1.5473099878612755
2025-07-08,0.7100143464359358,3.2157963969496217,1.818023302116331,1.7442955562640108,1.454641152859001,1.537668378022906
2025-07-09,0.7092640960304893,3.221440780179854,1.811634071344688,1.7347862508552065,1.4525444548695592,1.5226681516715654
2025-07-10,0.7046310522278374,3.2209071023624842,1.8191788700928477,1.7469664549835107,1.4539213901604469,1.5362409548994496
2025-07-11,0.6918226349081333,3.3002406075336954,1.8578806449068301,1.7874771276786432,1.4625634852182208,1.564610508707451
2025-07-14,0.6947471952053459,3.2754536681785744,1.8552278850832493,1.7878176354252198,1.4571812381174056,1.5734662718007897
2025-07-15,0.700161078377281,3.2428413718921125,1.8418057268412356,1.7755204610318032,1.4533050648816999,1.568192007431499
2025-07-16,0.697783788913789,3.254032395548401,1.8475915515281964,1.7805317808230003,1.4561842383796193,1.5729667083938528
2025-07-17,0.704053953504293,3.257090387966446,1.8517650982214182,1.7853306069694137,1.4614357084297493,1.5778300429738161
2025-07-18,0.7027646048783002,3.26620313850463,1.8566914529472178,1.7903538441008089,1.4738797063802143,1.582218169613572
2025-07-21,0.7149672977859713,3.3183201225397267,1.868009067760272,1.7970466540917953,1.4745811338222463,1.5699755264445814
2025-07-22,0.7179141201790303,3.3445138816810673,1.8728031270913787,1.7991081494873458,1.472179523223977,1.5643236502450275
2025-07-23,0.7181587562802204,3.3177531031381373,1.8517857902113575,1.7771480335531402,1.4717417895983254,1.5371001045713992
2025-07-24,0.7189086404713769,3.301746375706804,1.8474187225870111,1.7736349395367563,1.4693131685535432,1.5376619745121536
2025-07-25,0.7097509137066472,3.256852585868883,1.8243863711050952,1.75157732012065,1.45998909221306,1.5227864897533245
2025-07-28,0.7166603171733872,3.2428873436397763,1.8191242331032935,1.7444806254822,1.4616073460341652,1.5124534425941831
2025-07-29,0.7251599743631582,3.2698639766493147,1.841813010726651,1.7672879695103203,1.4661674609162214,1.5397217212589553
2025-07-30,0.7276762480466573,3.243173013736878,1.826944329438048,1.7508958800726582,1.4571323397483025,1.5229323114710274
2025-07-31,0.719264737880169,3.215706024861775,1.8124376023549826,1.736482041831449,1.4329783340546791,1.5160314537961854
2025-08-01,0.7219746548591898,3.246925343924414,1.8155811968403168,1.738797438561412,1.4218187651911167,1.510713409161773
2025-08-04,0.7272572300236542,3.2629385848483663,1.8141426219985874,1.734753144788623,1.4210311962326976,1.4943143064789124
2025-08-05,0.728041879584749,3.282519467162459,1.8204061449422895,1.7430863514497548,1.4229657042048254,1.5039473667142824
2025-08-06,0.7257709384193965,3.2845260677902526,1.8203989163750967,1.744691439093952,1.4260928802779498,1.5087147890620907
2025-08-07,0.7273157838098417,3.3065866686869523,1.8269670509780611,1.7513048886656846,1.4323120443108885,1.5111488556731896
2025-08-08,0.7299435042538037,3.335624503919587,1.8356925434078555,1.7581764433317275,1.433780829244781,1.5091118330660116
2025-08-11,0.7202941641486338,3.2602317830952368,1.8044859525621424,1.7279449089326564,1.439696793442402,1.4880197251280631
2025-08-12,0.721928592329455,3.2530882879386973,1.7950908879210263,1.7168300621937256,1.4410305827966547,1.4683234142345862
2025-08-13,0.7239980914228143,3.2728801698972485,1.8029727129372426,1.7254900353715668,1.4388974423840175,1.4749667180195436
2025-08-14,0.7243566497047689,3.2470503944068754,1.798316961076098,1.72046396709711,1.4360994771174702,1.47562348075575
2025-08-15,0.7186237179798469,3.250624793839466,1.7956596691501516,1.7202768597343736,1.439060043931898,1.4789997869939648
2025-08-18,0.7209550624756439,3.2473840590020617,1.7981412422905143,1.7215647273673933,1.4380933371853082,1.4798707343317468
2025-08-19,0.711700430472988,3.2102914448075612,1.7734926690812154,1.6957155570613853,1.4297581106089159,1.450502684744656
2025-08-20,0.7200026530126287,3.237460239822401,1.7911051358174486,1.711427817422093,1.4386652588259077,1.4621242778318386
2025-08-21,0.7248412540061774,3.24743658459172,1.8022802534385833,1.7232440646433722,1.4463067010707455,1.4787346334594904
2025-08-22,0.7343049325751783,3.2761983062931703,1.8160001575610705,1.7336251301637404,1.4559854662192977,1.4757336161708683
2025-08-25,0.7408501644828309,3.2751765797146177,1.8175899142421295,1.7341807899634483,1.4580061545860368,1.4780382728119263
2025-08-26,0.7383148062918969,3.2766401377838505,1.812480831205986,1.7312264208132853,1.4514063007736404,1.4730357810554886
2025-08-27,0.7461136651106621,3.308234072301009,1.8309163595663775,1.7512391342219582,1.4578362143929933,1.500691912489409
2025-08-28,0.7535177207796622,3.340422060161339,1.8493561679361339,1.7696112145784892,1.465781082763269,1.5188347562989764
2025-08-29,0.7554721162373663,3.3889794422131234,1.8717124893743728,1.793301379100884,1.4737708701879368,1.5372026024935228
2025-09-01,0.759194365555746,3.391655930102043,1.8755836980451763,1.7962935569062388,1.4749601004426214,1.5409930743892717
2025-09-02,0.7473783268722489,3.4582193517028084,1.9102546186433922,1.8290196569213137,1.4827880945916647,1.5645592917852194
2025-09-03,0.7352815405597756,3.4903256021227596,1.9202408414022498,1.8413356335903692,1.4812318845029617,1.5722603484426914
2025-09-04,0.7375349500106779,3.45923932056777,1.9027451113093659,1.824979547464806,1.4676039942922359,1.5607666364489179
2025-09-05,0.7292696842783918,3.4812736537240725,1.9049050352239938,1.8276640388360796,1.4629004708265974,1.5551562128099539
2025-09-08,0.7263691227304456,3.5083130317683273,1.9201345594827188,1.842672993364389,1.4691313391325616,1.569424818598471
2025-09-09,0.7290845598141081,3.500269066733331,1.918219671389645,1.8408334620120348,1.4685509113058715,1.5702915354376727
2025-09-10,0.7294502267296152,3.5021685501608264,1.9231356382645284,1.8434309399193203,1.475155906786682,1.568035831117241
2025-09-11,0.7263408325289379,3.497896154008486,1.9159197828191152,1.8354017619278276,1.4748637262073037,1.553669700610312
2025-09-12,0.7201917697060055,3.5240387417451915,1.9311223627370278,1.8499182021798233,1.4841410430489317,1.5658809274874188
2025-09-15,0.7160531077286342,3.557054813203154,1.9487775317729297,1.8683514514301809,1.4991278141673186,1.5866533507233942
2025-09-16,0.7138974428353034,3.571024849035681,1.959266348256429,1.8796048638738045,1.5031369411110997,1.6007308643949911
2025-09-17,0.719808426192661,3.546533887374441,1.945246743030495,1.866137599676297,1.4851761286485898,1.5895695095584261
2025-09-18,0.7262400380565966,3.5139814957918403,1.923704261660922,1.8434057866347848,1.4758119032090247,1.5613501958783595
2025-09-19,0.7195717680709348,3.534373145194579,1.9325232527698277,1.8495001674940186,1.4692283618464828,1.5608648906044098
2025-09-22,0.706860269745201,3.586986962522413,1.957720847800318,1.8699993934845365,1.4662675940477918,1.5677523251577457
2025-09-23,0.6994042287338446,3.629966252787825,1.9809432234193414,1.8928950088785854,1.4783084929287444,1.5882309385613547
2025-09-24,0.7028253617768199,3.622117650445783,1.9758988827315276,1.8906843328272365,1.4879191983899662,1.5902094026982065
2025-09-25,0.6977938523507833,3.6421833850919207,1.9908369205614163,1.9055128846643512,1.493193190989019,1.6057874489881219
2025-09-26,0.6852043141511169,3.679874030162581,2.0175588701723264,1.9278091751735844,1.4989504470249144,1.618142725143435
2025-09-29,0.6749367793742324,3.667833830534378,2.022797261602113,1.9309130536043477,1.498671517321783,1.6214704106942954
2025-09-30,0.671677395898133,3.6646458208657755,2.018771175812054,1.9270870300581018,1.4883938852672445,1.6189912393801469
2025-10-01,0.6644748151609134,3.687143320001933,2.0410537854516795,1.950313603612103,1.490717500308884,1.6474708093037287
2025-10-02,0.6701221042998177,3.6686409057362264,2.009766821583099,1.9206065930740037,1.4850578426856758,1.6213330817991543
2025-10-03,0.6612826665255311,3.6822792754569553,2.033858237598323,1.9384892698247413,1.4933149436243294,1.6282560770012164
2025-10-06,0.6552032311513789,3.710110768996982,2.0626724802502667,1.9655894152073738,1.4993994009545308,1.649345770193582
2025-10-07,0.6547354572782194,3.7299871291048072,2.066226693832155,1.9726223538845893,1.4994320805104662,1.6615418299985716
2025-10-08,0.64655716228164,3.6934587627027553,2.094655112591152,1.9937162797055623,1.5024078947422623,1.6666559165458696
2025-10-09,0.6577945565524698,3.7897357488928605,2.041607645262347,1.9450079954837813,1.4917349449842343,1.6266275111313104
2025-10-10,0.6498682630091002,3.88625973822959,2.023594730461495,1.9190927128584505,1.4653005948323694,1.5945459279454002
2025-10-13,0.6323731516522321,3.8046738189571454,2.0934135689645648,1.9792241783785132,1.4828103699862114,1.6397214827428062
2025-10-14,0.6269023545678172,3.8228602223940094,2.0905920422593045,1.9707880363217327,1.4757333180071475,1.626680864225983
2025-10-15,0.6204073637241254,3.811105059431984,2.1030608156768484,1.9790261372837945,1.4754455759154679,1.6316857557417177
2025-10-16,0.6041003918881799,3.763900024097163,2.1354310657990934,1.999167966905843,1.481540194719519,1.6407721236117612
2025-10-17,0.6216018163051175,3.8434027386274927,2.088201978654089,1.9663752299075805,1.4706384459736754,1.6187801099072945
2025-10-20,0.6071182163414914,3.7439633481166448,2.1559571397853334,2.038616920149559,1.4907248350128124,1.6937032614221217
2025-10-21,0.6431341007004828,3.851143665432969,2.067619750853664,1.9734161462462632,1.4780831745812701,1.6506723682879663
2025-10-22,0.6492482198796876,3.8355872809199223,2.065337341107411,1.977437548933508,1.4888677168281514,1.6516847541661992
2025-10-23,0.6484567091789091,3.7633969136186,2.1128953330552,2.024417041438427,1.5128344220314676,1.6786416902248122
2025-10-24,0.6485458123297392,3.7836116929027885,2.1071342357886413,2.0177832322062694,1.507144364537043,1.6713293889091976
2025-10-27,0.6441916234253559,3.757226811190928,2.0658661512212033,1.9923617966541805,1.5035982843167548,1.659471609762996
2025-10-28,0.6372912871629478,3.839006405294937,2.0506779550961136,1.9712156620413643,1.497520313286772,1.6410157664092102
2025-10-29,0.6390419132905774,3.819501521078641,2.066464548827559,1.986915359795503,1.5102026227742749,1.6550006825782673
2025-10-30,0.6371502717736235,3.7568564569420166,2.0851523968152597,2.0076814589684435,1.5089247370185634,1.678476588451292
2025-10-31,0.6395613000400133,3.6943855708472078,2.083952132049376,2.0143376818038696,1.5128981467052376,1.6908991035579704
2025-11-03,0.6436675787440964,3.6458375203409084,2.0937967254282195,2.027843624650279,1.528210576320821,1.70700188091788
2025-11-04,0.6390142008679072,3.5908541530304734,2.0731632056277975,2.0132278183436463,1.5174790519498254,1.6992896988151265
2025-11-05,0.6342286482686442,3.6473975779559322,2.0781379341602095,2.008569211483654,1.5136109463298622,1.6924144181423169
2025-11-06,0.6368592400893687,3.623336572974545,2.081298192940454,2.0152178567972325,1.5061668760313445,1.703093142377636
2025-11-07,0.6375674983526906,3.6384651380112234,2.0877751847888275,2.0196290760311513,1.506237121367619,1.7044271639060558
2025-11-10,0.6484987065846496,3.699767612193654,2.142075687281809,2.0632900567986563,1.5303432068249017,1.740739797824863
2025-11-11,0.6641490085191436,3.6357937705833066,2.1632138433757264,2.0936120958001507,1.5373397553083503,1.7741222409481685
2025-11-12,0.6574190384488928,3.736711341327037,2.197571236488847,2.1063071077546907,1.5306977819048992,1.7884942151833068
2025-11-13,0.6632085471537582,3.6968233874656145,2.1971521398121805,2.112119157591482,1.5254359531169623,1.7973850171538157
2025-11-14,0.6515135100806011,3.6331272091349076,2.1540052527575986,2.0838974938466297,1.5165786165674122,1.767912191658003
2025-11-17,0.6416851988704367,3.665257239473801,2.13968794166304,2.063621160807433,1.5123430484897233,1.7446639719203334
2025-11-18,0.6370069746230239,3.6456375107548116,2.1408938687159025,2.068261279863709,1.5161291856270223,1.7477282766683322
2025-11-19,0.6454045982776754,3.6717464410658445,2.1469038381606516,2.073600673269208,1.5034948912434767,1.7613414047746165
2025-11-20,0.6429931945662826,3.6628643995746377,2.131604831199784,2.0584831215810437,1.4958774320259423,1.7459048650805857
2025-11-21,0.6509183733346481,3.6731312420820776,2.130631047814652,2.058100895089613,1.487202613257559,1.7494338182912939
2025-11-24,0.6471277611091002,3.673071329155266,2.14284912209277,2.0697488056926385,1.491031082622864,1.7570095967260893
2025-11-25,0.640833973317007,3.72429292952304,2.149365469931873,2.064858154534809,1.489067478378014,1.7495303713260724
2025-11-26,0.6418293855951387,3.7381266791280066,2.184569568508464,2.097294375326295,1.5063837587761748,1.7810358065376017
2025-11-27,0.6428596579241522,3.736250120689758,2.186065238135928,2.099442649679692,1.5050282736512324,1.7824895814567783
2025-11-28,0.6636990101849232,3.7724717893846096,2.247486046362829,2.1556896541368493,1.5304015058141547,1.8453276938983798
2025-12-01,0.6734050308334165,3.778235057080526,2.281334346683161,2.186963429523511,1.5373234332349504,1.8760042977851485
2025-12-02,0.6646272488600067,3.7630694645659424,2.2553676146884425,2.1609698185800292,1.5278657300444034,1.8533998458774597
2025-12-03,0.6724601760889432,3.748972879005253,2.2652958618816657,2.17542056612863,1.5351186879607468,1.8704486099883255
2025-12-04,0.6743498178923596,3.739550877910607,2.263623441550055,2.1805009836361293,1.540234320567212,1.8734407569533742
2025-12-05,0.6892162183095146,3.7269044273277765,2.292351989075999,2.2123400959771784,1.5505006215361787,1.9108137369584146
2025-12-08,0.6705391072265254,3.741850802980197,2.255744989524232,2.1648211560051367,1.5355670446511502,1.8591367270218306
2025-12-09,0.6598103719222204,3.793062778823508,2.26687545972978,2.156819904400695,1.529930329399181,1.8445512766867564
2025-12-10,0.6619053959585919,3.7917209790617936,2.269017138926968,2.160667322032112,1.535103078058512,1.848881338336771
2025-12-11,0.6435363527176529,3.8550549045723357,2.30150145399585,2.1642822744397283,1.544990371612632,1.8419840351052477
2025-12-12,0.6436894617934539,3.8718008006577835,2.273996121808535,2.1401315536917624,1.5311498781974289,1.810977116802414
2025-12-15,0.635885764511004,3.8670527419457126,2.2815214120510623,2.1372907852947316,1.5212249168304937,1.8080448190361897
2025-12-16,0.6278744376420796,3.8357011524516533,2.2591513596964754,2.10648860287915,1.5083484873834088,1.7796085750959514
2025-12-17,0.6378677571837674,3.8703419485896244,2.315181640196629,2.154704652500638,1.521614706486524,1.830314167755648
2025-12-18,0.6342869141753996,3.8731546496071494,2.2930108311154016,2.1363719798036604,1.5193150192415978,1.805787020125193
2025-12-19,0.6440157036105894,3.9024938324792244,2.3283283107061146,2.1670632507521495,1.5310684538321961,1.8374780910998803
2025-12-22,0.6556816668965687,3.982621618778079,2.36912100984912,2.2049307885150524,1.5482305418285394,1.863340808762091
2025-12-23,0.6691257392188913,3.9810138369088177,2.4268061138235515,2.2644454131205536,1.5728138413914785,1.9390741959961428
2025-12-24,0.6708234936778065,4.000513689677214,2.421701430307681,2.253826732126567,1.5716585044008384,1.92303628519802
2025-12-25,0.6708234936778065,4.000513689677214,2.421701430307681,2.253826732126567,1.5716585044008384,1.92303628519802
2025-12-26,0.6632817307881325,3.977265091288688,2.4754898976489113,2.2822986734983326,1.581965294128258,1.967102770046274
2025-12-29,0.6612933877064477,3.8799364117435142,2.3961677726259287,2.2502609452436726,1.5710852127531854,1.9483521643557562
2025-12-30,0.6668924391478298,3.9300542502307816,2.4719682465291286,2.2965314228815905,1.5901854753485016,2.002817244889675
2025-12-31,0.6614789712690756,3.9450870393093838,2.380271571239276,2.224582847259714,1.565391275304174,1.9107550401113844
2026-01-01,0.6614789712690756,3.9450870393093838,2.380271571239276,2.224582847259714,1.565391275304174,1.9107550401113844
2026-01-02,0.6622790698446317,3.948753470499381,2.376426912397588,2.2175061823218574,1.5651900533872452,1.9026954889952234
2026-01-05,0.6817548725918103,4.068045498873749,2.45798032006291,2.2706463802363617,1.5987376405639382,1.9491809467665302
2026-01-06,0.682090393319139,4.10343951274477,2.4860956342936484,2.268022750161772,1.6134015237321393,1.9496125772920752
2026-01-07,0.6676542846293251,4.041800856464248,2.455597866185498,2.254065241414351,1.5966775170954712,1.9449788548448699
2026-01-08,0.6770534784463487,4.113780381587435,2.4448763868565795,2.261660509273799,1.596935180293995,1.9295099321393332
2026-01-09,0.6965271913710843,4.2232364091400205,2.4863435247936496,2.2836261262524267,1.5969954145202032,1.937640749554074
2026-01-12,0.705122004276529,4.280507573385821,2.58218511007565,2.358511739573795,1.6151179359328418,2.0256871878385185
2026-01-13,0.7121538013373798,4.31645529742133,2.6024850459782662,2.3821664494558394,1.6204629515912239,2.0455747230499135
2026-01-14,0.7295137834660224,4.408702931238847,2.640033439774442,2.39445511004792,1.6282135207873787,2.043002374587529
2026-01-15,0.7162088386641339,4.3195617219209685,2.6218839562885523,2.363536668512989,1.6190107627879669,2.0271353494488538
2026-01-16,0.7122046343067412,4.3185564671993975,2.5879320958027234,2.3469063759823343,1.6059097608495025,2.0021829102267126
2026-01-19,0.7112562832575079,4.314013507306672,2.586321509240693,2.3445787823643456,1.610174722423505,2.000697352026911
2026-01-20,0.7188644867741678,4.445730078094244,2.7427364662758627,2.487936465816694,1.6292689160359932,2.1909494739601283
2026-01-21,0.7266387497835856,4.226797529942263,2.808564079945037,2.5618004418562976,1.6514318037258648,2.3258704333870153
2026-01-22,0.71815081377379,4.140413623474568,2.8555739758677765,2.5843597377474827,1.6580243791157854,2.3681647883994414
2026-01-23,0.7246458962944824,4.093097386441434,2.939634948572314,2.6535931022490185,1.6862512466115922,2.450410842650348
2026-01-26,0.6803990996358955,3.5917659752465583,3.1468226278463103,2.7924933470462916,1.7302263059184242,2.723479036564888
2026-01-27,0.6890717731707302,3.6561383333663637,3.1045410844647785,2.796706674151077,1.7259460114796574,2.702925611434923
2026-01-28,0.6771724379608018,3.538061044560791,3.2492208059304963,2.9035464947460032,1.7425909105885258,2.8377470994988503
2026-01-29,0.6661357537779112,3.5260929781634625,3.2972120952100905,2.95730218251759,1.7574450256117424,2.904604213772328
2026-01-30,0.6753342690338474,3.6643227243203267,2.8935510548833574,2.7166844634515748,1.7055059436781024,2.6747144216035
2026-02-02,0.6881402136098737,4.067768813311924,2.7620063633689775,2.5716243222234065,1.6551255696087868,2.448102077350667
2026-02-03,0.7170747102116941,4.080047275915339,2.9094404474679894,2.676102020707488,1.6894833024175773,2.5587434509405917
2026-02-04,0.7206831712543519,4.05522101914152,2.954782047247622,2.731882531789307,1.6916847469012235,2.619122356017062
2026-02-05,0.7088765848079319,3.9729811879875405,2.8545843065229697,2.6603385995592066,1.6714898515181649,2.541703620428168
2026-02-06,0.7174771867525834,4.029354287026408,2.877693679993401,2.680574991723981,1.6738298185168643,2.5438650078371006
2026-02-09,0.7397197142409753,4.185427023035689,2.9429190324408174,2.7177866426961637,1.6835918594212647,2.5571191007902643
2026-02-10,0.7335470180589515,4.200775344149066,2.90928576750532,2.6955368729570357,1.6699791335616825,2.52983185880403
2026-02-11,0.747024175549054,4.201878392193077,2.9688360558494944,2.736102346437346,1.6836018084402,2.580506385256137
2026-02-12,0.7178956613565002,4.119445911119844,2.842165535372619,2.648360462061466,1.6572026169600638,2.492758835522388
2026-02-13,0.7275309623626202,4.1158671019778765,2.8934038259790684,2.682099163595927,1.6569319083517444,2.531032476355185
2026-02-16,0.7320553677598606,4.135126785295798,2.9014660087551447,2.697758662717079,1.6565902330178772,2.5394405408123686
2026-02-17,0.7162224174135898,4.211882497008803,2.79514127600429,2.615560576006678,1.6281314864809289,2.4327735709732097
2026-02-18,0.7432367208148899,4.32584897126739,2.8853292559606647,2.700220147605745,1.6577724820650535,2.501610835834892
2026-02-19,0.7544639035135161,4.365429623177745,2.892573415588647,2.71842934487251,1.6579557456794538,2.5088908613657472
2026-02-20,0.7551134492118381,4.387689948536479,2.9649094462062635,2.760390611054231,1.6792554084974356,2.5689175116867182
2026-02-23,0.7465127175035626,4.431011799299897,3.0341393723920747,2.795159888692828,1.676430031369784,2.6046455073072883
2026-02-24,0.749160781634054,4.441392101075494,3.0171220308128,2.7708367286904814,1.6845389193115272,2.5834828545757893
2026-02-25,0.7533711576280285,4.4331881092504934,3.0668900352506876,2.7997658667783325,1.701437900108147,2.627999218225589
2026-02-26,0.7551017488513755,4.436207733364023,3.0184709746938285,2.7733036334867327,1.688076454180219,2.5847747892691686
2026-02-27,0.7372357382581821,4.51573599023755,3.1021878217993915,2.837557787188456,1.7022307964433223,2.656677128334765
2026-03-02,0.7155705423111903,4.696303651419376,3.133320641039113,2.924966037918994,1.7180836751842448,2.70101905652814
2026-03-03,0.7179335237008989,4.764369575528695,3.074608551564058,2.9318968312859375,1.7188983255779742,2.689402902699587
2026-03-04,0.7228566869142045,4.803647887172683,3.062544801620436,2.918966615713065,1.7324338619647017,2.6583818893979534
2026-03-05,0.7500842634710629,4.884870895636474,3.077754071954889,2.9706229730268547,1.7503467611433599,2.6953803409823736
2026-03-06,0.7878065382678099,5.106629424709629,3.191527275726063,3.1181303980229536,1.796628575311375,2.821946175595664
2026-03-09,0.8198338177602248,5.355098753951656,3.2180287482668466,3.1785554343126807,1.8050884376834677,2.849195398456095
2026-03-10,0.7600728774167852,5.037516019805317,3.2217759757267763,3.0950701568530095,1.7910384088227873,2.8082253352076805
2026-03-11,0.7867010154089641,5.092471912908487,3.2165766260413107,3.13221914138013,1.8067928043570973,2.8453707107787825
2026-03-12,0.8149735094212245,5.354122308796971,3.2621405910423387,3.2144754393107977,1.8310188648252643,2.9054344030300947
2026-03-13,0.8285572336589389,5.454175348203115,3.2155387452147854,3.1912596071578667,1.8208129873427314,2.8606245175483354
2026-03-16,0.8290411114807238,5.400048670653743,3.16313052728734,3.1297561438041237,1.8071263757810045,2.801460992752204
2026-03-17,0.8346340165107786,5.482366338793204,3.1791537965553083,3.159562145219674,1.8186068201321992,2.820381232579352
2026-03-18,0.8418874445977531,5.560535540161259,3.1520313532099706,3.1583223513377794,1.8136644073599006,2.818398834160177
2026-03-19,0.8777602035507398,5.452619006903893,3.019016752493649,3.0672146571327277,1.8000118526072673,2.750324759210854
2026-03-20,0.8754610942291926,5.549578113402745,3.0076783357640706,3.071987427260078,1.806696571195158,2.737911811322143
2026-03-23,0.87197818033361,5.338029009117534,2.8688897138164386,2.891159552799461,1.7587202031159788,2.5896773364851144
2026-03-24,0.8802147373907947,5.3941301661436425,2.901605854560864,2.936753661096454,1.7826961057279416,2.6320006210988844
2026-03-25,0.8546234755921412,5.434735872918091,2.966335042147442,2.9817858698274047,1.783279994805889,2.671222242329968
2026-03-26,0.8777126426567572,5.436208515264168,2.9024305316840326,2.954489175662742,1.7888539466454,2.6437366212078977
2026-03-27,0.8603723788324017,5.542812922025936,2.9909079490422354,3.049073008692778,1.8122623064933583,2.7289917193894833
2026-03-30,0.8465247960172302,5.660096309510234,3.009485875458342,3.0622227133412774,1.8181174335375871,2.7238382378338706
2026-03-31,0.8332300588644757,5.66692395189095,3.072871136829119,3.0980467398784044,1.8325126976651265,2.7615577493711077
2026-04-01,0.8248669114032428,5.674998683902947,3.100608481440652,3.108529340954467,1.8320697370056966,2.7577244559457488
2026-04-02,0.8174813307192583,5.804724915838458,3.0778768603831494,3.1189539770836685,1.8429433470435224,2.759016473378556
2026-04-03,0.8174813307192583,5.804724915838458,3.0778768603831494,3.1189539770836685,1.8429433470435224,2.759016473378556
2026-04-06,0.816482741156802,5.816545083202667,3.083919193547982,3.127494604775902,1.8483490623508905,2.7664708628371377
2026-04-07,0.822750661268971,5.7698898499840245,3.0771957270481276,3.126411030772045,1.8381918140412858,2.7696904493484418
2026-04-08,0.8456875016123955,5.623552705395324,3.042404662002175,3.0369854799677736,1.8084738000339067,2.688931128829157
2026-04-09,0.8341647278534348,5.697087288975489,3.067472335900513,3.056258508093577,1.8135394373048699,2.698971253979067
2026-04-10,0.8374675121732179,5.6807787458517565,3.0523323534112334,3.0388522540282215,1.8134776287225325,2.684514578702099
2026-04-13,0.8381404982515518,5.766145192628943,3.0639854604881154,3.059335133250411,1.8301713538121005,2.698521153845994
2026-04-14,0.8483639858865689,5.73354061580599,3.095905854710247,3.067205716289303,1.8342895518241806,2.706394959302337
2026-04-15,0.8495927866153515,5.724766700776289,3.0915400736693703,3.064112582514438,1.8412916809567152,2.707429620205251
2026-04-16,0.8556565507430353,5.8007672846274865,3.112235501532807,3.0975744704737203,1.8479714025099347,2.7388945928410333
2026-04-17,0.8213484609864315,5.621707154780339,3.108645232392714,3.073146935397655,1.8169425636097876,2.7211886176495823
2026-04-20,0.8409158444735303,5.707429730057256,3.114848556199549,3.0930203465449826,1.8340564433462403,2.741397233175764
2026-04-21,0.8564316590523241,5.70937614433087,3.0689759774419363,3.0658723467823608,1.83797899373632,2.7189499348929984
2026-04-22,0.857581629233018,5.801339343610064,3.1188957054727413,3.1145482314089348,1.8633893001030204,2.7667503457006024
2026-04-23,0.8827550851390014,5.8803175909362855,3.0942669900338244,3.08525807888999,1.8708720810636839,2.734930471482455
2026-04-24,0.8848657473217149,5.939036580732147,3.1005462262078707,3.074258382243424,1.8644217338507665,2.7230900988628153
2026-04-27,0.8891853113414149,5.940514650346468,3.0934012803543376,3.072874086036497,1.8652200667440446,2.730370790655079
2026-04-28,0.9083347236265942,5.924585652485833,3.0682427215540082,3.0556779677378083,1.8747257893170175,2.722938636636161
2026-04-29,0.9310666931999696,5.9907909784387705,3.071138158910918,3.048959551602559,1.8890522009330972,2.730969480165893
2026-04-30,0.9533249703140952,5.937996483373666,3.103337477710782,3.1008725926994276,1.8984168342058405,2.7672497059669934
2026-05-01,0.9471235824590405,5.940231713425043,3.122232245356614,3.117613013643762,1.9005850269642925,2.7812091420171354
2026-05-04,0.9802068202812451,5.8844348620549205,3.104821697978958,3.1203392459917865,1.916457237949224,2.8001606552091487
2026-05-05,0.9586557287497173,5.886246832722077,3.082524273088135,3.087306894426167,1.9188740739317587,2.7589133918242377
2026-05-06,0.9292128816402201,5.925857709945721,3.1044213096804976,3.0947755831863715,1.8978628765476864,2.7444582950901184
2026-05-07,0.9167807709910982,5.941541086867344,3.135622767032616,3.1275152486280056,1.9001450971609994,2.774023551812489
2026-05-08,0.9114374495487113,5.981188896129877,3.155314375993379,3.1402187620262905,1.9067778351636508,2.7883827480295373
2026-05-11,0.8929069415757299,6.016100255770461,3.2411686834866282,3.2390808048764135,1.9576471942195197,2.890687325816377
2026-05-12,0.8939353089944714,6.06729305336346,3.241591814563377,3.2230763966893448,1.9704036904462474,2.8893157855017173
2026-05-13,0.8939472781738177,6.07600327949721,3.2737229124519076,3.253386454067297,1.97962708787786,2.9152656889714668
2026-05-14,0.8965973520830138,6.015149082516195,3.232071200836968,3.2275180120684577,1.950061067217663,2.8872600748228794
2026-05-15,0.9219710778235697,5.891602678694176,3.146701343009421,3.171683664542998,1.9193566828473094,2.84305864513215
2026-05-18,0.9243679030405478,5.846467163196231,3.142107868890571,3.1849970361619753,1.924729492530339,2.8528291661016363
