Date,NN Signal Vol-Parity,Ridge Signal Vol-Parity,Static B&H Vol-Parity Benchmark,Dynamic Long-Only Vol-Parity,Full_23_Commodity_Market_Factor,Four_Asset_Equal_Weight_Factor
2020-01-01,0.0,0.0,0.0,0.0,0.0,0.0
2020-01-02,-0.0004505136471111,-0.0059740906218321,0.0013298877504322,0.0013280161896138,0.0005320719467609413,-0.004169272358556603
2020-01-03,-0.0064966168545975,0.0098708829382026,0.0163292960131825,0.0163188346370569,0.00021704052183435036,0.015292931130598875
2020-01-06,-0.0038275803380822,0.0045078840114911,0.0062277959994661,0.006193377437866,0.000774570423602888,0.004759005040557485
2020-01-07,-0.0069349646901966,0.0027875827394538,0.003772273290081,0.0038155530983715,0.0004444099645310765,0.004639174976068194
2020-01-08,-0.021459790653045,0.006096033023442,-0.0166878882996536,-0.0166812754328154,-0.009521412227655558,-0.018094920511452478
2020-01-09,-0.0006236033288873,0.0023587401376078,-0.0041944815913343,-0.0042881593606403,0.0009626726537815725,-0.00148448274611504
2020-01-10,-0.0041540358390528,0.0067370216344143,0.004335832387819,0.0045650306622853,0.005081063596270947,0.0059696801474231065
2020-01-13,-0.0041261056954836,-0.0018633144122055,-0.0076236024758581,-0.0075558994306072,-0.004337855200043758,-0.008360165434324857
2020-01-14,0.0055273324456161,-0.0035487360618384,-0.0042336462642075,-0.0044129521373483,0.00380278793598054,-0.002781927667566658
2020-01-15,-0.0062131561501567,0.0021367547425904,0.0019859188331637,0.0020141144177959,0.0014929899959393528,-0.004589680867940649
2020-01-16,0.0069078781862542,-0.0061763952746621,-0.0014507829817742,-0.0016191036541935,-0.005874133702993404,-0.003877521206403972
2020-01-17,0.0079711618243236,-0.0013286738596813,0.0023772508078097,0.0022463629228135,0.00414747590553407,-0.004512226213431031
2020-01-20,0.0024182372775328,-0.0005668852913406,0.0011331568198558,0.0010919466073082,0.0005797995800274359,0.0013509670079636105
2020-01-21,-0.0058818104405318,-0.0122716016474982,-0.0112990594385444,-0.0116216058239202,-0.00844769242485367,-0.019932050092250547
2020-01-22,-0.0110257106141423,0.0028961765017316,-0.0040158655781427,-0.0037673700685746,-0.00394745061560789,-0.003891294251923
2020-01-23,-0.0085080292121914,0.0070491810322681,-0.0004817000816976,-0.0001597987924084,-0.00689530803761357,-0.0005169686192339207
2020-01-24,-0.0020121275820225,0.0050637592030733,-3.763897251042375e-05,0.0002178413480882,-0.01315399793920206,-0.004655749561640443
2020-01-27,-0.0073057015303567,0.0061989425068348,-0.0035898952445072,-0.0032500136077689,-0.017695284598804123,-0.004352733527818925
2020-01-28,-0.008787677276322,-0.0035322698244179,-0.0087135375020054,-0.0084591095508496,0.0009197965969864306,-0.004536332564848422
2020-01-29,0.002479753059722,-0.0055700482484488,-0.001082609948273,-0.0014654375705032,-0.008238859206958597,-0.005689979830996478
2020-01-30,-0.0003072113599751,0.008896898584483,0.0042273041990407,0.0042109165865959,-0.008011081045176883,-0.0018519649343495537
2020-01-31,-0.0002179753581615,0.0015278568945704,5.143422295272946e-05,7.39169603444172e-05,-0.004098886874711122,0.0011779764250262614
2020-02-03,-0.0168372913660494,0.008674655913577,-0.0155911990778088,-0.0141798728161754,-0.011411957116665384,-0.0181874189318581
2020-02-04,0.0044299563987756,-0.0021753313187707,-0.0083968048269702,-0.0086784166734727,0.001257543432205642,-0.0007495798067104209
2020-02-05,0.0083222517405198,-0.0065556017247549,0.0072472716733503,0.0065719037260647,0.010021067201847922,0.006358058218661644
2020-02-06,0.004422198469037,0.0047759660784017,0.0039979989801665,0.0042402262985409,0.004705853805584144,0.0028306302782573067
2020-02-07,-0.0052127747793416,0.0022880648155969,-0.0028681767018389,-0.0024008498262439,-0.002737982328975611,-0.0038925614052995605
2020-02-10,-0.0083304607714584,-0.0015799605156337,-0.0059233598234597,-0.0056089103361055,-0.0061482952472510285,-0.015606712514918214
2020-02-11,0.0010256121933762,-0.0046673188971962,-0.0013155705512882,-0.0017719112750641,0.0046802055660943144,0.002519975391725604
2020-02-12,0.0103722905993972,-0.002826645513634,0.0086000481714492,0.0079866726494204,0.008468334335320517,0.014852790202879801
2020-02-13,0.0049421256214747,-0.0023908561427292,0.0050048284855045,0.0046410810699365,0.00473121958736161,0.0028707173097590744
2020-02-14,0.0095245986072076,-0.0010131403791471,0.0080313525807134,0.0075882564534645,0.00046360460875973495,0.008718646869436908
2020-02-17,0.0017702422327833,-0.0016840566853837,0.0012481764970592,0.001041649791919,0.001408754830726082,0.0014880952380952328
2020-02-18,0.0161193039748866,0.0271046749910163,0.0181651663503464,0.0191692439032818,0.008168444974222143,0.02855681664698584
2020-02-19,0.007489695992253,-0.0112659648159121,0.0083662636020333,0.0075648028982113,0.006481080612679752,0.0061200768244134285
2020-02-20,-0.0046160560661893,-0.004453732370403,0.0016196771525929,0.0015898662859712,-0.00700304501814693,-0.002169408770015757
2020-02-21,-0.0140673865638343,0.0072817028675028,0.0071201231995936,0.0080826003639299,-0.0004610579338616368,0.0018507484163365895
2020-02-24,-0.0112930314769878,0.0028270655217878,0.0007690883953075,0.0012679719600276,-0.01936137902992612,-0.010774056096308576
2020-02-25,-0.0188640752344961,0.0219746454604973,-0.0205792291801938,-0.0195256989584691,-0.009007153907938593,-0.016336870746464255
2020-02-26,-0.0078827999597851,0.015843873258104,-0.0139895768747873,-0.0133460959637067,-0.010877010860851693,-0.016364212425790142
2020-02-27,-0.0102858211306347,0.0044124370521682,-0.011728546170867,-0.0123348402276351,-0.016096790610573453,-0.019969106030972184
2020-02-28,-0.0508718949863634,0.0234677679083318,-0.0493145053618191,-0.0489654760349694,-0.015336521568180425,-0.04725379497131679
2020-03-02,0.0252923572729326,-0.0248411745790076,0.0256254514728538,0.0271159732578769,0.01816232813236096,0.030745543107538964
2020-03-03,0.0253212259568383,0.0008291634069026,0.0227142797977604,0.0224745886714375,0.0060310825095221945,0.020496168645840918
2020-03-04,-0.001591581212548,0.010030237789645,-0.001079478732583,-0.0003333177075565,-0.000879126201933736,0.0009146761643130108
2020-03-05,-0.0082377089308407,0.0100700363868893,0.0015461837148389,-0.0012753628767512,-0.007561565890512808,-0.0072264469235512885
2020-03-06,-0.0402763271411405,0.0555584482787772,-0.0237671579250807,-0.02671167042186,-0.02325996874871335,-0.033834565372696634
2020-03-09,-0.0612068507107735,0.1430984388432019,-0.0491999788296677,-0.0416783797214106,-0.04608040491544434,-0.052500541164875625
2020-03-10,0.0021192178189421,-0.0541930669078788,0.0197323717791968,0.0187268187446568,0.022352165690677425,0.03924193365662995
2020-03-11,-0.0092686645920002,0.0185089420536693,-0.0182354333245638,-0.0168744126465255,-0.014136030794296744,-0.022443147740460218
2020-03-12,-0.0159914018459915,0.0296948461692269,-0.0427027746930324,-0.038541062401991,-0.041613429077118215,-0.04218938915663209
2020-03-13,0.0220092381825628,-0.0025937835683932,-0.0397276698698116,-0.0420987082628956,-0.010720281385816512,-0.02662375675954745
2020-03-16,-0.0408993865834005,0.0473543193002706,-0.0652322066875803,-0.0589341587748047,-0.05497139273398073,-0.06930635226605578
2020-03-17,-0.0315248217611417,0.0365957446796351,-0.0083425540574419,-0.0092593806808477,-0.011853129908306033,-0.022518841042877602
2020-03-18,0.0042790880839204,0.0555984619485233,-0.0634360492462205,-0.0595656909528589,-0.04628530645327516,-0.07385732851339327
2020-03-19,-0.011782377509939,-0.0640918250066729,0.0415068330508173,0.0331485325377654,0.031058627736357418,0.05176197295084145
2020-03-20,0.0032894609976538,0.0248613358435826,-0.0064523146140007,-0.0060412886965507,-0.008871671286774385,-0.014409551639603585
2020-03-23,-0.034244985611179,0.0225367228645255,0.0438249944522406,0.0412406757510141,-0.0063858646050832316,0.03206027590588775
2020-03-24,-0.019694064088585,0.0146841488641609,0.0487805832649714,0.0489332044914314,0.030848799799865215,0.0422801181572916
2020-03-25,0.0169189244280109,-0.0069263184947007,0.0057163420631614,0.0049679083358927,0.0210741103400927,0.009443549555606029
2020-03-26,-0.0098095658617977,0.0203411985298937,-0.0056013070862964,-0.0051003195679514,-0.014192188492371723,-0.01213880249028787
2020-03-27,0.0074047615291958,0.0117431685812209,-0.0155847023289685,-0.0116372167902612,-0.0101108858592265,-0.017210629268595012
2020-03-30,0.0084088101493463,0.0108358076066565,-0.0274054883663244,-0.0184798462054852,-0.015460239552576027,-0.02752533145658867
2020-03-31,-0.0160983556682466,-0.0011846150973061,-0.0148110406403921,-0.0179905708445686,0.0037565760747603977,-0.014227833276200141
2020-04-01,-0.0150610001991075,0.0119153239168742,-0.0203361294169123,-0.0203226664130837,-0.03073925692113466,-0.02727860855320785
2020-04-02,0.0387907604075741,0.0017442497631786,0.0674517615259957,0.0466121083804276,0.03457841741758119,0.0662754306339223
2020-04-03,0.0116466188345353,-0.0057340706448208,0.0324570582893221,0.0276395000726311,0.00874660184919152,0.044447108482958686
2020-04-06,0.0345921734676648,-0.0009604015335108,0.0245516156541926,0.0354443339925338,0.009324962349034262,0.028150079036780906
2020-04-07,-0.0143740225188546,-0.0253816291539055,0.0014888664600382,0.0145859359322968,0.007144838113537258,0.012277368579556497
2020-04-08,0.0025932458555285,0.0122902725727754,-0.0014608539154647,-0.0088873178664688,0.0011350316874383273,-0.006143202538873099
2020-04-09,-0.0337559104514919,0.0297700716563268,0.0235035527210645,0.0203923774628682,-0.005425640899714264,0.008853094582263243
2020-04-10,0.0,0.0,0.0,0.0,0.0,0.0
2020-04-13,0.0061487016997046,-0.0053525213622987,-0.0048196943996756,-0.0055731224613349,-0.006042002045476833,-0.005939512309424161
2020-04-14,-0.0162564723697197,0.0114883165561823,-0.005931573241355,-0.0078533475442263,-0.0030167630073721675,-0.01682335256934528
2020-04-15,-0.0006669763126293,-0.0171226673870988,-0.0345483141989515,-0.031906460903473,-0.01118922018047743,-0.038673439786457375
2020-04-16,-0.0115086454997645,-0.0184175152824727,0.0056689855959146,0.0133945602556462,0.0016901540746423712,0.015620674206612534
2020-04-17,-0.0258577439279398,-0.0236105597321948,-0.0081620292653578,-0.0019651749888467,0.00268745563799486,0.0025055267110968005
2020-04-20,-0.0452953210353957,-0.0393089642180464,-0.0017932828986986,0.0188774305001423,-0.13490175117966346,0.0087295173755976
2020-04-21,0.0286656614074731,-0.017980088531156,-0.0745166095835614,-0.0600248149499942,-0.09949166437375936,-0.08983185046034331
2020-04-22,0.0004711835586444,0.0033470625658433,0.0391443162558025,0.0415086579540588,0.033557467174425815,0.04568271384482375
2020-04-23,0.0121733548061667,0.0263627387104441,0.0064432586247841,-0.0064662590836601,0.013114649237459444,-0.0027644759192971824
2020-04-24,-0.0024128587277736,0.0086429116702614,-0.0062046713887105,-0.011363270261158,-0.012083610476255512,-0.011042100017297274
2020-04-27,-0.010400482475678,-0.0248485584414696,-0.0152558102666763,-0.003475651874372,-0.014507692493035063,-0.00985224970315815
2020-04-28,0.0067915333167536,0.0055099624002454,0.0030763290021793,-0.0007836961844631,0.006493219723821673,0.0019870559977377966
2020-04-29,0.0242845962612085,0.0184820532963642,0.0153327194749955,0.0009113529281328,0.023725255865323234,0.01387146691066471
2020-04-30,-0.0377953516958482,-0.0085885099753311,0.0183248554337134,0.0129411386573919,0.02454780727441096,0.03249569251908804
2020-05-01,0.0067914310090105,0.0096137772883816,-0.0018896511750693,-0.0055289582597547,-0.0038304159256077283,-0.007566942169163787
2020-05-04,-0.0152529071977623,-0.0129365602024016,0.0116585502053431,0.0156878724640727,0.006130904949937356,0.020363196460937816
2020-05-05,-0.0340353707650289,-0.0098318022755095,0.0402088296822046,0.0353442449906563,0.03142835305488769,0.057300525853713175
2020-05-06,0.0004098578711518,0.01528221565672,-0.0237686874641593,-0.0303089768820174,-0.010625704924785017,-0.03727562401934928
2020-05-07,0.01120184021182,0.02415218104849,0.0156414924976229,0.0129114896485115,0.010439025705764913,0.006472104682595181
2020-05-08,-0.0127266800268503,0.0152177583477549,0.0076434809247393,-0.0018196881079477,0.00925979168737285,0.004847836543426021
2020-05-11,0.0004222081395635,-0.0096694136345118,-0.014712180371788,-0.0101668971690869,-0.007847461351135251,-0.014373363481682305
2020-05-12,0.0149006917575433,0.0194697182521531,6.410180759781978e-05,-0.0078375111655449,-0.0008491949765337765,-0.009848456638984648
2020-05-13,0.0093689196067496,0.0190922124696833,-0.0088961336091129,-0.0135407587491591,-0.01659837660670155,-0.020742698459117775
2020-05-14,0.0024977732462,0.0049027159209619,0.0318062355659387,0.0295948558331353,0.016412040717215706,0.03790276839012424
2020-05-15,-0.0012270101812711,0.0249696744674556,0.026094576876776,0.0186801073314807,0.010539238310889088,0.022169928404581846
2020-05-18,-0.0242705590941419,-0.0202795551872708,0.022903871713927,0.0252648544120188,0.030684468249204285,0.04132407198696014
2020-05-19,0.0048862262770355,-0.0040883621836951,0.0106255569538531,0.0136811342522659,0.006153067391399743,0.013166089142261417
2020-05-20,0.0107889362629337,0.0178681012790147,0.0074435793416321,0.0006322353709311,0.008469241682953632,0.002742988159589843
2020-05-21,-0.0038159414373976,-0.0010406883608753,-0.0181312377292705,-0.0222663163093903,-0.010257659809923271,-0.01985434513226178
2020-05-22,-0.0051535844772323,0.0010571452876037,0.0048889481743247,0.00847696194137,-0.0059430669397783605,0.0038090256455264315
2020-05-25,0.0035921915261731,0.0013894227230803,0.0023029199067157,0.0011959219093822,0.0004774915775791188,0.002745576571079933
2020-05-26,0.008925460929083,-0.0137414492833546,-0.0008311297690957,0.0011481092645882,0.01198881068932579,0.008513250758219904
2020-05-27,-0.0101388726046702,0.0054224954645467,-0.009784428135005,-0.0100808354820961,-0.0146249196497426,-0.01775800202733102
2020-05-28,-0.0024934332495443,0.0131654071418274,0.0040788808717326,-0.0009954967322874,-0.000706540158776629,-0.0006217141299273143
2020-05-29,0.0146882952308986,0.0087506047704496,0.01502638323639,0.0158641944712906,0.011568639787853385,0.014100617666605975
2020-06-01,-0.0039464567337524,0.0150855930785262,0.00337813887007,-0.0024818853349498,0.0047805653978544305,-0.0027017629496100537
2020-06-02,-0.0016578625555507,-0.0035006221037536,-0.0050573603000397,-0.0073640366762902,0.006160537315486198,-0.0013736443104096774
2020-06-03,-0.0055039774406012,-0.0146037482567018,-0.0083271564623663,-0.0058635482578651,0.0017343323610788843,-0.0006980229989576869
2020-06-04,0.0068927477141606,0.0062466414548039,0.0084754377721494,0.0079946568054185,0.00591826448326825,0.006190405300058821
2020-06-05,0.0109056223469355,0.0052466368875616,-0.0096514671548592,-0.0167786563085772,0.011948498751102014,-0.005627707806237475
2020-06-08,-0.0070443952366316,0.0008996310012858,0.0049284248667821,0.008512769066394,-0.0017322108444611892,0.0013760391867136124
2020-06-09,0.008391178953743,0.0063753495936377,0.0036944508230728,0.0015898299739162,0.0020264190318778933,0.0002602773073902831
2020-06-10,0.001476679881136,0.0013096860189606,0.0031616401417524,0.0025082138805343,0.002843008754028161,0.0050006963272822
2020-06-11,-0.0046338679156084,-0.0189156142976634,-0.0080301673532673,0.0012613735648171,-0.022218669815011527,-0.010269545196810115
2020-06-12,-0.0112489162323051,0.0057075045617594,-0.0095871228373187,-0.0144094492641436,-0.0033581607863974196,-0.01616095119567809
2020-06-15,-0.0073978003281163,0.0110869175859905,-0.0016070226241718,-0.0073327559105856,0.0008414280240203573,-0.005179402183101145
2020-06-16,0.0023790273586843,0.0193327508330748,0.0097924971864419,0.0041013898324302,0.007907880606822319,0.004500549449865776
2020-06-17,0.0005581645190118,-0.0019095734503224,0.0018006543564168,0.0035052029016749,0.0027657485976918385,0.003977139720633294
2020-06-18,0.0019743220858152,0.0001664367536919,-0.0008549314194792,-0.0032532245097879,0.0019145522409057488,0.0006047078661653715
2020-06-19,0.0147730851173957,0.0090107244328303,0.0158234240898688,0.0158905325061163,0.004651971768223822,0.016911565766648595
2020-06-22,0.0078723427763367,0.0086075791193455,0.0083014695605672,0.0060639720628053,0.00381777129880267,0.00715314275158993
2020-06-23,0.0036702958684187,0.006564934656388,0.0027126795116623,0.003187604774128,-0.0009236888079379072,-0.002099276327231031
2020-06-24,0.0030990877891565,-0.0123245047391829,-0.0213917433661398,-0.0170120189547504,-0.018379404734407554,-0.02649673816956022
2020-06-25,0.0170438216121404,0.0180550237982938,-0.0001546384114575,-0.0068107525732293,-0.0001027627151327117,-0.01075537981257113
2020-06-26,-0.0008764122230626,0.0021774181866972,0.0046632944352207,0.0055397119990383,-0.0062730494538899275,0.004931237783963038
2020-06-29,-0.0235014744841116,-0.0117824122629463,0.0117974727357955,0.0158920231835328,0.015269210093926604,0.02971800390553081
2020-06-30,0.0046387363339721,0.0047583152786578,0.0123613494191963,0.0155004616814375,0.00906813753489076,0.013360671920454537
2020-07-01,0.0068919018435306,0.0025333955114726,-0.0110878998854048,-0.0157956587999532,0.0047067394323088005,-0.015277494470925135
2020-07-02,-0.0157359710215826,0.0009553331985452,0.0128472226766277,0.0123168388517521,0.0073766135963701926,0.01885354257134153
2020-07-03,0.0005280518374785,-0.0017663936377389,-0.001567384474684,-0.0007615564724386,-0.001191323716278802,-0.0018686599038975071
2020-07-06,-0.0087076303361468,-0.0064694762544397,0.0109231481501205,0.0125698754859683,0.005266103806318775,0.019611377403023378
2020-07-07,-0.0061498429021348,-0.0004062583749013,0.0077819863422143,0.0094373503207913,0.007327898106996368,0.009989220036628582
2020-07-08,-0.0170095836284973,0.0133688323054628,0.0076212393583683,0.0065868096791023,0.0045290665931525245,0.0019234217497524908
2020-07-09,0.0097956415131758,-0.005217742287008,-0.0135423402730641,-0.0127332775794901,-0.003995107260346624,-0.016536223125211913
2020-07-10,-0.0082441487505899,0.0018024269409608,0.0065392902825127,0.0047483725793581,0.006828291377720853,0.009901007770513337
2020-07-13,0.0174634049604016,0.0145674487841105,0.0072745535314573,0.0080745640390894,0.001502891879761941,-0.0008582323060883357
2020-07-14,0.0020576444891713,-0.0016352786016888,-0.0023283229264671,-0.0026718496187469,-0.009285670674807667,-0.001283122897210387
2020-07-15,-0.0088817744181634,0.0055489534048864,0.0092120439371774,0.0080635480875255,0.006762326522022316,0.012860535307625931
2020-07-16,0.0109083624869473,-0.0023786342322006,-0.0105930087837081,-0.0111063696869423,-0.0004991807864658007,-0.01446221401051176
2020-07-17,-0.0029199552359861,0.0015537441110936,0.0035514776725951,0.0041753721038599,-0.0013630237881830931,0.001717968017429572
2020-07-20,-0.0048066321526535,0.0129742426551356,0.0041769719542581,0.0024168278176847,-0.00015982786659978596,-0.003958348780692594
2020-07-21,-0.0205665336383599,0.0284169317059884,0.0310799043979039,0.0298608839476929,0.01685505510579209,0.03186163019579724
2020-07-22,-0.0040095172420962,0.0080670854093477,0.0244074906170653,0.0236559968707669,0.006653337435423444,0.021889665862509372
2020-07-23,0.0086828494656313,-0.0276572985598522,0.0048943489741405,0.0101686796753084,0.002868076234197106,0.011598454971136013
2020-07-24,-0.0036829151040069,-0.0031865811056064,0.0014783185682309,0.0024360401359341,-0.0022308719126524572,0.002884001815935122
2020-07-27,0.0202777066392486,-0.0019114640697504,0.0225289304311966,0.0189256699014723,0.008347485266562168,0.01215777629094475
2020-07-28,0.007619826824653,-0.0081579483259215,0.0022402800764401,0.0047818381756292,0.0006437063122230927,0.0074809143929909505
2020-07-29,0.0130143520513009,-0.0029259249944446,0.0083020652625841,0.0093596713240953,0.0044849685998582765,0.012379769323765166
2020-07-30,-0.0311518933780416,0.0017988725609351,-0.0210089977855447,-0.0203903669532346,-0.00992581280051555,-0.028801878743228787
2020-07-31,-0.0043649027024598,0.0039021539149171,0.0140881402038868,0.0112986173835945,0.007145976368825505,0.00951253851447384
2020-08-03,0.0751705142046224,-0.008178780680207,0.0202258778174259,0.0259834690468603,0.014840420742945172,0.04781567091998423
2020-08-04,0.0060718740776254,-0.0076983242610201,0.0301382609112979,0.0277929509182083,0.0078415997658906,0.033369269379492916
2020-08-05,-0.0132487754127339,0.0034802327363084,0.0182489332508817,0.0164202805079731,0.009896247223483465,0.0157315224697665
2020-08-06,-0.0074233807742785,-0.0059331859387126,0.0175146798683176,0.0137143023689093,0.0032677847068804462,0.012973810967817023
2020-08-07,0.023427312090731,0.0002688303973735,-0.0169676617679533,-0.0147151445294837,-0.012967126072451502,-0.007965323364825999
2020-08-10,-0.0213723155702924,0.002668975683803,0.018364651441075,0.0127085947152203,0.008089415207248098,0.010949189025904138
2020-08-11,0.0603810352414616,0.0251714302796397,-0.0504010752488088,-0.0431359013064052,-0.008360645541157515,-0.03950517989471941
2020-08-12,0.0037923135448322,0.0133523491294537,0.0034879308429219,0.0039864642259284,0.00417738108441363,0.0026746739491297356
2020-08-13,-0.023230381042841,-0.0022387804090843,0.0213154563990761,0.0155962603209728,0.005925663146686913,0.02028185406167593
2020-08-14,0.0116925561580929,-0.0256727942626704,-0.0138545470283105,-0.004973535229646,0.0007644024372995538,0.0015812030911447061
2020-08-17,-0.0118282446764879,0.0113097634537843,0.0287134943977941,0.0234509447586154,0.013556939008540502,0.0225938583984871
2020-08-18,-0.0083123799376866,-0.006651362152811,0.0103871587430912,0.0105530894134932,0.0051468690141955485,0.014301099534516748
2020-08-19,0.0166966999060003,0.0048125226597557,-0.0164648428036075,-0.0141123856763541,0.0034377311909725367,-0.011578446132381737
2020-08-20,0.0023722837114536,0.0049796311913605,-0.0119182921783786,-0.0131913459617837,-0.0060442862629213395,-0.014880112598734258
2020-08-21,-0.0170930170818382,-0.0152773374684263,-0.0029301337466576,-0.0001217310303047,-0.00563238522262546,0.0033041921278038344
2020-08-24,-0.0027867894005307,0.0042822563715868,0.0032410343659786,0.0056421860733346,0.008897228720552566,0.009044270414978267
2020-08-25,0.0102824378811432,0.0112278391952756,-0.0045112877625922,-0.0029496729915733,0.00880017876894556,-0.0036869610056924074
2020-08-26,-0.0093445025405718,0.0042791859962209,0.0164460807980715,0.0112946364586322,-0.00017989389188164686,0.011029893642476835
2020-08-27,-0.0227136094919196,-0.0175827778171552,-0.0066511187884254,-0.0037309237829419,0.0005651782156021202,0.002703784984640245
2020-08-28,0.0148402598500382,0.0075502439180634,0.013388994228662,0.0104938208567358,0.005003088706359146,0.005776980296202411
2020-08-31,0.0022077102378293,-0.0022672059655141,0.0051202439748102,0.0009803454401782,0.0005982076524301851,0.0023149060826878343
2020-09-01,-0.003426997791031,0.0114596879841808,-0.001516190540865,-0.0027499859564566,0.004764060410469627,-0.007620324099209014
2020-09-02,0.0004923635062837,-0.0147250608323514,-0.0257532357811438,-0.0233659097102307,-0.011609499945252481,-0.025592273760089462
2020-09-03,0.0014337745719648,-0.0080968112566266,-0.0082641001267147,-0.0067484154287009,-0.007777815578574526,-0.007631937798561028
2020-09-04,-0.0032200953533985,-0.0162497123730768,-0.0054048766856616,-0.0064942145005613,0.001524231022875756,0.00029936384283843487
2020-09-07,-0.0070533368373695,-0.008064097323648,-0.0032385119923698,-0.0046515475478914,0.0002458937715065272,-0.0038610038610038255
2020-09-08,-0.0370705054209195,-0.0252880971223718,-0.0128326498806352,-0.0215587261748488,-0.019345950080574614,-0.02773259321955726
2020-09-09,0.0030680581869967,0.0101837336826023,0.0090939051175615,0.0108616544593848,0.005973863053878968,0.009339271675785299
2020-09-10,-0.0125508424885146,-0.009024989530497,-0.0026708109886245,-0.0061339258812168,-0.0014812304851861907,-0.009966880580527332
2020-09-11,0.0034855008169794,-0.0092113735951073,-0.0111080658958917,-0.0105699222970365,0.004020277797249841,-0.013306983508038467
2020-09-14,-0.0065696354397491,0.0033369281443732,0.0088995800304013,0.0069749668324279,0.0037178146477853643,0.009837265887112534
2020-09-15,0.0101175792372402,0.0153651334686746,0.0084519311843049,0.0106723590461575,0.005748138680559176,0.012741382917884847
2020-09-16,0.0157798636798073,0.0219675240800819,0.0062939643866526,0.0082615915409182,0.004843570825692596,0.0010611500277063757
2020-09-17,0.0242662374422175,-0.0034668194493217,-0.0115929947263292,-0.0108463495644832,0.0004639669361719049,-0.024460767493876157
2020-09-18,-0.0041567020437342,0.0001040521885179,0.0025002851279167,0.0021102362681369,0.004260635737408067,0.001619732055281986
2020-09-21,0.0341411277673992,-0.044739765262051,-0.0554390796399006,-0.05046383139155,-0.032847091003503366,-0.06767380846914536
2020-09-22,0.001610566878526,0.0022090004994925,0.002153789936929,0.0020990582766868,0.0011802656232372678,0.0025918702252293313
2020-09-23,0.0218806493329112,0.0082628580949413,-0.0099092709668105,0.0024974538062213,-0.0009628299228443838,0.020347090793847472
2020-09-24,-0.0001993738370129,0.0072491928150308,0.0089751488033627,0.0103247156029931,0.0005854262504439024,0.017577057584725275
2020-09-25,0.0027197673436894,-0.0039807006904029,-0.0080511043196744,-0.0086875037091609,9.880022286277929e-05,-0.014782064645763288
2020-09-28,0.0034179135482955,0.0107654897079632,0.0105815511693045,0.0087675790578631,0.005597095227476785,0.006315941412414733
2020-09-29,-0.0176501985092306,-0.0021895423232618,-0.0001713751048076,-0.0098756065861523,-0.00690136359407305,-0.017568026555720206
2020-09-30,0.0076185078229147,-0.006449309480614,-0.0134820284974145,-0.0093759162698642,0.006828462868982484,-0.014449314561569365
2020-10-01,-0.017892449150134,-0.0008699770941475,0.0065485068102793,-0.0004501960410326,-0.01296850841298616,0.0027876202164239805
2020-10-02,-0.014531424958495,-0.019877786779606,-0.0161278887997704,-0.0197487938925579,-0.006838917907570408,-0.022499564935989758
2020-10-05,0.012788300014468,0.0224309337607597,0.0258587548344825,0.0296614010933184,0.015075389357739766,0.038155106991794696
2020-10-06,0.0220047123895326,0.0053663459233974,-0.0057131174508715,-0.0012414461811525,0.007023921663964155,-0.008856900526089229
2020-10-07,-0.0067481646770788,-0.0087193939219602,-0.0046169606092692,-0.0048723367425929,0.00542829318612078,0.0021062215044076738
2020-10-08,0.0113041357815455,0.0106502459050689,0.008282345159103,0.010999735542434,0.006934350292495808,0.010455586533221983
2020-10-09,-0.0032350903771267,0.0122854325774857,0.0222148964502643,0.0171032064881788,0.011279187877891153,0.025057780653088002
2020-10-12,-0.0175468215274358,-0.0149041754434017,0.00124236035053,1.703631468347351e-05,-0.0066797196637348325,0.008090506875147452
2020-10-13,0.0083224113522366,0.0002926866655924,-0.0167828011464318,-0.0111044881505731,-0.002688902747454533,-0.013635198684071898
2020-10-14,-0.0031767801399836,0.0196443205409647,0.0033768637608337,0.0016140470056929,0.003985463626416922,-0.00959504219844054
2020-10-15,0.0136018531001052,-0.0055943492692767,0.0023732506707377,0.0041490050833083,0.0038532584041972863,0.010665299009393253
2020-10-16,-0.0017717088292279,-0.0022829280721874,0.0002502616652062,-0.0009235154237067,4.600458749981495e-05,8.400894982873996e-05
2020-10-19,-0.0027853739263738,-0.0020917043803672,0.0035185567356805,0.0019823154148017,0.003207394794452727,0.003827508052478834
2020-10-20,0.0149831935794236,0.0042704398807997,0.0102125985974662,0.0108475470447141,0.0069939075228703,0.017059116391154205
2020-10-21,-0.0101570372959358,-0.019349413354446,0.0023407024497217,0.0001922548771196,0.0006738924151612287,0.005569435394705974
2020-10-22,0.0070944391140818,0.0067236512363559,-0.008001569085048,-0.0051842336962037,0.00042052090859322634,-0.005451412000051975
2020-10-23,-0.0078224860916135,-0.0075442073655956,-0.0046456665470985,-0.0057559357268968,-0.0029801410541584277,-0.007283523987058921
2020-10-26,-0.017338060253273,-0.0202438807938811,-0.0075973041594141,-0.0079270218053462,-0.007276610086233472,-0.005895240534698837
2020-10-27,0.0119581154331457,0.0095988010331378,0.0068071235916717,0.0071402871850091,0.005153400584982766,0.006611748914382626
2020-10-28,-0.0175566139953159,-0.0347236287327944,-0.0317508448062773,-0.0298364843068651,-0.02029374306556102,-0.031224645030151404
2020-10-29,-0.009160799278828,-0.0102076473866638,-0.0101671035501585,-0.0117062440095134,-0.008904106132547421,-0.010047635265110821
2020-10-30,-0.0089798124038076,0.0039878391956879,0.0063608400639294,0.0057538198190651,-0.0018102118178243457,0.007405820579019118
2020-11-02,0.0079404841619214,-0.0022864145490195,0.01003695323488,0.0084012876352868,0.006362599686821861,0.004367491129815243
2020-11-03,0.0121123944082217,0.0048311931414827,0.0063752899529116,0.0040204623061961,0.007102637287551551,-0.004022772951061571
2020-11-04,0.0109231049486085,-0.0109916778596493,-0.0004566674300974,0.001001567620773,0.007623352465819336,0.002012306977273254
2020-11-05,-0.0157087403884499,0.0211949828261166,0.0214369067822092,0.0172903181700577,0.007300586859574537,0.009910600198927644
2020-11-06,-0.0112991707329727,-0.0192804579303774,-0.0031963553594381,-0.0055026888050023,-0.00536750204165509,-0.008306012702778393
2020-11-09,0.0594645451724559,0.0637393744028539,-0.0271084414271807,-0.0231784874457597,0.00965806411615518,-0.01532168568231293
2020-11-10,0.002212235827953,0.0210252420379195,0.0223608593549616,0.0219234614147374,0.012984685406750221,0.025940730599793127
2020-11-11,0.0032437067414824,-0.0025910694163405,-0.0021545866318124,-0.0006842584114163,-0.001823666417859659,0.004112831853121168
2020-11-12,-0.004784559616964,0.0004589526098573,0.0002870092312385,-0.0003583580299935,-0.0009657328910038449,-0.004111164357513547
2020-11-13,-0.0107238157531406,-0.0015624358280797,0.00497499723261,0.0041081696248364,-0.003392086430693485,0.003783043632791694
2020-11-16,0.0137864743540487,0.023383229860911,-0.0029498696651096,-0.006809558393387,0.01080123979220622,-0.01820513146038777
2020-11-17,0.0013469108996672,-0.0020154532462499,-0.0027406502064463,-0.0024619536958987,0.005431220343437175,-0.00278190668754677
2020-11-18,0.0073878311108092,0.0055965662304238,-0.0013030955007303,-0.0006356079632639,0.00784346757590544,0.0016993148030469696
2020-11-19,0.0074315990451266,-0.0009308659230366,-0.0116978937927286,-0.0123596356733407,-0.004685471711230325,-0.017551059950811188
2020-11-20,-0.0034918148803382,0.0119624011814587,0.0118085746443491,0.0118773062362721,0.01026467237350878,0.0148086899704169
2020-11-23,0.0205363656510321,0.0043084846078775,-0.0086368736845858,-0.0067671401470601,0.0021939786701854094,-0.00012823074921117228
2020-11-24,0.0193262945101315,0.0121152113127998,-0.0014859054854848,-0.000563186072261,0.011370028012861823,0.007486386686005014
2020-11-25,-0.0001111127060697,0.0032427250655153,0.0075740220150413,0.0088999013355278,0.002080714436419435,0.015204698355754831
2020-11-26,-0.0027876814943219,-0.0078846660141906,-0.0035055169704641,-0.0034030729864261,0.0007651353837102388,-0.004179331306990858
2020-11-27,0.0209258666601435,-0.0028912721593528,-0.0164158952658132,-0.0161579573895701,0.005384009899332159,-0.019693041068994444
2020-11-30,-0.0009303792055673,-0.0074467119944157,-0.0036639974406919,-0.0031816305389401,-0.006991924999331974,-0.0011574756519981966
2020-12-01,-0.0231188084634318,0.0194460964880991,0.0245958928376215,0.0213037095754482,0.0015843799220345096,0.01923655573772806
2020-12-02,-0.0015849325679836,0.0104622326840327,0.0032826575394035,0.0023236992531003,-0.00025198912242285765,-0.002788387679243165
2020-12-03,0.0047033127519687,0.0058984860272615,-0.0035086537342328,-0.0069700024524086,-0.0014346938808763733,-0.020166197982951994
2020-12-04,-0.0025105891882161,0.0069969744566699,0.0057544726098987,0.0064085934251864,0.0036536721630772294,0.010662164713529931
2020-12-07,-0.0168056730042457,0.0036057472029576,0.0042517677680656,0.0009591686406447,-0.0035321502383999083,-0.009675260285254283
2020-12-08,-0.0025584958788652,0.001422177725509,0.0014419477646946,0.0016243622291414,-0.00297332766921992,0.00012019973921423288
2020-12-09,0.0174992183333363,-0.0104627037024972,-0.0147487438469692,-0.0126462987050218,0.0050307700238530215,-0.007780162022244214
2020-12-10,-0.0037142987726102,0.0131395729282527,0.0108386875234121,0.0125065183073848,0.01300921633460469,0.019374713464996557
2020-12-11,-0.002352493556758,-0.0009586513995933,0.0016566532689761,0.002148637018188,-0.002659414552573738,0.003222362229848813
2020-12-14,0.0011418156879901,-4.564425887214787e-05,0.001220944443544,0.0025627847431551,0.004825836153496849,0.008363960754052213
2020-12-15,-0.0131910096081672,0.0134479769439952,0.0140275662370387,0.0129227331229189,0.005088267060835809,0.011706925166529991
2020-12-16,-0.0035824936712799,0.0054594774728144,0.0063903345203847,0.0055212134083796,0.004000348373228385,0.00573989566271732
2020-12-17,0.0031462465027862,0.0138032222271088,0.0195852156544864,0.0165968377932957,0.010721316665326486,0.013733276234285274
2020-12-18,-0.0011942392738058,0.01022553776627,0.0034427006362901,0.005066901198149,0.0031930492826005527,0.008187044042189867
2020-12-21,-0.0076467292741832,-0.0104982764947865,-0.0032518331158025,-0.0040257166886317,-0.009293615360312287,-0.003555682953701289
2020-12-22,0.0035672361427819,-0.002014580302662,-0.0122171333057097,-0.0090626863594739,-0.007548149032655588,-0.006758813921783319
2020-12-23,0.0215183951941779,-0.0053531255279821,0.0049960715702612,0.0007392610217383,0.01114524426627777,-0.005063884707775718
2020-12-24,0.0051761042301418,-0.0067199268905593,-0.0016771744709282,-0.0034539366623314,0.0010350447994946583,-0.007693646723423431
2020-12-25,0.0,0.0,0.0,0.0,0.0,0.0
2020-12-28,0.0119044768955399,-0.0201530524956299,-0.0034894500045608,-0.0090905501964236,-0.005320897686040522,-0.01749683948684122
2020-12-29,0.0082951495925543,0.0192660916722043,0.0045578363532996,0.0086509408351215,0.005771547902684989,0.015995981914459834
2020-12-30,0.0002827797577423,0.0028604026445332,0.0062307959036233,0.0051424837849256,0.00829397344116792,0.003756966139531581
2020-12-31,0.0101595212776784,0.0122221919317802,0.0037777862923292,0.0063174469354352,0.0042924820259769075,0.011607844733857842
2021-01-01,0.0,0.0,0.0,0.0,0.0,0.0
2021-01-04,-0.0068178563712105,0.0127416695265887,0.0200418891120904,0.018390277503553,0.005463357352254822,0.01658909692801752
2021-01-05,0.0284830886232823,0.0371329915810554,0.0187679522369111,0.0215853914525468,0.02097407082035869,0.027427977873352327
2021-01-06,-0.011347609970019,-0.0035109997937033,-0.0127044006492802,-0.0109449654699864,-0.0012441778064305681,-0.006635203528565836
2021-01-07,0.0029089320970044,0.0034405374633582,0.0039848192697409,0.0038214783887194,0.0020553744397205967,0.004224582274984512
2021-01-08,-0.0227924408001735,-0.0178958593998222,-0.0379625720711723,-0.032536995110348,-0.006279805072881154,-0.02960937171844702
2021-01-11,0.0055029570807031,0.0079123683451953,0.0109074413730725,0.0099473503131113,-0.007533045610219811,0.01161283029342558
2021-01-12,0.0020570630420034,0.0071608649830489,0.0036558408012333,0.0041042206969567,0.014675734784079604,0.005281443733347518
2021-01-13,-0.0015580274331494,-0.0030206122689091,0.0011865335304692,-0.0002487415615432,0.0034728742725764084,-0.0018843019868952648
2021-01-14,0.0037810019999421,0.0012263728769726,0.0009371290290218,-0.0007414134048855,0.00759219260093688,-0.0021592240024459475
2021-01-15,0.0082193510487235,-0.016693324388741,-0.0171510101992429,-0.0136351277193589,-0.0092551825091582,-0.011149373712058513
2021-01-18,-0.0025553257386997,-0.0023845415929509,-0.0013271750095313,-0.0015560291672223,-0.0007362760678558919,-0.0015822784810126667
2021-01-19,0.0023559160002585,0.0018490707186289,0.0054658858924332,0.0005255103340624,-0.000970651449834393,-0.006245272151679554
2021-01-20,-0.007434892091426,0.0077980873962097,0.0112738474193179,0.0095896254275037,0.0044563854717686365,0.00803974785071973
2021-01-21,0.0007464579856603,-0.0024742587313355,-0.0009014492669842,-0.0021273222106129,0.0007732352567226095,-0.0038883034829901575
2021-01-22,-0.0034181894976787,-0.0119883085415317,-0.0094340977179066,-0.0101599898609534,-0.010028539492854292,-0.011768757322396906
2021-01-25,0.0107103568478547,0.0152093660434293,0.0064790177617735,0.0106544995234414,0.00688473734066733,0.017252345695999677
2021-01-26,0.0020040037362208,0.0027406515933147,0.0014871016659202,0.0025361863669068,0.005987260008195079,0.005262703474886915
2021-01-27,0.006316306155515,0.0018605455212504,0.0001530048415584,0.0026187087103583,-0.005442441928831457,0.0070682523033258615
2021-01-28,-0.0060648139386969,-0.0013574519417268,0.0013953885194597,-0.000807413469977,-0.0036402482407923674,-0.0005106618835520049
2021-01-29,-0.0160286204074017,0.0073206534037452,0.0101879590825549,0.0061139007512662,0.0026503130686892314,0.0029992620260272107
2021-02-01,0.0001678744132696,0.0413703764495819,0.0423864897231481,0.0423470157890257,0.01612557123192889,0.05886320138685003
2021-02-02,0.0455940494462671,0.0180738542941935,-0.0299713597664167,-0.0186850745926699,-0.003892420702013315,-0.025124267454564003
2021-02-03,-0.0005275084181579,0.0097613454468293,0.0070687461040268,0.0061816022678064,0.006430468066228755,0.004167562137791347
2021-02-04,0.0123724260445294,0.0031676560195044,-0.0108639819795333,-0.0058042324832942,0.0025217116188114815,0.002720108831089585
2021-02-05,0.0008240320524799,0.008495370568504,0.0127677092579678,0.0094833936823273,0.00821793935456273,0.006477147638346309
2021-02-08,0.0068749560210991,0.0187581614546151,0.0154523904968104,0.0153173329403676,0.011595662682418257,0.014869901628142501
2021-02-09,0.0064238506660162,0.005388298155409,-0.0004310766174828,0.0005780342834987,0.004076527677045713,-0.0029783357552927436
2021-02-10,0.0082767041673669,0.0070201056274194,0.0017880056758031,0.0045131414102663,0.002420262479476624,0.005965288696679311
2021-02-11,-0.0081827130759601,-0.005301970280644,-0.0064932016509301,-0.0071299396415413,0.0008568843898442822,-0.007432518239013891
2021-02-12,0.0056566577060203,0.0192754476939853,0.0075899927810937,0.0093131828742719,0.007779468756911977,0.011171824066599001
2021-02-15,-0.0022864873808042,0.012227317849552,0.0029673629930086,0.004464570550271,0.0011707891910855102,0.003537735849056589
2021-02-16,-0.0108044201688697,0.0008146933016461,0.0008795113746171,0.0038684625367371,0.013374842480742215,0.015488654607202779
2021-02-17,-0.0124090549572403,0.0117530105404983,-0.0007207742040657,0.0023964406896114,0.0010668457827609308,0.007326090459688656
2021-02-18,0.0024130528151277,-0.0030860623722884,-0.00686447832739,-0.0079589845476791,0.003928004640190989,-0.014138412244507154
2021-02-19,0.0086946923866476,-0.009886861220924,-0.0014002997084601,-0.0041839766513098,0.0058310660617742075,-0.0030667730293375828
2021-02-22,-0.0117843050234785,0.0321363085166871,0.0201537155328459,0.0194012159377969,0.014368583031287751,0.011887419708140279
2021-02-23,-0.0047862518343509,0.0013793268018109,-0.0060545785538855,-0.0050893029811914,-0.002455613270901636,-0.009621667164791708
2021-02-24,-0.0131055022911997,0.0194208105627992,0.0043859892190224,0.0063217236609946,0.012819400781019199,0.0047789145203495365
2021-02-25,-0.0037864366053202,-0.0038182070302626,-0.0088818365273286,-0.0080663131898743,-0.0034714765493796553,-0.00752242803178077
2021-02-26,0.0029404817311099,-0.0135319317632627,-0.0258279414215704,-0.0214976510007598,-0.02346704902211296,-0.021118995796949397
2021-03-01,0.0092169673358438,-0.0056978227128483,-0.0013312460308755,-0.0032622326657414,-0.0018216351023063785,-0.0008966000968032017
2021-03-02,0.0123384133603015,-0.002968858737908,0.0034210054107638,0.0017371097420165,0.005859041192625552,0.005148824033940652
2021-03-03,-0.0177168878993845,0.0022639106739305,-0.0054810667244134,-0.0013828111227113,-0.008012656045540023,-0.0037653987101803066
2021-03-04,-0.0322637845501214,0.0092881289925164,-0.0064881255955777,0.0003541273536376,-0.008857375238005618,-0.006735494320916774
2021-03-05,-0.0202809781415869,0.012150848786695,0.0044630573855625,0.0080027991397064,0.007031104818384972,0.0037332961136805343
2021-03-08,-0.0094500613672297,-0.013336161495592,-0.0101071795345638,-0.0116745321403929,-0.00287198445776134,-0.010666104144000904
2021-03-09,0.0100245649293463,0.0102667102300511,0.0173875197266158,0.0123029177358702,-0.001434134189040486,0.011995120575643337
2021-03-10,0.0030267465635625,0.0051730849521225,0.0028459350415933,0.0039411969475768,0.001835722767061541,0.004369547837700993
2021-03-11,-0.0032651282342102,0.0093320100699093,0.0054351531637841,0.0068234328042317,0.01213583127693833,0.004921585866952988
2021-03-12,-0.0063239595272625,-0.0066945121629155,-0.0070160657663161,-0.0075797642068842,-0.0034746428027571446,-0.010949478855023898
2021-03-15,-0.0022107445835572,-0.0059907481368088,0.0011845996219531,-0.0028700765946095,0.0007498972074077836,-0.007443451263813627
2021-03-16,0.0031336643950196,0.0023455450193272,-0.001088124971957,0.0007957378250472,-0.0005875107312991746,0.0036392150146391244
2021-03-17,0.0056201829429679,-0.0061023228399644,-0.0027934632855288,-0.003970820522757,-0.003123379222398755,-0.0047202163735350355
2021-03-18,0.0446127749475471,-0.0332157706189051,-0.011924422719938,-0.0197274184080288,-0.017345246380713466,-0.01847095072569699
2021-03-19,-0.0140545119431969,0.0140680103084407,0.0081840663423918,0.0103860061922516,0.005967912362440325,0.011501922877485526
2021-03-22,0.0009541234447417,0.0034742842038295,-0.0044926076287461,-0.0015150438655724,0.0006230954604553826,-0.0008141145531829486
2021-03-23,0.0389262651663541,-0.0246765796566004,-0.0237051821755989,-0.0262023399010881,-0.016027925752318792,-0.029062238338521618
2021-03-24,-0.0313682373735895,0.0014351383568562,0.0148746783983958,0.0168273146314315,0.009311841116902106,0.017007208789848294
2021-03-25,0.0205003965289179,-0.0017669712119307,-0.0100924946234956,-0.0086709845547952,-0.014886764982764186,-0.007277045064626925
2021-03-26,-0.0179606238730179,0.0062573608570006,0.0109510609890794,0.0108580051435007,0.01576368271113693,0.01097716463015927
2021-03-29,0.0013586297528632,-0.0014984455550455,-0.0063479330636727,-0.0042950008349753,-0.0029154815562625674,-0.0018987594101483873
2021-03-30,0.0157533598259379,-0.0152567707857977,-0.0177554030199697,-0.0165911478125696,-0.012618046750362832,-0.01665031655287305
2021-03-31,0.0053493604920567,0.0089192155851489,0.0095674863922461,0.0077172059547513,0.005575544916914202,0.0047628988989750765
2021-04-01,-0.0254315494801015,0.0141439152841275,0.015866515871755,0.0155745271484523,0.004516537211239535,0.017530553056755716
2021-04-02,0.0,0.0,0.0,0.0,0.0,0.0
2021-04-05,0.0179691607757615,-0.0163070716686863,-0.0147298607158764,-0.0168127927715962,-0.007001972115010244,-0.024240797605427494
2021-04-06,-0.0103233857658477,0.0016207774014966,0.0083944359322023,0.0058086248527331,0.011659556048923499,0.0034762774617951298
2021-04-07,-0.0017792991956318,0.005981577859559,0.0035814643585388,0.004955260243612,0.0017665859226154133,0.008219881639295046
2021-04-08,-0.0055539601632908,0.0072363484425275,0.0079135002054574,0.0072025580543094,0.007377679183388024,0.006087140883465902
2021-04-09,0.0062462970222208,-0.0055406303765597,-0.0067278314310972,-0.0060180615534627,-0.0036123320229727693,-0.005064126643878369
2021-04-12,0.0037301755719654,-0.0014925335680164,-0.0054558230732145,-0.003496387792489,-0.007871156170385044,-0.001475640509955023
2021-04-13,-0.0109989884949225,0.0113198282560392,0.012987762605727,0.0127466145099674,0.007651630926707876,0.014990160484667558
2021-04-14,-0.0149555587605945,0.0145248465238185,0.0077005987611917,0.0067239719671869,0.01807607416562545,0.010687330076945334
2021-04-15,-0.0120803265132457,0.0114324845982707,0.01470176843635,0.0147826164987187,0.008191305080333776,0.013821956530490676
2021-04-16,-0.0024350898977932,0.000696358893162,0.0049739957089326,0.0053363074862917,-0.002585115193545453,0.004716590436790125
2021-04-19,0.0067259420710813,0.0011836518264692,-0.0018972875428254,0.0004581572316465,0.0033774168115416362,0.0035688456064770224
2021-04-20,0.0017358194078841,-0.0029343336990208,-0.0002792810664273,-0.0006642846504981,-0.000274196482689791,-0.002685573830399385
2021-04-21,-0.0026196752771522,-0.0036309085299626,0.0059501622219447,0.0032262576574505,0.0036309915425785004,0.001218578245091223
2021-04-22,0.0031480832768825,-0.0018047601340377,-0.0043665711872526,-0.0017421803849753,0.004619197180001352,0.00043450344270629104
2021-04-23,-0.0015325993319771,0.0030670433507994,-0.0004178086505327,-0.000818341493016,0.008326570670617643,-0.0005840956868176927
2021-04-26,-0.0015359389899479,-0.0016867415668134,0.0023526706031347,0.0038037923380821,0.013358548886087795,0.005316057359915416
2021-04-27,-0.0079655993759635,0.0085306306977971,0.0068087717748367,0.0088711685857927,0.008426713780606405,0.012133831455769545
2021-04-28,0.001202803921846,0.0018571555160269,-0.000211906985681,0.0010421720064109,0.00038142761910680385,0.003893238960486989
2021-04-29,-0.0025692502559205,0.00346975159179,0.000864780347039,-0.0011079844807475,-0.0013838846761799882,-0.0004173692432397069
2021-04-30,0.0034320430610145,-0.0060538649146286,-0.0057125879785456,-0.0041336222860651,0.000754351118513678,-0.005215787607814798
2021-05-03,-0.0162382107432134,0.0198700143527758,0.0205462661845017,0.0200865566054384,0.005219971422723414,0.019865621576834802
2021-05-04,0.000320823814118,-0.0031273697741148,-0.0035970927574514,-0.0039876244478711,0.0068580363989270195,-0.0008853788458957901
2021-05-05,-0.0023059001769149,0.0010877359151982,0.0010537604848711,0.0001307526225306,0.007720668487033711,-0.0013542251623809842
2021-05-06,-0.0116406827410144,0.0140678843800672,0.0142226775368426,0.0133696351746802,0.009851142906219874,0.009398575832211015
2021-05-07,-0.0013874650071605,0.0059556694460716,0.0052701582575986,0.005909620701841,0.008460902495527724,0.0054072506554067035
2021-05-10,-0.0015532438029832,0.0002877161629058,0.0010129518647909,6.81178156563694e-05,-0.005560010097660369,-0.0010714445958358854
2021-05-11,-0.0028685885178255,0.0031382618150177,0.0027150014119716,0.0031412287583055,0.005520357344902677,0.004203460610012838
2021-05-12,-0.003315008432096,-0.003417518924528,-0.0044708908772357,-0.0037483657952621,-0.0025402463144630445,-0.0016996101688457055
2021-05-13,0.0161492985402076,-0.0061348419679803,-0.0081710980069335,-0.0062442663719708,-0.02162927212711659,-0.009300381409686559
2021-05-14,-0.0166719077931624,0.0079235195668398,0.0111404253332809,0.0087800821882613,0.0005603289333711932,0.009882354949932087
2021-05-17,-0.017203840762862,0.0259882931130635,0.0224540586844549,0.0260280812831333,0.013858420551413316,0.027507680576145055
2021-05-18,0.0093657850237333,-0.0066347310980977,-0.004376007674518,-0.007443040062988,0.0024613839455421885,-0.009907986229633986
2021-05-19,0.0188672476447167,-0.0073723519003001,-0.0073439445736895,-0.0074386336243258,-0.019429686082494985,-0.012332014692266302
2021-05-20,0.0111464986508527,-0.0060419470337007,-0.0055101301449464,-0.0058945108536718,-0.0034700931301327237,-0.008637544220622906
2021-05-21,-0.0033737289590679,-0.004007443559724,-0.002877046501079,-0.0038063467560989,-0.00228741554902408,-0.0023815709003267294
2021-05-24,-0.0091190192199797,0.0078426077517064,0.0115865406756311,0.0085426869636504,0.00399416769108467,0.010758963478386674
2021-05-25,-0.0029262031510975,0.0065493357872162,0.0060200028531167,0.0065576657527064,7.955300783135183e-05,0.006163161504477488
2021-05-26,-0.0023826387858722,0.0060655736095679,0.0019126356289444,0.0044349980897916,0.004279336426198527,0.0057422002910437475
2021-05-27,0.0014185292062992,-0.004030687389544,-0.0008845263832827,-0.0037069926011695,0.013250869908502043,-0.003745695173347635
2021-05-28,-0.0011830113823058,0.0045111135175471,0.0036775033774838,0.0043128219459038,0.002222841268856987,0.004611711092610382
2021-05-31,-0.0029415524861811,0.0019406851774893,0.0018344666686253,0.0013338184920974,0.0003803616361402111,0.002187079407806214
2021-06-01,-0.007154217057797,0.0131392758724571,0.0070442234539025,0.0097633491952978,0.011127563574139325,0.013959621025372043
2021-06-02,-0.0029112986430904,0.005396216601384,0.004508692996518,0.0027080022648864,0.0010361179978369249,0.00310378684686502
2021-06-03,0.0170571088727442,-0.0123411470804688,-0.0162336249186187,-0.0165950413813503,-0.013576601593085665,-0.014094506525850564
2021-06-04,-0.0116163407550323,0.0116115019389992,0.0117089243386481,0.0123605504802457,0.011498947966129047,0.01291852181372155
2021-06-07,-0.002559933166199,-0.0011763481896748,0.0007406579874099,0.0001780918051993,-0.0029885503194957224,-0.0016332800520452995
2021-06-08,0.0004425437470958,0.0032354348333418,0.0001437094405965,0.0016629412953932,0.005672267078561311,0.0041779536037611364
2021-06-09,-0.0038894356976608,0.002310255694873,0.0028493329020851,0.0025634196298173,0.00016747310641378852,0.002687855087311508
2021-06-10,-0.00158840368522,0.0025525321887921,0.0019109283905561,0.0022448674836133,0.00246365056242071,0.002996286920864677
2021-06-11,0.003078442643454,0.0046476160387583,0.0017787356552876,0.0061609711102722,0.000940028695676486,0.01106676716610605
2021-06-14,0.0044964904897578,-0.0015486385290224,-0.0021839629590474,-0.0005217081050973,-0.004427176851065201,0.002080527363547302
2021-06-15,0.0030781305032948,0.0027834754163412,-0.0051579092963659,-0.0084411452874283,-0.010607578651933205,-0.008818450514951531
2021-06-16,-0.0034328758616166,0.0043090208906913,0.0037360081179188,0.0036722228220343,-0.0005410337004283891,0.003955734961681889
2021-06-17,0.0465118095460795,-0.0312534234346416,-0.0425542680646313,-0.0383180266323703,-0.03460127397959514,-0.033510345430965066
2021-06-18,0.0003078617899209,-0.0004357324390169,-2.216725424464424e-05,-0.0011547624503918,0.005454319230848936,-0.0010840409029337916
2021-06-21,-0.0023619559748275,0.0073315564383315,0.0073070081556678,0.0062301081730436,0.005288356430451862,0.005313081701701472
2021-06-22,-0.0007391440754453,-0.0005386621500064,-0.0014300014647523,0.001295049137877,0.0020369584116246273,0.0025783248211423415
2021-06-23,-0.0075530967254115,0.0081762134853279,0.0071362525065085,0.0088604525696387,0.007689679992613105,0.010321460971440266
2021-06-24,0.0004329545083342,0.0028351272589094,0.0009909331020107,0.0039331611874168,0.0009280161536022686,0.006025386105673464
2021-06-25,0.0016072822453526,0.0060115803133012,0.0043989104939503,0.0066595645144776,0.002451758926361649,0.008306981460097118
2021-06-28,-0.0039446150218612,0.001395032888206,0.0009262301728623,0.0032874840141338,0.005672849282681158,0.00535449692297435
2021-06-29,0.0109125911980522,-0.0053925442039871,-0.0065834685757136,-0.0040522345805182,0.0014679629478576658,-0.0028911472105273284
2021-06-30,-0.004507802283683,0.0062619050534956,0.006491591743465,0.0062417483050779,0.008946457499716164,0.006596297675762475
2021-07-01,-0.0070475850865402,0.0035025873618433,0.004033349347513,0.0048531784776792,-0.0014595102963695494,0.004648324866408565
2021-07-02,-0.0061019335852007,0.0075956184596558,0.0074698480232334,0.007573089461603,0.0029273937443279234,0.00849923754991222
2021-07-05,-0.0060377035863429,0.0032672431645653,0.00271918788141,0.0031383820974608,0.0011519220479838039,0.003241857659831149
2021-07-06,0.0110969185906911,-0.0100740314172043,-0.0091608048930366,-0.0117414624120778,-0.018033973481850627,-0.014302538279746119
2021-07-07,0.0033764898930292,0.0003559026717257,-0.0026140452000144,-0.0042951735058494,-0.00197320597188122,-0.005851517780946364
2021-07-08,0.0026322662593996,0.0053929084720375,0.0023366137668149,0.0055056977446096,-0.0012662676991280957,0.007094983476638783
2021-07-09,-0.0112880399156636,0.0042089920362407,0.0087245986600021,0.0080044966771363,0.010693560973932714,0.007690120326720312
2021-07-12,0.0044498221476276,-0.0023728057739783,-0.0003659883299299,0.0016031063818916,0.0060905134560223,0.0032138553774774536
2021-07-13,-0.0097839712061674,5.758485297092334e-05,0.0024511787525844,0.0015922982942106,0.0031602269815227883,0.0005056432347881612
2021-07-14,0.0072285399418477,-0.0055614246240082,-0.0006076606351315,-0.0028975015386595,0.0008440979441511077,-0.00474708199569665
2021-07-15,0.0040457740238138,-0.0073929889814457,-0.0025189226979984,-0.004440754846096,0.0009174443902084807,-0.005706235890506728
2021-07-16,0.0081841777864064,0.0102064402009376,-0.0075081869836985,-0.0043596841099576,0.0021188425841106827,-0.003039566721415199
2021-07-19,0.042034895508635,0.0292033296952071,-0.0196261761775744,-0.0167830106691501,-0.025790123491023855,-0.01683763469195812
2021-07-20,-0.0014913147286852,-0.0015246109593266,0.0033793595333738,0.0061302290883684,0.013225304641178775,0.00780243720537338
2021-07-21,-0.0229143874497583,-0.0255595889388746,0.011475406132072,0.0131466548292805,0.013175063793503658,0.01732739302180325
2021-07-22,-0.0089487104601099,-0.0059473787614142,0.007261644394111,0.0078620380048291,0.01251331944939127,0.00968232217092635
2021-07-23,0.002517900938987,-0.0039351151463964,-0.0002137815179236,0.0015727592182196,0.000675582818219517,0.0026691743882685526
2021-07-26,-0.0018408476749913,-0.0026216209724253,0.0023476104714835,0.0032795240041299,0.013770754168506531,0.004453989546781223
2021-07-27,0.0047521591650279,0.0040538173694047,-0.0096524259706335,-0.0120058676287109,-0.008264692410107792,-0.014577213135144207
2021-07-28,-0.0017344090229224,-0.0029454702046267,0.0049093735154468,0.0062674513186143,0.003565285366868147,0.007852800852382047
2021-07-29,-0.0168800177880878,-0.026324227271173,0.0228536591685979,0.0227162661253954,0.010244097801582969,0.023603598662937375
2021-07-30,-0.0031809525748849,0.0217077646144742,-0.0092488581951392,-0.011901472981162,-0.012098754478850903,-0.012853142062439538
2021-08-02,0.0129855871619271,0.0067540361449756,-0.0050303952027058,-0.004297487758534,-0.002031595714735319,-0.006046296064401491
2021-08-03,0.006420320307697,-0.0057130969269002,-0.0011897908513994,0.0012142012194554,-0.0026138942432065086,0.003176062570563576
2021-08-04,0.0128487970833046,-0.0017828037422317,-0.004120707846482,-0.0005650446093586,-0.006964564135743317,1.311742294718421e-05
2021-08-05,-0.0027927326789844,-0.0043809615025367,-0.0007744100893355,-0.0011126020364867,0.003802753536100335,-0.0002937424708420733
2021-08-06,0.0195815554354228,-0.0187678710849561,-0.0228712847176471,-0.020567351421436,-0.007269654480839397,-0.017944012944300397
2021-08-09,0.022256288035021,-0.0116380947190909,-0.0271287232670293,-0.0261897756004736,-0.013282786717018194,-0.026739112196563247
2021-08-10,-0.0119120883731941,-0.0030057837633625,0.0081654477604429,0.0082905460654675,0.014758104372700951,0.00961962977708869
2021-08-11,-0.009698890332684,0.0070590581855442,0.0082844991625273,0.0065615874619688,0.008188048913782017,0.005140101465077096
2021-08-12,0.0046599532549735,0.0029706591971871,-0.0076035502053963,-0.010200260032062,0.0017303211594640467,-0.012338218167249282
2021-08-13,-0.0085763211427852,0.0166951133848464,0.0103790755704109,0.0065856149703465,0.004282097458689325,0.003795890747733399
2021-08-16,0.0029640463828372,0.0082552483800895,0.0016605071334838,0.0034927278950266,-0.002581802265737787,0.0033598067678251575
2021-08-17,0.0039956319867649,-0.0025319855269676,-0.0058146442245929,-0.0083237849954634,-0.010236960246230475,-0.01028338037056964
2021-08-18,0.0086323474789905,-0.0013137361153767,-0.0055153359648501,-0.0046711570703634,-0.004648098818653289,-0.004862392452457731
2021-08-19,0.0119799557426159,0.002712312545061,-0.0084737682877335,-0.0087234921960664,-0.017277874462900588,-0.0102297672290394
2021-08-20,0.0085879590114302,0.0047009641303779,-0.0046415587630593,-0.0038866829106002,-0.005023041176548591,-0.004562085375209052
2021-08-23,-0.0278788847715149,-0.0040482113540257,0.0253365010665618,0.0259634832730341,0.018126545943023445,0.028844529785682804
2021-08-24,-0.0131242941352861,-0.0064331177335703,0.0090062109773558,0.0068289426901291,0.011299408089519626,0.007995978677330401
2021-08-25,-0.0026037072738603,-0.0099780571545034,-0.0019401494792645,-0.0014937058907908,0.006220937825336402,0.000688046839372819
2021-08-26,-0.0185481297035227,0.0045189656755945,0.0016377797576107,0.0102696299316845,-0.0027479125723948367,0.012547712145441398
2021-08-27,-0.0231700943927879,-0.0063643355456459,0.0204064648523346,0.0228287315659044,0.01235246938251729,0.02567039684757927
2021-08-30,0.0016874230551795,0.0096876851207723,-0.0025316749638845,-0.0040959594708733,0.0006835489363355067,-0.00437070741138168
2021-08-31,-0.0010428007852326,-0.0106141695315538,0.0017462919781568,0.0031988026159951,-0.003611911532090443,0.003607902071886271
2021-09-01,-0.0077291933172019,-0.0416203367736057,0.0065062187381194,0.0111337358946281,-0.0028528348964663238,0.015379345746608902
2021-09-02,-0.0051749259143008,-0.0077683235808306,0.0003705764169209,0.0009683354738515,0.006396794235763429,0.002704221390409628
2021-09-03,-0.0102105466006805,-0.0081361088134747,0.015203951734756,0.0150523915319453,0.005295066727458811,0.014678751395109907
2021-09-06,0.0023783809909368,0.000169526566484,-0.0011574626578065,-0.001072906967027,-0.00022171471803625936,-0.0013799448022079053
2021-09-07,0.0160930676198477,0.0231030923094975,-0.0172263207681837,-0.0184972762562443,-0.009565224645653372,-0.018594452973065695
2021-09-08,-0.0124164009842299,-0.0407658742714453,0.0047354583314194,0.012176711315211,0.0014251118411970618,0.01815689236106985
2021-09-09,0.0007569163389839,-0.0169748253477293,0.0017434605733874,0.0035406181492689,-0.0011742156749010772,0.004218572266324855
2021-09-10,-0.003609429169316,0.0174595984358966,-0.0022594671254845,-0.0037839137491369,0.004352586575828898,-0.00345433837450021
2021-09-13,-0.003992403905664,-0.0339611731893516,0.006337973167349,0.0096618401512832,-0.002571405690889872,0.01605096304108411
2021-09-14,-0.0038878338260445,1.6178236987389287e-05,0.0048447567718747,0.0050671440619813,-0.0010149367602445849,0.004408894254423867
2021-09-15,-0.0040600263109267,-0.021577619978546,0.0047694866314725,0.0059779267750456,0.011936161077704155,0.013267565459637864
2021-09-16,0.011530988954373,-0.0033491477238134,-0.0218755647865335,-0.0222995991419034,-0.008532825486885753,-0.020931896813279394
2021-09-17,0.0007784853031281,0.009534717573206,-0.0113108257810804,-0.0130982960060758,-0.006205822384838833,-0.017656892325275036
2021-09-20,0.0053906027334391,0.0094308737776475,-0.0044887051833751,-0.0050455363604112,-0.017763070883081756,-0.010330980476058294
2021-09-21,-0.0169886075739896,0.0123001295799938,0.0064537666987208,0.0037864517879322,0.0008104556047758789,-0.0009001328618161997
2021-09-22,-0.0129241045555373,-0.0055917710174395,0.0087283902931869,0.0076755735631561,0.015839934209109178,0.009501896805730381
2021-09-23,0.0069686173439008,-0.0179337141581058,-0.0036901335370295,-0.0020215124480011,0.009417119049379098,0.005846948024104737
2021-09-24,0.0027238224384202,-0.0092030200410703,0.0027581665633179,0.0045460390937991,0.0049190420264515625,0.008450178969682837
2021-09-27,0.0119553632957372,-0.0240779999420208,0.0167797085689252,0.0216863016727807,0.009447348239525316,0.035137207793826786
2021-09-28,0.0089683910851662,-0.0114703544005297,-0.0052900880951235,-0.0040787077970529,-0.00028369704912363817,3.1886434631589466e-06
2021-09-29,0.0011350430798674,0.0096738104012172,-0.022431054116768,-0.0239368786215903,-0.007647058779731757,-0.03163466364195788
2021-09-30,0.007566276936302,0.0030358022920125,0.0215598816327723,0.0234474588458684,0.005656419311417732,0.028935687813551908
2021-10-01,-0.0176572411481768,0.0095211712628383,0.0050353483947601,0.0027798406661203,0.009215988038392823,-0.0016941594899750612
2021-10-04,-0.0062281614983617,-0.0082695199110524,0.0110883055525596,0.0116562191597212,0.006573365232801551,0.015265990227953274
2021-10-05,0.012403551372538,-0.0285124116759239,0.0096207534470094,0.0126418498544696,0.006858343370711567,0.026305981199186645
2021-10-06,-0.0086463323009126,0.0396775141076491,-0.0133010344665882,-0.0158613186505149,-0.009698844752070956,-0.030382637591704148
2021-10-07,-0.0070708099656193,-0.0053127176441697,0.0030741211097122,0.002834707630685,0.00897391172884908,0.003771668471504619
2021-10-08,-0.0071649385573403,0.0013014928969443,-0.0005162746838762,-0.0010010722957756,0.009085204802822522,-0.0033171085618998175
2021-10-11,-0.0135251047893173,0.0004624737497902,-0.0012121645431258,-0.0019801268921111,0.001835340504466311,-0.0067885112709648865
2021-10-12,0.0064359357493863,-0.0024437491820867,0.0012466040604339,0.0018574464664834,-0.0029630042679404077,0.005659207097740038
2021-10-13,0.0006286616759068,0.0160830844601193,0.0172378062649034,0.0165304445624305,0.0033242047145880384,0.015463660202378215
2021-10-14,-0.0066256474309339,-0.0072191268255594,0.0078544055183596,0.0079319500342707,0.013299348133780618,0.010556112161738296
2021-10-15,-0.0041445481369465,0.0011162787249256,-0.0108231127979982,-0.0109122129793058,0.010104004647141365,-0.015088503385298435
2021-10-18,0.0103984681205212,0.0275154355221666,-0.0097925679236641,-0.0110398822568766,-0.006432847959969746,-0.02228540291483619
2021-10-19,-0.0122211230821432,-0.0075934437047625,0.0117960363261454,0.0114500019038425,-0.002022357933762728,0.014540034586010608
2021-10-20,-0.0117659525917964,-0.001402336167952,0.0129625407697518,0.0125830705118748,0.009824481534974882,0.01409320114811008
2021-10-21,0.0122595046928322,0.0002611934981542,-0.0075600196215445,-0.007781325905387,-0.018088912830478643,-0.009406561466821534
2021-10-22,-0.0143251644237342,-0.0087993469282671,0.0116905107048892,0.0119319775160607,0.003628974802204964,0.01567039070811327
2021-10-25,-0.0256679067811182,-0.0586267442540366,0.0155971995031814,0.016869453590965,0.013839563803721403,0.033555486513820454
2021-10-26,0.002294053909091,0.0020505217767886,-0.0078881763488855,-0.0069834706539115,-0.003248294372054611,-0.0064881489475309695
2021-10-27,0.0029203874176321,-0.0181339260755839,0.0028328716025221,0.0021170894462223,-0.008544122583218721,0.010142573931292531
2021-10-28,0.0021533113127675,0.0340742834454681,-0.0063817125945941,-0.0067449448701901,0.0034459638636841496,-0.017715622315940843
2021-10-29,0.0085129678681005,0.0202411852751178,-0.0117555431437126,-0.0115237575320174,-0.0057620665946829675,-0.019628861651256407
2021-11-01,-0.0049619223665729,0.0139739014332046,0.0028641269778209,0.0032107069729392,0.008449560451390583,-0.005132906674520349
2021-11-02,0.0030699869553593,-0.0187876180430478,-0.0015999775619954,-0.0013834962272024,-0.003279058313125872,0.010455817019847463
2021-11-03,0.0215572283840176,-0.0162249886914556,-0.0140643998164927,-0.0150697015011341,-0.009652666168792587,-0.008787205068450266
2021-11-04,-0.0050546979367458,0.016472536544156,0.0120488395703058,0.0107360846309305,-0.0048675892341463675,0.009111294783806956
2021-11-05,-0.0198820953772804,0.0126159340059006,0.0110573693409341,0.0117674261729512,0.00224267876274348,0.003919628926797786
2021-11-08,-0.009175166790088,0.0090169373738906,0.0071864089700203,0.0071165929485378,0.004382807084758683,0.0035535075393392235
2021-11-09,-0.0117572258399634,0.0085380763146738,-0.0056322422604369,-0.0045266968257616,0.00029984403444222285,-0.018507664428038723
2021-11-10,0.0031193535421946,0.0138943714861541,0.0020388614985283,0.0009844801219397,-0.0004382115729255572,-0.004226337006796366
2021-11-11,-0.0067562744644964,0.006657410267279,0.0148023871539635,0.0140467991293875,0.011332718036844387,0.02198709935922344
2021-11-12,0.0019623009913563,0.0096790372474186,-0.0063910109542309,-0.0062397236988906,0.00047625425793112775,-0.018470816031149973
2021-11-15,0.004165334928276,-0.0046704444491472,0.0010031152023184,0.0007905114380653,-0.00010330691954446339,0.008885553498825
2021-11-16,0.0005585816536033,-0.0075861721117244,-0.0008498580623433,-0.0007157335566316,-0.001428495482194418,0.005826136993810488
2021-11-17,0.0233173443419244,0.018631454789942,-0.0054903358124767,-0.0066757871510545,-0.004034357626331661,-0.019560580178028142
2021-11-18,-0.0120275794546101,-0.0086286893026914,-0.0006846938418699,0.0001444662559641,-0.001142738731584774,0.003704510991387633
2021-11-19,0.0219000748313814,0.0064229517172287,-0.0066561255502415,-0.0085643851402275,-0.0005577526021929822,-0.0014191597574289005
2021-11-22,0.0035419452756771,-0.0139241183522597,-0.0184623383572593,-0.0164502474553995,0.0026744972948800796,-0.02198278043016444
2021-11-23,-0.0183318854419371,-0.0246025766471229,-0.0047585790703392,-0.0019909963832539,0.004845048298889142,0.005374599512487033
2021-11-24,-0.0002582122946735,0.0001773897582608,0.0023186659872455,0.0020356401946119,0.0031530262958619805,0.005490571035540376
2021-11-25,0.0003346776983773,0.0002332572495466,-0.0001123459156206,-0.0001426351312112,-0.00047459083426327136,-0.0001339405304044694
2021-11-26,0.0755768267565251,0.0459786123727969,-0.0217678290418939,-0.0287280678933795,-0.03503453518086103,-0.014268482702795099
2021-11-29,0.0089669906706921,0.0037691092023652,-0.011874365666925,-0.0114414558331688,-0.00466223802613771,-0.029399759142682252
2021-11-30,0.0176108611089557,0.0125454951895648,-0.0159766941387848,-0.01519496984859,-0.022835436018924432,-0.02615260233368491
2021-12-01,0.0112178732161738,0.00304539111159,-0.0106147501363263,-0.0096271661412084,-0.001794611404019906,-0.0223478862988937
2021-12-02,-0.0084105059408785,-0.011705889411015,-0.0073628312308464,-0.0075241775312483,0.0034220229543459914,-0.012248941702511285
2021-12-03,0.0028898125827483,0.0061126767635721,0.0095305816025139,0.0096329393702574,0.002373402899965938,0.010303719406885292
2021-12-06,-0.0085777256277891,-0.0221299313117241,-0.0041775645190484,-0.0038397524885794,0.003919188119460981,-0.020317760988672023
2021-12-07,-0.007371977860734,-0.005787477621196,0.0123322023524595,0.0116657823047938,0.008511511903733405,0.015192503791965017
2021-12-08,0.0012159511741355,-0.0015266769003107,0.0027045959536694,0.0023346387101026,0.007459684842152271,0.007512011539307278
2021-12-09,0.0062283888168996,-0.0044723348139689,-0.0109066295627385,-0.0106491120264152,-0.007201079484112184,-0.010538290298712005
2021-12-10,0.001816928225951,0.0020354255846825,0.0087638436588039,0.0083165443981833,0.0028500403228781186,0.012908201995094404
2021-12-13,-0.0038647088769955,0.0052085585880192,-0.0026380867696085,-0.0018303781905079,-0.0012147181692219757,-0.008878947571251267
2021-12-14,0.0024702648824879,-0.0075436972330437,-0.01172638287479,-0.011695299784643,-0.0059011430964775,-0.012208071441956458
2021-12-15,0.0086713943610403,-0.0075521671866829,-0.0046050648933495,-0.0050899389112385,-0.007100449843854152,-0.0010835143584285722
2021-12-16,-0.0310141763789217,0.0221751600030819,0.0221731456309005,0.0227013132740038,0.019107426006747034,0.01710889066951385
2021-12-17,0.0001155546295379,0.0042746502650841,-0.003753878662672,-0.0029406113321161,-0.006034043390524833,-0.00854395724782775
2021-12-20,0.0163796262408268,-0.0075511539770143,-0.0075387493509421,-0.0074703329269519,-0.011864550513482583,-0.0011112414249451474
2021-12-21,-0.0114527130902817,-0.0054871949522077,0.0093076860122143,0.0081830994258498,0.017509154635838523,0.012659754246273885
2021-12-22,-0.012555409103544,0.0051481533969545,0.0128857856757799,0.0124008580475887,0.01687273248667458,0.016499277749091545
2021-12-23,-0.0011062628217717,0.0131775315712908,0.0025847019250687,0.0026411612658866,0.0013525343018877436,-0.0076193657196188536
2021-12-24,0.0023972235254741,-0.0005563397710949,-0.0019465233473125,-0.0015924184106256,-0.0006813860047427678,-0.002320675105485226
2021-12-27,-0.0274276128169437,-0.0073929279209758,0.0144360666789564,0.012265804726713,0.009372098115453925,0.030268695774143928
2021-12-28,-0.0031773609859193,0.0026803875603073,0.0028362515547838,0.0027688198907852,-0.0024262627578625073,0.002537591977539083
2021-12-29,0.0017164574559221,-0.003493887954814,-0.0041432550161155,-0.0044051018764048,0.004421203383612158,-0.004559918553634301
2021-12-30,-0.0064539474095578,0.0103221004635364,-0.0020783790772621,-0.0013795354018635,-0.0033463439188539112,-0.015149891839089463
2021-12-31,0.0017191902902389,0.0036228439922279,0.0064570360500965,0.007308913369478,-0.003212240393424058,0.011578907096309293
2022-01-03,0.0051137550261156,-0.0179790802396535,-0.0077030694158381,-0.0092485701223935,-0.001169117434724138,-0.0001656569444870859
2022-01-04,0.0006346130319449,0.0106989409217694,0.0067958476941718,0.0068558513166419,0.010340170772565738,0.0015025424868581883
2022-01-05,-0.0032340105739628,0.0003995167639893,0.0098700635771758,0.0094905941329621,0.0035934019310189078,0.01629035429934561
2022-01-06,-0.0227582026067751,-0.0176489155441339,-0.0182167388219969,-0.0197399068424631,-0.007033649735989759,-0.01629246895972064
2022-01-07,0.0034294456159799,0.0010236032016023,0.0063897417219301,0.0065192812010741,0.00558540220828627,0.009685528452515135
2022-01-10,0.0050623472359119,-0.0062223547713315,0.0023690853806422,0.0025166213652142,-0.005523792000606293,0.00849501088673879
2022-01-11,-0.0061929435679064,0.0084319693347828,0.0199944565861083,0.0189203367985911,0.019530105641789905,0.025871628668763857
2022-01-12,-0.0051694084188705,-0.0101775131000507,0.0217059562973053,0.0207223867333923,0.0157416012167197,0.044163334038694546
2022-01-13,-0.0004560321464152,0.0183722495395434,-0.0131565615735688,-0.011907619522637,-0.009483061022329065,-0.032150691776183155
2022-01-14,-0.0119499077073476,-0.0013763519267131,-0.0001257011124272,-0.0009995854700385,0.00434152161833443,0.0009740689898305177
2022-01-17,-0.0032922852901729,0.0006240668294836,0.001003318906727,0.0008177982531524,0.00016022045134734674,0.0011961722488038062
2022-01-18,-0.0076042172236957,0.0045862273718102,0.0085210086851544,0.0080002164159165,0.00681460505522168,0.00993960323728546
2022-01-19,0.0013503540466692,0.0231859565395929,0.0126353407812287,0.013763634400579,0.016799263917558434,-1.8538570851711622e-05
2022-01-20,0.0046714069016044,0.0102245408327414,-3.6655844174652945e-05,0.0004688391415158,0.004645950110149305,-0.009410358667491209
2022-01-21,-0.0042650791169168,-0.0122027611230389,-0.0033687578029753,-0.0038391458854311,-0.004615743474834665,0.006066376730072237
2022-01-24,0.0098028439947879,-0.0042767375596451,-0.0064268898712162,-0.0054428779934093,-0.012333576802796675,-0.006825610411724831
2022-01-25,-0.0155011129924208,0.0055503405622582,0.0088959793903946,0.0083271889529482,0.008778040629637052,0.009682626582661114
2022-01-26,-0.005022553762786,-0.0118015441321417,0.0026851615113719,0.00095294652359,0.009447825112729154,0.014829580847861512
2022-01-27,0.059316167198201,-0.0990826078806808,0.0183031320867765,0.0139538731249172,0.009961842783853248,0.09750792041212031
2022-01-28,0.0080245141165622,-0.0242559591235762,0.0025898566028869,-0.0006590980244429,0.003124827850435552,0.017412617710704847
2022-01-31,-0.0052761367696761,-0.0101306771469768,0.0107045419414007,0.0089685697791207,0.004007686311689598,0.01833397043212487
2022-02-01,-1.959253347113047e-05,0.0103060986238089,0.001172978984917,0.0022205532872059,0.008879274531468147,-0.0035972688088377613
2022-02-02,-0.0037476905073217,-0.0434276743905693,0.0181047692733081,0.0129079052199915,0.00917969290544702,0.04276687319478856
2022-02-03,-0.0024575177044576,0.0349948653357461,-0.0113545100020459,-0.0079419772494014,-0.002333910167120778,-0.027801720627855325
2022-02-04,0.000740512519523,0.0268259197258091,0.0013383069260903,0.0032518574152749,0.003747095961467456,-0.008591608919269272
2022-02-07,0.0109973514671412,0.028077878338567,0.0025391820015558,0.0059150800477936,-0.0003634598260676836,-0.011508118165928893
2022-02-08,0.0021985301814199,-0.0046796036152656,-0.0011049691462809,-0.0005444266075057,4.305655379434397e-05,-0.0020278075848715604
2022-02-09,-0.0001018158539364,0.0218662779128105,0.0004749060560143,0.0026118003638753,0.011717028278405676,-0.009260845343075641
2022-02-10,0.0013643697528304,0.004311717220502,0.0008182984571012,0.0012986096269043,0.0006240003174073771,-0.0014258442426050566
2022-02-11,0.0133203932469209,0.0103068613073577,0.0059896347911718,0.0055564761308068,-0.0017672019085307564,0.00617581868051606
2022-02-14,-9.26944002901213e-05,-0.0058193679015764,0.0221163815356947,0.0200829826174157,0.0063112521441593475,0.030350253056593945
2022-02-15,-0.0211267545296451,-0.0263316201022076,-0.0132858937619643,-0.0136937715145865,-0.0069290211514643546,-0.008763478228839189
2022-02-16,0.010309655893903,-0.0201452707780185,0.0184674924738871,0.0148735263488591,0.010973383559898032,0.032864114316791204
2022-02-17,0.011175738428655,0.0133755367275616,0.0017237497287478,0.0053385542712906,0.00013895999288731956,-0.010207787572601296
2022-02-18,0.0021187256284799,0.007895650755254,0.0009676845189034,0.0011506817189599,-0.0005096771144923559,-0.0006035229337080228
2022-02-21,0.0027934938155755,0.0075010690115869,0.0041368135331104,0.0043756027229486,0.0007189188955784841,0.004931972789115613
2022-02-22,0.0061653563207608,0.000875626728237,0.0097725877317524,0.0092472133901937,0.012433710780107677,0.01192264160411538
2022-02-23,0.0001018516528663,-0.0103037227661034,0.0057473306707722,0.0044292871292022,0.0027193266665653222,0.009817060195393135
2022-02-24,-0.005909398262508,0.0149917048348224,0.0086227906067897,0.0098237038816982,0.002261162535510655,0.005989480706583866
2022-02-25,0.0185494871504955,0.0043930389746827,-0.021855402950794,-0.0208333751553839,-0.0164455963098855,-0.024125872057293635
2022-02-28,-0.0211233107880841,0.0166913760641547,0.0120569092279676,0.0132647227008085,0.012621947020074657,0.009376137460565065
2022-03-01,-0.0047960013855039,0.0273229348433023,0.0410073536675454,0.0410025870872054,0.03403701017434621,0.045285811224717976
2022-03-02,-0.0133011095323574,0.0098142271905852,0.0110863844890558,0.010821566903548,0.020871865806252304,0.023075069431894607
2022-03-03,0.0038844028934015,-0.0057376044122754,-0.0019762624446837,-0.0013810444327012,0.008479670715887993,-0.005564174226354746
2022-03-04,0.0128830234130626,0.0165846305984557,0.0330037136725523,0.0313086793424879,0.030144747655087286,0.04256889764948263
2022-03-07,-0.0077759985554489,0.024724092920631,0.0116997377177091,0.0133429765817512,0.03259094244664992,0.0047494607280137435
2022-03-08,0.0159716443924276,0.0423646366883582,0.0249311756291089,0.0274224114002497,0.01451651850281726,0.011211795230154309
2022-03-09,-0.0109950380593052,-0.0393315063890622,-0.0500076103377793,-0.0501650418040304,-0.04426414194773555,-0.049759874623139355
2022-03-10,0.0131009299327732,-0.0040111281584655,0.0058016060006392,0.0062169392106938,-0.006559936077095423,0.007534008159274713
2022-03-11,-0.0037027525515466,0.0017617111118531,0.0038832440252993,0.0016172804123507,0.008904745060489693,0.009911737887546318
2022-03-14,-0.0076598471727907,-0.0246923353911793,-0.0260034218878423,-0.0245953332034826,-0.019508352927796485,-0.027673164520826576
2022-03-15,0.036532613010531,-0.0134867771042873,-0.0238219804546164,-0.0216777379604165,-0.01724899322591199,-0.02648473850499919
2022-03-16,-0.0070471984371629,-0.0212795449731937,-0.0097945887947772,-0.010722368438093,-0.004391802817373642,-0.001977879399984339
2022-03-17,0.0145533276719035,0.0207968022360272,0.040338716150741,0.0366695584474549,0.024314726787913934,0.04831880777255437
2022-03-18,-0.0130965484510091,0.0005834616913756,-0.0083742409798613,-0.0090574445340407,-0.002088928041916419,-0.010362474300850938
2022-03-21,0.0135052450419851,0.0212619549766722,0.0181921444088131,0.0147672872830341,0.015215819955281708,0.022102726789141602
2022-03-22,-0.0155065678507941,-0.0201940936081993,-0.0011627958403433,-0.0027416002252418,-0.0035194292346808534,0.009227047939690786
2022-03-23,0.0091416386910681,0.0216490408299003,0.0185354839723788,0.0163092380667249,0.026367206558267357,0.02038421665236889
2022-03-24,-0.0148583544368061,-0.0050307935488668,0.0117050238294196,0.0132570732144705,0.0023654831296402155,0.013275391311958123
2022-03-25,0.0031129899195566,-0.0066835017051048,0.0007950031704283,-0.000865749119705,0.004396622371188821,0.007325081294744573
2022-03-28,0.0035441903582351,-0.0296676112638159,-0.0229002584757054,-0.0198579282146143,-0.02019399172196151,-0.025808542294781994
2022-03-29,0.0146569544290632,-0.0076505185959388,-0.0177615184241139,-0.0171307380229757,-0.014313124252398468,-0.020778990091822297
2022-03-30,0.002402614665507,0.0065308547923535,0.0195095744755677,0.0177756179108377,0.020000014215209517,0.02676815058001286
2022-03-31,0.0131931377226196,-0.0172740192384156,-0.0060630404573632,-0.0029465027925425,-0.012760554150940524,-0.008451924897936475
2022-04-01,-0.0089196748620884,-0.0126564223826957,-0.0112340116945083,-0.0126456514716347,-0.002405030770784486,-0.0059542994029151974
2022-04-04,0.0050301698417099,0.0087816589256529,0.007895716028878,0.0063736746485762,0.008719688638038466,0.007902735972399932
2022-04-05,-0.0059398608939112,-0.0141606173275277,0.0011198725070767,0.000318620786752,0.00034380827711473315,0.010497686350718266
2022-04-06,-0.0004246650940412,-0.01609495016482,-0.0128193341752913,-0.0098250159558615,-0.011904699204203185,-0.01453831675948783
2022-04-07,-0.0034920221991684,-0.0058210140415529,0.0101846045142527,0.0102151299812964,0.00016447932437828027,0.01725406313447636
2022-04-08,-0.0014523814420162,0.0090293501529038,0.0061524588912519,0.0052690860172004,0.011913633602844958,0.004166186242380493
2022-04-11,-0.007270806569786,-0.0213551978153672,-0.0013457617926057,0.0006244421036987,-0.005227786261018589,0.006029829983534796
2022-04-12,-0.013275337381186,0.0218918591047228,0.0277741304833023,0.0250352388145091,0.019250344267835916,0.028126331063664967
2022-04-13,-0.0116241170051513,0.0024301180179081,0.0174459212086073,0.0145666319189753,0.013590450750277611,0.02574561855558488
2022-04-14,0.0029729462146136,-0.0079675018434931,0.0039841580462729,0.0008386594668773,0.006391531096032391,0.013145369435838133
2022-04-15,0.0,0.0,0.0,0.0,0.0,0.0
2022-04-18,-0.0045093955583584,-0.0027769863200682,0.0162058175140934,0.0149491206218035,0.011873040092721962,0.02693242915194166
2022-04-19,0.0071952550308382,-0.0060294240087722,-0.0318615211687351,-0.0284220546972731,-0.016943611993689607,-0.044315048240794186
2022-04-20,5.637626459848702e-05,0.0037745580632604,-0.0058686714306993,-0.0052661090154316,-0.0023502010244112206,-0.01103263091713802
2022-04-21,0.0120220354892186,-0.0067118255066909,-0.0051266725520189,-0.007029806769057,0.000990617721341656,-0.0030606084113110887
2022-04-22,0.0085330008404423,0.005724116198953,-0.0158332175420364,-0.0162615679155026,-0.014630347187121273,-0.024742154318449533
2022-04-25,-0.0151198862748552,-0.0236518519257899,-0.0217343265634512,-0.0193127681005352,-0.019529134299915415,-0.015986309295966228
2022-04-26,-0.0106434840972625,-0.0027866546876281,0.0081817205664167,0.0068074223489379,0.010717285071938741,0.012868352838590169
2022-04-27,-0.0107347278317285,-0.0174761037133075,0.001560285679325,0.0022675296852508,0.0075484530776644436,0.013108853448583174
2022-04-28,0.0062641773637818,0.0125486654228757,-0.0039048879766451,-0.0077238261525689,0.0036831677980502823,-0.013065164641004934
2022-04-29,0.0078264081425676,-0.0047199594699245,0.0116243862649314,0.0125107209514043,-0.003773477267947836,0.018622518811754057
2022-05-02,-0.0175721487992711,-0.0232055976771067,-0.0130622423193452,-0.0132356115328557,-0.0001315088866489861,-0.0027037233721962095
2022-05-03,0.0064870481343353,-0.0139542389764085,0.0031529793030823,0.0081179836055845,-0.008278395104539238,0.011763672350931786
2022-05-04,-0.0316366602639524,-0.0139818984151258,0.0120190257840714,0.0103498961515385,0.016270741471439896,0.023700023074749887
2022-05-05,-0.0030858683622927,-0.0085623731059668,0.0073925029844173,0.0089125395876201,-0.0027841372431871136,0.014005569940350404
2022-05-06,0.0204105030572231,0.025630416064154,-0.0038279757774856,-0.0086879770971742,-0.012189287917682208,-0.017580089690089257
2022-05-09,0.043857905353322,0.0173960875449424,-0.035284062686236,-0.0363684182285466,-0.031023167627187164,-0.05529731741512389
2022-05-10,0.0054932791569558,-0.0209782118470844,-0.0112877101987419,-0.0076848209421608,-0.003495104607703115,-0.002339420274128562
2022-05-11,-0.0211246042108952,-0.0002858297290626,0.0182649354587298,0.0156806004802151,0.018521121256851646,0.02442885736454775
2022-05-12,0.0032701501801178,-0.0197035532395772,-0.0156115741544715,-0.0163649083008713,-0.008660329702354592,-0.010122466949590375
2022-05-13,-0.0093031042615204,0.0005920369960821,0.0060736380149787,0.0024873573090548,0.007992022417268718,0.007612907451015144
2022-05-16,-0.000485228469452,0.001045985522302,0.0166811955086598,0.0166163657003167,0.019612566998987356,0.022919156349861802
2022-05-17,0.0060906928448195,-0.0092523774805371,0.0032483364326866,0.0067120249258479,0.006066435701462577,0.008865140824389828
2022-05-18,0.0050528745873499,-0.0073059705745702,-0.0077900559279781,-0.0056276925949232,-0.01804397275629028,-0.007137930674985665
2022-05-19,-0.0190315153862598,0.0140782775569373,0.0155542959936102,0.0137565863936568,0.013615672561639985,0.012632424659434371
2022-05-20,0.0012045736778438,0.0056497696777434,-0.0040877818253339,-0.0055997848014606,-0.002119858426778329,-0.008217573052236693
2022-05-23,0.0115824122983228,-0.0179018835520075,0.010738800905669,0.0131580973055449,0.009314402154268177,0.023672157109583092
2022-05-24,0.0049902532319241,0.0056513512301489,0.0090312543194578,0.0096862944803601,-0.006862084752086847,0.008064169504055696
2022-05-25,-0.0077946298370255,-0.0106587756992352,-0.0041090959016743,-0.0044011271480781,-0.0024607542412761487,0.0012921423783208152
2022-05-26,0.0062168432923825,0.0062865965790865,0.0070685514184887,0.0045434291010144,0.010225209502627364,0.006933027066184483
2022-05-27,0.0014398373152539,0.0088910216300316,0.0042924367418276,0.002504388425484,0.009014730505336622,0.0015178377911533036
2022-05-30,-0.0016273873415972,0.0025747551653149,0.0039506503806002,0.0024188485830148,0.003959163385548093,0.004710026212319807
2022-05-31,0.0156193441507177,0.0107256669019137,-0.0108076763490229,-0.0138943938811195,-0.010920087233662662,-0.0200703808886859
2022-06-01,-0.0159409920642271,-0.0108569219894366,0.0100270708950644,0.0112423894929149,0.007954856161544899,0.021045981716914575
2022-06-02,0.0127925508842257,0.0156309809327865,0.0099495977049506,0.0095223673100956,0.00836423950025846,0.0039595229648673735
2022-06-03,-0.0091234333906447,-0.0053195922564217,-0.0051648142347837,-0.007250821028985,-0.0036621912110023466,-0.0013733739039631654
2022-06-06,-0.002991061620966,-0.0196805055296727,0.0085914350149151,0.0101595397781284,0.014793130313326278,0.024244044642335733
2022-06-07,0.0031629306505436,0.0048894090852723,0.0046167240508989,0.0041885087985352,-0.0032048754462152248,0.0035554942936583678
2022-06-08,-0.0026432577704993,0.0191091766292783,-0.0003783402231358,-0.0027537449612969,0.002476044663032615,-0.010110521832375097
2022-06-09,-0.0055563220963083,-0.0111482894823678,-0.0023451164001287,-0.0020984008339819,-0.004010188704695547,0.0029197735978111206
2022-06-10,0.0089224865617618,0.0065543914620547,0.0038573603161512,0.0050561656513099,-0.011760137101518502,-0.0009171247923734083
2022-06-13,0.0137967528517025,-0.0084693085411437,-0.0202878720182212,-0.0222113547448823,-0.017311961046524153,-0.019808168057138448
2022-06-14,0.0190497007684685,0.0301959479245869,-0.024623605532528,-0.0258442693902821,-0.015145224897189512,-0.04957282816439226
2022-06-15,0.0110466348667814,-0.0052599229188336,0.0054454039005516,0.0073020682693684,0.0033498509872947647,0.008859692828640658
2022-06-16,-0.0004296487014333,0.0083071012705633,0.0158983553913625,0.0163392550459038,0.005721364573792291,0.01387179440312003
2022-06-17,0.0205559025691216,0.0279610266865463,-0.0235727262906562,-0.0210430308570333,-0.01787294379280343,-0.035970220216710785
2022-06-20,-0.0055595707981961,0.0001499362833885,0.0018771404350304,0.0013737215172461,0.0011620576745299985,0.002237955729166685
2022-06-21,0.0005528626888749,0.0072402130148697,0.0008294322947107,0.0008478804394106,-0.0019667651127788714,-0.002059904330944856
2022-06-22,0.0007724130286841,-0.001477240229493,-0.0090073700397512,-0.0081586367758026,-0.0145302372488885,-0.008613975436344373
2022-06-23,0.0221011230444867,0.0333154125145719,-0.0181592722948371,-0.0175823962694863,-0.02839342906036197,-0.032244692299986805
2022-06-24,-0.001300187219527,-0.0031946544688679,0.0065587016698748,0.0053137343473223,-0.0025987573272596804,0.007102035043463711
2022-06-27,-0.008063018800531,-0.0126349938722983,0.0066687302147183,0.0053277177323971,-0.0001293805057572141,0.015235399171240116
2022-06-28,-0.009807648925095,-0.0056099114592032,0.0011895673233521,-0.0004928857530942,0.0032720824401521924,0.0039923888448132605
2022-06-29,0.0038820322630643,-0.0002370337736846,-0.0065819558618837,-0.0059514010156135,-0.001554287894692542,-0.008477446247448922
2022-06-30,0.0171211940629076,0.0290422736676711,-0.0245751989772939,-0.0231518757795169,-0.026768940729149433,-0.05050181641541179
2022-07-01,-0.0113174517245407,-0.0183162531467812,-0.0002188588651319,-0.0027514525681458,-0.006946113046662855,0.010861241089443169
2022-07-04,0.0018842824321184,0.0003571676912598,0.0034812101894487,0.0027379547107818,0.003989882242122301,0.004150352388410328
2022-07-05,-0.0012706320888172,-0.022331601912567,-0.0394510958330248,-0.036266287379799,-0.03656885742072772,-0.04479885424817473
2022-07-06,-0.002500550735333,-0.0089179996196613,-0.0107806664062942,-0.0103760991972313,-0.006371699635508968,-0.00904770984169187
2022-07-07,-0.0438728373521168,-0.0145773866811017,0.0220698870032166,0.0185233113246678,0.030113331990255846,0.04636461533490743
2022-07-08,0.0009137271945953,0.0078601290655515,0.0023909246584211,0.0020037502124357,0.007575335710958625,-0.003756269821715841
2022-07-11,-0.0046017413381745,-0.0122605058615904,0.0017801706635452,0.0003587324754984,-0.0032127042396628584,0.013523631043338813
2022-07-12,0.0356853759707341,-0.0025432691678823,-0.0226413724955086,-0.0187006503024673,-0.029952521679207356,-0.03125420581693178
2022-07-13,-0.0073549451993989,-0.0042022933856667,0.0137142804636234,0.0129706989558141,0.0042090453894144,0.026216538418384894
2022-07-14,-0.0055602056867339,-0.0209166553562979,-0.0229130254521675,-0.0246564260758073,-0.023118007650296986,-0.021415170068120937
2022-07-15,-0.0023784939830977,-0.0055610545117654,0.0146728535813489,0.0130503299448644,0.01512775873275242,0.02571270514707874
2022-07-18,-0.0120717625003681,-0.0057880215549498,0.0214030512776116,0.0182873608570358,0.03029722184069459,0.033279036899435566
2022-07-19,0.0021966139757649,0.0034665860627298,-0.0021895849321272,-0.0023869919569635,-0.006086053433228718,-0.006331713059987948
2022-07-20,-0.0021010338602528,-0.0209297889890969,0.0049205361011285,0.0031426824462941,0.007138985559602872,0.02245446634358117
2022-07-21,0.0090044683539226,0.0040858678495435,-0.0026311219368837,-0.0004195176632066,-0.011744895543784672,-0.006840752240257847
2022-07-22,0.0132280930829793,-0.0058360328686344,0.0048770362397373,0.0048697361266127,0.0003486248420103506,0.010626287973079157
2022-07-25,0.0012474490900731,-0.0142507340583284,0.0024072484711832,6.320321224220033e-05,0.008488257260725426,0.012574673452169893
2022-07-26,0.0087877735777452,-0.0042164299207964,0.0038002490974744,0.0037213894098223,0.00840119722196649,0.008463096838763035
2022-07-27,-0.0012304789395912,0.010540668630046,0.0028264544827643,0.0022900837262697,0.0075756698779395615,-0.0020519037450969224
2022-07-28,-0.0111255937937435,0.0336526727739493,0.0225569996350685,0.0247674643876111,0.008671319065334056,0.01055793570877478
2022-07-29,-0.0109698999705291,0.0071534349758765,0.0141117125820412,0.013055727182719,0.013402421222927273,0.015526635671118505
2022-08-01,0.0003235937807873,-0.0017265312090233,-0.00378434749557,-0.0020733450250353,-0.011247385468057886,-0.004978584123560004
2022-08-02,0.0014806713190315,0.0139512082375448,-0.0074551312888876,-0.0067932836290744,-0.009243215694069983,-0.01858635361393321
2022-08-03,0.0166458569666909,-0.0269833078848842,-0.0078621231237316,-0.0073208988105096,-0.007368046174050296,0.0039304165465981755
2022-08-04,-0.0156453788270157,0.0111439165498461,0.0032506150147403,0.0055605824621358,0.006220275480501028,-0.004075679448912933
2022-08-05,0.0073663083460781,-0.0041767588141363,-0.0063264814576486,-0.0070260411767363,0.0005749861584872012,-0.00532635387192415
2022-08-08,-0.0034751518866073,0.0268398832314979,0.0122425060733459,0.0121693724641394,0.005374617478760185,0.0015250512502716362
2022-08-09,-0.002248830973686,-0.0066021232519306,0.0021477848181214,0.0022929904295299,0.008632164962865162,0.006526562761981353
2022-08-10,-0.0093383129878934,-0.0059944078858575,0.0102049330760869,0.0090661203878112,0.01694278066469035,0.01797278246839279
2022-08-11,0.0102338290260095,-0.0210573897509913,0.0055157605145548,0.0037890133079758,0.016882606383305753,0.020569830843709752
2022-08-12,-0.0129226858186194,0.0068696824793185,0.0023488641690402,0.0030587877314877,-0.004308621593421254,-0.0012358176834596224
2022-08-15,-0.0138361598186005,-0.0118194602139337,-0.0165902991725928,-0.0156250634166732,-0.012570388315907453,-0.01651740648763736
2022-08-16,-0.0071387501957297,-0.0203659389024607,-0.0047150143441941,-0.0044965194869333,-0.004239802962938157,0.006249663147593565
2022-08-17,0.0039579183506441,-0.0045710161649288,-0.0056917785985324,-0.0063368106753303,-0.0031961812733868862,-0.005005552170184474
2022-08-18,-0.0018025444791813,-0.0008457731012807,0.0010498880309729,-0.0001037995603041,-0.0034117838430027126,0.002087059234138655
2022-08-19,-0.0071118201007492,-0.0094400543028214,-0.0056020767423172,-0.0057840608728417,0.0036785437488104583,-0.0018177949285632378
2022-08-22,0.0052929336309874,-0.0131763364138325,-0.0035374810016269,-0.0042616687037949,0.0005470220980420319,0.004003386496623823
2022-08-23,-0.0021126131449456,0.0173698814175779,0.0088385065305069,0.0083077577510332,0.005657009599520091,0.0007894630954589643
2022-08-24,-0.000578739340288,-0.0033987599730605,0.0014501655637401,0.001039115298453,0.003313562181629578,0.004309580804097518
2022-08-25,-0.0064688232176876,0.001951238519603,0.0016084799997392,0.002538296928436,-0.0009570272870743103,0.00046125955481135517
2022-08-26,0.0117458348323839,-0.0065203508309739,-0.0072065916757565,-0.0083860535704754,0.006000712780880696,-0.005369839066545229
2022-08-29,-0.0008187592914845,-6.752405512118671e-05,0.0068730372893196,0.0052240197071,0.004445960472697538,0.009602219930310518
2022-08-30,0.0032460953082584,-0.0041469879648022,-0.023072623374175,-0.0204389538532029,-0.02157101120800037,-0.02868520516619924
2022-08-31,0.0013234450389044,-0.0094351501197385,-0.0134824003663312,-0.0122028232587046,-0.00974532668578033,-0.01174173483929683
2022-09-01,0.0082039110432039,-0.0095708437898353,-0.0133471233395175,-0.0122760971324226,-0.022334769984768653,-0.010336282106675587
2022-09-02,-0.0045111783933397,0.0144393964073755,0.0035570747116924,0.0039077666033609,0.0006558361973376621,-0.006082426398713314
2022-09-05,-0.0030382267944332,-0.002313902307224,0.0061294499295628,0.0046533241888472,0.0037262044802848756,0.007307624581792571
2022-09-06,0.0055849061115747,0.0097285457070599,-0.0148857296525247,-0.0130432540423697,-0.004129968435539627,-0.026841782225632105
2022-09-07,-0.0066528561490853,0.0158354305432213,-0.0052378397549677,-0.0017202984891193,-0.00967705076499998,-0.015231963978282359
2022-09-08,0.0053216520730782,-0.004462864627411,0.0042342072133402,0.0028403156438257,0.004858483081961197,0.006987739664697651
2022-09-09,0.0001663911324657,0.0033554699825515,0.0163299485553326,0.0137212204104358,0.019689994747037805,0.018514787899313656
2022-09-12,-0.0144757050788597,0.0080450097490741,0.0237122895813979,0.0220806758656045,0.015074669479860567,0.0273347399342751
2022-09-13,-0.0139113564941331,-0.0122214338563172,-0.0122118305621873,-0.0123037597207917,-0.005403003344295858,-0.009136784917089552
2022-09-14,0.0002939731728637,-0.0140350619697199,0.0098712012437336,0.0086825287783445,0.0009319691675296942,0.027337129049195608
2022-09-15,0.0205618772423955,-0.0071088614384911,-0.0271209000722037,-0.0261587107478126,-0.01466293219380986,-0.03879881612367078
2022-09-16,-0.0015167064943262,0.0109834956019725,-0.001631508347101,-0.0016857025057316,-0.004552369749040647,-0.013048374268061241
2022-09-19,0.0013556644053596,-0.0018788217112448,-0.0003254733427308,-0.0009317131916161,0.0021583124846026314,0.00032338335684792274
2022-09-20,0.0076470753961965,-0.0047934083869343,-0.0077711201248223,-0.0070632597302328,0.0039185373162366356,-0.008189193516402737
2022-09-21,-0.0032194982839342,0.0027691875904,0.0041239687632359,0.0043317719645053,-0.003293843006395511,0.004357015331813319
2022-09-22,2.629946789114816e-05,0.0128959475182731,-0.0031034542865154,-0.0031901883567455,-0.0018621991565085855,-0.017841518205331114
2022-09-23,0.0205098477682451,-0.014644523766853,-0.0293405450959948,-0.0270163044315432,-0.033158436954480786,-0.03390192502604772
2022-09-26,0.0145905324079482,-0.0148612911792413,-0.0159852520264664,-0.0150316313156963,-0.017395939677178007,-0.012383283569652431
2022-09-27,-0.0091163643622141,0.0040659361550381,0.0010192321655186,-0.0001497627143626,0.0009996906735280425,-0.004052479894234101
2022-09-28,-0.01432589692542,0.0158573449799986,0.0271281213034977,0.026163717361032,0.018496723415645785,0.029550321941102353
2022-09-29,0.0013132572238025,-0.0001400873295445,-0.0056452661243853,-0.0050238408779584,0.0015010284219775963,-0.007638062562065423
2022-09-30,-0.0015994780653843,0.005794297581755,0.0027936204974527,0.0023952566800527,-0.004051453281298856,-0.0005751052520359679
2022-10-03,-0.0283587117013944,0.0245545430571568,0.0345069652547771,0.0303063837369134,0.011755606848861233,0.024836922517385618
2022-10-04,-0.0242379167208695,0.0046083326860129,0.0257890848704361,0.0253446853575933,0.02580797449765165,0.03281522287109434
2022-10-05,0.0012727673200493,-0.0075730431418967,-0.0045616191017406,-0.0037501637062263,0.004728105407166631,-0.00030121663967080936
2022-10-06,-0.0007739070476859,0.0009267239290944,0.004399586837178,0.0038391269617418,0.0028438511074940194,0.005771492023248392
2022-10-07,-0.0031484115841196,0.0045196778070721,-0.0031632486934872,-0.0042843685724829,0.0012073624305237681,-0.005370951124336332
2022-10-10,0.0149503921275969,-0.010880310745968,-0.0248530087405514,-0.024732202723641,-0.005232693261444449,-0.028893656529223544
2022-10-11,-0.0036557235764356,-0.0030924340872407,-0.0008034060266451,0.0010117177036398,-0.0018136178621103124,0.0012854104355496387
2022-10-12,0.0097195126459876,-0.0073143159274232,-0.0158408951310044,-0.0144941423117419,-0.0080354848739711,-0.019279516985767853
2022-10-13,-0.0017901338058811,-0.0034766759636887,0.0086165139077256,0.0090947895058193,0.009986511729643493,0.01729916521111763
2022-10-14,0.0214199707376523,-0.0165233029015831,-0.0293664815339075,-0.0278623049995466,-0.015882582553439887,-0.03381990213278038
2022-10-17,-0.0150365239457702,0.0209181532988853,0.0071545815275568,0.0038087836289769,-0.0026246832091368043,-0.006377457271232789
2022-10-18,0.0021470682137596,-0.0011863530950032,-0.0112114918250891,-0.0117106689161682,-0.009826718741360367,-0.017734719876115745
2022-10-19,0.0141369217031029,0.0008703537648695,-0.0079454922226114,-0.0099144591997585,-0.004749657133809487,-0.012214094317496732
2022-10-20,0.0059150578848322,0.0061791730067462,0.0036467100087703,0.002157131659109,0.004768085358969781,5.209082801277409e-05
2022-10-21,0.0167627759756351,0.0193035033067585,0.0064874161029854,0.0041120328714738,0.0011890728003132612,-0.007562204543099915
2022-10-24,0.000927902321462,-0.0039515348326459,0.0048225147563343,0.0054517874715402,-0.00026154035862112286,0.012711706285302021
2022-10-25,-0.0253119775975114,-0.0030133063949307,0.0108681933514235,0.0119578764533493,0.006671585773846073,0.023316037378641463
2022-10-26,0.0100766779190574,0.0090652141369255,0.0095862946180808,0.0089877616485139,0.011705723014557997,0.008949264999889073
2022-10-27,0.005097054949248,0.0111736674822641,-0.0046901638631173,-0.0066449488216853,-0.003793735434731846,-0.0158510687864086
2022-10-28,-0.0114564533916339,-0.0081250896327783,-0.0155971553204718,-0.0156224556867604,-0.011756571333408967,-0.018765803734732023
2022-10-31,-0.01746492890936,-0.0156779410245936,0.0068974206710231,0.0089803617352467,0.0007027503788649812,0.026064662142809808
2022-11-01,0.0162119336911395,0.0241007287482375,0.005141631801865,0.0024600095727823,0.012154365682586933,-0.011731681803912763
2022-11-02,0.0281025157429733,-0.0072872251947408,0.0110081536675747,0.0116468302994394,0.009623494692963076,0.02731484201636067
2022-11-03,-0.0153356656073501,-0.0055204470558554,-0.0146671272115972,-0.0149499539684665,-0.008139150125597811,-0.020545568126719538
2022-11-04,0.0458319285437473,0.0284180186127856,0.045526443343716,0.0434161411892865,0.03231286925099377,0.05255457463739854
2022-11-07,0.0174631425985483,-0.0109813308279165,0.0088461239615849,0.0096937579998979,0.0012458075749258578,0.021790730880188958
2022-11-08,-0.0231356204228593,0.0252817162688162,0.0008479366738987,0.0001140375662203,-0.001252042086792541,-0.023300673996966142
2022-11-09,-0.0203911982398816,-0.0020112140603183,-0.0126258557742575,-0.0122936152960163,-0.009919045815257748,-0.02061727290656154
2022-11-10,0.0125200342862208,0.0069918813454021,0.022836769898232,0.0235998977812614,0.012272734564311095,0.028947072421963427
2022-11-11,-0.0168022213689982,0.0193186187345962,0.0035859551533675,0.0034549178295072,0.012319064412828436,-0.006435384929003973
2022-11-14,0.0007839528281909,-0.0029822315398613,0.0018715307210716,0.0014299792085661,-0.0013446548765146031,0.0011261034819837756
2022-11-15,0.0046658113283932,-0.0060967588754439,-0.0036502983474651,-0.0024126315507876,0.006220306022597932,-0.00028260707946858865
2022-11-16,0.0001225596043785,-0.0072205063003863,0.0004546248827237,0.0006649895543633,-0.009033565766165387,0.004520399625155436
2022-11-17,0.0110968618495151,-0.0211665886047497,-0.0145766732302502,-0.0132131593152222,-0.018052589341398022,-0.009805855537054625
2022-11-18,-0.006283807848696,-0.0057770221409773,-0.0077412846843485,-0.0079551727072857,-0.0027610978669845056,-0.009469864134618339
2022-11-21,-0.0087568093796011,-0.017229183061578,0.0009966469833152,0.0014802555315384,-0.004620297666164003,0.014675802558677148
2022-11-22,-0.0037226616184692,0.0035552759669723,0.0043531394818285,0.0039133521437223,0.008406572558043847,0.004725652365288435
2022-11-23,-0.0113609518349634,-0.0160961922766455,0.0049724174988077,0.0047406323426371,-0.002312914963690069,0.015467693970834695
2022-11-24,-8.38691852103321e-06,-0.000194782324695,-0.0001904574491425,-0.0001903730186257,-6.198598745176399e-05,-0.0002270663033605569
2022-11-25,-0.0048665362790815,0.0051918018476814,-0.0045203906578085,-0.0046134973941778,-0.010489167741451066,-0.012559232837105055
2022-11-28,0.0147518856944758,-0.0021927626267143,-0.0142403635194447,-0.013581757874254,-0.005869064151443199,-0.01991132881417773
2022-11-29,-0.0029248550164401,0.0038903580400628,0.0060159807350169,0.0054721850622501,0.009004662987654214,0.0057263292414037326
2022-11-30,-0.0108544712883853,0.0151059839526657,0.0056064926946837,0.0047042004922502,0.01688176648428501,0.00018565356832281332
2022-12-01,-0.0317256769010846,0.0253648011479184,0.0238827788089056,0.0224660382404976,0.002942596924032643,0.012820650865751765
2022-12-02,0.0077525077197567,0.0094536914141004,-0.0058332667336609,-0.00755239820468,-0.005438011269524097,-0.017021467539623386
2022-12-05,0.0335647467354783,-0.0050552997526736,-0.0332515681785529,-0.0330216851108321,-0.01719322789421083,-0.04933923429245832
2022-12-06,0.0158685560805107,-0.0069869480574602,-0.0108485205518337,-0.011668835538659,-0.008117181618832207,-0.015670589592568285
2022-12-07,0.0104547657840092,-0.0007712724890935,0.0090742500665465,0.0077138735940747,0.0018176455401738192,0.013500685693132036
2022-12-08,0.0013073652694241,-0.0040933469497088,0.005495238283808,0.0048644843818225,0.0018815019215120941,0.011183563182516704
2022-12-09,-0.0091248205704009,-0.0003856115526011,0.0116132898396146,0.0109253734234129,0.00011096778432615762,0.018047003655987576
2022-12-12,-0.0048132676118124,-0.0106205909322631,0.0020898382125695,0.0030887181187584,0.005395828370814011,0.01402218270389538
2022-12-13,-0.0233258615854637,0.011573984701935,0.0266496334443495,0.0267070076582056,0.016912040836054406,0.032761197254448315
2022-12-14,-0.0082883809658821,0.0199305197659495,-0.0012304051280153,-0.0016080831372337,0.0019316030988253746,-0.011339781818224898
2022-12-15,0.0021044225124933,-0.0288944733863048,-0.0128699974582458,-0.0116722152558743,-0.008477205635306285,0.003593944141087657
2022-12-16,0.0042568405427496,0.0049492114429954,-0.0069711029471499,-0.0075371941679715,-0.00938378061459151,-0.017951941095254387
2022-12-19,-0.0177813783298374,0.0149912734970904,-0.01007658507312,-0.0100531869749744,-0.005575164884892529,-0.027699125707320582
2022-12-20,0.0141572701029538,0.0268597635542881,0.0114333375116451,0.0097952300623199,0.009176475915074606,-0.006432009456809773
2022-12-21,0.0064027247116931,0.0061550608743797,0.0050713500509448,0.0058562799630961,0.011947803423437457,0.006397228054533216
2022-12-22,0.0004937812087256,-0.0104494677860299,-0.0220741974628345,-0.0215799692724989,-0.009773557008801486,-0.02934622352050026
2022-12-23,-0.0042261398678737,0.0131730537665462,0.0145047980943353,0.0148424943674524,0.015728354958479414,0.017458218929525482
2022-12-26,0.0,0.0,0.0,0.0,0.0,0.0
2022-12-27,-0.0100244626155636,0.0054806108906268,0.012423016602027,0.0121282516566177,0.0034150797985187,0.01694152089952
2022-12-28,0.0284135664329983,0.0002466821421963,-0.0180962323111638,-0.0173460405530306,-0.0032044384419830617,-0.03519381690619916
2022-12-29,-0.0021263397694593,0.0037678989995994,0.0020907541245719,0.0015350462387616,-0.002311488665124573,-0.004000878941443575
2022-12-30,0.0051404565868024,0.0085290400285154,0.0023088952829459,0.0033839208153734,0.003113115253567307,0.0005873083142342306
2023-01-02,0.0,0.0,0.0,0.0,0.0,0.0
2023-01-03,0.0025773921598802,0.0047880041284676,-0.0120003970953944,-0.0118626376706283,-0.017770021816414815,-0.0335325926770878
2023-01-04,-0.0027005855532316,-0.0077972523924665,-0.006670310993356,-0.0072805833890747,-0.016015570096669575,-0.0025172751683062433
2023-01-05,0.0205764925962814,-0.0007606008658422,-0.0175359248658193,-0.0160716400931026,-0.008669278664849954,-0.03244941486229591
2023-01-06,-0.0093717878732236,0.0138226493820182,0.0126472894669692,0.0124240347547717,0.005608867545536839,0.008868976616180607
2023-01-09,0.0103907575432199,-0.0002834185367406,0.0083302877591494,0.0080619866698701,0.014921614944422403,0.016823044530616865
2023-01-10,-0.0009315217646964,0.0041898251999839,-0.0075158045381748,-0.006472871599371,-0.0056972758959793765,-0.01827058226936132
2023-01-11,0.009928584756039,0.0047345892425766,0.0060238808469954,0.006356165329758,0.006843385845402918,0.00858457320786099
2023-01-12,0.0092266693674215,0.0139373221096217,0.0145170097438388,0.0143238378045046,0.007149946911348355,0.013961301577538388
2023-01-13,0.0128960147968136,0.0164736931804175,0.0058482053200127,0.0068859194383468,0.005243811340264753,-0.00808093637366225
2023-01-16,0.0011397386371769,-0.0021607755224507,-0.0020098433051688,-0.0020444832111888,-0.0005722179546953619,-0.002396166134185307
2023-01-17,-0.0130051777127276,-0.0032906512205956,0.0019736933747757,0.0015181876001231,0.003938355754445875,0.011876082318323794
2023-01-18,0.0054316794179509,-0.0059578168111794,-0.0142987897455324,-0.0131303116018058,-0.0032431170695784283,-0.02664215145879678
2023-01-19,-0.0072591983785315,0.0099762583973791,0.008237000762538,0.0084777595106679,0.0011325193766160895,0.0052692707292135155
2023-01-20,-0.0057251490648564,0.0061291012968818,0.0025526850110404,0.002982856888291,0.003560921556692858,-0.0021932017110129765
2023-01-23,-0.0084042438804265,-0.004564164985612,0.0048898015569007,0.0042876816103167,0.004163563198778858,0.0191705439045676
2023-01-24,0.0128486749587582,0.0004399595706583,-0.0060622149603235,-0.0056251031345412,-0.0014446952976087596,-0.016630219199108953
2023-01-25,0.0006203670834314,0.0062549612330912,-0.0014418821173767,-0.0009448675297808,-0.0007067497920814505,-0.011708446394747413
2023-01-26,0.0041048225035626,0.0050235976980049,-0.0022613547699298,-0.0021999110686914,0.006654832358451507,-0.00691657487605038
2023-01-27,-0.0079739142510105,-0.0098273496275903,-0.0015834434073354,-0.001655233553435,-0.004557452684037733,0.0074019885268968855
2023-01-30,0.0140067683574048,-0.0021470980812533,-0.009783300354839,-0.0090792256555188,-0.007350869221891702,-0.019774536090371386
2023-01-31,-3.590044697015978e-05,0.0009866308739481,0.0017271227843043,0.0017686653254712,0.008550057209379416,0.0013036229019798007
2023-02-01,0.0193238055536674,-0.0073142688706563,-0.0166233439378285,-0.0152849244036868,-0.020155105813565843,-0.03052316228725699
2023-02-02,0.004910770911553,-0.0048971304755354,-0.0047607805781721,-0.0048732572488157,0.0026245072008353925,-0.0046869635102109175
2023-02-03,0.0349518941228257,-0.0295572872512952,-0.0331252563662159,-0.0327326454005924,-0.021509891754285283,-0.03131654912327214
2023-02-06,0.0025182148593107,0.0009208138475989,0.0031970028972846,0.0032646996441219,-0.0066618070847409075,0.006668384557350138
2023-02-07,0.0100383971802639,0.0056398340689024,0.0121211035161489,0.0118052705981509,0.011732738002606711,0.02132759992307942
2023-02-08,-0.0078281869850263,0.0112349556461975,0.0013008736550321,0.0017231605124218,-0.0003328949726340496,-0.010515345252851777
2023-02-09,-0.0033800311471679,-0.00804880974577,-0.0062474749097008,-0.0063100673619557,-0.0004203426740696128,-0.0028462384174901545
2023-02-10,-0.0010944982762692,0.0021588030904845,0.0059744294688388,0.005531487713724,0.0005757595485470984,0.012882376907030202
2023-02-13,-0.0008239055480124,-0.0023260798544119,-0.0084982462344992,-0.0080839069795029,0.0021174421387618893,-0.01414962196836711
2023-02-14,-0.0063685895938797,-0.0045726949772575,0.0041303913918521,0.0036328286073568,0.002480489371221912,0.01431483225664451
2023-02-15,0.0044575410123387,-0.0071677878214677,-0.0121250040853604,-0.0118442371293607,-0.01349869387836031,-0.016052881951169024
2023-02-16,0.0086649867407688,0.003879581143433,-0.0004614542202848,-0.0002025969100231,-0.00016579452201488472,-0.006676732796357332
2023-02-17,-0.0008289492923745,-0.0030546111499672,-0.0100445660372216,-0.0096483004414486,-0.005346976323598441,-0.01859828801848254
2023-02-20,0.0032694453081805,0.0014780234913494,0.0027030822264438,0.0026804618114569,0.007351405858735838,0.0032226562499999556
2023-02-21,0.0090108733769557,0.0001760248830253,-0.0102283128012032,-0.0096880307574629,0.0036438301397469725,-0.024343894549158196
2023-02-22,-0.0101442863729825,-0.005910478729932,-0.0046230103237452,-0.004825525604737,-0.009617599328168178,0.002265485469492151
2023-02-23,-0.0004182025173068,-0.0081268861267358,0.0018136082933624,0.0010997559662461,-0.003129646455787577,0.014734904492082923
2023-02-24,0.0028490242354161,-0.0075208858202384,-0.0007790830325545,-0.001856216774922,-0.006992311243223748,0.010557336682810198
2023-02-27,-0.0092709164429715,0.0004723092572582,0.0046536076400977,0.0039285667438632,0.008026794335608205,0.01516308463535701
2023-02-28,-0.0051710307872843,0.0084241778856045,0.0105246804490737,0.0102376428649239,0.0029927947166353444,0.010788958552086614
2023-03-01,-0.0032304775552807,0.0039779007939418,0.0065850347940601,0.00623156772655,0.012065965771389539,0.009837696422294928
2023-03-02,0.0057458356508441,-0.0025578629480177,-0.003885842465131,-0.0036580832562655,-0.007625220289413592,-0.005678374185744073
2023-03-03,-0.0158236123079208,0.0083908693265489,0.01806893161384,0.0164367157525836,0.01051561112150913,0.031190426583834086
2023-03-06,0.018230254662342,0.004192024731458,-0.0132930786794278,-0.0104891311596679,-0.006859261974133021,-0.036555845445475355
2023-03-07,-0.0115031852376918,-0.0264387987675183,-0.0228748478073895,-0.0238460000006462,-0.013845069215536927,-0.012942170535144182
2023-03-08,0.0046735771090088,-0.0007470361483358,-0.0070119185525834,-0.0058468650345256,-0.005440095078054498,-0.01531364178538916
2023-03-09,-0.0065547320035295,0.0053287967117464,0.0010821279856576,0.0016607529303683,-0.00836012960351969,-0.0016096555540895396
2023-03-10,-0.0042647477092068,0.0180013398430478,0.0113916870745897,0.0127802067820238,0.0017008855123662073,0.0012190101139840648
2023-03-13,-0.0436718726776027,0.0318370861411655,0.0309970202360584,0.0298552146620793,0.00794740323963461,0.035891668408238875
2023-03-14,-0.0091824366694939,0.0033200194694477,-0.0096446293729426,-0.0100141569325021,-0.007472230344174595,-0.012871246585648727
2023-03-15,0.0011165129244579,0.0081960331406874,-0.011924914482715,-0.0103409370351579,-0.021289364868145973,-0.024259454424867377
2023-03-16,-0.0109924113881635,-0.008065538644821,0.0013962534868699,0.0008426742280804,0.006184584664437474,0.00784917697658774
2023-03-17,0.0033057248981724,0.0316643393421379,0.0097208130620139,0.0115836269917116,-0.0004736064858042624,-0.00788832130999742
2023-03-20,0.0080792174941272,0.0094716553736229,0.0022580989349367,0.0028673348758183,0.0007870189916523875,-0.006231053396176661
2023-03-21,-0.019442338370667,-0.0219674333867318,-0.0023384023236809,-0.0035729096837966,0.0018520841768576712,0.01163048676353784
2023-03-22,0.0067310235375899,0.0171208750562354,0.0032231243699857,0.0040005840999297,0.0018366677825273781,-0.009209190823786378
2023-03-23,0.0193293093660881,0.02049112846425,0.0130367908225516,0.0134105381466197,0.000529800758056227,0.006581957691504353
2023-03-24,-0.001147595534969,-0.0048671416998701,-0.0016436337113963,-0.0020575002053569,0.005255301372644724,0.003567015843456839
2023-03-27,-0.0127017597132624,-0.0086513609931058,-0.0051147548175281,-0.0043238794449113,0.00932507277854827,-0.009767014419433423
2023-03-28,0.0078516070348553,0.0111253496828139,0.0062418417708923,0.0065172620795849,0.003946187048667637,3.064163939275888e-05
2023-03-29,0.0016807200434223,0.0021611048323563,-0.0034239667545519,-0.0033719881936475,-0.0046842819336096585,-0.006149613113993313
2023-03-30,0.0080789310083181,0.0150044133828803,0.0081501520274905,0.008401869122705,0.0020977245370751877,0.0012124360912250665
2023-03-31,-0.0025317321318069,-0.0038962735483638,0.0053204677846339,0.005064093190883,0.008695911340026284,0.015192613124078658
2023-04-03,-0.0219061084773569,0.0169732254270117,0.0101626948248284,0.0116214057105646,0.0033347965122635524,0.0027300763764785685
2023-04-04,-0.0193471233694599,0.019296512983462,0.0204948232916858,0.0203563437060604,-0.0010992860467192625,0.017079138915220338
2023-04-05,-0.0026678754048729,-0.0030152435485236,0.0009486757790234,0.0009285188576605,0.001124173566149066,0.005004148354333715
2023-04-06,-0.0005213138719273,0.0067564554224279,-0.0069922176013187,-0.0068562080179062,-0.0015881265176471125,-0.01689647806262551
2023-04-07,0.0,0.0,0.0,0.0,0.0,0.0
2023-04-10,-0.0121441167256261,-0.0165343453413675,-0.002024000303211,-0.0024010283397437,0.0014062001376036676,0.012677445457277031
2023-04-11,0.0097878610982999,0.0101503809418414,0.0103271815304643,0.0104005130864392,0.007335066010213648,0.010478748161680429
2023-04-12,0.0070956964127078,0.0130091194511444,0.0045774016306061,0.0048764538815885,0.003981484659661305,-0.0021659253405206524
2023-04-13,-0.0021623749894856,0.0081546757258634,0.0047920774895372,0.0046616278284408,0.0029825133549781753,-0.005492905405021786
2023-04-14,-0.0078655620256457,-0.0133818749472902,-0.0079244297309867,-0.0079174504996202,0.0027267096659106126,0.004655923574069021
2023-04-17,-0.008541796419099,-0.0153335034515362,-0.0027780638297715,-0.0031171628381739,0.00416613657923268,0.009806438790424338
2023-04-18,0.0030350940577031,0.0021526961147129,0.008188839942699,0.0080237231525196,0.00972236559741245,0.013376227654125272
2023-04-19,-0.0098279373065916,-0.0032585966687354,-0.0110731606986978,-0.0112766694314129,-0.011157062097491672,-0.020572463468028157
2023-04-20,-0.0013048638614217,-0.0050546789046307,-0.0013770819315445,-0.0018377330060734,-0.009995965943133104,-0.0015129828834000714
2023-04-21,-0.00916217415063,-0.0074021898905961,-0.0086176487107108,-0.0083247311368325,-0.004547070964429315,-0.006648831550361112
2023-04-24,0.0076743246950016,0.0064567234954637,0.0089016146815188,0.0090115669277886,0.0012914748832555292,0.011321466443238948
2023-04-25,-0.0072147546880722,-0.0085835531056427,-0.0071048929135102,-0.007431010489758,-0.01384162558862352,-0.005895802493914332
2023-04-26,-0.0178381296637237,-0.0062224136443849,-0.0172963810398684,-0.0179077079961499,-0.006458721242573933,-0.03132351223132143
2023-04-27,0.003924881334679,0.0031486361628024,0.0058515034362101,0.0059493795851906,-0.00022809696133732748,0.009365735817873921
2023-04-28,0.0019769988396935,0.0025057349407275,0.0053770932436807,0.0055872429532688,0.008235907209343543,0.009730799757517561
2023-05-01,-0.0071389356469575,-0.0025410935919239,-0.0074912131309098,-0.0073877296541772,-0.006235526291468362,-0.01351342924576071
2023-05-02,0.0030648992054718,0.0050160223605335,-0.0036294684599929,-0.0036645441478243,-0.011388636413204225,-0.01605922134644827
2023-05-03,0.0034070559623563,0.001241655654621,-0.0064563500402893,-0.006497508627707,-0.009643641989199815,-0.01258909183142179
2023-05-04,0.0145831649765277,0.0118658411918573,0.0072604866262776,0.0073880256154824,-0.0004658168048972653,0.00020823766553854095
2023-05-05,-0.0044247792491481,-0.0117557365311332,4.451347718860757e-05,-4.0688373320268674e-05,0.014581254731444917,0.007359980802368826
2023-05-08,-0.0026101576299801,0.0022107298010395,0.0098207749453048,0.0097363096309621,0.0062607701196918724,0.017650284621704815
2023-05-09,0.0022726776534835,0.0033040075522611,0.0050413743189841,0.0050192526904822,0.00034378351964184974,0.006410278550548099
2023-05-10,-0.0008818839889459,-0.003854407833501,-0.0094119398562407,-0.0094669988986528,-0.006742796605599843,-0.014694154975674917
2023-05-11,-0.0099982409403627,-0.0170975189410005,-0.0201489647950022,-0.0204057973388702,-0.018466514228052705,-0.018877630011892715
2023-05-12,0.0020366711289011,-0.0067047439254671,-0.0022191008529454,-0.0020154038149174,5.079642579650946e-05,0.003129126934981019
2023-05-15,-0.004697140779618,-0.0006777379939113,0.0093612629469441,0.0094921364470104,0.011825937818410667,0.017365288677362978
2023-05-16,-0.0132241644325776,-0.0132203883751549,-0.0116014590057316,-0.0115575963007434,-0.00897043514075505,-0.008725823839691671
2023-05-17,0.0018618108881836,0.001776445833604,0.0035266334051924,0.0035206202336774,0.005818453021721894,0.004693140548988339
2023-05-18,-0.0038256458250746,-0.0157154939682063,-0.0029993301400336,-0.0022600985829443,-0.005044477113330704,0.014474614599990443
2023-05-19,0.0070977845700648,0.0102342563509492,0.0086083082048953,0.0084784087263262,0.003929123635717252,0.0056943350044164065
2023-05-22,-0.0016025129423561,0.0006267218010084,-0.0083783157996003,-0.0087977420420441,-0.0037651877884029186,-0.01920023787954761
2023-05-23,0.0001637156878864,8.415273738962168e-06,-0.0038051099988448,-0.003974646829034,-0.006040379991491053,-0.00828024398739452
2023-05-24,-0.0020085465901847,-0.0038365244294009,0.0006970355406245,0.0010286064622287,-0.0034806733039792325,0.007990830294684031
2023-05-25,-0.0090852937817746,-0.0116601791023644,-0.0172814776811548,-0.0174891075775939,-0.010339448062902773,-0.022321671912834656
2023-05-26,0.0017085683197376,0.0081482139694704,0.0023655342259856,0.0019605161580567,0.006316794274832039,-0.006425358985097579
2023-05-29,-0.0002262253619804,0.00029182952041,0.0003111181773085,0.0003132502006361,6.450780544446342e-05,0.00037091988130566467
2023-05-30,0.021817328769665,-0.0045402142662062,-0.0110950301547656,-0.0117212462241234,-0.012586006481952424,-0.020246039071731115
2023-05-31,0.0015094764782232,0.00370943043108,0.0002032017703821,-3.858241201810204e-05,-0.004692858552954822,-0.00516640682347988
2023-06-01,-0.016500146008433,0.0104000731674653,0.0080533905574719,0.0071245125346985,0.011415992239424437,-0.00020105154622604426
2023-06-02,0.008523970360417,-0.0055562532755566,-0.0025220945199221,-0.002603897454117,0.007594880040272176,0.0021111263577486827
2023-06-05,-0.0034025178099421,-6.494829318642154e-05,0.0043597197009718,0.0047526058180865,0.0031266850115763954,0.009695089243766247
2023-06-06,-0.003313909916522,0.0006007209308747,0.0015035682440334,0.0017070544977213,0.004630486616210562,0.0017859602906829808
2023-06-07,0.0039259831815667,-0.0069365064689805,-0.0022380791846199,-0.0021218855066021,0.0034655676607207512,0.005187515000480064
2023-06-08,-0.0162829786314922,0.008483732427198,0.0118116139408459,0.0126010871673895,0.00594317904473506,0.01051543154871784
2023-06-09,-0.0049695045221787,4.761816230220263e-05,-0.0065611667049226,-0.0068109335716562,-0.002271675957066242,-0.01379517466477198
2023-06-12,-9.944992767135514e-05,-0.0140919637472779,-0.0132338478550074,-0.0127031630782742,-0.008504953729249445,-0.013069665105192835
2023-06-13,0.0072707683479612,-0.0008416196995181,0.0050228291322629,0.0044883416482046,0.011934903824924748,0.012882755523003803
2023-06-14,-0.0012375210972301,0.001654161534855,0.0024147478754666,0.0029686932016288,0.004821414876225266,0.0008085707019761523
2023-06-15,0.0101919212133469,-0.000510992948071,0.0128743463571068,0.0128338405125996,0.01963463788457001,0.02729040386595949
2023-06-16,0.002879373123134,-9.643509883726453e-05,0.0081434097057923,0.0079530216196787,0.011437160309922497,0.014825961756677275
2023-06-19,0.0005675798186437,-0.0016571298079142,-0.0014273977554116,-0.0011862392308203,-0.0028787853462894824,-0.0017017655817911093
2023-06-20,0.0033898000791616,-0.0070719891533339,-0.02009594751562,-0.0205943923582802,-0.010994823178091678,-0.026101101453616854
2023-06-21,0.0186613008204173,-0.0050012714614835,0.0017074305081223,0.0015174062876528,0.008450000862125188,0.009650713911677739
2023-06-22,-0.0118401906866254,-0.0182625470401629,-0.0164782723580735,-0.0155068414110629,-0.013680386599363234,-0.015074332902396903
2023-06-23,0.0061393708244786,-0.0051441912139652,0.0032631424546353,0.0037891140938502,-0.012026953547061374,0.010068261068362588
2023-06-26,0.0055446526864938,0.0029519287483228,0.0094036501295955,0.0093285208139303,-0.001587819460165874,0.012603654048267299
2023-06-27,-0.0079896066802352,-0.0042485341808434,-0.0071799482017795,-0.0068860164623264,-0.005831681597783515,-0.008910384315645836
2023-06-28,0.002832641619137,0.0090874842839363,-0.0010732716269992,-0.0019844773075916,-0.008534620640969857,-0.00927897982206291
2023-06-29,0.0060465738175362,-0.0044362953158969,-0.0022423504979458,-0.0024218613691756,-0.0018908493847472378,0.0005188745128791861
2023-06-30,-0.0004871625495898,0.0034222741278932,0.0099353168315274,0.0099412639441592,0.009422088735441876,0.014790474690298872
2023-07-03,-0.0056805272120038,0.0022645414385619,-0.0038544452953938,-0.0036086250925987,-0.0012576081046128443,-0.009456318636095529
2023-07-04,0.006453328017894,0.0024624518343075,0.0044703921310058,0.0037063580845928,0.0016434363906449806,0.0053296703296703
2023-07-05,-0.0017020229242205,0.0035180753765244,0.0021710976079281,0.00175998714276,0.005797938769665081,-0.0006199630429338798
2023-07-06,-0.0050599685161704,-0.007365177373499,-0.0103604230041257,-0.0104339194895059,-0.00541267580017237,-0.011954270044492205
2023-07-07,-0.0016450322772998,0.0118171961652453,0.0129178424091078,0.012094735401784,0.005012032047554182,0.010359967632039835
2023-07-10,-0.0069251970732964,-0.0022369965944934,0.0011754250476427,0.0016264324246761,0.0010591795896985744,0.006348757652935938
2023-07-11,0.013571660314382,0.0027364970585958,0.0073253214323285,0.0066844342137713,0.007630392401745799,0.011385921167031826
2023-07-12,0.0029413797794867,0.01895639799627,0.0158594332275118,0.0151935762823582,0.006492547285400588,0.007440396209089928
2023-07-13,0.01990798323654,0.0090320476176215,0.0077008950628312,0.0060209029795663,0.009906933228958786,0.002503257754563254
2023-07-14,-0.0033510732017911,-0.000748429231347,-0.0013580923748438,-0.0009866746737036,0.0033752535103277665,-0.002662507204714115
2023-07-17,-0.0047774717060971,-0.0061205494364678,-0.0081347475837576,-0.0075396034476598,-0.010874754792722364,-0.009730472572066912
2023-07-18,-0.0045725325969931,0.0116831317830721,0.0150353268699714,0.0153580895439389,0.009858713376752511,0.020690114853982866
2023-07-19,0.0016042976803769,0.0009162428195028,5.3674037211832006e-05,-0.0001186398118101,0.005614775013679873,-0.0016864734821682714
2023-07-20,-0.0082429045230963,-0.0069253508291983,-0.000807276593303,8.714533150484295e-05,0.00604645878914303,0.009962707770430457
2023-07-21,0.0080785236590424,0.0006994421217454,0.0002435430634868,-0.0005401220066862,0.001364033663057948,-0.0011322455424440103
2023-07-24,0.0083299488653273,-0.0003664355759453,-0.0004133240526439,-0.0009899383119487,0.012677647634444842,-0.0007028903374077244
2023-07-25,0.0041291825155577,0.0039222405953434,0.0067602272917684,0.0062334954362359,0.008952877672649209,0.009630976316276407
2023-07-26,0.0018127381417468,0.0021769728188026,-0.0009007810937407,-0.0008806610077563,-0.005884867432497836,-0.005797380704969796
2023-07-27,0.013469544451554,-0.0086327885905868,-0.014070847737234,-0.0147181735861205,-0.00744275527659505,-0.021350957028482775
2023-07-28,0.0069372674820583,0.0068763554205292,0.0079901423462387,0.0081049381241538,0.002969882966686196,0.009568195114956768
2023-07-31,0.007118874234035,0.0081316964524733,0.0083998682180692,0.0076039276987194,0.004401796585003942,0.007285814452559131
2023-08-01,-0.012912110540101,-0.0151526892284054,-0.0171795846668949,-0.0169134947507977,-0.0059351014059817655,-0.018752495392425794
2023-08-02,0.0018399088688873,-0.0085171039432552,-0.0128005106174181,-0.0118082445322201,-0.014855142835543301,-0.018271958449385978
2023-08-03,0.0047269625889685,-6.599488971664844e-06,0.0046911297881767,0.0046955849646369,0.0013767495874131889,0.012024396291641481
2023-08-04,0.0015504125125476,0.0043015732669601,0.004968132502746,0.0048673435100578,0.0010576622431295746,0.005544160541390952
2023-08-07,-0.0102049956989446,-0.0066258879510794,-0.0037982861317347,-0.0025700858106479,0.001014584177023246,0.005892928140944997
2023-08-08,-0.0001899239851352,-0.005412718767956,-0.0033171097608509,-0.0029784906771672,-0.004847934382457723,0.0013198524002163703
2023-08-09,-0.0149703499941889,0.0001781896757567,0.0061850235903291,0.005898834946548,0.003913723701587534,0.01837832194726366
2023-08-10,0.0094060319873053,-0.002531163258922,-0.0079399502633248,-0.0080023834554891,-0.003871157169690259,-0.019041027571367136
2023-08-11,0.0007029494993262,-0.0006565201655256,-0.0001952677494379,-0.0002259591602767,-0.003289895147751822,0.0006742647999800344
2023-08-14,-0.0030269098917719,-0.0022640136712779,-0.0018118886281745,-0.0015973366908354,-0.007727887596130016,-0.0003872345246559439
2023-08-15,0.0088720748985176,-0.0069035492971463,-0.0101820563813314,-0.0101850943236637,-0.013055120772462027,-0.017759890142286017
2023-08-16,0.0057787209027199,-0.0063413281241928,-0.0086852965931317,-0.0083153538334098,-0.002231633118597473,-0.012703008721308195
2023-08-17,0.0001338417782105,-0.0025081635096366,0.0018162138778447,0.0007604243863422,0.004078982831640432,0.005145702586027423
2023-08-18,0.002786211407001,0.0005350728400792,-0.0001729067042944,-0.0005007681032486,0.005653196914362274,-0.0042780409091164595
2023-08-21,-0.0108598956468524,0.0066777991043658,0.0102691171459507,0.0095942167017708,-0.0006491970622387985,0.014265632240963028
2023-08-22,-0.00118808251648,-0.00012738009604,-0.0016627642114673,-0.0017669384211433,0.00048748430628942074,-0.006610968896143182
2023-08-23,-0.0162934435221771,0.0105204486121857,0.0112488085150702,0.0100115025822636,0.008405214551322636,0.00422671677130898
2023-08-24,0.0010147584361234,-0.0005559327043144,-0.000507166765197,-0.0001937542331149,0.0021226155408360418,0.001141944979168752
2023-08-25,0.0003542136143326,-0.0001337038483944,0.002023496693257,0.0015972855929618,0.005242230185151957,0.004592106479063385
2023-08-28,0.0007368412546955,0.0026839599708042,0.003004759168559,0.0032977947297154,0.002832079630823977,0.004786523535670356
2023-08-29,0.0074052694001808,0.0113150942913131,0.011674524636517,0.0107546735265864,0.003832116370113043,0.008688715805417274
2023-08-30,0.0179724251469582,0.0040603748595334,0.0067835864132908,0.0074271860490727,0.004376912875820943,0.014356810742805232
2023-08-31,-0.0026565646534904,-0.0017204025523618,-0.0030786652078278,-0.0028188877292309,-0.0026745632372684167,-0.0034176347846098243
2023-09-01,0.0026089623070148,0.0025070610800107,0.0017028528303217,0.0020071860549019,0.007244990087355902,0.0023452820262489515
2023-09-04,0.0011858901064558,0.0009821157228222,0.0010858927764317,0.0009942040975792,-0.0011899285321422283,0.0012946180876641233
2023-09-05,-0.0105145574246204,-0.0064975177808723,-0.0140083264174851,-0.0129737375044793,-0.0012723469838386786,-0.022514839487245697
2023-09-06,-0.0087256734601437,-0.0043847520836483,-0.0071149687178496,-0.0063535253301962,-0.0051894997206945,-0.010359147663225238
2023-09-07,0.0025223386939591,-0.0032336595335747,-0.0024324614709662,-0.0017374729888976,-0.002038800258811501,0.0020129372323111627
2023-09-08,0.0038862961402935,0.0013934163654621,0.0018549013999241,0.002122565982061,-0.001799804617907823,0.00378812192287592
2023-09-11,-0.000115805483188,0.0028385174872562,0.003494048224104,0.0029839460440961,0.009783909623734221,0.0031566402088341605
2023-09-12,0.0181271932987326,8.510655707114913e-05,0.0053097122588608,0.0050321702279709,0.0016120984075022869,0.015462401705605838
2023-09-13,-0.0087322669199641,-0.0023265463307697,-0.0055087647024749,-0.0049604136645563,0.0018429117545095976,-0.008937172284437161
2023-09-14,0.0054221881051036,0.0027764374883372,0.0030729981897083,0.0036484398398735,0.006641839115559967,0.005640758372509491
2023-09-15,-0.0018323354554788,0.0073900131518535,0.0059523271151559,0.0052246672964738,-0.0018087901289767759,0.0007307827654530752
2023-09-18,0.0104336410160648,0.0045966778905495,0.0067827014048682,0.0067029522200549,-0.002089983026142649,0.011357622282759494
2023-09-19,0.0061515424804764,0.0002450248523898,0.0033052669450314,0.0033889113317932,0.002867421617782659,0.010373914469939849
2023-09-20,-0.0103324691628354,0.0038647305257926,0.001857885257764,0.0010796487455943,-0.0017931384168578606,-0.006530178401670805
2023-09-21,-0.0121050734656179,-0.0117973373829963,-0.012277167105179,-0.0125605681585626,-0.013771355485660055,-0.01690128999126822
2023-09-22,0.0016860820810891,0.0029274722758656,0.0039323477966249,0.0035758205027839,0.0006757599882941667,0.004913404697192647
2023-09-25,0.0011993442151655,-0.0049910760086174,-0.0069752196407118,-0.0058004691593235,-0.005856188482678896,-0.005740916095951204
2023-09-26,0.0021262580157077,-0.0060505947877528,-0.0038591250855901,-0.0034823330240294,-0.0021844288494656853,-0.000798247978753025
2023-09-27,0.0195112975366373,-0.0084101225555878,-0.0025450557994284,-0.0007547319306943,0.0014878158360059031,0.008244236546198852
2023-09-28,-0.0024725942574957,-0.0065921401542665,-0.0038141451289319,-0.0044611203075518,0.007311497021880768,-0.0004891988722663387
2023-09-29,-0.0039631883962377,-0.0063581330550076,-0.0068994454357873,-0.0063160870694147,-0.010361747847621079,-0.006400251511734234
2023-10-02,-0.0185322142088095,-0.014984224107061,-0.0225190484595846,-0.0203180581622027,-0.007714643509324811,-0.02560119652628043
2023-10-03,0.0109982477123365,-0.0014775838059947,0.0019523008274667,0.0022069450797311,-0.006423626719863879,0.00881847146106432
2023-10-04,-0.0133824734809475,-0.0033738912486832,-0.0158321054273786,-0.0173777535022957,-0.013747745822279623,-0.016550069576942994
2023-10-05,0.005984058873787,0.0005418162284651,-0.0004095521723224,0.0001021403807039,0.00041183346949255026,0.010289610647322672
2023-10-06,0.0025435602067377,0.0102083859602988,0.0180423576144654,0.0166036351724377,0.010497598478343924,0.025265652934090388
2023-10-09,0.0080536006204574,0.0077257311115079,0.0168110333576017,0.0169999364732952,0.007927436837935701,0.018272943716939105
2023-10-10,-0.0036635288854023,0.0050294217304643,0.0019431590595585,0.0022150326296576,-0.0036726588409844874,0.0008833511121959237
2023-10-11,-0.0112587200337878,0.0067961559155872,0.0004364848476592,0.0004214512042787,-0.006476149434822954,-0.0019563646879443286
2023-10-12,-0.0028110658735873,-0.0027774964098305,-0.0034971222300635,-0.0032274263754256,0.0012576963429186418,-0.004472850609314544
2023-10-13,0.0081761325948854,0.0340602954891087,0.0339028393682344,0.0326886296643972,0.013247607401913813,0.02455543813505831
2023-10-16,-0.015841873573897,-0.0034574933759498,-0.0094262873289794,-0.0099646218269902,-0.0030281177889986484,-0.015526976826560873
2023-10-17,-0.0025354711097324,0.0036807282360413,0.003021067247615,0.0023674496630932,0.0010916276094966352,0.0012934631445996603
2023-10-18,0.0071924107626208,0.0135425381309577,0.0113531977114625,0.0115669174863602,0.006245262877856409,0.007646181066188085
2023-10-19,-0.0016718486732079,0.0042418682878613,0.0010861966923875,0.0007222879984707,0.003257491894887829,-0.004919900383750286
2023-10-20,-0.0110424653873464,0.0097782858937615,0.0062123097344837,0.0050998239353138,-0.003879721780425104,0.001350692392042968
2023-10-23,-0.0040974966814236,-0.0071083134844246,-0.0091903110846647,-0.0085882213077483,-0.004809392876649137,-0.007904047563222633
2023-10-24,-0.0024090579787829,-0.0037549529612775,-0.0041739867209253,-0.0036719821713829,-0.0024358719416772896,-0.002267568573606049
2023-10-25,0.0105223803445338,0.0035003658157334,0.0067681050005915,0.0071411860504709,0.0025259989537856618,0.00902692882911868
2023-10-26,0.0139093474026079,-0.0057918670569117,0.0002984320431443,0.0020757282530139,-0.0005436948486965795,0.010078428393718808
2023-10-27,0.0033322715785259,0.003855671195847,0.0047096356879862,0.0042129173385017,0.009764683852980769,0.003273272095651286
2023-10-30,-0.0040810698896507,0.0066936764405508,-0.0029543731798208,-0.0038879581915215,-0.006683130319701305,-0.0113083291261242
2023-10-31,0.0229413342815962,-0.0104070104263624,-0.0016724134168762,0.0001312131142356,0.0006112545971146362,0.01034988090070102
2023-11-01,-0.007476526816551,-0.0030837088748687,-0.0063125177261607,-0.0064855136622848,-0.0045788974735745105,-0.009439918913308726
2023-11-02,0.0004213838697292,0.0048412449539327,0.0069172108005531,0.0063885723191515,0.009484061404914283,0.006368042935929796
2023-11-03,0.0031594086553494,0.0028375633719634,0.0026487288227174,0.0027416874814049,0.003982637794537462,0.0029559086386468925
2023-11-06,0.0047805736056783,-0.0002991871794209,-0.0084988824134348,-0.0103745376303253,0.0003740206924190149,-0.01886190648019595
2023-11-07,-0.0300241255969036,-0.0179590847638793,-0.0227619961281888,-0.0219767362406345,-0.01710282868895212,-0.028821697199843177
2023-11-08,-0.0048764947208557,-0.0065867053167558,-0.0081544015288745,-0.0083717325834611,-0.004399445994068124,-0.009485453318556603
2023-11-09,-0.0045618134859251,0.00660047082772,0.0040955161389332,0.00340795838673,-0.0020190727739754573,-0.0003111564483014584
2023-11-10,0.0100988177535248,-0.0142064038560499,-0.0108073102026281,-0.0108856931572823,-0.005872885620927104,-0.00708819656530324
2023-11-13,-0.0016866442863805,0.0069094926240884,0.0113448158621665,0.0125845150924794,0.014638641547859032,0.019366809895171255
2023-11-14,0.0035954059888091,0.01365356265321,0.0100994329770232,0.0085088433040346,0.0027657576284807472,0.0034650828033527814
2023-11-15,0.00109850952969,-0.0005712414337124,0.0032085370737059,0.0034804231305865,0.002503196450479815,0.006977593061838677
2023-11-16,-0.0109397848085643,0.0032858282770006,-0.0037378962021992,-0.0038637942547846,-0.012509475005230518,-0.014539044739618812
2023-11-17,0.0054358171792043,0.0068251865013779,0.0042976100850169,0.0024019169090995,0.002393373378547725,0.0008960063244349559
2023-11-20,0.0018164970471312,0.0014130395250294,-0.0014738774425007,-0.0025840286538042,0.007287748745915327,-0.004355025553819031
2023-11-21,-0.0046842035313812,0.0091023845305499,0.0068327652767228,0.0065575585383873,0.002514569820947395,0.0027408064043370206
2023-11-22,0.0051623956845542,-0.0060974959373971,-0.0035922491555668,-0.0029105195648937,-0.008695078523039204,-7.61819993448376e-05
2023-11-23,-0.0007490857285702,-0.0012169790167314,-0.0013798228619492,-0.0011630424170025,0.0012035527266511755,-0.001645046061289679
2023-11-24,0.0001689262521357,0.0079700079818798,0.0059729139694754,0.0053718774510898,-0.008763743304244261,0.0019283281284706855
2023-11-27,-0.0022149389949946,0.0050693092241293,0.0022673290143906,0.0016616344445913,-0.006556692245041764,-0.002551849094488662
2023-11-28,-0.0016857872340954,0.0142142044499846,0.0103630992196232,0.0090238759034366,0.012952465645539757,0.003495232543718113
2023-11-29,0.0019993139076273,0.0066298139112412,0.005538883528164,0.0045866204289585,0.003980121916335175,0.0036399462974767705
2023-11-30,0.0017138528289643,-0.0013788881040659,-0.0006339503820447,-0.0008907196601343,-0.0019751297204764063,-4.909005787384624e-05
2023-12-01,-0.015376623977132,0.0055601261084186,0.0042113528140095,0.0053798223854298,-0.0042974968322564665,0.0007891356270370298
2023-12-04,0.0210128678983053,-0.0229108427645455,-0.0256446379554818,-0.0263802486448399,-0.010547547817157199,-0.028186438446075712
2023-12-05,0.0054406635799622,-0.0070411037169598,-0.0067857415366295,-0.0060338742101718,-0.007301438580834275,-0.0055700327474769995
2023-12-06,-0.0062264153776217,-0.0044743535445788,-0.0133478630179996,-0.0140764086161647,-0.017845804323005067,-0.02417425441035065
2023-12-07,0.0021019583152347,-0.0024650211232228,-0.0022972432333957,-0.0018306496081836,0.0036351444815834093,-0.0012370888310726524
2023-12-08,0.0187083196817442,-0.0164028427298095,-0.0104204271646971,-0.0105330255018022,0.0049776427277234536,-0.006305201767455332
2023-12-11,0.0022988659279265,-0.0100763334991845,-0.0116358888790437,-0.0139218830641288,-0.005901763636931917,-0.018870239044453868
2023-12-12,-0.0094319887363208,-0.0049990768975594,-0.0126348109328368,-0.0136849316643279,-0.005619995030789273,-0.02202833688687683
2023-12-13,0.0008391136386236,0.0018014209877379,0.0036891122891084,0.0038506347104812,-0.0011153878831787031,0.005611221474960154
2023-12-14,-0.0297705305947753,0.0343235312972259,0.0359898433899027,0.0349315191799332,0.023859618556674695,0.03592017811328918
2023-12-15,0.0028023770076882,-0.0049888163484286,-0.0009795044741914,0.0013151048888031,0.0045554006503876485,0.006646849516664527
2023-12-18,-0.0028482945891699,0.0028158389425076,0.0047701470412826,0.0046583692618887,-0.0014237894248543077,0.005817550920636544
2023-12-19,-0.0061560673611084,0.0078821375980416,0.0078903729911899,0.0070605319082498,0.007851818080653841,0.006685373141389561
2023-12-20,0.0001677877448618,0.0034562869599142,0.0020350986188179,0.0005824845907152,-0.004232763587571679,-0.00036264159848206634
2023-12-21,-0.0041501438804122,-0.0005653258300061,0.0039864559420772,0.0064911346012261,-0.0009662122362696972,0.01172347765259557
2023-12-22,-0.0067348654262844,0.00362964661944,0.0040482664409015,0.0050073577675154,0.0034179634413306504,0.004636703892773486
2023-12-25,0.0,0.0,0.0,0.0,0.0,0.0
2023-12-26,0.0022213677815264,0.0034084599018814,0.0016194760128797,0.0001427863366981,0.0035230072215677167,-0.001065950584527936
2023-12-27,0.0015289249778289,0.0053781750511549,0.0063204890310855,0.0079318442634771,0.005243693925537348,0.007733213048892212
2023-12-28,0.0017042077487112,-0.0119576682711509,-0.0038453992572561,-0.0012657421413432,-0.0025552759222837052,0.00448063644759103
2023-12-29,0.0082790827485587,-0.0044554267922906,-0.0073183143719129,-0.0077088630183508,-0.00938561757332102,-0.008888802084312836
2024-01-01,0.0,0.0,0.0,0.0,0.0,0.0
2024-01-02,-0.0002958269888209,-0.0053026181221366,-0.0023266309163797,-0.0008969924676802,-0.005769357469264629,0.00048227310602630413
2024-01-03,0.0134138665902469,-0.0112607273512212,-0.0052591971729179,-0.0033986369993123,0.0013220166498638904,0.005460465211558491
2024-01-04,-0.0098026418300888,-0.0011471463573316,0.0052336856727493,0.007901567617456,0.0002071429751068414,0.013501340456232275
2024-01-05,0.0023849879231828,0.0023404296217894,0.0068105508588932,0.0073823329716701,0.0034537542575864663,0.011483853011905382
2024-01-08,-0.0050823111323937,-0.0109132060513404,-0.0079208437057324,-0.0064747475877025,-0.009232322169624208,-0.002901148241280349
2024-01-09,0.0128247279527628,-0.0022549478542966,0.0077101046421866,0.0098428359935653,0.008824307177934433,0.020031227878107155
2024-01-10,-0.0077568568386382,-0.0004377262227626,-0.0077188992687306,-0.0088469112498176,-0.005170894301405199,-0.015281513984348766
2024-01-11,0.0087841891857016,-0.0052690851413529,-0.0026172126939081,-0.00196050668179,0.005070705323385383,0.0017833820571296066
2024-01-12,-0.0002058406430041,0.0164411312289882,0.0227963018930146,0.0238458554752849,0.001915250371494899,0.031152998947550303
2024-01-15,-0.0005119963207823,-0.0002195505696514,-0.0003568916156493,-0.000319595479285,0.000652081365996004,-0.0004254916792738317
2024-01-16,-0.0004874363964199,-0.0031378788285268,-0.0179133820725494,-0.0208083012309507,-0.004827717029640582,-0.03589876890609722
2024-01-17,0.0042632918047227,-0.0120838043118209,-0.0119770891286827,-0.0118572002383771,-0.008275724341215141,-0.011439975995662821
2024-01-18,0.0080003673856523,0.0075925221310402,0.0028492623247819,0.0017917354375896,0.006270815244886369,-0.0077458684160020275
2024-01-19,-0.0041134695853177,0.0010074470240377,-0.006755451090764,-0.0075022176775985,0.001004376253768412,-0.018323953533472492
2024-01-22,0.0080636129853757,-0.0040886026507337,-0.0057563778019221,-0.0059365631744136,0.0029197407369432665,-0.010516872141788897
2024-01-23,-0.0008832371641375,0.0021452297030171,0.0025046280077252,0.0025091352548255,0.0083676389546499,0.003890507767737139
2024-01-24,0.0175218023638588,0.0018034552080736,0.0109771585934617,0.0114434898508848,0.013795766775177484,0.02449048342521018
2024-01-25,-0.0024466665641496,0.0058505546125352,0.0047330012753046,0.0042436445033519,0.0011012754980892347,0.0015184457779510718
2024-01-26,0.008948404767561,0.0008937535149826,0.0068822137448458,0.0075201338095606,0.006237682989969213,0.016350183623859427
2024-01-29,-0.0133895376631965,0.0058200294081814,-0.0039359764148724,-0.0050576812732464,-0.008109446076130462,-0.01870886721687437
2024-01-30,-0.0001026372836836,0.0025108656648294,0.003261489394947,0.0034506931687659,0.008804799755997128,0.004734946769062942
2024-01-31,-0.0069757111255516,0.0019361098488011,0.0009413416124095,0.0012519103786389,-0.00411803273787483,0.0006629681176890112
2024-02-01,-0.0092002684750732,-0.0012286984078186,-0.0053793696833585,-0.0056690564736217,-0.0074128807213311235,-0.010517826710265993
2024-02-02,0.0007332691570697,-0.0115630352873062,-0.0110088200988883,-0.0105278853086425,-0.00643327439860584,-0.0075766923920931595
2024-02-05,-0.0015269471351812,-0.0048661393301511,-0.0047219088060398,-0.0044036561136995,-0.0027073734408918286,-0.0029945934863152
2024-02-06,0.0055262053792455,0.004555846135443,0.0010018554446437,0.0007389429613016,0.0014987191750531034,-0.005170271308868768
2024-02-07,-0.0004433767849865,0.0002673051555883,-0.0015142023698567,-0.001559356221046,0.0007722827184926842,-0.0045251146124270225
2024-02-08,0.0096779966238745,0.0052256474162195,0.0065826991799085,0.0059264060262025,0.00309913441068665,0.00392888131483643
2024-02-09,-0.0013531986238387,-0.0026864616482729,-0.0042496235708707,-0.004498889000597,0.0008910325677697123,-0.00902817818166951
2024-02-12,-0.0033857393897968,-0.0019318873450336,-0.003465755818098,-0.0039246329097755,-0.0005710955997626257,-0.009986661987904683
2024-02-13,-0.0111285406023359,-0.0131432044326502,-0.0146474419725015,-0.0141643315456192,-0.004325876307170145,-0.018781032792142882
2024-02-14,-0.0078711205225872,-0.0027639739657091,-0.0050242568453483,-0.0056812063958683,-0.005418302164086699,-0.013071108975327345
2024-02-15,0.009815895732991,0.0085871909419047,0.0106005981067339,0.010008102833706,0.0033650052516122075,0.00710620620324437
2024-02-16,0.0084682991354484,0.0082948230586268,0.01110907895261,0.0105569013183256,0.005286232234190509,0.01313871725190685
2024-02-19,0.0003438786636385,0.000121036009895,0.000219996836691,0.0002308015821827,-0.000805351515766029,0.00026228361601682293
2024-02-20,-0.0073140189752911,0.0006671582137438,-0.005140697794853,-0.0047384001801284,-0.001771810995757623,-0.010353276871309852
2024-02-21,0.0081140416181992,0.0028786829622187,0.0087248341128306,0.0094245896883422,0.009322679577972103,0.029891119669522292
2024-02-22,0.0002559536162315,-0.0002104552665273,-0.00224178226391,-0.0019645012202211,0.0018885701861025078,-0.005295864784208487
2024-02-23,-0.0068211627912641,0.0024421128701725,-0.0055736363177301,-0.005531960113424,-0.00671086659026208,-0.02044672530950023
2024-02-26,-0.0021892952628372,-0.0047562988225201,-0.0019231279310536,-0.0015511081378943,0.004483216180917583,0.005387155529810839
2024-02-27,0.0035615344188349,0.0034673772121659,0.0018807460219229,0.0022538690741909,0.00603868955025134,-0.002377381661253314
2024-02-28,0.0034315996643698,-0.0011792476936758,0.0021668668571713,0.0018577250441846,-0.004815134647231958,0.009295939152546978
2024-02-29,-0.0001208336031805,0.0056591287407344,0.0041435616724513,0.0041208150970666,0.0010802774542767843,0.0007165016592653728
2024-03-01,-0.0055888640257059,0.0195599740139907,0.0172339720461499,0.0175923657641336,0.002734172341617373,0.011814381650230493
2024-03-04,-0.0141261976819689,0.0137338698410443,0.0154788836314279,0.014461256935684,0.00471592109164124,0.01915756571318472
2024-03-05,-0.0061984898299218,0.0027861398412071,0.0031418013965736,0.0030660934443792,-0.005999533019407795,0.004851857524651559
2024-03-06,-0.0080275678396354,0.0110877864611604,0.0099734030579413,0.0097521331219368,0.007642372343663664,0.006424545731381653
2024-03-07,-0.0048549366571703,0.0025065077716809,-0.0027728807826764,-0.0022576936986315,0.005854985998120862,-0.012780488535644258
2024-03-08,-0.0069266301417563,0.0030836011210634,0.0009602322284005,0.0012305596999943,-0.006092771383553748,-0.0023572204453662926
2024-03-11,-0.0026521355712861,0.0022997307534348,0.0004683418925889,0.0008082902295651,0.008984860774222366,-0.0039393330851739405
2024-03-12,0.0062302298167851,-0.0103408009841562,-0.0109295217426717,-0.0105196326817936,0.0008275124768344934,-0.013128652006881597
2024-03-13,-0.0023735558346466,0.0143786047703334,0.0136979697505916,0.0141807426364326,0.0078958632050857,0.007821455918254172
2024-03-14,0.0095443623748092,-0.0009683964566376,0.0041974781511325,0.003629773956565,0.0011168103196222581,0.01416095198150441
2024-03-15,-0.0025580354491095,0.0006271641099905,-0.0024196276122444,-0.0020725479279789,0.0058163362323274586,-0.010053504373948502
2024-03-18,0.0046055876262791,0.0027662616411431,0.0057653253670353,0.0057393641778581,0.004058580836103095,0.011010874542868726
2024-03-19,0.0042459387909124,-0.0013607436432975,0.0009811050731719,0.0007530599443059,-0.00459261295841788,0.005514624050774741
2024-03-20,-0.0071512216497871,-0.0019668300839458,-0.00577314078639,-0.0055933028238917,-0.003988591058423882,-0.01066101194544139
2024-03-21,-0.0066194263849269,0.0063499084327807,0.0026010935323258,0.0031743930543984,0.0030519312082542814,-0.0010620710902407293
2024-03-22,-0.0010940728776097,-0.0096769061012666,-0.0087726678598519,-0.0087183641174083,-0.0044897192354170345,-0.008988055532885925
2024-03-25,0.0043014178810287,0.0042487517864471,0.0047397499160729,0.0055537918208525,0.00668536493519302,-0.00039068646562620546
2024-03-26,-0.0087910264974806,-0.0040722867176847,-0.0060431438271674,-0.0055294834977743,-0.006856893235111116,-0.010285386050356754
2024-03-27,-0.00808277508133,0.0018606370727745,0.0002453777674847,0.0007713662402222,-0.003681715702458942,-0.0073572996163766
2024-03-28,0.0146863948324875,0.0119807499123788,0.0125520199045573,0.0124889769255763,0.011116880807758417,0.015160330711825099
2024-03-29,0.0,0.0,0.0,0.0,0.0,0.0
2024-04-01,0.0116654547858395,0.0110398450855141,0.0100493224059104,0.0094797715756245,0.004725910623468943,0.015335056779172185
2024-04-02,0.0178515115581557,0.0169825498304658,0.0184843123701077,0.0181140526324812,0.006732952932460099,0.01892666625884093
2024-04-03,0.009694651736308,0.016745053570893,0.0178685637034707,0.0169591321282055,0.01041396582791343,0.012928928243900767
2024-04-04,0.0002476559740081,-0.0065369966787968,0.0004450010394224,0.0012791519605679,0.006253613404578248,-0.004351086585684866
2024-04-05,0.0107279514163397,0.012664450037746,0.0111984102642635,0.0111051057052292,0.0037599600786823863,0.00921230456126737
2024-04-08,0.0045713093315741,0.0089463613235037,0.0050901468997579,0.0039638849323081,0.003856256159099632,0.00954065493092568
2024-04-09,0.0015489962991417,0.0051582107151604,0.0028854664875677,0.0020385941829215,0.0016572553525007001,0.003887348384322309
2024-04-10,0.0038718696216722,-0.0010048088882632,0.0011610770705056,0.0014203822096539,0.0018143396111677305,0.003903632893066916
2024-04-11,-0.0087287072034473,5.066703381215697e-05,-0.0009982762317226,-0.0009095582569363,-0.007299633498658094,-0.013765410630344171
2024-04-12,0.0024261687704308,0.001769392355912,0.0029834638651047,0.0031322677652836,0.006863783082024245,0.00373756797997038
2024-04-15,-0.0045265507084719,-0.0025728409816112,0.0004378977684607,0.0001234349657082,-7.37422558427502e-05,-0.007821173079722826
2024-04-16,-0.0036128581676834,0.0100535053886581,0.0034691033628333,0.0037305104540154,-0.005545353257881684,0.005529958052100936
2024-04-17,0.0106994143757384,0.0015054730014096,-0.0107403674999781,-0.0118749360689919,-0.002625882513272178,-0.012360000422089956
2024-04-18,0.0020882002854994,0.0084910880390927,0.0034758526937257,0.0033967077484254,0.00508541727636704,0.006895362112654041
2024-04-19,-0.0055965805527666,0.0038635445934125,0.0073845500454956,0.0069470040936096,0.011384130941910549,0.005589625908483609
2024-04-22,0.0210437139331165,-0.0134427755425472,-0.0255553522752668,-0.0238085422226749,-0.002083525509645827,-0.016157632114827625
2024-04-23,-0.0051914678447294,-0.0002950618041453,0.0048024903072641,0.0057568647646178,-0.0031349391082157755,0.007689706385606038
2024-04-24,-0.0293627437364216,-0.0108188984579097,-0.0095625789933702,-0.0106141171601534,-0.001100835297326823,-0.02363141452935119
2024-04-25,-0.0084399724239714,-0.0016086316292982,0.002372406606937,0.0029618156927455,0.0015230790359608715,0.0010142367883007042
2024-04-26,-0.0045323324789467,-0.0025147589602203,-0.0001925709709525,0.0002400711397871,-0.002365289745841256,-0.002650783089582054
2024-04-29,0.0009416955594741,0.0118596688473631,0.0054678965107425,0.0044650327750758,0.0016460733013959942,0.013031558283894601
2024-04-30,0.0229265866730054,-0.0217285428475917,-0.022589834315091,-0.0208840213932862,-0.01216143273591685,-0.021076593749478845
2024-05-01,0.0070996878181196,0.0051912405997318,-0.0071391512845401,-0.0102705801978905,-0.01695169160763792,-0.014026376841161231
2024-05-02,-0.0082116881952193,0.0050030296662705,0.0059314810988672,0.0063688989078226,-0.002787702583704136,0.014717187714023139
2024-05-03,0.0046297513586588,0.0001322375742331,0.0013395150429062,0.0011670440040838,0.009907150478846305,0.009682610609201392
2024-05-06,0.0055951297751733,0.0151166807308981,0.0165816486816499,0.0151584026584887,0.004148692718901904,0.01848347557581842
2024-05-07,0.0018465932572363,-0.002931216253981,-0.0019184582701381,-0.0018364264627011,0.009470070731064617,-0.0005663325985453826
2024-05-08,-0.0004660212258303,0.0018814786766047,0.0004651114841372,0.0007224764833416,-0.004546131134644314,-0.0006525250824276907
2024-05-09,-0.0031469710499899,0.0058941504956342,0.0161308829500553,0.015053613630671,0.004690760097506546,0.022908785667075826
2024-05-10,-0.0147897488499332,0.0078384933056365,0.0032535954106206,0.0014482222710957,0.0018829337691988492,-0.0035971797219603585
2024-05-13,0.0177719942666138,-0.0110641583352803,9.38476833979296e-05,0.0014147870319846,-0.0026951445692752498,0.012236632588321888
2024-05-14,-0.0057070231708287,0.0054107784978021,0.0017924813309275,0.0001114086570056,0.0005248283366234744,-0.0026586769628250406
2024-05-15,-0.0080873345884193,0.0100224381476637,0.0196132567621313,0.017976864209823,0.01000273425544342,0.021493336476233194
2024-05-16,0.003489248294454,-0.0066174148041237,0.0038553982355675,0.0047450646159026,0.0012447294765536732,0.010103310159691237
2024-05-17,-0.0164666222851476,0.0061387047919211,0.0244330420301853,0.023003153498437,0.014391776749448476,0.03012781999700609
2024-05-20,-0.0058884632113423,-0.0039674793324778,0.0171612159624368,0.0149908190725414,0.01148912216215755,0.022665038322618652
2024-05-21,0.0024941443785744,0.002737626436385,-0.0096316726332572,-0.0100981419685569,0.0009047741232723362,-0.013645208642296153
2024-05-22,0.0182294820241429,-0.0252984307498956,-0.007531521788898,-0.006037476168399,-0.00763461704300517,0.005131603842899846
2024-05-23,0.0189075855697793,0.000328022829837,-0.0258032618901442,-0.0241892653303928,-0.00495282134782191,-0.03180374788847576
2024-05-24,-0.0037778391835759,0.0124238163022378,-0.0027346329754351,-0.0024569258915394,0.0011115007243057357,-0.010475842946825326
2024-05-27,0.0048487913443262,0.0006559886224401,0.0024972023826839,0.0038252721031461,0.0005177744574463318,0.002977203130316408
2024-05-28,0.0062500657354306,0.0099334110287092,0.0236418834777974,0.0216137865347984,0.018659055927726712,0.026232893167683957
2024-05-29,-0.0010587623956309,0.0041558742830478,-0.0057648318320951,-0.0072152891968639,-0.006058940768196174,-0.01094094874802673
2024-05-30,-0.0132631534700774,0.0019146402286302,-0.0138219847287442,-0.014838308441476,-0.014784111214834448,-0.02029866626081636
2024-05-31,-0.0144652344057718,-0.012816029684565,-0.0130491802809737,-0.0104176370430824,-0.008860006799261144,-0.010154738878782238
2024-06-03,-0.023642637516171,-7.45721065540288e-05,0.0060483542464907,0.0019483052281642,-0.0013187359586481616,0.01323648236947908
2024-06-04,-0.0071442700718978,-0.0065994403514052,-0.0216830964650586,-0.0206029661227413,-0.012349268357236143,-0.0299119786475103
2024-06-05,0.0042289714508823,0.004492241549509,0.0175657091823616,0.0180263260420958,-2.8928993683442822e-05,0.02629296598324793
2024-06-06,0.0127954461717062,0.0085834397549463,0.0200523074719873,0.0188302890328589,0.015327025836604691,0.022794438533723926
2024-06-07,0.0024264809584284,-0.0321365037055641,-0.0258275258344708,-0.0197778922163795,-0.017180734102042846,-0.014445822234161992
2024-06-10,0.0186158540900425,-3.425395945717781e-05,0.009168859157283,0.0107959536385019,0.003039459353895505,0.009182634916190535
2024-06-11,-0.0006221519788953,-0.0118883992790516,0.0018328152916721,0.0055584192217991,0.0003103329920292922,0.014662447787601757
2024-06-12,0.0070466298688847,0.0126498641072249,0.0139793217324221,0.0109061670275875,0.010816732655762811,0.007270384569388555
2024-06-13,-0.0094388350041398,-0.0142145270282552,-0.0193631012881801,-0.0153711290382705,-0.0026973927564344453,-0.020407143217333945
2024-06-14,-0.0039284370456771,0.0120653643084656,0.0068849814592282,0.004254756743784,-0.0055648331344065015,-0.00014093276784091224
2024-06-17,0.0103036940498929,-0.0090382143474241,-0.0032071000840463,-0.0006075155448603,-0.003902856808302278,-0.006011120358453331
2024-06-18,0.0085099245438982,0.0033905431027394,0.0114215695342838,0.0128331166228778,0.006842825749371484,0.017422315348972872
2024-06-19,-0.0010875126513956,0.0007781634971947,-0.0006141369552728,-0.0009723365436608,0.0013959714237154403,-0.0007321835340058647
2024-06-20,0.0084078939053499,0.0102803524250567,0.0117522136696405,0.0073373858690165,-0.0013517187166544428,0.0004625380018061509
2024-06-21,-0.0177079821742277,-0.0138758784244563,-0.0195924140314214,-0.0160929622901214,-0.008999023887694165,-0.018465347206123195
2024-06-24,0.0077420741829281,0.0010033681112755,0.0070426444294675,0.0088899858792598,0.0016349244599675196,0.012691654594142787
2024-06-25,-0.015475535294034,-0.0029746577098308,-0.0125214713642625,-0.0119612690940127,-0.007983177114185646,-0.014760808650194163
2024-06-26,-0.0033416022996604,-0.0054890885110206,-0.0062594884401772,-0.0064836180032588,0.00090749891404963,-0.012243441697989799
2024-06-27,0.0090423476752652,0.0006171734340234,0.0052119872810548,0.0061078024196469,-0.0022813438003340633,0.00029299657922529643
2024-06-28,-0.0012416556911425,0.000432040100079,0.0007038325014991,-0.0008411776146553,0.002009255277843709,-0.004736919760611191
2024-07-01,0.0066631864845183,-0.0072247863520535,0.0002211990385194,0.0017447582510269,-0.0004620021141785386,-0.0065870658164028095
2024-07-02,-0.0036415368658211,-0.0015073915683992,-0.0029684368278859,-0.0037746865693324,0.0033080538190487264,-0.005524371450731563
2024-07-03,0.0176940023871526,0.0143005752798409,0.0195174356674793,0.016568874777515,0.007077273634115438,0.01550685620530548
2024-07-04,0.000508422378141,-8.361285575865712e-05,0.0001967107425008,0.0003159593325377,-0.0005738569775032191,0.00023452157598496948
2024-07-05,0.0017741577744353,0.0095585683557572,0.0067048119352906,0.0015673640878576,0.003557042903730644,-0.0029174037735339997
2024-07-08,-0.0149658771944444,-0.0124092091035524,-0.0128459257924406,-0.0106573483362341,-0.009054219516253336,-0.006984713172950047
2024-07-09,0.0039293140497719,0.0009928282533389,-0.0013690673096872,-0.0037539069296216,-0.0036112289309296886,-0.0038069799986654995
2024-07-10,-0.0014163143855125,0.0032619552300721,0.0023070224731772,0.0027141691981314,-0.0037318879231094068,0.0005598094242819374
2024-07-11,-0.0097683771436587,0.0145315295916864,0.0119671381997077,0.0089589435589792,0.004108593014744166,0.004253608910786272
2024-07-12,0.0007755862412428,-0.0019949316129182,-0.0030010403290291,-0.0015585320430338,-0.00032276618763002837,0.0014571695746727065
2024-07-15,0.000529510442759,-0.0031331961574867,-0.0072456444510825,-0.0082956122252692,-0.007575766617774622,-0.019743480943415687
2024-07-16,-0.0148633708763138,0.0141340022085498,0.0099951425837645,0.0060747253441986,-0.006201846336160335,0.00850732323779757
2024-07-17,0.0119685046689805,-0.0112813536522924,-0.013109478881358,-0.0084044032430696,-0.0021425957073074693,-0.022820015282781575
2024-07-18,-0.0019674829435402,0.0006946360773872,0.0021390531423846,0.0033295854288418,-0.004258877147022198,0.009679601832343121
2024-07-19,0.0091467648512542,-0.0235090151017876,-0.0241656507035556,-0.0239412927400498,-0.013946831701262555,-0.02029439346540532
2024-07-22,0.0029985605430226,0.0007777434492743,0.0039718032437391,0.0045418576656346,0.006353869620905928,0.013493074208333594
2024-07-23,-0.0097945754906131,0.005405757444388,-0.0035948199170276,-0.0065777599034128,-0.007472914761947167,-0.009840886695956313
2024-07-24,-0.0001669491389401,0.0004704384880176,0.0003786050796356,0.0008592848868061,-0.002980029572321661,-0.005167437352494336
2024-07-25,0.0129604399382704,-0.0246076484315482,-0.0246668710535833,-0.0183359702565674,-0.004481493026289689,-0.024658971263500862
2024-07-26,-0.0146070498165434,0.0104622075798176,0.0009620190725695,-0.0023673510411016,-0.005380843619745272,-0.004642536999085706
2024-07-29,-0.0174920494729182,0.0007219463080462,-0.0097717322092439,-0.0124047203118065,-0.008012749807545868,-0.01817125352716506
2024-07-30,-0.0117733147164325,0.0151897727105889,0.0118758995084617,0.0078072604971099,0.0015641830881598844,0.01609649507436367
2024-07-31,0.0110313998391582,-0.0101409387769463,0.0094005858632927,0.0104388671585653,0.011495841546143384,0.0018234350020427392
2024-08-01,-0.0137871012762603,0.0042684312023782,-0.0091525703507439,-0.0105721596281076,-0.012956185494133682,-0.015588928877582092
2024-08-02,-0.0141823999226405,0.0135726493300611,-0.0099246156027484,-0.0136508653268211,-0.00800313174475658,-0.010511127675416926
2024-08-05,-0.0157068638751646,-0.0007707074311888,-0.0179841697573295,-0.0148835957956832,-0.010896670724352471,-0.01793511376145379
2024-08-06,0.0014474765702801,-0.0024291362438595,0.001388632728867,0.002643410013077,0.005005283533802517,0.008189426516169745
2024-08-07,0.005079418038871,-0.0114354943525128,0.0070468890504,0.0117555172160468,0.00619257722584404,0.0162159373100271
2024-08-08,0.0146982022264975,0.0026535226615911,0.0149233039447265,0.0135484723071694,0.0013895413608586028,0.013855429354842963
2024-08-09,0.0043396196384691,-0.0010203877715581,0.0036266119968601,0.0043635024484025,0.008664348726855002,0.004309077596935662
2024-08-12,0.0179581596368833,-0.0095602302337352,0.0182827874094499,0.0203497160974964,0.009355215853475082,0.02056635909633675
2024-08-13,-0.0044843821207898,0.0113338740265894,-0.0071977493628753,-0.0088729802562019,-0.010979066421690737,-0.011258752057158566
2024-08-14,-0.011079958337417,-0.0036951792814083,-0.0085973401921893,-0.007087244041509,-0.00028650202400007493,-0.0013226799713026705
2024-08-15,0.0131112876677967,0.0007012166079889,0.0150289588062174,0.0127914232076011,0.009096316857678002,0.012600496460338312
2024-08-16,-0.020726166805555,0.0188311652226089,0.0054940559742997,0.0015026444364522,-0.003496750004390691,-0.004284856901113299
2024-08-19,-0.0013846046831489,0.0067134753812742,0.004092345448103,0.0023091419468014,0.007692312573156516,0.011190258568501754
2024-08-20,-0.0068486873388895,0.0060623691732274,0.0008464828576474,-0.0007883666095788,0.001864626700983206,-0.0028541065412213684
2024-08-21,-0.0064101639266968,0.0028802033993793,-0.004377390855714,-0.0057940737687365,-0.0007768821134106871,-0.0063242571809523085
2024-08-22,0.0091582802525752,-0.0055245741909022,-0.0114659548033328,-0.0103868710835415,-0.005451469408429613,-0.01754784582399843
2024-08-23,0.0023227393504856,0.0102344662064683,0.0157282451059989,0.0147647698925367,0.013752266120312545,0.011732452622954276
2024-08-26,0.0227861440599452,0.0069242884810675,0.0066650599562161,0.0073782681391941,0.005789143830938962,0.001849883755686843
2024-08-27,-0.008548151887514,-0.0024256025105948,-0.0078273626891161,-0.0102511979405582,0.0015873598577735848,-0.012856743274005156
2024-08-28,-0.0070061484009596,-0.011289788008025,-0.01054974404782,-0.0088480192215785,-0.011222920518458359,-0.007376556994208444
2024-08-29,0.0012153703894281,0.0093283933484129,0.012171960439014,0.0127729857057972,0.004936762641305656,0.01401671409875821
2024-08-30,0.0048070661650949,-0.0153698280945803,-0.0163117609538829,-0.0150761099817591,-0.006239505067380266,-0.014869596334784935
2024-09-02,0.003005167714691,0.0008383166601463,0.0016012705078552,0.0020121357238037,-0.0013899086970474513,0.0019090593543908407
2024-09-03,-0.0354640491124057,-0.013455531727498,-0.0149791787532812,-0.0148446500473649,-0.010722361706863866,-0.010520984382053594
2024-09-04,-0.0041809809912707,0.0023995635323233,-0.0027194598030586,-0.0048480082999768,-0.007603333998826425,-0.00782174026833854
2024-09-05,-0.0065670642020733,0.0086269185349909,0.012567755914845,0.0132532304972083,0.002971328941614376,0.01924297507057743
2024-09-06,-0.0067561075442179,-0.0122634433875996,-0.0153951668769663,-0.0140026729307867,-0.015287976235229605,-0.013055181043262892
2024-09-09,0.0105135175849305,0.0057841461308475,0.0041537862937615,0.0018599237946747,0.008635227198091294,-0.00369002908466573
2024-09-10,-0.0158102615363958,0.0045695768301364,-0.0036882936605894,-0.0039531622954764,-0.008958513515038508,-0.0012936106966743022
2024-09-11,0.0159194875249896,-0.0002205126698713,0.0085095924680637,0.0090411927297576,0.01480844083676875,0.012005496441856611
2024-09-12,0.0224278194178029,0.0172100034828526,0.0248481697178567,0.0242184364431128,0.014059795471642822,0.028467995443017813
2024-09-13,0.0027811741139652,0.0158842362805833,0.0105656450872546,0.0077396011894805,0.007047291917557645,0.004249826546580737
2024-09-16,0.0116037836638763,8.597770913519739e-05,0.0062538710810781,0.007510575653468,0.007991203911493563,0.01171859399900474
2024-09-17,0.0039640364789288,-0.006441441871954,-0.0031715767180825,-0.0033544145887736,0.002869859466372734,-0.004717054944826465
2024-09-18,-0.0050330765872509,-0.0009067314169555,-0.0029610268783964,-0.0030802343914336,0.00294734401083209,-0.006060924880758656
2024-09-19,0.0203387253070268,0.0100653472487829,0.0151658103267736,0.0151063419651552,0.009394145381564386,0.018875810555307126
2024-09-20,0.0037803162868017,0.0113484938631831,0.0081440243085632,0.0092617200935218,-0.0015814472554242002,0.011496533896163452
2024-09-23,-0.0005370295558716,0.0021583835739884,0.0024924040955458,0.005759532869012,0.007420988403966631,0.013810042740723005
2024-09-24,0.0186242150716148,0.015235867567929,0.0169834344506467,0.0140847872170892,0.014288610681766296,0.011554768845895597
2024-09-25,-0.0128191207112884,-0.0025918433092619,-0.0038957564410153,-0.0024603162156345,0.00036834435114387114,0.00021162532183910399
2024-09-26,-0.0128929291685658,0.0044138591831008,-0.0026867843916955,-0.0043752479390069,0.0027637133045301217,-0.007703053714362196
2024-09-27,0.000337052751847,-0.010058289585688,-0.002721323180379,-6.648043797123204e-05,0.0010909673545706658,0.008291147505918445
2024-09-30,-0.0048132166197972,-0.0051656012989215,-0.0043637953384558,-0.0035809602051216,-0.004294636559024604,-0.0025725122427527336
2024-10-01,0.017580125522792,0.0111997808173691,0.0121502568402471,0.0119071465906045,0.005655163803357969,0.009444674718590645
2024-10-02,0.0039483721003349,-0.0034662754054353,-0.001271593226223,-0.0017459290961972,0.007111742266739202,-0.00027835649261792605
2024-10-03,0.0256117476588243,0.0088358413329262,0.0191394110495915,0.0197893763586636,0.003385814554719854,0.02496096601514558
2024-10-04,0.0114000841653682,-0.0013248897609846,-0.0047365954318875,-0.0059275903235704,0.0009164336312612646,-0.009987478253721566
2024-10-07,0.0234297706110587,0.0016376366059883,0.0009451721666648,0.000418428829111,4.837635996248467e-05,-0.003419959444716514
2024-10-08,-0.0086829864797518,-0.0230876150029526,-0.0266636641573862,-0.0244977715322382,-0.01733426541517593,-0.026604036780109835
2024-10-09,0.0028509485217516,-0.0030385051870341,-0.004963665858626,-0.006080299731675,-0.005837474217030171,-0.008937332627752204
2024-10-10,0.0112344661988969,0.0098901190469284,0.0153171712132841,0.0141994772861159,0.01446614004930139,0.016568703768522153
2024-10-11,-0.0068507230306775,0.0120060890570831,0.0081172927704561,0.0070478563950594,0.004950330733685497,0.0024792278963238767
2024-10-14,-0.0049094432293924,-0.009769161340476,-0.0141891689260721,-0.0150988216186693,-0.01340194371905573,-0.02254581879979839
2024-10-15,-0.0246219614155194,0.0030688126759385,-0.0026944998110231,-0.0023964726904525,-0.009110169352579656,-0.0052259545074063996
2024-10-16,-0.013434664557247,-0.0016754940714382,-0.0009004160926728,-0.003176973610462,-0.0016161740303383034,-0.010384054389067837
2024-10-17,-0.0038655716081746,0.0018939787554417,0.0009243784714346,0.0011714285266344,-0.0011378790719210258,-0.0013593843607320466
2024-10-18,-0.0169528014527433,0.0100549024892225,0.0084393891862629,0.0056065819557551,-0.002573721502101807,-0.0005234653970520864
2024-10-21,0.0084586910512406,0.0092534786394764,0.0136891972572624,0.0124508296014264,0.002278722673245456,0.017272035719247125
2024-10-22,0.006255919657661,0.0092123406294404,0.0156703613431327,0.0134616313151885,0.008128034028180317,0.014754791383070981
2024-10-23,-0.0123875412191062,-0.0073658989850487,-0.0156017527675475,-0.0129850260501495,-0.001956074360955795,-0.0114950166112478
2024-10-24,0.0068699631336215,0.0207480295368182,0.0079469411559407,0.0117534372469598,-0.0004186310240809742,0.01868919679342565
2024-10-25,0.0039743281494786,0.0031530369361878,0.006862652622358,0.006910631900397,0.002750508281694918,0.009880829036074457
2024-10-28,-0.0322368866249297,-0.0127229088598526,-0.0195149173607135,-0.0215893384019107,-0.014225935544957885,-0.03799642359198835
2024-10-29,-0.0045400803086795,0.0104402746536653,0.0079451673301068,0.0083852267187638,0.004461067030647443,0.008441035200505403
2024-10-30,-0.0063438331197223,0.000135634077937,0.0041531608087996,0.0044373971180249,0.002358159712967682,0.0030198641454569075
2024-10-31,0.0025573566659781,-0.0262396448778016,-0.0204310806554955,-0.0211245865443976,-0.005613654915317995,-0.023996099208023675
2024-11-01,-0.0049923289652392,-0.0044252543644038,-0.0015443345953158,-0.0019466478802104,0.0008331539737091756,-0.003987458083465151
2024-11-04,-0.0062044091055737,0.0065647493399786,0.0085161725400972,0.0089829779591428,0.006453149684150189,0.016965867508279525
2024-11-05,-0.0024630514967251,-0.0063192845944053,-0.0003789445670868,-0.0019155377965386,0.0033745794693733765,-0.006894344228466437
2024-11-06,-0.0147279410709899,-0.0218653395462366,-0.0223981930228982,-0.0204224876658879,-0.01013047090343805,-0.012426057565260301
2024-11-07,0.003688498292757,0.0088034009620787,0.0094592110770062,0.008195763213225,0.01617370896030327,0.00437227532190318
2024-11-08,-0.0103419090207415,-0.0073223849089363,-0.0107623292405304,-0.0099154603137276,-0.014672808681863627,-0.012202949399922058
2024-11-11,0.0186121512682847,-0.016026284325932,-0.0170510246555117,-0.0135637900782119,-0.006327712315901472,0.002764681062997182
2024-11-12,-0.0011577536041253,-0.0021549656067344,-0.0008942055547858,-0.0014703643309743,-0.001986166329614381,-0.0007937165275966052
2024-11-13,0.0070231868402885,-0.0056175453282475,-0.0007379916613174,-0.000166688530921,0.0008509032493852559,0.005112736559774872
2024-11-14,-0.0135619875777382,-0.0057863409007941,-0.0081355161385017,-0.0103189628684847,-0.003904654242088499,-0.017607584825228118
2024-11-15,0.0013823184684861,-0.0014358585806317,-0.0048573793543991,-0.0038802214035494,-0.0006945312729535927,-0.003236563438986151
2024-11-18,0.0312859301123315,0.0191487348788685,0.0257499298880573,0.0260391636570617,0.015462200851470488,0.03198138989581428
2024-11-19,0.0050677075304726,0.0047238420728827,0.0038315548197405,0.0042484675253589,0.0033565359992755645,0.004014198130371183
2024-11-20,0.01174426764385,0.0025707877096081,0.0056972568302875,0.0084424041514947,0.005044497330786321,0.014538014530281557
2024-11-21,0.0052816349632437,0.0038186302856293,0.0115746608709946,0.0129315278385806,0.0032039357069615455,0.01808415378527764
2024-11-22,-0.0108790165913801,0.0135877350050258,0.0065298161144358,0.0045839492734501,0.004015472429722898,-0.005998167316467851
2024-11-25,0.0256503751947682,-0.0334721461468334,-0.0235791067600408,-0.0210494138076567,-0.0038357238261631367,-0.0052881302543524855
2024-11-26,-0.0008801564949314,0.0022112845034029,0.0031291926497511,0.0034627112902644,0.0023479736322397516,0.005656117097546376
2024-11-27,-0.0101849627323802,0.0027165411365562,-0.0059308776204755,-0.0075742765627724,-0.002128538704724379,-0.019406882290684907
2024-11-28,0.0003772837677572,-0.0006063905830807,0.0012995960902665,0.0013216068799273,-0.00032865405581664184,0.001549398468829788
2024-11-29,-0.0024946081014927,0.0093131359634329,0.0108002567351511,0.0114370350832242,0.002907397673019435,0.017250157845212916
2024-12-02,0.0015262857715226,-0.0063037953848905,-0.0097109614750706,-0.010519050162962,-0.006790784948898374,-0.015265809539227626
2024-12-03,-0.0075212749994575,0.0039875659689235,0.0074234964265557,0.0057351697663494,0.005378304622011257,-0.0010309736601607222
2024-12-04,-0.0065439535193682,0.0072626494788189,0.0011259976694759,0.0005801592864167,-0.0005544476701085932,-0.0003446788333840711
2024-12-05,0.0106500081033898,-0.0091459539134154,-0.0072190200232068,-0.0066315031943362,0.0028597764341862426,-0.003262137351777439
2024-12-06,-0.0034131131131501,0.0040898220109597,-0.00064724528864,-0.0007966455924671,5.793859377716646e-06,-0.0021881173349562744
2024-12-09,-0.0152999237032956,0.0151901608322369,0.0188568767723955,0.0188383768034769,0.009547908763078447,0.022745066298613115
2024-12-10,-0.0090262018754591,0.0084699108463955,0.0060555217360772,0.0058282955365023,0.0021004813511985624,0.0027495583896581244
2024-12-11,-0.0133425136846004,0.0096782795340992,0.017840640918374,0.0192118459443774,0.006448428608894525,0.026806113879367988
2024-12-12,0.0234838447966139,-0.0230485318670445,-0.0165348579061147,-0.0150525266826049,-0.0037989265109934305,-0.00917021555831471
2024-12-13,0.0125659306316167,-0.0140964479134543,-0.0117598617163673,-0.0121141857858854,-0.0022916819292972956,-0.01677153036901813
2024-12-16,-0.0004212009685504,-0.0003109165142907,-0.0041020544876068,-0.0046364681429086,-0.0022182709602699122,-0.00725133839106587
2024-12-17,0.004534202975176,-0.0008953716236881,-0.0018990962202025,-0.001163048998724,-0.007186137496358185,0.0030870968233508156
2024-12-18,0.0053385382396671,-0.0031131146473754,-0.0006539581368195,-3.8701086174096e-05,0.001391941605475612,0.0033551201382700235
2024-12-19,0.0294809728016084,-0.0172902016776553,-0.0147661553457721,-0.0123841990186604,-0.009166364283241073,-0.001242275060035325
2024-12-20,0.0001319104931731,0.0104625129160349,0.0153341663138006,0.0156930437869424,0.008831251420330583,0.0198292310913859
2024-12-23,0.0016873244397483,-0.0001243074700973,-0.0038472003935219,-0.004579975276506,-0.0012647907359928138,-0.0068355507671316595
2024-12-24,0.0046723901865237,-0.0041408656872836,0.0117699046691291,0.0136867660087583,0.008328460898503452,0.024491191107117727
2024-12-25,0.0,0.0,0.0,0.0,0.0,0.0
2024-12-26,-0.0047324347365022,0.0078858460661377,-0.0021211743441524,-0.0035018695108054,-0.004915751512466926,-0.013127399039624843
2024-12-27,-0.0004898167613758,-0.0103880526907064,-0.0094235488149959,-0.0094008220341739,-0.006761369591725125,-0.015903017443025247
2024-12-30,-0.004954100344414,-0.0036367430287074,0.0078750385664442,0.0111741827314294,0.009622446314163173,0.035603138492141306
2024-12-31,-0.0065030990493389,0.0061184194244346,-0.0026104692525747,-0.0027694745476576,-0.001453284789435487,-0.016278020953939765
2025-01-01,0.0,0.0,0.0,0.0,0.0,0.0
2025-01-02,-0.012148032981669,0.0029294549590116,0.014840556627132,0.0148878963032001,0.003691307106015613,0.01443191818267453
2025-01-03,0.0017034193778998,0.0028542655823509,-0.0067180206346716,-0.0064352734015638,-0.006699362943855386,-0.018958113506905322
2025-01-06,0.0050207632615274,-0.004720230641379,0.0111107386926197,0.0105651263372482,0.00832268151654184,0.026649769072443985
2025-01-07,-0.0042617370807838,0.0075890451939783,0.0005927295756535,0.0010050752982295,0.0012798588334249337,-0.010126477591620386
2025-01-08,0.0109810219698427,-0.0004245185752934,0.0039303314447782,0.0027818921630023,-0.0051115501696700014,0.012435063479064756
2025-01-09,-0.0042093121313875,0.0008475121538868,0.009113304615666,0.0091923727254847,0.008804200032796564,0.010272747800809556
2025-01-10,-0.0175500453358226,-0.0077108876839944,0.0210734071192436,0.0225756957024115,0.015375202913605945,0.0332734759651232
2025-01-13,-0.0161464951035272,-0.013557493698341,-0.012214849195553,-0.0102918480508549,0.004527121628386604,-0.010849764750243518
2025-01-14,0.0075813720000615,0.0018746331910516,-0.0010924500067581,-0.0019969242113048,-0.003196669559189267,-0.0005200826572655248
2025-01-15,0.001020972273278,0.0074499691910469,0.0241035220249369,0.0244933964368136,0.00966911254796995,0.026856213591366473
2025-01-16,0.0128059701774349,0.0034417694213748,0.0088930774557742,0.0075962254666861,-0.0004463425298533405,0.013106629407626608
2025-01-17,-0.0093217767122241,0.0056486539856281,-0.0129219891807631,-0.0127157975467904,0.0006946978558185056,-0.02458361334782047
2025-01-20,0.0030721442648094,0.0008629964137973,-0.001654054881486,-0.0021345519912629,0.0009016673500508311,-0.001971989697359927
2025-01-21,-0.0054220830713251,0.0112916512594616,-0.0018666703325076,-0.0030225042420338,-0.0033558428921956363,-0.01099355109388725
2025-01-22,0.0115859271213318,-0.0033276922657953,0.0052707643338075,0.0043787468253586,0.0009945705094945663,0.013113066840366783
2025-01-23,-0.0016704116169703,-0.0044549001104383,-0.0079200449279067,-0.0081283850846795,-0.0008015235362398034,-0.008327119604287336
2025-01-24,0.0066271305114745,0.0037213061467309,0.0076201537219444,0.0071320484745787,0.0032137222034567983,0.009947977946995423
2025-01-27,-0.0212927727398089,-0.0044564680456175,-0.0238503693436259,-0.0233494437003675,-0.01210039134019506,-0.034810509127685685
2025-01-28,-0.0256478621305481,0.0128199433702929,0.0042893266618956,0.0044004207012375,9.251075606662934e-05,-0.007479691627945179
2025-01-29,0.0132499911340491,0.0050133748065249,0.0033007826225012,0.0016301122147788,0.008783982306480118,0.005657120373357
2025-01-30,0.0045968535692803,0.0204349057029776,0.0147017057166941,0.0138132430078326,0.0015289257623137288,0.004712224848895358
2025-01-31,-0.002490649749959,-0.0034563845506121,-0.0038544063587303,-0.0036123561041906,-0.005470432168336145,-0.0033725445014216038
2025-02-03,0.0271722645514198,0.0024670159855802,0.0153340739978021,0.0138257475435667,0.008119697859323703,0.030307677690446067
2025-02-04,0.0004335059015736,0.0079690335971185,0.0049181305854129,0.0049012819875806,0.005759304978788013,-0.0011808680952037909
2025-02-05,0.0065703758866702,0.0056451994398104,0.0008311014087406,-0.0018365888587873,0.000563074531164288,0.004234016925933171
2025-02-06,0.0004226279068401,-0.0046363843002847,-0.0049235886025105,-0.004954520404721,0.0008204186624052409,-0.0016378206247248395
2025-02-07,-0.0014601142093117,0.000675454991326,-0.0012955285758226,-0.0004097081913984,0.0004973039764564106,-0.006411401432111857
2025-02-10,-0.0037269550160568,0.0027736004114255,0.0144942159025761,0.0146261020824548,0.008949221930026143,0.01860120064750137
2025-02-11,0.0052501137488409,-0.0062458369036626,0.0034404753316773,0.0047457743453731,0.0023124160586391255,0.007790562110238569
2025-02-12,0.0008234808415038,0.0088017420284811,-0.0006499481044959,-0.0035505433590438,-1.8514902640028815e-05,0.0005816581800363874
2025-02-13,-0.002342639661916,0.0017690792389586,0.0031572378369952,0.0025391099968625,0.004612261103327338,0.004834062430094543
2025-02-14,0.0042575185648503,-0.0063682926462212,-0.0040765894617876,-0.0043105568031356,-0.0018128336345626045,0.0029310413555327652
2025-02-17,-0.0012762127492421,-0.0016476819181978,0.001330817342319,0.0019284008390944,0.0007327449273106752,0.0015866209262435649
2025-02-18,-0.0148110535966634,0.0057207954093495,0.0199115539972104,0.0181505984568199,0.006769685463481923,0.02915069590134023
2025-02-19,0.0019599962853488,-0.0092782332785554,0.002089177971573,0.001566802426072,-0.0005200909786109866,0.01413522231298403
2025-02-20,-0.0082481463612603,0.0077933901323467,0.0052159794116707,0.0055061790740143,0.0014454173046821487,-0.0008117021145102599
2025-02-21,0.0146708180937421,-0.0014170627030247,-0.0079437405014526,-0.0100917300463459,-0.01170048060763068,-0.005498402434429311
2025-02-24,0.0033677708001071,0.0029109624367563,-0.0057338204729798,-0.004028228834312,-0.012368747536820558,-0.01518999895502085
2025-02-25,0.0209084393296883,-0.0137307795653487,-0.0139372770275183,-0.0152751299464491,-0.005180259272585311,-0.004468115379592991
2025-02-26,0.0016483650408928,0.0116525712443008,-0.0016451773345613,-0.0018296633023265,-0.001079388777544857,-0.013242351623263315
2025-02-27,0.0071000067676946,-0.0125228649139155,-0.0051760250410894,-0.0023632780523991,-0.003636825091739368,-0.0029547723611484666
2025-02-28,0.0176505455322492,-0.0104024967391201,-0.0168821903636071,-0.0162343606216008,-0.01421889403827635,-0.018106140235580354
2025-03-03,-0.0194961937149035,0.0134413697070557,0.018110519942529,0.0138831525449745,0.0006702477323141037,0.0257644137079997
2025-03-04,-0.0030313481047206,0.0009328399574335,0.0067289163428826,0.0047594303631906,0.0007814210642384402,0.01406160030269371
2025-03-05,-0.011026952117962,0.0086172638641767,0.0037996544984026,0.0004600701285946,0.007100680658314682,0.005894487318768571
2025-03-06,-0.0025189574000167,0.0041414902390385,-0.000754314691914,-0.000248108093056,0.0036456128457836227,-0.006169833132201041
2025-03-07,0.0046882986010515,-0.0096482517485368,-0.0013186648889845,-0.0001784570102939,0.001250797226092651,0.0038866878572192953
2025-03-10,0.009820262541273,-0.0026111734998291,-0.0058381496515064,-0.0069619959920607,0.0004180576037861473,-0.002050690675914457
2025-03-11,-0.0036461312753401,0.006718797821241,0.0083293742771386,0.0080124478507127,0.003618614742139778,0.00549824431594384
2025-03-12,-0.0254957984788607,0.0106007643386301,0.0054718999968699,0.0076070371166204,0.0031847498021675556,-0.009011341118733363
2025-03-13,0.0029859122938928,0.0136616914451261,0.0084557845846989,0.0064343319443238,0.00033870069550786966,0.0058423489528981465
2025-03-14,-0.0058599496130212,0.0005835911984713,0.0043294697372329,0.0048275426598868,-0.0015489134103481295,0.0037843418161480347
2025-03-17,-0.0028959924001893,0.0011645374086607,-0.0005868717795371,0.0002884619703295,0.0072955542103133935,-0.003948088946060052
2025-03-18,-0.0008709837687258,0.009897799780915,0.0082095794756672,0.0071232750892867,-0.00035517066305826414,0.0069056060815582965
2025-03-19,0.0056894138658753,-0.0092436363765351,0.0003521326835322,4.9311139166061287e-05,0.0034956562426100616,0.00843509703002046
2025-03-20,0.0124939652958373,0.0042384525680972,-0.0033012105658839,-0.0009079224492236,-0.0016369268345889463,-0.013053464974104062
2025-03-21,0.0097400290830001,-0.0085709418496416,-0.0065968547395462,-0.0060178363478846,-0.006786136053870578,-0.004691625265664884
2025-03-24,0.003749921550717,-0.0013013695405696,6.536125068540071e-05,0.0011029806656617,-1.3705979785898879e-08,-0.001855025006903377
2025-03-25,0.0089637266902482,0.0081066486838023,0.0056443120125219,0.0052784312680367,0.0041235335768789625,0.0016884909415524618
2025-03-26,0.0017296131622161,-0.0009828964725381,0.0026610636634729,0.003161085519432,-0.00034740909400951417,0.004082159328175766
2025-03-27,0.0091272324018222,0.0130669599590353,0.0148980429240617,0.0139286073530914,-0.0008849704198828912,0.016090742091302734
2025-03-28,-0.0039228924681007,0.0021576428654399,0.0033495942046776,0.0027614068493141,-0.0009406245711469495,0.007522629114107726
2025-03-31,0.0032896964406242,0.0027535938833988,0.0079080436412988,0.0086329601692351,0.002325499829416819,0.008545489316058807
2025-04-01,-0.001402216170933,0.0004930242964207,-0.0072910446013722,-0.0069948173341445,0.0033193556217157895,-0.013700229537509462
2025-04-02,0.0067034577147629,0.0037371485060483,0.0090571338047937,0.0088449375011253,0.00544978620972702,0.012246465971644582
2025-04-03,-0.0472443780437829,-0.0174757855148889,-0.0380844990699425,-0.0390473442211271,-0.025982179980536,-0.03382177756339974
2025-04-04,-0.0326871927201896,-0.0165886491261892,-0.054658553510538,-0.0533668769531192,-0.04523818728990305,-0.0627373546422175
2025-04-07,-0.0150822077739353,0.0003331709131291,-0.0141883894885289,-0.0167130183813631,-0.015023440413254097,-0.01899321907841925
2025-04-08,-0.0036870124974084,0.0125578076698869,-0.0059461059823713,-0.0077426957808944,-0.008848485248647066,-0.016298274433316384
2025-04-09,0.0026838530673134,-0.0001681855483847,0.0373841728345857,0.0391274301054825,0.018377285914158683,0.04945513661105799
2025-04-10,0.0098536899053289,0.0316837423636057,0.0041031765793502,0.0011468498840162,0.0029769617131524696,-0.014342840250161165
2025-04-11,-0.0033736310659035,0.0045122932680858,0.0230553368442981,0.0220396544068683,0.017053493858085175,0.018118858933436954
2025-04-14,-0.0012988506137098,0.011093828807094,-0.0049978276008995,-0.0061625504190672,-0.0014329908980508764,-0.013204240790934685
2025-04-15,-0.0029149239498702,0.0027162988475691,0.0023700712035397,0.0019778486142896,-0.0003631222521021539,0.0015610573101700609
2025-04-16,0.0003907367787153,0.0112218252023285,0.0216037255137353,0.0203997719188355,0.009672235921811125,0.011879490018753436
2025-04-17,0.0151858000427604,-0.0167742016525278,0.0002803341887918,0.0026378274458938,0.006488892186360284,0.002701126729418052
2025-04-18,0.0,0.0,0.0,0.0,0.0,0.0
2025-04-21,-0.0249724020870746,0.0342611691150002,0.0017676545717372,-0.0020006504460891,-0.006303860498781047,-0.016184796307396554
2025-04-22,0.0061935616269334,-0.0003592993782921,0.0057052898874096,0.0061471217971891,0.011018948519193692,0.006089509107932212
2025-04-23,0.0150703601269856,0.0047134706463605,-0.0146546975075979,-0.0144953036857853,0.0005875128833446729,-0.007869887104049927
2025-04-24,-0.0051978036864912,0.0119377112086955,0.0056324040400283,0.0040783463102786,0.006439883157639698,-0.0021672711502234987
2025-04-25,-0.0031212405546256,-0.0105070099652535,-0.0092215882668269,-0.007744909967989,-0.00019052312164078724,-0.005620959183362917
2025-04-28,0.0025566827730269,-0.0191317003870183,0.01037176794499,0.0111193763378036,0.0007072045812867891,0.019735200873891356
2025-04-29,-0.0116071515971252,-0.0072484108237489,-0.0038350731849287,-0.0044727214088013,-0.008074805481896005,-0.0020452389024759876
2025-04-30,0.0060606831505722,-0.0083797739893124,-0.0129546682194741,-0.013725316994969,-0.01534164697161714,-0.015380149095182899
2025-05-01,0.0073060343901676,-0.0214659263550027,-0.008003453837164,-0.0034912053991705,-0.00016520446269761786,0.005808272483088878
2025-05-02,-0.0038673650312056,-0.0119609206886494,0.0021733286239355,0.002631957782658,0.006250827502130448,0.0074237602274017656
2025-05-05,-0.0086207272219357,0.0117782653442879,0.0069031877199239,0.0033860383819552,-0.004749823110022536,-0.002042958070482964
2025-05-06,-0.0213396504411247,0.0281908067412629,0.0251640019936962,0.0232945941640463,0.01116443771788976,0.01642368664383384
2025-05-07,0.0022360274130569,-0.0266752131855156,-0.0080744074433292,-0.0062664467070886,-0.006389429896847702,0.0005172150072255133
2025-05-08,0.016524616053713,-0.0007731403859955,-0.0072933623482848,-0.0039171001566451,0.003408504515456678,-0.002519833565365448
2025-05-09,-0.0073444998527727,-0.0021758759516326,0.0159797222868899,0.0180876745508772,0.01108283583082555,0.02349532516479058
2025-05-12,0.0245559042699981,-0.003092313235039,-0.017592032915389,-0.0153103832101215,-0.001748287266417215,-0.01660488601735538
2025-05-13,-0.0004564872699657,0.0119508469132394,0.0119336537010749,0.0127660547311468,0.013905774208251757,0.01169576970205699
2025-05-14,0.0138788623490522,-0.0077960933958789,-0.0187037014839092,-0.0192213130357601,-0.004400849492817132,-0.02215736503083718
2025-05-15,-0.0114895306760003,0.0066367366563399,-0.0010551224699259,-0.0051895898387487,-0.003311844337163694,-0.010429084681583822
2025-05-16,0.0119318621060777,-0.0046325515037372,-0.0058709615815467,-0.0043831855493041,-0.0033655764703489246,-0.004226981246011119
2025-05-19,-0.0026419956878692,0.0158270494554107,0.0022540825201258,-0.0021559780239041,0.00024081441529571793,-0.011190342526563812
2025-05-20,-0.0138381488593658,-0.00067924554595,0.0206669708763789,0.0236149667876092,0.010402751881188207,0.033599784514547926
2025-05-21,-0.0047077470920949,0.0093058498898972,0.0045563059248046,0.0025848266169676,0.0024052284980704843,-0.0003624938521130383
2025-05-22,-0.0114830344792647,-0.0003997755608928,-0.0102613816316212,-0.0115804254539797,-0.008237908501777708,-0.014867171604218937
2025-05-23,0.0119590366049641,0.0074442155174853,0.0157891763723442,0.0150335088415604,0.002400207792547218,0.015827691635338537
2025-05-26,-0.000316108983626,-6.160974544091392e-05,-0.0001198706087114,-0.0001524976193519,-2.48541887592756e-05,-0.0001429115853658347
2025-05-27,-0.0121781879621638,-0.0148295598290456,-0.0113085275797525,-0.0090795235989376,-0.005630181647356591,-0.004766041215726019
2025-05-28,0.0003257975785131,0.0070718482061099,-0.0043540919741712,-0.0061109538712267,-0.007273369990330835,-0.012680899193833306
2025-05-29,-0.0069491295611406,0.004729397862244,0.0015962906846064,-0.0001760484151027,-0.004627976524644171,-0.0018257584009548355
2025-05-30,-0.0011376757520888,-0.0048828733887373,-0.0087160477282139,-0.0088179255095007,-0.0030652419632558508,-0.010403594568620944
2025-06-02,0.0030683098188801,0.0231362611091771,0.0365850294968801,0.0390819406677311,0.015180704568572779,0.044126557302597624
2025-06-03,0.0089462797053933,-0.0039908883481598,0.0008526473765331,0.0027404843400623,0.003638992146456176,0.003838129777450655
2025-06-04,-0.0089645146387296,0.0036606970608869,0.0003711532945764,-0.0010802188394191,0.0013074893589424554,-0.001637519335471821
2025-06-05,-0.0040325175402169,0.0095742856986413,0.0062427956634555,0.0068564857247688,0.007772518007346636,0.005800980588666238
2025-06-06,-0.0031473676015555,-0.0052196274002656,0.0049205396111697,0.008204346920198,0.006309481396394592,0.011847604368192322
2025-06-09,-0.00449883079159,0.0142508105461152,0.0041679843258491,0.0024332646108098,0.0033748708002992816,-0.002576389765409026
2025-06-10,0.0060442268415017,0.0004945087082548,-0.0056355283934324,-0.0067558965487917,-0.0066495523618652725,-0.009543915793374075
2025-06-11,0.0102417516908341,0.002292016045891,0.005796712375855,0.008112808020539,0.0061899553693988965,0.006460637896919974
2025-06-12,-0.0084482082566528,0.0074451158514983,0.0063720748862956,0.0040909222356978,-0.0003741921781551286,0.0021061917570740496
2025-06-13,-0.0219066686770263,0.0157814569077672,0.0239036859603458,0.0274294360442967,0.010308192011115928,0.027973897871502784
2025-06-16,-0.0113969199502509,-0.0116557763614229,-0.0025411827913958,0.0005533695029322,0.006109738290433979,0.00643020830737423
2025-06-17,-0.0028837463172354,0.0103484382147153,0.015336921367024,0.0188752778841314,0.005291460175548065,0.02189469877582703
2025-06-18,0.000125439087881,-0.0062062908074396,0.0023703767509644,0.0043342661866947,0.004219976308815982,0.008262928766005317
2025-06-19,0.0009339268639852,0.0064981745108485,0.0058789525859282,0.0068073539222034,0.0006541015061152668,0.007008977791778226
2025-06-20,0.0037744148698572,-0.0079311122263929,-0.0172674110131481,-0.0195132279990082,-0.009720567127078727,-0.022428452404012117
2025-06-23,-0.0161091386444898,-0.0066531954423759,-0.0159500226591711,-0.0203726951587671,-0.008619624399579244,-0.02566813079123853
2025-06-24,0.0036229118526686,-0.016009789996598,-0.0278137642207657,-0.0298944536173177,-0.015201841765559812,-0.03375050307484309
2025-06-25,-0.0040749044254028,0.0094956673240226,0.0023580513961311,0.0002290023449795,-0.0004430079841109088,-0.003929122610785235
2025-06-26,-0.0054611608448694,0.0091775751204985,0.0004912980140908,-0.0018808896739042,0.0075066644101474435,-0.006806606994994219
2025-06-27,0.0173309667560141,-0.0192706469325697,-0.0064006003582177,-0.0021436204435592,0.0013749348247007898,0.007018461647153529
2025-06-30,-0.0015670049719913,0.0089567300970055,-0.0058965325435193,-0.0100214184114471,-0.007746951010542781,-0.019296639324211107
2025-07-01,-0.008562613529532,0.0092082618076004,0.0073519476835647,0.0059151077975486,-0.0036867844709634165,0.0031832857692089267
2025-07-02,-0.0032128466626039,0.006905020234556,0.0117716476933844,0.0130767575076889,0.015021264319252181,0.015723799369574243
2025-07-03,-0.0031005625090388,0.0028446706711961,-0.0026171634452168,-0.0021859207397173,-0.0036683090824199765,-0.005638982097834727
2025-07-04,-0.0011829713960748,-0.0015767917368129,-0.0014902824946687,-0.0015111883124545,-0.0019402445051053697,-0.0017767377361760928
2025-07-07,0.0032427521551054,0.0025305529249638,0.002728857084396,0.0023560433980431,-0.004672424054370821,0.003710805923164362
2025-07-08,0.0053907583372529,-0.001572436266705,-0.0046588414382294,-0.0049489377146001,0.006978600381361661,-0.00623120765328769
2025-07-09,-0.0010566693605734,0.0017552054090198,-0.003514383321823,-0.0054516594820499,-0.0014413850352857963,-0.0097551764513929
2025-07-10,-0.0065321843141102,-0.0001656643265502,0.00416463725622,0.0070211555586746,0.0009479470912380555,0.008913828803067958
2025-07-11,-0.0181774806534676,0.0246307958130868,0.0212743097725224,0.023189153162941,0.005943990587290439,0.0184668646656789
2025-07-14,0.004227326701447,-0.007510646132448,-0.0014278418965465,0.0001904962817728,-0.0036800092134202703,0.005660043214623767
2025-07-15,0.0077925944995502,-0.0099565738338155,-0.0072347760347573,-0.0068783158582568,-0.002660048821870373,-0.0033520034485738093
2025-07-16,-0.0033953464951262,0.0034509932410783,0.0031413870652275,0.0028224511635788,0.001981121216386678,0.0030447170625324538
2025-07-17,0.0089858272578451,0.0009397547554315,0.0022589119818013,0.0026951645559482,0.0036063225460904,0.003091822957225432
2025-07-18,-0.0018313207667898,0.0027978193579924,0.0026603561815325,0.0028136173276737,0.008514913026064818,0.0027811148984622502
2025-07-21,0.017363841068496,0.0159564429476845,0.0060955818992376,0.0037382610219981,0.0004759054887558002,-0.007737645417117578
2025-07-22,0.0041216184323176,0.0078936805895908,0.0025664004601726,0.0011471574156722,-0.0016286730809068858,-0.0035999772635649796
2025-07-23,0.0003407595620618,-0.0080013955658869,-0.0112223952299049,-0.0122061122009053,-0.00029733712413879484,-0.017402757843215044
2025-07-24,0.0010441760747172,-0.0048245685961964,-0.0023583006454802,-0.0019768156338446,-0.001650167890826137,0.0003655389386048036
2025-07-25,-0.012738373486129,-0.0135969831505639,-0.0124673151789124,-0.0124363920243179,-0.006345874072347725,-0.009674092879580098
2025-07-28,0.0097349694566167,-0.0042879565042951,-0.0028843331024306,-0.0040516022655289,0.001108401309116781,-0.006785617831962326
2025-07-29,0.0118600918539691,0.0083187080372827,0.012472362915342,0.0130740024824384,0.003119931556467267,0.018029168962716113
2025-07-30,0.0034699566612304,-0.0081627135266304,-0.0080728506107886,-0.0092752792529924,-0.00616240737076029,-0.010904184539398454
2025-07-31,-0.0115594128419992,-0.0084691716287608,-0.0079404319274072,-0.0082322646396375,-0.0165763980626466,-0.004531296383209704
2025-08-01,0.0037676210667682,0.0097083871539475,0.0017344566683286,0.001333383630919,-0.007787674522604914,-0.003507872228571407
2025-08-04,0.0073168429513564,0.0049318167890483,-0.0007923494935027,-0.0023259142687344,-0.0005539165593396058,-0.010855204291831844
2025-08-05,0.0010789161368245,0.0060009962813942,0.003452607787144,0.0048036844240146,0.0013613409594781668,0.0064464752787306845
2025-08-06,-0.0031192452371664,0.0006112989268965,-3.970854093653282e-06,0.0009208308256573,0.0021976468328673017,0.003169939622437612
2025-08-07,0.0021285577978771,0.0067165248323151,0.0036080743313357,0.0037906127258623,0.004360981054562623,0.0016133378082757721
2025-08-08,0.003612901716772,0.0087818158548876,0.0047759440571867,0.0039236769739609,0.0010254643460734382,-0.0013479959962452437
2025-08-11,-0.0132192971770249,-0.0226022805431962,-0.0169999006411934,-0.0171948239402996,0.004126128678075241,-0.013976504242960153
2025-08-12,0.0022691120686131,-0.0021911003977016,-0.00520650472661,-0.0064324080481225,0.0009264376779386953,-0.01323659260752183
2025-08-13,0.0028666257512833,0.0060840285312675,0.0043907665451661,0.005044164456659,-0.0014802880924965139,0.00452441452649624
2025-08-14,0.0004952475513436,-0.0078920626938761,-0.0025822641838876,-0.002912835293989,-0.001944520286248904,0.0004452729191669613
2025-08-15,-0.0079145152146509,0.0011008142770889,-0.0014776549315067,-0.0001087540142164,0.002061533244458979,0.002288054020722019
2025-08-18,0.0032441797250315,-0.0009969575213805,0.0013819841159195,0.0007486397469873,-0.0006717626207926284,0.0005888759048112979
2025-08-19,-0.0128366280845257,-0.0114223059301151,-0.0137078070563027,-0.0150149279286967,-0.00579602614160377,-0.019845010044307804
2025-08-20,0.0116653330308133,0.008463030688003,0.009930949838861,0.0092658584721229,0.0062298287737626,0.008012114151466299
2025-08-21,0.0067202543953179,0.0030815342985852,0.0062392304045483,0.0069043211177192,0.005311480344687005,0.011360426661051692
2025-08-22,0.0130562085376563,0.0088567462219025,0.007612525352986,0.0060241411726647,0.006692055800741754,-0.0020294495176605143
2025-08-25,0.0089135066609166,-0.0003118634719363,0.0008754165986385,0.0003205190038145,0.0013878492702170773,0.0015617023396391483
2025-08-26,-0.0034222280192161,0.000446863866302,-0.0028109107539112,-0.0017036108157013,-0.0045266295973011164,-0.003384548186915831
2025-08-27,0.0105630535271724,0.0096421740528781,0.0101714335638656,0.0115598474977476,0.00443012657167437,0.01877492168866629
2025-08-28,0.0099234955948728,0.0097296585298578,0.0100713548564956,0.0104909032681554,0.005449767464847759,0.012089652551982577
2025-08-29,0.0025936954152611,0.0145363014545052,0.0120887051536365,0.013387214280306,0.005450873611771415,0.012093380216886995
2025-09-01,0.0049270505666289,0.0007897622085225,0.0020682710046442,0.0016685303654063,0.0008069302214753674,0.002465824537117134
2025-09-02,-0.0155639177786147,0.0196256409767256,0.0184854030424511,0.0182186814005163,0.005307258241558026,0.015292876903608088
2025-09-03,-0.0161856263120419,0.009284041049664,0.0052276919848253,0.0067336491559562,-0.0010495161745492873,0.00492218907772099
2025-09-04,0.0030646892742429,-0.0089064130681915,-0.0091112165284996,-0.0088827293770831,-0.009200375952816352,-0.007310310919662805
2025-09-05,-0.0112066088965228,0.0063697047571389,0.0011351619834889,0.0014709706610151,-0.003204899607749409,-0.003594658873365575
2025-09-08,-0.0039773510547285,0.0077670935220301,0.0079948994711613,0.0082120970864358,0.004259256477266332,0.009175030566695053
2025-09-09,0.0037383707521255,-0.0022928299049021,-0.000997267656903,-0.0009982950631927,-0.0003950823260176653,0.0005522512636035037
2025-09-10,0.0005015425310891,0.000542667832467,0.0025627757593173,0.0014110336219368,0.004497627852028177,-0.0014364876008855498
2025-09-11,-0.0042626543754985,-0.0012199287644635,-0.0037521302719578,-0.0043555621301681,-0.00019806759274332286,-0.009161863665253844
2025-09-12,-0.0084658090906481,0.0074738032765058,0.0079348728763285,0.0079091349660405,0.006290287486753257,0.007859602895203543
2025-09-15,-0.0057466110436958,0.0093688162581357,0.0091424393278107,0.0099643590882218,0.010097942637310868,0.013265646749594462
2025-09-16,-0.0030104818623979,0.0039274165190462,0.0053822544197527,0.0060231775103176,0.0026743062905599945,0.008872457027351843
2025-09-17,0.0082798774763525,-0.0068582445366778,-0.0071555382137861,-0.0071649443222615,-0.011948886339812344,-0.006972661728980589
2025-09-18,0.0089351716788798,-0.0091786495255231,-0.0110744209940237,-0.0121812094914412,-0.006305127896235535,-0.017752802573512916
2025-09-19,-0.0091819090606819,0.0058030042068119,0.0045843798782727,0.003306044118674,-0.004460962368054238,-0.00031082410290189655
2025-09-22,-0.0176653655545873,0.0148863221755092,0.0130387021187846,0.0110836572771407,-0.002015185573309896,0.004412575742330227
2025-09-23,-0.0105481116006762,0.0119820034793738,0.0118619442833823,0.0122436485668509,0.008211938209527177,0.013062403464493832
2025-09-24,0.0048914960796973,-0.0021621695066764,-0.0025464337534655,-0.0011678809659171,0.006501150136925504,0.0012457030579218487
2025-09-25,-0.0071589753296841,0.0055397799250581,0.0075601226158081,0.0078429548389713,0.003544542341250553,0.009796223229143974
2025-09-26,-0.0180419161866412,0.0103483655504373,0.0134224703866626,0.0117009392529825,0.0038556672175030877,0.007694216418928257
2025-09-29,-0.0149846324152305,-0.0032719053776065,0.0025964007827634,0.0016100548076726,-0.00018608333830186352,0.002056484572808881
2025-09-30,-0.0048291685617152,-0.000869180507051,-0.0019903555667612,-0.001981458222111,-0.006857828373828882,-0.0015289648813801293
2025-10-01,-0.0107232739723042,0.006139065065459,0.0110377094276978,0.0120526853181617,0.0015611559981800604,0.017590935164346816
2025-10-02,0.0084988761199875,-0.005018089252277,-0.0153288287117122,-0.0152319147459568,-0.0037965997058702215,-0.015865366085376004
2025-10-03,-0.0131907867500095,0.0037175537402432,0.0119871697335752,0.0093109524955424,0.005560120758475562,0.004269940137396011
2025-10-06,-0.00919339895312,0.007558224528359,0.0141672817304949,0.013980033732703,0.004074463565893413,0.012952319656750033
2025-10-07,-0.0007139370670341,0.0053573495093245,0.0017231109717706,0.0035780303978049,2.179509736672899e-05,0.007394483331144175
2025-10-08,-0.0124909914464952,-0.0097931615144256,0.0137586155690745,0.0106933421794768,0.0019846275603114176,0.003077916219119431
2025-10-09,0.0173803569527775,0.0260668907860373,-0.0253251559218184,-0.0244309005837954,-0.007103896215786979,-0.024017198161404407
2025-10-10,-0.0120498010578129,0.0254698469055337,-0.0088229072038656,-0.0133239979915275,-0.017720540931716468,-0.019722759492489944
2025-10-13,-0.0269210120769095,-0.0209934293557053,0.0345023820491702,0.0313332780209967,0.011949613079796343,0.028331297334041272
2025-10-14,-0.0086512165643355,0.0047800164487816,-0.0013478114153315,-0.0042623479184111,-0.0047727289492383515,-0.007952947286517076
2025-10-15,-0.0103604505492236,-0.0030749654128509,0.0059642307851075,0.0041801050190244,-0.00019498244579049684,0.0030767507172441977
2025-10-16,-0.0262842976879893,-0.0123861805430934,0.0153919705416729,0.010177647097523,0.00413069712874339,0.0055686996335351235
2025-10-17,0.0289710529109823,0.0211224299320756,-0.0221168867969665,-0.0164031924986357,-0.007358388779932822,-0.013403454012892807
2025-10-20,-0.023300446658471,-0.025872747997874,0.0324466511495765,0.0367385070474947,0.013658278208440466,0.04628371145424934
2025-10-21,0.0593226877230334,0.0286275017543214,-0.040973629438879,-0.031982847419177,-0.008480210522174373,-0.02540639444599313
2025-10-22,0.009506756324296,-0.0040394194204381,-0.001103882735358,0.002037787465606,0.007296302692800953,0.0006133172746345394
2025-10-23,-0.0012191187846848,-0.0188212031206882,0.0230267428962904,0.0237577629342867,0.016097269712029297,0.01632087236418281
2025-10-24,0.0001374080174804,0.0053714183617032,-0.002726636372578,-0.0032768985324506,-0.0037611898642442637,-0.004356082276638418
2025-10-27,-0.0067137722911849,-0.0069734644708264,-0.019584933824585,-0.0125986950165567,-0.0023528470820228364,-0.0070948187861045175
2025-10-28,-0.0107116205977918,0.0217659455267454,-0.007351974916725,-0.0106136017305327,-0.004042283828984633,-0.011121517985126422
2025-10-29,0.0027469795412124,-0.0050807115584371,0.0076982315493344,0.0079644749463283,0.008468873093058394,0.008522109570987313
2025-10-30,-0.0029601212027132,-0.0164013716949465,0.0090433915250585,0.0104514261619468,-0.0008461684123974952,0.014184831535206721
2025-10-31,0.0037840810452428,-0.0166284996008761,-0.0005756244808374,0.0033153779478773,0.0026332722827018505,0.0074010654614733995
2025-11-03,0.0064204615004475,-0.0131410351126848,0.0047240016828804,0.0067049050258122,0.010121256112931562,0.009523204149807812
2025-11-04,-0.0072294737685387,-0.0150811348568528,-0.0098545955057802,-0.0072075608439251,-0.007022281181191506,-0.004517969305696756
2025-11-05,-0.0074889612668439,0.0157465111407378,0.0023995836501958,-0.0023139988517667,-0.00254903394876714,-0.004045973254356572
2025-11-06,0.0041477026115197,-0.0065967595983521,0.0015207165647174,0.003310140011888,-0.004918086986994856,0.006309757303439217
2025-11-07,0.0011121111522579,0.0041753132042765,0.0031119960947175,0.0021889540225339,4.663848169316343e-05,0.0007832933473956305
2025-11-10,0.0171451779775514,0.0168484434664497,0.0260087881533441,0.0216183165937107,0.01600417697539887,0.021304890398243348
2025-11-11,0.0241331274458774,-0.0172913134866912,0.0098680715249332,0.014695965262655,0.004571881949255532,0.01917715856500682
2025-11-12,-0.0101332230928969,0.0277566817898859,0.0158825689925808,0.0060636886747103,-0.00432043299505957,0.008100892882926203
2025-11-13,0.0088064208157481,-0.0106746147127481,-0.0001907090289989,0.0027593553738642,-0.003437536037576789,0.0049711102753541014
2025-11-14,-0.0176340264662568,-0.0172299760239221,-0.0196376419605928,-0.0133617763199659,-0.005806429651439385,-0.01639761387489666
2025-11-17,-0.0150853528869239,0.0088436293279541,-0.0066468320243089,-0.0097300050021984,-0.002792844387635877,-0.013150098657256665
2025-11-18,-0.0072905285265236,-0.0053528926995057,0.0005635994994322,0.0022485324072079,0.002503490951394832,0.0017563867869788419
2025-11-19,0.0131829383180947,0.007161691263602,0.0028072243713574,0.0025815855363549,-0.00833325715468001,0.007789041516359035
2025-11-20,-0.003736266704371,-0.0024190236536672,-0.0071260792816762,-0.0072904835936082,-0.005066501563722956,-0.00876408154159411
2025-11-21,0.0123254473536246,0.0028029545698258,-0.0004568311025004,-0.0001856835683632,-0.005799150774428414,0.002021274630301856
2025-11-24,-0.0058234832212964,-1.6311131528700122e-05,0.0057344861704941,0.0056595430432085,0.0025742755769633686,0.004330417278771315
2025-11-25,-0.009725726773499,0.0139451689819358,0.0030409737073503,-0.0023629201497197,-0.0013169438704093753,-0.004256792571852269
2025-11-26,0.0015533075953814,0.0037144633536487,0.0163788332273278,0.0157086920088191,0.011628942710523003,0.018007938431871595
2025-11-27,0.0016052121516034,-0.0005020050413825,0.0006846518641587,0.0010243074976361,-0.0008998272299772743,0.0008162524941048299
2025-11-28,0.0324166433589299,0.0096946584208246,0.0280965120141038,0.0267913984055428,0.016858973752942354,0.035253004054164344
2025-12-01,0.0146241300643028,0.0015277165788579,0.0150605163378477,0.014507549974388,0.004522948647461852,0.016623932967679167
2025-12-02,-0.0130349218843024,-0.0040139356830546,-0.0113822561925093,-0.0118857090121278,-0.00615205817206943,-0.01204925379668706
2025-12-03,0.0117854440099648,-0.0037460338411042,0.0044020527423396,0.0066871584343074,0.004747117350510014,0.009198643319620364
2025-12-04,0.0028100426919057,-0.0025132219940588,-0.0007382789858723,0.0023353725650117,0.0033324020133327263,0.0015996948267223976
2025-12-05,0.0220455318926594,-0.0033818100075954,0.0126913986657919,0.0146017417923633,0.006665415016324286,0.019948845388533698
2025-12-08,-0.0270990591730412,0.0040103995001388,-0.0159691878586772,-0.0214790393477241,-0.009631454949197623,-0.027044504096376265
2025-12-09,-0.0160001634336901,0.0136862687850952,0.0049342768164126,-0.00369603354173,-0.003670771179678265,-0.007845281158228107
2025-12-10,0.0031751911238801,-0.0003537510028058,0.0009447714421166,0.0017838381515152,0.003381035436667389,0.002347487817086935
2025-12-11,-0.0277517653626866,0.0167032136225944,0.0143164696782519,0.0016730721896679,0.006440801074169425,-0.0037305277999765962
2025-12-12,0.0002379183012032,0.0043438800483973,-0.0119510383708689,-0.0111587665958305,-0.008958303993025319,-0.016833434878854414
2025-12-15,-0.0121233882883638,-0.0012263179219511,0.0033092801567937,-0.0013273802688112,-0.006482031255241653,-0.0016191799106781146
2025-12-16,-0.0125986888149401,-0.0081073602007002,-0.0098048838097365,-0.0144117883385409,-0.008464513895757917,-0.01572762115233234
2025-12-17,0.0159161114747985,0.0090311509581057,0.0248014725793676,0.0228893000207011,0.008795195018976477,0.02849255357008096
2025-12-18,-0.0056137702024279,0.0007267319153932,-0.0095762719850112,-0.0085082067631412,-0.0015113466208775623,-0.01340051236150916
2025-12-19,0.015338152526507,0.0075750093983597,0.0154022297284714,0.0143660707211248,0.007736008952551129,0.017549727969852102
2025-12-22,0.0181144081123731,0.0205324568694963,0.0175201662735589,0.0174741266780098,0.011209223175741998,0.014075116208177418
2025-12-23,0.0205039625188169,-0.0004036993777367,0.0243487368245936,0.0269916066823949,0.0158783197326057,0.04064387302522776
2025-12-24,0.0025372726819581,0.0048982127586719,-0.002103457497817,-0.004689307559573,-0.0007345669018388324,-0.00827091136132821
2025-12-25,0.0,0.0,0.0,0.0,0.0,0.0
2025-12-26,-0.011242544366367,-0.0058114032826623,0.0222110234845905,0.0126327108317246,0.006557906630835601,0.02291505635512034
2025-12-29,-0.0029977353353636,-0.0244712578395518,-0.0320430009018895,-0.0140374827478439,-0.006877572735290781,-0.009532092565797595
2025-12-30,0.0084668190329275,0.012917180378414,0.0316340428116731,0.0205622720048174,0.012157368957629582,0.02795443325407662
2025-12-31,-0.0081174527719518,0.003825084368166,-0.0370946007978068,-0.031329236301761,-0.015592017678877142,-0.04596635315238756
2026-01-01,0.0,0.0,0.0,0.0,0.0,0.0
2026-01-02,0.0012095601074378,0.000929366362127,-0.0016152185692351,-0.0031811199778752,-0.00012854416662690164,-0.004217992859875591
2026-01-05,0.0294072448216545,0.0302100471112171,0.034317658683238,0.0239639457775327,0.02143355505236721,0.02443137014838606
2026-01-06,0.0004921427639425,0.0087004960688911,0.0114383805278063,-0.0011554551591236,0.009172163584657198,0.00022144199914372886
2026-01-07,-0.0211645096180961,-0.015021217222547,-0.0122673350483621,-0.006154042655183,-0.010365681692169091,-0.002376740128359922
2026-01-08,0.0140779352928768,0.0178087757609497,-0.0043661380703076,0.003369586523007,0.00016137460179974447,-0.007953260091750652
2026-01-09,0.0287624442450581,0.0266071635818218,0.0169608321140462,0.0097121636463823,3.771864190326785e-05,0.004213928769843556
2026-01-12,0.0123395224363405,0.0135609657375214,0.0385472016743761,0.0327924139860235,0.011347885690757214,0.045440021998251034
2026-01-13,0.0099724544379601,0.0083980050074003,0.0078615339478981,0.0100295069492929,0.0033093655512498516,0.009817673395375509
2026-01-14,0.0243767316779628,0.021371154676993,0.0144278999236522,0.005158607029701,0.004782935141185397,-0.0012575186979966735
2026-01-15,-0.0182380992702768,-0.0202193730691739,-0.0068747172715511,-0.0129125166745398,-0.005652058456658427,-0.007766523101510603
2026-01-16,-0.005590833484911,-0.0002327214625663,-0.0129494138763829,-0.0070361897711185,-0.008091979522053441,-0.012309212223507976
2026-01-19,-0.0013315710170243,-0.001051962600751,-0.0006223449852655,-0.0009917709721226,0.002655791550669934,-0.0007419692737430372
2026-01-20,0.0106968524507295,0.0305322573896634,0.0604777698659325,0.0611443234625633,0.01185846066677118,0.09509290435181128
2026-01-21,0.0108146433054496,-0.0492455781854014,0.0240007067680681,0.0296888514053582,0.013602964784839631,0.06158104558341004
2026-01-22,-0.0116810946461685,-0.0204371999973405,0.0167380535336262,0.0088060316965355,0.0039920361077258725,0.01818431259338721
2026-01-23,0.009044176231677,-0.0114279010108722,0.0294375048291271,0.0267893681712745,0.017024398345011175,0.03472986958246849
2026-01-26,-0.0610598871598464,-0.1224821605407088,0.0704807511472201,0.0523442138433168,0.026078592614948003,0.11143771859056581
2026-01-27,0.0127464506338644,0.0179222027725197,-0.0134362652052205,0.0015088047064612,-0.002473835026161372,-0.007546753565575132
2026-01-28,-0.017268644099546,-0.0322956294426786,0.0466026113133758,0.0382020115239139,0.009643928024491752,0.04987983668272439
2026-01-29,-0.0162981887096968,-0.0033826624941159,0.0147700917069102,0.0185138029884688,0.008524154999867323,0.023559926917125273
2026-01-30,0.0138087697646731,0.0392019572407475,-0.1224249543768015,-0.081363927057726,-0.029553744883462754,-0.07914668410890319
2026-02-02,0.01896237931824,0.1101011344644678,-0.0454613341943202,-0.0533960212088333,-0.02953984080563505,-0.0847239400298212
2026-02-03,0.0420473851543056,0.0030184760164426,0.0533793426598692,0.0406271233248217,0.02075838440276855,0.04519475499553527
2026-02-04,0.0050321967729033,-0.0060847963503681,0.0155843024108268,0.0208439404216256,0.001303028257512727,0.023597092179864776
2026-02-05,-0.0163824922203617,-0.0202799873954562,-0.0339103660176854,-0.026188509717232,-0.011937741603481981,-0.029559037366480856
2026-02-06,0.0121327211660996,0.0141891180379391,0.0080955302029878,0.0076066979474444,0.0013999289296159297,0.0008503695677029854
2026-02-09,0.0310010240033764,0.0387339322610075,0.022665842754871,0.0138819660285833,0.005832158560211566,0.005210218668180361
2026-02-10,-0.0083446419815343,0.0036670860652697,-0.011428538999798,-0.0081867242224192,-0.008085526063461497,-0.010671087622708408
2026-02-11,0.0183725884753298,0.0002625820125199,0.0204690405491647,0.0150491257928183,0.008157392272000191,0.02003078832126931
2026-02-12,-0.0389927329609443,-0.0196180073241503,-0.0426667280018027,-0.0320682025985352,-0.015680187172401577,-0.03400400411140206
2026-02-13,0.0134215896888325,-0.0008687598330413,0.0180279051197951,0.0127394673111075,-0.00016335275213105616,0.015353928461666111
2026-02-16,0.0062188492741913,0.0046793744406048,0.0027864008140475,0.0058385235466674,-0.00020620964093035054,0.003321989953005977
2026-02-17,-0.0216280776612849,0.018561876261193,-0.0366451760696216,-0.0304690289188486,-0.01717911042195624,-0.04200412182324065
2026-02-18,0.0377177574235302,0.0270583223391259,0.0322659826644972,0.032367658533958,0.01820552936310509,0.028295796075318513
2026-02-19,0.01510579655741,0.0091497997672253,0.0025106873376815,0.0067435972888769,0.00011054810981779995,0.002910135112372869
2026-02-20,0.0008609367463402,0.0050992290061316,0.0250075003205738,0.0154358494771504,0.012846942913577518,0.023925572548936846
2026-02-23,-0.0113899861236118,0.0098734986454247,0.0233497607403808,0.0125957817344257,-0.0016825178072105923,0.013907801810697895
2026-02-24,0.003547245838419,0.002342648190925,-0.0056086222452789,-0.0087018850337473,0.004836997542401093,-0.008124964672592688
2026-02-25,0.0056201233396001,-0.0018471667527427,0.0164951910892647,0.0104405783957985,0.01003181381141747,0.01723114344302834
2026-02-26,0.0022971296496082,0.00068114053343,-0.0157876741586208,-0.0094515879365477,-0.007853031795682164,-0.01644765670273121
2026-02-27,-0.023660401555645,0.0179270813391823,0.0277348524492785,0.0231688131533365,0.00838489407754779,0.02781764173966067
2026-03-02,-0.0293870668806409,0.039986319300373,0.0100357621872368,0.0308040425203622,0.009313001958398183,0.016690747897230823
2026-03-03,0.0033022340216472,0.0144935100371432,-0.0187379767988201,0.0023695295183236,0.000474162234061063,-0.0043006560062869015
2026-03-04,0.0068574081732902,0.0082441781690767,-0.0039236701977834,-0.0044101877784019,0.007874541609188034,-0.011534535517342903
2026-03-05,0.0376666316432514,0.0169086099505094,0.0049662197027796,0.0176967962003122,0.01033973046355924,0.013917658607281447
2026-03-06,0.0502907161685871,0.0453970092170185,0.036966307609792,0.0496553841855601,0.02644151158812853,0.046956577032524316
2026-03-09,0.0406537365922792,0.0486562287131604,0.0083036960837988,0.0193786110831155,0.004708743080425817,0.009656180935017133
2026-03-10,-0.0728939683248316,-0.0593047390418313,0.0011644480994609,-0.0262651632746257,-0.0077835681440137135,-0.014379520362350517
2026-03-11,0.0350336642489842,0.010909323739539,-0.0016138147793757,0.0120026308433967,0.008796235444590463,0.013227348640936137
2026-03-12,0.0359380418462571,0.0513798407459545,0.0141653597281481,0.0262613483341474,0.01340832242067026,0.021109267774416823
2026-03-13,0.0166676880667707,0.0186871038119083,-0.014285664436266,-0.0072222770374966,-0.005573878936253776,-0.015422783400315943
2026-03-16,0.0005840004795422,-0.0099238975819146,-0.0162984252655755,-0.0192724726047964,-0.007516758534164963,-0.020682030945758823
2026-03-17,0.0067462336337766,0.0152438752240905,0.0050656364414116,0.0095234261220498,0.006352872994968595,0.00675370454062979
2026-03-18,0.0086905493228011,0.0142582958776268,-0.0085313404386808,-0.0003923942068271,-0.0027176917613996538,-0.0007028831408589786
2026-03-19,0.042609922719689,-0.0194075790862108,-0.0421996439156172,-0.0288468636415346,-0.007527608027830759,-0.024153456964371517
2026-03-20,-0.0026192909091194,0.017782116516134,-0.003755665390135,0.0015560600286815,0.0037137080948706756,-0.004513266241428504
2026-03-23,-0.0039783765589826,-0.038119853430714,-0.0461447689725684,-0.0588634812942247,-0.02655474574097522,-0.054141435171151636
2026-03-24,0.0094458293142537,0.0105097137783039,0.0114037638278201,0.0157701806020512,0.013632584972574923,0.016343072558689553
2026-03-25,-0.0290738847142155,0.0075277580487974,0.0223080565835067,0.0153340095655614,0.0003275314710518007,0.01490182825819697
2026-03-26,0.0270167713900184,0.0002709685218403,-0.0215432544049867,-0.0091544783416131,0.0031256739579573417,-0.010289529896282984
2026-03-27,-0.0197561969392033,0.0196100658137812,0.0304839052622791,0.032013599443572,0.013085674150120291,0.03224795446629375
2026-03-30,-0.016094871425282,0.0211595428411879,0.0062114671305934,0.0043126893357458,0.0032308386171526903,-0.0018884196382850937
2026-03-31,-0.0157050770577592,0.0012062767146284,0.0210618238442881,0.0116987005488046,0.007917675647348119,0.01384792643458646
2026-04-01,-0.0100370208350743,0.0014248880134174,0.0090265238522677,0.0033836161801982,-0.0002417231051082245,-0.0013880909882228176
2026-04-02,-0.0089536634114954,0.0228592532194724,-0.007331341958705,0.0033535588652352,0.00593515073045057,0.00046850853065535936
2026-04-03,0.0,0.0,0.0,0.0,0.0,0.0
2026-04-06,-0.0012215441808045,0.0020363010367566,0.0019631497421507,0.0027382987229004,0.0029331966802127077,0.0027018285430726596
2026-04-07,0.0076767331337446,-0.0080211246627101,-0.0021801694784742,-0.0003464671057153,-0.005495308497998585,0.001163788332114224
2026-04-08,0.0278782399372949,-0.0253622076665998,-0.0113060942923272,-0.0286032610312881,-0.016166982020251585,-0.029158247824511735
2026-04-09,-0.0136253329237943,0.0130761793180341,0.0082394279141819,0.006346104797975,0.0028010564880000606,0.003733872185221032
2026-04-10,0.0039593910045587,-0.0028626107160568,-0.0049356541254136,-0.0056952819989737,-3.4081741519386774e-05,-0.005356365043034272
2026-04-13,0.0008035966393341,0.0150272437277236,0.0038177713720653,0.0067403340175681,0.00920536588109319,0.00521754482356615
2026-04-14,0.0121978208383254,-0.0056544841889574,0.0104179326676853,0.0025726449362643,0.002250170730463147,0.002917822395100189
2026-04-15,0.0014484357530789,-0.0015302786912353,-0.001410178876801,-0.0010084533158104,0.003817352132639784,0.0003823022576058266
2026-04-16,0.0071372594297096,0.0132757521526408,0.0066942130363114,0.0109205804480666,0.0036277367797311368,0.011621713968467562
2026-04-17,-0.0400956315087066,-0.0308683525921943,-0.0011535981574416,-0.0078860202745439,-0.01679075707448907,-0.0064646427933850725
2026-04-20,0.0238234859094987,0.0152484953265529,0.0019955071560419,0.0064667949711153,0.009419053788057968,0.00742639278847082
2026-04-21,0.0184510907729509,0.000341031666735,-0.0147270655153719,-0.0087771811113196,0.0021387293746114007,-0.008188269110041363
2026-04-22,0.0013427459955956,0.0161073989441928,0.0162659233561073,0.0158766834104033,0.013825134266113401,0.01758046744229025
2026-04-23,0.0293540055522147,0.0136137954786618,-0.0078966139828596,-0.0094043021146905,0.004015683121208219,-0.011500811508921904
2026-04-24,0.0023909940800638,0.0099856834070269,0.0020293129824514,-0.0035652436085748,-0.0034477756540414813,-0.004329313941652674
2026-04-27,0.0048816038283484,0.0002488736336658,-0.0023044152005022,-0.0004502862267278,0.0004281932991788309,0.0026736874388783582
2026-04-28,0.0215359071286171,-0.0026814171495572,-0.0081329761386301,-0.0055961024816571,0.005096300829299011,-0.0027220310312266183
2026-04-29,0.0250259832439481,0.0111746761438346,0.0009436793694872,-0.0021986662881963,0.007641870452584542,0.0029493296035685013
2026-04-30,0.0239062113129904,-0.0088126084276877,0.0104844904832553,0.0170264774649381,0.004957318420378981,0.013284742310227804
2026-05-01,-0.0065050093600418,0.0003764283218484,0.0060885313896863,0.0053986161778293,0.0011421057374679173,0.005044516228528778
2026-05-04,0.0349302228715599,-0.009393042908414,-0.0055763139989182,0.0008744614344672,0.008351223838842478,0.006814127318116203
2026-05-05,-0.0219862697194295,0.0003079260302193,-0.0071815476248884,-0.0105861411088718,0.0012610957002729575,-0.014730320315078649
2026-05-06,-0.0307126387779445,0.0067293945275016,0.00710360556883,0.0024191598100237,-0.010949753123205428,-0.005239416640245159
2026-05-07,-0.0133791845708995,0.0026466003217225,0.0100506517123896,0.0105790111630405,0.0012025213420394257,0.01077271123968726
2026-05-08,-0.0058283524387302,0.0066729841101607,0.0062799674654096,0.0040618549833954,0.0034906481681643274,0.005176306526909702
2026-05-11,-0.0203310802975636,0.0058368595687008,0.0272094305868397,0.0314825336519963,0.026678178295219603,0.03668957493698996
2026-05-12,0.0011517072730184,0.0085092992830191,0.000130548921722,-0.0049410339386946,0.006516238607444016,-0.00047446858136845904
2026-05-13,1.338931265600432e-05,0.0014356033336682,0.0099121356810492,0.0094040766173231,0.004680968410855823,0.008981331704884243
2026-05-14,0.0029644633122098,-0.0100154977181071,-0.0127230412373979,-0.0079512355399708,-0.014935146544135964,-0.009606539209970844
2026-05-15,0.0283000230611952,-0.0205392089418236,-0.0264133592742139,-0.0172994689159538,-0.015745345049200155,-0.015309126488524255
2026-05-18,0.0025996750599119,-0.0076609910680449,-0.0014597744171225,0.0041975723391995,0.002799276304943496,0.0034366230841616496
