ann_return_net,ann_vol_net,sharpe_net,max_drawdown,entries,short_entries,ann_turnover,tx_cost_bps,sharpe_gross,ann_return_gross,ann_cost,long_contribution_ann,short_contribution_ann,sar_initial_mult,sar_af_start,sar_af_step,sar_af_max,sar_grace_period,passes_basic_filter,baseline_sharpe_net,baseline_max_drawdown,baseline_entries
0.04676900959528634,0.1092218910919663,0.42820179295289995,-0.20583227667094794,1028,370,12.099555622689588,2.0,0.45031390659045034,0.04918892071982426,0.0024199111245379185,0.03700453433347612,0.01218438638634814,2.5,0.01,0.03,0.2,5,True,0.2766457097912571,-0.26117110225340257,982
0.04683744098427931,0.10951149679453012,0.42769428192692505,-0.2058322766709485,1028,370,12.099555622689588,2.0,0.44974836756525893,0.049257352108817216,0.0024199111245379185,0.037051266542802636,0.012206085566014593,2.5,0.01,0.03,0.15,5,True,0.2766457097912571,-0.26117110225340257,982
0.049978048932746585,0.11717752053018374,0.4265156721751315,-0.22340148361303314,975,362,11.458387950353448,2.0,0.44604254616989564,0.05226972652281728,0.0022916775900706896,0.036926615110715245,0.015343111412102033,3.5,0.02,0.02,0.25,5,True,0.2766457097912571,-0.26117110225340257,982
0.04985174134533442,0.11740587339424405,0.424610284852908,-0.22340148361303291,975,362,11.458387950353448,2.0,0.44409841988651383,0.05214341893540511,0.0022916775900706896,0.03691086644085329,0.015232552494551813,3.5,0.02,0.02,0.15,5,True,0.2766457097912571,-0.26117110225340257,982
0.049514858184917354,0.11719690875936657,0.42249286870341657,-0.22340148361303314,975,362,11.458387950353448,2.0,0.4420167334067517,0.05180653577498806,0.0022916775900706896,0.03668668827067287,0.015119847504315175,3.5,0.02,0.02,0.2,5,True,0.2766457097912571,-0.26117110225340257,982
0.04582981796662558,0.10912958862592033,0.4199577634597638,-0.20351968236471463,1028,370,12.099555622689588,2.0,0.44208925641772656,0.04824972909116349,0.0024199111245379185,0.03660488104191778,0.011644848049245721,2.5,0.01,0.03,0.25,5,True,0.2766457097912571,-0.26117110225340257,982
0.047354710004711614,0.11321816958765839,0.41826069240633285,-0.2164848574480569,979,362,11.524886375745652,2.0,0.4385943678625076,0.04965968727986073,0.00230497727514913,0.036557045655885544,0.013102641623975205,4.0,0.03,0.03,0.15,5,True,0.2766457097912571,-0.26117110225340257,982
0.046845270870404486,0.11291673019193756,0.41486563408961796,-0.21648485744805668,979,362,11.524886375745652,2.0,0.4352560892022151,0.049150248145553604,0.00230497727514913,0.0363217985824826,0.012828449563071023,4.0,0.03,0.03,0.2,5,True,0.2766457097912571,-0.26117110225340257,982
0.04650868485475032,0.11266356581538547,0.4128103395108327,-0.21420328316055282,979,362,11.524886375745652,2.0,0.43324490790719217,0.048813662129899446,0.00230497727514913,0.036205293705309935,0.012608368424589511,4.0,0.03,0.03,0.25,5,True,0.2766457097912571,-0.26117110225340257,982
0.04289446564008153,0.10623209565268625,0.40378065947526914,-0.20457546013429406,1046,370,12.314281433402215,2.0,0.4269162555479034,0.04535732192676196,0.0024628562866804427,0.0355534277888174,0.009803894137944554,2.5,0.02,0.03,0.15,5,True,0.2766457097912571,-0.26117110225340257,982
0.04212351875653472,0.1056845763685668,0.39857773200161395,-0.20225920601328629,1046,370,12.314281433402215,2.0,0.4218374975947445,0.044586375043215165,0.0024628562866804427,0.03432954861393967,0.010256826429275492,2.5,0.02,0.03,0.25,5,True,0.2766457097912571,-0.26117110225340257,982
0.044353018006632036,0.11141577513882807,0.39808562074236414,-0.22628876430833667,1028,370,12.099555622689588,2.0,0.4197665635375606,0.046772929131169934,0.0024199111245379185,0.0372600874327958,0.009512841698374144,2.5,0.01,0.03,0.1,5,True,0.2766457097912571,-0.26117110225340257,982
0.04479566106929229,0.11259943049300603,0.39783203940871364,-0.22004879979758396,1023,370,12.03708553667815,2.0,0.4191718553352069,0.047203078176627916,0.00240741710733563,0.0342144922219166,0.01298858595471133,2.5,0.01,0.02,0.25,5,True,0.2766457097912571,-0.26117110225340257,982
0.04509500985770917,0.11420123930054653,0.3948732092042487,-0.22622529026555482,979,362,11.504609023721072,2.0,0.4149955127540583,0.04739593166245339,0.002300921804744214,0.03767673046792901,0.009719201194524378,3.5,0.02,0.03,0.15,5,True,0.2766457097912571,-0.26117110225340257,982
0.04632423924904719,0.11793953965564101,0.3927795494564788,-0.22753661224915045,975,362,11.458387950353448,2.0,0.4121827164439729,0.048615916839117874,0.0022916775900706896,0.03476914104101135,0.013846775798106526,3.5,0.02,0.02,0.1,5,True,0.2766457097912571,-0.26117110225340257,982
0.04152670537800279,0.10579887262572099,0.39250612362297654,-0.20457546013429295,1046,370,12.314281433402215,2.0,0.41574156804447265,0.04398956166468324,0.0024628562866804427,0.034511297390359935,0.0094782642743233,2.5,0.02,0.03,0.2,5,True,0.2766457097912571,-0.26117110225340257,982
0.04409205020629686,0.11280966716583192,0.3908534730581279,-0.22004879979758352,1023,370,12.03708553667815,2.0,0.41215283419798543,0.04649946731363248,0.00240741710733563,0.03430717501135495,0.012192292302277547,2.5,0.01,0.02,0.15,5,True,0.2766457097912571,-0.26117110225340257,982
0.045538555106996476,0.11675295381204778,0.39004199568522896,-0.24436465072199098,954,360,11.203246231056832,2.0,0.40921340871010153,0.047779204353207844,0.0022406492462113676,0.032959880026325994,0.014819324326881841,4.0,0.03,0.03,0.25,10,True,0.2766457097912571,-0.26117110225340257,982
0.04378073017210721,0.11262577876249542,0.3887274357004159,-0.22004879979758396,1023,370,12.03708553667815,2.0,0.4100613967494988,0.046188147279442836,0.00240741710733563,0.033974565381874225,0.012213581897568626,2.5,0.01,0.02,0.2,5,True,0.2766457097912571,-0.26117110225340257,982
0.04170895448635808,0.10749355563030401,0.3880135347816117,-0.20266617367555084,1063,376,12.514310908904132,2.0,0.411258100488969,0.044211816668138906,0.002502862181780826,0.03428809198024866,0.009923724687890247,2.0,0.01,0.02,0.25,5,True,0.2766457097912571,-0.26117110225340257,982
0.041520455683049295,0.10751770173874958,0.38617320693793483,-0.20266617367555084,1063,376,12.514310908904132,2.0,0.4094117247725638,0.044023317864830123,0.002502862181780826,0.03404816514020628,0.00997515272462383,2.0,0.01,0.02,0.2,5,True,0.2766457097912571,-0.26117110225340257,982
0.041562859112970016,0.10768046974204855,0.3859832633766825,-0.2026661736755505,1063,376,12.514310908904132,2.0,0.4091867801871577,0.044065721294750844,0.002502862181780826,0.0345032494865923,0.009562471808158546,2.0,0.01,0.02,0.15,5,True,0.2766457097912571,-0.26117110225340257,982
0.04384277498627034,0.11372769194451943,0.3855065924283284,-0.22397207984730905,979,362,11.504609023721072,2.0,0.4057136853918566,0.046143696791014564,0.002300921804744214,0.03746073755839349,0.008682959232621069,3.5,0.02,0.03,0.25,5,True,0.2766457097912571,-0.26117110225340257,982
0.0437173487161385,0.11387441155389924,0.3839084489621808,-0.22622529026555482,979,362,11.504609023721072,2.0,0.40408986888260695,0.046018270520882726,0.002300921804744214,0.03720531486249333,0.008812955658389394,3.5,0.02,0.03,0.2,5,True,0.2766457097912571,-0.26117110225340257,982
0.04487253496683727,0.11691523435494895,0.3838040030831777,-0.24231747893969446,954,360,11.203246231056832,2.0,0.40294826665648037,0.04711318421304862,0.0022406492462113676,0.032505276271883245,0.014607907941165376,4.0,0.03,0.03,0.2,10,True,0.2766457097912571,-0.26117110225340257,982
0.04204513627772621,0.10980171413841126,0.3829187604915342,-0.23938427994346811,999,364,11.731285389170578,2.0,0.4042706090918003,0.04439139335556031,0.0023462570778341155,0.03815187172616363,0.006239521629396674,3.5,0.03,0.03,0.15,5,True,0.2766457097912571,-0.26117110225340257,982
0.04464097735984187,0.11714081631306138,0.38108815325768164,-0.23856528708066005,954,360,11.203246231056832,2.0,0.4001946196919597,0.04688162660605324,0.0022406492462113676,0.033090499044297124,0.013791127561756107,4.0,0.03,0.03,0.15,10,True,0.2766457097912571,-0.26117110225340257,982
0.04310351068174126,0.11345892958499526,0.3799040837015055,-0.22505975524081967,986,367,11.58993494743506,2.0,0.40030246309787004,0.04542149767122826,0.002317986989487012,0.034660205907236744,0.010761291763991515,3.0,0.01,0.03,0.2,5,True,0.2766457097912571,-0.26117110225340257,982
0.04143016302371995,0.10917943380465864,0.3794685645452774,-0.2369207804713961,999,364,11.731285389170578,2.0,0.4009417917700557,0.04377642010155406,0.002346257077834116,0.03725162995790995,0.006524790143644119,3.5,0.03,0.03,0.25,5,True,0.2766457097912571,-0.26117110225340257,982
0.042851585927819257,0.11317868230410141,0.37861887994667337,-0.22030199401975448,1023,370,12.037085536678152,2.0,0.39984871167147923,0.04525900303515488,0.00240741710733563,0.03397334530237839,0.0112856577327765,2.5,0.01,0.02,0.1,5,True,0.2766457097912571,-0.26117110225340257,982
0.045472607823921166,0.12015388376469027,0.3784530836554136,-0.2549132236913897,949,360,11.136220896008805,2.0,0.3969755460878856,0.04769985200312291,0.0022272441792017613,0.03271334027932182,0.014986511723801096,3.5,0.01,0.02,0.15,5,True,0.2766457097912571,-0.26117110225340257,982
0.04392563392385402,0.11611214054256208,0.3783035410302563,-0.2320315452320546,961,360,11.29571379890876,2.0,0.39773254278682074,0.04618477668363576,0.0022591427597817523,0.03326471429416088,0.012920062389474891,4.0,0.02,0.03,0.15,5,True,0.2766457097912571,-0.26117110225340257,982
0.04533396532781859,0.11995270025613244,0.3779320117931313,-0.25939834164911335,949,360,11.136220896008805,2.0,0.3964865472108249,0.04756120950702035,0.0022272441792017613,0.03253734494744913,0.015023864559571234,3.5,0.01,0.02,0.25,5,True,0.2766457097912571,-0.26117110225340257,982
0.043768971069257305,0.11608734418072776,0.3770348213076237,-0.24523470658370994,961,360,11.29134136254585,2.0,0.39645772443504157,0.04602723934176649,0.0022582682725091697,0.03190611427540156,0.01412112506636492,3.5,0.01,0.03,0.2,5,True,0.2766457097912571,-0.26117110225340257,982
0.044906506751688856,0.11922870502966533,0.3766417385856506,-0.25840769572644706,959,360,11.269304561403997,2.0,0.395525619979105,0.047160367663969645,0.0022538609122808,0.02964672821850546,0.017513639445464187,4.0,0.02,0.02,0.25,5,True,0.2766457097912571,-0.26117110225340257,982
0.0424936850390429,0.11300955790815151,0.376018505209795,-0.242743161306487,1004,368,11.806772999749953,2.0,0.3968830525744403,0.04485503963899288,0.002361354599949991,0.03707953109398108,0.0077755085450118035,3.0,0.02,0.02,0.25,5,True,0.2766457097912571,-0.26117110225340257,982
0.04107993034818925,0.10932943539229797,0.37574446626185765,-0.23913639411458798,999,364,11.731285389170578,2.0,0.39718835972696137,0.043426187426023354,0.002346257077834116,0.03748880117531327,0.0059373862507100935,3.5,0.03,0.03,0.2,5,True,0.2766457097912571,-0.26117110225340257,982
0.042465817518741324,0.11333374347864968,0.3746970338691868,-0.2289328757023792,986,367,11.58993494743506,2.0,0.39511811862682766,0.04478380450822834,0.002317986989487012,0.03456205108133924,0.010221753426889099,3.0,0.01,0.03,0.25,5,True,0.2766457097912571,-0.26117110225340257,982
0.04266279957733558,0.1139211636800717,0.3744940641332179,-0.22998414646657706,986,367,11.58993494743506,2.0,0.3948094332789868,0.0449807865668226,0.002317986989487012,0.03484013849443232,0.010140648072390276,3.0,0.01,0.03,0.15,5,True,0.2766457097912571,-0.26117110225340257,982
0.04018247197197778,0.10742025486917589,0.3740679262110752,-0.20993561091535895,1045,370,12.300714811598713,2.0,0.3969304525693415,0.042642614934297524,0.0024601429623197432,0.03493625758997563,0.007706357344321896,2.5,0.02,0.03,0.1,5,True,0.2766457097912571,-0.26117110225340257,982
0.04467845630392365,0.11946861634077892,0.3739765109230054,-0.2562574931862285,959,360,11.269304561403997,2.0,0.39282191038806974,0.046932317216204444,0.0022538609122808,0.029630979548643518,0.017301337667560934,4.0,0.02,0.02,0.15,5,True,0.2766457097912571,-0.26117110225340257,982
0.04315448530834924,0.11574020589021525,0.3728564760743833,-0.23407022398422184,961,360,11.29571379890876,2.0,0.39234846189144706,0.045413628068131005,0.0022591427597817523,0.03289158492857644,0.012522043139554547,4.0,0.02,0.03,0.2,5,True,0.2766457097912571,-0.26117110225340257,982
0.0404592425121397,0.10854183861692827,0.3727525074909653,-0.2135038359935305,1043,370,12.279614093945773,2.0,0.39533583118491644,0.04291516533092885,0.0024559228187891547,0.0354741555573643,0.007441009773564549,2.5,0.02,0.02,0.25,5,True,0.2766457097912571,-0.26117110225340257,982
0.0421241240689513,0.11302606806553242,0.37269388195055825,-0.24118874809254964,1004,368,11.806772999749953,2.0,0.3935552512628169,0.04448547866890128,0.002361354599949991,0.036839604253938715,0.007645874414962574,3.0,0.02,0.02,0.2,5,True,0.2766457097912571,-0.26117110225340257,982
0.043433415865425935,0.11654295387597023,0.3726816115511329,-0.24773444494676766,961,360,11.29134136254585,2.0,0.39202746231595165,0.0456916841379351,0.0022582682725091697,0.03225328174276782,0.013438402395167283,3.5,0.01,0.03,0.15,5,True,0.2766457097912571,-0.26117110225340257,982
0.044368030975463095,0.11924634748525605,0.37207035612515416,-0.2573947530995524,959,360,11.269304561403997,2.0,0.39095192353744074,0.046621891887743884,0.0022538609122808,0.02940680137846309,0.0172150905092808,4.0,0.02,0.02,0.2,5,True,0.2766457097912571,-0.26117110225340257,982
0.04203071433946597,0.11315073973516937,0.3714577071068148,-0.23872059314011418,1004,368,11.806772999749953,2.0,0.3922956695972562,0.04439206893941595,0.002361354599949991,0.0371541192813275,0.007237949658088459,3.0,0.02,0.02,0.15,5,True,0.2766457097912571,-0.26117110225340257,982
0.042975397764620386,0.11597555846582074,0.37055564407810726,-0.2490107535233006,961,360,11.29134136254585,2.0,0.38999765807904585,0.045233666037129555,0.0022582682725091697,0.03179246359364624,0.013441202443483308,3.5,0.01,0.03,0.25,5,True,0.2766457097912571,-0.26117110225340257,982
0.04427119203641133,0.1195186634517032,0.37041237542202826,-0.24635554568009654,962,361,11.306126073486372,2.0,0.3893112140465832,0.0465324172511086,0.0022612252146972747,0.030857569347561627,0.015674847903546976,4.0,0.03,0.01,0.1,5,True,0.2766457097912571,-0.26117110225340257,982
0.04446549765745933,0.12005501378430769,0.3703760155935394,-0.23639949688419692,954,361,11.193326446094039,2.0,0.3890017449101746,0.046704162946678125,0.0022386652892188077,0.03328522518977766,0.013418937756900453,3.5,0.02,0.01,0.15,5,True,0.2766457097912571,-0.26117110225340257,982
0.04446549765745933,0.12005501378430769,0.3703760155935394,-0.23639949688419692,954,361,11.193326446094039,2.0,0.3890017449101746,0.046704162946678125,0.0022386652892188077,0.03328522518977766,0.013418937756900453,3.5,0.02,0.01,0.2,5,True,0.2766457097912571,-0.26117110225340257,982
0.04446549765745933,0.12005501378430769,0.3703760155935394,-0.23639949688419692,954,361,11.193326446094039,2.0,0.3890017449101746,0.046704162946678125,0.0022386652892188077,0.03328522518977766,0.013418937756900453,3.5,0.02,0.01,0.25,5,True,0.2766457097912571,-0.26117110225340257,982
0.04278643173964813,0.11560744922215495,0.3701009928644681,-0.23486282167966666,961,360,11.29571379890876,2.0,0.38961493262127206,0.045045574499429884,0.0022591427597817523,0.03310898711376302,0.011936587385666862,4.0,0.02,0.03,0.25,5,True,0.2766457097912571,-0.26117110225340257,982
0.04444113136215073,0.12018059596294005,0.3697862454922007,-0.23832216701743814,954,361,11.193326446094039,2.0,0.38839292421531746,0.046679796651369516,0.0022386652892188077,0.033390581152542814,0.013289215498826702,3.5,0.02,0.01,0.1,5,True,0.2766457097912571,-0.26117110225340257,982
0.044116520821143625,0.11932640383777325,0.36971298390187773,-0.2441483044314502,963,361,11.31969269528987,2.0,0.3886648034185056,0.0463804593602016,0.0022639385390579745,0.030574032054848953,0.01580642730535263,4.0,0.03,0.01,0.2,5,True,0.2766457097912571,-0.26117110225340257,982
0.044116520821143625,0.11932640383777325,0.36971298390187773,-0.2441483044314502,963,361,11.31969269528987,2.0,0.3886648034185056,0.0463804593602016,0.0022639385390579745,0.030574032054848953,0.01580642730535263,4.0,0.03,0.01,0.25,5,True,0.2766457097912571,-0.26117110225340257,982
0.04305266345704455,0.1164648308097238,0.3696623534995084,-0.23158710424257967,977,362,11.477475780114071,2.0,0.3893462302655855,0.04534815861306734,0.0022954951560228143,0.038925838520296074,0.006422320092771274,3.5,0.02,0.03,0.1,5,True,0.2766457097912571,-0.26117110225340257,982
0.04265145738141828,0.11539019144694028,0.3696281013714294,-0.23448378386484403,973,361,11.443486644924656,2.0,0.3894330156339958,0.04494015471040321,0.0022886973289849314,0.03562213315999579,0.009318021550407424,4.0,0.03,0.02,0.2,5,True,0.2766457097912571,-0.26117110225340257,982
0.042616045450233404,0.11531031621645321,0.3695770408801695,-0.23396180530616562,973,361,11.443486644924656,2.0,0.38939585388122255,0.04490474277921834,0.0022886973289849314,0.035074788611084325,0.009829954168134009,4.0,0.03,0.02,0.25,5,True,0.2766457097912571,-0.26117110225340257,982
0.04267320507268285,0.11552581821998319,0.3693824093193171,-0.22951050114081717,973,361,11.443486644924656,2.0,0.3891639828981542,0.0449619024016678,0.0022886973289849314,0.035833612164205525,0.009128290237462255,4.0,0.03,0.02,0.15,5,True,0.2766457097912571,-0.26117110225340257,982
0.04407746894491017,0.11932748877311566,0.3693823560530738,-0.24458476633762416,963,361,11.31969269528987,2.0,0.38833360560743707,0.046341407483968144,0.0022639385390579745,0.030574032054848953,0.01576737542911918,4.0,0.03,0.01,0.15,5,True,0.2766457097912571,-0.26117110225340257,982
0.04431739946970802,0.12000955783146806,0.36928224943503146,-0.25939834164911335,949,360,11.136220896008805,2.0,0.3878274763846103,0.046544643648909784,0.0022272441792017613,0.03229741810740675,0.014247225541503039,3.5,0.01,0.02,0.2,5,True,0.2766457097912571,-0.26117110225340257,982
0.04447395987776877,0.12065797040979631,0.3685952923517591,-0.25026115617271116,948,360,11.122654274205305,2.0,0.3870174078625353,0.046698490732609815,0.0022245308548410614,0.03196314056687496,0.014735350165734877,3.5,0.01,0.02,0.1,5,True,0.2766457097912571,-0.26117110225340257,982
0.040692413117795354,0.11056756225135722,0.3680321089587543,-0.21499212757710773,1009,368,11.868941225578004,2.0,0.3894757506850276,0.04306620136291096,0.002373788245115601,0.03854304041734815,0.004523160945562802,3.0,0.02,0.03,0.15,5,True,0.2766457097912571,-0.26117110225340257,982
0.03995053056043443,0.10855865874076297,0.36800869708454964,-0.2135038359935305,1043,370,12.279614093945773,2.0,0.39058846171605194,0.04240645337922357,0.0024559228187891547,0.03523422871732194,0.007172224661901645,2.5,0.02,0.02,0.2,5,True,0.2766457097912571,-0.26117110225340257,982
0.0449292883774884,0.12220131857896217,0.367666150414381,-0.268700369491352,935,360,10.963002030885567,2.0,0.3855987118891317,0.04712188878366553,0.0021926004061771135,0.030642463604150467,0.016479425179515044,4.0,0.02,0.01,0.15,5,True,0.2766457097912571,-0.26117110225340257,982
0.0449292883774884,0.12220131857896217,0.367666150414381,-0.268700369491352,935,360,10.963002030885567,2.0,0.3855987118891317,0.04712188878366553,0.0021926004061771135,0.030642463604150467,0.016479425179515044,4.0,0.02,0.01,0.2,5,True,0.2766457097912571,-0.26117110225340257,982
0.0449292883774884,0.12220131857896217,0.367666150414381,-0.268700369491352,935,360,10.963002030885567,2.0,0.3855987118891317,0.04712188878366553,0.0021926004061771135,0.030642463604150467,0.016479425179515044,4.0,0.02,0.01,0.25,5,True,0.2766457097912571,-0.26117110225340257,982
0.04042328914748826,0.11021155914783626,0.3667790335246507,-0.21270620650176553,1009,368,11.868941225578004,2.0,0.3882920679507451,0.042797077392603855,0.002373788245115601,0.03782098415571013,0.004976093236893736,3.0,0.02,0.03,0.25,5,True,0.2766457097912571,-0.26117110225340257,982
0.04202377495176764,0.11488941355907362,0.36577586785365507,-0.23695338897559504,978,362,11.511319753942153,2.0,0.38579087461122114,0.04432603890255606,0.0023022639507884303,0.03449441011448122,0.009831628788074843,4.0,0.03,0.03,0.1,5,True,0.2766457097912571,-0.26117110225340257,982
0.03958504559925556,0.10867407676170211,0.36425472181426205,-0.21164422890433576,1043,370,12.279614093945773,2.0,0.38681032912796703,0.04204096841804471,0.0024559228187891547,0.03513751753140352,0.0069034508866412025,2.5,0.02,0.02,0.15,5,True,0.2766457097912571,-0.26117110225340257,982
0.03884067374841627,0.10672737536722006,0.36392419109695157,-0.21596271535972966,1036,369,12.201348470528997,2.0,0.3867547397632307,0.04128094344252206,0.0024402696941057994,0.033961172602860724,0.007319770839661349,3.0,0.03,0.03,0.15,5,True,0.2766457097912571,-0.26117110225340257,982
0.03949021524879705,0.1085609918992407,0.3637606340724052,-0.220683942867819,1027,369,12.08528140025156,2.0,0.3859959936241502,0.04190727152884736,0.002417056280050312,0.03670891717484044,0.005198354354006915,3.0,0.03,0.02,0.25,5,True,0.2766457097912571,-0.26117110225340257,982
0.04240121845101628,0.11685072205247142,0.3628665506403645,-0.24848922010783758,983,367,11.55628246644871,2.0,0.3826220447379681,0.044712474944306003,0.002311256493289742,0.03294220916138858,0.011770265782917426,3.0,0.01,0.02,0.25,5,True,0.2766457097912571,-0.26117110225340257,982
0.039503980674255375,0.10888558090788916,0.3628026809874251,-0.22010885048489814,1027,369,12.08528140025156,2.0,0.3849714186152033,0.04192103695430568,0.002417056280050312,0.03728959473776015,0.00463144221654554,3.0,0.03,0.02,0.15,5,True,0.2766457097912571,-0.26117110225340257,982
0.03798557208805027,0.10487391123190402,0.3622023021917634,-0.19411229662610985,1066,376,12.549280108543961,2.0,0.38609611972552976,0.04049542810975905,0.0025098560217087923,0.03459303160558306,0.005902396504175996,2.0,0.01,0.03,0.15,5,True,0.2766457097912571,-0.26117110225340257,982
0.044331556665341124,0.12241419286844395,0.362143928138981,-0.2706728430526,935,360,10.963002030885567,2.0,0.3800442548050403,0.04652415707151824,0.0021926004061771135,0.030811058788486764,0.01571309828303147,4.0,0.02,0.01,0.1,5,True,0.2766457097912571,-0.26117110225340257,982
0.04383636977076605,0.1211085958575028,0.36195919422882433,-0.26512364320667725,942,360,11.042941767883965,2.0,0.38018518004962004,0.04604495812434283,0.0022085883535767933,0.030868326981538973,0.015176631142803858,4.0,0.03,0.03,0.2,15,True,0.2766457097912571,-0.26117110225340257,982
0.04382132844159062,0.12117011050051034,0.36165130377929344,-0.2632162640379122,942,360,11.042941767883965,2.0,0.37986900015907915,0.0460299167951674,0.0022085883535767933,0.031580231991314676,0.014449684803852725,4.0,0.03,0.03,0.15,15,True,0.2766457097912571,-0.26117110225340257,982
0.04231379938293548,0.11709012097941711,0.3613780481990764,-0.24636795954971846,983,367,11.55628246644871,2.0,0.38109201684697,0.044625055876225214,0.002311256493289742,0.033034891950826935,0.011590163925398283,3.0,0.01,0.02,0.15,5,True,0.2766457097912571,-0.26117110225340257,982
0.03773709304569988,0.10449066541721774,0.361152768001051,-0.1917655740641876,1066,376,12.549280108543961,2.0,0.3851372066722837,0.04024694906740867,0.0025098560217087923,0.034013521558361445,0.006233427509047216,2.0,0.01,0.03,0.25,5,True,0.2766457097912571,-0.26117110225340257,982
0.03818828409091081,0.10605663636292259,0.3600744413601018,-0.21258736469963269,1036,369,12.201348470528997,2.0,0.3830508435309012,0.0406285537850166,0.0024402696941057994,0.03295524362167491,0.007673310163341694,3.0,0.03,0.03,0.25,5,True,0.2766457097912571,-0.26117110225340257,982
0.03885668853695326,0.10801881871769031,0.3597214725936424,-0.20886095144583505,1063,376,12.51431090890413,2.0,0.38285497542657787,0.04135955071873408,0.0025028621817808263,0.03347861092013238,0.007880939798601704,2.0,0.01,0.02,0.1,5,True,0.2766457097912571,-0.26117110225340257,982
0.039611206395575305,0.11027448308161342,0.35920555044687275,-0.21499212757710806,1009,368,11.868941225578004,2.0,0.3807068250746576,0.04198499464069091,0.002373788245115601,0.037787463558749367,0.004197531081941544,3.0,0.02,0.03,0.2,5,True,0.2766457097912571,-0.26117110225340257,982
0.042236388175841,0.1177615247201298,0.3586603372894444,-0.24004595639168758,982,367,11.542715844645212,2.0,0.37824049540916355,0.044544931344770035,0.002308543168929042,0.03264108448847974,0.011903846856290295,3.0,0.01,0.02,0.1,5,True,0.2766457097912571,-0.26117110225340257,982
0.043621095032307065,0.1216672255037104,0.3585279014271332,-0.26787852277772817,941,360,11.029375146080465,2.0,0.37664854944125836,0.04582697006152315,0.0022058750292160935,0.0319787225199696,0.013848247541553555,4.0,0.03,0.03,0.1,15,True,0.2766457097912571,-0.26117110225340257,982
0.03641205087829426,0.10181422591664119,0.35763225178479535,-0.17600722018205406,1087,377,12.81789105031777,2.0,0.38276772687358435,0.038975629088357805,0.002563578210063554,0.031991546820003415,0.00698408226835439,2.0,0.02,0.03,0.15,5,True,0.2766457097912571,-0.26117110225340257,982
0.038784660888485846,0.10859084244443988,0.35716327468708864,-0.22068394286781967,1027,369,12.08528140025156,2.0,0.37939239497862565,0.041201717168536156,0.002417056280050312,0.03646899033479807,0.004732726833738088,3.0,0.03,0.02,0.2,5,True,0.2766457097912571,-0.26117110225340257,982
0.037309422186934615,0.10458181461964267,0.3567486596271693,-0.1941122966261093,1066,376,12.549280108543961,2.0,0.38071245003508253,0.039819278208643394,0.0025098560217087923,0.03399802570250365,0.005821252506139751,2.0,0.01,0.03,0.2,5,True,0.2766457097912571,-0.26117110225340257,982
0.04007573523185338,0.11243067442782052,0.35644841086123374,-0.23346325175944305,1019,369,11.991224087970279,2.0,0.377752865458552,0.04247398004944743,0.002398244817594056,0.03572655034838257,0.006747429701064873,3.0,0.03,0.01,0.1,5,True,0.2766457097912571,-0.26117110225340257,982
0.03998713108647643,0.11222624297939304,0.3563082040786027,-0.23321433144125936,1019,369,11.991224087970279,2.0,0.37765119079773,0.04238537590407049,0.002398244817594056,0.035726321937059276,0.006659053967011234,3.0,0.03,0.01,0.2,5,True,0.2766457097912571,-0.26117110225340257,982
0.03998713108647643,0.11222624297939304,0.3563082040786027,-0.23321433144125936,1019,369,11.991224087970279,2.0,0.37765119079773,0.04238537590407049,0.002398244817594056,0.035726321937059276,0.006659053967011234,3.0,0.03,0.01,0.25,5,True,0.2766457097912571,-0.26117110225340257,982
0.03994807921024299,0.11222697886399828,0.3559578954598241,-0.23321433144125936,1019,369,11.991224087970279,2.0,0.3773005158052929,0.042346324027837036,0.002398244817594056,0.035726321937059276,0.006620002090777785,3.0,0.03,0.01,0.15,5,True,0.2766457097912571,-0.26117110225340257,982
0.03774177530897142,0.10622593797306788,0.3552971715678362,-0.21569202844557855,1036,369,12.201348470528997,2.0,0.378237026304494,0.04018204500307721,0.0024402696941057994,0.033192414839078234,0.0069896301639989795,3.0,0.03,0.03,0.2,5,True,0.2766457097912571,-0.26117110225340257,982
0.042915916941704366,0.12100567932783471,0.35466035296933784,-0.26416603885340295,942,360,11.042941767883965,2.0,0.37290157035496413,0.045124505295281156,0.0022085883535767933,0.03079473719696815,0.014329768098313003,4.0,0.03,0.03,0.25,15,True,0.2766457097912571,-0.26117110225340257,982
0.0413862875538312,0.1168759989633255,0.3541042465597902,-0.2487267008483386,983,367,11.55628246644871,2.0,0.3738544538420965,0.04369754404712092,0.002311256493289742,0.03270228232134621,0.010995261725774724,3.0,0.01,0.02,0.2,5,True,0.2766457097912571,-0.26117110225340257,982
0.0428239893549283,0.12199611613236337,0.35102748114099896,-0.27107169667317843,940,360,11.015625679023252,2.0,0.3690798881392906,0.045027114490732933,0.0022031251358046507,0.03161637950954195,0.013410734981190995,4.0,0.03,0.02,0.2,15,True,0.2766457097912571,-0.26117110225340257,982
0.0428239893549283,0.12199611613236337,0.35102748114099896,-0.27107169667317843,940,360,11.015625679023252,2.0,0.3690798881392906,0.045027114490732933,0.0022031251358046507,0.03161637950954195,0.013410734981190995,4.0,0.03,0.02,0.25,15,True,0.2766457097912571,-0.26117110225340257,982
0.04281377517227931,0.1219977028551358,0.35093919123311557,-0.27107169667317765,940,360,11.015625679023252,2.0,0.36899107598484604,0.04501690030808394,0.0022031251358046507,0.03161378450474159,0.013403115803342363,4.0,0.03,0.02,0.15,15,True,0.2766457097912571,-0.26117110225340257,982
0.03544422625350928,0.10138618470284859,0.3495962133045275,-0.18671078316867118,1087,377,12.81789105031777,2.0,0.3748406478627146,0.038007804463572825,0.002563578210063554,0.03136524353625817,0.006642560927314659,2.0,0.02,0.03,0.25,5,True,0.2766457097912571,-0.26117110225340257,982
0.03543540457294303,0.10155470920615202,0.3489292111605634,-0.186785257528432,1087,377,12.81789105031777,2.0,0.37413218335947324,0.03799898278300658,0.002563578210063554,0.0316024147536615,0.006396568029345088,2.0,0.02,0.03,0.2,5,True,0.2766457097912571,-0.26117110225340257,982
0.04211780764747138,0.12085689178127476,0.3484932222458248,-0.2699536816032583,943,360,11.064370958280128,2.0,0.36679101123759345,0.0443306818391274,0.0022128741916560253,0.03293818434635423,0.011392497492773167,4.0,0.03,0.01,0.1,10,True,0.2766457097912571,-0.26117110225340257,982
0.03948671560316433,0.11374420323740035,0.34715365248767827,-0.24852448031150975,1004,368,11.806772999749953,2.0,0.3678851349319279,0.041848070203114304,0.002361354599949991,0.036549871594101946,0.005298198609012375,3.0,0.02,0.02,0.1,5,True,0.2766457097912571,-0.26117110225340257,982
0.04238105809151708,0.12211991706451217,0.34704460263536274,-0.27467318087243764,940,360,11.015625679023252,2.0,0.3650775768483862,0.04458418322732172,0.0022031251358046507,0.03207857514671598,0.012505608080605756,4.0,0.03,0.02,0.1,15,True,0.2766457097912571,-0.26117110225340257,982
0.04107358817209017,0.11842708661163875,0.3468259614186401,-0.2589323252858813,943,357,11.065455220941436,2.0,0.36549533294131925,0.04328667921627845,0.0022130910441882866,0.026250671945497402,0.01703600727078105,4.0,0.01,0.03,0.25,5,True,0.2766457097912571,-0.26117110225340257,982
0.0387150282301392,0.1118882805514823,0.34601504321380244,-0.22131151005256056,1029,370,12.113621020599425,2.0,0.36763091784611235,0.04113775243425907,0.0024227242041198853,0.031246169874997367,0.00989158255926172,2.5,0.02,0.01,0.15,5,True,0.2766457097912571,-0.26117110225340257,982
0.0387150282301392,0.1118882805514823,0.34601504321380244,-0.22131151005256056,1029,370,12.113621020599425,2.0,0.36763091784611235,0.04113775243425907,0.0024227242041198853,0.031246169874997367,0.00989158255926172,2.5,0.02,0.01,0.2,5,True,0.2766457097912571,-0.26117110225340257,982
0.0387150282301392,0.1118882805514823,0.34601504321380244,-0.22131151005256056,1029,370,12.113621020599425,2.0,0.36763091784611235,0.04113775243425907,0.0024227242041198853,0.031246169874997367,0.00989158255926172,2.5,0.02,0.01,0.25,5,True,0.2766457097912571,-0.26117110225340257,982
0.038733080204884016,0.11199801542796362,0.3458372012832395,-0.22156430550446493,1029,370,12.113621020599425,2.0,0.3674331199879023,0.041155804409003884,0.0024227242041198853,0.03154772321042379,0.009608081198580101,2.5,0.02,0.01,0.1,5,True,0.2766457097912571,-0.26117110225340257,982
0.038337131758239065,0.1109624606404536,0.3454964096593086,-0.22678698589149848,1025,370,12.0525435953059,2.0,0.36718423832629266,0.040747640477300236,0.00241050871906118,0.029384632890068436,0.011363007587231803,2.5,0.02,0.03,0.25,10,True,0.2766457097912571,-0.26117110225340257,982
0.03850574335912539,0.11159808188797203,0.3450394729703281,-0.2415912870878828,993,364,11.661583067493087,2.0,0.3659108094004849,0.040838059972624,0.0023323166134986174,0.037743081877282224,0.003094978095341767,3.5,0.03,0.02,0.2,5,True,0.2766457097912571,-0.26117110225340257,982
0.038424026330482745,0.11151496515740632,0.3445638554094172,-0.23938282202470262,993,364,11.661583067493087,2.0,0.36545116146135237,0.040756342943981366,0.0023323166134986174,0.03719573732837077,0.003560605615610593,3.5,0.03,0.02,0.25,5,True,0.2766457097912571,-0.26117110225340257,982
0.039863329901906185,0.11581890712403223,0.34418672125109884,-0.2553124628545991,986,367,11.58993494743506,2.0,0.3641731638135758,0.042181316891393185,0.002317986989487012,0.03480479358272565,0.007376523308667535,3.0,0.01,0.03,0.1,5,True,0.2766457097912571,-0.26117110225340257,982
0.03640407012543382,0.10582289120214584,0.34400940771778526,-0.2043125873363294,1066,376,12.549280108543961,2.0,0.3676924631640461,0.038913926147142605,0.0025098560217087923,0.035177985812276304,0.003735940334866296,2.0,0.01,0.03,0.1,5,True,0.2766457097912571,-0.26117110225340257,982
0.03843779175594108,0.1118319083626032,0.3437104160943993,-0.2415912870878838,993,364,11.661583067493087,2.0,0.36453783398620687,0.04077010836943969,0.0023323166134986174,0.03777641489129048,0.0029936934781492207,3.5,0.03,0.02,0.15,5,True,0.2766457097912571,-0.26117110225340257,982
0.04148950348499989,0.1207372989818561,0.34363451754237734,-0.2698254964452962,944,360,11.077937580083628,2.0,0.3619730921150286,0.04370509100101662,0.002215587516016725,0.03219996524762926,0.011505125753387352,4.0,0.03,0.01,0.15,10,True,0.2766457097912571,-0.26117110225340257,982
0.04148950348499989,0.1207372989818561,0.34363451754237734,-0.2698254964452962,944,360,11.077937580083628,2.0,0.3619730921150286,0.04370509100101662,0.002215587516016725,0.03219996524762926,0.011505125753387352,4.0,0.03,0.01,0.2,10,True,0.2766457097912571,-0.26117110225340257,982
0.04148950348499989,0.1207372989818561,0.34363451754237734,-0.2698254964452962,944,360,11.077937580083628,2.0,0.3619730921150286,0.04370509100101662,0.002215587516016725,0.03219996524762926,0.011505125753387352,4.0,0.03,0.01,0.25,10,True,0.2766457097912571,-0.26117110225340257,982
0.04068367499137075,0.11847362167149791,0.3433985930148899,-0.2746686960503445,961,360,11.29134136254585,2.0,0.36243392045958256,0.042941943263879914,0.0022582682725091697,0.032639179166086975,0.010302764097792941,3.5,0.01,0.03,0.1,5,True,0.2766457097912571,-0.26117110225340257,982
0.037391558042764284,0.10908042878282573,0.34278888027850724,-0.22108097487132117,1043,370,12.279614093945773,2.0,0.36526344842369146,0.03984748086155343,0.0024559228187891547,0.03476079734117934,0.005086683520374091,2.5,0.02,0.02,0.1,5,True,0.2766457097912571,-0.26117110225340257,982
0.040609421596800345,0.11850142598843325,0.34269141707007117,-0.25521114736441597,943,357,11.065455220941436,2.0,0.3613487929683569,0.04282251264098862,0.0022130910441882866,0.026364322627252714,0.016458190013735913,4.0,0.01,0.03,0.2,5,True,0.2766457097912571,-0.26117110225340257,982
0.04033943677831136,0.11780270850266127,0.3424321672315374,-0.250049372291541,954,360,11.203246231056832,2.0,0.3614354174415727,0.04258008602452272,0.0022406492462113676,0.03107337201520403,0.011506714009318679,4.0,0.03,0.03,0.1,10,True,0.2766457097912571,-0.26117110225340257,982
0.040581070985811554,0.11908843158874052,0.3407641736852665,-0.25849734611901487,943,357,11.065455220941436,2.0,0.3593273248809762,0.04279416202999984,0.002213091044188287,0.02733811568310185,0.015456046346897989,4.0,0.01,0.03,0.15,5,True,0.2766457097912571,-0.26117110225340257,982
0.039682187825778495,0.11700341944030584,0.33915408639850914,-0.2544528051587147,973,361,11.443486644924656,2.0,0.35868964194275876,0.04197088515476343,0.0022886973289849314,0.035314226367757585,0.006656658787005844,4.0,0.03,0.02,0.1,5,True,0.2766457097912571,-0.26117110225340257,982
0.040034418232132975,0.11833613144281702,0.338311027612717,-0.24438583652939982,949,359,11.129572370781403,2.0,0.3571114472508629,0.042260332706289254,0.0022259144741562805,0.032508690791633994,0.009751641914655267,3.5,0.02,0.03,0.15,10,True,0.2766457097912571,-0.26117110225340257,982
0.04056964487964452,0.12007460609541115,0.3378703141229372,-0.2665262968179425,959,360,11.269304561403997,2.0,0.35662319610594645,0.042823505791925315,0.0022538609122808,0.02750800175791464,0.015315504034010668,4.0,0.02,0.02,0.1,5,True,0.2766457097912571,-0.26117110225340257,982
0.03759791749451674,0.11132932815424389,0.33771799505001776,-0.22021877759577568,1025,370,12.0525435953059,2.0,0.3593338813996461,0.04000842621357792,0.0024105087190611795,0.030225070093615563,0.009783356119962354,2.5,0.02,0.03,0.15,10,True,0.2766457097912571,-0.26117110225340257,982
0.037953753311189366,0.11248195060050897,0.33742083159622616,-0.21559416762351236,1021,370,12.006621787261368,2.0,0.35873750068535704,0.04035507766864164,0.0024013243574522738,0.0308671080955398,0.009487969573101837,2.5,0.02,0.02,0.2,10,True,0.2766457097912571,-0.26117110225340257,982
0.037953753311189366,0.11248195060050897,0.33742083159622616,-0.21559416762351236,1021,370,12.006621787261368,2.0,0.35873750068535704,0.04035507766864164,0.0024013243574522738,0.0308671080955398,0.009487969573101837,2.5,0.02,0.02,0.25,10,True,0.2766457097912571,-0.26117110225340257,982
0.039901309140043494,0.11833202664713673,0.33719788522703364,-0.2564582791959359,951,360,11.164858518861745,2.0,0.3560531215927324,0.04213428084381583,0.0022329717037723493,0.030466745883046417,0.011667534960769416,4.0,0.03,0.02,0.25,10,True,0.2766457097912571,-0.26117110225340257,982
0.0379425795157906,0.11254097036188047,0.3371445918209569,-0.2181478666247576,1021,370,12.006621787261368,2.0,0.3584495904516887,0.04034390387324287,0.0024013243574522738,0.0312949827392289,0.009048921134013968,2.5,0.02,0.02,0.15,10,True,0.2766457097912571,-0.26117110225340257,982
0.039896080334890435,0.1184103273190557,0.33693074952314556,-0.26265173982988443,961,360,11.29571379890876,2.0,0.3559877098955273,0.042155223094672185,0.0022591427597817523,0.032741557478676624,0.009413665615995565,4.0,0.02,0.03,0.1,5,True,0.2766457097912571,-0.26117110225340257,982
0.04122843378960918,0.12280181641311494,0.3357314654932586,-0.2930144037553869,932,360,10.922340643225777,2.0,0.35351043260510184,0.043412901918254324,0.0021844681286451555,0.03313625326458218,0.01027664865367215,4.0,0.03,0.01,0.1,15,True,0.2766457097912571,-0.26117110225340257,982
0.04038162817474678,0.12043669842149994,0.3352933840266913,-0.2614886928982372,930,356,10.913957292794278,2.0,0.3534090529523569,0.04256441963330563,0.0021827914585588557,0.0298410889476795,0.01272333068562614,4.0,0.02,0.03,0.15,10,True,0.2766457097912571,-0.26117110225340257,982
0.03716698488438858,0.11105488109592582,0.3346722315814726,-0.224166452224013,1025,370,12.0525435953059,2.0,0.35634264645226055,0.039577493603449754,0.00241050871906118,0.029144706050026066,0.010432787553423688,2.5,0.02,0.03,0.2,10,True,0.2766457097912571,-0.26117110225340257,982
0.03664205733205841,0.10961892806271673,0.3342676121690794,-0.23504491262428184,1027,369,12.08528140025156,2.0,0.35629135957654157,0.03905911361210872,0.002417056280050312,0.036255810604893385,0.0028033030072153364,3.0,0.03,0.02,0.1,5,True,0.2766457097912571,-0.26117110225340257,982
0.04101732347386755,0.12274170063589565,0.33417594233554304,-0.26609618830472725,927,356,10.858540339131208,2.0,0.3518691917209159,0.043189031541693804,0.0021717080678262416,0.029049097518229323,0.014139934023464473,4.0,0.01,0.02,0.25,5,True,0.2766457097912571,-0.26117110225340257,982
0.04081090135888262,0.12220320959043075,0.33395932476456297,-0.25213130222947755,926,356,10.85969080558028,2.0,0.35172947120988957,0.042982839519998664,0.0021719381611160563,0.027685442808009175,0.015297396711989483,4.0,0.02,0.02,0.25,10,True,0.2766457097912571,-0.26117110225340257,982
0.04080830635408226,0.12220318940160448,0.3339381447727293,-0.25213130222947644,926,356,10.85969080558028,2.0,0.3517083695904238,0.0429802445151983,0.0021719381611160563,0.02768284780320882,0.015297396711989483,4.0,0.02,0.02,0.2,10,True,0.2766457097912571,-0.26117110225340257,982
0.03734814463206126,0.11205169787550215,0.33331172432173095,-0.2275491598872308,1012,369,11.898596153956003,2.0,0.35452286540064853,0.03972786386285246,0.002379719230791201,0.03236546398128071,0.007362399881571764,3.0,0.03,0.02,0.25,10,True,0.2766457097912571,-0.26117110225340257,982
0.039914456773340413,0.11987780969505599,0.3329595099783223,-0.24252255320372829,946,359,11.09691791921728,2.0,0.3514681101959046,0.04213384035718386,0.0022193835838434555,0.030973374691831337,0.011160465665352521,3.5,0.02,0.02,0.2,10,True,0.2766457097912571,-0.26117110225340257,982
0.039914456773340413,0.11987780969505599,0.3329595099783223,-0.24252255320372829,946,359,11.09691791921728,2.0,0.3514681101959046,0.04213384035718386,0.0022193835838434555,0.030973374691831337,0.011160465665352521,3.5,0.02,0.02,0.25,10,True,0.2766457097912571,-0.26117110225340257,982
0.03940213385421194,0.11835430884474914,0.33291676694168826,-0.25669299961255343,951,360,11.164858518861745,2.0,0.35176776161202156,0.04163510555798428,0.0022329717037723493,0.030380159764957036,0.011254945793027249,4.0,0.03,0.02,0.2,10,True,0.2766457097912571,-0.26117110225340257,982
0.039369174524848026,0.11846266787955002,0.33233401905887894,-0.2582429182078596,951,360,11.164858518861745,2.0,0.3511674344612125,0.041602146228620365,0.0022329717037723493,0.03092183022943244,0.010680315999187921,4.0,0.03,0.02,0.15,10,True,0.2766457097912571,-0.26117110225340257,982
0.040755065775270785,0.1227853571391435,0.33192122191806717,-0.293014403755387,932,360,10.922340643225777,2.0,0.3497028303422377,0.04293953390391594,0.0021844681286451555,0.032662885250243794,0.01027664865367215,4.0,0.03,0.01,0.15,15,True,0.2766457097912571,-0.26117110225340257,982
0.040755065775270785,0.1227853571391435,0.33192122191806717,-0.293014403755387,932,360,10.922340643225777,2.0,0.3497028303422377,0.04293953390391594,0.0021844681286451555,0.032662885250243794,0.01027664865367215,4.0,0.03,0.01,0.2,15,True,0.2766457097912571,-0.26117110225340257,982
0.040755065775270785,0.1227853571391435,0.33192122191806717,-0.293014403755387,932,360,10.922340643225777,2.0,0.3497028303422377,0.04293953390391594,0.0021844681286451555,0.032662885250243794,0.01027664865367215,4.0,0.03,0.01,0.25,15,True,0.2766457097912571,-0.26117110225340257,982
0.039877180532469324,0.12015811660123712,0.33187254977379327,-0.2640103748733029,930,356,10.913957292794278,2.0,0.3500303499022162,0.04205997199102817,0.0021827914585588557,0.028976959721503458,0.013083012269524715,4.0,0.02,0.03,0.2,10,True,0.2766457097912571,-0.26117110225340257,982
0.040726721891692005,0.12293800150528728,0.3312785419725604,-0.2631044357758372,927,356,10.858540339131208,2.0,0.3489429984453275,0.042898429959518244,0.0021717080678262416,0.029023410430485865,0.01387501952903238,4.0,0.01,0.02,0.15,5,True,0.2766457097912571,-0.26117110225340257,982
0.0370218623444931,0.1119070901744544,0.3308267803834316,-0.23156027510769284,1009,368,11.868941225578004,2.0,0.35201280000962204,0.039395650589608706,0.002373788245115601,0.0369246671193458,0.002470983470262908,3.0,0.02,0.03,0.1,5,True,0.2766457097912571,-0.26117110225340257,982
0.03584045969093276,0.10844027190821993,0.3305087589716381,-0.22153251432134957,1034,369,12.174215226922,2.0,0.35293926035259704,0.03827530273631715,0.0024348430453844,0.03337409726664523,0.004901205469671926,3.0,0.03,0.03,0.1,5,True,0.2766457097912571,-0.26117110225340257,982
0.036935555464319085,0.11206022740059716,0.32960450216007914,-0.22779230031286346,1012,369,11.898596153956003,2.0,0.3508133217416086,0.039315274695110286,0.002379719230791201,0.03236546398128071,0.006949810713829592,3.0,0.03,0.02,0.2,10,True,0.2766457097912571,-0.26117110225340257,982
0.03394322132454074,0.1031024379704988,0.329218416098493,-0.20311791699474502,1086,377,12.804324428514272,2.0,0.3540222873630766,0.03650408621024358,0.0025608648857028543,0.032581606811238895,0.003922479399004693,2.0,0.02,0.03,0.1,5,True,0.2766457097912571,-0.26117110225340257,982
0.03691207589046704,0.1121728397203573,0.3290642902728278,-0.22839756683486345,1012,369,11.898596153956003,2.0,0.3502519755220573,0.03929179512125824,0.002379719230791201,0.032820548327666725,0.0064712467935915206,3.0,0.03,0.02,0.15,10,True,0.2766457097912571,-0.26117110225340257,982
0.03344957347310433,0.10173387455506361,0.328794844582467,-0.2017985457829583,1100,379,12.983833043255222,2.0,0.354290737671248,0.03604634008175536,0.0025967666086510453,0.031000052254059943,0.0050462878276954235,2.0,0.03,0.02,0.25,5,True,0.2766457097912571,-0.26117110225340257,982
0.04017198115387798,0.12221681171324082,0.3286943963825052,-0.25892051136598726,926,356,10.85969080558028,2.0,0.34646248008912317,0.04234391931499403,0.0021719381611160563,0.028113317451698285,0.01423060186329574,4.0,0.02,0.02,0.15,10,True,0.2766457097912571,-0.26117110225340257,982
0.039464655315867875,0.12007440639587216,0.32866833574639737,-0.2642061549529251,930,356,10.913957292794278,2.0,0.3468387606734,0.04164744677442672,0.0021827914585588557,0.029043704640642938,0.012603742133783784,4.0,0.02,0.03,0.25,10,True,0.2766457097912571,-0.26117110225340257,982
0.03940500979389596,0.11989673342174233,0.3286579097637882,-0.24842813772172823,946,359,11.09691791921728,2.0,0.34716325880677495,0.041624393377739405,0.0022193835838434555,0.03140124933552046,0.010223144042218957,3.5,0.02,0.02,0.15,10,True,0.2766457097912571,-0.26117110225340257,982
0.03860970386169922,0.11794629676003265,0.32734986110036585,-0.2483427136790154,949,359,11.129572370781403,2.0,0.346211615209712,0.0408356183358555,0.0022259144741562805,0.031288366058025194,0.009547252277830306,3.5,0.02,0.03,0.25,10,True,0.2766457097912571,-0.26117110225340257,982
0.035344900478655614,0.1080543861151585,0.32710287614782185,-0.20213639170718112,1063,377,12.510677615757201,2.0,0.3502305201136629,0.03784703600180704,0.002502135523151441,0.03136162924713157,0.006485406754675478,2.0,0.02,0.02,0.2,10,True,0.2766457097912571,-0.26117110225340257,982
0.035344900478655614,0.1080543861151585,0.32710287614782185,-0.20213639170718112,1063,377,12.510677615757201,2.0,0.3502305201136629,0.03784703600180704,0.002502135523151441,0.03136162924713157,0.006485406754675478,2.0,0.02,0.02,0.25,10,True,0.2766457097912571,-0.26117110225340257,982
0.038559400128092294,0.11805398030254058,0.32662515934892605,-0.24873309834074286,949,359,11.129572370781403,2.0,0.3454698669250594,0.04078531460224857,0.0022259144741562805,0.031122029002553654,0.00966328559969491,3.5,0.02,0.03,0.2,10,True,0.2766457097912571,-0.26117110225340257,982
0.03461395143037016,0.10609765857829274,0.3262461386443081,-0.21559955121836183,1065,377,12.53175736493365,2.0,0.3498407480464352,0.03712030290335688,0.00250635147298673,0.0319401652285317,0.005180137674825181,2.0,0.02,0.03,0.25,10,True,0.2766457097912571,-0.26117110225340257,982
0.035247140565167465,0.10812979302429869,0.3259706652471517,-0.20473307673360797,1063,377,12.510677615757201,2.0,0.3490817441197599,0.037749276088318906,0.002502135523151441,0.03170291777273129,0.006046358315587607,2.0,0.02,0.02,0.15,10,True,0.2766457097912571,-0.26117110225340257,982
0.033804777220200075,0.10372121504689354,0.32591960289817806,-0.2111829612118692,1081,377,12.742523845450833,2.0,0.35045518600785897,0.036353281989290234,0.0025485047690901666,0.03327123759886566,0.0030820443904245797,2.0,0.02,0.02,0.2,5,True,0.2766457097912571,-0.26117110225340257,982
0.03322953257192186,0.10199252958010842,0.3258035927604115,-0.195557903562814,1100,379,12.983833043255222,2.0,0.3512317962243747,0.0358262991805729,0.0025967666086510453,0.030818251154440562,0.005008048026132354,2.0,0.03,0.02,0.15,5,True,0.2766457097912571,-0.26117110225340257,982
0.03995445251829922,0.12279529009058301,0.32537447070507197,-0.2665958605404557,927,356,10.858540339131208,2.0,0.34305947240863127,0.042126160586125484,0.0021717080678262416,0.028809170678186957,0.013316989907938516,4.0,0.01,0.02,0.2,5,True,0.2766457097912571,-0.26117110225340257,982
0.03308543010775759,0.10177111275009158,0.3250964759420675,-0.20179854578295675,1100,379,12.983833043255222,2.0,0.35058281677254016,0.03568219671640861,0.0025967666086510453,0.030760125414017576,0.0049220713023910515,2.0,0.03,0.02,0.2,5,True,0.2766457097912571,-0.26117110225340257,982
0.039798399832182835,0.12269335310724507,0.32437290875403363,-0.25793434642400026,926,356,10.85969080558028,2.0,0.34207241768399915,0.041970337993298884,0.0021719381611160563,0.028261421679495375,0.013708916313803502,4.0,0.02,0.02,0.1,10,True,0.2766457097912571,-0.26117110225340257,982
0.03739650112234284,0.11535497469351626,0.3241862886425199,-0.2521043504571694,988,364,11.593651912022409,2.0,0.3442636072929383,0.039715231504747324,0.0023187303824044815,0.034262672946755654,0.005452558557991661,3.5,0.03,0.01,0.2,5,True,0.2766457097912571,-0.26117110225340257,982
0.03739650112234284,0.11535497469351626,0.3241862886425199,-0.2521043504571694,988,364,11.593651912022409,2.0,0.3442636072929383,0.039715231504747324,0.0023187303824044815,0.034262672946755654,0.005452558557991661,3.5,0.03,0.01,0.25,5,True,0.2766457097912571,-0.26117110225340257,982
0.0373574492461094,0.11535614143926279,0.3238444765923348,-0.2521043504571694,988,364,11.593651912022409,2.0,0.34392138118469534,0.03967617962851388,0.0023187303824044815,0.034262672946755654,0.005413506681758213,3.5,0.03,0.01,0.15,5,True,0.2766457097912571,-0.26117110225340257,982
0.03670596609926224,0.11348756308932789,0.3234360232968469,-0.24478501218221327,993,364,11.661583067493087,2.0,0.34396223599988535,0.03903828271276085,0.0023323166134986174,0.03882564241057499,0.00021264030218585172,3.5,0.03,0.02,0.1,5,True,0.2766457097912571,-0.26117110225340257,982
0.03734825381082029,0.1155571021771651,0.32320171678898824,-0.25234462415599734,988,364,11.593651912022409,2.0,0.34324291793254835,0.03966698419322477,0.0023187303824044815,0.03412604990117946,0.005540934292045303,3.5,0.03,0.01,0.1,5,True,0.2766457097912571,-0.26117110225340257,982
0.039813291963307997,0.1232421975793128,0.3230491888761239,-0.2962948349972363,925,358,10.832230974976985,2.0,0.3406220396798245,0.041979738158303394,0.0021664461949953973,0.0308731339814554,0.011106604176847987,3.5,0.01,0.01,0.15,5,True,0.2766457097912571,-0.26117110225340257,982
0.039813291963307997,0.1232421975793128,0.3230491888761239,-0.2962948349972363,925,358,10.832230974976985,2.0,0.3406220396798245,0.041979738158303394,0.0021664461949953973,0.0308731339814554,0.011106604176847987,3.5,0.01,0.01,0.2,5,True,0.2766457097912571,-0.26117110225340257,982
0.039813291963307997,0.1232421975793128,0.3230491888761239,-0.2962948349972363,925,358,10.832230974976985,2.0,0.3406220396798245,0.041979738158303394,0.0021664461949953973,0.0308731339814554,0.011106604176847987,3.5,0.01,0.01,0.25,5,True,0.2766457097912571,-0.26117110225340257,982
0.033447482193397375,0.10362785500170049,0.3227653625837234,-0.2111829612118702,1081,377,12.742523845450833,2.0,0.3473241311794544,0.035995986962487535,0.0025485047690901666,0.032789726046758595,0.0032062609157289526,2.0,0.02,0.02,0.25,5,True,0.2766457097912571,-0.26117110225340257,982
0.03347744316205531,0.10390382177204258,0.3221964562141168,-0.20699553136897042,1081,377,12.742523845450833,2.0,0.34668919692686484,0.03602594793114548,0.0025485047690901666,0.03321267731598134,0.0028132706151641376,2.0,0.02,0.02,0.15,5,True,0.2766457097912571,-0.26117110225340257,982
0.03421123394775157,0.10633750517197449,0.3217231201016368,-0.20109275917960168,1073,377,12.633892824569655,2.0,0.3454574299698435,0.03673801251266551,0.002526778564913931,0.03293207285809835,0.0038059396545671513,2.0,0.02,0.01,0.15,5,True,0.2766457097912571,-0.26117110225340257,982
0.03421123394775157,0.10633750517197449,0.3217231201016368,-0.20109275917960168,1073,377,12.633892824569655,2.0,0.3454574299698435,0.03673801251266551,0.002526778564913931,0.03293207285809835,0.0038059396545671513,2.0,0.02,0.01,0.2,5,True,0.2766457097912571,-0.26117110225340257,982
0.03421123394775157,0.10633750517197449,0.3217231201016368,-0.20109275917960168,1073,377,12.633892824569655,2.0,0.3454574299698435,0.03673801251266551,0.002526778564913931,0.03293207285809835,0.0038059396545671513,2.0,0.02,0.01,0.25,5,True,0.2766457097912571,-0.26117110225340257,982
0.03967603868493051,0.12338105885791849,0.3215731738096049,-0.2982506464691137,925,358,10.832230974976985,2.0,0.33912607959950963,0.04184248487992591,0.0021664461949953973,0.031150304623132518,0.010692180256793386,3.5,0.01,0.01,0.1,5,True,0.2766457097912571,-0.26117110225340257,982
0.039099398356658835,0.12167584293641986,0.32134068203735167,-0.2617209990148761,930,356,10.913957292794278,2.0,0.3392741042641914,0.04128218981521769,0.0021827914585588557,0.030094105114518575,0.011188084700699118,4.0,0.02,0.03,0.1,10,True,0.2766457097912571,-0.26117110225340257,982
0.038639799159565745,0.12034963847328158,0.32106286026064,-0.24526889479012537,946,359,11.096917919217278,2.0,0.33949960880075786,0.040859182743409196,0.0022193835838434555,0.031020690123609237,0.009838492619799969,3.5,0.02,0.02,0.1,10,True,0.2766457097912571,-0.26117110225340257,982
0.039560944721321885,0.12352288177275905,0.32027219696914816,-0.2582489511896485,926,356,10.84497371732771,2.0,0.3378307791043388,0.04172993946478742,0.002168994743465542,0.02791361301285304,0.013816326451934383,4.0,0.01,0.02,0.1,5,True,0.2766457097912571,-0.26117110225340257,982
0.03573440119922525,0.11161725112453087,0.3201512386231098,-0.24626128430639438,998,364,11.723751293321135,2.0,0.3411393867856343,0.03807915145788948,0.0023447502586642272,0.035173754516416446,0.002905396941473032,3.5,0.03,0.03,0.1,5,True,0.2766457097912571,-0.26117110225340257,982
0.036159694439612595,0.11297141356863365,0.32007826845190757,-0.2380607625128076,978,364,11.468945004204407,2.0,0.34036133423105575,0.03845348344045346,0.0022937890008408813,0.031807425129816075,0.006646058310637394,3.5,0.03,0.03,0.25,10,True,0.2766457097912571,-0.26117110225340257,982
0.039076753051916255,0.12213449686355039,0.3199485326047816,-0.2866829283168447,933,359,10.92266494730524,2.0,0.33782853457390016,0.0412612860413773,0.0021845329894610486,0.03435905715909063,0.0069022288822866585,3.5,0.02,0.01,0.1,10,True,0.2766457097912571,-0.26117110225340257,982
0.033367630833231396,0.10436573083145775,0.31971826927669805,-0.21579692205038226,1081,377,12.742523845450833,2.0,0.3441053816922621,0.03591613560232156,0.0025485047690901666,0.03385747562233142,0.0020586599799901537,2.0,0.02,0.02,0.1,5,True,0.2766457097912571,-0.26117110225340257,982
0.03899630544921581,0.12209385099746049,0.3193961459207878,-0.2839641921343914,933,359,10.92266494730524,2.0,0.3372833591808817,0.041180838438676856,0.0021845329894610486,0.03388568914475224,0.007295149293924605,3.5,0.02,0.01,0.15,10,True,0.2766457097912571,-0.26117110225340257,982
0.03899630544921581,0.12209385099746049,0.3193961459207878,-0.2839641921343914,933,359,10.92266494730524,2.0,0.3372833591808817,0.041180838438676856,0.0021845329894610486,0.03388568914475224,0.007295149293924605,3.5,0.02,0.01,0.2,10,True,0.2766457097912571,-0.26117110225340257,982
0.03899630544921581,0.12209385099746049,0.3193961459207878,-0.2839641921343914,933,359,10.92266494730524,2.0,0.3372833591808817,0.041180838438676856,0.0021845329894610486,0.03388568914475224,0.007295149293924605,3.5,0.02,0.01,0.25,10,True,0.2766457097912571,-0.26117110225340257,982
0.03597070500696227,0.11269575520802522,0.3191842047694157,-0.21883454538075364,1021,370,12.006621787261368,2.0,0.340462460830604,0.03837202936441453,0.0024013243574522738,0.030708677198287744,0.007663352166126793,2.5,0.02,0.02,0.1,10,True,0.2766457097912571,-0.26117110225340257,982
0.03387884532922175,0.10619843338484135,0.3190145489854051,-0.21294154685099276,1065,377,12.53175736493365,2.0,0.34258686871817695,0.03638519680220849,0.00250635147298673,0.03170023838848933,0.004684958413719146,2.0,0.02,0.03,0.2,10,True,0.2766457097912571,-0.26117110225340257,982
0.034071028473512496,0.1069121287168914,0.31868253754196835,-0.23033795802537915,1080,379,12.727899056442041,2.0,0.342469921330412,0.03661660828480089,0.002545579811288408,0.029666829888654742,0.006949778396146154,2.0,0.03,0.03,0.2,15,True,0.2766457097912571,-0.26117110225340257,982
0.03275862066206711,0.10285498512542553,0.3184932711051382,-0.2091188873091261,1100,379,12.983833043255226,2.0,0.3437130437611698,0.03535538727071816,0.002596766608651045,0.03165179967914034,0.0037035875915778097,2.0,0.03,0.02,0.1,5,True,0.2766457097912571,-0.26117110225340257,982
0.03277211726010361,0.10308172644275626,0.317923635847356,-0.20565559582909576,1066,373,12.562203843985577,2.0,0.34224938806987487,0.03528455802890072,0.0025124407687971157,0.028727266690441306,0.006557291338459407,2.5,0.03,0.03,0.15,5,True,0.2766457097912571,-0.26117110225340257,982
0.033799940972669265,0.10638041304731677,0.31772710788061564,-0.20674206532028772,1065,377,12.53175736493365,2.0,0.34125705804556206,0.03630629244565598,0.00250635147298673,0.03192955313553664,0.004376739310119348,2.0,0.02,0.03,0.15,10,True,0.2766457097912571,-0.26117110225340257,982
0.03547846635998489,0.11171138182983227,0.3175904350912831,-0.22832838665961264,1025,370,12.0525435953059,2.0,0.33913485274510713,0.03788897507904607,0.0024105087190611795,0.029523025319896336,0.008365949759149735,2.5,0.02,0.03,0.1,10,True,0.2766457097912571,-0.26117110225340257,982
0.038115889387992846,0.12005008699644902,0.31749988976784566,-0.3014899875415744,956,366,11.20425534779681,2.0,0.3361486680730097,0.04035674045755221,0.002240851069559362,0.03315933889591015,0.007197401561642058,3.0,0.01,0.01,0.15,5,True,0.2766457097912571,-0.26117110225340257,982
0.038115889387992846,0.12005008699644902,0.31749988976784566,-0.3014899875415744,956,366,11.20425534779681,2.0,0.3361486680730097,0.04035674045755221,0.002240851069559362,0.03315933889591015,0.007197401561642058,3.0,0.01,0.01,0.2,5,True,0.2766457097912571,-0.26117110225340257,982
0.038115889387992846,0.12005008699644902,0.31749988976784566,-0.3014899875415744,956,366,11.20425534779681,2.0,0.3361486680730097,0.04035674045755221,0.002240851069559362,0.03315933889591015,0.007197401561642058,3.0,0.01,0.01,0.25,5,True,0.2766457097912571,-0.26117110225340257,982
0.03619385214118911,0.1140836707040075,0.3172570791055174,-0.2549903685122097,997,368,11.718051532183434,2.0,0.3377772379962651,0.038537462447625785,0.002343610306436687,0.028486997099670983,0.010050465347954807,2.5,0.01,0.03,0.15,10,True,0.2766457097912571,-0.26117110225340257,982
0.03379047690137496,0.1066976379416774,0.31669376710893415,-0.20135058878628964,1073,377,12.633892824569655,2.0,0.3403502439080486,0.03631725546628889,0.002526778564913931,0.03279481717240335,0.0035224382938855393,2.0,0.02,0.01,0.1,5,True,0.2766457097912571,-0.26117110225340257,982
0.03781824685636173,0.11949344893993465,0.31648803505011974,-0.2664640792100146,951,360,11.164858518861745,2.0,0.3351614411153463,0.04005121856013407,0.0022329717037723493,0.031163166285360335,0.008888052274773735,4.0,0.03,0.02,0.1,10,True,0.2766457097912571,-0.26117110225340257,982
0.03797863610961536,0.12018335396847471,0.31600579327797373,-0.30343154049999965,956,366,11.20425534779681,2.0,0.3346337058243009,0.04021948717917472,0.002240851069559362,0.03343650953758727,0.00678297764158746,3.0,0.01,0.01,0.1,5,True,0.2766457097912571,-0.26117110225340257,982
0.034186047117485095,0.1082919599821892,0.31568407408184024,-0.21034752290150183,1063,377,12.510677615757201,2.0,0.3387640176660024,0.03668818264063653,0.002502135523151441,0.03117810859710399,0.005510074043532534,2.0,0.02,0.02,0.1,10,True,0.2766457097912571,-0.26117110225340257,982
0.03774125552629118,0.11956113826873065,0.31566490644696227,-0.2519150985191486,949,359,11.1295723707814,2.0,0.33427814907657455,0.03996717000044746,0.0022259144741562805,0.03263099877895135,0.007336171221496112,3.5,0.02,0.03,0.1,10,True,0.2766457097912571,-0.26117110225340257,982
0.03375564705668392,0.10712840944741517,0.31509519492355714,-0.23185661559865256,1080,379,12.727899056442041,2.0,0.3388369518516195,0.03630122686797232,0.0025455798112884076,0.030618146432825684,0.005683080435146636,2.0,0.03,0.03,0.15,15,True,0.2766457097912571,-0.26117110225340257,982
0.03549530695885258,0.11309274706410118,0.31386015354931446,-0.2380607625128076,978,364,11.468945004204407,2.0,0.3341215038825665,0.03778909595969345,0.0022937890008408813,0.03157553956604037,0.006213556393653079,3.5,0.03,0.03,0.2,10,True,0.2766457097912571,-0.26117110225340257,982
0.0328457743865228,0.104998622255726,0.31282100356065945,-0.22675799973033084,1062,373,12.50793735677158,2.0,0.3366066089995243,0.03534736185787712,0.002501587471354316,0.030943694349742396,0.004403667508134714,2.5,0.03,0.02,0.25,5,True,0.2766457097912571,-0.26117110225340257,982
0.03454751047366247,0.11055135253712924,0.3125019249498509,-0.22353061907249894,1042,373,12.257668253147843,2.0,0.3346437215819718,0.03699904412429204,0.0024515336506295685,0.03015753685352999,0.006841507270762048,2.5,0.03,0.03,0.2,15,True,0.2766457097912571,-0.26117110225340257,982
0.03448956048386895,0.1103991220077624,0.31240792369203724,-0.22996949185459292,1015,369,11.926090708395433,2.0,0.33398607870340563,0.03687477862554801,0.0023852181416790866,0.02997258825703513,0.006902190368512899,3.0,0.03,0.03,0.25,10,True,0.2766457097912571,-0.26117110225340257,982
0.0319811113968548,0.1023994244500028,0.31231729639720573,-0.20251120311237136,1066,373,12.562203843985575,2.0,0.3368062538471499,0.03449355216565192,0.0025124407687971157,0.027776191192437794,0.006717360973214113,2.5,0.03,0.03,0.25,5,True,0.2766457097912571,-0.26117110225340257,982
0.033356270736946754,0.10687126153609146,0.31211637494970546,-0.23033795802537904,1080,379,12.727899056442041,2.0,0.3359131907906816,0.03590185054823515,0.002545579811288408,0.029593240104083915,0.0063086104441512384,2.0,0.03,0.03,0.25,15,True,0.2766457097912571,-0.26117110225340257,982
0.03538531693618346,0.11369913625050657,0.3112188720433292,-0.23497556986635482,1008,369,11.851455217887713,2.0,0.33204411353688473,0.03775560797976099,0.002370291043577543,0.030474610858734315,0.007280997121026678,3.0,0.03,0.03,0.2,15,True,0.2766457097912571,-0.26117110225340257,982
0.035212992022545096,0.11331463279211597,0.31075414670535906,-0.2383089987774687,978,364,11.468945004204407,2.0,0.3309746116139077,0.03750678102338596,0.0022937890008408813,0.03201396608690576,0.005492814936480217,3.5,0.03,0.03,0.15,10,True,0.2766457097912571,-0.26117110225340257,982
0.03652971534526899,0.1177416089453905,0.3102532373428986,-0.2415173092031987,966,364,11.314673066985593,2.0,0.329458562376869,0.038792649958666096,0.002262934613397119,0.033016478765216836,0.005776171193449265,3.5,0.03,0.03,0.1,15,True,0.2766457097912571,-0.26117110225340257,982
0.035315959274333106,0.11384065848907361,0.31022272484239644,-0.25418758629074967,997,368,11.718051532183434,2.0,0.3307873806710469,0.03765956958076978,0.002343610306436687,0.027514535308075076,0.01014503427269472,2.5,0.01,0.03,0.2,10,True,0.2766457097912571,-0.26117110225340257,982
0.03861872795206986,0.12449111835967823,0.31021271606294915,-0.3061262096459826,912,355,10.665174849558582,2.0,0.32734858814126094,0.04075176292198158,0.0021330349699117167,0.029905552757750697,0.010846210164230867,4.0,0.02,0.01,0.15,10,True,0.2766457097912571,-0.26117110225340257,982
0.03861872795206986,0.12449111835967823,0.31021271606294915,-0.3061262096459826,912,355,10.665174849558582,2.0,0.32734858814126094,0.04075176292198158,0.0021330349699117167,0.029905552757750697,0.010846210164230867,4.0,0.02,0.01,0.2,10,True,0.2766457097912571,-0.26117110225340257,982
0.03861872795206986,0.12449111835967823,0.31021271606294915,-0.3061262096459826,912,355,10.665174849558582,2.0,0.32734858814126094,0.04075176292198158,0.0021330349699117167,0.029905552757750697,0.010846210164230867,4.0,0.02,0.01,0.25,10,True,0.2766457097912571,-0.26117110225340257,982
0.03258991767570367,0.10530901639784591,0.3094693957883201,-0.2207309347651234,1062,373,12.50793735677158,2.0,0.33318365374165615,0.03509150514705798,0.002501587471354316,0.031067488435450798,0.0040240167116071856,2.5,0.03,0.02,0.15,5,True,0.2766457097912571,-0.26117110225340257,982
0.03524524355236076,0.11390100496822307,0.30943751165491235,-0.2451045943774569,1012,370,11.889335588960172,2.0,0.33028535499620604,0.037623110670152796,0.002377867117792035,0.030596689307752882,0.0070264213623999145,2.5,0.02,0.03,0.1,15,True,0.2766457097912571,-0.26117110225340257,982
0.03414200420018646,0.11049992939415719,0.30897761100281534,-0.22736018119339008,1015,369,11.926090708395433,2.0,0.33053651983157517,0.036527222341865534,0.0023852181416790866,0.02974070269325943,0.006786519648606112,3.0,0.03,0.03,0.2,10,True,0.2766457097912571,-0.26117110225340257,982
0.036074890498509725,0.11713987520713386,0.30796422170264315,-0.24054507168891892,967,364,11.328239688789091,2.0,0.32728862435644707,0.03834053843626752,0.0022656479377578184,0.031292685632413754,0.00704785280385377,3.5,0.03,0.03,0.2,15,True,0.2766457097912571,-0.26117110225340257,982
0.03505457454574978,0.11382825766967156,0.3079602136007194,-0.23298831361936612,1008,369,11.851455217887713,2.0,0.32876344260304846,0.03742486558932732,0.002370291043577543,0.031014701189598055,0.006410164399729269,3.0,0.03,0.03,0.15,15,True,0.2766457097912571,-0.26117110225340257,982
0.03536942109636755,0.115052948199374,0.3074186420245074,-0.2785539784657074,999,370,11.727318690646824,2.0,0.32777948599094636,0.03771488483449691,0.002345463738129365,0.029886999227108482,0.00782788560738843,2.5,0.01,0.01,0.15,5,True,0.2766457097912571,-0.26117110225340257,982
0.03536942109636755,0.115052948199374,0.3074186420245074,-0.2785539784657074,999,370,11.727318690646824,2.0,0.32777948599094636,0.03771488483449691,0.002345463738129365,0.029886999227108482,0.00782788560738843,2.5,0.01,0.01,0.2,5,True,0.2766457097912571,-0.26117110225340257,982
0.03536942109636755,0.115052948199374,0.3074186420245074,-0.2785539784657074,999,370,11.727318690646824,2.0,0.32777948599094636,0.03771488483449691,0.002345463738129365,0.029886999227108482,0.00782788560738843,2.5,0.01,0.01,0.25,5,True,0.2766457097912571,-0.26117110225340257,982
0.034484493834315316,0.1124337876193569,0.3067093492488407,-0.23629125292611175,1012,369,11.898596153956003,2.0,0.32785181388683815,0.0368642130651065,0.002379719230791201,0.031451700362959314,0.0054125127021472106,3.0,0.03,0.02,0.1,10,True,0.2766457097912571,-0.26117110225340257,982
0.033880561701670454,0.11047693698159611,0.30667542590644487,-0.22353061907249827,1042,373,12.257668253147843,2.0,0.3288324238757742,0.036332095352300024,0.0024515336506295685,0.03008394706895916,0.006248148283340863,2.5,0.03,0.03,0.25,15,True,0.2766457097912571,-0.26117110225340257,982
0.03594867752420735,0.11725024470985357,0.3065978890975079,-0.238573914606093,967,364,11.328239688789091,2.0,0.3259052946184339,0.03821432546196516,0.0022656479377578184,0.032004590642189454,0.006209734819775704,3.5,0.03,0.03,0.15,15,True,0.2766457097912571,-0.26117110225340257,982
0.03525574293282982,0.11519106751347713,0.306063166996043,-0.28055729493247805,999,370,11.727318690646824,2.0,0.32639916745706454,0.037601206670959175,0.002345463738129365,0.029992355189873632,0.007608851481085543,2.5,0.01,0.01,0.1,5,True,0.2766457097912571,-0.26117110225340257,982
0.032140220026211606,0.10502933393100489,0.30601184281835897,-0.22675799973033062,1062,373,12.50793735677158,2.0,0.32979078652940524,0.034641807497565916,0.002501587471354316,0.03070376750970002,0.003938039987865886,2.5,0.03,0.02,0.2,5,True,0.2766457097912571,-0.26117110225340257,982
0.031325725657120274,0.10251861812751645,0.30556133343658787,-0.20565559582909543,1066,373,12.562203843985577,2.0,0.33002256097204696,0.03383816642591738,0.0025124407687971157,0.02775348213899719,0.006084684286920191,2.5,0.03,0.03,0.2,5,True,0.2766457097912571,-0.26117110225340257,982
0.03471836816419144,0.11362619799313838,0.30554897354118987,-0.23497556986635315,1008,369,11.851455217887713,2.0,0.3263879016139417,0.03708865920776898,0.002370291043577543,0.03040102107416349,0.006687638133605495,3.0,0.03,0.03,0.25,15,True,0.2766457097912571,-0.26117110225340257,982
0.03807410715939066,0.1246100381322843,0.30554606779729665,-0.30973820615970526,912,355,10.665174849558582,2.0,0.32266375078854187,0.040207142129302376,0.0021330349699117167,0.030378920772089087,0.009828221357213274,4.0,0.02,0.01,0.1,10,True,0.2766457097912571,-0.26117110225340257,982
0.03381554526805184,0.11068505143322056,0.30551140221905865,-0.22538000808953784,1042,373,12.257668253147843,2.0,0.32762830276155663,0.0362670789186814,0.0024515336506295685,0.030697627184393724,0.005569451734287677,2.5,0.03,0.03,0.15,15,True,0.2766457097912571,-0.26117110225340257,982
0.03489285660412704,0.11469942082026954,0.30421127111707974,-0.24346773966558688,976,364,11.450339285020586,2.0,0.3241552398185228,0.03718292446113114,0.0022900678570041176,0.03198082527991739,0.005202099181213759,3.5,0.03,0.02,0.25,10,True,0.2766457097912571,-0.26117110225340257,982
0.035514432235479974,0.11702564161248012,0.3034756464150209,-0.2405450716889218,967,364,11.328239688789091,2.0,0.322819455795057,0.037780080173237786,0.0022656479377578184,0.03121909584784292,0.006560984325394859,3.5,0.03,0.03,0.25,15,True,0.2766457097912571,-0.26117110225340257,982
0.03255239568464334,0.10737155860816747,0.30317521796844965,-0.23532627808929374,1080,379,12.727899056442041,2.0,0.32686488070483805,0.035097975495931744,0.002545579811288408,0.029740902783333044,0.005357072712598699,2.0,0.03,0.03,0.1,15,True,0.2766457097912571,-0.26117110225340257,982
0.03216465863657827,0.10667386345829545,0.3015233309624448,-0.2158133064449147,1065,377,12.53175736493365,2.0,0.3249924009099729,0.034671010109565,0.00250635147298673,0.031838711942045586,0.002832298167519404,2.0,0.02,0.03,0.1,10,True,0.2766457097912571,-0.26117110225340257,982
0.034419969535735645,0.1141654559122548,0.30149198162174484,-0.23645091048568734,1008,369,11.851455217887713,2.0,0.3222352931188031,0.03679026057931318,0.002370291043577543,0.03119446406857783,0.005595796510735358,3.0,0.03,0.03,0.1,15,True,0.2766457097912571,-0.26117110225340257,982
0.029958915833291973,0.0995833683988833,0.3008425635221626,-0.18255947036189246,1105,379,13.051666152272722,2.0,0.32702450644477493,0.03256924906374652,0.002610333230454544,0.028334658368811765,0.004234590694934761,2.0,0.03,0.03,0.15,5,True,0.2766457097912571,-0.26117110225340257,982
0.034204401828122864,0.11370392603879083,0.3008198838838143,-0.2583540659152658,997,368,11.718051532183434,2.0,0.32140975757744744,0.03654801213455955,0.002343610306436687,0.026957533026002307,0.009590479108557247,2.5,0.01,0.03,0.25,10,True,0.2766457097912571,-0.26117110225340257,982
0.031686883861808,0.10534599215340096,0.3007886984031317,-0.2207392597238096,1085,379,12.787000827306153,2.0,0.3250414818085225,0.03424428402726923,0.0025574001654612303,0.030210617040274328,0.0040336669869949025,2.0,0.03,0.02,0.25,10,True,0.2766457097912571,-0.26117110225340257,982
0.03448026743638487,0.11470757542053973,0.30059276651933114,-0.24346773966558688,976,364,11.450339285020586,2.0,0.3205347620008845,0.036770335293388974,0.0022900678570041176,0.03198082527991739,0.004789510013471588,3.5,0.03,0.02,0.2,10,True,0.2766457097912571,-0.26117110225340257,982
0.035371853783636165,0.11777825738784863,0.3003258374519433,-0.24472162190201918,966,364,11.314673066985593,2.0,0.31952432789440355,0.03763478839703327,0.002262934613397119,0.03248200382891706,0.005152784568116213,3.5,0.03,0.02,0.2,15,True,0.2766457097912571,-0.26117110225340257,982
0.035371853783636165,0.11777825738784863,0.3003258374519433,-0.24472162190201918,966,364,11.314673066985593,2.0,0.31952432789440355,0.03763478839703327,0.002262934613397119,0.03248200382891706,0.005152784568116213,3.5,0.03,0.02,0.25,15,True,0.2766457097912571,-0.26117110225340257,982
0.03334129375779225,0.11105538799685007,0.3002222076675643,-0.22644749362817573,1042,373,12.257668253147843,2.0,0.32226684256321136,0.035792827408421816,0.0024515336506295685,0.030729398736211024,0.005063428672210793,2.5,0.03,0.03,0.1,15,True,0.2766457097912571,-0.26117110225340257,982
0.034449168684684194,0.11482292006579323,0.3000199669625621,-0.24346765045894325,976,364,11.450339285020586,2.0,0.31994172529980275,0.0367392365416883,0.0022900678570041176,0.03243590962630341,0.004303326915384885,3.5,0.03,0.02,0.15,10,True,0.2766457097912571,-0.26117110225340257,982
0.03395043993449944,0.11327987041161568,0.2997040852106958,-0.24414600368545092,1013,370,11.90290221076367,2.0,0.3206903119677178,0.036331020376652166,0.0023805804421527343,0.028836621505349193,0.007494398871302973,2.5,0.02,0.03,0.25,15,True,0.2766457097912571,-0.26117110225340257,982
0.03217918406382291,0.10742599063984666,0.29954747330844667,-0.22358848494913053,1049,373,12.336934296332148,2.0,0.32248056955350235,0.03464657092308935,0.0024673868592664295,0.029358182688717767,0.005288388234371568,2.5,0.03,0.03,0.25,10,True,0.2766457097912571,-0.26117110225340257,982
0.03396171756866751,0.11338649332450823,0.2995217205586405,-0.24306427335408443,1013,370,11.90290221076367,2.0,0.32049035393944747,0.036342298010820236,0.0023805804421527343,0.029548526515124893,0.006793771495695342,2.5,0.02,0.03,0.15,15,True,0.2766457097912571,-0.26117110225340257,982
0.03392760712700599,0.11332102088791651,0.2993937652623434,-0.24414600368545092,1013,370,11.90290221076367,2.0,0.3203725475821688,0.036308187569158705,0.0023805804421527343,0.028836621505349193,0.007471566063809513,2.5,0.02,0.03,0.2,15,True,0.2766457097912571,-0.26117110225340257,982
0.034152396097002796,0.11413317574624418,0.2992328555978752,-0.24134343099402478,1008,369,11.851455217887713,2.0,0.3199799337831081,0.03652268714058032,0.002370291043577543,0.031039802177860367,0.005482884962719965,3.0,0.03,0.02,0.2,15,True,0.2766457097912571,-0.26117110225340257,982
0.034152396097002796,0.11413317574624418,0.2992328555978752,-0.24134343099402478,1008,369,11.851455217887713,2.0,0.3199799337831081,0.03652268714058032,0.002370291043577543,0.031039802177860367,0.005482884962719965,3.0,0.03,0.02,0.25,15,True,0.2766457097912571,-0.26117110225340257,982
0.036639839536848746,0.12246789242377783,0.2991791465640909,-0.2734399707537042,934,359,10.926073043728909,2.0,0.3170209914038146,0.03882505414559453,0.0021852146087457825,0.031162864954684517,0.0076621891909100055,3.5,0.02,0.03,0.1,15,True,0.2766457097912571,-0.26117110225340257,982
0.033095468582774866,0.11079146466248217,0.2987185762332659,-0.22665998705667245,1015,369,11.926090708395432,2.0,0.32022020003062057,0.035480686724453946,0.0023852181416790866,0.029522689527707098,0.005957997196746855,3.0,0.03,0.03,0.15,10,True,0.2766457097912571,-0.26117110225340257,982
0.03517437826005332,0.11777736924264733,0.29865141738381296,-0.24472162190201852,966,364,11.314673066985593,2.0,0.3178499110666693,0.03743731287345043,0.002262934613397119,0.0324794088241167,0.004957904049333731,3.5,0.03,0.02,0.15,15,True,0.2766457097912571,-0.26117110225340257,982
0.03438890028075325,0.11518485990780135,0.29855399666483534,-0.2600901233609555,997,368,11.718051532183434,2.0,0.31888233470484384,0.036732510587189925,0.002343610306436687,0.028792920189387932,0.007939590397801993,2.5,0.01,0.03,0.1,10,True,0.2766457097912571,-0.26117110225340257,982
0.03270004962006341,0.10953502894530269,0.29853508904802023,-0.22899662870308257,1058,377,12.44552235046254,2.0,0.32123679497580576,0.03518915409015592,0.002489104470092508,0.03214868853220251,0.003040465557953401,2.0,0.02,0.03,0.1,15,True,0.2766457097912571,-0.26117110225340257,982
0.03200021487935221,0.10721700714270369,0.2984621165256046,-0.24167031387157945,1080,379,12.727899056442041,2.0,0.322186574554903,0.03454579469064061,0.002545579811288408,0.02977936966965875,0.004766425020981862,2.0,0.03,0.02,0.2,15,True,0.2766457097912571,-0.26117110225340257,982
0.03200021487935221,0.10721700714270369,0.2984621165256046,-0.24167031387157945,1080,379,12.727899056442041,2.0,0.322186574554903,0.03454579469064061,0.002545579811288408,0.02977936966965875,0.004766425020981862,2.0,0.03,0.02,0.25,15,True,0.2766457097912571,-0.26117110225340257,982
0.031434643522247466,0.10535385114417405,0.2983720403275051,-0.21913965469630192,1085,379,12.787000827306153,2.0,0.3226226852466193,0.03399204368770869,0.0025574001654612303,0.030210617040274328,0.003781426647434368,2.0,0.03,0.02,0.2,10,True,0.2766457097912571,-0.26117110225340257,982
0.03396253975126859,0.1141305686641706,0.2975761896990404,-0.24134343099402567,1008,369,11.851455217887713,2.0,0.3183240666468023,0.03633283079484612,0.002370291043577543,0.031037207173060008,0.005295623621786118,3.0,0.03,0.02,0.15,15,True,0.2766457097912571,-0.26117110225340257,982
0.03518824504266625,0.11843578836663086,0.2971082096717017,-0.28680098555108746,953,364,11.187207565368839,2.0,0.3159881429797677,0.03742568655574002,0.002237441513073768,0.029930226787721413,0.007495459768018608,3.0,0.01,0.03,0.15,10,True,0.2766457097912571,-0.26117110225340257,982
0.031810358533618,0.10721421675575658,0.2966990712256453,-0.24167031387157922,1080,379,12.727899056442041,2.0,0.3204244891778852,0.03435593834490641,0.002545579811288408,0.029776774664858396,0.004579163680048016,2.0,0.03,0.02,0.15,15,True,0.2766457097912571,-0.26117110225340257,982
0.03390561021580136,0.11437094157290943,0.29645301288515785,-0.24388865255241698,1007,369,11.837888596084213,2.0,0.3171337565665871,0.03627318793501819,0.0023675777192168432,0.031436060112964764,0.004837127822053435,3.0,0.03,0.02,0.1,15,True,0.2766457097912571,-0.26117110225340257,982
0.03587641695411576,0.12104682034772056,0.296384629113402,-0.2808268686269869,943,357,11.065659034671642,2.0,0.31465431648030356,0.03808954876105007,0.002213131806934328,0.02586991804888605,0.012219630712164043,4.0,0.01,0.03,0.1,5,True,0.2766457097912571,-0.26117110225340257,982
0.03502429867762125,0.11822776568667528,0.29624427455088603,-0.286032465163349,953,364,11.187207565368839,2.0,0.3151576096466067,0.03726174019069501,0.002237441513073768,0.02906552720612772,0.008196212984567283,3.0,0.01,0.03,0.2,10,True,0.2766457097912571,-0.26117110225340257,982
0.031823586503873756,0.10752999629273005,0.29595078211702036,-0.22358848494913053,1049,373,12.336934296332148,2.0,0.31886232187661934,0.03429097336314019,0.0024673868592664295,0.029118255848675396,0.005172717514464781,2.5,0.03,0.03,0.2,10,True,0.2766457097912571,-0.26117110225340257,982
0.03119195523561323,0.10540808313632004,0.29591616038851526,-0.21999737158238442,1085,379,12.787000827306153,2.0,0.3201537954020243,0.03374935540107447,0.0025574001654612303,0.03025447517335314,0.0034948802277213207,2.0,0.03,0.02,0.15,10,True,0.2766457097912571,-0.26117110225340257,982
0.031051188255102273,0.10506106093446592,0.2955537282692311,-0.2195256315240416,1091,379,12.867765972977788,2.0,0.32002715194502723,0.033624741449697834,0.0025735531945955577,0.03250578321193152,0.0011189582377663025,2.0,0.03,0.01,0.1,5,True,0.2766457097912571,-0.26117110225340257,982
0.030976050647652652,0.10484730307579915,0.2954396511778522,-0.2171967228266607,1091,379,12.867765972977788,2.0,0.31996221803280717,0.03354960384224821,0.0025735531945955577,0.03240756215342768,0.001142041688820525,2.0,0.03,0.01,0.2,5,True,0.2766457097912571,-0.26117110225340257,982
0.030976050647652652,0.10484730307579915,0.2954396511778522,-0.2171967228266607,1091,379,12.867765972977788,2.0,0.31996221803280717,0.03354960384224821,0.0025735531945955577,0.03240756215342768,0.001142041688820525,2.0,0.03,0.01,0.25,5,True,0.2766457097912571,-0.26117110225340257,982
0.03421214573544862,0.115826809057724,0.2953732906377356,-0.24648036458613254,992,368,11.661202030003372,2.0,0.3154820245657914,0.03654438614144929,0.0023322404060006742,0.03028803746866015,0.006256348672789142,3.0,0.02,0.01,0.15,5,True,0.2766457097912571,-0.26117110225340257,982
0.03421214573544862,0.115826809057724,0.2953732906377356,-0.24648036458613254,992,368,11.661202030003372,2.0,0.3154820245657914,0.03654438614144929,0.0023322404060006742,0.03028803746866015,0.006256348672789142,3.0,0.02,0.01,0.2,5,True,0.2766457097912571,-0.26117110225340257,982
0.03421214573544862,0.115826809057724,0.2953732906377356,-0.24648036458613254,992,368,11.661202030003372,2.0,0.3154820245657914,0.03654438614144929,0.0023322404060006742,0.03028803746866015,0.006256348672789142,3.0,0.02,0.01,0.25,5,True,0.2766457097912571,-0.26117110225340257,982
0.03224838813761184,0.1091955529128812,0.2953269366504364,-0.2291739778921541,1059,377,12.459088972266038,2.0,0.31812338671481266,0.03474020593206503,0.002491817794453208,0.03140038084670572,0.0033398250853593167,2.0,0.02,0.03,0.15,15,True,0.2766457097912571,-0.26117110225340257,982
0.030936998771419203,0.10484807742793002,0.2950650076791778,-0.21764814020359569,1091,379,12.867765972977788,2.0,0.31958717594338987,0.03351055196601476,0.0025735531945955577,0.03240756215342768,0.0011029898125870766,2.0,0.03,0.01,0.15,5,True,0.2766457097912571,-0.26117110225340257,982
0.032158781690912526,0.10909094425095649,0.2947887371561601,-0.23117108731035307,1059,377,12.459088972266038,2.0,0.3176056370204049,0.03465059948536573,0.002491817794453208,0.03068847583693001,0.0039621236484357085,2.0,0.02,0.03,0.25,15,True,0.2766457097912571,-0.26117110225340257,982
0.03258535494102005,0.11063082891701691,0.29454136121010177,-0.22372624246281558,1048,376,12.324574792817929,2.0,0.31679494509958867,0.03505026989958363,0.002464914958563586,0.030226535905840807,0.004823733993742823,2.0,0.01,0.01,0.1,5,True,0.2766457097912571,-0.26117110225340257,982
0.0320753614389427,0.10890870475512258,0.29451604911713003,-0.22142048425279215,1048,373,12.330540459545661,2.0,0.3171225809109646,0.034541469530851826,0.0024661080919091316,0.027937018761837396,0.006604450769014429,2.5,0.03,0.02,0.25,10,True,0.2766457097912571,-0.26117110225340257,982
0.03213594888341906,0.10913361908264238,0.29446424624738077,-0.23117108731035307,1059,377,12.459088972266038,2.0,0.31727224998497194,0.03462776667787227,0.002491817794453208,0.03068847583693001,0.0039392908409422505,2.0,0.02,0.03,0.2,15,True,0.2766457097912571,-0.26117110225340257,982
0.032297183128601144,0.10969909301529517,0.2944161363676726,-0.2365100266012794,1055,377,12.404639639798328,2.0,0.31700897166144437,0.03477811105656081,0.002480927927959666,0.031831258584182884,0.002946852472377935,2.0,0.02,0.02,0.2,15,True,0.2766457097912571,-0.26117110225340257,982
0.032297183128601144,0.10969909301529517,0.2944161363676726,-0.2365100266012794,1055,377,12.404639639798328,2.0,0.31700897166144437,0.03477811105656081,0.002480927927959666,0.031831258584182884,0.002946852472377935,2.0,0.02,0.02,0.25,15,True,0.2766457097912571,-0.26117110225340257,982
0.03229458812380078,0.1096991068898634,0.29439244347015664,-0.23651002660127707,1055,377,12.404639639798328,2.0,0.31698546961785723,0.034775516051760456,0.002480927927959666,0.031828663579382514,0.002946852472377935,2.0,0.02,0.02,0.15,15,True,0.2766457097912571,-0.26117110225340257,982
0.031169410703210953,0.10589974942546715,0.29432940939249497,-0.2358049834719378,1062,373,12.50793735677158,2.0,0.31791396512499154,0.03367099817456526,0.002501587471354316,0.03144736393825191,0.0022236342363133365,2.5,0.03,0.02,0.1,5,True,0.2766457097912571,-0.26117110225340257,982
0.034083990444383476,0.11594195884127613,0.29397459543567195,-0.24837765209696094,992,368,11.661202030003372,2.0,0.31406428820221755,0.03641623085038414,0.0023322404060006742,0.0303933934314253,0.006022837418958838,3.0,0.02,0.01,0.1,5,True,0.2766457097912571,-0.26117110225340257,982
0.03148796185477276,0.10720053750469352,0.2937295146807835,-0.23641116787045635,1082,379,12.754849454795327,2.0,0.31750558644501314,0.034038931745731825,0.002550969890959066,0.03005030700766455,0.003988624738067269,2.0,0.03,0.01,0.1,10,True,0.2766457097912571,-0.26117110225340257,982
0.033879436546191695,0.11536560933706615,0.2936701564779624,-0.24995828928051012,992,367,11.65233153469939,2.0,0.3138512526785124,0.03620990285313156,0.0023304663069398787,0.0276185764070375,0.008591326446094064,2.5,0.01,0.02,0.25,10,True,0.2766457097912571,-0.26117110225340257,982
0.03387684154139133,0.1153655872467906,0.29364771895905006,-0.24995828928050912,992,367,11.65233153469939,2.0,0.31382889597694447,0.0362073078483312,0.0023304663069398787,0.027615981402237134,0.008591326446094064,2.5,0.01,0.02,0.2,10,True,0.2766457097912571,-0.26117110225340257,982
0.03460610042805725,0.1179607555180625,0.293369606493901,-0.24726297047196044,966,364,11.314673066985593,2.0,0.31253893599636795,0.03686903504145435,0.002262934613397119,0.032466314541288274,0.0044027205001660845,3.5,0.03,0.02,0.1,15,True,0.2766457097912571,-0.26117110225340257,982
0.030970331359132904,0.10562130147954918,0.29322050500513386,-0.22802153986380036,1085,379,12.787000827306153,2.0,0.31741243764862614,0.03352773152459414,0.0025574001654612303,0.030535762241769418,0.002991969282824712,2.0,0.03,0.02,0.1,10,True,0.2766457097912571,-0.26117110225340257,982
0.03236238744176151,0.11048754269060498,0.2929053054640282,-0.22156673971466578,1048,376,12.324574792817929,2.0,0.3151867254101835,0.0348273024003251,0.002464914958563586,0.029924982570414385,0.004902319829910713,2.0,0.01,0.01,0.15,5,True,0.2766457097912571,-0.26117110225340257,982
0.03236238744176151,0.11048754269060498,0.2929053054640282,-0.22156673971466578,1048,376,12.324574792817929,2.0,0.3151867254101835,0.0348273024003251,0.002464914958563586,0.029924982570414385,0.004902319829910713,2.0,0.01,0.01,0.2,5,True,0.2766457097912571,-0.26117110225340257,982
0.03236238744176151,0.11048754269060498,0.2929053054640282,-0.22156673971466578,1048,376,12.324574792817929,2.0,0.3151867254101835,0.0348273024003251,0.002464914958563586,0.029924982570414385,0.004902319829910713,2.0,0.01,0.01,0.25,5,True,0.2766457097912571,-0.26117110225340257,982
0.03134968866392585,0.10704614855695253,0.29286143487214444,-0.2364027788286409,1082,379,12.754849454795329,2.0,0.31667088833204854,0.033900658554884916,0.002550969890959066,0.02987112901316797,0.0040295295417169434,2.0,0.03,0.01,0.15,10,True,0.2766457097912571,-0.26117110225340257,982
0.03134968866392585,0.10704614855695253,0.29286143487214444,-0.2364027788286409,1082,379,12.754849454795329,2.0,0.31667088833204854,0.033900658554884916,0.002550969890959066,0.02987112901316797,0.0040295295417169434,2.0,0.03,0.01,0.2,10,True,0.2766457097912571,-0.26117110225340257,982
0.03134968866392585,0.10704614855695253,0.29286143487214444,-0.2364027788286409,1082,379,12.754849454795329,2.0,0.31667088833204854,0.033900658554884916,0.002550969890959066,0.02987112901316797,0.0040295295417169434,2.0,0.03,0.01,0.25,10,True,0.2766457097912571,-0.26117110225340257,982
0.030620069823211794,0.10467366409437277,0.292528880957153,-0.21920656748299816,1066,373,12.562203843985577,2.0,0.3164953709816918,0.033132510592008904,0.0025124407687971157,0.02940871191437263,0.003723798677636268,2.5,0.03,0.03,0.1,5,True,0.2766457097912571,-0.26117110225340257,982
0.035629715188771977,0.12183042729734113,0.2924533384571784,-0.27108755762195946,936,359,10.95320628733591,2.0,0.31043136669773447,0.03782035644623914,0.002190641257467182,0.02949932828294948,0.008321028163289675,3.5,0.02,0.03,0.15,15,True,0.2766457097912571,-0.26117110225340257,982
0.03182655403828233,0.10900986099597057,0.2919603212727586,-0.22260607150180223,1048,373,12.330540459545661,2.0,0.31454511377283284,0.034292662130191456,0.0024661080919091316,0.028392103108223415,0.005900559021968034,2.5,0.03,0.02,0.15,10,True,0.2766457097912571,-0.26117110225340257,982
0.03139085742976791,0.10756174255785993,0.2918403577636542,-0.24422129673654214,1080,379,12.727899056442041,2.0,0.3154898085806985,0.033936437241056314,0.002545579811288408,0.03014851160857287,0.0037879256324834364,2.0,0.03,0.02,0.1,15,True,0.2766457097912571,-0.26117110225340257,982
0.033757064700799456,0.11572041523386209,0.2917122673002773,-0.2525574512325074,992,367,11.65233153469939,2.0,0.3118300079851093,0.03608753100773933,0.0023304663069398787,0.028150145505930972,0.007937385501808357,2.5,0.01,0.02,0.1,10,True,0.2766457097912571,-0.26117110225340257,982
0.03310233767414876,0.11364308368227556,0.2912833460828694,-0.25296970784459016,985,367,11.565900975201334,2.0,0.31161506380855447,0.03541551786918903,0.002313180195040267,0.028656282639685664,0.006759235229503358,3.0,0.02,0.03,0.25,10,True,0.2766457097912571,-0.26117110225340257,982
0.03168397011776849,0.10891594694572719,0.2909029486155651,-0.22142048425279215,1048,373,12.330540459545661,2.0,0.31350787655976403,0.03415007820967762,0.0024661080919091316,0.027937018761837396,0.006213059447840221,2.5,0.03,0.02,0.2,10,True,0.2766457097912571,-0.26117110225340257,982
0.028759576347301672,0.09907550578717289,0.2902793795378748,-0.19460635888355193,1105,379,13.051666152272722,2.0,0.31659814428668476,0.03136990957775622,0.002610333230454544,0.02736078910211218,0.004009120475644036,2.0,0.03,0.03,0.25,5,True,0.2766457097912571,-0.26117110225340257,982
0.03428400093042252,0.11810975846423631,0.2902723820301752,-0.2900210434328757,953,364,11.187207565368839,2.0,0.3092048598810379,0.03652144244349626,0.002237441513073768,0.02882797188463421,0.007693470558862051,3.0,0.01,0.03,0.25,10,True,0.2766457097912571,-0.26117110225340257,982
0.03531330405279697,0.12174630764877004,0.2900564685269429,-0.27575432858440774,936,359,10.95320628733591,2.0,0.30804664639553947,0.03750394531026413,0.002190641257467182,0.028797880803686043,0.0087060645065781,3.5,0.02,0.03,0.2,15,True,0.2766457097912571,-0.26117110225340257,982
0.03310860809429857,0.11424771390871018,0.289796679176916,-0.2564292022227871,1010,370,11.862019500099462,2.0,0.31053793186202844,0.03548101199431845,0.0023724039000198923,0.02972395494327466,0.005757057051043784,2.5,0.02,0.02,0.2,15,True,0.2766457097912571,-0.26117110225340257,982
0.03310860809429857,0.11424771390871018,0.289796679176916,-0.2564292022227871,1010,370,11.862019500099462,2.0,0.31053793186202844,0.03548101199431845,0.0023724039000198923,0.02972395494327466,0.005757057051043784,2.5,0.02,0.02,0.25,15,True,0.2766457097912571,-0.26117110225340257,982
0.033106013089498204,0.11424772730403701,0.28977393135704316,-0.2564292022227893,1010,370,11.862019500099462,2.0,0.31051535680810083,0.03547841698951809,0.0023724039000198923,0.029721359938474298,0.005757057051043784,2.5,0.02,0.02,0.15,15,True,0.2766457097912571,-0.26117110225340257,982
0.03139908969039411,0.10856837018523245,0.28921028875005655,-0.22791725484722447,1056,373,12.432268291721254,2.0,0.3120817036411151,0.03388554334873835,0.0024864536583442507,0.02978386065064632,0.004101682698092031,2.5,0.03,0.01,0.1,5,True,0.2766457097912571,-0.26117110225340257,982
0.03307107496972285,0.11441178805145619,0.2890530384408404,-0.2578782882577789,1009,370,11.848452878295964,2.0,0.30974149869208123,0.03544076554538204,0.002369690575659192,0.030089412254507834,0.005351353290874206,2.5,0.02,0.02,0.1,15,True,0.2766457097912571,-0.26117110225340257,982
0.03149409092189123,0.10895926000284263,0.2890446477065794,-0.243002013012103,1059,377,12.461019238545783,2.0,0.31189459938931113,0.03398629476960039,0.0024922038477091565,0.03220372714666458,0.0017825676229358128,2.0,0.02,0.01,0.15,10,True,0.2766457097912571,-0.26117110225340257,982
0.03149409092189123,0.10895926000284263,0.2890446477065794,-0.243002013012103,1059,377,12.461019238545783,2.0,0.31189459938931113,0.03398629476960039,0.0024922038477091565,0.03220372714666458,0.0017825676229358128,2.0,0.02,0.01,0.2,10,True,0.2766457097912571,-0.26117110225340257,982
0.03149409092189123,0.10895926000284263,0.2890446477065794,-0.243002013012103,1059,377,12.461019238545783,2.0,0.31189459938931113,0.03398629476960039,0.0024922038477091565,0.03220372714666458,0.0017825676229358128,2.0,0.02,0.01,0.25,10,True,0.2766457097912571,-0.26117110225340257,982
0.031310485545017155,0.10835353160201408,0.2889659901443873,-0.22766803380207135,1056,373,12.432268291721252,2.0,0.3118827176274801,0.03379693920336141,0.0024864536583442507,0.029783632239323017,0.004013306964038387,2.5,0.03,0.01,0.2,5,True,0.2766457097912571,-0.26117110225340257,982
0.031310485545017155,0.10835353160201408,0.2889659901443873,-0.22766803380207135,1056,373,12.432268291721252,2.0,0.3118827176274801,0.03379693920336141,0.0024864536583442507,0.029783632239323017,0.004013306964038387,2.5,0.03,0.01,0.25,5,True,0.2766457097912571,-0.26117110225340257,982
0.032922827481404036,0.11401346032309437,0.28876263721938145,-0.2471805611128094,985,367,11.565900975201334,2.0,0.30902873386501567,0.035236007676444296,0.002313180195040267,0.02953160298653446,0.0057044046899098425,3.0,0.02,0.03,0.15,10,True,0.2766457097912571,-0.26117110225340257,982
0.0328530297123275,0.11379506403261505,0.28870346874545827,-0.2587095319547964,1016,370,11.945532342453912,2.0,0.3096729637989227,0.03524213618081826,0.002389106468490782,0.02960785315540766,0.00563428302541061,2.5,0.02,0.01,0.1,10,True,0.2766457097912571,-0.26117110225340257,982
0.0312714336687837,0.10835428137537764,0.2886035814353138,-0.22766803380207135,1056,373,12.432268291721252,2.0,0.31151996340516025,0.03375788732712796,0.0024864536583442507,0.029783632239323017,0.003974255087804938,2.5,0.03,0.01,0.15,5,True,0.2766457097912571,-0.26117110225340257,982
0.031684475708183654,0.1098086183913659,0.2885427043190534,-0.2387818185495837,1055,377,12.404639639798328,2.0,0.31111345153810327,0.03416540363614332,0.002480927927959666,0.031750338021556634,0.0024150656145866954,2.0,0.02,0.02,0.1,15,True,0.2766457097912571,-0.26117110225340257,982
0.028603532097309287,0.09919334555818374,0.2883614010229279,-0.19353820174274106,1105,379,13.051666152272722,2.0,0.3146484523546866,0.031213865327763848,0.002610333230454544,0.027322981377000826,0.00389088395076301,2.0,0.03,0.03,0.2,5,True,0.2766457097912571,-0.26117110225340257,982
0.03274209279681496,0.11376128946411683,0.28781400906274573,-0.25839100970258866,1016,370,11.945532342453912,2.0,0.3087911994930501,0.03513119926530573,0.002389106468490782,0.02933068251373054,0.005800516751575196,2.5,0.02,0.01,0.15,10,True,0.2766457097912571,-0.26117110225340257,982
0.03274209279681496,0.11376128946411683,0.28781400906274573,-0.25839100970258866,1016,370,11.945532342453912,2.0,0.3087911994930501,0.03513119926530573,0.002389106468490782,0.02933068251373054,0.005800516751575196,2.5,0.02,0.01,0.2,10,True,0.2766457097912571,-0.26117110225340257,982
0.03274209279681496,0.11376128946411683,0.28781400906274573,-0.25839100970258866,1016,370,11.945532342453912,2.0,0.3087911994930501,0.03513119926530573,0.002389106468490782,0.02933068251373054,0.005800516751575196,2.5,0.02,0.01,0.25,10,True,0.2766457097912571,-0.26117110225340257,982
0.03329976305630839,0.11571734586042176,0.28776811988476264,-0.24588999450468463,976,364,11.450339285020586,2.0,0.3075383736939141,0.0355898309133125,0.0022900678570041176,0.03291961479758271,0.002670216115729799,3.5,0.03,0.02,0.1,10,True,0.2766457097912571,-0.26117110225340257,982
0.031867117556658844,0.11075754333937968,0.28771961345343905,-0.23119614497605667,1042,373,12.257668253147843,2.0,0.3098233203551139,0.0343186512072884,0.0024515336506295685,0.029848011849617516,0.004470639357670888,2.5,0.03,0.02,0.2,15,True,0.2766457097912571,-0.26117110225340257,982
0.031867117556658844,0.11075754333937968,0.28771961345343905,-0.23119614497605667,1042,373,12.257668253147843,2.0,0.3098233203551139,0.0343186512072884,0.0024515336506295685,0.029848011849617516,0.004470639357670888,2.5,0.03,0.02,0.25,15,True,0.2766457097912571,-0.26117110225340257,982
0.03200651017205859,0.11124255317648338,0.2877182270464532,-0.22817328793817393,1015,369,11.926090708395433,2.0,0.3091363313570848,0.03439172831373768,0.0023852181416790866,0.029021315180454463,0.005370413133283225,3.0,0.03,0.03,0.1,10,True,0.2766457097912571,-0.26117110225340257,982
0.03113790219421314,0.10822595897719922,0.2877119545854354,-0.22659830238503054,1049,373,12.336934296332148,2.0,0.3104770806610907,0.033605289053479565,0.0024673868592664295,0.029484031766256254,0.0041212572872233,2.5,0.03,0.03,0.1,10,True,0.2766457097912571,-0.26117110225340257,982
0.03098792409920745,0.10776415164681868,0.287553176317537,-0.22358848494913064,1049,373,12.336934296332148,2.0,0.31041458224372087,0.033455310958473886,0.0024673868592664295,0.0289320524163944,0.004523258542079473,2.5,0.03,0.03,0.15,10,True,0.2766457097912571,-0.26117110225340257,982
0.031408963684821094,0.10931231957181509,0.2873323318712151,-0.2433269198250103,1059,377,12.461019238545783,2.0,0.3101085323346487,0.03390116753253025,0.0024922038477091565,0.03228483363575902,0.0016163338967712302,2.0,0.02,0.01,0.1,10,True,0.2766457097912571,-0.26117110225340257,982
0.03492879004791753,0.12167742628747784,0.28706055932999425,-0.27212620267863785,936,359,10.95320628733591,2.0,0.3050603546154988,0.037119431305384705,0.002190641257467182,0.02890631226298634,0.008213119042398367,3.5,0.02,0.03,0.25,15,True,0.2766457097912571,-0.26117110225340257,982
0.03312416645051454,0.1154207082048301,0.28698633863631384,-0.2558058789617995,992,367,11.65233153469939,2.0,0.30715782975427397,0.03545463275745441,0.0023304663069398787,0.027615981402237134,0.007838651355217273,2.5,0.01,0.02,0.15,10,True,0.2766457097912571,-0.26117110225340257,982
0.031677261210924644,0.11075484124805544,0.28601242937974786,-0.231196144976058,1042,373,12.257668253147843,2.0,0.30811706572178454,0.0341287948615542,0.0024515336506295685,0.02984541684481715,0.004283378016737042,2.5,0.03,0.02,0.15,15,True,0.2766457097912571,-0.26117110225340257,982
0.029692072498140015,0.10397473178332277,0.28557008023850017,-0.2299513977156088,1086,379,12.793598477822846,2.0,0.31015786589404065,0.03225079219370459,0.0025587196955645696,0.02923583807095246,0.003014954122752123,2.0,0.03,0.03,0.2,10,True,0.2766457097912571,-0.26117110225340257,982
0.03233825164206158,0.11372172095724299,0.2843630167557884,-0.25043509527819385,985,367,11.565900975201334,2.0,0.30468118616667356,0.03465143183710183,0.002313180195040267,0.028416355799643293,0.006235076037458545,3.0,0.02,0.03,0.2,10,True,0.2766457097912571,-0.26117110225340257,982
0.029702032957297002,0.10463023660582736,0.28387619029471595,-0.22647951372512143,1086,379,12.793598477822846,2.0,0.3083124496786104,0.03226075265286156,0.00255871969556457,0.030081264296083775,0.0021794883567777916,2.0,0.03,0.03,0.1,10,True,0.2766457097912571,-0.26117110225340257,982
0.03459570856268726,0.1222555355698252,0.282978667603384,-0.3007302129055691,922,354,10.807845860339432,2.0,0.3006521126249592,0.03675727773475514,0.0021615691720678863,0.028219549108635465,0.008537728626119673,3.5,0.01,0.03,0.1,10,True,0.2766457097912571,-0.26117110225340257,982
0.03382222624006787,0.11961170607517449,0.28276685744128605,-0.2894142966125163,953,364,11.187207565368839,2.0,0.30146357597527557,0.03605966775314162,0.002237441513073768,0.03029514847654713,0.005764519276594506,3.0,0.01,0.03,0.1,10,True,0.2766457097912571,-0.26117110225340257,982
0.03128318929725126,0.11110757712649176,0.28155765885918416,-0.23275112707411194,1042,373,12.257668253147843,2.0,0.30359339616613723,0.033734722947880824,0.0024515336506295685,0.03015391456696049,0.0035808083809203304,2.5,0.03,0.02,0.1,15,True,0.2766457097912571,-0.26117110225340257,982
0.0351264832975825,0.12480882656811557,0.28144230070468534,-0.2832224983267676,918,356,10.748893446359183,2.0,0.2986667981560722,0.03727626198685433,0.002149778689271837,0.026190087507830185,0.011086174479024144,4.0,0.02,0.03,0.1,15,True,0.2766457097912571,-0.26117110225340257,982
0.03041612746737399,0.10809319210789418,0.281388003020707,-0.25656566097509337,1076,379,12.673449723974333,2.0,0.3048213351493688,0.032950817412168855,0.002534689944794866,0.030443550744250435,0.002507266667918422,2.0,0.03,0.01,0.1,15,True,0.2766457097912571,-0.26117110225340257,982
0.0321233100362107,0.11432493999199898,0.280982522610192,-0.25318745383701347,1009,369,11.864838994437502,2.0,0.30171621597428017,0.0344962778350982,0.002372967798887501,0.030423203349959325,0.004073074485138886,3.0,0.03,0.01,0.1,10,True,0.2766457097912571,-0.26117110225340257,982
0.03020514346756134,0.1077515144566749,0.28032221746364716,-0.2565656609750935,1076,379,12.673449723974333,2.0,0.3038288529686159,0.03273983341235621,0.002534689944794866,0.03016624688249472,0.0025735865298614873,2.0,0.03,0.01,0.15,15,True,0.2766457097912571,-0.26117110225340257,982
0.03020514346756134,0.1077515144566749,0.28032221746364716,-0.2565656609750935,1076,379,12.673449723974333,2.0,0.3038288529686159,0.03273983341235621,0.002534689944794866,0.03016624688249472,0.0025735865298614873,2.0,0.03,0.01,0.2,15,True,0.2766457097912571,-0.26117110225340257,982
0.03020514346756134,0.1077515144566749,0.28032221746364716,-0.2565656609750935,1076,379,12.673449723974333,2.0,0.3038288529686159,0.03273983341235621,0.002534689944794866,0.03016624688249472,0.0025735865298614873,2.0,0.03,0.01,0.25,15,True,0.2766457097912571,-0.26117110225340257,982
0.029041555925274572,0.10381483423076569,0.2797437971217033,-0.23255945243414367,1086,379,12.793598477822846,2.0,0.30437085150074095,0.03160027562083915,0.0025587196955645696,0.028957799114902434,0.0026424765059367083,2.0,0.03,0.03,0.25,10,True,0.2766457097912571,-0.26117110225340257,982
0.034446186642019594,0.12321992092026626,0.27955046866414723,-0.2867673045942807,917,354,10.742125862855389,2.0,0.2969790840138854,0.03659461181459068,0.002148425172571078,0.02476658414222904,0.011828027672361626,3.5,0.01,0.02,0.2,10,True,0.2766457097912571,-0.26117110225340257,982
0.030514498974639863,0.1092498882141236,0.27930920089211597,-0.22959835190844724,1048,373,12.330540459545661,2.0,0.30184797717422623,0.03298060706654899,0.0024661080919091316,0.027770650047064263,0.005209957019484719,2.5,0.03,0.02,0.1,10,True,0.2766457097912571,-0.26117110225340257,982
0.03440106281172894,0.12321333118096227,0.27919919445408403,-0.2872601384402025,917,354,10.742125862855389,2.0,0.29662900945081183,0.03654948798430001,0.002148425172571078,0.0247691791470294,0.011780308837270603,3.5,0.01,0.02,0.25,10,True,0.2766457097912571,-0.26117110225340257,982
0.029088998699766513,0.10419339762939223,0.2791827444118274,-0.22742962016122137,1086,379,12.793598477822846,2.0,0.3037185221460258,0.031647718395331086,0.00255871969556457,0.029194565367844618,0.0024531530274864584,2.0,0.03,0.03,0.15,10,True,0.2766457097912571,-0.26117110225340257,982
0.031489352283381566,0.11282682647262439,0.2790945493004888,-0.26008899959023324,1024,373,12.02037921615851,2.0,0.30038843102549045,0.03389342812661326,0.002404075843231702,0.03196474210290786,0.0019286860237053922,2.0,0.01,0.01,0.15,10,True,0.2766457097912571,-0.26117110225340257,982
0.031489352283381566,0.11282682647262439,0.2790945493004888,-0.26008899959023324,1024,373,12.02037921615851,2.0,0.30038843102549045,0.03389342812661326,0.002404075843231702,0.03196474210290786,0.0019286860237053922,2.0,0.01,0.01,0.2,10,True,0.2766457097912571,-0.26117110225340257,982
0.031489352283381566,0.11282682647262439,0.2790945493004888,-0.26008899959023324,1024,373,12.02037921615851,2.0,0.30038843102549045,0.03389342812661326,0.002404075843231702,0.03196474210290786,0.0019286860237053922,2.0,0.01,0.01,0.25,10,True,0.2766457097912571,-0.26117110225340257,982
0.03180114796936132,0.11418770401970402,0.2784988825405735,-0.25442758198168136,1009,369,11.864838994437502,2.0,0.2992573175632458,0.03417411576824882,0.002372967798887501,0.0301460327082822,0.004028083059966625,3.0,0.03,0.01,0.15,10,True,0.2766457097912571,-0.26117110225340257,982
0.03180114796936132,0.11418770401970402,0.2784988825405735,-0.25442758198168136,1009,369,11.864838994437502,2.0,0.2992573175632458,0.03417411576824882,0.002372967798887501,0.0301460327082822,0.004028083059966625,3.0,0.03,0.01,0.2,10,True,0.2766457097912571,-0.26117110225340257,982
0.03180114796936132,0.11418770401970402,0.2784988825405735,-0.25442758198168136,1009,369,11.864838994437502,2.0,0.2992573175632458,0.03417411576824882,0.002372967798887501,0.0301460327082822,0.004028083059966625,3.0,0.03,0.01,0.25,10,True,0.2766457097912571,-0.26117110225340257,982
0.03405676858047612,0.12291451618558727,0.27707686315141317,-0.3005385824725346,933,359,10.921350127628884,2.0,0.294845407449676,0.03624103860600189,0.0021842700255257767,0.03025435270914408,0.005986685896857807,3.5,0.02,0.02,0.1,15,True,0.2766457097912571,-0.26117110225340257,982
0.031262665597908204,0.11283712963781332,0.2770600927040211,-0.26256992136022916,1024,373,12.02037921615851,2.0,0.29835221445754845,0.033666741441139895,0.002404075843231702,0.03196474210290786,0.0017019993382320258,2.0,0.01,0.01,0.1,10,True,0.2766457097912571,-0.26117110225340257,982
0.033431546251676256,0.12068503533077085,0.2770148441357938,-0.29739408867370676,922,354,10.807845860339432,2.0,0.29491874097559756,0.03559311542374414,0.0021615691720678863,0.024888686658283497,0.010704428765460629,3.5,0.01,0.03,0.2,10,True,0.2766457097912571,-0.26117110225340257,982
0.03198449540098315,0.11561536748615057,0.2766457097912571,-0.26117110225340257,982,367,11.527513263006249,2.0,0.2965705301302874,0.03428999805358439,0.002305502652601249,0.027767848178400608,0.0065221498751837845,3.0,0.02,0.02,0.2,10,True,0.2766457097912571,-0.26117110225340257,982
0.03198449540098315,0.11561536748615057,0.2766457097912571,-0.26117110225340257,982,367,11.527513263006249,2.0,0.2965705301302874,0.03428999805358439,0.002305502652601249,0.027767848178400608,0.0065221498751837845,3.0,0.02,0.02,0.25,10,True,0.2766457097912571,-0.26117110225340257,982
0.03342874091462485,0.1208440023894491,0.276627223971717,-0.2981490370322948,922,354,10.807845860339432,2.0,0.29450815007932934,0.035590310086692716,0.0021615691720678863,0.025849378826230986,0.00974093126046173,3.5,0.01,0.03,0.15,10,True,0.2766457097912571,-0.26117110225340257,982
0.034155306345328255,0.12406656369209833,0.2752982377273948,-0.28978054250182805,919,356,10.767043318935391,2.0,0.2926530332615405,0.03630871500911532,0.0021534086637870786,0.024643554385255517,0.011665160623859801,4.0,0.02,0.03,0.2,15,True,0.2766457097912571,-0.26117110225340257,982
0.030560551871983355,0.11111046307010158,0.27504657102096813,-0.24295359706376674,1037,374,12.195947007746904,2.0,0.2969865168651674,0.03299974127353273,0.002439189401549381,0.027982315183941453,0.005017426089591277,2.0,0.01,0.02,0.25,10,True,0.2766457097912571,-0.26117110225340257,982
0.030557956867182993,0.11111043982616926,0.2750232733754856,-0.24295359706376707,1037,374,12.195947007746904,2.0,0.29696330186936726,0.03299714626873236,0.002439189401549381,0.027979720179141087,0.005017426089591277,2.0,0.01,0.02,0.2,10,True,0.2766457097912571,-0.26117110225340257,982
0.034127193227470036,0.12412778162207125,0.27493597953257753,-0.28541948485053314,919,356,10.767043318935391,2.0,0.29228182396661734,0.036280601891257126,0.0021534086637870786,0.02483028078384257,0.011450321107414544,4.0,0.02,0.03,0.15,15,True,0.2766457097912571,-0.26117110225340257,982
0.03177878475630305,0.11559166799315386,0.2749227977070563,-0.2635762278970525,982,367,11.527513263006249,2.0,0.2948512907287004,0.03408428740890429,0.002305502652601249,0.02819572282208971,0.005888564586814582,3.0,0.02,0.02,0.15,10,True,0.2766457097912571,-0.26117110225340257,982
0.03134026749862197,0.11407789028195395,0.27472692053790293,-0.24319087583512777,977,364,11.461410908354962,2.0,0.29480281434055733,0.03363254968029296,0.002292282181670993,0.03033716020633669,0.0032953894739562663,3.5,0.03,0.03,0.1,10,True,0.2766457097912571,-0.26117110225340257,982
0.03025753451942096,0.1111941003042502,0.2721145675591605,-0.24883497000095423,1037,374,12.195947007746904,2.0,0.2940379789359647,0.03269672392097034,0.002439189401549381,0.02839094639244829,0.004305777528522044,2.0,0.01,0.02,0.15,10,True,0.2766457097912571,-0.26117110225340257,982
0.031121570139132245,0.11444585049442058,0.2719327088285256,-0.25464071262684806,985,367,11.565718129947623,2.0,0.2921260847364214,0.03343471376512176,0.0023131436259895242,0.02981886689662851,0.0036158468684932706,3.0,0.02,0.03,0.1,10,True,0.2766457097912571,-0.26117110225340257,982
0.03333582376007081,0.12278538823464026,0.2714966677986697,-0.2976123925702516,934,359,10.934916749432382,2.0,0.2893060347864072,0.03552280710995728,0.002186983349886477,0.02892686898239775,0.006595938127559536,3.5,0.02,0.02,0.2,15,True,0.2766457097912571,-0.26117110225340257,982
0.03333582376007081,0.12278538823464026,0.2714966677986697,-0.2976123925702516,934,359,10.934916749432382,2.0,0.2893060347864072,0.03552280710995728,0.002186983349886477,0.02892686898239775,0.006595938127559536,3.5,0.02,0.02,0.25,15,True,0.2766457097912571,-0.26117110225340257,982
0.0336483673966233,0.12402821439537785,0.271296072112744,-0.2872671661897557,919,356,10.767043318935391,2.0,0.28865593377557364,0.03580177606041038,0.0021534086637870786,0.024652393708223756,0.011149382352186609,4.0,0.02,0.03,0.25,15,True,0.2766457097912571,-0.26117110225340257,982
0.032699005292243954,0.12057273328992361,0.2711973461994715,-0.30131919525519846,922,354,10.807845860339432,2.0,0.28911795240267524,0.03486057446431184,0.0021615691720678863,0.02465888812455644,0.010201686339755397,3.5,0.01,0.03,0.25,10,True,0.2766457097912571,-0.26117110225340257,982
0.030025318433377128,0.11086294618015109,0.2708327666539396,-0.24674065095828857,1042,373,12.257485407894132,2.0,0.2929128500074177,0.03247681551495595,0.0024514970815788266,0.0289882826263455,0.003488532888610435,2.5,0.03,0.01,0.1,10,True,0.2766457097912571,-0.26117110225340257,982
0.029790358963861896,0.11007897940587784,0.27062713630383817,-0.24845013905115454,1041,374,12.23957285900427,2.0,0.2928454768533175,0.03223827353566274,0.002447914571800854,0.02707218536167194,0.005166088173990797,2.0,0.01,0.03,0.25,10,True,0.2766457097912571,-0.26117110225340257,982
0.03327902582045982,0.12320434706781658,0.27011243200811513,-0.2919529828269971,917,354,10.742125862855389,2.0,0.28754416738838684,0.0354274509930309,0.002148425172571078,0.024534946324420794,0.010892504668610102,3.5,0.01,0.02,0.15,10,True,0.2766457097912571,-0.26117110225340257,982
0.033096019450175936,0.12271331117020672,0.26970195111328105,-0.29773217752954706,934,359,10.934916749432382,2.0,0.28752205056068797,0.0352830028000624,0.002186983349886477,0.02892427397759739,0.006358728822465015,3.5,0.02,0.02,0.15,15,True,0.2766457097912571,-0.26117110225340257,982
0.029765679107749486,0.11072025931912761,0.26883679003998934,-0.24799114174941628,1042,373,12.257485407894132,2.0,0.29094493381640707,0.0322171761893283,0.0024514970815788266,0.028809104631848922,0.0034080715574793777,2.5,0.03,0.01,0.15,10,True,0.2766457097912571,-0.26117110225340257,982
0.029765679107749486,0.11072025931912761,0.26883679003998934,-0.24799114174941628,1042,373,12.257485407894132,2.0,0.29094493381640707,0.0322171761893283,0.0024514970815788266,0.028809104631848922,0.0034080715574793777,2.5,0.03,0.01,0.2,10,True,0.2766457097912571,-0.26117110225340257,982
0.029765679107749486,0.11072025931912761,0.26883679003998934,-0.24799114174941628,1042,373,12.257485407894132,2.0,0.29094493381640707,0.0322171761893283,0.0024514970815788266,0.028809104631848922,0.0034080715574793777,2.5,0.03,0.01,0.25,10,True,0.2766457097912571,-0.26117110225340257,982
0.030931698728181987,0.11513537764660989,0.2686550334087757,-0.2696890785921958,1002,369,11.77707516659715,2.0,0.28909624563869046,0.03328711376150141,0.0023554150333194297,0.03106193131477171,0.002225182446729699,3.0,0.03,0.01,0.1,15,True,0.2766457097912571,-0.26117110225340257,982
0.029621626252786627,0.11043093405180829,0.2682366721528385,-0.2440851690770096,1041,374,12.23957285900427,2.0,0.2903836487673935,0.03206954082458747,0.0024479145718008534,0.028035523668341132,0.004034017156246335,2.0,0.01,0.03,0.15,10,True,0.2766457097912571,-0.26117110225340257,982
0.03303587552444256,0.12352481536315883,0.2674432293407457,-0.3006043216918183,917,354,10.737542612082681,2.0,0.28482136018517784,0.03518338404685909,0.0021475085224165365,0.02513528173663527,0.010048102310223817,3.5,0.01,0.02,0.1,10,True,0.2766457097912571,-0.26117110225340257,982
0.03341132399867143,0.12521917258860987,0.2668227501266094,-0.3042060348406658,917,356,10.740708367185489,2.0,0.28397868560137396,0.03555946567210852,0.002148141673437098,0.02509703980962682,0.010462425862481682,4.0,0.02,0.02,0.25,15,True,0.2766457097912571,-0.26117110225340257,982
0.03340872899387107,0.1252191427814962,0.2668020899341911,-0.304206034840665,917,356,10.740708367185489,2.0,0.2839581118331819,0.035556870667308164,0.002148141673437098,0.025094444804826456,0.010462425862481682,4.0,0.02,0.02,0.2,15,True,0.2766457097912571,-0.26117110225340257,982
0.02968883888375107,0.11132016065161988,0.2666977725325359,-0.24568423775383952,1037,374,12.195947007746904,2.0,0.28859777443707424,0.03212802828530045,0.002439189401549381,0.028521604208857458,0.0036064240764429843,2.0,0.01,0.02,0.1,10,True,0.2766457097912571,-0.26117110225340257,982
0.030524650575786665,0.11511667890194414,0.2651627102775213,-0.2696890785921955,1002,369,11.77707516659715,2.0,0.28560763826202756,0.032880065609106085,0.0023554150333194297,0.030588563300433323,0.0022915023086727635,3.0,0.03,0.01,0.15,15,True,0.2766457097912571,-0.26117110225340257,982
0.030524650575786665,0.11511667890194414,0.2651627102775213,-0.2696890785921955,1002,369,11.77707516659715,2.0,0.28560763826202756,0.032880065609106085,0.0023554150333194297,0.030588563300433323,0.0022915023086727635,3.0,0.03,0.01,0.2,15,True,0.2766457097912571,-0.26117110225340257,982
0.030524650575786665,0.11511667890194414,0.2651627102775213,-0.2696890785921955,1002,369,11.77707516659715,2.0,0.28560763826202756,0.032880065609106085,0.0023554150333194297,0.030588563300433323,0.0022915023086727635,3.0,0.03,0.01,0.25,15,True,0.2766457097912571,-0.26117110225340257,982
0.03317151968877655,0.12515096591153554,0.2650520469192722,-0.3043246974193967,917,356,10.740708367185489,2.0,0.2822175763520191,0.03531966136221364,0.002148141673437098,0.025094444804826456,0.010225216557387163,4.0,0.02,0.02,0.15,15,True,0.2766457097912571,-0.26117110225340257,982
0.029193642927681653,0.1102192650523052,0.2648687859951492,-0.24884122635344041,1041,374,12.23957285900427,2.0,0.28705927008221716,0.031641557499482505,0.002447914571800854,0.027214038496328568,0.004427519003153932,2.0,0.01,0.03,0.2,10,True,0.2766457097912571,-0.26117110225340257,982
0.032468956214049015,0.12292159379491122,0.2641436318196615,-0.30577925626471547,934,363,10.927769903720193,2.0,0.28191784702545825,0.03465451019479304,0.002185553980744039,0.030778602222815324,0.0038759079719777366,3.0,0.01,0.01,0.1,10,True,0.2766457097912571,-0.26117110225340257,982
0.03244728581077336,0.12289593036714712,0.26402245960332676,-0.30577925626471547,934,363,10.927769903720193,2.0,0.28180010216260315,0.03463283979151738,0.002185553980744039,0.030778602222815324,0.0038542375687020693,3.0,0.01,0.01,0.15,10,True,0.2766457097912571,-0.26117110225340257,982
0.03244728581077336,0.12289593036714712,0.26402245960332676,-0.30577925626471547,934,363,10.927769903720193,2.0,0.28180010216260315,0.03463283979151738,0.002185553980744039,0.030778602222815324,0.0038542375687020693,3.0,0.01,0.01,0.2,10,True,0.2766457097912571,-0.26117110225340257,982
0.03244728581077336,0.12289593036714712,0.26402245960332676,-0.30577925626471547,934,363,10.927769903720193,2.0,0.28180010216260315,0.03463283979151738,0.002185553980744039,0.030778602222815324,0.0038542375687020693,3.0,0.01,0.01,0.25,10,True,0.2766457097912571,-0.26117110225340257,982
0.02661144936564133,0.10151454649100652,0.26214419790565596,-0.20770142901934352,1104,379,13.038099530469221,2.0,0.2878090301239913,0.02921906927173517,0.0026076199060938443,0.02689201265325437,0.0023270566184807905,2.0,0.03,0.03,0.1,5,True,0.2766457097912571,-0.26117110225340257,982
0.0313535660792493,0.12000178969207391,0.2612758206332001,-0.29301608215395436,949,363,11.135054189688297,2.0,0.2798246348574366,0.03358057691718695,0.002227010837937659,0.027164017622005415,0.006416559295181539,3.0,0.01,0.02,0.25,10,True,0.2766457097912571,-0.26117110225340257,982
0.031311919198215486,0.12000286496484314,0.26092643044304686,-0.29342434107418947,949,363,11.135054189688297,2.0,0.2794749368691624,0.033538930036153144,0.002227010837937659,0.02716142261720505,0.006377507418948091,3.0,0.01,0.02,0.2,10,True,0.2766457097912571,-0.26117110225340257,982
0.030539577373457336,0.11735306202200844,0.2602367321930631,-0.2906067385601121,978,367,11.463197121307497,2.0,0.27975759247552473,0.03283221679771883,0.0022926394242615,0.030305635267575372,0.002526581530143458,2.5,0.01,0.01,0.15,10,True,0.2766457097912571,-0.26117110225340257,982
0.030539577373457336,0.11735306202200844,0.2602367321930631,-0.2906067385601121,978,367,11.463197121307497,2.0,0.27975759247552473,0.03283221679771883,0.0022926394242615,0.030305635267575372,0.002526581530143458,2.5,0.01,0.01,0.2,10,True,0.2766457097912571,-0.26117110225340257,982
0.030539577373457336,0.11735306202200844,0.2602367321930631,-0.2906067385601121,978,367,11.463197121307497,2.0,0.27975759247552473,0.03283221679771883,0.0022926394242615,0.030305635267575372,0.002526581530143458,2.5,0.01,0.01,0.25,10,True,0.2766457097912571,-0.26117110225340257,982
0.02879714155794418,0.11080008924247327,0.2599017902857907,-0.24671074568443874,1041,374,12.23957285900427,2.0,0.2819791079629726,0.03124505612974503,0.0024479145718008534,0.02815748342555226,0.003087572704192763,2.0,0.01,0.03,0.1,10,True,0.2766457097912571,-0.26117110225340257,982
0.02899408142220097,0.11160465614833306,0.2597927579622226,-0.26154971045848097,1036,373,12.183288201857277,2.0,0.2815994851945335,0.031430739062572405,0.002436657640371455,0.029061837939266085,0.002368901123306322,2.5,0.03,0.01,0.1,15,True,0.2766457097912571,-0.26117110225340257,982
0.030478546358632775,0.1173856456960027,0.2596445773068713,-0.29299623369084804,978,367,11.463197121307497,2.0,0.27916009651497603,0.03277118578289428,0.0022926394242615,0.030305635267575372,0.0024655505153188956,2.5,0.01,0.01,0.1,10,True,0.2766457097912571,-0.26117110225340257,982
0.028864564731294264,0.11128472498263757,0.25937580144802136,-0.2615497104584823,1036,373,12.183288201857277,2.0,0.2812447790737239,0.031301222371665716,0.002436657640371455,0.028784534077510374,0.0025166882941553377,2.5,0.03,0.01,0.15,15,True,0.2766457097912571,-0.26117110225340257,982
0.028864564731294264,0.11128472498263757,0.25937580144802136,-0.2615497104584823,1036,373,12.183288201857277,2.0,0.2812447790737239,0.031301222371665716,0.002436657640371455,0.028784534077510374,0.0025166882941553377,2.5,0.03,0.01,0.2,15,True,0.2766457097912571,-0.26117110225340257,982
0.028864564731294264,0.11128472498263757,0.25937580144802136,-0.2615497104584823,1036,373,12.183288201857277,2.0,0.2812447790737239,0.031301222371665716,0.002436657640371455,0.028784534077510374,0.0025166882941553377,2.5,0.03,0.01,0.25,15,True,0.2766457097912571,-0.26117110225340257,982
0.030303325311224087,0.11692199061257573,0.25917558495591303,-0.30086393123344923,971,367,11.388438948547583,2.0,0.2786416321576237,0.03258101310093359,0.0022776877897095174,0.03023130434806475,0.002349708752868845,3.0,0.02,0.01,0.15,10,True,0.2766457097912571,-0.26117110225340257,982
0.030303325311224087,0.11692199061257573,0.25917558495591303,-0.30086393123344923,971,367,11.388438948547583,2.0,0.2786416321576237,0.03258101310093359,0.0022776877897095174,0.03023130434806475,0.002349708752868845,3.0,0.02,0.01,0.2,10,True,0.2766457097912571,-0.26117110225340257,982
0.030303325311224087,0.11692199061257573,0.25917558495591303,-0.30086393123344923,971,367,11.388438948547583,2.0,0.2786416321576237,0.03258101310093359,0.0022776877897095174,0.03023130434806475,0.002349708752868845,3.0,0.02,0.01,0.25,10,True,0.2766457097912571,-0.26117110225340257,982
0.030187575541263247,0.1169739113436792,0.2580710108305228,-0.30351854770013487,971,367,11.388438948547583,2.0,0.2775269221517808,0.03246526333097276,0.0022776877897095174,0.03050847498974187,0.0019567883412308917,3.0,0.02,0.01,0.1,10,True,0.2766457097912571,-0.26117110225340257,982
0.030598555853070104,0.11869296738333275,0.25779586211075595,-0.271894381522517,960,364,11.240293015695027,2.0,0.27672485639898975,0.0328466144562091,0.0022480586031390056,0.0316447441108105,0.0012018703453985952,3.5,0.03,0.01,0.1,15,True,0.2766457097912571,-0.26117110225340257,982
0.029917182829657663,0.1167877935278434,0.25616703532056284,-0.25640950466047074,973,364,11.409456574356376,2.0,0.2756897181842893,0.032199074144528925,0.002281891314871275,0.029613288643703318,0.002585785500825616,3.5,0.03,0.01,0.1,10,True,0.2766457097912571,-0.26117110225340257,982
0.030125187838731714,0.11867576458306343,0.25384448075450583,-0.2718943815225169,960,364,11.240293015695027,2.0,0.2727765044481244,0.032373246441870715,0.0022480586031390056,0.03117137609647212,0.0012018703453985952,3.5,0.03,0.01,0.15,15,True,0.2766457097912571,-0.26117110225340257,982
0.030125187838731714,0.11867576458306343,0.25384448075450583,-0.2718943815225169,960,364,11.240293015695027,2.0,0.2727765044481244,0.032373246441870715,0.0022480586031390056,0.03117137609647212,0.0012018703453985952,3.5,0.03,0.01,0.2,15,True,0.2766457097912571,-0.26117110225340257,982
0.030125187838731714,0.11867576458306343,0.25384448075450583,-0.2718943815225169,960,364,11.240293015695027,2.0,0.2727765044481244,0.032373246441870715,0.0022480586031390056,0.03117137609647212,0.0012018703453985952,3.5,0.03,0.01,0.25,15,True,0.2766457097912571,-0.26117110225340257,982
0.029417836502987335,0.11596114577953631,0.2536870113280539,-0.2638495540218906,982,367,11.527513263006249,2.0,0.2735544256614641,0.031723339155588566,0.002305502652601249,0.027164033551775463,0.004559305603813116,3.0,0.02,0.02,0.1,10,True,0.2766457097912571,-0.26117110225340257,982
0.029571355146618558,0.11667768210691035,0.2534448286307461,-0.2574577026824554,973,364,11.409456574356376,2.0,0.2729877138155209,0.03185324646148983,0.0022818913148712756,0.029293051008616483,0.002560195452873342,3.5,0.03,0.01,0.15,10,True,0.2766457097912571,-0.26117110225340257,982
0.029571355146618558,0.11667768210691035,0.2534448286307461,-0.2574577026824554,973,364,11.409456574356376,2.0,0.2729877138155209,0.03185324646148983,0.0022818913148712756,0.029293051008616483,0.002560195452873342,3.5,0.03,0.01,0.2,10,True,0.2766457097912571,-0.26117110225340257,982
0.029571355146618558,0.11667768210691035,0.2534448286307461,-0.2574577026824554,973,364,11.409456574356376,2.0,0.2729877138155209,0.03185324646148983,0.0022818913148712756,0.029293051008616483,0.002560195452873342,3.5,0.03,0.01,0.25,10,True,0.2766457097912571,-0.26117110225340257,982
0.030459317378825405,0.12042798101418993,0.25292558359204254,-0.29855741375016875,949,363,11.13047093891559,2.0,0.2714020789486482,0.032685411566608515,0.0022260941877831173,0.027452045510960518,0.005233366055648001,3.0,0.01,0.02,0.1,10,True,0.2766457097912571,-0.26117110225340257,982
0.03014908389749979,0.1199800608209958,0.25128411913776827,-0.3002986731275359,949,363,11.135054189688297,2.0,0.269836688937633,0.032376094735437434,0.002227010837937659,0.027101599478308768,0.005274495257128671,3.0,0.01,0.02,0.15,10,True,0.2766457097912571,-0.26117110225340257,982
0.02883886965915833,0.11493384583522884,0.25091712062347793,-0.28085258529931023,1005,370,11.797517008354907,2.0,0.27142684828757685,0.031198373060829312,0.0023595034016709814,0.029868474488711876,0.0013298985721174415,2.5,0.02,0.01,0.1,15,True,0.2766457097912571,-0.26117110225340257,982
0.03133506472645549,0.1254084028526873,0.2498641559390853,-0.3082831293763034,917,356,10.736125116412783,2.0,0.26698566089744924,0.03348228974973804,0.002147225023282556,0.02487963548837717,0.008602654261360847,4.0,0.02,0.02,0.1,15,True,0.2766457097912571,-0.26117110225340257,982
0.030973314989741603,0.12472429282743668,0.24833426021180163,-0.29339348673683474,904,349,10.575484080286307,2.0,0.26528968515445966,0.033088411805798856,0.0021150968160572616,0.02267935763357069,0.01040905417222817,4.0,0.01,0.03,0.1,10,True,0.2766457097912571,-0.26117110225340257,982
0.02836550164481994,0.11491605152834035,0.24683672356967903,-0.2808525852993109,1005,370,11.797517008354907,2.0,0.2673500470618344,0.030725005046490925,0.0023595034016709814,0.029395106474373493,0.0013298985721174415,2.5,0.02,0.01,0.15,15,True,0.2766457097912571,-0.26117110225340257,982
0.02836550164481994,0.11491605152834035,0.24683672356967903,-0.2808525852993109,1005,370,11.797517008354907,2.0,0.2673500470618344,0.030725005046490925,0.0023595034016709814,0.029395106474373493,0.0013298985721174415,2.5,0.02,0.01,0.2,15,True,0.2766457097912571,-0.26117110225340257,982
0.02836550164481994,0.11491605152834035,0.24683672356967903,-0.2808525852993109,1005,370,11.797517008354907,2.0,0.2673500470618344,0.030725005046490925,0.0023595034016709814,0.029395106474373493,0.0013298985721174415,2.5,0.02,0.01,0.25,15,True,0.2766457097912571,-0.26117110225340257,982
0.030320337612442405,0.12295530156303945,0.2465964234726154,-0.3013996392738233,904,349,10.575484080286307,2.0,0.26379511244972065,0.03243543442849965,0.0021150968160572616,0.02028047597976733,0.012154958448732324,4.0,0.01,0.03,0.25,10,True,0.2766457097912571,-0.26117110225340257,982
0.030262142032390367,0.12303172570315327,0.24597023133208606,-0.2965125704479541,904,349,10.575484080286307,2.0,0.2631581560666359,0.03237723884844761,0.0021150968160572616,0.020510274513494398,0.011866964334953222,4.0,0.01,0.03,0.2,10,True,0.2766457097912571,-0.26117110225340257,982
0.027116412368045403,0.11030861579946732,0.24582315870358648,-0.2682580640779333,1051,377,12.359688788901927,2.0,0.26821259889822535,0.029588350125825794,0.002471937757780386,0.03119512791081162,-0.0016067777849858272,2.0,0.02,0.01,0.1,15,True,0.2766457097912571,-0.26117110225340257,982
0.029845942725405153,0.12319314323444155,0.24226951226179133,-0.2996108144805958,904,349,10.575484080286307,2.0,0.2594355867968742,0.0319610395414624,0.0021150968160572616,0.02141763694268262,0.010543402598779786,4.0,0.01,0.03,0.15,10,True,0.2766457097912571,-0.26117110225340257,982
0.02664304435370702,0.11029196961940195,0.24156830679194002,-0.2682580640779333,1051,377,12.359688788901927,2.0,0.26396159707311534,0.0291149821114874,0.002471937757780386,0.03072175989647323,-0.0016067777849858272,2.0,0.02,0.01,0.15,15,True,0.2766457097912571,-0.26117110225340257,982
0.02664304435370702,0.11029196961940195,0.24156830679194002,-0.2682580640779333,1051,377,12.359688788901927,2.0,0.26396159707311534,0.0291149821114874,0.002471937757780386,0.03072175989647323,-0.0016067777849858272,2.0,0.02,0.01,0.2,15,True,0.2766457097912571,-0.26117110225340257,982
0.02664304435370702,0.11029196961940195,0.24156830679194002,-0.2682580640779333,1051,377,12.359688788901927,2.0,0.26396159707311534,0.0291149821114874,0.002471937757780386,0.03072175989647323,-0.0016067777849858272,2.0,0.02,0.01,0.25,15,True,0.2766457097912571,-0.26117110225340257,982
0.029508296952620968,0.12654078170984603,0.2331919919720628,-0.28959112141095666,898,349,10.49408434946531,2.0,0.24977613327231749,0.03160711382251402,0.0020988168698930624,0.018022023146417234,0.013585090676096777,4.0,0.01,0.02,0.25,10,True,0.2766457097912571,-0.26117110225340257,982
0.02634350874305126,0.11308652931527596,0.23295001537811563,-0.259961203139248,1027,373,12.058965970035551,2.0,0.2542648346058533,0.028755301937058376,0.0024117931940071105,0.027220651147321234,0.0015346507897371364,2.0,0.01,0.03,0.1,15,True,0.2766457097912571,-0.26117110225340257,982
0.029464974087159007,0.1265404158010369,0.23285030241632546,-0.2900172377286163,898,349,10.49408434946531,2.0,0.24943446723151977,0.03156379095705206,0.0020988168698930624,0.018019428141616875,0.013544362815435184,4.0,0.01,0.02,0.2,10,True,0.2766457097912571,-0.26117110225340257,982
0.027265351621839417,0.11783973688288805,0.23137654871833577,-0.2821441838308494,971,367,11.378280423167753,2.0,0.2506737051699374,0.029541007706472954,0.002275656084633551,0.027709664631849314,0.0018313430746236586,3.0,0.02,0.03,0.1,15,True,0.2766457097912571,-0.26117110225340257,982
0.026842594639964662,0.11742019099611531,0.22860288688214375,-0.2888991803689047,981,366,11.504102741164148,2.0,0.2481869397608086,0.029143415188197484,0.0023008205482328292,0.024607597004935772,0.00453581818326171,2.5,0.01,0.03,0.1,15,True,0.2766457097912571,-0.26117110225340257,982
0.025691066398863198,0.11265461118094691,0.2280516183895745,-0.25937109066681163,1029,373,12.086099213642552,2.0,0.2494958730542219,0.02810828624159171,0.00241721984272851,0.025815852368719902,0.0022924338728717996,2.0,0.01,0.03,0.15,15,True,0.2766457097912571,-0.26117110225340257,982
0.02667224566863664,0.11719058558221981,0.2275971703368923,-0.28114539020689366,972,367,11.392029890224965,2.0,0.24702610094313868,0.02895065164668162,0.002278405978044993,0.0262254499883691,0.002725201658312524,3.0,0.02,0.03,0.25,15,True,0.2766457097912571,-0.26117110225340257,982
0.026620432930204403,0.11722662765613931,0.22708520634313628,-0.28114539020689544,972,367,11.392029890224965,2.0,0.2465084621915951,0.028898838908249378,0.002278405978044993,0.0262254499883691,0.0026733889198802844,3.0,0.02,0.03,0.2,15,True,0.2766457097912571,-0.26117110225340257,982
0.025444706065036488,0.11265953733796397,0.2258548780358087,-0.2638910964601122,1029,373,12.086099213642552,2.0,0.2472986142290121,0.027861925907764998,0.00241721984272851,0.025403298226104123,0.0024586276816608702,2.0,0.01,0.03,0.2,15,True,0.2766457097912571,-0.26117110225340257,982
0.026489588385850835,0.11731771909535388,0.22579358506212127,-0.28011809408494837,972,367,11.392029890224965,2.0,0.24520200476291745,0.028767994363895807,0.002278405978044993,0.02681846600833224,0.001949528355563582,3.0,0.02,0.03,0.15,15,True,0.2766457097912571,-0.26117110225340257,982
0.02524494733420863,0.11259259315347225,0.2242149916540056,-0.2638910964601122,1029,373,12.086099213642552,2.0,0.24567102469723362,0.027662167176937136,0.00241721984272851,0.02520353949527626,0.0024586276816608702,2.0,0.01,0.03,0.25,15,True,0.2766457097912571,-0.26117110225340257,982
0.02607513186900088,0.11680869030298241,0.22322938303105963,-0.28469045752966826,983,366,11.531235984771147,2.0,0.24296197569165456,0.028381379065955094,0.002306247196954229,0.023173505786517782,0.005207873279437315,2.5,0.01,0.03,0.2,15,True,0.2766457097912571,-0.26117110225340257,982
0.026075650892453103,0.11682604563869096,0.22320066342994713,-0.28469045752966926,983,366,11.531235984771147,2.0,0.24293021909780071,0.02838189808940733,0.002306247196954229,0.023303695475224852,0.005078202614182479,2.5,0.01,0.03,0.15,15,True,0.2766457097912571,-0.26117110225340257,982
0.028219113251217336,0.1265329268923442,0.22301794437448297,-0.2950350986906367,898,349,10.49408434946531,2.0,0.23960382729048446,0.030317930121110385,0.0020988168698930624,0.01778779032380863,0.01253013979730176,4.0,0.01,0.02,0.15,10,True,0.2766457097912571,-0.26117110225340257,982
0.028023806412506486,0.1268457281868321,0.2209282631199846,-0.30477925894893954,898,349,10.489501098692603,2.0,0.23746468443106372,0.030121706632245,0.002097900219738521,0.018477885251078876,0.011643821381166129,4.0,0.01,0.02,0.1,10,True,0.2766457097912571,-0.26117110225340257,982
0.026118777483279714,0.11836806412772173,0.22065730039393888,-0.30265446471456114,968,367,11.337580557757256,2.0,0.23980184680234642,0.028386293594831143,0.0022675161115514515,0.027628507271044905,0.000757786323786251,3.0,0.02,0.02,0.1,15,True,0.2766457097912571,-0.26117110225340257,982
0.024912115380182773,0.11322671529535455,0.22001976578759644,-0.2897434699040309,1026,373,12.047512459765509,2.0,0.24129280932833816,0.027321617872135873,0.002409502491953102,0.02785566925662278,-0.0005340513844869111,2.0,0.01,0.02,0.1,15,True,0.2766457097912571,-0.26117110225340257,982
0.025620618932072244,0.1182243410128621,0.21671187771124792,-0.3012842550856363,969,367,11.351147179560757,2.0,0.23590289001506926,0.027890848367984382,0.0022702294359121513,0.026601563510039186,0.0012892848579452159,3.0,0.02,0.02,0.2,15,True,0.2766457097912571,-0.26117110225340257,982
0.025620618932072244,0.1182243410128621,0.21671187771124792,-0.3012842550856363,969,367,11.351147179560757,2.0,0.23590289001506926,0.027890848367984382,0.0022702294359121513,0.026601563510039186,0.0012892848579452159,3.0,0.02,0.02,0.25,15,True,0.2766457097912571,-0.26117110225340257,982
0.025392350865207552,0.1181572319020885,0.214903061424535,-0.3012842550856355,969,367,11.351147179560757,2.0,0.23410521449757368,0.027662580301119694,0.0022702294359121513,0.02659896850523882,0.001063611795880885,3.0,0.02,0.02,0.15,15,True,0.2766457097912571,-0.26117110225340257,982
0.023833998968026935,0.11312368169379412,0.2106897389756229,-0.28716888417883357,1027,373,12.061079081569007,2.0,0.23200636779028,0.026246214784340745,0.0024122158163138014,0.026561059683077544,-0.0003148448987367997,2.0,0.01,0.02,0.25,15,True,0.2766457097912571,-0.26117110225340257,982
0.023831403963226572,0.11312365868903279,0.21066684228042035,-0.28716888417883335,1027,373,12.061079081569007,2.0,0.23198353509978192,0.02624361977954038,0.0024122158163138014,0.02655846467827718,-0.0003148448987367997,2.0,0.01,0.02,0.2,15,True,0.2766457097912571,-0.26117110225340257,982
0.023831403963226572,0.11312369481571714,0.21066677500278652,-0.28716888417883346,1027,373,12.061079081569007,2.0,0.23198353509978192,0.02624361977954038,0.0024122158163138014,0.02655846467827718,-0.0003148448987367997,2.0,0.01,0.02,0.15,15,True,0.2766457097912571,-0.26117110225340257,982
0.024576641567116624,0.11670874288207253,0.21058098099771244,-0.2890559644069193,983,366,11.531235984771147,2.0,0.23033042685633665,0.026882888764070845,0.002306247196954229,0.022558597908273775,0.0043242908557970675,2.5,0.01,0.03,0.25,15,True,0.2766457097912571,-0.26117110225340257,982
0.023343040005228414,0.11446018405773216,0.20394026269828905,-0.28640952933320674,1016,372,11.918207232567044,2.0,0.22475488272037836,0.02572668145174182,0.002383641446513409,0.028508496178362843,-0.0027818147266210225,2.0,0.01,0.01,0.1,15,True,0.2766457097912571,-0.26117110225340257,982
0.023343040005228414,0.11446018405773216,0.20394026269828905,-0.28640952933320674,1016,372,11.918207232567044,2.0,0.22475488272037836,0.02572668145174182,0.002383641446513409,0.028508496178362843,-0.0027818147266210225,2.0,0.01,0.01,0.15,15,True,0.2766457097912571,-0.26117110225340257,982
0.023343040005228414,0.11446018405773216,0.20394026269828905,-0.28640952933320674,1016,372,11.918207232567044,2.0,0.22475488272037836,0.02572668145174182,0.002383641446513409,0.028508496178362843,-0.0027818147266210225,2.0,0.01,0.01,0.2,15,True,0.2766457097912571,-0.26117110225340257,982
0.023343040005228414,0.11446018405773216,0.20394026269828905,-0.28640952933320674,1016,372,11.918207232567044,2.0,0.22475488272037836,0.02572668145174182,0.002383641446513409,0.028508496178362843,-0.0027818147266210225,2.0,0.01,0.01,0.25,15,True,0.2766457097912571,-0.26117110225340257,982
0.023519502072277598,0.11889005168217073,0.19782565268919539,-0.30883124533513606,969,365,11.349777381892135,2.0,0.2169078282158358,0.02578945754865603,0.0022699554763784273,0.026809181029938706,-0.0010197234812826838,2.5,0.01,0.01,0.1,15,True,0.2766457097912571,-0.26117110225340257,982
0.023519502072277598,0.11889005168217073,0.19782565268919539,-0.30883124533513606,969,365,11.349777381892135,2.0,0.2169078282158358,0.02578945754865603,0.0022699554763784273,0.026809181029938706,-0.0010197234812826838,2.5,0.01,0.01,0.15,15,True,0.2766457097912571,-0.26117110225340257,982
0.023519502072277598,0.11889005168217073,0.19782565268919539,-0.30883124533513606,969,365,11.349777381892135,2.0,0.2169078282158358,0.02578945754865603,0.0022699554763784273,0.026809181029938706,-0.0010197234812826838,2.5,0.01,0.01,0.2,15,True,0.2766457097912571,-0.26117110225340257,982
0.023519502072277598,0.11889005168217073,0.19782565268919539,-0.30883124533513606,969,365,11.349777381892135,2.0,0.2169078282158358,0.02578945754865603,0.0022699554763784273,0.026809181029938706,-0.0010197234812826838,2.5,0.01,0.01,0.25,15,True,0.2766457097912571,-0.26117110225340257,982
0.03300148586902362,0.12580766818943317,0.26231696639772456,-0.31906826130396315,905,354,10.585197640486973,2.0,0.2791403417175679,0.03511852539712102,0.002117039528097395,0.027691650466454432,0.007426874930666572,3.5,0.01,0.01,0.1,10,False,0.2766457097912571,-0.26117110225340257,982
0.03272988717515113,0.12573246464869486,0.26031373254791973,-0.31906826130396315,905,354,10.585197640486973,2.0,0.2771466156496283,0.03484692670324853,0.002117039528097395,0.027691650466454432,0.007155276236794082,3.5,0.01,0.01,0.15,10,False,0.2766457097912571,-0.26117110225340257,982
0.03272988717515113,0.12573246464869486,0.26031373254791973,-0.31906826130396315,905,354,10.585197640486973,2.0,0.2771466156496283,0.03484692670324853,0.002117039528097395,0.027691650466454432,0.007155276236794082,3.5,0.01,0.01,0.2,10,False,0.2766457097912571,-0.26117110225340257,982
0.03272988717515113,0.12573246464869486,0.26031373254791973,-0.31906826130396315,905,354,10.585197640486973,2.0,0.2771466156496283,0.03484692670324853,0.002117039528097395,0.027691650466454432,0.007155276236794082,3.5,0.01,0.01,0.25,10,False,0.2766457097912571,-0.26117110225340257,982
0.03157416534650865,0.12373050099756672,0.25518497938620316,-0.3210423497183871,925,359,10.815349478616735,2.0,0.27266378656856866,0.03373723524223199,0.002163069895723347,0.03171065151656863,0.0020265837256633625,3.5,0.02,0.01,0.1,15,False,0.2766457097912571,-0.26117110225340257,982
0.031100797332170266,0.12371401865089911,0.251392668925675,-0.3210423497183844,925,359,10.815349478616735,2.0,0.268873969049098,0.0332638672278936,0.002163069895723347,0.03123728350223024,0.0020265837256633625,3.5,0.02,0.01,0.15,15,False,0.2766457097912571,-0.26117110225340257,982
0.031100797332170266,0.12371401865089911,0.251392668925675,-0.3210423497183844,925,359,10.815349478616735,2.0,0.268873969049098,0.0332638672278936,0.002163069895723347,0.03123728350223024,0.0020265837256633625,3.5,0.02,0.01,0.2,15,False,0.2766457097912571,-0.26117110225340257,982
0.031100797332170266,0.12371401865089911,0.251392668925675,-0.3210423497183844,925,359,10.815349478616735,2.0,0.268873969049098,0.0332638672278936,0.002163069895723347,0.03123728350223024,0.0020265837256633625,3.5,0.02,0.01,0.25,15,False,0.2766457097912571,-0.26117110225340257,982
0.03118100649975127,0.12627548034450548,0.2469284330947154,-0.32479661591118625,904,355,10.567332733805552,2.0,0.26366387566368055,0.033294473046512375,0.0021134665467611104,0.027230138725939435,0.0060643343205729235,4.0,0.02,0.01,0.1,15,False,0.2766457097912571,-0.26117110225340257,982
0.030707638485412882,0.1262593252882872,0.24321085524018368,-0.3247966159111857,904,355,10.567332733805552,2.0,0.2599485738762259,0.03282110503217398,0.0021134665467611104,0.02675677071160105,0.0060643343205729235,4.0,0.02,0.01,0.15,15,False,0.2766457097912571,-0.26117110225340257,982
0.030707638485412882,0.1262593252882872,0.24321085524018368,-0.3247966159111857,904,355,10.567332733805552,2.0,0.2599485738762259,0.03282110503217398,0.0021134665467611104,0.02675677071160105,0.0060643343205729235,4.0,0.02,0.01,0.2,15,False,0.2766457097912571,-0.26117110225340257,982
0.030707638485412882,0.1262593252882872,0.24321085524018368,-0.3247966159111857,904,355,10.567332733805552,2.0,0.2599485738762259,0.03282110503217398,0.0021134665467611104,0.02675677071160105,0.0060643343205729235,4.0,0.02,0.01,0.25,15,False,0.2766457097912571,-0.26117110225340257,982
0.027035721456510235,0.12633136084922478,0.2140064135680221,-0.34294520826754216,907,354,10.597269136215498,2.0,0.2307832399707712,0.029155175283753335,0.0021194538272431,0.021207789686254204,0.007947385597499131,4.0,0.01,0.01,0.1,5,False,0.2766457097912571,-0.26117110225340257,982
0.02505710526308979,0.11779142487085757,0.21272435825070907,-0.31494404264994535,975,365,11.432018646660747,2.0,0.2321240947487794,0.027343508992421925,0.002286403729332149,0.02589702673226505,0.0014464822601568828,2.5,0.01,0.02,0.1,15,False,0.2766457097912571,-0.26117110225340257,982
0.026779001458050143,0.12617977476346062,0.21222895276402773,-0.3400702369778428,908,354,10.610835758018997,2.0,0.22904847524786265,0.028901168609653947,0.0021221671516037997,0.020407018711432592,0.008494149898221346,4.0,0.01,0.01,0.2,5,False,0.2766457097912571,-0.26117110225340257,982
0.026779001458050143,0.12617977476346062,0.21222895276402773,-0.3400702369778428,908,354,10.610835758018997,2.0,0.22904847524786265,0.028901168609653947,0.0021221671516037997,0.020407018711432592,0.008494149898221346,4.0,0.01,0.01,0.25,5,False,0.2766457097912571,-0.26117110225340257,982
0.02660766639508976,0.12617882665189564,0.21087267254826722,-0.34173367085948236,908,354,10.610835758018997,2.0,0.22769236580914273,0.028729833546693565,0.0021221671516037997,0.020407018711432592,0.008322814835260964,4.0,0.01,0.01,0.15,5,False,0.2766457097912571,-0.26117110225340257,982
0.02444523241197497,0.11758826963092484,0.20788835900639918,-0.3124502083935653,976,365,11.445585268464246,2.0,0.22734447805351282,0.026734349465667804,0.0022891170536928494,0.02457693234973929,0.0021574171159285233,2.5,0.01,0.02,0.15,15,False,0.2766457097912571,-0.26117110225340257,982
0.024404760423365618,0.11759113915380866,0.20753911050597362,-0.3124502083935651,976,365,11.445585268464246,2.0,0.22699533808910324,0.02669387747705845,0.0022891170536928494,0.024536460361129935,0.0021574171159285233,2.5,0.01,0.02,0.25,15,False,0.2766457097912571,-0.26117110225340257,982
0.024402165418565255,0.11759110653982617,0.20751710003086538,-0.3124502083935654,976,365,11.445585268464246,2.0,0.22697340886439651,0.026691282472258084,0.0022891170536928494,0.024533865356329572,0.0021574171159285233,2.5,0.01,0.02,0.2,15,False,0.2766457097912571,-0.26117110225340257,982
0.024222877358815856,0.11880711359836311,0.20388406573619167,-0.3254697223521552,960,367,11.24042361444858,2.0,0.22279760143381466,0.026470962081705563,0.0022480847228897156,0.029255088181458954,-0.0027841260997533896,3.0,0.02,0.01,0.1,15,False,0.2766457097912571,-0.26117110225340257,982
0.02374950934447747,0.11878982648157428,0.19992881585832858,-0.32546972235215643,960,367,11.24042361444858,2.0,0.21884535821194737,0.025997594067367177,0.0022480847228897156,0.028781720167120564,-0.0027841260997533896,3.0,0.02,0.01,0.15,15,False,0.2766457097912571,-0.26117110225340257,982
0.02374950934447747,0.11878982648157428,0.19992881585832858,-0.32546972235215643,960,367,11.24042361444858,2.0,0.21884535821194737,0.025997594067367177,0.0022480847228897156,0.028781720167120564,-0.0027841260997533896,3.0,0.02,0.01,0.2,15,False,0.2766457097912571,-0.26117110225340257,982
0.02374950934447747,0.11878982648157428,0.19992881585832858,-0.32546972235215643,960,367,11.24042361444858,2.0,0.21884535821194737,0.025997594067367177,0.0022480847228897156,0.028781720167120564,-0.0027841260997533896,3.0,0.02,0.01,0.25,15,False,0.2766457097912571,-0.26117110225340257,982
0.024382962572704708,0.12242546879571624,0.19916576846759754,-0.3277132325612806,937,360,10.974918813806664,2.0,0.2170920821359509,0.02657794633546602,0.002194983762761333,0.024841840392415895,0.001736105943050136,3.0,0.01,0.03,0.2,15,False,0.2766457097912571,-0.26117110225340257,982
0.024397815294144767,0.12254681826210975,0.19908974904563742,-0.32771323256128015,937,360,10.974918813806664,2.0,0.21699813861845557,0.026592799056906084,0.002194983762761333,0.024972030081122965,0.0016207689757831176,3.0,0.01,0.03,0.15,15,False,0.2766457097912571,-0.26117110225340257,982
0.025449275601461523,0.12870843649709407,0.19772810776111097,-0.3223407806234204,887,348,10.352199943103797,2.0,0.213814382612509,0.027519715590082264,0.0020704399886207593,0.01925261532672461,0.00826710026335766,4.0,0.01,0.01,0.1,10,False,0.2766457097912571,-0.26117110225340257,982
0.02449500965753655,0.12457438226519214,0.19662958958441334,-0.3210987979944999,922,359,10.775310338351451,2.0,0.21392364670794764,0.026650071725206836,0.00215506206767029,0.027921682466605348,-0.0012716107413985088,3.0,0.01,0.01,0.1,15,False,0.2766457097912571,-0.26117110225340257,982
0.02449500965753655,0.12457438226519214,0.19662958958441334,-0.3210987979944999,922,359,10.775310338351451,2.0,0.21392364670794764,0.026650071725206836,0.00215506206767029,0.027921682466605348,-0.0012716107413985088,3.0,0.01,0.01,0.15,15,False,0.2766457097912571,-0.26117110225340257,982
0.02449500965753655,0.12457438226519214,0.19662958958441334,-0.3210987979944999,922,359,10.775310338351451,2.0,0.21392364670794764,0.026650071725206836,0.00215506206767029,0.027921682466605348,-0.0012716107413985088,3.0,0.01,0.01,0.2,15,False,0.2766457097912571,-0.26117110225340257,982
0.02449500965753655,0.12457438226519214,0.19662958958441334,-0.3210987979944999,922,359,10.775310338351451,2.0,0.21392364670794764,0.026650071725206836,0.00215506206767029,0.027921682466605348,-0.0012716107413985088,3.0,0.01,0.01,0.25,15,False,0.2766457097912571,-0.26117110225340257,982
0.025228877227097605,0.12863654078464143,0.19612527725955306,-0.3218312852946119,887,348,10.352199943103797,2.0,0.21221991555514838,0.027299317215718346,0.0020704399886207593,0.01925261532672461,0.008046701888993741,4.0,0.01,0.01,0.15,10,False,0.2766457097912571,-0.26117110225340257,982
0.025228877227097605,0.12863654078464143,0.19612527725955306,-0.3218312852946119,887,348,10.352199943103797,2.0,0.21221991555514838,0.027299317215718346,0.0020704399886207593,0.01925261532672461,0.008046701888993741,4.0,0.01,0.01,0.2,10,False,0.2766457097912571,-0.26117110225340257,982
0.025228877227097605,0.12863654078464143,0.19612527725955306,-0.3218312852946119,887,348,10.352199943103797,2.0,0.21221991555514838,0.027299317215718346,0.0020704399886207593,0.01925261532672461,0.008046701888993741,4.0,0.01,0.01,0.25,10,False,0.2766457097912571,-0.26117110225340257,982
0.02447287817868356,0.12619404519529337,0.19393053088051987,-0.33549569545867475,896,351,10.46920652705986,2.0,0.21051880142524595,0.02656671948409553,0.002093841305411972,0.022817482031483434,0.0037492374526120814,3.5,0.01,0.02,0.2,15,False,0.2766457097912571,-0.26117110225340257,982
0.02438870247215945,0.1261886160440429,0.19327181196477497,-0.3363383269301806,896,351,10.46920652705986,2.0,0.20986074201107072,0.026482543777571418,0.002093841305411972,0.022820077036283797,0.0036624667412876073,3.5,0.01,0.02,0.25,15,False,0.2766457097912571,-0.26117110225340257,982
0.024297173250260262,0.12614986265203332,0.19260562587595204,-0.3354956954586741,896,351,10.46920652705986,2.0,0.2092007097823615,0.02639101455567224,0.002093841305411972,0.02282645147712585,0.003564563078546376,3.5,0.01,0.02,0.15,15,False,0.2766457097912571,-0.26117110225340257,982
0.02336101989313004,0.12283986950369619,0.19017457432602627,-0.33091168386639525,937,360,10.970335563033958,2.0,0.20803379549303294,0.02555508700573682,0.0021940671126067916,0.02481108476685088,0.0007440022388859463,3.0,0.01,0.03,0.1,15,False,0.2766457097912571,-0.26117110225340257,982
0.023232899162338495,0.12239057778500799,0.1898258802499449,-0.33181617308211186,937,360,10.974918813806664,2.0,0.20775725497391512,0.025427882925099805,0.002194983762761333,0.02454637947475115,0.0008815034503486671,3.0,0.01,0.03,0.25,15,False,0.2766457097912571,-0.26117110225340257,982
0.02330807438720763,0.12522054785543466,0.1861361796157965,-0.3413013483920627,905,351,10.581990486973758,2.0,0.2030381344364567,0.025424472484602383,0.0021163980973947514,0.021730467808682045,0.0036940046759203365,3.5,0.01,0.03,0.2,15,False,0.2766457097912571,-0.26117110225340257,982
0.02415983550513704,0.1302614177537175,0.18547192193789516,-0.317137822974516,870,346,10.1334669843282,2.0,0.20102961418573628,0.026186528902002678,0.00202669339686564,0.019752482977700506,0.006434045924302171,4.0,0.01,0.01,0.1,15,False,0.2766457097912571,-0.26117110225340257,982
0.02415983550513704,0.1302614177537175,0.18547192193789516,-0.317137822974516,870,346,10.1334669843282,2.0,0.20102961418573628,0.026186528902002678,0.00202669339686564,0.019752482977700506,0.006434045924302171,4.0,0.01,0.01,0.15,15,False,0.2766457097912571,-0.26117110225340257,982
0.02415983550513704,0.1302614177537175,0.18547192193789516,-0.317137822974516,870,346,10.1334669843282,2.0,0.20102961418573628,0.026186528902002678,0.00202669339686564,0.019752482977700506,0.006434045924302171,4.0,0.01,0.01,0.2,15,False,0.2766457097912571,-0.26117110225340257,982
0.02415983550513704,0.1302614177537175,0.18547192193789516,-0.317137822974516,870,346,10.1334669843282,2.0,0.20102961418573628,0.026186528902002678,0.00202669339686564,0.019752482977700506,0.006434045924302171,4.0,0.01,0.01,0.25,15,False,0.2766457097912571,-0.26117110225340257,982
0.022715127763322837,0.12306507305381807,0.18457818452997785,-0.33592688191619413,929,359,10.875701475696266,2.0,0.20224844642675174,0.024890268058462072,0.0021751402951392528,0.02575138834103857,-0.0008611202825764784,3.0,0.01,0.02,0.25,15,False,0.2766457097912571,-0.26117110225340257,982
0.02271253275852247,0.12306507311058244,0.18455709800061385,-0.33592688191619513,929,359,10.875701475696266,2.0,0.2022275102624604,0.024887673053661713,0.0021751402951392528,0.025748793336238203,-0.0008611202825764784,3.0,0.01,0.02,0.2,15,False,0.2766457097912571,-0.26117110225340257,982
0.023741512354623292,0.12889512748704085,0.184192473505333,-0.33107861896659785,872,346,10.169853678076201,2.0,0.19997169995446892,0.025775483090238523,0.0020339707356152406,0.02037123778786711,0.005404245302371427,4.0,0.01,0.02,0.2,15,False,0.2766457097912571,-0.26117110225340257,982
0.023657336648099183,0.1288883943493021,0.18354900584753295,-0.33192504771884335,872,346,10.169853678076201,2.0,0.19932890642031514,0.025691307383714414,0.0020339707356152406,0.02037383279266747,0.005317474591046953,4.0,0.01,0.02,0.25,15,False,0.2766457097912571,-0.26117110225340257,982
0.022957755994856954,0.12526344770467893,0.18327577929183422,-0.3413013483920613,905,351,10.581990486973758,2.0,0.2001720764553576,0.025074154092251704,0.0021163980973947514,0.021860657497389115,0.0032134965948625873,3.5,0.01,0.03,0.15,15,False,0.2766457097912571,-0.26117110225340257,982
0.022468035245560486,0.12300226293659851,0.18266359259700474,-0.33592688191619524,929,359,10.875701475696266,2.0,0.20034359888248465,0.024643175540699728,0.0021751402951392528,0.025688970197341926,-0.0010457946566421832,3.0,0.01,0.02,0.15,15,False,0.2766457097912571,-0.26117110225340257,982
0.023275141294072963,0.12762337151573044,0.18237365944531675,-0.3440976462536507,889,351,10.376152721924626,2.0,0.19863117202593833,0.025350371838457893,0.002075230544384925,0.02443023777249118,0.0009201340659667208,3.5,0.01,0.01,0.1,15,False,0.2766457097912571,-0.26117110225340257,982
0.023275141294072963,0.12762337151573044,0.18237365944531675,-0.3440976462536507,889,351,10.376152721924626,2.0,0.19863117202593833,0.025350371838457893,0.002075230544384925,0.02443023777249118,0.0009201340659667208,3.5,0.01,0.01,0.15,15,False,0.2766457097912571,-0.26117110225340257,982
0.023275141294072963,0.12762337151573044,0.18237365944531675,-0.3440976462536507,889,351,10.376152721924626,2.0,0.19863117202593833,0.025350371838457893,0.002075230544384925,0.02443023777249118,0.0009201340659667208,3.5,0.01,0.01,0.2,15,False,0.2766457097912571,-0.26117110225340257,982
0.023275141294072963,0.12762337151573044,0.18237365944531675,-0.3440976462536507,889,351,10.376152721924626,2.0,0.19863117202593833,0.025350371838457893,0.002075230544384925,0.02443023777249118,0.0009201340659667208,3.5,0.01,0.01,0.25,15,False,0.2766457097912571,-0.26117110225340257,982
0.022814146352990176,0.12574491639081048,0.18143195771099538,-0.3445723075351482,905,351,10.57740723620105,2.0,0.19825488267246716,0.024929627800230374,0.0021154814472402104,0.022659484210745786,0.002270143589484595,3.5,0.01,0.03,0.1,15,False,0.2766457097912571,-0.26117110225340257,982
0.022803970098611764,0.1262869742663877,0.18057262224455103,-0.3450492004220961,896,351,10.464623276287151,2.0,0.19714106703859338,0.024896894753869185,0.0020929246552574307,0.02279410750921997,0.002102787244649214,3.5,0.01,0.02,0.1,15,False,0.2766457097912571,-0.26117110225340257,982
0.023026784754575518,0.1285155231203035,0.1791751237165344,-0.3310786189665953,872,346,10.165270427303494,2.0,0.19499417133136346,0.02505983884003621,0.002033054085460699,0.019840267911730505,0.005219570928305716,4.0,0.01,0.02,0.15,15,False,0.2766457097912571,-0.26117110225340257,982
0.022049579517541124,0.12518952945972345,0.17612958218390792,-0.3453213611598198,905,351,10.581990486973758,2.0,0.19303560883878607,0.024165977614935868,0.0021163980973947514,0.021326575431717006,0.0028394021832188715,3.5,0.01,0.03,0.25,15,False,0.2766457097912571,-0.26117110225340257,982
0.021205903161284373,0.12318401769865082,0.17214816952277917,-0.34023314096503166,929,359,10.87111822492356,2.0,0.18979455175719634,0.023380126806269066,0.002174223644984712,0.025714942658141917,-0.0023348158518728362,3.0,0.01,0.02,0.1,15,False,0.2766457097912571,-0.26117110225340257,982
0.021762472967849094,0.12898477845890652,0.1687212493432505,-0.3395217779781482,872,346,10.165270427303494,2.0,0.18448115498145684,0.023795527053309787,0.002033054085460699,0.01996434648325425,0.0038311805700555488,4.0,0.01,0.02,0.1,15,False,0.2766457097912571,-0.26117110225340257,982
0.021498519783903543,0.12764173472527487,0.16842860863788098,-0.3328167717342725,885,346,10.325738127573834,2.0,0.18460871626622463,0.023563667409418298,0.002065147625514767,0.017638337181309544,0.005925330228108755,4.0,0.01,0.03,0.2,15,False,0.2766457097912571,-0.26117110225340257,982
0.021123607337877284,0.12764389060844758,0.1654885888951375,-0.3368885655500269,885,346,10.325738127573834,2.0,0.1816684839450995,0.02318875496339204,0.002065147625514767,0.017234444804344506,0.005954310159047535,4.0,0.01,0.03,0.25,15,False,0.2766457097912571,-0.26117110225340257,982
0.02082264155213375,0.12768508940141302,0.16307809823175265,-0.3328167717342714,885,346,10.325738127573834,2.0,0.1792527377000974,0.022887789177648506,0.002065147625514767,0.01757232949735535,0.0053154596802931576,4.0,0.01,0.03,0.15,15,False,0.2766457097912571,-0.26117110225340257,982
0.020196914628766188,0.1283043456909441,0.15741411189154847,-0.3371915676937318,885,346,10.321154876801126,2.0,0.17350254397563156,0.022261145604126405,0.002064230975360225,0.0185673535833733,0.003693792020753111,4.0,0.01,0.03,0.1,15,False,0.2766457097912571,-0.26117110225340257,982
