Date,USGG10YR INDEX,GJGB10 INDEX,GUKG10 INDEX,GDBR10 INDEX,GFRN10 INDEX,GBTPGR10 INDEX,GSPG10YR INDEX,GACGB10 INDEX
2005-10-05,4.3398,1.515,4.264,3.174,3.215,3.364,3.15,5.373
2005-10-06,4.3873,1.49,4.26,3.186,3.22,3.378,3.162,5.317
2005-10-07,4.354,1.52,4.269,3.176,3.21,3.371,3.153,5.353
2005-10-10,4.3557,1.521,4.257,3.162,3.197,3.357,3.14,5.345
2005-10-11,4.3914,1.544,4.275,3.188,3.224,3.381,3.167,5.324
2005-10-12,4.4392,1.543,4.327,3.223,3.259,3.412,3.2,5.367
2005-10-13,4.4612,1.575,4.398,3.283,3.317,3.471,3.259,5.397
2005-10-14,4.4793,1.575,4.416,3.291,3.326,3.477,3.265,5.442
2005-10-17,4.4934,1.575,4.422,3.295,3.331,3.481,3.268,5.46
2005-10-18,4.4694,1.57,4.403,3.289,3.326,3.475,3.261,5.453
2005-10-19,4.4594,1.515,4.372,3.26,3.297,3.445,3.234,5.398
2005-10-20,4.4295,1.527,4.406,3.29,3.327,3.476,3.264,5.412
2005-10-21,4.3837,1.515,4.366,3.231,3.268,3.422,3.204,5.367
2005-10-24,4.4436,1.51,4.359,3.236,3.274,3.426,3.211,5.34
2005-10-25,4.5341,1.525,4.41,3.311,3.349,3.502,3.285,5.417
2005-10-26,4.5827,1.56,4.429,3.378,3.404,3.577,3.352,5.477
2005-10-27,4.5463,1.525,4.408,3.402,3.434,3.603,3.38,5.468
2005-10-28,4.5648,1.522,4.36,3.406,3.436,3.609,3.378,5.433
2005-10-31,4.5506,1.554,4.335,3.391,3.423,3.595,3.432,5.479
2005-11-01,4.5629,1.583,4.341,3.418,3.45,3.62,3.461,5.462
2005-11-02,4.6036,1.574,4.412,3.46,3.492,3.657,3.503,5.45
2005-11-03,4.6465,1.573,4.441,3.473,3.502,3.667,3.513,5.5
2005-11-04,4.659,1.615,4.437,3.494,3.52,3.688,3.534,5.565
2005-11-07,4.6223,1.63,4.428,3.501,3.531,3.698,3.543,5.563
2005-11-08,4.5512,1.603,4.399,3.462,3.491,3.659,3.503,5.533
2005-11-09,4.6388,1.57,4.44,3.523,3.555,3.735,3.567,5.512
2005-11-10,4.5535,1.58,4.432,3.523,3.553,3.732,3.565,5.53
2005-11-11,4.5333,1.575,4.44,3.512,3.542,3.716,3.554,5.451
2005-11-14,4.6043,1.523,4.429,3.537,3.569,3.738,3.576,5.401
2005-11-15,4.5569,1.475,4.339,3.506,3.534,3.71,3.545,5.48
2005-11-16,4.4706,1.509,4.21,3.427,3.45,3.624,3.462,5.434
2005-11-17,4.4569,1.473,4.231,3.444,3.468,3.639,3.48,5.353
2005-11-18,4.4881,1.465,4.268,3.539,3.564,3.735,3.578,5.348
2005-11-21,4.4588,1.485,4.219,3.485,3.506,3.675,3.523,5.398
2005-11-22,4.4256,1.48,4.24,3.484,3.506,3.675,3.521,5.373
2005-11-23,4.47,1.48,4.246,3.499,3.493,3.658,3.508,5.345
2005-11-24,4.47,1.444,4.204,3.42,3.413,3.58,3.429,5.405
2005-11-25,4.4274,1.45,4.201,3.427,3.421,3.595,3.436,5.393
2005-11-28,4.404,1.465,4.21,3.418,3.414,3.59,3.432,5.369
2005-11-29,4.4743,1.464,4.246,3.467,3.467,3.641,3.487,5.348
2005-11-30,4.484,1.44,4.231,3.455,3.457,3.634,3.474,5.377
2005-12-01,4.5135,1.459,4.19,3.407,3.412,3.586,3.429,5.388
2005-12-02,4.5115,1.515,4.226,3.397,3.398,3.578,3.416,5.362
2005-12-05,4.5687,1.575,4.278,3.416,3.419,3.594,3.436,5.442
2005-12-06,4.482,1.565,4.244,3.373,3.374,3.549,3.392,5.498
2005-12-07,4.5095,1.545,4.294,3.407,3.41,3.58,3.427,5.431
2005-12-08,4.4623,1.534,4.25,3.377,3.381,3.553,3.4,5.454
2005-12-09,4.5233,1.564,4.331,3.445,3.45,3.619,3.464,5.384
2005-12-12,4.547,1.605,4.305,3.422,3.427,3.593,3.44,5.432
2005-12-13,4.5193,1.585,4.297,3.403,3.407,3.574,3.421,5.459
2005-12-14,4.4563,1.549,4.285,3.367,3.373,3.543,3.385,5.41
2005-12-15,4.4602,1.515,4.285,3.38,3.387,3.56,3.397,5.325
2005-12-16,4.4327,1.535,4.239,3.345,3.356,3.534,3.364,5.285
2005-12-19,4.4385,1.545,4.196,3.339,3.35,3.529,3.356,5.32
2005-12-20,4.4601,1.53,4.178,3.348,3.36,3.54,3.366,5.295
2005-12-21,4.4877,1.555,4.214,3.397,3.41,3.59,3.415,5.295
2005-12-22,4.4267,1.555,4.187,3.357,3.36,3.552,3.375,5.305
2005-12-23,4.372,1.555,4.181,3.326,3.331,3.524,3.375,5.23
2005-12-26,4.372,1.53,4.181,3.331,3.335,3.529,3.377,5.235
2005-12-27,4.3366,1.5,4.181,3.325,3.331,3.522,3.357,5.22
2005-12-28,4.3737,1.53,4.117,3.298,3.3,3.496,3.311,5.2
2005-12-29,4.3541,1.514,4.124,3.329,3.33,3.533,3.335,5.21
2005-12-30,4.3911,1.48,4.1,3.309,3.304,3.509,3.312,5.2
2006-01-02,4.3911,1.48,4.1,3.332,3.336,3.537,3.344,5.21
2006-01-03,4.3637,1.48,4.105,3.326,3.33,3.531,3.334,5.225
2006-01-04,4.3422,1.45,4.074,3.285,3.289,3.487,3.293,5.19
2006-01-05,4.3519,1.445,4.071,3.273,3.279,3.485,3.283,5.185
2006-01-06,4.3733,1.45,4.076,3.262,3.264,3.471,3.27,5.175
2006-01-09,4.3654,1.45,4.106,3.259,3.264,3.467,3.269,5.175
2006-01-10,4.4243,1.435,4.136,3.287,3.29,3.491,3.296,5.185
2006-01-11,4.4518,1.46,4.12,3.297,3.295,3.499,3.308,5.215
2006-01-12,4.4026,1.454,4.083,3.275,3.276,3.479,3.288,5.22
2006-01-13,4.3534,1.459,4.058,3.264,3.263,3.468,3.274,5.165
2006-01-16,4.3534,1.464,4.049,3.276,3.277,3.48,3.286,5.145
2006-01-17,4.324,1.435,3.988,3.267,3.271,3.474,3.279,5.16
2006-01-18,4.3318,1.444,3.984,3.281,3.285,3.489,3.293,5.115
2006-01-19,4.3729,1.49,4.044,3.339,3.346,3.549,3.353,5.145
2006-01-20,4.3493,1.48,4.042,3.375,3.381,3.588,3.386,5.18
2006-01-23,4.3551,1.445,4.023,3.385,3.395,3.598,3.398,5.135
2006-01-24,4.3904,1.445,4.034,3.37,3.38,3.585,3.382,5.165
2006-01-25,4.4754,1.47,4.106,3.433,3.442,3.645,3.447,5.25
2006-01-26,4.5172,1.514,4.175,3.488,3.497,3.705,3.503,5.315
2006-01-27,4.5092,1.55,4.198,3.48,3.488,3.699,3.493,5.36
2006-01-30,4.5251,1.565,4.177,3.473,3.481,3.697,3.482,5.36
2006-01-31,4.5152,1.57,4.15,3.467,3.477,3.692,3.477,5.353
2006-02-01,4.5551,1.56,4.19,3.525,3.532,3.747,3.534,5.358
2006-02-02,4.5571,1.565,4.202,3.508,3.514,3.728,3.515,5.398
2006-02-03,4.5232,1.59,4.184,3.489,3.493,3.705,3.497,5.365
2006-02-06,4.5432,1.565,4.194,3.486,3.489,3.7,3.492,5.31
2006-02-07,4.5652,1.578,4.218,3.514,3.518,3.728,3.519,5.325
2006-02-08,4.5873,1.574,4.217,3.504,3.507,3.72,3.508,5.28
2006-02-09,4.5432,1.565,4.162,3.477,3.481,3.694,3.484,5.26
2006-02-10,4.5845,1.605,4.182,3.476,3.479,3.688,3.484,5.24
2006-02-13,4.5766,1.559,4.194,3.492,3.495,3.705,3.499,5.29
2006-02-14,4.6102,1.605,4.16,3.498,3.499,3.71,3.501,5.28
2006-02-15,4.5964,1.575,4.205,3.506,3.507,3.719,3.51,5.265
2006-02-16,4.5825,1.565,4.169,3.512,3.515,3.726,3.523,5.27
2006-02-17,4.5372,1.52,4.13,3.447,3.452,3.664,3.46,5.23
2006-02-20,4.5372,1.53,4.116,3.436,3.442,3.652,3.45,5.19
2006-02-21,4.5648,1.535,4.127,3.448,3.453,3.662,3.463,5.204
2006-02-22,4.5215,1.525,4.111,3.419,3.452,3.634,3.435,5.228
2006-02-23,4.5549,1.555,4.134,3.479,3.511,3.7,3.495,5.185
2006-02-24,4.5727,1.595,4.168,3.49,3.522,3.711,3.507,5.214
2006-02-27,4.5905,1.61,4.223,3.532,3.565,3.748,3.548,5.29
2006-02-28,4.551,1.595,4.19,3.489,3.524,3.705,3.505,5.29
2006-03-01,4.5845,1.61,4.171,3.511,3.548,3.732,3.531,5.245
2006-03-02,4.6282,1.645,4.229,3.573,3.609,3.86,3.597,5.275
2006-03-03,4.6801,1.63,4.26,3.591,3.622,3.868,3.611,5.315
2006-03-06,4.7504,1.645,4.258,3.585,3.615,3.861,3.602,5.38
2006-03-07,4.7223,1.655,4.263,3.599,3.631,3.875,3.618,5.38
2006-03-08,4.7263,1.61,4.286,3.644,3.674,3.919,3.657,5.36
2006-03-09,4.7243,1.61,4.314,3.648,3.678,3.92,3.663,5.395
2006-03-10,4.7567,1.66,4.344,3.687,3.716,3.959,3.7,5.38
2006-03-13,4.7668,1.7,4.348,3.712,3.742,3.987,3.724,5.445
2006-03-14,4.6924,1.685,4.313,3.654,3.684,3.93,3.665,5.43
2006-03-15,4.7266,1.73,4.328,3.688,3.719,3.967,3.703,5.345
2006-03-16,4.6404,1.735,4.311,3.658,3.69,3.936,3.672,5.365
2006-03-17,4.6705,1.724,4.366,3.691,3.723,3.969,3.706,5.27
2006-03-20,4.6565,1.74,4.344,3.663,3.695,3.941,3.677,5.28
2006-03-21,4.7167,1.74,4.351,3.665,3.699,3.945,3.681,5.28
2006-03-22,4.6986,1.735,4.323,3.644,3.677,3.924,3.66,5.345
2006-03-23,4.7329,1.724,4.337,3.675,3.709,3.957,3.693,5.328
2006-03-24,4.6686,1.735,4.329,3.634,3.669,3.917,3.652,5.35
2006-03-27,4.7028,1.7,4.34,3.642,3.676,3.927,3.658,5.28
2006-03-28,4.7797,1.708,4.397,3.731,3.768,4.019,3.749,5.29
2006-03-29,4.8041,1.78,4.39,3.761,3.799,4.056,3.781,5.385
2006-03-30,4.8551,1.79,4.39,3.786,3.825,4.079,3.807,5.39
2006-03-31,4.8472,1.78,4.398,3.771,3.807,4.068,3.791,5.415
2006-04-03,4.8615,1.855,4.417,3.822,3.859,4.126,3.842,5.413
2006-04-04,4.8637,1.855,4.424,3.839,3.882,4.153,3.861,5.46
2006-04-05,4.8433,1.844,4.393,3.85,3.894,4.16,3.875,5.45
2006-04-06,4.8987,1.879,4.428,3.896,3.935,4.2,3.92,5.51
2006-04-07,4.9774,1.884,4.414,3.896,3.937,4.21,3.92,5.54
2006-04-10,4.9526,1.884,4.444,3.892,3.933,4.192,3.917,5.57
2006-04-11,4.9197,1.894,4.454,3.875,3.913,4.179,3.903,5.575
2006-04-12,4.9777,1.889,4.464,3.886,3.922,4.197,3.915,5.55
2006-04-13,5.0447,1.94,4.535,3.952,3.989,4.275,3.983,5.6
2006-04-14,5.0448,1.974,4.538,3.957,3.994,4.279,3.983,5.625
2006-04-17,5.0032,1.97,4.538,3.956,3.993,4.278,3.983,5.63
2006-04-18,4.9824,1.964,4.526,3.947,3.986,4.284,3.975,5.61
2006-04-19,5.0221,1.889,4.511,3.954,3.989,4.283,3.977,5.59
2006-04-20,5.0389,1.91,4.509,3.929,3.966,4.26,3.951,5.635
2006-04-21,5.0079,1.915,4.552,3.952,3.99,4.283,3.974,5.655
2006-04-24,4.9768,1.895,4.575,3.941,3.98,4.277,3.961,5.625
2006-04-25,5.0667,1.925,4.634,3.986,4.029,4.327,4.007,5.61
2006-04-26,5.1046,1.95,4.681,3.997,4.031,4.331,4.013,5.7
2006-04-27,5.0669,1.985,4.648,3.966,4.0,4.291,3.98,5.725
2006-04-28,5.0505,1.93,4.635,3.951,3.984,4.273,3.965,5.7
2006-05-01,5.1369,1.889,4.611,3.949,3.982,4.27,3.975,5.695
2006-05-02,5.1075,1.93,4.643,3.984,4.017,4.298,3.996,5.745
2006-05-03,5.1414,1.93,4.666,4.007,4.039,4.315,4.021,5.775
2006-05-04,5.1521,1.93,4.698,4.034,4.064,4.337,4.047,5.8
2006-05-05,5.0997,1.93,4.684,4.002,4.032,4.308,4.014,5.79
2006-05-08,5.1104,1.98,4.705,4.018,4.05,4.323,4.034,5.765
2006-05-09,5.1211,1.969,4.715,4.031,4.06,4.335,4.044,5.785
2006-05-10,5.1234,2.0,4.691,3.989,4.017,4.292,4.004,5.818
2006-05-11,5.151,1.973,4.733,4.069,4.096,4.376,4.086,5.815
2006-05-12,5.1938,1.994,4.744,4.081,4.109,4.393,4.097,5.823
2006-05-15,5.1533,2.009,4.68,4.018,4.045,4.33,4.032,5.843
2006-05-16,5.0947,1.969,4.617,3.978,4.002,4.29,3.992,5.785
2006-05-17,5.1431,1.925,4.671,4.077,4.08,4.365,4.071,5.77
2006-05-18,5.0605,1.95,4.578,4.032,4.034,4.321,4.024,5.82
2006-05-19,5.0584,1.915,4.606,3.99,3.994,4.285,3.988,5.738
2006-05-22,5.0383,1.829,4.564,3.916,3.922,4.218,3.916,5.708
2006-05-23,5.0123,1.805,4.625,3.932,3.939,4.241,3.929,5.685
2006-05-24,5.0363,1.835,4.585,3.891,3.9,4.204,3.889,5.69
2006-05-25,5.0683,1.864,4.542,3.879,3.891,4.199,3.878,5.715
2006-05-26,5.0481,1.861,4.548,3.884,3.895,4.202,3.882,5.735
2006-05-29,5.0481,1.875,4.551,3.891,3.901,4.21,3.891,5.73
2006-05-30,5.0762,1.847,4.573,3.939,3.948,4.253,3.936,5.765
2006-05-31,5.1186,1.84,4.591,3.982,3.992,4.301,3.981,5.73
2006-06-01,5.0984,1.935,4.636,3.996,4.005,4.316,3.995,5.762
2006-06-02,4.9898,1.915,4.585,3.929,3.938,4.251,3.926,5.741
2006-06-05,5.0177,1.869,4.6,3.97,3.978,4.294,3.969,5.618
2006-06-06,4.9997,1.935,4.66,3.99,4.003,4.311,3.989,5.648
2006-06-07,5.0177,1.885,4.645,4.008,4.025,4.317,4.006,5.653
2006-06-08,4.9936,1.865,4.611,3.927,3.942,4.232,3.92,5.695
2006-06-09,4.9714,1.846,4.57,3.934,3.951,4.243,3.929,5.659
2006-06-12,4.9774,1.837,4.547,3.914,3.931,4.227,3.908,5.664
2006-06-13,4.9613,1.784,4.519,3.868,3.884,4.183,3.86,5.653
2006-06-14,5.0617,1.78,4.535,3.9,3.917,4.207,3.892,5.614
2006-06-15,5.094,1.78,4.624,3.95,3.968,4.26,3.943,5.677
2006-06-16,5.1264,1.815,4.611,3.939,3.955,4.249,3.932,5.734
2006-06-19,5.1345,1.825,4.666,3.976,3.989,4.291,3.971,5.784
2006-06-20,5.1487,1.868,4.721,3.995,4.01,4.309,3.993,5.776
2006-06-21,5.1528,1.855,4.723,4.015,4.029,4.329,4.013,5.771
2006-06-22,5.208,1.865,4.735,4.061,4.075,4.372,4.059,5.801
2006-06-23,5.2223,1.88,4.748,4.081,4.093,4.391,4.078,5.835
2006-06-26,5.2326,1.91,4.735,4.092,4.104,4.4,4.091,5.832
2006-06-27,5.1998,1.91,4.735,4.094,4.106,4.404,4.09,5.861
2006-06-28,5.2429,1.915,4.743,4.097,4.107,4.401,4.091,5.838
2006-06-29,5.1936,1.925,4.716,4.066,4.074,4.37,4.059,5.875
2006-06-30,5.1364,1.93,4.71,4.071,4.079,4.377,4.065,5.78
2006-07-03,5.1486,1.974,4.742,4.092,4.099,4.391,4.085,5.748
2006-07-04,5.1486,1.97,4.69,4.078,4.086,4.379,4.074,5.794
2006-07-05,5.2204,1.985,4.725,4.137,4.148,4.435,4.134,5.788
2006-07-06,5.1793,1.985,4.687,4.113,4.124,4.412,4.111,5.858
2006-07-07,5.1261,1.96,4.648,4.065,4.075,4.364,4.063,5.847
2006-07-10,5.1241,1.978,4.664,4.087,4.096,4.38,4.085,5.783
2006-07-11,5.0996,1.969,4.635,4.051,4.059,4.342,4.047,5.805
2006-07-12,5.0976,1.94,4.671,4.087,4.095,4.38,4.083,5.818
2006-07-13,5.063,1.916,4.642,4.048,4.055,4.342,4.045,5.873
2006-07-14,5.0629,1.848,4.582,3.983,3.989,4.284,3.979,5.835
2006-07-17,5.0629,1.845,4.619,3.993,4.001,4.292,3.992,5.838
2006-07-18,5.1302,1.83,4.662,4.014,4.023,4.307,4.013,5.881
2006-07-19,5.0487,1.85,4.631,3.984,3.993,4.278,3.985,5.886
2006-07-20,5.0263,1.814,4.63,3.985,3.995,4.279,3.986,5.824
2006-07-21,5.0404,1.82,4.612,3.956,3.964,4.249,3.954,5.783
2006-07-24,5.0424,1.86,4.605,3.956,3.967,4.248,3.957,5.833
2006-07-25,5.0628,1.88,4.631,3.963,3.974,4.255,3.963,5.85
2006-07-26,5.0302,1.865,4.658,3.983,3.994,4.28,3.988,5.906
2006-07-27,5.0343,1.88,4.616,3.948,3.959,4.247,3.951,5.875
2006-07-28,4.9896,1.931,4.593,3.92,3.931,4.22,3.924,5.899
2006-07-31,4.9794,1.929,4.605,3.921,3.93,4.218,3.922,5.84
2006-08-01,4.9753,1.925,4.618,3.929,3.938,4.226,3.929,5.84
2006-08-02,4.9632,1.889,4.648,3.934,3.942,4.228,3.932,5.847
2006-08-03,4.9591,1.869,4.733,3.974,3.983,4.264,3.972,5.792
2006-08-04,4.8925,1.875,4.706,3.906,3.916,4.194,3.904,5.819
2006-08-07,4.9186,1.836,4.673,3.907,3.917,4.194,3.903,5.753
2006-08-08,4.9165,1.835,4.669,3.903,3.912,4.188,3.897,5.747
2006-08-09,4.9367,1.84,4.681,3.934,3.944,4.216,3.93,5.776
2006-08-10,4.9309,1.9,4.701,3.933,3.942,4.217,3.927,5.842
2006-08-11,4.9691,1.843,4.75,3.981,3.99,4.259,3.975,5.853
2006-08-14,4.9952,1.884,4.765,4.006,4.015,4.283,4.0,5.929
2006-08-15,4.9289,1.857,4.734,3.97,3.979,4.252,3.965,5.93
2006-08-16,4.859,1.84,4.688,3.932,3.942,4.212,3.928,5.892
2006-08-17,4.863,1.83,4.659,3.92,3.93,4.199,3.916,5.798
2006-08-18,4.841,1.859,4.611,3.902,3.912,4.182,3.9,5.767
2006-08-21,4.8112,1.823,4.567,3.861,3.87,4.149,3.858,5.721
2006-08-22,4.8092,1.805,4.537,3.808,3.816,4.097,3.804,5.728
2006-08-23,4.8072,1.805,4.555,3.827,3.834,4.114,3.822,5.719
2006-08-24,4.7992,1.804,4.556,3.809,3.817,4.096,3.806,5.716
2006-08-25,4.7793,1.711,4.551,3.793,3.801,4.082,3.789,5.654
2006-08-28,4.7911,1.685,4.552,3.795,3.801,4.082,3.791,5.664
2006-08-29,4.7772,1.709,4.572,3.828,3.836,4.116,3.826,5.685
2006-08-30,4.7515,1.664,4.553,3.801,3.807,4.086,3.797,5.664
2006-08-31,4.7258,1.63,4.516,3.76,3.765,4.047,3.757,5.661
2006-09-01,4.7236,1.65,4.502,3.745,3.749,4.033,3.741,5.623
2006-09-04,4.7235,1.681,4.529,3.748,3.755,4.033,3.749,5.632
2006-09-05,4.7789,1.69,4.551,3.787,3.794,4.069,3.787,5.638
2006-09-06,4.7948,1.711,4.573,3.831,3.838,4.114,3.832,5.663
2006-09-07,4.7848,1.706,4.567,3.817,3.821,4.098,3.812,5.658
2006-09-08,4.7708,1.729,4.537,3.787,3.794,4.062,3.787,5.642
2006-09-11,4.8006,1.67,4.571,3.803,3.812,4.077,3.804,5.639
2006-09-12,4.7688,1.697,4.611,3.839,3.847,4.112,3.839,5.643
2006-09-13,4.7588,1.675,4.568,3.79,3.8,4.065,3.794,5.612
2006-09-14,4.7886,1.679,4.574,3.792,3.802,4.065,3.794,5.608
2006-09-15,4.7885,1.665,4.577,3.776,3.786,4.058,3.778,5.673
2006-09-18,4.8044,1.664,4.653,3.831,3.842,4.111,3.834,5.699
2006-09-19,4.7328,1.704,4.622,3.78,3.792,4.066,3.781,5.714
2006-09-20,4.7288,1.681,4.605,3.773,3.784,4.055,3.772,5.61
2006-09-21,4.636,1.7,4.575,3.752,3.76,4.04,3.75,5.613
2006-09-22,4.5888,1.63,4.498,3.694,3.703,3.973,3.692,5.536
2006-09-25,4.5418,1.634,4.454,3.663,3.671,3.943,3.662,5.485
2006-09-26,4.5828,1.617,4.462,3.658,3.668,3.942,3.658,5.468
2006-09-27,4.5984,1.655,4.472,3.672,3.683,3.953,3.673,5.498
2006-09-28,4.612,1.656,4.49,3.689,3.699,3.972,3.693,5.503
2006-09-29,4.6276,1.675,4.523,3.709,3.72,3.993,3.715,5.506
2006-10-02,4.6,1.735,4.532,3.69,3.699,3.978,3.692,5.519
2006-10-03,4.6137,1.696,4.559,3.735,3.746,4.02,3.738,5.493
2006-10-04,4.5587,1.721,4.531,3.697,3.709,3.984,3.701,5.503
2006-10-05,4.6037,1.725,4.522,3.711,3.723,4.006,3.715,5.483
2006-10-06,4.6943,1.706,4.563,3.752,3.762,4.041,3.757,5.499
2006-10-09,4.6942,1.705,4.558,3.76,3.771,4.047,3.765,5.605
2006-10-10,4.7518,1.724,4.614,3.811,3.823,4.09,3.817,5.624
2006-10-11,4.7778,1.745,4.613,3.808,3.821,4.081,3.813,5.622
2006-10-12,4.7698,1.751,4.618,3.803,3.815,4.078,3.808,5.697
2006-10-13,4.7977,1.77,4.648,3.832,3.858,4.103,3.837,5.704
2006-10-16,4.7757,1.8,4.645,3.83,3.857,4.101,3.835,5.737
2006-10-17,4.7656,1.801,4.63,3.8,3.826,4.066,3.804,5.712
2006-10-18,4.7536,1.805,4.646,3.817,3.841,4.083,3.82,5.718
2006-10-19,4.7816,1.806,4.662,3.841,3.867,4.12,3.846,5.718
2006-10-20,4.7855,1.805,4.69,3.839,3.864,4.121,3.842,5.746
2006-10-23,4.8277,1.84,4.702,3.877,3.9,4.162,3.881,5.788
2006-10-24,4.8196,1.825,4.705,3.875,3.899,4.162,3.881,5.812
2006-10-25,4.7614,1.8,4.701,3.884,3.91,4.167,3.892,5.797
2006-10-26,4.7174,1.75,4.664,3.858,3.883,4.136,3.868,5.728
2006-10-27,4.6715,1.741,4.594,3.809,3.834,4.083,3.816,5.684
2006-10-30,4.6694,1.731,4.563,3.793,3.818,4.059,3.796,5.658
2006-10-31,4.5981,1.72,4.511,3.741,3.766,3.999,3.741,5.658
2006-11-01,4.5645,1.72,4.507,3.706,3.732,3.959,3.708,5.639
2006-11-02,4.594,1.715,4.552,3.74,3.766,3.991,3.741,5.61
2006-11-03,4.715,1.716,4.585,3.773,3.8,4.024,3.777,5.622
2006-11-06,4.693,1.765,4.606,3.792,3.819,4.037,3.794,5.738
2006-11-07,4.6571,1.766,4.547,3.739,3.766,3.983,3.743,5.725
2006-11-08,4.6352,1.729,4.569,3.758,3.784,4.001,3.763,5.652
2006-11-09,4.6253,1.709,4.541,3.741,3.767,3.992,3.745,5.602
2006-11-10,4.5877,1.688,4.52,3.714,3.739,3.966,3.717,5.617
2006-11-13,4.6093,1.664,4.561,3.738,3.765,3.992,3.743,5.565
2006-11-14,4.5622,1.73,4.533,3.712,3.739,3.968,3.718,5.598
2006-11-15,4.6171,1.705,4.557,3.74,3.769,3.997,3.746,5.562
2006-11-16,4.6644,1.705,4.572,3.748,3.779,4.007,3.755,5.594
2006-11-17,4.5993,1.718,4.559,3.73,3.747,3.98,3.769,5.624
2006-11-20,4.5973,1.684,4.537,3.719,3.736,3.972,3.755,5.564
2006-11-21,4.5698,1.684,4.548,3.722,3.737,3.967,3.757,5.584
2006-11-22,4.558,1.67,4.554,3.72,3.736,3.964,3.756,5.564
2006-11-23,4.5579,1.671,4.575,3.745,3.764,3.985,3.781,5.549
2006-11-24,4.548,1.664,4.53,3.699,3.718,3.94,3.734,5.563
2006-11-27,4.5285,1.67,4.567,3.723,3.743,3.967,3.757,5.555
2006-11-28,4.5011,1.655,4.54,3.705,3.727,3.946,3.739,5.539
2006-11-29,4.5206,1.69,4.545,3.72,3.744,3.96,3.758,5.553
2006-11-30,4.4581,1.655,4.513,3.695,3.716,3.94,3.731,5.589
2006-12-01,4.4327,1.608,4.469,3.664,3.687,3.917,3.703,5.538
2006-12-04,4.4229,1.624,4.47,3.671,3.695,3.928,3.711,5.499
2006-12-05,4.4403,1.615,4.498,3.68,3.704,3.936,3.721,5.495
2006-12-06,4.4851,1.652,4.503,3.688,3.712,3.943,3.731,5.519
2006-12-07,4.4811,1.68,4.529,3.712,3.736,3.969,3.757,5.6
2006-12-08,4.5437,1.7,4.559,3.728,3.754,3.979,3.778,5.598
2006-12-11,4.5182,1.659,4.597,3.745,3.771,3.999,3.793,5.653
2006-12-12,4.4848,1.645,4.615,3.739,3.765,3.996,3.789,5.653
2006-12-13,4.5791,1.614,4.636,3.751,3.778,4.003,3.801,5.644
2006-12-14,4.5968,1.631,4.683,3.782,3.815,4.042,3.834,5.729
2006-12-15,4.5928,1.67,4.682,3.799,3.834,4.058,3.848,5.758
2006-12-18,4.5809,1.69,4.705,3.828,3.865,4.092,3.883,5.796
2006-12-19,4.5888,1.653,4.734,3.864,3.901,4.13,3.92,5.767
2006-12-20,4.5947,1.62,4.712,3.86,3.897,4.123,3.915,5.794
2006-12-21,4.5454,1.612,4.725,3.875,3.913,4.141,3.93,5.812
2006-12-22,4.6185,1.599,4.732,3.881,3.919,4.148,3.939,5.803
2006-12-25,4.6184,1.594,4.733,3.876,3.919,4.143,3.937,5.826
2006-12-26,4.5986,1.575,4.733,3.876,3.92,4.143,3.934,5.848
2006-12-27,4.6503,1.645,4.782,3.925,3.965,4.189,3.98,5.827
2006-12-28,4.6802,1.67,4.786,3.954,3.991,4.215,4.01,5.891
2006-12-29,4.7022,1.685,4.741,3.948,3.981,4.202,4.003,5.882
2007-01-01,4.7022,1.685,4.741,3.943,3.984,4.199,4.007,5.886
2007-01-02,4.6802,1.685,4.758,3.937,3.966,4.179,3.984,5.901
2007-01-03,4.6582,1.685,4.787,3.954,3.984,4.194,3.998,5.875
2007-01-04,4.6024,1.725,4.773,3.933,3.977,4.176,3.98,5.836
2007-01-05,4.6442,1.719,4.802,3.982,4.028,4.223,4.029,5.806
2007-01-08,4.6522,1.72,4.789,3.973,4.019,4.213,4.022,5.851
2007-01-09,4.6542,1.74,4.8,4.004,4.047,4.239,4.05,5.857
2007-01-10,4.6843,1.76,4.81,4.021,4.063,4.253,4.065,5.862
2007-01-11,4.7305,1.74,4.856,4.014,4.056,4.243,4.06,5.886
2007-01-12,4.775,1.745,4.904,4.063,4.106,4.291,4.109,5.898
2007-01-15,4.775,1.745,4.9,4.054,4.098,4.283,4.101,5.914
2007-01-16,4.7467,1.745,4.888,4.04,4.085,4.259,4.088,5.89
2007-01-17,4.7791,1.691,4.897,4.04,4.086,4.249,4.088,5.861
2007-01-18,4.7427,1.719,4.906,4.062,4.11,4.274,4.112,5.88
2007-01-19,4.7752,1.665,4.906,4.05,4.099,4.254,4.102,5.888
2007-01-22,4.759,1.656,4.888,4.021,4.071,4.209,4.074,5.923
2007-01-23,4.8077,1.659,4.899,4.02,4.069,4.215,4.072,5.923
2007-01-24,4.8077,1.665,4.911,4.04,4.088,4.242,4.09,5.831
2007-01-25,4.8731,1.669,4.961,4.079,4.128,4.287,4.128,5.816
2007-01-26,4.8733,1.691,4.986,4.092,4.138,4.306,4.139,5.836
2007-01-29,4.8897,1.73,5.012,4.119,4.155,4.338,4.165,5.885
2007-01-30,4.8693,1.715,4.987,4.11,4.157,4.331,4.155,5.914
2007-01-31,4.808,1.705,4.976,4.1,4.147,4.316,4.145,5.937
2007-02-01,4.8346,1.714,5.005,4.091,4.14,4.302,4.138,5.91
2007-02-02,4.8204,1.73,5.002,4.061,4.109,4.277,4.109,5.948
2007-02-05,4.8021,1.725,4.987,4.031,4.083,4.245,4.081,5.883
2007-02-06,4.7655,1.745,4.983,4.03,4.082,4.242,4.079,5.826
2007-02-07,4.7432,1.745,4.958,4.03,4.079,4.236,4.075,5.803
2007-02-08,4.7319,1.74,4.917,4.047,4.096,4.247,4.091,5.811
2007-02-09,4.7797,1.7,4.969,4.091,4.14,4.29,4.136,5.767
2007-02-12,4.8037,1.7,4.985,4.108,4.156,4.304,4.153,5.817
2007-02-13,4.8078,1.745,4.959,4.125,4.173,4.35,4.171,5.845
2007-02-14,4.7359,1.735,4.953,4.099,4.146,4.323,4.145,5.84
2007-02-15,4.7061,1.75,4.863,4.044,4.091,4.273,4.091,5.8
2007-02-16,4.6882,1.71,4.876,4.05,4.1,4.281,4.096,5.781
2007-02-19,4.6882,1.72,4.895,4.066,4.116,4.297,4.113,5.77
2007-02-20,4.6743,1.711,4.909,4.063,4.111,4.293,4.109,5.783
2007-02-21,4.6902,1.699,4.887,4.053,4.101,4.286,4.098,5.795
2007-02-22,4.7279,1.666,4.935,4.086,4.136,4.322,4.133,5.799
2007-02-23,4.6703,1.68,4.891,4.047,4.096,4.275,4.093,5.846
2007-02-26,4.6248,1.665,4.84,3.995,4.044,4.228,4.042,5.783
2007-02-27,4.5109,1.645,4.801,3.965,4.014,4.198,4.011,5.723
2007-02-28,4.5657,1.636,4.797,3.957,4.009,4.195,4.003,5.686
2007-03-01,4.5499,1.655,4.788,3.947,3.997,4.184,3.994,5.663
2007-03-02,4.497,1.674,4.777,3.938,3.986,4.173,3.985,5.673
2007-03-05,4.495,1.629,4.753,3.915,3.965,4.145,3.963,5.606
2007-03-06,4.5282,1.634,4.766,3.918,3.968,4.144,3.966,5.63
2007-03-07,4.4871,1.63,4.769,3.92,3.97,4.145,3.969,5.65
2007-03-08,4.5125,1.625,4.775,3.929,3.98,4.157,3.979,5.642
2007-03-09,4.5871,1.615,4.819,3.959,4.007,4.184,4.006,5.666
2007-03-12,4.5516,1.62,4.811,3.932,3.979,4.161,3.981,5.728
2007-03-13,4.4907,1.614,4.768,3.905,3.952,4.14,3.956,5.682
2007-03-14,4.5338,1.575,4.737,3.882,3.929,4.124,3.936,5.616
2007-03-15,4.5358,1.594,4.785,3.907,3.956,4.155,3.963,5.707
2007-03-16,4.5435,1.585,4.783,3.905,3.955,4.152,3.963,5.768
2007-03-19,4.5632,1.584,4.813,3.926,3.976,4.176,3.984,5.769
2007-03-20,4.5494,1.57,4.832,3.909,3.959,4.156,3.967,5.792
2007-03-21,4.5356,1.571,4.834,3.927,3.982,4.176,3.986,5.796
2007-03-22,4.5829,1.555,4.868,3.949,4.005,4.2,4.007,5.79
2007-03-23,4.6105,1.615,4.904,4.001,4.057,4.243,4.06,5.834
2007-03-26,4.6006,1.655,4.911,4.001,4.057,4.241,4.062,5.845
2007-03-27,4.5966,1.646,4.943,4.022,4.078,4.258,4.083,5.821
2007-03-28,4.6204,1.68,4.932,4.031,4.089,4.263,4.09,5.826
2007-03-29,4.6423,1.654,4.957,4.053,4.109,4.285,4.11,5.853
2007-03-30,4.6443,1.659,4.969,4.057,4.113,4.289,4.11,5.88
2007-04-02,4.6403,1.655,4.981,4.072,4.128,4.298,4.125,5.896
2007-04-03,4.6642,1.66,5.023,4.097,4.153,4.315,4.15,5.897
2007-04-04,4.6482,1.694,4.994,4.071,4.126,4.285,4.124,5.879
2007-04-05,4.6782,1.68,4.999,4.095,4.149,4.306,4.147,5.89
2007-04-06,4.7485,1.675,4.997,4.097,4.152,4.311,4.149,5.89
2007-04-09,4.7425,1.69,4.998,4.096,4.152,4.309,4.146,5.889
2007-04-10,4.7184,1.69,5.021,4.128,4.181,4.331,4.181,5.905
2007-04-11,4.7304,1.65,5.024,4.143,4.195,4.353,4.195,5.894
2007-04-12,4.7345,1.675,5.058,4.182,4.233,4.394,4.233,5.927
2007-04-13,4.7608,1.67,5.103,4.231,4.284,4.453,4.282,5.947
2007-04-16,4.7346,1.704,5.08,4.207,4.258,4.435,4.258,5.962
2007-04-17,4.6803,1.699,5.089,4.182,4.234,4.407,4.234,5.959
2007-04-18,4.6502,1.714,5.043,4.154,4.206,4.38,4.204,5.953
2007-04-19,4.6642,1.683,5.069,4.197,4.25,4.424,4.248,5.912
2007-04-20,4.6703,1.694,5.067,4.203,4.255,4.426,4.254,5.962
2007-04-23,4.6402,1.69,5.054,4.18,4.231,4.406,4.231,5.933
2007-04-24,4.6202,1.68,5.057,4.163,4.211,4.396,4.219,5.843
2007-04-25,4.6502,1.655,5.06,4.188,4.236,4.413,4.246,5.859
2007-04-26,4.6964,1.66,5.093,4.22,4.269,4.447,4.277,5.883
2007-04-27,4.6924,1.629,5.115,4.22,4.266,4.447,4.273,5.897
2007-04-30,4.6222,1.66,5.043,4.154,4.198,4.38,4.207,5.879
2007-05-01,4.6362,1.615,5.066,4.149,4.192,4.373,4.204,5.816
2007-05-02,4.6422,1.633,5.103,4.21,4.256,4.431,4.264,5.824
2007-05-03,4.6723,1.633,5.133,4.23,4.273,4.445,4.284,5.822
2007-05-04,4.6382,1.635,5.111,4.195,4.237,4.412,4.248,5.852
2007-05-07,4.6262,1.653,5.111,4.212,4.252,4.425,4.265,5.857
2007-05-08,4.6342,1.656,5.091,4.195,4.236,4.408,4.249,5.865
2007-05-09,4.6618,1.673,5.085,4.208,4.25,4.419,4.262,5.846
2007-05-10,4.6379,1.675,5.103,4.214,4.255,4.426,4.268,5.926
2007-05-11,4.6717,1.653,5.087,4.217,4.261,4.426,4.27,5.877
2007-05-14,4.6936,1.67,5.135,4.269,4.313,4.482,4.32,5.882
2007-05-15,4.7016,1.684,5.137,4.299,4.345,4.512,4.351,5.91
2007-05-16,4.7096,1.671,5.129,4.303,4.348,4.512,4.354,5.896
2007-05-17,4.7517,1.63,5.153,4.312,4.356,4.522,4.362,5.919
2007-05-18,4.8001,1.645,5.167,4.311,4.355,4.52,4.36,5.945
2007-05-21,4.782,1.657,5.175,4.322,4.366,4.53,4.373,5.979
2007-05-22,4.8245,1.644,5.172,4.338,4.383,4.545,4.389,5.969
2007-05-23,4.8468,1.689,5.227,4.368,4.413,4.58,4.417,5.996
2007-05-24,4.8387,1.708,5.21,4.369,4.399,4.567,4.404,6.001
2007-05-25,4.8572,1.728,5.234,4.387,4.422,4.585,4.424,5.97
2007-05-28,4.8573,1.734,5.234,4.392,4.43,4.593,4.428,5.991
2007-05-29,4.8818,1.759,5.23,4.402,4.436,4.6,4.44,6.022
2007-05-30,4.8675,1.744,5.242,4.399,4.433,4.599,4.437,6.017
2007-05-31,4.8879,1.753,5.255,4.422,4.457,4.618,4.462,6.015
2007-06-01,4.9516,1.782,5.291,4.461,4.495,4.654,4.499,6.04
2007-06-04,4.9271,1.804,5.293,4.456,4.491,4.648,4.494,6.083
2007-06-05,4.9908,1.84,5.319,4.496,4.53,4.684,4.53,6.084
2007-06-06,4.9641,1.845,5.277,4.461,4.496,4.652,4.497,6.112
2007-06-07,5.13,1.869,5.352,4.545,4.583,4.733,4.585,6.133
2007-06-08,5.0991,1.898,5.391,4.572,4.607,4.763,4.612,6.257
2007-06-11,5.1514,1.915,5.385,4.565,4.601,4.759,4.605,6.22
2007-06-12,5.2928,1.935,5.447,4.611,4.645,4.801,4.65,6.232
2007-06-13,5.1979,1.974,5.478,4.644,4.679,4.85,4.682,6.298
2007-06-14,5.2212,1.965,5.475,4.644,4.681,4.852,4.681,6.236
2007-06-15,5.1627,1.943,5.483,4.657,4.694,4.868,4.691,6.271
2007-06-18,5.1335,1.899,5.493,4.663,4.701,4.874,4.699,6.247
2007-06-19,5.0814,1.935,5.468,4.62,4.655,4.83,4.654,6.237
2007-06-20,5.1316,1.9,5.503,4.64,4.682,4.851,4.682,6.204
2007-06-21,5.1863,1.932,5.508,4.646,4.689,4.858,4.688,6.269
2007-06-22,5.13,1.905,5.524,4.653,4.697,4.868,4.697,6.263
2007-06-25,5.08,1.9,5.488,4.622,4.664,4.836,4.663,6.249
2007-06-26,5.078,1.889,5.469,4.602,4.648,4.813,4.659,6.238
2007-06-27,5.0802,1.875,5.423,4.547,4.594,4.765,4.61,6.199
2007-06-28,5.1033,1.926,5.435,4.566,4.612,4.784,4.627,6.235
2007-06-29,5.0244,1.879,5.463,4.574,4.62,4.803,4.64,6.256
2007-07-02,4.9892,1.894,5.42,4.511,4.56,4.743,4.579,6.203
2007-07-03,5.0372,1.878,5.463,4.562,4.614,4.787,4.626,6.147
2007-07-04,5.0373,1.905,5.497,4.604,4.657,4.823,4.67,6.171
2007-07-05,5.1402,1.93,5.52,4.647,4.706,4.867,4.716,6.21
2007-07-06,5.1824,1.94,5.547,4.677,4.74,4.898,4.75,6.237
2007-07-09,5.1382,1.954,5.548,4.669,4.73,4.888,4.741,6.296
2007-07-10,5.0212,1.968,5.446,4.589,4.648,4.817,4.662,6.277
2007-07-11,5.086,1.885,5.44,4.577,4.649,4.819,4.662,6.162
2007-07-12,5.1239,1.908,5.464,4.62,4.69,4.865,4.707,6.21
2007-07-13,5.0928,1.94,5.488,4.618,4.683,4.857,4.702,6.232
2007-07-16,5.0385,1.94,5.456,4.579,4.648,4.828,4.667,6.18
2007-07-17,5.0491,1.931,5.481,4.596,4.664,4.849,4.69,6.176
2007-07-18,5.0283,1.91,5.412,4.544,4.612,4.8,4.639,6.155
2007-07-19,5.0159,1.91,5.414,4.55,4.615,4.799,4.647,6.154
2007-07-20,4.9497,1.891,5.307,4.438,4.503,4.696,4.535,6.145
2007-07-23,4.9477,1.86,5.317,4.44,4.512,4.701,4.539,6.079
2007-07-24,4.9085,1.871,5.311,4.431,4.499,4.693,4.532,6.093
2007-07-25,4.8983,1.865,5.283,4.404,4.475,4.673,4.509,6.115
2007-07-26,4.7854,1.865,5.21,4.331,4.412,4.632,4.44,6.137
2007-07-27,4.757,1.79,5.198,4.323,4.414,4.64,4.434,5.967
2007-07-30,4.802,1.815,5.161,4.304,4.404,4.651,4.422,5.971
2007-07-31,4.7388,1.8,5.209,4.347,4.439,4.659,4.464,6.031
2007-08-01,4.7919,1.764,5.202,4.348,4.445,4.652,4.47,5.916
2007-08-02,4.7654,1.809,5.237,4.374,4.463,4.662,4.491,5.945
2007-08-03,4.6842,1.779,5.184,4.317,4.406,4.615,4.431,5.95
2007-08-06,4.7371,1.744,5.194,4.323,4.414,4.624,4.439,5.916
2007-08-07,4.7677,1.73,5.204,4.345,4.435,4.637,4.458,5.961
2007-08-08,4.8767,1.76,5.297,4.425,4.51,4.702,4.528,6.012
2007-08-09,4.7678,1.78,5.255,4.388,4.472,4.667,4.494,6.055
2007-08-10,4.8076,1.715,5.223,4.354,4.44,4.636,4.463,5.921
2007-08-13,4.7599,1.71,5.233,4.371,4.453,4.646,4.475,6.007
2007-08-14,4.7243,1.704,5.182,4.36,4.437,4.63,4.46,5.969
2007-08-15,4.7243,1.645,5.131,4.335,4.41,4.622,4.435,5.904
2007-08-16,4.6572,1.663,5.079,4.246,4.324,4.549,4.35,5.875
2007-08-17,4.6847,1.585,5.076,4.287,4.365,4.584,4.388,5.798
2007-08-20,4.6257,1.595,5.069,4.273,4.35,4.576,4.373,5.876
2007-08-21,4.5904,1.568,5.004,4.23,4.309,4.54,4.329,5.836
2007-08-22,4.6452,1.579,5.098,4.295,4.373,4.595,4.395,5.867
2007-08-23,4.6452,1.603,5.064,4.268,4.346,4.569,4.369,5.941
2007-08-24,4.6156,1.598,5.08,4.262,4.343,4.569,4.366,5.947
2007-08-27,4.5627,1.623,5.079,4.252,4.333,4.561,4.357,5.998
2007-08-28,4.5062,1.625,5.053,4.228,4.309,4.531,4.338,5.926
2007-08-29,4.5587,1.59,5.036,4.225,4.308,4.533,4.345,5.86
2007-08-30,4.5061,1.575,5.025,4.232,4.316,4.535,4.353,5.91
2007-08-31,4.5292,1.613,5.036,4.242,4.328,4.53,4.363,5.918
2007-09-03,4.5291,1.646,5.074,4.263,4.352,4.549,4.388,5.938
2007-09-04,4.5466,1.624,5.082,4.275,4.367,4.557,4.399,5.95
2007-09-05,4.4669,1.629,5.035,4.21,4.303,4.498,4.339,5.966
2007-09-06,4.5076,1.619,5.018,4.206,4.31,4.511,4.352,5.9
2007-09-07,4.3816,1.595,4.95,4.122,4.233,4.435,4.28,5.943
2007-09-10,4.322,1.52,4.9,4.072,4.198,4.388,4.232,5.798
2007-09-11,4.3679,1.537,4.905,4.094,4.216,4.414,4.261,5.843
2007-09-12,4.4102,1.518,4.9,4.125,4.24,4.432,4.282,5.844
2007-09-13,4.4643,1.534,4.926,4.17,4.277,4.466,4.319,5.849
2007-09-14,4.4544,1.551,4.867,4.166,4.27,4.472,4.317,5.913
2007-09-17,4.466,1.55,4.846,4.154,4.249,4.455,4.294,5.908
2007-09-18,4.4717,1.535,4.947,4.219,4.316,4.516,4.359,5.927
2007-09-19,4.5458,1.595,4.992,4.284,4.371,4.56,4.414,5.988
2007-09-20,4.6957,1.635,5.037,4.342,4.426,4.613,4.457,6.08
2007-09-21,4.6203,1.685,5.09,4.358,4.445,4.626,4.478,6.139
2007-09-24,4.6282,1.685,5.072,4.365,4.455,4.639,4.483,6.179
2007-09-25,4.6242,1.694,5.025,4.327,4.415,4.606,4.446,6.172
2007-09-26,4.6202,1.675,5.058,4.385,4.473,4.661,4.505,6.166
2007-09-27,4.563,1.73,5.064,4.379,4.461,4.647,4.495,6.162
2007-09-28,4.5865,1.685,5.011,4.329,4.413,4.601,4.439,6.145
2007-10-01,4.5452,1.67,4.993,4.323,4.41,4.596,4.432,6.15
2007-10-02,4.5216,1.691,4.964,4.317,4.403,4.58,4.419,6.148
2007-10-03,4.5588,1.694,4.966,4.334,4.414,4.591,4.432,6.135
2007-10-04,4.5097,1.72,4.941,4.289,4.358,4.543,4.377,6.138
2007-10-05,4.6356,1.704,4.954,4.35,4.418,4.595,4.434,6.131
2007-10-08,4.6356,1.704,4.949,4.353,4.421,4.597,4.433,6.213
2007-10-09,4.6475,1.72,4.895,4.319,4.386,4.57,4.397,6.237
2007-10-10,4.6495,1.735,4.982,4.352,4.419,4.601,4.431,6.231
2007-10-11,4.6355,1.744,5.022,4.394,4.453,4.63,4.469,6.215
2007-10-12,4.6812,1.71,5.077,4.421,4.485,4.66,4.5,6.228
2007-10-15,4.6772,1.74,5.087,4.429,4.49,4.668,4.506,6.246
2007-10-16,4.6473,1.704,5.075,4.436,4.5,4.683,4.516,6.276
2007-10-17,4.5522,1.655,5.028,4.394,4.467,4.65,4.478,6.216
2007-10-18,4.4893,1.644,4.969,4.324,4.406,4.592,4.418,6.178
2007-10-19,4.3915,1.61,4.889,4.225,4.306,4.501,4.322,6.111
2007-10-22,4.4108,1.585,4.879,4.191,4.275,4.459,4.295,6.07
2007-10-23,4.403,1.59,4.891,4.199,4.28,4.465,4.298,6.11
2007-10-24,4.3388,1.575,4.84,4.15,4.232,4.419,4.25,6.104
2007-10-25,4.3775,1.591,4.849,4.16,4.244,4.439,4.263,6.016
2007-10-26,4.4006,1.625,4.846,4.173,4.262,4.466,4.282,6.037
2007-10-29,4.3811,1.615,4.848,4.171,4.259,4.462,4.278,6.089
2007-10-30,4.379,1.619,4.872,4.187,4.278,4.481,4.299,6.106
2007-10-31,4.4708,1.61,4.928,4.239,4.331,4.527,4.356,6.137
2007-11-01,4.3458,1.67,4.919,4.206,4.296,4.501,4.324,6.266
2007-11-02,4.3165,1.591,4.865,4.177,4.267,4.472,4.292,6.16
2007-11-05,4.3338,1.585,4.856,4.167,4.288,4.467,4.29,6.205
2007-11-06,4.3726,1.575,4.865,4.183,4.299,4.47,4.303,6.159
2007-11-07,4.3084,1.57,4.83,4.152,4.272,4.444,4.284,6.153
2007-11-08,4.2829,1.545,4.781,4.126,4.25,4.423,4.269,5.954
2007-11-09,4.2133,1.535,4.737,4.087,4.21,4.386,4.235,5.976
2007-11-12,4.2133,1.52,4.753,4.1,4.225,4.394,4.251,5.927
2007-11-13,4.2635,1.49,4.75,4.127,4.247,4.409,4.277,5.964
2007-11-14,4.25,1.525,4.737,4.146,4.267,4.428,4.293,6.133
2007-11-15,4.1403,1.505,4.676,4.117,4.242,4.408,4.271,6.101
2007-11-16,4.167,1.475,4.635,4.1,4.232,4.401,4.26,6.012
2007-11-19,4.0714,1.47,4.608,4.051,4.183,4.359,4.218,6.013
2007-11-20,4.0961,1.474,4.618,4.056,4.194,4.38,4.244,5.949
2007-11-21,4.0067,1.439,4.56,4.013,4.157,4.347,4.222,5.914
2007-11-22,4.0065,1.425,4.525,4.006,4.157,4.4,4.232,5.862
2007-11-23,3.9989,1.425,4.564,4.022,4.165,4.404,4.24,5.845
2007-11-26,3.8391,1.49,4.557,4.021,4.156,4.396,4.236,5.925
2007-11-27,3.9477,1.5,4.59,4.037,4.174,4.403,4.257,5.836
2007-11-28,4.0347,1.49,4.681,4.111,4.244,4.476,4.314,5.894
2007-11-29,3.9344,1.494,4.575,4.066,4.2,4.437,4.263,5.957
2007-11-30,3.9379,1.478,4.637,4.126,4.262,4.484,4.318,5.997
2007-12-03,3.8459,1.456,4.584,4.067,4.198,4.429,4.255,5.984
2007-12-04,3.8926,1.415,4.53,4.026,4.155,4.39,4.217,5.995
2007-12-05,3.9547,1.499,4.487,4.033,4.159,4.393,4.218,5.977
2007-12-06,4.0076,1.564,4.549,4.083,4.203,4.423,4.26,6.008
2007-12-07,4.1048,1.575,4.641,4.199,4.309,4.524,4.355,6.047
2007-12-10,4.1567,1.57,4.698,4.268,4.372,4.57,4.412,6.16
2007-12-11,3.9694,1.59,4.67,4.24,4.351,4.547,4.388,6.28
2007-12-12,4.0893,1.522,4.802,4.306,4.411,4.604,4.451,6.181
2007-12-13,4.2011,1.519,4.764,4.282,4.398,4.596,4.434,6.255
2007-12-14,4.234,1.555,4.791,4.305,4.425,4.623,4.456,6.266
2007-12-17,4.1449,1.558,4.756,4.289,4.404,4.608,4.43,6.293
2007-12-18,4.1179,1.544,4.75,4.285,4.396,4.602,4.417,6.288
2007-12-19,4.0278,1.499,4.681,4.284,4.4,4.606,4.419,6.288
2007-12-20,4.0507,1.525,4.589,4.25,4.365,4.574,4.379,6.239
2007-12-21,4.1679,1.56,4.64,4.304,4.428,4.642,4.441,6.251
2007-12-24,4.2125,1.56,4.595,4.306,4.431,4.631,4.433,6.361
2007-12-25,4.2125,1.59,4.597,4.302,4.429,4.616,4.435,6.361
2007-12-26,4.2749,1.565,4.59,4.307,4.429,4.602,4.439,6.403
2007-12-27,4.1969,1.559,4.633,4.346,4.467,4.683,4.477,6.404
2007-12-28,4.0732,1.51,4.557,4.313,4.427,4.656,4.434,6.385
2007-12-31,4.0232,1.51,4.508,4.307,4.422,4.652,4.43,6.326
2008-01-01,4.0231,1.51,4.507,4.302,4.42,4.648,4.429,6.327
2008-01-02,3.9033,1.51,4.44,4.21,4.294,4.523,4.296,6.337
2008-01-03,3.8918,1.51,4.451,4.193,4.294,4.511,4.304,6.131
2008-01-04,3.8651,1.475,4.406,4.135,4.234,4.461,4.264,6.107
2008-01-07,3.8311,1.47,4.41,4.125,4.235,4.469,4.268,6.057
2008-01-08,3.7822,1.47,4.449,4.153,4.261,4.493,4.294,6.112
2008-01-09,3.8215,1.475,4.397,4.089,4.201,4.442,4.258,6.116
2008-01-10,3.8837,1.445,4.407,4.089,4.205,4.467,4.27,6.125
2008-01-11,3.7835,1.43,4.424,4.087,4.2,4.462,4.268,6.128
2008-01-14,3.7647,1.43,4.414,4.054,4.16,4.412,4.226,6.073
2008-01-15,3.6751,1.43,4.396,4.024,4.131,4.386,4.202,6.066
2008-01-16,3.7345,1.39,4.383,3.978,4.083,4.346,4.167,5.985
2008-01-17,3.6211,1.411,4.413,3.975,4.076,4.331,4.155,6.026
2008-01-18,3.6297,1.399,4.439,3.974,4.076,4.329,4.151,6.043
2008-01-21,3.6296,1.374,4.365,3.912,4.019,4.282,4.093,6.028
2008-01-22,3.4332,1.325,4.499,3.992,4.103,4.374,4.178,5.872
2008-01-23,3.598,1.345,4.42,3.889,4.005,4.285,4.081,5.977
2008-01-24,3.7018,1.395,4.535,3.998,4.115,4.404,4.189,6.043
2008-01-25,3.5494,1.485,4.529,3.977,4.096,4.381,4.173,6.191
2008-01-28,3.5806,1.415,4.488,3.948,4.072,4.33,4.142,6.172
2008-01-29,3.6769,1.475,4.586,3.994,4.119,4.38,4.192,6.074
2008-01-30,3.6656,1.435,4.567,4.018,4.142,4.401,4.216,6.064
2008-01-31,3.5931,1.44,4.477,3.93,4.054,4.311,4.132,6.088
2008-02-01,3.5926,1.434,4.473,3.919,4.032,4.285,4.111,6.126
2008-02-04,3.6444,1.475,4.505,3.932,4.045,4.302,4.119,6.197
2008-02-05,3.5701,1.48,4.409,3.846,3.963,4.229,4.031,6.151
2008-02-06,3.5885,1.41,4.46,3.895,4.011,4.28,4.085,6.088
2008-02-07,3.7569,1.43,4.43,3.877,3.995,4.264,4.061,6.12
2008-02-08,3.6428,1.425,4.43,3.864,3.973,4.239,4.04,6.191
2008-02-11,3.6144,1.425,4.497,3.859,3.979,4.25,4.043,6.219
2008-02-12,3.6579,1.405,4.617,3.945,4.063,4.33,4.133,6.227
2008-02-13,3.7282,1.43,4.617,3.956,4.07,4.334,4.135,6.249
2008-02-14,3.8163,1.47,4.639,4.005,4.121,4.378,4.169,6.338
2008-02-15,3.7686,1.461,4.603,3.955,4.079,4.346,4.12,6.328
2008-02-18,3.7686,1.46,4.652,4.015,4.138,4.395,4.171,6.383
2008-02-19,3.8959,1.474,4.644,3.994,4.116,4.379,4.152,6.478
2008-02-20,3.8902,1.435,4.688,4.025,4.148,4.423,4.195,6.405
2008-02-21,3.7706,1.494,4.685,4.015,4.131,4.414,4.191,6.428
2008-02-22,3.8016,1.46,4.687,4.003,4.124,4.417,4.188,6.373
2008-02-25,3.8964,1.494,4.722,4.036,4.156,4.469,4.231,6.443
2008-02-26,3.8596,1.485,4.716,4.074,4.193,4.503,4.264,6.411
2008-02-27,3.8481,1.48,4.702,4.088,4.203,4.515,4.275,6.424
2008-02-28,3.6697,1.434,4.602,4.001,4.11,4.427,4.168,6.438
2008-02-29,3.5092,1.365,4.469,3.891,4.008,4.328,4.064,6.213
2008-03-03,3.5468,1.349,4.448,3.86,3.994,4.327,4.052,6.188
2008-03-04,3.6242,1.374,4.411,3.806,3.977,4.324,4.027,6.146
2008-03-05,3.668,1.38,4.484,3.861,4.081,4.435,4.113,6.157
2008-03-06,3.5826,1.365,4.389,3.809,4.038,4.413,4.077,6.246
2008-03-07,3.5317,1.359,4.327,3.788,4.033,4.43,4.087,6.104
2008-03-10,3.4549,1.34,4.292,3.731,3.957,4.379,4.029,6.045
2008-03-11,3.5921,1.336,4.356,3.789,3.981,4.395,4.073,6.208
2008-03-12,3.4604,1.339,4.421,3.771,3.955,4.371,4.049,6.052
2008-03-13,3.5261,1.299,4.364,3.76,3.96,4.383,4.056,6.137
2008-03-14,3.4679,1.274,4.328,3.732,3.934,4.36,4.139,6.02
2008-03-17,3.3061,1.276,4.3,3.688,3.908,4.334,4.125,5.866
2008-03-18,3.4828,1.321,4.355,3.761,3.996,4.366,4.186,5.97
2008-03-19,3.3282,1.279,4.308,3.761,3.966,4.322,4.148,6.077
2008-03-20,3.3336,1.272,4.289,3.752,3.955,4.314,4.128,5.984
2008-03-21,3.3335,1.28,4.291,3.762,3.957,4.313,4.135,5.984
2008-03-24,3.5563,1.264,4.288,3.761,3.958,4.302,4.136,5.97
2008-03-25,3.5053,1.26,4.431,3.883,4.08,4.42,4.231,6.132
2008-03-26,3.4602,1.285,4.437,3.876,4.097,4.434,4.246,6.091
2008-03-27,3.528,1.279,4.495,3.924,4.143,4.471,4.282,6.027
2008-03-28,3.4414,1.279,4.411,3.938,4.148,4.461,4.27,6.155
2008-03-31,3.4096,1.284,4.348,3.899,4.11,4.421,4.223,6.054
2008-04-01,3.5583,1.36,4.447,3.974,4.165,4.439,4.273,6.023
2008-04-02,3.5963,1.385,4.431,3.993,4.178,4.444,4.27,6.173
2008-04-03,3.5773,1.369,4.451,3.982,4.177,4.464,4.287,6.136
2008-04-04,3.4657,1.34,4.45,3.946,4.137,4.426,4.253,6.178
2008-04-07,3.5356,1.349,4.505,4.013,4.252,4.482,4.325,6.095
2008-04-08,3.5564,1.335,4.5,4.021,4.254,4.511,4.335,6.154
2008-04-09,3.4807,1.35,4.514,4.005,4.235,4.497,4.319,6.1
2008-04-10,3.5394,1.34,4.482,3.982,4.225,4.487,4.309,6.067
2008-04-11,3.4694,1.384,4.41,3.91,4.144,4.404,4.231,6.142
2008-04-14,3.5109,1.345,4.431,3.908,4.142,4.43,4.23,5.999
2008-04-15,3.6003,1.353,4.434,3.964,4.202,4.497,4.292,6.024
2008-04-16,3.6886,1.359,4.531,4.037,4.278,4.571,4.371,6.133
2008-04-17,3.7273,1.385,4.649,4.076,4.314,4.593,4.407,6.18
2008-04-18,3.7061,1.405,4.729,4.133,4.36,4.606,4.45,6.21
2008-04-21,3.7255,1.455,4.674,4.115,4.332,4.589,4.425,6.293
2008-04-22,3.6908,1.478,4.688,4.148,4.357,4.63,4.445,6.208
2008-04-23,3.7314,1.464,4.67,4.146,4.354,4.629,4.44,6.252
2008-04-24,3.8249,1.499,4.77,4.182,4.392,4.672,4.477,6.285
2008-04-25,3.8703,1.61,4.782,4.178,4.383,4.648,4.447,6.339
2008-04-28,3.8252,1.63,4.741,4.201,4.409,4.66,4.467,6.321
2008-04-29,3.8194,1.63,4.684,4.138,4.35,4.601,4.413,6.347
2008-04-30,3.7279,1.585,4.67,4.123,4.328,4.577,4.389,6.286
2008-05-01,3.763,1.585,4.623,4.117,4.317,4.57,4.379,6.185
2008-05-02,3.8551,1.649,4.742,4.198,4.394,4.632,4.46,6.233
2008-05-05,3.867,1.65,4.742,4.158,4.353,4.59,4.42,6.381
2008-05-06,3.9164,1.65,4.672,4.133,4.331,4.576,4.393,6.35
2008-05-07,3.8475,1.672,4.713,4.176,4.366,4.593,4.43,6.355
2008-05-08,3.7748,1.67,4.616,4.064,4.261,4.518,4.33,6.289
2008-05-09,3.7692,1.564,4.58,3.995,4.208,4.479,4.284,6.205
2008-05-12,3.7974,1.594,4.606,4.011,4.229,4.503,4.31,6.191
2008-05-13,3.9131,1.59,4.706,4.084,4.297,4.543,4.374,6.215
2008-05-14,3.9112,1.681,4.821,4.174,4.385,4.623,4.457,6.264
2008-05-15,3.8144,1.679,4.843,4.203,4.401,4.635,4.458,6.331
2008-05-16,3.8446,1.704,4.773,4.172,4.359,4.593,4.413,6.322
2008-05-19,3.8294,1.679,4.828,4.22,4.405,4.641,4.461,6.292
2008-05-20,3.7746,1.655,4.796,4.185,4.372,4.619,4.433,6.376
2008-05-21,3.8067,1.615,4.875,4.265,4.447,4.692,4.503,6.327
2008-05-22,3.9111,1.675,4.952,4.299,4.473,4.718,4.53,6.449
2008-05-23,3.8425,1.74,4.924,4.265,4.449,4.703,4.499,6.513
2008-05-26,3.8425,1.75,4.926,4.292,4.475,4.727,4.493,6.443
2008-05-27,3.9188,1.77,4.925,4.306,4.488,4.753,4.539,6.488
2008-05-28,4.0033,1.744,4.959,4.347,4.528,4.798,4.571,6.503
2008-05-29,4.075,1.8,5.032,4.43,4.616,4.885,4.647,6.593
2008-05-30,4.0595,1.759,4.986,4.405,4.592,4.857,4.62,6.53
2008-06-02,3.9571,1.788,4.955,4.347,4.537,4.814,4.576,6.559
2008-06-03,3.8939,1.72,5.035,4.427,4.611,4.881,4.658,6.484
2008-06-04,3.9764,1.775,4.949,4.384,4.572,4.841,4.619,6.544
2008-06-05,4.0383,1.736,5.04,4.469,4.653,4.918,4.713,6.529
2008-06-06,3.9092,1.796,4.992,4.421,4.607,4.914,4.687,6.6374
2008-06-09,3.9977,1.726,5.143,4.491,4.699,5.028,4.78,6.6204
2008-06-10,4.1027,1.809,5.131,4.52,4.729,5.072,4.81,6.6756
2008-06-11,4.0735,1.846,5.13,4.553,4.757,5.081,4.836,6.6719
2008-06-12,4.2108,1.807,5.155,4.597,4.797,5.121,4.884,6.5998
2008-06-13,4.2565,1.871,5.248,4.641,4.825,5.182,4.926,6.7291
2008-06-16,4.2666,1.885,5.215,4.63,4.815,5.178,4.918,6.786
2008-06-17,4.1973,1.844,5.157,4.609,4.789,5.149,4.902,6.6916
2008-06-18,4.1363,1.785,5.158,4.613,4.785,5.128,4.889,6.6159
2008-06-19,4.2073,1.799,5.241,4.681,4.844,5.179,4.93,6.5823
2008-06-20,4.1641,1.765,5.148,4.628,4.79,5.14,4.888,6.662
2008-06-23,4.1641,1.724,5.131,4.599,4.771,5.133,4.866,6.5442
2008-06-24,4.0818,1.706,5.148,4.602,4.778,5.149,4.871,6.5575
2008-06-25,4.0994,1.685,5.118,4.613,4.786,5.149,4.882,6.4819
2008-06-26,4.033,1.656,5.008,4.516,4.703,5.072,4.791,6.5131
2008-06-27,3.9652,1.62,5.035,4.523,4.712,5.092,4.803,6.4609
2008-06-30,3.969,1.601,5.13,4.621,4.81,5.171,4.901,6.447
2008-07-01,4.0021,1.68,5.149,4.607,4.791,5.151,4.882,6.4945
2008-07-02,3.9575,1.665,5.126,4.653,4.834,5.169,4.918,6.5698
2008-07-03,3.975,1.665,5.035,4.556,4.741,5.075,4.831,6.4963
2008-07-04,3.975,1.65,4.963,4.495,4.688,5.014,4.774,6.4225
2008-07-07,3.8995,1.704,4.916,4.427,4.627,4.955,4.715,6.3484
2008-07-08,3.8822,1.624,4.906,4.413,4.628,4.949,4.716,6.3462
2008-07-09,3.8112,1.62,4.885,4.413,4.618,4.936,4.687,6.338
2008-07-10,3.7959,1.584,4.869,4.4,4.602,4.932,4.672,6.2902
2008-07-11,3.9576,1.604,4.894,4.427,4.629,4.949,4.709,6.3639
2008-07-14,3.8553,1.589,4.896,4.398,4.594,4.931,4.682,6.4119
2008-07-15,3.8188,1.555,4.861,4.385,4.592,4.942,4.695,6.3048
2008-07-16,3.9344,1.575,4.872,4.392,4.603,4.95,4.714,6.3269
2008-07-17,3.9907,1.595,4.9,4.443,4.66,4.997,4.773,6.3086
2008-07-18,4.0828,1.575,5.04,4.571,4.785,5.111,4.898,6.3569
2008-07-21,4.0417,1.575,5.051,4.635,4.823,5.152,4.953,6.4203
2008-07-22,4.0987,1.62,4.998,4.641,4.816,5.152,4.946,6.4623
2008-07-23,4.1165,1.65,5.046,4.662,4.823,5.165,4.949,6.4435
2008-07-24,3.9968,1.664,4.977,4.566,4.732,5.085,4.868,6.3995
2008-07-25,4.0969,1.584,4.994,4.604,4.78,5.131,4.91,6.2599
2008-07-28,4.0008,1.575,4.951,4.525,4.693,5.047,4.831,6.2527
2008-07-29,4.038,1.55,4.898,4.477,4.647,5.021,4.782,6.2981
2008-07-30,4.0439,1.534,4.847,4.416,4.594,4.965,4.732,6.2633
2008-07-31,3.9462,1.539,4.806,4.355,4.534,4.903,4.672,6.2184
2008-08-01,3.9307,1.52,4.838,4.349,4.525,4.896,4.665,6.1223
2008-08-04,3.9619,1.504,4.81,4.334,4.519,4.884,4.657,6.098
2008-08-05,4.0167,1.54,4.765,4.31,4.494,4.851,4.638,6.033
2008-08-06,4.0501,1.529,4.747,4.341,4.516,4.864,4.661,6.0506
2008-08-07,3.92,1.525,4.684,4.262,4.429,4.778,4.58,5.9785
2008-08-08,3.9276,1.479,4.683,4.261,4.424,4.764,4.584,5.9246
2008-08-11,3.9904,1.467,4.712,4.273,4.436,4.779,4.601,5.9147
2008-08-12,3.8954,1.461,4.635,4.23,4.392,4.76,4.565,5.8688
2008-08-13,3.9314,1.455,4.605,4.206,4.377,4.752,4.551,5.8513
2008-08-14,3.886,1.441,4.635,4.203,4.378,4.749,4.549,5.8962
2008-08-15,3.8349,1.465,4.575,4.165,4.343,4.721,4.515,5.8541
2008-08-18,3.8104,1.451,4.596,4.143,4.328,4.704,4.497,5.8173
2008-08-19,3.8292,1.441,4.59,4.165,4.352,4.799,4.527,5.8156
2008-08-20,3.8009,1.45,4.559,4.123,4.308,4.749,4.484,5.8468
2008-08-21,3.8291,1.42,4.572,4.175,4.363,4.788,4.535,5.7345
2008-08-22,3.8704,1.45,4.602,4.219,4.407,4.831,4.578,5.7922
2008-08-25,3.7837,1.435,4.595,4.121,4.309,4.753,4.481,5.796
2008-08-26,3.7743,1.424,4.494,4.114,4.301,4.756,4.476,5.7505
2008-08-27,3.763,1.45,4.505,4.174,4.369,4.822,4.542,5.717
2008-08-28,3.7779,1.435,4.485,4.179,4.38,4.819,4.548,5.7638
2008-08-29,3.8116,1.415,4.48,4.176,4.38,4.819,4.548,5.7593
2008-09-01,3.8115,1.483,4.458,4.126,4.332,4.769,4.502,5.7312
2008-09-02,3.7326,1.469,4.495,4.141,4.348,4.776,4.518,5.691
2008-09-03,3.699,1.466,4.496,4.14,4.347,4.776,4.517,5.6923
2008-09-04,3.6227,1.519,4.456,4.07,4.279,4.715,4.451,5.7644
2008-09-05,3.6986,1.467,4.381,4.001,4.231,4.683,4.424,5.6244
2008-09-08,3.6743,1.536,4.483,4.064,4.292,4.744,4.498,5.7756
2008-09-09,3.5668,1.51,4.44,4.043,4.283,4.731,4.473,5.6223
2008-09-10,3.6295,1.515,4.456,4.066,4.289,4.736,4.483,5.6353
2008-09-11,3.6425,1.511,4.448,4.081,4.311,4.757,4.503,5.6602
2008-09-12,3.7187,1.535,4.6,4.185,4.409,4.838,4.598,5.6794
2008-09-15,3.3868,1.535,4.46,4.051,4.309,4.766,4.519,5.5718
2008-09-16,3.4357,1.473,4.418,3.996,4.274,4.743,4.506,5.4488
2008-09-17,3.4137,1.496,4.407,4.016,4.292,4.777,4.53,5.5698
2008-09-18,3.5437,1.5,4.416,4.036,4.353,4.854,4.605,5.5309
2008-09-19,3.8105,1.488,4.605,4.208,4.48,4.935,4.724,5.5662
2008-09-22,3.8351,1.493,4.689,4.257,4.522,4.941,4.749,5.8282
2008-09-23,3.7991,1.495,4.664,4.241,4.493,4.931,4.727,5.7694
2008-09-24,3.8104,1.49,4.572,4.164,4.415,4.857,4.646,5.706
2008-09-25,3.854,1.485,4.622,4.23,4.474,4.915,4.701,5.7219
2008-09-26,3.852,1.47,4.546,4.164,4.419,4.884,4.635,5.6131
2008-09-29,3.5776,1.494,4.383,3.972,4.288,4.871,4.555,5.663
2008-09-30,3.8234,1.472,4.449,4.015,4.345,4.896,4.595,5.3952
2008-10-01,3.7382,1.509,4.432,3.995,4.326,4.832,4.55,5.4327
2008-10-02,3.6276,1.52,4.372,3.931,4.251,4.757,4.487,5.354
2008-10-03,3.6031,1.455,4.405,3.924,4.229,4.724,4.475,5.2852
2008-10-06,3.4532,1.381,4.216,3.753,4.043,4.576,4.306,5.118
2008-10-07,3.5028,1.439,4.237,3.752,4.042,4.581,4.312,5.0598
2008-10-08,3.6401,1.386,4.297,3.803,4.099,4.659,4.403,4.9306
2008-10-09,3.785,1.465,4.366,3.877,4.164,4.738,4.485,5.0888
2008-10-10,3.8705,1.529,4.466,3.996,4.299,4.869,4.636,5.1387
2008-10-13,3.978,1.53,4.662,4.074,4.349,4.88,4.694,5.547
2008-10-14,4.0772,1.586,4.744,4.116,4.343,4.856,4.676,5.4439
2008-10-15,3.9453,1.589,4.709,4.123,4.32,4.81,4.595,5.3734
2008-10-16,3.9569,1.593,4.722,4.069,4.28,4.774,4.544,5.2484
2008-10-17,3.9299,1.589,4.67,4.014,4.233,4.743,4.505,5.352
2008-10-20,3.8416,1.581,4.614,4.011,4.226,4.731,4.503,5.2627
2008-10-21,3.7388,1.592,4.612,3.94,4.157,4.693,4.423,5.1398
2008-10-22,3.594,1.548,4.483,3.807,4.054,4.629,4.328,5.1241
2008-10-23,3.6745,1.51,4.471,3.779,4.059,4.656,4.343,5.0816
2008-10-24,3.6856,1.497,4.358,3.751,4.028,4.674,4.369,4.9127
2008-10-27,3.6874,1.485,4.378,3.76,4.051,4.722,4.378,5.0597
2008-10-28,3.8336,1.53,4.393,3.752,4.058,4.753,4.368,5.2817
2008-10-29,3.8546,1.504,4.399,3.787,4.132,4.903,4.424,5.2017
2008-10-30,3.9645,1.496,4.437,3.771,4.127,4.984,4.448,5.2286
2008-10-31,3.953,1.476,4.524,3.9,4.302,5.148,4.607,5.1689
2008-11-03,3.9141,1.475,4.499,3.831,4.262,5.027,4.546,5.3985
2008-11-04,3.7247,1.514,4.477,3.804,4.235,4.873,4.53,5.266
2008-11-05,3.7019,1.537,4.424,3.767,4.183,4.783,4.449,5.3348
2008-11-06,3.6886,1.5,4.325,3.704,4.031,4.675,4.328,5.1443
2008-11-07,3.7929,1.52,4.19,3.681,3.972,4.609,4.243,5.1857
2008-11-10,3.7432,1.535,4.197,3.683,3.967,4.598,4.243,5.1885
2008-11-11,3.7432,1.495,4.216,3.671,3.951,4.62,4.224,5.0428
2008-11-12,3.6466,1.51,4.108,3.631,3.923,4.664,4.182,5.0843
2008-11-13,3.8525,1.499,4.091,3.64,4.044,4.691,4.198,4.9086
2008-11-14,3.7349,1.497,4.071,3.673,3.996,4.62,4.135,5.0304
2008-11-17,3.6484,1.486,4.104,3.661,3.998,4.681,4.157,4.9654
2008-11-18,3.5293,1.49,4.079,3.646,3.96,4.651,4.137,4.9643
2008-11-19,3.3205,1.475,4.044,3.542,3.879,4.552,4.04,4.8408
2008-11-20,3.0131,1.445,3.889,3.401,3.785,4.441,3.88,4.7618
2008-11-21,3.1974,1.401,3.858,3.39,3.809,4.461,3.888,4.6282
2008-11-24,3.3236,1.4,3.936,3.426,3.874,4.485,3.952,4.6005
2008-11-25,3.1078,1.413,3.87,3.35,3.785,4.439,3.901,4.6832
2008-11-26,2.9784,1.391,3.786,3.284,3.704,4.401,3.873,4.6133
2008-11-27,2.9778,1.38,3.784,3.294,3.711,4.459,3.899,4.6471
2008-11-28,2.92,1.399,3.768,3.258,3.678,4.462,3.89,4.5975
2008-12-01,2.7309,1.408,3.66,3.164,3.62,4.42,3.868,4.527
2008-12-02,2.6724,1.359,3.482,3.048,3.503,4.312,3.764,4.3412
2008-12-03,2.6585,1.391,3.43,3.036,3.482,4.294,3.748,4.3362
2008-12-04,2.5513,1.378,3.46,3.096,3.549,4.426,3.856,4.2554
2008-12-05,2.7037,1.375,3.419,3.029,3.502,4.436,3.809,4.2817
2008-12-08,2.7378,1.398,3.586,3.155,3.636,4.534,3.954,4.2971
2008-12-09,2.6399,1.404,3.577,3.233,3.71,4.54,4.019,4.3132
2008-12-10,2.6824,1.42,3.57,3.208,3.65,4.477,3.992,4.4692
2008-12-11,2.6019,1.423,3.601,3.215,3.645,4.492,3.985,4.2746
2008-12-12,2.5705,1.395,3.598,3.297,3.732,4.619,4.073,4.3
2008-12-15,2.5127,1.384,3.472,3.197,3.655,4.571,4.01,4.4135
2008-12-16,2.2558,1.375,3.399,3.135,3.611,4.46,3.963,4.255
2008-12-17,2.1915,1.301,3.226,2.987,3.465,4.328,3.83,4.137
2008-12-18,2.0788,1.272,3.175,2.974,3.452,4.322,3.819,4.0455
2008-12-19,2.1231,1.236,3.178,3.002,3.472,4.36,3.84,4.0254
2008-12-22,2.17,1.224,3.13,2.937,3.405,4.308,3.788,4.131
2008-12-23,2.1729,1.224,3.124,2.945,3.408,4.291,3.8,4.105
2008-12-24,2.182,1.215,3.052,2.942,3.404,4.29,3.796,4.0875
2008-12-25,2.1809,1.22,3.053,2.941,3.403,4.29,3.796,4.09
2008-12-26,2.1318,1.21,3.052,2.941,3.403,4.29,3.796,4.09
2008-12-29,2.0989,1.209,3.1,2.909,3.363,4.323,3.76,3.9694
2008-12-30,2.053,1.174,3.089,2.949,3.41,4.375,3.815,4.0119
2008-12-31,2.2123,1.174,3.02,2.951,3.414,4.382,3.811,3.9919
2009-01-01,2.2123,1.174,3.02,2.95,3.415,4.381,3.811,3.985
2009-01-02,2.3688,1.174,3.035,2.957,3.391,4.316,3.794,3.9591
2009-01-05,2.4812,1.209,3.154,3.013,3.467,4.32,3.847,4.2638
2009-01-06,2.4454,1.263,3.261,3.153,3.619,4.456,3.987,4.29
2009-01-07,2.4942,1.26,3.285,3.198,3.642,4.444,3.996,4.2519
2009-01-08,2.4398,1.312,3.22,3.127,3.58,4.385,3.92,4.1381
2009-01-09,2.39,1.296,3.135,3.017,3.472,4.331,3.842,4.12
2009-01-12,2.3044,1.296,3.139,2.986,3.467,4.372,3.895,4.1013
2009-01-13,2.2924,1.25,3.207,2.991,3.48,4.398,3.976,3.959
2009-01-14,2.1993,1.27,3.12,2.934,3.423,4.397,3.943,3.9904
2009-01-15,2.2055,1.216,3.14,2.89,3.395,4.409,4.037,3.851
2009-01-16,2.3188,1.226,3.297,2.93,3.44,4.399,4.118,3.9755
2009-01-19,2.3184,1.255,3.429,2.996,3.524,4.421,4.152,4.0516
2009-01-20,2.3771,1.226,3.515,3.019,3.561,4.514,4.198,3.9963
2009-01-21,2.536,1.234,3.444,2.999,3.572,4.567,4.232,4.075
2009-01-22,2.5922,1.24,3.505,3.108,3.681,4.653,4.321,4.1863
2009-01-23,2.6172,1.24,3.686,3.237,3.793,4.789,4.419,4.1038
2009-01-26,2.6411,1.231,3.696,3.327,3.887,4.837,4.477,4.104
2009-01-27,2.5274,1.274,3.668,3.26,3.807,4.846,4.397,4.1879
2009-01-28,2.6665,1.266,3.644,3.233,3.731,4.767,4.364,4.0562
2009-01-29,2.8586,1.275,3.687,3.259,3.756,4.683,4.354,4.0762
2009-01-30,2.8403,1.297,3.704,3.296,3.806,4.714,4.394,4.0987
2009-02-02,2.7226,1.299,3.696,3.284,3.799,4.626,4.386,4.0971
2009-02-03,2.884,1.305,3.749,3.335,3.824,4.608,4.39,4.2196
2009-02-04,2.9353,1.355,3.772,3.363,3.796,4.531,4.502,4.31
2009-02-05,2.912,1.341,3.717,3.339,3.778,4.567,4.471,4.3679
2009-02-06,2.9917,1.341,3.735,3.371,3.792,4.568,4.475,4.4433
2009-02-09,2.9844,1.316,3.965,3.403,3.813,4.545,4.404,4.3592
2009-02-10,2.8136,1.313,3.853,3.343,3.751,4.53,4.342,4.3371
2009-02-11,2.7537,1.313,3.612,3.189,3.645,4.514,4.225,4.2517
2009-02-12,2.7824,1.264,3.477,3.083,3.562,4.491,4.249,4.1846
2009-02-13,2.8894,1.265,3.558,3.107,3.596,4.578,4.276,4.2425
2009-02-16,2.8895,1.299,3.496,3.037,3.555,4.584,4.291,4.385
2009-02-17,2.6479,1.288,3.415,2.975,3.512,4.55,4.255,4.2604
2009-02-18,2.7554,1.261,3.388,2.994,3.516,4.501,4.211,4.0779
2009-02-19,2.8531,1.268,3.509,3.08,3.602,4.482,4.275,4.2229
2009-02-20,2.7879,1.284,3.415,3.014,3.528,4.435,4.164,4.1679
2009-02-23,2.7536,1.28,3.458,3.014,3.524,4.445,4.143,4.152
2009-02-24,2.7951,1.274,3.415,2.988,3.515,4.504,4.164,4.1233
2009-02-25,2.9263,1.309,3.458,2.993,3.529,4.565,4.17,4.2646
2009-02-26,2.9908,1.284,3.641,3.128,3.664,4.674,4.308,4.2462
2009-02-27,3.0131,1.28,3.623,3.112,3.661,4.681,4.284,4.4033
2009-03-02,2.8624,1.305,3.56,3.03,3.592,4.597,4.211,4.3071
2009-03-03,2.8771,1.295,3.557,3.048,3.631,4.608,4.208,4.3117
2009-03-04,2.9745,1.306,3.643,3.136,3.719,4.634,4.228,4.3533
2009-03-05,2.8115,1.319,3.358,3.017,3.596,4.511,4.064,4.4092
2009-03-06,2.8717,1.3,3.064,2.925,3.537,4.486,4.027,4.2391
2009-03-09,2.8589,1.304,3.127,2.936,3.564,4.46,3.999,4.1171
2009-03-10,3.0044,1.309,3.113,3.0,3.624,4.494,4.041,4.255
2009-03-11,2.9048,1.321,3.092,3.07,3.664,4.525,4.071,4.3351
2009-03-12,2.8535,1.318,2.951,3.007,3.595,4.523,4.032,4.2722
2009-03-13,2.8902,1.324,2.949,3.059,3.609,4.517,4.063,4.2813
2009-03-16,2.9529,1.305,3.034,3.145,3.66,4.516,4.127,4.3
2009-03-17,3.0066,1.31,3.07,3.191,3.703,4.524,4.182,4.3467
2009-03-18,2.533,1.309,3.114,3.221,3.733,4.532,4.216,4.355
2009-03-19,2.6023,1.268,3.034,3.045,3.584,4.388,4.093,4.0905
2009-03-20,2.6344,1.27,3.028,2.974,3.51,4.262,4.021,4.175
2009-03-23,2.6523,1.271,3.137,3.019,3.556,4.338,4.043,4.3
2009-03-24,2.701,1.269,3.333,3.149,3.66,4.45,4.157,4.3671
2009-03-25,2.7844,1.294,3.281,3.146,3.635,4.394,4.131,4.4483
2009-03-26,2.7389,1.324,3.31,3.13,3.605,4.381,4.081,4.5196
2009-03-27,2.7571,1.334,3.286,3.086,3.584,4.367,4.049,4.5642
2009-03-30,2.7117,1.339,3.179,3.026,3.579,4.427,4.056,4.4605
2009-03-31,2.6629,1.353,3.166,2.994,3.553,4.394,4.051,4.4235
2009-04-01,2.6539,1.35,3.131,2.994,3.553,4.338,4.056,4.3895
2009-04-02,2.7662,1.378,3.373,3.16,3.725,4.435,4.166,4.374
2009-04-03,2.8853,1.425,3.424,3.221,3.746,4.404,4.161,4.428
2009-04-06,2.9223,1.465,3.442,3.218,3.709,4.399,4.097,4.614
2009-04-07,2.8965,1.439,3.441,3.217,3.722,4.443,4.133,4.6095
2009-04-08,2.8559,1.464,3.351,3.214,3.725,4.44,4.149,4.5406
2009-04-09,2.9207,1.484,3.285,3.257,3.752,4.44,4.165,4.5825
2009-04-10,2.9226,1.46,3.288,3.25,3.733,4.426,4.146,4.582
2009-04-13,2.8579,1.461,3.29,3.252,3.732,4.426,4.143,4.6
2009-04-14,2.7845,1.468,3.212,3.199,3.691,4.392,4.101,4.6131
2009-04-15,2.7644,1.44,3.257,3.142,3.633,4.331,4.064,4.579
2009-04-16,2.8303,1.46,3.238,3.176,3.662,4.321,4.066,4.506
2009-04-17,2.9451,1.454,3.357,3.27,3.744,4.365,4.13,4.5185
2009-04-20,2.8359,1.478,3.215,3.149,3.626,4.306,4.011,4.594
2009-04-21,2.8969,1.463,3.311,3.14,3.624,4.337,4.009,4.363
2009-04-22,2.9397,1.442,3.446,3.209,3.652,4.366,4.033,4.457
2009-04-23,2.9193,1.435,3.518,3.222,3.636,4.309,4.008,4.491
2009-04-24,2.9903,1.434,3.487,3.191,3.615,4.31,4.007,4.511
2009-04-27,2.9083,1.463,3.484,3.161,3.59,4.296,3.981,4.4665
2009-04-28,3.0073,1.419,3.456,3.141,3.575,4.294,3.956,4.4333
2009-04-29,3.1073,1.419,3.455,3.131,3.554,4.274,3.905,4.5653
2009-04-30,3.1187,1.432,3.501,3.178,3.59,4.277,3.926,4.5689
2009-05-01,3.1533,1.406,3.553,3.17,3.59,4.276,3.919,4.6758
2009-05-04,3.1514,1.418,3.547,3.243,3.627,4.253,3.959,4.6954
2009-05-05,3.1592,1.418,3.555,3.211,3.596,4.195,3.909,4.8145
2009-05-06,3.1612,1.405,3.605,3.24,3.625,4.202,3.928,4.7821
2009-05-07,3.3341,1.422,3.678,3.38,3.765,4.231,4.027,4.9028
2009-05-08,3.2856,1.455,3.729,3.447,3.802,4.252,4.041,4.9667
2009-05-11,3.1654,1.464,3.658,3.388,3.746,4.228,3.981,4.9218
2009-05-12,3.1727,1.455,3.661,3.407,3.783,4.318,4.022,4.9299
2009-05-13,3.1195,1.458,3.519,3.343,3.733,4.31,3.972,4.924
2009-05-14,3.0884,1.435,3.48,3.305,3.723,4.321,3.996,4.8758
2009-05-15,3.1341,1.432,3.537,3.365,3.762,4.294,4.045,4.8668
2009-05-18,3.23,1.411,3.48,3.358,3.763,4.291,4.032,4.8558
2009-05-19,3.243,1.427,3.5,3.438,3.82,4.318,4.112,4.9891
2009-05-20,3.1912,1.429,3.578,3.433,3.81,4.302,4.099,5.0665
2009-05-21,3.3644,1.435,3.665,3.37,3.821,4.308,4.112,5.1077
2009-05-22,3.4495,1.438,3.727,3.547,3.869,4.368,4.205,5.2068
2009-05-25,3.4496,1.455,3.729,3.604,3.918,4.404,4.277,5.2678
2009-05-26,3.5467,1.448,3.681,3.621,3.941,4.448,4.293,5.2183
2009-05-27,3.7381,1.478,3.745,3.626,3.95,4.461,4.281,5.3813
2009-05-28,3.6122,1.488,3.8,3.66,4.011,4.544,4.33,5.3606
2009-05-29,3.4594,1.49,3.747,3.589,3.953,4.483,4.285,5.2788
2009-06-01,3.6726,1.491,3.84,3.669,4.013,4.494,4.358,5.3592
2009-06-02,3.6127,1.524,3.893,3.659,3.991,4.509,4.414,5.4867
2009-06-03,3.5398,1.554,3.785,3.573,3.914,4.475,4.336,5.4859
2009-06-04,3.7099,1.514,3.849,3.638,3.989,4.578,4.45,5.4249
2009-06-05,3.8279,1.503,3.922,3.722,4.053,4.618,4.464,5.588
2009-06-08,3.8736,1.521,3.868,3.676,4.003,4.686,4.406,5.617
2009-06-09,3.8559,1.534,3.849,3.636,3.965,4.688,4.37,5.5571
2009-06-10,3.9455,1.547,3.921,3.688,4.006,4.736,4.422,5.5956
2009-06-11,3.8543,1.563,4.024,3.698,4.014,4.74,4.429,5.6191
2009-06-12,3.7916,1.521,3.974,3.634,3.965,4.687,4.383,5.5493
2009-06-15,3.7113,1.513,3.877,3.522,3.868,4.602,4.301,5.5026
2009-06-16,3.6588,1.473,3.899,3.525,3.876,4.623,4.322,5.4381
2009-06-17,3.6882,1.47,3.785,3.481,3.836,4.591,4.304,5.4796
2009-06-18,3.8277,1.461,3.845,3.547,3.899,4.627,4.341,5.5831
2009-06-19,3.7808,1.452,3.81,3.502,3.845,4.582,4.273,5.8601
2009-06-22,3.681,1.464,3.743,3.45,3.8,4.58,4.24,5.7151
2009-06-23,3.6208,1.416,3.74,3.463,3.834,4.612,4.243,5.5801
2009-06-24,3.6851,1.389,3.704,3.45,3.814,4.567,4.204,5.6168
2009-06-25,3.5398,1.391,3.706,3.426,3.787,4.542,4.167,5.6905
2009-06-26,3.5363,1.404,3.687,3.391,3.756,4.508,4.143,5.6034
2009-06-29,3.4768,1.394,3.616,3.369,3.719,4.432,4.117,5.4838
2009-06-30,3.5326,1.359,3.69,3.386,3.729,4.434,4.131,5.5224
2009-07-01,3.5365,1.35,3.77,3.414,3.759,4.441,4.151,5.5038
2009-07-02,3.4946,1.358,3.741,3.328,3.687,4.384,4.057,5.4151
2009-07-03,3.4985,1.33,3.729,3.34,3.703,4.39,4.076,5.4294
2009-07-06,3.5063,1.311,3.668,3.3,3.67,4.386,4.036,5.4487
2009-07-07,3.4544,1.315,3.682,3.318,3.757,4.425,4.056,5.4638
2009-07-08,3.3081,1.295,3.618,3.277,3.728,4.433,4.06,5.3074
2009-07-09,3.403,1.301,3.79,3.299,3.74,4.462,4.083,5.2166
2009-07-10,3.3026,1.305,3.741,3.259,3.698,4.451,4.046,5.2825
2009-07-13,3.35,1.309,3.673,3.266,3.706,4.455,4.067,5.2237
2009-07-14,3.4703,1.344,3.74,3.304,3.734,4.467,4.093,5.2914
2009-07-15,3.6038,1.339,3.8,3.367,3.791,4.458,4.12,5.4465
2009-07-16,3.5689,1.344,3.766,3.337,3.753,4.413,4.085,5.4829
2009-07-17,3.6433,1.325,3.813,3.4,3.809,4.41,4.138,5.4508
2009-07-20,3.6063,1.325,3.829,3.417,3.795,4.368,4.076,5.6208
2009-07-21,3.4824,1.37,3.794,3.369,3.73,4.318,4.009,5.5196
2009-07-22,3.5443,1.391,3.841,3.38,3.73,4.315,4.005,5.5654
2009-07-23,3.6555,1.391,3.967,3.459,3.762,4.353,4.042,5.5829
2009-07-24,3.6578,1.383,3.963,3.477,3.773,4.379,4.052,5.6971
2009-07-27,3.7189,1.397,3.968,3.487,3.773,4.346,4.057,5.7163
2009-07-28,3.6856,1.396,3.933,3.427,3.706,4.283,4.0,5.7429
2009-07-29,3.6582,1.382,3.968,3.424,3.696,4.264,3.991,5.6021
2009-07-30,3.6074,1.396,3.95,3.43,3.696,4.253,3.976,5.6392
2009-07-31,3.4796,1.419,3.801,3.3,3.569,4.16,3.846,5.6046
2009-08-03,3.6333,1.445,3.879,3.344,3.618,4.172,3.892,5.5997
2009-08-04,3.6845,1.459,3.852,3.346,3.622,4.163,3.897,5.6379
2009-08-05,3.7459,1.44,3.827,3.339,3.604,4.147,3.903,5.6246
2009-08-06,3.7501,1.445,3.732,3.374,3.641,4.163,3.927,5.6776
2009-08-07,3.8502,1.44,3.797,3.51,3.751,4.213,4.002,5.6549
2009-08-10,3.7765,1.464,3.783,3.483,3.685,4.152,3.929,5.7281
2009-08-11,3.6677,1.455,3.81,3.473,3.667,4.188,3.921,5.7258
2009-08-12,3.7172,1.425,3.789,3.456,3.67,4.192,3.93,5.563
2009-08-13,3.595,1.416,3.786,3.424,3.645,4.196,3.893,5.7041
2009-08-14,3.5688,1.385,3.679,3.317,3.555,4.141,3.831,5.6217
2009-08-17,3.4684,1.35,3.605,3.284,3.529,4.122,3.82,5.465
2009-08-18,3.5092,1.35,3.656,3.295,3.543,4.113,3.811,5.507
2009-08-19,3.4517,1.349,3.586,3.249,3.525,4.107,3.786,5.4422
2009-08-20,3.4313,1.35,3.607,3.255,3.518,4.083,3.775,5.4785
2009-08-21,3.5649,1.315,3.642,3.312,3.564,4.081,3.812,5.435
2009-08-24,3.4755,1.33,3.631,3.305,3.556,4.112,3.802,5.556
2009-08-25,3.4348,1.33,3.551,3.269,3.524,4.062,3.763,5.3994
2009-08-26,3.4329,1.316,3.547,3.235,3.492,4.04,3.728,5.368
2009-08-27,3.4531,1.305,3.557,3.245,3.504,4.034,3.741,5.2985
2009-08-28,3.4456,1.315,3.555,3.25,3.52,4.054,3.755,5.4175
2009-08-31,3.3975,1.31,3.556,3.257,3.537,4.076,3.775,5.4155
2009-09-01,3.3625,1.295,3.56,3.241,3.545,4.09,3.819,5.347
2009-09-02,3.3056,1.318,3.546,3.231,3.554,4.106,3.834,5.3865
2009-09-03,3.344,1.31,3.593,3.243,3.59,4.142,3.888,5.3706
2009-09-04,3.4378,1.331,3.624,3.242,3.583,4.139,3.873,5.4331
2009-09-07,3.4415,1.364,3.635,3.232,3.583,4.149,3.9,5.4935
2009-09-08,3.4823,1.335,3.675,3.274,3.622,4.161,3.927,5.4286
2009-09-09,3.4711,1.333,3.759,3.362,3.676,4.168,3.959,5.3813
2009-09-10,3.3472,1.33,3.678,3.304,3.607,4.114,3.863,5.4075
2009-09-11,3.347,1.31,3.61,3.236,3.529,4.038,3.786,5.2734
2009-09-14,3.4208,1.3,3.609,3.257,3.55,4.06,3.835,5.26
2009-09-15,3.4541,1.321,3.618,3.292,3.56,4.06,3.844,5.25
2009-09-16,3.469,1.329,3.69,3.337,3.596,4.062,3.875,5.2579
2009-09-17,3.3836,1.348,3.729,3.366,3.621,4.08,3.887,5.3267
2009-09-18,3.4632,1.348,3.741,3.376,3.628,4.075,3.901,5.2812
2009-09-21,3.4799,1.35,3.74,3.379,3.645,4.09,3.91,5.3188
2009-09-22,3.4445,1.35,3.765,3.395,3.659,4.101,3.902,5.3237
2009-09-23,3.4184,1.35,3.751,3.373,3.624,4.105,3.868,5.3604
2009-09-24,3.3813,1.328,3.692,3.305,3.564,4.038,3.794,5.298
2009-09-25,3.3184,1.318,3.61,3.256,3.525,4.0,3.768,5.2342
2009-09-28,3.2797,1.29,3.627,3.254,3.533,4.009,3.78,5.1425
2009-09-29,3.2906,1.29,3.614,3.229,3.513,3.998,3.78,5.2058
2009-09-30,3.3053,1.301,3.592,3.22,3.537,4.015,3.808,5.3596
2009-10-01,3.179,1.3,3.488,3.157,3.526,4.114,3.794,5.283
2009-10-02,3.2188,1.26,3.439,3.123,3.481,4.06,3.762,5.1047
2009-10-05,3.2205,1.269,3.401,3.124,3.473,4.048,3.752,5.205
2009-10-06,3.2552,1.25,3.405,3.158,3.506,4.062,3.78,5.1771
2009-10-07,3.182,1.27,3.385,3.123,3.469,4.023,3.747,5.1708
2009-10-08,3.2477,1.27,3.356,3.115,3.458,4.002,3.727,5.2471
2009-10-09,3.3802,1.29,3.453,3.204,3.533,4.062,3.795,5.2217
2009-10-12,3.3783,1.29,3.381,3.182,3.514,4.053,3.778,5.3558
2009-10-13,3.3468,1.305,3.402,3.164,3.526,4.078,3.798,5.3254
2009-10-14,3.4136,1.305,3.498,3.227,3.581,4.128,3.843,5.3671
2009-10-15,3.4565,1.32,3.569,3.297,3.649,4.202,3.902,5.5692
2009-10-16,3.4115,1.335,3.599,3.286,3.618,4.17,3.872,5.5775
2009-10-19,3.3891,1.345,3.605,3.301,3.619,4.158,3.867,5.5892
2009-10-20,3.3407,1.359,3.539,3.235,3.548,4.09,3.803,5.568
2009-10-21,3.3853,1.356,3.707,3.319,3.61,4.157,3.856,5.5637
2009-10-22,3.4132,1.371,3.707,3.305,3.579,4.143,3.834,5.6354
2009-10-23,3.49,1.369,3.675,3.348,3.622,4.19,3.873,5.7013
2009-10-26,3.5542,1.404,3.697,3.354,3.627,4.181,3.867,5.695
2009-10-27,3.4448,1.41,3.61,3.269,3.55,4.096,3.8,5.6662
2009-10-28,3.4148,1.43,3.607,3.258,3.541,4.082,3.787,5.6258
2009-10-29,3.4974,1.414,3.673,3.324,3.621,4.147,3.87,5.515
2009-10-30,3.3828,1.415,3.619,3.231,3.533,4.074,3.788,5.5425
2009-11-02,3.4145,1.385,3.663,3.237,3.542,4.063,3.784,5.5206
2009-11-03,3.4652,1.385,3.722,3.263,3.571,4.083,3.816,5.4505
2009-11-04,3.5237,1.41,3.792,3.318,3.605,4.111,3.856,5.5271
2009-11-05,3.5236,1.45,3.854,3.347,3.629,4.123,3.882,5.563
2009-11-06,3.4971,1.454,3.885,3.364,3.649,4.132,3.895,5.6167
2009-11-09,3.4857,1.478,3.835,3.318,3.598,4.086,3.85,5.6546
2009-11-10,3.4724,1.475,3.792,3.28,3.565,4.042,3.81,5.6355
2009-11-11,3.4831,1.436,3.755,3.343,3.567,4.037,3.807,5.5925
2009-11-12,3.4438,1.38,3.778,3.362,3.588,4.052,3.826,5.5721
2009-11-13,3.4177,1.345,3.795,3.381,3.619,4.098,3.873,5.5558
2009-11-16,3.3343,1.34,3.748,3.323,3.582,4.07,3.848,5.5683
2009-11-17,3.3232,1.311,3.672,3.283,3.533,4.023,3.786,5.4521
2009-11-18,3.3638,1.305,3.681,3.289,3.547,4.04,3.812,5.4712
2009-11-19,3.3361,1.306,3.659,3.271,3.55,4.06,3.824,5.4104
2009-11-20,3.3656,1.313,3.638,3.254,3.534,4.061,3.826,5.3934
2009-11-23,3.3489,1.315,3.665,3.274,3.552,4.062,3.84,5.3616
2009-11-24,3.3027,1.3,3.655,3.254,3.513,4.047,3.817,5.3504
2009-11-25,3.2695,1.305,3.634,3.265,3.517,4.06,3.821,5.3958
2009-11-26,3.2694,1.29,3.53,3.166,3.439,4.054,3.761,5.2929
2009-11-27,3.2051,1.256,3.545,3.168,3.434,4.039,3.776,5.2112
2009-11-30,3.1978,1.266,3.523,3.159,3.419,4.017,3.747,5.24
2009-12-01,3.2822,1.202,3.547,3.152,3.414,3.987,3.733,5.205
2009-12-02,3.3099,1.255,3.591,3.161,3.422,3.981,3.744,5.3238
2009-12-03,3.3842,1.271,3.627,3.177,3.446,3.988,3.75,5.3471
2009-12-04,3.4722,1.295,3.709,3.238,3.487,3.999,3.781,5.3755
2009-12-07,3.429,1.291,3.694,3.185,3.443,3.952,3.744,5.4645
2009-12-08,3.3804,1.275,3.696,3.14,3.412,3.968,3.747,5.4871
2009-12-09,3.4328,1.245,3.666,3.137,3.424,4.012,3.832,5.4436
2009-12-10,3.4967,1.251,3.808,3.178,3.464,4.032,3.864,5.4465
2009-12-11,3.5498,1.288,3.859,3.209,3.471,4.028,3.835,5.5115
2009-12-14,3.548,1.308,3.832,3.185,3.436,4.008,3.797,5.5239
2009-12-15,3.5861,1.289,3.894,3.236,3.478,4.035,3.847,5.517
2009-12-16,3.5975,1.265,3.885,3.198,3.423,3.997,3.789,5.4388
2009-12-17,3.478,1.255,3.847,3.142,3.383,3.967,3.788,5.479
2009-12-18,3.5368,1.236,3.776,3.137,3.383,3.977,3.842,5.3499
2009-12-21,3.6745,1.226,3.864,3.194,3.438,4.038,3.931,5.4
2009-12-22,3.7538,1.259,3.908,3.264,3.492,4.027,3.923,5.4975
2009-12-23,3.7481,1.26,3.992,3.317,3.526,4.044,3.95,5.5438
2009-12-24,3.8029,1.27,3.996,3.322,3.525,4.048,3.943,5.575
2009-12-25,3.803,1.28,3.995,3.315,3.522,4.046,3.941,5.575
2009-12-28,3.8402,1.31,3.996,3.352,3.56,4.064,3.958,5.575
2009-12-29,3.7972,1.305,4.082,3.368,3.563,4.103,3.955,5.7389
2009-12-30,3.7856,1.295,4.066,3.387,3.595,4.141,3.975,5.6879
2009-12-31,3.8368,1.295,4.015,3.387,3.593,4.142,3.978,5.6439
2010-01-01,3.835,1.295,4.015,3.387,3.594,4.142,3.978,5.643
2010-01-04,3.8155,1.329,3.964,3.391,3.605,4.108,3.97,5.756
2010-01-05,3.7608,1.335,4.016,3.373,3.592,4.101,3.965,5.621
2010-01-06,3.8215,1.341,4.053,3.381,3.607,4.12,4.003,5.6556
2010-01-07,3.8235,1.35,4.052,3.37,3.581,4.094,3.983,5.6455
2010-01-08,3.8297,1.365,4.063,3.385,3.572,4.078,3.955,5.6813
2010-01-11,3.818,1.365,3.98,3.347,3.543,4.057,3.963,5.6854
2010-01-12,3.7108,1.36,3.934,3.313,3.523,4.055,3.948,5.6328
2010-01-13,3.7908,1.336,3.959,3.303,3.528,4.089,3.962,5.5219
2010-01-14,3.7382,1.341,3.982,3.298,3.54,4.104,3.996,5.598
2010-01-15,3.6744,1.33,3.938,3.262,3.504,4.073,3.966,5.585
2010-01-18,3.6745,1.325,3.937,3.248,3.49,4.06,3.973,5.5182
2010-01-19,3.6919,1.335,4.026,3.277,3.512,4.063,4.008,5.4913
2010-01-20,3.6474,1.339,4.014,3.223,3.477,4.075,4.019,5.5315
2010-01-21,3.5858,1.349,3.926,3.207,3.454,4.075,4.009,5.5265
2010-01-22,3.6071,1.33,3.921,3.215,3.463,4.078,4.03,5.4305
2010-01-25,3.6265,1.345,3.909,3.217,3.452,4.046,3.957,5.47
2010-01-26,3.6188,1.325,3.878,3.207,3.437,4.024,4.033,5.4706
2010-01-27,3.6479,1.315,3.882,3.2,3.447,4.086,4.103,5.4018
2010-01-28,3.6344,1.319,3.939,3.201,3.462,4.149,4.187,5.463
2010-01-29,3.5844,1.325,3.911,3.196,3.461,4.115,4.12,5.379
2010-02-01,3.6501,1.34,3.898,3.186,3.447,4.049,4.028,5.3796
2010-02-02,3.6405,1.355,3.913,3.195,3.454,4.056,4.056,5.4374
2010-02-03,3.7047,1.364,3.915,3.223,3.482,4.079,4.112,5.448
2010-02-04,3.6058,1.385,3.897,3.163,3.43,4.064,4.13,5.4472
2010-02-05,3.5654,1.374,3.883,3.12,3.483,4.064,4.121,5.3904
2010-02-08,3.5597,1.365,3.947,3.145,3.505,4.095,4.144,5.4081
2010-02-09,3.6448,1.346,3.964,3.152,3.547,4.053,4.061,5.3798
2010-02-10,3.6897,1.335,3.926,3.198,3.521,4.022,3.988,5.4501
2010-02-11,3.7155,1.335,4.024,3.234,3.533,4.042,3.994,5.514
2010-02-12,3.6928,1.335,4.042,3.192,3.498,4.055,3.988,5.509
2010-02-15,3.6909,1.33,4.064,3.204,3.52,4.064,4.027,5.4783
2010-02-16,3.6569,1.33,4.036,3.205,3.523,4.06,4.015,5.511
2010-02-17,3.7307,1.331,4.03,3.194,3.508,4.046,3.996,5.5128
2010-02-18,3.8012,1.325,4.098,3.251,3.539,4.068,4.029,5.5422
2010-02-19,3.7726,1.34,4.172,3.285,3.568,4.093,4.036,5.5655
2010-02-22,3.7955,1.351,4.23,3.27,3.537,4.09,3.996,5.5877
2010-02-23,3.6834,1.34,4.173,3.167,3.439,4.029,3.911,5.5879
2010-02-24,3.6909,1.329,4.076,3.135,3.413,4.023,3.891,5.5444
2010-02-25,3.6324,1.305,4.03,3.11,3.405,4.046,3.906,5.4875
2010-02-26,3.6117,1.305,4.031,3.101,3.403,3.996,3.861,5.435
2010-03-01,3.6079,1.315,4.076,3.108,3.406,3.977,3.821,5.4384
2010-03-02,3.6041,1.304,4.02,3.116,3.411,3.969,3.854,5.391
2010-03-03,3.6173,1.34,4.032,3.138,3.433,3.968,3.87,5.488
2010-03-04,3.6022,1.335,4.003,3.123,3.425,3.959,3.874,5.4593
2010-03-05,3.6796,1.315,4.063,3.156,3.446,3.955,3.865,5.465
2010-03-08,3.7157,1.325,4.099,3.165,3.453,3.954,3.849,5.5637
2010-03-09,3.7005,1.313,4.05,3.132,3.434,3.935,3.842,5.5408
2010-03-10,3.7215,1.31,4.075,3.153,3.451,3.933,3.841,5.5426
2010-03-11,3.7272,1.325,4.149,3.179,3.475,3.958,3.872,5.6651
2010-03-12,3.7006,1.349,4.098,3.167,3.462,3.958,3.866,5.6746
2010-03-15,3.6949,1.349,4.064,3.155,3.448,3.952,3.874,5.6715
2010-03-16,3.6493,1.35,4.026,3.139,3.422,3.934,3.856,5.6334
2010-03-17,3.6361,1.355,4.006,3.111,3.407,3.916,3.847,5.6619
2010-03-18,3.6759,1.374,3.983,3.127,3.432,3.946,3.885,5.6494
2010-03-19,3.6892,1.37,3.955,3.109,3.42,3.954,3.885,5.67
2010-03-22,3.6588,1.37,3.922,3.07,3.392,3.934,3.854,5.6825
2010-03-23,3.6854,1.355,3.917,3.056,3.374,3.91,3.824,5.6626
2010-03-24,3.8524,1.346,3.979,3.079,3.412,3.92,3.833,5.6906
2010-03-25,3.8777,1.369,4.035,3.152,3.481,3.936,3.869,5.7546
2010-03-26,3.8468,1.385,4.037,3.15,3.476,3.922,3.835,5.7376
2010-03-29,3.8643,1.408,3.975,3.132,3.456,3.918,3.827,5.7932
2010-03-30,3.8566,1.4,3.99,3.11,3.438,3.897,3.819,5.7956
2010-03-31,3.8257,1.4,3.939,3.092,3.42,3.981,3.816,5.7805
2010-04-01,3.8685,1.364,3.922,3.088,3.401,3.952,3.805,5.7535
2010-04-02,3.9446,1.364,3.92,3.088,3.397,3.948,3.801,5.783
2010-04-05,3.9859,1.39,3.923,3.09,3.398,3.948,3.806,5.783
2010-04-06,3.9505,1.405,4.013,3.143,3.473,4.013,3.879,5.848
2010-04-07,3.8531,1.406,4.06,3.119,3.444,4.004,3.875,5.853
2010-04-08,3.8901,1.39,4.009,3.096,3.416,3.987,3.86,5.7745
2010-04-09,3.8825,1.39,4.045,3.166,3.462,3.999,3.881,5.813
2010-04-12,3.8417,1.405,4.05,3.177,3.462,3.986,3.844,5.8369
2010-04-13,3.8204,1.385,4.017,3.146,3.435,3.98,3.85,5.7749
2010-04-14,3.8593,1.375,4.031,3.138,3.427,3.986,3.858,5.8259
2010-04-15,3.8321,1.37,4.035,3.132,3.422,3.973,3.848,5.8579
2010-04-16,3.7626,1.35,3.984,3.084,3.377,3.949,3.833,5.817
2010-04-19,3.7974,1.321,3.991,3.078,3.377,3.95,3.843,5.7495
2010-04-20,3.7993,1.33,4.02,3.098,3.393,3.962,3.863,5.8085
2010-04-21,3.7356,1.34,4.02,3.079,3.385,3.974,3.87,5.854
2010-04-22,3.7723,1.321,3.987,3.052,3.376,3.999,3.94,5.8055
2010-04-23,3.8092,1.32,4.044,3.061,3.371,4.009,3.981,5.7985
2010-04-26,3.8054,1.33,3.996,3.046,3.36,4.023,4.051,5.84
2010-04-27,3.6877,1.315,3.963,2.939,3.266,4.048,4.064,5.786
2010-04-28,3.7628,1.292,3.943,3.037,3.322,4.114,4.119,5.7155
2010-04-29,3.7243,1.289,3.95,3.062,3.332,4.069,4.053,5.7384
2010-04-30,3.6532,1.29,3.852,3.017,3.289,4.015,4.03,5.711
2010-05-03,3.682,1.289,3.907,3.065,3.328,4.002,4.036,5.78
2010-05-04,3.5902,1.29,3.839,2.949,3.23,4.007,4.105,5.7445
2010-05-05,3.5388,1.29,3.817,2.861,3.15,4.066,4.178,5.657
2010-05-06,3.3938,1.279,3.799,2.793,3.134,4.282,4.422,5.5399
2010-05-07,3.4255,1.284,3.831,2.797,3.15,4.268,4.439,5.4665
2010-05-10,3.5406,1.314,3.922,2.955,3.224,3.969,3.927,5.5685
2010-05-11,3.5235,1.32,3.886,2.937,3.216,3.953,3.927,5.487
2010-05-12,3.571,1.307,3.846,2.942,3.207,3.933,3.914,5.4785
2010-05-13,3.5261,1.316,3.841,2.94,3.189,3.867,3.93,5.538
2010-05-14,3.4534,1.305,3.751,2.86,3.116,3.903,3.944,5.507
2010-05-17,3.4869,1.29,3.742,2.863,3.121,3.899,3.987,5.4659
2010-05-18,3.3462,1.305,3.754,2.831,3.078,3.898,4.0,5.5034
2010-05-19,3.3682,1.295,3.661,2.766,3.013,3.893,4.024,5.4351
2010-05-20,3.2126,1.265,3.564,2.685,2.932,3.959,4.071,5.4026
2010-05-21,3.2379,1.245,3.55,2.666,2.919,3.934,4.052,5.3916
2010-05-24,3.1942,1.259,3.546,2.655,2.911,3.909,4.06,5.3416
2010-05-25,3.1578,1.221,3.469,2.578,2.85,3.958,4.135,5.2628
2010-05-26,3.1886,1.215,3.557,2.645,2.917,4.019,4.197,5.3276
2010-05-27,3.3605,1.255,3.613,2.704,2.962,4.099,4.228,5.3876
2010-05-28,3.2922,1.259,3.581,2.682,2.941,4.135,4.212,5.4185
2010-05-31,3.2848,1.265,3.581,2.66,2.921,4.144,4.258,5.3725
2010-06-01,3.2591,1.254,3.575,2.675,2.962,4.173,4.327,5.3396
2010-06-02,3.34,1.275,3.547,2.655,2.976,4.252,4.422,5.3302
2010-06-03,3.3639,1.285,3.584,2.676,3.027,4.291,4.518,5.4284
2010-06-04,3.2023,1.275,3.513,2.584,3.011,4.254,4.528,5.4202
2010-06-07,3.1422,1.231,3.494,2.563,3.052,4.331,4.601,5.2867
2010-06-08,3.1857,1.239,3.469,2.512,3.068,4.293,4.594,5.3333
2010-06-09,3.1729,1.21,3.528,2.567,3.057,4.139,4.571,5.3054
2010-06-10,3.3193,1.211,3.56,2.61,3.071,4.021,4.475,5.3492
2010-06-11,3.2346,1.237,3.463,2.566,3.025,4.028,4.462,5.4001
2010-06-14,3.2529,1.239,3.546,2.638,3.094,4.08,4.68,5.4
2010-06-15,3.3025,1.235,3.553,2.674,3.11,4.041,4.738,5.3588
2010-06-16,3.2601,1.245,3.536,2.671,3.116,4.051,4.882,5.4307
2010-06-17,3.1887,1.23,3.483,2.663,3.093,4.024,4.774,5.3617
2010-06-18,3.2195,1.206,3.544,2.729,3.11,3.976,4.592,5.362
2010-06-21,3.2414,1.223,3.514,2.766,3.107,3.98,4.464,5.4387
2010-06-22,3.1664,1.195,3.457,2.692,3.067,4.018,4.517,5.3938
2010-06-23,3.119,1.175,3.437,2.647,3.079,4.052,4.54,5.33
2010-06-24,3.1371,1.148,3.389,2.602,3.061,4.033,4.452,5.3109
2010-06-25,3.1078,1.15,3.383,2.611,3.092,4.079,4.464,5.2514
2010-06-28,3.021,1.159,3.376,2.585,3.111,4.124,4.536,5.2362
2010-06-29,2.9491,1.118,3.389,2.559,3.067,4.13,4.609,5.145
2010-06-30,2.9311,1.091,3.355,2.577,3.05,4.094,4.561,5.0945
2010-07-01,2.947,1.069,3.316,2.566,2.998,4.078,4.575,5.083
2010-07-02,2.977,1.103,3.354,2.583,2.98,4.022,4.523,5.097
2010-07-05,2.9733,1.115,3.321,2.543,2.923,4.011,4.609,5.0631
2010-07-06,2.9302,1.135,3.346,2.589,2.958,4.065,4.672,5.0413
2010-07-07,2.9803,1.147,3.359,2.598,2.969,4.083,4.655,5.0319
2010-07-08,3.0306,1.149,3.373,2.632,2.978,4.051,4.65,5.1206
2010-07-09,3.052,1.164,3.332,2.634,2.962,4.023,4.693,5.1069
2010-07-12,3.0628,1.13,3.336,2.589,2.931,4.031,4.662,5.1162
2010-07-13,3.1208,1.135,3.376,2.641,2.966,4.064,4.646,5.1115
2010-07-14,3.0426,1.149,3.398,2.655,2.989,4.123,4.727,5.1765
2010-07-15,2.9937,1.09,3.375,2.653,2.993,4.13,4.624,5.1025
2010-07-16,2.9215,1.095,3.332,2.606,2.952,4.079,4.462,5.1191
2010-07-19,2.9537,1.095,3.353,2.65,2.995,4.052,4.407,5.115
2010-07-20,2.9481,1.1,3.354,2.636,2.973,4.001,4.327,5.22
2010-07-21,2.8782,1.095,3.346,2.638,2.971,4.012,4.317,5.1775
2010-07-22,2.9353,1.065,3.361,2.665,2.986,4.022,4.361,5.142
2010-07-23,2.9943,1.075,3.437,2.706,2.998,4.024,4.355,5.2035
2010-07-26,2.9924,1.071,3.454,2.761,3.026,3.996,4.243,5.2415
2010-07-27,3.0485,1.06,3.516,2.77,3.031,3.974,4.144,5.27
2010-07-28,2.985,1.095,3.486,2.749,3.012,3.982,4.225,5.2135
2010-07-29,2.9794,1.086,3.414,2.717,2.991,3.973,4.238,5.2415
2010-07-30,2.9052,1.074,3.325,2.669,2.945,3.954,4.211,5.1995
2010-08-02,2.9609,1.055,3.349,2.698,2.968,3.92,4.16,5.18
2010-08-03,2.9085,1.044,3.275,2.607,2.886,3.873,4.127,5.1705
2010-08-04,2.9498,1.005,3.292,2.604,2.871,3.857,4.144,5.1355
2010-08-05,2.9011,1.04,3.236,2.562,2.82,3.833,4.114,5.142
2010-08-06,2.8166,1.064,3.224,2.519,2.772,3.784,4.044,5.154
2010-08-09,2.8289,1.025,3.242,2.525,2.778,3.778,4.032,5.11
2010-08-10,2.7593,1.04,3.255,2.537,2.819,3.854,4.18,5.1015
2010-08-11,2.6814,1.019,3.143,2.428,2.722,3.807,4.107,5.046
2010-08-12,2.7455,1.009,3.115,2.421,2.72,3.839,4.18,5.0343
2010-08-13,2.6716,0.99,3.122,2.393,2.721,3.872,4.251,5.0487
2010-08-16,2.5626,0.955,3.041,2.33,2.661,3.853,4.197,4.9698
2010-08-17,2.6321,0.946,3.063,2.363,2.68,3.825,4.103,4.936
2010-08-18,2.6321,0.924,3.027,2.347,2.635,3.751,4.027,4.931
2010-08-19,2.575,0.94,3.007,2.312,2.604,3.772,4.045,4.9199
2010-08-20,2.6106,0.935,2.975,2.271,2.582,3.785,4.06,4.9129
2010-08-23,2.5981,0.945,2.971,2.286,2.596,3.777,4.066,4.9391
2010-08-24,2.488,0.929,2.879,2.18,2.508,3.752,4.02,4.855
2010-08-25,2.534,0.911,2.843,2.146,2.482,3.757,3.99,4.7821
2010-08-26,2.4755,0.945,2.887,2.157,2.486,3.767,4.015,4.7858
2010-08-27,2.6447,1.009,2.901,2.2,2.535,3.775,4.058,4.8067
2010-08-30,2.5285,1.029,2.9,2.135,2.471,3.794,4.061,4.8353
2010-08-31,2.4683,0.971,2.832,2.116,2.467,3.826,4.048,4.7628
2010-09-01,2.573,1.03,2.931,2.224,2.559,3.799,4.033,4.8032
2010-09-02,2.6231,1.119,2.962,2.283,2.569,3.802,4.01,4.8157
2010-09-03,2.697,1.147,3.008,2.354,2.633,3.808,4.025,4.8406
2010-09-06,2.7025,1.199,2.982,2.336,2.635,3.814,4.077,4.9215
2010-09-07,2.5944,1.15,2.914,2.255,2.575,3.797,4.061,4.8668
2010-09-08,2.6555,1.135,2.989,2.297,2.594,3.792,4.039,4.885
2010-09-09,2.7588,1.13,3.053,2.336,2.625,3.79,4.056,4.9301
2010-09-10,2.7917,1.161,3.125,2.4,2.692,3.837,4.114,4.9769
2010-09-13,2.748,1.155,3.117,2.427,2.718,3.881,4.153,5.0669
2010-09-14,2.679,1.136,3.055,2.371,2.701,3.871,4.157,5.0366
2010-09-15,2.7207,1.051,3.084,2.404,2.75,3.882,4.161,5.0585
2010-09-16,2.7608,1.05,3.143,2.478,2.833,3.912,4.203,5.0436
2010-09-17,2.7372,1.076,3.127,2.427,2.781,3.933,4.2,5.1146
2010-09-20,2.7026,1.076,3.152,2.467,2.823,3.98,4.229,5.14
2010-09-21,2.5727,1.056,3.119,2.453,2.805,3.934,4.203,5.1404
2010-09-22,2.5583,1.033,2.974,2.349,2.71,3.884,4.134,5.1004
2010-09-23,2.5511,1.035,2.952,2.285,2.661,3.897,4.122,5.1056
2010-09-24,2.605,1.007,3.042,2.342,2.701,3.925,4.148,5.0508
2010-09-27,2.5242,1.004,2.974,2.269,2.631,3.906,4.137,5.1279
2010-09-28,2.4653,0.97,2.934,2.246,2.614,3.937,4.18,5.062
2010-09-29,2.5027,0.93,2.909,2.24,2.627,3.937,4.197,5.0494
2010-09-30,2.5098,0.94,2.95,2.278,2.659,3.879,4.123,4.9632
2010-10-01,2.5097,0.965,2.971,2.286,2.654,3.862,4.093,5.0674
2010-10-04,2.4758,0.947,2.933,2.252,2.635,3.825,4.051,5.0025
2010-10-05,2.4722,0.918,2.965,2.279,2.648,3.821,4.059,4.9831
2010-10-06,2.3976,0.845,2.895,2.224,2.584,3.762,4.0,5.0084
2010-10-07,2.3834,0.869,2.928,2.262,2.636,3.789,4.03,5.0541
2010-10-08,2.392,0.873,2.866,2.254,2.668,3.744,3.991,5.0064
2010-10-11,2.3919,0.875,2.878,2.272,2.676,3.729,3.982,5.0056
2010-10-12,2.4309,0.86,2.848,2.243,2.659,3.73,3.993,4.9877
2010-10-13,2.422,0.884,2.879,2.282,2.693,3.751,4.027,5.0027
2010-10-14,2.5076,0.885,2.88,2.295,2.7,3.744,3.996,5.0261
2010-10-15,2.5597,0.885,2.945,2.371,2.762,3.759,3.988,5.0791
2010-10-18,2.5075,0.88,2.963,2.385,2.769,3.762,4.001,5.1496
2010-10-19,2.4752,0.89,3.002,2.414,2.802,3.795,4.045,5.138
2010-10-20,2.4788,0.9,2.987,2.44,2.833,3.797,4.058,5.1178
2010-10-21,2.5452,0.891,2.937,2.484,2.884,3.863,4.153,5.1216
2010-10-22,2.5541,0.896,2.951,2.474,2.874,3.851,4.135,5.145
2010-10-25,2.5613,0.903,2.923,2.45,2.835,3.796,4.066,5.1907
2010-10-26,2.6393,0.91,3.06,2.507,2.878,3.823,4.074,5.17
2010-10-27,2.7198,0.955,3.151,2.565,2.929,3.932,4.177,5.1846
2010-10-28,2.6576,0.915,3.15,2.564,2.934,3.933,4.191,5.1885
2010-10-29,2.5993,0.939,3.076,2.518,2.913,3.942,4.211,5.2032
2010-11-01,2.6229,0.955,3.046,2.481,2.882,3.936,4.244,5.2313
2010-11-02,2.5866,0.949,3.034,2.47,2.88,3.962,4.289,5.2544
2010-11-03,2.5702,0.95,2.997,2.418,2.824,3.942,4.288,5.2567
2010-11-04,2.489,0.925,2.952,2.396,2.826,3.962,4.34,5.2357
2010-11-05,2.5304,0.936,2.977,2.417,2.852,3.976,4.364,5.2491
2010-11-08,2.5502,0.964,3.005,2.39,2.847,4.034,4.406,5.2765
2010-11-09,2.6558,0.98,3.032,2.407,2.863,4.033,4.393,5.2893
2010-11-10,2.6286,1.0,3.164,2.441,2.895,4.102,4.501,5.355
2010-11-11,2.6447,1.01,3.155,2.435,2.897,4.232,4.635,5.339
2010-11-12,2.7871,1.003,3.204,2.512,2.955,4.158,4.531,5.3417
2010-11-15,2.9593,1.055,3.266,2.563,2.98,4.149,4.521,5.4102
2010-11-16,2.84,1.036,3.292,2.622,3.044,4.224,4.607,5.4099
2010-11-17,2.8766,1.065,3.272,2.601,3.019,4.213,4.621,5.4296
2010-11-18,2.895,1.115,3.4,2.704,3.116,4.298,4.717,5.4775
2010-11-19,2.8713,1.071,3.386,2.703,3.103,4.251,4.722,5.4843
2010-11-22,2.8019,1.134,3.333,2.65,3.059,4.211,4.738,5.499
2010-11-23,2.7729,1.135,3.262,2.552,3.002,4.266,4.897,5.4294
2010-11-24,2.912,1.134,3.333,2.711,3.102,4.343,5.064,5.449
2010-11-25,2.9085,1.16,3.363,2.712,3.132,4.394,5.175,5.521
2010-11-26,2.8663,1.195,3.347,2.734,3.138,4.417,5.178,5.4883
2010-11-29,2.8205,1.183,3.338,2.757,3.213,4.638,5.427,5.4795
2010-11-30,2.7968,1.194,3.225,2.67,3.154,4.667,5.503,5.4087
2010-12-01,2.9642,1.154,3.361,2.78,3.249,4.51,5.289,5.3477
2010-12-02,2.9885,1.21,3.401,2.819,3.237,4.402,5.078,5.3966
2010-12-03,3.0055,1.215,3.413,2.857,3.264,4.433,5.051,5.467
2010-12-06,2.9201,1.165,3.397,2.853,3.258,4.5,5.157,5.3985
2010-12-07,3.1257,1.178,3.459,2.948,3.32,4.519,5.204,5.4301
2010-12-08,3.2723,1.25,3.547,3.014,3.367,4.548,5.234,5.6003
2010-12-09,3.2037,1.267,3.493,2.947,3.299,4.539,5.287,5.628
2010-12-10,3.319,1.205,3.518,2.954,3.296,4.557,5.406,5.5807
2010-12-13,3.275,1.256,3.552,2.976,3.319,4.586,5.452,5.6703
2010-12-14,3.4727,1.255,3.608,3.026,3.35,4.616,5.514,5.6152
2010-12-15,3.5318,1.265,3.62,3.03,3.374,4.56,5.452,5.6347
2010-12-16,3.4224,1.279,3.631,3.065,3.413,4.625,5.516,5.6369
2010-12-17,3.3279,1.201,3.557,3.029,3.394,4.642,5.518,5.5736
2010-12-20,3.3358,1.19,3.481,2.967,3.326,4.624,5.495,5.5101
2010-12-21,3.3031,1.183,3.506,2.986,3.339,4.657,5.515,5.5668
2010-12-22,3.3458,1.149,3.504,2.952,3.311,4.666,5.47,5.5924
2010-12-23,3.3892,1.149,3.499,2.977,3.351,4.695,5.465,5.6373
2010-12-24,3.3933,1.161,3.509,2.982,3.35,4.696,5.471,5.6791
2010-12-27,3.3294,1.17,3.504,3.031,3.391,4.719,5.462,5.685
2010-12-28,3.4795,1.141,3.509,2.976,3.349,4.752,5.474,5.679
2010-12-29,3.3489,1.169,3.571,3.018,3.413,4.84,5.453,5.7019
2010-12-30,3.3646,1.128,3.474,2.959,3.359,4.821,5.45,5.6185
2010-12-31,3.2935,1.128,3.396,2.963,3.362,4.815,5.453,5.5449
2011-01-03,3.3324,1.13,3.397,2.922,3.341,4.732,5.411,5.5299
2011-01-04,3.3287,1.17,3.462,2.891,3.284,4.63,5.317,5.5398
2011-01-05,3.4654,1.164,3.551,2.938,3.335,4.645,5.309,5.5258
2011-01-06,3.3932,1.221,3.529,2.913,3.348,4.767,5.46,5.5854
2011-01-07,3.3237,1.205,3.512,2.869,3.333,4.797,5.507,5.6216
2011-01-10,3.2832,1.205,3.513,2.87,3.334,4.846,5.545,5.5425
2011-01-11,3.3396,1.195,3.554,2.925,3.362,4.798,5.484,5.4429
2011-01-12,3.365,1.18,3.644,3.052,3.428,4.787,5.454,5.5168
2011-01-13,3.2972,1.195,3.606,3.044,3.416,4.705,5.349,5.5648
2011-01-14,3.3231,1.205,3.609,3.028,3.404,4.655,5.332,5.514
2011-01-17,3.3291,1.21,3.618,3.038,3.424,4.72,5.433,5.5373
2011-01-18,3.3663,1.23,3.659,3.115,3.492,4.784,5.478,5.5293
2011-01-19,3.339,1.269,3.635,3.105,3.459,4.728,5.376,5.6273
2011-01-20,3.4488,1.214,3.688,3.163,3.503,4.779,5.344,5.5592
2011-01-21,3.4042,1.218,3.695,3.176,3.491,4.711,5.202,5.6543
2011-01-24,3.4044,1.239,3.671,3.15,3.477,4.673,5.237,5.6243
2011-01-25,3.3284,1.259,3.627,3.144,3.476,4.739,5.344,5.5703
2011-01-26,3.4146,1.24,3.692,3.185,3.529,4.797,5.436,5.5075
2011-01-27,3.3873,1.235,3.693,3.206,3.569,4.823,5.5,5.5313
2011-01-28,3.3214,1.224,3.65,3.148,3.527,4.78,5.458,5.499
2011-01-31,3.3704,1.219,3.656,3.155,3.534,4.723,5.368,5.5143
2011-02-01,3.4394,1.236,3.707,3.221,3.575,4.645,5.212,5.5293
2011-02-02,3.4771,1.231,3.764,3.259,3.613,4.536,5.097,5.5453
2011-02-03,3.5488,1.246,3.779,3.216,3.595,4.623,5.189,5.6065
2011-02-04,3.6356,1.29,3.819,3.261,3.62,4.608,5.153,5.682
2011-02-07,3.6299,1.295,3.833,3.253,3.625,4.691,5.249,5.7328
2011-02-08,3.7373,1.324,3.838,3.255,3.63,4.753,5.313,5.7418
2011-02-09,3.6465,1.339,3.872,3.306,3.665,4.76,5.316,5.7503
2011-02-10,3.6928,1.314,3.882,3.301,3.663,4.769,5.33,5.7118
2011-02-11,3.6288,1.315,3.868,3.294,3.665,4.78,5.378,5.693
2011-02-14,3.6194,1.314,3.838,3.296,3.677,4.827,5.455,5.7093
2011-02-15,3.6044,1.309,3.852,3.282,3.67,4.8,5.416,5.7043
2011-02-16,3.6193,1.355,3.812,3.237,3.615,4.731,5.337,5.7093
2011-02-17,3.5725,1.345,3.761,3.183,3.576,4.739,5.363,5.6853
2011-02-18,3.5799,1.309,3.805,3.254,3.619,4.795,5.375,5.6398
2011-02-21,3.5874,1.318,3.733,3.184,3.55,4.798,5.36,5.6348
2011-02-22,3.4533,1.284,3.68,3.146,3.511,4.812,5.362,5.5918
2011-02-23,3.4848,1.255,3.669,3.14,3.503,4.827,5.358,5.5628
2011-02-24,3.4477,1.235,3.622,3.131,3.5,4.839,5.372,5.5743
2011-02-25,3.4125,1.253,3.616,3.152,3.522,4.853,5.405,5.5358
2011-02-28,3.4272,1.264,3.602,3.17,3.547,4.842,5.39,5.4943
2011-03-01,3.3921,1.285,3.622,3.179,3.561,4.818,5.359,5.5168
2011-03-02,3.4697,1.275,3.638,3.197,3.578,4.804,5.327,5.4868
2011-03-03,3.5554,1.299,3.715,3.326,3.694,4.907,5.404,5.5268
2011-03-04,3.49,1.305,3.629,3.273,3.633,4.885,5.388,5.5818
2011-03-07,3.5123,1.283,3.633,3.273,3.623,4.893,5.381,5.5198
2011-03-08,3.5477,1.3,3.673,3.305,3.668,4.957,5.477,5.5518
2011-03-09,3.4675,1.305,3.662,3.29,3.658,4.99,5.511,5.565
2011-03-10,3.3584,1.31,3.596,3.25,3.615,4.972,5.509,5.4975
2011-03-11,3.4025,1.255,3.547,3.214,3.564,4.866,5.427,5.4843
2011-03-14,3.3563,1.213,3.57,3.227,3.564,4.785,5.27,5.4375
2011-03-15,3.303,1.221,3.527,3.137,3.472,4.705,5.195,5.3928
2011-03-16,3.17,1.229,3.478,3.09,3.429,4.69,5.174,5.3975
2011-03-17,3.255,1.211,3.546,3.169,3.513,4.73,5.241,5.3543
2011-03-18,3.2678,1.215,3.509,3.188,3.527,4.683,5.166,5.395
2011-03-21,3.3282,1.215,3.526,3.233,3.566,4.721,5.149,5.43
2011-03-22,3.3263,1.255,3.6,3.257,3.597,4.77,5.19,5.41
2011-03-23,3.3501,1.225,3.554,3.236,3.596,4.769,5.173,5.4285
2011-03-24,3.4037,1.214,3.58,3.245,3.611,4.757,5.169,5.4102
2011-03-25,3.4388,1.225,3.611,3.28,3.636,4.758,5.173,5.4353
2011-03-28,3.4313,1.246,3.599,3.291,3.641,4.773,5.178,5.4902
2011-03-29,3.4872,1.235,3.629,3.332,3.683,4.793,5.206,5.4648
2011-03-30,3.4349,1.25,3.668,3.339,3.69,4.781,5.207,5.5258
2011-03-31,3.4703,1.26,3.689,3.354,3.713,4.822,5.297,5.4858
2011-04-01,3.4422,1.285,3.719,3.372,3.724,4.803,5.314,5.5373
2011-04-04,3.4179,1.301,3.722,3.369,3.719,4.756,5.281,5.5373
2011-04-05,3.4795,1.28,3.767,3.392,3.74,4.759,5.295,5.5025
2011-04-06,3.5452,1.301,3.763,3.431,3.758,4.744,5.232,5.5443
2011-04-07,3.5451,1.316,3.752,3.422,3.733,4.744,5.242,5.5975
2011-04-08,3.5772,1.325,3.808,3.481,3.781,4.749,5.262,5.6443
2011-04-11,3.5847,1.329,3.809,3.491,3.778,4.712,5.241,5.6693
2011-04-12,3.4904,1.338,3.699,3.441,3.731,4.662,5.191,5.6193
2011-04-13,3.4585,1.324,3.708,3.435,3.736,4.69,5.232,5.6253
2011-04-14,3.4979,1.298,3.689,3.428,3.743,4.717,5.322,5.6043
2011-04-15,3.4079,1.291,3.6,3.378,3.704,4.732,5.417,5.5843
2011-04-18,3.3743,1.26,3.556,3.248,3.613,4.779,5.554,5.5943
2011-04-19,3.3631,1.245,3.552,3.275,3.605,4.756,5.507,5.4918
2011-04-20,3.4077,1.235,3.576,3.305,3.636,4.741,5.471,5.5175
2011-04-21,3.3963,1.235,3.527,3.26,3.607,4.757,5.472,5.5075
2011-04-22,3.3907,1.22,3.527,3.26,3.606,4.757,5.472,5.4703
2011-04-25,3.3627,1.234,3.527,3.26,3.606,4.757,5.472,5.4703
2011-04-26,3.307,1.224,3.485,3.248,3.61,4.808,5.505,5.4727
2011-04-27,3.3552,1.22,3.57,3.292,3.645,4.814,5.489,5.455
2011-04-28,3.3106,1.21,3.483,3.262,3.577,4.767,5.388,5.4468
2011-04-29,3.2863,1.21,3.43,3.239,3.562,4.732,5.292,5.4318
2011-05-02,3.2788,1.21,3.452,3.246,3.565,4.71,5.281,5.4418
2011-05-03,3.2473,1.209,3.421,3.279,3.594,4.697,5.26,5.4023
2011-05-04,3.2159,1.209,3.379,3.296,3.625,4.703,5.258,5.3993
2011-05-05,3.1499,1.209,3.386,3.215,3.55,4.678,5.237,5.3743
2011-05-06,3.1459,1.146,3.383,3.17,3.502,4.662,5.24,5.4293
2011-05-09,3.1604,1.15,3.364,3.103,3.459,4.672,5.323,5.4208
2011-05-10,3.2135,1.141,3.379,3.122,3.466,4.638,5.276,5.391
2011-05-11,3.1593,1.132,3.437,3.128,3.467,4.631,5.255,5.419
2011-05-12,3.2225,1.125,3.377,3.109,3.45,4.582,5.216,5.3575
2011-05-13,3.1709,1.126,3.365,3.077,3.419,4.607,5.259,5.3675
2011-05-16,3.147,1.14,3.383,3.116,3.458,4.586,5.249,5.3325
2011-05-17,3.1158,1.16,3.365,3.093,3.438,4.607,5.312,5.3875
2011-05-18,3.1801,1.16,3.386,3.12,3.471,4.63,5.359,5.3443
2011-05-19,3.1709,1.155,3.391,3.114,3.477,4.76,5.395,5.344
2011-05-20,3.1451,1.13,3.345,3.057,3.437,4.773,5.482,5.3168
2011-05-23,3.1286,1.135,3.304,3.014,3.402,4.806,5.513,5.2668
2011-05-24,3.1139,1.135,3.34,3.069,3.449,4.784,5.47,5.2843
2011-05-25,3.1304,1.125,3.325,3.048,3.414,4.729,5.355,5.2593
2011-05-26,3.0572,1.15,3.315,2.997,3.355,4.713,5.303,5.2843
2011-05-27,3.0735,1.13,3.294,2.985,3.343,4.749,5.322,5.2303
2011-05-30,3.0735,1.13,3.273,2.976,3.339,4.806,5.386,5.1943
2011-05-31,3.0607,1.165,3.292,3.02,3.388,4.781,5.364,5.2098
2011-06-01,2.9408,1.155,3.251,2.987,3.332,4.73,5.321,5.285
2011-06-02,3.0297,1.115,3.246,2.99,3.314,4.691,5.294,5.2368
2011-06-03,2.9859,1.14,3.286,3.058,3.356,4.629,5.229,5.2343
2011-06-06,2.995,1.155,3.27,3.025,3.337,4.662,5.266,5.214
2011-06-07,2.9949,1.165,3.334,3.094,3.408,4.734,5.33,5.2242
2011-06-08,2.9387,1.16,3.288,3.054,3.41,4.76,5.373,5.2575
2011-06-09,2.9967,1.135,3.272,3.03,3.388,4.808,5.44,5.2018
2011-06-10,2.9693,1.14,3.224,2.961,3.333,4.794,5.472,5.1775
2011-06-13,2.9838,1.145,3.253,2.958,3.33,4.794,5.492,5.1728
2011-06-14,3.0972,1.155,3.294,3.014,3.377,4.767,5.467,5.1943
2011-06-15,2.9692,1.165,3.236,2.953,3.342,4.835,5.548,5.2168
2011-06-16,2.9274,1.12,3.18,2.916,3.34,4.848,5.658,5.085
2011-06-17,2.9445,1.12,3.198,2.959,3.365,4.817,5.573,5.1228
2011-06-20,2.958,1.125,3.223,2.965,3.387,4.852,5.588,5.0708
2011-06-21,2.9835,1.13,3.222,2.979,3.399,4.813,5.49,5.094
2011-06-22,2.9825,1.12,3.194,2.942,3.358,4.886,5.533,5.1225
2011-06-23,2.9116,1.115,3.153,2.866,3.311,4.935,5.632,5.1053
2011-06-24,2.8636,1.11,3.132,2.834,3.295,4.977,5.681,5.0843
2011-06-27,2.9305,1.1,3.16,2.891,3.35,4.982,5.69,4.9993
2011-06-28,3.0308,1.09,3.262,2.933,3.361,4.984,5.633,5.0648
2011-06-29,3.1118,1.125,3.326,2.984,3.395,4.944,5.572,5.1875
2011-06-30,3.16,1.14,3.38,3.025,3.409,4.882,5.446,5.2075
2011-07-01,3.1823,1.14,3.386,3.034,3.412,4.867,5.381,5.2793
2011-07-04,3.1823,1.162,3.363,3.02,3.405,4.912,5.398,5.223
2011-07-05,3.121,1.172,3.322,3.008,3.4,4.996,5.482,5.2242
2011-07-06,3.108,1.182,3.246,2.933,3.486,5.121,5.605,5.212
2011-07-07,3.1377,1.178,3.298,2.967,3.487,5.175,5.622,5.2005
2011-07-08,3.0268,1.178,3.193,2.829,3.414,5.271,5.675,5.234
2011-07-11,2.9189,1.145,3.088,2.672,3.364,5.683,6.03,5.103
2011-07-12,2.877,1.11,3.091,2.711,3.42,5.567,5.854,4.9418
2011-07-13,2.8824,1.113,3.12,2.748,3.461,5.546,5.822,4.9633
2011-07-14,2.9534,1.078,3.107,2.738,3.429,5.631,5.862,4.9197
2011-07-15,2.9058,1.092,3.077,2.695,3.37,5.757,6.071,4.9105
2011-07-18,2.9276,1.092,3.026,2.648,3.355,5.97,6.316,4.8958
2011-07-19,2.8802,1.074,3.046,2.678,3.351,5.734,6.093,4.8918
2011-07-20,2.9275,1.085,3.074,2.767,3.387,5.604,5.98,4.9625
2011-07-21,3.0136,1.098,3.175,2.877,3.439,5.344,5.727,4.9575
2011-07-22,2.9621,1.104,3.107,2.828,3.414,5.406,5.769,4.9718
2011-07-25,3.0006,1.095,3.049,2.763,3.39,5.661,6.028,4.9168
2011-07-26,2.9529,1.098,3.071,2.74,3.338,5.628,5.962,4.9368
2011-07-27,2.9803,1.088,2.982,2.651,3.248,5.76,5.975,4.9753
2011-07-28,2.9454,1.078,2.965,2.633,3.275,5.827,6.034,4.9018
2011-07-29,2.7961,1.082,2.859,2.538,3.225,5.868,6.081,4.8027
2011-08-01,2.7437,1.079,2.804,2.453,3.152,6.004,6.2,4.8995
2011-08-02,2.6114,1.048,2.766,2.416,3.172,6.129,6.282,4.7353
2011-08-03,2.6202,1.018,2.74,2.403,3.201,6.085,6.255,4.6343
2011-08-04,2.4028,1.023,2.682,2.3,3.171,6.195,6.284,4.7293
2011-08-05,2.5585,1.007,2.687,2.346,3.153,6.086,6.04,4.4745
2011-08-08,2.3179,1.013,2.641,2.262,3.151,5.288,5.156,4.6175
2011-08-09,2.2488,1.052,2.713,2.365,3.228,5.178,5.082,4.5783
2011-08-10,2.1061,1.043,2.482,2.192,3.073,5.097,5.03,4.5868
2011-08-11,2.3399,1.042,2.545,2.316,3.05,5.045,5.006,4.4565
2011-08-12,2.2548,1.049,2.533,2.333,2.98,5.018,4.994,4.4318
2011-08-15,2.3053,1.045,2.535,2.325,2.961,5.033,4.995,4.5503
2011-08-16,2.2196,1.043,2.559,2.324,2.966,4.995,4.99,4.505
2011-08-17,2.1652,1.026,2.432,2.203,2.829,4.929,4.956,4.491
2011-08-18,2.0624,0.997,2.313,2.087,2.745,4.954,4.991,4.361
2011-08-19,2.0623,0.99,2.387,2.105,2.758,4.931,4.966,4.2298
2011-08-22,2.1058,0.987,2.385,2.102,2.766,4.974,4.964,4.2725
2011-08-23,2.153,1.014,2.394,2.128,2.791,5.006,4.991,4.393
2011-08-24,2.2994,1.017,2.476,2.208,2.849,5.047,5.01,4.3615
2011-08-25,2.2286,1.042,2.461,2.186,2.868,5.057,4.994,4.4315
2011-08-26,2.1899,1.043,2.499,2.157,2.823,5.072,5.001,4.395
2011-08-29,2.2561,1.02,2.483,2.227,2.894,5.088,5.017,4.4158
2011-08-30,2.1767,1.024,2.503,2.153,2.825,5.129,5.039,4.4185
2011-08-31,2.2234,1.034,2.603,2.219,2.915,5.136,5.044,4.3725
2011-09-01,2.1302,1.052,2.54,2.145,2.871,5.153,5.051,4.4258
2011-09-02,1.9857,1.031,2.441,2.008,2.759,5.284,5.123,4.4102
2011-09-05,1.9857,1.019,2.285,1.847,2.679,5.557,5.261,4.2413
2011-09-06,1.984,0.987,2.293,1.848,2.689,5.497,5.188,4.2113
2011-09-07,2.0429,1.009,2.341,1.907,2.668,5.257,5.004,4.3313
2011-09-08,1.9787,1.018,2.35,1.87,2.574,5.274,5.039,4.2565
2011-09-09,1.9183,1.005,2.26,1.772,2.484,5.408,5.156,4.2663
2011-09-12,1.9475,1.003,2.188,1.743,2.525,5.571,5.326,4.1115
2011-09-13,1.9906,1.007,2.411,1.794,2.589,5.711,5.383,4.1263
2011-09-14,1.9837,0.997,2.444,1.878,2.672,5.593,5.358,4.0893
2011-09-15,2.082,0.998,2.521,1.929,2.71,5.598,5.405,4.152
2011-09-16,2.0479,1.013,2.484,1.863,2.604,5.512,5.288,4.2433
2011-09-19,1.9506,1.013,2.394,1.8,2.617,5.588,5.349,4.1535
2011-09-20,1.9385,0.996,2.388,1.791,2.618,5.72,5.381,4.1503
2011-09-21,1.8576,0.992,2.413,1.772,2.616,5.758,5.407,4.204
2011-09-22,1.718,0.987,2.316,1.674,2.517,5.662,5.293,4.085
2011-09-23,1.8334,0.987,2.365,1.747,2.559,5.629,5.206,4.0148
2011-09-26,1.9002,0.981,2.43,1.829,2.595,5.646,5.162,4.0138
2011-09-27,1.9711,1.003,2.539,1.962,2.69,5.598,5.051,4.1998
2011-09-28,1.9797,1.004,2.554,2.011,2.724,5.644,5.081,4.289
2011-09-29,1.9962,1.0,2.53,2.007,2.695,5.576,5.096,4.2633
2011-09-30,1.9154,1.032,2.43,1.887,2.602,5.537,5.136,4.2198
2011-10-03,1.756,1.027,2.347,1.815,2.571,5.54,5.123,4.0995
2011-10-04,1.8207,0.992,2.248,1.726,2.555,5.494,5.098,3.9995
2011-10-05,1.8877,0.968,2.356,1.839,2.662,5.525,5.086,4.0705
2011-10-06,1.9872,0.978,2.394,1.942,2.748,5.453,5.011,4.167
2011-10-07,2.0764,0.988,2.47,2.002,2.754,5.521,4.988,4.2415
2011-10-10,2.0764,0.988,2.586,2.083,2.868,5.571,4.988,4.2978
2011-10-11,2.1496,0.999,2.587,2.089,2.893,5.625,5.026,4.3325
2011-10-12,2.2101,1.004,2.642,2.189,2.982,5.741,5.118,4.31
2011-10-13,2.1834,1.023,2.559,2.105,2.957,5.819,5.205,4.4585
2011-10-14,2.2477,1.019,2.607,2.199,3.131,5.797,5.244,4.435
2011-10-17,2.155,1.028,2.53,2.098,3.054,5.797,5.316,4.5778
2011-10-18,2.1763,1.026,2.434,2.013,3.136,5.867,5.356,4.4678
2011-10-19,2.1603,1.022,2.47,2.059,3.205,5.903,5.403,4.4775
2011-10-20,2.1888,1.01,2.454,1.998,3.152,6.018,5.531,4.4318
2011-10-21,2.2192,1.01,2.531,2.106,3.245,5.894,5.472,4.4915
2011-10-24,2.2336,1.026,2.557,2.121,3.317,5.949,5.546,4.5018
2011-10-25,2.1089,1.023,2.511,2.059,3.182,5.952,5.538,4.512
2011-10-26,2.2041,0.999,2.47,2.037,3.068,5.925,5.478,4.375
2011-10-27,2.3964,1.012,2.621,2.206,3.127,5.872,5.331,4.4943
2011-10-28,2.3167,1.044,2.607,2.177,3.159,6.023,5.509,4.5447
2011-10-31,2.1133,1.047,2.437,2.025,3.102,6.093,5.543,4.5093
2011-11-01,1.9889,1.028,2.211,1.768,2.954,6.19,5.522,4.4043
2011-11-02,1.9854,0.998,2.288,1.827,3.089,6.19,5.463,4.2505
2011-11-03,2.0734,0.998,2.378,1.913,3.12,6.194,5.5,4.2223
2011-11-04,2.0327,0.993,2.308,1.823,3.051,6.37,5.581,4.3138
2011-11-07,2.0371,0.996,2.264,1.78,3.084,6.656,5.633,4.2743
2011-11-08,2.0769,0.981,2.267,1.801,3.095,6.769,5.633,4.214
2011-11-09,1.9615,0.982,2.177,1.721,3.199,7.246,5.82,4.2235
2011-11-10,2.0564,0.973,2.229,1.778,3.466,6.886,5.864,4.0838
2011-11-11,2.0564,0.971,2.289,1.888,3.386,6.45,5.851,4.1355
2011-11-14,2.0556,0.979,2.18,1.781,3.424,6.701,6.106,4.212
2011-11-15,2.0451,0.973,2.151,1.782,3.683,7.068,6.336,4.082
2011-11-16,2.0,0.953,2.156,1.815,3.711,7.004,6.411,4.0063
2011-11-17,1.9602,0.962,2.229,1.892,3.636,6.839,6.487,4.0703
2011-11-18,2.0104,0.949,2.253,1.967,3.468,6.642,6.379,3.9925
2011-11-21,1.955,0.96,2.203,1.915,3.471,6.657,6.553,4.0123
2011-11-22,1.917,0.968,2.174,1.919,3.533,6.82,6.605,3.9518
2011-11-23,1.8835,0.968,2.143,2.148,3.692,6.969,6.646,3.9068
2011-11-24,1.8835,0.979,2.16,2.194,3.722,7.107,6.627,3.8668
2011-11-25,1.9635,1.028,2.29,2.263,3.691,7.261,6.699,3.8518
2011-11-28,1.9739,1.058,2.272,2.3,3.61,7.233,6.572,3.8813
2011-11-29,1.9913,1.062,2.233,2.331,3.521,7.237,6.393,3.9693
2011-11-30,2.068,1.072,2.312,2.28,3.391,7.021,6.231,3.9315
2011-12-01,2.0873,1.065,2.264,2.178,3.105,6.652,5.742,4.0065
2011-12-02,2.0331,1.07,2.29,2.135,3.268,6.682,5.68,4.0008
2011-12-05,2.0436,1.054,2.347,2.204,3.133,5.952,5.123,3.9613
2011-12-06,2.0891,1.045,2.249,2.188,3.24,5.87,5.21,3.9148
2011-12-07,2.0296,1.045,2.235,2.104,3.215,5.991,5.431,3.9533
2011-12-08,1.9704,1.043,2.119,2.016,3.357,6.458,5.814,3.9133
2011-12-09,2.0611,1.021,2.16,2.149,3.265,6.36,5.745,3.7933
2011-12-12,2.0121,1.024,2.102,2.021,3.282,6.562,5.789,3.8838
2011-12-13,1.9651,1.005,2.126,2.028,3.265,6.685,5.706,3.8083
2011-12-14,1.9027,1.0,2.093,1.921,3.191,6.796,5.689,3.8568
2011-12-15,1.9079,0.982,2.102,1.945,3.085,6.571,5.433,3.7273
2011-12-16,1.8474,0.986,2.043,1.852,3.057,6.592,5.305,3.785
2011-12-19,1.8096,0.973,2.063,1.882,3.097,6.838,5.173,3.7278
2011-12-20,1.9233,0.979,2.095,1.955,3.103,6.613,5.069,3.7278
2011-12-21,1.9668,0.98,2.072,1.934,3.125,6.788,5.275,3.7915
2011-12-22,1.9476,0.978,2.049,1.944,3.072,6.917,5.363,3.7468
2011-12-23,2.0244,0.978,2.038,1.96,3.012,6.981,5.377,3.7365
2011-12-26,2.0244,0.977,2.038,1.96,3.012,6.981,5.377,3.734
2011-12-27,2.0052,0.984,2.04,1.921,2.977,6.998,5.335,3.734
2011-12-28,1.9162,0.998,2.011,1.894,3.008,6.999,5.151,3.7713
2011-12-29,1.8988,1.0,1.963,1.842,3.09,7.025,5.171,3.7043
2011-12-30,1.8762,0.988,1.977,1.829,3.148,7.108,5.088,3.6685
2012-01-02,1.8762,0.988,1.978,1.905,3.236,6.916,5.107,3.669
2012-01-03,1.9474,0.977,2.033,1.899,3.288,6.92,5.286,3.8335
2012-01-04,1.9771,0.991,2.054,1.924,3.313,6.939,5.433,3.7995
2012-01-05,1.9946,0.985,2.052,1.863,3.35,7.09,5.637,3.7875
2012-01-06,1.9578,0.981,2.017,1.854,3.366,7.129,5.708,3.7978
2012-01-09,1.9578,0.981,2.005,1.845,3.314,7.159,5.562,3.7428
2012-01-10,1.9683,0.98,2.077,1.884,3.249,7.119,5.487,3.7875
2012-01-11,1.9037,0.969,2.005,1.814,3.159,6.985,5.325,3.7828
2012-01-12,1.9228,0.961,2.023,1.835,3.04,6.632,5.131,3.7478
2012-01-13,1.8636,0.947,1.969,1.765,3.075,6.641,5.224,3.8428
2012-01-16,1.8636,0.946,1.969,1.769,3.031,6.622,5.185,3.668
2012-01-17,1.8566,0.969,1.963,1.792,3.118,6.503,5.134,3.788
2012-01-18,1.8983,0.974,1.963,1.785,3.137,6.419,5.147,3.759
2012-01-19,1.977,0.973,2.052,1.86,3.138,6.371,5.226,3.744
2012-01-20,2.0246,0.987,2.114,1.929,3.089,6.247,5.487,3.824
2012-01-23,2.0511,1.001,2.163,1.971,3.143,6.107,5.461,3.864
2012-01-24,2.06,1.01,2.179,1.993,3.164,6.168,5.453,3.8878
2012-01-25,1.9946,1.006,2.157,1.945,3.15,6.231,5.395,3.9903
2012-01-26,1.9313,0.985,2.088,1.871,3.099,6.052,5.21,3.945
2012-01-27,1.891,0.97,2.068,1.858,3.034,5.898,4.965,3.814
2012-01-30,1.8439,0.963,1.989,1.793,3.029,6.094,5.042,3.7435
2012-01-31,1.7971,0.967,1.97,1.787,3.05,5.954,4.974,3.7178
2012-02-01,1.8265,0.96,2.052,1.852,3.036,5.68,4.85,3.6765
2012-02-02,1.8212,0.955,2.092,1.852,2.903,5.603,4.932,3.717
2012-02-03,1.9224,0.949,2.178,1.933,2.901,5.703,4.988,3.714
2012-02-06,1.9066,0.967,2.158,1.887,2.882,5.623,5.021,3.836
2012-02-07,1.9734,0.974,2.22,1.963,2.908,5.594,5.068,3.931
2012-02-08,1.9822,0.992,2.191,1.983,2.913,5.584,5.22,3.9805
2012-02-09,2.0364,0.988,2.225,2.016,2.892,5.482,5.178,4.0515
2012-02-10,1.9862,0.979,2.112,1.907,2.917,5.611,5.303,3.9985
2012-02-13,1.9741,0.982,2.127,1.931,2.911,5.603,5.262,4.026
2012-02-14,1.9361,0.966,2.092,1.902,2.95,5.572,5.284,3.9928
2012-02-15,1.9275,0.966,2.082,1.861,3.012,5.738,5.437,4.0253
2012-02-16,1.9827,0.948,2.137,1.896,2.989,5.655,5.328,3.9265
2012-02-17,2.0017,0.949,2.185,1.925,3.007,5.576,5.252,4.049
2012-02-20,2.0017,0.949,2.225,1.961,2.991,5.479,5.153,4.1235
2012-02-21,2.0591,0.962,2.218,1.982,2.996,5.437,5.106,4.094
2012-02-22,2.0034,0.978,2.107,1.892,2.966,5.514,5.089,4.094
2012-02-23,1.9965,0.978,2.099,1.883,2.959,5.544,5.07,4.039
2012-02-24,1.9757,0.978,2.069,1.884,2.953,5.483,5.045,4.0935
2012-02-27,1.9255,0.975,2.03,1.829,2.961,5.424,5.01,4.0335
2012-02-28,1.9428,0.967,2.016,1.801,2.934,5.352,5.037,3.9753
2012-02-29,1.9705,0.963,2.149,1.818,2.879,5.188,4.989,3.9715
2012-03-01,2.0261,0.956,2.216,1.865,2.771,4.951,4.868,4.039
2012-03-02,1.9739,0.969,2.138,1.8,2.786,4.907,4.906,4.1152
2012-03-05,2.0104,0.993,2.187,1.826,2.836,4.93,4.972,4.0352
2012-03-06,1.9427,0.993,2.124,1.777,2.871,5.069,5.145,4.007
2012-03-07,1.9756,0.983,2.138,1.772,2.833,4.939,5.088,3.959
2012-03-08,2.0121,0.993,2.146,1.798,2.896,4.806,5.059,3.9485
2012-03-09,2.0279,0.991,2.154,1.794,2.893,4.836,4.999,4.0115
2012-03-12,2.0331,0.98,2.094,1.757,2.911,4.914,5.058,3.916
2012-03-13,2.1263,0.977,2.172,1.821,2.903,4.897,5.133,3.9248
2012-03-14,2.2686,1.013,2.341,1.954,2.933,4.855,5.172,4.064
2012-03-15,2.2794,1.052,2.371,1.968,2.969,4.861,5.184,4.256
2012-03-16,2.294,1.048,2.445,2.05,3.018,4.861,5.195,4.2335
2012-03-19,2.3772,1.036,2.43,2.056,3.003,4.838,5.199,4.2635
2012-03-20,2.3591,1.036,2.423,2.041,3.017,4.902,5.231,4.266
2012-03-21,2.296,1.024,2.372,1.979,3.005,4.999,5.406,4.2815
2012-03-22,2.2781,1.027,2.327,1.912,2.994,5.096,5.494,4.2165
2012-03-23,2.2317,1.028,2.274,1.865,2.947,5.044,5.372,4.1835
2012-03-26,2.2479,1.015,2.334,1.954,2.946,5.031,5.329,4.1785
2012-03-27,2.1836,1.016,2.262,1.889,2.958,5.119,5.349,4.1715
2012-03-28,2.1997,1.004,2.212,1.832,2.967,5.105,5.327,4.0878
2012-03-29,2.1587,0.995,2.2,1.808,2.952,5.21,5.461,3.999
2012-03-30,2.2088,0.989,2.204,1.794,2.89,5.116,5.353,3.9823
2012-04-02,2.182,1.013,2.225,1.804,2.894,5.105,5.349,4.1278
2012-04-03,2.2988,1.032,2.172,1.804,2.916,5.155,5.449,4.0578
2012-04-04,2.2233,1.028,2.212,1.788,2.953,5.368,5.692,4.0803
2012-04-05,2.1805,1.004,2.157,1.735,2.989,5.453,5.757,4.0603
2012-04-06,2.0545,0.994,2.157,1.735,2.989,5.453,5.757,4.0315
2012-04-09,2.0474,0.969,2.157,1.735,2.989,5.453,5.757,4.0313
2012-04-10,1.9823,0.955,2.01,1.643,3.001,5.685,5.978,3.8878
2012-04-11,2.0351,0.951,2.052,1.781,2.954,5.534,5.877,3.8883
2012-04-12,2.051,0.951,2.085,1.788,2.889,5.406,5.82,3.9053
2012-04-13,1.9823,0.947,2.041,1.735,2.95,5.523,5.977,3.8308
2012-04-16,1.9805,0.94,2.031,1.717,3.019,5.592,6.07,3.8038
2012-04-17,1.9981,0.933,2.097,1.75,3.013,5.475,5.887,3.8028
2012-04-18,1.9753,0.941,2.133,1.72,3.013,5.482,5.822,3.8658
2012-04-19,1.9665,0.94,2.153,1.692,3.097,5.614,5.925,3.8223
2012-04-20,1.9629,0.939,2.176,1.709,3.091,5.663,5.963,3.8358
2012-04-23,1.9349,0.92,2.124,1.644,3.099,5.73,6.005,3.7628
2012-04-24,1.9735,0.933,2.097,1.698,3.031,5.675,5.864,3.6728
2012-04-25,1.984,0.923,2.142,1.741,2.996,5.639,5.799,3.7325
2012-04-26,1.9383,0.917,2.099,1.683,2.978,5.642,5.833,3.7308
2012-04-27,1.9348,0.897,2.125,1.699,3.0,5.64,5.881,3.6518
2012-04-30,1.9137,0.897,2.113,1.663,2.961,5.512,5.768,3.6743
2012-05-01,1.9435,0.881,2.099,1.663,2.974,5.539,5.772,3.5405
2012-05-02,1.9277,0.892,2.048,1.609,2.967,5.546,5.853,3.6415
2012-05-03,1.9312,0.892,2.039,1.612,2.91,5.5,5.785,3.5715
2012-05-04,1.8786,0.892,1.996,1.584,2.826,5.434,5.734,3.5603
2012-05-07,1.8716,0.861,2.005,1.605,2.795,5.404,5.758,3.4058
2012-05-08,1.8402,0.872,1.937,1.542,2.813,5.454,5.843,3.4158
2012-05-09,1.8227,0.854,1.904,1.518,2.857,5.597,6.078,3.3658
2012-05-10,1.867,0.868,1.987,1.539,2.819,5.518,5.992,3.3458
2012-05-11,1.8376,0.853,1.963,1.516,2.804,5.509,6.007,3.2875
2012-05-14,1.7637,0.85,1.877,1.457,2.829,5.697,6.227,3.283
2012-05-15,1.7671,0.854,1.895,1.47,2.899,5.864,6.347,3.258
2012-05-16,1.7603,0.834,1.878,1.47,2.887,5.829,6.292,3.2275
2012-05-17,1.6971,0.85,1.838,1.413,2.872,5.822,6.314,3.262
2012-05-18,1.7226,0.83,1.825,1.426,2.852,5.81,6.27,3.0815
2012-05-21,1.7414,0.859,1.844,1.431,2.85,5.79,6.276,3.1525
2012-05-22,1.7688,0.863,1.871,1.468,2.788,5.578,6.078,3.213
2012-05-23,1.7346,0.872,1.772,1.384,2.741,5.667,6.204,3.1635
2012-05-24,1.7774,0.871,1.777,1.391,2.539,5.569,6.164,3.135
2012-05-25,1.738,0.888,1.754,1.37,2.518,5.666,6.311,3.166
2012-05-28,1.738,0.883,1.762,1.364,2.537,5.741,6.479,3.1815
2012-05-29,1.7448,0.852,1.779,1.359,2.516,5.766,6.446,3.137
2012-05-30,1.622,0.85,1.648,1.269,2.481,5.934,6.656,3.0605
2012-05-31,1.5578,0.824,1.571,1.2,2.356,5.895,6.561,2.9213
2012-06-01,1.452,0.816,1.534,1.172,2.256,5.739,6.53,2.841
2012-06-04,1.5239,0.822,1.524,1.208,2.29,5.662,6.41,2.7703
2012-06-05,1.5744,0.862,1.525,1.208,2.324,5.644,6.308,2.9395
2012-06-06,1.6592,0.848,1.663,1.335,2.408,5.667,6.282,3.0015
2012-06-07,1.6388,0.882,1.716,1.375,2.567,5.709,6.088,3.0763
2012-06-08,1.6353,0.856,1.627,1.329,2.513,5.772,6.216,3.036
2012-06-11,1.586,0.872,1.652,1.305,2.559,6.032,6.508,3.0578
2012-06-12,1.6642,0.85,1.696,1.424,2.729,6.171,6.705,2.9813
2012-06-13,1.5927,0.859,1.75,1.488,2.734,6.216,6.754,3.0568
2012-06-14,1.642,0.862,1.729,1.487,2.675,6.131,6.916,2.9253
2012-06-15,1.5773,0.853,1.666,1.437,2.585,5.926,6.874,2.989
2012-06-18,1.5738,0.84,1.662,1.412,2.613,6.082,7.158,3.079
2012-06-19,1.6197,0.82,1.718,1.531,2.654,5.916,7.042,2.9798
2012-06-20,1.6572,0.825,1.771,1.615,2.683,5.767,6.744,3.1277
2012-06-21,1.6162,0.822,1.699,1.534,2.642,5.748,6.609,3.1375
2012-06-22,1.6742,0.83,1.724,1.581,2.602,5.799,6.38,3.0515
2012-06-25,1.6024,0.831,1.672,1.463,2.57,6.01,6.637,3.0065
2012-06-26,1.6262,0.824,1.685,1.505,2.631,6.181,6.872,2.9322
2012-06-27,1.6177,0.809,1.688,1.567,2.656,6.204,6.925,2.9735
2012-06-28,1.5768,0.815,1.642,1.513,2.671,6.195,6.941,2.9735
2012-06-29,1.6449,0.837,1.734,1.583,2.686,5.819,6.329,3.0378
2012-07-02,1.5885,0.829,1.699,1.519,2.591,5.735,6.375,3.1835
2012-07-03,1.6294,0.818,1.758,1.533,2.541,5.628,6.246,3.158
2012-07-04,1.6294,0.818,1.723,1.454,2.541,5.768,6.41,3.203
2012-07-05,1.5969,0.811,1.655,1.382,2.498,5.979,6.776,3.088
2012-07-06,1.5491,0.8,1.593,1.327,2.375,6.026,6.954,3.093
2012-07-09,1.5117,0.796,1.582,1.321,2.426,6.105,7.062,3.001
2012-07-10,1.5015,0.797,1.586,1.321,2.393,5.954,6.811,2.9935
2012-07-11,1.5167,0.79,1.565,1.271,2.321,5.813,6.577,2.9933
2012-07-12,1.4743,0.774,1.532,1.249,2.242,5.912,6.635,2.8833
2012-07-13,1.4876,0.778,1.549,1.26,2.228,6.058,6.663,2.8893
2012-07-16,1.4724,0.778,1.497,1.232,2.147,6.109,6.817,2.9143
2012-07-17,1.5078,0.773,1.504,1.232,2.088,6.045,6.826,2.9288
2012-07-18,1.4942,0.759,1.475,1.199,2.098,6.074,6.962,2.929
2012-07-19,1.5077,0.742,1.524,1.217,2.062,6.001,7.011,2.9373
2012-07-20,1.4567,0.744,1.485,1.167,2.073,6.166,7.267,2.9263
2012-07-23,1.4263,0.728,1.472,1.175,2.139,6.337,7.498,2.8015
2012-07-24,1.3875,0.736,1.467,1.236,2.264,6.597,7.621,2.831
2012-07-25,1.3975,0.727,1.459,1.262,2.281,6.445,7.376,2.796
2012-07-26,1.4378,0.738,1.481,1.321,2.222,6.056,6.928,2.834
2012-07-27,1.5463,0.747,1.537,1.398,2.223,5.956,6.744,3.0133
2012-07-30,1.5019,0.779,1.542,1.375,2.173,6.027,6.613,3.124
2012-07-31,1.4679,0.794,1.47,1.285,2.063,6.083,6.749,3.1053
2012-08-01,1.524,0.78,1.516,1.368,2.097,5.931,6.732,3.119
2012-08-02,1.4779,0.777,1.439,1.227,2.054,6.327,7.165,3.1518
2012-08-03,1.5631,0.743,1.56,1.424,2.11,6.048,6.848,3.1155
2012-08-06,1.5664,0.742,1.496,1.396,2.104,6.004,6.738,3.2553
2012-08-07,1.6283,0.774,1.6,1.485,2.15,5.971,6.86,3.259
2012-08-08,1.6491,0.803,1.567,1.421,2.105,5.897,6.867,3.3203
2012-08-09,1.6881,0.805,1.62,1.434,2.108,5.859,6.846,3.3293
2012-08-10,1.6573,0.802,1.542,1.385,2.076,5.902,6.907,3.2487
2012-08-13,1.6642,0.793,1.564,1.402,2.093,5.901,6.842,3.2633
2012-08-14,1.7378,0.796,1.603,1.468,2.108,5.831,6.732,3.304
2012-08-15,1.8155,0.82,1.684,1.563,2.159,5.768,6.642,3.3615
2012-08-16,1.8346,0.863,1.694,1.526,2.147,5.793,6.524,3.4785
2012-08-17,1.8105,0.837,1.672,1.496,2.134,5.786,6.443,3.464
2012-08-20,1.8053,0.844,1.664,1.509,2.143,5.773,6.282,3.4505
2012-08-21,1.7984,0.827,1.708,1.557,2.167,5.659,6.211,3.45
2012-08-22,1.6916,0.826,1.633,1.461,2.136,5.66,6.274,3.38
2012-08-23,1.6779,0.829,1.569,1.377,2.073,5.699,6.346,3.29
2012-08-24,1.6865,0.809,1.528,1.355,2.055,5.714,6.419,3.2385
2012-08-27,1.6506,0.81,1.539,1.352,2.066,5.708,6.384,3.1985
2012-08-28,1.6335,0.812,1.489,1.341,2.074,5.83,6.478,3.1935
2012-08-29,1.6506,0.8,1.504,1.38,2.138,5.769,6.463,3.1898
2012-08-30,1.6233,0.807,1.452,1.322,2.15,5.787,6.594,3.1215
2012-08-31,1.5484,0.797,1.464,1.334,2.158,5.847,6.857,3.0915
2012-09-03,1.5484,0.784,1.65,1.378,2.204,5.771,6.853,3.066
2012-09-04,1.5722,0.791,1.627,1.391,2.217,5.668,6.57,3.0898
2012-09-05,1.596,0.777,1.644,1.479,2.237,5.514,6.409,3.0378
2012-09-06,1.6781,0.81,1.714,1.559,2.255,5.261,6.03,3.0978
2012-09-07,1.6678,0.822,1.684,1.519,2.207,5.058,5.63,3.2023
2012-09-10,1.6541,0.801,1.732,1.547,2.249,5.183,5.704,3.1273
2012-09-11,1.7005,0.8,1.738,1.543,2.168,5.079,5.694,3.1185
2012-09-12,1.7576,0.813,1.831,1.617,2.208,5.029,5.627,3.1723
2012-09-13,1.723,0.827,1.815,1.554,2.17,5.009,5.63,3.2225
2012-09-14,1.866,0.804,1.965,1.706,2.262,5.017,5.785,3.2793
2012-09-17,1.8415,0.804,1.925,1.672,2.286,5.105,5.974,3.425
2012-09-18,1.8083,0.815,1.878,1.637,2.263,5.052,5.896,3.326
2012-09-19,1.7718,0.819,1.844,1.622,2.272,4.921,5.693,3.3485
2012-09-20,1.764,0.8,1.797,1.574,2.275,4.989,5.772,3.2323
2012-09-21,1.7528,0.802,1.834,1.596,2.275,5.05,5.761,3.291
2012-09-24,1.7094,0.791,1.814,1.559,2.264,5.05,5.686,3.2295
2012-09-25,1.6662,0.795,1.819,1.584,2.281,5.1,5.747,3.159
2012-09-26,1.6095,0.784,1.693,1.456,2.206,5.21,6.064,3.0648
2012-09-27,1.6542,0.779,1.731,1.457,2.207,5.118,5.945,3.0245
2012-09-28,1.6335,0.778,1.727,1.442,2.178,5.092,5.938,2.9858
2012-10-01,1.6249,0.765,1.737,1.45,2.193,5.077,5.88,2.9827
2012-10-02,1.6198,0.763,1.709,1.456,2.194,5.029,5.748,2.9775
2012-10-03,1.6146,0.767,1.687,1.446,2.192,5.042,5.811,2.9168
2012-10-04,1.6732,0.773,1.703,1.446,2.171,5.134,5.903,2.9825
2012-10-05,1.7428,0.776,1.77,1.52,2.285,5.054,5.686,3.044
2012-10-08,1.7428,0.776,1.731,1.475,2.274,5.078,5.714,3.0773
2012-10-09,1.7132,0.773,1.727,1.474,2.235,5.108,5.82,3.0698
2012-10-10,1.6742,0.772,1.766,1.489,2.197,5.11,5.804,3.0825
2012-10-11,1.6699,0.757,1.783,1.502,2.189,5.023,5.762,3.0315
2012-10-12,1.656,0.766,1.721,1.445,2.153,4.984,5.625,3.035
2012-10-15,1.663,0.758,1.759,1.472,2.147,4.982,5.817,3.021
2012-10-16,1.7186,0.763,1.82,1.543,2.211,4.937,5.805,3.0258
2012-10-17,1.8185,0.771,1.916,1.634,2.253,4.768,5.467,3.12
2012-10-18,1.8344,0.794,1.913,1.633,2.244,4.765,5.344,3.229
2012-10-19,1.7633,0.785,1.88,1.594,2.212,4.773,5.372,3.1803
2012-10-22,1.8134,0.781,1.903,1.618,2.233,4.766,5.495,3.144
2012-10-23,1.7572,0.785,1.825,1.572,2.238,4.868,5.624,3.1805
2012-10-24,1.7889,0.777,1.85,1.556,2.245,4.841,5.568,3.208
2012-10-25,1.8233,0.781,1.914,1.583,2.265,4.863,5.616,3.2538
2012-10-26,1.7451,0.767,1.868,1.537,2.252,4.903,5.592,3.2398
2012-10-29,1.7189,0.775,1.799,1.458,2.238,5.015,5.656,3.1905
2012-10-30,1.7189,0.761,1.827,1.478,2.239,4.994,5.67,3.1355
2012-10-31,1.6901,0.775,1.852,1.462,2.243,4.96,5.616,3.1255
2012-11-01,1.7242,0.783,1.867,1.455,2.227,4.93,5.591,3.1197
2012-11-02,1.7147,0.784,1.855,1.45,2.223,4.943,5.661,3.176
2012-11-05,1.6841,0.774,1.816,1.428,2.21,4.995,5.754,3.1545
2012-11-06,1.7507,0.764,1.816,1.439,2.202,4.896,5.66,3.1755
2012-11-07,1.6466,0.764,1.759,1.38,2.18,4.908,5.693,3.1853
2012-11-08,1.6148,0.75,1.773,1.364,2.16,5.019,5.851,3.1505
2012-11-09,1.6063,0.738,1.735,1.348,2.129,4.974,5.824,3.1053
2012-11-12,1.6063,0.735,1.718,1.344,2.103,5.026,5.889,3.074
2012-11-13,1.5945,0.74,1.71,1.338,2.07,4.964,5.85,3.055
2012-11-14,1.5911,0.748,1.752,1.341,2.099,4.96,5.935,3.0555
2012-11-15,1.5928,0.739,1.733,1.338,2.081,4.893,5.901,3.0175
2012-11-16,1.58,0.73,1.732,1.331,2.073,4.868,5.872,3.03
2012-11-19,1.6131,0.736,1.773,1.355,2.073,4.903,5.898,3.0868
2012-11-20,1.6659,0.736,1.846,1.417,2.151,4.847,5.788,3.1573
2012-11-21,1.6796,0.74,1.853,1.431,2.178,4.842,5.709,3.1923
2012-11-22,1.6796,0.741,1.846,1.431,2.181,4.784,5.658,3.2453
2012-11-23,1.6899,0.741,1.843,1.436,2.16,4.751,5.619,3.295
2012-11-26,1.6625,0.731,1.838,1.414,2.141,4.754,5.62,3.2613
2012-11-27,1.6369,0.731,1.853,1.44,2.124,4.726,5.52,3.2863
2012-11-28,1.6284,0.721,1.768,1.368,2.05,4.591,5.328,3.21
2012-11-29,1.6147,0.716,1.755,1.366,2.042,4.56,5.339,3.215
2012-11-30,1.6156,0.716,1.775,1.386,2.05,4.498,5.317,3.1573
2012-12-03,1.6207,0.71,1.821,1.409,2.052,4.45,5.253,3.1433
2012-12-04,1.6028,0.707,1.81,1.394,2.033,4.425,5.251,3.1782
2012-12-05,1.5875,0.696,1.777,1.348,2.0,4.448,5.404,3.1775
2012-12-06,1.5857,0.695,1.742,1.296,1.991,4.574,5.474,3.1197
2012-12-07,1.6215,0.705,1.743,1.295,1.957,4.525,5.456,3.1208
2012-12-10,1.6164,0.699,1.773,1.306,1.956,4.817,5.563,3.1483
2012-12-11,1.6541,0.706,1.8,1.319,1.958,4.718,5.459,3.1268
2012-12-12,1.698,0.702,1.822,1.335,1.971,4.641,5.365,3.2205
2012-12-13,1.7299,0.73,1.86,1.353,1.986,4.642,5.404,3.3045
2012-12-14,1.7015,0.737,1.862,1.348,1.975,4.603,5.391,3.3765
2012-12-17,1.7717,0.739,1.89,1.372,2.01,4.566,5.431,3.3515
2012-12-18,1.817,0.757,1.953,1.41,2.041,4.451,5.303,3.379
2012-12-19,1.8014,0.772,1.957,1.43,2.013,4.394,5.261,3.389
2012-12-20,1.7962,0.772,1.948,1.416,1.994,4.423,5.23,3.3555
2012-12-21,1.7623,0.766,1.885,1.376,1.982,4.472,5.251,3.3265
2012-12-24,1.7737,0.766,1.889,1.376,1.987,4.464,5.257,3.345
2012-12-25,1.7737,0.774,1.889,1.376,1.987,4.464,5.257,3.3425
2012-12-26,1.7511,0.794,1.889,1.376,1.987,4.464,5.257,3.3425
2012-12-27,1.7364,0.798,1.809,1.315,1.967,4.528,5.283,3.3525
2012-12-28,1.7009,0.791,1.822,1.31,1.995,4.497,5.255,3.3225
2012-12-31,1.7574,0.791,1.828,1.316,1.997,4.497,5.265,3.2725
2013-01-01,1.7574,0.791,1.828,1.316,1.997,4.497,5.265,3.2725
2013-01-02,1.8371,0.791,1.988,1.442,2.077,4.276,5.037,3.4035
2013-01-03,1.9121,0.791,2.073,1.479,2.117,4.232,5.023,3.3575
2013-01-04,1.8991,0.826,2.119,1.536,2.142,4.265,5.057,3.4415
2013-01-07,1.8974,0.83,2.085,1.515,2.11,4.348,5.112,3.4298
2013-01-08,1.8683,0.836,2.028,1.491,2.108,4.286,5.071,3.421
2013-01-09,1.8568,0.831,2.024,1.477,2.104,4.273,5.134,3.3995
2013-01-10,1.8958,0.827,2.098,1.56,2.146,4.158,4.904,3.4435
2013-01-11,1.8677,0.82,2.082,1.583,2.154,4.131,4.888,3.4683
2013-01-14,1.8448,0.82,2.036,1.551,2.147,4.194,5.029,3.4583
2013-01-15,1.836,0.781,2.023,1.509,2.126,4.217,5.018,3.4408
2013-01-16,1.8185,0.756,1.998,1.565,2.129,4.181,5.025,3.3565
2013-01-17,1.8794,0.744,2.041,1.607,2.183,4.198,5.131,3.2915
2013-01-18,1.8416,0.754,2.011,1.555,2.13,4.167,5.079,3.413
2013-01-21,1.8416,0.738,2.055,1.593,2.183,4.226,5.163,3.3615
2013-01-22,1.8417,0.73,2.019,1.572,2.151,4.201,5.115,3.3623
2013-01-23,1.8241,0.735,1.99,1.544,2.13,4.195,5.067,3.2935
2013-01-24,1.8498,0.726,2.01,1.572,2.166,4.162,5.011,3.2765
2013-01-25,1.9487,0.72,2.056,1.636,2.224,4.129,5.173,3.3165
2013-01-28,1.9613,0.75,2.104,1.693,2.274,4.211,5.248,3.4153
2013-01-29,1.9991,0.765,2.087,1.69,2.265,4.172,5.16,3.502
2013-01-30,1.992,0.774,2.114,1.711,2.303,4.317,5.225,3.504
2013-01-31,1.9849,0.754,2.097,1.68,2.257,4.311,5.183,3.448
2013-02-01,2.0149,0.771,2.097,1.672,2.25,4.329,5.208,3.524
2013-02-04,1.9548,0.807,2.078,1.611,2.244,4.468,5.438,3.592
2013-02-05,1.998,0.793,2.12,1.651,2.275,4.458,5.378,3.493
2013-02-06,1.9603,0.778,2.096,1.63,2.28,4.584,5.448,3.524
2013-02-07,1.9568,0.767,2.104,1.604,2.244,4.584,5.418,3.4675
2013-02-08,1.9499,0.765,2.095,1.609,2.236,4.553,5.362,3.4745
2013-02-11,1.9635,0.765,2.111,1.609,2.245,4.62,5.425,3.4453
2013-02-12,1.977,0.753,2.103,1.629,2.264,4.507,5.323,3.4545
2013-02-13,2.0277,0.745,2.209,1.671,2.285,4.397,5.202,3.5065
2013-02-14,1.9974,0.768,2.195,1.643,2.266,4.406,5.195,3.5915
2013-02-15,2.0017,0.753,2.193,1.652,2.278,4.382,5.193,3.5223
2013-02-18,2.0017,0.747,2.195,1.629,2.265,4.404,5.232,3.5615
2013-02-19,2.0278,0.742,2.182,1.622,2.26,4.397,5.201,3.5815
2013-02-20,2.0087,0.745,2.193,1.654,2.28,4.428,5.183,3.5865
2013-02-21,1.9766,0.742,2.101,1.573,2.231,4.495,5.197,3.5373
2013-02-22,1.9619,0.73,2.109,1.568,2.228,4.446,5.145,3.5365
2013-02-25,1.8637,0.708,2.081,1.556,2.232,4.49,5.168,3.5053
2013-02-26,1.8808,0.69,1.967,1.453,2.171,4.897,5.365,3.3815
2013-02-27,1.9014,0.67,1.958,1.451,2.166,4.811,5.232,3.3363
2013-02-28,1.8756,0.663,1.973,1.454,2.169,4.734,5.097,3.3478
2013-03-01,1.8412,0.66,1.871,1.41,2.113,4.79,5.096,3.3375
2013-03-04,1.8755,0.616,1.907,1.418,2.098,4.88,5.093,3.282
2013-03-05,1.8978,0.632,1.962,1.45,2.124,4.738,5.04,3.3375
2013-03-06,1.9375,0.648,1.955,1.457,2.125,4.658,5.005,3.4045
2013-03-07,1.9965,0.678,2.011,1.492,2.123,4.596,4.892,3.4418
2013-03-08,2.0427,0.648,2.061,1.525,2.126,4.599,4.762,3.547
2013-03-11,2.0576,0.66,2.016,1.516,2.127,4.639,4.76,3.579
2013-03-12,2.0156,0.642,1.964,1.481,2.104,4.607,4.726,3.6165
2013-03-13,2.0209,0.633,1.966,1.481,2.097,4.667,4.766,3.5753
2013-03-14,2.0296,0.628,1.963,1.473,2.092,4.647,4.86,3.6835
2013-03-15,1.9895,0.625,1.936,1.455,2.067,4.599,4.92,3.6305
2013-03-18,1.9546,0.596,1.895,1.407,2.033,4.634,4.962,3.4755
2013-03-19,1.9017,0.6,1.83,1.346,2.009,4.725,5.04,3.5503
2013-03-20,1.9581,0.6,1.875,1.387,2.034,4.636,4.975,3.5128
2013-03-21,1.9112,0.582,1.859,1.365,2.006,4.588,4.881,3.5833
2013-03-22,1.925,0.566,1.852,1.379,2.019,4.515,4.855,3.5558
2013-03-25,1.9198,0.563,1.803,1.327,2.017,4.612,4.959,3.6338
2013-03-26,1.9094,0.543,1.788,1.345,2.054,4.571,4.933,3.5788
2013-03-27,1.8454,0.522,1.722,1.27,2.012,4.779,5.077,3.5185
2013-03-28,1.8487,0.513,1.768,1.289,2.025,4.763,5.06,3.418
2013-03-29,1.8486,0.551,1.768,1.289,2.025,4.763,5.06,3.4098
2013-04-01,1.8314,0.571,1.768,1.289,2.025,4.763,5.06,3.41
2013-04-02,1.859,0.564,1.777,1.307,2.014,4.621,4.942,3.3993
2013-04-03,1.8106,0.56,1.755,1.288,1.988,4.589,4.911,3.4335
2013-04-04,1.7625,0.446,1.713,1.239,1.87,4.556,4.91,3.402
2013-04-05,1.7128,0.534,1.631,1.212,1.754,4.378,4.749,3.3128
2013-04-08,1.746,0.52,1.697,1.237,1.751,4.341,4.747,3.219
2013-04-09,1.7502,0.528,1.738,1.26,1.798,4.352,4.721,3.2418
2013-04-10,1.8034,0.584,1.783,1.304,1.869,4.312,4.639,3.285
2013-04-11,1.7887,0.547,1.767,1.301,1.847,4.332,4.669,3.3175
2013-04-12,1.7208,0.614,1.727,1.26,1.808,4.325,4.69,3.3045
2013-04-15,1.6798,0.649,1.704,1.245,1.801,4.339,4.73,3.249
2013-04-16,1.7224,0.587,1.731,1.277,1.821,4.312,4.73,3.256
2013-04-17,1.695,0.602,1.683,1.228,1.787,4.248,4.681,3.262
2013-04-18,1.6847,0.587,1.658,1.226,1.785,4.258,4.667,3.194
2013-04-19,1.7049,0.581,1.662,1.251,1.794,4.223,4.62,3.204
2013-04-22,1.6929,0.61,1.652,1.232,1.749,4.058,4.489,3.2175
2013-04-23,1.7065,0.586,1.715,1.26,1.747,3.944,4.28,3.1408
2013-04-24,1.7047,0.591,1.689,1.238,1.749,4.007,4.286,3.1503
2013-04-25,1.708,0.583,1.731,1.238,1.756,4.058,4.286,3.1868
2013-04-26,1.6633,0.591,1.679,1.206,1.741,4.059,4.28,3.1565
2013-04-29,1.6701,0.591,1.657,1.204,1.745,3.912,4.155,3.1065
2013-04-30,1.6717,0.609,1.69,1.216,1.711,3.891,4.135,3.0925
2013-05-01,1.629,0.591,1.652,1.208,1.711,3.906,4.144,3.0983
2013-05-02,1.6255,0.565,1.623,1.165,1.662,3.763,4.041,3.0328
2013-05-03,1.7382,0.565,1.725,1.24,1.822,3.822,4.039,3.0378
2013-05-06,1.7588,0.565,1.718,1.243,1.804,3.919,4.106,3.1203
2013-05-07,1.7778,0.594,1.788,1.298,1.843,3.866,4.107,3.0668
2013-05-08,1.7665,0.597,1.771,1.269,1.818,3.835,4.096,3.1223
2013-05-09,1.8109,0.6,1.784,1.27,1.845,3.883,4.186,3.155
2013-05-10,1.8973,0.696,1.89,1.38,1.956,3.893,4.202,3.2345
2013-05-13,1.9199,0.754,1.88,1.356,1.941,3.979,4.288,3.2453
2013-05-14,1.974,0.862,1.899,1.374,1.948,4.014,4.343,3.2403
2013-05-15,1.9347,0.855,1.923,1.382,1.94,4.01,4.341,3.272
2013-05-16,1.8809,0.82,1.861,1.331,1.878,3.976,4.307,3.243
2013-05-17,1.9506,0.797,1.884,1.326,1.86,3.895,4.206,3.167
2013-05-20,1.9647,0.849,1.917,1.376,1.88,3.897,4.203,3.2247
2013-05-21,1.9263,0.879,1.91,1.391,1.903,3.924,4.187,3.259
2013-05-22,2.0395,0.891,1.903,1.427,1.896,3.912,4.18,3.2673
2013-05-23,2.0157,0.863,1.912,1.444,1.937,4.03,4.293,3.296
2013-05-24,2.0081,0.834,1.897,1.431,1.943,4.138,4.418,3.3103
2013-05-27,2.0081,0.83,1.911,1.457,1.97,4.05,4.333,3.274
2013-05-28,2.1652,0.906,1.963,1.498,2.008,4.034,4.293,3.3283
2013-05-29,2.1153,0.933,2.0,1.533,2.063,4.188,4.416,3.4725
2013-05-30,2.111,0.904,1.967,1.517,2.102,4.115,4.366,3.397
2013-05-31,2.1282,0.857,2.002,1.505,2.074,4.157,4.44,3.358
2013-06-03,2.1193,0.817,1.992,1.522,2.09,4.159,4.473,3.4198
2013-06-04,2.1462,0.88,2.036,1.543,2.081,4.098,4.424,3.44
2013-06-05,2.0892,0.847,2.009,1.511,2.059,4.137,4.443,3.3878
2013-06-06,2.0769,0.833,2.024,1.521,2.113,4.364,4.691,3.34
2013-06-07,2.1718,0.856,2.069,1.546,2.129,4.191,4.548,3.2553
2013-06-10,2.2097,0.842,2.143,1.601,2.185,4.293,4.596,3.2975
2013-06-11,2.1846,0.889,2.174,1.6,2.213,4.367,4.66,3.407
2013-06-12,2.228,0.884,2.144,1.585,2.196,4.385,4.627,3.4555
2013-06-13,2.1489,0.86,2.122,1.561,2.163,4.36,4.618,3.3905
2013-06-14,2.1295,0.824,2.061,1.514,2.089,4.279,4.585,3.362
2013-06-17,2.1817,0.838,2.077,1.521,2.088,4.266,4.583,3.394
2013-06-18,2.1854,0.836,2.138,1.57,2.129,4.288,4.552,3.3938
2013-06-19,2.3527,0.816,2.132,1.558,2.109,4.257,4.532,3.426
2013-06-20,2.4144,0.856,2.294,1.665,2.266,4.545,4.854,3.6333
2013-06-21,2.531,0.876,2.404,1.725,2.32,4.619,4.912,3.7545
2013-06-24,2.5368,0.879,2.534,1.811,2.453,4.832,5.116,4.0343
2013-06-25,2.6082,0.853,2.538,1.804,2.456,4.856,5.073,3.7993
2013-06-26,2.5353,0.865,2.457,1.767,2.374,4.701,4.845,3.8383
2013-06-27,2.4721,0.838,2.428,1.725,2.326,4.566,4.78,3.8173
2013-06-28,2.4857,0.853,2.443,1.728,2.347,4.545,4.767,3.7595
2013-07-01,2.4765,0.894,2.417,1.72,2.323,4.415,4.604,3.8208
2013-07-02,2.4693,0.894,2.374,1.704,2.313,4.439,4.624,3.7388
2013-07-03,2.5032,0.874,2.394,1.66,2.289,4.5,4.768,3.7428
2013-07-04,2.5032,0.856,2.38,1.648,2.263,4.395,4.646,3.7943
2013-07-05,2.7391,0.859,2.485,1.719,2.297,4.422,4.655,3.8198
2013-07-08,2.6356,0.882,2.482,1.698,2.258,4.377,4.678,3.8995
2013-07-09,2.634,0.87,2.434,1.653,2.24,4.409,4.734,3.8763
2013-07-10,2.6238,0.859,2.414,1.658,2.246,4.45,4.808,3.8385
2013-07-11,2.5721,0.832,2.379,1.623,2.23,4.467,4.819,3.735
2013-07-12,2.5821,0.822,2.328,1.56,2.193,4.483,4.78,3.743
2013-07-15,2.5372,0.822,2.342,1.578,2.211,4.468,4.73,3.725
2013-07-16,2.5317,0.827,2.262,1.55,2.192,4.463,4.688,3.75
2013-07-17,2.4888,0.82,2.292,1.542,2.199,4.495,4.732,3.7468
2013-07-18,2.5284,0.809,2.258,1.519,2.173,4.411,4.659,3.6665
2013-07-19,2.4839,0.814,2.284,1.519,2.188,4.406,4.676,3.6715
2013-07-22,2.4804,0.788,2.259,1.515,2.19,4.312,4.609,3.6523
2013-07-23,2.5049,0.779,2.306,1.551,2.214,4.368,4.687,3.6558
2013-07-24,2.588,0.776,2.395,1.646,2.269,4.37,4.677,3.6835
2013-07-25,2.5712,0.807,2.377,1.671,2.282,4.397,4.642,3.7773
2013-07-26,2.5624,0.787,2.333,1.665,2.279,4.401,4.622,3.7773
2013-07-29,2.6023,0.796,2.318,1.664,2.273,4.455,4.681,3.7375
2013-07-30,2.6101,0.796,2.314,1.668,2.265,4.402,4.66,3.7025
2013-07-31,2.5762,0.802,2.358,1.67,2.233,4.406,4.654,3.7245
2013-08-01,2.706,0.799,2.401,1.667,2.223,4.363,4.623,3.6673
2013-08-02,2.596,0.822,2.425,1.651,2.198,4.253,4.568,3.7933
2013-08-05,2.6333,0.778,2.475,1.687,2.256,4.276,4.59,3.5975
2013-08-06,2.6421,0.788,2.478,1.702,2.268,4.255,4.567,3.7135
2013-08-07,2.5986,0.757,2.484,1.687,2.251,4.254,4.566,3.6875
2013-08-08,2.5892,0.755,2.482,1.686,2.242,4.193,4.517,3.671
2013-08-09,2.5784,0.757,2.46,1.68,2.234,4.188,4.495,3.711
2013-08-12,2.6206,0.752,2.463,1.702,2.245,4.163,4.482,3.6868
2013-08-13,2.719,0.742,2.597,1.808,2.351,4.23,4.493,3.7515
2013-08-14,2.7136,0.752,2.638,1.822,2.345,4.184,4.421,3.8523
2013-08-15,2.7664,0.746,2.686,1.883,2.414,4.248,4.45,3.8958
2013-08-16,2.8251,0.757,2.704,1.881,2.4,4.185,4.36,3.9718
2013-08-19,2.8804,0.769,2.746,1.897,2.439,4.281,4.412,4.0195
2013-08-20,2.8142,0.744,2.675,1.841,2.4,4.308,4.469,3.9755
2013-08-21,2.8935,0.733,2.706,1.871,2.431,4.368,4.532,3.975
2013-08-22,2.8844,0.753,2.713,1.92,2.473,4.313,4.482,4.0785
2013-08-23,2.8146,0.774,2.707,1.935,2.476,4.326,4.457,4.0493
2013-08-26,2.7853,0.766,2.717,1.894,2.458,4.379,4.46,4.0118
2013-08-27,2.7087,0.745,2.595,1.847,2.436,4.452,4.499,3.9315
2013-08-28,2.7653,0.725,2.804,1.876,2.457,4.41,4.535,3.9053
2013-08-29,2.7617,0.714,2.773,1.855,2.447,4.372,4.534,3.9125
2013-08-30,2.7839,0.72,2.772,1.856,2.473,4.401,4.537,3.8958
2013-09-02,2.7839,0.746,2.845,1.904,2.496,4.351,4.428,3.9565
2013-09-03,2.8576,0.752,2.88,1.941,2.52,4.348,4.474,3.993
2013-09-04,2.8966,0.775,2.879,1.941,2.531,4.423,4.514,4.0213
2013-09-05,2.9937,0.78,3.008,2.042,2.627,4.55,4.617,4.0715
2013-09-06,2.9342,0.784,2.937,1.95,2.55,4.503,4.527,4.143
2013-09-09,2.912,0.752,2.955,1.96,2.566,4.522,4.542,4.0703
2013-09-10,2.9643,0.747,3.019,2.027,2.631,4.533,4.514,4.126
2013-09-11,2.9122,0.734,3.004,2.045,2.587,4.529,4.487,4.168
2013-09-12,2.9095,0.732,2.942,2.0,2.556,4.529,4.464,4.04
2013-09-13,2.8846,0.728,2.913,1.976,2.538,4.578,4.494,4.0873
2013-09-16,2.8643,0.728,2.881,1.937,2.485,4.454,4.416,3.995
2013-09-17,2.8468,0.72,2.933,1.963,2.483,4.401,4.405,4.0475
2013-09-18,2.6878,0.706,3.003,2.0,2.508,4.399,4.403,4.0623
2013-09-19,2.7519,0.678,2.9,1.921,2.422,4.287,4.323,3.8843
2013-09-20,2.7337,0.695,2.921,1.943,2.453,4.287,4.301,3.941
2013-09-23,2.6999,0.695,2.91,1.917,2.426,4.265,4.277,3.9678
2013-09-24,2.6552,0.673,2.794,1.845,2.359,4.244,4.276,3.9035
2013-09-25,2.628,0.673,2.753,1.822,2.351,4.239,4.282,3.8783
2013-09-26,2.6498,0.697,2.748,1.83,2.365,4.337,4.342,3.8813
2013-09-27,2.6245,0.682,2.709,1.778,2.338,4.416,4.362,3.864
2013-09-30,2.61,0.686,2.721,1.779,2.324,4.431,4.298,3.8123
2013-10-01,2.65,0.667,2.714,1.804,2.328,4.417,4.168,3.944
2013-10-02,2.6173,0.644,2.713,1.811,2.345,4.365,4.249,3.9438
2013-10-03,2.6046,0.641,2.677,1.793,2.346,4.373,4.244,3.942
2013-10-04,2.6447,0.652,2.74,1.841,2.365,4.3,4.206,4.0333
2013-10-07,2.6265,0.646,2.707,1.803,2.334,4.294,4.21,4.0928
2013-10-08,2.632,0.656,2.696,1.811,2.342,4.348,4.296,4.0768
2013-10-09,2.6631,0.655,2.683,1.812,2.35,4.38,4.337,4.0858
2013-10-10,2.6814,0.656,2.749,1.869,2.389,4.342,4.341,4.1588
2013-10-11,2.6871,0.657,2.737,1.864,2.378,4.28,4.29,4.1288
2013-10-14,2.6871,0.657,2.746,1.859,2.373,4.259,4.27,4.1163
2013-10-15,2.7276,0.671,2.805,1.914,2.418,4.25,4.311,4.1995
2013-10-16,2.6633,0.643,2.833,1.929,2.432,4.248,4.299,4.2373
2013-10-17,2.5894,0.629,2.746,1.867,2.382,4.198,4.295,4.1315
2013-10-18,2.5777,0.62,2.715,1.831,2.346,4.166,4.259,4.115
2013-10-21,2.6014,0.625,2.738,1.848,2.355,4.192,4.278,4.08
2013-10-22,2.5124,0.621,2.638,1.796,2.29,4.1,4.199,4.105
2013-10-23,2.5016,0.608,2.597,1.766,2.259,4.117,4.133,3.9863
2013-10-24,2.5197,0.615,2.629,1.765,2.257,4.152,4.136,3.988
2013-10-25,2.5088,0.617,2.614,1.755,2.253,4.224,4.16,3.9688
2013-10-28,2.5233,0.62,2.607,1.749,2.243,4.197,4.098,4.0078
2013-10-29,2.5034,0.614,2.6,1.741,2.224,4.141,4.045,3.9873
2013-10-30,2.5378,0.588,2.541,1.688,2.193,4.19,4.063,3.974
2013-10-31,2.5542,0.595,2.617,1.674,2.16,4.131,4.032,4.0238
2013-11-01,2.6218,0.599,2.647,1.691,2.149,4.079,3.971,4.0678
2013-11-04,2.6035,0.599,2.625,1.677,2.148,4.115,4.012,4.1355
2013-11-05,2.6696,0.601,2.721,1.743,2.218,4.173,4.104,4.1363
2013-11-06,2.6421,0.612,2.715,1.741,2.222,4.21,4.149,4.2065
2013-11-07,2.5999,0.595,2.668,1.684,2.158,4.095,4.053,4.1568
2013-11-08,2.7477,0.594,2.767,1.757,2.224,4.14,4.11,4.1297
2013-11-11,2.7477,0.597,2.805,1.754,2.221,4.129,4.099,4.2208
2013-11-12,2.7728,0.604,2.804,1.789,2.26,4.153,4.113,4.2915
2013-11-13,2.6996,0.601,2.802,1.735,2.202,4.113,4.094,4.263
2013-11-14,2.69,0.602,2.755,1.701,2.169,4.057,4.054,4.1963
2013-11-15,2.7033,0.634,2.745,1.706,2.183,4.093,4.068,4.2013
2013-11-18,2.6658,0.633,2.721,1.681,2.17,4.078,4.072,4.2063
2013-11-19,2.7069,0.621,2.724,1.719,2.201,4.064,4.079,4.2208
2013-11-20,2.7987,0.615,2.733,1.714,2.198,4.084,4.09,4.2683
2013-11-21,2.7842,0.631,2.818,1.741,2.218,4.101,4.109,4.3353
2013-11-22,2.7427,0.628,2.791,1.746,2.205,4.08,4.103,4.322
2013-11-25,2.7283,0.644,2.77,1.722,2.185,4.087,4.157,4.2787
2013-11-26,2.7077,0.619,2.732,1.687,2.159,4.064,4.159,4.2335
2013-11-27,2.7373,0.607,2.768,1.717,2.183,4.061,4.145,4.2
2013-11-28,2.7373,0.606,2.738,1.695,2.168,4.05,4.151,4.2525
2013-11-29,2.7445,0.605,2.769,1.693,2.151,4.057,4.12,4.2223
2013-12-02,2.7951,0.617,2.848,1.744,2.179,4.079,4.157,4.285
2013-12-03,2.7825,0.634,2.816,1.725,2.342,4.093,4.144,4.322
2013-12-04,2.8342,0.633,2.902,1.814,2.406,4.154,4.184,4.3055
2013-12-05,2.8717,0.634,2.917,1.861,2.444,4.22,4.237,4.395
2013-12-06,2.8553,0.669,2.902,1.842,2.443,4.175,4.173,4.4303
2013-12-09,2.8389,0.66,2.92,1.839,2.438,4.126,4.107,4.3708
2013-12-10,2.8006,0.663,2.881,1.835,2.427,4.061,4.035,4.3875
2013-12-11,2.8535,0.65,2.863,1.814,2.412,4.059,4.034,4.347
2013-12-12,2.8773,0.664,2.898,1.839,2.44,4.103,4.095,4.321
2013-12-13,2.8646,0.696,2.897,1.828,2.429,4.09,4.102,4.3218
2013-12-16,2.8784,0.69,2.884,1.835,2.441,4.043,4.07,4.2255
2013-12-17,2.8354,0.668,2.869,1.827,2.434,4.043,4.091,4.2303
2013-12-18,2.8931,0.666,2.921,1.847,2.456,4.07,4.148,4.23
2013-12-19,2.9291,0.674,2.959,1.871,2.474,4.079,4.124,4.2715
2013-12-20,2.8886,0.681,2.944,1.87,2.467,4.122,4.143,4.2895
2013-12-23,2.9274,0.681,2.964,1.882,2.489,4.176,4.206,4.266
2013-12-24,2.9775,0.682,2.976,1.892,2.486,4.201,4.213,4.2385
2013-12-25,2.9775,0.696,2.976,1.892,2.486,4.201,4.213,4.2373
2013-12-26,2.9905,0.708,2.976,1.892,2.486,4.201,4.213,4.2375
2013-12-27,3.0,0.706,3.074,1.956,2.576,4.214,4.226,4.2755
2013-12-30,2.9703,0.741,3.033,1.93,2.562,4.09,4.144,4.271
2013-12-31,3.0282,0.741,3.022,1.929,2.558,4.125,4.151,4.2353
2014-01-01,3.0282,0.741,3.022,1.929,2.558,4.125,4.151,4.235
2014-01-02,2.989,0.741,3.027,1.941,2.557,3.97,3.971,4.332
2014-01-03,2.9948,0.741,3.024,1.944,2.549,3.916,3.874,4.3445
2014-01-06,2.9576,0.727,2.972,1.907,2.526,3.94,3.905,4.3758
2014-01-07,2.9391,0.697,2.95,1.886,2.494,3.872,3.804,4.3183
2014-01-08,2.9894,0.708,2.973,1.904,2.51,3.884,3.787,4.3023
2014-01-09,2.9652,0.701,2.983,1.915,2.572,3.925,3.802,4.321
2014-01-10,2.8579,0.702,2.873,1.843,2.503,3.917,3.814,4.2673
2014-01-13,2.8257,0.702,2.828,1.817,2.482,3.884,3.821,4.2295
2014-01-14,2.8709,0.657,2.834,1.814,2.466,3.878,3.816,4.196
2014-01-15,2.8912,0.666,2.863,1.825,2.48,3.86,3.76,4.2348
2014-01-16,2.8414,0.678,2.811,1.779,2.447,3.841,3.733,4.1798
2014-01-17,2.8194,0.674,2.831,1.753,2.413,3.822,3.71,4.101
2014-01-20,2.8194,0.669,2.828,1.741,2.393,3.796,3.686,4.083
2014-01-21,2.8286,0.689,2.834,1.738,2.406,3.832,3.734,4.1098
2014-01-22,2.8656,0.676,2.886,1.757,2.44,3.832,3.736,4.1873
2014-01-23,2.7772,0.661,2.81,1.709,2.424,3.861,3.752,4.1723
2014-01-24,2.715,0.632,2.772,1.658,2.376,3.913,3.796,4.048
2014-01-27,2.7479,0.64,2.775,1.665,2.364,3.897,3.753,4.0178
2014-01-28,2.7488,0.634,2.806,1.677,2.364,3.849,3.701,4.029
2014-01-29,2.6767,0.635,2.762,1.742,2.339,3.854,3.708,4.116
2014-01-30,2.6949,0.625,2.751,1.715,2.306,3.819,3.696,4.007
2014-01-31,2.644,0.622,2.707,1.659,2.228,3.768,3.659,3.9985
2014-02-03,2.5761,0.615,2.689,1.644,2.214,3.777,3.747,3.9998
2014-02-04,2.6294,0.614,2.701,1.65,2.231,3.783,3.753,3.9945
2014-02-05,2.6675,0.6,2.689,1.636,2.227,3.761,3.718,4.0205
2014-02-06,2.7003,0.617,2.747,1.696,2.282,3.76,3.657,4.0865
2014-02-07,2.6829,0.62,2.712,1.661,2.243,3.688,3.585,4.1525
2014-02-10,2.6674,0.608,2.719,1.68,2.275,3.685,3.579,4.141
2014-02-11,2.725,0.608,2.742,1.686,2.279,3.683,3.6,4.1828
2014-02-12,2.7608,0.613,2.819,1.715,2.305,3.73,3.652,4.2203
2014-02-13,2.732,0.604,2.791,1.667,2.268,3.709,3.622,4.1748
2014-02-14,2.7428,0.599,2.794,1.679,2.279,3.687,3.589,4.1055
2014-02-17,2.7428,0.603,2.782,1.684,2.28,3.616,3.539,4.161
2014-02-18,2.7069,0.603,2.746,1.667,2.252,3.558,3.516,4.183
2014-02-19,2.7392,0.605,2.731,1.661,2.256,3.589,3.558,4.1438
2014-02-20,2.7509,0.588,2.798,1.69,2.294,3.65,3.601,4.1443
2014-02-21,2.731,0.604,2.781,1.662,2.256,3.599,3.548,4.2195
2014-02-24,2.7382,0.596,2.774,1.68,2.272,3.62,3.557,4.1738
2014-02-25,2.7023,0.592,2.744,1.646,2.229,3.586,3.549,4.1693
2014-02-26,2.6655,0.592,2.725,1.617,2.198,3.538,3.535,4.125
2014-02-27,2.6387,0.587,2.676,1.562,2.125,3.46,3.492,4.062
2014-02-28,2.6476,0.586,2.719,1.624,2.195,3.479,3.509,4.0195
2014-03-03,2.6012,0.58,2.645,1.551,2.135,3.454,3.503,3.9808
2014-03-04,2.6977,0.589,2.697,1.598,2.171,3.423,3.44,4.0045
2014-03-05,2.7048,0.609,2.719,1.605,2.171,3.377,3.361,4.0618
2014-03-06,2.7373,0.622,2.767,1.647,2.217,3.442,3.404,4.1
2014-03-07,2.7879,0.628,2.794,1.653,2.215,3.422,3.363,4.167
2014-03-10,2.777,0.632,2.796,1.625,2.2,3.369,3.304,4.207
2014-03-11,2.768,0.635,2.783,1.638,2.219,3.399,3.321,4.1813
2014-03-12,2.73,0.63,2.752,1.596,2.184,3.421,3.347,4.1728
2014-03-13,2.6446,0.644,2.687,1.541,2.138,3.436,3.382,4.17
2014-03-14,2.6543,0.627,2.664,1.546,2.123,3.405,3.339,4.038
2014-03-17,2.6921,0.624,2.682,1.567,2.131,3.377,3.318,4.046
2014-03-18,2.6722,0.622,2.677,1.567,2.12,3.365,3.304,4.0828
2014-03-19,2.7725,0.614,2.697,1.599,2.162,3.395,3.34,4.0645
2014-03-20,2.7716,0.601,2.767,1.646,2.187,3.428,3.366,4.1283
2014-03-21,2.7426,0.601,2.747,1.631,2.159,3.414,3.355,4.1565
2014-03-24,2.7281,0.616,2.686,1.578,2.121,3.41,3.35,4.1655
2014-03-25,2.748,0.611,2.708,1.577,2.119,3.393,3.33,4.1185
2014-03-26,2.6919,0.632,2.699,1.568,2.097,3.337,3.282,4.11
2014-03-27,2.681,0.632,2.675,1.536,2.058,3.307,3.252,4.0823
2014-03-28,2.7208,0.626,2.724,1.548,2.064,3.303,3.238,4.068
2014-03-31,2.718,0.642,2.736,1.566,2.084,3.292,3.23,4.083
2014-04-01,2.7525,0.62,2.732,1.573,2.1,3.289,3.25,4.1303
2014-04-02,2.8045,0.626,2.774,1.616,2.137,3.308,3.267,4.1695
2014-04-03,2.7972,0.645,2.754,1.603,2.112,3.255,3.226,4.1833
2014-04-04,2.7207,0.648,2.686,1.553,2.03,3.169,3.15,4.1535
2014-04-07,2.6998,0.618,2.664,1.539,2.041,3.187,3.182,4.0823
2014-04-08,2.6808,0.62,2.694,1.557,2.057,3.22,3.206,4.0853
2014-04-09,2.6898,0.616,2.69,1.575,2.079,3.201,3.209,4.0703
2014-04-10,2.6474,0.609,2.619,1.52,2.018,3.166,3.169,4.0535
2014-04-11,2.6247,0.605,2.611,1.504,2.01,3.21,3.188,4.0188
2014-04-14,2.6472,0.608,2.637,1.526,2.014,3.174,3.141,3.965
2014-04-15,2.6283,0.605,2.601,1.472,1.949,3.107,3.09,3.9923
2014-04-16,2.6282,0.61,2.636,1.485,1.952,3.099,3.066,3.9775
2014-04-17,2.7215,0.605,2.668,1.515,1.987,3.121,3.085,3.9593
2014-04-18,2.7215,0.601,2.668,1.515,1.987,3.121,3.085,3.9878
2014-04-21,2.7151,0.608,2.668,1.515,1.987,3.121,3.085,3.9875
2014-04-22,2.7105,0.605,2.711,1.534,2.01,3.093,3.066,4.0068
2014-04-23,2.6987,0.616,2.678,1.522,2.006,3.087,3.045,3.9645
2014-04-24,2.6805,0.617,2.691,1.529,2.009,3.123,3.084,3.962
2014-04-25,2.6623,0.623,2.639,1.484,1.973,3.105,3.064,3.9405
2014-04-28,2.7005,0.617,2.664,1.497,1.991,3.133,3.067,3.9268
2014-04-29,2.6913,0.617,2.686,1.499,1.995,3.117,3.072,3.9393
2014-04-30,2.6459,0.627,2.663,1.469,1.952,3.067,3.015,3.9503
2014-05-01,2.6133,0.622,2.635,1.469,1.952,3.07,3.0,3.938
2014-05-02,2.5843,0.611,2.642,1.449,1.925,3.041,2.976,3.9058
2014-05-05,2.6068,0.611,2.641,1.458,1.94,3.041,2.983,3.8705
2014-05-06,2.5914,0.611,2.657,1.46,1.928,3.004,2.945,3.866
2014-05-07,2.5878,0.601,2.658,1.473,1.943,3.015,2.969,3.833
2014-05-08,2.6161,0.612,2.644,1.446,1.896,2.919,2.884,3.8413
2014-05-09,2.6233,0.608,2.685,1.455,1.898,2.952,2.916,3.8205
2014-05-12,2.6611,0.611,2.733,1.464,1.918,2.976,2.934,3.8325
2014-05-13,2.6089,0.612,2.682,1.421,1.88,2.943,2.902,3.8458
2014-05-14,2.5427,0.602,2.583,1.369,1.809,2.911,2.857,3.8048
2014-05-15,2.4893,0.595,2.524,1.306,1.763,3.103,3.02,3.7608
2014-05-16,2.5231,0.584,2.564,1.33,1.785,3.063,2.953,3.715
2014-05-19,2.5445,0.59,2.587,1.343,1.811,3.147,3.01,3.6818
2014-05-20,2.5106,0.592,2.61,1.351,1.834,3.264,3.093,3.7095
2014-05-21,2.532,0.598,2.645,1.424,1.843,3.203,3.014,3.6565
2014-05-22,2.5499,0.601,2.653,1.408,1.82,3.243,3.051,3.748
2014-05-23,2.5321,0.592,2.635,1.413,1.816,3.155,2.986,3.7823
2014-05-26,2.5321,0.589,2.635,1.417,1.826,2.982,2.894,3.7425
2014-05-27,2.5142,0.593,2.642,1.389,1.791,3.001,2.89,3.746
2014-05-28,2.4431,0.584,2.548,1.338,1.725,2.934,2.822,3.7073
2014-05-29,2.4644,0.576,2.541,1.354,1.742,2.958,2.863,3.6423
2014-05-30,2.4759,0.578,2.57,1.358,1.767,2.963,2.854,3.6555
2014-06-02,2.5267,0.587,2.614,1.369,1.773,2.965,2.848,3.671
2014-06-03,2.5985,0.589,2.647,1.408,1.812,2.999,2.854,3.722
2014-06-04,2.6021,0.616,2.698,1.433,1.843,3.021,2.881,3.7795
2014-06-05,2.5824,0.618,2.677,1.405,1.793,2.933,2.824,3.7743
2014-06-06,2.5869,0.6,2.655,1.353,1.704,2.759,2.639,3.7733
2014-06-09,2.6032,0.603,2.699,1.379,1.701,2.704,2.575,3.7818
2014-06-10,2.6439,0.602,2.72,1.404,1.757,2.807,2.644,3.784
2014-06-11,2.6394,0.604,2.711,1.397,1.755,2.793,2.638,3.8475
2014-06-12,2.5951,0.602,2.717,1.387,1.756,2.821,2.704,3.8222
2014-06-13,2.6033,0.603,2.745,1.363,1.732,2.773,2.655,3.7842
2014-06-16,2.597,0.602,2.753,1.354,1.728,2.787,2.672,3.7438
2014-06-17,2.6523,0.595,2.777,1.4,1.77,2.824,2.706,3.6983
2014-06-18,2.5844,0.602,2.74,1.375,1.846,2.857,2.761,3.7365
2014-06-19,2.6206,0.591,2.735,1.321,1.77,2.913,2.717,3.6618
2014-06-20,2.6052,0.587,2.76,1.343,1.793,2.945,2.725,3.6768
2014-06-23,2.6261,0.584,2.738,1.322,1.78,2.901,2.689,3.6928
2014-06-24,2.5781,0.582,2.734,1.32,1.76,2.88,2.656,3.6378
2014-06-25,2.5592,0.574,2.646,1.261,1.698,2.85,2.641,3.5888
2014-06-26,2.5286,0.572,2.636,1.245,1.684,2.845,2.642,3.5883
2014-06-27,2.534,0.564,2.64,1.262,1.706,2.833,2.641,3.5425
2014-06-30,2.5304,0.566,2.67,1.245,1.7,2.846,2.661,3.5415
2014-07-01,2.5647,0.559,2.705,1.247,1.705,2.83,2.638,3.5875
2014-07-02,2.6264,0.561,2.751,1.287,1.75,2.909,2.729,3.5613
2014-07-03,2.6383,0.566,2.75,1.289,1.721,2.844,2.677,3.5403
2014-07-04,2.6383,0.57,2.757,1.265,1.696,2.834,2.681,3.587
2014-07-07,2.611,0.567,2.726,1.256,1.694,2.812,2.676,3.5903
2014-07-08,2.5557,0.557,2.647,1.219,1.653,2.841,2.719,3.5733
2014-07-09,2.5503,0.551,2.659,1.228,1.66,2.881,2.755,3.519
2014-07-10,2.5359,0.546,2.627,1.198,1.638,2.945,2.825,3.4662
2014-07-11,2.516,0.537,2.601,1.203,1.641,2.888,2.771,3.4125
2014-07-14,2.5468,0.541,2.604,1.209,1.645,2.877,2.773,3.4418
2014-07-15,2.5468,0.544,2.644,1.204,1.636,2.847,2.712,3.4373
2014-07-16,2.526,0.547,2.651,1.191,1.615,2.82,2.663,3.4237
2014-07-17,2.4458,0.537,2.586,1.149,1.577,2.788,2.63,3.4098
2014-07-18,2.4809,0.546,2.571,1.155,1.574,2.779,2.597,3.3787
2014-07-21,2.4674,0.546,2.566,1.148,1.559,2.774,2.571,3.3933
2014-07-22,2.4601,0.54,2.585,1.166,1.569,2.773,2.578,3.3717
2014-07-23,2.4655,0.537,2.554,1.146,1.542,2.741,2.556,3.411
2014-07-24,2.5025,0.526,2.606,1.177,1.575,2.727,2.559,3.4245
2014-07-25,2.4655,0.536,2.57,1.147,1.552,2.714,2.541,3.4403
2014-07-28,2.4853,0.535,2.578,1.148,1.543,2.674,2.494,3.4245
2014-07-29,2.4601,0.524,2.546,1.12,1.505,2.64,2.471,3.47
2014-07-30,2.5569,0.53,2.597,1.17,1.55,2.699,2.523,3.424
2014-07-31,2.5578,0.538,2.602,1.155,1.53,2.695,2.505,3.5063
2014-08-01,2.4925,0.539,2.548,1.131,1.516,2.758,2.56,3.5165
2014-08-04,2.4817,0.532,2.537,1.135,1.516,2.695,2.496,3.4922
2014-08-05,2.4844,0.523,2.579,1.167,1.565,2.748,2.549,3.4665
2014-08-06,2.4708,0.521,2.514,1.101,1.521,2.809,2.586,3.5118
2014-08-07,2.4114,0.527,2.482,1.062,1.488,2.872,2.626,3.4177
2014-08-08,2.4203,0.505,2.46,1.053,1.458,2.815,2.56,3.2787
2014-08-11,2.4275,0.517,2.49,1.059,1.468,2.788,2.541,3.4043
2014-08-12,2.4491,0.514,2.483,1.059,1.461,2.741,2.604,3.4188
2014-08-13,2.4166,0.515,2.441,1.027,1.426,2.711,2.571,3.4507
2014-08-14,2.4015,0.506,2.442,1.017,1.405,2.657,2.486,3.3858
2014-08-15,2.3397,0.503,2.326,0.953,1.34,2.585,2.401,3.388
2014-08-18,2.3927,0.502,2.427,1.014,1.413,2.634,2.454,3.3465
2014-08-19,2.3997,0.504,2.401,1.001,1.391,2.595,2.425,3.405
2014-08-20,2.4264,0.52,2.418,0.99,1.38,2.599,2.402,3.4258
2014-08-21,2.4068,0.529,2.396,0.993,1.386,2.594,2.401,3.4783
2014-08-22,2.4024,0.51,2.405,0.982,1.369,2.576,2.382,3.479
2014-08-25,2.382,0.511,2.405,0.948,1.31,2.479,2.26,3.4343
2014-08-26,2.3962,0.503,2.449,0.939,1.275,2.413,2.172,3.3527
2014-08-27,2.3573,0.498,2.373,0.91,1.254,2.39,2.147,3.3288
2014-08-28,2.3361,0.493,2.371,0.883,1.241,2.443,2.232,3.323
2014-08-29,2.3431,0.496,2.368,0.89,1.254,2.436,2.229,3.293
2014-09-01,2.3431,0.496,2.383,0.882,1.255,2.422,2.253,3.3235
2014-09-02,2.4211,0.505,2.44,0.931,1.315,2.456,2.273,3.349
2014-09-03,2.3962,0.534,2.473,0.955,1.335,2.459,2.271,3.428
2014-09-04,2.4497,0.535,2.494,0.97,1.304,2.35,2.159,3.428
2014-09-05,2.4587,0.543,2.463,0.928,1.258,2.254,2.043,3.4638
2014-09-08,2.4712,0.531,2.477,0.953,1.284,2.298,2.088,3.45
2014-09-09,2.5036,0.536,2.48,0.996,1.347,2.367,2.2,3.5635
2014-09-10,2.5414,0.55,2.505,1.047,1.365,2.399,2.263,3.5648
2014-09-11,2.5496,0.566,2.497,1.041,1.401,2.464,2.327,3.6065
2014-09-12,2.6105,0.578,2.529,1.082,1.43,2.458,2.346,3.608
2014-09-15,2.5887,0.578,2.542,1.067,1.427,2.462,2.343,3.6477
2014-09-16,2.5924,0.582,2.524,1.061,1.437,2.462,2.342,3.617
2014-09-17,2.6198,0.56,2.517,1.05,1.406,2.417,2.285,3.6415
2014-09-18,2.6144,0.569,2.575,1.081,1.44,2.438,2.277,3.7025
2014-09-19,2.5745,0.564,2.544,1.043,1.39,2.37,2.202,3.7268
2014-09-22,2.5636,0.542,2.494,1.01,1.347,2.376,2.21,3.6532
2014-09-23,2.5275,0.542,2.485,1.013,1.35,2.4,2.201,3.554
2014-09-24,2.5637,0.528,2.481,1.004,1.341,2.374,2.15,3.6097
2014-09-25,2.5022,0.525,2.445,0.973,1.321,2.36,2.153,3.576
2014-09-26,2.5276,0.523,2.468,0.972,1.312,2.386,2.197,3.4853
2014-09-29,2.4771,0.524,2.44,0.964,1.305,2.404,2.223,3.4945
2014-09-30,2.4888,0.531,2.425,0.947,1.285,2.333,2.14,3.4802
2014-10-01,2.3856,0.531,2.359,0.901,1.242,2.284,2.069,3.4858
2014-10-02,2.425,0.526,2.325,0.902,1.25,2.325,2.112,3.4205
2014-10-03,2.434,0.518,2.389,0.925,1.265,2.308,2.103,3.456
2014-10-06,2.4196,0.523,2.355,0.906,1.255,2.332,2.146,3.4328
2014-10-07,2.3391,0.513,2.289,0.906,1.267,2.345,2.142,3.391
2014-10-08,2.3213,0.503,2.264,0.907,1.261,2.334,2.1,3.3625
2014-10-09,2.3133,0.492,2.262,0.906,1.25,2.312,2.075,3.3045
2014-10-10,2.2804,0.505,2.217,0.887,1.252,2.323,2.068,3.3308
2014-10-13,2.2804,0.505,2.167,0.895,1.266,2.333,2.084,3.298
2014-10-14,2.1973,0.5,2.127,0.838,1.2,2.297,2.047,3.3088
2014-10-15,2.1358,0.491,1.955,0.756,1.132,2.422,2.116,3.3433
2014-10-16,2.1559,0.487,2.095,0.82,1.262,2.579,2.215,3.1925
2014-10-17,2.1936,0.476,2.189,0.859,1.298,2.497,2.171,3.225
2014-10-20,2.1909,0.488,2.15,0.849,1.312,2.595,2.264,3.3075
2014-10-21,2.2217,0.485,2.172,0.871,1.295,2.512,2.208,3.1925
2014-10-22,2.2164,0.485,2.212,0.871,1.285,2.511,2.206,3.2625
2014-10-23,2.2712,0.478,2.242,0.902,1.3,2.503,2.186,3.2583
2014-10-24,2.2685,0.47,2.23,0.892,1.306,2.516,2.172,3.275
2014-10-27,2.2605,0.474,2.207,0.868,1.284,2.552,2.14,3.2983
2014-10-28,2.296,0.461,2.236,0.877,1.277,2.536,2.142,3.235
2014-10-29,2.3174,0.466,2.256,0.898,1.28,2.505,2.142,3.2952
2014-10-30,2.3058,0.469,2.224,0.845,1.23,2.47,2.161,3.3338
2014-10-31,2.3353,0.458,2.247,0.841,1.182,2.348,2.076,3.2895
2014-11-03,2.3425,0.458,2.273,0.853,1.212,2.414,2.143,3.27
2014-11-04,2.3335,0.444,2.228,0.807,1.17,2.435,2.185,3.3218
2014-11-05,2.3424,0.471,2.26,0.827,1.19,2.431,2.191,3.285
2014-11-06,2.3856,0.47,2.245,0.828,1.189,2.382,2.159,3.247
2014-11-07,2.2976,0.483,2.202,0.817,1.184,2.376,2.156,3.354
2014-11-10,2.3604,0.455,2.205,0.834,1.19,2.35,2.122,3.2815
2014-11-11,2.3604,0.492,2.236,0.826,1.172,2.335,2.097,3.3265
2014-11-12,2.3712,0.533,2.192,0.81,1.172,2.36,2.109,3.3408
2014-11-13,2.3399,0.502,2.181,0.799,1.164,2.377,2.139,3.3478
2014-11-14,2.3204,0.483,2.116,0.785,1.139,2.346,2.126,3.3405
2014-11-17,2.3399,0.487,2.12,0.802,1.149,2.311,2.11,3.2618
2014-11-18,2.3151,0.513,2.12,0.797,1.146,2.325,2.121,3.286
2014-11-19,2.3594,0.483,2.141,0.848,1.196,2.331,2.131,3.2733
2014-11-20,2.3373,0.473,2.094,0.799,1.141,2.305,2.1,3.2738
2014-11-21,2.3099,0.462,2.048,0.77,1.111,2.213,2.013,3.2628
2014-11-24,2.3064,0.462,2.047,0.781,1.114,2.18,1.974,3.2492
2014-11-25,2.257,0.452,2.009,0.748,1.067,2.14,1.923,3.1962
2014-11-26,2.2447,0.437,1.98,0.735,1.051,2.16,1.977,3.1258
2014-11-27,2.2447,0.427,1.923,0.7,0.993,2.059,1.89,3.1058
2014-11-28,2.164,0.421,1.926,0.7,0.97,2.034,1.895,3.0258
2014-12-01,2.235,0.428,1.898,0.728,0.989,2.015,1.839,2.9963
2014-12-02,2.2923,0.424,1.969,0.741,1.013,2.011,1.851,3.1095
2014-12-03,2.2799,0.436,2.013,0.748,1.017,1.983,1.833,3.1013
2014-12-04,2.2341,0.437,1.988,0.773,1.038,2.036,1.889,3.071
2014-12-05,2.3065,0.421,2.019,0.78,1.031,1.977,1.833,3.0395
2014-12-08,2.257,0.444,1.961,0.713,0.971,1.943,1.785,3.085
2014-12-09,2.2129,0.419,1.888,0.685,0.966,2.036,1.827,3.0295
2014-12-10,2.1638,0.414,1.911,0.681,0.962,2.067,1.873,2.9278
2014-12-11,2.162,0.411,1.908,0.677,0.948,2.056,1.877,2.8568
2014-12-12,2.0817,0.396,1.8,0.624,0.897,2.064,1.88,2.8918
2014-12-15,2.1182,0.378,1.801,0.623,0.895,1.996,1.789,2.8837
2014-12-16,2.0591,0.361,1.775,0.596,0.877,2.012,1.8,2.8577
2014-12-17,2.1356,0.363,1.771,0.592,0.873,1.962,1.771,2.7778
2014-12-18,2.2075,0.361,1.87,0.617,0.892,1.96,1.74,2.845
2014-12-19,2.1618,0.356,1.85,0.592,0.888,1.954,1.703,2.939
2014-12-22,2.1583,0.338,1.822,0.601,0.878,1.932,1.669,2.8533
2014-12-23,2.2614,0.338,1.849,0.592,0.868,1.944,1.67,2.8308
2014-12-24,2.2632,0.334,1.881,0.589,0.897,1.985,1.728,2.875
2014-12-25,2.2632,0.315,1.881,0.589,0.897,1.985,1.728,2.875
2014-12-26,2.2499,0.33,1.881,0.589,0.897,1.985,1.728,2.875
2014-12-29,2.2021,0.325,1.818,0.544,0.831,1.982,1.673,2.8463
2014-12-30,2.1871,0.329,1.79,0.54,0.822,1.883,1.606,2.7567
2014-12-31,2.1712,0.329,1.756,0.541,0.826,1.89,1.611,2.7395
2015-01-01,2.1712,0.329,1.756,0.541,0.826,1.89,1.611,2.81
2015-01-02,2.1105,0.329,1.718,0.498,0.779,1.742,1.497,2.8697
2015-01-05,2.032,0.325,1.67,0.517,0.804,1.839,1.609,2.759
2015-01-06,1.9402,0.293,1.563,0.446,0.731,1.864,1.644,2.7118
2015-01-07,1.9677,0.301,1.615,0.484,0.786,1.904,1.688,2.6813
2015-01-08,2.0179,0.294,1.646,0.51,0.798,1.845,1.669,2.7318
2015-01-09,1.9449,0.279,1.6,0.492,0.78,1.879,1.723,2.7223
2015-01-12,1.907,0.279,1.575,0.478,0.754,1.812,1.644,2.6923
2015-01-13,1.9,0.268,1.584,0.477,0.739,1.817,1.643,2.6112
2015-01-14,1.8553,0.259,1.512,0.424,0.651,1.725,1.546,2.5692
2015-01-15,1.7149,0.253,1.509,0.474,0.672,1.739,1.587,2.6737
2015-01-16,1.8368,0.243,1.534,0.454,0.633,1.658,1.502,2.5592
2015-01-19,1.8368,0.201,1.527,0.439,0.637,1.664,1.513,2.6328
2015-01-20,1.788,0.223,1.534,0.449,0.647,1.671,1.522,2.6667
2015-01-21,1.8717,0.252,1.505,0.524,0.704,1.691,1.53,2.5982
2015-01-22,1.8631,0.32,1.517,0.447,0.617,1.549,1.405,2.6028
2015-01-23,1.7968,0.234,1.478,0.362,0.543,1.527,1.375,2.6343
2015-01-26,1.8241,0.23,1.513,0.395,0.583,1.498,1.377,2.545
2015-01-27,1.8231,0.263,1.483,0.383,0.577,1.531,1.39,2.5648
2015-01-28,1.7207,0.295,1.459,0.353,0.57,1.592,1.436,2.6033
2015-01-29,1.7512,0.297,1.421,0.359,0.597,1.603,1.456,2.4845
2015-01-30,1.6407,0.278,1.33,0.302,0.536,1.594,1.423,2.4433
2015-02-02,1.6642,0.289,1.376,0.313,0.548,1.627,1.489,2.4453
2015-02-03,1.7915,0.366,1.462,0.346,0.577,1.586,1.477,2.2818
2015-02-04,1.7513,0.381,1.532,0.367,0.594,1.548,1.431,2.4658
2015-02-05,1.8204,0.361,1.546,0.366,0.587,1.54,1.452,2.4018
2015-02-06,1.9567,0.339,1.646,0.375,0.614,1.578,1.489,2.4523
2015-02-09,1.9775,0.354,1.61,0.355,0.668,1.66,1.568,2.5478
2015-02-10,1.9967,0.395,1.666,0.37,0.702,1.674,1.617,2.5528
2015-02-11,2.0176,0.395,1.674,0.355,0.682,1.698,1.648,2.5883
2015-02-12,1.9844,0.396,1.664,0.319,0.642,1.652,1.622,2.5348
2015-02-13,2.0504,0.424,1.676,0.342,0.645,1.607,1.551,2.5013
2015-02-16,2.0504,0.441,1.686,0.334,0.657,1.666,1.584,2.5522
2015-02-17,2.1379,0.399,1.761,0.372,0.691,1.665,1.605,2.5293
2015-02-18,2.08,0.411,1.848,0.381,0.691,1.624,1.578,2.6017
2015-02-19,2.1142,0.393,1.822,0.38,0.705,1.603,1.551,2.5463
2015-02-20,2.1117,0.391,1.765,0.367,0.684,1.577,1.502,2.5708
2015-02-23,2.0574,0.383,1.799,0.365,0.659,1.496,1.419,2.5823
2015-02-24,1.98,0.377,1.763,0.375,0.65,1.461,1.385,2.5458
2015-02-25,1.9688,0.34,1.718,0.325,0.612,1.461,1.387,2.4995
2015-02-26,2.0295,0.343,1.732,0.298,0.576,1.345,1.282,2.4195
2015-02-27,1.993,0.335,1.796,0.328,0.604,1.331,1.26,2.4595
2015-03-02,2.082,0.35,1.787,0.356,0.638,1.349,1.349,2.4947
2015-03-03,2.1189,0.376,1.843,0.362,0.668,1.401,1.39,2.5487
2015-03-04,2.1172,0.409,1.876,0.383,0.677,1.392,1.36,2.6353
2015-03-05,2.1154,0.404,1.859,0.348,0.647,1.305,1.281,2.6248
2015-03-06,2.2414,0.396,1.948,0.393,0.693,1.317,1.295,2.6363
2015-03-09,2.1907,0.435,1.935,0.312,0.605,1.28,1.275,2.7388
2015-03-10,2.1297,0.469,1.796,0.234,0.524,1.219,1.242,2.6763
2015-03-11,2.1086,0.42,1.813,0.209,0.483,1.128,1.154,2.5887
2015-03-12,2.1156,0.389,1.741,0.248,0.493,1.128,1.145,2.5145
2015-03-13,2.114,0.41,1.709,0.257,0.497,1.149,1.15,2.5503
2015-03-16,2.0717,0.418,1.676,0.279,0.516,1.181,1.176,2.4792
2015-03-17,2.0507,0.425,1.684,0.282,0.535,1.268,1.251,2.4728
2015-03-18,1.9199,0.366,1.596,0.197,0.474,1.308,1.273,2.4543
2015-03-19,1.9685,0.337,1.533,0.187,0.454,1.255,1.254,2.3482
2015-03-20,1.9303,0.329,1.516,0.184,0.442,1.204,1.181,2.3837
2015-03-23,1.912,0.314,1.51,0.224,0.491,1.295,1.257,2.3878
2015-03-24,1.8731,0.31,1.505,0.235,0.509,1.328,1.292,2.3717
2015-03-25,1.925,0.33,1.48,0.22,0.502,1.336,1.289,2.3228
2015-03-26,1.9894,0.329,1.583,0.215,0.495,1.312,1.266,2.3263
2015-03-27,1.9615,0.375,1.542,0.207,0.501,1.354,1.323,2.4072
2015-03-30,1.9475,0.374,1.577,0.206,0.508,1.311,1.271,2.3608
2015-03-31,1.9231,0.405,1.576,0.18,0.476,1.242,1.212,2.3192
2015-04-01,1.8573,0.388,1.541,0.167,0.452,1.279,1.207,2.3342
2015-04-02,1.9117,0.341,1.592,0.194,0.485,1.301,1.221,2.2992
2015-04-03,1.8389,0.368,1.592,0.194,0.485,1.301,1.221,2.295
2015-04-06,1.8952,0.34,1.592,0.194,0.485,1.301,1.221,2.295
2015-04-07,1.8848,0.36,1.583,0.186,0.467,1.241,1.179,2.3497
2015-04-08,1.9047,0.364,1.579,0.163,0.445,1.248,1.196,2.3278
2015-04-09,1.9596,0.367,1.571,0.16,0.449,1.301,1.242,2.348
2015-04-10,1.9473,0.345,1.58,0.155,0.434,1.266,1.232,2.3663
2015-04-13,1.9272,0.343,1.593,0.157,0.432,1.285,1.254,2.3412
2015-04-14,1.8985,0.33,1.514,0.138,0.407,1.31,1.295,2.3063
2015-04-15,1.888,0.329,1.56,0.107,0.353,1.263,1.264,2.2818
2015-04-16,1.8897,0.329,1.607,0.085,0.352,1.379,1.351,2.3678
2015-04-17,1.8653,0.308,1.584,0.078,0.37,1.478,1.454,2.3523
2015-04-20,1.8896,0.31,1.567,0.075,0.357,1.485,1.464,2.3963
2015-04-21,1.9087,0.315,1.567,0.101,0.369,1.452,1.45,2.3918
2015-04-22,1.9788,0.306,1.714,0.165,0.415,1.392,1.372,2.4373
2015-04-23,1.9577,0.315,1.691,0.165,0.415,1.407,1.366,2.5213
2015-04-24,1.9086,0.29,1.648,0.155,0.418,1.443,1.391,2.5338
2015-04-27,1.9208,0.309,1.691,0.162,0.418,1.359,1.301,2.5018
2015-04-28,2.0034,0.301,1.695,0.163,0.423,1.379,1.324,2.5572
2015-04-29,2.0388,0.301,1.833,0.285,0.566,1.507,1.468,2.5933
2015-04-30,2.0317,0.342,1.834,0.366,0.64,1.499,1.468,2.6463
2015-05-01,2.1135,0.363,1.842,0.373,0.652,1.496,1.473,2.68
2015-05-04,2.144,0.363,1.842,0.453,0.726,1.533,1.504,2.6895
2015-05-05,2.1853,0.363,1.97,0.516,0.818,1.807,1.78,2.7933
2015-05-06,2.2431,0.363,1.984,0.586,0.901,1.917,1.895,2.9242
2015-05-07,2.18,0.43,1.921,0.59,0.895,1.775,1.749,2.989
2015-05-08,2.1478,0.421,1.876,0.547,0.836,1.676,1.665,2.8405
2015-05-11,2.2797,0.396,1.949,0.61,0.902,1.768,1.748,2.8528
2015-05-12,2.2489,0.449,1.984,0.675,0.97,1.849,1.83,3.0425
2015-05-13,2.2926,0.455,2.021,0.724,0.997,1.892,1.884,2.9535
2015-05-14,2.2301,0.454,1.982,0.702,0.971,1.856,1.839,2.995
2015-05-15,2.1424,0.404,1.88,0.624,0.901,1.771,1.732,2.8945
2015-05-18,2.2337,0.39,1.951,0.649,0.934,1.892,1.832,2.8683
2015-05-19,2.2886,0.379,1.947,0.595,0.871,1.807,1.751,2.9457
2015-05-20,2.2479,0.396,1.978,0.632,0.916,1.864,1.803,2.9688
2015-05-21,2.1898,0.414,1.975,0.64,0.922,1.843,1.767,2.9418
2015-05-22,2.2092,0.419,1.928,0.604,0.895,1.857,1.782,2.9167
2015-05-25,2.2092,0.424,1.928,0.606,0.895,1.856,1.837,2.9107
2015-05-26,2.139,0.423,1.875,0.547,0.854,1.938,1.867,2.9167
2015-05-27,2.1285,0.39,1.882,0.554,0.854,1.858,1.803,2.8393
2015-05-28,2.1355,0.401,1.824,0.53,0.838,1.866,1.837,2.7775
2015-05-29,2.1214,0.394,1.813,0.487,0.796,1.848,1.838,2.7298
2015-06-01,2.1794,0.409,1.848,0.541,0.863,1.98,1.963,2.7083
2015-06-02,2.2624,0.423,1.98,0.714,1.024,2.127,2.088,2.741
2015-06-03,2.3642,0.474,2.078,0.882,1.172,2.181,2.136,2.8918
2015-06-04,2.307,0.509,2.034,0.838,1.143,2.145,2.109,3.0415
2015-06-05,2.4076,0.491,2.079,0.844,1.164,2.242,2.224,3.0393
2015-06-08,2.3824,0.496,2.045,0.879,1.208,2.26,2.254,3.0675
2015-06-09,2.4384,0.458,2.098,0.95,1.279,2.289,2.275,2.9648
2015-06-10,2.4838,0.511,2.128,0.981,1.313,2.247,2.239,3.0483
2015-06-11,2.3772,0.536,2.047,0.884,1.213,2.143,2.129,3.1488
2015-06-12,2.3918,0.518,1.988,0.834,1.213,2.214,2.25,3.0163
2015-06-15,2.3559,0.509,2.023,0.825,1.277,2.357,2.41,3.0087
2015-06-16,2.3093,0.502,1.988,0.798,1.254,2.331,2.354,3.0083
2015-06-17,2.3165,0.481,2.061,0.808,1.238,2.313,2.329,2.9915
2015-06-18,2.3345,0.449,2.041,0.808,1.208,2.293,2.282,2.8495
2015-06-19,2.2577,0.423,2.005,0.752,1.16,2.281,2.273,2.8825
2015-06-22,2.3725,0.437,2.098,0.884,1.251,2.155,2.11,2.9515
2015-06-23,2.4087,0.465,2.109,0.872,1.238,2.136,2.107,3.0643
2015-06-24,2.3672,0.464,2.132,0.844,1.224,2.124,2.113,3.0483
2015-06-25,2.4088,0.48,2.144,0.862,1.235,2.089,2.065,3.0592
2015-06-26,2.4726,0.47,2.187,0.922,1.297,2.15,2.11,3.0568
2015-06-29,2.3242,0.451,2.074,0.796,1.238,2.391,2.347,2.9538
2015-06-30,2.3531,0.465,2.024,0.764,1.195,2.334,2.301,3.0103
2015-07-01,2.4219,0.483,2.105,0.813,1.244,2.293,2.277,3.0115
2015-07-02,2.3823,0.525,2.079,0.845,1.305,2.322,2.311,3.11
2015-07-03,2.3823,0.488,1.997,0.791,1.243,2.248,2.212,3.0698
2015-07-06,2.285,0.475,2.005,0.764,1.244,2.387,2.372,2.9328
2015-07-07,2.2582,0.458,1.833,0.643,1.129,2.27,2.26,2.9028
2015-07-08,2.1922,0.419,1.892,0.671,1.126,2.219,2.224,2.746
2015-07-09,2.3211,0.448,1.953,0.719,1.156,2.176,2.173,2.8047
2015-07-10,2.3972,0.447,2.08,0.898,1.283,2.134,2.129,2.9393
2015-07-13,2.4538,0.455,2.119,0.855,1.256,2.112,2.108,2.9938
2015-07-14,2.401,0.464,2.123,0.837,1.218,2.066,2.091,3.0198
2015-07-15,2.3521,0.456,2.116,0.828,1.137,2.004,2.014,3.0297
2015-07-16,2.3503,0.448,2.076,0.833,1.138,1.99,1.979,2.9715
2015-07-17,2.3469,0.426,2.078,0.788,1.075,1.92,1.936,2.9488
2015-07-20,2.3723,0.426,2.061,0.762,1.039,1.907,1.939,2.9183
2015-07-21,2.3253,0.42,2.086,0.781,1.084,1.966,2.009,2.9348
2015-07-22,2.3235,0.423,2.03,0.747,1.05,1.938,1.988,2.8938
2015-07-23,2.2677,0.417,2.009,0.742,1.028,1.898,1.948,2.8542
2015-07-24,2.2624,0.411,1.934,0.691,0.967,1.868,1.901,2.8152
2015-07-27,2.2175,0.409,1.936,0.691,0.975,1.895,1.929,2.7518
2015-07-28,2.2499,0.412,1.936,0.689,0.976,1.875,1.911,2.7583
2015-07-29,2.2859,0.41,1.978,0.717,1.01,1.902,1.957,2.7903
2015-07-30,2.2589,0.411,1.966,0.65,0.941,1.82,1.902,2.8422
2015-07-31,2.1801,0.415,1.882,0.644,0.936,1.772,1.842,2.7583
2015-08-03,2.148,0.418,1.867,0.628,0.939,1.772,1.941,2.75
2015-08-04,2.2213,0.391,1.873,0.638,0.959,1.773,1.939,2.7345
2015-08-05,2.2699,0.401,1.976,0.754,1.064,1.916,2.071,2.8032
2015-08-06,2.2214,0.426,1.923,0.709,1.01,1.87,2.017,2.8238
2015-08-07,2.1623,0.42,1.848,0.661,0.965,1.833,1.986,2.8433
2015-08-10,2.2269,0.41,1.922,0.698,1.001,1.829,1.971,2.7758
2015-08-11,2.1409,0.394,1.818,0.632,0.929,1.786,1.934,2.7738
2015-08-12,2.148,0.359,1.794,0.605,0.926,1.824,1.978,2.6625
2015-08-13,2.1854,0.384,1.84,0.63,0.948,1.783,1.952,2.738
2015-08-14,2.1977,0.384,1.877,0.66,0.979,1.814,2.011,2.7818
2015-08-17,2.1678,0.399,1.817,0.627,0.945,1.762,1.94,2.7797
2015-08-18,2.1925,0.377,1.875,0.642,0.979,1.815,2.0,2.7383
2015-08-19,2.1256,0.376,1.834,0.619,0.968,1.805,1.989,2.7397
2015-08-20,2.0679,0.366,1.763,0.582,0.946,1.821,1.993,2.6665
2015-08-21,2.0365,0.366,1.691,0.564,0.949,1.859,2.012,2.586
2015-08-24,2.0034,0.348,1.817,0.592,0.978,1.901,2.035,2.4975
2015-08-25,2.0714,0.385,1.906,0.73,1.121,1.983,2.1,2.593
2015-08-26,2.1752,0.371,1.955,0.704,1.08,1.977,2.107,2.6545
2015-08-27,2.1841,0.393,1.979,0.742,1.102,1.926,2.059,2.706
2015-08-28,2.1807,0.379,1.962,0.742,1.09,1.919,2.064,2.729
2015-08-31,2.2179,0.38,1.962,0.798,1.153,1.962,2.109,2.6632
2015-09-01,2.1524,0.361,1.933,0.797,1.159,1.999,2.145,2.6385
2015-09-02,2.1843,0.395,1.925,0.782,1.131,1.985,2.127,2.6905
2015-09-03,2.1596,0.401,1.903,0.724,1.064,1.913,2.087,2.686
2015-09-04,2.1244,0.36,1.826,0.668,1.014,1.878,2.076,2.627
2015-09-07,2.1244,0.37,1.806,0.675,1.125,1.893,2.141,2.661
2015-09-08,2.1828,0.355,1.839,0.676,1.102,1.834,2.049,2.667
2015-09-09,2.2006,0.369,1.868,0.698,1.1,1.839,2.078,2.737
2015-09-10,2.222,0.35,1.873,0.695,1.098,1.862,2.102,2.71
2015-09-11,2.1883,0.345,1.829,0.653,1.059,1.834,2.109,2.736
2015-09-14,2.1831,0.364,1.852,0.655,1.06,1.853,2.123,2.693
2015-09-15,2.2867,0.382,1.911,0.743,1.138,1.894,2.121,2.679
2015-09-16,2.294,0.37,1.942,0.774,1.167,1.92,2.127,2.796
2015-09-17,2.1903,0.365,1.955,0.781,1.164,1.904,2.092,2.865
2015-09-18,2.1336,0.314,1.83,0.663,1.032,1.763,1.944,2.771
2015-09-21,2.2012,0.314,1.884,0.684,1.059,1.806,2.001,2.717
2015-09-22,2.1337,0.314,1.784,0.59,0.97,1.749,1.955,2.75
2015-09-23,2.1497,0.314,1.796,0.597,0.977,1.74,1.968,2.666
2015-09-24,2.1266,0.331,1.755,0.603,0.994,1.744,1.987,2.656
2015-09-25,2.1623,0.324,1.84,0.649,1.045,1.795,2.036,2.692
2015-09-28,2.0949,0.358,1.771,0.587,0.997,1.745,1.925,2.686
2015-09-29,2.0508,0.332,1.756,0.583,0.991,1.714,1.891,2.584
2015-09-30,2.0368,0.356,1.762,0.587,0.985,1.725,1.892,2.605
2015-10-01,2.0368,0.325,1.742,0.536,0.929,1.682,1.818,2.619
2015-10-02,1.9929,0.317,1.701,0.51,0.892,1.632,1.776,2.619
2015-10-05,2.0562,0.313,1.785,0.566,0.947,1.655,1.801,2.551
2015-10-06,2.0315,0.329,1.798,0.596,0.977,1.693,1.831,2.603
2015-10-07,2.0668,0.341,1.826,0.593,0.966,1.704,1.839,2.631
2015-10-08,2.104,0.333,1.815,0.586,0.957,1.686,1.832,2.622
2015-10-09,2.0881,0.32,1.862,0.615,0.986,1.694,1.833,2.708
2015-10-12,2.0881,0.32,1.818,0.578,0.952,1.681,1.813,2.708
2015-10-13,2.0439,0.315,1.828,0.587,0.956,1.657,1.797,2.662
2015-10-14,1.9718,0.31,1.757,0.541,0.912,1.629,1.795,2.591
2015-10-15,2.0175,0.324,1.766,0.55,0.923,1.645,1.808,2.561
2015-10-16,2.0334,0.32,1.801,0.548,0.917,1.604,1.77,2.595
2015-10-19,2.0228,0.332,1.822,0.565,0.931,1.596,1.76,2.597
2015-10-20,2.067,0.314,1.855,0.626,0.995,1.663,1.811,2.617
2015-10-21,2.0228,0.32,1.797,0.568,0.929,1.606,1.747,2.657
2015-10-22,2.0263,0.308,1.799,0.496,0.839,1.45,1.592,2.627
2015-10-23,2.0866,0.303,1.861,0.512,0.851,1.499,1.635,2.611
2015-10-26,2.0564,0.321,1.83,0.5,0.848,1.494,1.633,2.661
2015-10-27,2.037,0.308,1.763,0.443,0.793,1.442,1.587,2.632
2015-10-28,2.1009,0.287,1.796,0.438,0.783,1.407,1.565,2.575
2015-10-29,2.1725,0.3,1.921,0.53,0.871,1.479,1.644,2.581
2015-10-30,2.1421,0.309,1.922,0.517,0.865,1.481,1.672,2.611
2015-11-02,2.1709,0.316,1.935,0.557,0.925,1.647,1.75,2.62
2015-11-03,2.2105,0.316,1.979,0.573,0.937,1.658,1.733,2.681
2015-11-04,2.225,0.323,1.994,0.598,0.953,1.67,1.755,2.731
2015-11-05,2.2323,0.319,1.967,0.607,0.948,1.697,1.802,2.784
2015-11-06,2.3252,0.324,2.038,0.693,1.022,1.789,1.918,2.788
2015-11-09,2.3436,0.335,2.035,0.661,0.987,1.745,1.957,2.903
2015-11-10,2.3419,0.319,2.026,0.621,0.947,1.687,1.867,2.886
2015-11-11,2.3301,0.318,2.051,0.61,0.931,1.631,1.831,2.866
2015-11-12,2.3116,0.301,2.008,0.608,0.924,1.609,1.837,2.949
2015-11-13,2.2658,0.305,1.98,0.558,0.874,1.564,1.788,2.952
2015-11-16,2.2676,0.303,1.939,0.53,0.852,1.569,1.796,2.894
2015-11-17,2.2658,0.299,1.976,0.524,0.848,1.566,1.77,2.914
2015-11-18,2.2728,0.3,1.923,0.506,0.826,1.524,1.732,2.889
2015-11-19,2.2482,0.3,1.884,0.479,0.808,1.512,1.688,2.914
2015-11-20,2.2623,0.324,1.874,0.479,0.817,1.496,1.638,2.901
2015-11-23,2.2377,0.324,1.877,0.53,0.869,1.521,1.644,2.935
2015-11-24,2.2377,0.32,1.868,0.517,0.848,1.507,1.636,2.915
2015-11-25,2.2341,0.304,1.884,0.471,0.799,1.43,1.569,2.874
2015-11-26,2.2341,0.3,1.841,0.47,0.798,1.429,1.559,2.823
2015-11-27,2.2201,0.308,1.816,0.46,0.774,1.404,1.52,2.843
2015-11-30,2.206,0.307,1.825,0.473,0.789,1.418,1.521,2.859
2015-12-01,2.1431,0.299,1.761,0.468,0.789,1.41,1.495,2.838
2015-12-02,2.1797,0.322,1.753,0.47,0.785,1.387,1.484,2.8
2015-12-03,2.3136,0.319,1.883,0.666,0.993,1.643,1.73,2.842
2015-12-04,2.2693,0.341,1.921,0.678,1.002,1.654,1.735,2.95
2015-12-07,2.2288,0.33,1.803,0.581,0.898,1.551,1.621,2.95
2015-12-08,2.2182,0.32,1.822,0.571,0.881,1.552,1.602,2.835
2015-12-09,2.2164,0.306,1.876,0.6,0.917,1.57,1.628,2.816
2015-12-10,2.2305,0.312,1.866,0.568,0.885,1.549,1.62,2.849
2015-12-11,2.127,0.322,1.813,0.54,0.861,1.539,1.624,2.851
2015-12-14,2.2217,0.3,1.84,0.574,0.921,1.637,1.728,2.816
2015-12-15,2.2658,0.3,1.938,0.641,0.979,1.684,1.762,2.819
2015-12-16,2.296,0.304,1.946,0.678,1.01,1.692,1.76,2.864
2015-12-17,2.2234,0.3,1.85,0.599,0.936,1.629,1.74,2.843
2015-12-18,2.204,0.27,1.831,0.548,0.889,1.572,1.693,2.756
2015-12-21,2.1917,0.28,1.816,0.551,0.892,1.588,1.775,2.751
2015-12-22,2.2357,0.275,1.875,0.602,0.954,1.637,1.793,2.73
2015-12-23,2.2534,0.275,1.938,0.629,0.983,1.658,1.834,2.774
2015-12-24,2.241,0.281,1.92,0.641,1.005,1.681,1.834,2.766
2015-12-25,2.241,0.279,1.92,0.641,1.005,1.681,1.834,2.772
2015-12-28,2.2304,0.267,1.92,0.564,0.917,1.61,1.799,2.771
2015-12-29,2.305,0.268,1.901,0.629,0.991,1.631,1.806,2.685
2015-12-30,2.2943,0.265,1.988,0.629,0.988,1.596,1.771,2.803
2015-12-31,2.2694,0.265,1.96,0.629,0.988,1.596,1.771,2.88
2016-01-01,2.2694,0.265,1.96,0.629,0.988,1.596,1.771,2.88
2016-01-04,2.2428,0.262,1.876,0.566,0.939,1.549,1.718,2.815
2016-01-05,2.2357,0.26,1.874,0.54,0.907,1.499,1.688,2.805
2016-01-06,2.1702,0.25,1.793,0.503,0.873,1.482,1.672,2.763
2016-01-07,2.1455,0.244,1.803,0.539,0.917,1.553,1.74,2.711
2016-01-08,2.1156,0.229,1.77,0.514,0.88,1.528,1.71,2.776
2016-01-11,2.1754,0.229,1.777,0.541,0.92,1.585,1.801,2.751
2016-01-12,2.1032,0.222,1.747,0.533,0.918,1.613,1.833,2.786
2016-01-13,2.0927,0.2,1.741,0.567,0.88,1.557,1.775,2.761
2016-01-14,2.0874,0.244,1.731,0.574,0.898,1.576,1.781,2.681
2016-01-15,2.0347,0.221,1.662,0.54,0.873,1.566,1.752,2.694
2016-01-18,2.0347,0.212,1.692,0.537,0.869,1.565,1.743,2.694
2016-01-19,2.0556,0.225,1.699,0.549,0.867,1.559,1.704,2.714
2016-01-20,1.9824,0.217,1.622,0.482,0.825,1.65,1.785,2.659
2016-01-21,2.0311,0.233,1.67,0.451,0.776,1.563,1.723,2.693
2016-01-22,2.0519,0.24,1.711,0.484,0.799,1.574,1.731,2.733
2016-01-25,2.0012,0.226,1.687,0.471,0.781,1.559,1.71,2.736
2016-01-26,1.9942,0.22,1.693,0.446,0.748,1.508,1.641,2.69
2016-01-27,1.9993,0.214,1.71,0.443,0.753,1.498,1.617,2.677
2016-01-28,1.9784,0.229,1.67,0.404,0.734,1.514,1.622,2.689
2016-01-29,1.9209,0.1,1.56,0.325,0.636,1.415,1.512,2.635
2016-02-01,1.9486,0.055,1.621,0.351,0.674,1.469,1.564,2.619
2016-02-02,1.8448,0.086,1.542,0.307,0.644,1.487,1.585,2.62
2016-02-03,1.8861,0.065,1.532,0.275,0.609,1.438,1.55,2.521
2016-02-04,1.8395,0.057,1.566,0.303,0.635,1.534,1.645,2.572
2016-02-05,1.8357,0.027,1.559,0.296,0.633,1.555,1.642,2.548
2016-02-08,1.7483,0.045,1.412,0.218,0.593,1.678,1.752,2.588
2016-02-09,1.726,-0.025,1.412,0.233,0.61,1.684,1.753,2.408
2016-02-10,1.6681,0.022,1.413,0.242,0.615,1.639,1.721,2.406
2016-02-11,1.6591,0.022,1.304,0.188,0.597,1.714,1.78,2.375
2016-02-12,1.7481,0.09,1.414,0.261,0.655,1.65,1.739,2.42
2016-02-15,1.7481,0.088,1.43,0.237,0.616,1.601,1.699,2.516
2016-02-16,1.7723,0.03,1.44,0.266,0.654,1.624,1.75,2.524
2016-02-17,1.819,0.055,1.481,0.269,0.644,1.602,1.737,2.484
2016-02-18,1.7396,0.02,1.445,0.218,0.581,1.554,1.702,2.536
2016-02-19,1.7449,0.013,1.414,0.202,0.565,1.564,1.705,2.43
2016-02-22,1.7518,-0.005,1.394,0.176,0.524,1.519,1.654,2.454
2016-02-23,1.7225,0.004,1.434,0.183,0.54,1.531,1.635,2.419
2016-02-24,1.7484,-0.055,1.361,0.154,0.521,1.534,1.624,2.398
2016-02-25,1.7157,-0.069,1.364,0.138,0.509,1.513,1.607,2.399
2016-02-26,1.7623,-0.065,1.399,0.147,0.501,1.473,1.572,2.384
2016-02-29,1.7347,-0.06,1.337,0.107,0.468,1.423,1.53,2.399
2016-03-01,1.8249,-0.06,1.397,0.146,0.505,1.381,1.488,2.354
2016-03-02,1.8406,-0.028,1.462,0.206,0.564,1.46,1.571,2.46
2016-03-03,1.8337,-0.01,1.431,0.169,0.537,1.422,1.537,2.557
2016-03-04,1.8741,-0.044,1.484,0.238,0.58,1.462,1.56,2.552
2016-03-07,1.9057,-0.049,1.48,0.224,0.643,1.46,1.59,2.582
2016-03-08,1.8287,-0.099,1.385,0.182,0.58,1.42,1.568,2.557
2016-03-09,1.876,-0.015,1.47,0.24,0.632,1.41,1.565,2.553
2016-03-10,1.9323,-0.017,1.539,0.306,0.683,1.461,1.589,2.589
2016-03-11,1.9839,-0.005,1.575,0.271,0.619,1.327,1.485,2.678
2016-03-14,1.9592,-0.039,1.551,0.279,0.624,1.306,1.468,2.692
2016-03-15,1.9699,-0.007,1.537,0.316,0.669,1.367,1.515,2.669
2016-03-16,1.9081,-0.079,1.523,0.311,0.65,1.334,1.505,2.633
2016-03-17,1.8958,-0.044,1.455,0.23,0.569,1.269,1.429,2.553
2016-03-18,1.8732,-0.093,1.448,0.212,0.555,1.261,1.431,2.55
2016-03-21,1.9155,-0.093,1.477,0.23,0.568,1.253,1.438,2.564
2016-03-22,1.9403,-0.097,1.456,0.211,0.554,1.254,1.436,2.601
2016-03-23,1.8786,-0.114,1.449,0.194,0.547,1.295,1.53,2.649
2016-03-24,1.9,-0.084,1.453,0.18,0.537,1.302,1.524,2.58
2016-03-25,1.9,-0.093,1.453,0.18,0.537,1.302,1.524,2.566
2016-03-28,1.886,-0.084,1.453,0.18,0.537,1.302,1.524,2.566
2016-03-29,1.8035,-0.083,1.411,0.137,0.479,1.237,1.441,2.574
2016-03-30,1.8228,-0.088,1.434,0.156,0.485,1.214,1.428,2.496
2016-03-31,1.7687,-0.029,1.415,0.153,0.486,1.221,1.437,2.489
2016-04-01,1.7705,-0.059,1.409,0.134,0.46,1.22,1.439,2.527
2016-04-04,1.7618,-0.075,1.429,0.131,0.461,1.238,1.462,2.465
2016-04-05,1.7201,-0.053,1.375,0.098,0.437,1.271,1.493,2.451
2016-04-06,1.7549,-0.058,1.381,0.119,0.456,1.285,1.514,2.435
2016-04-07,1.6889,-0.052,1.328,0.089,0.437,1.389,1.604,2.452
2016-04-08,1.7167,-0.075,1.363,0.095,0.433,1.311,1.52,2.404
2016-04-11,1.7254,-0.086,1.394,0.111,0.463,1.339,1.514,2.409
2016-04-12,1.7761,-0.102,1.442,0.165,0.521,1.379,1.543,2.465
2016-04-13,1.7639,-0.076,1.423,0.128,0.465,1.298,1.463,2.518
2016-04-14,1.7919,-0.092,1.45,0.167,0.513,1.355,1.505,2.521
2016-04-15,1.7518,-0.115,1.414,0.127,0.471,1.334,1.497,2.557
2016-04-18,1.7711,-0.11,1.478,0.161,0.501,1.349,1.493,2.493
2016-04-19,1.7851,-0.123,1.508,0.169,0.51,1.402,1.539,2.557
2016-04-20,1.845,-0.133,1.482,0.153,0.494,1.395,1.533,2.526
2016-04-21,1.861,-0.114,1.591,0.239,0.568,1.462,1.596,2.592
2016-04-22,1.8878,-0.11,1.6,0.231,0.565,1.474,1.596,2.633
2016-04-25,1.9128,-0.06,1.608,0.264,0.606,1.532,1.638,2.633
2016-04-26,1.9271,-0.1,1.66,0.299,0.636,1.536,1.635,2.652
2016-04-27,1.8508,-0.047,1.627,0.286,0.638,1.519,1.628,2.612
2016-04-28,1.8243,-0.075,1.608,0.257,0.605,1.483,1.603,2.516
2016-04-29,1.8333,-0.075,1.596,0.271,0.634,1.489,1.593,2.517
2016-05-02,1.8723,-0.124,1.596,0.267,0.616,1.473,1.579,2.521
2016-05-03,1.7963,-0.124,1.528,0.2,0.56,1.456,1.56,2.465
2016-05-04,1.7752,-0.124,1.526,0.204,0.565,1.502,1.604,2.429
2016-05-05,1.7453,-0.124,1.465,0.161,0.533,1.495,1.585,2.391
2016-05-06,1.7789,-0.114,1.418,0.144,0.521,1.494,1.594,2.29
2016-05-09,1.7507,-0.095,1.411,0.126,0.491,1.462,1.584,2.321
2016-05-10,1.7613,-0.085,1.404,0.124,0.489,1.508,1.64,2.302
2016-05-11,1.7367,-0.104,1.392,0.126,0.479,1.473,1.601,2.302
2016-05-12,1.7516,-0.118,1.404,0.154,0.509,1.506,1.624,2.295
2016-05-13,1.7001,-0.109,1.376,0.124,0.47,1.473,1.6,2.274
2016-05-16,1.7533,-0.104,1.395,0.143,0.487,1.477,1.601,2.229
2016-05-17,1.7723,-0.102,1.37,0.132,0.474,1.453,1.566,2.3
2016-05-18,1.8538,-0.093,1.438,0.168,0.511,1.494,1.6,2.29
2016-05-19,1.8487,-0.065,1.439,0.17,0.505,1.494,1.593,2.349
2016-05-20,1.8384,-0.113,1.452,0.165,0.503,1.472,1.566,2.303
2016-05-23,1.835,-0.094,1.449,0.176,0.511,1.479,1.575,2.288
2016-05-24,1.8629,-0.104,1.472,0.177,0.505,1.423,1.535,2.278
2016-05-25,1.8664,-0.083,1.456,0.152,0.476,1.353,1.471,2.309
2016-05-26,1.8282,-0.12,1.415,0.146,0.481,1.375,1.503,2.277
2016-05-27,1.851,-0.113,1.436,0.138,0.469,1.355,1.483,2.257
2016-05-30,1.851,-0.113,1.436,0.167,0.503,1.364,1.488,2.277
2016-05-31,1.8458,-0.105,1.429,0.139,0.477,1.356,1.473,2.303
2016-06-01,1.8354,-0.112,1.373,0.136,0.474,1.382,1.495,2.292
2016-06-02,1.7989,-0.1,1.344,0.114,0.467,1.374,1.483,2.267
2016-06-03,1.7004,-0.095,1.276,0.068,0.413,1.333,1.469,2.232
2016-06-06,1.7367,-0.11,1.28,0.086,0.453,1.468,1.52,2.157
2016-06-07,1.7177,-0.118,1.267,0.05,0.407,1.422,1.461,2.194
2016-06-08,1.7022,-0.1,1.253,0.055,0.41,1.392,1.428,2.153
2016-06-09,1.6867,-0.125,1.243,0.033,0.387,1.384,1.422,2.093
2016-06-10,1.6404,-0.14,1.232,0.02,0.388,1.383,1.428,2.102
2016-06-13,1.6096,-0.157,1.209,0.024,0.407,1.455,1.502,2.106
2016-06-14,1.613,-0.155,1.144,-0.004,0.423,1.507,1.563,2.053
2016-06-15,1.572,-0.179,1.12,-0.01,0.401,1.498,1.561,2.07
2016-06-16,1.5788,-0.191,1.11,-0.024,0.401,1.542,1.597,2.007
2016-06-17,1.6078,-0.15,1.144,0.019,0.427,1.512,1.556,2.079
2016-06-20,1.6886,-0.145,1.238,0.051,0.422,1.432,1.479,2.139
2016-06-21,1.7059,-0.142,1.287,0.05,0.416,1.447,1.505,2.159
2016-06-22,1.6852,-0.138,1.313,0.061,0.422,1.435,1.497,2.222
2016-06-23,1.7458,-0.14,1.373,0.093,0.454,1.4,1.466,2.25
2016-06-24,1.5599,-0.17,1.086,-0.047,0.385,1.557,1.632,2.008
2016-06-27,1.4377,-0.19,0.934,-0.116,0.292,1.509,1.454,2.057
2016-06-28,1.4664,-0.215,0.961,-0.112,0.242,1.399,1.314,1.989
2016-06-29,1.5155,-0.23,0.949,-0.126,0.216,1.371,1.257,2.004
2016-06-30,1.4697,-0.217,0.867,-0.13,0.182,1.258,1.163,1.981
2016-07-01,1.4441,-0.253,0.863,-0.126,0.158,1.23,1.15,1.954
2016-07-04,1.4441,-0.24,0.833,-0.141,0.162,1.247,1.151,2.007
2016-07-05,1.375,-0.247,0.771,-0.185,0.132,1.262,1.19,1.943
2016-07-06,1.3682,-0.265,0.765,-0.176,0.132,1.243,1.174,1.864
2016-07-07,1.385,-0.274,0.781,-0.17,0.134,1.243,1.181,1.867
2016-07-08,1.3579,-0.282,0.735,-0.189,0.103,1.194,1.147,1.883
2016-07-11,1.4303,-0.267,0.758,-0.168,0.121,1.203,1.156,1.902
2016-07-12,1.51,-0.27,0.828,-0.091,0.191,1.225,1.175,1.944
2016-07-13,1.4743,-0.28,0.745,-0.062,0.147,1.208,1.148,1.976
2016-07-14,1.5356,-0.257,0.794,-0.04,0.186,1.218,1.169,1.958
2016-07-15,1.5509,-0.225,0.834,0.006,0.231,1.255,1.227,1.972
2016-07-18,1.5818,-0.225,0.824,-0.016,0.214,1.251,1.241,1.99
2016-07-19,1.5526,-0.219,0.801,-0.03,0.204,1.235,1.188,1.92
2016-07-20,1.5801,-0.232,0.835,-0.011,0.22,1.241,1.157,1.92
2016-07-21,1.556,-0.216,0.834,-0.017,0.217,1.245,1.124,1.925
2016-07-22,1.5663,-0.22,0.798,-0.03,0.21,1.234,1.114,1.906
2016-07-25,1.5731,-0.24,0.81,-0.041,0.193,1.236,1.114,1.913
2016-07-26,1.5611,-0.245,0.822,-0.027,0.195,1.249,1.111,1.921
2016-07-27,1.4976,-0.287,0.738,-0.079,0.139,1.212,1.102,1.953
2016-07-28,1.5044,-0.27,0.713,-0.09,0.131,1.199,1.088,1.866
2016-07-29,1.4531,-0.19,0.685,-0.119,0.103,1.169,1.019,1.874
2016-08-01,1.5214,-0.135,0.73,-0.098,0.128,1.181,1.026,1.874
2016-08-02,1.5558,-0.075,0.808,-0.036,0.189,1.216,1.076,1.819
2016-08-03,1.542,-0.083,0.802,-0.038,0.19,1.218,1.087,1.929
2016-08-04,1.5008,-0.078,0.643,-0.095,0.132,1.146,1.023,1.945
2016-08-05,1.5885,-0.093,0.672,-0.067,0.155,1.137,1.015,1.87
2016-08-08,1.592,-0.039,0.612,-0.065,0.153,1.122,0.99,1.954
2016-08-09,1.547,-0.077,0.582,-0.076,0.141,1.12,1.003,1.938
2016-08-10,1.5074,-0.095,0.527,-0.109,0.103,1.076,0.947,1.869
2016-08-11,1.5593,-0.095,0.538,-0.093,0.123,1.06,0.925,1.852
2016-08-12,1.5135,-0.102,0.518,-0.108,0.113,1.042,0.928,1.907
2016-08-15,1.5576,-0.085,0.531,-0.074,0.142,1.058,0.937,1.873
2016-08-16,1.5746,-0.085,0.585,-0.03,0.195,1.117,0.981,1.877
2016-08-17,1.5491,-0.07,0.563,-0.05,0.169,1.116,0.973,1.907
2016-08-18,1.5356,-0.082,0.55,-0.082,0.138,1.075,0.916,1.87
2016-08-19,1.5781,-0.078,0.619,-0.032,0.187,1.134,0.955,1.86
2016-08-22,1.5424,-0.06,0.56,-0.09,0.135,1.104,0.935,1.905
2016-08-23,1.5458,-0.08,0.544,-0.095,0.135,1.12,0.935,1.848
2016-08-24,1.5611,-0.068,0.553,-0.089,0.143,1.126,0.932,1.842
2016-08-25,1.5731,-0.085,0.572,-0.07,0.163,1.132,0.922,1.854
2016-08-26,1.6296,-0.07,0.564,-0.072,0.169,1.134,0.944,1.854
2016-08-29,1.5595,-0.063,0.564,-0.083,0.161,1.12,0.936,1.879
2016-08-30,1.5663,-0.075,0.638,-0.091,0.146,1.106,0.95,1.838
2016-08-31,1.58,-0.063,0.642,-0.065,0.179,1.145,1.013,1.824
2016-09-01,1.5681,-0.048,0.668,-0.066,0.178,1.172,1.056,1.843
2016-09-02,1.6024,-0.033,0.727,-0.043,0.189,1.171,1.029,1.853
2016-09-05,1.6024,-0.033,0.718,-0.048,0.243,1.159,1.009,1.892
2016-09-06,1.534,-0.018,0.661,-0.111,0.174,1.088,0.929,1.902
2016-09-07,1.5391,-0.048,0.679,-0.117,0.166,1.08,0.93,1.829
2016-09-08,1.599,-0.034,0.758,-0.062,0.23,1.154,0.987,1.862
2016-09-09,1.6749,-0.015,0.859,0.011,0.306,1.248,1.082,1.964
2016-09-12,1.6629,-0.002,0.866,0.038,0.334,1.277,1.083,2.048
2016-09-13,1.7271,-0.013,0.911,0.071,0.369,1.321,1.102,2.065
2016-09-14,1.6976,-0.021,0.874,0.021,0.319,1.294,1.072,2.093
2016-09-15,1.6907,-0.038,0.891,0.032,0.333,1.333,1.072,2.107
2016-09-16,1.6926,-0.039,0.873,0.007,0.309,1.342,1.078,2.107
2016-09-19,1.7118,-0.039,0.877,0.016,0.32,1.312,1.034,2.117
2016-09-20,1.6892,-0.063,0.806,-0.018,0.281,1.251,0.984,2.115
2016-09-21,1.6511,-0.027,0.806,0.002,0.3,1.282,1.0,2.128
2016-09-22,1.6183,-0.027,0.707,-0.096,0.199,1.189,0.919,2.034
2016-09-23,1.6184,-0.045,0.73,-0.082,0.215,1.214,0.967,1.998
2016-09-26,1.5839,-0.064,0.697,-0.116,0.183,1.184,0.918,1.97
2016-09-27,1.5564,-0.074,0.672,-0.139,0.166,1.208,0.898,1.97
2016-09-28,1.5719,-0.09,0.679,-0.145,0.161,1.183,0.897,1.946
2016-09-29,1.5599,-0.08,0.722,-0.117,0.186,1.211,0.917,1.971
2016-09-30,1.5944,-0.089,0.746,-0.119,0.186,1.188,0.88,1.908
2016-10-03,1.6221,-0.068,0.733,-0.093,0.227,1.266,0.936,1.908
2016-10-04,1.6864,-0.072,0.779,-0.054,0.266,1.306,0.977,2.069
2016-10-05,1.7021,-0.057,0.815,-0.005,0.328,1.361,1.036,2.125
2016-10-06,1.7372,-0.058,0.871,-0.018,0.284,1.342,1.009,2.165
2016-10-07,1.7181,-0.059,0.969,0.02,0.315,1.383,1.015,2.172
2016-10-10,1.7181,-0.059,1.022,0.056,0.346,1.396,1.027,2.186
2016-10-11,1.7638,-0.045,0.979,0.025,0.321,1.376,1.016,2.249
2016-10-12,1.7692,-0.056,1.043,0.067,0.364,1.418,1.063,2.303
2016-10-13,1.7411,-0.056,1.024,0.038,0.329,1.378,1.117,2.245
2016-10-14,1.7977,-0.054,1.097,0.058,0.337,1.38,1.125,2.263
2016-10-17,1.766,-0.052,1.123,0.055,0.341,1.4,1.113,2.308
2016-10-18,1.7379,-0.05,1.08,0.035,0.32,1.382,1.098,2.333
2016-10-19,1.7432,-0.057,1.082,0.03,0.311,1.385,1.113,2.297
2016-10-20,1.7556,-0.065,1.077,0.003,0.282,1.369,1.104,2.287
2016-10-21,1.7347,-0.052,1.087,0.006,0.287,1.374,1.115,2.287
2016-10-24,1.7647,-0.051,1.082,0.023,0.302,1.391,1.105,2.24
2016-10-25,1.756,-0.065,1.089,0.03,0.307,1.383,1.083,2.276
2016-10-26,1.7931,-0.064,1.152,0.085,0.37,1.458,1.129,2.265
2016-10-27,1.8536,-0.052,1.253,0.17,0.454,1.531,1.197,2.331
2016-10-28,1.8468,-0.042,1.26,0.167,0.467,1.585,1.231,2.377
2016-10-31,1.8255,-0.048,1.245,0.163,0.467,1.663,1.199,2.346
2016-11-01,1.8274,-0.046,1.281,0.179,0.502,1.752,1.297,2.383
2016-11-02,1.8025,-0.063,1.17,0.131,0.449,1.664,1.206,2.344
2016-11-03,1.8115,-0.063,1.201,0.158,0.47,1.694,1.233,2.3
2016-11-04,1.7762,-0.062,1.13,0.135,0.464,1.754,1.268,2.329
2016-11-07,1.8261,-0.046,1.202,0.154,0.465,1.706,1.244,2.349
2016-11-08,1.8547,-0.061,1.237,0.188,0.5,1.721,1.254,2.353
2016-11-09,2.0571,-0.067,1.257,0.203,0.541,1.753,1.277,2.223
2016-11-10,2.1501,-0.037,1.342,0.274,0.678,1.897,1.39,2.5
2016-11-11,2.1501,-0.022,1.364,0.308,0.748,2.02,1.474,2.566
2016-11-14,2.2614,-0.009,1.408,0.319,0.797,2.079,1.519,2.657
2016-11-15,2.2189,0.009,1.379,0.308,0.728,1.963,1.458,2.658
2016-11-16,2.2225,0.027,1.383,0.297,0.741,2.033,1.544,2.641
2016-11-17,2.3026,0.011,1.41,0.279,0.745,2.094,1.593,2.568
2016-11-18,2.3548,0.04,1.455,0.272,0.76,2.093,1.593,2.719
2016-11-21,2.3154,0.03,1.426,0.274,0.758,2.07,1.611,2.687
2016-11-22,2.3119,0.033,1.362,0.221,0.709,2.025,1.525,2.672
2016-11-23,2.3498,0.033,1.449,0.262,0.782,2.117,1.596,2.705
2016-11-24,2.3498,0.032,1.436,0.259,0.791,2.131,1.589,2.752
2016-11-25,2.3572,0.042,1.417,0.24,0.795,2.088,1.573,2.761
2016-11-28,2.3124,0.022,1.38,0.205,0.768,2.068,1.562,2.697
2016-11-29,2.291,0.02,1.37,0.221,0.7,1.944,1.51,2.704
2016-11-30,2.3809,0.025,1.418,0.275,0.752,1.988,1.551,2.723
2016-12-01,2.4481,0.031,1.497,0.369,0.818,2.05,1.615,2.783
2016-12-02,2.3831,0.04,1.38,0.281,0.719,1.902,1.543,2.863
2016-12-05,2.3941,0.041,1.403,0.333,0.79,1.984,1.552,2.793
2016-12-06,2.3887,0.05,1.418,0.373,0.806,1.943,1.492,2.822
2016-12-07,2.3401,0.032,1.359,0.347,0.76,1.887,1.424,2.797
2016-12-08,2.4071,0.049,1.382,0.382,0.809,1.997,1.504,2.732
2016-12-09,2.4675,0.061,1.453,0.365,0.813,2.04,1.514,2.815
2016-12-12,2.4712,0.088,1.467,0.399,0.868,1.995,1.499,2.855
2016-12-13,2.4713,0.086,1.441,0.36,0.797,1.874,1.431,2.82
2016-12-14,2.5707,0.059,1.386,0.301,0.739,1.795,1.402,2.79
2016-12-15,2.5967,0.09,1.488,0.365,0.777,1.826,1.421,2.869
2016-12-16,2.5916,0.081,1.438,0.314,0.767,1.873,1.424,2.831
2016-12-19,2.5382,0.088,1.399,0.247,0.712,1.819,1.363,2.861
2016-12-20,2.5586,0.071,1.407,0.269,0.719,1.839,1.337,2.846
2016-12-21,2.5348,0.061,1.393,0.247,0.703,1.822,1.367,2.822
2016-12-22,2.5515,0.056,1.372,0.26,0.733,1.852,1.401,2.832
2016-12-23,2.5373,0.056,1.345,0.221,0.694,1.822,1.377,2.872
2016-12-26,2.5373,0.061,1.345,0.221,0.694,1.822,1.377,2.872
2016-12-27,2.5596,0.064,1.345,0.207,0.672,1.846,1.391,2.872
2016-12-28,2.508,0.06,1.297,0.195,0.674,1.812,1.342,2.853
2016-12-29,2.475,0.04,1.235,0.175,0.652,1.795,1.326,2.778
2016-12-30,2.4443,0.046,1.239,0.208,0.686,1.815,1.384,2.765
2017-01-02,2.4443,0.046,1.239,0.189,0.67,1.743,1.332,2.765
2017-01-03,2.4444,0.046,1.33,0.264,0.778,1.865,1.419,2.748
2017-01-04,2.439,0.065,1.335,0.276,0.81,1.869,1.433,2.792
2017-01-05,2.3443,0.06,1.292,0.243,0.792,1.931,1.48,2.742
2017-01-06,2.4193,0.059,1.383,0.298,0.831,1.961,1.54,2.681
2017-01-09,2.3647,0.059,1.335,0.278,0.798,1.893,1.471,2.763
2017-01-10,2.3757,0.064,1.362,0.285,0.806,1.913,1.474,2.714
2017-01-11,2.3721,0.065,1.347,0.328,0.776,1.866,1.414,2.73
2017-01-12,2.3631,0.04,1.299,0.316,0.778,1.893,1.403,2.667
2017-01-13,2.3964,0.05,1.364,0.338,0.804,1.896,1.431,2.692
2017-01-16,2.3964,0.053,1.312,0.323,0.803,1.912,1.429,2.697
2017-01-17,2.3253,0.047,1.309,0.321,0.792,1.915,1.392,2.698
2017-01-18,2.4296,0.057,1.336,0.355,0.826,1.961,1.448,2.682
2017-01-19,2.4739,0.077,1.408,0.379,0.86,1.989,1.479,2.759
2017-01-20,2.4668,0.066,1.431,0.421,0.906,2.023,1.505,2.783
2017-01-23,2.3971,0.057,1.367,0.363,0.855,1.991,1.435,2.758
2017-01-24,2.4652,0.052,1.402,0.408,0.899,2.043,1.507,2.695
2017-01-25,2.5116,0.074,1.471,0.464,0.969,2.111,1.54,2.73
2017-01-26,2.5043,0.091,1.515,0.484,1.027,2.234,1.571,2.73
2017-01-27,2.4843,0.084,1.471,0.462,1.031,2.227,1.587,2.779
2017-01-30,2.4881,0.085,1.444,0.449,1.058,2.328,1.63,2.724
2017-01-31,2.4531,0.087,1.417,0.436,1.038,2.262,1.598,2.713
2017-02-01,2.4699,0.098,1.449,0.468,1.087,2.313,1.679,2.737
2017-02-02,2.4737,0.116,1.383,0.427,1.046,2.234,1.641,2.77
2017-02-03,2.4648,0.1,1.352,0.412,1.08,2.265,1.682,2.795
2017-02-06,2.4077,0.106,1.317,0.37,1.139,2.376,1.786,2.764
2017-02-07,2.3931,0.108,1.289,0.35,1.113,2.367,1.771,2.696
2017-02-08,2.3363,0.098,1.212,0.296,1.006,2.246,1.696,2.695
2017-02-09,2.3948,0.099,1.246,0.312,0.987,2.173,1.625,2.643
2017-02-10,2.4073,0.092,1.256,0.32,1.057,2.271,1.702,2.696
2017-02-13,2.4358,0.093,1.293,0.331,1.023,2.225,1.662,2.706
2017-02-14,2.4698,0.098,1.31,0.366,1.051,2.233,1.667,2.737
2017-02-15,2.4932,0.091,1.297,0.373,1.053,2.242,1.683,2.788
2017-02-16,2.4467,0.099,1.259,0.349,1.016,2.156,1.603,2.8
2017-02-17,2.4147,0.094,1.211,0.302,1.038,2.19,1.636,2.803
2017-02-20,2.4147,0.102,1.228,0.296,1.061,2.184,1.609,2.79
2017-02-21,2.429,0.095,1.236,0.301,1.092,2.247,1.682,2.8
2017-02-22,2.4129,0.083,1.203,0.279,1.016,2.194,1.693,2.834
2017-02-23,2.372,0.084,1.154,0.233,0.985,2.225,1.686,2.785
2017-02-24,2.3117,0.068,1.078,0.186,0.928,2.195,1.698,2.73
2017-02-27,2.365,0.054,1.15,0.198,0.877,2.134,1.659,2.711
2017-02-28,2.3899,0.056,1.151,0.208,0.89,2.086,1.655,2.722
2017-03-01,2.4526,0.065,1.194,0.282,0.917,2.124,1.691,2.802
2017-03-02,2.4779,0.069,1.212,0.317,0.927,2.139,1.702,2.786
2017-03-03,2.478,0.078,1.185,0.356,0.941,2.1,1.678,2.807
2017-03-06,2.4997,0.074,1.213,0.342,0.965,2.165,1.728,2.804
2017-03-07,2.5179,0.076,1.193,0.319,0.963,2.192,1.738,2.822
2017-03-08,2.5597,0.08,1.218,0.37,1.022,2.254,1.811,2.863
2017-03-09,2.6053,0.096,1.225,0.426,1.083,2.312,1.839,2.929
2017-03-10,2.5745,0.089,1.231,0.485,1.116,2.367,1.889,2.977
2017-03-13,2.6258,0.09,1.247,0.471,1.093,2.363,1.906,2.936
2017-03-14,2.6002,0.097,1.224,0.445,1.089,2.341,1.871,2.922
2017-03-15,2.493,0.097,1.211,0.415,1.04,2.302,1.839,2.917
2017-03-16,2.5402,0.075,1.249,0.448,1.092,2.366,1.899,2.816
2017-03-17,2.5005,0.075,1.244,0.435,1.109,2.357,1.881,2.861
2017-03-20,2.4607,0.075,1.234,0.44,1.121,2.363,1.847,2.823
2017-03-21,2.4175,0.066,1.253,0.459,1.098,2.319,1.815,2.808
2017-03-22,2.405,0.061,1.176,0.408,1.047,2.262,1.737,2.755
2017-03-23,2.4194,0.057,1.229,0.431,1.043,2.272,1.731,2.755
2017-03-24,2.4123,0.065,1.196,0.403,0.985,2.224,1.693,2.75
2017-03-27,2.3782,0.056,1.167,0.402,0.974,2.197,1.688,2.708
2017-03-28,2.4178,0.058,1.192,0.388,0.961,2.161,1.68,2.699
2017-03-29,2.3765,0.058,1.15,0.344,0.932,2.137,1.643,2.722
2017-03-30,2.4197,0.068,1.121,0.333,0.943,2.148,1.649,2.69
2017-03-31,2.3874,0.07,1.139,0.328,0.97,2.318,1.667,2.701
2017-04-03,2.3193,0.075,1.064,0.277,0.951,2.323,1.643,2.675
2017-04-04,2.3605,0.066,1.067,0.257,0.927,2.276,1.617,2.605
2017-04-05,2.3354,0.066,1.092,0.258,0.923,2.271,1.62,2.605
2017-04-06,2.3408,0.06,1.099,0.263,0.899,2.27,1.632,2.581
2017-04-07,2.3822,0.061,1.075,0.228,0.893,2.22,1.614,2.551
2017-04-10,2.3661,0.059,1.077,0.207,0.931,2.241,1.613,2.573
2017-04-11,2.2962,0.037,1.053,0.204,0.964,2.281,1.644,2.531
2017-04-12,2.2392,0.029,1.05,0.198,0.93,2.3,1.67,2.504
2017-04-13,2.2374,0.031,1.043,0.187,0.918,2.317,1.707,2.474
2017-04-14,2.2374,0.01,1.043,0.187,0.918,2.317,1.707,2.474
2017-04-17,2.2498,0.008,1.043,0.187,0.918,2.317,1.707,2.474
2017-04-18,2.1682,0.01,1.014,0.156,0.894,2.261,1.67,2.488
2017-04-19,2.2143,0.011,1.065,0.203,0.953,2.276,1.677,2.456
2017-04-20,2.232,0.02,1.069,0.244,0.928,2.268,1.7,2.503
2017-04-21,2.248,0.016,1.034,0.253,0.94,2.262,1.695,2.538
2017-04-24,2.273,0.022,1.051,0.329,0.831,2.181,1.605,2.595
2017-04-25,2.3322,0.026,1.085,0.378,0.9,2.266,1.675,2.595
2017-04-26,2.3035,0.016,1.083,0.352,0.89,2.312,1.699,2.629
2017-04-27,2.2946,0.023,1.064,0.296,0.829,2.244,1.626,2.613
2017-04-28,2.2802,0.018,1.085,0.317,0.836,2.282,1.648,2.575
2017-05-01,2.318,0.014,1.085,0.317,0.836,2.282,1.648,2.575
2017-05-02,2.2803,0.021,1.088,0.328,0.818,2.307,1.654,2.601
2017-05-03,2.318,0.021,1.073,0.326,0.806,2.261,1.612,2.59
2017-05-04,2.3541,0.021,1.116,0.394,0.829,2.253,1.6,2.641
2017-05-05,2.3487,0.021,1.117,0.418,0.845,2.165,1.558,2.648
2017-05-08,2.3868,0.027,1.147,0.418,0.845,2.243,1.588,2.673
2017-05-09,2.3977,0.04,1.202,0.43,0.867,2.281,1.621,2.682
2017-05-10,2.4141,0.042,1.166,0.422,0.846,2.25,1.606,2.656
2017-05-11,2.3874,0.054,1.159,0.432,0.878,2.294,1.647,2.652
2017-05-12,2.3257,0.047,1.086,0.391,0.843,2.252,1.627,2.635
2017-05-15,2.3433,0.044,1.138,0.42,0.88,2.277,1.632,2.586
2017-05-16,2.3257,0.046,1.131,0.435,0.891,2.237,1.628,2.581
2017-05-17,2.2243,0.046,1.068,0.378,0.835,2.155,1.564,2.529
2017-05-18,2.2294,0.047,1.058,0.343,0.802,2.148,1.567,2.5
2017-05-19,2.2346,0.04,1.093,0.368,0.808,2.137,1.579,2.475
2017-05-22,2.2537,0.053,1.088,0.397,0.847,2.138,1.623,2.488
2017-05-23,2.2799,0.049,1.082,0.41,0.845,2.122,1.618,2.444
2017-05-24,2.2502,0.053,1.072,0.403,0.836,2.137,1.61,2.484
2017-05-25,2.2554,0.05,1.037,0.362,0.793,2.119,1.584,2.44
2017-05-26,2.2465,0.042,1.012,0.331,0.758,2.1,1.543,2.41
2017-05-29,2.2465,0.039,1.012,0.298,0.742,2.182,1.555,2.415
2017-05-30,2.2098,0.043,0.994,0.292,0.729,2.18,1.528,2.391
2017-05-31,2.2028,0.049,1.046,0.304,0.734,2.203,1.553,2.387
2017-06-01,2.2114,0.047,1.073,0.305,0.735,2.256,1.563,2.396
2017-06-02,2.1591,0.055,1.038,0.274,0.709,2.261,1.572,2.412
2017-06-05,2.1817,0.05,1.041,0.287,0.722,2.274,1.579,2.392
2017-06-06,2.1451,0.042,0.984,0.252,0.669,2.256,1.539,2.373
2017-06-07,2.1729,0.047,1.001,0.269,0.694,2.3,1.568,2.383
2017-06-08,2.1885,0.069,1.033,0.256,0.646,2.178,1.476,2.404
2017-06-09,2.2005,0.056,1.005,0.264,0.647,2.087,1.444,2.401
2017-06-12,2.2145,0.058,0.967,0.249,0.598,2.02,1.445,2.401
2017-06-13,2.2109,0.064,1.033,0.266,0.608,1.981,1.436,2.398
2017-06-14,2.1256,0.07,0.927,0.226,0.583,1.939,1.382,2.403
2017-06-15,2.1637,0.053,1.031,0.282,0.628,1.967,1.416,2.358
2017-06-16,2.1514,0.056,1.018,0.276,0.632,1.986,1.456,2.407
2017-06-19,2.1879,0.055,1.03,0.281,0.629,1.954,1.448,2.406
2017-06-20,2.1565,0.057,0.995,0.262,0.603,1.909,1.385,2.418
2017-06-21,2.1634,0.062,1.032,0.265,0.603,1.907,1.37,2.392
2017-06-22,2.1477,0.058,1.015,0.252,0.6,1.907,1.386,2.376
2017-06-23,2.1423,0.057,1.031,0.255,0.607,1.916,1.381,2.371
2017-06-26,2.137,0.054,1.011,0.245,0.597,1.899,1.377,2.374
2017-06-27,2.2051,0.047,1.09,0.37,0.734,2.06,1.495,2.354
2017-06-28,2.2279,0.064,1.154,0.368,0.717,2.032,1.429,2.457
2017-06-29,2.2666,0.063,1.25,0.452,0.806,2.152,1.533,2.504
2017-06-30,2.3037,0.086,1.257,0.466,0.815,2.158,1.539,2.598
2017-07-03,2.3499,0.086,1.264,0.476,0.828,2.135,1.526,2.668
2017-07-04,2.3499,0.081,1.247,0.475,0.821,2.112,1.525,2.622
2017-07-05,2.3232,0.092,1.26,0.47,0.817,2.159,1.571,2.63
2017-07-06,2.3659,0.104,1.316,0.562,0.918,2.268,1.678,2.64
2017-07-07,2.3856,0.087,1.305,0.573,0.94,2.343,1.732,2.73
2017-07-10,2.373,0.094,1.268,0.54,0.91,2.28,1.671,2.739
2017-07-11,2.3605,0.096,1.275,0.55,0.918,2.325,1.693,2.749
2017-07-12,2.3177,0.089,1.261,0.579,0.863,2.259,1.643,2.72
2017-07-13,2.3444,0.084,1.302,0.603,0.881,2.331,1.705,2.687
2017-07-14,2.3319,0.083,1.31,0.597,0.862,2.29,1.651,2.718
2017-07-17,2.3141,0.083,1.27,0.581,0.845,2.237,1.592,2.731
2017-07-18,2.259,0.072,1.207,0.554,0.816,2.194,1.555,2.744
2017-07-19,2.2696,0.075,1.192,0.542,0.801,2.193,1.559,2.723
2017-07-20,2.2589,0.078,1.205,0.53,0.776,2.114,1.485,2.737
2017-07-21,2.2375,0.067,1.175,0.506,0.752,2.072,1.451,2.698
2017-07-24,2.2552,0.072,1.188,0.508,0.75,2.055,1.485,2.678
2017-07-25,2.3354,0.076,1.258,0.566,0.815,2.146,1.552,2.69
2017-07-26,2.2872,0.079,1.233,0.561,0.817,2.129,1.547,2.73
2017-07-27,2.3103,0.073,1.203,0.536,0.804,2.095,1.507,2.689
2017-07-28,2.2889,0.076,1.218,0.542,0.806,2.122,1.525,2.684
2017-07-31,2.2942,0.083,1.23,0.543,0.802,2.094,1.5,2.678
2017-08-01,2.2532,0.078,1.213,0.491,0.748,2.019,1.438,2.714
2017-08-02,2.271,0.078,1.236,0.486,0.749,2.015,1.458,2.704
2017-08-03,2.2212,0.069,1.149,0.453,0.719,1.988,1.452,2.665
2017-08-04,2.262,0.065,1.176,0.468,0.748,2.022,1.483,2.62
2017-08-07,2.253,0.072,1.139,0.459,0.738,1.994,1.459,2.62
2017-08-08,2.2619,0.07,1.157,0.474,0.758,2.005,1.454,2.627
2017-08-09,2.2476,0.058,1.109,0.428,0.717,2.013,1.43,2.642
2017-08-10,2.1975,0.063,1.082,0.415,0.712,2.035,1.458,2.657
2017-08-11,2.1888,0.063,1.062,0.382,0.678,2.031,1.458,2.588
2017-08-14,2.2185,0.058,1.071,0.406,0.704,2.022,1.438,2.618
2017-08-15,2.2728,0.05,1.084,0.433,0.726,2.048,1.473,2.648
2017-08-16,2.222,0.042,1.105,0.445,0.741,2.047,1.464,2.663
2017-08-17,2.1853,0.054,1.087,0.426,0.722,2.029,1.439,2.643
2017-08-18,2.1939,0.033,1.09,0.414,0.71,2.033,1.561,2.619
2017-08-21,2.1817,0.031,1.07,0.4,0.698,2.033,1.547,2.638
2017-08-22,2.2131,0.043,1.087,0.4,0.703,2.102,1.572,2.645
2017-08-23,2.166,0.038,1.059,0.377,0.684,2.12,1.572,2.673
2017-08-24,2.1939,0.027,1.053,0.376,0.688,2.112,1.598,2.634
2017-08-25,2.1659,0.019,1.053,0.38,0.695,2.101,1.609,2.645
2017-08-28,2.1571,0.011,1.053,0.376,0.694,2.082,1.601,2.664
2017-08-29,2.1292,0.009,1.0,0.342,0.656,2.066,1.562,2.625
2017-08-30,2.1309,0.011,1.03,0.359,0.671,2.078,1.58,2.679
2017-08-31,2.117,0.009,1.034,0.361,0.662,2.045,1.562,2.714
2017-09-01,2.1657,-0.001,1.057,0.379,0.685,2.077,1.599,2.66
2017-09-04,2.1657,-0.009,1.057,0.366,0.68,2.038,1.549,2.624
2017-09-05,2.0596,0.006,1.026,0.338,0.648,1.999,1.534,2.675
2017-09-06,2.1046,0.012,1.005,0.347,0.663,2.027,1.567,2.6
2017-09-07,2.0387,0.01,0.972,0.307,0.614,1.924,1.495,2.639
2017-09-08,2.0507,0.004,0.99,0.312,0.616,1.959,1.544,2.579
2017-09-11,2.1306,0.01,1.045,0.336,0.633,1.968,1.566,2.604
2017-09-12,2.1672,0.02,1.135,0.401,0.699,2.025,1.602,2.64
2017-09-13,2.1883,0.034,1.145,0.401,0.685,2.04,1.58,2.67
2017-09-14,2.1847,0.05,1.23,0.413,0.698,2.059,1.602,2.725
2017-09-15,2.2023,0.029,1.309,0.433,0.71,2.078,1.609,2.742
2017-09-18,2.2287,0.029,1.302,0.455,0.729,2.072,1.587,2.799
2017-09-19,2.2446,0.039,1.329,0.452,0.724,2.048,1.556,2.814
2017-09-20,2.2676,0.029,1.342,0.443,0.727,2.071,1.582,2.829
2017-09-21,2.2765,0.04,1.367,0.455,0.737,2.11,1.622,2.829
2017-09-22,2.2499,0.034,1.355,0.447,0.732,2.107,1.626,2.794
2017-09-25,2.2198,0.028,1.334,0.4,0.699,2.107,1.624,2.8
2017-09-26,2.2357,0.034,1.33,0.408,0.705,2.123,1.612,2.771
2017-09-27,2.3103,0.059,1.383,0.468,0.762,2.151,1.646,2.788
2017-09-28,2.3085,0.074,1.375,0.479,0.766,2.122,1.626,2.861
2017-09-29,2.3336,0.068,1.365,0.464,0.743,2.111,1.604,2.839
2017-10-02,2.3408,0.075,1.328,0.451,0.737,2.156,1.694,2.839
2017-10-03,2.3229,0.074,1.353,0.463,0.751,2.166,1.723,2.841
2017-10-04,2.3229,0.055,1.378,0.453,0.747,2.195,1.784,2.807
2017-10-05,2.348,0.046,1.387,0.456,0.735,2.15,1.699,2.782
2017-10-06,2.3589,0.056,1.363,0.459,0.735,2.147,1.709,2.815
2017-10-09,2.3589,0.056,1.357,0.444,0.718,2.114,1.677,2.821
2017-10-10,2.3607,0.055,1.363,0.442,0.717,2.127,1.695,2.831
2017-10-11,2.3481,0.066,1.38,0.463,0.885,2.163,1.638,2.817
2017-10-12,2.3177,0.067,1.381,0.445,0.863,2.118,1.637,2.802
2017-10-13,2.273,0.064,1.367,0.403,0.817,2.084,1.611,2.792
2017-10-16,2.3034,0.064,1.336,0.372,0.787,2.035,1.582,2.748
2017-10-17,2.2998,0.07,1.276,0.365,0.777,2.0,1.547,2.763
2017-10-18,2.3465,0.073,1.315,0.396,0.807,2.041,1.619,2.724
2017-10-19,2.3178,0.067,1.279,0.395,0.811,2.029,1.635,2.763
2017-10-20,2.3845,0.075,1.331,0.452,0.862,2.043,1.663,2.779
2017-10-23,2.3664,0.069,1.312,0.432,0.838,2.005,1.627,2.797
2017-10-24,2.4189,0.069,1.357,0.476,0.879,2.061,1.657,2.773
2017-10-25,2.4317,0.07,1.404,0.482,0.883,2.038,1.646,2.759
2017-10-26,2.4609,0.07,1.384,0.415,0.823,1.95,1.537,2.753
2017-10-27,2.4064,0.073,1.348,0.383,0.791,1.95,1.586,2.774
2017-10-30,2.3684,0.07,1.335,0.367,0.763,1.848,1.495,2.73
2017-10-31,2.3793,0.071,1.332,0.363,0.755,1.827,1.461,2.669
2017-11-01,2.3721,0.061,1.343,0.373,0.763,1.804,1.475,2.704
2017-11-02,2.345,0.055,1.26,0.372,0.759,1.797,1.483,2.654
2017-11-03,2.3325,0.055,1.262,0.364,0.753,1.792,1.474,2.572
2017-11-06,2.3163,0.024,1.256,0.336,0.726,1.785,1.468,2.569
2017-11-07,2.3145,0.032,1.231,0.327,0.688,1.702,1.408,2.582
2017-11-08,2.3343,0.026,1.225,0.326,0.696,1.746,1.485,2.573
2017-11-09,2.3416,0.03,1.265,0.375,0.749,1.816,1.533,2.597
2017-11-10,2.3984,0.043,1.342,0.41,0.779,1.846,1.576,2.612
2017-11-13,2.4055,0.05,1.328,0.417,0.779,1.834,1.532,2.623
2017-11-14,2.3717,0.05,1.321,0.397,0.76,1.829,1.534,2.657
2017-11-15,2.3222,0.046,1.286,0.376,0.732,1.836,1.55,2.589
2017-11-16,2.3753,0.052,1.309,0.376,0.727,1.838,1.542,2.582
2017-11-17,2.3435,0.036,1.294,0.361,0.706,1.836,1.555,2.573
2017-11-20,2.3666,0.038,1.292,0.363,0.696,1.809,1.515,2.543
2017-11-21,2.3559,0.033,1.274,0.351,0.671,1.777,1.478,2.548
2017-11-22,2.3187,0.025,1.275,0.349,0.665,1.765,1.452,2.524
2017-11-23,2.3187,0.025,1.249,0.347,0.679,1.783,1.463,2.508
2017-11-24,2.3418,0.029,1.25,0.36,0.695,1.811,1.486,2.504
2017-11-27,2.3277,0.043,1.253,0.342,0.675,1.784,1.473,2.524
2017-11-28,2.3277,0.04,1.253,0.339,0.671,1.779,1.46,2.494
2017-11-29,2.3882,0.03,1.338,0.385,0.71,1.792,1.485,2.47
2017-11-30,2.4097,0.039,1.33,0.367,0.682,1.748,1.446,2.499
2017-12-01,2.3615,0.035,1.233,0.305,0.607,1.716,1.417,2.534
2017-12-04,2.3723,0.041,1.287,0.344,0.652,1.716,1.414,2.544
2017-12-05,2.3509,0.046,1.257,0.32,0.623,1.706,1.413,2.599
2017-12-06,2.3385,0.055,1.228,0.295,0.611,1.727,1.434,2.508
2017-12-07,2.3634,0.057,1.253,0.293,0.61,1.678,1.41,2.513
2017-12-08,2.376,0.053,1.279,0.307,0.633,1.651,1.401,2.529
2017-12-11,2.3886,0.05,1.202,0.293,0.623,1.655,1.413,2.558
2017-12-12,2.4011,0.047,1.223,0.314,0.643,1.708,1.462,2.519
2017-12-13,2.3422,0.05,1.216,0.314,0.659,1.797,1.497,2.523
2017-12-14,2.3493,0.05,1.174,0.316,0.646,1.794,1.447,2.555
2017-12-15,2.353,0.046,1.15,0.301,0.632,1.812,1.459,2.523
2017-12-18,2.3942,0.042,1.148,0.309,0.631,1.802,1.436,2.531
2017-12-19,2.4644,0.042,1.205,0.379,0.706,1.913,1.485,2.575
2017-12-20,2.497,0.06,1.25,0.405,0.734,1.938,1.476,2.633
2017-12-21,2.4826,0.061,1.262,0.417,0.737,1.907,1.467,2.665
2017-12-22,2.481,0.048,1.241,0.42,0.742,1.912,1.472,2.711
2017-12-25,2.481,0.04,1.241,0.42,0.742,1.912,1.472,2.711
2017-12-26,2.4756,0.049,1.241,0.42,0.742,1.912,1.472,2.711
2017-12-27,2.4107,0.056,1.172,0.385,0.719,1.92,1.47,2.691
2017-12-28,2.4305,0.058,1.197,0.424,0.768,1.956,1.52,2.667
2017-12-29,2.4054,0.048,1.19,0.427,0.785,2.016,1.567,2.63
2018-01-01,2.4054,0.048,1.19,0.427,0.785,2.016,1.567,2.63
2018-01-02,2.4633,0.048,1.287,0.467,0.823,2.095,1.614,2.69
2018-01-03,2.4471,0.048,1.213,0.442,0.797,2.067,1.598,2.718
2018-01-04,2.4525,0.057,1.234,0.434,0.786,2.014,1.543,2.68
2018-01-05,2.4763,0.063,1.244,0.439,0.797,2.006,1.522,2.638
2018-01-08,2.48,0.063,1.236,0.431,0.788,1.984,1.482,2.651
2018-01-09,2.553,0.071,1.283,0.466,0.818,2.035,1.515,2.673
2018-01-10,2.5568,0.086,1.286,0.543,0.813,2.038,1.551,2.719
2018-01-11,2.5367,0.072,1.309,0.581,0.863,2.051,1.538,2.734
2018-01-12,2.5462,0.078,1.339,0.581,0.852,1.983,1.501,2.753
2018-01-15,2.5462,0.077,1.323,0.587,0.861,2.002,1.531,2.771
2018-01-16,2.5371,0.083,1.303,0.562,0.837,1.971,1.502,2.774
2018-01-17,2.5904,0.09,1.308,0.562,0.838,2.0,1.502,2.789
2018-01-18,2.6256,0.084,1.33,0.573,0.849,1.989,1.493,2.812
2018-01-19,2.6592,0.085,1.337,0.568,0.842,1.963,1.443,2.866
2018-01-22,2.65,0.079,1.358,0.567,0.843,1.923,1.393,2.862
2018-01-23,2.6131,0.076,1.353,0.561,0.842,1.889,1.358,2.831
2018-01-24,2.6465,0.084,1.407,0.588,0.859,1.909,1.358,2.826
2018-01-25,2.617,0.085,1.412,0.612,0.884,1.963,1.41,2.846
2018-01-26,2.6599,0.078,1.444,0.629,0.913,2.007,1.409,2.846
2018-01-29,2.6936,0.089,1.453,0.694,0.97,2.026,1.419,2.852
2018-01-30,2.7199,0.097,1.46,0.683,0.963,2.03,1.409,2.861
2018-01-31,2.705,0.085,1.51,0.697,0.968,2.029,1.427,2.813
2018-02-01,2.7896,0.1,1.531,0.721,0.977,1.965,1.409,2.803
2018-02-02,2.8411,0.086,1.577,0.767,1.018,2.05,1.472,2.83
2018-02-05,2.7056,0.084,1.558,0.736,0.996,2.026,1.459,2.936
2018-02-06,2.8016,0.078,1.521,0.692,0.956,1.988,1.426,2.822
2018-02-07,2.8359,0.076,1.551,0.745,0.984,1.95,1.415,2.843
2018-02-08,2.824,0.081,1.617,0.762,0.996,1.993,1.45,2.889
2018-02-09,2.8512,0.066,1.57,0.745,0.985,2.049,1.48,2.862
2018-02-12,2.8585,0.066,1.601,0.757,0.995,2.037,1.481,2.912
2018-02-13,2.8294,0.071,1.618,0.75,0.996,2.085,1.524,2.876
2018-02-14,2.9022,0.065,1.64,0.757,0.995,2.065,1.514,2.851
2018-02-15,2.9095,0.067,1.646,0.764,1.008,2.065,1.507,2.921
2018-02-16,2.8749,0.059,1.581,0.706,0.953,1.985,1.461,2.924
2018-02-19,2.8749,0.062,1.602,0.735,0.992,2.043,1.511,2.887
2018-02-20,2.8896,0.066,1.585,0.735,1.002,2.069,1.531,2.901
2018-02-21,2.95,0.056,1.555,0.721,0.988,2.049,1.513,2.862
2018-02-22,2.9207,0.056,1.546,0.706,0.981,2.075,1.518,2.873
2018-02-23,2.866,0.053,1.521,0.653,0.933,2.067,1.597,2.848
2018-02-26,2.8623,0.047,1.509,0.652,0.933,2.017,1.556,2.777
2018-02-27,2.8934,0.047,1.561,0.679,0.949,2.005,1.565,2.757
2018-02-28,2.8606,0.053,1.501,0.656,0.918,1.974,1.539,2.808
2018-03-01,2.8078,0.043,1.467,0.644,0.909,1.947,1.507,2.752
2018-03-02,2.8643,0.068,1.474,0.651,0.92,1.97,1.55,2.734
2018-03-05,2.8808,0.043,1.495,0.643,0.907,2.003,1.498,2.744
2018-03-06,2.8863,0.056,1.521,0.675,0.928,1.997,1.491,2.822
2018-03-07,2.8827,0.05,1.494,0.655,0.899,1.955,1.45,2.794
2018-03-08,2.8571,0.054,1.474,0.628,0.864,1.985,1.408,2.804
2018-03-09,2.8938,0.053,1.492,0.648,0.891,2.011,1.436,2.783
2018-03-12,2.8681,0.053,1.494,0.632,0.872,2.003,1.405,2.818
2018-03-13,2.8426,0.053,1.487,0.619,0.862,1.994,1.397,2.804
2018-03-14,2.817,0.05,1.437,0.593,0.837,2.014,1.399,2.738
2018-03-15,2.828,0.046,1.438,0.576,0.822,1.987,1.382,2.705
2018-03-16,2.8445,0.038,1.429,0.571,0.817,1.983,1.375,2.692
2018-03-19,2.8555,0.043,1.445,0.569,0.817,1.965,1.341,2.704
2018-03-20,2.8959,0.043,1.485,0.585,0.825,1.897,1.308,2.7
2018-03-21,2.883,0.043,1.527,0.592,0.829,1.933,1.335,2.698
2018-03-22,2.8244,0.038,1.44,0.529,0.769,1.886,1.292,2.7
2018-03-23,2.8135,0.024,1.445,0.527,0.759,1.877,1.269,2.651
2018-03-26,2.852,0.024,1.44,0.524,0.757,1.912,1.261,2.662
2018-03-27,2.7753,0.038,1.421,0.504,0.731,1.875,1.237,2.654
2018-03-28,2.7807,0.039,1.366,0.503,0.731,1.841,1.213,2.589
2018-03-29,2.7389,0.04,1.35,0.497,0.721,1.786,1.164,2.601
2018-03-30,2.7389,0.049,1.35,0.497,0.721,1.786,1.164,2.601
2018-04-02,2.7298,0.045,1.35,0.497,0.721,1.786,1.164,2.601
2018-04-03,2.7753,0.03,1.359,0.501,0.73,1.794,1.19,2.606
2018-04-04,2.8027,0.033,1.368,0.5,0.722,1.742,1.166,2.632
2018-04-05,2.832,0.046,1.418,0.524,0.756,1.794,1.234,2.665
2018-04-06,2.7735,0.046,1.396,0.497,0.736,1.786,1.232,2.656
2018-04-09,2.779,0.04,1.407,0.504,0.738,1.772,1.238,2.673
2018-04-10,2.8009,0.036,1.407,0.516,0.755,1.796,1.262,2.704
2018-04-11,2.7808,0.035,1.389,0.499,0.739,1.803,1.272,2.678
2018-04-12,2.8358,0.037,1.456,0.515,0.751,1.814,1.254,2.663
2018-04-13,2.8267,0.038,1.435,0.511,0.741,1.797,1.238,2.736
2018-04-16,2.8267,0.047,1.463,0.525,0.751,1.802,1.244,2.745
2018-04-17,2.8285,0.045,1.436,0.507,0.73,1.759,1.221,2.763
2018-04-18,2.8728,0.038,1.414,0.531,0.749,1.717,1.217,2.748
2018-04-19,2.9098,0.043,1.52,0.6,0.819,1.781,1.284,2.783
2018-04-20,2.9602,0.06,1.479,0.59,0.811,1.778,1.282,2.807
2018-04-23,2.9752,0.067,1.539,0.636,0.847,1.795,1.313,2.865
2018-04-24,2.9995,0.058,1.539,0.631,0.846,1.767,1.299,2.838
2018-04-25,3.0259,0.067,1.539,0.634,0.855,1.777,1.302,2.838
2018-04-26,2.9809,0.06,1.504,0.593,0.817,1.747,1.27,2.862
2018-04-27,2.9568,0.055,1.445,0.571,0.796,1.741,1.262,2.823
2018-04-30,2.9531,0.055,1.418,0.559,0.786,1.785,1.28,2.769
2018-05-01,2.9644,0.043,1.405,0.559,0.786,1.785,1.28,2.756
2018-05-02,2.9663,0.045,1.457,0.581,0.803,1.79,1.311,2.795
2018-05-03,2.9458,0.045,1.39,0.532,0.761,1.739,1.254,2.81
2018-05-04,2.9497,0.045,1.4,0.544,0.782,1.797,1.299,2.77
2018-05-07,2.9497,0.045,1.4,0.532,0.768,1.759,1.276,2.755
2018-05-08,2.976,0.053,1.444,0.561,0.806,1.866,1.32,2.739
2018-05-09,3.0042,0.054,1.457,0.559,0.796,1.882,1.304,2.78
2018-05-10,2.9622,0.053,1.43,0.557,0.797,1.935,1.313,2.774
2018-05-11,2.9695,0.047,1.443,0.559,0.788,1.872,1.273,2.78
2018-05-14,3.0024,0.053,1.471,0.611,0.836,1.929,1.332,2.771
2018-05-15,3.0723,0.06,1.517,0.645,0.863,1.954,1.359,2.829
2018-05-16,3.0964,0.057,1.503,0.606,0.843,2.117,1.412,2.882
2018-05-17,3.1112,0.063,1.563,0.64,0.871,2.115,1.408,2.922
2018-05-18,3.0559,0.061,1.5,0.579,0.832,2.229,1.443,2.902
2018-05-21,3.0596,0.059,1.476,0.523,0.818,2.39,1.508,2.888
2018-05-22,3.0597,0.055,1.523,0.56,0.832,2.328,1.457,2.864
2018-05-23,2.9935,0.046,1.439,0.507,0.807,2.401,1.444,2.839
2018-05-24,2.977,0.049,1.401,0.472,0.759,2.399,1.392,2.805
2018-05-25,2.9313,0.041,1.321,0.406,0.711,2.461,1.466,2.786
2018-05-28,2.9313,0.043,1.321,0.344,0.699,2.684,1.525,2.753
2018-05-29,2.781,0.034,1.197,0.26,0.655,3.164,1.621,2.685
2018-05-30,2.855,0.035,1.257,0.372,0.69,2.916,1.533,2.646
2018-05-31,2.8586,0.04,1.23,0.341,0.668,2.794,1.503,2.67
2018-06-01,2.9022,0.048,1.278,0.386,0.709,2.689,1.441,2.702
2018-06-04,2.9424,0.051,1.297,0.418,0.726,2.538,1.33,2.731
2018-06-05,2.9277,0.054,1.283,0.369,0.696,2.789,1.396,2.725
2018-06-06,2.9717,0.055,1.374,0.465,0.804,2.939,1.502,2.761
2018-06-07,2.9204,0.055,1.4,0.484,0.827,3.062,1.471,2.842
2018-06-08,2.9461,0.047,1.388,0.449,0.818,3.131,1.47,2.775
2018-06-11,2.9516,0.049,1.407,0.493,0.907,2.838,1.441,2.775
2018-06-12,2.9608,0.054,1.401,0.491,0.88,2.862,1.451,2.802
2018-06-13,2.9663,0.054,1.369,0.482,0.842,2.806,1.411,2.776
2018-06-14,2.9351,0.043,1.334,0.426,0.767,2.737,1.349,2.722
2018-06-15,2.9205,0.038,1.328,0.403,0.733,2.609,1.297,2.693
2018-06-18,2.9169,0.04,1.324,0.398,0.724,2.554,1.254,2.672
2018-06-19,2.8967,0.034,1.283,0.373,0.703,2.557,1.241,2.621
2018-06-20,2.9389,0.039,1.297,0.377,0.711,2.549,1.247,2.654
2018-06-21,2.8967,0.04,1.277,0.335,0.705,2.732,1.336,2.673
2018-06-22,2.8949,0.035,1.319,0.337,0.709,2.694,1.353,2.649
2018-06-25,2.8803,0.035,1.294,0.327,0.718,2.826,1.35,2.629
2018-06-26,2.8766,0.038,1.303,0.34,0.739,2.889,1.393,2.641
2018-06-27,2.8256,0.039,1.245,0.321,0.714,2.809,1.355,2.626
2018-06-28,2.8365,0.036,1.263,0.319,0.706,2.78,1.365,2.616
2018-06-29,2.8601,0.036,1.278,0.302,0.665,2.68,1.321,2.631
2018-07-02,2.8711,0.025,1.255,0.304,0.657,2.651,1.298,2.595
2018-07-03,2.8309,0.033,1.243,0.294,0.638,2.636,1.292,2.615
2018-07-04,2.8309,0.029,1.277,0.305,0.645,2.654,1.299,2.584
2018-07-05,2.8291,0.038,1.258,0.299,0.644,2.73,1.329,2.594
2018-07-06,2.8217,0.033,1.267,0.292,0.642,2.715,1.309,2.624
2018-07-09,2.8564,0.04,1.252,0.3,0.64,2.667,1.294,2.611
2018-07-10,2.8491,0.045,1.302,0.32,0.656,2.671,1.278,2.633
2018-07-11,2.8491,0.043,1.294,0.367,0.649,2.689,1.304,2.609
2018-07-12,2.8454,0.04,1.282,0.357,0.639,2.624,1.286,2.629
2018-07-13,2.8271,0.04,1.273,0.34,0.618,2.551,1.263,2.629
2018-07-16,2.8582,0.04,1.28,0.363,0.65,2.577,1.279,2.635
2018-07-17,2.86,0.043,1.258,0.346,0.628,2.468,1.25,2.657
2018-07-18,2.8692,0.045,1.226,0.342,0.63,2.505,1.28,2.635
2018-07-19,2.838,0.042,1.185,0.33,0.627,2.506,1.281,2.657
2018-07-20,2.8931,0.035,1.232,0.37,0.68,2.589,1.314,2.616
2018-07-23,2.9541,0.086,1.272,0.406,0.717,2.639,1.38,2.67
2018-07-24,2.9486,0.086,1.276,0.397,0.704,2.685,1.371,2.719
2018-07-25,2.9746,0.074,1.274,0.396,0.696,2.678,1.351,2.679
2018-07-26,2.9764,0.094,1.278,0.404,0.7,2.704,1.363,2.684
2018-07-27,2.9542,0.104,1.28,0.403,0.703,2.743,1.375,2.644
2018-07-30,2.9728,0.102,1.343,0.446,0.748,2.786,1.426,2.649
2018-07-31,2.9598,0.062,1.33,0.443,0.732,2.72,1.4,2.647
2018-08-01,3.0064,0.131,1.38,0.478,0.778,2.789,1.454,2.688
2018-08-02,2.9859,0.126,1.377,0.46,0.782,2.913,1.457,2.729
2018-08-03,2.9488,0.11,1.329,0.408,0.74,2.927,1.422,2.725
2018-08-06,2.9395,0.11,1.304,0.389,0.715,2.905,1.398,2.725
2018-08-07,2.973,0.116,1.325,0.409,0.729,2.869,1.395,2.656
2018-08-08,2.96,0.113,1.313,0.398,0.73,2.914,1.407,2.677
2018-08-09,2.9258,0.115,1.296,0.375,0.712,2.898,1.394,2.653
2018-08-10,2.8732,0.101,1.242,0.317,0.67,2.993,1.407,2.589
2018-08-13,2.8786,0.101,1.252,0.311,0.681,3.102,1.454,2.58
2018-08-14,2.8985,0.112,1.263,0.327,0.682,3.03,1.414,2.588
2018-08-15,2.8623,0.101,1.225,0.304,0.669,3.169,1.45,2.579
2018-08-16,2.8659,0.102,1.24,0.32,0.677,3.117,1.445,2.556
2018-08-17,2.8605,0.098,1.236,0.305,0.667,3.121,1.449,2.545
2018-08-20,2.819,0.104,1.223,0.302,0.653,3.014,1.39,2.524
2018-08-21,2.8298,0.086,1.267,0.331,0.672,2.988,1.368,2.535
2018-08-22,2.8189,0.099,1.272,0.344,0.687,3.061,1.381,2.54
2018-08-23,2.8261,0.1,1.27,0.339,0.678,3.088,1.373,2.531
2018-08-24,2.8098,0.101,1.278,0.345,0.687,3.152,1.394,2.535
2018-08-27,2.8459,0.097,1.278,0.376,0.713,3.156,1.41,2.539
2018-08-28,2.8804,0.098,1.452,0.38,0.719,3.187,1.455,2.56
2018-08-29,2.884,0.103,1.489,0.404,0.736,3.125,1.464,2.548
2018-08-30,2.855,0.111,1.455,0.346,0.693,3.215,1.47,2.569
2018-08-31,2.8604,0.107,1.427,0.326,0.682,3.236,1.473,2.519
2018-09-03,2.8604,0.118,1.404,0.333,0.693,3.161,1.45,2.519
2018-09-04,2.8985,0.123,1.429,0.357,0.692,3.017,1.429,2.524
2018-09-05,2.9022,0.115,1.442,0.38,0.718,2.935,1.449,2.55
2018-09-06,2.8731,0.111,1.416,0.355,0.695,3.058,1.449,2.565
2018-09-07,2.9388,0.113,1.459,0.387,0.719,3.035,1.461,2.548
2018-09-10,2.9314,0.118,1.469,0.401,0.711,2.91,1.453,2.577
2018-09-11,2.9755,0.115,1.5,0.43,0.738,2.943,1.467,2.581
2018-09-12,2.9626,0.113,1.484,0.411,0.719,2.951,1.463,2.586
2018-09-13,2.97,0.112,1.504,0.423,0.734,2.951,1.469,2.604
2018-09-14,2.9959,0.118,1.53,0.45,0.767,2.982,1.486,2.602
2018-09-17,2.9867,0.118,1.536,0.458,0.772,2.846,1.488,2.624
2018-09-18,3.0551,0.117,1.568,0.48,0.789,2.79,1.505,2.661
2018-09-19,3.0626,0.124,1.608,0.487,0.8,2.852,1.527,2.712
2018-09-20,3.0626,0.123,1.585,0.471,0.788,2.882,1.511,2.715
2018-09-21,3.0628,0.133,1.553,0.462,0.779,2.83,1.495,2.701
2018-09-24,3.0889,0.133,1.613,0.51,0.83,2.949,1.524,2.704
2018-09-25,3.0964,0.133,1.632,0.543,0.856,2.878,1.526,2.749
2018-09-26,3.048,0.126,1.593,0.526,0.843,2.859,1.523,2.733
2018-09-27,3.0518,0.12,1.598,0.529,0.846,2.888,1.505,2.688
2018-09-28,3.0612,0.13,1.573,0.47,0.804,3.147,1.5,2.668
2018-10-01,3.0836,0.136,1.588,0.471,0.826,3.299,1.53,2.668
2018-10-02,3.0631,0.13,1.528,0.422,0.786,3.452,1.539,2.669
2018-10-03,3.1813,0.141,1.575,0.475,0.82,3.313,1.536,2.639
2018-10-04,3.187,0.159,1.669,0.531,0.874,3.329,1.563,2.708
2018-10-05,3.2328,0.155,1.722,0.573,0.905,3.424,1.577,2.714
2018-10-08,3.2328,0.155,1.674,0.529,0.875,3.568,1.591,2.768
2018-10-09,3.2063,0.161,1.716,0.549,0.89,3.476,1.6,2.768
2018-10-10,3.1629,0.156,1.728,0.552,0.902,3.506,1.613,2.748
2018-10-11,3.1498,0.146,1.674,0.518,0.882,3.564,1.643,2.731
2018-10-12,3.1613,0.15,1.633,0.498,0.867,3.577,1.676,2.75
2018-10-15,3.1557,0.144,1.61,0.503,0.869,3.546,1.679,2.692
2018-10-16,3.1633,0.148,1.609,0.491,0.843,3.453,1.643,2.712
2018-10-17,3.205,0.148,1.575,0.461,0.816,3.548,1.649,2.702
2018-10-18,3.1786,0.152,1.538,0.416,0.797,3.686,1.728,2.726
2018-10-19,3.1921,0.149,1.576,0.46,0.84,3.483,1.735,2.682
2018-10-22,3.1978,0.154,1.527,0.448,0.821,3.49,1.696,2.703
2018-10-23,3.1676,0.152,1.469,0.409,0.786,3.592,1.663,2.678
2018-10-24,3.1035,0.135,1.457,0.396,0.771,3.605,1.625,2.66
2018-10-25,3.1167,0.117,1.441,0.398,0.771,3.492,1.587,2.611
2018-10-26,3.0755,0.113,1.383,0.352,0.738,3.446,1.567,2.596
2018-10-29,3.0849,0.11,1.399,0.377,0.742,3.337,1.544,2.568
2018-10-30,3.1227,0.122,1.399,0.369,0.743,3.475,1.567,2.5818
2018-10-31,3.1435,0.127,1.437,0.385,0.751,3.427,1.548,2.6273
2018-11-01,3.1303,0.123,1.455,0.399,0.759,3.38,1.568,2.6463
2018-11-02,3.2121,0.129,1.494,0.428,0.785,3.321,1.573,2.6945
2018-11-05,3.2008,0.128,1.501,0.426,0.791,3.325,1.566,2.7415
2018-11-06,3.2276,0.131,1.539,0.434,0.801,3.397,1.584,2.727
2018-11-07,3.2355,0.123,1.533,0.447,0.813,3.337,1.602,2.7268
2018-11-08,3.2373,0.122,1.565,0.457,0.822,3.396,1.608,2.7567
2018-11-09,3.1819,0.123,1.491,0.407,0.787,3.403,1.598,2.7583
2018-11-12,3.1819,0.119,1.452,0.398,0.781,3.438,1.601,2.7398
2018-11-13,3.1397,0.114,1.521,0.409,0.786,3.446,1.606,2.73
2018-11-14,3.125,0.111,1.506,0.398,0.782,3.49,1.618,2.7
2018-11-15,3.1103,0.109,1.373,0.36,0.751,3.493,1.631,2.715
2018-11-16,3.0628,0.104,1.412,0.367,0.764,3.491,1.636,2.6775
2018-11-19,3.0628,0.097,1.378,0.373,0.78,3.597,1.65,2.662
2018-11-20,3.0628,0.102,1.383,0.35,0.758,3.617,1.647,2.6925
2018-11-21,3.0627,0.095,1.396,0.376,0.766,3.471,1.635,2.6885
2018-11-22,3.0627,0.1,1.428,0.37,0.75,3.454,1.637,2.6635
2018-11-23,3.039,0.1,1.381,0.34,0.721,3.407,1.632,2.6498
2018-11-26,3.0535,0.09,1.41,0.361,0.739,3.269,1.562,2.634
2018-11-27,3.0572,0.092,1.392,0.35,0.731,3.289,1.554,2.634
2018-11-28,3.059,0.1,1.377,0.349,0.729,3.256,1.543,2.6195
2018-11-29,3.0298,0.082,1.367,0.321,0.698,3.204,1.508,2.6005
2018-11-30,2.9879,0.092,1.364,0.313,0.684,3.213,1.502,2.5915
2018-12-03,2.9697,0.086,1.313,0.306,0.694,3.145,1.491,2.6145
2018-12-04,2.9136,0.074,1.281,0.263,0.667,3.156,1.485,2.5308
2018-12-05,2.9136,0.066,1.315,0.277,0.679,3.061,1.459,2.5013
2018-12-06,2.8955,0.064,1.246,0.236,0.664,3.202,1.461,2.4505
2018-12-07,2.845,0.059,1.265,0.249,0.688,3.132,1.451,2.4453
2018-12-10,2.8575,0.043,1.199,0.246,0.694,3.106,1.443,2.4405
2018-12-11,2.879,0.05,1.188,0.232,0.713,3.122,1.437,2.4547
2018-12-12,2.9096,0.055,1.279,0.279,0.734,3.0,1.429,2.4465
2018-12-13,2.9131,0.057,1.289,0.285,0.732,2.956,1.424,2.4663
2018-12-14,2.8895,0.035,1.24,0.252,0.712,2.939,1.412,2.4618
2018-12-17,2.857,0.041,1.266,0.256,0.738,2.96,1.399,2.4438
2018-12-18,2.8175,0.026,1.28,0.244,0.71,2.938,1.378,2.419
2018-12-19,2.7548,0.035,1.274,0.239,0.704,2.772,1.378,2.385
2018-12-20,2.8065,0.027,1.266,0.228,0.677,2.738,1.374,2.3415
2018-12-21,2.7902,0.047,1.321,0.25,0.697,2.831,1.401,2.3868
2018-12-24,2.7383,0.047,1.263,0.25,0.697,2.831,1.401,2.3633
2018-12-25,2.7383,0.019,1.263,0.25,0.697,2.831,1.401,2.3633
2018-12-26,2.8079,0.022,1.263,0.25,0.697,2.831,1.401,2.3633
2018-12-27,2.7666,0.026,1.309,0.231,0.695,2.748,1.386,2.378
2018-12-28,2.7182,0.003,1.269,0.242,0.71,2.742,1.416,2.362
2018-12-31,2.6842,0.003,1.277,0.242,0.71,2.742,1.416,2.3183
2019-01-01,2.6842,0.003,1.277,0.242,0.71,2.742,1.416,2.3183
2019-01-02,2.6204,0.003,1.209,0.165,0.651,2.692,1.401,2.2888
2019-01-03,2.5535,0.003,1.194,0.153,0.654,2.86,1.429,2.1753
2019-01-04,2.6677,-0.038,1.276,0.208,0.699,2.899,1.474,2.2345
2019-01-07,2.696,-0.01,1.254,0.221,0.726,2.899,1.5,2.2705
2019-01-08,2.728,0.012,1.274,0.226,0.733,2.954,1.513,2.302
2019-01-09,2.71,0.032,1.261,0.279,0.714,2.879,1.492,2.327
2019-01-10,2.7421,0.024,1.274,0.255,0.674,2.888,1.451,2.3173
2019-01-11,2.7007,0.017,1.29,0.239,0.664,2.854,1.445,2.3072
2019-01-14,2.7024,0.017,1.297,0.231,0.64,2.843,1.419,2.2725
2019-01-15,2.7112,0.013,1.258,0.206,0.624,2.874,1.39,2.2875
2019-01-16,2.7218,0.01,1.311,0.224,0.636,2.755,1.375,2.2735
2019-01-17,2.7504,0.006,1.337,0.243,0.643,2.765,1.364,2.2813
2019-01-18,2.7842,0.016,1.353,0.262,0.66,2.73,1.346,2.315
2019-01-21,2.7842,0.008,1.323,0.255,0.655,2.759,1.366,2.311
2019-01-22,2.7392,0.003,1.323,0.236,0.643,2.741,1.334,2.3005
2019-01-23,2.7409,0.005,1.326,0.225,0.635,2.752,1.313,2.28
2019-01-24,2.7157,0.011,1.265,0.18,0.585,2.66,1.24,2.2718
2019-01-25,2.7585,-0.003,1.305,0.193,0.598,2.649,1.231,2.211
2019-01-28,2.744,0.002,1.265,0.205,0.608,2.665,1.22,2.211
2019-01-29,2.7098,0.009,1.269,0.2,0.611,2.633,1.238,2.2315
2019-01-30,2.6775,0.005,1.255,0.188,0.597,2.599,1.254,2.2415
2019-01-31,2.6293,0.005,1.219,0.149,0.554,2.589,1.196,2.2425
2019-02-01,2.6842,-0.012,1.248,0.166,0.573,2.747,1.223,2.206
2019-02-04,2.7235,-0.009,1.277,0.177,0.584,2.734,1.244,2.2308
2019-02-05,2.6983,-0.009,1.232,0.17,0.581,2.794,1.256,2.246
2019-02-06,2.6946,-0.013,1.216,0.162,0.577,2.86,1.257,2.183
2019-02-07,2.6572,-0.008,1.177,0.115,0.551,2.951,1.242,2.1493
2019-02-08,2.6339,-0.029,1.151,0.087,0.541,2.958,1.233,2.1037
2019-02-11,2.6536,-0.029,1.18,0.12,0.565,2.9,1.242,2.0637
2019-02-12,2.6877,-0.013,1.185,0.132,0.565,2.844,1.239,2.1163
2019-02-13,2.7021,-0.006,1.182,0.123,0.551,2.784,1.234,2.1502
2019-02-14,2.6536,-0.014,1.15,0.103,0.529,2.803,1.242,2.1458
2019-02-15,2.6626,-0.021,1.16,0.101,0.536,2.799,1.24,2.0998
2019-02-18,2.6626,-0.022,1.166,0.11,0.545,2.766,1.227,2.1395
2019-02-19,2.6339,-0.028,1.169,0.105,0.533,2.788,1.208,2.135
2019-02-20,2.6447,-0.033,1.181,0.1,0.526,2.86,1.2,2.1
2019-02-21,2.6914,-0.038,1.202,0.127,0.542,2.833,1.203,2.055
2019-02-22,2.6518,-0.037,1.158,0.096,0.516,2.847,1.175,2.0963
2019-02-25,2.6626,-0.035,1.176,0.108,0.524,2.773,1.163,2.0858
2019-02-26,2.6357,-0.026,1.206,0.118,0.526,2.704,1.138,2.0915
2019-02-27,2.6825,-0.025,1.274,0.148,0.551,2.785,1.159,2.0725
2019-02-28,2.715,-0.022,1.302,0.183,0.569,2.752,1.173,2.103
2019-03-01,2.7531,-0.007,1.296,0.183,0.578,2.733,1.197,2.152
2019-03-04,2.7223,0.004,1.273,0.158,0.559,2.738,1.172,2.191
2019-03-05,2.7169,0.01,1.287,0.168,0.561,2.707,1.154,2.1555
2019-03-06,2.6934,-0.004,1.227,0.128,0.512,2.59,1.113,2.0953
2019-03-07,2.6393,-0.007,1.172,0.067,0.422,2.469,1.044,2.0853
2019-03-08,2.6285,-0.033,1.189,0.069,0.407,2.504,1.051,2.03
2019-03-11,2.6393,-0.033,1.179,0.069,0.409,2.561,1.154,2.0308
2019-03-12,2.6015,-0.028,1.163,0.055,0.474,2.54,1.17,2.033
2019-03-13,2.6213,-0.042,1.198,0.065,0.465,2.552,1.188,1.9625
2019-03-14,2.6303,-0.041,1.224,0.086,0.468,2.501,1.191,1.9725
2019-03-15,2.5871,-0.034,1.211,0.084,0.459,2.496,1.189,1.979
2019-03-18,2.6033,-0.035,1.196,0.083,0.455,2.454,1.159,1.9835
2019-03-19,2.6123,-0.04,1.186,0.097,0.467,2.494,1.172,1.933
2019-03-20,2.5263,-0.036,1.157,0.084,0.458,2.526,1.164,1.9368
2019-03-21,2.5369,-0.036,1.064,0.041,0.403,2.456,1.101,1.879
2019-03-22,2.439,-0.069,1.014,-0.015,0.354,2.448,1.072,1.8338
2019-03-25,2.3983,-0.084,0.986,-0.028,0.354,2.502,1.101,1.78
2019-03-26,2.423,-0.065,1.007,-0.015,0.356,2.467,1.092,1.8248
2019-03-27,2.3665,-0.067,1.013,-0.081,0.301,2.453,1.056,1.774
2019-03-28,2.3946,-0.09,1.0,-0.069,0.312,2.485,1.09,1.7255
2019-03-29,2.405,-0.081,1.0,-0.07,0.318,2.488,1.097,1.7748
2019-04-01,2.5009,-0.073,1.048,-0.026,0.374,2.507,1.141,1.8018
2019-04-02,2.4741,-0.062,1.004,-0.049,0.355,2.525,1.116,1.8105
2019-04-03,2.5241,-0.045,1.098,0.008,0.398,2.541,1.141,1.8393
2019-04-04,2.5151,-0.044,1.084,-0.006,0.367,2.519,1.11,1.893
2019-04-05,2.4954,-0.029,1.116,0.007,0.362,2.478,1.105,1.905
2019-04-08,2.5222,-0.045,1.116,0.007,0.364,2.486,1.087,1.8735
2019-04-09,2.5006,-0.048,1.104,-0.01,0.344,2.424,1.075,1.8975
2019-04-10,2.4649,-0.053,1.097,-0.026,0.324,2.411,1.044,1.8723
2019-04-11,2.497,-0.055,1.15,-0.009,0.332,2.369,1.004,1.857
2019-04-12,2.5651,-0.056,1.212,0.055,0.399,2.541,1.049,1.8825
2019-04-15,2.5543,-0.025,1.22,0.056,0.42,2.578,1.084,1.9503
2019-04-16,2.5904,-0.022,1.219,0.066,0.42,2.594,1.086,1.9305
2019-04-17,2.594,-0.006,1.236,0.08,0.424,2.613,1.106,1.9555
2019-04-18,2.5596,-0.027,1.197,0.025,0.37,2.602,1.071,1.9498
2019-04-19,2.5596,-0.03,1.197,0.025,0.37,2.602,1.071,1.9498
2019-04-22,2.5885,-0.031,1.197,0.025,0.37,2.602,1.071,1.9498
2019-04-23,2.565,-0.028,1.227,0.041,0.395,2.675,1.116,1.8948
2019-04-24,2.5181,-0.037,1.177,-0.012,0.347,2.634,1.073,1.788
2019-04-25,2.5325,-0.031,1.156,-0.009,0.371,2.689,1.091,1.788
2019-04-26,2.4982,-0.04,1.142,-0.022,0.352,2.584,1.024,1.778
2019-04-29,2.5252,-0.04,1.157,0.003,0.366,2.585,1.013,1.7908
2019-04-30,2.5018,-0.04,1.185,0.013,0.368,2.555,1.001,1.787
2019-05-01,2.4999,-0.04,1.15,0.013,0.368,2.555,1.001,1.7808
2019-05-02,2.5414,-0.04,1.187,0.03,0.375,2.552,0.997,1.786
2019-05-03,2.525,-0.04,1.219,0.025,0.373,2.561,0.984,1.79
2019-05-06,2.4692,-0.04,1.219,0.006,0.358,2.579,0.984,1.7365
2019-05-07,2.4566,-0.052,1.158,-0.038,0.327,2.619,0.964,1.7823
2019-05-08,2.4835,-0.049,1.137,-0.044,0.332,2.614,0.96,1.7335
2019-05-09,2.4423,-0.048,1.125,-0.047,0.345,2.683,0.989,1.7118
2019-05-10,2.4672,-0.049,1.135,-0.045,0.348,2.683,0.978,1.729
2019-05-13,2.4015,-0.048,1.101,-0.07,0.332,2.7,0.991,1.723
2019-05-14,2.4104,-0.05,1.105,-0.07,0.327,2.729,0.971,1.6993
2019-05-15,2.3732,-0.051,1.068,-0.098,0.304,2.747,0.955,1.6923
2019-05-16,2.3944,-0.061,1.074,-0.095,0.295,2.684,0.905,1.6398
2019-05-17,2.3909,-0.052,1.034,-0.104,0.286,2.66,0.875,1.6398
2019-05-20,2.4157,-0.043,1.055,-0.087,0.311,2.7,0.884,1.6743
2019-05-21,2.4264,-0.045,1.083,-0.063,0.328,2.644,0.874,1.634
2019-05-22,2.382,-0.056,1.015,-0.086,0.307,2.632,0.868,1.6345
2019-05-23,2.3185,-0.059,0.953,-0.12,0.282,2.638,0.852,1.5803
2019-05-24,2.3202,-0.07,0.956,-0.117,0.282,2.553,0.826,1.5193
2019-05-27,2.3202,-0.069,0.956,-0.144,0.262,2.677,0.814,1.5498
2019-05-28,2.2658,-0.072,0.917,-0.161,0.25,2.683,0.787,1.534
2019-05-29,2.2605,-0.09,0.892,-0.179,0.226,2.641,0.733,1.483
2019-05-30,2.2133,-0.079,0.897,-0.175,0.236,2.656,0.764,1.5325
2019-05-31,2.1246,-0.094,0.886,-0.202,0.21,2.67,0.715,1.4577
2019-06-03,2.071,-0.093,0.862,-0.201,0.202,2.56,0.692,1.5078
2019-06-04,2.1296,-0.102,0.902,-0.206,0.185,2.515,0.665,1.501
2019-06-05,2.1348,-0.123,0.863,-0.226,0.153,2.469,0.629,1.4815
2019-06-06,2.1174,-0.12,0.825,-0.239,0.115,2.487,0.61,1.4678
2019-06-07,2.0809,-0.12,0.813,-0.257,0.085,2.358,0.553,1.4718
2019-06-10,2.1484,-0.119,0.839,-0.219,0.137,2.358,0.604,1.4718
2019-06-11,2.1431,-0.109,0.859,-0.232,0.12,2.393,0.579,1.4528
2019-06-12,2.1205,-0.111,0.867,-0.236,0.113,2.433,0.574,1.426
2019-06-13,2.0945,-0.113,0.835,-0.241,0.111,2.356,0.543,1.4032
2019-06-14,2.0804,-0.129,0.847,-0.255,0.094,2.348,0.5,1.3703
2019-06-17,2.0942,-0.123,0.85,-0.244,0.107,2.298,0.526,1.3875
2019-06-18,2.0595,-0.124,0.807,-0.32,0.009,2.115,0.393,1.3693
2019-06-19,2.0233,-0.137,0.865,-0.288,0.048,2.109,0.403,1.3395
2019-06-20,2.0284,-0.165,0.806,-0.318,0.014,2.145,0.392,1.2945
2019-06-21,2.054,-0.156,0.845,-0.285,0.048,2.149,0.438,1.2803
2019-06-24,2.0143,-0.154,0.816,-0.307,0.023,2.154,0.408,1.2965
2019-06-25,1.985,-0.155,0.794,-0.331,-0.004,2.16,0.38,1.2828
2019-06-26,2.0468,-0.136,0.831,-0.303,0.02,2.141,0.393,1.2785
2019-06-27,2.014,-0.141,0.822,-0.32,0.001,2.135,0.396,1.3475
2019-06-28,2.0051,-0.158,0.833,-0.327,-0.005,2.102,0.395,1.322
2019-07-01,2.024,-0.146,0.814,-0.357,-0.048,1.967,0.336,1.356
2019-07-02,1.974,-0.146,0.722,-0.367,-0.056,1.839,0.293,1.3335
2019-07-03,1.9498,-0.15,0.691,-0.385,-0.102,1.584,0.214,1.2785
2019-07-04,1.9498,-0.155,0.676,-0.399,-0.131,1.676,0.248,1.292
2019-07-05,2.0338,-0.155,0.738,-0.363,-0.084,1.746,0.323,1.2818
2019-07-08,2.0476,-0.145,0.715,-0.366,-0.069,1.785,0.437,1.3203
2019-07-09,2.0648,-0.138,0.72,-0.354,-0.052,1.733,0.42,1.3178
2019-07-10,2.0613,-0.118,0.758,-0.307,-0.018,1.736,0.438,1.3533
2019-07-11,2.1378,-0.135,0.836,-0.225,0.017,1.7,0.476,1.3333
2019-07-12,2.1219,-0.114,0.835,-0.21,0.061,1.739,0.568,1.4375
2019-07-15,2.0887,-0.114,0.801,-0.251,0.012,1.647,0.508,1.4533
2019-07-16,2.1026,-0.119,0.821,-0.244,0.009,1.612,0.491,1.403
2019-07-17,2.0451,-0.121,0.759,-0.29,-0.037,1.594,0.447,1.393
2019-07-18,2.0242,-0.13,0.759,-0.31,-0.061,1.555,0.405,1.3483
2019-07-19,2.0552,-0.132,0.734,-0.324,-0.069,1.605,0.388,1.3527
2019-07-22,2.0464,-0.136,0.708,-0.346,-0.082,1.653,0.391,1.3315
2019-07-23,2.0812,-0.142,0.691,-0.355,-0.088,1.602,0.394,1.3167
2019-07-24,2.0428,-0.147,0.678,-0.378,-0.114,1.493,0.347,1.2965
2019-07-25,2.081,-0.151,0.71,-0.363,-0.106,1.517,0.357,1.228
2019-07-26,2.0703,-0.148,0.687,-0.376,-0.121,1.566,0.372,1.2285
2019-07-29,2.065,-0.143,0.654,-0.391,-0.139,1.573,0.358,1.2088
2019-07-30,2.058,-0.15,0.634,-0.399,-0.141,1.586,0.352,1.204
2019-07-31,2.0144,-0.153,0.611,-0.44,-0.184,1.542,0.284,1.1848
2019-08-01,1.8935,-0.13,0.594,-0.45,-0.186,1.581,0.294,1.2093
2019-08-02,1.8452,-0.163,0.55,-0.495,-0.238,1.541,0.246,1.085
2019-08-05,1.7075,-0.191,0.512,-0.516,-0.237,1.567,0.246,1.085
2019-08-06,1.7023,-0.182,0.515,-0.536,-0.264,1.513,0.231,1.0405
2019-08-07,1.7342,-0.191,0.487,-0.581,-0.311,1.419,0.171,0.9583
2019-08-08,1.7172,-0.194,0.522,-0.56,-0.28,1.534,0.223,0.9773
2019-08-09,1.7447,-0.217,0.484,-0.576,-0.267,1.806,0.261,0.9578
2019-08-12,1.6454,-0.217,0.49,-0.592,-0.286,1.703,0.23,0.9575
2019-08-13,1.7035,-0.233,0.494,-0.609,-0.315,1.618,0.21,0.9325
2019-08-14,1.5792,-0.219,0.448,-0.65,-0.37,1.507,0.143,0.942
2019-08-15,1.5269,-0.233,0.408,-0.713,-0.438,1.333,0.035,0.888
2019-08-16,1.5538,-0.228,0.466,-0.685,-0.413,1.395,0.081,0.8835
2019-08-19,1.6063,-0.223,0.47,-0.648,-0.367,1.437,0.133,0.9138
2019-08-20,1.5555,-0.233,0.452,-0.69,-0.412,1.373,0.096,0.9418
2019-08-21,1.5893,-0.236,0.479,-0.67,-0.396,1.332,0.097,0.9315
2019-08-22,1.6131,-0.236,0.517,-0.644,-0.359,1.307,0.141,0.9108
2019-08-23,1.5351,-0.231,0.481,-0.675,-0.373,1.317,0.138,0.973
2019-08-26,1.5351,-0.264,0.481,-0.666,-0.374,1.325,0.133,0.8858
2019-08-27,1.4711,-0.264,0.502,-0.693,-0.414,1.138,0.083,0.906
2019-08-28,1.4794,-0.275,0.442,-0.714,-0.432,1.045,0.065,0.8855
2019-08-29,1.4945,-0.285,0.436,-0.692,-0.412,0.984,0.103,0.876
2019-08-30,1.4961,-0.269,0.479,-0.7,-0.403,0.998,0.105,0.885
2019-09-02,1.4961,-0.266,0.415,-0.702,-0.399,0.967,0.128,0.92
2019-09-03,1.4573,-0.284,0.406,-0.706,-0.396,0.875,0.109,0.9388
2019-09-04,1.4657,-0.277,0.493,-0.674,-0.373,0.81,0.149,0.9308
2019-09-05,1.5586,-0.26,0.6,-0.594,-0.291,0.945,0.235,0.9713
2019-09-06,1.5602,-0.237,0.506,-0.638,-0.338,0.877,0.173,1.089
2019-09-09,1.6438,-0.251,0.591,-0.585,-0.279,0.944,0.218,1.03
2019-09-10,1.7316,-0.221,0.639,-0.547,-0.241,1.021,0.259,1.0775
2019-09-11,1.7385,-0.199,0.637,-0.564,-0.262,0.971,0.255,1.141
2019-09-12,1.7715,-0.212,0.674,-0.516,-0.234,0.867,0.221,1.1538
2019-09-13,1.8958,-0.153,0.762,-0.449,-0.169,0.881,0.302,1.1568
2019-09-16,1.8467,-0.153,0.694,-0.48,-0.198,0.843,0.257,1.19
2019-09-17,1.8013,-0.152,0.697,-0.474,-0.179,0.921,0.286,1.1325
2019-09-18,1.7961,-0.182,0.643,-0.51,-0.225,0.876,0.228,1.1372
2019-09-19,1.784,-0.212,0.637,-0.507,-0.213,0.885,0.249,1.0598
2019-09-20,1.7215,-0.207,0.628,-0.521,-0.221,0.923,0.236,1.02
2019-09-23,1.7267,-0.207,0.552,-0.581,-0.287,0.831,0.149,1.0003
2019-09-24,1.6456,-0.234,0.528,-0.6,-0.295,0.833,0.118,0.9623
2019-09-25,1.7372,-0.255,0.536,-0.575,-0.273,0.843,0.133,0.9413
2019-09-26,1.6921,-0.246,0.519,-0.582,-0.286,0.824,0.149,0.9503
2019-09-27,1.6801,-0.235,0.499,-0.573,-0.28,0.824,0.15,0.9455
2019-09-30,1.6646,-0.213,0.488,-0.571,-0.274,0.822,0.145,1.0178
2019-10-01,1.6353,-0.149,0.47,-0.564,-0.264,0.858,0.152,0.9728
2019-10-02,1.5992,-0.164,0.503,-0.546,-0.245,0.901,0.169,0.9638
2019-10-03,1.5341,-0.196,0.47,-0.59,-0.288,0.827,0.131,0.9193
2019-10-04,1.529,-0.211,0.443,-0.586,-0.281,0.832,0.132,0.8903
2019-10-07,1.558,-0.222,0.451,-0.575,-0.273,0.852,0.137,0.8903
2019-10-08,1.5289,-0.201,0.416,-0.594,-0.256,0.843,0.122,0.8938
2019-10-09,1.5836,-0.2,0.46,-0.548,-0.217,0.869,0.151,0.8818
2019-10-10,1.6681,-0.203,0.588,-0.469,-0.141,0.957,0.227,0.8948
2019-10-11,1.729,-0.179,0.705,-0.442,-0.126,0.941,0.236,1.015
2019-10-14,1.729,-0.179,0.637,-0.457,-0.142,0.913,0.211,1.0427
2019-10-15,1.771,-0.169,0.694,-0.417,-0.12,0.937,0.227,1.0138
2019-10-16,1.7395,-0.161,0.713,-0.387,-0.098,0.927,0.253,1.0488
2019-10-17,1.7518,-0.151,0.677,-0.408,-0.114,0.89,0.226,1.1005
2019-10-18,1.7536,-0.131,0.709,-0.382,-0.076,0.926,0.245,1.1023
2019-10-21,1.7993,-0.125,0.75,-0.344,-0.042,0.984,0.286,1.1477
2019-10-22,1.7607,-0.125,0.711,-0.368,-0.064,0.924,0.261,1.1677
2019-10-23,1.7642,-0.135,0.685,-0.394,-0.092,0.936,0.25,1.1033
2019-10-24,1.766,-0.139,0.625,-0.404,-0.104,0.907,0.238,1.0833
2019-10-25,1.7943,-0.136,0.682,-0.362,-0.06,0.952,0.274,1.0583
2019-10-28,1.842,-0.122,0.722,-0.332,-0.029,1.004,0.307,1.0953
2019-10-29,1.8385,-0.102,0.711,-0.351,-0.051,0.987,0.288,1.1823
2019-10-30,1.7715,-0.109,0.686,-0.354,-0.057,0.99,0.282,1.1372
2019-10-31,1.691,-0.133,0.629,-0.407,-0.097,0.923,0.237,1.1388
2019-11-01,1.7103,-0.176,0.663,-0.382,-0.069,0.993,0.274,1.097
2019-11-04,1.777,-0.176,0.725,-0.351,-0.043,0.995,0.309,1.1768
2019-11-05,1.8584,-0.122,0.775,-0.309,-0.012,1.028,0.328,1.201
2019-11-06,1.8283,-0.079,0.715,-0.333,-0.036,1.003,0.291,1.2713
2019-11-07,1.9173,-0.064,0.793,-0.233,0.058,1.165,0.382,1.211
2019-11-08,1.9417,-0.05,0.789,-0.263,0.023,1.193,0.388,1.2913
2019-11-11,1.9417,-0.063,0.811,-0.245,0.051,1.261,0.43,1.2965
2019-11-12,1.9347,-0.02,0.806,-0.252,0.049,1.217,0.443,1.283
2019-11-13,1.886,-0.042,0.759,-0.3,0.014,1.245,0.45,1.2715
2019-11-14,1.8186,-0.067,0.709,-0.351,-0.021,1.325,0.457,1.1768
2019-11-15,1.8308,-0.068,0.729,-0.334,-0.02,1.233,0.44,1.1615
2019-11-18,1.8153,-0.077,0.75,-0.336,-0.029,1.208,0.414,1.1665
2019-11-19,1.7826,-0.08,0.733,-0.339,-0.025,1.246,0.431,1.1292
2019-11-20,1.7449,-0.106,0.73,-0.347,-0.036,1.201,0.425,1.0728
2019-11-21,1.7723,-0.105,0.754,-0.325,-0.014,1.177,0.451,1.0738
2019-11-22,1.7706,-0.074,0.705,-0.359,-0.044,1.181,0.41,1.0987
2019-11-25,1.7551,-0.077,0.696,-0.349,-0.037,1.163,0.413,1.0918
2019-11-26,1.7414,-0.088,0.65,-0.372,-0.059,1.169,0.389,1.0773
2019-11-27,1.7654,-0.108,0.675,-0.372,-0.058,1.207,0.395,1.0183
2019-11-28,1.7654,-0.082,0.676,-0.361,-0.051,1.235,0.411,0.9993
2019-11-29,1.7758,-0.073,0.697,-0.36,-0.049,1.231,0.416,1.0343
2019-12-02,1.8189,-0.045,0.739,-0.281,0.03,1.351,0.49,1.0945
2019-12-03,1.7157,-0.022,0.67,-0.348,-0.043,1.286,0.411,1.1948
2019-12-04,1.774,-0.038,0.741,-0.315,-0.006,1.29,0.442,1.0613
2019-12-05,1.8103,-0.028,0.773,-0.294,0.023,1.371,0.489,1.0923
2019-12-06,1.8363,-0.006,0.772,-0.286,0.034,1.351,0.493,1.127
2019-12-09,1.819,-0.002,0.763,-0.307,0.011,1.276,0.454,1.151
2019-12-10,1.8416,-0.013,0.799,-0.295,0.017,1.243,0.461,1.106
2019-12-11,1.7914,0.003,0.774,-0.321,-0.008,1.204,0.413,1.1543
2019-12-12,1.8922,-0.012,0.82,-0.269,0.038,1.233,0.45,1.1313
2019-12-13,1.8226,-0.018,0.791,-0.289,0.006,1.259,0.413,1.256
2019-12-16,1.8713,-0.011,0.822,-0.277,0.017,1.295,0.42,1.1558
2019-12-17,1.8801,-0.004,0.762,-0.295,0.004,1.273,0.393,1.1568
2019-12-18,1.9169,-0.012,0.775,-0.249,0.053,1.338,0.43,1.2058
2019-12-19,1.9204,0.003,0.804,-0.235,0.066,1.383,0.448,1.2685
2019-12-20,1.9171,0.014,0.782,-0.252,0.052,1.407,0.443,1.286
2019-12-23,1.9294,0.016,0.773,-0.242,0.061,1.43,0.436,1.297
2019-12-24,1.8996,0.012,0.769,-0.242,0.061,1.431,0.436,1.311
2019-12-25,1.8996,-0.019,0.769,-0.242,0.061,1.431,0.436,1.311
2019-12-26,1.8944,-0.011,0.769,-0.242,0.061,1.431,0.436,1.311
2019-12-27,1.8752,0.0,0.755,-0.256,0.049,1.373,0.409,1.3068
2019-12-30,1.8788,-0.011,0.867,-0.185,0.118,1.412,0.468,1.307
2019-12-31,1.9175,-0.011,0.822,-0.185,0.118,1.412,0.468,1.3705
