Date,XAU CURNCY,CO1 COMDTY
2005-10-05,,
2005-10-06,0.018719741796664913,-0.02910844976713245
2005-10-07,0.002957017636498138,0.014390954257323951
2005-10-10,0.0008423712751395307,-0.007262286775882476
2005-10-11,0.0005260389268806342,0.022116366110922048
2005-10-12,-0.00967402733964251,0.008155792276964169
2005-10-13,0.0014865151836909174,-0.007099224038302765
2005-10-14,-0.004028837998303669,-0.0131360159627536
2005-10-17,0.009154779646582956,0.020556023588879535
2005-10-18,-0.0037974683544304,-0.021297672114908406
2005-10-19,-0.01620076238881829,-0.011470985155195623
2005-10-20,-0.0072112797330751155,-0.01177474402730383
2005-10-21,0.01235906331309633,0.009842859609739296
2005-10-24,-0.00353394731205825,-0.004103967168262557
2005-10-25,0.01579795808704998,0.03434065934065944
2005-10-26,-0.0034913245873889887,-0.022742363877822136
2005-10-27,0.005733092684998331,0.004586376762357736
2005-10-28,-0.0003166895386889079,0.004734528238079072
2005-10-31,-0.017550158394931348,-0.022214742510939134
2005-11-01,-0.012983942045185937,0.00464716006884669
2005-11-02,0.008820646847435443,0.00017132088401594636
2005-11-03,-0.004533678756476589,0.03665638917437475
2005-11-04,-0.009108653220559648,-0.020984798413747563
2005-11-07,0.00590938936309926,-0.0204219409282701
2005-11-08,0.0026109660574411553,-0.003962784286698828
2005-11-09,0.013671875,-0.0160871821484172
2005-11-10,-0.0005352172982230341,-0.021097046413502185
2005-11-11,0.003962728927921155,-0.012392241379310276
2005-11-14,-0.0025602730957968722,-0.004728132387706974
2005-11-15,0.0022032085561496384,-0.012424630001827142
2005-11-16,0.02298678846605351,0.03607770582793712
2005-11-17,0.013978718965157455,-0.020535714285714213
2005-11-18,-0.0004115226337448874,0.0005469462169553907
2005-11-21,0.01226842321943189,0.00838192419825079
2005-11-22,0.0057345046364079,0.01933501987712316
2005-11-23,-0.004205588580209474,-0.0035454706612302322
2005-11-24,0.0020304568527917954,-0.016189290161892966
2005-11-25,0.005227963525835877,-0.0052441229656419175
2005-11-28,0.005281406224802554,-0.0023632066896926984
2005-11-29,0.0022057349107680313,-0.010204081632653073
2005-11-30,-0.013445378151260567,0.013438880706921896
2005-12-01,0.021943700819339718,0.019981834695731227
2005-12-02,-0.0010319507838856268,0.01602849510240434
2005-12-05,0.011959156104732083,0.011919368974583788
2005-12-06,0.0039261876717706645,-0.002078641953923377
2005-12-07,0.007430582714118339,-0.010935601458080257
2005-12-08,0.011510093167701685,0.02965952965952967
2005-12-09,0.010112639840346827,-0.023180501107891605
2005-12-12,0.003039513677811634,0.037166288605827935
2005-12-13,-0.01761363636363633,0.0013458950201885589
2005-12-14,-0.02352033930981312,0.0013440860215052641
2005-12-15,-0.006949654491609003,0.004194630872483174
2005-12-16,0.0005368006680186443,-0.045446950710108625
2005-12-19,0.0010928961748633004,-0.017854017153859703
2005-12-20,-0.022925764192139764,0.0010693281055069725
2005-12-21,0.0062569832402235015,0.009791703756453662
2005-12-22,0.018169705045121498,-0.0029971791255289926
2005-12-23,-0.0030337279162452324,0.0024756852343059688
2005-12-26,0.00463404932378686,0.0
2005-12-27,0.005483736859818178,-0.007055918151349427
2005-12-28,0.01712935617247502,0.023982945461005434
2005-12-29,0.0005807200929150991,0.007460097154753598
2005-12-30,0.00019346101760508994,0.015670742207680277
2006-01-02,-0.0002321083172147631,0.0
2006-01-03,0.03341201052468645,0.040183112919633945
2006-01-04,0.00046803332397260533,0.005378973105134355
2006-01-05,-0.017964071856287456,-0.00891699092088194
2006-01-06,0.028868140243902607,0.0260101423196466
2006-01-09,0.016668210019446184,-0.01132015306122447
2006-01-10,-0.011749703980326154,-0.0014513788098693414
2006-01-11,0.009216589861751112,0.004037467700258368
2006-01-12,-0.002009132420091375,0.007238217789930834
2006-01-13,0.020040263543191994,-0.005748961992973478
2006-01-16,0.008701892885978335,0.010761323482171514
2006-01-17,-0.013162575595873527,0.0313046241856032
2006-01-18,-0.02135904830569557,-0.010939907550077121
2006-01-19,0.027350584768394803,0.016201900607571318
2006-01-20,-0.005916098960200733,0.01839644335428492
2006-01-23,0.008836789900811493,-0.004064428721963109
2006-01-24,-0.0014301036825169477,-0.012394195888754456
2006-01-25,0.00859291084854985,-0.016988062442607865
2006-01-26,-0.0048810791622293515,0.010742643624474413
2006-01-27,-0.0020511905823596965,0.020332717190387983
2006-01-30,0.015817694369973267,0.005283816425120991
2006-01-31,0.0009677135567871531,-0.009010361916203746
2006-02-01,0.0007910001757778229,-0.014547658736172031
2006-02-02,0.005005708263809749,-0.033061663847455014
2006-02-03,-0.00576721426074811,0.008110687022900631
2006-02-06,0.0017577781683950633,-0.0009465215333649413
2006-02-07,-0.037638182137216925,-0.027948839412600623
2006-02-08,0.005469960798614171,-0.008122157244964234
2006-02-09,0.023483543385619532,-0.005076973468719381
2006-02-10,-0.02374202693125438,-0.018271604938271624
2006-02-13,-0.019328493647912892,-0.004359490274983169
2006-02-14,0.01332469695567684,0.0023576961940048324
2006-02-15,-0.013880010957903255,-0.02301747311827962
2006-02-16,0.015186591351050938,0.011006018916595028
2006-02-17,0.007206056736294819,0.018710665079095135
2006-02-20,0.006792247781199023,0.02755050926698943
2006-02-21,-0.002698569758028291,0.0009749756256094422
2006-02-22,0.001533327320285105,-0.018831168831168865
2006-02-23,-0.011437319884726294,0.0016545334215751772
2006-02-24,0.018584312653730395,0.03402708952758515
2006-02-27,-0.009122618728199416,-0.02571884984025563
2006-02-28,0.013719649787886867,0.012625020495163009
2006-03-01,0.0024930994568606035,0.011172279792746265
2006-03-02,0.01225686117772451,0.025940752602081618
2006-03-03,-0.007809072562955266,0.0017168721710631996
2006-03-06,-0.01777502652989027,-0.028669367404175805
2006-03-07,-0.004771765553254648,-0.01876804619826755
2006-03-08,-0.016555093178939884,-0.018636586562040258
2006-03-09,0.004599392880139774,0.0171580876228552
2006-03-10,-0.009156670634557273,-0.003766786767114394
2006-03-13,0.008964051381572968,0.022521782015453073
2006-03-14,0.00943396226415083,0.028456591639871354
2006-03-15,0.003447962979766128,-0.01610129748319522
2006-03-16,0.004430780359887754,-0.0004766444232602307
2006-03-17,-0.0023406553835072508,0.005563503417580717
2006-03-20,0.0014437827107018908,-0.030350932658868124
2006-03-21,-0.0050459542259866375,0.012879034887512297
2006-03-22,-0.0023546458974824658,-0.010140028971511339
2006-03-23,-0.0018155410312272746,0.028780487804878074
2006-03-24,0.018788650418334107,0.0037932669511615558
2006-03-27,0.012800599860746553,0.00157455518815941
2006-03-28,-0.006522122333862068,0.02138028611853482
2006-03-29,0.017743080198722394,0.008927197167923673
2006-03-30,0.026237796373779654,0.013882532418001414
2006-03-31,-0.008494011721736139,-0.00827565452904
2006-04-03,0.0071960935492161315,0.014110150204824867
2006-04-04,-0.0019562813642935994,-0.006732495511669656
2006-04-05,0.0030680074995736994,0.010694381683988397
2006-04-06,0.011554800339846905,0.011028315946348899
2006-04-07,-0.010834873173189874,-0.008107311320754707
2006-04-10,0.018510656364099543,0.02169713181750632
2006-04-11,-0.010554397665694104,0.009018181818181814
2006-04-12,0.00835832968218142,0.0007207726683002846
2006-04-13,-0.0031752398141648985,0.010371650821088929
2006-04-14,0.010930793991416277,0.0
2006-04-17,0.017379767827529147,0.016538351867693146
2006-04-18,0.0123883419182369,0.007713884992987419
2006-04-19,0.03078508404714375,0.015309672929714857
2006-04-20,-0.04326772883473917,-0.001096641535298093
2006-04-21,0.035069387755102044,0.017839989021545266
2006-04-24,-0.020947033029433015,-0.0041795874342726025
2006-04-25,0.015466408893185069,-0.018954779312212344
2006-04-26,0.013215928922735376,-0.00027601435274626773
2006-04-27,-0.007829259508635666,-0.019602429596907833
2006-04-28,0.03282672853242419,0.020839200225288623
2006-05-01,0.0010237916965909477,0.012413793103448256
2006-05-02,0.020912837734696987,0.020027247956403205
2006-05-03,-0.002691387559808578,-0.020702551088553678
2006-05-04,0.01904047976012002,-0.03996181123840692
2006-05-05,0.006032072973370495,0.0069612160818297575
2006-05-08,-0.007458321146533997,-0.021867945823927704
2006-05-09,0.03270959186680411,0.027260926006057895
2006-05-10,0.00998715936652883,-0.005616399887672041
2006-05-11,0.009040824975278916,0.023863315447613775
2006-05-12,0.0006999860002800951,-0.004551096400496446
2006-05-15,-0.052322327923894796,-0.0272928789138267
2006-05-16,0.019191024505462062,0.00042728955989179696
2006-05-17,-0.004779837775202744,-0.01708428246013649
2006-05-18,-0.0069858826953864694,0.009125144843568966
2006-05-19,-0.03620108456690596,-0.014209846418831606
2006-05-22,-0.0023570559610706088,0.009755387303435947
2006-05-23,0.015928663973782564,0.023792357606344794
2006-05-24,-0.038709677419354716,-0.0250704225352113
2006-05-25,0.01592008740440143,0.021525570644322478
2006-05-26,0.004301736057766181,-0.0016970725498514083
2006-05-29,-0.009071439498240852,0.0
2006-05-30,0.007919477592355229,0.0065165037540726445
2006-05-31,-0.011793536529330573,-0.009007741027445504
2006-06-01,-0.024178549287042772,-0.014486578610992673
2006-06-02,0.01365946632782733,0.023634529471105337
2006-06-05,-0.001645252272015174,0.004786709840912229
2006-06-06,-0.010201679353370463,-0.007846434075942321
2006-06-07,-0.006659795449139638,-0.022878124558678214
2006-06-08,-0.021071115013169495,-0.0020234137881196546
2006-06-09,-0.009457806767223742,0.020709630702389736
2006-06-12,-0.0052679232858672265,-0.021992054483541357
2006-06-13,-0.06983864294580067,-0.029160017408965677
2006-06-14,-0.004092162618984041,0.0008965929468021105
2006-06-15,0.030906654756587715,0.006718423409973084
2006-06-16,0.007105103543887159,0.020317366157496464
2006-06-19,-0.027359545728297352,-0.010029069767441778
2006-06-20,0.018752764263600286,-0.00044046395536634364
2006-06-21,0.020317791091429838,0.016010575793184545
2006-06-22,-0.011743681388817984,0.011276564984820103
2006-06-23,0.004133298889175796,-0.0002859185132236819
2006-06-26,0.0037732612983449876,0.0114400114400115
2006-06-27,-0.010593763348996199,0.0035345680757812303
2006-06-28,0.0018996632415162473,0.006058044519582806
2006-06-29,0.03361199689735406,0.02058535219156976
2006-06-30,0.027015759192862587,0.008644346871569786
2006-07-03,0.012421855971421536,-0.0016324309617740118
2006-07-04,-0.005212510024057759,-0.011990734432483885
2006-07-05,0.01273679967754937,0.020273065784029765
2006-07-06,0.007768845021093762,0.0013517166801837455
2006-07-07,-0.005971280981943994,-0.007694384449243974
2006-07-10,-0.008104886769964237,-0.008434226635831932
2006-07-11,0.027717696066650754,0.010701056386335672
2006-07-12,0.015714397069140018,0.009773313424731978
2006-07-13,0.013076911270394342,0.030918134157816857
2006-07-14,0.006211650632527821,0.007562915634372169
2006-07-17,-0.03180004517051871,-0.017471204866054024
2006-07-18,-0.015520271215962,-0.020547945205479534
2006-07-19,0.015322644340889369,-0.0061861215707368356
2006-07-20,-0.022714896927265693,-0.002435723951285662
2006-07-21,-0.013372602085489071,0.00040694519804662654
2006-07-24,-0.007260992335619165,0.011661016949152447
2006-07-25,0.006306379520520045,-0.017826028682482176
2006-07-26,0.009077253565487053,0.009825327510917026
2006-07-27,0.015366146458583474,0.013648648648648676
2006-07-28,0.0006305667218411415,-0.021597120383948898
2006-07-31,0.003150846790074935,0.023981468864967992
2006-08-01,0.015861798193953724,0.009846972721224256
2006-08-02,0.006802195253922783,0.013176966662274303
2006-08-03,-0.009704414587332177,-0.0042918454935622075
2006-08-04,0.0024343727226210365,-0.005094043887147293
2006-08-07,0.0033255993812837392,0.02796376526191402
2006-08-08,-0.009404147074693614,-0.009578544061302652
2006-08-09,0.011641117422768632,-0.0034816247582204474
2006-08-10,-0.021199021583619193,-0.025879917184264967
2006-08-11,-0.005815324165029501,0.004649309245483346
2006-08-14,-0.009248280768318518,-0.017585614174269404
2006-08-15,-0.0030317536301261994,-0.006729475100942128
2006-08-16,0.0068021766965429276,-0.009756097560975618
2006-08-17,-0.0239249662189015,-0.02052545155993435
2006-08-18,0.00146579804560254,0.010058675607711676
2006-08-21,0.02146690518783556,0.014937759336099532
2006-08-22,-0.0049355198216844975,-0.001907876805669173
2006-08-23,-0.0042399999999999105,-0.01665756417258324
2006-08-24,-0.0015264722423075083,0.00916412107747866
2006-08-25,0.001818474412616622,0.0002751788662629373
2006-08-28,-0.012449199235378239,-0.025859697386520053
2006-08-29,0.0002765216825533212,-0.01355549279864432
2006-08-30,0.0070412228636473895,0.004580589750930564
2006-08-31,0.012950523188218543,0.0009974351667141335
2006-09-01,-0.002949147138530117,-0.01565836298932377
2006-09-04,0.0016787912702853625,-0.02082429501084615
2006-09-05,0.018834796488427674,0.005612169546595824
2006-09-06,-0.007206642644524419,-0.017036275517697153
2006-09-07,-0.02666877071169338,-0.00597639324667576
2006-09-08,-0.009727626459143934,-0.018036975800390875
2006-09-11,-0.03446299934512109,-0.011939384662482788
2006-09-12,-0.0038999576091562904,-0.02416731216111534
2006-09-13,0.004681249468039939,0.0
2006-09-14,-0.025330396475770955,-0.011906651849499905
2006-09-15,0.00710995219469801,0.017512853470436962
2006-09-18,0.013567162633341345,0.0113690194220748
2006-09-19,-0.023075613079019175,-0.02935206869633089
2006-09-20,0.005491153142159755,-0.02734437831751657
2006-09-21,0.01282940360610274,0.01438729948734907
2006-09-22,0.009243409791167334,-0.015161395500489228
2006-09-25,0.002035278154681075,0.00645588478728687
2006-09-26,0.0020311442112390665,-0.011184210526315796
2006-09-27,0.018750000000000044,0.03476380572188953
2006-09-28,-0.002984579671696297,0.005304613406204695
2006-09-29,-0.004989190088142359,-0.0009593859929645232
2006-10-02,-0.0026742436904561018,-0.032490396927016496
2006-10-03,-0.03720462543991965,-0.0334160463192722
2006-10-04,-0.01305483028720622,0.013520451822693902
2006-10-05,0.012874779541446113,0.01317122593718345
2006-10-06,-0.00034825004353111755,-0.0028333333333333544
2006-10-09,0.005225570458108342,0.011866956376399784
2006-10-10,-0.007104487957026562,-0.019821605550049526
2006-10-11,0.0,-0.011627906976744318
2006-10-12,0.010994764397905588,0.0018755328218242884
2006-10-13,0.01916105644743671,0.01293396868618113
2006-10-16,0.009485094850948617,0.007392473118279508
2006-10-17,-0.009899328859060419,0.01634422948632408
2006-10-18,0.0001694628029147438,-0.022317033147358
2006-10-19,0.01558793629278199,0.021651560926485347
2006-10-20,-0.013179846513179827,-0.019549860358140214
2006-10-23,-0.01614539306846996,-0.007875335120643423
2006-10-24,0.007732623077584044,0.010977875358892053
2006-10-25,0.007843805951061267,0.03658536585365857
2006-10-26,0.010320615853142812,-0.020628525382755725
2006-10-27,0.00468893912752244,0.005101201250617082
2006-10-30,0.006917243103591986,-0.03929273084479368
2006-10-31,0.004138387684158307,0.0059645535105659064
2006-11-01,0.018133860863831286,-0.000847026935456574
2006-11-02,0.011496113989637236,-0.018819938962360117
2006-11-03,0.004322074595805914,0.022118541558665994
2006-11-06,-0.006694293911380211,0.010143702451394843
2006-11-07,0.0025673940949935137,-0.021255230125523106
2006-11-08,-0.01440460947503197,0.01898084815321499
2006-11-09,0.028596947060734124,0.029031716730995027
2006-11-10,-0.007656967840735107,-0.026255707762557035
2006-11-13,-0.004550082728776772,-0.011053424886953711
2006-11-14,-0.007703372223110239,-0.0035563082133783785
2006-11-15,0.0035755701584847532,0.010537049626104578
2006-11-16,-0.007783662333493813,-0.015472586612849004
2006-11-17,0.005580266882329266,0.007687051588657345
2006-11-20,0.0019301914106482077,-0.00016952025767091872
2006-11-21,0.007384812971584553,0.023906408952187208
2006-11-22,0.004462151394422298,-0.014903129657227954
2006-11-23,0.0015072187847058327,-0.002353336695242958
2006-11-24,0.01100990099009902,0.011457455770850888
2006-11-27,0.003760576621748557,0.00682991837414626
2006-11-28,-0.0009366219169528733,0.01273990734612851
2006-11-29,-0.005234375000000013,0.03038719163535375
2006-11-30,0.017827691824393366,0.018867924528301883
2006-12-01,-0.0037037037037036535,0.0056022408963585235
2006-12-04,0.0009293680297397522,-0.01810584958217276
2006-12-05,-0.004719900959455403,-0.002048857368006307
2006-12-06,-0.01896913628236019,-0.003948199620972814
2006-12-07,0.004580394642998531,-0.007927699381639397
2006-12-08,-0.01371008456392786,-0.005913377017740085
2006-12-11,0.008477965288330891,-0.005787781350482302
2006-12-12,-0.0006344674438893971,-0.005174644243208237
2006-12-13,-0.002063328307277179,-0.0030884265279584877
2006-12-14,-0.0046123260437375135,0.012881134844284992
2006-12-15,-0.01677718303107778,0.022054088860270493
2006-12-18,0.0014625822702527547,-0.021420696172625653
2006-12-19,0.010872210953347006,0.010944793175599488
2006-12-20,-0.004013163175214718,0.006686833306798201
2006-12-21,-0.003142880167620321,-0.01217776371975321
2006-12-22,0.004058205335489173,-0.0006404098623118415
2006-12-25,-0.0004186728072012036,0.0
2006-12-26,0.006363270237615959,-0.02114706824735657
2006-12-27,0.004001920922042546,-0.00949263502454989
2006-12-28,0.012276785714285587,0.0024785194976866265
2006-12-29,0.0028350921404947105,0.0031316960606559974
2007-01-01,0.00015705983979885652,0.0
2007-01-02,0.005810301507537696,-0.006901084456128803
2007-01-03,-0.020296643247462942,-0.041032428855062864
2007-01-04,-0.008764940239043839,-0.04917184265010355
2007-01-05,-0.02347266881028942,0.009617129377608391
2007-01-08,0.004280540006585509,-0.0007189072609633529
2007-01-09,0.006065573770491772,-0.007553956834532416
2007-01-10,-0.003910705556461003,-0.02700253715114176
2007-01-11,0.0004907574022576799,-0.0370646302849692
2007-01-12,0.02550686723348594,0.024177949709864643
2007-01-15,-0.0007971938775510612,0.003210576015108435
2007-01-16,-0.0030317536301261994,-0.016189759036144613
2007-01-17,0.011203585147247175,0.00995024875621886
2007-01-18,-0.00648939537828408,-0.01951496779082984
2007-01-19,0.012267006531782698,0.032657004830917824
2007-01-22,-0.003147623544224154,-0.01384730538922141
2007-01-23,0.020997789706346914,0.04554079696394675
2007-01-24,0.0032472552961186896,0.005989110707804057
2007-01-25,-0.004161528976572071,-0.023633411510012636
2007-01-26,-0.00015477480266212762,0.021618625277161962
2007-01-29,-0.003560371517027816,-0.029119189726894534
2007-01-30,0.005592667391641992,0.05048435171386001
2007-01-31,0.009114784489417715,0.017910977123603455
2007-02-01,0.006123698714023185,-0.01184668989547033
2007-02-02,-0.014227023737066413,0.0297954866008463
2007-02-05,0.000926140310256951,-0.005307310392056119
2007-02-06,0.007479373891587482,0.005507745266781328
2007-02-07,-0.0028317771314861906,-0.020369736391646742
2007-02-08,0.013815335021874375,0.031452035645640475
2007-02-09,0.009690362631538996,-0.0003388107741826296
2007-02-12,-0.008622628777086305,-0.04084053550245714
2007-02-13,0.004764785962789286,0.00759717314487629
2007-02-14,0.0073466315393300174,0.0070138523584077905
2007-02-15,0.0009265763005694705,0.002960125370015776
2007-02-16,-0.0010451661067563123,0.0234375
2007-02-19,0.0025409162244975914,-0.013740458015267243
2007-02-20,-0.02012672381662317,-0.002751977984176146
2007-02-21,0.03286420692278447,0.023628837530182967
2007-02-22,-0.00206231126169254,0.021398483572030225
2007-02-23,0.007528230865746499,0.0042890135268889296
2007-02-26,0.005860376529192024,0.007391590013140492
2007-02-27,-0.03379214915155482,0.0004891570194032191
2007-02-28,0.009044998869375043,0.00863754889178625
2007-03-01,-0.0073205348472398235,0.0035546938116011173
2007-03-02,-0.03311009105275042,-0.0004830140074062461
2007-03-05,-0.009105766985757713,-0.024806701030927858
2007-03-06,0.015551366635249808,0.01404030393128508
2007-03-07,0.003866976024748725,0.018081120703697717
2007-03-08,0.004314329738058564,-0.0027200000000000557
2007-03-09,-0.0023320036821110612,-0.019252366436707802
2007-03-12,0.0003383158024237165,-0.006379846229347286
2007-03-13,-0.010299769408147696,0.0026341784655909972
2007-03-14,0.0013979496738119046,0.002627257799671545
2007-03-15,0.0029471071816349337,-0.0013101867016050983
2007-03-16,0.010516548097742051,-0.011151197113807854
2007-03-19,0.0012243648607286328,0.003648424543946982
2007-03-20,0.007031488841332756,-0.005287508261731633
2007-03-21,0.00819672131147553,0.009468438538206003
2007-03-22,-0.0003011141222524216,0.028632548955076498
2007-03-23,-0.009939759036144635,0.0107182850743881
2007-03-26,0.010191664131426803,0.019468186134852683
2007-03-27,0.00046679716910102975,0.002949852507374562
2007-03-28,0.0017308589575713018,0.018266253869969162
2007-03-29,-0.006100126209507728,0.031924597141988365
2007-03-30,0.003476946334089126,0.003241013553329397
2007-04-02,0.00030129557095515125,0.009397944199706298
2007-04-03,-7.530120481924474e-05,-0.013529240616816929
2007-04-04,0.015663830107688792,0.00870078159563481
2007-04-05,0.00014829094683777022,-0.002339181286549863
2007-04-06,0.000815479279412834,0.0
2007-04-09,-0.006296296296296244,-0.024179366940210945
2007-04-10,0.01065970928065596,0.012464333984081755
2007-04-11,-0.0008850862959138839,0.006229605458321075
2007-04-12,-0.0017717407352723091,0.01297169811320753
2007-04-13,0.013932850170093047,0.0036379511059372316
2007-04-16,0.006841521764499925,-0.024938379005364664
2007-04-17,-0.005302733950536931,-0.019628252788103984
2007-04-18,0.005097953535794897,0.0016684362202334935
2007-04-19,-0.010289109484819758,-0.0015142337976984388
2007-04-20,0.013178124313639294,0.008340915984228037
2007-04-23,-0.004046535154274222,0.024966160324860986
2007-04-24,-0.007980845969672745,-0.014526779163609782
2007-04-25,0.003803115629342546,0.020994639666468196
2007-04-26,-0.01675774134790531,-0.013416946186378675
2007-04-27,0.0100778065950351,0.011234294161123204
2007-04-30,-0.004548455725918776,-0.011109486917117217
2007-05-01,-0.007369739848183343,-0.00960827790096086
2007-05-02,-0.0004454673695152289,-0.011194029850746245
2007-05-03,0.013667087573349335,-0.0030188679245283234
2007-05-04,0.009525903128892788,-0.01120363361090071
2007-05-07,-0.00014516948537424135,-0.013321084060633925
2007-05-08,-0.0045009074410163885,0.017070142768466967
2007-05-09,-0.007438197330999818,-0.005187671650900283
2007-05-10,-0.021894056278010443,0.00904907975460123
2007-05-11,0.007811913167580675,0.01580787353701152
2007-05-14,-0.0016397108146382067,0.0
2007-05-15,0.003434117207913312,0.01915307496633245
2007-05-16,-0.014731046797113234,-0.0014682131845543678
2007-05-17,-0.006796043192630052,0.03323040729304494
2007-05-18,0.006234319166730007,-0.012096200370001364
2007-05-21,0.002266717038156507,0.015413425525784952
2007-05-22,-0.006030908405578628,-0.01376081713718258
2007-05-23,0.003943875616230663,0.015535097813578869
2007-05-24,-0.010878597869607987,0.0016997167138810276
2007-05-25,0.0020621706255250505,-0.0004242081447963786
2007-05-28,-0.0006859756097561398,-0.013863347008063465
2007-05-29,0.001983067653115844,-0.022665327786544287
2007-05-30,-0.005176219837101259,-0.004256568325260446
2007-05-31,0.010788889739077101,0.002948113207547287
2007-06-01,0.017032551097653226,0.015138154027042772
2007-06-04,-0.0008931894305918009,0.019255827421456706
2007-06-05,-0.0016389778737987415,0.0007102272727272929
2007-06-06,0.0010446981568539293,0.008090844570617373
2007-06-07,-0.017294073797987308,0.0028161081385524867
2007-06-08,-0.015626185238564738,-0.036787419264251664
2007-06-11,0.00739770362949832,0.013994169096209985
2007-06-12,-0.009791172645911339,-0.01106958021851634
2007-06-13,0.006952491309385911,0.016717546154964236
2007-06-14,0.0003068661296510289,0.01458392908207018
2007-06-15,0.005215123859191539,0.007187147688838769
2007-06-18,0.0015259021896696368,0.009934238141877882
2007-06-19,0.007770244534166304,-0.004710446106954924
2007-06-20,-0.01043162748507076,-0.019766146993318467
2007-06-21,-0.0038346955923916903,-0.0028401022436808088
2007-06-22,0.003466045027912479,0.01367131871261762
2007-06-25,-0.005043558000916937,0.0025288002247820796
2007-06-26,-0.015514592933947857,-0.01667600896860988
2007-06-27,0.004290841004837009,0.005130397605814352
2007-06-28,0.008234288821564517,-0.0001417836381681914
2007-06-29,0.0010786655366359366,0.012620533182076121
2007-07-02,0.011698606942199596,0.017084441954908325
2007-07-03,-0.006162038798022018,0.004130524576621442
2007-07-04,0.0015309246785057962,0.0016454134101191453
2007-07-05,-0.007184347294405424,0.0232717316906228
2007-07-06,0.009853733641262519,0.011638795986622208
2007-07-09,0.006860801951517059,0.0021158423697433815
2007-07-10,0.004391278013325284,0.008181578252837163
2007-07-11,-0.00407055630936215,-0.012565445026178068
2007-07-12,0.009385407205570573,0.012725344644750836
2007-07-13,0.00014997000599881183,0.015314136125654354
2007-07-16,-0.0029989503673714113,-0.0030939796313006473
2007-07-17,0.0,-0.023276865382128475
2007-07-18,0.012182283050082843,0.016284919899377748
2007-07-19,0.006686478454680511,0.01185513288170914
2007-07-20,0.00870848708487082,-0.00038624951718813083
2007-07-23,-0.0026338893766461036,-0.01004636785162294
2007-07-24,-0.0008802816901408717,-0.023158990372105115
2007-07-25,-0.008957415565345128,0.01651571656899309
2007-07-26,-0.017780411912875937,-0.014937106918238796
2007-07-27,-0.002564489364911604,0.014365522745410919
2007-07-30,0.005747126436781436,-0.0068187778651981334
2007-07-31,-0.001052631578947416,0.01729601267494063
2007-08-01,0.00391389432485334,-0.022063595068137598
2007-08-02,-0.0019493177387913674,0.00544127405441297
2007-08-03,0.011117788461538325,-0.01333157338965163
2007-08-06,-0.0013372956909361022,-0.04789297658862879
2007-08-07,0.0004463621484898095,0.008852044400730508
2007-08-08,0.0035693039857227493,-0.01128133704735379
2007-08-09,-0.018820391227030164,-0.010987463022961053
2007-08-10,0.016160700800483152,0.0025637373593505597
2007-08-13,-0.00490487514863247,-0.002273050149168898
2007-08-14,-0.0005974607916354735,0.003986900185106057
2007-08-15,-0.0020923628755044055,0.016026095589278144
2007-08-16,-0.023064250411861775,-0.030988274706867602
2007-08-17,0.008431703204047292,0.014693171996542631
2007-08-20,-0.0015202189115232079,-0.008375922771152844
2007-08-21,0.000761266747868472,-0.016607015032211847
2007-08-22,0.005324813631522929,0.00014558159848609975
2007-08-23,-0.0010593220338982468,0.016885007278020225
2007-08-24,0.012270868050295425,0.010878900658459756
2007-08-27,-0.0008979347500748247,0.004672897196261738
2007-08-28,-0.007639304973037775,-0.005637773079633646
2007-08-29,0.007547169811320753,0.022395464209780336
2007-08-30,-0.0032958801498128576,-0.0031886870927491096
2007-08-31,0.012024650533593917,0.010987482614742694
2007-09-03,-0.0014852220406951222,0.009905076351630182
2007-09-04,0.014130596459913658,0.006947282386595921
2007-09-05,0.0,0.005681818181818121
2007-09-06,0.01994719859196259,0.005784234597793869
2007-09-07,0.007765314926660771,0.004012304400160538
2007-09-10,0.0032819634703198375,0.005461569202078298
2007-09-11,0.013511591523254207,0.0119236883942766
2007-09-12,-0.0014033118158854885,0.017020162346164103
2007-09-13,-0.004637436762226055,-0.003604531410916545
2007-09-14,-0.00098828180149646,-0.015245478036175819
2007-09-17,0.014556246466930434,0.009971136184728557
2007-09-18,0.007800529321632554,0.007924136139257021
2007-09-19,-0.003040774015203973,0.011341667740688122
2007-09-20,0.017329821156245595,0.007901108703963322
2007-09-21,-0.0031343690378848876,0.0026552029333670735
2007-09-24,-0.0013670539986329056,-0.004918032786885296
2007-09-25,0.001642710472279374,-0.016347737929286454
2007-09-26,-0.003963372967063172,-0.002447822726101445
2007-09-27,0.007821075740944039,0.03357871625984754
2007-09-28,0.012389380530973382,-0.010745970261152094
2007-10-01,0.00484131253362019,-0.01932550208412276
2007-10-02,-0.020877944325481845,-0.003348789283874387
2007-10-03,-0.0050574084199016545,-0.0024554148358748584
2007-10-04,0.013875532353345266,0.023059981862935564
2007-10-05,0.006368563685636985,-0.0008864125617321639
2007-10-08,-0.012656523495354954,-0.02940430925221804
2007-10-09,0.006273012409655054,0.01188299817184646
2007-10-10,0.004336630979807632,0.01432442895857533
2007-10-11,0.009108082579948773,0.019720101781170563
2007-10-12,0.0026743330881862093,0.004990642545227519
2007-10-15,0.012735880509435082,0.027312228429546836
2007-10-16,0.0014485119831446625,0.017039274924471215
2007-10-17,-0.007495069033530588,-0.012238593155893596
2007-10-18,0.017753047164811964,0.01768314687838335
2007-10-19,-0.003905233012236442,-0.009574468085106203
2007-10-22,-0.014375326711970726,-0.006205991168397262
2007-10-23,0.007292495359321194,-0.005043833313318147
2007-10-24,0.0052652362774778805,0.018346409173204625
2007-10-25,0.007332722273143855,0.03686144364110455
2007-10-26,0.020668139867412005,0.01383173296753526
2007-10-29,0.008405501782985159,0.018378622167098735
2007-10-30,-0.012250568325334554,-0.03188662533215225
2007-10-31,0.018795550441119913,0.03648215919487652
2007-11-01,-0.01192269076305219,-0.010040825333774706
2007-11-02,0.025022227867395053,0.0263040570664288
2007-11-05,-0.0006195786864932051,-0.017267593397046088
2007-11-06,0.02293862368257904,0.03061111725052501
2007-11-07,0.007393939393939508,-0.00021445421402543907
2007-11-08,0.0030080616051015863,-0.00482625482625465
2007-11-09,-0.0019193857965451588,0.0042030391205949424
2007-11-12,-0.046274038461538436,-0.012878300064391501
2007-11-13,0.010712035286704502,-0.03424657534246578
2007-11-14,0.012468827930174564,0.028481368906900784
2007-11-15,-0.029187192118226624,-0.004597197898423833
2007-11-16,-0.002537105163008979,0.007477457664394116
2007-11-19,-0.0054686506422484404,0.007203667321545426
2007-11-20,0.026598465473145705,0.03478543563068914
2007-11-21,-0.0032137518684602906,-0.006806995496910551
2007-11-22,0.005473494788932998,-0.00358498523829609
2007-11-23,0.023862788963459947,0.01333333333333342
2007-11-26,0.0009711094925952679,-0.0045948203842941515
2007-11-27,-0.014552510308028177,-0.02937473772555599
2007-11-28,-0.009968003937976921,-0.029290964115866736
2007-11-29,-0.013797389683033012,0.004565193185614103
2007-11-30,-0.01241492311570458,-0.021724673021502938
2007-12-03,0.013719609469721172,0.017448447767958175
2007-12-04,0.009316379201812941,-0.0030066815144765835
2007-12-05,-0.007858301110141075,-0.011616218027476921
2007-12-06,0.008549157656525086,0.019098203186801
2007-12-07,-0.009224632261281562,-0.017076957196717757
2007-12-10,0.016859587317564317,-0.006768953068592043
2007-12-11,-0.013734224201930267,0.022149023171285753
2007-12-12,0.020700037636432134,0.04478275363929329
2007-12-13,-0.0200344149459194,-0.020208466283769266
2007-12-14,-0.003047786278690512,0.0059704732957013285
2007-12-17,-0.0019751657503743747,-0.014891550663645114
2007-12-18,0.011912265221227791,-0.012816299704239253
2007-12-19,-0.0005605730302087331,0.015090989791389342
2007-12-20,-0.00735385765922969,-0.006558810668998771
2007-12-21,0.01933701657458564,0.017385563380281743
2007-12-24,0.0,0.002595717066839809
2007-12-25,-0.00591278640059123,0.0
2007-12-26,0.021685254027261402,0.01337648327939589
2007-12-27,0.0013341419041843494,0.008941877794336861
2007-12-28,0.018047480620154932,-0.009495674192867787
2007-12-31,-0.00809042236763824,-0.0003195568811248384
2008-01-01,0.0,0.0
2008-01-02,0.028547439126784147,0.04251465103889185
2008-01-03,0.008629737609329391,-0.0024529844644318732
2008-01-04,-0.006127876055035175,-0.008299180327868694
2008-01-07,-0.001744997673336468,-0.024795949994834254
2008-01-08,0.023190770306491082,0.012183494014196494
2008-01-09,0.0009111617312071996,-0.012246179610634345
2008-01-10,0.016499772416932235,-0.02278266398219775
2008-01-11,0.0023508339863427263,-0.012470180004337528
2008-01-14,0.009604645968282366,0.020314044141868992
2008-01-15,-0.01780973451327439,-0.020878174773999114
2008-01-16,-0.01227615722491271,-0.01351945482523631
2008-01-17,0.0009122006841504327,-0.011142061281337101
2008-01-18,0.00603782182729562,0.005408450704225354
2008-01-21,-0.020495980070207254,-0.019276028241622778
2008-01-22,0.0315606936416184,0.01074162952805402
2008-01-23,-0.0013784601591392276,-0.020689655172413723
2008-01-24,0.024498636470759783,0.02828446086354175
2008-01-25,0.0010954102311315772,0.020545638262041255
2008-01-28,0.015844184265236816,0.005280528052805211
2008-01-29,-0.005321096964604921,0.006784854453928624
2008-01-30,0.006454128042969742,0.005760869565217375
2008-01-31,-0.0035506778566817276,-0.003458337836377501
2008-02-01,-0.022459777561818495,-0.03004012579980475
2008-02-04,-0.0018778305534076223,0.01151610017889082
2008-02-05,-0.017042939353696274,-0.01823808997457732
2008-02-06,0.013623057869849076,-0.01170907453276282
2008-02-07,0.011551704987226685,0.0083162451583505
2008-02-08,0.013451191391237405,0.03875268331261994
2008-02-11,0.0005417411560755259,0.017293887317816115
2008-02-12,-0.01846337105419904,-0.007163476959264448
2008-02-13,0.00022065313327446212,0.0049536937325005415
2008-02-14,0.0017648356496802187,0.018966995285040866
2008-02-15,-0.006276150627615107,-0.0048375223472501006
2008-02-18,0.0029916897506925277,0.002958892528796442
2008-02-19,0.024966858152894345,0.0384574860394058
2008-02-20,0.01746065962491916,-0.0014204545454545858
2008-02-21,0.0022245762711865513,-0.022149969518390655
2008-02-22,-0.0009512736497199192,0.008000831255195351
2008-02-25,-0.0059246720270842435,0.007009586640552401
2008-02-26,0.009046402724563585,0.018220902855972998
2008-02-27,0.010336462398481183,-0.012063938876043068
2008-02-28,0.013571354003549363,0.026762999898239714
2008-02-29,0.00308991657225266,-0.007928642220019988
2008-03-03,0.010062634767429968,0.003796203796203823
2008-03-04,-0.020026430822405294,-0.029458598726114782
2008-03-05,0.026763485477178328,0.0422477440525022
2008-03-06,-0.010911295211153749,0.009543486816214086
2008-03-07,-0.0059244126659856455,-0.0022414969301237653
2008-03-10,-0.0003082614056720834,0.017386208243797663
2008-03-11,0.0004111419467571764,0.010464669738863286
2008-03-12,0.009863351484640015,0.009691211401425148
2008-03-13,0.012107030216705672,0.011950691634516009
2008-03-14,0.00814234016887827,9.298865538398537e-05
2008-03-17,-0.0001994216771362689,-0.053928405392840495
2008-03-18,-0.021242644858881055,0.037444717444717446
2008-03-19,-0.03800692887711432,-0.04585070102311484
2008-03-20,-0.03569537125304523,-0.003375694996028633
2008-03-21,0.00999560632688934,0.0
2008-03-24,-0.004567699836867889,-0.0051803148037457
2008-03-25,0.025893149786955227,0.007410374524333907
2008-03-26,0.015974440894568787,0.0336978131212724
2008-03-27,-0.007023060796645719,0.009712472353111012
2008-03-28,-0.01678454555051201,-0.011714285714285788
2008-03-31,-0.01556796220742973,-0.03343933699527801
2008-04-01,-0.037299596466353946,-0.0012961116650049842
2008-04-02,0.02469695253200399,0.03573924328641298
2008-04-03,-0.0017689331122167085,-0.011855421686747025
2008-04-04,0.012072211762099938,0.02321498244245035
2008-04-07,0.006784854453928624,0.021353670162059135
2008-04-08,-0.005543478260869539,-0.0074668657830875285
2008-04-09,0.02087659853535917,0.020030092157231394
2008-04-10,-0.005567451820128522,-0.00248916751175432
2008-04-11,-0.0037683031869077954,0.00508317929759694
2008-04-14,-0.0008645844590943197,0.010022988505747232
2008-04-15,0.003677663601946879,0.013383102694828786
2008-04-16,0.01778208858713226,0.01212829036025509
2008-04-17,-0.0059296908089793154,-0.0020415409195809753
2008-04-18,-0.023327652322113313,0.013252690563017033
2008-04-21,-0.002944704984185753,0.004476825842696597
2008-04-22,0.001859549332749788,0.013283229922223194
2008-04-23,-0.012719729228081622,0.0043984476067269185
2008-04-24,-0.019905999447055622,-0.018203675081572945
2008-04-25,5.641748942175617e-05,0.017491691446562818
2008-04-28,0.007841588626875895,0.0034381983840465757
2008-04-29,-0.0254687937307585,-0.02835360630460848
2008-04-30,0.008098793796668557,-0.01824914043903736
2008-05-01,-0.028317474787761254,-0.007722701149425304
2008-05-02,0.004397795238653579,0.03674208144796376
2008-05-05,0.020725086111273328,0.029940642458100575
2008-05-06,0.002516586593456882,0.019662683278244053
2008-05-07,-0.008728890917389265,0.01670684066162398
2008-05-08,0.015079136690647532,0.004251144538914398
2008-05-09,0.003401939105289964,0.02084011722565937
2008-05-12,-0.0024297903599479476,-0.019856459330143572
2008-05-13,-0.01784298176050758,0.009681881051175623
2008-05-14,-0.0034027337216679943,-0.0180499597099113
2008-05-15,0.02042824074074079,-0.005005744296733949
2008-05-16,0.023535416548517096,0.03084536082474232
2008-05-19,0.003102836879432802,0.000560044803584292
2008-05-20,0.015521431727794965,0.02222932992163762
2008-05-21,0.014468316562414874,0.03801627033792232
2008-05-22,-0.011473915607742136,-0.01650339110776189
2008-05-23,0.003525519336117666,0.008121982989809151
2008-05-26,0.004323856880337207,0.006080413468115831
2008-05-27,-0.02437843073942525,-0.03067160232681121
2008-05-28,-0.0061227866953500465,0.020419297015041638
2008-05-29,-0.02553002553002548,-0.030856182693042133
2008-05-30,0.009796104339901968,0.007013949089762717
2008-06-02,0.005527354765933357,0.0018782282047269394
2008-06-03,-0.012171864482836026,-0.026870801437275493
2008-06-04,-0.0012492192379761624,-0.01990688714079314
2008-06-05,-0.0025584171925635557,0.044553644553644745
2008-06-06,0.028556771545827475,0.07958287596048286
2008-06-09,-0.010329731227486927,-0.02745297407219116
2008-06-10,-0.02903923039879941,-0.02158165932342604
2008-06-11,0.015397923875432484,0.030529690123645148
2008-06-12,-0.013801329016868258,0.007924751888608972
2008-06-13,0.0038585579359593503,-0.013520464398559806
2008-06-16,0.012449084963570778,0.003426443202979579
2008-06-17,0.0003966455122392798,-0.007349120332566295
2008-06-18,0.013140753327669286,0.02034101106790298
2008-06-19,0.0046402415161848065,-0.03254177660510116
2008-06-20,0.004229271007234248,0.021666666666666723
2008-06-23,-0.02050315859470242,0.007785851994660975
2008-06-24,0.006562570717356886,0.004046795673607662
2008-06-25,-0.003597122302158362,-0.01560896966143921
2008-06-26,0.03486010830324915,0.04094394401846202
2008-06-27,0.011446636869072213,0.0034327397554172467
2008-06-30,-0.002586764388876839,-0.003420996365191331
2008-07-01,0.01539874648800521,0.006007294571980015
2008-07-02,0.005853243228861826,0.02552072225776647
2008-07-03,-0.011617203618473293,0.012616109801746989
2008-07-04,-0.0009313080060374679,-0.011363636363636576
2008-07-07,-0.008014571948998128,-0.01765683423348552
2008-07-08,-0.006718368581365763,-0.03834496369916118
2008-07-09,0.009786863853849415,0.001099464927068805
2008-07-10,0.0199763084212794,0.03990335334602424
2008-07-11,0.018001372538668736,0.017320284446947776
2008-07-14,0.00871188550093338,-0.003944909682331077
2008-07-15,0.005038042360682615,-0.035922734852695815
2008-07-16,-0.01795396419437334,-0.018450450450450462
2008-07-17,-0.002604302307411821,-0.03759453704383586
2008-07-18,-0.002558880359287752,-0.006713969634546402
2008-07-21,0.011047120418848033,0.018588217220984804
2008-07-22,-0.019885039614727318,-0.02307518286705379
2008-07-23,-0.02694563322238075,-0.03288305673485148
2008-07-24,0.007818863007004406,0.009178705403463994
2008-07-25,0.0019395506707613475,-0.015185068016450476
2008-07-28,0.0008065817067268721,0.010600706713780994
2008-07-29,-0.012572533849129597,-0.024872854418309
2008-07-30,-0.013929698552617165,0.03577540542743063
2008-07-31,0.00882904756649383,-0.024547600314712703
2008-08-01,-0.0034460124712831774,0.0016131634134537443
2008-08-04,-0.017728744717053768,-0.028184892897407
2008-08-05,-0.02279839070183276,-0.024693404043752087
2008-08-06,0.00617566331198538,-0.005947323704333041
2008-08-07,-0.0076494657876788885,0.0073504273504272355
2008-08-08,-0.01886446676669684,-0.038435431868318326
2008-08-11,-0.038267569460658346,-0.00582370069707927
2008-08-12,-0.01321890704280071,-0.013490725126475533
2008-08-13,0.017061739633178696,0.020872694556905103
2008-08-14,-0.02509675858732463,-0.007314708733585973
2008-08-15,-0.022765337137894526,-0.0007990056818182323
2008-08-18,0.015703948203630747,-0.005419813416259411
2008-08-19,0.017660954666466777,0.011702697873861023
2008-08-20,-0.0007983296487350522,0.009801324503311282
2008-08-21,0.02867678692151676,0.0507170339279468
2008-08-22,-0.016549565051142356,-0.05193075898801591
2008-08-25,-0.001312224341761481,0.0009655898876403946
2008-08-26,0.0036255246669503194,0.0052617732175743726
2008-08-27,0.0023880814129684236,0.013870714472651091
2008-08-28,0.008622566211150096,-0.017638960591980668
2008-08-29,-0.0034531131973669638,-0.0010510642025051142
2008-09-01,-0.01620646092763045,-0.04068391056554144
2008-09-02,-0.015079248605811446,-0.009779727630015445
2008-09-03,-0.005028869435649175,-0.0025844563411482335
2008-09-04,-0.006052664420316822,-0.016287247825282347
2008-09-05,0.00885177977274143,-0.020790216368767545
2008-09-08,-0.0014934660858743065,-0.006244596022672688
2008-09-09,-0.031222734637915917,-0.02996906419180201
2008-09-10,-0.03190736571244768,-0.01365357783535981
2008-09-11,-0.007442354973752452,-0.0134384156815196
2008-09-12,0.02497154716475869,-0.0006145022531749422
2008-09-15,0.027629000653167868,-0.05328960852633735
2008-09-16,-0.00879679654229959,-0.03420653821173414
2008-09-17,0.10788349813396936,0.0629903609056266
2008-09-18,-0.012791572610985735,0.003690425980598766
2008-09-19,0.024331613508442818,0.04643344889169043
2008-09-22,0.02684448514681481,0.06455175183214545
2008-09-23,-0.005406911928651059,-0.027913994718974044
2008-09-24,-0.010256122849296667,-0.006111757857974354
2008-09-25,-0.0058550396375990355,0.020985846754514315
2008-09-26,0.0010480389141405144,-0.010133843212236981
2008-09-29,0.03413940256045511,-0.09233146610005794
2008-09-30,-0.04159559834938098,0.04458395403277282
2008-10-01,-9.185372294628902e-05,-0.028929408169501958
2008-10-02,-0.03952369469610839,-0.050036714570439456
2008-10-03,-0.001040109988642457,-0.0034231448763251127
2008-10-06,0.02892601546231366,-0.07279778393351788
2008-10-07,0.031811573131724336,0.011711281070745594
2008-10-08,0.023131552248900844,-0.003543586109142405
2008-10-09,0.006203036513078075,-0.020151730678046542
2008-10-10,-0.06914864494935669,-0.10367771594483421
2008-10-13,-0.020032937301493914,0.04548522067755423
2008-10-14,0.0045374338290899985,-0.037825974696617526
2008-10-15,0.012463404433291414,-0.05004696095532002
2008-10-16,-0.0503729581720328,-0.06327683615819213
2008-10-17,-0.026410638826746213,0.049457177322074886
2008-10-20,0.017335801365928383,0.03491379310344844
2008-10-21,-0.03172173214711449,-0.03206997084548113
2008-10-22,-0.0533272856865159,-0.07458405048766503
2008-10-23,-0.012498288843257988,0.021698698078115308
2008-10-24,0.01847872797593464,-0.05870752427184478
2008-10-27,-0.005308289097590957,-0.010314262691377918
2008-10-28,0.022099069512862668,-0.018238071975248293
2008-10-29,0.010710221567708622,0.08591806269696467
2008-10-30,-0.02145837472680312,-0.026882541622117007
2008-10-31,-0.02016920473773265,0.025270758122743597
2008-11-03,-0.0004144505077019467,-0.07409675443968156
2008-11-04,0.05489599889434049,0.09854497354497349
2008-11-05,-0.029897677099846587,-0.06878386514148105
2008-11-06,-0.010331555135390746,-0.07176337481816708
2008-11-07,0.005253820960698707,-0.0013930001741250253
2008-11-10,0.012964094210276444,0.03016564952048828
2008-11-11,-0.019498793889037858,-0.05704129993229512
2008-11-12,-0.026515410373812554,-0.05995332974331369
2008-11-13,0.03404703404703402,-0.007256062631277316
2008-11-14,0.007603530210454901,0.04327755337564909
2008-11-17,-0.005457485514081761,-0.03558259587020651
2008-11-18,0.0002032382629904017,-0.00898489772510036
2008-11-19,-0.004849634245462031,-0.0023148148148148806
2008-11-20,0.0163077509460674,-0.0703789636504254
2008-11-21,0.07212697562282355,0.023086522462562487
2008-11-24,0.026447623211943272,0.0963610489936979
2008-11-25,-0.0007180935225530316,-0.06638234748748373
2008-11-26,-0.009902196022069876,0.07090367428003974
2008-11-27,0.004059539918809252,-0.0146513353115727
2008-11-28,0.0022666013232048865,0.006775832862789377
2008-12-01,-0.060020781125847966,-0.10319685922602362
2008-12-02,0.01745237011509193,-0.052741296643735724
2008-12-03,-0.010762171351150984,0.0
2008-12-04,-0.008979908262807701,-0.06954225352112664
2008-12-05,-0.01375488917861789,-0.06007568590350043
2008-12-08,0.021481922136294518,0.09260191243080018
2008-12-09,0.005474310858030185,-0.04352832795946571
2008-12-10,0.04333723758897201,0.020948711774620765
2008-12-11,0.013261781396496364,0.11768867924528315
2008-12-12,0.0012783831496925302,-0.020679468242245314
2008-12-15,0.019516050583657574,-0.03900021547080357
2008-12-16,0.02343610233168336,-0.0008968609865470656
2008-12-17,0.011420580351940268,0.02176840215439846
2008-12-18,-0.017110266159695797,-0.04766088293432902
2008-12-19,-0.01734951057968459,0.014760147601476037
2008-12-22,0.011691022964509301,-0.05795454545454537
2008-12-23,-0.009256529685749526,-0.02629674306393248
2008-12-24,0.009283503927636216,-0.09291377601585726
2008-12-25,-0.007075471698113178,0.0
2008-12-26,0.03242280285035615,0.04807429664026208
2008-12-29,0.01263085240998496,0.056815220224133434
2008-12-30,-0.00744081428636334,-0.009864364981504337
2008-12-31,0.009522392501115862,0.13549190535491928
2009-01-01,-0.0006802335468509835,0.0
2009-01-02,-0.006863690509955278,0.028953717920596533
2009-01-05,-0.01818597212702755,0.05777019825197183
2009-01-06,0.005142644389630968,0.018339379282547474
2009-01-07,-0.02421576571362416,-0.09242034434989121
2009-01-08,0.017105981162067962,-0.025948539031836027
2009-01-09,-0.003732213669232487,-0.005596597268860526
2009-01-12,-0.03886677593069543,-0.033993696533093365
2009-01-13,0.0012180267965895553,0.04474481472850145
2009-01-14,-0.012530413625304049,0.005576622797234032
2009-01-15,0.007515091782678285,-0.008651286601597197
2009-01-16,0.03099779897285404,0.04206757663906924
2009-01-19,-0.00859870722884426,-0.044449216233626854
2009-01-20,0.025637037923196715,-0.01977528089887648
2009-01-21,-0.0036508695601460417,0.03209536909674471
2009-01-22,0.0032545071411846926,0.008218569524655717
2009-01-23,0.04994282246960258,0.06565322758316805
2009-01-26,0.003989864189023917,-0.029150299772586208
2009-01-27,-0.004671397101962627,-0.06878194207836463
2009-01-28,-0.012990046154701562,0.026755088040246955
2009-01-29,0.023865595456747712,0.011135857461024523
2009-01-30,0.021130248170362576,0.010572687224669641
2009-02-02,-0.02462682545670103,-0.04489973844812556
2009-02-03,-0.0051381215469612496,0.00593336376083986
2009-02-04,0.006108735491753281,0.0015880217785844142
2009-02-05,0.009604239112435797,0.052321630804077035
2009-02-06,-0.003334973484227177,-0.005380972879896695
2009-02-09,-0.018650575973669814,-0.004111664141960514
2009-02-10,0.02336500838457245,-0.030638852672751016
2009-02-11,0.02561721651736959,-0.007397444519166019
2009-02-12,0.008414549715076935,0.008355916892502258
2009-02-13,-0.00533403749669914,0.0035834266517358326
2009-02-16,5.309546564724599e-05,-0.034144164249051534
2009-02-17,0.030262808601008828,-0.051987060998151535
2009-02-18,0.014738469466632154,-0.03607116743845973
2009-02-19,-0.010004570616017339,0.06169405815423534
2009-02-20,0.018672412024212548,-0.002381519409383248
2009-02-23,-0.0012589384630878886,-0.021484841250895115
2009-02-24,-0.029445873039882997,0.03683825323249579
2009-02-25,-0.009319964673489611,0.04211764705882359
2009-02-26,-0.008033729076645568,0.050124181530819545
2009-02-27,-0.0037004926941701655,-0.003440120404214042
2009-03-02,-0.017318957466677998,-0.08932038834951461
2009-03-03,-0.010723542116630624,0.03529969201610994
2009-03-04,-0.010446799917037008,0.055377574370709226
2009-03-05,0.02857142857142847,-0.053772766695576735
2009-03-06,0.007475332475332497,0.027726856095325436
2009-03-09,-0.01811852624631405,-0.016053511705685586
2009-03-10,-0.026237328562910056,-0.0038522547020167774
2009-03-11,0.012358737404665199,-0.0582347588717016
2009-03-12,0.01968655485290083,0.08913043478260874
2009-03-13,0.0027827212425173276,-0.0035484586382791283
2009-03-16,-0.007163370010648262,-0.02114400178054754
2009-03-17,-0.008525897277562922,0.09686221009549811
2009-03-18,0.02928321678321666,-0.012023217247097984
2009-03-19,0.01894904458598723,0.0631556861099456
2009-03-20,-0.00793874042819187,0.010854549042826012
2009-03-23,-0.013368618926099751,0.04392815306520892
2009-03-24,-0.01463544438531128,0.0005610622779128605
2009-03-25,0.0091277342695113,-0.032710280373831724
2009-03-26,0.00026760864911157256,0.03304347826086951
2009-03-27,-0.012092674835464834,-0.027684249906472225
2009-03-30,-0.006336998320966236,-0.07676029242016147
2009-03-31,0.0022348195791999093,0.025838716399249728
2009-04-01,0.008756186436069013,-0.016047125736339596
2009-04-02,-0.02517791675652359,0.08897605284888521
2009-04-03,-0.012056855262430166,0.013649289099526118
2009-04-06,-0.02715109444102337,-0.023003553394426723
2009-04-07,0.013983197145816417,-0.01952526799387444
2009-04-08,-0.000624255150104891,0.00722374072627896
2009-04-09,-0.0013060760931288273,0.04787749563868959
2009-04-10,0.0026155683175070887,0.0
2009-04-13,0.01383769069358598,-0.035516093229744805
2009-04-14,-0.0038037702075292,-0.0034522439585730202
2009-04-15,0.0006513560559266995,-0.0032717474980754613
2009-04-16,-0.017260922752320385,0.02452210851515746
2009-04-17,-0.007765659795580415,0.005465510742555635
2009-04-20,0.018012315129193768,-0.06541705716963453
2009-04-21,-0.0007914075749011484,-0.0008022462896108973
2009-04-22,0.00673229237384021,-0.00020072260136483333
2009-04-23,0.01633042989603828,0.006022886970487695
2009-04-24,0.009455036050780796,0.031131510676511764
2009-04-27,-0.006956388374615208,-0.026127346622798586
2009-04-28,-0.014451504721560315,-0.006558028616852063
2009-04-29,0.005171371644764777,0.0158031606321265
2009-04-30,-0.010913140311803904,0.0003938558487592836
2009-05-01,-0.0018576897095249345,0.04035433070866157
2009-05-04,0.01759630026507253,0.03273415326395446
2009-05-05,-0.005542315579449064,-0.008427995602784955
2009-05-06,0.01582789945939922,0.037509238728751004
2009-05-07,-0.0005815548362319012,0.0056990204808549105
2009-05-08,0.006400825629652385,0.02957322472109092
2009-05-11,-0.003327333224240392,-0.011351909184726616
2009-05-12,0.010617338003502619,0.008002783576896322
2009-05-13,0.0032817069208275207,-0.010355540214014414
2009-05-14,0.0001835199119104569,-0.011335891175444868
2009-05-15,0.005698866702644301,-0.012524254718645267
2009-05-18,-0.014520594990233726,0.044480171489817755
2009-05-19,0.0073291587258372815,0.007696254489481857
2009-05-20,0.014778697917792849,0.028343516632722388
2009-05-21,0.016118894156501362,-0.010892886614953023
2009-05-22,0.0037430015307513553,0.014183213749374257
2009-05-25,0.0015145975870893835,-0.009378084896347505
2009-05-26,-0.007092198581560183,0.017106792891546263
2009-05-27,-0.002310924369748002,0.020574787720444077
2009-05-28,0.010138976626658192,0.030240000000000045
2009-05-29,0.02058513909300319,0.017549308898897165
2009-06-01,-0.0042178149063502035,0.03739316239316248
2009-06-02,0.00697400133326509,0.002942474621156377
2009-06-03,-0.01914752762641958,-0.033592489364823286
2009-06-04,0.017891075229738762,0.0429568913175471
2009-06-05,-0.025451911698698315,-0.005384951244360225
2009-06-08,-0.0036427203165398936,-0.0067310506292069805
2009-06-09,0.0028365813941271245,0.02563347083087808
2009-06-10,-5.238070294899533e-05,0.016949152542372836
2009-06-11,0.0004504976427448515,0.013983050847457656
2009-06-12,-0.016367691872702705,-0.012118679481821992
2009-06-15,-0.011710848504205229,-0.020868584320360983
2009-06-16,0.007002046752127455,0.011520737327188835
2009-06-17,0.004065040650406582,0.008684510250569488
2009-06-18,-0.005753249520562553,0.0029640084685957913
2009-06-19,0.0008894127732532731,-0.026315789473684292
2009-06-22,-0.012098112480327106,-0.03194103194103182
2009-06-23,0.0034354578262330016,0.027172290235891294
2009-06-24,0.005972567231882442,-0.006831395348837144
2009-06-25,0.008395692644643127,0.02122054734377299
2009-06-26,0.0003726377428798777,-0.012324448265978782
2009-06-29,-0.0017560664112388213,0.03003482298316884
2009-06-30,-0.012207473745935338,-0.02380616988308204
2009-07-01,0.01543443065299499,-0.007359307359307232
2009-07-02,-0.011692176870748305,-0.03110917284489023
2009-07-03,0.0029038502903850905,-0.01560390097524389
2009-07-06,-0.007935656836461136,-0.023776863283036187
2009-07-07,-0.00045400497243552884,-0.012802498048399724
2009-07-08,-0.016416490028982933,-0.044282777162739206
2009-07-09,0.0030566245189664887,0.011087208340228472
2009-07-10,0.0008440391107993328,-0.00949263502454989
2009-07-13,0.007940419473194238,0.002808988764044784
2009-07-14,0.005845919808757927,0.0028011204481792618
2009-07-15,0.014497450522859001,0.036641472231350614
2009-07-16,-0.001810243850495219,-0.0053891266444762165
2009-07-17,0.00010667804565822614,0.04191235059760956
2009-07-20,0.01200000000000001,0.016212909146527954
2009-07-21,-0.0002318840579710324,0.006472004816375776
2009-07-22,0.0028675951208712025,0.005084492298489396
2009-07-23,-0.002155059132720072,0.030352626097307045
2009-07-24,0.002265065318162618,0.015451263537906046
2009-07-27,0.0025963105061228564,0.006968145620022792
2009-07-28,-0.017026273301042116,-0.013133738172574572
2009-07-29,-0.008084643443759476,-0.04793932455638228
2009-07-30,0.004731182795698841,0.05381031113783252
2009-07-31,0.020976027397260344,0.02267864783911011
2009-08-03,0.002935010482180145,0.02580195258019513
2009-08-04,0.010482859531772748,0.009925220938137302
2009-08-05,-0.00336150098776411,0.016558966074313508
2009-08-06,-0.00044625251665675325,-0.00900542974440477
2009-08-07,-0.00851373098686592,-0.016570894026459948
2009-08-10,-0.00893240483794977,-0.0012229922543823823
2009-08-11,-0.00033811626973223596,-0.014149659863945674
2009-08-12,0.0010569707219110214,0.005934308584046422
2009-08-13,0.008203991130820487,0.008094388805048647
2009-08-14,-0.006493030464880034,-0.014561785519869419
2009-08-17,-0.014746961535623604,-0.025825162270404545
2009-08-18,0.004247442975135796,0.025942727530479104
2009-08-19,0.003536994619932843,0.030675694348486937
2009-08-20,-0.0014013185133284756,-0.016892344818340344
2009-08-21,0.013958432998458559,0.011727805809355063
2009-08-24,-0.012822663507307763,0.0009435233859012016
2009-08-25,0.003398651160320787,-0.03285752760570981
2009-08-26,0.0008467848637205844,-0.0023670286828180176
2009-08-27,0.0026756913965417795,0.012002791346824804
2009-08-28,0.007404438444013062,0.0038615363398151192
2009-08-31,-0.004093812166265254,-0.04313779365297432
2009-09-01,0.005550941452286073,-0.027566403445800414
2009-09-02,0.02308488504605477,-0.0010335154289090598
2009-09-03,0.013591538500843159,-0.007981081879988028
2009-09-04,0.0025709532691435832,-0.004469606674612825
2009-09-07,0.0008547868061141717,-0.004340017958694875
2009-09-08,0.00025119316754573795,0.04343905005260784
2009-09-09,-0.0032144650929182284,0.005906078939786674
2009-09-10,0.004333366925325155,0.0004296147787483662
2009-09-11,0.008729680915111393,-0.03106212424849697
2009-09-14,-0.005073112503730104,-0.0036933077263997527
2009-09-15,0.0073485302939411135,-0.0013345195729538295
2009-09-16,0.009458587663143447,0.06414253897550126
2009-09-17,-0.0033920635544893996,-0.001674340728338275
2009-09-18,-0.006077168197468508,-0.0032145352900070367
2009-09-21,-0.0037420469095853504,-0.03687605159842955
2009-09-22,0.010660555943010852,0.026787014121415043
2009-09-23,-0.006033123028391207,-0.03601304409471151
2009-09-24,-0.014232157733962802,-0.046624503603471146
2009-09-25,-0.00304850442184057,0.004473927800061839
2009-09-28,8.073468563929431e-05,0.006604208262939837
2009-09-29,0.0013320147732547305,-0.0007628928898384402
2009-09-30,0.0155195001511641,0.05466483432585134
2009-10-01,-0.008484668055969147,0.0017373678876502208
2009-10-02,0.0036030626032128588,-0.01618731030495746
2009-10-05,0.014510097232610208,-0.0004407227853677753
2009-10-06,0.024378256168288592,0.007642563198118735
2009-10-07,0.001871221571826176,-0.019836639439906656
2009-10-08,0.010593362386858818,0.03824404761904754
2009-10-09,-0.005553923287619167,0.0032965457933209485
2009-10-12,0.007414820109602038,0.01942857142857135
2009-10-13,0.0067831565802296545,0.014573991031390232
2009-10-14,-0.0018323623379064014,0.00966850828729271
2009-10-15,-0.011155566015533025,0.01846785225718217
2009-10-16,0.0029988575780652837,0.03411685695097377
2009-10-19,0.010108680176545981,0.010131185868294645
2009-10-20,-0.008616801353129144,-0.006814967211006828
2009-10-21,0.003668142138138375,0.03171931641636472
2009-10-22,0.0010388138634431776,-0.0022587526665829305
2009-10-23,-0.004292452830188642,-0.007420450257829225
2009-10-26,-0.015917381211805304,-0.021033958438925415
2009-10-27,0.0012997641168823737,0.00854258348433845
2009-10-28,-0.011442307692307807,-0.026437371663244336
2009-10-29,0.01833479233537605,0.02873714737674682
2009-10-30,-0.0014327331773246188,-0.03639159405433112
2009-11-02,0.013439188866038565,0.017952127659574435
2009-11-03,0.023341198678622055,0.02037883736120194
2009-11-04,0.00721249181446737,0.009985917296120972
2009-11-05,-0.0015567052790623759,-0.011408290024084278
2009-11-06,0.004448112991241482,-0.027182972175919917
2009-11-09,0.008126369612855955,0.02504283643073668
2009-11-10,0.0015850013585725353,-0.0034717757490033696
2009-11-11,0.010354026314599585,0.005806451612903274
2009-11-12,-0.012261702318088319,-0.024759461193072596
2009-11-13,0.013637187386734473,-0.006182583530649821
2009-11-16,0.018459750592231483,0.04248841826604899
2009-11-17,0.0018256824365840973,0.0026663280853225224
2009-11-18,0.0036972787327618217,0.006331518298087868
2009-11-19,-0.0008729050279329131,-0.023027557568893853
2009-11-20,0.005242005940940153,-0.005667181865018023
2009-11-23,0.013384321223709472,0.0033678756476682725
2009-11-24,0.0029245283018868307,-0.01290988897495482
2009-11-25,0.01902668867206536,0.025895893277530835
2009-11-26,0.0011748317473103675,-0.018485466598674227
2009-11-27,-0.012933129934789345,0.0024678529679180716
2009-11-30,0.001698326299431896,0.016714174656646597
2009-12-01,0.014309571645346297,0.011214476870141432
2009-12-02,0.01616367602443769,-0.018525519848771266
2009-12-03,-0.006908746967142165,0.006163328197226647
2009-12-04,-0.03811337943600146,-0.01071975497702915
2009-12-07,-0.002867155144950728,-0.0140608875128998
2009-12-08,-0.02564545376046956,-0.016223995813162473
2009-12-09,0.00017724211272573953,-0.037238994547147186
2009-12-10,0.0021531100478469067,-0.007321453239397702
2009-12-11,-0.013836945085452967,0.00027831895352070646
2009-12-14,0.01022073194785622,0.00013912075681687952
2009-12-15,-0.0014909742806936688,0.0022256224787868817
2009-12-16,0.01137676650964381,0.020818875780707735
2009-12-17,-0.03427366200896387,-0.002447314751869323
2009-12-18,0.013013013013013053,0.0051792285675342775
2009-12-21,-0.017741645706072617,-0.01030508474576275
2009-12-22,-0.008733824134619761,0.006439238251815249
2009-12-23,0.0034597287572655233,0.02708957255649347
2009-12-24,0.016411529444214423,0.011398277004638802
2009-12-25,-4.522840343734735e-05,0.0
2009-12-28,0.0014926048215657683,0.013235486830035281
2009-12-29,-0.009276488122120896,0.0041386445938955685
2009-12-30,-0.0035830529799512068,0.00502318392581147
2009-12-31,0.0037331869338457224,-0.0012815583749838932
2010-01-01,0.00033728964976553755,0.0
2010-01-04,0.021807080694400183,0.0281021429488002
2010-01-05,-0.002880636415525162,0.005866200698951607
2010-01-06,0.018067170520102094,0.016131033627000857
2010-01-07,-0.005710520535910368,-0.004640371229698292
2010-01-08,0.0057256461232604305,-0.0017175806649490921
2010-01-11,0.011965947128436127,-0.004915816640039372
2010-01-12,-0.020289100143247696,-0.020624922810917656
2010-01-13,0.008595633063944508,-0.012484237074400939
2010-01-14,0.0040151821328786585,-0.006257182990678234
2010-01-15,-0.010343469700284325,-0.009123618607041806
2010-01-18,0.002803002838371871,-0.00012968486577624727
2010-01-19,0.0037474649501807455,0.006874189364461714
2010-01-20,-0.02376246321430131,-0.016874919489887952
2010-01-21,-0.01552236119859629,-0.022798742138364747
2010-01-22,-0.0007495087061833994,-0.023464735854116348
2010-01-25,0.004729105494726715,0.011808320746944823
2010-01-26,-0.0006828113619811171,-0.005428144931469592
2010-01-27,-0.008837060993941659,-0.014326647564470107
2010-01-28,-0.0009191598878625085,-0.0015227021040974398
2010-01-29,-0.005290031740190493,-0.009288784139747652
2010-02-01,0.022521272660007252,0.023089840470193135
2010-02-02,0.008050291710008706,0.040350157297223355
2010-02-03,-0.00417246175243402,-0.0018406521167499967
2010-02-04,-0.04169219679221481,-0.04992096944151747
2010-02-05,0.002557520709336014,-0.0352141965894911
2010-02-08,-0.003188745603751597,0.007472337979594679
2010-02-09,0.0143482147057441,0.02881186706603911
2010-02-10,-0.005565346442816033,0.005684181339248751
2010-02-11,0.021798339707117087,0.007030603804797142
2010-02-12,0.0014879458132124324,-0.00205338809034894
2010-02-15,0.003463676966548368,-0.005349794238683092
2010-02-16,0.016804432736851727,0.043718107847193544
2010-02-17,-0.01121136323030214,0.0077959830866807245
2010-02-18,0.0019424492930388837,0.019798085748000682
2010-02-19,0.009197475202885608,0.005271277963486698
2010-02-22,-0.004395997140814956,0.005371530886302711
2010-02-23,-0.00982697347165884,-0.0173005978883094
2010-02-24,-0.0051661787497845335,0.010873786407767039
2010-02-25,0.007807731202682078,-0.023050326546292688
2010-02-26,0.010296510576749185,0.017040241184952176
2010-03-01,0.0011274259791158592,-0.009021781157365627
2010-03-02,0.01412164275818939,0.016777214202106983
2010-03-03,0.004671043934252772,0.013686364799181394
2010-03-04,-0.006886266941532604,-0.008958990536277578
2010-03-05,0.0024732797456057387,0.017188693659281773
2010-03-08,-0.009930390342761442,0.007259982475904314
2010-03-09,-0.0015841513665532103,-0.006959115198210575
2010-03-10,-0.01189998662922842,0.007133024652734354
2010-03-11,0.0009472259810554551,-0.00248508946322068
2010-03-12,-0.00693975034924077,-0.011086198305929273
2010-03-15,0.005989926033489246,-0.018894067262879455
2010-03-16,0.01743876584419679,0.014507638978045856
2010-03-17,-0.006517228537480602,0.03720577069096431
2010-03-18,0.006220825932900853,-0.005856515373352744
2010-03-19,-0.018050381408550753,-0.019636720667648655
2010-03-22,-0.004381012601056833,0.008262393590385608
2010-03-23,0.002703683542006896,0.001986590514030162
2010-03-24,-0.016721258075607648,-0.013382899628252787
2010-03-25,0.003496825250759228,-0.00012559658377298
2010-03-26,0.015359926639156418,-0.00401959552819986
2010-03-29,0.0022849401670805847,0.023710430066843147
2010-03-30,-0.005613725242840983,0.001355180485401064
2010-03-31,0.008789814688958453,0.017470472440944906
2010-04-01,0.012153604311699873,0.01584038694074974
2010-04-02,-0.0026447043788494495,0.0
2010-04-05,0.007163196298273666,0.022259254850612864
2010-04-06,0.0021469275964129952,0.003143921751280976
2010-04-07,0.013330041964947137,-0.0065002901915264255
2010-04-08,0.0010527231599093412,-0.00911321416053279
2010-04-09,0.009681820947149866,0.00023582124749443878
2010-04-12,-0.004691198622767456,-0.0007072969468349122
2010-04-13,-0.00486033036409228,-0.0005898313082458584
2010-04-14,0.0041019223415719175,0.01687913125590179
2010-04-15,0.00334083434308452,0.011839814277422978
2010-04-16,-0.01884823076790354,-0.0135367672364346
2010-04-19,-0.001459456132792969,-0.0204674962204906
2010-04-20,0.004411182038300598,0.006767185088448313
2010-04-21,0.005277183631964721,0.010613207547169878
2010-04-22,-0.004534435549974791,-0.0003500583430572357
2010-04-23,0.014147059338811108,0.018442862145441774
2010-04-26,-0.0036277888626882193,-0.004813753581661917
2010-04-27,0.012500758541173607,-0.012092594725325312
2010-04-28,-0.001857956248127124,0.004429937048263
2010-04-29,0.0010722434764707245,0.008588672237697326
2010-04-30,0.01028251201768593,0.006214039125431503
2010-05-03,0.0027140954852717947,0.0171546203110704
2010-05-04,-0.00949053906600239,-0.036766359343377464
2010-05-05,0.0034756321466085094,-0.035718454534843014
2010-05-06,0.028610817986860493,-0.03365210022999643
2010-05-07,-0.00024820054604113295,-0.019541525742202248
2010-05-10,-0.004352863290301268,0.02363613134023268
2010-05-11,0.024569044333992762,0.00461807289066396
2010-05-12,0.005110732538330387,0.00882097154926087
2010-05-13,-0.005125100887812706,-0.01342364532019713
2010-05-14,0.00026771589664531525,-0.03657470977406052
2010-05-17,-0.008661940988499484,-0.02694998704327567
2010-05-18,0.0023562136954922153,-0.00892143808255641
2010-05-19,-0.025669697513834744,-0.0099422275963994
2010-05-20,-0.009449372973788006,-0.025105170308047153
2010-05-21,-0.0045414182417862214,-0.00222717149220486
2010-05-24,0.012446052944574681,-0.007114955357142905
2010-05-25,0.010589646983796497,-0.0227623998875931
2010-05-26,0.006102877070619073,0.031488138030194124
2010-05-27,0.0007675167120575477,0.04070253693894621
2010-05-28,0.0017317730882462357,-0.00857219394588804
2010-05-31,0.001292468285133186,0.008511213185625532
2010-06-01,0.007794129737729083,-0.02598794373744151
2010-06-02,-0.0018192497838110944,0.01430339705680117
2010-06-03,-0.013893996976012457,0.022508474576271142
2010-06-04,0.01117235091790647,-0.04402599124784501
2010-06-07,0.016655328147668458,0.0004161464835621409
2010-06-08,-0.00303946466723104,0.0024958402662229595
2010-06-09,-0.0025716087919906983,0.02724757952973711
2010-06-10,-0.01367763904653807,0.013733674431129828
2010-06-11,0.008261201943231988,-0.012485057776597364
2010-06-14,-0.004426943207943901,0.01143241425689312
2010-06-15,0.010727592842812106,0.013297872340425565
2010-06-16,-0.004172574437917853,0.025459317585301733
2010-06-17,0.01306647140183892,0.006910673150755109
2010-06-18,0.00934819621574734,-0.005846466700559327
2010-06-21,-0.01841979630808388,0.007670672462285699
2010-06-22,0.005066266769343075,-0.00989596549099192
2010-06-23,-0.002072747802242203,-0.022680676576114944
2010-06-24,0.004865314831128398,0.002622263012980186
2010-06-25,0.009916757148027644,0.021577089054531262
2010-06-28,-0.013331422018348582,-0.006784434203789047
2010-06-29,0.0013237122055949069,-0.02770975641190887
2010-06-30,0.0014509342404360748,-0.005699893955461222
2010-07-01,-0.035166374217228236,-0.03559525396613783
2010-07-02,0.010811802884815869,-0.009538291401714138
2010-07-05,-0.0022448726942598807,-0.0025122121423587496
2010-07-06,-0.013507812693869914,-0.0002798376941373082
2010-07-07,0.00853597182626209,0.02883135059482167
2010-07-08,-0.00376627479672087,0.016324309617739008
2010-07-09,0.011233048195284923,0.009503413197697874
2010-07-12,-0.012263660446806712,-0.013922036595067633
2010-07-13,0.012908885825291483,0.030657523194836722
2010-07-14,-0.0031592840056091642,0.0015655577299411583
2010-07-15,-0.00014067374448689662,-0.007555034518692216
2010-07-16,-0.012662418273607479,-0.010762567266045298
2010-07-19,-0.008440905280804656,0.003316969616558252
2010-07-20,0.007836473840379332,0.007934408886537847
2010-07-21,-0.006039255158530432,-0.011151928627656682
2010-07-22,0.008421940928269978,0.03250630224227136
2010-07-23,-0.004887111081356976,-0.004754561809303448
2010-07-26,-0.00474292345728855,0.0006455777921239303
2010-07-27,-0.018504435994930346,-0.017677419354838797
2010-07-28,0.0012913223140496033,-0.0009194798371205959
2010-07-29,0.004298856504169946,0.020115698133052806
2010-07-30,0.011043575036383979,0.007604072689779695
2010-08-02,0.001481795088907667,0.033768227168073484
2010-08-03,0.002959205242020646,0.023014105419450814
2010-08-04,0.00723287671232864,-0.005805515239477588
2010-08-05,0.00010880208900010402,-0.007177615571776208
2010-08-06,0.008736694115284216,-0.017767430461953282
2010-08-09,-0.003459432553509223,0.010354291417165706
2010-08-10,0.002555713726763331,-0.017162612668230603
2010-08-11,-0.005106700988125823,-0.02462311557788932
2010-08-12,0.013186996619788838,-0.027305512622359696
2010-08-13,0.0012191605914575465,-0.005429025423728806
2010-08-16,0.008161720543346629,-0.003461589668486309
2010-08-17,-0.0004243685477618442,0.027788911155644858
2010-08-18,0.0036494860511255833,-0.005979461848433787
2010-08-19,0.0021638330757343116,-0.015300117693213044
2010-08-20,-0.0033036786908665627,-0.013811420982735578
2010-08-23,-0.0014170650465432644,-0.008618367896579548
2010-08-24,0.00354768992374499,-0.0168432491170879
2010-08-25,0.007842340511987178,0.015197568389057947
2010-08-26,-0.0020562028786841324,0.020958083832335328
2010-08-27,0.0001858435681965087,0.021727539322847322
2010-08-30,-0.0006705282631701559,-0.000652315720809038
2010-08-31,0.008407437348423752,-0.025587467362924166
2010-09-01,-0.002485169151835942,0.02290996784565902
2010-09-02,0.005432773446917949,0.007596594629993625
2010-09-03,-0.0036049430083289202,-0.0033796958273756283
2010-09-06,0.0027275279772172034,0.002608582235555046
2010-09-07,0.004600184007360397,0.011317809288408975
2010-09-08,-0.0005972764195270042,0.005531258039619402
2010-09-09,-0.009044185027291984,-0.008954842011001718
2010-09-10,0.0019137986490833647,0.008906673551051902
2010-09-13,-0.0003451098733527891,0.01113101330603894
2010-09-14,0.018289109228854628,0.0016449449576110275
2010-09-15,-0.0001419189012321631,-0.0031581606872157497
2010-09-16,0.005598706777589335,-0.005449245976428707
2010-09-17,-0.0008390511664378986,-0.0034403669724771824
2010-09-20,0.0031942111789542427,0.014192558496356034
2010-09-21,0.007142577743008083,-0.01134644478063529
2010-09-22,0.003130388851776411,-0.005993369038510554
2010-09-23,0.0007666039445257677,0.002052597819114821
2010-09-24,0.003272980501392686,0.009729868134682018
2010-09-27,-0.0016427199740867149,-0.0038037276531002195
2010-09-28,0.011162611046736215,0.0017818505791014072
2010-09-29,0.0006493754536078811,0.026172023885147944
2010-09-30,-0.0009619789280805868,0.019066485081094653
2010-10-01,0.00801656808351292,0.01749483659336648
2010-10-04,-0.00278992896295005,-0.005611940298507423
2010-10-05,0.019150796365986267,0.018731988472622474
2010-10-06,0.0063183493219149955,0.002593116454502553
2010-10-07,-0.011460256039614314,-0.019162943804373334
2010-10-08,0.009973379325859622,0.0071916576770945095
2010-10-11,0.005420054200542035,-0.0036891586338212434
2010-10-12,-0.002658494258390931,-0.002627806975633029
2010-10-13,0.016089741216541498,0.013652694610778449
2010-10-14,0.00653656688139459,-0.0012996219281663501
2010-10-15,-0.009303167420814384,-0.02460664852715011
2010-10-18,0.00014615609470891577,0.023286840509399553
2010-10-19,-0.026742656729504488,-0.038757852317174435
2010-10-20,0.010540540540540544,0.03082614056720101
2010-10-21,-0.015096133844462178,-0.02117224880382773
2010-10-22,0.002134689074615892,0.013809116460955506
2010-10-25,0.008550675548530506,0.006991321118611449
2010-10-26,0.00047018083304095626,0.0014364376346658325
2010-10-27,-0.01136855297119077,-0.005139851781018279
2010-10-28,0.014042103674639872,0.004325363450678799
2010-10-29,0.011526069454055765,-0.005263787534394049
2010-11-01,-0.0040973959099603885,0.017678893565844733
2010-11-02,0.0027108277996499286,0.00933585440794138
2010-11-03,-0.00660036832412525,0.011356983959723621
2010-11-04,0.03262046361249937,0.01875434128270448
2010-11-05,0.0007899291218143034,0.0012499999999999734
2010-11-08,0.01133729899614666,0.003972307343093728
2010-11-09,-0.01155786381728785,-0.0014695907754916915
2010-11-10,0.007780983964282173,0.007132344616777919
2010-11-11,0.0034330973375689133,-0.0016861510791366108
2010-11-12,-0.028428449744463347,-0.027812183312689975
2010-11-15,-0.005968949771689602,0.004169562195969423
2010-11-16,-0.015397845036675406,-0.022722029988465953
2010-11-17,-0.002672379686928572,-0.017113183052047676
2010-11-18,0.013008495191048297,0.02125360230547546
2010-11-19,0.0001477726960390502,-0.008348030570252685
2010-11-22,0.009729394295339144,-0.0045055726820015796
2010-11-23,0.007060286801287674,-0.008456407813244304
2010-11-24,-0.0022812307021686795,0.03111111111111109
2010-11-25,0.0014854621316380268,0.0030288909599254232
2010-11-26,-0.008397862362307773,-0.006039488966318229
2010-11-29,0.0018404458131691115,0.020565552699228773
2010-11-30,0.014579414627720055,-0.016258300893061572
2010-12-01,0.0012047062897211358,0.034334264432029915
2010-12-02,-0.001981410764464342,0.020479351862270567
2010-12-03,0.020885824639930606,0.008049399051714756
2010-12-06,0.006838368409142426,0.00032815576460287765
2010-12-07,-0.015220368744512824,-0.0006560962274466675
2010-12-08,-0.0143001825858724,-0.00678411204727003
2010-12-09,0.0036757523353327937,0.0024237082736586757
2010-12-10,-0.0007065048914648431,-0.005605011539729587
2010-12-13,0.00577146443695753,0.007847038019451746
2010-12-14,0.001484796970153468,0.00021932229411114612
2010-12-15,-0.01100128921357979,0.01085407301830954
2010-12-16,-0.0077199385881057125,-0.005314533622559736
2010-12-17,0.003795121808813473,-0.0004361574528404244
2010-12-20,0.00721255216740091,0.01167230282535181
2010-12-21,0.00021655958998056946,0.0049601035152038175
2010-12-22,-0.00021651270207845297,0.004828326180257525
2010-12-23,-0.003825886089655617,0.006406833956219993
2010-12-24,0.0033695652173912904,-0.0050928381962864755
2010-12-27,-0.000628317625392838,0.0008531513277167946
2010-12-28,0.016021332870832072,0.005647309536494394
2010-12-29,0.004146662399089562,-0.002542911633820699
2010-12-30,-0.005050361954412108,-0.01115360101975782
2010-12-31,0.011924678745594885,0.01783220539263075
2011-01-03,-0.004643309413254637,0.0009498680738786458
2011-01-04,-0.024243709358213184,-0.013812737241670203
2011-01-05,-0.0016298442593263296,0.021062760611568532
2011-01-06,-0.004853981498276871,-0.010261780104712126
2011-01-07,-0.0014727755256788155,-0.012589928057553879
2011-01-10,0.0045051623172744915,0.0253937640630022
2011-01-11,0.004266887643471273,0.01995820271682347
2011-01-12,0.004574472705163757,0.0052248745005634145
2011-01-13,-0.01030333597521449,-0.0006114961271912467
2011-01-14,-0.008554164239953366,0.006322659596165625
2011-01-17,-0.0001762308624297937,-0.012667207134171021
2011-01-18,0.0049426781530688135,0.0037975982756850435
2011-01-19,0.0011108350263824285,0.0036809815950920033
2011-01-20,-0.017235337917743343,-0.01609616951915238
2011-01-21,-0.002651810584958225,0.010561192793538954
2011-01-24,-0.006166770935740473,-0.010143442622950749
2011-01-25,-0.0014763189448441238,-0.014077217679329235
2011-01-26,0.010184399930953214,0.027926509186351645
2011-01-27,-0.024123328380386333,-0.0053109998978653206
2011-01-28,0.017700395118497525,0.02084402916110495
2011-01-31,-0.003067071619862638,0.015992757996379003
2011-02-01,0.006543206171023774,0.007227007227007087
2011-02-02,-0.004584762188758029,0.005897385492431795
2011-02-03,0.014304437371278622,-0.0056673832323627105
2011-02-04,-0.00400191974009656,-0.018966194968553562
2011-02-07,0.0017421215333635054,-0.0058098767905439
2011-02-08,0.009398496240601517,0.0067506297229218415
2011-02-09,-0.00018328714497284349,0.019015212169735785
2011-02-10,5.132980868638448e-05,-0.009330190532311766
2011-02-11,-0.005022730605660608,0.005551700208188848
2011-02-14,0.003559453185452588,0.01626737651582366
2011-02-15,0.008863399374348324,-0.013969732246798539
2011-02-16,0.0003930560104816738,0.02105470287288469
2011-02-17,0.007050400541330992,-0.011466563885141667
2011-02-18,0.004269984393965753,-0.0006823277122527394
2011-02-21,0.011841811811595715,0.031408505657432695
2011-02-22,-0.005197483024636407,0.000378286362776592
2011-02-23,0.008934059493689084,0.05171109850633382
2011-02-24,-0.006361395256580971,0.0009887640449437463
2011-02-25,0.005696319849428866,0.0070043103448276245
2011-02-28,0.00048204728316725287,-0.003031924380239026
2011-03-01,0.015623560754749244,0.03237924865831854
2011-03-02,0.0007116047384503332,0.008057529024432464
2011-03-03,-0.012911321807027365,-0.013407821229050154
2011-03-04,0.010643557363618328,0.010279641083718039
2011-03-07,0.0007687200810648775,-0.008019315340174082
2011-03-08,-0.0022136098599908616,-0.017211404728790014
2011-03-09,0.0013087173170593935,0.025473200070758928
2011-03-10,-0.013209854971169,-0.004398826979472026
2011-03-11,0.004108085136523165,-0.013774581997747615
2011-03-14,0.006193348146580568,-0.0014933239634574713
2011-03-15,-0.021543293396801833,-0.045306589249582196
2011-03-16,0.002385899548613457,0.019351271654994617
2011-03-17,0.0034166529666983525,0.038691014283131375
2011-03-18,0.01050711990938935,-0.008442123585726713
2011-03-21,0.006506598240469286,0.009040638988852656
2011-03-22,4.2022986573631016e-05,0.006437021572720969
2011-03-23,0.00670938824106182,-0.0012964563526361994
2011-03-24,-0.004869802355592978,0.0014712245781047795
2011-03-25,-0.00038449976580468004,-0.0011234013135152932
2011-03-28,-0.0066998629255602404,-0.006834501254433856
2011-03-29,-0.0013025417165386521,0.003135888501742068
2011-03-30,0.0031936268462053885,-0.0002605071205279419
2011-03-31,0.006479360215885022,0.01936940849474511
2011-04-01,-0.0024228459712331007,0.01141785957736885
2011-04-04,0.003709588235705885,0.019882055602358895
2011-04-05,0.015215860198182662,0.009582025441929654
2011-04-06,0.002678847408730256,0.0006545573555882811
2011-04-07,-0.0010618256550778415,0.003025347506132592
2011-04-08,0.011459333424770346,0.032444770522540134
2011-04-11,-0.007973367866513925,-0.021081721279115673
2011-04-12,-0.0069507569285446325,-0.024681400225842864
2011-04-13,0.003014494349543595,0.01620906384386367
2011-04-14,0.011520832189713115,-0.004231770833333259
2011-04-15,0.008635484855679554,0.008908139915004831
2011-04-18,0.005662864521682964,-0.014904819765087063
2011-04-19,0.0007356383334449212,-0.002302442233368951
2011-04-20,0.00400962309542896,0.020769801368169416
2011-04-21,0.0016506922257721879,0.0011303996770286595
2011-04-22,0.0014353303917920002,0.0
2011-04-25,0.0001260749548783746,-0.002661504960077443
2011-04-26,-0.0006501993723585509,0.0038816108685104656
2011-04-27,0.01380912863070538,0.00797486708554862
2011-04-28,0.005991945253920994,-0.0008790857508191863
2011-04-29,0.01790131493295144,0.006958886578147583
2011-05-02,-0.01167103664385749,-0.006116450869806944
2011-05-03,-0.006179429939499825,-0.021339514066496146
2011-05-04,-0.012813334201445481,-0.010289914250714571
2011-05-05,-0.027647702839957322,-0.08573314629919959
2011-05-06,0.014433968663094321,-0.015072202166064974
2011-05-09,0.012135760039583277,0.06203610372949697
2011-05-10,0.0016713680775302109,0.014926660914581502
2011-05-11,-0.009793834830437942,-0.0430162373544164
2011-05-12,0.002977201430655274,0.003642178200231161
2011-05-13,-0.007125401758440231,0.0075234554788456975
2011-05-16,-0.003892586028157785,-0.009663533339190011
2011-05-17,-0.0017658947311878226,-0.024305863567816943
2011-05-18,0.006914643169435575,0.021001909264478646
2011-05-19,-0.00247164290772095,-0.007836153161175363
2011-05-20,0.012690185363763096,0.0087057978818883
2011-05-23,0.0032204095937786725,-0.02037547824539554
2011-05-24,0.006288313229187326,0.02207084468664866
2011-05-25,-0.0008449929256407751,0.02132764596107717
2011-05-26,-0.0040318615399743685,0.0010441138084049673
2011-05-27,0.01132174828857302,-0.0001738374619729699
2011-05-30,0.001340796667534505,-0.00304268451708245
2011-05-31,-0.00177450177450178,0.017875828392047488
2011-06-01,0.002669740123589337,-0.01884691167651853
2011-06-02,-0.0040134300539669265,0.008818650135335782
2011-06-03,0.005627098751344706,0.002596503375454473
2011-06-06,0.0014912985968824621,-0.011740331491712719
2011-06-07,-0.0002913413355085659,0.020090845562543702
2011-06-08,-0.004228918549604166,0.009162527830107736
2011-06-09,0.004149323621227996,0.014594823928723022
2011-06-10,-0.008231971916734748,-0.006607008446934737
2011-06-13,-0.010200683093118723,0.002694056238423892
2011-06-14,0.005495991818691648,0.008900083963056193
2011-06-15,0.004593236131707812,-0.025466045272969362
2011-06-16,-0.0009144469555448786,-0.026302305721605412
2011-06-17,0.006420063023836686,-0.007104016839151073
2011-06-20,0.0007795244900610232,-0.013426375761858456
2011-06-21,0.0036868752434116026,-0.0066254812427253285
2011-06-22,0.0017267247846444178,0.029382604776926557
2011-06-23,-0.017786242293166277,-0.06085281498993078
2011-06-24,-0.012389904035756683,-0.019951519671825513
2011-06-27,-0.003074772886093591,0.00827625570776247
2011-06-28,0.002216391954230179,0.026323238041324748
2011-06-29,0.007380516236469514,0.03327817613531914
2011-06-30,-0.008033960841879684,0.000711743772241924
2011-07-01,-0.008498980122385258,-0.006312233285917568
2011-07-04,0.005896075781717469,-0.0033998389549968477
2011-07-05,0.013033016976339962,0.019929975760840213
2011-07-06,0.00876162829055871,8.802042073763339e-05
2011-07-07,0.0022106240761814444,0.04374229889104031
2011-07-08,0.00769401446135376,-0.0021924276920483043
2011-07-11,0.006042159116666168,-0.009211527085270066
2011-07-12,0.00919226510801563,0.004350051177072656
2011-07-13,0.009325406950043469,0.008747346072186746
2011-07-14,0.003065003349385087,-0.0038727058427345806
2011-07-15,0.004013280998973023,-0.008958755916159467
2011-07-18,0.007021837349397542,-0.010318949343339656
2011-07-19,-0.010150860860299482,0.00870314519603621
2011-07-20,0.007491344035253533,0.009311464206389841
2011-07-21,-0.006154711322169493,-0.005416842996191273
2011-07-22,0.006777529785294334,0.009871500297846891
2011-07-25,0.007924662624193779,-0.006151512597960762
2011-07-26,0.0032837263478766587,0.002882821773783295
2011-07-27,-0.0036126275226637805,-0.007186337504227258
2011-07-28,0.0015370598771591304,-0.0005960998041386611
2011-07-29,0.006869024412883951,-0.0052828902522154
2011-08-01,-0.004714053040779209,0.0005996230940552572
2011-08-02,0.024713161827365937,-0.0029963188083212966
2011-08-03,0.0013980956972399206,-0.02773484458183062
2011-08-04,-0.009147148737452815,-0.05281285878300812
2011-08-05,0.010585963122221376,0.019766899766899826
2011-08-08,0.033354367619219394,-0.051476638932065555
2011-08-09,0.012503998371572234,-0.011278195488721776
2011-08-10,0.030052557511703437,0.04007019596373218
2011-08-11,-0.016366749011582193,0.012560929883764338
2011-08-12,-0.009773685881445893,9.257544899088366e-05
2011-08-15,0.011072434561568256,0.017402573359251994
2011-08-16,0.011058764906399787,-0.0040032754071512855
2011-08-17,0.0031922936910195876,0.010322462775189445
2011-08-18,0.01822749476622465,-0.03264014466546117
2011-08-19,0.015444925708646196,0.015235068698009169
2011-08-22,0.024507712991409747,-0.002393665991530125
2011-08-23,-0.036274809482149784,0.008767072720561098
2011-08-24,-0.038006595101250706,0.007684566828286554
2011-08-25,0.0087088503976398,0.00426690876078073
2011-08-26,0.02969934345853642,0.006689567890074022
2011-08-29,-0.021207892072353074,0.004669540229885083
2011-08-30,0.026347573249832168,0.01912763675366458
2011-08-31,-0.0054317032775453855,0.007279424662339995
2011-09-01,0.00030127906658261594,-0.004875925119721236
2011-09-02,0.031137396637643144,-0.01714935689911634
2011-09-05,0.009155797255385068,-0.02003026796047358
2011-09-06,-0.013130196821387274,0.02552688953488369
2011-09-07,-0.030683908812158323,0.025777305341482926
2011-09-08,0.028876993579833865,-0.010794473229706392
2011-09-09,-0.007822692760132699,-0.015539065910082916
2011-09-12,-0.02172917216812076,-0.004611155449144255
2011-09-13,0.010147362622228373,-0.0032071269487750076
2011-09-14,-0.007564065507970397,0.004558048082938582
2011-09-15,-0.017078799868117334,0.02615658362989315
2011-09-16,0.012668276756563346,-0.027050459511010927
2011-09-19,-0.017958683434729394,-0.027446088041347294
2011-09-20,0.013964077915507245,0.012827560930914528
2011-09-21,-0.011859022337541436,-0.0016283698208793274
2011-09-22,-0.023514559838410998,-0.04412830735773832
2011-09-23,-0.048063939691678326,-0.01440894871551801
2011-09-26,-0.018023347055059924,-0.00028854477253059674
2011-09-27,0.014653815892997635,0.030786992495670518
2011-09-28,-0.025176892507511872,-0.031080828822101947
2011-09-29,0.003436575604663261,0.0013486176668915384
2011-09-30,0.005635756708717965,-0.011447811447811373
2011-10-03,0.02125274820019829,-0.010217983651226281
2011-10-04,-0.02079237773623588,-0.018877199882017415
2011-10-05,0.010487615622421176,0.029461869926846296
2011-10-06,0.00640521680836148,0.029202764528375447
2011-10-07,-0.008181135548880891,0.0014187080298873056
2011-10-10,0.02368959306407792,0.028995088779750766
2011-10-11,-0.008558733188202772,0.01633776961909139
2011-10-12,0.008422065812428547,0.005689515036575443
2011-10-13,-0.004921553421225355,-0.0022449712643678454
2011-10-14,0.007733581127664202,0.03213032130321314
2011-10-17,-0.0060382521788274746,-0.03941402162539254
2011-10-18,-0.0076789561886521085,0.008986928104575354
2011-10-19,-0.010386195166378176,-0.024831309041835392
2011-10-20,-0.012244400426634106,0.012639542393209746
2011-10-21,0.013074920094282572,-0.0018221574344023939
2011-10-24,0.007083472911654676,0.01725082146768897
2011-10-25,0.0313218182258026,-0.00475549573799916
2011-10-26,0.011358905041430445,-0.018121168409664712
2011-10-27,0.01177637072084603,0.029106601781287322
2011-10-28,-0.0008768159546118648,-0.01936117059243403
2011-10-31,-0.016473368436750735,-0.0031844236193248054
2011-11-01,0.002828483116580127,-0.00018254837531939128
2011-11-02,0.01061324183652701,-0.00182581705313134
2011-11-03,0.014886638278282849,0.013627217852569817
2011-11-04,-0.005114335448241469,0.010286023639808795
2011-11-07,0.022939047673325108,0.02313119585603296
2011-11-08,-0.004780210596690759,0.003840782122904951
2011-11-09,-0.009304044068252026,-0.023391304347826103
2011-11-10,-0.0063287562863763025,0.012465497284302351
2011-11-11,0.017133920955359816,0.003957435581743107
2011-11-14,-0.004657195730810804,-0.019884372810091033
2011-11-15,0.00033702185025008546,0.004468674591116217
2011-11-16,-0.0098545679150992,-0.0045377702642583895
2011-11-17,-0.023721892987778936,-0.03271362173757597
2011-11-18,0.0013941168269901993,-0.006098687858066887
2011-11-21,-0.026886398440763015,-0.0063220528077352345
2011-11-22,0.013310919961611267,0.02011601796407181
2011-11-23,-0.004406141537737551,-0.018435293038613243
2011-11-24,0.0029602755833397776,0.007101476359558934
2011-11-25,-0.00818889844587678,-0.012803859714232702
2011-11-28,0.017124833681809504,0.02443609022556381
2011-11-29,0.0019388559581863252,0.016697247706422003
2011-11-30,0.017882226768551,-0.002707092582566295
2011-12-01,-0.0008875654937440247,-0.013843648208469062
2011-12-02,0.001025905547913819,0.008716395999633031
2011-12-05,-0.01369525761626933,-0.0011824631617245451
2011-12-06,0.003413306088803969,0.009106638739641237
2011-12-07,0.007717451042781542,-0.011551304033932008
2011-12-08,-0.019300874337644824,-0.012964484616086902
2011-12-09,0.001873240178660307,0.004717417445194716
2011-12-12,-0.02628150069823021,-0.012520714417234347
2011-12-13,-0.020996225599913543,0.020883833675181762
2011-12-14,-0.035304934109714914,-0.04091324200913249
2011-12-15,-0.002147531609378084,0.0006665397067227019
2011-12-16,0.01810228459363783,-0.016557236654296426
2011-12-19,-0.0028768879577223405,0.002805999032414297
2011-12-20,0.013384764951234196,0.0298147433423388
2011-12-21,-0.0003218439180783239,0.009182048158905554
2011-12-22,-0.005634081861352169,0.0016711540246960865
2011-12-23,0.0005043366727479626,0.000648808972101067
2011-12-26,0.00023025988250524598,0.0
2011-12-27,-0.008897184632135624,0.01213412374953693
2011-12-28,-0.02269374431086979,-0.015649309050974614
2011-12-29,-0.007162127440904387,0.004183711416883673
2011-12-30,0.012460777019376978,-0.005832793259883395
2012-01-02,0.0009329610009520817,0.0
2012-01-03,0.02399177716631451,0.044235425591357735
2012-01-04,0.004987686648586287,0.01400160527958616
2012-01-05,0.006675145010701211,-0.008443271767810123
2012-01-06,-0.003469504717417249,0.002838389214121051
2012-01-09,-0.0036671036683403324,-0.005395365292764853
2012-01-10,0.0131458895819756,0.007381058248110195
2012-01-11,0.005917921008619542,-0.00918079096045199
2012-01-12,0.0048721368583244384,-0.008731290092658495
2012-01-13,-0.006709131570494353,-0.007370124033794778
2012-01-16,0.0030263832279793235,0.006881564650488947
2012-01-17,0.005170693724602771,0.002967625899280568
2012-01-18,0.004514700008472428,-0.007800591769030807
2012-01-19,-0.0008073067283592694,0.0080426531718778
2012-01-20,0.004883931263189645,-0.01515015688032273
2012-01-23,0.006150246009840377,0.006553795740032786
2012-01-24,-0.006917732653487163,-0.004973774642792472
2012-01-25,0.027353250262723394,-0.0019994546941742852
2012-01-26,0.005424362871171429,0.008924505964848395
2012-01-27,0.010970419980466106,0.006047477209134344
2012-01-30,-0.005233042928203924,-0.00636999820563422
2012-01-31,0.004572650807873613,0.0020767494356659366
2012-02-01,0.003320366448761547,0.005226166876914684
2012-02-02,0.009188256009360352,0.004571531014700536
2012-02-03,-0.018879827228552748,0.022396716338002998
2012-02-06,-0.003521922228079233,0.011782160935591035
2012-02-07,0.014649033570701908,0.0025877684809798573
2012-02-08,-0.007058351714457567,0.008345521810203982
2012-02-09,-0.0020713968369366897,0.011860068259385681
2012-02-10,-0.004446268950125454,-0.01079349017623743
2012-02-13,0.00023230827307840762,0.005285141931634207
2012-02-14,-0.0011728843083176343,0.001950309505638792
2012-02-15,0.00462147503531507,0.006516587677725116
2012-02-16,4.050503998431765e-05,0.009921802741108099
2012-02-17,-0.0027542311586865598,-0.0044126217633835285
2012-02-20,0.006637694445572606,0.003930423147683548
2012-02-21,0.014017856628221192,0.013411078717201264
2012-02-22,0.009691629955947079,0.01019233930626351
2012-02-23,0.0025220964927095135,0.005858421480878784
2012-02-24,-0.004733880659037126,0.014965215984468427
2012-02-27,-0.002651846418596726,-0.01036104248027414
2012-02-28,0.00939099934941856,-0.02110010469517598
2012-02-29,-0.04903460837887064,0.009132044426162
2012-03-01,0.01266531507107671,0.028860264144790593
2012-03-02,-0.0033755274261603185,-0.020206022187004735
2012-03-05,-0.0035796665596076194,0.0012131014961584974
2012-03-06,-0.018718645974963533,-0.014701130856219602
2012-03-07,0.006288894993967897,0.01754385964912286
2012-03-08,0.008866942447964377,0.010634869481147113
2012-03-09,0.008236020825366897,0.004304846938775642
2012-03-12,-0.00729935525279346,-0.005080171455786653
2012-03-13,-0.016052053087566187,0.00702090314344983
2012-03-14,-0.017466831538264005,-0.009903343368721229
2012-03-15,0.008432687455541599,-0.011362727054493038
2012-03-16,0.0007958231343372368,0.018292189397005387
2012-03-19,0.0027229243725828134,-0.0007948493760433495
2012-03-20,-0.008194653048963718,-0.012648158459947378
2012-03-21,-0.00018778091419013876,0.0006445375443120405
2012-03-22,-0.0028111841507375557,-0.00853462157809981
2012-03-23,0.00959347716460801,0.016160467760272912
2012-03-26,0.01713907444183671,0.0041556780947815675
2012-03-27,-0.005579287413174927,-0.000875447672105012
2012-03-28,-0.01023352669939015,-0.010992512346662542
2012-03-29,-0.0011902257221003687,-0.014255798969072142
2012-03-30,0.003960110016430374,0.004003595064956178
2012-04-02,0.005754878158438892,0.020751953125
2012-04-03,-0.019013559827149473,-0.004544367376225877
2012-04-04,-0.015371996232949492,-0.02018260451705911
2012-04-05,0.006540989170343403,0.008909596207291148
2012-04-06,0.0056095392821013945,0.0
2012-04-09,-2.438578308838757e-05,-0.006157336141942804
2012-04-10,0.011992001268091634,-0.022743947175348556
2012-04-11,-0.0005723132903194816,0.0025025025025025016
2012-04-12,0.010126704360510663,0.01273090364453311
2012-04-13,-0.010383224528279333,0.000985950209514419
2012-04-16,-0.003841097938952598,-0.025855700566362882
2012-04-17,-0.001464882173836779,0.0008426019548364305
2012-04-18,-0.00445565261671077,-0.006819329853510747
2012-04-19,0.000353176149649137,0.00025430194117159743
2012-04-20,0.00014000316528894885,0.006440677966101704
2012-04-23,-0.0025623079029852835,-0.0004210171775009819
2012-04-24,0.002080740035635076,-0.004633139583859802
2012-04-25,0.0008951134114780768,0.008124576844956044
2012-04-26,0.008292166549047186,0.00671591672263272
2012-04-27,0.0033185506984041435,-0.0007505003335557259
2012-04-30,0.00114261659199566,-0.00300425602937493
2012-05-01,-0.0014116233668718392,0.0015903574119024988
2012-05-02,-0.0053837824831569625,-0.012201236837706797
2012-05-03,-0.010523450966161696,-0.017935702199661674
2012-05-04,0.003850738058127856,-0.02498277050310127
2012-05-07,-0.002374646086400478,-0.0001767096660187928
2012-05-08,-0.020171503555189374,-0.0037999293036408144
2012-05-09,-0.0098729288650804,0.004169253969662057
2012-05-10,0.0028058255481111516,-0.004151943462897489
2012-05-11,-0.009196931010470477,-0.004169253969662057
2012-05-14,-0.014322347801310586,-0.006146445750935481
2012-05-15,-0.008113160278275688,0.0060051985300708655
2012-05-16,-0.002817175053429155,-0.004722024233784761
2012-05-17,0.022334794609514486,-0.03777638528332283
2012-05-18,0.012000203285603472,-0.003256116848078805
2012-05-21,0.00018832037061455864,0.0155870823221953
2012-05-22,-0.015583714610281518,-0.0036761327083908446
2012-05-23,-0.004443736053554415,-0.0262890877225348
2012-05-24,-0.0014280865561340228,0.009378552482000702
2012-05-25,0.00878599371512867,0.0026278742374472586
2012-05-28,0.0002097902097901727,0.002620986614247034
2012-05-29,-0.011434346259208139,-0.004014564466436332
2012-05-30,0.004879961937582777,-0.030089988751406116
2012-05-31,-0.0015483738875061714,-0.015463419348603402
2012-06-01,0.040685416947023656,-0.03376852851673695
2012-06-04,-0.0030788177339901024,0.004266991770801365
2012-06-05,-0.0012044471896232034,-0.0001011633788567945
2012-06-06,0.0015460251692898108,0.018211250505868026
2012-06-07,-0.01866567873792102,-0.007054848966613569
2012-06-08,0.0025671356303325066,-0.004603222255578965
2012-06-11,0.0021338019329735225,-0.014778325123152691
2012-06-12,0.008084919839679516,-0.008775510204081627
2012-06-13,0.004628162836784355,-0.00010294420424139528
2012-06-14,0.003982289940389183,-0.0010295480284154834
2012-06-15,0.002155703375215534,0.005977532721838541
2012-06-18,0.0006084444717595616,-0.015981969060547052
2012-06-19,-0.0059579015902068155,-0.003019260801665702
2012-06-20,-0.006728909595338672,-0.0320593149540519
2012-06-21,-0.02558631415241064,-0.03732873017585492
2012-06-22,0.0038688177122903067,0.01961223803653489
2012-06-25,0.007599702371488659,0.00032974280061548455
2012-06-26,-0.007270982971257056,0.022085485111526193
2012-06-27,0.000845593377668763,0.005160180606321285
2012-06-28,-0.013664170144645826,-0.022887700534759414
2012-06-29,0.028834016023907116,0.07049036777583195
2012-07-02,-0.0002754389808757862,-0.004703476482617486
2012-07-03,0.01279891797797128,0.03431271830696536
2012-07-04,-0.001112862839654949,-0.009038537941994496
2012-07-05,-0.006851731501253511,0.00932143931041396
2012-07-06,-0.012919268593650668,-0.024925521350546265
2012-07-09,0.002399217097578843,0.02169263672471744
2012-07-10,-0.012912165779611406,-0.023425039872408293
2012-07-11,0.005889672335130713,0.023068286210064404
2012-07-12,-0.0029497963688959183,0.008380724334031697
2012-07-13,0.011369637278667355,0.013159196596418399
2012-07-16,-0.00012581781580256468,0.01123046875
2012-07-17,-0.0037687177551277706,0.004345726702076336
2012-07-18,-0.00629022173663174,0.01115384615384607
2012-07-19,0.005141567892211318,0.025104602510460206
2012-07-20,0.001890562363266124,-0.008998144712430434
2012-07-23,-0.0049099733043868055,-0.03341757933164835
2012-07-24,0.0028095766608531303,0.001549486732519867
2012-07-25,0.014337393592127379,0.009282537226841914
2012-07-26,0.007481996446051742,0.008430733857060835
2012-07-27,0.004548689544202844,0.011495344860345647
2012-07-30,-0.0007639231148348635,-0.002535925612848655
2012-07-31,-0.0045500505561173465,-0.012052730696798464
2012-08-01,-0.009290341760705534,0.009912314144109757
2012-08-02,-0.007208142137311024,-0.0005662514156283827
2012-08-03,0.00976039797235595,0.02870632672332385
2012-08-06,0.004446384584203766,0.005599412520653546
2012-08-07,0.001036829165321329,0.022364217252396124
2012-08-08,0.0001240425465935946,0.0012499999999999734
2012-08-09,0.0028712287991070617,0.009630818619582593
2012-08-10,0.0018365302563723152,-0.0023847376788552754
2012-08-13,-0.006419158719871643,0.005754758742806398
2012-08-14,-0.006646994874980661,0.0037852112676057814
2012-08-15,0.0025327538225821122,0.019468560905024912
2012-08-16,0.007504210591978255,0.005591397849462387
2012-08-17,0.0007863144143196443,-0.027288280581693858
2012-08-20,0.0025365008661222266,-8.794301292758266e-05
2012-08-21,0.010675717371181781,0.008267370272647234
2012-08-22,0.010196605202100306,0.0023551988834611404
2012-08-23,0.009688727712299672,0.0008702462796972288
2012-08-24,-1.7958372492521413e-05,-0.012346752456308119
2012-08-27,-0.003909009278659115,-0.011708777181089869
2012-08-28,0.0016707031977740705,0.0028505255656510187
2012-08-29,-0.006149692515374228,-0.00035530289571850115
2012-08-30,-0.0005433142167220462,0.0009774302470233476
2012-08-31,0.021895385358782216,0.01704394141145138
2012-09-03,0.00028371309513253173,0.010561228943004375
2012-09-04,0.0020976996212322963,-0.01381931248920365
2012-09-05,-0.0017395098709814816,-0.009546330355578947
2012-09-06,0.004371119892730313,0.003537005924484804
2012-09-07,0.020890062517276098,0.0066966252533262605
2012-09-10,-0.005639888239191149,0.004901531728665143
2012-09-11,0.0033718410715735114,0.005138925180733445
2012-09-12,-0.0006524701480472572,0.004852686308492116
2012-09-13,0.02101401126679181,0.008106243532252533
2012-09-14,0.0019127167368373499,-0.0020530367835758234
2012-09-17,-0.005224512849477558,-0.024601405794616782
2012-09-18,0.005711852377572768,-0.015467088496352921
2012-09-19,-0.0005701994568991786,-0.034276533071498694
2012-09-20,-0.0009998305371970995,0.017007117108790215
2012-09-21,0.002584066993491785,0.012632918295010453
2012-09-24,-0.004906660650837447,-0.014449829474062148
2012-09-25,-0.0021310360462479805,0.005828248793370294
2012-09-26,-0.004481324972737233,-0.003712086917157076
2012-09-27,0.01405220367993154,0.017902580879679997
2012-09-28,-0.002886270803092228,0.003392554236228973
2012-10-01,0.0017943292424884572,-0.0017795177506896298
2012-10-02,-0.00048438969714381663,-0.005526339245922163
2012-10-03,0.0018652405934960203,-0.03047414179438912
2012-10-04,0.006901478165005415,0.04076915965609684
2012-10-05,-0.0052788872440857615,-0.0049742405400604595
2012-10-08,-0.003453697983938908,-0.001785395465095596
2012-10-09,-0.005832464568482076,0.02396708996601693
2012-10-10,-0.0010826436911914872,-0.0014847161572052459
2012-10-11,0.002774798699419545,0.012070322749934359
2012-10-12,-0.00744123405651953,-0.009420101979085604
2012-10-15,-0.009481023699708602,0.010294887454196378
2012-10-16,0.005796017036951762,-0.006303972366148547
2012-10-17,0.0015336457850492202,-0.01607717041800638
2012-10-18,-0.004999571465302943,-0.007065889418830573
2012-10-19,-0.011284024348225619,-0.02028108877423951
2012-10-22,0.003978510236677835,-0.006355547485019097
2012-10-23,-0.01213120444290161,-0.010873538011695882
2012-10-24,-0.003273542863501011,-0.0036951501154735
2012-10-25,0.005910554393551148,0.0059341678256839
2012-10-26,-0.0005256702295426408,0.009770485759056147
2012-10-29,-0.0011395511921459267,-0.0010041077133728926
2012-10-30,0.00020476817317538476,-0.003289473684210509
2012-10-31,0.0064635002339730185,-0.0034836817015034827
2012-11-01,-0.003748583384186266,-0.004875804967801267
2012-11-02,-0.021117722552794316,-0.023019321438476403
2012-11-05,0.004153754469606641,0.019398183194549556
2012-11-06,0.018415758144061822,0.03100343451220633
2012-11-07,0.0009032634032632991,-0.038264157738363225
2012-11-08,0.008063811824983391,0.00402546339636789
2012-11-09,-0.00019059720457437201,0.020046620046620056
2012-11-12,-0.0016579341101168321,-0.0030164533820842276
2012-11-13,-0.0018805693785441946,-0.0074264233978178495
2012-11-14,0.0008985767703411085,0.01246997967855168
2012-11-15,-0.0062264697364610155,0.012498859593102818
2012-11-16,-0.0011831560542037156,-0.018291584069201616
2012-11-19,0.010503466143827467,0.02524093620927026
2012-11-20,-0.002696740812602516,-0.016741271262309843
2012-11-21,0.0009495961321328572,0.009378129837020799
2012-11-22,0.0004974865360474201,-0.0027963196824823955
2012-11-23,0.01355844005666218,0.007507914970601437
2012-11-26,-0.00245293782087852,-0.004130005386963509
2012-11-27,-0.0037799508206096677,-0.00946628200504862
2012-11-28,-0.012858118696508103,-0.0032765996177300805
2012-11-29,0.0035180759322901434,0.011414482695644157
2012-11-30,-0.006235006432023349,0.004243409172986601
2012-12-03,0.0005714352353962671,-0.00278701789085678
2012-12-04,-0.010705377747733169,-0.009736747205192908
2012-12-05,-0.002173669731796113,-0.009377276037873306
2012-12-06,0.0035303146584804157,-0.01635879055233891
2012-12-07,0.002464879873873338,-9.343174810805266e-05
2012-12-10,0.0053049463930472385,0.002896654830872647
2012-12-11,-0.001844598420416621,0.006335600484487225
2012-12-12,0.0010292698616918283,0.013795018979724016
2012-12-13,-0.008535324324798088,-0.01452054794520552
2012-12-14,-0.0005597784455835253,0.011491057362617019
2012-12-17,0.0012793679804261604,-0.013834173156207052
2012-12-18,-0.015951057515662503,0.011148272017837302
2012-12-19,-0.002423364827103369,0.0139654538772509
2012-12-20,-0.011552441847910822,-0.0014498006524102935
2012-12-21,0.005643477838729982,-0.01116152450090746
2012-12-24,0.00037412051507934585,-0.0015600624024960652
2012-12-25,8.44472325436385e-05,0.0
2012-12-26,0.0008866210690117171,0.020863970588235192
2012-12-27,0.0028021332369156937,-0.002430899432790068
2012-12-28,-0.005047773571299707,-0.001624548736462006
2012-12-31,0.011868092045660417,0.0044295787380219664
2013-01-01,0.00034022741516714916,0.0
2013-01-02,0.006545658503985807,0.012240122401224074
2013-01-03,-0.013575277581822198,-0.0029341157642037707
2013-01-04,-0.004741615033744262,-0.007401462457642172
2013-01-07,-0.005543143529979977,0.0008085526906838059
2013-01-08,0.007413839166444003,0.004847396768402179
2013-01-09,-0.0009040882872348721,-0.0016080042880113332
2013-01-10,0.01069599367772045,0.0011632068718683275
2013-01-11,-0.007389456594403487,-0.011171686477790654
2013-01-14,0.0028984112857641797,0.011207519884309347
2013-01-15,0.007087180717112229,-0.014122273864855206
2013-01-16,0.00018456555649493112,0.0028105167724388203
2013-01-17,0.004589476942491677,0.004429979206219903
2013-01-18,-0.0020087222393402326,0.0071107110711070565
2013-01-21,0.0034436692890009724,-0.0016087228528018915
2013-01-22,0.0015975858702406143,0.006355742547668131
2013-01-23,-0.004082114901787115,0.0033801814623732884
2013-01-24,-0.010600056944905734,0.004255319148936287
2013-01-25,-0.005587630472970062,0.0
2013-01-28,-0.0018328158442108,0.0017655367231639296
2013-01-29,0.004946817185206731,0.007754670426506793
2013-01-30,0.007933645870898065,0.004721930745015701
2013-01-31,-0.007930828861061445,0.0056570931244559475
2013-02-01,0.002223958646390578,0.010471657291216019
2013-02-04,0.0041381792011514484,-0.0099349092154849
2013-02-05,-0.0008063071134204458,0.00795847750865053
2013-02-06,0.0027615888101855113,0.0018022657054583835
2013-02-07,-0.003677938923561941,0.004369056797738358
2013-02-08,-0.0024829484264689006,0.014158990105765934
2013-02-11,-0.011503973609236828,-0.006476030277544287
2013-02-12,0.001978071319786112,0.004486582578515197
2013-02-13,-0.005347204980228004,0.0005056463846284664
2013-02-14,-0.0046575342465754455,-0.0060646900269542
2013-02-15,-0.015108419732697054,-0.0028813559322034
2013-02-18,-0.00022979225538000136,-0.002379738228794892
2013-02-19,-0.0029382897041831946,0.0011927074459021636
2013-02-20,-0.02523285878944581,-0.016337644656228778
2013-02-21,0.007490971844939409,-0.017906574394463637
2013-02-22,0.003102260399550971,0.00502069937461469
2013-02-25,0.007779098889422853,0.0029798422436460026
2013-02-26,0.012739573004656446,-0.01511709192590005
2013-02-27,-0.010323716042038522,-0.007452754857598998
2013-02-28,-0.010951098866695874,-0.004380084026101794
2013-03-01,-0.0021714220598754164,-0.008798707128748307
2013-03-04,-0.001490946465505294,-0.002807971014492816
2013-03-05,0.0010611057102736243,0.013806885275683412
2013-03-06,0.005376071088543322,-0.004927873846429454
2013-03-07,-0.0031376856884915982,0.0008103727714749986
2013-03-08,-1.899936668781077e-05,-0.0026990553306344145
2013-03-11,0.0016656427924532924,-0.0056833558863328415
2013-03-12,0.0070814365199798335,-0.005171475231355416
2013-03-13,-0.003201908588648883,-0.010305517555859622
2013-03-14,0.0015683063551048537,0.0082934021378549
2013-03-15,0.0012011143322494533,0.003655638822884111
2013-03-18,0.008410275736448813,-0.002822800947004045
2013-03-19,0.004596727478838103,-0.018811067482421673
2013-03-20,-0.003689075994965374,0.011819450907398776
2013-03-21,0.004934906529260763,-0.011497424576894733
2013-03-22,-0.0039012911415921003,0.0017679352377406587
2013-03-25,-0.002020453203195438,0.004737135426342132
2013-03-26,-0.003270416744533766,0.011001201811962735
2013-03-27,0.0032623980500610106,0.003017556693489354
2013-03-28,-0.00517046976521085,0.003008478439237905
2013-03-29,0.0003318784948997955,0.0
2013-04-01,0.0012644757433488696,0.00963461188874759
2013-04-02,-0.014773181954586323,-0.003510983075261098
2013-04-03,-0.011415771405364539,-0.03234257837203003
2013-04-04,-0.0019898581423711814,-0.007188871253851148
2013-04-05,0.017011834319526686,-0.02087643407936801
2013-04-08,-0.004920158102766803,0.005186323472915699
2013-04-09,0.007550191614711377,0.015000955474871125
2013-04-10,-0.016986785252467773,-0.004141956132919122
2013-04-11,0.0019763606729892302,-0.014368087720956657
2013-04-12,-0.050432276657060515,-0.011124964035676532
2013-04-15,-0.09073680660934069,-0.02637959460770045
2013-04-16,0.014204018661781115,-0.004781352724374965
2013-04-17,0.00650157968640297,-0.022219997998198404
2013-04-18,0.010354223433242549,0.014740505681236638
2013-04-19,0.009557713052858574,0.00524563704226777
2013-04-22,0.01614201554363559,0.007425990968389362
2013-04-23,-0.009429002068071068,-0.0007968921207290869
2013-04-24,0.013439490445859903,0.014156116040275224
2013-04-25,0.02507699076110881,0.016514302565614702
2013-04-26,-0.004073846992301955,-0.002417561164297477
2013-04-29,0.009521724854985036,0.0063008918185343266
2013-04-30,0.0005894947961839758,-0.013871496002311856
2013-05-01,-0.012913842257450625,-0.02363973820455212
2013-05-02,0.006469361433550036,0.029014507253626753
2013-05-03,0.002508401098788804,0.013028682547399084
2013-05-06,-0.0008771035186129206,0.012189269603608777
2013-05-07,-0.011405550338219439,-0.010051204248056056
2013-05-08,0.014621050457768403,-0.0005747126436781436
2013-05-09,-0.010712783424019934,0.0012459267778415217
2013-05-10,-0.006583684806089951,-0.005360390542739513
2013-05-13,-0.01239860550205385,-0.010489846982966067
2013-05-14,-0.0035859330765627417,-0.0021396615444465583
2013-05-15,-0.022750550699423333,0.010526315789473717
2013-05-16,-0.005068088985879626,0.0011574074074072183
2013-05-17,-0.01909853748638135,0.008092485549132888
2013-05-20,0.02526664214784846,0.001529051987767538
2013-05-21,-0.012598199232342067,-0.008492366412213737
2013-05-22,-0.004374078137601822,-0.012607063805216034
2013-05-23,0.015164894509841043,-0.001559454191033094
2013-05-24,-0.003170267064447563,0.001952362358453863
2013-05-27,0.005870305198176773,-0.00019485580670297598
2013-05-28,-0.009793659215073358,0.01568894952251032
2013-05-29,0.008565512048192891,-0.017269500143912486
2013-05-30,0.01511181305861653,-0.00234306355559899
2013-05-31,-0.018528995756718514,-0.017614247969468644
2013-06-03,0.01696930393428442,0.016635123020221076
2013-06-04,-0.008353703900520704,0.011561826376641049
2013-06-05,0.0027651547629254924,-0.0019372336303756788
2013-06-06,0.007510171508375851,0.005531832298136585
2013-06-07,-0.021924086083863203,0.009168999131357936
2013-06-10,0.0025524776387051418,-0.005833970925784193
2013-06-11,-0.005892535160476053,-0.009523809523809601
2013-06-12,0.0077557624081316945,0.005147630147630089
2013-06-13,-0.0020662049502526703,0.007343704705768728
2013-06-14,0.003260830357464828,0.016115107913669213
2013-06-17,-0.0038830204146204084,-0.004342490323798853
2013-06-18,-0.012705104420076885,0.005214753010334583
2013-06-19,-0.011961949885571865,0.0009432182607056472
2013-06-20,-0.04909310224892871,-0.03741047870335468
2013-06-21,0.008910713868806264,-0.012139011257954024
2013-06-24,-0.01082211011863432,0.0024774551580617477
2013-06-25,-0.0036962234577624375,0.0009885330170027462
2013-06-26,-0.0399639963996401,0.003950227138060258
2013-06-27,-0.021131755517328377,0.011410584300609816
2013-06-28,0.028200921152356617,-0.006418984633339786
2013-07-01,0.014572347371064387,0.008222396241190255
2013-07-02,-0.007257369143806036,0.009708737864077666
2013-07-03,0.007599945312562806,0.01692307692307704
2013-07-04,-0.0023865015005427592,-0.0020801815431165105
2013-07-05,-0.02140188336573623,0.020655675573242327
2013-07-08,0.011315139722353873,-0.002692164871890057
2013-07-09,0.011649339520445112,0.003537187005491882
2013-07-10,0.0066565978631760725,0.0064929041832855194
2013-07-11,0.020869717079986083,-0.007188277578103364
2013-07-12,-0.00032659155061010026,0.010025062656641603
2013-07-15,-0.000692289143505942,0.0025732928958734913
2013-07-16,0.005783451389429484,0.0028416903474195454
2013-07-17,-0.012467785749112004,-0.007221206581352946
2013-07-18,0.006434068431529383,0.000828652978547062
2013-07-19,0.009188385258092291,-0.0057957681692732965
2013-07-22,0.03070144981211853,0.000740260941982207
2013-07-23,0.007006932071686345,0.0024965325936199267
2013-07-24,-0.017127819325294724,-0.011344770337576082
2013-07-25,0.008841726292223129,0.004291445097490465
2013-07-26,-0.0005023128884489303,-0.004458894565722238
2013-07-29,-0.00379549341414398,0.0026126714565644082
2013-07-30,-0.0013026127550636035,-0.005025593299209041
2013-07-31,-0.000980118669752783,0.00738939294733898
2013-08-01,-0.011222048646486571,0.017084493964716785
2013-08-02,0.001396733323156818,-0.005386160306737331
2013-08-05,-0.0068748428008506,-0.0022946305644790943
2013-08-06,-0.015210934682005517,-0.004783808647654042
2013-08-07,0.003444540559075282,-0.006840451100018519
2013-08-08,0.019928394467268795,-0.0070737155621741765
2013-08-09,0.000906135067427094,0.014435695538057569
2013-08-12,0.018205194528551738,0.006930327111439594
2013-08-13,-0.0124926217320811,0.007800312012480548
2013-08-14,0.010963402362162977,0.0034602076124568004
2013-08-15,0.022467369177344043,0.008257713248638776
2013-08-16,0.0076051471987585995,-0.006390063900638898
2013-08-19,-0.007678505270345859,-0.004528985507246341
2013-08-20,0.003828696925329389,0.0022747952684258888
2013-08-21,-0.0033327742246012093,-0.003086699954607419
2013-08-22,0.0069366192030204665,0.0008195974865676803
2013-08-23,0.015688810731466107,0.010373066424021804
2013-08-26,0.00495088464868032,-0.0027917867435158783
2013-08-27,0.007475171750970011,0.032782443782172876
2013-08-28,0.001667667738402212,0.019674711437565495
2013-08-29,-0.006857094482578652,-0.012434611096818426
2013-08-30,-0.008893371880749235,-0.009986106286905105
2013-09-02,-0.0039418893834167745,0.002806771335847724
2013-09-03,0.01629046532879541,0.01180792442928369
2013-09-04,-0.014754922437535956,-0.0066562932226833516
2013-09-05,-0.017311382107978668,0.0030458619789401897
2013-09-06,0.017784537982273863,0.007461391636300441
2013-09-09,-0.003470326196292506,-0.02066827419910444
2013-09-10,-0.01664780060131066,-0.021720014069644744
2013-09-11,0.0010484793383580548,0.0022471910112360494
2013-09-12,-0.031919490811610496,0.010134529147981963
2013-09-13,0.003359233731548894,0.001331794370949213
2013-09-16,-0.010089204249832284,-0.024029083170775012
2013-09-17,-0.0016682028351830969,-0.017080039974561645
2013-09-18,0.040569204944300274,0.022275626213143607
2013-09-19,0.0018184884547980396,-0.016636528028933006
2013-09-20,-0.0295699908508692,0.0042294961382860485
2013-09-23,-0.0023607497077345885,-0.00970518220106209
2013-09-24,0.0004082496673520897,0.004437869822485174
2013-09-25,0.008388374166830248,-0.002945508100147376
2013-09-26,-0.007704067867741804,0.008216395864106385
2013-09-27,0.009667089601836931,-0.005310868968043225
2013-09-30,-0.005871880797079898,-0.002393445641167169
2013-10-01,-0.031218256924222976,-0.003967887791824332
2013-10-02,0.022127467884492935,0.011580507689457065
2013-10-03,0.0006306847108348279,-0.00174008608846965
2013-10-04,-0.004381635101681214,0.004220183486238538
2013-10-07,0.009160316988154893,0.0020098666179426683
2013-10-08,-0.002879600937192861,0.004376367614879584
2013-10-09,-0.010384373412972159,-0.009985475671750121
2013-10-10,-0.013779210931456287,0.025123785072437066
2013-10-11,-0.011960236098166988,-0.0046511627906976605
2013-10-14,0.0002200911806320427,-0.0021567217828899476
2013-10-15,0.007756506978498612,-0.009726224783861759
2013-10-16,0.00012477092837381853,0.008184794470716739
2013-10-17,0.029481251608174608,-0.015785675626916795
2013-10-18,-0.00308258603974787,0.007607002107964389
2013-10-21,-0.00017473884140550844,-0.0027287611424413605
2013-10-22,0.0183051929301985,0.003009850419554816
2013-10-23,-0.004954817141876289,-0.019732654360280044
2013-10-24,0.009958979204631513,-0.0075139146567718695
2013-10-25,0.0028735845554110906,-0.0005608000747732156
2013-10-28,0.0014882054167717484,0.025063125409146014
2013-10-29,-0.00560389759209845,-0.0054739531064683655
2013-10-30,-0.0003717333928107136,0.007797449775249987
2013-10-31,-0.015983042653676005,-0.00928454396504641
2013-11-01,-0.005200066512478507,-0.02692024990812203
2013-11-04,-0.001170052728350246,0.0030214332924181075
2013-11-05,-0.0022515669689040507,-0.008472182999152866
2013-11-06,0.004734386435716109,-0.0008544574195386012
2013-11-07,-0.007785171751815367,-0.016913721018624095
2013-11-08,-0.014629520583039679,0.016044848250531762
2013-11-11,-0.004415987582460312,0.0121765601217656
2013-11-12,-0.01151378614136156,-0.005545112781954908
2013-11-13,0.010811961767767553,0.012380682355164874
2013-11-14,0.0042363955529549635,0.013256161314413761
2013-11-15,0.0023306763622803484,-0.00036852773171192066
2013-11-18,-0.011424762436249236,-0.00027649769585258444
2013-11-19,0.00021953208304581473,-0.014289665345256775
2013-11-20,-0.024605712852350137,0.010662177328844002
2013-11-21,-0.0011411763760416083,0.018693318526744385
2013-11-22,0.0007160615008325877,0.008811773255813948
2013-11-25,0.006094227367744232,-0.00045024763619982977
2013-11-26,-0.0068164746120285,-0.00108108108108107
2013-11-27,-0.003982781510238453,0.003878066378066425
2013-11-28,0.005452782938847989,-0.004042763453418363
2013-11-29,0.0069899168440925585,-0.010553851704853012
2013-12-02,-0.02674432520844139,0.016045218342601864
2013-12-03,0.0029430330455884057,0.010497981157469694
2013-12-04,0.01665004659070468,-0.006570768957556483
2013-12-05,-0.014922133157526551,-0.008044333214157984
2013-12-06,0.0031585906319628876,0.005676698504234912
2013-12-09,0.009153038808884517,-0.019890690798315513
2013-12-10,0.01760793324464882,-9.141603437246015e-05
2013-12-11,-0.00781974187721346,0.002925580544889339
2013-12-12,-0.02142423661683912,-0.009389243391066504
2013-12-13,0.010771201723392299,0.0014723474740039322
2013-12-16,0.0021232108114217496,0.015069374253422696
2013-12-17,-0.008402345889858998,-0.018376029691318907
2013-12-18,-0.010041514676372487,0.010973810402065576
2013-12-19,-0.02449672966607297,0.0060202499315882285
2013-12-20,0.012248881111821541,0.013419167648925479
2013-12-23,-0.0036401715368505894,-0.001878858369866676
2013-12-24,0.004579350382863723,0.0030476873431337648
2013-12-25,0.00022418732096141092,0.0
2013-12-26,0.004997426574355535,0.000714924039320719
2013-12-27,0.0021724046785169815,0.0017860332202179752
2013-12-30,-0.013764454738022125,-0.008646817614548219
2013-12-31,0.004237111075825251,-0.003686718820249957
2014-01-01,0.0035451549548950467,0.0
2014-01-02,0.015507090140144175,-0.02725631768953063
2014-01-03,0.010101257553486898,-0.008257561699758775
2014-01-06,0.0008811854774164463,-0.0014968659369445358
2014-01-07,-0.0048301374731435365,0.005809050876042221
2014-01-08,-0.004942860853191289,-0.0018630647414996648
2014-01-09,0.0016231780030833143,-0.0070928604759683545
2014-01-10,0.016710369875730935,0.0080834664912115
2014-01-13,0.0038526231477773454,-0.004662004662004615
2014-01-14,-0.006478844021032271,-0.0033723653395784092
2014-01-15,-0.0026582288646712637,0.006955540934298288
2014-01-16,0.0004106676973620882,-0.0003733781387098567
2014-01-17,0.009385136712304343,-0.005696143430759193
2014-01-20,0.00023922491128747225,-0.001220886551465128
2014-01-21,-0.010316099972096926,0.0035731076633758185
2014-01-22,-0.003431581830338093,0.01442893282113733
2014-01-23,0.021808188174433196,-0.0063729564976447994
2014-01-24,0.004690973238511642,0.002788622420524245
2014-01-27,-0.01019636867549567,-0.011030774935113064
2014-01-28,-0.0002227330941604322,0.0067485237604274495
2014-01-29,0.008362308347190872,0.00409645284424176
2014-01-30,-0.018590117884703328,0.0009272137227631649
2014-01-31,0.0006190805447907621,-0.014358499305233918
2014-02-03,0.010525892893013644,-0.0033834586466164884
2014-02-04,-0.0023854013437760724,-0.0024519049415315797
2014-02-05,0.00260630454708477,0.004443183966723385
2014-02-06,0.00022258967183930167,0.00884705882352943
2014-02-07,0.007208710856779543,0.022203563765276657
2014-02-10,0.0059261246616741925,-0.008578990599616643
2014-02-11,0.013006165769779754,0.0004602780079168145
2014-02-12,-0.0001626192541195337,0.0010121457489877805
2014-02-13,0.009115904426286736,-0.0005515212795293989
2014-02-14,0.012080557516961798,0.0032189828014346222
2014-02-17,0.009737157417378128,0.000916758342500934
2014-02-18,-0.0071197897108524755,0.011723758930206829
2014-02-19,-0.007881877732560882,9.053050878149449e-05
2014-02-20,0.008668801463860953,-0.0015388793337557383
2014-02-21,0.0009675200495853353,-0.004079782411604782
2014-02-24,0.009605437039833964,0.007191624943104324
2014-02-25,0.00264029858560777,-0.01021330441070134
2014-02-26,-0.00735546437896295,9.131586156496674e-05
2014-02-27,0.000488486743221106,-0.0051132213294375894
2014-02-28,-0.0036806405816913745,0.0010095447870779317
2014-03-03,0.01826008941563173,0.01952874300907692
2014-03-04,-0.011950155855502187,-0.017086330935251803
2014-03-05,0.0017909731953509311,-0.014089661482159177
2014-03-06,0.010442379905150956,0.0031551596139567373
2014-03-07,-0.008024755333797207,0.008325624421831712
2014-03-10,-0.0001940327467574443,-0.008440366972477076
2014-03-11,0.006934284775923283,0.00434863064396751
2014-03-12,0.01321709994736886,-0.004882542607093532
2014-03-13,0.0025167539726669297,-0.005832253286428446
2014-03-14,0.00922439209504633,0.010987987708352742
2014-03-17,-0.011461255893327249,-0.02146080869485123
2014-03-18,-0.00825853833380874,0.005176957831325435
2014-03-19,-0.019317293366180377,-0.008802322314823585
2014-03-20,-0.0013688430267977392,0.005668398677373787
2014-03-21,0.005211746010227669,0.004415218412400224
2014-03-24,-0.019427732282402688,-0.0010288065843621075
2014-03-25,0.0018414376967512691,0.0016852354648440038
2014-03-26,-0.005102313201186814,0.0003738667165156251
2014-03-27,-0.010095976941003393,0.007474539848640438
2014-03-28,0.0030356769482153823,0.002225725679309898
2014-03-31,-0.008662554140963397,-0.002868511150180275
2014-04-01,-0.00394077927741987,-0.019858945805493744
2014-04-02,0.008561710778372866,-0.007858360159060718
2014-04-03,-0.0024808124660826714,0.012978337627636227
2014-04-04,0.01305665656330146,0.005369759773904859
2014-04-07,-0.004771768316072178,-0.008433283358320942
2014-04-08,0.008772200296004007,0.0174825174825175
2014-04-09,0.0023994009139118866,0.0028791678276214316
2014-04-10,0.005450525994816324,-0.004815706612335657
2014-04-11,-0.0004018347928276267,-0.001209752466033831
2014-04-14,0.007258688430090476,0.01621168359265801
2014-04-15,-0.0190889991641503,-0.0030255799028147123
2014-04-16,-8.444389854456169e-05,0.007908773220526077
2014-04-17,-0.005688928469977705,-0.0006386861313868453
2014-04-18,-0.0006331459633083236,0.0
2014-04-21,-0.003499961369079818,0.003834565872363749
2014-04-22,-0.004620978934228637,-0.006184629376989603
2014-04-23,7.789314618222853e-05,-0.0014642628351788645
2014-04-24,0.0073603289950228135,0.01118137659242957
2014-04-25,0.007646749551555754,-0.006797788452823306
2014-04-28,-0.0049952042969498844,-0.01332359919693371
2014-04-29,-0.0006323549824944763,0.007954125046244931
2014-04-30,-0.0033335391073524567,-0.008350155991925234
2014-05-01,-0.00564416227934339,-0.002868511150180275
2014-05-02,0.01198308819521765,0.007702301410541956
2014-05-05,0.008140340078479635,-0.008011787457408603
2014-05-06,-0.0017019263058277723,-0.006126995915336053
2014-05-07,-0.013890906310920714,0.009994395665981592
2014-05-08,-0.00034886966229419336,-0.0008323314528806414
2014-05-09,-0.00040327896822622833,-0.0013883746760459115
2014-05-12,0.005345602097896585,0.004819723792751862
2014-05-13,-0.0016746411483252732,0.00765612028410656
2014-05-14,0.009539049032567304,0.008696448187477168
2014-05-15,-0.0074657151389389,0.0022688084218167592
2014-05-16,-0.0020829797410933937,-0.006247736327417597
2014-05-19,-0.00042519636341142864,-0.003462414578587647
2014-05-20,0.0010827784093985215,0.002925848038767498
2014-05-21,-0.0018001035252670494,0.007840277144680385
2014-05-22,0.0015943778830376232,-0.0017186793306196435
2014-05-23,-0.001151379336990943,0.0016310257339615664
2014-05-26,0.0002320885649964577,-0.0019902297810748815
2014-05-27,-0.02162563519502525,-0.0027193618564176347
2014-05-28,-0.005383612000474325,-0.0019087438647518162
2014-05-29,-0.002050646191997796,0.001457062198342518
2014-05-30,-0.004683169263117515,-0.005092297899427112
2014-06-02,-0.004601177901542797,-0.005301160771410296
2014-06-03,0.0008199818317751184,-9.188642837454353e-05
2014-06-04,-0.0008112775613478007,-0.0038595846351772156
2014-06-05,0.007789764779651875,0.0035977859778597576
2014-06-06,-0.0003190734108150517,-0.0016545638385881967
2014-06-09,-0.0007101649338111526,0.012706012337722061
2014-06-10,0.006036699298912485,-0.00427311573779432
2014-06-11,0.0009286451305658971,0.003926223520818173
2014-06-12,0.009824989889538394,0.02792178262846745
2014-06-13,0.0027484176966690033,0.0034507166873118944
2014-06-16,-0.003884225034456845,-0.004144255356670512
2014-06-17,-0.0011163522012579419,0.004515672038250429
2014-06-18,0.005611610445623416,0.0071397091229616905
2014-06-19,0.03340351096884264,0.007001575354454781
2014-06-20,-0.0042184506092898255,-0.0021727794194333905
2014-06-23,0.0020535130283994008,-0.006009929448654305
2014-06-24,0.0005844313558807102,0.002979320014020237
2014-06-25,0.0006751170076386703,-0.004018871221387332
2014-06-26,-0.0019709213299171635,-0.006929824561403564
2014-06-27,-0.00031141290312763914,0.0007949827753732652
2014-06-30,0.008479147830447342,-0.00829655781112093
2014-07-01,-0.0006554511688878772,-0.0006229975080098704
2014-07-02,0.00030155451351698837,-0.009350788137857391
2014-07-03,-0.0055243205763984005,-0.0021574973031283085
2014-07-04,0.0007730025084689007,-0.00324324324324321
2014-07-07,-0.00046192874181205656,-0.003615328994938549
2014-07-08,-0.0005303271360820316,-0.011792452830188704
2014-07-09,0.00651132470210114,-0.006058380760051385
2014-07-10,0.005964618964777069,0.003601773180642809
2014-07-11,0.0022084970990081665,-0.018496365142173565
2014-07-14,-0.02356764024800173,0.0030001875117195986
2014-07-15,-0.010021803159545706,-0.00897363993269773
2014-07-16,0.003987481163788109,-0.001603471043199467
2014-07-17,0.015386273196788869,0.019272555503070388
2014-07-18,-0.006306852637962379,-0.006024654740939939
2014-07-21,0.0012281825948980973,0.0041029466616935295
2014-07-22,-0.004624797141311476,-0.0032503714710253595
2014-07-23,-0.0014007746360283901,0.0065219416752073656
2014-07-24,-0.008378111130699972,-0.008886420438767084
2014-07-25,0.010481888595148536,0.012328383300644452
2014-07-28,-0.002424993497651573,-0.00756527354922043
2014-07-29,-0.0037881983052797663,0.0013944408292274613
2014-07-30,-0.002163019297826918,-0.01123282584478269
2014-07-31,-0.010576255496412945,-0.004600506994648423
2014-08-01,0.008701143779384024,-0.011129975476325105
2014-08-04,-0.004251207729468631,0.005436856161770143
2014-08-05,0.0004114108286434881,-0.0075894127691870095
2014-08-06,0.013283880879591647,-0.00019118631106007644
2014-08-07,0.005153533961252732,0.00812697198584944
2014-08-08,-0.0023235793788045633,-0.003983308042488587
2014-08-11,-0.0008399639579100837,-0.0032374785755093782
2014-08-12,0.0007871729029103047,-0.015857852502865977
2014-08-13,0.0026040274606533576,0.012230634828188647
2014-08-14,0.0004569966182248475,-0.02176831607211349
2014-08-15,-0.006714781655399182,0.014900499950985191
2014-08-18,-0.004828696252011877,-0.018641939534434493
2014-08-19,-0.0020563770794824743,-0.0003937007874015297
2014-08-20,-0.002924992089401335,0.007089405277668437
2014-08-21,-0.01173429106614865,0.0034219788815017527
2014-08-22,0.0033835116464855375,-0.0033128714800739756
2014-08-25,-0.0033252673483724626,0.003519405611496662
2014-08-26,0.0034146799912284642,-0.00146127618119829
2014-08-27,0.0011161411177023073,0.002146341463414636
2014-08-28,0.005473129429375501,-0.002531152647975099
2014-08-29,-0.0018066917380685776,0.0071247316025766505
2014-09-01,-0.0010253860733927533,-0.0038763446070354535
2014-09-02,-0.016018662519440063,-0.023835003405000554
2014-09-03,0.003161055792634704,0.024217659956148996
2014-09-04,-0.006089491098156596,-0.0091466381239661
2014-09-05,0.005659166025981266,-0.009918491603653212
2014-09-08,-0.010529551311859064,-0.006149573497321814
2014-09-09,1.5930542833331174e-05,-0.01037924151696612
2014-09-10,-0.0045401323807020555,-0.011294876966518652
2014-09-11,-0.007081302959744518,0.00040799673602598396
2014-09-12,-0.009081971440544123,-0.00988988580750405
2014-09-15,0.0029032651567517664,-0.00473689630316132
2014-09-16,0.0018893628063119117,0.024831867563372967
2014-09-17,-0.009744648132410605,-0.000807672892478517
2014-09-18,0.001340405881439466,-0.012832171365060097
2014-09-19,-0.00771334122352374,0.00706243602865908
2014-09-22,-0.0005099942420005998,-0.014432361012298056
2014-09-23,0.006863745596997761,-0.0012374961328246448
2014-09-24,-0.005174020369129284,0.0010325245224573898
2014-09-25,0.003689127344732146,0.000515729757607053
2014-09-26,-0.0026195582769853454,0.0
2014-09-29,-0.002109358328272082,0.0020618556701030855
2014-09-30,-0.00630032653128354,-0.02602880658436213
2014-10-01,0.004693125853577618,-0.005387134255836146
2014-10-02,0.0006178840355242077,-0.007858963466439994
2014-10-03,-0.01906024354298219,-0.011881824020552378
2014-10-06,0.013328633059710215,0.005199870003250062
2014-10-07,0.0014163836660316953,-0.0073283759025757345
2014-10-08,0.010033002208418518,-0.007925306698512657
2014-10-09,0.0026123130844946107,-0.01455460713504042
2014-10-10,-0.0009556247090244385,0.0017767906718488824
2014-10-13,0.010391118087576201,-0.01463252411040894
2014-10-14,-0.002459805642988311,-0.0433119586005174
2014-10-15,0.0074543935498001535,-0.01481655691439332
2014-10-16,-0.002584499444453381,0.00823585581284303
2014-10-17,-0.00039554088197546466,0.020007103113531377
2014-10-20,0.006936817623877545,-0.00882079851439177
2014-10-21,0.0014355486763277803,0.00960187353629971
2014-10-22,-0.005950188195723571,-0.017513337972628218
2014-10-23,-0.00759705785203868,0.02502656120883029
2014-10-24,-0.0006737888037406936,-0.008061729816883578
2014-10-27,-0.0035661773665527363,-0.0034831069313827623
2014-10-28,0.0015489719717598494,0.0023301875801002847
2014-10-29,-0.013324976394360588,0.012669998837614882
2014-10-30,-0.010972239409314133,-0.010101010101010166
2014-10-31,-0.02161237852942388,-0.0044063079777364456
2014-11-03,-0.00623220284072501,-0.012578616352201255
2014-11-04,0.0023678182613693366,-0.02311866006133534
2014-11-05,-0.023836219070687115,0.0015696691620383785
2014-11-06,0.0012099531800726648,-0.0010849909584087492
2014-11-07,0.031569637102423886,0.006396331160994473
2014-11-10,-0.022496328429416734,-0.012591437822280782
2014-11-11,0.0111683326530434,-0.008136992956035982
2014-11-12,-0.001485833054202912,-0.015795273662299603
2014-11-13,-4.300705315662956e-05,-0.030604628016919544
2014-11-14,0.02253666508967367,0.019122176591375606
2014-11-17,-0.0018338590956887835,-0.0012592872434201707
2014-11-18,0.008857463107949881,-0.010591350397175736
2014-11-19,-0.012029271226651428,-0.0047151777749459
2014-11-20,0.009393918896066555,0.015749039692701805
2014-11-21,0.0065003057489172456,0.012983738812555101
2014-11-24,-0.003670259248470642,-0.008461921353907331
2014-11-25,0.003207644886980665,-0.016942771084337505
2014-11-26,-0.002589551865976203,-0.0074045704072513985
2014-11-27,-0.004341038676984876,-0.06649517684887463
2014-11-28,-0.021204524302615102,-0.03348029760264526
2014-12-01,0.038308005962068625,0.03406985032074128
2014-12-02,-0.011401699529741682,-0.027570995312930835
2014-12-03,0.009305003838835813,-0.008789339381911065
2014-12-04,-0.0034396368537245037,-0.004004576659038972
2014-12-05,-0.010719589801455376,-0.008184951177484301
2014-12-08,0.009359667882752554,-0.041696829303604965
2014-12-09,0.022891376058362667,0.009820214533917682
2014-12-10,-0.0038584634380127714,-0.03889886295631373
2014-12-11,0.0011497908359223707,-0.008717310087173025
2014-12-12,-0.004178477177206652,-0.028737437185929582
2014-12-15,-0.024014591972778998,-0.01277283751010505
2014-12-16,0.003167872078308376,-0.0196528005240747
2014-12-17,-0.006098528834345585,0.022051453391246145
2014-12-18,0.007447193013423448,-0.03121935272965015
2014-12-19,-0.002361147033548283,0.0355997975366964
2014-12-22,-0.01614063257898868,-0.020690778755294903
2014-12-23,0.00011050287307456941,0.026285143902844865
2014-12-24,-0.0023543010615603155,-0.02350461987356134
2014-12-25,0.0,0.0
2014-12-26,0.018912932356449197,-0.013114209827357226
2014-12-29,-0.010627090301003395,-0.02640874684608918
2014-12-30,0.014586449644634847,0.0003455425017275804
2014-12-31,-0.013477156303360993,-0.00984455958549224
2015-01-01,-0.002017950471558616,0.0
2015-01-02,0.005423103605814106,-0.015873015873015817
2015-01-05,0.013859086663468911,-0.05866713931230061
2015-01-06,0.011387215112129256,-0.03784598004142348
2015-01-07,-0.005883897651364545,0.0009784735812132794
2015-01-08,-0.0021627690047135717,-0.003714565004887538
2015-01-09,0.01196237559873925,-0.016679748822606033
2015-01-12,0.008223993460044987,-0.05348233885452003
2015-01-13,-0.0021649058225424733,-0.017710309930423662
2015-01-14,-0.0015601638172008103,0.045074050225370144
2015-01-15,0.0276954879874991,-0.020948860135551417
2015-01-16,0.014017026331419657,0.05244388504300401
2015-01-19,-0.0037486821039477425,-0.026509866454056175
2015-01-20,0.015419590012934359,-0.01740376740376748
2015-01-21,-0.0017215823117068263,0.021671181496144998
2015-01-22,0.007083807004926168,-0.010401794819498211
2015-01-23,-0.006273756959109256,0.005564715581203528
2015-01-26,-0.009798466864490485,-0.012912482065997155
2015-01-27,0.008537537068830758,0.029900332225913706
2015-01-28,-0.006074252905582056,-0.02278225806451617
2015-01-29,-0.02119128992829844,0.01361667010521983
2015-01-30,0.021093321243647045,0.07856706696519433
2015-02-02,-0.007306490936991206,0.033213813927156055
2015-02-03,-0.010899161180467853,0.05771689497716892
2015-02-04,0.007005045536762511,-0.06475565532723193
2015-02-05,-0.003568755662346823,0.04449778434268836
2015-02-06,-0.02433547856612006,0.0217429733074066
2015-02-09,0.00404362905578437,0.00934256055363325
2015-02-10,-0.004422814621114934,-0.032739115529653806
2015-02-11,-0.011933038790482797,-0.031366294524189264
2015-02-12,0.0025844457389463393,0.043724844493231
2015-02-13,0.006366716312869336,0.07835232252410185
2015-02-16,0.0022687353629975426,-0.0019505851755526882
2015-02-17,-0.018384649709950796,0.01840390879478826
2015-02-18,0.0020910991908356102,-0.031984647369262764
2015-02-19,-0.0046023655169001865,-0.0052866347265818625
2015-02-20,-0.004060190248914353,0.00016608536787909856
2015-02-23,-9.151871141666046e-05,-0.021919628030554583
2015-02-24,-0.001081683765590813,-0.004074702886247894
2015-02-25,0.003723355517979643,0.050630753494715464
2015-02-26,0.0037261410788382854,-0.025636865163070066
2015-02-27,0.003050872681874317,0.042131557035803624
2015-03-02,-0.005234177945564689,-0.04857782038990088
2015-03-03,-0.0025604269035406357,0.024857238831037964
2015-03-04,-0.0028245302141659545,-0.007702392658144985
2015-03-05,-0.0016162087408566617,-0.0011560693641619046
2015-03-06,-0.025959612817089583,-0.012400793650793607
2015-03-09,-6.853481140067785e-05,-0.02009040683073826
2015-03-10,-0.004600714524378713,-0.03656244660857677
2015-03-11,-0.005620395235144238,0.020393686823904966
2015-03-12,-0.0013675983069478814,-0.007994438651372948
2015-03-13,0.004117081119499266,-0.04222144358794666
2015-03-16,-0.0031679442027484628,-0.022498628132430976
2015-03-17,-0.004537542972437025,0.0013098802395210551
2015-03-18,0.015692824273424,0.04485142963931965
2015-03-19,0.0030575277704030235,-0.026471114290824493
2015-03-20,0.009699619187486075,0.016351276869373432
2015-03-23,0.005919461498131051,0.010845986984815648
2015-03-24,0.0031440724986129265,-0.014484978540772575
2015-03-25,0.0018352775543042377,0.024859372164761417
2015-03-26,0.007812826754330926,0.04798158640226635
2015-03-27,-0.005195840007968022,-0.04696739314073328
2015-03-30,-0.010412581869759352,-0.002127282396738095
2015-03-31,-0.0021078013945213803,-0.020962870847397452
2015-04-01,0.01724443843625645,0.036109598983850466
2015-04-02,-0.0011378926560242641,-0.0376532399299474
2015-04-03,0.003575556497950494,0.0
2015-04-06,0.006570498214448328,0.05768880800727927
2015-04-07,-0.004626123604754451,0.016861665519614766
2015-04-08,-0.005499412844643725,-0.06006768189509315
2015-04-09,-0.006452846819727798,0.01836183618361842
2015-04-10,0.010696261330253254,0.022980378292380976
2015-04-13,-0.007212712924088316,0.0010368066355626038
2015-04-14,-0.00508808221006285,0.00863110650785437
2015-04-15,0.008216100202887322,0.03234639739859668
2015-04-16,-0.0033511284072577086,0.06067639257294433
2015-04-17,0.004730716282174363,-0.008283838699593482
2015-04-20,-0.006917340685256734,0.0
2015-04-21,0.005452006455443303,-0.021591804570528006
2015-04-22,-0.012707811811279002,0.010470360824742286
2015-04-23,0.005761795254100255,0.03379563207396785
2015-04-24,-0.012538003467423842,0.00663068619892071
2015-04-27,0.019635284139100984,-0.006893382352941235
2015-04-28,0.008335066339475006,-0.0029307419404596136
2015-04-29,-0.006154252291345252,0.018564356435643692
2015-04-30,-0.016883731354433995,0.014277035236937907
2015-05-01,-0.004989994680716259,-0.004791853848457706
2015-05-04,0.008375337304617814,-0.0001504664459823779
2015-05-05,0.004216000605892223,0.01610233258088778
2015-05-06,-0.0009217825598738516,0.0037026066350711595
2015-05-07,-0.006483593907267049,-0.03290541537553471
2015-05-08,0.003275616077534238,-0.0022886786695148764
2015-05-11,-0.0037193177323943116,-0.007340571952898056
2015-05-12,0.008420821473517082,0.03004159605607759
2015-05-13,0.018267249610533165,-0.0007478312892611472
2015-05-14,0.0044334772774008435,-0.0032929202215237208
2015-05-15,0.0029971993383230977,0.003303799369274607
2015-05-18,0.0005796864794251899,-0.00808262236192192
2015-05-19,-0.014402167260977095,-0.033952014486192894
2015-05-20,0.0016061464076964072,0.015776319900031366
2015-05-21,-0.004083319556951626,0.0232200522835615
2015-05-22,0.0011204621283802396,-0.017583408476104623
2015-05-25,0.0003233267838933518,0.0022946305644790943
2015-05-26,-0.015995358859605457,-0.027472527472527486
2015-05-27,0.0006653752210898922,-0.026051475204017516
2015-05-28,0.0002609229940493396,0.008378988076055416
2015-05-29,0.001834399192190972,0.04761904761904767
2015-06-01,-0.0011590989265735097,-0.010372178157413203
2015-06-02,0.0032038345105953603,0.009401972872996378
2015-06-03,-0.006571612978935604,-0.025805466483432515
2015-06-04,-0.0069863395124749594,-0.02774294670846389
2015-06-05,-0.004206000560800116,0.02063517652748681
2015-06-08,0.0018174991893782355,-0.009793081661664926
2015-06-09,0.0023252446617323397,0.03493380124421752
2015-06-10,0.007868796736913763,0.01263871763255242
2015-06-11,-0.00341466704888449,-0.008980213089802236
2015-06-12,-0.0003214862818418096,-0.01904469359545391
2015-06-15,0.004062185286426434,-0.019727571629873153
2015-06-16,-0.0036748902168691755,0.017409359527232215
2015-06-17,0.0029439880886918957,0.00266875981161685
2015-06-18,0.013824807051579624,0.006106153123532243
2015-06-19,-0.0013894204369603314,-0.019296607531901655
2015-06-22,-0.011905654561057077,0.0050777530942558435
2015-06-23,-0.006197406364356839,0.017524471108304462
2015-06-24,-0.0027404698675581596,-0.014895267649340571
2015-06-25,-0.00189722647609325,-0.004567648448574602
2015-06-26,0.0020031197524654765,0.0009493670886076
2015-06-29,0.0036664625017013286,-0.019759721783117246
2015-06-30,-0.006339896425756275,0.025479761328818018
2015-07-01,-0.003036635816948796,-0.02484667400534679
2015-07-02,-0.002164631798697747,0.0009675858732463016
2015-07-03,0.0024351345326083518,-0.028193974544868716
2015-07-06,0.0010520913523222042,-0.06266578249336874
2015-07-07,-0.01287670998778112,0.0054828440042449245
2015-07-08,0.0026574104530581177,0.0035180299032540052
2015-07-09,0.0009496430205555573,0.027344434706398024
2015-07-10,0.003717343867245093,0.0020474321788090943
2015-07-13,-0.004949559179885488,-0.014983824280606073
2015-07-14,-0.0016580597246930173,0.011408815903197977
2015-07-15,-0.0057176963133400704,-0.024952999487267147
2015-07-16,-0.0035321240593326753,0.00806310254163023
2015-07-17,-0.009821982032320875,-0.007129194922622095
2015-07-20,-0.03318814255735636,-0.007880910683012332
2015-07-21,0.0043319653442772665,0.006884377758164195
2015-07-22,-0.006365493757094165,-0.015953716690041975
2015-07-23,-0.0032351220938733327,-0.015321574915375002
2015-07-24,0.007710644540203315,-0.011760448706350735
2015-07-27,-0.004667412724840947,-0.02105455876968143
2015-07-28,0.0013711402402236672,-0.003179352908172839
2015-07-29,0.0012505933472084507,0.0015009380863040267
2015-07-30,-0.007375666681861626,-0.0013113525665042758
2015-07-31,0.006466071494176884,-0.020634027386981835
2015-08-03,-0.008222303340025494,-0.051522696801379
2015-08-04,0.0008373282786924285,0.009491114701130732
2015-08-05,-0.0024547209708559725,-0.008001600320064028
2015-08-06,0.0041657834345594225,-0.00141157491429722
2015-08-07,0.004221926483410687,-0.018376413570274752
2015-08-10,0.009468537220673534,0.037029417815264365
2015-08-11,0.004019882119673079,-0.02439992065066454
2015-08-12,0.013995220704269729,0.009760065067100365
2015-08-13,-0.0083328145704199,-0.008860249697945966
2015-08-14,-2.6903416733947694e-05,-0.003860219422998745
2015-08-17,0.0023585963213073047,-0.005914746073832355
2015-08-18,8.946944618504205e-06,0.001436192039392603
2015-08-19,0.014467080011809852,-0.03380454824830992
2015-08-20,0.01615691254806495,-0.011450381679389277
2015-08-21,0.007437944801249818,-0.024882024882024845
2015-08-24,-0.0048760736407730265,-0.0609326880774308
2015-08-25,-0.012656803248175419,0.012180838603888633
2015-08-26,-0.01335390928460578,-0.0016199953714417514
2015-08-27,-0.00023105771110676354,0.10245711636532229
2015-08-28,0.007644444444444343,0.05235492010092502
2015-08-31,0.0011732533521526811,0.08191808191808203
2015-09-01,0.004705135999576893,-0.08476454293628799
2015-09-02,-0.005454848413095181,0.018966908797417137
2015-09-03,-0.007574621930249936,0.0035643564356435675
2015-09-04,-0.0032075773461519574,-0.021112865035517014
2015-09-07,-0.0022284619155859,-0.039911308203991025
2015-09-08,0.0019654263635144886,0.0396808733991183
2015-09-09,-0.012215237840488613,-0.03917609046849768
2015-09-10,0.002617682899309637,0.027532576712904655
2015-09-11,-0.002520819266261465,-0.015340560441808093
2015-09-14,0.0010379529762172268,-0.03676776069796428
2015-09-15,-0.0033811198268867138,0.005607073538926199
2015-09-16,0.012819468946487556,0.06690971477589525
2015-09-17,0.010709947120194352,-0.013467336683417153
2015-09-18,0.006822741292608958,-0.032803585982070116
2015-09-21,-0.005082380204172954,0.03054560775226456
2015-09-22,-0.007658102766798458,0.003270645952575535
2015-09-23,0.004925495216757225,-0.02709861450692741
2015-09-24,0.020923648588870192,0.008795811518324648
2015-09-25,-0.006716062221066799,0.008926717874195633
2015-09-28,-0.012432385273076219,-0.025925925925925908
2015-09-29,-0.0039931092362737175,0.018800168990283028
2015-09-30,-0.010945247155034199,0.002902757619738683
2015-10-01,-0.0013272471280345588,-0.01405830059954516
2015-10-02,0.022440531245229378,0.009226252883204111
2015-10-05,-0.002503073950465451,0.023270309578225623
2015-10-06,0.010116662998018944,0.05421319796954327
2015-10-07,-0.0014818172309194466,-0.011363636363636465
2015-10-08,-0.005700368385215704,0.03350866939411645
2015-10-09,0.015381778913266864,-0.007540056550424112
2015-10-12,0.0063292780991413,-0.052991452991453025
2015-10-13,0.004287494092881428,-0.012434817488969019
2015-10-14,0.013081345607611095,-0.0018277822908205899
2015-10-15,-0.0008698369266889605,-0.008952187182095561
2015-10-16,-0.004902375116220048,0.03592691439129547
2015-10-19,-0.005529601630850256,-0.03666270313119302
2015-10-20,0.0044841517266118736,0.002057189878625909
2015-10-21,-0.007533757355191906,-0.017655512215150826
2015-10-22,-0.0009681454445759075,0.00480668756530811
2015-10-23,-0.0013721538527506905,-0.0018718801996671086
2015-10-26,-0.0012108720855340538,-0.009376953531985865
2015-10-27,0.0033016921172102087,-0.0153554901135885
2015-10-28,-0.009238310708899133,0.04785302285836357
2015-10-29,-0.008762217801228211,-0.0050968399592252744
2015-10-30,-0.003368325523355864,0.015573770491803307
2015-11-02,-0.007240983793154743,-0.015536723163841915
2015-11-03,-0.014155436393141874,0.03586800573888094
2015-11-04,-0.008847815779350232,-0.03878116343490301
2015-11-05,-0.0035923819839336346,-0.012350761630300577
2015-11-06,-0.012790781940720475,-0.011671529804084924
2015-11-09,0.0023031748944759567,-0.004850274145930089
2015-11-10,-0.0024168963023316614,0.0052977325704597344
2015-11-11,-0.0031293877963053385,-0.03435919055649228
2015-11-12,-0.0009758253088578694,-0.038201266099105013
2015-11-13,-0.0011887209730925274,-0.01021334543803909
2015-11-16,-0.001060973697078249,0.02178399449667512
2015-11-17,-0.011507628652702384,-0.02221723518850993
2015-11-18,0.000401756516864582,0.013082396144135977
2015-11-19,0.010721657187152678,0.0009062075215224841
2015-11-20,-0.003880947320760386,0.010864644635581566
2015-11-23,-0.00819101863619065,0.00380653828929689
2015-11-24,0.0060513664677603884,0.028775373633727286
2015-11-25,-0.004211407056198713,0.0010841283607980756
2015-11-26,0.001129658675031786,-0.015377951050465688
2015-11-27,-0.01387632538490935,-0.013198416190057238
2015-11-30,0.006922313111731082,-0.005572893446277316
2015-12-01,0.004245048226377612,-0.0038108047522977806
2015-12-02,-0.014579767883361794,-0.04387938793879376
2015-12-03,0.007981398880136492,0.03177218168980933
2015-12-04,0.022907231830978203,-0.019160583941605913
2015-12-07,-0.013898604616914056,-0.052790697674418685
2015-12-08,0.0033789459928688093,-0.011539405843358663
2015-12-09,-0.0020279824365558863,-0.0037257824143069884
2015-12-10,-0.0011185890862991377,-0.009473946646721632
2015-12-11,0.0029769125963530207,-0.045305814246161535
2015-12-14,-0.013872735562027283,-0.00026364355391506056
2015-12-15,0.0012831883456305704,0.013976793248945185
2015-12-16,0.010459659637021446,-0.03276983094928487
2015-12-17,-0.019788868994330078,-0.0034955633234738936
2015-12-18,0.014413471601179895,-0.004856988667026441
2015-12-21,0.011395076201641263,-0.014370932754880772
2015-12-22,-0.005535979228486698,-0.006602475928473184
2015-12-23,-0.001799651259289714,0.03461644973691502
2015-12-24,0.005231200373656986,0.014186295503211932
2015-12-25,0.0,0.0
2015-12-28,-0.006523557290214699,-0.03351807864872003
2015-12-29,2.8061510831678405e-05,0.03194975423265989
2015-12-30,-0.007174191617326464,-0.03519449589838575
2015-12-31,-0.0003203195658728619,0.0224904004388371
2016-01-01,0.0,0.0
2016-01-04,0.012732070492884828,-0.0016094420600859527
2016-01-05,0.002856850392235488,-0.02149382052659854
2016-01-06,0.014837428550219078,-0.06013179571663929
2016-01-07,0.01398959466749572,-0.014022787028921901
2016-01-08,-0.004346375465521968,-0.005925925925926001
2016-01-11,-0.009011456776706117,-0.059612518628911926
2016-01-12,-0.006982270151709047,-0.021870047543581683
2016-01-13,0.006469960241496153,-0.01782242384964361
2016-01-14,-0.013908320302855604,0.02375453645661496
2016-01-15,0.009736827463417308,-0.06735417338059946
2016-01-18,0.000734699875100997,-0.013476157567380853
2016-01-19,-0.002083180383231742,0.007355516637478132
2016-01-20,0.012424016700232743,-0.030598052851182334
2016-01-21,0.00025433273989028393,0.0491391678622668
2016-01-22,-0.002951325826371254,0.10017094017094008
2016-01-25,0.009062343458263067,-0.052206339341205665
2016-01-26,0.010840328549508005,0.042622950819672045
2016-01-27,0.004518220214124291,0.04088050314465419
2016-01-28,-0.008569117398686266,0.023867069486404713
2016-01-29,0.002582195404051024,0.02508114488049573
2016-02-01,0.0091217213224708,-0.014392630972941856
2016-02-02,0.0005317216260045665,-0.04439252336448607
2016-02-03,0.012063666397994721,0.07090464547677255
2016-02-04,0.01134225427303659,-0.01655251141552505
2016-02-05,0.015412040602636123,-0.01160766105629707
2016-02-08,0.013490710755070578,-0.034644744568408714
2016-02-09,-8.408802334280985e-05,-0.07785888077858882
2016-02-10,0.006719198069176535,0.01715039577836408
2016-02-11,0.041416065223202514,-0.02529182879377434
2016-02-12,-0.007002486564530397,0.1097804391217565
2016-02-15,-0.023158881071431492,0.0008992805755396738
2016-02-16,-0.007326552551062515,-0.03623839472896084
2016-02-17,0.006714204791576472,0.07209446861404589
2016-02-18,0.018510550268928228,-0.006376811594202891
2016-02-19,-0.0033066042717752042,-0.037047841306884544
2016-02-22,-0.014810890120638964,0.05089366858527722
2016-02-23,0.015074919536996356,-0.040933986739694284
2016-02-24,0.0015486815829157674,0.03426510369702407
2016-02-25,0.0033855544252290315,0.02557396105783205
2016-02-26,-0.007664793050587648,-0.005383961462170572
2016-02-29,0.012431955274385897,0.0247863247863247
2016-03-01,-0.005263710269886257,0.023352793994996013
2016-03-02,0.006354745769589609,0.0032599837000815146
2016-03-03,0.019572896337037626,0.003790955862442491
2016-03-04,-0.004192208819458143,0.04451038575667643
2016-03-07,0.006656340601294719,0.0547520661157026
2016-03-08,-0.004647566142993442,-0.029138099902056958
2016-03-09,-0.006508434804667673,0.03581336696090798
2016-03-10,0.015176783192231369,-0.0248356464572681
2016-03-11,-0.01792100609156999,0.008489388264669273
2016-03-14,-0.011348993557165232,-0.021292399108690296
2016-03-15,-0.002339569486832782,-0.0199848216544396
2016-03-16,0.02449731414011902,0.0410428497676818
2016-03-17,-0.0036433623482261535,0.030002479543763894
2016-03-18,-0.0020429739977900763,-0.008184882041405772
2016-03-21,-0.00927991078540713,0.00825242718446595
2016-03-22,0.0036743718592964214,0.006018295618680725
2016-03-23,-0.022598372212253248,-0.03158650394831297
2016-03-24,-0.0026964781863929588,-0.000741289844329196
2016-03-25,0.00018901727453535244,0.0
2016-03-28,0.0038289306109033916,-0.004203758654797052
2016-03-29,0.016771574268852785,-0.028060591010678038
2016-03-30,-0.013830301078731289,0.0030659172202349705
2016-03-31,0.006310101059574524,0.008660213958227247
2016-04-01,-0.008233624011356744,-0.023484848484848442
2016-04-04,-0.0058645509569767995,-0.025342642875614274
2016-04-05,0.013098245065532144,0.004775802600159196
2016-04-06,-0.007211597027652505,0.05202006865592823
2016-04-07,0.014707927392901166,-0.010291164658634666
2016-04-08,0.00019347817324355532,0.0636571138726858
2016-04-11,0.013855193481046912,0.0212207916070577
2016-04-12,-0.0017887238846312492,0.04342750408592111
2016-04-13,-0.010480794501565027,-0.011411948981875142
2016-04-14,-0.011734689771181528,-0.007695789950203591
2016-04-15,0.00496787171489288,-0.016879562043795704
2016-04-18,-0.0012155690078525794,-0.0044083526682136
2016-04-19,0.014361171287393892,0.02610114192495927
2016-04-20,-0.004751277805773557,0.04019986372927531
2016-04-21,0.003054048623668759,-0.027729257641921357
2016-04-22,-0.012034774247826618,0.01302492701549518
2016-04-25,0.00400639076097109,-0.013965861228109167
2016-04-26,0.0043862129130753935,0.028327338129496615
2016-04-27,0.0019543188032811187,0.031482291211193614
2016-04-28,0.016398706083494696,0.02034760491733789
2016-04-29,0.02153586151343334,-0.0002077274615703839
2016-05-02,-0.001530695074718036,-0.047787242883856274
2016-05-03,-0.003910030583407553,-0.018765001090988442
2016-05-04,-0.005301204819277094,-0.007782966422059223
2016-05-05,-0.0015160040010002707,0.008740475123263147
2016-05-06,0.00880460813624051,0.007998222617196182
2016-05-09,-0.01948036835041378,-0.0383513334802732
2016-05-10,0.001550780137354657,0.04331881732752696
2016-05-11,0.008982177842381533,0.04569420035149374
2016-05-12,-0.010593402807682395,0.010084033613445342
2016-05-13,0.0077313876930869,-0.005199667221297832
2016-05-16,0.0005575405394793176,0.023834413547982436
2016-05-17,0.00375933948640661,0.00633040637124771
2016-05-18,-0.015989679033582282,-0.007102272727272707
2016-05-19,-0.0029797377830751426,-0.002452483139178341
2016-05-20,-0.0022076110779039038,-0.0018438844499079066
2016-05-23,-0.002276394191600417,-0.007594417077175675
2016-05-24,-0.017548213556635495,0.005377456049638019
2016-05-25,-0.0022815980964953075,0.023246245628471662
2016-05-26,-0.003765078690961432,-0.00301568154402887
2016-05-27,-0.006082964420396686,-0.005444646098003658
2016-05-30,-0.006128441577723187,0.008921330089213253
2016-05-31,0.008606166230963774,-0.001406752411575618
2016-06-01,-0.0019254188197346256,0.0006037432078889182
2016-06-02,-0.001632343484641141,0.006436041834271933
2016-06-03,0.027415359207266787,-0.007993605115907298
2016-06-06,0.0009162514065261806,0.01833199033037869
2016-06-07,-0.0012285801467871726,0.017606330365974365
2016-06-08,0.01526760518085557,0.020800933125971977
2016-06-09,0.005543237250554389,-0.010664635307560344
2016-06-10,0.003496613639943247,-0.02714148219441781
2016-06-13,0.007549598191863405,-0.003759398496240518
2016-06-14,0.001448756094901471,-0.01032770605759692
2016-06-15,0.004689979155648283,-0.017258679510335106
2016-06-16,-0.010311592800464453,-0.03634878497039007
2016-06-17,0.01581627464937463,0.04195804195804209
2016-06-20,-0.00673776614176258,0.030099654260727915
2016-06-21,-0.016885029847275135,-0.0005923000987166915
2016-06-22,-0.0014982809197866542,-0.014618727775582707
2016-06-23,-0.007407875408696807,0.020649558941459478
2016-06-24,0.04687151904777065,-0.04910626595953649
2016-06-27,0.006726201786053432,-0.02582111134063214
2016-06-28,-0.009670844028385917,0.030110262934690546
2016-06-29,0.005610654144337257,0.0417867435158501
2016-06-30,0.002084675738164732,-0.018375815056313027
2016-07-01,0.01471366971783028,0.013486312399355826
2016-07-04,0.007037685913445557,-0.0049652432969214955
2016-07-05,0.004190140584398927,-0.04271457085828345
2016-07-06,0.005403811419514071,0.017514595496246788
2016-07-07,-0.0024417428030913957,-0.0491803278688524
2016-07-08,0.004322099305376748,0.00775862068965516
2016-07-11,-0.007999531591928677,-0.010906757912745868
2016-07-12,-0.01645270768776763,0.04800000000000004
2016-07-13,0.0071562523441603965,-0.04559521353414486
2016-07-14,-0.0055189775367932015,0.023994811932555038
2016-07-15,0.0016626349018520337,0.005066497783407176
2016-07-18,-0.006430146921380331,-0.013652593992858564
2016-07-19,0.0023779960115890564,-0.006388415672913261
2016-07-20,-0.01197438457669242,0.01093013287612532
2016-07-21,0.011678798838958837,-0.020563917744328974
2016-07-22,-0.0065343277528672195,-0.011038961038961181
2016-07-25,-0.005390366892714438,-0.021230028452615457
2016-07-26,0.003542110063849302,0.0033542039355991538
2016-07-27,0.015012194567736614,-0.03120124804992197
2016-07-28,-0.0032311503790818374,-0.017713365539452353
2016-07-29,0.011626427100879688,-0.005620608899297497
2016-08-01,0.001383873068498076,-0.007536504945831357
2016-08-02,0.007700550567194986,-0.008068343616516427
2016-08-03,-0.003952859039139778,0.031100478468899517
2016-08-04,0.002186749915327857,0.027610208816705173
2016-08-05,-0.018477023105462398,-0.00045156920298028425
2016-08-08,-0.0005164670658682757,0.025299299751524673
2016-08-09,0.004058982558357238,-0.009032826613791678
2016-08-10,0.004385670492940363,-0.020675855935971543
2016-08-11,-0.005814601109452533,0.04517593643586837
2016-08-12,-0.002098925887748515,0.02019982623805383
2016-08-15,0.002567422921173401,0.02938045560996394
2016-08-16,0.00510676422278622,0.018200620475697926
2016-08-17,0.001849595911575852,0.012593946780418586
2016-08-18,0.0026914208181028076,0.020862587763289753
2016-08-19,-0.008052589547161926,-0.0001965022597759658
2016-08-22,-0.0017741731086048373,-0.03380503144654101
2016-08-23,-0.0011425669671194516,0.016273393002441017
2016-08-24,-0.010040671072699459,-0.018214571657325984
2016-08-25,-0.00163125977056644,0.012640163098878832
2016-08-26,-0.0005975929862250817,0.005033219247030374
2016-08-29,0.0016651780983667486,-0.013221153846153966
2016-08-30,-0.00927171334008392,-0.018067397482744663
2016-08-31,-0.0016322047730548128,-0.02749638205499272
2016-09-01,0.003758680489239774,-0.03380102040816324
2016-09-02,0.008615637534344467,0.030363036303630242
2016-09-05,0.001411097109137227,0.017083066410420678
2016-09-06,0.017271000994665053,-0.0077682133109385765
2016-09-07,-0.003570370370370335,0.015234870926787991
2016-09-08,-0.005114557159636712,0.04189245518966245
2016-09-09,-0.007823357991481705,-0.03960792158431692
2016-09-12,-7.531084551426481e-06,0.0064569881274734175
2016-09-13,-0.006604810893042767,-0.025248344370860876
2016-09-14,0.0029490921496533318,-0.026539278131634814
2016-09-15,-0.006190756950428589,0.01613958560523443
2016-09-16,-0.0033466438486404737,-0.017600343421335096
2016-09-19,0.002167359865684837,0.0039327070133274855
2016-09-20,0.0012564823064444841,-0.001523394994559335
2016-09-21,0.015461957348422706,0.020706190061028584
2016-09-22,0.001423039762726841,0.017510143070681217
2016-09-23,0.00036647295953096126,-0.036935991605456464
2016-09-26,0.00029157570501525676,0.03181521028546519
2016-09-27,-0.007944990470496016,-0.02914466737064414
2016-09-28,-0.004354639423801321,0.05916902327604956
2016-09-29,-0.0008853307504881336,0.011295953994660213
2016-09-30,-0.0034081355983549555,-0.0036555645816409577
2016-10-03,-0.0032450014059139942,0.03730126375866272
2016-10-04,-0.03290637389447992,-0.00039300451955204263
2016-10-05,-0.0012535082463499547,0.019461372125024523
2016-10-06,-0.009843312152188366,0.012533744697261762
2016-10-07,0.0021524577879110662,-0.011045515139973316
2016-10-10,0.002044420402838476,0.023300596957442687
2016-10-11,-0.005438018497201713,-0.013737297704177753
2016-10-12,0.0019556194125160964,-0.011448196908986685
2016-10-13,0.0022624975104559297,0.00424628450106157
2016-10-14,-0.00561168119927824,-0.0015375744762636812
2016-10-17,0.003852825271975835,-0.008277189605389812
2016-10-18,0.005295218377991073,0.0031055900621117516
2016-10-19,0.005330693069306891,0.01915634674922595
2016-10-20,-0.002733941050873434,-0.024492120751851143
2016-10-21,0.0005530274301606131,0.007785130400934204
2016-10-24,-0.0015949970784706613,-0.006179992275009649
2016-10-25,0.00745784695201035,-0.01301982122036538
2016-10-26,-0.005314514039894136,-0.01594802126402839
2016-10-27,0.0010259648015154,0.009803921568627416
2016-10-28,0.005573951434878488,-0.015058450564691905
2016-10-31,0.0013642029996785432,-0.02836451418225716
2016-11-01,0.00860469304186462,-0.0033126293995858758
2016-11-02,0.006683744760130228,-0.026589115081013692
2016-11-03,0.004541914389926127,-0.010883482714468595
2016-11-04,0.0018116220158133078,-0.01661272923408852
2016-11-07,-0.01794553507118435,0.01250548486178138
2016-11-08,-0.0046502918136138716,-0.002383531960996721
2016-11-09,0.0018029599899660465,0.0069504778453519656
2016-11-10,-0.014695065650479622,-0.011216566005176842
2016-11-11,-0.025063532401524702,-0.023778359511343883
2016-11-14,-0.0051236518849175905,-0.007150837988826875
2016-11-15,0.0060424939615999484,0.05671843349088457
2016-11-16,-0.0030437931848331656,-0.006815761448349278
2016-11-17,-0.006995975477350758,-0.0030023589963542596
2016-11-18,-0.007012380592229639,0.007958700795870133
2016-11-21,0.00524882232653634,0.0435339308578746
2016-11-22,-0.0015730133500243548,0.0044989775051125225
2016-11-23,-0.019796753332453454,-0.003460912052117182
2016-11-24,-0.005596135721017803,0.0010214504596526286
2016-11-25,0.0015994313133107507,-0.03591836734693876
2016-11-28,0.008820845584507797,0.021168501270110163
2016-11-29,-0.004765494137353499,-0.03855721393034828
2016-11-30,-0.012715537191473558,0.08818456231134109
2016-12-01,-0.0012870780770541934,0.06875371507826422
2016-12-02,0.004898906707405448,0.009640341119762752
2016-12-05,-0.005987617098256348,0.008813808299669379
2016-12-06,-0.00045284437533121835,-0.01838369129959949
2016-12-07,0.0035303671410864546,-0.017244576302614445
2016-12-08,-0.0027257704560554874,0.016792452830188598
2016-12-09,-0.009327115256495766,0.008164780107626557
2016-12-12,0.002034728329281199,0.025032210565065327
2016-12-13,-0.0031663540465660667,0.0005386963548212886
2016-12-14,-0.013456591917413219,-0.03266331658291455
2016-12-15,-0.012642722778774318,0.0022263450834880683
2016-12-16,0.005653522374833964,0.022028878193261603
2016-12-19,0.002934230931904702,-0.005252671617460569
2016-12-20,-0.005148434823099568,0.007829570284049625
2016-12-21,-0.000653508190930352,-0.016079494128274585
2016-12-22,-0.002854340276243428,0.010833639368343695
2016-12-23,0.004360233254754542,0.001998183469573034
2016-12-26,0.0,0.0
2016-12-27,0.004835436336362742,0.016860043509789868
2016-12-28,0.002537803614394374,0.0023177036904973303
2016-12-29,0.014470030744435869,-0.0014229811454997687
2016-12-30,-0.009229919097902828,0.01211257570359825
2017-01-02,0.0,0.0
2017-01-03,0.009882352941176453,-0.02375923970432947
2017-01-04,0.0041507024265645676,0.017847485127095775
2017-01-05,0.014153740385854707,0.007616011335458639
2017-01-06,-0.006346812188590789,0.003691334153629766
2017-01-09,0.007223079743823524,-0.03782837127845895
2017-01-10,0.005740411480823049,-0.023662176920276612
2017-01-11,0.0031484661750342813,0.027218493661446796
2017-01-12,0.0031973280072508103,0.016515426497277552
2017-01-13,0.0015977514367213619,-0.009998214604534872
2017-01-16,0.004501645313778946,0.007394048692515698
2017-01-17,0.01192287545833226,-0.006981740064446851
2017-01-18,-0.010492412104480375,-0.0279430322696953
2017-01-19,0.0004566968363364232,0.004451038575667532
2017-01-20,0.004539984230402139,0.024556868537666254
2017-01-23,0.006535461696080436,-0.004685528924130544
2017-01-24,-0.007625817784818967,0.0038022813688212143
2017-01-25,-0.006824160007940838,-0.00649350649350644
2017-01-26,-0.010152495648335536,0.02106027596223692
2017-01-27,0.002271771140092582,-0.012802275960170695
2017-01-30,0.0037777031564809604,-0.005223342939481346
2017-01-31,0.012561679351007715,0.008509867825457373
2017-02-01,-0.0007268402273028496,0.019748653500897495
2017-02-02,0.005058520134894051,-0.00422535211267594
2017-02-03,0.0035691963551431893,0.004420084865629503
2017-02-06,0.012480537572727934,-0.01918676289385679
2017-02-07,-0.0013597403543419428,-0.012024407753051025
2017-02-08,0.006224419499939238,0.001271571298819163
2017-02-09,-0.010607878988022956,0.009252539912917301
2017-02-10,0.004282132273926154,0.01923422613697645
2017-02-13,-0.006776803229519568,-0.01957671957671958
2017-02-14,0.002342359988900311,0.006835761827666875
2017-02-15,0.004535350492211654,-0.003930677148472395
2017-02-16,0.004328442895355389,-0.0017937219730942422
2017-02-17,-0.0035834194214876547,0.0028751123090746677
2017-02-20,0.0031346184999190285,0.0066296362659021835
2017-02-21,-0.0022043327654283074,0.008543965824136635
2017-02-22,0.0013756939161959636,-0.014472290857747816
2017-02-23,0.009794414274631347,0.013252148997134672
2017-02-24,0.00610614936457643,-0.010427712972781888
2017-02-27,-0.0035475942379433745,-0.001071619932130785
2017-02-28,-0.0034245208464712684,-0.006079027355623046
2017-03-01,0.0010012495594502457,0.01385141212448282
2017-03-02,-0.012355064055885934,-0.022711142654364802
2017-03-03,0.00045371683208417224,0.01488743645606383
2017-03-06,-0.00770968813015771,0.001967799642218271
2017-03-07,-0.007696137240979728,-0.0016068559185858922
2017-03-08,-0.006209596499596959,-0.050250357653791156
2017-03-09,-0.005851147470433804,-0.01732253812841278
2017-03-10,0.002830408577803034,-0.015711822188158697
2017-03-13,-0.0002822419976094004,-0.00038933229511384226
2017-03-14,-0.00430125384040525,-0.008373904576436164
2017-03-15,0.017312695977049986,0.017478397486252906
2017-03-16,0.005516936092074376,-0.001351090523065035
2017-03-17,0.0021604258892395922,0.0003865481252414149
2017-03-20,0.004051217805834506,-0.002704791344667723
2017-03-21,0.00856397459165148,-0.012785741960480324
2017-03-22,0.003237441858596979,-0.006279434850863463
2017-03-23,-0.002914704846097127,-0.0015797788309636074
2017-03-24,-0.0013090266623836389,0.004746835443037778
2017-03-27,0.009078700837106046,-0.0009842519685039353
2017-03-28,-0.0024225810050523267,0.011428571428571344
2017-03-29,0.0013021041363774355,0.02123514513929492
2017-03-30,-0.008624197215684637,0.010301411674933147
2017-03-31,0.005279083242129667,-0.002454682779456263
2017-04-03,0.00344220300992637,0.005489305318947535
2017-04-04,0.0022177901874751438,0.019766566265060348
2017-04-05,-0.00041392046359089996,0.0035074764629867694
2017-04-06,-0.003233101866598642,0.009749816041206838
2017-04-07,0.002260925141807091,0.00637638914192018
2017-04-10,0.00011956669031443212,0.01339608979000717
2017-04-11,0.01608378231899743,0.004465880671668421
2017-04-12,0.009350046279591462,-0.006580117375066696
2017-04-13,0.0008859323272043529,0.0005370569280342963
2017-04-14,-0.0017314740045966115,0.0
2017-04-17,-0.0007622366200250585,-0.009482912864555382
2017-04-18,0.003930848206988413,-0.00848988439306353
2017-04-19,-0.007404478352561639,-0.03570777919475321
2017-04-20,0.0013200959217629649,0.001133572643113645
2017-04-21,0.00198143380918947,-0.019437629741460682
2017-04-24,-0.006329606676839794,-0.006928406466512715
2017-04-25,-0.009543136071957337,0.009689922480620172
2017-04-26,0.004026484617879467,-0.005374280230326267
2017-04-27,-0.0038763965270008915,-0.0073330760324199495
2017-04-28,0.0031479870283952494,0.005637636080870978
2017-05-01,-0.009225092250922495,-0.00405953991880903
2017-05-02,0.00014324595330195145,-0.020574534161490687
2017-05-03,-0.014792004837836936,0.006539833531510109
2017-05-04,-0.008084511819863138,-0.04745028548926944
2017-05-05,-0.00012213392391879907,0.014882182720132198
2017-05-08,-0.0014494995969087654,0.004887983706721055
2017-05-09,-0.004077538471575437,-0.012363194162951063
2017-05-10,-0.0017441431998886925,0.03057664682946859
2017-05-11,0.004872446887047799,0.010951812027080843
2017-05-12,0.002767256579377042,0.00137876698837891
2017-05-15,0.0019455728043111797,0.01927616050354053
2017-05-16,0.005216034838563033,-0.0032805866460826616
2017-05-17,0.019495005011153754,0.01084220716360118
2017-05-18,-0.011329041669309259,0.005746025665581245
2017-05-19,0.007104653307352438,0.02094839078270816
2017-05-22,0.0037422467812697757,0.004849841447491121
2017-05-23,-0.007464521707400307,0.005197698162242359
2017-05-24,0.006002141909496217,-0.0035087719298245723
2017-05-25,-0.002431021744138895,-0.04633061527057081
2017-05-26,0.008831938327745315,0.013408472600077603
2017-05-29,0.001057816792446875,0.0026845637583892135
2017-05-30,-0.003950792524248903,-0.008605851979345824
2017-05-31,0.0046156647586474975,-0.02951388888888895
2017-06-01,-0.0023326923683132383,0.006360564500099475
2017-06-02,0.010434768871054434,-0.013430772269405478
2017-06-05,0.0004925068599168636,-0.00960960960960966
2017-06-06,0.011400218784185068,0.01313927632908829
2017-06-07,-0.005593368304761315,-0.041101356743814765
2017-06-08,-0.007100959484131697,-0.004161464835622186
2017-06-09,-0.008802748022315954,0.006059339740910996
2017-06-12,-0.00045786099971578675,0.002907580477673921
2017-06-13,0.0002922175362112256,0.008904535100434874
2017-06-14,-0.00449251904780712,-0.03530377668308704
2017-06-15,-0.005456593118982167,-0.0017021276595744483
2017-06-16,-0.0001993652211359498,0.00959079283887454
2017-06-19,-0.007888460832874755,-0.009710787418197198
2017-06-20,-0.0006672883972214105,-0.01897250053293531
2017-06-21,0.002791610686961432,-0.026075619295958363
2017-06-22,0.0032331044220523797,0.008924587237840287
2017-06-23,0.0049579771453247545,0.0070765148164528835
2017-06-26,-0.009540785065766944,0.00636802810715853
2017-06-27,0.001968314159007667,0.01789221034257027
2017-06-28,0.0016838121507092296,0.014147909967845651
2017-06-29,-0.003009757698495874,0.0023250898330162695
2017-06-30,-0.0031312474408075053,0.010544074230282474
2017-07-03,-0.017243739982764184,0.03672787979966596
2017-07-04,0.002638911653827236,-0.0014090177133655457
2017-07-05,0.0029589184417451175,-0.03668615198548675
2017-07-06,-0.001483244230016889,0.006695961498221381
2017-07-07,-0.01041445617929837,-0.02909997921430052
2017-07-10,0.0015670620061691842,0.0036394776279169427
2017-07-11,0.002766889554991936,0.013651877133105783
2017-07-12,0.002291167099168989,0.004629629629629539
2017-07-13,-0.002400635799788664,0.014243820695433618
2017-07-14,0.009132870119417325,0.010119785212721943
2017-07-17,0.004403027590135888,-0.010018401144959999
2017-07-18,0.006774112518333153,0.00867410161090465
2017-07-19,-0.0009819150562991874,0.01760851760851767
2017-07-20,0.0026102719033231914,-0.008048289738430747
2017-07-21,0.008429155718406633,-0.02515212981744408
2017-07-24,0.00025498414317359774,0.011235955056179803
2017-07-25,-0.004174300963913025,0.03292181069958855
2017-07-26,0.008375597971297388,0.015338645418326635
2017-07-27,-0.00109477759355181,0.010202079654698881
2017-07-28,0.008331016955883008,0.02000388424936883
2017-07-31,-0.00015752496770737867,0.0024752475247524774
2017-08-01,-0.000535669271489847,-0.01652421652421643
2017-08-02,-0.0016630410794791217,0.011201235998455017
2017-08-03,0.0015394939407096242,-0.006684491978609652
2017-08-04,-0.0076619895948287775,0.007883099403960925
2017-08-07,-0.0008181875953230389,-0.0009538344143457111
2017-08-08,0.0024724728703742205,-0.004391827382088875
2017-08-09,0.012958380916127332,0.010740314537782902
2017-08-10,0.0072261802239097506,-0.015180265654649028
2017-08-11,0.002160851282130949,0.003853564547206201
2017-08-14,-0.005553357997688524,-0.026295585412668077
2017-08-15,-0.008282962211909828,0.001379854129706315
2017-08-16,0.009107138643995816,-0.010433070866141647
2017-08-17,0.0039279562936929135,0.01511836085140228
2017-08-18,-0.0031207545705080886,0.03311777385851444
2017-08-21,0.0060352145032045446,-0.02010622154779973
2017-08-22,-0.005263646778338682,0.004065040650406582
2017-08-23,0.004575590624708248,0.013495276653171517
2017-08-24,-0.003532255065997303,-0.01008179570097012
2017-08-25,0.003847947761193904,0.007109915449654114
2017-08-28,0.014542920199791087,-0.009921770654455209
2017-08-29,-0.0006869547296833867,0.002119868953555537
2017-08-30,-0.00048119887261988126,-0.021923076923076934
2017-08-31,0.009804371083600882,0.029885961462839283
2017-09-01,0.0028756725668404037,0.0070637647957234595
2017-09-04,0.006519623008836017,-0.007772511848341157
2017-09-05,0.004378237759302017,0.019870080244554833
2017-09-06,-0.004097901784714586,0.015361558636193262
2017-09-07,0.011242523721725073,0.005350553505535149
2017-09-08,-0.0019492743955767944,-0.013029913745641442
2017-09-11,-0.014146844993650598,0.0011156563778356166
2017-09-12,0.0032164755864230177,0.00798662704309061
2017-09-13,-0.007088098152138844,0.016399484061175418
2017-09-14,0.005573326678615098,0.005620014503263215
2017-09-15,-0.007189375366613016,0.0027041644131962084
2017-09-18,-0.00965019921525856,-0.002517080186983156
2017-09-19,0.0028376063146300368,-0.006128334534967528
2017-09-20,-0.007665026884795978,0.02085600290170464
2017-09-21,-0.007608946276227657,0.0024871202700302852
2017-09-22,0.00472428748451037,0.0076200602516391935
2017-09-25,0.01039081168580891,0.037988040801969714
2017-09-26,-0.012816796106135286,-0.00982717722805837
2017-09-27,-0.008655466081392338,-0.00924024640657084
2017-09-28,0.003523597187358618,-0.00846286701208987
2017-09-29,-0.005864988736114296,0.0022644138651803924
2017-10-02,-0.006735690564563357,-0.024678484532499212
2017-10-03,0.0004169518459953281,-0.002138275124732636
2017-10-04,0.0025085321548210526,-0.0035714285714286698
2017-10-05,-0.0052006118366866305,0.021505376344086002
2017-10-06,0.0066707669016417,-0.02421052631578957
2017-10-09,0.005772785662812918,0.00305645451276515
2017-10-10,0.0030995677738405725,0.014697974547409842
2017-10-11,0.0028648401046560412,0.005829358770535142
2017-10-12,0.0015483231660111674,-0.012118018967333999
2017-10-13,0.007806944315617015,0.01635555555555568
2017-10-16,-0.006158825604761331,0.011369599440265832
2017-10-17,-0.008234358962486255,0.0010377032168800149
2017-10-18,-0.003143675298804771,0.0046648237733240006
2017-10-19,0.0070643519530397825,-0.01582115219260538
2017-10-20,-0.007487617526915957,0.009086143630962829
2017-10-23,0.0014057338321085133,-0.006580086580086575
2017-10-24,-0.004437442972229033,0.016733484399511944
2017-10-25,0.0007441758448354374,0.0018858220469741838
2017-10-26,-0.008250295492082338,0.014715947980834976
2017-10-27,0.005019771268912843,0.01922428330522763
2017-10-30,0.0023088703027447366,0.007610853739245638
2017-10-31,-0.003792241575190536,0.007717569786535261
2017-11-01,0.002524676550395233,-0.014339253707022936
2017-11-02,0.0011532487094598753,0.002149115556290271
2017-11-03,-0.004874111571705142,0.023919498515341475
2017-11-06,0.009480986841587269,0.03544385371354908
2017-11-07,-0.0051874098053746875,-0.00902442819355842
2017-11-08,0.004751823100446861,-0.0031402103940962878
2017-11-09,0.0028953611787476685,0.006930225232320009
2017-11-10,-0.007781677262717168,-0.006413264508055683
2017-11-13,0.0025410369626766016,-0.005667506297229341
2017-11-14,0.0015176287442013603,-0.015041165294490066
2017-11-15,-0.001648115602421285,-0.0054653592669989814
2017-11-16,0.00034425023862794113,-0.008243090350735338
2017-11-17,0.010824508439049696,0.022164276401564598
2017-11-20,-0.011993005369771437,-0.007971938775510168
2017-11-21,0.0028897659994360225,0.005625200900032157
2017-11-22,0.008987904201903874,0.01198657503595979
2017-11-23,-0.0005030492523913077,0.0036323436512950558
2017-11-24,-0.0024003654750014425,0.004878048780487809
2017-11-27,0.004773473458711486,-0.00031318509238953407
2017-11-28,-0.0004171430337113202,-0.003602756892230663
2017-11-29,-0.007990849935856748,-0.00786039930828486
2017-11-30,-0.0067230687731764105,0.007288860719378842
2017-12-01,0.0043999654904667285,0.002516910492370572
2017-12-04,-0.0034670706376597193,-0.02008473246508702
2017-12-05,-0.00815715651397142,0.006565252201761407
2017-12-06,-0.001896079066497136,-0.026089723194400283
2017-12-07,-0.012783270142555092,0.016007840574975507
2017-12-08,0.0010182646205159074,0.019292604501607746
2017-12-11,-0.0051822601702857796,0.02034700315457405
2017-12-12,0.0019886958342056893,-0.020868758695316014
2017-12-13,0.008846997565267634,-0.01420903062835499
2017-12-14,-0.002023098367184395,0.013933376040999423
2017-12-15,0.002777423062188644,-0.0012636234402149116
2017-12-18,0.004632135239247326,0.0028467499604618585
2017-12-19,-0.00044364869361301906,0.0061504494559216916
2017-12-20,0.0030672901640642625,0.011912225705329238
2017-12-21,0.0008138625283469203,0.005266418835192077
2017-12-22,0.005968735196589359,0.005392912172573094
2017-12-25,0.0,0.0
2017-12-26,0.007016387266905122,0.027126436781609087
2017-12-27,0.0031797989244799485,-0.008654133094598615
2017-12-28,0.006106372069174304,0.004214328717639937
2017-12-29,0.005992092908327251,0.0022482014388489624
2018-01-01,0.0,0.0
2018-01-02,0.011329444273871614,-0.004486316733961604
2018-01-03,-0.003301557424329804,0.019077662610785806
2018-01-04,0.007462629739340976,0.0033903301886790693
2018-01-05,-0.0025850144745693804,-0.006610841780519849
2018-01-08,0.0006138270220297226,0.00236616385684707
2018-01-09,-0.005717964253256769,0.015343759221009057
2018-01-10,0.0030772746315270716,0.005521650682941193
2018-01-11,0.004214475013099017,0.0008670520231213175
2018-01-12,0.011493905205529176,0.008807392434305505
2018-01-15,0.0017568254537843053,0.005581794761700287
2018-01-16,-0.0011791132769647383,-0.01579846285226305
2018-01-17,-0.008644585739795874,0.0033261026753432787
2018-01-18,0.00014319737119783404,-0.0010089362928796808
2018-01-19,0.0036246354641567002,-0.010099552734093242
2018-01-22,0.0015617491590582677,0.006121556624398838
2018-01-23,0.005465095358042404,0.013472403302911662
2018-01-24,0.012861520567248874,0.00814751286449411
2018-01-25,-0.00750850227463451,-0.0015596200198496613
2018-01-26,0.0006378591666296174,0.0014200511218402934
2018-01-29,-0.006515358159392748,-0.015031196823596216
2018-01-30,-0.0012981877597307845,-0.00633458105384388
2018-01-31,0.00489320852538877,0.0004346566212691805
2018-02-01,0.002713472203636602,0.00868935553946426
2018-02-02,-0.011417640996745138,-0.015362526920315922
2018-02-05,0.004709799833507056,-0.013998250218722585
2018-02-06,-0.01157747803563558,-0.011239278320023693
2018-02-07,-0.004357479458675706,-0.02019144481005075
2018-02-08,0.00028064533256455526,-0.010685391543275857
2018-02-09,-0.0015999878673904622,-0.031168029625057936
2018-02-12,0.004594994873352798,-0.0031852205765248165
2018-02-13,0.005178800937476247,0.0020770091068860186
2018-02-14,0.015930201948027634,0.02614795918367352
2018-02-15,0.002176600801048423,-0.0004661280298322579
2018-02-16,-0.004956894959628255,0.007927871910461848
2018-02-19,-0.00037120627190112554,0.012800740283775314
2018-02-20,-0.012826225806930713,-0.006395614435815489
2018-02-21,-0.0034306607783687326,0.0026053639846743692
2018-02-22,0.00560156421038327,0.014827269948028077
2018-02-23,-0.0025074133853834057,0.01385750866094293
2018-02-26,0.003740470080002334,0.0028227603625017306
2018-02-27,-0.011487013376522248,-0.01288888888888895
2018-02-28,-3.792590794615691e-05,-0.012757016358997397
2018-03-01,-0.0009709400672072155,-0.029644268774703608
2018-03-02,0.004343105320304019,0.008459971800094168
2018-03-05,-0.001995841995842018,0.018176169022836808
2018-03-06,0.010946057525509367,0.0038144644491913127
2018-03-07,-0.006736302601606514,-0.022039823681410553
2018-03-08,-0.002700724971144486,-0.011345974510413526
2018-03-09,0.0014674846254509877,0.029555101399151074
2018-03-12,-0.0006269213629120918,-0.008245533669262395
2018-03-13,0.0025772806288262284,-0.004772902232486609
2018-03-14,-0.0012514040602785714,0.0038675742574256766
2018-03-15,-0.006604521266558527,0.0035444598551395146
2018-03-16,-0.0014132664691132168,0.016738329238328964
2018-03-19,0.0019859386413438873,-0.002416553390726439
2018-03-20,-0.004207009150624552,0.020741862225586827
2018-03-21,0.015961138098542715,0.03040640759418567
2018-03-22,-0.0024094757701315084,-0.00806103353965748
2018-03-23,0.01376944087040921,0.02234799013205646
2018-03-26,0.004579427460236207,-0.0046841731724627245
2018-03-27,-0.00624307351311415,-0.00014261266400461547
2018-03-28,-0.014899074383851851,-0.008272714306090445
2018-03-29,0.0003698085297469955,0.010642887962030612
2018-03-30,-1.5088645794025801e-05,0.0
2018-04-02,0.011927754473850971,-0.037427067027180794
2018-04-03,-0.006374460407518101,0.00709639266706108
2018-04-04,0.00033765025436327534,-0.0014679976512038673
2018-04-05,-0.00496553379488307,0.004557483093207804
2018-04-06,0.004869701561168949,-0.017854529489243376
2018-04-09,0.0024905666039023444,0.02294739979138738
2018-04-10,0.0024619298836383585,0.034814275309541065
2018-04-11,0.010256486817354027,0.014358108108108114
2018-04-12,-0.013625145930928562,-0.0005550929780738789
2018-04-13,0.008434836022592762,0.0077756178839212264
2018-04-16,-0.000200564552072513,-0.015982364287682516
2018-04-17,0.0011813392969917125,0.0022402688322598063
2018-04-18,0.0014025765851342076,0.02654372729812815
2018-04-19,-0.0028753307000838335,0.004082743603701644
2018-04-20,-0.006815158339093186,0.00379506641366234
2018-04-23,-0.00862791463378132,0.008776667566837482
2018-04-24,0.004166572314938444,-0.011377325659215565
2018-04-25,-0.0054271432329836555,0.0018954779312212455
2018-04-26,-0.004784110404873365,0.010000000000000009
2018-04-27,0.005467800729040073,-0.0013379716350012671
2018-04-30,-0.006503021148036137,0.00710075026795276
2018-05-01,-0.008773063502079403,-0.027138486098177594
2018-05-02,0.0008513249223454089,0.0031450840968139104
2018-05-03,0.005440779794016581,0.0035441657579062813
2018-05-04,0.001859671051628764,0.016979081771257842
2018-05-07,-0.00022061620387980874,0.017363429945238318
2018-05-08,0.00031958362818729213,-0.017329657345411698
2018-05-09,-0.0014528802781010874,0.03152972611890448
2018-05-10,0.006764580413187726,0.0033674394508484973
2018-05-11,-0.0017403147699757149,-0.004517877888214672
2018-05-14,-0.004396270749639886,0.014393153526971014
2018-05-15,-0.017487628473544015,0.0025565639780136262
2018-05-16,0.00015497508775474955,0.010837689659568994
2018-05-17,4.6485322259481876e-05,0.00025227043390518844
2018-05-18,0.0017431185553034023,-0.00996216897856228
2018-05-21,-0.00034028336323710384,0.009043433957457658
2018-05-22,-0.001129506421166493,0.004418076243372759
2018-05-23,0.0017581362207041984,0.002890536634410079
2018-05-24,0.008674743507472549,-0.012656641604009922
2018-05-25,-0.0018242720158206938,-0.029826120065998274
2018-05-28,-0.0024649644845460283,-0.01491365777080067
2018-05-29,-0.0002078457938169409,0.0011952191235060639
2018-05-30,0.0020095936924937607,0.027987796790025277
2018-05-31,-0.002205351242527298,0.0011612903225806104
2018-06-01,-0.003935279666694824,-0.010310607036989272
2018-06-04,-0.001066955311581963,-0.019533793462690463
2018-06-05,0.003390040401851424,0.0011953778722273434
2018-06-06,0.0,-0.0002653223666754245
2018-06-07,0.0006016661524219646,0.026008492569002062
2018-06-08,0.00076319400545799,-0.01112260734609416
2018-06-11,0.0017871311153392355,0.0
2018-06-12,-0.0034756130381625727,-0.007585665707559475
2018-06-13,0.0025772201517009208,0.011333684765419072
2018-06-14,0.0022627394540180035,-0.010424811050299687
2018-06-15,-0.01789978882703014,-0.032920726889649754
2018-06-18,-0.0004847764555022671,0.025871459694989163
2018-06-19,-0.0028631328618811125,-0.003451022033448381
2018-06-20,-0.005334755934916169,-0.0045285029302077895
2018-06-21,-0.0005284495133530687,-0.022611720631522614
2018-06-22,0.0026594275523006417,0.03422313483915129
2018-06-25,-0.0038723082735170333,-0.010853739245532679
2018-06-26,-0.005214753010334805,0.02114278067710429
2018-06-27,-0.005313572245520426,0.017166819551828194
2018-06-28,-0.0032738451710783156,0.0029631538263332757
2018-06-29,0.0034848788303625255,0.020423892100192687
2018-07-02,-0.008430464633562118,-0.026938569989929495
2018-07-03,0.008606808154326906,0.005950840879689556
2018-07-04,0.0018040599331061724,0.006172839506172645
2018-07-05,0.002326711766627687,-0.010864008179959028
2018-07-06,-0.00193177572322345,-0.003618038506266963
2018-07-09,0.0017523178385956406,0.012449747114511744
2018-07-10,-0.0017015457031995807,0.010119123863199686
2018-07-11,-0.010816063207862658,-0.06923662186152668
2018-07-12,0.004372121485394009,0.014305177111716638
2018-07-13,-0.0024611388579355298,0.011820013431833365
2018-07-16,-0.0027243795808151727,-0.04632948360546918
2018-07-17,-0.010790294375992326,0.00445434298440972
2018-07-18,-2.443912214666888e-05,0.01025498891352572
2018-07-19,-0.0036985442073791397,-0.004389574759945281
2018-07-20,0.005363990940088437,0.006751171121520905
2018-07-23,-0.004090994119704261,-0.00013685507048022405
2018-07-24,1.6333197223383777e-05,0.005201204489460709
2018-07-25,0.0058063567765329616,0.006672113289760473
2018-07-26,-0.0072586734652453355,0.00825104828892198
2018-07-27,0.0012513392601558593,-0.0033539039441909946
2018-07-30,-0.0022626652072339493,0.009153318077803174
2018-07-31,0.0022104875353063935,-0.009603841536614643
2018-08-01,-0.006690356573949341,-0.02505050505050499
2018-08-02,-0.006686075199842212,0.014642906478795403
2018-08-03,0.0058534727569279354,-0.0032675289312458222
2018-08-06,-0.005975800477405535,0.007376041524381982
2018-08-07,0.0027574442714715097,0.012203389830508504
2018-08-08,0.002403032279908013,-0.03174815807099807
2018-08-09,-0.0011615645698093147,-0.002905368013281784
2018-08-10,-0.001567049081626859,0.01026779519911214
2018-08-13,-0.014100795493032114,-0.00274687542919938
2018-08-14,0.0004943443653120383,-0.0020658311527338435
2018-08-15,-0.016112688323325686,-0.023461219983438975
2018-08-16,-0.0005873090181723883,0.00946862634256651
2018-08-17,0.008593377393200097,0.005599888002239872
2018-08-20,0.005260713531771266,0.005290268689962296
2018-08-21,0.004628385189167306,0.00581636892397186
2018-08-22,-0.0001588642045502464,0.029602092799118962
2018-08-23,-0.00856330490048507,-0.0006686279753944646
2018-08-24,0.016692533486284855,0.014585842365850255
2018-08-27,0.005002696312274679,0.005143761540490566
2018-08-28,-0.008568739784378221,-0.003411625770896043
2018-08-29,0.004662781015820183,0.015668202764976824
2018-08-30,-0.005486490966351676,0.008166969147005432
2018-08-31,0.0009750162502708548,-0.004500450045004434
2018-09-03,9.99042584188814e-05,0.00942908809093268
2018-09-04,-0.008116410132609664,0.0002559181062060656
2018-09-05,0.004372566134013711,-0.011513368299859383
2018-09-06,0.0027157337076868515,-0.00996505759026789
2018-09-07,-0.0025417090284837185,0.004313725490196152
2018-09-10,-0.0008772442832913896,0.007028504490433463
2018-09-11,0.0022661136568884466,0.021843091637585577
2018-09-12,0.00638249943683844,0.008601062484189237
2018-09-13,-0.003954436927974481,-0.019563581640330896
2018-09-14,-0.005509917018319377,-0.001151189562548005
2018-09-17,0.005532075155877392,-0.0005122294788065807
2018-09-18,-0.0025801940971819093,0.01255605381165914
2018-09-19,0.004739811075135991,0.004681766417816036
2018-09-20,0.0026078867811700768,-0.008816120906801062
2018-09-21,-0.005914610911380347,0.0012706480304955914
2018-09-24,-0.0008416386120462249,0.030456852791878264
2018-09-25,0.001826476401758148,0.008251231527093728
2018-09-26,-0.005644261667304917,-0.006473677781849263
2018-09-27,-0.009720036167576551,0.004671748217359273
2018-09-28,0.006805711725269115,0.012236906510034284
2018-10-01,-0.001587061668682055,0.027321083172147098
2018-10-02,0.012052246023936286,-0.0021181454459873184
2018-10-03,-0.004961273809128142,0.01757075471698122
2018-10-04,0.002146406648014576,-0.01981689651176277
2018-10-05,0.0030918727915194566,-0.004965712934499877
2018-10-08,-0.012919252594235875,-0.0029705323193915945
2018-10-09,0.0014224631337957927,0.012990108449529192
2018-10-10,0.004219302890474674,-0.02247058823529413
2018-10-11,0.02452313795729788,-0.034059453604525225
2018-10-12,-0.005751211103758647,0.0021181161226015988
2018-10-15,0.008224805883077835,0.004351610095735259
2018-10-16,-0.0017195573158605981,0.0077989601386481144
2018-10-17,-0.0021715172047839237,-0.016705564426974573
2018-10-18,0.0028798402997651795,-0.009494066208619478
2018-10-19,0.0005547352362926805,0.006179846134443112
2018-10-22,-0.00357931984769555,0.0006267234895962481
2018-10-23,0.006709761885279386,-0.04246523863209317
2018-10-24,0.0028367064943510822,-0.003532182103610615
2018-10-25,-0.0013130273385258961,0.009452540370224582
2018-10-26,0.0011037438015857326,0.00949408245545591
2018-10-29,-0.00333190112927928,-0.0036073177016232583
2018-10-30,-0.005278912007288028,-0.01848978536333079
2018-10-31,-0.00668067673538153,-0.0057963377684099315
2018-11-01,0.015369291053376921,-0.034185769179806536
2018-11-02,-0.0004378035235076405,-0.0008231581835642654
2018-11-05,-0.0011355433169221163,0.004668405876699255
2018-11-06,-0.0034917051701597313,-0.014213475468088155
2018-11-07,-0.0005704088201501367,-0.0008318314154998063
2018-11-08,-0.002030183694934351,-0.019703066463160668
2018-11-09,-0.011723856209150285,-0.006652512384996423
2018-11-12,-0.007671640557186166,-0.0008549444286122254
2018-11-13,0.001549522230645639,-0.0663148887621221
2018-11-14,0.007194962694326401,0.009928211394532038
2018-11-15,0.002048097251585501,0.007562008469449433
2018-11-16,0.008241577108195397,0.002101471029720914
2018-11-19,0.0006621109076643261,0.00044937088076690834
2018-11-20,-0.0020503688213238114,-0.06378200329390638
2018-11-21,0.003585285595010035,0.015192707500399694
2018-11-22,0.0021206485922156126,-0.013862633900441068
2018-11-23,-0.004549746060685145,-0.060702875399361034
2018-11-26,-0.0005314582396466205,0.02857142857142847
2018-11-27,-0.006012761780104792,-0.004464285714285698
2018-11-28,0.005086210444014805,-0.02408237834246807
2018-11-29,0.002440162786698563,0.012763784887678709
2018-11-30,-0.003014188742127666,-0.013443118803562415
2018-12-03,0.008316127552191022,0.05075796286833589
2018-12-04,0.006394890588053537,0.0063219322418544
2018-12-05,-0.0010092528299449066,-0.008376288659793785
2018-12-06,0.00039602680050765393,-0.024366471734892814
2018-12-07,0.009315064066312218,0.02680652680652673
2018-12-10,-0.003882142942904454,-0.027566077509323827
2018-12-11,-0.0009723092747054851,0.0038352509588128747
2018-12-12,0.0019384677257190397,-0.0008305647840531893
2018-12-13,-0.0029462293081580215,0.021612635078969378
2018-12-14,-0.0023913236016392947,-0.019039869812855992
2018-12-17,0.005512421107003895,-0.011114797611147975
2018-12-18,0.0028655135048361036,-0.056198624391880614
2018-12-19,-0.005074354500488321,0.01741912548880209
2018-12-20,0.013498728963542206,-0.05048916841369677
2018-12-21,-0.0023177178416647903,-0.009751609935602645
2018-12-24,0.00976975830190785,-0.06224451876625792
2018-12-25,-0.0005357621216180997,0.0
2018-12-26,-0.0011036309458115623,0.07925500297206267
2018-12-27,0.0067632621494073675,-0.04240866532035992
2018-12-28,0.003919386067366304,0.0007668711656443339
2018-12-31,0.001389854065323215,0.030651340996168397
2019-01-01,8.577064928383393e-05,0.0
2019-01-02,0.0015515359426165887,0.02063197026022312
2019-01-03,0.007543262830942199,0.01894008377344747
2019-01-04,-0.006358747720740521,0.019839142091152784
2019-01-07,0.002457136192216547,0.004731861198738141
2019-01-08,-0.0029630548940823287,0.024245595674167175
2019-01-09,0.006356047580889701,0.04632152588555849
2019-01-10,-0.005341847305111336,0.00390625
2019-01-11,0.0027979637041930516,-0.01945525291828798
2019-01-14,0.0011393140864173201,-0.02463624338624326
2019-01-15,-0.0017108970984424099,0.027970842515680605
2019-01-16,0.0032260315933960726,0.01121372031662271
2019-01-17,-0.0012522513469432894,-0.0022831050228310223
2019-01-18,-0.007693200727526106,0.024844720496894457
2019-01-21,-0.0012791414153230374,0.0006379585326954373
2019-01-22,0.0037095753902862683,-0.019764105833599
2019-01-23,-0.0019451922628032081,-0.005853658536585371
2019-01-24,-0.001177185979792883,-0.000817795224075879
2019-01-25,0.018763512616979172,0.009003110165329842
2019-01-28,-0.0014479984677265856,-0.027741726151849444
2019-01-29,0.006467898355020818,0.023193726013682747
2019-01-30,0.006190015170111085,0.005381604696673259
2019-01-31,0.0010152207347469133,0.00389294403892948
2019-02-01,-0.002474929044465446,0.013895621263532165
2019-02-04,-0.004347562178485309,-0.00382470119521916
2019-02-05,0.0023394932368070442,-0.008478643417053289
2019-02-06,-0.006629565428945106,0.011455308163923927
2019-02-07,0.002686361549058658,-0.016908597862497876
2019-02-08,0.0031905717840488013,0.00762615609281192
2019-02-11,-0.004694549909076473,-0.00950080515297913
2019-02-12,0.0020487417056540558,0.01479434238335231
2019-02-13,-0.003455904790967357,0.01906440243511698
2019-02-14,0.00482289266384428,0.015091966671906931
2019-02-15,0.007557692161179963,0.026018274740591707
2019-02-18,0.003327057293438962,0.0037735849056603765
2019-02-19,0.010588669746550261,-0.0007518796992480592
2019-02-20,-0.0018643638044953947,0.00948081264108347
2019-02-21,-0.011065120588147348,-0.00014907573047118206
2019-02-22,0.004359224254512295,0.0007454897867900101
2019-02-25,-0.00136903866405913,-0.03516090584028608
2019-02-26,0.0010394853794122305,0.006948733786287686
2019-02-27,-0.006847459667710165,0.018095384143536286
2019-02-28,-0.004955070992377908,-0.005422503389064581
2019-03-01,-0.01513720951481734,-0.01453884597910049
2019-03-04,-0.005179985155863487,0.009220839096357958
2019-03-05,0.0009869903787866896,0.0028932541495354513
2019-03-06,-0.0012810459546122033,0.0019738839963558963
2019-03-07,-0.0005830405174290787,0.00469768146688887
2019-03-08,0.009870800631606835,-0.008446455505279116
2019-03-11,-0.0038126781175383817,0.012777608761789017
2019-03-12,0.006363320060308597,0.001351757284469901
2019-03-13,0.005792959326357261,0.013199340032998386
2019-03-14,-0.009892141285749112,-0.004737231680236764
2019-03-15,0.004806468287338772,-0.0010412018444148075
2019-03-18,0.0010058353808353182,0.005658129839190229
2019-03-19,0.0021860689877348793,0.0010364228605270753
2019-03-20,0.004569250551065496,0.01316373317556585
2019-03-21,-0.002415182891057799,-0.009343065693430685
2019-03-22,0.0032993218060732854,-0.012231063955201904
2019-03-25,0.0062572315936910705,0.002685364762046838
2019-03-26,-0.004682653755957333,0.011307841095075322
2019-03-27,-0.004681882785720348,-0.002059732234809486
2019-03-28,-0.014608071474934037,-0.0001474273920094582
2019-03-29,0.0015188853241581146,0.008404600412857732
2019-04-01,-0.0036057506306195197,0.009065652873227137
2019-04-02,0.003680924424564358,0.005216635270250736
2019-04-03,-0.001957507389010127,-0.0008649272019605192
2019-04-04,0.0017675377733674669,0.0012985139229548803
2019-04-05,-0.0003482406110462133,0.013544668587896158
2019-04-08,0.004428067133213531,0.010804663065112186
2019-04-09,0.005102198107099776,-0.00689170182841059
2019-04-10,0.002982900084349538,0.01586177595241467
2019-04-11,-0.01182730754822292,-0.012547051442911017
2019-04-12,-0.0016169962553770345,0.010165184243964509
2019-04-15,-0.0019218400068194974,-0.005171208944793726
2019-04-16,-0.008664932644900869,0.007586400674346683
2019-04-17,-0.0022008317734317773,-0.0013943112102620114
2019-04-18,0.001444292689053217,0.004886903099692752
2019-04-19,-0.00023514288849524334,0.0
2019-04-22,-0.0004155168088308958,0.02876198416006681
2019-04-23,-0.0020157020839378648,0.0063479200432199345
2019-04-24,0.002624919444837337,0.0008052610387865311
2019-04-25,0.001105223553019341,-0.002950248089043872
2019-04-26,0.007039000289702946,-0.029589778076664297
2019-04-29,-0.004867201592336889,-0.0015246015246015432
2019-04-30,0.0028361590749277354,0.010549694614103045
2019-05-01,-0.005274516372815619,-0.008516483516483375
2019-05-02,-0.004754221623484378,-0.019811582155721874
2019-05-03,0.006626321132612967,0.001413427561837377
2019-05-06,0.0015557692458036954,0.005504587155963359
2019-05-07,0.0025993287018968303,-0.019090398652442442
2019-05-08,-0.0027638719120542943,0.007012020606754543
2019-05-09,0.0024982824308286133,0.00028421202216843966
2019-05-10,0.0015341723257118467,0.0032675095894303396
2019-05-13,0.01077718595700028,-0.005522514868309236
2019-05-14,-0.00230015924179372,0.014381318524846698
2019-05-15,-0.0003315547605096114,0.0074396406513195235
2019-05-16,-0.0075357310893258145,0.011843388602480243
2019-05-17,-0.00714219099726443,-0.005645827595703756
2019-05-20,0.0002270005401046049,-0.0033236393851266977
2019-05-21,-0.0024573101062747016,0.002917882451021425
2019-05-22,-0.0010512442338470596,-0.016486561374342124
2019-05-23,0.007939749006549812,-0.045499366107902395
2019-05-24,0.0011531419221628703,0.013724911452184019
2019-05-27,0.00033464858007814513,0.02067258698500507
2019-05-28,-0.00469129271176949,0.0
2019-05-29,0.0003517466173701411,-0.009413778348309698
2019-05-30,0.0069308787447843745,-0.037149028077753776
2019-05-31,0.013137779847126607,-0.035591446089427436
2019-06-03,0.015112057476370566,-0.049775158939370345
2019-06-04,0.00015845349389964625,0.011259791122715468
2019-06-05,0.0036212203512584473,-0.021623366144908784
2019-06-06,0.0037660111852786393,0.01715322447633194
2019-06-07,0.0041412984056374835,0.02626885033241444
2019-06-10,-0.00960577539787888,-0.01580028440511927
2019-06-11,-0.0008584466633534404,0.0
2019-06-12,0.0050797383256460105,-0.037245143682774096
2019-06-13,0.006546288936546851,0.02234450558612644
2019-06-14,-0.0004544404794718515,0.011417387049420968
2019-06-17,-0.0015204591190280947,-0.017255281406224787
2019-06-18,0.005187883492826506,0.019691499835904125
2019-06-19,0.010225677813175515,-0.005149662053427706
2019-06-20,0.020626589629368253,0.042542866386282796
2019-06-21,0.008059404799631187,0.011636927851047307
2019-06-24,0.01435379350256838,-0.005214723926380449
2019-06-25,0.0026202349759107957,0.002929386370644327
2019-06-26,-0.010144438824256752,0.022136817832436595
2019-06-27,0.0005535841022001886,0.0009023913370431735
2019-06-28,-0.00016314602278366674,0.0
2019-07-01,-0.017991557589301488,-0.022389181066866937
2019-07-02,0.024895426205939986,-0.040885336612357825
2019-07-03,9.163641490150809e-05,0.022756410256410176
2019-07-04,-0.001903043459874021,-0.008147916013788836
2019-07-05,-0.011743686797356045,0.014691943127962181
2019-07-08,-0.002801100432312742,-0.0018682858477347963
2019-07-09,0.001490473153568761,0.0007799095304943382
2019-07-10,0.015319008879444151,0.04442019950124698
2019-07-11,-0.010718664994150973,-0.007312341441575998
2019-07-12,0.00850542452326164,0.0030066145520144527
2019-07-15,-0.0011442698216492797,-0.003597122302158251
2019-07-16,-0.005586473662251734,-0.03203971119133586
2019-07-17,0.014464205713147882,-0.010722610722610715
2019-07-18,0.013690179942098757,-0.027175620483820273
2019-07-19,-0.0143351082221147,0.008719522041014116
2019-07-22,-0.0003437703894425548,0.012646070113654595
2019-07-23,-0.004947785076638178,0.00901043313310157
2019-07-24,0.005663584491793827,-0.010183299389001976
2019-07-25,-0.00791101510667247,0.003323836657169954
2019-07-26,0.0030539099944861814,0.0011042751222589686
2019-07-29,0.005567693283529351,0.003939489442168265
2019-07-30,0.0028595458368378956,0.015853084288180774
2019-07-31,-0.011950687688695116,0.006953028430160657
2019-08-01,0.022209961945988788,-0.0716587386834433
2019-08-02,-0.0030100056740337555,0.022975206611570265
2019-08-05,0.015872795541458817,-0.03360801421877524
2019-08-06,0.007323905171824796,-0.01454606253134938
2019-08-07,0.018135944981755525,-0.0459789616559213
2019-08-08,-0.00013989181699491926,0.020451716165747813
2019-08-09,-0.002664978846730448,0.020041826420355457
2019-08-12,0.00949263502454989,0.000683410216982816
2019-08-13,-0.006385822811614927,0.04661089294860843
2019-08-14,0.00989004402235083,-0.02969004893964111
2019-08-15,0.004570154844496077,-0.021015467383994624
2019-08-16,-0.0064137491876136155,0.007041044135325469
2019-08-19,-0.0116285215920503,0.01875852660300148
2019-08-20,0.007540510187710625,0.004854368932038833
2019-08-21,-0.0030188428874734496,0.004497751124437732
2019-08-22,-0.003054603533757083,-0.006301824212271878
2019-08-23,0.019291617158191388,-0.009679572763684918
2019-08-26,0.00022921360088012932,-0.010785305021907665
2019-08-27,0.01014856185057389,0.013798977853492156
2019-08-28,-0.0024630382224641867,0.01646782053436402
2019-08-29,-0.007394363909266288,0.009753678293932921
2019-08-30,-0.004745913604734087,-0.01064178127046489
2019-09-02,0.005860377011010387,-0.029290087704782475
2019-09-03,0.011645927194972705,-0.006818956699624956
2019-09-04,0.0035227199276064436,0.04188122210779266
2019-09-05,-0.021577404914495557,0.004118616144975329
2019-09-06,-0.0080510845594286,0.009680065627563517
2019-09-09,-0.005103462921914881,0.017062073448163906
2019-09-10,-0.008905164995697601,-0.003355168557277577
2019-09-11,0.007686198495066687,-0.025168323180506547
2019-09-12,0.0013759016831418336,-0.007071205393849644
2019-09-13,-0.00715686405293281,-0.0026498840675720503
2019-09-16,0.0066508568856522565,0.14613085353703092
2019-09-17,0.001968727267873671,-0.06476383656911044
2019-09-18,-0.004915477760460418,-0.014717273431448463
2019-09-19,0.003366800535475223,0.012578616352201255
2019-09-20,0.011921042274003923,-0.0018633540372671176
2019-09-23,0.0035203375304897477,0.007622899813316764
2019-09-24,0.006326203489594118,-0.025783541763161888
2019-09-25,-0.018160809990403814,-0.011251980982567411
2019-09-26,0.0004853562049134119,0.005609873377143693
2019-09-27,-0.0051635455016679765,-0.013229199872489716
2019-09-30,-0.016379316103432795,-0.018252301728315268
2019-10-01,0.004516159702273148,-0.03109575518262586
2019-10-02,0.013730951769271194,-0.02037697401935812
2019-10-03,0.0038280702924404775,0.0003466805338880885
2019-10-04,-0.0003521150153801278,0.011436492808871934
2019-10-07,-0.007416957983863548,-0.00034264176803144863
2019-10-08,0.00804151322397062,-0.0018851756640959616
2019-10-09,3.985360442637642e-05,0.0013736263736263687
2019-10-10,-0.007691439122724186,0.01337448559670773
2019-10-11,-0.0033333556449507418,0.02385786802030454
2019-10-14,0.002820666080147305,-0.01917038506032054
2019-10-15,-0.008170317637840707,-0.010278011794439768
2019-10-16,0.006157959770697108,0.011576438542730605
2019-10-17,0.0011676833564855382,0.008246381689666737
2019-10-18,-0.0012199454376050634,-0.008178935069270477
2019-10-21,-0.0037247072245897295,-0.0077415011780544996
2019-10-22,0.002142135399124223,0.01255088195386711
2019-10-23,0.0029845127984511333,0.02462311557788932
2019-10-24,0.007948422378897257,0.00817394147457895
2019-10-25,0.0004321865982261919,0.00567536889897835
2019-10-28,-0.00805513647873568,-0.00725572396001295
2019-10-29,-0.003209358731264711,0.0003248335228196453
2019-10-30,0.005337025784421856,-0.015911673973047602
2019-10-31,0.011586857975742992,-0.006269592476489061
2019-11-01,0.0008922729165425913,0.024240411754939517
2019-11-04,-0.0029847986581612584,0.007132436375425488
2019-11-05,-0.017359685260494695,0.013359085787864045
2019-11-06,0.00469125983243579,-0.019377382465057158
2019-11-07,-0.014819834023225953,0.008908325234855852
2019-11-08,-0.006455654826759694,0.0035318670733663904
2019-11-11,-0.002152159013022681,-0.005279155335146335
2019-11-12,0.0003159644471308898,-0.0019298809906721504
2019-11-13,0.004985168094924219,0.0049951659684175365
2019-11-14,0.005343062900559081,-0.0014430014430013571
2019-11-15,-0.0021680032621993472,0.016377649325626242
2019-11-18,0.0022476348751199193,-0.013586097946287512
2019-11-19,0.0006455953408404103,-0.024503523382447212
2019-11-20,-0.0005772652567812564,0.024462321457888736
2019-11-21,-0.004892600621088317,0.025160256410256432
2019-11-22,-0.0016935147943540896,-0.009066750039080751
2019-11-25,-0.004562461950982644,0.00410159331124782
2019-11-26,0.004212305704822672,0.009740769835035357
2019-11-27,-0.004755746241591918,-0.0032674653804262155
2019-11-28,0.0012582162206760117,-0.002965969403684099
2019-11-29,0.0052943478887843565,-0.022545796148426445
2019-12-02,-0.0010519269388925556,-0.024187089540285034
2019-12-03,0.0103730751347062,-0.0016414970453053623
2019-12-04,-0.0020438410676700824,0.03584347254192699
2019-12-05,0.0009561979940186927,0.006190476190476302
2019-12-06,-0.010724932249322472,0.015775358889414726
2019-12-09,0.0010341261633919352,-0.0021742506600404
2019-12-10,0.0018540309780525899,0.0014007782101168598
2019-12-11,0.007163392265721491,-0.00963630711843344
2019-12-12,-0.0034443480147537953,0.007532956685499137
2019-12-13,0.004442781330793233,0.015887850467289688
2019-12-16,-0.00010160330007513707,0.0018399264029440587
2019-12-17,2.7096966494610797e-05,0.011631466176920569
2019-12-18,-0.0005554727615124655,0.0010590015128593144
2019-12-19,0.0023044598075097067,0.005591657850990028
2019-12-20,-0.00039220989991883837,-0.006011421701232478
2019-12-23,0.005121023934191005,0.0037798609011188145
2019-12-24,0.009166840536011245,0.012200632625395391
2019-12-25,0.0002867794665901702,0.0
2019-12-26,0.007794164710902551,0.010714285714285676
2019-12-27,-0.0006417338723015975,0.0035335689045936647
2019-12-30,0.0030452282597184244,0.004107981220657253
2019-12-31,0.001392592201483689,-0.03565166569257738
