Date,CDX IG CDSI GEN 5Y Corp,CDX HY CDSI GEN 5Y CORP,ITRX EUR CDSI GEN 5Y CORP,ITRX XOVER CDSI GEN 5Y CORP
2005-10-05,,,,
2005-10-06,,,,
2005-10-07,,,,
2005-10-10,,,,
2005-10-11,,,,
2005-10-12,,,,
2005-10-13,,,,
2005-10-14,,,,
2005-10-17,,,,
2005-10-18,,,,
2005-10-19,,,,
2005-10-20,,,,
2005-10-21,,,,
2005-10-24,,,,
2005-10-25,,,,
2005-10-26,,,,
2005-10-27,,,,
2005-10-28,,,,
2005-10-31,,,,
2005-11-01,,,,
2005-11-02,,,,
2005-11-03,,,,
2005-11-04,,,,
2005-11-07,,,,
2005-11-08,,,,
2005-11-09,,,,
2005-11-10,,,,
2005-11-11,,,,
2005-11-14,,,,
2005-11-15,,,,
2005-11-16,,,,
2005-11-17,,,,
2005-11-18,,,,
2005-11-21,,,,
2005-11-22,,,,
2005-11-23,,,,
2005-11-24,,,,
2005-11-25,,,,
2005-11-28,,,,
2005-11-29,,,,
2005-11-30,,,,
2005-12-01,,,,
2005-12-02,,,,
2005-12-05,,,,
2005-12-06,,,,
2005-12-07,,,,
2005-12-08,,,,
2005-12-09,,,,
2005-12-12,,,,
2005-12-13,,,,
2005-12-14,,,,
2005-12-15,,,,
2005-12-16,,,,
2005-12-19,,,,
2005-12-20,,,,
2005-12-21,,,,
2005-12-22,,,,
2005-12-23,,,,
2005-12-26,,,,
2005-12-27,,,,
2005-12-28,,,,
2005-12-29,,,,
2005-12-30,,,,
2006-01-02,,,,
2006-01-03,,,,
2006-01-04,,,,
2006-01-05,,,,
2006-01-06,,,,
2006-01-09,,,,
2006-01-10,,,,
2006-01-11,,,,
2006-01-12,,,,
2006-01-13,,,,
2006-01-16,,,,
2006-01-17,,,,
2006-01-18,,,,
2006-01-19,,,,
2006-01-20,,,,
2006-01-23,,,,
2006-01-24,,,,
2006-01-25,,,,
2006-01-26,,,,
2006-01-27,,,,
2006-01-30,,,,
2006-01-31,,,,
2006-02-01,,,,
2006-02-02,,,,
2006-02-03,,,,
2006-02-06,,,,
2006-02-07,,,,
2006-02-08,,,,
2006-02-09,,,,
2006-02-10,,,,
2006-02-13,,,,
2006-02-14,,,,
2006-02-15,,,,
2006-02-16,,,,
2006-02-17,,,,
2006-02-20,,,,
2006-02-21,,,,
2006-02-22,,,,
2006-02-23,,,,
2006-02-24,,,,
2006-02-27,,,,
2006-02-28,,,,
2006-03-01,,,,
2006-03-02,,,,
2006-03-03,,,,
2006-03-06,,,,
2006-03-07,,,,
2006-03-08,,,,
2006-03-09,,,,
2006-03-10,,,,
2006-03-13,,,,
2006-03-14,,,,
2006-03-15,,,,
2006-03-16,,,,
2006-03-17,,,,
2006-03-20,,,,
2006-03-21,,,,
2006-03-22,,,,
2006-03-23,,,,
2006-03-24,,,,
2006-03-27,,,,
2006-03-28,,,,
2006-03-29,,,,
2006-03-30,,,,
2006-03-31,,,,
2006-04-03,,,,
2006-04-04,,,,
2006-04-05,,,,
2006-04-06,,,,
2006-04-07,,,,
2006-04-10,,,,
2006-04-11,,,,
2006-04-12,,,,
2006-04-13,,,,
2006-04-14,,,,
2006-04-17,,,,
2006-04-18,,,,
2006-04-19,,,,
2006-04-20,,,,
2006-04-21,,,,
2006-04-24,,,,
2006-04-25,,,,
2006-04-26,,,,
2006-04-27,,,,
2006-04-28,,,,
2006-05-01,,,,
2006-05-02,,,,
2006-05-03,,,,
2006-05-04,,,,
2006-05-05,,,,
2006-05-08,,,,
2006-05-09,,,,
2006-05-10,,,,
2006-05-11,,,,
2006-05-12,,,,
2006-05-15,,,,
2006-05-16,,,,
2006-05-17,,,,
2006-05-18,,,,
2006-05-19,,,,
2006-05-22,,,,
2006-05-23,,,,
2006-05-24,,,,
2006-05-25,,,,
2006-05-26,,,,
2006-05-29,,,,
2006-05-30,,,,
2006-05-31,,,,
2006-06-01,,,,
2006-06-02,,,,
2006-06-05,,,,
2006-06-06,,,,
2006-06-07,,,,
2006-06-08,,,,
2006-06-09,,,,
2006-06-12,,,,
2006-06-13,,,,
2006-06-14,,,,
2006-06-15,,,,
2006-06-16,,,,
2006-06-19,,,,
2006-06-20,,,,
2006-06-21,,,,
2006-06-22,,,,
2006-06-23,,,,
2006-06-26,,,,
2006-06-27,,,,
2006-06-28,,,,
2006-06-29,,,,
2006-06-30,,,,
2006-07-03,,,,
2006-07-04,,,,
2006-07-05,,,,
2006-07-06,,,,
2006-07-07,,,,
2006-07-10,,,,
2006-07-11,,,,
2006-07-12,,,,
2006-07-13,,,,
2006-07-14,,,,
2006-07-17,,,,
2006-07-18,,,,
2006-07-19,,,,
2006-07-20,,,,
2006-07-21,,,,
2006-07-24,,,,
2006-07-25,,,,
2006-07-26,,,,
2006-07-27,,,,
2006-07-28,,,,
2006-07-31,,,,
2006-08-01,,,,
2006-08-02,,,,
2006-08-03,,,,
2006-08-04,,,,
2006-08-07,,,,
2006-08-08,,,,
2006-08-09,,,,
2006-08-10,,,,
2006-08-11,,,,
2006-08-14,,,,
2006-08-15,,,,
2006-08-16,,,,
2006-08-17,,,,
2006-08-18,,,,
2006-08-21,,,,
2006-08-22,,,,
2006-08-23,,,,
2006-08-24,,,,
2006-08-25,,,,
2006-08-28,,,,
2006-08-29,,,,
2006-08-30,,,,
2006-08-31,,,,
2006-09-01,,,,
2006-09-04,,,,
2006-09-05,,,,
2006-09-06,,,,
2006-09-07,,,,
2006-09-08,,,,
2006-09-11,,,,
2006-09-12,,,,
2006-09-13,,,,
2006-09-14,,,,
2006-09-15,,,,
2006-09-18,,,,
2006-09-19,,,,
2006-09-20,,,,
2006-09-21,,,,
2006-09-22,,,,
2006-09-25,,,,
2006-09-26,,,,
2006-09-27,,,,
2006-09-28,,,,
2006-09-29,,,,
2006-10-02,,,,
2006-10-03,,,,
2006-10-04,,,,
2006-10-05,,,,
2006-10-06,,,,
2006-10-09,,,,
2006-10-10,,,,
2006-10-11,,,,
2006-10-12,,,,
2006-10-13,,,,
2006-10-16,,,,
2006-10-17,,,,
2006-10-18,,,,
2006-10-19,,,,
2006-10-20,,,,
2006-10-23,,,,
2006-10-24,,,,
2006-10-25,,,,
2006-10-26,,,,
2006-10-27,,,,
2006-10-30,,,,
2006-10-31,,,,
2006-11-01,,,,
2006-11-02,,,,
2006-11-03,,,,
2006-11-06,,,,
2006-11-07,,,,
2006-11-08,,,,
2006-11-09,,,,
2006-11-10,,,,
2006-11-13,,,,
2006-11-14,,,,
2006-11-15,,,,
2006-11-16,,,,
2006-11-17,,,,
2006-11-20,,,,
2006-11-21,,,,
2006-11-22,,,,
2006-11-23,,,,
2006-11-24,,,,
2006-11-27,,,,
2006-11-28,,,,
2006-11-29,,,,
2006-11-30,,,,
2006-12-01,,,,
2006-12-04,,,,
2006-12-05,,,,
2006-12-06,,,,
2006-12-07,,,,
2006-12-08,,,,
2006-12-11,,,,
2006-12-12,,,,
2006-12-13,,,,
2006-12-14,,,,
2006-12-15,,,,
2006-12-18,,,,
2006-12-19,,,,
2006-12-20,,,,
2006-12-21,,,,
2006-12-22,,,,
2006-12-25,,,,
2006-12-26,,,,
2006-12-27,,,,
2006-12-28,,,,
2006-12-29,,,,
2007-01-01,,,,
2007-01-02,,,,
2007-01-03,,,,
2007-01-04,,,,
2007-01-05,,,,
2007-01-08,,,,
2007-01-09,,,,
2007-01-10,,,,
2007-01-11,,,,
2007-01-12,,,,
2007-01-15,,,,
2007-01-16,,,,
2007-01-17,,,,
2007-01-18,,,,
2007-01-19,,,,
2007-01-22,,,,
2007-01-23,,,,
2007-01-24,,,,
2007-01-25,,,,
2007-01-26,,,,
2007-01-29,,,,
2007-01-30,,,,
2007-01-31,,,,
2007-02-01,,,,
2007-02-02,,,,
2007-02-05,,,,
2007-02-06,,,,
2007-02-07,,,,
2007-02-08,,,,
2007-02-09,,,,
2007-02-12,,,,
2007-02-13,,,,
2007-02-14,,,,
2007-02-15,,,,
2007-02-16,,,,
2007-02-19,,,,
2007-02-20,,,,
2007-02-21,,,,
2007-02-22,,,,
2007-02-23,,,,
2007-02-26,,,,
2007-02-27,,,,
2007-02-28,,,,
2007-03-01,,,,
2007-03-02,,,,
2007-03-05,,,,
2007-03-06,,,,
2007-03-07,,,,
2007-03-08,,,,
2007-03-09,,,,
2007-03-12,,,,
2007-03-13,,,,
2007-03-14,,,,
2007-03-15,,,,
2007-03-16,,,,
2007-03-19,,,,
2007-03-20,,,,
2007-03-21,,,,
2007-03-22,,,,
2007-03-23,,,,
2007-03-26,,,,
2007-03-27,,,,
2007-03-28,,,,
2007-03-29,,,,
2007-03-30,,,,
2007-04-02,,,,
2007-04-03,,,,
2007-04-04,,,,
2007-04-05,,,,
2007-04-06,,,,
2007-04-09,,,,
2007-04-10,,,,
2007-04-11,,,,
2007-04-12,,,,
2007-04-13,,,,
2007-04-16,,,,
2007-04-17,,,,
2007-04-18,,,,
2007-04-19,,,,
2007-04-20,,,,
2007-04-23,,,,
2007-04-24,,,,
2007-04-25,,,,
2007-04-26,,,,
2007-04-27,,,,
2007-04-30,,,,
2007-05-01,,,,
2007-05-02,,,,
2007-05-03,,,,
2007-05-04,,,,
2007-05-07,,,,
2007-05-08,,,,
2007-05-09,,,,
2007-05-10,,,,
2007-05-11,,,,
2007-05-14,,,,
2007-05-15,,,,
2007-05-16,,,,
2007-05-17,,,,
2007-05-18,,,,
2007-05-21,,,,
2007-05-22,,,,
2007-05-23,,,,
2007-05-24,,,,
2007-05-25,,,,
2007-05-28,,,,
2007-05-29,,,,
2007-05-30,,,,
2007-05-31,,,,
2007-06-01,,,,
2007-06-04,,,,
2007-06-05,,,,
2007-06-06,,,,
2007-06-07,,,,
2007-06-08,,,,
2007-06-11,,,,
2007-06-12,,,,
2007-06-13,,,,
2007-06-14,,,,
2007-06-15,,,,
2007-06-18,,,,
2007-06-19,,,,
2007-06-20,,,,
2007-06-21,,,,
2007-06-22,,,,
2007-06-25,,,,
2007-06-26,,,,
2007-06-27,,,,
2007-06-28,,,,
2007-06-29,,,,
2007-07-02,,,,
2007-07-03,,,,
2007-07-04,,,,
2007-07-05,,,,
2007-07-06,,,,
2007-07-09,,,,
2007-07-10,,,,
2007-07-11,,,,
2007-07-12,,,,
2007-07-13,,,,
2007-07-16,,,,
2007-07-17,,,,
2007-07-18,,,,
2007-07-19,,,,
2007-07-20,,,,
2007-07-23,,,,
2007-07-24,,,,
2007-07-25,,,,
2007-07-26,,,,
2007-07-27,,,,
2007-07-30,,,,
2007-07-31,,,,
2007-08-01,,,,
2007-08-02,,,,
2007-08-03,,,,
2007-08-06,,,,
2007-08-07,,,,
2007-08-08,,,,
2007-08-09,,,,
2007-08-10,,,,
2007-08-13,,,,
2007-08-14,,,,
2007-08-15,,,,
2007-08-16,,,,
2007-08-17,,,,
2007-08-20,,,,
2007-08-21,,,,
2007-08-22,,,,
2007-08-23,,,,
2007-08-24,,,,
2007-08-27,,,,
2007-08-28,,,,
2007-08-29,,,,
2007-08-30,,,,
2007-08-31,,,,
2007-09-03,,,,
2007-09-04,,,,
2007-09-05,,,,
2007-09-06,,,,
2007-09-07,,,,
2007-09-10,,,,
2007-09-11,,,,
2007-09-12,,,,
2007-09-13,,,,
2007-09-14,,,,
2007-09-17,,,,
2007-09-18,,,,
2007-09-19,,,,
2007-09-20,,,,
2007-09-21,,,,
2007-09-24,,,,
2007-09-25,,,,
2007-09-26,,,,
2007-09-27,,,,
2007-09-28,,,,
2007-10-01,,,,
2007-10-02,,,,
2007-10-03,,,,
2007-10-04,,,,
2007-10-05,,,,
2007-10-08,,,,
2007-10-09,,,,
2007-10-10,,,,
2007-10-11,,,,
2007-10-12,,,,
2007-10-15,,,,
2007-10-16,,,,
2007-10-17,,,,
2007-10-18,,,,
2007-10-19,,,,
2007-10-22,,,,
2007-10-23,,,,
2007-10-24,,,,
2007-10-25,,,,
2007-10-26,,,,
2007-10-29,,,,
2007-10-30,,,,
2007-10-31,,,,
2007-11-01,,,,
2007-11-02,,,,
2007-11-05,,,,
2007-11-06,,,,
2007-11-07,,,,
2007-11-08,,,,
2007-11-09,,,,
2007-11-12,,,,
2007-11-13,,,,
2007-11-14,,,,
2007-11-15,,,,
2007-11-16,,,,
2007-11-19,,,,
2007-11-20,,,,
2007-11-21,,,,
2007-11-22,,,,
2007-11-23,,,,
2007-11-26,,,,
2007-11-27,,,,
2007-11-28,,,,
2007-11-29,,,,
2007-11-30,,,,
2007-12-03,,,,
2007-12-04,,,,
2007-12-05,,,,
2007-12-06,,,,
2007-12-07,,,,
2007-12-10,,,,
2007-12-11,,,,
2007-12-12,,,,
2007-12-13,,,,
2007-12-14,,,,
2007-12-17,,,,
2007-12-18,,,,
2007-12-19,,,,
2007-12-20,,,,
2007-12-21,,,,
2007-12-24,,,,
2007-12-25,,,,
2007-12-26,,,,
2007-12-27,,,,
2007-12-28,,,,
2007-12-31,,,,
2008-01-01,,,,
2008-01-02,,,,
2008-01-03,,,,
2008-01-04,,,,
2008-01-07,,,,
2008-01-08,,,,
2008-01-09,,,,
2008-01-10,,,,
2008-01-11,,,,
2008-01-14,,,,
2008-01-15,,,,
2008-01-16,,,,
2008-01-17,,,,
2008-01-18,,,,
2008-01-21,,,,
2008-01-22,,,,
2008-01-23,,,,
2008-01-24,,,,
2008-01-25,,,,
2008-01-28,,,,
2008-01-29,,,,
2008-01-30,,,,
2008-01-31,,,,
2008-02-01,,,,
2008-02-04,,,,
2008-02-05,,,,
2008-02-06,,,,
2008-02-07,,,,
2008-02-08,,,,
2008-02-11,,,,
2008-02-12,,,,
2008-02-13,,,,
2008-02-14,,,,
2008-02-15,,,,
2008-02-18,,,,
2008-02-19,,,,
2008-02-20,,,,
2008-02-21,,,,
2008-02-22,,,,
2008-02-25,,,,
2008-02-26,,,,
2008-02-27,,,,
2008-02-28,,,,
2008-02-29,,,,
2008-03-03,,,,
2008-03-04,,,,
2008-03-05,,,,
2008-03-06,,,,
2008-03-07,,,,
2008-03-10,,,,
2008-03-11,,,,
2008-03-12,,,,
2008-03-13,,,,
2008-03-14,,,,
2008-03-17,,,,
2008-03-18,,,,
2008-03-19,,,,
2008-03-20,,,,
2008-03-21,,,,
2008-03-24,,,,
2008-03-25,,,,
2008-03-26,,,,
2008-03-27,,,,
2008-03-28,,,,
2008-03-31,,,,
2008-04-01,,,,
2008-04-02,,,,
2008-04-03,,,,
2008-04-04,,,,
2008-04-07,,,,
2008-04-08,,,,
2008-04-09,,,,
2008-04-10,,,,
2008-04-11,,,,
2008-04-14,,,,
2008-04-15,,,,
2008-04-16,,,,
2008-04-17,,,,
2008-04-18,,,,
2008-04-21,,,,
2008-04-22,,,,
2008-04-23,,,,
2008-04-24,,,,
2008-04-25,,,,
2008-04-28,,,,
2008-04-29,,,,
2008-04-30,,,,
2008-05-01,,,,
2008-05-02,,,,
2008-05-05,,,,
2008-05-06,,,,
2008-05-07,,,,
2008-05-08,,,,
2008-05-09,,,,
2008-05-12,,,,
2008-05-13,,,,
2008-05-14,,,,
2008-05-15,,,,
2008-05-16,,,,
2008-05-19,,,,
2008-05-20,,,,
2008-05-21,,,,
2008-05-22,,,,
2008-05-23,,,,
2008-05-26,,,,
2008-05-27,,,,
2008-05-28,,,,
2008-05-29,,,,
2008-05-30,,,,
2008-06-02,,,,
2008-06-03,,,,
2008-06-04,,,,
2008-06-05,,,,
2008-06-06,,,,
2008-06-09,,,,
2008-06-10,,,,
2008-06-11,,,,
2008-06-12,,,,
2008-06-13,,,,
2008-06-16,,,,
2008-06-17,,,,
2008-06-18,,,,
2008-06-19,,,,
2008-06-20,,,,
2008-06-23,,,,
2008-06-24,,,,
2008-06-25,,,,
2008-06-26,,,,
2008-06-27,,,,
2008-06-30,,,,
2008-07-01,,,,
2008-07-02,,,,
2008-07-03,,,,
2008-07-04,,,,
2008-07-07,,,,
2008-07-08,,,,
2008-07-09,,,,
2008-07-10,,,,
2008-07-11,,,,
2008-07-14,,,,
2008-07-15,,,,
2008-07-16,,,,
2008-07-17,,,,
2008-07-18,,,,
2008-07-21,,,,
2008-07-22,,,,
2008-07-23,,,,
2008-07-24,,,,
2008-07-25,,,,
2008-07-28,,,,
2008-07-29,,,,
2008-07-30,,,,
2008-07-31,,,,
2008-08-01,,,,
2008-08-04,,,,
2008-08-05,,,,
2008-08-06,,,,
2008-08-07,,,,
2008-08-08,,,,
2008-08-11,,,,
2008-08-12,,,,
2008-08-13,,,,
2008-08-14,,,,
2008-08-15,,,,
2008-08-18,,,,
2008-08-19,,,,
2008-08-20,,,,
2008-08-21,,,,
2008-08-22,,,,
2008-08-25,,,,
2008-08-26,,,,
2008-08-27,,,,
2008-08-28,,,,
2008-08-29,,,,
2008-09-01,,,,
2008-09-02,,,,
2008-09-03,,,,
2008-09-04,,,,
2008-09-05,,,,
2008-09-08,,,,
2008-09-09,,,,
2008-09-10,,,,
2008-09-11,,,,
2008-09-12,,,,
2008-09-15,,,,
2008-09-16,,,,
2008-09-17,,,,
2008-09-18,,,,
2008-09-19,,,,
2008-09-22,,,,
2008-09-23,,,,
2008-09-24,,,,
2008-09-25,,,,
2008-09-26,,,,
2008-09-29,,,,
2008-09-30,,,,
2008-10-01,,,,
2008-10-02,,,,
2008-10-03,,,,
2008-10-06,,,,
2008-10-07,,,,
2008-10-08,,,,
2008-10-09,,,,
2008-10-10,,,,
2008-10-13,,,,
2008-10-14,,,,
2008-10-15,,,,
2008-10-16,,,,
2008-10-17,,,,
2008-10-20,,,,
2008-10-21,,,,
2008-10-22,,,,
2008-10-23,,,,
2008-10-24,,,,
2008-10-27,,,,
2008-10-28,,,,
2008-10-29,,,,
2008-10-30,,,,
2008-10-31,,,,
2008-11-03,,,,
2008-11-04,,,,
2008-11-05,,,,
2008-11-06,,,,
2008-11-07,,,,
2008-11-10,,,,
2008-11-11,,,,
2008-11-12,,,,
2008-11-13,,,,
2008-11-14,,,,
2008-11-17,,,,
2008-11-18,,,,
2008-11-19,,,,
2008-11-20,,,,
2008-11-21,,,,
2008-11-24,,,,
2008-11-25,,,,
2008-11-26,,,,
2008-11-27,,,,
2008-11-28,,,,
2008-12-01,,,,
2008-12-02,,,,
2008-12-03,,,,
2008-12-04,,,,
2008-12-05,,,,
2008-12-08,,,,
2008-12-09,,,,
2008-12-10,,,,
2008-12-11,,,,
2008-12-12,,,,
2008-12-15,,,,
2008-12-16,,,,
2008-12-17,,,,
2008-12-18,,,,
2008-12-19,,,,
2008-12-22,,,,
2008-12-23,,,,
2008-12-24,,,,
2008-12-25,,,,
2008-12-26,,,,
2008-12-29,,,,
2008-12-30,,,,
2008-12-31,,,,
2009-01-01,,,,
2009-01-02,,,,
2009-01-05,,,,
2009-01-06,,,,
2009-01-07,,,,
2009-01-08,,,,
2009-01-09,,,,
2009-01-12,,,,
2009-01-13,,,,
2009-01-14,,,,
2009-01-15,,,,
2009-01-16,,,,
2009-01-19,,,,
2009-01-20,,,,
2009-01-21,,,,
2009-01-22,,,,
2009-01-23,,,,
2009-01-26,,,,
2009-01-27,,,,
2009-01-28,,,,
2009-01-29,,,,
2009-01-30,,,,
2009-02-02,,,,
2009-02-03,,,,
2009-02-04,,,,
2009-02-05,,,,
2009-02-06,,,,
2009-02-09,,,,
2009-02-10,,,,
2009-02-11,,,,
2009-02-12,,,,
2009-02-13,,,,
2009-02-16,,,,
2009-02-17,,,,
2009-02-18,,,,
2009-02-19,,,,
2009-02-20,,,,
2009-02-23,,,,
2009-02-24,,,,
2009-02-25,,,,
2009-02-26,,,,
2009-02-27,,,,
2009-03-02,,,,
2009-03-03,,,,
2009-03-04,,,,
2009-03-05,,,,
2009-03-06,,,,
2009-03-09,,,,
2009-03-10,,,,
2009-03-11,,,,
2009-03-12,,,,
2009-03-13,,,,
2009-03-16,,,,
2009-03-17,,,,
2009-03-18,,,,
2009-03-19,,,,
2009-03-20,,,,
2009-03-23,,,,
2009-03-24,,,,
2009-03-25,,,,
2009-03-26,,,,
2009-03-27,,,,
2009-03-30,,,,
2009-03-31,,,,
2009-04-01,,,,
2009-04-02,,,,
2009-04-03,,,,
2009-04-06,,,,
2009-04-07,,,,
2009-04-08,,,,
2009-04-09,,,,
2009-04-10,,,,
2009-04-13,,,,
2009-04-14,,,,
2009-04-15,,,,
2009-04-16,,,,
2009-04-17,,,,
2009-04-20,,,,
2009-04-21,,,,
2009-04-22,,,,
2009-04-23,,,,
2009-04-24,,,,
2009-04-27,,,,
2009-04-28,,,,
2009-04-29,,,,
2009-04-30,,,,
2009-05-01,,,,
2009-05-04,,,,
2009-05-05,,,,
2009-05-06,,,,
2009-05-07,,,,
2009-05-08,,,,
2009-05-11,,,,
2009-05-12,,,,
2009-05-13,,,,
2009-05-14,,,,
2009-05-15,,,,
2009-05-18,,,,
2009-05-19,,,,
2009-05-20,,,,
2009-05-21,,,,
2009-05-22,,,,
2009-05-25,,,,
2009-05-26,,,,
2009-05-27,,,,
2009-05-28,,,,
2009-05-29,,,,
2009-06-01,,,,
2009-06-02,,,,
2009-06-03,,,,
2009-06-04,,,,
2009-06-05,,,,
2009-06-08,,,,
2009-06-09,,,,
2009-06-10,,,,
2009-06-11,,,,
2009-06-12,,,,
2009-06-15,,,,
2009-06-16,,,,
2009-06-17,,,,
2009-06-18,,,,
2009-06-19,,,,
2009-06-22,,,,
2009-06-23,,,,
2009-06-24,,,,
2009-06-25,,,,
2009-06-26,,,,
2009-06-29,,,,
2009-06-30,,,,
2009-07-01,,,,
2009-07-02,,,,
2009-07-03,,,,
2009-07-06,,,,
2009-07-07,,,,
2009-07-08,,,,
2009-07-09,,,,
2009-07-10,,,,
2009-07-13,,,,
2009-07-14,,,,
2009-07-15,,,,
2009-07-16,,,,
2009-07-17,,,,
2009-07-20,,,,
2009-07-21,,,,
2009-07-22,,,,
2009-07-23,,,,
2009-07-24,,,,
2009-07-27,,,,
2009-07-28,,,,
2009-07-29,,,,
2009-07-30,,,,
2009-07-31,,,,
2009-08-03,,,,
2009-08-04,,,,
2009-08-05,,,,
2009-08-06,,,,
2009-08-07,,,,
2009-08-10,,,,
2009-08-11,,,,
2009-08-12,,,,
2009-08-13,,,,
2009-08-14,,,,
2009-08-17,,,,
2009-08-18,,,,
2009-08-19,,,,
2009-08-20,,,,
2009-08-21,,,,
2009-08-24,,,,
2009-08-25,,,,
2009-08-26,,,,
2009-08-27,,,,
2009-08-28,,,,
2009-08-31,,,,
2009-09-01,,,,
2009-09-02,,,,
2009-09-03,,,,
2009-09-04,,,,
2009-09-07,,,,
2009-09-08,,,,
2009-09-09,,,,
2009-09-10,,,,
2009-09-11,,,,
2009-09-14,,,,
2009-09-15,,,,
2009-09-16,,,,
2009-09-17,,,,
2009-09-18,,,,
2009-09-21,,,,
2009-09-22,,,,
2009-09-23,,,,
2009-09-24,,,,
2009-09-25,,,,
2009-09-28,,,,
2009-09-29,,,,
2009-09-30,,,,
2009-10-01,,,,
2009-10-02,,,,
2009-10-05,,,,
2009-10-06,,,,
2009-10-07,,,,
2009-10-08,,,,
2009-10-09,,,,
2009-10-12,,,,
2009-10-13,,,,
2009-10-14,,,,
2009-10-15,,,,
2009-10-16,,,,
2009-10-19,,,,
2009-10-20,,,,
2009-10-21,,,,
2009-10-22,,,,
2009-10-23,,,,
2009-10-26,,,,
2009-10-27,,,,
2009-10-28,,,,
2009-10-29,,,,
2009-10-30,,,,
2009-11-02,,,,
2009-11-03,,,,
2009-11-04,,,,
2009-11-05,,,,
2009-11-06,,,,
2009-11-09,,,,
2009-11-10,,,,
2009-11-11,,,,
2009-11-12,,,,
2009-11-13,,,,
2009-11-16,,,,
2009-11-17,,,,
2009-11-18,,,,
2009-11-19,,,,
2009-11-20,,,,
2009-11-23,,,,
2009-11-24,,,,
2009-11-25,,,,
2009-11-26,,,,
2009-11-27,,,,
2009-11-30,,,,
2009-12-01,,,,
2009-12-02,,,,
2009-12-03,,,,
2009-12-04,,,,
2009-12-07,,,,
2009-12-08,,,,
2009-12-09,,,,
2009-12-10,,,,
2009-12-11,,,,
2009-12-14,,,,
2009-12-15,,,,
2009-12-16,,,,
2009-12-17,,,,
2009-12-18,,,,
2009-12-21,,,,
2009-12-22,,,,
2009-12-23,,,,
2009-12-24,,,,
2009-12-25,,,,
2009-12-28,,,,
2009-12-29,,,,
2009-12-30,,,,
2009-12-31,,,,
2010-01-01,,,,
2010-01-04,,,,
2010-01-05,,,,
2010-01-06,,,,
2010-01-07,,,,
2010-01-08,,,,
2010-01-11,,,,
2010-01-12,,,,
2010-01-13,,,,
2010-01-14,,,,
2010-01-15,,,,
2010-01-18,,,,
2010-01-19,,,,
2010-01-20,,,,
2010-01-21,,,,
2010-01-22,,,,
2010-01-25,,,,
2010-01-26,,,,
2010-01-27,,,,
2010-01-28,,,,
2010-01-29,,,,
2010-02-01,,,,
2010-02-02,,,,
2010-02-03,,,,
2010-02-04,,,,
2010-02-05,,,,
2010-02-08,,,,
2010-02-09,,,,
2010-02-10,,,,
2010-02-11,,,,
2010-02-12,,,,
2010-02-15,,,,
2010-02-16,,,,
2010-02-17,,,,
2010-02-18,,,,
2010-02-19,,,,
2010-02-22,,,,
2010-02-23,,,,
2010-02-24,,,,
2010-02-25,,,,
2010-02-26,,,,
2010-03-01,,,,
2010-03-02,,,,
2010-03-03,,,,
2010-03-04,,,,
2010-03-05,,,,
2010-03-08,,,,
2010-03-09,,,,
2010-03-10,,,,
2010-03-11,,,,
2010-03-12,,,,
2010-03-15,,,,
2010-03-16,,,,
2010-03-17,,,,
2010-03-18,,,,
2010-03-19,,,,
2010-03-22,,,,
2010-03-23,,,,
2010-03-24,,,,
2010-03-25,,,,
2010-03-26,,,,
2010-03-29,,,,
2010-03-30,,,,
2010-03-31,,,,
2010-04-01,,,,
2010-04-02,,,,
2010-04-05,,,,
2010-04-06,,,,
2010-04-07,,,,
2010-04-08,,,,
2010-04-09,,,,
2010-04-12,,,,
2010-04-13,,,,
2010-04-14,,,,
2010-04-15,,,,
2010-04-16,,,,
2010-04-19,,,,
2010-04-20,,,,
2010-04-21,,,,
2010-04-22,,,,
2010-04-23,,,,
2010-04-26,,,,
2010-04-27,,,,
2010-04-28,,,,
2010-04-29,,,,
2010-04-30,,,,
2010-05-03,,,,
2010-05-04,,,,
2010-05-05,,,,
2010-05-06,,,,
2010-05-07,,,,
2010-05-10,,,,
2010-05-11,,,,
2010-05-12,,,,
2010-05-13,,,,
2010-05-14,,,,
2010-05-17,,,,
2010-05-18,,,,
2010-05-19,,,,
2010-05-20,,,,
2010-05-21,,,,
2010-05-24,,,,
2010-05-25,,,,
2010-05-26,,,,
2010-05-27,,,,
2010-05-28,,,,
2010-05-31,,,,
2010-06-01,,,,
2010-06-02,,,,
2010-06-03,,,,
2010-06-04,,,,
2010-06-07,,,,
2010-06-08,,,,
2010-06-09,,,,
2010-06-10,,,,
2010-06-11,,,,
2010-06-14,,,,
2010-06-15,,,,
2010-06-16,,,,
2010-06-17,,,,
2010-06-18,,,,
2010-06-21,,,,
2010-06-22,,,,
2010-06-23,,,,
2010-06-24,,,,
2010-06-25,,,,
2010-06-28,,,,
2010-06-29,,,,
2010-06-30,,,,
2010-07-01,,,,
2010-07-02,,,,
2010-07-05,,,,
2010-07-06,,,,
2010-07-07,,,,
2010-07-08,,,,
2010-07-09,,,,
2010-07-12,,,,
2010-07-13,,,,
2010-07-14,,,,
2010-07-15,,,,
2010-07-16,,,,
2010-07-19,,,,
2010-07-20,,,,
2010-07-21,,,,
2010-07-22,,,,
2010-07-23,,,,
2010-07-26,,,,
2010-07-27,,,,
2010-07-28,,,,
2010-07-29,,,,
2010-07-30,,,,
2010-08-02,,,,
2010-08-03,,,,
2010-08-04,,,,
2010-08-05,,,,
2010-08-06,,,,
2010-08-09,,,,
2010-08-10,,,,
2010-08-11,,,,
2010-08-12,,,,
2010-08-13,,,,
2010-08-16,,,,
2010-08-17,,,,
2010-08-18,,,,
2010-08-19,,,,
2010-08-20,,,,
2010-08-23,,,,
2010-08-24,,,,
2010-08-25,,,,
2010-08-26,,,,
2010-08-27,,,,
2010-08-30,,,,
2010-08-31,,,,
2010-09-01,,,,
2010-09-02,,,,
2010-09-03,,,,
2010-09-06,,,,
2010-09-07,,,,
2010-09-08,,,,
2010-09-09,,,,
2010-09-10,,,,
2010-09-13,,,,
2010-09-14,,,,
2010-09-15,,,,
2010-09-16,,,,
2010-09-17,,,,
2010-09-20,,,,
2010-09-21,,,,
2010-09-22,,,,
2010-09-23,,,,
2010-09-24,,,,
2010-09-27,,,,
2010-09-28,,,,
2010-09-29,,,,
2010-09-30,,,,
2010-10-01,,,,
2010-10-04,,,,
2010-10-05,,,,
2010-10-06,,,,
2010-10-07,,,,
2010-10-08,,,,
2010-10-11,,,,
2010-10-12,,,,
2010-10-13,,,,
2010-10-14,,,,
2010-10-15,,,,
2010-10-18,,,,
2010-10-19,,,,
2010-10-20,,,,
2010-10-21,,,,
2010-10-22,,,,
2010-10-25,,,,
2010-10-26,,,,
2010-10-27,,,,
2010-10-28,,,,
2010-10-29,,,,
2010-11-01,,,,
2010-11-02,,,,
2010-11-03,,,,
2010-11-04,,,,
2010-11-05,,,,
2010-11-08,,,,
2010-11-09,,,,
2010-11-10,,,,
2010-11-11,,,,
2010-11-12,,,,
2010-11-15,,,,
2010-11-16,,,,
2010-11-17,,,,
2010-11-18,,,,
2010-11-19,,,,
2010-11-22,,,,
2010-11-23,,,,
2010-11-24,,,,
2010-11-25,,,,
2010-11-26,,,,
2010-11-29,,,,
2010-11-30,,,,
2010-12-01,,,,
2010-12-02,,,,
2010-12-03,,,,
2010-12-06,,,,
2010-12-07,,,,
2010-12-08,,,,
2010-12-09,,,,
2010-12-10,,,,
2010-12-13,,,,
2010-12-14,,,,
2010-12-15,,,,
2010-12-16,,,,
2010-12-17,,,,
2010-12-20,,,,
2010-12-21,,,,
2010-12-22,,,,
2010-12-23,,,,
2010-12-24,,,,
2010-12-27,,,,
2010-12-28,,,,
2010-12-29,,,,
2010-12-30,,,,
2010-12-31,,,,
2011-01-03,,,,
2011-01-04,,,,
2011-01-05,,,,
2011-01-06,,,,
2011-01-07,,,,
2011-01-10,,,,
2011-01-11,,,,
2011-01-12,,,,
2011-01-13,,,,
2011-01-14,,,,
2011-01-17,,,,
2011-01-18,,,,
2011-01-19,,,,
2011-01-20,,,,
2011-01-21,,,,
2011-01-24,,,,
2011-01-25,,,,
2011-01-26,,,,
2011-01-27,,,,
2011-01-28,,,,
2011-01-31,,,,
2011-02-01,,,,
2011-02-02,,,,
2011-02-03,,,,
2011-02-04,,,,
2011-02-07,,,,
2011-02-08,,,,
2011-02-09,,,,
2011-02-10,,,,
2011-02-11,,,,
2011-02-14,,,,
2011-02-15,,,,
2011-02-16,,,,
2011-02-17,,,,
2011-02-18,,,,
2011-02-21,,,,
2011-02-22,,,,
2011-02-23,,,,
2011-02-24,,,,
2011-02-25,,,,
2011-02-28,,,,
2011-03-01,,,,
2011-03-02,,,,
2011-03-03,,,,
2011-03-04,,,,
2011-03-07,,,,
2011-03-08,,,,
2011-03-09,,,,
2011-03-10,,,,
2011-03-11,,,,
2011-03-14,,,,
2011-03-15,,,,
2011-03-16,,,,
2011-03-17,,,,
2011-03-18,,,,
2011-03-21,,,,
2011-03-22,,,,
2011-03-23,,,,
2011-03-24,,,,
2011-03-25,,,,
2011-03-28,,,,
2011-03-29,,,,
2011-03-30,,,,
2011-03-31,,,,
2011-04-01,,,,
2011-04-04,,,,
2011-04-05,,,,
2011-04-06,,,,
2011-04-07,,,,
2011-04-08,,,,
2011-04-11,,,,
2011-04-12,,,,
2011-04-13,,,,
2011-04-14,,,,
2011-04-15,,,,
2011-04-18,,,,
2011-04-19,,,,
2011-04-20,,,,
2011-04-21,,,,
2011-04-22,,,,
2011-04-25,,,,
2011-04-26,,,,
2011-04-27,,,,
2011-04-28,,,,
2011-04-29,,,,
2011-05-02,,,,
2011-05-03,,,,
2011-05-04,,,,
2011-05-05,,,,
2011-05-06,,,,
2011-05-09,,,,
2011-05-10,,,,
2011-05-11,,,,
2011-05-12,,,,
2011-05-13,,,,
2011-05-16,,,,
2011-05-17,,,,
2011-05-18,,,,
2011-05-19,,,,
2011-05-20,,,,
2011-05-23,,,,
2011-05-24,,,,
2011-05-25,,,,
2011-05-26,,,,
2011-05-27,,,,
2011-05-30,,,,
2011-05-31,,,,
2011-06-01,,,,
2011-06-02,,,,
2011-06-03,,,,
2011-06-06,,,,
2011-06-07,,,,
2011-06-08,,,,
2011-06-09,,,,
2011-06-10,,,,
2011-06-13,,,,
2011-06-14,,,,
2011-06-15,,,,
2011-06-16,,,,
2011-06-17,,,,
2011-06-20,,,,
2011-06-21,,,,
2011-06-22,,,,
2011-06-23,,,,
2011-06-24,,,,
2011-06-27,,,,
2011-06-28,,,,
2011-06-29,,,,
2011-06-30,,,,
2011-07-01,,,,
2011-07-04,,,,
2011-07-05,,,,
2011-07-06,,,,
2011-07-07,,,,
2011-07-08,,,,
2011-07-11,,,,
2011-07-12,,,,
2011-07-13,,,,
2011-07-14,,,,
2011-07-15,,,,
2011-07-18,,,,
2011-07-19,,,,
2011-07-20,,,,
2011-07-21,,,,
2011-07-22,,,,
2011-07-25,,,,
2011-07-26,,,,
2011-07-27,,,,
2011-07-28,,,,
2011-07-29,,,,
2011-08-01,,,,
2011-08-02,,,,
2011-08-03,,,,
2011-08-04,,,,
2011-08-05,,,,
2011-08-08,,,,
2011-08-09,,,,
2011-08-10,,,,
2011-08-11,,,,
2011-08-12,,,,
2011-08-15,,,,
2011-08-16,,,,
2011-08-17,,,,
2011-08-18,,,,
2011-08-19,,,,
2011-08-22,,,,
2011-08-23,,,,
2011-08-24,,,,
2011-08-25,,,,
2011-08-26,,,,
2011-08-29,,,,
2011-08-30,,,,
2011-08-31,,,,
2011-09-01,,,,
2011-09-02,,,,
2011-09-05,,,,
2011-09-06,,,,
2011-09-07,,,,
2011-09-08,,,,
2011-09-09,132.25,92.0,,779.5
2011-09-12,135.75,91.313,,800.75
2011-09-13,132.25,92.375,,771.167
2011-09-14,129.75,93.0,,744.166
2011-09-15,125.75,94.0,,716.5
2011-09-16,126.5,94.001,,717.0
2011-09-19,128.125,93.625,,749.084
2011-09-20,134.5,93.625,,749.084
2011-09-21,141.75,93.625,,749.084
2011-09-22,145.5,93.625,,749.084
2011-09-23,142.5,93.625,,749.084
2011-09-26,137.125,93.625,,749.084
2011-09-27,136.75,93.625,,749.084
2011-09-28,142.0,88.188,,749.084
2011-09-29,139.75,88.188,,749.084
2011-09-30,145.25,87.938,,749.084
2011-10-03,151.5,86.25,,749.084
2011-10-04,149.5,86.25,,749.084
2011-10-05,145.5,87.5,,749.084
2011-10-06,139.75,88.438,,749.084
2011-10-07,139.75,88.5,,749.084
2011-10-10,139.75,88.5,,749.084
2011-10-11,136.0,89.719,,749.084
2011-10-12,131.0,91.313,172.542,743.834
2011-10-13,132.994,90.688,179.159,766.833
2011-10-14,130.5,90.688,173.25,741.0
2011-10-17,135.5,90.688,175.875,745.0
2011-10-18,133.0,90.875,179.5,752.5
2011-10-19,135.0,90.813,176.375,735.334
2011-10-20,134.25,90.875,183.916,759.375
2011-10-21,131.75,91.625,176.375,730.5
2011-10-24,126.584,92.906,173.625,710.292
2011-10-25,130.084,92.125,175.9,720.0
2011-10-26,126.334,92.625,174.683,719.583
2011-10-27,114.084,95.25,151.0,636.5
2011-10-28,114.25,95.5,151.0,624.834
2011-10-31,122.0,94.0,162.745,662.708
2011-11-01,127.25,92.188,181.5,736.9
2011-11-02,125.834,92.75,176.938,728.167
2011-11-03,120.908,93.997,167.5,689.5
2011-11-04,123.75,93.375,173.625,713.0
2011-11-07,123.626,93.188,175.938,728.0
2011-11-08,121.251,93.593,176.083,725.25
2011-11-09,130.125,91.156,181.75,751.0
2011-11-10,129.75,91.063,184.542,760.042
2011-11-11,129.75,91.063,173.0,719.5
2011-11-14,129.625,91.438,182.25,745.583
2011-11-15,132.501,91.188,189.271,772.167
2011-11-16,134.875,90.459,185.0,751.0
2011-11-17,136.626,89.969,189.0,761.667
2011-11-18,136.0,90.0,188.75,760.5
2011-11-21,140.75,89.063,198.0,792.333
2011-11-22,140.75,88.75,199.75,803.375
2011-11-23,146.125,87.781,208.5,839.25
2011-11-24,146.125,87.781,207.083,840.583
2011-11-25,147.5,87.532,208.375,845.0
2011-11-28,141.0,88.875,198.813,800.188
2011-11-29,140.167,89.094,196.25,792.125
2011-11-30,127.75,91.563,185.001,758.0
2011-12-01,126.5,91.531,183.583,758.125
2011-12-02,125.75,92.0,178.771,744.25
2011-12-05,123.126,92.251,169.001,716.417
2011-12-06,122.125,92.743,171.5,721.125
2011-12-07,119.875,93.284,166.188,714.201
2011-12-08,125.625,91.563,176.125,761.25
2011-12-09,122.25,92.375,176.001,751.0
2011-12-12,125.85,91.531,185.979,795.125
2011-12-13,127.375,91.125,185.0,791.0
2011-12-14,129.85,90.903,190.625,811.667
2011-12-15,129.625,90.688,186.021,790.583
2011-12-16,132.0,90.501,187.25,801.0
2011-12-19,132.375,90.221,186.5,802.5
2011-12-20,126.625,91.625,179.75,772.5
2011-12-21,124.375,91.625,178.5,775.0
2011-12-22,121.5,91.625,173.751,761.0
2011-12-23,121.75,91.626,171.75,754.0
2011-12-26,121.75,91.626,171.75,754.0
2011-12-27,120.5,92.844,171.75,754.0
2011-12-28,121.875,92.625,173.501,755.0
2011-12-29,120.0,92.938,175.001,760.0
2011-12-30,120.0,92.938,173.0,755.0
2012-01-02,120.0,92.938,173.0,755.0
2012-01-03,118.0,93.625,169.0,737.75
2012-01-04,118.75,94.005,172.542,746.417
2012-01-05,120.001,93.625,177.547,756.5
2012-01-06,120.0,93.625,177.375,751.25
2012-01-09,119.417,93.5,180.464,760.625
2012-01-10,116.25,94.0,173.951,729.517
2012-01-11,116.125,94.188,176.199,735.801
2012-01-12,114.5,94.313,171.0,715.5
2012-01-13,116.125,93.968,171.5,726.5
2012-01-16,116.125,93.968,167.563,711.417
2012-01-17,113.25,94.563,162.5,690.667
2012-01-18,109.75,95.505,162.104,685.125
2012-01-19,108.25,96.0,150.938,642.5
2012-01-20,106.25,96.125,154.0,648.0
2012-01-23,103.0,96.844,149.251,633.517
2012-01-24,103.375,96.813,149.802,635.917
2012-01-25,101.875,97.5,150.229,635.5
2012-01-26,101.375,97.531,142.75,602.25
2012-01-27,100.5,97.625,140.75,605.0
2012-01-30,102.501,97.188,147.625,636.125
2012-01-31,101.125,97.375,143.656,620.417
2012-02-01,100.25,97.688,136.771,586.031
2012-02-02,99.188,97.844,134.658,578.167
2012-02-03,94.375,98.75,127.125,548.5
2012-02-06,94.875,98.438,128.25,551.5
2012-02-07,95.0,98.344,128.626,554.292
2012-02-08,94.501,97.984,131.382,562.133
2012-02-09,97.0,97.31,129.688,567.0
2012-02-10,98.625,97.0,134.846,596.75
2012-02-13,96.625,97.463,134.625,588.854
2012-02-14,98.375,97.094,139.0,604.333
2012-02-15,101.083,96.25,145.656,633.417
2012-02-16,98.75,97.157,136.75,604.0
2012-02-17,98.625,97.188,137.0,599.0
2012-02-20,98.625,97.188,131.625,570.0
2012-02-21,97.563,97.188,130.979,570.417
2012-02-22,97.813,96.954,133.387,585.633
2012-02-23,96.375,98.188,132.135,582.0
2012-02-24,95.875,98.125,130.625,575.0
2012-02-27,95.375,98.188,132.406,581.125
2012-02-28,93.625,98.344,128.667,564.5
2012-02-29,94.125,97.982,128.626,567.6
2012-03-01,92.875,98.381,127.001,556.667
2012-03-02,94.0,97.938,131.376,574.0
2012-03-05,95.25,97.407,135.51,591.5
2012-03-06,97.75,96.5,142.359,618.45
2012-03-07,97.25,96.655,135.639,588.429
2012-03-08,95.75,97.188,132.333,572.5
2012-03-09,95.75,97.0,133.25,581.5
2012-03-12,95.25,97.094,134.792,586.667
2012-03-13,91.531,98.049,129.75,566.458
2012-03-14,90.641,97.938,126.656,555.125
2012-03-15,90.033,98.0,123.792,546.5
2012-03-16,88.625,98.407,118.563,528.0
2012-03-19,85.458,98.969,112.281,503.5
2012-03-20,87.751,98.969,114.0,556.0
2012-03-21,87.013,98.969,114.125,569.5
2012-03-22,90.56,98.969,117.625,599.5
2012-03-23,91.25,98.969,118.0,597.0
2012-03-26,88.75,98.969,117.25,591.0
2012-03-27,89.5,97.844,117.5,578.0
2012-03-28,90.75,97.157,121.0,592.0
2012-03-29,92.844,96.819,126.5,619.0
2012-03-30,91.29,96.875,124.625,612.5
2012-04-02,90.25,97.094,124.0,610.0
2012-04-03,90.5,96.844,124.125,609.0
2012-04-04,92.75,96.657,129.5,632.0
2012-04-05,96.876,96.094,132.5,636.5
2012-04-06,96.626,95.375,132.5,636.5
2012-04-09,101.75,95.313,132.5,636.5
2012-04-10,104.245,94.75,147.25,699.0
2012-04-11,102.0,94.865,142.26,675.625
2012-04-12,96.784,96.125,134.448,640.125
2012-04-13,101.626,94.938,144.375,682.0
2012-04-16,101.5,94.969,144.333,680.5
2012-04-17,98.5,95.407,137.344,656.333
2012-04-18,99.451,94.938,142.625,674.0
2012-04-19,100.0,94.813,145.469,684.5
2012-04-20,99.88,94.906,143.667,673.208
2012-04-23,100.875,94.813,149.469,691.542
2012-04-24,99.75,95.282,145.479,676.25
2012-04-25,97.625,95.719,141.375,661.625
2012-04-26,95.875,96.344,142.88,662.5
2012-04-27,94.25,96.813,137.75,643.5
2012-04-30,94.75,96.907,140.469,650.125
2012-05-01,93.875,96.782,136.292,628.917
2012-05-02,94.313,96.813,139.693,641.042
2012-05-03,96.376,96.376,141.875,646.5
2012-05-04,98.875,96.0,145.5,656.5
2012-05-07,100.249,95.844,145.5,656.5
2012-05-08,100.876,95.589,150.531,676.563
2012-05-09,103.0,94.875,156.531,692.375
2012-05-10,102.875,95.126,157.292,689.5
2012-05-11,108.501,94.813,157.875,685.0
2012-05-14,114.625,93.781,168.615,715.875
2012-05-15,117.167,93.157,173.817,733.25
2012-05-16,118.876,92.547,178.146,741.75
2012-05-17,123.25,91.875,181.667,753.0
2012-05-18,123.75,91.875,183.251,757.0
2012-05-21,117.875,93.125,180.5,744.083
2012-05-22,118.323,93.234,171.6,710.4
2012-05-23,118.251,93.219,180.969,742.5
2012-05-24,117.125,93.376,174.938,718.167
2012-05-25,117.626,93.219,172.833,714.0
2012-05-28,117.626,93.219,170.25,702.0
2012-05-29,116.689,93.219,170.333,697.875
2012-05-30,122.375,93.219,177.281,718.333
2012-05-31,123.563,92.625,179.396,717.417
2012-06-01,126.0,92.0,185.0,740.5
2012-06-04,127.501,92.0,185.0,740.5
2012-06-05,125.625,92.688,185.0,740.5
2012-06-06,121.875,93.0,175.938,710.458
2012-06-07,121.938,93.907,174.448,699.333
2012-06-08,121.125,94.407,176.573,696.0
2012-06-11,124.5,93.625,179.896,704.5
2012-06-12,123.5,93.969,183.417,716.167
2012-06-13,125.375,94.0,182.177,706.25
2012-06-14,120.626,94.407,180.628,702.208
2012-06-15,117.625,94.625,174.5,675.5
2012-06-18,119.411,94.5,179.042,687.5
2012-06-19,115.427,95.125,172.344,666.575
2012-06-20,113.906,95.407,168.365,660.458
2012-06-21,117.917,94.844,170.5,679.75
2012-06-22,115.375,95.5,170.251,681.5
2012-06-25,119.625,94.844,178.594,706.375
2012-06-26,119.0,94.907,179.542,715.417
2012-06-27,117.5,95.313,177.0,702.833
2012-06-28,118.125,95.188,177.75,700.083
2012-06-29,112.438,96.438,165.813,660.833
2012-07-02,109.125,96.375,161.958,647.417
2012-07-03,106.5,96.375,155.438,628.487
2012-07-04,106.5,96.375,158.876,644.5
2012-07-05,108.875,96.75,164.751,663.0
2012-07-06,112.625,96.375,171.625,681.0
2012-07-09,111.031,96.563,172.49,678.0
2012-07-10,111.375,96.375,168.281,662.833
2012-07-11,111.625,96.469,167.323,657.833
2012-07-12,113.25,96.092,168.833,669.25
2012-07-13,111.751,96.542,166.0,665.667
2012-07-16,112.75,96.188,169.667,672.667
2012-07-17,111.125,96.563,166.333,661.833
2012-07-18,108.125,96.893,162.145,648.875
2012-07-19,108.125,96.924,161.146,641.667
2012-07-20,111.75,96.386,169.0,662.542
2012-07-23,113.25,96.0,175.281,673.938
2012-07-24,117.251,95.365,179.938,690.75
2012-07-25,115.436,95.5,179.208,685.917
2012-07-26,111.25,96.25,170.25,664.25
2012-07-27,105.0,97.375,163.438,639.75
2012-07-30,106.25,97.313,157.906,625.625
2012-07-31,107.375,96.782,159.751,633.125
2012-08-01,105.5,97.188,154.876,619.5
2012-08-02,109.0,96.688,169.125,650.5
2012-08-03,103.75,97.688,150.0,592.0
2012-08-06,102.749,97.813,147.667,582.875
2012-08-07,103.25,97.751,147.813,578.083
2012-08-08,102.75,98.063,149.001,576.458
2012-08-09,103.0,97.938,148.208,583.5
2012-08-10,102.751,97.875,148.5,588.0
2012-08-13,102.75,97.813,149.125,592.375
2012-08-14,103.0,97.844,145.001,574.083
2012-08-15,103.152,97.672,146.5,582.875
2012-08-16,101.125,98.126,146.5,582.875
2012-08-17,99.75,98.375,146.5,582.875
2012-08-20,98.5,98.625,146.5,582.875
2012-08-21,98.625,98.5,146.5,582.875
2012-08-22,99.375,98.375,146.5,582.875
2012-08-23,101.625,97.938,146.5,582.875
2012-08-24,100.75,98.063,146.5,582.875
2012-08-27,100.25,98.25,146.5,582.875
2012-08-28,101.0,98.125,146.5,582.875
2012-08-29,100.876,98.203,146.5,582.875
2012-08-30,103.0,97.875,146.5,582.875
2012-08-31,101.813,98.282,146.5,582.875
2012-09-03,101.813,98.282,146.5,582.875
2012-09-04,101.0,98.375,146.5,582.875
2012-09-05,100.5,98.344,140.125,557.792
2012-09-06,95.191,99.5,131.667,534.333
2012-09-07,93.0,100.063,126.438,510.25
2012-09-10,95.438,99.876,129.875,510.167
2012-09-11,93.344,100.25,127.917,504.5
2012-09-12,90.906,100.657,124.542,489.833
2012-09-13,85.625,101.75,127.25,494.542
2012-09-14,83.0,102.219,118.729,462.5
2012-09-17,85.333,102.063,120.27,466.375
2012-09-18,85.376,102.063,123.113,473.475
2012-09-19,85.5,102.126,120.917,461.5
2012-09-20,96.125,101.813,128.083,529.0
2012-09-21,96.375,101.719,126.667,520.458
2012-09-24,98.5,101.18,130.594,532.75
2012-09-25,102.625,100.126,134.997,551.232
2012-09-26,102.188,99.969,140.646,580.5
2012-09-27,98.501,99.844,135.875,565.167
2012-09-28,99.0,99.844,136.625,569.5
2012-10-01,98.25,99.907,133.473,559.517
2012-10-02,98.25,99.907,132.465,558.787
2012-10-03,96.125,100.188,128.875,548.5
2012-10-04,95.063,100.594,129.626,548.017
2012-10-05,95.0,100.719,126.156,529.301
2012-10-08,95.0,100.719,129.751,544.0
2012-10-09,97.875,100.094,131.456,548.238
2012-10-10,99.0,99.626,133.188,555.75
2012-10-11,97.25,99.876,129.4,545.6
2012-10-12,97.0,99.969,128.1,542.733
2012-10-15,95.625,100.126,126.431,532.125
2012-10-16,92.5,101.063,121.675,506.667
2012-10-17,89.875,101.751,115.552,474.0
2012-10-18,90.938,101.376,118.453,482.5
2012-10-19,93.75,100.626,121.563,495.0
2012-10-22,94.0,100.344,122.938,497.667
2012-10-23,96.875,99.876,128.875,521.0
2012-10-24,98.552,99.303,127.984,525.5
2012-10-25,98.25,99.391,128.469,530.667
2012-10-26,98.068,99.337,129.552,537.167
2012-10-29,100.75,98.688,132.563,545.125
2012-10-30,100.75,98.688,128.126,521.75
2012-10-31,99.688,99.094,129.708,529.0
2012-11-01,96.25,99.844,127.409,514.013
2012-11-02,97.375,99.501,128.125,513.737
2012-11-05,96.86,99.51,129.563,518.6
2012-11-06,96.128,99.891,125.538,507.0
2012-11-07,100.219,98.912,129.573,525.917
2012-11-08,104.312,98.124,131.068,532.901
2012-11-09,106.727,97.838,131.688,534.0
2012-11-12,106.727,97.838,132.004,537.25
2012-11-13,106.875,97.816,130.844,536.875
2012-11-14,108.5,97.36,131.01,534.0
2012-11-15,111.156,97.0,137.0,564.125
2012-11-16,109.75,97.313,136.876,561.5
2012-11-19,103.0,98.555,131.875,537.438
2012-11-20,101.5,99.063,127.615,519.625
2012-11-21,100.5,99.188,125.49,509.292
2012-11-22,100.5,99.188,123.375,505.0
2012-11-23,99.125,99.56,121.375,496.5
2012-11-26,100.75,99.438,124.635,508.556
2012-11-27,102.25,99.313,122.757,499.375
2012-11-28,100.875,99.626,124.673,507.625
2012-11-29,99.25,99.946,123.218,498.833
2012-11-30,98.563,100.001,123.335,497.5
2012-12-03,99.875,99.751,119.303,484.083
2012-12-04,100.438,99.313,119.563,486.25
2012-12-05,97.813,100.188,118.0,479.375
2012-12-06,97.475,100.438,117.25,475.625
2012-12-07,96.875,100.564,118.126,477.5
2012-12-10,95.417,101.032,119.427,480.5
2012-12-11,93.583,101.376,114.958,463.458
2012-12-12,93.375,101.282,114.365,462.0
2012-12-13,94.438,100.964,114.75,462.725
2012-12-14,95.032,100.834,115.875,462.5
2012-12-17,91.875,101.501,114.219,460.5
2012-12-18,89.125,102.063,110.75,445.0
2012-12-19,89.813,101.813,109.875,444.0
2012-12-20,88.625,101.938,109.25,444.0
2012-12-21,92.625,101.156,113.375,465.0
2012-12-24,93.56,101.013,111.813,459.0
2012-12-25,93.56,101.013,111.813,459.0
2012-12-26,95.0,100.626,111.813,459.0
2012-12-27,94.75,100.511,114.438,468.5
2012-12-28,100.75,98.688,117.0,479.0
2012-12-31,94.125,100.656,117.001,479.0
2013-01-01,94.125,100.656,117.001,479.0
2013-01-02,85.0,102.563,107.313,438.375
2013-01-03,85.625,102.376,102.75,418.667
2013-01-04,85.625,102.438,104.188,429.938
2013-01-07,84.967,102.501,102.813,429.75
2013-01-08,85.625,102.375,102.407,427.417
2013-01-09,86.733,102.313,103.021,424.825
2013-01-10,86.125,102.699,102.958,423.792
2013-01-11,87.219,102.376,102.0,420.996
2013-01-14,89.563,102.063,103.813,425.304
2013-01-15,88.625,102.204,104.792,431.021
2013-01-16,88.75,102.251,104.0,428.438
2013-01-17,87.5,102.484,102.863,418.917
2013-01-18,87.193,102.579,103.719,423.042
2013-01-21,87.193,102.579,101.875,415.5
2013-01-22,86.25,102.688,104.218,422.833
2013-01-23,86.625,102.688,105.25,424.958
2013-01-24,86.469,102.657,105.718,422.867
2013-01-25,84.881,102.938,104.854,419.417
2013-01-28,85.796,102.813,106.259,423.042
2013-01-29,86.125,102.751,108.721,432.524
2013-01-30,90.375,102.063,111.217,438.875
2013-01-31,88.781,102.251,112.547,442.667
2013-02-01,86.125,102.751,110.938,431.375
2013-02-04,90.25,101.938,118.417,455.438
2013-02-05,88.5,102.313,115.547,451.25
2013-02-06,89.5,102.112,117.906,453.75
2013-02-07,89.885,102.115,118.458,456.917
2013-02-08,89.5,102.063,116.189,448.625
2013-02-11,89.563,102.264,116.35,455.396
2013-02-12,87.25,102.563,113.615,442.375
2013-02-13,86.0,102.751,111.5,434.325
2013-02-14,86.0,102.688,110.797,431.167
2013-02-15,86.41,102.594,112.927,438.708
2013-02-18,86.41,102.594,112.958,439.5
2013-02-19,85.313,102.906,110.917,436.0
2013-02-20,87.5,102.438,111.197,434.904
2013-02-21,88.415,102.177,114.551,447.388
2013-02-22,86.281,102.704,112.958,440.007
2013-02-25,90.25,102.001,113.51,442.938
2013-02-26,89.5,102.218,122.521,474.5
2013-02-27,87.313,102.563,116.884,449.479
2013-02-28,88.0,102.466,116.263,446.5
2013-03-01,86.313,102.797,118.063,453.625
2013-03-04,84.626,103.251,116.281,448.042
2013-03-05,83.25,103.438,112.406,436.146
2013-03-06,83.75,103.376,111.25,429.5
2013-03-07,82.625,103.626,107.102,414.813
2013-03-08,80.5,103.938,103.781,401.833
2013-03-11,79.25,104.219,104.21,402.732
2013-03-12,79.672,104.187,106.554,411.521
2013-03-13,79.0,104.376,106.188,408.958
2013-03-14,78.376,104.656,103.917,402.354
2013-03-15,78.715,104.469,104.5,401.667
2013-03-18,80.25,104.251,108.818,414.333
2013-03-19,81.755,104.064,114.646,428.188
2013-03-20,89.5,104.417,118.625,477.188
2013-03-21,91.375,103.938,118.344,475.052
2013-03-22,90.183,104.281,120.042,476.233
2013-03-25,91.0,104.126,122.844,485.0
2013-03-26,90.5,104.391,122.802,479.0
2013-03-27,92.375,102.95,129.438,494.646
2013-03-28,90.75,103.126,126.166,486.704
2013-03-29,90.75,103.126,126.166,486.704
2013-04-01,89.934,103.188,126.166,486.704
2013-04-02,87.5,103.376,120.658,469.007
2013-04-03,89.219,103.156,119.718,473.544
2013-04-04,87.875,103.251,120.251,479.208
2013-04-05,87.125,103.376,118.25,477.688
2013-04-08,85.438,103.781,115.765,474.698
2013-04-09,84.75,103.876,114.718,469.5
2013-04-10,82.0,104.251,109.958,448.458
2013-04-11,81.501,104.501,108.073,434.792
2013-04-12,82.0,104.513,111.0,443.25
2013-04-15,85.25,103.751,111.792,447.719
2013-04-16,81.751,104.531,110.854,444.375
2013-04-17,84.0,104.063,113.031,454.25
2013-04-18,85.25,103.938,114.465,461.063
2013-04-19,83.751,104.126,113.667,457.781
2013-04-22,82.094,104.438,110.479,447.542
2013-04-23,80.625,104.703,107.359,433.875
2013-04-24,80.0,104.876,106.219,430.75
2013-04-25,79.0,105.203,106.313,429.958
2013-04-26,78.188,105.266,105.406,428.063
2013-04-29,76.25,105.813,100.215,406.583
2013-04-30,75.0,106.218,98.275,396.083
2013-05-01,77.75,105.688,100.51,404.688
2013-05-02,74.188,106.376,94.9,383.432
2013-05-03,71.532,106.662,91.5,377.5
2013-05-06,70.643,107.189,91.5,377.5
2013-05-07,68.75,107.376,89.702,371.613
2013-05-08,69.0,107.376,91.396,373.675
2013-05-09,70.938,106.968,92.438,377.979
2013-05-10,72.0,106.751,92.876,382.5
2013-05-13,73.375,106.468,96.218,392.425
2013-05-14,72.75,106.626,96.388,388.5
2013-05-15,71.475,106.795,94.046,384.438
2013-05-16,71.5,106.751,93.854,389.229
2013-05-17,70.416,107.126,91.251,381.094
2013-05-20,71.0,107.001,89.908,379.25
2013-05-21,70.125,107.126,90.969,380.688
2013-05-22,71.563,106.626,86.589,365.813
2013-05-23,73.375,106.251,92.802,389.188
2013-05-24,75.813,105.688,98.313,400.802
2013-05-27,75.813,105.688,98.313,400.802
2013-05-28,75.75,105.641,95.137,388.275
2013-05-29,77.0,105.438,99.506,407.979
2013-05-30,76.344,105.626,100.219,410.25
2013-05-31,79.25,104.813,103.25,422.063
2013-06-03,78.771,104.751,107.625,439.396
2013-06-04,81.75,104.001,104.053,424.542
2013-06-05,86.001,103.063,107.953,444.833
2013-06-06,83.3,103.907,112.894,469.875
2013-06-07,81.001,104.188,104.141,435.0
2013-06-10,83.751,103.219,106.344,448.813
2013-06-11,85.5,102.875,111.448,464.698
2013-06-12,87.375,102.824,113.198,476.688
2013-06-13,81.958,104.023,112.865,470.184
2013-06-14,84.063,103.688,109.751,452.188
2013-06-17,82.001,104.188,107.609,440.563
2013-06-18,81.984,104.25,108.313,443.333
2013-06-19,87.937,102.578,107.48,443.479
2013-06-20,93.343,101.438,119.5,486.75
2013-06-21,94.001,101.563,124.406,501.5
2013-06-24,97.563,100.938,132.781,528.813
2013-06-25,92.063,101.99,127.604,511.344
2013-06-26,88.0,102.719,119.838,488.375
2013-06-27,86.001,103.313,117.264,472.229
2013-06-28,86.75,102.75,119.5,477.5
2013-07-01,84.5,103.5,114.438,457.729
2013-07-02,86.0,103.125,114.594,456.25
2013-07-03,85.125,103.063,117.245,466.521
2013-07-04,85.125,103.063,111.876,445.5
2013-07-05,86.5,102.875,114.0,455.25
2013-07-08,82.688,103.834,110.152,443.021
2013-07-09,81.625,104.157,106.542,431.854
2013-07-10,81.328,104.173,109.281,440.813
2013-07-11,78.25,105.063,105.792,426.719
2013-07-12,78.032,105.281,108.84,437.917
2013-07-15,77.001,105.563,105.417,424.313
2013-07-16,78.001,105.344,106.594,428.563
2013-07-17,76.188,105.932,105.188,417.271
2013-07-18,74.501,106.076,101.769,403.125
2013-07-19,72.593,106.438,100.688,399.188
2013-07-22,72.782,106.359,97.604,392.313
2013-07-23,75.001,105.751,99.593,399.069
2013-07-24,76.282,105.313,100.115,404.938
2013-07-25,76.375,105.438,103.229,415.25
2013-07-26,74.438,105.844,101.786,410.521
2013-07-29,75.906,105.438,103.385,414.688
2013-07-30,75.531,105.438,99.344,401.25
2013-07-31,74.938,105.532,99.76,403.854
2013-08-01,74.375,105.411,96.5,397.667
2013-08-02,72.75,105.875,95.917,396.688
2013-08-05,72.838,105.82,94.5,392.313
2013-08-06,74.5,105.453,95.782,396.333
2013-08-07,76.251,104.938,96.813,401.5
2013-08-08,75.188,105.188,95.438,398.313
2013-08-09,75.376,105.094,96.042,400.917
2013-08-12,75.688,105.032,95.656,398.021
2013-08-13,75.25,105.032,94.931,395.438
2013-08-14,75.5,105.063,94.566,394.719
2013-08-15,79.625,104.25,99.115,411.0
2013-08-16,81.594,103.938,98.876,409.5
2013-08-19,84.25,103.313,103.125,425.0
2013-08-20,82.25,103.94,102.251,421.625
2013-08-21,84.375,103.565,106.255,433.563
2013-08-22,80.75,104.251,102.75,420.0
2013-08-23,78.875,104.688,100.578,412.25
2013-08-26,79.626,104.563,100.578,412.25
2013-08-27,84.0,103.751,107.604,437.833
2013-08-28,83.438,103.907,106.421,433.969
2013-08-29,82.563,104.063,104.843,423.375
2013-08-30,84.001,103.875,107.266,433.813
2013-09-02,84.001,103.875,103.626,418.479
2013-09-03,83.563,104.063,105.156,420.063
2013-09-04,82.75,104.188,104.318,416.25
2013-09-05,83.625,103.938,105.403,414.058
2013-09-06,82.0,104.173,104.126,412.0
2013-09-09,78.875,104.891,100.453,400.438
2013-09-10,78.0,105.157,99.083,394.125
2013-09-11,76.126,105.532,96.76,386.0
2013-09-12,77.688,105.173,97.385,389.977
2013-09-13,77.125,105.282,98.13,391.5
2013-09-16,74.376,105.766,94.0,377.0
2013-09-17,72.938,106.093,94.198,377.146
2013-09-18,69.76,106.688,93.468,375.708
2013-09-19,69.875,106.468,89.328,364.75
2013-09-20,79.938,106.251,99.5,394.75
2013-09-23,80.188,106.156,100.042,399.625
2013-09-24,78.875,106.234,97.481,388.069
2013-09-25,79.751,106.031,97.875,387.3
2013-09-26,79.751,106.126,99.5,394.563
2013-09-27,80.915,104.572,102.343,400.104
2013-09-30,82.001,104.501,103.927,407.229
2013-10-01,79.749,104.904,98.75,396.979
2013-10-02,79.604,104.99,98.706,397.938
2013-10-03,81.0,104.813,100.532,403.25
2013-10-04,79.438,105.188,97.0,386.25
2013-10-07,82.5,104.563,98.001,390.951
2013-10-08,84.5,104.188,100.609,397.292
2013-10-09,83.376,104.453,101.482,400.354
2013-10-10,78.688,105.313,95.75,383.25
2013-10-11,76.875,105.844,92.292,370.094
2013-10-14,76.875,105.844,91.593,367.875
2013-10-15,76.813,105.859,88.707,356.701
2013-10-16,73.75,106.531,87.188,353.75
2013-10-17,71.501,106.968,87.626,352.813
2013-10-18,71.375,107.0,84.813,342.5
2013-10-21,72.266,106.813,86.218,346.167
2013-10-22,69.923,107.218,84.001,337.896
2013-10-23,72.001,106.875,86.079,344.37
2013-10-24,72.25,106.813,86.125,346.875
2013-10-25,71.625,106.936,86.657,349.346
2013-10-28,71.609,106.843,85.25,345.938
2013-10-29,71.125,106.954,83.501,341.063
2013-10-30,73.125,106.532,84.721,344.854
2013-10-31,72.843,106.531,83.255,341.0
2013-11-01,73.438,106.399,84.354,345.688
2013-11-04,73.126,106.531,83.083,342.146
2013-11-05,74.558,106.188,85.125,350.0
2013-11-06,72.563,106.583,84.458,346.25
2013-11-07,74.063,106.244,81.948,340.188
2013-11-08,71.625,106.688,82.375,345.0
2013-11-11,71.625,106.688,81.5,341.0
2013-11-12,73.281,106.359,84.411,350.125
2013-11-13,72.333,106.75,84.37,351.0
2013-11-14,71.671,106.641,82.447,343.438
2013-11-15,70.25,106.877,80.751,336.508
2013-11-18,71.501,106.657,79.979,332.917
2013-11-19,72.625,106.501,82.792,337.25
2013-11-20,72.5,106.438,81.501,330.938
2013-11-21,70.697,106.813,82.935,336.25
2013-11-22,68.563,107.093,79.775,329.0
2013-11-25,67.875,107.266,78.042,321.988
2013-11-26,68.563,107.251,77.75,321.833
2013-11-27,68.969,107.282,76.963,314.667
2013-11-28,68.969,107.282,77.476,311.063
2013-11-29,69.625,107.094,79.5,320.0
2013-12-02,69.63,107.094,77.927,314.333
2013-12-03,70.557,106.876,81.083,324.75
2013-12-04,70.75,106.751,81.912,328.838
2013-12-05,72.501,106.514,83.0,330.75
2013-12-06,69.25,107.045,80.375,324.0
2013-12-09,67.24,107.376,77.875,316.5
2013-12-10,67.875,107.328,78.032,319.75
2013-12-11,70.25,106.907,78.177,318.104
2013-12-12,70.25,106.802,80.266,322.821
2013-12-13,70.004,106.938,79.0,318.5
2013-12-16,69.313,107.2,78.458,313.5
2013-12-17,70.0,107.032,77.927,314.0
2013-12-18,67.5,107.563,76.628,306.333
2013-12-19,66.089,107.688,72.976,294.708
2013-12-20,64.75,108.001,71.438,289.875
2013-12-23,62.875,108.407,69.208,283.75
2013-12-24,62.313,108.516,69.656,284.417
2013-12-25,62.313,108.516,69.656,284.417
2013-12-26,61.938,108.626,69.656,284.417
2013-12-27,63.25,108.31,70.229,284.125
2013-12-30,63.75,108.251,70.313,287.188
2013-12-31,62.25,108.501,70.126,286.156
2014-01-01,62.25,108.501,70.126,286.156
2014-01-02,63.344,108.203,70.714,286.583
2014-01-03,62.852,108.255,69.59,283.738
2014-01-06,63.0,108.343,69.078,278.875
2014-01-07,64.25,108.156,68.625,275.0
2014-01-08,65.01,108.063,70.113,281.896
2014-01-09,65.0,108.063,71.177,284.563
2014-01-10,63.813,108.284,70.751,284.013
2014-01-13,66.125,107.876,71.456,283.875
2014-01-14,64.75,107.938,72.005,286.263
2014-01-15,63.438,108.251,69.5,276.5
2014-01-16,65.0,108.0,70.438,279.5
2014-01-17,65.297,107.943,71.016,278.75
2014-01-20,65.297,107.943,71.5,280.0
2014-01-21,65.626,107.844,71.792,280.0
2014-01-22,65.625,107.813,72.529,281.0
2014-01-23,67.75,107.37,75.75,289.833
2014-01-24,72.75,106.311,84.063,315.438
2014-01-27,72.75,106.453,85.229,319.375
2014-01-28,69.907,107.001,80.708,304.75
2014-01-29,72.519,106.281,82.036,309.146
2014-01-30,71.611,106.46,80.625,306.417
2014-01-31,71.557,106.435,81.906,316.125
2014-02-03,74.563,105.781,84.417,324.0
2014-02-04,73.033,106.188,81.938,318.0
2014-02-05,72.962,106.189,81.875,316.325
2014-02-06,69.8,106.837,78.626,301.5
2014-02-07,67.551,107.26,76.25,292.25
2014-02-10,67.75,107.251,76.797,289.146
2014-02-11,65.5,107.563,74.033,279.7
2014-02-12,65.141,107.58,74.683,280.604
2014-02-13,64.75,107.657,74.949,282.25
2014-02-14,63.907,107.891,73.594,276.938
2014-02-17,63.907,107.891,73.001,276.5
2014-02-18,64.0,107.828,72.266,274.042
2014-02-19,66.0,107.396,72.54,273.993
2014-02-20,64.75,107.672,73.844,278.688
2014-02-21,65.125,107.579,72.479,274.243
2014-02-24,63.937,107.813,71.1,267.188
2014-02-25,64.35,107.771,71.688,264.917
2014-02-26,64.688,107.783,72.813,269.375
2014-02-27,63.777,108.078,72.75,266.125
2014-02-28,63.5,108.061,70.406,256.375
2014-03-03,65.313,107.563,75.013,274.0
2014-03-04,62.375,108.063,71.656,260.813
2014-03-05,62.442,108.138,71.875,257.375
2014-03-06,62.75,108.039,71.075,257.25
2014-03-07,63.4,107.891,71.525,258.438
2014-03-10,63.251,107.844,72.82,260.458
2014-03-11,64.001,107.75,72.775,258.75
2014-03-12,65.156,107.558,74.25,265.74
2014-03-13,67.681,107.063,77.919,280.208
2014-03-14,67.469,106.953,76.775,277.75
2014-03-17,65.0,107.438,73.792,266.938
2014-03-18,63.13,107.741,71.75,258.45
2014-03-19,64.673,107.477,70.475,252.188
2014-03-20,71.375,107.843,80.831,308.75
2014-03-21,70.751,107.813,78.675,304.0
2014-03-24,71.817,107.708,79.755,310.0
2014-03-25,71.313,107.785,79.9,305.125
2014-03-26,72.0,107.674,78.663,299.0
2014-03-27,71.135,107.07,79.2,298.604
2014-03-28,70.4,107.227,77.251,289.875
2014-03-31,69.094,107.465,75.925,285.375
2014-04-01,67.501,107.7,73.1,278.5
2014-04-02,67.406,107.77,72.5,279.625
2014-04-03,66.942,107.718,71.646,278.333
2014-04-04,67.189,107.498,69.625,272.5
2014-04-07,67.969,107.19,70.817,280.792
2014-04-08,67.643,107.187,71.323,282.438
2014-04-09,65.125,107.593,70.708,277.833
2014-04-10,67.725,107.01,71.25,277.0
2014-04-11,69.5,106.587,73.5,285.5
2014-04-14,68.315,106.79,72.172,283.0
2014-04-15,68.875,106.773,74.555,296.016
2014-04-16,68.25,106.99,71.65,285.0
2014-04-17,67.688,107.085,71.875,286.25
2014-04-18,67.688,107.085,71.875,286.25
2014-04-21,66.85,107.13,71.875,286.25
2014-04-22,65.438,107.273,69.75,277.708
2014-04-23,65.5,107.17,70.863,281.25
2014-04-24,66.073,107.087,71.117,279.0
2014-04-25,67.2,106.811,73.292,287.938
2014-04-28,65.75,106.973,71.988,283.5
2014-04-29,65.688,106.9,71.25,278.5
2014-04-30,64.29,107.019,70.125,272.625
2014-05-01,64.049,106.93,69.343,269.25
2014-05-02,64.28,106.89,69.025,271.375
2014-05-05,64.626,106.798,69.025,271.375
2014-05-06,65.7,106.749,69.75,276.688
2014-05-07,64.68,107.005,68.388,270.604
2014-05-08,64.142,106.968,66.001,260.438
2014-05-09,63.768,107.063,66.838,263.458
2014-05-12,62.529,107.2,66.203,258.0
2014-05-13,62.291,107.277,66.231,256.144
2014-05-14,63.284,107.193,66.292,257.75
2014-05-15,65.245,106.792,70.875,275.125
2014-05-16,64.75,106.841,69.25,271.0
2014-05-19,64.995,106.82,69.458,273.625
2014-05-20,66.175,106.593,71.463,282.125
2014-05-21,65.25,106.747,70.563,275.5
2014-05-22,63.751,107.835,70.256,272.208
2014-05-23,63.25,107.95,69.015,269.0
2014-05-26,63.25,107.95,69.015,269.0
2014-05-27,62.347,108.11,66.834,259.5
2014-05-28,62.725,108.104,65.935,256.625
2014-05-29,62.325,108.183,66.303,256.5
2014-05-30,62.25,108.368,65.853,253.719
2014-06-02,62.5,108.425,65.162,253.208
2014-06-03,62.103,108.435,65.042,254.344
2014-06-04,61.95,108.36,64.626,251.75
2014-06-05,60.02,108.688,60.726,237.0
2014-06-06,57.063,109.038,57.803,223.501
2014-06-09,57.186,109.035,56.513,218.906
2014-06-10,57.283,109.0,57.752,224.75
2014-06-11,58.477,108.753,59.468,231.031
2014-06-12,60.25,108.575,60.035,232.271
2014-06-13,59.813,108.535,59.594,233.5
2014-06-16,60.359,108.423,61.069,238.679
2014-06-17,59.92,108.415,59.99,235.917
2014-06-18,56.75,108.9,59.775,233.875
2014-06-19,56.25,109.105,56.899,222.5
2014-06-20,56.813,109.088,58.088,224.0
2014-06-23,55.881,109.125,58.25,227.751
2014-06-24,56.25,108.991,58.05,228.5
2014-06-25,56.225,108.954,59.0,233.167
2014-06-26,56.785,108.854,59.862,236.917
2014-06-27,57.35,108.89,60.625,237.5
2014-06-30,58.735,108.672,62.25,241.75
2014-07-01,56.576,108.937,59.75,234.5
2014-07-02,56.931,108.908,58.6,232.0
2014-07-03,54.968,109.215,55.96,224.387
2014-07-04,54.968,109.215,56.375,224.625
2014-07-07,55.98,108.95,58.525,232.501
2014-07-08,57.708,108.671,60.76,241.875
2014-07-09,57.155,108.78,61.433,245.251
2014-07-10,57.783,108.597,61.9,249.094
2014-07-11,58.35,108.51,61.5,246.0
2014-07-14,57.156,108.785,59.875,239.626
2014-07-15,57.5,108.6,61.813,249.875
2014-07-16,57.014,108.59,60.031,244.333
2014-07-17,60.519,107.85,61.581,251.729
2014-07-18,58.545,108.161,60.891,249.688
2014-07-21,59.498,107.84,62.742,255.719
2014-07-22,58.65,108.081,61.0,247.25
2014-07-23,58.549,108.085,60.492,246.25
2014-07-24,58.97,107.921,60.018,243.104
2014-07-25,59.437,107.713,61.188,249.001
2014-07-28,59.559,107.65,61.335,248.0
2014-07-29,60.325,107.539,61.455,248.376
2014-07-30,60.375,107.48,61.792,246.751
2014-07-31,64.0,106.685,65.319,263.406
2014-08-01,66.757,106.19,67.302,275.625
2014-08-04,63.759,106.98,67.1,273.875
2014-08-05,65.75,106.56,65.825,269.5
2014-08-06,65.853,106.46,66.55,279.0
2014-08-07,67.65,106.18,71.113,297.65
2014-08-08,64.65,106.825,70.5,300.25
2014-08-11,63.194,107.13,66.75,280.875
2014-08-12,63.05,107.21,67.422,283.25
2014-08-13,60.65,107.6,64.819,268.385
2014-08-14,59.213,107.8,63.201,260.75
2014-08-15,59.625,107.594,65.75,273.0
2014-08-18,56.951,107.973,61.005,253.5
2014-08-19,57.4,107.99,60.063,248.563
2014-08-20,57.675,107.971,60.0,249.25
2014-08-21,56.0,108.256,58.984,245.678
2014-08-22,57.799,107.99,59.7,246.146
2014-08-25,55.85,108.21,59.7,246.146
2014-08-26,55.892,108.218,56.757,230.0
2014-08-27,56.1,108.2,57.5,233.5
2014-08-28,56.4,108.14,59.192,239.751
2014-08-29,56.55,108.04,59.75,241.75
2014-09-01,56.55,108.04,59.75,241.0
2014-09-02,56.75,108.08,59.0,239.813
2014-09-03,56.842,107.96,57.782,233.625
2014-09-04,56.85,107.78,55.793,227.073
2014-09-05,56.064,107.83,55.25,226.5
2014-09-08,56.738,107.651,55.958,230.667
2014-09-09,59.5,107.06,58.108,240.938
2014-09-10,58.4,107.23,58.693,243.813
2014-09-11,59.151,107.114,59.157,241.626
2014-09-12,59.894,106.875,58.8,242.0
2014-09-15,61.353,106.514,61.101,250.698
2014-09-16,60.204,106.641,60.573,251.75
2014-09-17,58.75,106.99,58.546,241.458
2014-09-18,57.2,107.265,57.01,233.281
2014-09-19,56.312,107.402,56.188,226.25
2014-09-22,58.701,106.975,57.7,234.376
2014-09-23,60.608,106.475,59.431,242.938
2014-09-24,59.444,106.59,58.625,244.0
2014-09-25,61.65,106.07,61.438,257.479
2014-09-26,64.075,105.965,63.457,262.0
2014-09-29,66.829,105.393,66.628,271.521
2014-09-30,64.389,106.014,62.575,257.188
2014-10-01,65.0,105.984,62.924,257.688
2014-10-02,62.675,106.342,64.845,263.229
2014-10-03,58.55,107.132,59.625,244.313
2014-10-06,67.852,106.851,65.546,335.063
2014-10-07,69.778,106.389,67.488,347.771
2014-10-08,66.95,106.88,67.626,350.063
2014-10-09,70.155,105.766,67.501,354.0
2014-10-10,71.75,105.094,69.375,365.0
2014-10-13,71.75,105.094,70.126,371.188
2014-10-14,72.75,104.53,69.9,370.25
2014-10-15,74.0,104.48,75.625,399.542
2014-10-16,73.65,104.977,77.296,404.125
2014-10-17,70.4,105.625,70.906,373.0
2014-10-20,69.251,106.14,73.887,384.313
2014-10-21,66.025,106.68,68.579,361.007
2014-10-22,68.05,106.17,67.938,354.625
2014-10-23,66.034,106.686,67.088,353.875
2014-10-24,64.9,106.921,66.869,350.5
2014-10-27,65.0,106.83,67.3,354.75
2014-10-28,64.45,107.015,66.8,354.5
2014-10-29,65.75,106.564,67.21,360.5
2014-10-30,65.8,106.56,67.751,363.75
2014-10-31,63.95,106.94,64.896,354.625
2014-11-03,64.201,106.99,65.75,359.0
2014-11-04,65.262,106.799,66.75,364.75
2014-11-05,64.75,106.98,65.725,355.375
2014-11-06,64.6,107.07,63.781,349.281
2014-11-07,65.35,107.02,64.875,353.0
2014-11-10,64.283,107.24,62.867,342.625
2014-11-11,64.283,107.24,62.703,340.0
2014-11-12,64.45,107.1,63.25,348.063
2014-11-13,65.025,106.94,63.368,350.6
2014-11-14,65.35,106.91,63.25,357.0
2014-11-17,66.479,106.665,63.383,354.788
2014-11-18,67.105,106.497,64.653,357.481
2014-11-19,66.625,106.43,64.631,359.033
2014-11-20,65.85,106.485,64.167,363.906
2014-11-21,63.75,106.951,61.082,347.063
2014-11-24,61.185,107.398,59.306,337.938
2014-11-25,60.675,107.47,59.25,334.688
2014-11-26,60.45,107.531,59.5,327.875
2014-11-27,60.45,107.531,57.75,319.0
2014-11-28,60.451,107.531,57.657,318.938
2014-12-01,62.75,107.04,58.431,329.573
2014-12-02,62.1,107.15,56.975,325.25
2014-12-03,61.55,107.38,56.55,317.625
2014-12-04,61.8,107.09,57.4,317.5
2014-12-05,62.501,106.83,55.367,309.75
2014-12-08,64.537,106.245,56.75,319.875
2014-12-09,64.831,106.285,59.069,333.426
2014-12-10,68.1,105.59,60.299,339.75
2014-12-11,69.15,105.05,60.113,336.938
2014-12-12,72.555,104.491,65.938,362.5
2014-12-15,74.408,104.14,69.578,380.896
2014-12-16,76.258,103.971,68.162,371.667
2014-12-17,69.673,105.725,64.208,353.25
2014-12-18,65.094,105.255,62.25,342.5
2014-12-19,64.51,106.585,61.875,341.0
2014-12-22,64.9,106.41,60.375,332.5
2014-12-23,64.4,106.572,58.5,323.0
2014-12-24,64.501,106.55,58.5,323.5
2014-12-25,64.501,106.55,58.5,323.5
2014-12-26,64.501,106.55,58.5,323.5
2014-12-29,65.475,106.453,60.25,332.0
2014-12-30,66.35,106.126,63.0,344.5
2014-12-31,66.326,106.141,62.75,345.0
2015-01-01,66.326,106.141,62.75,345.0
2015-01-02,66.35,106.141,60.25,331.0
2015-01-05,69.175,105.39,64.178,352.325
2015-01-06,71.75,104.9,66.63,365.875
2015-01-07,70.036,105.214,64.638,352.875
2015-01-08,68.46,105.76,61.535,337.0
2015-01-09,69.78,105.568,63.175,346.125
2015-01-12,71.019,105.531,62.044,340.104
2015-01-13,71.505,105.284,61.25,339.5
2015-01-14,71.23,105.299,62.256,344.625
2015-01-15,73.26,104.74,60.104,334.75
2015-01-16,71.951,105.219,59.462,324.5
2015-01-19,71.951,105.219,58.5,321.913
2015-01-20,72.25,105.09,58.3,322.792
2015-01-21,69.85,105.56,56.435,313.0
2015-01-22,68.15,106.01,54.975,303.5
2015-01-23,68.05,106.02,53.888,298.208
2015-01-26,65.525,106.335,52.042,290.896
2015-01-27,66.904,105.987,53.875,299.0
2015-01-28,69.1,105.555,55.681,306.463
2015-01-29,68.1,105.79,57.404,313.25
2015-01-30,70.58,105.49,59.95,325.458
2015-02-02,68.728,105.796,58.35,316.263
2015-02-03,65.25,106.36,55.933,302.888
2015-02-04,68.25,105.945,56.125,304.563
2015-02-05,66.05,106.396,55.365,302.188
2015-02-06,65.9,106.41,55.818,304.0
2015-02-09,66.65,106.28,59.125,314.625
2015-02-10,66.005,106.451,58.375,313.875
2015-02-11,66.35,106.5,59.438,314.715
2015-02-12,65.426,106.609,58.112,304.263
2015-02-13,64.85,106.62,56.45,298.0
2015-02-16,64.85,106.62,58.112,307.0
2015-02-17,65.075,106.525,57.785,306.885
2015-02-18,64.013,106.548,54.669,292.706
2015-02-19,64.234,106.326,54.0,289.625
2015-02-20,63.35,107.336,53.875,286.0
2015-02-23,63.52,107.15,52.169,278.133
2015-02-24,62.001,107.35,50.638,271.151
2015-02-25,61.7,107.411,50.635,268.954
2015-02-26,61.517,107.49,48.85,259.102
2015-02-27,61.227,107.606,49.645,261.507
2015-03-02,60.801,107.7,50.5,265.375
2015-03-03,61.729,107.531,51.092,267.344
2015-03-04,61.593,107.5,50.035,261.677
2015-03-05,60.103,108.55,47.669,248.719
2015-03-06,62.031,108.08,48.913,252.75
2015-03-09,63.649,107.667,49.5,256.875
2015-03-10,65.075,107.34,50.313,260.82
2015-03-11,65.33,107.313,49.381,253.75
2015-03-12,64.125,107.611,49.5,251.0
2015-03-13,65.95,107.23,49.5,251.0
2015-03-16,65.314,107.3,50.0,253.0
2015-03-17,64.99,107.303,50.468,256.26
2015-03-18,62.1,107.92,51.859,264.284
2015-03-19,63.609,107.59,52.356,265.563
2015-03-20,63.0,107.95,54.75,258.225
2015-03-23,62.7,107.95,56.66,265.667
2015-03-24,62.812,107.9,56.136,263.094
2015-03-25,64.75,107.64,56.688,268.896
2015-03-26,64.171,107.811,55.375,262.0
2015-03-27,64.7,106.75,55.875,261.5
2015-03-30,64.026,107.09,56.25,263.0
2015-03-31,63.65,107.14,55.957,261.948
2015-04-01,63.25,107.239,56.656,259.75
2015-04-02,62.731,107.22,57.125,260.5
2015-04-03,63.163,107.201,57.125,260.5
2015-04-06,61.1,107.55,57.125,260.5
2015-04-07,60.201,107.695,55.692,254.5
2015-04-08,60.476,107.7,55.825,252.688
2015-04-09,60.557,107.771,54.803,250.005
2015-04-10,60.744,107.7,52.963,242.501
2015-04-13,61.994,107.513,53.289,244.404
2015-04-14,61.689,107.518,55.112,253.876
2015-04-15,60.625,107.66,54.395,252.378
2015-04-16,61.3,107.45,58.011,266.407
2015-04-17,63.375,107.171,61.875,278.958
2015-04-20,62.475,107.41,62.45,279.438
2015-04-21,61.987,107.473,61.601,273.625
2015-04-22,61.429,107.497,59.968,266.083
2015-04-23,61.2,107.451,60.583,267.5
2015-04-24,61.0,107.51,61.75,271.875
2015-04-27,61.037,107.506,58.775,259.0
2015-04-28,61.141,107.485,59.75,265.0
2015-04-29,62.674,107.31,61.255,274.375
2015-04-30,63.458,107.151,60.549,272.5
2015-05-01,62.775,107.26,60.122,269.958
2015-05-04,62.738,107.29,60.122,269.958
2015-05-05,63.975,106.975,62.5,282.375
2015-05-06,65.525,106.67,63.082,285.5
2015-05-07,65.875,106.624,62.225,283.0
2015-05-08,63.006,107.277,59.375,271.75
2015-05-11,64.918,106.8,60.25,277.25
2015-05-12,65.059,106.766,61.224,285.471
2015-05-13,65.554,106.634,61.628,286.667
2015-05-14,63.675,107.04,60.5,280.344
2015-05-15,62.591,107.235,60.112,275.5
2015-05-18,63.258,107.007,60.75,280.375
2015-05-19,63.975,107.01,59.813,274.75
2015-05-20,64.225,106.93,60.0,275.5
2015-05-21,63.427,107.149,59.0,270.254
2015-05-22,63.85,107.05,61.299,278.558
2015-05-25,63.85,107.05,61.299,278.558
2015-05-26,63.907,107.027,63.299,285.625
2015-05-27,62.885,107.197,61.75,275.498
2015-05-28,63.846,107.085,63.688,281.063
2015-05-29,63.925,107.1,65.738,287.275
2015-06-01,63.75,107.175,67.142,296.222
2015-06-02,63.99,107.113,65.65,290.021
2015-06-03,65.187,106.88,64.806,289.375
2015-06-04,65.96,106.725,65.3,299.188
2015-06-05,66.893,106.47,67.501,305.443
2015-06-08,68.298,106.355,69.35,313.813
2015-06-09,67.768,106.281,69.5,313.75
2015-06-10,66.3,106.49,66.221,297.958
2015-06-11,65.75,106.59,67.15,299.875
2015-06-12,67.4,106.15,68.63,307.438
2015-06-15,70.053,105.68,72.25,322.0
2015-06-16,68.808,106.023,73.783,328.646
2015-06-17,70.066,105.653,76.102,336.125
2015-06-18,68.238,105.98,76.521,335.0
2015-06-19,68.187,105.979,74.501,318.88
2015-06-22,65.25,106.53,66.75,288.875
2015-06-23,65.0,107.4,66.439,290.0
2015-06-24,67.25,107.02,68.35,296.125
2015-06-25,67.28,106.95,67.09,289.288
2015-06-26,67.45,106.85,66.501,290.5
2015-06-29,71.757,105.865,76.943,338.163
2015-06-30,69.918,106.251,75.74,329.0
2015-07-01,68.25,106.56,73.3,317.5
2015-07-02,67.9,106.615,72.983,324.0
2015-07-03,67.9,106.615,75.126,325.0
2015-07-06,71.417,106.109,79.563,341.938
2015-07-07,71.061,106.264,80.75,349.125
2015-07-08,73.3,105.715,80.25,348.208
2015-07-09,72.848,105.791,75.375,329.5
2015-07-10,69.75,106.426,67.75,297.0
2015-07-13,67.746,106.73,64.376,279.875
2015-07-14,67.31,106.719,65.103,282.813
2015-07-15,67.35,106.66,64.331,277.814
2015-07-16,64.906,106.995,61.125,266.5
2015-07-17,65.548,106.95,59.813,264.688
2015-07-20,65.9,106.921,58.689,260.083
2015-07-21,67.3,106.645,59.821,268.663
2015-07-22,68.45,106.185,61.132,275.456
2015-07-23,69.5,106.15,61.65,282.204
2015-07-24,71.65,105.785,62.792,289.0
2015-07-27,73.175,105.491,64.692,297.676
2015-07-28,70.9,105.891,63.876,293.164
2015-07-29,70.15,106.266,62.604,285.123
2015-07-30,71.3,106.126,63.59,287.188
2015-07-31,70.751,106.225,62.25,284.0
2015-08-03,71.913,106.131,62.75,289.937
2015-08-04,72.2,106.046,63.34,293.5
2015-08-05,72.025,106.12,62.935,290.406
2015-08-06,74.35,105.565,64.698,300.568
2015-08-07,74.646,105.43,66.001,306.5
2015-08-10,73.65,105.52,63.894,298.125
2015-08-11,75.308,105.135,66.438,308.498
2015-08-12,75.925,105.046,68.595,317.045
2015-08-13,76.75,104.955,67.451,314.063
2015-08-14,76.55,105.01,67.75,313.0
2015-08-17,76.5,104.92,66.785,309.048
2015-08-18,77.889,104.695,67.525,312.813
2015-08-19,79.501,104.42,69.318,322.758
2015-08-20,80.875,104.081,70.525,331.5
2015-08-21,82.7,103.58,73.521,346.712
2015-08-24,87.875,103.048,77.477,365.75
2015-08-25,87.338,103.13,73.225,343.951
2015-08-26,82.2,104.345,74.613,344.396
2015-08-27,78.35,105.165,70.938,322.917
2015-08-28,80.104,104.81,71.375,323.0
2015-08-31,81.75,104.45,71.375,323.0
2015-09-01,84.55,103.84,74.751,340.519
2015-09-02,82.6,104.055,74.25,340.898
2015-09-03,82.0,104.09,72.0,330.736
2015-09-04,83.501,103.725,73.35,338.75
2015-09-07,83.501,103.725,72.561,337.672
2015-09-08,79.3,104.641,71.071,329.757
2015-09-09,80.951,104.421,69.637,319.142
2015-09-10,79.775,104.67,70.512,324.31
2015-09-11,79.6,104.71,71.119,328.25
2015-09-14,79.715,104.714,72.191,332.198
2015-09-15,78.85,104.73,72.063,330.77
2015-09-16,77.25,104.923,70.501,323.75
2015-09-17,76.906,104.97,69.169,317.0
2015-09-18,78.251,104.563,70.751,321.87
2015-09-21,81.25,104.705,76.796,311.075
2015-09-22,83.15,104.1,80.951,335.401
2015-09-23,84.308,103.969,80.188,334.497
2015-09-24,86.078,103.7,85.612,352.66
2015-09-25,88.375,103.53,84.55,347.425
2015-09-28,92.524,99.82,90.996,374.25
2015-09-29,92.826,99.607,91.25,380.625
2015-09-30,93.6,99.775,90.571,372.933
2015-10-01,94.35,99.978,94.001,383.5
2015-10-02,92.501,100.18,91.238,370.0
2015-10-05,87.25,101.148,86.93,349.6
2015-10-06,88.133,101.001,85.122,344.391
2015-10-07,83.85,101.915,83.455,342.063
2015-10-08,81.85,102.35,83.031,339.825
2015-10-09,81.6,102.3,79.75,326.875
2015-10-12,81.6,102.3,77.973,323.018
2015-10-13,83.967,101.785,79.741,331.625
2015-10-14,85.65,101.6,81.402,342.823
2015-10-15,82.832,102.18,80.92,337.819
2015-10-16,81.333,102.48,79.621,332.284
2015-10-19,80.05,102.87,78.178,325.813
2015-10-20,81.209,102.699,78.25,325.062
2015-10-21,82.363,102.336,77.984,325.651
2015-10-22,80.085,102.713,74.075,311.956
2015-10-23,77.268,103.126,70.475,294.838
2015-10-26,77.816,103.01,71.708,300.07
2015-10-27,78.277,102.915,72.234,301.901
2015-10-28,77.316,103.246,71.334,297.531
2015-10-29,78.547,103.09,70.644,300.059
2015-10-30,78.887,103.17,70.775,297.125
2015-11-02,76.566,103.542,70.454,296.906
2015-11-03,75.581,103.621,69.011,286.333
2015-11-04,77.599,103.291,70.328,291.016
2015-11-05,78.26,103.15,70.922,291.295
2015-11-06,79.388,102.856,70.958,294.5
2015-11-09,81.052,102.457,72.747,301.77
2015-11-10,81.05,102.39,72.1,301.146
2015-11-11,81.05,102.39,70.606,295.444
2015-11-12,83.378,101.658,73.652,307.786
2015-11-13,85.655,101.262,73.762,310.938
2015-11-16,83.016,101.768,74.068,312.382
2015-11-17,83.393,101.821,70.837,297.518
2015-11-18,81.889,102.248,69.995,293.935
2015-11-19,84.893,101.747,71.425,296.8
2015-11-20,84.557,101.754,70.509,293.366
2015-11-23,84.942,101.742,70.806,294.469
2015-11-24,85.253,101.714,72.287,301.031
2015-11-25,84.535,101.967,70.519,296.831
2015-11-26,84.535,101.967,69.762,292.319
2015-11-27,84.537,102.065,70.113,291.331
2015-11-30,83.969,102.073,69.675,288.926
2015-12-01,80.55,102.801,69.732,287.5
2015-12-02,82.208,102.678,69.188,284.45
2015-12-03,83.482,102.305,73.575,301.781
2015-12-04,81.965,102.464,73.245,301.931
2015-12-07,83.474,102.149,71.775,294.15
2015-12-08,86.021,101.57,73.382,302.25
2015-12-09,85.98,101.445,75.756,314.54
2015-12-10,87.844,100.977,77.194,319.6
2015-12-11,96.325,99.066,81.869,342.712
2015-12-14,92.708,99.432,85.49,358.561
2015-12-15,90.545,100.378,79.938,331.65
2015-12-16,89.463,100.829,78.975,328.375
2015-12-17,94.419,99.656,78.932,326.85
2015-12-18,95.251,99.426,80.344,331.938
2015-12-21,95.088,99.479,82.881,339.712
2015-12-22,92.396,100.136,81.856,334.625
2015-12-23,89.959,100.857,78.781,322.987
2015-12-24,89.705,101.012,79.218,324.188
2015-12-25,89.705,101.012,79.218,324.188
2015-12-28,90.538,100.717,79.218,324.188
2015-12-29,88.422,101.077,77.662,318.275
2015-12-30,88.428,101.092,77.057,314.425
2015-12-31,88.244,101.243,77.057,314.425
2016-01-01,88.244,101.243,77.057,314.425
2016-01-04,90.503,100.657,80.968,332.963
2016-01-05,90.581,100.755,79.657,328.0
2016-01-06,92.702,100.182,81.563,337.263
2016-01-07,96.07,99.454,82.912,343.357
2016-01-08,98.652,99.096,86.243,353.625
2016-01-11,98.352,99.172,85.811,350.927
2016-01-12,98.706,99.333,86.368,352.938
2016-01-13,104.708,98.53,87.113,352.8
2016-01-14,103.685,98.911,90.406,363.385
2016-01-15,109.992,97.775,96.311,385.04
2016-01-18,109.992,97.775,97.662,388.425
2016-01-19,110.452,97.669,95.552,374.835
2016-01-20,110.868,97.639,99.512,397.769
2016-01-21,108.587,97.953,94.019,376.825
2016-01-22,104.094,99.007,93.005,369.76
2016-01-25,106.757,98.501,93.319,373.794
2016-01-26,104.573,98.92,92.185,369.769
2016-01-27,104.729,98.89,91.544,364.844
2016-01-28,103.437,99.314,93.581,375.475
2016-01-29,101.98,99.689,91.813,367.862
2016-02-01,104.02,99.592,93.075,368.882
2016-02-02,108.652,98.537,98.137,386.525
2016-02-03,107.695,99.099,103.963,398.537
2016-02-04,109.574,98.827,104.83,404.9
2016-02-05,114.8,97.995,110.188,421.869
2016-02-08,120.244,97.175,121.925,459.875
2016-02-09,119.554,97.174,119.613,461.063
2016-02-10,121.563,96.988,117.219,457.462
2016-02-11,124.6,96.503,125.719,486.563
2016-02-12,121.962,97.13,118.212,462.45
2016-02-15,121.962,97.13,114.469,449.188
2016-02-16,121.253,97.443,114.287,455.764
2016-02-17,116.818,98.127,108.62,436.276
2016-02-18,116.77,97.926,110.544,440.02
2016-02-19,118.128,97.939,113.438,443.438
2016-02-22,113.495,98.413,108.368,425.175
2016-02-23,115.725,98.11,107.881,427.612
2016-02-24,114.503,98.202,110.863,440.25
2016-02-25,112.628,98.447,109.232,438.475
2016-02-26,110.29,98.698,103.1,421.288
2016-02-29,107.456,99.15,98.827,408.432
2016-03-01,100.583,100.212,94.938,387.8
2016-03-02,100.125,100.261,95.719,391.65
2016-03-03,96.946,100.74,95.544,388.96
2016-03-04,94.368,101.115,92.387,373.575
2016-03-07,93.71,101.201,89.878,368.576
2016-03-08,98.167,100.477,91.887,378.0
2016-03-09,96.213,100.874,91.558,376.362
2016-03-10,90.813,101.494,84.275,358.612
2016-03-11,82.847,102.583,67.481,308.487
2016-03-14,85.126,102.266,72.574,317.5
2016-03-15,89.083,101.66,76.684,328.375
2016-03-16,85.711,102.454,77.491,327.337
2016-03-17,83.694,102.917,71.497,310.888
2016-03-18,85.154,102.794,70.4,309.825
2016-03-21,77.556,103.066,71.219,295.257
2016-03-22,80.855,102.652,73.007,302.188
2016-03-23,81.253,102.232,74.419,310.525
2016-03-24,83.415,101.904,76.619,320.2
2016-03-25,83.415,101.904,76.619,320.2
2016-03-28,83.23,101.7,76.619,320.2
2016-03-29,82.52,102.062,76.182,322.025
2016-03-30,78.508,102.473,71.941,310.102
2016-03-31,78.592,102.73,73.007,303.5
2016-04-01,75.542,102.714,73.912,305.275
2016-04-04,76.27,102.331,73.243,304.104
2016-04-05,79.628,101.853,77.25,318.5
2016-04-06,77.678,102.545,76.984,316.063
2016-04-07,82.34,101.839,81.738,334.344
2016-04-08,82.331,102.02,79.475,336.05
2016-04-11,81.402,102.225,77.956,330.281
2016-04-12,79.519,102.587,76.975,329.175
2016-04-13,79.488,102.669,74.088,313.962
2016-04-14,78.99,102.792,71.593,307.781
2016-04-15,80.17,102.639,73.5,318.237
2016-04-18,77.921,102.999,71.225,308.075
2016-04-19,75.59,103.387,70.113,302.0
2016-04-20,72.744,103.673,71.141,303.487
2016-04-21,74.106,103.318,68.018,291.162
2016-04-22,73.0,103.501,68.882,293.775
2016-04-25,74.629,103.137,71.432,304.188
2016-04-26,74.497,103.19,71.387,305.09
2016-04-27,73.73,103.481,70.6,301.475
2016-04-28,76.481,103.119,71.0,301.956
2016-04-29,77.478,102.911,73.544,312.912
2016-05-02,77.965,102.967,73.544,312.912
2016-05-03,81.479,102.332,76.438,322.484
2016-05-04,83.346,102.01,78.525,329.6
2016-05-05,84.742,101.71,78.91,329.85
2016-05-06,85.265,101.586,79.618,331.438
2016-05-09,84.013,101.757,78.682,330.1
2016-05-10,80.507,102.477,76.076,322.375
2016-05-11,82.217,102.264,76.525,322.375
2016-05-12,81.288,102.441,77.477,326.731
2016-05-13,83.312,101.983,76.944,324.125
2016-05-16,81.535,102.297,78.028,328.156
2016-05-17,82.507,102.045,78.294,327.882
2016-05-18,83.727,101.781,77.975,328.975
2016-05-19,85.188,101.497,80.313,337.625
2016-05-20,83.749,101.768,78.275,332.362
2016-05-23,83.596,101.86,78.519,334.406
2016-05-24,79.573,102.637,75.106,319.113
2016-05-25,77.085,103.053,71.7,307.319
2016-05-26,77.036,102.917,70.863,305.331
2016-05-27,76.242,102.885,70.616,305.3
2016-05-30,76.242,102.885,70.616,305.3
2016-05-31,76.668,102.768,72.929,312.0
2016-06-01,77.314,102.681,74.606,316.563
2016-06-02,77.124,102.597,74.813,321.043
2016-06-03,77.365,102.662,75.95,328.3
2016-06-06,74.393,103.23,72.954,319.5
2016-06-07,73.773,103.471,72.863,315.875
2016-06-08,73.594,103.613,73.006,317.075
2016-06-09,75.993,103.286,75.05,322.038
2016-06-10,78.775,102.781,77.85,334.62
2016-06-13,81.54,102.277,82.094,350.781
2016-06-14,84.093,102.037,87.561,373.614
2016-06-15,85.208,101.899,87.268,373.225
2016-06-16,82.717,102.109,86.337,377.194
2016-06-17,82.805,102.012,84.818,368.587
2016-06-20,80.12,102.646,78.309,340.296
2016-06-21,78.57,102.888,78.931,341.566
2016-06-22,78.91,102.784,78.167,339.753
2016-06-23,76.247,103.328,75.175,320.975
2016-06-24,86.963,101.717,93.7,391.475
2016-06-27,91.179,100.89,98.694,417.518
2016-06-28,84.598,101.847,93.762,393.118
2016-06-29,81.27,102.789,85.731,373.813
2016-06-30,76.984,103.202,84.637,368.703
2016-07-01,77.417,103.168,79.223,347.031
2016-07-04,77.417,103.168,80.387,347.325
2016-07-05,78.993,102.861,82.042,355.306
2016-07-06,76.343,103.191,82.919,365.3
2016-07-07,76.72,103.21,82.275,365.975
2016-07-08,73.001,104.004,76.27,339.4
2016-07-11,72.307,104.288,75.306,333.169
2016-07-12,70.882,104.794,71.438,321.412
2016-07-13,71.345,104.698,72.542,325.99
2016-07-14,71.331,104.636,70.785,317.943
2016-07-15,72.844,104.592,71.469,325.875
2016-07-18,70.975,104.678,71.132,326.25
2016-07-19,71.254,104.677,71.581,329.406
2016-07-20,70.212,104.777,69.097,320.75
2016-07-21,71.342,104.541,67.185,313.469
2016-07-22,70.563,104.785,67.688,316.938
2016-07-25,73.451,104.415,68.044,320.3
2016-07-26,74.577,104.146,68.453,319.875
2016-07-27,73.45,104.338,70.003,319.406
2016-07-28,74.295,104.034,70.447,323.569
2016-07-29,72.025,104.445,67.765,316.938
2016-08-01,75.231,103.768,67.779,323.194
2016-08-02,76.833,103.456,71.266,331.375
2016-08-03,74.941,103.833,70.938,328.814
2016-08-04,73.22,104.146,68.281,322.388
2016-08-05,70.725,104.534,66.313,314.8
2016-08-08,71.34,104.57,65.162,309.065
2016-08-09,71.175,104.678,65.25,304.719
2016-08-10,72.138,104.558,67.813,312.787
2016-08-11,71.503,104.764,66.671,309.856
2016-08-12,71.597,104.673,66.775,308.063
2016-08-15,70.45,104.928,65.469,303.563
2016-08-16,71.07,104.765,65.542,304.969
2016-08-17,70.704,104.809,67.445,312.258
2016-08-18,69.572,105.098,66.491,307.538
2016-08-19,70.478,104.943,67.997,310.938
2016-08-22,71.891,104.743,69.521,316.044
2016-08-23,70.768,104.979,67.425,310.943
2016-08-24,71.762,104.829,67.394,307.078
2016-08-25,71.482,104.796,67.939,309.438
2016-08-26,72.017,104.505,67.097,306.669
2016-08-29,71.176,104.707,67.097,306.669
2016-08-30,71.258,104.658,67.275,306.938
2016-08-31,72.82,104.421,68.353,311.156
2016-09-01,73.885,104.275,69.132,313.55
2016-09-02,72.544,104.565,67.694,309.862
2016-09-05,72.544,104.565,66.228,309.094
2016-09-06,71.162,104.814,65.7,307.432
2016-09-07,71.635,104.661,65.038,305.875
2016-09-08,71.652,104.652,65.41,304.438
2016-09-09,76.072,103.795,68.167,318.288
2016-09-12,73.257,104.243,69.656,325.757
2016-09-13,76.926,103.449,71.703,334.543
2016-09-14,77.31,103.363,70.016,330.237
2016-09-15,74.651,103.873,70.347,332.619
2016-09-16,75.958,103.68,71.443,336.323
2016-09-19,74.765,103.856,68.688,324.932
2016-09-20,81.698,103.685,74.209,342.04
2016-09-21,78.506,104.46,73.0,341.25
2016-09-22,76.015,104.854,70.243,326.875
2016-09-23,76.876,104.632,70.747,325.05
2016-09-26,79.113,104.257,72.618,332.844
2016-09-27,77.42,103.808,73.507,336.531
2016-09-28,75.365,104.261,73.313,335.594
2016-09-29,78.265,103.798,72.738,331.773
2016-09-30,75.132,104.39,72.587,329.688
2016-10-03,75.232,104.307,74.456,335.3
2016-10-04,75.705,104.113,73.759,334.928
2016-10-05,74.75,104.287,73.537,331.862
2016-10-06,74.257,104.371,73.444,332.188
2016-10-07,74.349,104.334,73.922,333.193
2016-10-10,74.349,104.334,73.0,330.645
2016-10-11,75.753,104.104,74.381,334.763
2016-10-12,75.52,104.191,74.715,335.688
2016-10-13,76.053,103.958,74.875,337.018
2016-10-14,75.674,104.146,74.006,333.443
2016-10-17,76.078,104.033,73.261,335.342
2016-10-18,75.003,104.245,72.438,330.444
2016-10-19,73.725,104.488,70.888,322.063
2016-10-20,73.938,104.439,70.981,319.663
2016-10-21,73.799,104.481,71.012,319.094
2016-10-24,73.767,104.51,70.2,316.722
2016-10-25,74.537,104.37,71.6,320.54
2016-10-26,75.345,104.107,71.337,321.444
2016-10-27,76.257,103.841,71.956,325.753
2016-10-28,77.702,103.501,72.632,329.094
2016-10-31,78.708,103.35,72.894,329.656
2016-11-01,79.52,103.048,74.924,336.066
2016-11-02,79.977,102.924,75.706,338.662
2016-11-03,80.702,102.756,75.325,335.5
2016-11-04,80.967,102.848,76.175,338.987
2016-11-07,76.447,103.837,73.663,326.034
2016-11-08,75.757,103.911,73.1,325.195
2016-11-09,74.467,104.133,72.75,326.95
2016-11-10,75.447,103.57,74.775,336.487
2016-11-11,75.447,103.57,78.319,349.45
2016-11-14,77.503,102.95,78.758,349.032
2016-11-15,73.988,103.863,77.414,339.908
2016-11-16,75.255,103.571,79.089,344.225
2016-11-17,74.932,103.757,79.475,342.132
2016-11-18,76.786,103.574,82.219,348.8
2016-11-21,75.733,103.923,80.997,344.281
2016-11-22,73.855,104.498,80.118,340.344
2016-11-23,73.979,104.443,81.993,345.844
2016-11-24,73.979,104.443,81.063,340.674
2016-11-25,73.07,104.625,81.063,340.287
2016-11-28,73.845,104.602,82.175,342.232
2016-11-29,73.5,104.55,79.757,339.162
2016-11-30,72.751,104.792,79.706,338.563
2016-12-01,73.507,104.604,79.274,338.531
2016-12-02,72.921,104.751,78.067,331.824
2016-12-05,71.894,105.051,77.813,326.575
2016-12-06,69.54,105.422,74.075,315.002
2016-12-07,68.035,105.932,73.703,315.263
2016-12-08,68.895,105.83,74.017,315.6
2016-12-09,66.89,106.236,72.924,307.374
2016-12-12,68.095,106.125,72.044,301.962
2016-12-13,67.827,106.208,70.9,294.781
2016-12-14,69.43,105.83,72.762,294.675
2016-12-15,68.798,105.89,72.872,294.275
2016-12-16,68.945,105.912,71.706,292.156
2016-12-19,67.695,106.144,71.231,289.875
2016-12-20,66.512,106.247,70.396,286.85
2016-12-21,66.249,106.308,69.5,284.369
2016-12-22,66.113,106.268,70.594,285.268
2016-12-23,66.474,106.279,70.101,285.732
2016-12-26,66.474,106.279,70.101,285.732
2016-12-27,66.753,106.159,70.101,285.732
2016-12-28,67.909,106.034,71.974,289.2
2016-12-29,68.109,106.12,73.1,292.081
2016-12-30,67.585,106.198,72.35,287.832
2017-01-02,67.585,106.198,72.35,287.832
2017-01-03,65.669,106.59,69.106,280.107
2017-01-04,63.476,106.895,67.743,281.209
2017-01-05,63.743,106.846,68.5,286.263
2017-01-06,64.47,106.675,68.328,286.993
2017-01-09,65.451,106.539,69.163,290.403
2017-01-10,66.075,106.34,69.131,289.761
2017-01-11,65.942,106.336,69.735,290.063
2017-01-12,66.328,106.273,70.72,293.844
2017-01-13,65.82,106.322,68.344,286.894
2017-01-16,65.82,106.322,69.357,290.212
2017-01-17,66.428,106.236,69.743,291.275
2017-01-18,65.719,106.411,69.369,288.675
2017-01-19,66.095,106.245,69.245,286.292
2017-01-20,65.879,106.333,68.999,285.087
2017-01-23,66.447,106.233,70.637,293.043
2017-01-24,65.415,106.43,69.75,289.228
2017-01-25,63.809,106.738,68.257,285.962
2017-01-26,63.988,106.666,69.75,290.109
2017-01-27,64.157,106.675,70.185,291.42
2017-01-30,65.788,106.445,72.15,299.09
2017-01-31,66.26,106.303,73.588,300.9
2017-02-01,65.83,106.391,73.671,302.063
2017-02-02,65.548,106.469,72.04,296.068
2017-02-03,63.605,107.563,71.533,291.303
2017-02-06,64.757,107.378,75.166,300.656
2017-02-07,65.54,107.244,75.844,303.932
2017-02-08,66.861,107.086,75.281,303.467
2017-02-09,64.712,107.428,73.542,299.201
2017-02-10,64.482,107.453,75.056,301.125
2017-02-13,63.268,107.675,73.283,295.281
2017-02-14,62.8,107.731,72.875,293.763
2017-02-15,62.979,107.702,71.645,290.1
2017-02-16,63.691,107.492,73.188,294.213
2017-02-17,63.517,107.466,73.84,297.944
2017-02-20,63.517,107.466,73.637,296.906
2017-02-21,62.57,107.639,73.628,296.275
2017-02-22,62.583,107.714,74.155,294.719
2017-02-23,62.33,107.684,73.876,293.732
2017-02-24,62.558,107.616,74.985,296.219
2017-02-27,62.268,107.703,74.0,294.825
2017-02-28,62.577,107.678,72.756,291.394
2017-03-01,60.146,108.16,71.056,282.138
2017-03-02,60.373,108.082,69.954,276.545
2017-03-03,59.841,108.076,69.294,274.138
2017-03-06,60.6,107.798,70.75,279.018
2017-03-07,62.524,107.394,71.238,281.044
2017-03-08,63.894,107.086,71.785,284.913
2017-03-09,64.469,106.962,71.277,283.656
2017-03-10,64.547,106.911,72.098,283.838
2017-03-13,64.853,106.813,72.538,287.313
2017-03-14,65.803,106.553,74.037,290.506
2017-03-15,61.836,107.417,72.225,284.569
2017-03-16,61.895,107.25,70.481,277.492
2017-03-17,60.952,107.39,69.6,275.213
2017-03-20,68.385,107.177,76.511,295.75
2017-03-21,69.678,106.784,76.686,295.51
2017-03-22,68.342,106.865,76.833,299.537
2017-03-23,67.982,106.956,75.493,293.781
2017-03-24,67.014,107.236,75.115,291.475
2017-03-27,67.805,106.465,74.883,294.03
2017-03-28,67.18,106.814,73.525,289.131
2017-03-29,67.783,107.019,74.619,292.35
2017-03-30,66.813,107.202,74.313,290.431
2017-03-31,66.331,107.185,73.652,289.987
2017-04-03,66.702,107.221,75.282,293.775
2017-04-04,65.93,107.332,75.27,290.781
2017-04-05,65.897,107.18,75.096,289.712
2017-04-06,65.497,107.296,74.212,284.694
2017-04-07,65.447,107.266,74.247,283.582
2017-04-10,65.434,107.16,76.1,290.275
2017-04-11,66.385,107.031,76.657,293.275
2017-04-12,67.671,106.775,76.85,295.681
2017-04-13,67.915,106.835,76.619,293.819
2017-04-14,67.915,106.835,76.619,293.819
2017-04-17,67.892,106.89,76.619,293.819
2017-04-18,68.794,106.654,77.182,299.712
2017-04-19,69.184,106.547,75.518,294.763
2017-04-20,67.497,106.841,74.812,291.513
2017-04-21,67.078,106.842,74.631,291.525
2017-04-24,64.238,107.346,67.887,272.331
2017-04-25,62.572,107.642,66.519,266.169
2017-04-26,63.361,107.594,67.074,269.306
2017-04-27,63.576,107.607,66.975,268.557
2017-04-28,63.978,107.655,66.594,265.668
2017-05-01,63.377,107.805,66.594,265.668
2017-05-02,62.882,107.807,65.482,260.325
2017-05-03,62.648,107.784,65.261,258.712
2017-05-04,63.253,107.52,64.088,257.651
2017-05-05,61.879,107.646,63.125,255.519
2017-05-08,62.316,107.548,63.02,255.516
2017-05-09,62.431,107.488,62.416,253.065
2017-05-10,61.62,107.675,62.144,252.387
2017-05-11,62.156,107.598,62.39,255.254
2017-05-12,62.618,107.595,63.06,257.005
2017-05-15,61.636,107.723,62.287,252.594
2017-05-16,61.693,107.705,61.727,248.632
2017-05-17,65.624,107.004,63.456,255.125
2017-05-18,64.541,107.115,64.831,259.362
2017-05-19,63.528,107.353,63.044,252.625
2017-05-22,62.2,107.554,62.725,252.415
2017-05-23,61.868,107.587,61.888,251.46
2017-05-24,61.893,107.561,62.201,252.813
2017-05-25,62.058,107.56,61.417,248.788
2017-05-26,62.2,107.583,61.292,249.345
2017-05-29,62.2,107.583,61.292,249.345
2017-05-30,62.313,107.524,62.313,252.063
2017-05-31,61.585,107.526,62.401,253.193
2017-06-01,60.438,107.724,62.256,249.932
2017-06-02,59.826,107.811,61.768,248.107
2017-06-05,60.217,107.734,62.413,248.745
2017-06-06,60.735,107.648,62.088,249.0
2017-06-07,61.1,107.479,61.67,248.831
2017-06-08,61.078,107.484,60.006,245.113
2017-06-09,60.69,107.551,58.884,240.633
2017-06-12,59.994,107.693,58.438,240.281
2017-06-13,58.732,107.813,57.152,236.263
2017-06-14,58.735,107.717,56.588,235.525
2017-06-15,60.345,107.473,57.125,238.132
2017-06-16,61.502,107.21,57.444,237.994
2017-06-19,59.938,107.465,55.482,231.143
2017-06-20,61.554,107.129,55.601,231.993
2017-06-21,62.854,106.575,55.385,232.882
2017-06-22,61.442,106.798,54.059,234.257
2017-06-23,60.355,107.098,53.41,233.719
2017-06-26,59.593,107.162,53.391,232.356
2017-06-27,61.578,106.776,54.719,237.894
2017-06-28,60.219,107.089,54.259,237.117
2017-06-29,61.539,106.709,56.157,246.132
2017-06-30,60.519,106.906,56.215,247.456
2017-07-03,60.415,107.011,55.101,244.768
2017-07-04,60.415,107.011,55.196,246.383
2017-07-05,61.222,106.812,55.313,246.788
2017-07-06,62.301,106.467,56.074,253.835
2017-07-07,61.644,106.688,56.991,257.575
2017-07-10,61.78,106.755,56.394,253.45
2017-07-11,61.788,106.758,56.394,253.781
2017-07-12,59.908,107.147,55.37,246.7
2017-07-13,58.768,107.378,54.269,243.212
2017-07-14,58.167,107.469,54.381,244.656
2017-07-17,57.477,107.592,53.497,238.419
2017-07-18,57.349,107.576,52.747,236.538
2017-07-19,56.972,107.675,52.556,234.719
2017-07-20,56.999,107.73,52.243,235.106
2017-07-21,56.9,107.56,51.7,235.788
2017-07-24,56.283,107.676,52.519,238.113
2017-07-25,56.283,107.705,51.869,235.581
2017-07-26,56.505,107.746,51.064,232.145
2017-07-27,57.426,107.633,50.975,230.568
2017-07-28,57.647,107.611,51.912,233.2
2017-07-31,57.226,107.634,52.449,234.406
2017-08-01,56.411,107.744,52.315,234.741
2017-08-02,56.295,107.776,51.6,233.631
2017-08-03,57.344,107.6,51.644,233.075
2017-08-04,57.715,107.561,51.785,231.012
2017-08-07,57.813,107.536,52.169,232.0
2017-08-08,59.185,107.241,52.779,233.95
2017-08-09,59.515,107.06,55.073,240.152
2017-08-10,62.176,106.485,57.807,247.768
2017-08-11,61.462,106.57,57.641,250.066
2017-08-14,59.632,106.924,56.151,244.913
2017-08-15,59.634,107.015,56.409,244.444
2017-08-16,59.628,106.967,55.287,240.557
2017-08-17,62.681,106.384,56.923,245.394
2017-08-18,62.35,106.45,58.269,249.531
2017-08-21,62.144,106.481,58.257,250.62
2017-08-22,60.299,106.835,57.249,246.838
2017-08-23,61.114,106.686,57.769,248.275
2017-08-24,60.185,106.807,56.843,245.432
2017-08-25,59.698,106.912,55.797,242.368
2017-08-28,59.519,106.964,55.797,242.368
2017-08-29,60.071,106.906,57.431,246.475
2017-08-30,59.073,107.097,56.331,242.72
2017-08-31,57.892,107.286,54.869,236.057
2017-09-01,57.116,107.441,53.593,233.643
2017-09-04,57.116,107.441,54.82,237.069
2017-09-05,59.159,107.062,54.522,237.406
2017-09-06,58.618,107.062,53.9,235.019
2017-09-07,59.255,107.008,53.285,232.825
2017-09-08,60.274,106.797,53.59,233.618
2017-09-11,57.395,107.227,51.907,228.025
2017-09-12,56.164,107.376,51.888,227.212
2017-09-13,56.04,107.387,51.382,226.289
2017-09-14,56.695,107.206,51.213,226.0
2017-09-15,56.095,107.244,50.422,224.728
2017-09-18,55.859,107.182,50.206,221.607
2017-09-19,54.961,107.279,49.565,218.938
2017-09-20,58.719,107.165,57.214,256.909
2017-09-21,59.556,106.997,57.25,254.111
2017-09-22,59.906,107.021,59.077,258.61
2017-09-25,59.438,107.06,58.901,260.513
2017-09-26,58.712,107.188,58.251,256.588
2017-09-27,57.472,107.471,57.436,254.397
2017-09-28,56.615,107.584,57.785,255.533
2017-09-29,55.632,107.836,56.684,252.719
2017-10-02,54.628,107.947,55.5,249.275
2017-10-03,54.177,108.048,55.325,247.55
2017-10-04,54.471,108.04,56.751,248.169
2017-10-05,53.204,108.282,55.353,244.038
2017-10-06,54.244,108.077,56.987,247.775
2017-10-09,54.244,108.077,57.044,248.262
2017-10-10,54.27,108.118,56.253,245.295
2017-10-11,54.761,108.105,55.399,241.969
2017-10-12,55.649,107.903,56.162,245.889
2017-10-13,54.574,108.025,55.453,243.072
2017-10-16,54.242,108.111,55.471,242.244
2017-10-17,53.936,108.213,55.014,241.631
2017-10-18,53.731,108.262,55.25,243.215
2017-10-19,53.37,108.322,56.295,246.015
2017-10-20,52.198,108.531,55.014,242.488
2017-10-23,52.924,108.471,54.375,238.339
2017-10-24,53.19,108.425,54.436,238.298
2017-10-25,54.201,108.245,55.438,241.44
2017-10-26,54.105,108.202,52.938,236.97
2017-10-27,52.762,108.354,51.378,232.188
2017-10-30,52.986,108.261,50.635,228.232
2017-10-31,52.15,108.41,50.055,224.84
2017-11-01,53.023,108.331,49.717,223.775
2017-11-02,52.98,108.235,49.688,224.745
2017-11-03,53.4,108.137,49.257,222.98
2017-11-06,53.152,108.259,49.533,223.57
2017-11-07,54.452,107.982,50.692,228.954
2017-11-08,55.011,107.809,51.723,234.012
2017-11-09,55.949,107.474,53.122,243.188
2017-11-10,56.042,107.421,52.125,244.563
2017-11-13,56.424,107.342,51.778,244.135
2017-11-14,57.397,107.066,52.683,249.285
2017-11-15,57.198,107.059,53.444,251.568
2017-11-16,54.993,107.654,51.864,242.394
2017-11-17,55.35,107.549,51.507,245.095
2017-11-20,54.725,107.564,50.769,243.944
2017-11-21,53.062,107.872,49.767,240.186
2017-11-22,52.507,108.022,48.992,238.845
2017-11-23,52.507,108.022,49.188,238.375
2017-11-24,52.332,108.01,49.166,235.747
2017-11-27,53.532,107.72,49.75,238.363
2017-11-28,52.245,108.007,48.919,233.288
2017-11-29,52.908,107.813,48.46,231.263
2017-11-30,52.088,107.885,47.831,231.053
2017-12-01,52.389,107.855,48.757,232.456
2017-12-04,51.768,107.857,47.13,227.513
2017-12-05,51.968,107.83,47.306,228.219
2017-12-06,52.316,107.695,48.559,235.175
2017-12-07,51.607,107.747,47.952,233.831
2017-12-08,50.914,107.958,47.288,231.493
2017-12-11,50.262,108.042,47.278,231.988
2017-12-12,50.525,108.016,47.342,232.837
2017-12-13,50.339,108.075,47.712,233.65
2017-12-14,51.019,107.995,48.161,236.18
2017-12-15,50.341,108.123,48.235,237.987
2017-12-18,49.52,108.29,47.283,234.2
2017-12-19,49.758,108.21,47.317,234.875
2017-12-20,49.083,108.307,46.761,234.04
2017-12-21,48.55,108.321,45.73,231.469
2017-12-22,49.482,108.19,45.306,231.21
2017-12-25,49.482,108.19,45.306,231.21
2017-12-26,49.007,108.265,45.306,231.21
2017-12-27,48.693,108.322,44.276,229.35
2017-12-28,49.43,108.196,44.46,231.262
2017-12-29,49.02,108.31,44.826,233.413
2018-01-01,49.02,108.31,44.826,233.413
2018-01-02,48.455,108.302,45.364,233.947
2018-01-03,47.095,108.585,44.347,228.65
2018-01-04,45.877,108.82,43.604,224.018
2018-01-05,45.518,108.909,43.625,221.668
2018-01-08,45.382,108.937,44.062,226.063
2018-01-09,46.452,108.642,44.162,227.535
2018-01-10,46.777,108.499,44.787,230.325
2018-01-11,46.832,108.717,44.353,228.862
2018-01-12,47.068,108.648,44.054,227.913
2018-01-15,47.068,108.648,44.686,232.288
2018-01-16,48.007,108.537,44.295,231.232
2018-01-17,47.998,108.491,44.172,232.313
2018-01-18,47.992,108.407,45.155,235.19
2018-01-19,47.515,108.497,44.574,232.2
2018-01-22,46.885,108.644,43.91,230.023
2018-01-23,46.07,108.732,43.724,228.913
2018-01-24,46.575,108.622,43.881,231.7
2018-01-25,46.21,108.652,43.335,231.881
2018-01-26,45.257,108.809,42.847,230.175
2018-01-29,46.543,108.587,43.239,233.901
2018-01-30,47.168,108.376,44.383,239.788
2018-01-31,47.28,108.347,43.647,238.019
2018-02-01,48.018,108.094,43.493,239.45
2018-02-02,50.38,107.451,45.352,249.075
2018-02-05,55.762,106.818,46.819,250.659
2018-02-06,52.982,107.345,49.364,255.156
2018-02-07,55.073,106.835,47.416,250.35
2018-02-08,60.101,105.952,51.651,264.575
2018-02-09,60.305,106.003,56.111,279.5
2018-02-12,57.531,106.548,54.132,270.638
2018-02-13,58.036,106.402,56.438,280.025
2018-02-14,56.17,106.616,54.847,273.844
2018-02-15,52.971,107.277,52.917,267.888
2018-02-16,51.382,107.458,51.176,260.575
2018-02-19,51.382,107.458,51.965,263.78
2018-02-20,54.5,107.065,52.037,266.65
2018-02-21,55.68,106.727,51.756,266.088
2018-02-22,57.03,106.586,53.949,269.471
2018-02-23,55.314,107.018,55.946,274.112
2018-02-26,53.32,107.331,52.83,262.362
2018-02-27,55.277,107.003,52.691,263.982
2018-02-28,56.256,106.754,52.458,264.413
2018-03-01,57.787,106.441,53.132,267.275
2018-03-02,55.924,106.631,54.52,273.337
2018-03-05,55.361,106.724,53.991,268.604
2018-03-06,56.262,106.703,52.544,262.006
2018-03-07,56.77,106.559,52.761,262.936
2018-03-08,56.12,106.619,52.028,259.822
2018-03-09,54.339,107.023,50.218,253.723
2018-03-12,53.747,107.049,48.548,247.525
2018-03-13,54.339,106.97,49.149,252.23
2018-03-14,55.059,106.837,50.406,256.1
2018-03-15,54.901,106.822,50.39,255.381
2018-03-16,53.538,106.986,49.475,251.125
2018-03-19,54.876,106.708,51.056,256.561
2018-03-20,62.843,106.746,58.924,285.28
2018-03-21,61.6,106.908,57.945,282.425
2018-03-22,65.67,106.303,59.56,288.823
2018-03-23,68.982,105.801,61.157,292.056
2018-03-26,65.078,106.516,62.252,293.528
2018-03-27,67.376,105.799,60.305,286.025
2018-03-28,67.346,105.634,61.771,291.237
2018-03-29,65.557,106.053,59.525,283.156
2018-03-30,65.557,106.053,59.525,283.156
2018-04-02,67.62,105.658,59.525,283.156
2018-04-03,66.447,105.857,60.512,288.756
2018-04-04,63.776,106.316,60.169,290.225
2018-04-05,63.193,106.508,57.571,282.925
2018-04-06,65.299,106.118,58.006,286.063
2018-04-09,64.932,106.213,57.378,282.981
2018-04-10,62.817,106.54,57.129,280.675
2018-04-11,63.385,106.471,57.225,283.924
2018-04-12,61.723,106.801,56.067,279.49
2018-04-13,61.339,106.938,54.967,275.537
2018-04-16,59.338,107.343,53.5,270.162
2018-04-17,59.264,107.258,52.622,268.462
2018-04-18,59.315,107.231,53.304,271.784
2018-04-19,60.125,107.029,54.586,275.531
2018-04-20,60.874,106.874,55.0,274.862
2018-04-23,61.76,106.607,55.108,275.112
2018-04-24,62.275,106.477,55.476,275.715
2018-04-25,61.533,106.59,56.465,278.919
2018-04-26,60.093,106.978,54.63,272.525
2018-04-27,60.154,106.969,54.434,271.398
2018-04-30,60.698,106.938,54.409,271.118
2018-05-01,60.792,106.934,55.296,273.925
2018-05-02,61.507,106.761,55.148,272.023
2018-05-03,62.349,106.678,56.396,275.294
2018-05-04,61.606,106.788,55.975,273.807
2018-05-07,62.035,106.783,55.975,273.807
2018-05-08,62.434,106.704,56.653,274.281
2018-05-09,61.252,106.913,56.424,272.806
2018-05-10,59.521,107.237,54.869,267.25
2018-05-11,59.294,107.217,54.495,268.263
2018-05-14,59.648,107.124,54.247,267.888
2018-05-15,61.275,106.783,55.224,270.45
2018-05-16,60.93,106.825,56.146,274.463
2018-05-17,60.906,106.858,56.264,272.417
2018-05-18,61.884,106.751,57.794,276.37
2018-05-21,61.792,106.85,60.258,282.067
2018-05-22,61.574,106.928,59.125,278.383
2018-05-23,61.933,106.954,61.106,284.6
2018-05-24,62.139,106.893,62.555,288.125
2018-05-25,63.221,106.649,64.993,297.688
2018-05-28,63.221,106.649,64.993,297.688
2018-05-29,67.378,105.861,72.463,318.302
2018-05-30,65.181,106.33,66.643,302.127
2018-05-31,66.808,106.215,69.537,305.763
2018-06-01,65.14,106.542,66.768,293.625
2018-06-04,63.852,106.671,65.058,288.203
2018-06-05,64.169,106.682,67.394,294.088
2018-06-06,63.742,106.833,70.029,300.246
2018-06-07,66.779,106.534,73.412,308.638
2018-06-08,66.341,106.519,74.276,313.162
2018-06-11,64.51,106.613,70.937,299.533
2018-06-12,63.682,106.661,72.0,306.411
2018-06-13,63.535,106.744,69.269,299.838
2018-06-14,61.354,107.037,65.683,290.237
2018-06-15,60.48,107.104,65.842,294.237
2018-06-18,60.976,106.992,68.045,298.013
2018-06-19,62.951,106.655,68.115,301.288
2018-06-20,63.05,106.703,67.669,300.813
2018-06-21,64.969,106.443,70.475,307.268
2018-06-22,64.566,106.638,70.294,304.913
2018-06-25,66.754,106.247,73.36,313.938
2018-06-26,65.77,106.187,74.206,317.362
2018-06-27,68.096,105.781,73.532,319.742
2018-06-28,68.03,105.824,75.506,328.338
2018-06-29,67.595,105.76,73.529,319.763
2018-07-02,67.97,105.695,75.45,327.35
2018-07-03,67.351,105.871,73.64,319.344
2018-07-04,67.351,105.871,72.625,315.182
2018-07-05,66.052,106.085,71.329,311.506
2018-07-06,63.998,106.44,69.281,305.138
2018-07-09,62.156,106.723,67.7,302.131
2018-07-10,62.294,106.639,66.71,300.755
2018-07-11,63.53,106.366,67.971,305.451
2018-07-12,61.585,106.715,66.612,297.852
2018-07-13,60.525,106.923,64.988,292.112
2018-07-16,60.945,106.746,63.686,289.411
2018-07-17,60.38,106.81,63.535,289.498
2018-07-18,60.715,106.797,63.901,291.575
2018-07-19,61.833,106.622,65.497,295.124
2018-07-20,61.638,106.647,66.297,295.358
2018-07-23,61.539,106.718,65.435,291.204
2018-07-24,60.928,106.778,63.691,287.738
2018-07-25,59.219,107.031,62.822,284.833
2018-07-26,57.673,107.183,60.113,277.199
2018-07-27,58.3,107.006,61.242,281.493
2018-07-30,58.993,106.932,62.921,287.262
2018-07-31,57.984,107.077,60.527,281.703
2018-08-01,58.563,107.028,61.688,286.423
2018-08-02,58.798,107.078,63.201,291.0
2018-08-03,58.988,107.135,64.009,293.938
2018-08-06,58.58,107.188,64.681,296.169
2018-08-07,58.115,107.261,63.446,291.66
2018-08-08,58.059,107.225,63.587,291.401
2018-08-09,59.269,107.062,64.01,292.992
2018-08-10,61.418,106.856,67.869,303.59
2018-08-13,62.107,106.733,69.715,308.286
2018-08-14,61.221,106.86,68.813,305.878
2018-08-15,62.506,106.61,71.577,313.437
2018-08-16,61.41,106.766,70.509,304.984
2018-08-17,60.994,106.738,70.997,305.586
2018-08-20,61.47,106.742,70.62,304.315
2018-08-21,60.274,106.886,67.918,292.7
2018-08-22,59.848,106.956,66.773,288.369
2018-08-23,60.713,106.871,66.831,291.736
2018-08-24,59.722,106.993,65.793,285.722
2018-08-27,58.453,107.175,65.793,285.722
2018-08-28,58.324,107.147,65.239,285.57
2018-08-29,58.526,107.079,65.714,287.669
2018-08-30,60.37,106.771,67.456,294.375
2018-08-31,59.94,106.912,68.764,300.401
2018-09-03,59.94,106.912,68.244,298.01
2018-09-04,60.51,106.78,67.933,296.999
2018-09-05,60.218,106.782,65.723,291.515
2018-09-06,59.886,106.856,64.953,289.805
2018-09-07,59.846,106.833,64.032,286.989
2018-09-10,57.866,106.997,61.043,280.443
2018-09-11,58.074,107.069,60.915,279.908
2018-09-12,57.106,107.105,61.656,283.202
2018-09-13,55.54,107.323,59.797,278.247
2018-09-14,55.828,107.386,59.907,281.313
2018-09-17,56.83,107.218,60.26,282.127
2018-09-18,55.996,107.348,59.667,279.823
2018-09-19,56.215,107.313,60.135,280.159
2018-09-20,60.939,107.426,67.952,266.411
2018-09-21,61.535,107.418,68.147,264.907
2018-09-24,62.799,107.287,69.793,271.143
2018-09-25,62.256,107.301,69.357,270.408
2018-09-26,61.152,107.461,67.882,269.658
2018-09-27,59.42,107.264,67.038,266.006
2018-09-28,59.18,107.335,68.777,274.973
2018-10-01,58.074,107.574,67.374,273.487
2018-10-02,59.213,107.356,69.049,279.183
2018-10-03,59.267,107.276,67.374,271.196
2018-10-04,60.52,106.989,68.289,277.679
2018-10-05,61.398,106.77,69.42,281.537
2018-10-08,61.398,106.77,72.118,290.682
2018-10-09,61.669,106.734,70.621,285.241
2018-10-10,65.742,105.919,71.597,289.682
2018-10-11,65.729,105.931,74.365,296.992
2018-10-12,64.198,106.212,74.04,293.345
2018-10-15,66.018,105.872,74.573,295.024
2018-10-16,63.426,106.418,72.613,289.507
2018-10-17,64.082,106.246,73.072,290.717
2018-10-18,67.416,105.77,75.773,298.86
2018-10-19,67.518,105.654,73.63,294.694
2018-10-22,67.969,105.448,73.748,294.277
2018-10-23,67.424,105.493,75.57,301.229
2018-10-24,69.702,104.988,75.912,299.481
2018-10-25,69.151,105.099,75.273,299.822
2018-10-26,69.981,104.85,77.195,304.263
2018-10-29,70.719,104.814,75.677,301.184
2018-10-30,69.207,105.088,76.07,302.763
2018-10-31,68.758,105.26,74.087,297.952
2018-11-01,66.916,105.625,71.578,290.699
2018-11-02,66.043,105.731,70.982,290.285
2018-11-05,65.14,105.914,69.638,287.493
2018-11-06,64.241,106.089,69.277,284.496
2018-11-07,62.476,106.462,66.847,280.254
2018-11-08,63.549,106.22,67.84,281.901
2018-11-09,66.64,105.517,69.919,288.11
2018-11-12,66.64,105.517,71.654,294.77
2018-11-13,69.421,104.896,70.744,293.808
2018-11-14,71.685,104.542,72.821,300.191
2018-11-15,73.218,104.488,75.946,314.353
2018-11-16,74.272,104.165,77.523,316.889
2018-11-19,77.002,103.675,79.827,327.186
2018-11-20,79.158,103.44,80.451,329.543
2018-11-21,78.2,103.807,77.621,319.876
2018-11-22,78.2,103.807,79.588,328.551
2018-11-23,80.281,103.429,80.539,333.934
2018-11-26,78.94,103.615,78.536,329.388
2018-11-27,78.455,103.796,80.007,339.361
2018-11-28,73.6,104.805,80.634,343.519
2018-11-29,74.509,104.712,79.867,343.634
2018-11-30,74.964,104.446,80.848,327.906
2018-12-03,74.514,104.789,79.486,320.5
2018-12-04,79.146,103.846,81.88,328.915
2018-12-05,79.146,103.846,82.305,330.776
2018-12-06,79.273,103.723,86.738,347.482
2018-12-07,82.75,103.168,85.5,344.467
2018-12-10,81.388,103.108,87.778,355.612
2018-12-11,80.096,103.206,86.174,347.572
2018-12-12,77.914,103.641,80.797,328.004
2018-12-13,76.82,103.885,79.515,325.975
2018-12-14,79.33,103.383,80.674,335.613
2018-12-17,81.993,102.918,81.762,342.327
2018-12-18,81.719,102.903,82.396,342.621
2018-12-19,86.131,102.227,81.725,337.057
2018-12-20,89.626,101.506,87.253,352.34
2018-12-21,92.512,100.997,89.752,358.241
2018-12-24,94.912,100.602,92.153,364.181
2018-12-25,94.912,100.602,92.153,364.181
2018-12-26,87.681,101.942,92.153,364.181
2018-12-27,89.401,101.798,91.335,372.827
2018-12-28,88.241,101.921,89.677,362.463
2018-12-31,87.749,102.055,87.369,352.702
2019-01-01,87.749,102.055,87.369,352.702
2019-01-02,88.788,101.633,89.224,361.295
2019-01-03,90.171,101.393,92.843,373.704
2019-01-04,83.644,102.878,88.126,355.85
2019-01-07,81.38,103.369,85.999,344.916
2019-01-08,78.62,103.825,85.622,344.091
2019-01-09,79.109,103.542,82.384,333.695
2019-01-10,77.11,104.022,82.245,337.018
2019-01-11,77.521,103.915,80.85,334.88
2019-01-14,79.37,103.462,82.189,342.426
2019-01-15,76.393,103.868,81.003,335.195
2019-01-16,76.321,103.93,78.222,326.519
2019-01-17,73.555,104.541,78.474,328.2
2019-01-18,72.484,104.802,76.0,319.991
2019-01-21,72.484,104.802,75.501,318.021
2019-01-22,75.574,104.167,78.489,330.817
2019-01-23,74.184,104.343,77.565,331.779
2019-01-24,74.101,104.731,76.329,327.658
2019-01-25,72.243,105.141,74.362,320.672
2019-01-28,73.138,104.902,76.563,327.654
2019-01-29,72.4,105.011,74.722,325.527
2019-01-30,69.142,105.657,73.416,320.481
2019-01-31,66.113,106.07,70.17,308.181
2019-02-01,66.861,105.893,70.663,308.872
2019-02-04,65.122,106.105,71.806,312.272
2019-02-05,64.202,106.308,69.313,303.42
2019-02-06,66.109,105.965,69.909,306.975
2019-02-07,68.498,105.617,73.112,317.596
2019-02-08,67.184,105.661,73.693,318.622
2019-02-11,67.84,105.614,72.969,314.5
2019-02-12,64.779,106.144,71.436,308.266
2019-02-13,65.2,106.026,70.264,307.048
2019-02-14,64.923,105.959,71.088,308.756
2019-02-15,62.515,106.422,69.007,300.414
2019-02-18,62.515,106.422,67.76,295.564
2019-02-19,61.437,106.343,66.533,292.087
2019-02-20,60.471,106.364,65.543,290.165
2019-02-21,61.903,106.188,66.15,292.565
2019-02-22,61.381,106.277,66.985,291.979
2019-02-25,61.001,106.311,64.175,282.292
2019-02-26,60.559,106.35,62.798,276.51
2019-02-27,59.725,106.394,61.528,274.205
2019-02-28,60.159,106.202,61.478,276.986
2019-03-01,59.279,106.414,62.844,280.073
2019-03-04,59.823,106.318,61.896,276.952
2019-03-05,61.194,106.039,60.728,275.226
2019-03-06,62.89,105.682,61.535,278.616
2019-03-07,63.948,105.498,63.005,284.795
2019-03-08,63.637,105.505,64.673,289.628
2019-03-11,59.981,106.051,62.144,283.179
2019-03-12,59.58,106.239,60.826,277.6
2019-03-13,58.145,106.503,59.609,271.651
2019-03-14,58.428,106.373,59.967,271.301
2019-03-15,57.927,106.464,60.094,269.637
2019-03-18,57.185,106.532,58.806,266.702
2019-03-19,57.633,106.466,57.294,259.663
2019-03-20,65.788,106.49,66.087,264.651
2019-03-21,64.507,106.699,67.585,269.305
2019-03-22,68.131,106.107,69.133,281.062
2019-03-25,68.801,105.991,69.441,282.97
2019-03-26,68.181,106.176,67.81,276.643
2019-03-27,68.344,105.968,68.221,277.405
2019-03-28,66.275,106.256,68.317,280.195
2019-03-29,63.381,106.635,65.076,269.179
2019-04-01,61.614,106.993,62.257,257.974
2019-04-02,62.17,106.818,62.774,258.661
2019-04-03,61.938,106.799,60.834,251.274
2019-04-04,61.141,106.887,61.416,255.111
2019-04-05,60.038,107.074,60.564,254.23
2019-04-08,60.019,107.106,61.846,260.7
2019-04-09,60.754,106.915,60.964,258.009
2019-04-10,59.428,107.226,60.033,254.674
2019-04-11,58.8,107.305,58.924,250.741
2019-04-12,56.26,107.699,56.779,243.657
2019-04-15,56.426,107.753,58.011,247.531
2019-04-16,57.364,107.647,58.0,249.071
2019-04-17,57.643,107.546,58.218,248.299
2019-04-18,57.494,107.627,57.501,246.994
2019-04-19,57.494,107.627,57.501,246.994
2019-04-22,57.973,107.543,57.501,246.994
2019-04-23,56.827,107.699,57.676,246.425
2019-04-24,58.148,107.44,58.967,251.466
2019-04-25,58.621,107.363,59.687,254.893
2019-04-26,57.146,107.681,58.748,250.272
2019-04-29,57.745,107.576,57.711,247.282
2019-04-30,57.401,107.69,57.829,248.587
2019-05-01,58.925,107.413,58.105,249.493
2019-05-02,58.859,107.399,59.783,256.425
2019-05-03,57.624,107.66,58.2,251.492
2019-05-06,58.589,107.483,58.2,251.492
2019-05-07,60.883,107.04,61.791,266.835
2019-05-08,62.229,106.812,62.474,267.627
2019-05-09,63.053,106.583,66.237,280.297
2019-05-10,60.607,107.006,65.965,280.525
2019-05-13,65.604,105.995,68.202,290.942
2019-05-14,63.39,106.319,65.243,281.947
2019-05-15,63.459,106.25,66.352,282.478
2019-05-16,62.288,106.558,63.801,273.975
2019-05-17,63.4,106.397,65.246,279.278
2019-05-20,64.064,106.219,66.522,283.728
2019-05-21,62.903,106.486,65.146,278.71
2019-05-22,63.346,106.281,66.574,284.646
2019-05-23,65.026,105.823,69.665,296.687
2019-05-24,64.75,105.873,67.968,294.704
2019-05-27,64.75,105.873,67.968,294.704
2019-05-28,66.605,105.476,69.033,297.581
2019-05-29,67.209,105.264,71.348,306.979
2019-05-30,66.719,105.238,69.457,301.755
2019-05-31,70.189,104.527,71.707,310.188
2019-06-03,69.735,104.428,70.471,306.812
2019-06-04,65.449,105.314,66.647,291.951
2019-06-05,64.096,105.367,65.901,289.292
2019-06-06,63.74,105.635,66.256,292.614
2019-06-07,62.21,105.864,62.757,279.634
2019-06-10,60.301,106.249,60.674,268.998
2019-06-11,60.073,106.535,60.516,268.745
2019-06-12,61.544,106.205,61.539,272.899
2019-06-13,60.368,106.478,61.871,273.312
2019-06-14,61.451,106.262,61.886,274.761
2019-06-17,60.504,106.188,60.832,275.109
2019-06-18,57.568,106.921,56.55,260.917
2019-06-19,55.263,107.383,55.127,256.254
2019-06-20,53.77,107.81,54.3,253.023
2019-06-21,55.459,107.619,54.112,255.961
2019-06-24,55.604,107.483,54.422,257.179
2019-06-25,58.194,107.032,55.308,263.205
2019-06-26,57.325,107.191,54.998,263.836
2019-06-27,55.748,107.445,53.644,256.315
2019-06-28,54.149,107.635,52.538,255.103
2019-07-01,52.705,107.744,51.089,248.73
2019-07-02,52.13,107.77,49.919,244.844
2019-07-03,51.669,107.959,48.929,238.255
2019-07-04,51.669,107.959,48.785,237.086
2019-07-05,53.176,107.694,50.353,244.691
2019-07-08,54.706,107.304,51.198,247.912
2019-07-09,53.846,107.435,50.549,247.661
2019-07-10,52.452,107.673,49.163,246.178
2019-07-11,53.42,107.392,49.124,245.188
2019-07-12,53.48,107.493,49.29,245.907
2019-07-15,53.438,107.414,48.533,242.973
2019-07-16,54.05,107.224,49.617,245.292
2019-07-17,54.659,106.969,50.172,248.162
2019-07-18,52.923,107.18,49.866,253.774
2019-07-19,53.981,106.958,49.374,252.782
2019-07-22,52.735,107.171,48.216,248.764
2019-07-23,50.764,107.459,47.642,242.908
2019-07-24,49.661,107.603,45.628,237.132
2019-07-25,51.145,107.941,46.218,239.595
2019-07-26,51.245,108.016,47.264,241.811
2019-07-29,52.646,107.901,49.119,246.297
2019-07-30,52.506,107.779,51.062,256.207
2019-07-31,55.175,107.351,49.946,253.348
2019-08-01,55.788,107.041,50.598,254.585
2019-08-02,56.644,106.75,53.575,269.256
2019-08-05,62.471,105.759,57.886,286.552
2019-08-06,59.525,106.167,56.565,280.384
2019-08-07,59.99,106.138,57.773,285.26
2019-08-08,58.178,106.433,54.882,275.234
2019-08-09,59.07,106.087,57.151,282.383
2019-08-12,61.751,105.52,58.185,288.328
2019-08-13,56.783,106.399,53.843,274.432
2019-08-14,62.394,105.177,58.192,292.653
2019-08-15,61.946,105.41,55.975,288.569
2019-08-16,58.193,105.999,52.851,278.849
2019-08-19,55.434,106.28,50.604,270.137
2019-08-20,56.977,106.029,52.146,274.511
2019-08-21,54.58,106.451,49.878,265.228
2019-08-22,54.61,106.509,50.115,265.125
2019-08-23,58.52,105.761,52.579,273.198
2019-08-26,56.298,106.106,52.579,273.198
2019-08-27,56.619,105.989,50.256,265.449
2019-08-28,55.153,106.266,49.43,261.269
2019-08-29,53.956,106.676,47.482,250.16
2019-08-30,54.055,106.711,48.558,251.651
2019-09-02,54.055,106.711,49.503,252.269
2019-09-03,55.384,106.318,50.215,258.419
2019-09-04,53.883,106.59,48.69,251.376
2019-09-05,52.215,107.008,47.99,243.98
2019-09-06,51.233,107.28,47.248,239.387
2019-09-09,51.724,107.306,47.802,239.481
2019-09-10,52.06,107.286,48.959,243.818
2019-09-11,50.834,107.424,49.105,247.688
2019-09-12,50.098,107.551,44.905,235.726
2019-09-13,50.066,107.661,45.134,238.12
2019-09-16,51.039,107.688,46.63,243.941
2019-09-17,51.503,107.639,48.094,249.405
2019-09-18,50.828,107.608,47.792,248.788
2019-09-19,51.803,107.304,47.408,245.458
2019-09-20,59.723,107.201,54.636,216.482
2019-09-23,58.984,107.321,55.264,223.452
2019-09-24,60.968,107.09,55.191,224.954
2019-09-25,60.1,107.25,55.744,231.546
2019-09-26,60.845,107.087,56.088,232.215
2019-09-27,61.685,106.422,56.411,234.095
2019-09-30,59.8,106.705,55.132,231.658
2019-10-01,60.645,106.454,55.004,234.521
2019-10-02,63.389,105.912,57.486,241.902
2019-10-03,62.726,105.906,59.301,253.525
2019-10-04,60.242,106.411,57.671,248.393
2019-10-07,61.145,106.245,58.065,252.522
2019-10-08,63.091,105.858,59.288,258.913
2019-10-09,61.432,106.088,57.708,252.501
2019-10-10,59.973,106.306,56.388,247.523
2019-10-11,57.239,106.76,54.017,240.619
2019-10-14,57.239,106.76,55.342,245.214
2019-10-15,56.236,107.056,52.932,235.884
2019-10-16,56.068,107.101,52.5,233.954
2019-10-17,55.63,107.173,53.615,235.116
2019-10-18,54.905,107.228,53.03,232.654
2019-10-21,53.798,107.444,50.761,224.959
2019-10-22,54.633,107.296,50.514,225.742
2019-10-23,54.144,107.441,51.011,228.543
2019-10-24,54.619,107.375,51.211,231.718
2019-10-25,53.598,107.468,50.415,228.159
2019-10-28,53.328,107.538,50.023,227.888
2019-10-29,54.488,107.417,50.98,232.541
2019-10-30,54.213,107.446,51.416,236.907
2019-10-31,55.056,107.187,51.929,239.399
2019-11-01,52.9,107.569,50.336,232.562
2019-11-04,51.466,107.783,48.654,226.198
2019-11-05,51.86,107.721,48.562,228.476
2019-11-06,51.883,107.663,49.532,234.363
2019-11-07,51.17,107.744,48.749,232.098
2019-11-08,51.299,107.642,48.811,230.5
2019-11-11,51.299,107.642,48.56,229.898
2019-11-12,51.724,107.517,48.262,231.165
2019-11-13,52.221,107.336,49.403,235.5
2019-11-14,52.421,107.25,50.109,239.972
2019-11-15,51.26,107.402,48.861,232.566
2019-11-18,51.253,107.31,48.547,231.65
2019-11-19,52.143,107.052,49.333,232.979
2019-11-20,52.77,106.838,49.988,235.856
2019-11-21,52.891,106.811,49.789,234.869
2019-11-22,51.461,107.112,49.735,234.007
2019-11-25,50.028,107.466,48.153,228.012
2019-11-26,49.19,107.639,47.805,226.678
2019-11-27,49.565,107.729,47.687,222.655
2019-11-28,49.565,107.729,47.944,221.892
2019-11-29,50.03,107.644,47.748,220.897
2019-12-02,51.546,107.475,48.953,225.588
2019-12-03,52.192,107.345,50.03,229.545
2019-12-04,50.395,107.593,48.045,223.463
2019-12-05,50.463,107.563,47.953,224.162
2019-12-06,49.205,107.796,46.999,220.028
2019-12-09,50.183,107.529,47.502,221.11
2019-12-10,49.875,107.526,47.286,221.267
2019-12-11,49.175,108.668,47.392,221.581
2019-12-12,47.802,108.873,47.249,220.406
2019-12-13,47.86,108.963,46.249,215.306
2019-12-16,46.135,109.264,45.026,209.094
2019-12-17,45.814,109.305,45.124,210.969
2019-12-18,45.773,109.464,44.95,210.184
2019-12-19,45.708,109.419,44.736,209.11
2019-12-20,45.116,109.52,43.391,205.043
2019-12-23,45.041,109.546,44.269,208.926
2019-12-24,44.599,109.601,44.12,208.85
2019-12-25,44.599,109.601,44.12,208.85
2019-12-26,43.978,109.733,44.12,208.85
2019-12-27,43.948,109.806,43.435,204.377
2019-12-30,44.975,109.701,43.699,205.169
2019-12-31,45.266,109.646,44.249,207.203
