Date,USDRC CURNCY,EUDRC CURNCY,BPDRC CURNCY,JYDRC CURNCY,ADDRC CURNCY,NDDRC CURNCY,CDDRC CURNCY,SFDRC CURNCY,NKDRC CURNCY,SKDRC CURNCY,MPDRC CURNCY,BCDRC CURNCY,SADRC CURNCY,TYDRC CURNCY,IRSCDC CURNCY,KWCDC CURNCY
2005-10-05,4.05,2.1563,4.5469,0.02,5.555,7.135,3.005,0.7291,2.372,1.615,,,7.2,14.68,,3.98
2005-10-06,4.075,2.1563,4.52,0.0225,5.525,7.095,3.02,0.7232,2.34,1.65,,,7.2,14.63,,3.97
2005-10-07,4.095,2.1407,4.51,0.01,5.565,7.12,3.02,0.75,2.33,1.625,,,7.2,14.63,,3.97
2005-10-10,4.085,2.1563,4.49,0.0,5.555,7.12,3.02,0.7501,2.35,1.645,,,7.2,14.63,,3.98
2005-10-11,4.085,2.1575,4.485,0.0,5.555,7.16,3.02,0.7501,2.34,1.655,,,7.2,14.63,,3.97
2005-10-12,4.11,2.1563,4.505,0.0,5.54,7.175,3.02,0.725,2.32,1.64,,,7.2,14.63,,3.97
2005-10-13,4.11,2.1563,4.495,0.0,5.56,7.205,3.05,0.7501,2.34,1.635,,,7.2,14.63,,3.92
2005-10-14,4.14,2.1563,4.505,0.0,5.565,7.195,3.07,0.7501,2.3,1.555,,,7.2,14.63,,3.92
2005-10-17,4.13,2.155,4.525,0.0,5.52,7.16,3.07,0.7501,2.3395,1.56,,,7.2,14.5,,3.92
2005-10-18,4.135,2.1563,4.495,0.0,5.52,7.18,3.12,0.7501,2.28,1.56,,,7.2,14.5,,3.9
2005-10-19,4.055,2.18,4.525,0.0,5.555,7.25,3.12,0.775,2.3155,1.56,,,7.2,14.5,,3.87
2005-10-20,4.17,2.1575,4.525,0.0,5.54,7.2,3.14,0.755,2.28,1.56,,,7.2,14.5,,3.87
2005-10-21,4.13,2.1563,4.525,0.0,5.56,7.3,3.12,0.7501,2.3,1.545,,,7.2,14.5,,3.87
2005-10-24,4.165,2.155,4.535,0.0,5.56,7.3,3.14,0.77,2.3495,1.545,,,7.2,14.5,,3.88
2005-10-25,4.175,2.165,4.525,-0.02,5.56,7.3,3.14,0.75,2.305,1.545,,,7.2,14.5,,3.89
2005-10-26,4.13,2.175,4.555,0.0,5.57,7.3,3.15,0.7501,2.34,1.605,,,7.2,14.5,,3.89
2005-10-27,4.225,2.205,4.525,0.0,5.565,7.275,3.16,0.775,2.33,1.605,,,7.2,14.5,,3.9
2005-10-28,4.225,2.1563,4.55,0.0,5.56,7.23,3.17,0.7501,2.36,1.61,,,7.2,14.5,,3.91
2005-10-31,4.225,2.1563,4.55,0.0,5.565,7.225,3.18,0.7501,2.395,1.615,,,7.2,14.5,,3.91
2005-11-01,4.215,2.2188,4.5313,-0.02,5.535,7.255,3.18,0.8126,2.395,1.615,,,7.2,14.5,,3.93
2005-11-02,4.285,2.2188,4.5626,-0.02,5.515,7.255,3.185,0.8438,2.395,1.615,,,7.2,14.5,,3.95
2005-11-03,4.255,2.225,4.535,0.0,5.54,7.26,3.2,0.84,2.3975,1.62,,,7.2,14.5,,3.95
2005-11-04,4.285,2.265,4.555,0.0,5.53,7.3,3.2,0.885,2.42,1.63,,,7.2,14.5,,3.96
2005-11-07,4.315,2.275,4.56,0.0,5.57,7.36,3.2,0.8751,2.42,1.625,,,7.2,14.25,,3.96
2005-11-08,4.315,2.245,4.545,0.0155,5.56,7.365,3.2,0.94,2.44,1.575,,,7.2,14.25,,3.95
2005-11-09,4.295,2.2188,4.5313,-0.02,5.575,7.365,3.2,0.8751,2.445,1.635,,,7.2,14.25,,3.95
2005-11-10,4.295,2.305,4.57,0.0155,5.525,7.43,3.2,0.94,2.42,1.575,,,7.2,14.0,,3.95
2005-11-11,4.325,2.265,4.565,0.0,5.535,7.425,3.2,0.8751,2.44,1.63,,,7.2,14.0,,3.95
2005-11-14,4.35,2.325,4.565,0.0,5.515,7.37,3.26,0.8751,2.42,1.645,,,7.15,14.0,,3.95
2005-11-15,4.315,2.3126,4.57,0.03,5.56,7.515,3.28,0.9063,2.42,1.645,,,7.15,14.0,,3.97
2005-11-16,4.325,2.31,4.56,0.01,5.51,7.48,3.285,0.935,2.44,1.62,,,7.15,14.0,,3.97
2005-11-17,4.325,2.3126,4.5313,-0.02,5.51,7.49,3.285,0.945,2.455,1.63,,,7.15,14.0,,3.97
2005-11-18,4.335,2.395,4.555,-0.02,5.51,7.49,3.285,0.955,2.41,1.63,,,7.15,14.13,,3.97
2005-11-21,4.33,2.415,4.5313,-0.02,5.55,7.58,3.33,0.935,2.425,1.64,,,7.15,14.13,,3.97
2005-11-22,4.26,2.415,4.535,-0.02,5.555,7.585,3.33,0.945,2.425,1.645,,,7.15,14.13,,3.97
2005-11-23,4.26,2.435,4.5313,-0.02,5.56,7.515,3.33,0.945,2.435,1.625,,,7.15,14.13,,3.96
2005-11-24,4.37,2.425,4.55,0.005,5.555,7.555,3.33,0.95,2.43,1.605,,,7.15,14.13,,3.95
2005-11-25,4.2,2.435,4.545,0.03,5.54,7.555,3.33,0.94,2.42,1.65,,,7.2,14.13,,3.95
2005-11-28,4.18,2.415,4.545,-0.02,5.5575,7.615,3.33,0.97,2.41,1.675,,,7.2,14.13,,3.95
2005-11-29,4.385,2.43,4.565,0.0155,5.565,7.605,3.33,0.98,2.4188,1.65,,,7.2,14.13,,3.95
2005-11-30,4.395,2.455,4.5626,0.005,5.52,7.56,3.32,0.965,2.41,1.62,,,7.2,14.13,,3.95
2005-12-01,4.405,2.435,4.565,0.0155,5.545,7.595,3.38,0.99,2.41,1.65,,,7.2,14.13,,3.95
2005-12-02,4.415,2.445,4.575,0.0155,5.52,7.535,3.38,1.0001,2.42,1.68,,,7.2,14.13,,3.95
2005-12-05,4.45,2.445,4.57,0.035,5.52,7.55,3.38,0.99,2.4105,1.68,,,7.2,14.13,,3.95
2005-12-06,4.405,2.405,4.565,-0.005,5.56,7.565,3.38,0.965,2.46,1.775,,,7.2,14.25,,3.96
2005-12-07,4.435,2.4063,4.5626,0.005,5.535,7.625,3.38,1.015,2.45,1.765,,,7.2,14.25,,3.96
2005-12-08,4.425,2.405,4.5626,0.03,5.57,7.605,3.38,1.005,2.46,1.755,,,7.2,14.25,,4.03
2005-12-09,4.43,2.4063,4.5626,0.02,5.575,7.6,3.38,1.025,2.46,1.765,,,7.2,14.25,,4.03
2005-12-12,4.425,2.4063,4.595,-0.02,5.55,7.59,3.38,1.025,2.44,1.705,,,7.2,14.23,,4.03
2005-12-13,4.425,2.415,4.585,0.005,5.55,7.535,3.38,1.01,2.44,1.79,,,7.2,14.23,,4.04
2005-12-14,4.48,2.4063,4.61,0.02,5.52,7.56,3.39,0.9894,2.39,1.74,,,7.2,14.25,,4.05
2005-12-15,4.455,2.435,4.605,-0.02,5.565,7.565,3.39,0.9688,2.4,1.825,,,7.2,14.25,,4.06
2005-12-16,4.495,2.465,4.6025,0.03,5.56,7.54,3.39,0.975,2.382,1.8,,,7.2,14.25,,4.07
2005-12-19,4.45,2.435,4.5938,-0.02,5.54,7.52,3.39,0.9376,2.41,1.79,,,7.2,14.25,,4.07
2005-12-20,4.42,2.465,4.595,-0.02,5.56,7.515,3.39,0.985,2.43,1.785,,,7.2,14.25,,4.07
2005-12-21,4.43,2.475,4.595,0.03,5.56,7.56,3.39,0.995,2.44,1.8,,,7.2,14.25,,4.07
2005-12-22,4.395,2.4688,4.5626,-0.02,5.525,7.575,3.39,0.9688,2.435,1.85,,,7.2,14.25,,4.07
2005-12-23,4.44,2.495,4.5626,0.035,5.525,7.505,3.39,0.9688,2.44,1.855,,,7.2,14.25,,4.07
2005-12-26,4.32,2.4688,4.5626,-0.01,5.525,7.505,3.39,0.9688,2.43,1.785,,,7.2,14.13,,4.07
2005-12-27,4.52,2.495,4.595,0.03,5.565,7.56,3.39,0.975,2.43,1.8,,,7.2,14.13,,4.08
2005-12-28,4.48,2.47,4.59,0.03,5.555,7.575,3.46,0.995,2.47,1.84,,,7.2,14.13,,4.08
2005-12-29,4.53,2.465,4.58,-0.01,5.535,7.475,3.46,0.98,2.43,1.805,,,7.2,14.13,,4.09
2005-12-30,4.495,2.485,4.595,-0.01,5.55,7.535,3.46,0.99,2.42,1.84,,,7.2,14.13,,4.09
2006-01-02,4.51,2.485,4.595,0.025,5.535,7.475,3.46,0.985,2.4565,1.805,,,7.2,14.13,,4.1
2006-01-03,4.505,2.465,4.56,0.025,5.54,7.51,3.4376,0.9688,2.43,1.86,,,7.2,14.08,,4.11
2006-01-04,4.5,2.455,4.555,0.025,5.535,7.505,3.4376,0.985,2.41,1.845,,,7.2,14.13,,4.12
2006-01-05,4.51,2.465,4.56,0.025,5.545,7.56,3.4688,0.995,2.405,1.905,,,7.2,14.13,,4.13
2006-01-06,4.565,2.46,4.56,0.02,5.535,7.55,3.4688,1.0001,2.41,1.865,,,7.2,14.08,,4.14
2006-01-09,4.57,2.47,4.545,-0.01,5.545,7.545,3.4688,0.975,2.405,1.865,,,7.2,14.08,,4.15
2006-01-10,4.545,2.475,4.555,0.025,5.54,7.53,3.5,1.0,2.42,1.91,,,7.2,14.08,,4.16
2006-01-11,4.575,2.475,4.545,0.02,5.535,7.525,3.5,0.975,2.39,1.93,,,7.2,14.08,,4.17
2006-01-12,4.6,2.485,4.535,0.025,5.535,7.525,3.5313,0.955,2.395,1.925,,,7.2,14.08,,4.17
2006-01-13,4.6,2.48,4.56,0.03,5.54,7.53,3.5313,0.94,2.4,1.92,,,7.2,14.08,,4.16
2006-01-16,4.55,2.4688,4.56,-0.01,5.535,7.525,3.5313,0.985,2.39,1.92,,,7.2,14.13,,4.16
2006-01-17,4.61,2.4688,4.525,-0.01,5.54,7.52,3.5626,0.9376,2.38,1.92,,,7.2,14.08,,4.16
2006-01-18,4.605,2.48,4.52,-0.01,5.54,7.52,3.585,0.965,2.38,1.92,,,7.2,14.13,,4.16
2006-01-19,4.585,2.4688,4.505,-0.01,5.525,7.465,3.5913,0.915,2.395,1.99,,,7.2,14.13,,4.16
2006-01-20,4.63,2.4688,4.535,-0.01,5.53,7.46,3.5938,0.9769,2.38,1.97,,,7.2,14.13,,4.16
2006-01-23,4.585,2.5001,4.535,0.025,5.53,7.46,3.5938,0.955,2.37,1.95,,,7.2,14.08,,4.16
2006-01-24,4.6,2.5001,4.535,0.025,5.53,7.46,3.6063,0.9688,2.37,1.95,,,7.2,14.08,,4.16
2006-01-25,4.615,2.5001,4.5413,-0.01,5.53,7.46,3.5938,0.9688,2.37,1.95,,,7.2,14.08,,4.16
2006-01-26,4.62,2.505,4.54,0.025,5.53,7.47,3.5938,0.985,2.39,1.97,,,7.2,14.08,,4.16
2006-01-27,4.645,2.52,4.515,-0.01,5.53,7.52,3.6251,0.945,2.39,1.97,,,7.2,14.08,,4.16
2006-01-30,4.635,2.515,4.53,-0.01,5.53,7.53,3.6251,0.985,2.39,1.98,,,7.2,14.13,,4.16
2006-01-31,4.675,2.5001,4.535,-0.01,5.53,7.515,3.6251,0.975,2.385,1.995,,,7.2,14.13,,4.17
2006-02-01,4.67,2.5313,4.53,-0.01,5.515,7.445,3.66,1.0001,2.385,2.02,,,7.2,14.13,,4.2
2006-02-02,4.675,2.5313,4.535,0.01,5.515,7.465,3.6563,1.0001,2.405,1.985,,,7.2,14.13,,4.21
2006-02-03,4.68,2.5313,4.5313,-0.01,5.51,7.47,3.6563,1.0001,2.41,1.99,,,7.2,14.13,,4.22
2006-02-06,4.67,2.5313,4.535,-0.01,5.505,7.465,3.6563,1.0001,2.44,1.975,,,7.2,14.08,,4.23
2006-02-07,4.69,2.555,4.535,0.01,5.505,7.465,3.6876,1.0001,2.405,1.975,,,7.2,14.08,,4.25
2006-02-08,4.69,2.535,4.535,0.01,5.505,7.495,3.6876,1.0001,2.405,1.975,,,7.2,14.08,,4.26
2006-02-09,4.715,2.5769,4.53,-0.01,5.505,7.505,3.6876,1.0313,2.43,1.975,,,7.2,14.08,,4.26
2006-02-10,4.73,2.5626,4.5313,-0.01,5.505,7.445,3.7188,1.0,2.41,2.005,,,7.2,14.08,,4.26
2006-02-13,4.71,2.5626,4.5313,-0.01,5.505,7.43,3.7188,1.0313,2.41,1.995,,,7.2,14.08,,4.26
2006-02-14,4.72,2.575,4.53,-0.01,5.525,7.415,3.7188,1.0313,2.43,2.02,,,7.2,14.13,,4.26
2006-02-15,4.73,2.5626,4.5313,-0.01,5.505,7.395,3.7188,1.0313,2.405,2.005,,,7.2,14.08,,4.26
2006-02-16,4.7425,2.5626,4.52,-0.01,5.505,7.375,3.7188,1.0607,2.48,1.975,,,7.2,14.13,,4.26
2006-02-17,4.695,2.5626,4.5001,-0.01,5.51,7.39,3.7188,1.0626,2.41,1.98,,,7.2,14.13,,4.26
2006-02-20,4.745,2.5626,4.5001,-0.01,5.505,7.385,3.7188,1.0626,2.405,1.975,,,7.2,14.13,,4.26
2006-02-21,4.755,2.5938,4.5001,-0.01,5.515,7.375,3.7501,1.0626,2.5,2.005,,,7.2,14.08,,4.26
2006-02-22,4.75,2.575,4.535,0.05,5.495,7.365,3.7813,1.0626,2.51,2.0,,,7.2,14.08,,4.26
2006-02-23,4.785,2.615,4.51,0.05,5.505,7.4,3.795,1.075,2.52,2.035,,,7.25,14.13,,4.26
2006-02-24,4.805,2.625,4.515,-0.01,5.53,7.395,3.7813,1.13,2.55,2.06,,,7.25,14.08,,4.26
2006-02-27,4.785,2.5626,4.5313,-0.01,5.5,7.37,3.7188,1.0313,2.53,2.06,,,7.15,14.08,,4.26
2006-02-28,4.77,2.5626,4.505,-0.01,5.5325,7.385,3.865,1.09,2.528,2.09,,,7.2,13.9,,4.26
2006-03-01,4.78,2.6251,4.5001,0.05,5.515,7.39,3.8438,1.1532,2.5585,2.085,,,7.2,14.08,,4.26
2006-03-02,4.81,2.6251,4.5001,0.11,5.53,7.365,3.8751,1.115,2.52,2.055,,,7.2,13.75,,4.26
2006-03-03,4.84,2.6251,4.5001,0.0,5.495,7.365,3.8438,1.1251,2.52,2.095,,,7.3,13.9,,4.26
2006-03-06,4.81,2.6563,4.5313,0.0,5.505,7.365,3.8438,1.1407,2.53,2.125,,,7.2,13.78,,4.26
2006-03-07,4.835,2.665,4.515,0.08,5.55,7.45,3.835,1.1251,2.55,2.11,,,7.2,13.78,,4.27
2006-03-08,4.85,2.635,4.525,0.0,5.52,7.45,3.8126,1.1251,2.56,2.085,,,7.3,13.78,,4.27
2006-03-09,4.845,2.645,4.53,0.09,5.52,7.475,3.825,1.155,2.555,2.125,,,7.3,13.75,,4.27
2006-03-10,4.875,2.645,4.52,0.07,5.51,7.4,3.8438,1.145,2.55,2.04,,,7.3,13.88,,4.27
2006-03-13,4.89,2.6563,4.525,0.01,5.5475,7.42,3.8438,1.1563,2.59,2.135,,,7.3,13.9,,4.27
2006-03-14,4.875,2.695,4.52,0.01,5.505,7.375,3.8438,1.1563,2.545,2.105,,,7.3,13.88,,4.27
2006-03-15,4.865,2.695,4.5313,0.01,5.51,7.33,3.8438,1.1876,2.62,2.13,,,7.2,13.75,,4.27
2006-03-16,4.87,2.695,4.525,0.095,5.51,7.34,3.8438,1.165,2.6,2.11,,,7.15,14.08,,4.27
2006-03-17,4.895,2.7,4.55,0.09,5.525,7.335,3.8438,1.22,2.61,2.105,,,7.15,13.83,,4.27
2006-03-20,4.88,2.6563,4.5313,0.01,5.5,7.3,3.8438,1.1563,2.6065,2.11,,,7.15,13.9,,4.27
2006-03-21,4.92,2.6876,4.54,0.01,5.5,7.3,3.8438,1.1876,2.61,2.11,,,7.15,13.83,,4.27
2006-03-22,4.92,2.6876,4.525,0.01,5.515,7.34,3.9063,1.1563,2.6645,2.12,,,7.2,13.9,,4.27
2006-03-23,4.93,2.6876,4.5626,0.01,5.52,7.34,3.8751,1.195,2.6475,2.115,,,7.2,13.9,,4.27
2006-03-24,4.9,2.725,4.535,0.01,5.515,7.3,3.8751,1.1876,2.59,2.115,,,7.2,13.85,,4.27
2006-03-27,4.925,2.725,4.535,0.09,5.515,7.33,3.895,1.195,2.61,2.125,,,7.2,13.9,,4.27
2006-03-28,4.945,2.765,4.5626,0.07,5.515,7.33,3.8751,1.2,2.61,2.115,,,7.2,13.7,,4.27
2006-03-29,4.9225,2.7501,4.5313,0.01,5.475,7.34,3.9063,1.2,2.64,2.12,,,7.2,13.7,,4.27
2006-03-30,4.9375,2.7813,4.55,0.095,5.535,7.37,3.9063,1.1876,2.64,2.18,,,7.2,13.7,,4.27
2006-03-31,4.965,2.795,4.55,0.09,5.53,7.37,3.925,1.21,2.68,2.195,,,7.2,13.7,,4.27
2006-04-03,4.955,2.7813,4.5626,0.1,5.5,7.36,3.9063,1.2188,2.67,2.18,,,7.2,13.9,,4.27
2006-04-04,4.96,2.7813,4.5626,0.01,5.515,7.365,3.9376,1.2188,2.65,2.2,,,7.2,13.83,,4.27
2006-04-05,4.995,2.8,4.5626,0.01,5.56,7.375,3.9376,1.19,2.675,2.22,,,7.2,13.7,,4.28
2006-04-06,4.995,2.745,4.535,0.08,5.625,7.415,3.9376,1.2188,2.69,2.16,,,7.2,13.7,,4.29
2006-04-07,5.05,2.74,4.56,0.01,5.555,7.34,3.9688,1.2188,2.7,2.24,,,7.15,13.65,,4.29
2006-04-10,5.02,2.735,4.5626,0.01,5.56,7.355,4.0001,1.2188,2.7,2.2,,,7.275,13.0,,4.3
2006-04-11,5.02,2.7188,4.58,0.07,5.575,7.325,4.0001,1.2188,2.675,2.185,,,7.15,13.0,,4.3
2006-04-12,5.005,2.7188,4.5626,0.01,5.605,7.375,4.0313,1.2188,2.695,2.195,,,7.275,13.0,,4.34
2006-04-13,5.065,2.7188,4.5626,0.01,5.575,7.325,4.0313,1.2501,2.71,2.155,,,7.15,13.65,,4.35
2006-04-14,5.05,2.7188,4.5313,0.01,5.575,7.325,4.0313,1.2501,2.72,2.155,,,7.275,13.0,,4.36
2006-04-17,5.025,2.7188,4.5001,0.01,5.58,7.33,4.0626,1.2501,2.69,2.16,,,7.275,13.65,,4.36
2006-04-18,5.05,2.7188,4.5626,0.01,5.62,7.45,4.0313,1.2188,2.7,2.155,,,7.15,13.65,,4.36
2006-04-19,5.02,2.7188,4.5626,0.09,5.6,7.39,4.035,1.2188,2.71,2.16,,,7.15,13.65,,4.36
2006-04-20,5.055,2.7188,4.5626,0.01,5.575,7.395,4.0313,1.2501,2.675,2.155,,,7.15,13.65,,4.36
2006-04-21,5.045,2.7188,4.575,0.07,5.64,7.455,4.0626,1.2501,2.69,2.155,,,7.25,13.65,,4.36
2006-04-24,5.045,2.7188,4.5626,0.1,5.635,7.46,4.0626,1.2501,2.675,2.165,,,7.15,13.65,,4.36
2006-04-25,5.1,2.79,4.59,0.11,5.615,7.49,4.0626,1.27,2.68,2.17,,,7.225,13.5,,4.36
2006-04-26,5.085,2.7813,4.5938,0.08,5.695,7.5,4.1251,1.2501,2.695,2.145,,,7.15,13.4,,4.36
2006-04-27,5.105,2.8126,4.615,0.105,5.72,7.485,4.13,1.2813,2.755,2.155,,,7.225,13.4,,4.36
2006-04-28,5.09,2.8126,4.615,0.01,5.7,7.455,4.1251,1.2813,2.745,2.155,,,7.2,13.18,,4.36
2006-05-01,5.095,2.8126,4.5938,0.01,5.705,7.43,4.1563,1.2813,2.745,2.19,,,7.2,13.18,,4.36
2006-05-02,5.08,2.8126,4.625,0.11,5.71,7.41,4.1563,1.3126,2.765,2.165,,,7.15,13.18,,4.36
2006-05-03,5.13,2.83,4.5938,0.125,5.795,7.415,4.1563,1.3751,2.75,2.155,,,7.15,13.18,,4.36
2006-05-04,5.105,2.8126,4.6251,0.1,5.79,7.385,4.17,1.3751,2.745,2.17,,,7.25,13.18,,4.36
2006-05-05,5.115,2.815,4.6251,0.065,5.79,7.41,4.17,1.3751,2.78,2.18,,,7.15,13.28,,4.36
2006-05-08,5.125,2.8126,4.6251,0.095,5.79,7.375,4.1563,1.3438,2.8165,2.19,,,7.15,13.7,,4.36
2006-05-09,5.1,2.86,4.66,0.09,5.78,7.43,4.1876,1.385,2.76,2.15,,,7.15,13.28,,4.36
2006-05-10,5.11,2.8438,4.665,0.11,5.805,7.465,4.1876,1.3751,2.79,2.145,,,7.15,13.33,,4.36
2006-05-11,5.135,2.855,4.5938,0.175,5.82,7.48,4.155,1.375,2.76,2.19,,,7.15,13.0,,4.36
2006-05-12,5.14,2.865,4.645,0.175,5.82,7.47,4.175,1.355,2.805,2.205,,,7.15,13.0,,4.36
2006-05-15,5.125,2.875,4.6251,0.13,5.8,7.43,4.1563,1.3751,2.76,2.15,,,7.15,13.65,,4.36
2006-05-16,5.105,2.8438,4.6251,0.1,5.8,7.425,4.1563,1.3438,2.85,2.185,,,7.15,13.68,,4.36
2006-05-17,5.13,2.865,4.6563,0.175,5.81,7.445,4.185,1.3775,2.87,2.22,,,7.15,13.48,,4.36
2006-05-18,5.14,2.865,4.6251,0.13,5.825,7.46,4.1876,1.3751,2.7935,2.245,,,7.15,13.48,,4.36
2006-05-19,5.155,2.885,4.6251,0.11,5.82,7.47,4.1563,1.38,2.835,2.215,,,7.15,13.48,,4.36
2006-05-22,5.15,2.8438,4.6251,0.11,5.805,7.465,4.1876,1.3751,2.845,2.22,,,7.15,13.48,,4.36
2006-05-23,5.15,2.8438,4.6251,0.18,5.805,7.42,4.1876,1.3751,2.855,2.23,,,7.15,13.8,,4.36
2006-05-24,5.155,2.8438,4.6251,0.215,5.805,7.415,4.1876,1.3438,2.855,2.235,,,7.26,13.1,,4.36
2006-05-25,5.165,2.885,4.6563,0.25,5.81,7.405,4.245,1.3751,2.865,2.24,,,7.3,13.63,,4.36
2006-05-26,5.195,2.88,4.6251,0.2,5.81,7.42,4.2501,1.3751,2.875,2.245,,,7.325,13.85,,4.36
2006-05-29,5.195,2.905,4.7,0.29,5.805,7.42,4.2501,1.3751,2.87,2.27,,,7.15,13.85,,4.36
2006-05-30,5.195,2.895,4.665,0.295,5.81,7.41,4.2501,1.3751,2.855,2.245,,,7.15,13.85,,4.36
2006-05-31,5.21,2.8751,4.6563,0.24,5.81,7.4,4.2813,1.365,2.91,2.31,,,7.15,14.64,,4.36
2006-06-01,5.21,2.93,4.6876,0.285,5.795,7.42,4.2813,1.4,2.895,2.3,,,7.15,14.9,,4.36
2006-06-02,5.165,2.925,4.6563,0.25,5.77,7.41,4.28,1.405,2.88,2.29,,,7.15,14.78,,4.36
2006-06-05,5.215,2.9063,4.6563,0.295,5.775,7.42,4.2813,1.385,2.87,2.375,,,7.3,15.5,,4.36
2006-06-06,5.225,2.9063,4.6563,0.275,5.795,7.415,4.2813,1.41,2.895,2.345,,,7.15,14.5,,4.36
2006-06-07,5.24,2.945,4.6563,0.25,5.82,7.41,4.2813,1.415,2.955,2.335,,,7.15,14.4,,4.36
2006-06-08,5.26,2.905,4.6563,0.265,5.775,7.44,4.2813,1.41,2.935,2.365,,,7.15,14.4,,4.41
2006-06-09,5.3,2.905,4.6563,0.325,5.775,7.425,4.2813,1.4376,2.94,2.315,,,7.3,14.4,,4.41
2006-06-12,5.295,2.93,4.685,0.27,5.855,7.44,4.3126,1.405,2.86,2.37,,,7.55,14.4,,4.41
2006-06-13,5.305,2.9063,4.6563,0.28,5.86,7.435,4.2813,1.415,2.915,2.305,,,7.6,16.88,,4.41
2006-06-14,5.3525,2.9063,4.6563,0.33,5.865,7.435,4.2813,1.425,2.91,2.365,,,7.55,14.4,,4.41
2006-06-15,5.385,2.935,4.6563,0.23,5.86,7.405,4.2813,1.415,2.865,2.355,,,7.55,16.0,,4.41
2006-06-16,5.365,2.935,4.6876,0.23,5.87,7.45,4.2813,1.4376,2.885,2.34,,,7.65,13.9,,4.42
2006-06-19,5.38,2.955,4.69,0.26,5.865,7.425,4.2813,1.4376,2.88,2.355,,,7.5,14.4,,4.45
2006-06-20,5.385,2.9376,4.6876,0.31,5.865,7.43,4.3126,1.42,2.87,2.385,,,7.5,17.15,,4.5
2006-06-21,5.39,2.9376,4.6876,0.25,5.89,7.42,4.3438,1.4376,2.88,2.395,,,7.5,17.15,,4.51
2006-06-22,5.415,2.9376,4.71,0.3,5.835,7.415,4.3438,1.4688,2.865,2.385,,,7.5,17.0,,4.55
2006-06-23,5.43,2.9376,4.6876,0.3,5.94,7.395,4.3438,1.465,2.885,2.385,,,7.6,17.63,,4.55
2006-06-26,5.46,2.9688,4.6876,0.29,5.905,7.38,4.355,1.4575,2.895,2.405,,,7.65,19.5,,4.56
2006-06-27,5.45,3.03,4.69,0.26,5.905,7.37,4.3438,1.48,2.92,2.405,,,7.65,20.53,,4.57
2006-06-28,5.45,3.0313,4.6876,0.29,5.895,7.355,4.3438,1.45,2.95,2.375,,,7.65,22.5,,4.57
2006-06-29,5.405,3.015,4.68,0.29,5.955,7.34,4.3438,1.44,2.96,2.415,,,7.75,20.0,,4.57
2006-06-30,5.45,3.02,4.71,0.27,5.885,7.325,4.3438,1.4688,2.905,2.375,,,7.6,22.7,,4.59
2006-07-03,5.445,3.0313,4.675,0.38,5.89,7.37,4.3438,1.4688,2.95,2.45,,,7.9,22.13,,4.59
2006-07-04,5.45,3.0001,4.67,0.33,5.89,7.35,4.365,1.4688,2.925,2.405,,,7.9,21.38,,4.59
2006-07-05,5.455,3.0001,4.695,0.31,5.8775,7.365,4.3438,1.4688,2.925,2.425,,,7.6,20.7,,4.6
2006-07-06,5.48,3.065,4.6563,0.29,5.89,7.385,4.3438,1.4688,2.935,2.45,,,7.6,22.13,,4.6
2006-07-07,5.465,3.06,4.6563,0.29,5.895,7.37,4.3438,1.4688,2.965,2.405,,,7.6,20.6,,4.6
2006-07-10,5.465,3.07,4.6251,0.395,5.895,7.38,4.3438,1.465,2.975,2.445,,,7.6,20.85,,4.61
2006-07-11,5.435,3.075,4.66,0.31,5.885,7.355,4.3438,1.465,2.955,2.415,,,7.6,21.5,,4.62
2006-07-12,5.445,3.0313,4.6251,0.34,5.895,7.355,4.3126,1.465,2.965,2.41,,,7.6,20.25,,4.63
2006-07-13,5.445,3.0313,4.6251,0.32,5.955,7.38,4.3126,1.46,2.99,2.415,,,7.6,20.5,,4.63
2006-07-14,5.425,3.0626,4.6251,0.35,6.005,7.4,4.2813,1.4688,2.995,2.485,,,7.9,19.83,,4.64
2006-07-17,5.43,3.075,4.64,0.365,5.97,7.38,4.2813,1.4688,2.97,2.46,,,7.7,19.83,,4.64
2006-07-18,5.475,3.09,4.6251,0.35,5.98,7.38,4.3126,1.5001,2.995,2.46,,,7.7,19.83,,4.64
2006-07-19,5.44,3.0626,4.665,0.39,5.93,7.42,4.3126,1.48,3.0,2.46,,,7.75,19.83,,4.64
2006-07-20,5.445,3.095,4.6563,0.34,5.96,7.41,4.2813,1.5001,2.98,2.46,,,7.75,19.95,,4.64
2006-07-21,5.415,3.0626,4.6563,0.34,5.96,7.41,4.2813,1.5313,3.01,2.45,,,7.75,20.0,,4.64
2006-07-24,5.45,3.0938,4.695,0.34,5.96,7.41,4.2813,1.4975,3.02,2.45,,,7.75,19.65,,4.64
2006-07-25,5.435,3.0938,4.695,0.35,5.96,7.41,4.2813,1.495,3.0,2.45,,,7.8,19.65,,4.64
2006-07-26,5.415,3.105,4.71,0.35,5.96,7.41,4.265,1.485,2.99,2.45,,,7.9,19.73,,4.64
2006-07-27,5.42,3.1,4.685,0.35,6.05,7.39,4.2813,1.495,2.985,2.44,,,7.95,19.75,,4.64
2006-07-28,5.395,3.125,4.73,0.35,6.05,7.39,4.2813,1.5001,3.015,2.48,,,7.95,19.75,,4.64
2006-07-31,5.42,3.0938,4.685,0.3,6.05,7.39,4.2813,1.5001,3.005,2.44,,,7.9,19.7,,4.64
2006-08-01,5.415,3.125,4.755,0.35,6.115,7.4,4.2813,1.505,2.975,2.505,,,8.5,20.0,,4.64
2006-08-02,5.42,3.145,4.75,0.35,6.12,7.37,4.2813,1.5001,2.995,2.48,,,8.45,19.7,,4.64
2006-08-03,5.425,3.155,4.89,0.35,6.06,7.37,4.2813,1.515,3.025,2.48,,,8.45,19.75,,4.64
2006-08-04,5.37,3.155,4.93,0.35,6.09,7.4,4.2813,1.5001,3.045,2.505,,,8.4,19.75,,4.64
2006-08-07,5.39,3.125,4.885,0.35,6.09,7.37,4.2813,1.5001,3.02,2.54,,,8.4,19.75,,4.64
2006-08-08,5.345,3.185,4.92,0.35,6.08,7.37,4.2813,1.515,3.105,2.55,,,8.35,19.8,,4.64
2006-08-09,5.34,3.18,4.925,0.35,6.08,7.37,4.2813,1.525,3.1,2.59,,,8.3,19.75,,4.64
2006-08-10,5.34,3.1563,4.9063,0.35,6.125,7.39,4.2501,1.5626,3.11,2.605,,,8.3,19.8,,4.71
2006-08-11,5.375,3.195,4.92,0.385,6.125,7.42,4.26,1.54,3.105,2.595,,,8.3,19.75,,4.7
2006-08-14,5.37,3.1876,4.9063,0.3,6.08,7.38,4.2501,1.5626,3.115,2.58,,,8.35,19.75,,4.7
2006-08-15,5.35,3.185,4.9063,0.36,6.06,7.42,4.2501,1.5626,3.115,2.58,,,8.35,19.75,,4.7
2006-08-16,5.365,3.185,4.895,0.3,6.07,7.41,4.2501,1.57,3.12,2.58,,,8.35,19.63,,4.7
2006-08-17,5.355,3.1876,4.895,0.385,6.07,7.41,4.2501,1.5626,3.105,2.6,,,8.35,19.5,,4.7
2006-08-18,5.36,3.215,4.92,0.385,6.085,7.455,4.2501,1.5626,3.115,2.6,,,8.35,19.75,,4.7
2006-08-21,5.33,3.22,4.9063,0.385,6.075,7.4,4.2813,1.5938,3.105,2.645,,,8.39,19.3,,4.7
2006-08-22,5.355,3.1876,4.9063,0.385,6.11,7.385,4.2813,1.5938,3.125,2.62,,,8.4,19.3,,4.7
2006-08-23,5.33,3.22,4.9376,0.385,6.09,7.39,4.2501,1.5938,3.145,2.635,,,8.425,19.3,,4.69
2006-08-24,5.34,3.235,4.9376,0.385,6.095,7.385,4.275,1.6251,3.17,2.69,,,8.4,19.5,,4.69
2006-08-25,5.355,3.225,4.9063,0.365,6.105,7.47,4.2501,1.6,3.155,2.65,,,8.45,19.15,,4.69
2006-08-28,5.34,3.245,4.9063,0.365,6.075,7.435,4.2813,1.5938,3.155,2.71,,,8.45,19.5,,4.69
2006-08-29,5.335,3.245,4.92,0.365,6.105,7.46,4.2813,1.6,3.165,2.665,,,8.45,19.25,,4.68
2006-08-30,5.325,3.2188,4.9063,0.365,6.095,7.44,4.2813,1.6251,3.175,2.7,,,8.525,19.5,,4.68
2006-08-31,5.325,3.235,4.95,0.365,6.095,7.45,4.27,1.6251,3.19,2.685,,,8.5,19.35,,4.68
2006-09-01,5.34,3.2188,4.94,0.35,6.09,7.45,4.2501,1.6563,3.18,2.715,,,8.5,19.0,,4.68
2006-09-04,5.345,3.2188,4.95,0.35,6.09,7.435,4.275,1.6251,3.175,2.72,,,8.5,19.0,,4.67
2006-09-05,5.34,3.2188,4.955,0.35,6.095,7.45,4.2501,1.6563,3.175,2.71,,,8.55,19.0,,4.67
2006-09-06,5.34,3.2188,4.94,0.355,6.11,7.425,4.2501,1.645,3.19,2.71,,,8.575,19.35,,4.67
2006-09-07,5.345,3.2657,4.9063,0.385,6.12,7.435,4.2501,1.6563,3.195,2.695,,,8.475,19.0,,4.67
2006-09-08,5.355,3.275,4.94,0.395,6.11,7.44,4.26,1.65,3.22,2.715,,,8.55,19.0,,4.65
2006-09-11,5.34,3.2501,4.94,0.36,6.09,7.435,4.2813,1.6876,3.2,2.73,,,8.55,20.0,,4.65
2006-09-12,5.34,3.2813,4.9688,0.36,6.105,7.44,4.2813,1.645,3.205,2.76,,,8.625,19.0,,4.64
2006-09-13,5.335,3.295,4.9532,0.385,6.105,7.45,4.2813,1.6563,3.21,2.74,,,8.55,19.0,,4.63
2006-09-14,5.355,3.2813,4.99,0.385,6.13,7.55,4.2813,1.6876,3.235,2.735,,,8.55,19.0,,4.63
2006-09-15,5.34,3.2813,5.005,0.365,6.1,7.555,4.2501,1.7188,3.26,2.745,,,8.65,19.0,,4.63
2006-09-18,5.34,3.2969,5.0157,0.365,6.13,7.43,4.2501,1.7188,3.265,2.75,,,8.625,19.0,,4.63
2006-09-19,5.33,3.32,5.035,0.36,6.155,7.515,4.2501,1.7188,3.27,2.725,,,8.7,19.0,,4.63
2006-09-20,5.315,3.32,5.035,0.36,6.16,7.5,4.2501,1.695,3.315,2.76,,,8.7,19.25,,4.63
2006-09-21,5.3,3.3126,5.085,0.405,6.155,7.51,4.2501,1.7501,3.35,2.76,,,8.7,19.75,,4.63
2006-09-22,5.325,3.3126,5.0313,0.38,6.125,7.48,4.2188,1.7188,3.35,2.76,,,8.7,19.75,,4.63
2006-09-25,5.31,3.3282,5.0001,0.36,6.1,7.5,4.2188,1.7188,3.32,2.76,,,8.7,20.1,,4.61
2006-09-26,5.295,3.35,5.055,0.395,6.12,7.56,4.2188,1.7188,3.31,2.755,,,8.7,20.13,,4.61
2006-09-27,5.32,3.35,5.055,0.385,6.14,7.53,4.2188,1.74,3.34,2.725,,,8.725,19.25,,4.61
2006-09-28,5.3,3.395,5.04,0.405,6.115,7.55,4.27,1.76,3.305,2.775,,,8.725,19.25,,4.6
2006-09-29,5.32,3.39,5.04,0.405,6.11,7.485,4.2501,1.7813,3.31,2.78,,,8.725,19.75,,4.59
2006-10-02,5.32,3.4063,5.045,0.38,6.1125,7.5,4.2501,1.8126,3.3,2.81,,,8.35,19.75,,4.58
2006-10-03,5.32,3.4063,5.04,0.405,6.115,7.555,4.2188,1.7813,3.31,2.815,,,8.6,19.75,,4.58
2006-10-04,5.325,3.4063,5.11,0.405,6.11,7.58,4.25,1.8126,3.31,2.805,,,8.5,20.0,,4.58
2006-10-05,5.31,3.4376,5.075,0.37,6.095,7.57,4.2501,1.8126,3.325,2.805,,,8.65,20.13,,4.58
2006-10-06,5.305,3.4376,5.045,0.37,6.11,7.57,4.2501,1.7969,3.32,2.82,,,8.65,19.75,,4.58
2006-10-09,5.32,3.4063,5.0469,0.36,6.115,7.55,4.2188,1.7969,3.31,2.82,,,8.65,20.0,,4.58
2006-10-10,5.325,3.46,5.095,0.38,6.16,7.56,4.2501,1.7969,3.34,2.8025,,,8.65,19.75,,4.58
2006-10-11,5.31,3.4376,5.0782,0.37,6.165,7.59,4.2188,1.7969,3.325,2.8125,,,8.65,20.13,,4.58
2006-10-12,5.32,3.4688,5.0469,0.395,6.235,7.59,4.2188,1.8126,3.34,2.865,,,8.55,20.1,,4.58
2006-10-13,5.31,3.4688,5.08,0.395,6.22,7.62,4.2501,1.8126,3.345,2.8325,,,8.6,20.08,,4.57
2006-10-16,5.34,3.48,5.085,0.38,6.21,7.675,4.2501,1.8126,3.36,2.89,,,8.75,19.75,,4.57
2006-10-17,5.32,3.485,5.115,0.385,6.19,7.66,4.2501,1.8126,3.38,2.88,,,8.65,19.75,,4.57
2006-10-18,5.325,3.49,5.085,0.415,6.205,7.69,4.2501,1.8126,3.38,2.88,,,8.8,20.0,,4.57
2006-10-19,5.34,3.4688,5.0869,0.425,6.215,7.68,4.2501,1.8126,3.38,2.8625,,,8.8,20.1,,4.57
2006-10-20,5.345,3.5001,5.095,0.4,6.22,7.635,4.26,1.8113,3.39,2.8825,,,8.8,19.75,,4.57
2006-10-23,5.325,3.4688,5.115,0.425,6.26,7.635,4.2501,1.8113,3.39,2.91,,,8.8,19.75,,4.57
2006-10-24,5.345,3.4688,5.12,0.4,6.25,7.65,4.2501,1.81,3.37,2.93,,,8.8,19.75,,4.57
2006-10-25,5.345,3.51,5.145,0.425,6.2775,7.615,4.2501,1.815,3.37,2.9,,,8.8,19.75,,4.57
2006-10-26,5.335,3.5313,5.16,0.4,6.26,7.44,4.27,1.8438,3.39,2.94,,,8.8,20.08,,4.57
2006-10-27,5.305,3.5157,5.145,0.425,6.285,7.475,4.27,1.8438,3.4,2.9025,,,8.8,20.1,,4.57
2006-10-30,5.335,3.545,5.145,0.425,6.28,7.49,4.2501,1.8438,3.39,2.9225,,,8.8,20.0,,4.57
2006-10-31,5.325,3.535,5.155,0.43,6.28,7.49,4.2188,1.8438,3.41,2.9275,,,8.65,19.93,,4.57
2006-11-01,5.3,3.535,5.22,0.415,6.2725,7.52,4.2501,1.8125,3.42,2.96,,,8.8,19.88,,4.58
2006-11-02,5.325,3.545,5.18,0.415,6.275,7.43,4.2501,1.8438,3.43,2.96,,,8.7,19.88,,4.58
2006-11-03,5.33,3.555,5.16,0.415,6.28,7.495,4.2501,1.8438,3.46,2.955,,,8.7,19.88,,4.58
2006-11-06,5.335,3.555,5.175,0.42,6.3,7.53,4.2501,1.8438,3.455,2.95,,,8.7,19.85,,4.59
2006-11-07,5.33,3.545,5.21,0.435,6.3,7.52,4.2501,1.82,3.46,2.96,,,8.7,19.5,,4.59
2006-11-08,5.305,3.565,5.175,0.44,6.285,7.525,4.2188,1.8438,3.47,2.97,,,8.7,19.75,,4.59
2006-11-09,5.325,3.565,5.185,0.44,6.3,7.485,4.2501,1.8438,3.485,3.01,,,8.7,19.83,,4.59
2006-11-10,5.33,3.535,5.205,0.425,6.29,7.495,4.2344,1.8126,3.51,3.01,,,8.8,20.0,,4.59
2006-11-13,5.34,3.535,5.205,0.45,6.32,7.48,4.2344,1.8438,3.52,2.965,,,8.7,19.75,,4.59
2006-11-14,5.315,3.585,5.19,0.485,6.29,7.48,4.24,1.8751,3.48,2.97,,,8.8,19.78,,4.59
2006-11-15,5.305,3.575,5.18,0.485,6.305,7.53,4.2188,1.8438,3.48,2.98,,,8.8,19.65,,4.59
2006-11-16,5.305,3.57,5.18,0.485,6.31,7.57,4.2188,1.85,3.48,3.0,,,8.8,19.83,,4.59
2006-11-17,5.325,3.58,5.175,0.485,6.285,7.56,4.2188,1.8751,3.475,3.0,,,8.7,19.83,,4.6
2006-11-20,5.32,3.585,5.185,0.48,6.31,7.555,4.2188,1.8907,3.5,2.98,,,8.7,19.78,,4.6
2006-11-21,5.31,3.575,5.175,0.47,6.305,7.53,4.2188,1.9063,3.52,3.02,,,8.75,19.45,,4.6
2006-11-22,5.315,3.585,5.175,0.495,6.27,7.53,4.23,1.9063,3.535,2.99,,,8.95,20.28,,4.6
2006-11-23,5.345,3.605,5.18,0.495,6.295,7.52,4.2188,1.9063,3.57,3.0,,,9.0,19.85,,4.61
2006-11-24,5.285,3.595,5.19,0.44,6.29,7.52,4.2188,1.915,3.555,3.02,,,8.8,20.0,,4.61
2006-11-27,5.285,3.61,5.195,0.495,6.29,7.54,4.2188,1.915,3.54,3.02,,,8.8,20.28,,4.62
2006-11-28,5.325,3.615,5.2,0.5,6.305,7.545,4.2188,1.915,3.535,3.02,,,9.0,20.28,,4.63
2006-11-29,5.32,3.61,5.185,0.51,6.275,7.57,4.2188,1.8751,3.545,3.04,,,9.125,19.88,,4.65
2006-11-30,5.285,3.62,5.195,0.51,6.295,7.565,4.2188,1.9219,3.545,3.055,,,9.05,20.28,,4.67
2006-12-01,5.31,3.615,5.225,0.46,6.31,7.55,4.1876,1.9063,3.575,3.045,,,8.9,19.5,,4.7
2006-12-04,5.29,3.625,5.23,0.51,6.3,7.545,4.1876,1.9219,3.53,3.05,,,9.2,19.88,,4.7
2006-12-05,5.31,3.625,5.225,0.515,6.295,7.545,4.1876,1.9376,3.54,3.075,,,9.2,19.2,,4.7
2006-12-06,5.285,3.625,5.225,0.545,6.3,7.55,4.2188,1.9063,3.565,3.0675,,,8.9,19.63,,4.71
2006-12-07,5.275,3.65,5.23,0.57,6.305,7.56,4.2188,1.9376,3.615,3.07,,,9.1,19.2,,4.71
2006-12-08,5.3275,3.655,5.23,0.555,6.305,7.57,4.2188,1.905,3.635,3.08,,,9.0,19.08,,4.71
2006-12-11,5.29,3.65,5.245,0.575,6.31,7.6,4.2188,1.91,3.635,3.0155,,,9.2,19.88,,4.72
2006-12-12,5.32,3.645,5.24,0.555,6.31,7.585,4.2501,1.955,3.655,3.07,,,9.1,19.3,,4.72
2006-12-13,5.33,3.655,5.245,0.545,6.295,7.58,4.2501,1.93,3.68,3.084,,,9.25,19.4,,4.72
2006-12-14,5.28,3.665,5.245,0.535,6.32,7.59,4.2501,1.975,3.735,3.122,,,9.25,19.58,,4.74
2006-12-15,5.295,3.675,5.255,0.49,6.325,7.585,4.2501,1.975,3.715,3.1075,,,9.275,19.45,,4.74
2006-12-18,5.3,3.685,5.255,0.54,6.32,7.59,4.2501,2.0313,3.7,3.091,,,9.25,19.75,,4.74
2006-12-19,5.32,3.685,5.255,0.53,6.33,7.625,4.2501,2.0,3.705,3.094,,,9.25,19.63,,4.74
2006-12-20,5.325,3.69,5.265,0.515,6.33,7.62,4.2501,2.0313,3.725,3.0995,,,9.25,19.5,,4.77
2006-12-21,5.32,3.695,5.265,0.515,6.32,7.63,4.2501,2.0001,3.765,3.107,,,9.05,19.63,,4.8
2006-12-22,5.25,3.705,5.265,0.48,6.335,7.61,4.2501,2.0313,3.805,3.139,,,9.2,19.5,,4.8
2006-12-25,5.325,3.695,5.265,0.51,6.31,7.615,4.2188,2.0313,3.805,3.17,,,9.2,19.88,,4.8
2006-12-26,5.325,3.695,5.265,0.505,6.315,7.615,4.2501,2.0313,3.805,3.15,,,9.2,19.5,,4.82
2006-12-27,5.25,3.71,5.27,0.52,6.335,7.61,4.2501,2.055,3.83,3.1425,,,9.325,19.13,,4.83
2006-12-28,5.295,3.705,5.275,0.54,6.345,7.63,4.2501,2.0626,3.785,3.144,,,9.2,19.75,,4.85
2006-12-29,5.325,3.705,5.275,0.515,6.34,7.61,4.2501,2.0938,3.77,3.154,,,9.1,19.55,,4.86
2007-01-01,5.325,3.705,5.265,0.51,6.345,7.63,4.2188,2.0626,3.775,3.185,,,9.1,19.6,,4.86
2007-01-02,5.305,3.715,5.285,0.51,6.345,7.63,4.2188,2.055,3.765,3.164,,,9.25,19.6,,4.86
2007-01-03,5.315,3.71,5.285,0.55,6.345,7.62,4.2188,2.08,3.785,3.188,,,9.375,19.6,,4.87
2007-01-04,5.3,3.71,5.295,0.56,6.34,7.62,4.2188,2.0938,3.8,3.1925,,,9.35,19.05,,4.87
2007-01-05,5.295,3.725,5.295,0.53,6.345,7.65,4.2188,2.1251,3.785,3.1885,,,9.325,19.1,,4.87
2007-01-08,5.315,3.715,5.305,0.565,6.3475,7.655,4.2501,2.0938,3.765,3.1985,,,9.375,19.6,,4.87
2007-01-09,5.325,3.725,5.315,0.575,6.3525,7.65,4.2501,2.1251,3.785,3.1975,,,9.425,20.1,,4.87
2007-01-10,5.315,3.725,5.32,0.57,6.35,7.645,4.2501,2.075,3.82,3.2115,,,9.2,19.23,,4.87
2007-01-11,5.305,3.715,5.475,0.57,6.37,7.62,4.2501,2.0938,3.79,3.23,,,9.36,19.55,,4.88
2007-01-12,5.31,3.73,5.495,0.565,6.39,7.625,4.2501,2.1251,3.815,3.216,,,9.35,20.0,,4.88
2007-01-15,5.325,3.725,5.505,0.58,6.385,7.61,4.2188,2.1251,3.82,3.227,,,9.475,19.0,,4.93
2007-01-16,5.31,3.725,5.515,0.6,6.39,7.61,4.2501,2.095,3.82,3.238,,,9.5,18.83,,4.94
2007-01-17,5.31,3.725,5.525,0.545,6.385,7.56,4.2501,2.1,3.815,3.238,,,9.425,18.9,,4.94
2007-01-18,5.32,3.745,5.535,0.51,6.35,7.56,4.2501,2.135,3.83,3.2645,,,9.475,19.13,,4.94
2007-01-19,5.3,3.745,5.565,0.465,6.34,7.55,4.2188,2.135,3.83,3.2555,,,9.25,18.88,,4.94
2007-01-22,5.31,3.735,5.585,0.505,6.39,7.54,4.2188,2.125,3.835,3.265,,,9.4,19.15,,4.94
2007-01-23,5.32,3.735,5.585,0.5,6.34,7.555,4.2501,2.125,3.82,3.2775,,,9.25,19.5,,4.94
2007-01-24,5.315,3.735,5.525,0.5,6.29,7.56,4.2188,2.135,3.95,3.277,,,9.2,19.3,,4.94
2007-01-25,5.3,3.735,5.535,0.495,6.2975,7.565,4.2501,2.125,3.99,3.3015,,,9.1,19.08,,4.94
2007-01-26,5.295,3.755,5.555,0.47,6.285,7.575,4.2501,2.145,3.99,3.2945,,,9.35,18.98,,4.95
2007-01-29,5.315,3.755,5.555,0.485,6.285,7.565,4.2501,2.135,3.985,3.304,,,9.4,19.5,,4.95
2007-01-30,5.32,3.74,5.555,0.495,6.225,7.505,4.2188,2.145,4.005,3.325,,,9.425,18.53,,4.95
2007-01-31,5.32,3.765,5.525,0.495,6.235,7.495,4.2501,2.175,4.0,3.317,,,9.2,18.63,,4.96
2007-02-01,5.33,3.765,5.555,0.495,6.235,7.485,4.25,2.185,4.015,3.342,,,9.375,18.78,,4.96
2007-02-02,5.335,3.765,5.565,0.47,6.3,7.59,4.2501,2.17,4.025,3.3505,,,9.45,18.6,,4.96
2007-02-05,5.305,3.775,5.575,0.505,6.26,7.61,4.2501,2.165,4.015,3.323,,,9.4,19.08,,4.96
2007-02-06,5.33,3.775,5.595,0.515,6.3,7.62,4.2501,2.175,4.005,3.302,,,9.4,18.78,,4.96
2007-02-07,5.33,3.78,5.585,0.505,6.255,7.63,4.2501,2.175,4.025,3.304,,,9.4,19.1,,4.96
2007-02-08,5.32,3.79,5.53,0.515,6.26,7.64,4.2188,2.185,4.075,3.31,,,9.45,18.7,,4.95
2007-02-09,5.32,3.785,5.535,0.48,6.29,7.665,4.2501,2.175,4.025,3.3205,,,9.45,18.7,,4.95
2007-02-12,5.32,3.77,5.525,0.515,6.25,7.655,4.2501,2.185,4.025,3.3305,,,9.45,18.6,,4.95
2007-02-13,5.32,3.795,5.535,0.51,6.3025,7.655,4.2501,2.175,4.02,3.298,,,9.45,18.6,,4.95
2007-02-14,5.31,3.795,5.5,0.52,6.295,7.66,4.2501,2.175,4.025,3.309,,,9.4,18.68,,4.95
2007-02-15,5.295,3.805,5.5,0.565,6.29,7.67,4.2813,2.195,4.02,3.305,,,8.925,18.6,,4.94
2007-02-16,5.315,3.81,5.49,0.53,6.26,7.67,4.2501,2.195,4.09,3.2805,,,9.425,18.6,,4.94
2007-02-19,5.315,3.81,5.505,0.575,6.255,7.67,4.2501,2.1876,4.085,3.295,,,9.4,18.6,,4.94
2007-02-20,5.315,3.82,5.515,0.59,6.26,7.685,4.2501,2.1891,4.095,3.304,,,9.1,18.58,,4.94
2007-02-21,5.32,3.82,5.515,0.645,6.25,7.7,4.2501,2.1896,4.09,3.2995,,,9.1,18.4,,4.94
2007-02-22,5.325,3.83,5.505,0.655,6.3,7.705,4.2501,2.1901,4.115,3.3085,,,9.1,19.1,,4.94
2007-02-23,5.325,3.825,5.515,0.6,6.29,7.72,4.2501,2.1906,4.135,3.312,,,9.0,18.15,,4.94
2007-02-26,5.32,3.83,5.515,0.65,6.3,7.73,4.2501,2.1921,4.165,3.3065,,,9.35,18.1,,4.94
2007-02-27,5.29,3.83,5.515,0.67,6.3,7.73,4.2501,2.175,4.195,3.3195,,,9.15,18.4,,4.94
2007-02-28,5.285,3.8375,5.475,0.69,6.285,7.72,4.2501,2.185,4.175,3.3075,,,9.45,18.83,,4.94
2007-03-01,5.29,3.84,5.495,0.7,6.2875,7.725,4.2501,2.195,4.205,3.3235,,,9.0,18.55,,4.94
2007-03-02,5.27,3.835,5.495,0.66,6.285,7.725,4.2188,2.195,4.21,3.3205,,,9.15,18.75,,4.94
2007-03-05,5.275,3.845,5.495,0.695,6.25,7.745,4.2188,2.185,4.235,3.327,,,9.15,18.7,,4.94
2007-03-06,5.28,3.82,5.495,0.66,6.2775,7.755,4.2188,2.185,4.21,3.306,,,9.4,18.7,,4.94
2007-03-07,5.28,3.85,5.495,0.68,6.28,7.775,4.2188,2.185,4.19,3.3105,,,9.15,18.88,,4.94
2007-03-08,5.295,3.86,5.485,0.675,6.275,7.76,4.2501,2.195,4.215,3.3125,,,9.0,18.45,,4.94
2007-03-09,5.325,3.87,5.485,0.64,6.29,7.77,4.2188,2.205,4.275,3.3025,,,9.375,19.5,,4.94
2007-03-12,5.32,3.875,5.485,0.64,6.285,7.76,4.2501,2.205,4.325,3.3095,,,9.15,19.0,,4.94
2007-03-13,5.3,3.895,5.485,0.665,6.2875,7.77,4.2501,2.225,4.325,3.3205,,,9.25,18.68,,4.94
2007-03-14,5.31,3.87,5.49,0.68,6.2888,7.805,4.2501,2.2188,4.29,3.3155,,,9.2,18.65,,4.94
2007-03-15,5.29,3.87,5.485,0.685,6.2425,7.785,4.2188,2.245,4.285,3.3115,,,9.35,18.3,,4.94
2007-03-16,5.325,3.885,5.485,0.66,6.28,7.785,4.2188,2.245,4.295,3.3085,,,9.2,18.58,,4.94
2007-03-19,5.325,3.875,5.495,0.66,6.365,7.82,4.2188,2.255,4.305,3.3065,,,9.2,18.65,,4.94
2007-03-20,5.315,3.885,5.52,0.66,6.395,7.815,4.2188,2.23,4.315,3.3005,,,9.2,18.58,,4.94
2007-03-21,5.29,3.87,5.515,0.66,6.39,7.8,4.2188,2.255,4.345,3.2925,,,9.35,18.35,,4.94
2007-03-22,5.29,3.875,5.54,0.66,6.435,7.81,4.2501,2.235,4.405,3.3145,,,9.2,18.8,,4.94
2007-03-23,5.31,3.885,5.54,0.69,6.405,7.81,4.2501,2.235,4.415,3.3175,,,9.05,18.58,,4.94
2007-03-26,5.3,3.89,5.535,0.65,6.435,7.8,4.2188,2.2501,4.415,3.3175,,,9.05,18.58,,4.94
2007-03-27,5.295,3.91,5.535,0.63,6.41,7.79,4.2501,2.255,4.435,3.3365,,,9.075,18.58,,4.94
2007-03-28,5.32,3.905,5.535,0.665,6.44,7.81,4.2501,2.255,4.345,3.3375,,,9.1,18.55,,4.94
2007-03-29,5.32,3.895,5.545,0.61,6.4,7.785,4.2501,2.255,4.365,3.3295,,,9.1,18.8,,4.94
2007-03-30,5.31,3.905,5.545,0.61,6.4,7.81,4.2501,2.265,4.325,3.3315,,,9.25,19.35,,4.94
2007-04-02,5.32,3.925,5.565,0.61,6.43,7.82,4.2501,2.265,4.325,3.3345,,,9.1,18.8,,4.94
2007-04-03,5.295,3.93,5.575,0.61,6.475,7.825,4.2501,2.275,4.35,3.3395,,,9.25,18.63,,4.94
2007-04-04,5.295,3.925,5.605,0.61,6.34,7.8,4.2501,2.275,4.335,3.349,,,9.25,18.7,,4.94
2007-04-05,5.295,3.945,5.545,0.6,6.38,7.82,4.2501,2.275,4.34,3.3495,,,9.1,18.55,,4.94
2007-04-06,5.3,3.93,5.535,0.6,6.34,7.82,4.2501,2.275,4.335,3.3565,,,9.1,18.7,,4.94
2007-04-09,5.3,3.93,5.535,0.6,6.34,7.82,4.2501,2.275,4.345,3.359,,,9.1,18.58,,4.94
2007-04-10,5.31,3.925,5.535,0.635,6.4,7.815,4.2501,2.275,4.375,3.357,,,9.3,18.28,,4.94
2007-04-11,5.325,3.955,5.535,0.6,6.37,7.83,4.2501,2.275,4.385,3.3615,,,9.125,18.5,,4.94
2007-04-12,5.3,3.95,5.545,0.6,6.425,7.8,4.2188,2.275,4.395,3.3605,,,9.1,18.5,,4.94
2007-04-13,5.325,3.95,5.545,0.6,6.415,7.885,4.2501,2.275,4.405,3.3665,,,9.3,18.5,,4.94
2007-04-16,5.315,3.945,5.545,0.6,6.445,7.92,4.2501,2.275,4.42,3.4145,,,9.05,18.5,,4.94
2007-04-17,5.31,3.965,5.595,0.6,6.45,7.9,4.2501,2.275,4.495,3.427,,,9.225,18.5,,4.94
2007-04-18,5.295,3.955,5.615,0.6,6.435,7.925,4.2501,2.275,4.475,3.4065,,,9.1,18.5,,4.95
2007-04-19,5.31,3.985,5.615,0.645,6.39,7.915,4.2813,2.2907,4.5,3.445,,,9.25,18.5,,4.95
2007-04-20,5.3,3.97,5.645,0.61,6.39,7.93,4.2501,2.295,4.47,3.463,,,9.1,18.5,,4.95
2007-04-23,5.31,3.975,5.635,0.61,6.4138,7.92,4.2813,2.305,4.465,3.456,,,9.1,18.5,,4.96
2007-04-24,5.31,3.975,5.635,0.61,6.295,7.91,4.2813,2.295,4.455,3.435,,,9.15,18.5,,4.97
2007-04-25,5.31,4.0,5.655,0.61,6.2888,7.9,4.2813,2.295,4.35,3.444,,,9.3,18.5,,4.97
2007-04-26,5.31,3.975,5.665,0.61,6.295,7.975,4.2501,2.315,4.415,3.47,,,9.15,18.65,,4.97
2007-04-27,5.305,3.985,5.665,0.61,6.31,7.975,4.2501,2.315,4.395,3.472,,,9.375,18.53,,4.98
2007-04-30,5.295,4.005,5.665,0.61,6.26,7.98,4.235,2.315,4.395,3.469,,,9.265,18.8,,5.0
2007-05-01,5.3,4.005,5.665,0.61,6.3,7.97,4.2501,2.315,4.395,3.466,,,9.15,18.88,,5.0
2007-05-02,5.31,3.995,5.675,0.61,6.28,7.95,4.2501,2.325,4.395,3.4595,,,9.35,18.78,,5.0
2007-05-03,5.33,4.015,5.705,0.61,6.25,7.95,4.2501,2.345,4.415,3.476,,,9.375,18.88,,5.0
2007-05-04,5.3,4.0275,5.715,0.61,6.245,7.965,4.2501,2.345,4.41,3.4185,,,9.225,18.95,,5.0
2007-05-07,5.31,4.03,5.715,0.61,6.25,7.97,4.2501,2.355,4.41,3.4115,,,9.15,18.78,,5.0
2007-05-08,5.31,4.035,5.725,0.61,6.285,7.975,4.2501,2.345,4.455,3.423,,,9.375,18.85,,5.01
2007-05-09,5.31,4.065,5.735,0.61,6.25,7.975,4.2501,2.345,4.445,3.436,,,9.375,18.75,,5.02
2007-05-10,5.325,4.03,5.745,0.61,6.3,7.98,4.2501,2.365,4.445,3.4405,,,9.3,18.88,,5.02
2007-05-11,5.325,4.04,5.725,0.64,6.26,7.98,4.2501,2.355,4.445,3.4345,,,9.435,18.88,,5.02
2007-05-14,5.325,4.05,5.725,0.61,6.29,7.995,4.2501,2.355,4.455,3.4345,,,9.3,18.85,,5.05
2007-05-15,5.325,4.05,5.72,0.61,6.26,8.0,4.2501,2.3507,4.445,3.453,,,9.3,18.78,,5.06
2007-05-16,5.325,4.06,5.72,0.61,6.23,8.005,4.2501,2.365,4.475,3.468,,,9.15,18.6,,5.06
2007-05-17,5.325,4.06,5.72,0.61,6.28,8.0,4.2501,2.3751,4.475,3.4625,,,9.15,18.6,,5.07
2007-05-18,5.325,4.06,5.71,0.61,6.235,8.0,4.2501,2.38,4.475,3.465,,,9.2,18.75,,5.07
2007-05-21,5.325,4.06,5.72,0.61,6.25,8.01,4.2501,2.38,4.48,3.4675,,,9.35,18.75,,5.07
2007-05-22,5.325,4.07,5.73,0.61,6.24,7.995,4.2813,2.4063,4.495,3.4715,,,9.2,18.75,,5.07
2007-05-23,5.325,4.07,5.77,0.61,6.26,8.005,4.2969,2.405,4.505,3.4765,,,9.35,18.7,,5.07
2007-05-24,5.325,4.07,5.745,0.61,6.295,8.015,4.2813,2.4063,4.55,3.4805,,,9.2,18.6,,5.07
2007-05-25,5.315,4.07,5.77,0.61,6.245,8.0,4.2969,2.4063,4.535,3.4755,,,9.4,18.85,,5.07
2007-05-28,5.315,4.07,5.77,0.61,6.28,7.98,4.2813,2.4063,4.535,3.4785,,,9.35,18.68,,5.07
2007-05-29,5.315,4.09,5.77,0.62,6.24,8.06,4.3126,2.4063,4.535,3.49,,,9.45,18.58,,5.07
2007-05-30,5.315,4.09,5.765,0.62,6.2875,8.085,4.3751,2.4376,4.56,3.4875,,,9.225,18.63,,5.07
2007-05-31,5.315,4.1,5.775,0.63,6.295,8.05,4.3438,2.4219,4.555,3.4915,,,9.5,18.85,,5.06
2007-06-01,5.315,4.1,5.775,0.63,6.295,8.07,4.3751,2.425,4.55,3.489,,,9.5,18.6,,5.04
2007-06-04,5.325,4.1,5.79,0.63,6.2875,8.075,4.3751,2.425,4.555,3.4945,,,9.5,18.6,,5.04
2007-06-05,5.325,4.11,5.795,0.66,6.3,8.075,4.3438,2.425,4.59,3.4975,,,9.7,18.6,,5.04
2007-06-06,5.325,4.11,5.795,0.63,6.3,8.085,4.3438,2.425,4.605,3.5115,,,9.65,18.5,,5.04
2007-06-07,5.325,4.11,5.77,0.64,6.3838,8.25,4.4063,2.425,4.625,3.527,,,9.45,18.6,,5.04
2007-06-08,5.325,4.12,5.785,0.66,6.3925,8.255,4.4063,2.425,4.645,3.5345,,,9.65,18.6,,5.04
2007-06-11,5.325,4.12,5.785,0.67,6.385,8.21,4.4063,2.4063,4.635,3.5315,,,9.7,18.48,,5.04
2007-06-12,5.325,4.12,5.795,0.68,6.3775,8.18,4.4063,2.43,4.635,3.536,,,9.575,18.6,,5.04
2007-06-13,5.325,4.12,5.81,0.69,6.3775,8.19,4.4376,2.44,4.625,3.5315,,,9.6,18.52,,5.04
2007-06-14,5.325,4.13,5.805,0.69,6.34,8.175,4.4376,2.435,4.615,3.5475,,,9.75,18.6,,5.04
2007-06-15,5.325,4.13,5.805,0.69,6.335,8.2,4.4376,2.43,4.615,3.538,,,9.875,18.6,,5.04
2007-06-18,5.335,4.14,5.81,0.69,6.3325,8.19,4.4376,2.44,4.635,3.5445,,,9.75,18.6,,5.04
2007-06-19,5.335,4.14,5.82,0.69,6.3225,8.195,4.4376,2.445,4.645,3.5665,,,9.85,18.65,,5.04
2007-06-20,5.325,4.14,5.855,0.69,6.295,8.195,4.4376,2.515,4.665,3.591,,,9.875,18.6,,5.04
2007-06-21,5.325,4.14,5.885,0.68,6.3,8.195,4.4688,2.545,4.68,3.595,,,9.625,18.65,,5.04
2007-06-22,5.325,4.14,5.895,0.68,6.2925,8.205,4.4688,2.635,4.66,3.5905,,,9.8,18.6,,5.04
2007-06-25,5.325,4.14,5.895,0.68,6.295,8.215,4.4688,2.635,4.66,3.606,,,9.8,18.63,,5.03
2007-06-26,5.325,4.15,5.905,0.68,6.3,8.24,4.4688,2.635,4.655,3.6005,,,10.0,18.63,,5.03
2007-06-27,5.325,4.15,5.935,0.68,6.31,8.24,4.4688,2.635,4.7,3.5985,,,9.7,18.65,,5.02
2007-06-28,5.325,4.15,5.935,0.68,6.31,8.235,4.4688,2.665,4.725,3.6185,,,9.7,18.59,,5.01
2007-06-29,5.335,4.15,5.935,0.68,6.32,8.23,4.4688,2.665,4.715,3.6195,,,9.7,18.5,,5.0
2007-07-02,5.325,4.16,5.97,0.68,6.31,8.22,4.4688,2.65,4.71,3.6295,,,9.85,18.65,,5.0
2007-07-03,5.325,4.16,5.97,0.68,6.305,8.235,4.505,2.64,4.705,3.677,,,9.9,18.4,,5.0
2007-07-04,5.325,4.17,5.96,0.68,6.32,8.23,4.4688,2.6775,4.72,3.6405,,,9.9,18.4,,5.0
2007-07-05,5.325,4.17,5.98,0.68,6.305,8.235,4.4688,2.66,4.74,3.648,,,9.9,18.4,,5.0
2007-07-06,5.325,4.18,5.98,0.68,6.32,8.235,4.4688,2.6675,4.75,3.658,,,9.9275,18.4,,5.0
2007-07-09,5.325,4.18,5.98,0.68,6.32,8.26,4.4688,2.675,4.76,3.6605,,,9.775,18.4,,5.0
2007-07-10,5.325,4.18,5.97,0.71,6.32,8.245,4.5938,2.6719,4.745,3.6465,,,9.77,18.4,,5.0
2007-07-11,5.325,4.18,5.97,0.71,6.31,8.225,4.5626,2.6563,4.75,3.661,,,9.95,18.4,,5.0
2007-07-12,5.335,4.19,5.98,0.71,6.31,8.225,4.555,2.6563,4.77,3.658,,,9.775,18.4,,5.06
2007-07-13,5.335,4.19,5.98,0.71,6.31,8.25,4.5626,2.675,4.77,3.668,,,10.1,18.4,,5.07
2007-07-16,5.335,4.19,5.97,0.71,6.31,8.27,4.5938,2.6719,4.75,3.665,,,9.95,18.43,,5.07
2007-07-17,5.325,4.19,5.985,0.72,6.31,8.345,4.6094,2.66,4.75,3.664,,,10.1,18.2,,5.07
2007-07-18,5.325,4.21,6.0,0.72,6.31,8.39,4.6251,2.6876,4.75,3.67,,,10.2,18.65,,5.08
2007-07-19,5.325,4.21,6.0,0.72,6.33,8.37,4.6094,2.66,4.76,3.6865,,,10.2,18.35,,5.08
2007-07-20,5.325,4.22,5.995,0.72,6.355,8.365,4.6251,2.6763,4.76,3.683,,,10.2,18.35,,5.08
2007-07-23,5.315,4.22,5.99,0.72,6.35,8.3525,4.6251,2.6876,4.76,3.684,,,10.2,18.35,,5.08
2007-07-24,5.325,4.22,6.0,0.72,6.3625,8.3425,4.6251,2.6719,4.775,3.705,,,10.2,18.2,,5.08
2007-07-25,5.325,4.23,6.015,0.72,6.468,8.365,4.6563,2.68,4.795,3.7115,,,9.95,18.35,,5.08
2007-07-26,5.325,4.23,6.0,0.73,6.47,8.425,4.6563,2.676,4.8,3.726,,,10.3,18.15,,5.08
2007-07-27,5.305,4.23,5.985,0.72,6.47,8.4,4.6876,2.6719,4.815,3.7305,,,10.3,18.15,,5.09
2007-07-30,5.315,4.24,6.01,0.72,6.475,8.465,4.6407,2.63,4.815,3.7295,,,9.95,18.15,,5.09
2007-07-31,5.315,4.25,5.995,0.72,6.515,8.45,4.6563,2.63,4.82,3.735,,,10.0,18.15,,5.1
2007-08-01,5.315,4.25,6.025,0.73,6.485,8.48,4.6251,2.6251,4.865,3.754,,,10.3,18.13,,5.1
2007-08-02,5.315,4.27,6.01,0.73,6.495,8.455,4.6563,2.6876,4.9,3.7435,,,10.75,18.15,,5.1
2007-08-03,5.315,4.28,6.035,0.74,6.52,8.49,4.6563,2.6876,4.9,3.763,,,10.0,18.15,,5.1
2007-08-06,5.315,4.31,6.065,0.79,6.515,8.505,4.6563,2.6563,4.93,3.7895,,,10.45,18.15,,5.1
2007-08-07,5.315,4.31,6.1,0.77,6.55,8.5,4.6563,2.6876,4.915,3.774,,,10.375,18.15,,5.1
2007-08-08,5.385,4.34,6.085,0.79,6.58,8.485,4.7501,2.6876,4.97,3.7685,,,10.05,18.15,,5.1
2007-08-09,5.475,4.38,6.145,0.82,6.62,8.525,4.6876,2.6876,5.03,3.7945,,,10.55,18.15,,5.21
2007-08-10,5.55,4.445,6.25,0.86,6.66,8.495,4.7501,2.7032,5.165,3.845,,,10.375,18.15,,5.22
2007-08-13,5.55,4.445,6.325,0.87,6.725,8.615,4.7188,2.7188,5.14,3.9015,,,9.9,18.15,,5.23
2007-08-14,5.51,4.445,6.33,0.84,6.765,8.67,4.7813,2.7188,5.12,3.9235,,,9.9,18.15,,5.24
2007-08-15,5.505,4.445,6.36,0.84,6.775,8.7,4.7969,2.75,5.105,3.913,,,10.475,18.15,,5.24
2007-08-16,5.535,4.575,6.55,0.88,6.94,8.84,4.8438,2.7813,5.1,3.9155,,,9.95,18.25,,5.25
2007-08-17,5.5,4.62,6.585,0.99,6.825,8.81,4.8438,2.8126,5.13,3.7935,,,10.0,18.25,,5.25
2007-08-20,5.505,4.625,6.645,0.93,6.97,8.92,4.8438,2.8438,5.075,3.8375,,,10.05,18.55,,5.25
2007-08-21,5.5,4.63,6.665,0.95,7.01,9.13,4.8594,2.8282,5.085,3.865,,,10.2,18.45,,5.26
2007-08-22,5.505,4.67,6.625,0.95,6.96,9.13,4.8438,2.8438,5.045,3.8975,,,10.05,18.25,,5.26
2007-08-23,5.5,4.695,6.525,0.94,6.92,8.73,4.9063,2.8126,5.1,3.8835,,,10.25,18.25,,5.26
2007-08-24,5.49,4.675,6.555,0.93,6.885,8.705,4.9063,2.8126,5.11,3.948,,,10.05,18.25,,5.26
2007-08-27,5.5,4.705,6.555,0.93,6.78,8.52,4.9063,2.8126,5.11,3.942,,,10.05,18.25,,5.26
2007-08-28,5.495,4.655,6.525,0.93,6.83,8.625,4.9063,2.7957,5.14,3.963,,,10.05,18.25,,5.27
2007-08-29,5.54,4.675,6.535,0.93,6.875,8.66,4.9063,2.835,5.14,3.872,,,10.25,18.25,,5.27
2007-08-30,5.605,4.695,6.58,0.91,6.875,8.65,5.0313,2.8438,5.16,3.8585,,,10.025,18.25,,5.28
2007-08-31,5.775,4.705,6.575,0.94,6.895,8.75,4.875,2.855,5.18,3.8565,,,10.1,18.25,,5.28
2007-09-03,5.95,4.705,6.65,0.935,6.925,8.84,4.875,2.875,5.06,3.8245,,,10.1,18.25,,5.29
2007-09-04,5.95,4.71,6.645,0.95,6.98,8.85,5.1,2.885,5.23,3.8685,,,10.25,18.25,,5.3
2007-09-05,5.9,4.725,6.755,0.935,7.025,8.89,5.1,2.875,5.32,3.9105,,,10.1,18.9,,5.3
2007-09-06,5.85,4.725,6.755,0.945,7.07,9.0,5.1,2.875,5.31,4.0005,,,10.5,18.9,,5.32
2007-09-07,5.79,4.705,6.755,0.915,7.09,9.0,5.1,2.865,5.49,4.175,,,10.25,18.28,,5.33
2007-09-10,5.7,4.695,6.755,0.955,7.06,9.03,5.1,2.865,5.475,4.2495,,,10.25,18.15,,5.33
2007-09-11,5.73,4.715,6.825,0.925,7.005,8.915,5.1,2.865,5.485,4.281,,,10.075,18.15,,5.33
2007-09-12,5.73,4.715,6.835,0.95,7.12,8.835,5.1,2.825,5.575,4.248,,,10.25,18.33,,5.34
2007-09-13,5.7,4.715,6.8,0.955,7.03,8.83,5.1,2.8125,5.555,4.244,,,10.25,18.15,,5.34
2007-09-14,5.65,4.675,6.73,0.96,6.95,8.815,5.1,2.8,5.6,4.331,,,10.25,18.0,,5.35
2007-09-17,5.6,4.675,6.7,0.955,7.0,8.78,5.1,2.77,5.435,4.173,,,10.25,18.25,,5.35
2007-09-18,5.55,4.685,6.68,0.925,7.0,8.75,5.1,2.74,5.4,4.272,,,10.25,18.0,,5.35
2007-09-19,5.15,4.695,6.65,0.965,6.75,8.6,5.125,2.7325,5.35,4.258,,,10.075,18.25,,5.35
2007-09-20,5.25,4.675,6.32,0.955,6.875,8.715,5.125,2.725,5.36,4.242,,,10.25,18.25,,5.35
2007-09-21,5.2,4.695,6.28,0.96,6.925,8.715,5.05,2.755,5.23,4.196,,,10.11,17.8,,5.35
2007-09-24,5.2,4.695,6.28,0.945,6.84,8.76,5.05,2.75,5.235,4.1955,,,10.11,17.98,,5.35
2007-09-25,5.25,4.695,6.28,0.945,6.875,8.7,5.05,2.725,5.315,4.166,,,10.12,17.8,,5.35
2007-09-26,5.3,4.695,6.25,0.97,6.875,8.725,4.9,2.725,5.395,4.165,,,10.28,17.78,,5.35
2007-09-27,5.35,4.745,6.23,0.995,6.875,8.74,4.9,2.725,5.525,4.233,,,10.3,17.8,,5.35
2007-09-28,5.38,4.755,6.2,0.995,6.87,8.765,4.9,2.745,5.525,4.1935,,,10.25,17.8,,5.35
2007-10-01,5.38,4.755,6.2,1.005,6.885,8.775,4.9,2.765,5.505,4.1905,,,10.25,18.2,,5.35
2007-10-02,5.38,4.745,6.19,0.975,6.89,8.7,4.9,2.755,5.485,4.221,,,10.25,17.98,,5.34
2007-10-03,5.38,4.725,6.18,1.0,6.9,8.715,4.9,2.765,5.495,4.241,,,10.4,17.8,,5.34
2007-10-04,5.35,4.725,6.155,0.975,6.85,8.7,4.9,2.775,5.545,4.215,,,10.25,17.65,,5.34
2007-10-05,5.35,4.735,6.11,0.975,6.83,8.65,4.9,2.775,5.515,4.26,,,10.4,17.65,,5.34
2007-10-08,5.35,4.735,6.17,0.975,6.88,8.74,4.85,2.775,5.49,4.27,,,10.4,17.55,,5.34
2007-10-09,5.35,4.725,6.175,0.975,6.91,8.7,4.85,2.775,5.51,4.28,,,10.4,17.9,,5.34
2007-10-10,5.35,4.725,6.2,0.975,6.865,8.75,4.93,2.795,5.55,4.285,,,10.25,17.23,,5.34
2007-10-11,5.35,4.715,6.23,0.99,6.905,8.715,4.85,2.795,5.565,4.275,,,10.25,16.95,,5.34
2007-10-12,5.3,4.665,6.23,0.965,6.88,8.65,4.85,2.785,5.52,4.28,,,10.25,17.25,,5.34
2007-10-15,5.2,4.625,6.24,0.975,6.905,8.6,4.85,2.785,5.445,4.28,,,10.5,16.85,,5.34
2007-10-16,5.25,4.585,6.185,0.965,6.85,8.6,4.85,2.775,5.485,4.28,,,10.55,17.1,,5.34
2007-10-17,5.25,4.595,6.22,0.985,6.86,8.595,4.91,2.755,5.5,4.29,,,10.7,16.95,,5.34
2007-10-18,5.2,4.605,6.175,0.955,6.94,8.635,4.91,2.735,5.585,4.29,,,10.7,16.95,,5.34
2007-10-19,4.975,4.615,6.225,0.93,6.965,8.64,4.91,2.725,5.525,4.295,,,10.75,16.95,,5.34
2007-10-22,5.1,4.595,6.25,0.92,6.955,8.58,4.91,2.715,5.44,4.48,,,10.75,16.95,,5.34
2007-10-23,5.07,4.595,6.23,0.91,6.94,8.575,4.91,2.7075,5.445,4.35,,,10.75,16.95,,5.34
2007-10-24,5.05,4.56,6.23,0.88,6.99,8.61,4.91,2.72,5.545,4.394,,,10.75,16.93,,5.34
2007-10-25,5.0,4.565,6.22,0.895,7.05,8.675,4.91,2.685,5.625,4.3665,,,10.75,16.9,,5.34
2007-10-26,4.97,4.555,6.22,0.885,7.03,8.635,4.91,2.695,5.625,4.4285,,,10.65,16.9,,5.35
2007-10-29,4.95,4.565,6.21,0.875,7.03,8.615,4.91,2.72,5.605,4.404,,,10.65,16.9,,5.35
2007-10-30,4.95,4.555,6.17,0.86,6.99,8.6,4.91,2.65,5.605,4.3095,,,10.8,16.9,,5.35
2007-10-31,4.97,4.565,6.23,0.865,6.99,8.64,4.79,2.68,5.57,4.329,,,10.6,16.45,,5.35
2007-11-01,4.88,4.525,6.2,0.845,7.09,8.675,4.72,2.65,5.575,4.3335,,,10.65,16.6,,5.35
2007-11-02,4.9,4.525,6.205,0.835,7.045,8.675,4.72,2.68,5.575,4.342,,,10.8,16.6,,5.35
2007-11-05,4.9,4.535,6.22,0.835,7.05,8.635,4.72,2.66,5.525,4.357,,,10.8,16.6,,5.35
2007-11-06,4.91,4.57,6.18,0.84,7.05,8.58,4.72,2.6,5.525,4.3795,,,10.65,16.6,,5.35
2007-11-07,4.755,4.56,6.19,0.83,7.06,8.575,4.72,2.635,5.535,4.3935,,,10.85,16.6,,5.35
2007-11-08,4.73,4.55,6.215,0.835,7.11,8.545,4.85,2.605,5.545,4.4345,,,10.85,16.53,,5.35
2007-11-09,4.76,4.57,6.22,0.835,7.035,8.525,4.85,2.59,5.575,4.4575,,,10.7,16.6,,5.35
2007-11-12,4.75,4.565,6.23,0.835,7.07,8.55,4.85,2.6,5.555,4.5235,,,10.7,16.6,,5.36
2007-11-13,4.555,4.57,6.22,0.845,7.1,8.64,4.85,2.595,5.585,4.5335,,,10.9,16.6,,5.36
2007-11-14,4.72,4.55,6.275,0.865,7.08,8.635,4.85,2.61,5.585,4.505,,,10.9,16.6,,5.37
2007-11-15,4.79,4.56,6.295,0.88,6.955,8.545,4.85,2.615,5.56,4.51,,,10.75,16.35,,5.37
2007-11-16,4.835,4.545,6.33,0.9,6.955,8.505,4.85,2.62,5.57,4.54,,,10.95,16.35,,5.39
2007-11-19,5.03,4.575,6.4,0.885,6.955,8.515,4.85,2.6225,5.58,4.535,,,11.0,16.35,,5.41
2007-11-20,5.07,4.5975,6.42,0.885,7.23,8.71,4.85,2.625,5.725,4.575,,,11.0,16.2,,5.44
2007-11-21,4.825,4.62,6.49,0.89,7.27,8.705,4.85,2.62,5.76,4.615,,,11.05,16.35,,5.47
2007-11-22,4.93,4.65,6.49,0.885,7.15,8.77,4.85,2.61,5.795,4.635,,,11.05,16.35,,5.49
2007-11-23,4.95,4.68,6.335,0.955,7.165,8.785,4.85,2.625,5.795,4.645,,,11.05,16.38,,5.5
2007-11-26,4.95,4.69,6.5,0.955,7.235,8.88,4.95,2.625,5.755,4.6105,,,11.0,16.65,,5.51
2007-11-27,4.965,4.72,6.52,0.945,7.275,8.96,4.95,2.64,5.665,4.6075,,,11.0,16.35,,5.52
2007-11-28,4.935,4.735,6.55,0.985,7.335,8.985,4.95,2.64,5.61,4.5515,,,11.0,16.35,,5.54
2007-11-29,4.975,4.775,6.405,0.96,7.34,8.925,4.95,2.615,5.835,4.66,,,11.0,16.35,,5.57
2007-11-30,5.005,4.81,6.57,0.97,7.275,9.025,4.95,2.62,5.705,4.7845,,,11.0,16.35,,5.59
2007-12-03,5.275,4.835,6.595,0.955,7.335,9.015,4.95,2.64,5.745,4.78,,,11.0,16.35,,5.61
2007-12-04,5.03,4.8525,6.62,0.995,7.31,9.025,4.95,2.63,5.785,4.7845,,,11.15,16.35,,5.63
2007-12-05,5.025,4.8525,6.65,1.045,7.3,9.075,5.03,2.68,5.835,4.812,,,11.025,16.35,,5.65
2007-12-06,5.18,4.855,6.55,1.025,7.28,9.065,4.98,2.665,5.835,4.8285,,,11.2,16.9,,5.67
2007-12-07,5.025,4.82,6.58,1.025,7.28,9.06,4.98,2.65,5.865,4.865,,,11.1,16.78,,5.67
2007-12-10,5.01,4.9,6.57,1.05,7.3,9.045,5.03,2.655,5.93,4.8485,,,11.3,16.65,,5.68
2007-12-11,5.065,4.93,6.57,1.085,7.275,9.075,5.03,2.66,5.95,4.928,,,11.3,16.65,,5.69
2007-12-12,4.85,4.915,6.54,1.025,7.43,9.02,5.03,2.65,6.085,4.828,,,11.15,16.65,,5.7
2007-12-13,4.98,4.92,6.49,1.05,7.47,9.05,5.03,2.67,5.935,4.6865,,,11.3,16.65,,5.71
2007-12-14,4.845,4.915,6.355,1.03,7.275,9.05,4.98,2.66,5.785,4.6145,,,11.3,16.65,,5.72
2007-12-17,5.11,4.9075,6.4,0.9,7.25,9.1,4.93,2.655,5.735,4.6065,,,11.3,16.45,,5.75
2007-12-18,4.735,4.85,6.275,0.95,7.25,9.125,4.93,2.65,5.76,4.6675,,,11.15,16.45,,5.77
2007-12-19,4.78,4.75,6.125,0.915,7.34,9.23,4.9,2.675,5.79,4.6835,,,11.3,16.45,,5.77
2007-12-20,4.75,4.765,6.05,0.905,7.25,9.23,4.9,2.64,5.75,4.6995,,,11.2,16.45,,5.78
2007-12-21,4.74,4.72,6.08,0.905,7.24,9.2,4.9,2.7,5.73,4.6675,,,11.15,16.45,,5.78
2007-12-24,4.95,4.75,6.015,0.9,7.23,9.15,4.85,2.6708,5.71,4.59,,,11.2,16.45,,5.79
2007-12-25,4.95,4.76,6.01,0.9,7.265,9.175,4.85,2.675,5.71,4.59,,,11.2,16.45,,5.79
2007-12-26,4.95,4.76,6.0,0.9,7.17,9.15,4.85,2.6765,5.72,4.6645,,,11.2,16.45,,5.8
2007-12-27,4.74,4.645,6.05,0.97,7.225,9.15,4.85,2.6784,5.78,4.6375,,,11.2,16.45,,5.81
2007-12-28,4.585,4.7,5.95,0.89,7.175,8.93,4.85,2.625,5.775,4.5475,,,11.3,16.45,,5.82
2007-12-31,4.57,4.65,6.0,0.875,7.13,8.905,4.85,2.7,5.77,4.5485,,,11.2,16.45,,5.82
2008-01-01,4.9,4.7,5.9,0.9,7.13,8.905,4.85,2.675,5.775,4.595,,,11.2,16.45,,5.82
2008-01-02,4.495,4.605,5.825,0.86,7.12,9.0,4.45,2.68,5.735,4.5715,,,11.25,16.45,,5.83
2008-01-03,4.525,4.625,5.81,0.855,7.12,8.575,4.375,2.68,5.725,4.587,,,11.225,16.45,,5.85
2008-01-04,4.43,4.6,5.73,0.9,7.075,8.895,4.35,2.685,5.625,4.6095,,,11.4,16.4,,5.86
2008-01-07,4.395,4.57,5.71,0.83,7.05,8.815,4.35,2.74,5.685,4.5595,,,11.25,16.4,,5.86
2008-01-08,4.35,4.57,5.69,0.83,7.045,8.87,4.35,2.69,5.695,4.6035,,,11.4,16.4,,5.87
2008-01-09,4.295,4.535,5.61,0.84,7.105,8.9,4.3438,2.6876,5.715,4.6025,,,11.25,16.3,,5.88
2008-01-10,4.31,4.525,5.64,0.85,7.165,8.875,4.3126,2.6876,5.835,4.5015,,,11.25,16.3,,5.89
2008-01-11,4.01,4.5001,5.65,0.85,7.075,8.91,4.2501,2.6876,5.735,4.5435,,,11.45,16.25,,5.89
2008-01-14,4.27,4.5257,5.64,0.85,7.14,8.89,4.1251,2.6563,5.625,4.427,,,11.275,16.2,,5.89
2008-01-15,3.945,4.52,5.61,0.85,7.14,8.85,4.1563,2.6563,5.545,4.3665,,,11.45,16.1,,5.89
2008-01-16,3.91,4.43,5.58,0.84,7.14,8.83,4.1251,2.5626,5.575,4.3095,,,11.45,16.05,,5.88
2008-01-17,3.91,4.4,5.56,0.84,7.15,8.715,4.1251,2.5626,5.525,4.3135,,,11.4,15.95,,5.88
2008-01-18,3.845,4.385,5.55,0.84,7.125,8.85,4.1251,2.5938,5.575,4.3715,,,11.45,16.1,,5.87
2008-01-21,3.695,4.36,5.53,0.84,7.2,8.84,4.1251,2.5938,5.57,4.3705,,,11.3,15.95,,5.86
2008-01-22,3.345,4.27,5.44,0.83,7.14,8.85,4.0626,2.5626,5.685,4.665,,,11.45,16.0,,5.86
2008-01-23,3.285,4.2775,5.45,0.82,7.2,8.91,3.9688,2.5938,5.615,4.439,,,11.4,15.95,,5.82
2008-01-24,3.285,4.28,5.51,0.82,7.15,8.8,3.9688,2.5938,5.53,4.2825,,,11.25,15.95,,5.79
2008-01-25,3.14,4.32,5.54,0.82,7.165,8.6,4.0313,2.5938,5.505,4.3835,,,11.4,15.95,,5.76
2008-01-28,3.12,4.335,5.54,0.82,7.2,8.65,4.0313,2.5938,5.505,4.3605,,,11.25,15.95,,5.7
2008-01-29,3.2,4.34,5.55,0.82,7.3,8.815,3.9376,2.5938,5.55,4.3065,,,11.4,15.95,,5.65
2008-01-30,3.21,4.325,5.55,0.82,7.3,8.78,4.0001,2.5938,5.53,4.373,,,11.4,15.95,,5.6
2008-01-31,3.09,4.3375,5.53,0.81,7.265,8.725,3.9063,2.5938,5.57,4.3475,,,11.25,15.95,,5.5
2008-02-01,3.09,4.33,5.52,0.81,7.34,8.715,3.8751,2.5938,5.5815,4.334,,,11.25,15.95,,5.46
2008-02-04,3.15,4.355,5.54,0.81,7.29,8.625,3.8751,2.5938,5.5525,4.38,,,11.25,15.95,,5.41
2008-02-05,3.15,4.355,5.53,0.81,7.3,8.66,3.8126,2.5938,5.5745,4.364,,,11.2,15.95,,5.39
2008-02-06,3.15,4.32,5.56,0.81,7.4,8.625,3.8751,2.5938,5.675,4.368,,,11.25,15.95,,5.39
2008-02-07,3.025,4.29,5.57,0.81,7.35,8.75,3.8751,2.5938,5.706,4.418,,,11.2,15.95,,5.39
2008-02-08,3.05,4.3,5.57,0.83,7.45,8.85,3.8751,2.6251,5.752,4.4065,,,11.2,15.95,,5.39
2008-02-11,2.97,4.29,5.58,0.83,7.5,8.835,3.9063,2.6563,5.735,4.4015,,,11.25,16.0,,5.36
2008-02-12,3.075,4.34,5.59,0.83,7.575,8.9,3.9063,2.6563,5.7925,4.417,,,11.25,15.95,,5.35
2008-02-13,3.075,4.3375,5.61,0.83,7.57,8.825,3.9063,2.6563,5.786,4.419,,,11.3,15.95,,5.33
2008-02-14,3.075,4.315,5.61,0.84,7.65,8.775,3.9376,2.6563,5.8175,4.4265,,,11.25,15.98,,5.31
2008-02-15,3.075,4.31,5.61,0.84,7.74,8.845,3.9063,2.7188,5.835,4.4345,,,11.25,16.05,,5.29
2008-02-18,3.075,4.3375,5.61,0.84,7.655,8.815,3.8751,2.7188,5.815,4.432,,,11.25,15.93,,5.27
2008-02-19,3.075,4.335,5.61,0.84,7.735,8.855,3.8751,2.65,5.84,4.441,,,11.3,15.93,,5.25
2008-02-20,3.08,4.3575,5.61,0.84,7.725,8.83,3.8751,2.7188,5.805,4.4615,,,11.3,15.8,,5.24
2008-02-21,3.08,4.37,5.63,0.84,7.66,8.835,3.8438,2.6876,5.8525,4.4475,,,11.3,15.8,,5.22
2008-02-22,3.08,4.355,5.63,0.84,7.675,8.845,3.8126,2.7501,5.868,4.461,,,11.3,15.8,,5.22
2008-02-25,3.075,4.365,5.64,0.84,7.695,8.825,3.8126,2.7501,5.8415,4.5905,,,11.3,15.93,,5.2
2008-02-26,2.975,4.365,5.65,0.84,7.725,8.83,3.8126,2.7501,5.8525,4.6145,,,11.3,15.8,,5.19
2008-02-27,3.075,4.34,5.66,0.84,7.8,8.875,3.8126,2.7501,5.871,4.6675,,,11.35,15.8,,5.19
2008-02-28,3.06,4.3438,5.68,0.84,7.9,8.875,3.8126,2.7501,5.964,4.726,,,11.35,15.8,,5.19
2008-02-29,2.9,4.3438,5.71,0.9,7.905,8.915,3.7813,2.7188,5.915,4.726,,,11.25,15.8,,5.18
2008-03-03,2.925,4.3625,5.72,0.91,7.94,8.925,3.7501,2.685,6.01,4.78,,,11.4,16.05,,5.17
2008-03-04,2.93,4.3625,5.74,0.91,7.905,8.945,3.6563,2.7188,6.0,4.842,,,11.4,15.8,,5.17
2008-03-05,2.9,4.3719,5.74,0.92,7.86,8.95,3.6563,2.715,5.985,4.806,,,11.4,16.05,,5.17
2008-03-06,2.85,4.3751,5.73,0.945,7.925,8.9,3.6251,2.7188,5.96,4.8195,,,11.4,16.03,,5.17
2008-03-07,2.945,4.4688,5.74,0.93,8.045,8.98,3.7188,2.7813,6.135,4.885,,,11.4,16.6,,5.17
2008-03-10,2.77,4.4688,5.75,0.94,8.05,8.98,3.6876,2.695,6.085,4.872,,,11.4,16.5,,5.17
2008-03-11,2.945,4.575,5.75,0.92,8.025,8.98,3.6563,2.7813,6.185,4.822,,,11.4,16.25,,5.17
2008-03-12,2.835,4.575,5.77,0.92,7.93,8.975,3.6563,2.7813,6.1445,4.7965,,,11.4,15.8,,5.18
2008-03-13,2.835,4.5626,5.82,0.92,7.905,8.925,3.6563,2.7501,6.174,4.7955,,,11.4,16.05,,5.2
2008-03-14,2.835,4.5313,5.9,0.91,7.855,8.935,3.6251,2.7501,6.095,4.7495,,,11.4,15.8,,5.22
2008-03-17,2.485,4.5938,5.93,0.92,7.85,9.0,3.5001,2.7501,5.965,4.506,,,11.45,15.83,,5.25
2008-03-18,2.63,4.5938,5.94,0.92,7.825,9.09,3.5626,2.78,5.99,4.4555,,,11.45,15.8,,5.26
2008-03-19,2.575,4.645,5.94,0.91,7.725,8.94,3.5626,2.8,6.015,4.6095,,,11.45,15.8,,5.26
2008-03-20,2.575,4.6251,5.95,0.9,7.65,9.0,3.5313,2.78,5.949,4.573,,,11.45,15.8,,5.27
2008-03-21,2.575,4.6563,5.95,0.9,7.735,9.005,3.5626,2.7813,5.949,4.573,,,11.45,15.83,,5.27
2008-03-24,2.575,4.6563,5.95,0.9,7.675,8.995,3.5626,2.8126,5.949,4.573,,,11.45,15.8,,5.33
2008-03-25,2.66,4.6563,5.96,0.9,7.775,9.03,3.4376,2.84,6.015,4.7075,,,11.45,16.25,,5.35
2008-03-26,2.7,4.6563,5.98,0.9,7.775,9.0,3.4376,2.85,6.165,4.6785,,,11.45,15.8,,5.36
2008-03-27,2.7,4.6563,5.98,0.9,7.825,9.03,3.4376,2.88,5.95,4.6915,,,11.45,15.8,,5.36
2008-03-28,2.75,4.6563,5.98,0.9,7.93,9.11,3.4376,2.7813,5.974,4.74,,,11.45,15.8,,5.37
2008-03-31,2.75,4.6563,5.98,0.905,7.925,9.065,3.4376,2.7813,6.015,4.7165,,,11.45,15.5,,5.38
2008-04-01,2.695,4.6875,5.98,0.9,7.925,9.135,3.4376,2.87,5.93,4.6925,,,11.45,15.5,,5.39
2008-04-02,2.685,4.6563,5.98,0.9,7.885,9.125,3.4376,2.88,6.035,4.6635,,,11.45,16.25,,5.4
2008-04-03,2.72,4.7188,5.98,0.85,7.875,9.045,3.6876,2.87,6.105,4.687,,,11.45,15.2,,5.4
2008-04-04,2.85,4.7188,5.93,0.85,7.815,9.025,3.6876,2.83,6.15,4.735,,,11.45,15.4,,5.4
2008-04-07,2.85,4.6838,5.91,0.92,7.85,9.095,3.6563,2.89,6.13,4.7655,,,11.45,16.43,,5.4
2008-04-08,2.83,4.6563,5.89,0.85,7.9,9.08,3.6563,2.88,6.11,4.7725,,,11.45,16.2,,5.4
2008-04-09,2.85,4.6563,5.89,0.85,7.85,9.125,3.6563,2.84,6.19,4.7655,,,11.45,15.8,,5.4
2008-04-10,2.85,4.6875,5.86,0.85,7.925,9.09,3.6563,2.84,6.17,4.7555,,,11.7,15.8,,5.4
2008-04-11,2.85,4.7475,5.89,0.85,7.875,9.105,3.6563,2.82,6.21,4.7735,,,11.7,15.8,,5.4
2008-04-14,2.804,4.7188,5.89,0.85,7.875,9.2,3.6563,2.83,6.27,4.792,,,11.7,15.8,,5.4
2008-04-15,2.8735,4.7188,5.89,0.85,7.8,9.095,3.6563,2.85,6.16,4.7515,,,11.7,16.3,,5.39
2008-04-16,2.8915,4.75,5.89,0.85,7.795,9.065,3.6563,2.84,6.18,4.675,,,11.75,15.8,,5.38
2008-04-17,2.875,4.75,5.86,0.85,7.8,9.2,3.6563,2.85,6.16,4.567,,,11.75,15.8,,5.38
2008-04-18,3.025,4.7188,5.87,0.85,7.825,9.11,3.6563,2.85,6.18,4.625,,,11.8,16.7,,5.38
2008-04-21,3.025,4.8,5.85,0.85,7.85,9.065,3.6563,2.85,6.23,4.6785,,,11.8,16.9,,5.38
2008-04-22,3.025,4.82,5.85,0.93,7.8,9.045,3.6563,2.85,6.29,4.7125,,,11.8,16.7,,5.37
2008-04-23,3.025,4.82,5.85,0.85,7.83,9.075,3.6563,2.83,6.28,4.752,,,11.85,15.8,,5.37
2008-04-24,3.025,4.82,5.85,0.85,7.825,9.12,3.6563,2.749,6.24,4.798,,,11.9,15.8,,5.37
2008-04-25,3.025,4.83,5.85,0.86,7.835,9.15,3.5938,2.845,6.315,4.7845,,,11.9,16.78,,5.36
2008-04-28,3.025,4.83,5.84,0.86,7.85,9.085,3.4376,2.79,6.3,4.795,,,11.9,16.78,,5.36
2008-04-29,3.025,4.825,5.83,0.89,7.775,9.015,3.4376,2.8,6.29,4.8365,,,11.95,16.88,,5.36
2008-04-30,3.025,4.84,5.8,0.96,7.835,8.975,3.4376,2.855,6.26,4.8285,,,11.95,16.5,,5.36
2008-05-01,2.9,4.84,5.8,0.86,7.835,9.0,3.4376,2.707,6.28,4.762,,,11.95,17.03,,5.36
2008-05-02,2.875,4.84,5.78,0.86,7.8,8.975,3.4376,2.86,6.185,4.7235,,,11.95,17.23,,5.36
2008-05-05,2.8385,4.84,5.78,0.86,7.775,8.985,3.4376,2.785,6.175,4.7275,,,11.95,16.05,,5.36
2008-05-06,2.825,4.84,5.77,0.86,7.85,9.0,3.4376,2.662,6.26,4.775,,,11.95,15.8,,5.36
2008-05-07,2.825,4.84,5.76,0.86,7.8,8.75,3.4376,2.755,6.235,4.831,,,11.95,15.8,,5.36
2008-05-08,2.7625,4.84,5.74,0.86,7.78,8.575,3.4376,2.685,6.33,4.8585,,,11.95,15.8,,5.36
2008-05-09,2.775,4.84,5.73,0.86,7.75,8.6,3.4376,2.83,6.33,4.8415,,,12.0,16.6,,5.36
2008-05-12,2.7335,4.84,5.72,0.86,7.8,8.65,3.4376,2.6685,6.34,4.8215,,,12.0,15.8,,5.36
2008-05-13,2.7515,4.84,5.73,0.86,7.75,8.75,3.4376,2.652,6.35,4.7545,,,12.0,16.05,,5.36
2008-05-14,2.7325,4.84,5.77,0.86,7.825,8.875,3.4376,2.6885,6.4,4.7415,,,12.05,15.8,,5.36
2008-05-15,2.7545,4.84,5.8,0.89,7.8,8.84,3.4376,2.725,6.44,4.9085,,,12.1,15.9,,5.36
2008-05-16,2.7195,4.84,5.81,0.86,7.855,8.84,3.15,2.649,6.485,4.9675,,,12.1,17.18,,5.37
2008-05-19,2.6525,4.84,5.81,0.86,7.77,8.825,3.15,2.652,6.525,4.9855,,,12.1,15.8,,5.37
2008-05-20,2.6435,4.84,5.81,0.86,7.8,8.73,3.15,2.725,6.42,4.9195,,,12.1,16.7,,5.37
2008-05-21,2.6505,4.84,5.81,0.86,7.825,8.815,3.15,2.715,6.365,4.8525,,,12.15,16.65,,5.37
2008-05-22,2.6555,4.84,5.82,0.86,7.8,8.93,3.15,2.692,6.3,4.8575,,,12.15,17.38,,5.37
2008-05-23,2.9,4.84,5.82,0.86,7.785,8.9,3.15,2.694,6.36,4.8705,,,12.15,16.7,,5.37
2008-05-26,2.91,4.84,5.82,0.86,7.745,8.885,3.15,2.735,6.37,4.861,,,12.15,16.7,,5.37
2008-05-27,2.9,4.84,5.81,0.86,7.75,8.89,3.15,2.76,6.42,4.861,,,12.15,16.05,,5.36
2008-05-28,2.675,4.84,5.81,0.86,7.79,8.925,3.15,2.78,6.24,4.8005,,,12.2,15.8,,5.36
2008-05-29,3.06,4.85,5.82,0.86,7.815,8.93,3.15,2.75,6.18,4.7215,,,12.65,17.78,,5.36
2008-05-30,3.06,4.85,5.83,0.86,7.78,8.9,3.15,2.78,6.21,4.798,,,12.65,17.25,,5.36
2008-06-02,3.06,4.85,5.83,0.97,7.8,8.96,3.28,2.8,6.28,4.81,,,12.65,16.75,,5.36
2008-06-03,2.99,4.86,5.84,0.86,7.8,8.89,3.2188,2.76,6.21,4.8005,,,12.65,15.8,,5.36
2008-06-04,2.99,4.85,5.83,0.86,7.85,9.05,3.1876,2.775,6.245,4.8095,,,12.65,15.8,,5.36
2008-06-05,3.025,4.9,5.835,0.86,7.78,9.0,3.1876,2.75,6.37,4.861,,,12.65,15.8,,5.36
2008-06-06,2.81,4.93,5.85,0.87,7.775,8.855,3.1876,2.785,6.395,4.8905,,,12.65,15.8,,5.36
2008-06-09,2.82,4.945,5.89,0.87,7.9,8.95,3.1876,2.91,6.31,4.923,,,12.65,15.8,,5.36
2008-06-10,2.86,4.945,5.92,0.86,7.82,9.0,3.2188,2.815,6.28,4.842,,,12.65,15.8,,5.36
2008-06-11,2.84,4.93,5.9,0.86,7.84,9.015,3.3126,2.815,6.275,4.8465,,,12.65,15.8,,5.36
2008-06-12,2.9,4.95,5.9,0.86,7.815,8.905,3.3126,2.86,6.09,4.784,,,12.2,18.78,,5.36
2008-06-13,2.885,4.95,5.91,0.87,7.89,8.93,3.3438,2.86,6.105,4.8245,,,12.3,16.05,,5.36
2008-06-16,2.92,4.96,5.91,0.955,7.825,8.865,3.3438,2.86,6.18,4.8165,,,12.3,18.58,,5.36
2008-06-17,3.035,4.98,5.91,0.955,7.76,9.0,3.3438,2.905,6.155,4.856,,,12.35,15.8,,5.36
2008-06-18,2.9,4.93,5.91,0.86,7.825,8.82,3.3751,2.83,6.235,4.878,,,12.4,18.23,,5.36
2008-06-19,2.785,4.93,5.925,0.86,7.815,8.885,3.3751,2.755,6.295,4.8545,,,12.4,17.15,,5.36
2008-06-20,2.825,4.93,5.95,0.87,7.75,8.85,3.3751,2.875,6.205,4.8755,,,12.4,15.8,,5.36
2008-06-23,2.895,4.93,5.905,0.87,7.8,8.95,3.3751,2.8323,6.385,4.8185,,,12.4,15.8,,5.36
2008-06-24,2.895,4.93,5.92,0.87,7.8,8.925,3.3751,2.8345,6.42,4.78,,,12.4,15.8,,5.36
2008-06-25,2.915,4.93,5.92,0.87,7.8,8.9,3.3751,2.8288,6.475,4.75,,,12.45,15.8,,5.37
2008-06-26,3.12,4.93,5.91,0.87,7.715,8.855,3.3751,2.8243,6.43,4.7215,,,12.45,15.8,,5.36
2008-06-27,3.05,4.93,5.91,0.87,7.755,8.825,3.3751,2.821,6.445,4.7455,,,12.45,18.5,,5.36
2008-06-30,3.01,4.9,5.85,0.975,7.825,8.915,3.3751,2.821,6.42,4.7575,,,12.45,15.8,,5.37
2008-07-01,2.78,4.93,5.9,1.025,7.8,8.9,3.3751,2.77,6.46,4.8125,,,12.5,17.38,,5.37
2008-07-02,3.065,4.93,5.89,1.025,7.795,8.9,3.3751,2.8525,6.37,4.781,,,12.5,18.83,,5.37
2008-07-03,3.05,4.915,5.88,1.005,7.65,8.775,3.3751,2.845,6.37,4.8545,,,12.5,17.53,,5.38
2008-07-04,2.98,4.93,5.85,1.005,7.75,8.75,3.4063,2.795,6.37,4.8505,,,12.5,15.8,,5.38
2008-07-07,3.015,4.93,5.84,1.005,7.65,8.85,3.4063,2.83,6.36,4.8445,,,12.5,15.8,,5.39
2008-07-08,2.91,4.93,5.82,0.995,7.74,8.775,3.4063,2.795,6.335,4.8525,,,12.5,15.8,,5.41
2008-07-09,2.945,4.93,5.81,0.985,7.65,8.69,3.3751,2.725,6.315,4.848,,,12.5,17.35,,5.41
2008-07-10,2.935,4.93,5.8,0.985,7.715,8.625,3.3751,2.75,6.305,4.9185,,,12.5,18.53,,5.44
2008-07-11,2.855,4.93,5.79,0.985,7.7,8.525,3.3751,2.795,6.345,4.9155,,,12.5,15.8,,5.46
2008-07-14,2.94,4.93,5.79,0.985,7.75,8.625,3.3751,2.785,6.34,4.8885,,,12.5,15.8,,5.48
2008-07-15,2.97,4.93,5.78,0.86,7.75,8.615,3.3751,2.75,6.335,4.8895,,,12.45,15.8,,5.52
2008-07-16,2.97,4.93,5.78,0.85,7.68,8.575,3.3438,2.795,6.315,4.851,,,12.45,15.8,,5.525
2008-07-17,3.0,4.93,5.77,0.93,7.7,8.575,3.3438,2.705,6.39,4.8875,,,12.4,18.35,,5.55
2008-07-18,2.98,4.93,5.77,0.93,7.715,8.505,3.3438,2.725,6.35,4.875,,,12.4,18.45,,5.56
2008-07-21,2.85,4.93,5.76,0.85,7.725,8.545,3.3438,2.695,6.365,4.882,,,12.4,18.35,,5.58
2008-07-22,2.95,4.93,5.76,0.85,7.705,8.545,3.3126,2.725,6.33,4.8755,,,12.4,18.45,,5.59
2008-07-23,2.77,4.93,5.76,0.85,7.75,8.54,3.2813,2.705,6.285,4.8445,,,12.35,18.45,,5.59
2008-07-24,2.95,4.93,5.76,0.865,7.675,8.425,3.2813,2.745,6.27,4.8445,,,12.3,18.45,,5.63
2008-07-25,3.02,4.93,5.76,0.85,7.685,8.415,3.2813,2.695,6.29,4.8315,,,12.3,18.45,,5.63
2008-07-28,2.795,4.92,5.76,0.89,7.685,8.525,3.2813,2.705,6.28,4.835,,,12.3,18.23,,5.64
2008-07-29,2.895,4.93,5.76,0.84,7.675,8.43,3.2501,2.73,6.28,4.8115,,,12.3,18.45,,5.66
2008-07-30,2.88,4.93,5.76,0.84,7.685,8.425,3.2501,2.72,6.305,4.8435,,,12.3,18.35,,5.67
2008-07-31,2.775,4.93,5.75,0.84,7.75,8.42,3.2501,2.7225,6.31,4.8735,,,12.25,18.45,,5.68
2008-08-01,2.775,4.93,5.76,0.84,7.625,8.415,3.2813,2.7225,6.32,4.848,,,12.25,18.0,,5.69
2008-08-04,2.77,4.93,5.76,0.84,7.53,8.445,3.2501,2.725,6.375,4.878,,,12.25,18.45,,5.71
2008-08-05,2.775,4.93,5.76,0.84,7.54,8.405,3.2501,2.715,6.345,4.893,,,12.25,18.45,,5.72
2008-08-06,2.79,4.93,5.76,0.84,7.465,8.42,3.2501,2.705,6.375,4.9265,,,12.25,18.1,,5.72
2008-08-07,3.005,4.93,5.76,0.84,7.38,8.375,3.2501,2.7,6.385,4.953,,,12.25,18.45,,5.74
2008-08-08,2.775,4.93,5.76,0.84,7.375,8.375,3.2813,2.705,6.255,4.9335,,,12.25,18.45,,5.75
2008-08-11,2.825,4.935,5.76,0.855,7.33,8.375,3.2501,2.74,6.365,4.9305,,,12.25,18.45,,5.76
2008-08-12,2.99,4.93,5.76,0.84,7.345,8.355,3.2501,2.685,6.365,4.9365,,,12.25,18.45,,5.77
2008-08-13,2.775,4.93,5.75,0.83,7.3,8.27,3.2501,2.725,6.435,4.943,,,12.25,18.1,,5.78
2008-08-14,3.02,4.93,5.74,0.83,7.33,8.25,3.2501,2.74,6.465,4.952,,,12.1,18.45,,5.79
2008-08-15,2.78,4.93,5.74,0.82,7.325,8.25,3.2501,2.735,6.485,5.0245,,,12.15,18.45,,5.79
2008-08-18,2.9,4.93,5.74,0.82,7.34,8.2,3.2501,2.72,6.4895,5.026,,,12.15,18.0,,5.79
2008-08-19,2.825,4.93,5.74,0.83,7.33,8.225,3.2501,2.715,6.485,5.006,,,12.15,18.45,,5.79
2008-08-20,3.01,4.93,5.74,0.81,7.345,8.275,3.2501,2.685,6.42,4.978,,,12.15,18.05,,5.79
2008-08-21,2.98,4.93,5.73,0.81,7.345,8.255,3.2501,2.685,6.525,5.05,,,12.15,18.45,,5.79
2008-08-22,2.87,4.93,5.73,0.81,7.34,8.275,3.2813,2.67,6.475,5.0585,,,12.2,18.05,,5.79
2008-08-25,2.865,4.93,5.73,0.81,7.275,8.225,3.2813,2.705,6.455,5.0485,,,12.2,18.45,,5.79
2008-08-26,2.95,4.93,5.73,0.81,7.25,8.225,3.2813,2.695,6.405,5.0185,,,12.15,18.05,,5.79
2008-08-27,2.75,4.93,5.715,0.82,7.2,8.245,3.2813,2.695,6.42,4.9855,,,12.1,18.45,,5.79
2008-08-28,2.81,4.93,5.73,0.82,7.225,8.2,3.2813,2.685,6.425,5.0075,,,12.15,18.45,,5.79
2008-08-29,3.03,4.93,5.73,0.92,7.22,8.145,3.2813,2.695,6.425,5.0245,,,12.2,18.1,,5.79
2008-09-01,3.01,4.935,5.73,0.82,7.24,8.16,3.2813,2.695,6.465,5.0865,,,12.15,18.23,,5.79
2008-09-02,3.015,4.935,5.73,0.82,7.27,8.175,3.2813,2.69,6.465,5.086,,,12.15,18.23,,5.79
2008-09-03,3.0,4.935,5.72,0.82,7.24,8.25,3.2813,2.6875,6.435,5.079,,,12.15,17.75,,5.79
2008-09-04,2.935,4.935,5.715,0.875,7.225,8.225,3.2813,2.715,6.415,5.145,,,12.15,18.3,,5.79
2008-09-05,2.785,4.945,5.72,0.84,7.265,8.22,3.3126,2.66,6.45,5.194,,,12.25,18.45,,5.79
2008-09-08,2.93,4.945,5.72,0.84,7.25,8.25,3.3438,2.685,6.42,5.202,,,12.25,18.3,,5.79
2008-09-09,2.91,4.945,5.705,0.92,7.265,8.225,3.3751,2.685,6.45,5.2125,,,12.2,18.45,,5.79
2008-09-10,2.925,4.945,5.68,0.87,7.25,8.175,3.3751,2.685,6.35,5.1985,,,12.2,18.45,,5.79
2008-09-11,2.915,4.93,5.7,0.87,7.23,8.04,3.4219,2.635,6.34,5.2495,,,12.2,18.45,,5.79
2008-09-12,2.865,4.945,5.67,0.875,7.25,7.775,3.4376,2.7,6.42,5.267,,,12.18,18.45,,5.79
2008-09-15,2.8,4.95,5.69,0.9,7.295,7.775,3.4376,2.685,6.27,5.146,,,12.2,18.45,,5.79
2008-09-16,3.185,4.95,5.76,0.9,7.2,7.95,3.55,2.725,6.21,5.0385,,,12.2,18.45,,5.79
2008-09-17,3.45,4.95,5.85,0.9,7.6,7.825,3.5282,2.625,5.35,4.7625,,,12.2,18.45,,5.79
2008-09-18,4.69,4.95,5.9,0.95,7.3,7.7,3.7782,2.735,5.83,4.2985,,,12.175,18.45,,5.79
2008-09-19,4.17,5.0,6.025,0.8,7.6,9.3,3.9438,2.79,5.725,5.5365,,,12.125,18.45,,5.79
2008-09-22,4.06,5.0,5.95,0.93,7.6,9.3,3.9438,2.7,6.88,5.2795,,,12.1,18.45,,5.79
2008-09-23,4.14,5.0,6.05,0.825,7.475,8.625,3.9594,2.74,6.645,4.79,,,12.15,18.0,,5.79
2008-09-24,4.67,5.0,6.175,0.89,7.75,9.75,3.5,2.725,6.8,4.851,,,12.15,18.0,,5.79
2008-09-25,4.67,5.1,6.225,0.95,7.75,9.2,4.225,2.735,7.57,4.817,,,12.15,18.45,,5.79
2008-09-26,4.75,5.1,6.225,0.925,7.6,9.1,3.5,2.825,7.1,4.5715,,,12.15,18.45,,5.8
2008-09-29,4.92,5.2,6.175,0.985,7.55,9.8,4.1251,2.97,7.35,4.288,,,12.15,18.45,,5.82
2008-09-30,5.125,5.25,6.225,0.96,8.3,9.75,4.1251,2.995,7.535,4.2435,,,12.2,18.45,,5.83
2008-10-01,5.42,5.275,6.225,0.96,7.85,8.9,4.1251,2.865,7.63,4.584,,,12.2,18.45,,5.84
2008-10-02,5.43,5.35,6.2,1.75,7.5,9.7,4.1251,2.9,7.555,4.598,,,12.2,18.45,,5.86
2008-10-03,5.31,5.35,6.115,1.3,7.5,9.125,4.1251,2.895,7.62,5.3725,,,12.25,18.05,,5.86
2008-10-06,4.79,5.35,6.125,1.6,7.45,9.15,4.1876,2.9225,7.3976,5.4605,,,12.25,18.1,,5.9
2008-10-07,5.33,5.35,6.3,1.6,7.425,8.4,4.0001,2.92,7.3587,5.073,,,12.25,18.58,,5.93
2008-10-08,6.13,5.35,6.3,1.6,7.0,8.5,3.9688,2.92,6.62,6.009,,,12.25,18.45,,5.96
2008-10-09,6.0,5.35,6.25,1.6,7.25,9.0,3.9688,3.35,6.99,5.691,,,12.2,18.45,,5.96
2008-10-10,5.5,5.5,6.25,1.55,7.25,9.125,3.7501,3.35,7.23,4.4195,,,12.3,18.9,,5.96
2008-10-13,5.32,5.275,6.25,1.55,7.25,9.0,3.7501,3.565,7.1054,4.42,,,12.3,18.45,,5.99
2008-10-14,5.32,5.275,6.2,1.5,7.25,8.875,4.0001,3.565,6.855,3.918,,,12.3,18.45,,6.02
2008-10-15,5.11,5.225,6.25,1.5,7.025,8.6,3.9688,3.35,6.21,3.9515,,,12.3,18.45,,6.05
2008-10-16,4.76,5.175,6.3,1.45,6.0,7.75,3.7501,3.35,6.71,3.9425,,,12.2,18.8,,6.08
2008-10-17,4.21,5.175,6.4,1.335,6.625,7.75,3.7501,3.35,6.488,4.5345,,,12.35,18.45,,6.1
2008-10-20,4.56,5.025,6.3,1.35,6.75,7.525,3.5938,3.35,6.655,4.7405,,,12.35,18.45,,6.12
2008-10-21,4.11,5.025,6.15,1.35,6.375,7.375,3.4063,3.35,6.755,5.2575,,,12.2,19.15,,6.14
2008-10-22,4.135,5.025,6.025,0.97,6.5,7.25,3.0626,3.35,6.445,5.25,,,12.35,19.65,,6.15
2008-10-23,4.26,4.975,6.0,1.45,6.25,7.25,3.0626,2.58,6.67,5.15,,,12.4,19.1,,6.16
2008-10-24,4.11,4.875,6.15,0.94,6.25,7.75,3.0626,2.34,6.725,4.7,,,12.45,20.25,,6.17
2008-10-27,4.25,4.9,6.05,1.45,6.1,8.0,3.0626,2.5,6.3843,4.699,,,12.45,20.95,,6.03
2008-10-28,4.18,4.9,6.05,0.93,6.625,7.775,2.75,2.77,6.2305,4.778,,,12.45,18.45,,6.04
2008-10-29,4.09,4.825,6.05,1.25,6.55,7.875,2.75,3.22,6.355,4.6675,,,12.45,18.45,,6.06
2008-10-30,3.97,4.825,5.95,1.5,6.475,7.75,2.75,2.05,6.19,4.6625,,,12.35,20.65,,6.06
2008-10-31,3.75,4.825,5.85,1.5,6.375,7.75,2.75,2.43,6.4425,4.619,,,12.3,18.45,,5.98
2008-11-03,3.5,4.675,5.8,1.23,6.25,7.75,2.75,2.43,6.5506,4.624,,,12.45,18.45,,5.97
2008-11-04,3.4,4.725,5.675,0.85,5.625,7.45,2.75,2.43,6.3866,4.5865,,,12.45,20.55,,5.94
2008-11-05,3.37,4.675,5.55,1.255,5.875,7.125,2.75,2.56,6.4741,4.535,,,12.4,19.95,,5.93
2008-11-06,2.45,4.525,4.35,1.5,5.625,7.125,2.75,2.18,6.1877,4.5675,,,12.4,19.5,,5.92
2008-11-07,2.875,4.475,4.4,1.5,5.5,6.75,2.75,2.28,5.8625,4.575,,,12.4,19.8,,5.69
2008-11-10,2.25,4.425,4.35,1.5,5.4,6.5,2.75,2.67,5.9944,4.5225,,,12.4,20.4,,5.69
2008-11-11,2.175,4.33,4.225,1.55,5.25,6.25,2.75,2.535,5.5688,4.425,,,12.4,20.25,,5.69
2008-11-12,2.475,4.275,4.1,1.55,5.375,6.625,2.75,1.85,5.7447,4.51,,,12.4,20.45,,5.59
2008-11-13,2.125,4.275,4.05,1.5,5.55,6.175,2.75,1.93,6.0704,4.399,,,12.4,20.55,,5.58
2008-11-14,2.505,4.275,3.975,1.55,5.225,6.375,2.75,1.88,6.16,4.375,,,12.4,20.55,,5.56
2008-11-17,2.225,4.125,4.05,1.55,4.75,6.1,2.75,1.99,6.2633,4.395,,,12.35,20.55,,5.52
2008-11-18,2.425,4.125,4.1,1.155,4.75,6.0,2.75,2.21,6.095,4.395,,,12.4,20.55,,5.51
2008-11-19,2.425,4.125,3.95,1.15,4.75,6.0,2.75,2.13,5.9266,4.374,,,12.35,20.75,,5.5
2008-11-20,2.4,4.125,3.95,1.15,4.75,6.25,2.75,1.68,5.604,4.3625,,,12.35,20.55,,5.48
2008-11-21,2.425,4.025,3.975,1.2,4.75,6.0,2.75,1.74,5.4673,4.325,,,12.25,20.45,,5.48
2008-11-24,2.55,4.025,3.925,0.84,4.875,6.125,2.75,1.9,5.8428,4.349,,,12.25,20.15,,5.48
2008-11-25,2.425,3.975,3.95,0.87,4.875,6.125,2.75,1.86,5.6691,4.325,,,12.0,20.15,,5.47
2008-11-26,2.4,3.99,3.975,0.84,4.75,6.75,2.75,1.54,5.7161,4.325,,,11.95,20.25,,5.45
2008-11-27,2.3,4.0,3.95,1.155,5.0,6.5,2.75,1.19,5.9597,4.29,,,12.15,20.25,,5.45
2008-11-28,2.375,3.975,3.975,1.25,4.75,6.25,2.75,1.23,5.8949,4.35,,,12.15,19.65,,5.45
2008-12-01,2.425,3.925,3.975,1.105,4.85,5.875,2.75,1.24,5.809,4.2665,,,12.15,19.25,,5.45
2008-12-02,2.4,3.875,3.9,1.055,4.555,5.715,2.75,1.24,5.4713,3.965,,,12.15,19.35,,5.45
2008-12-03,2.375,3.725,3.775,1.055,4.75,5.75,2.25,0.96,5.1896,3.875,,,12.1,19.35,,5.45
2008-12-04,2.3,3.525,3.5,1.055,4.75,5.75,2.25,0.97,4.7246,3.125,,,12.0,19.5,,5.45
2008-12-05,2.3,3.525,3.325,1.055,4.75,5.5,2.25,0.94,4.1465,2.778,,,11.7,19.2,,5.45
2008-12-08,2.25,3.475,3.275,1.055,4.75,5.5,2.25,1.01,4.2508,2.76,,,11.65,19.2,,5.45
2008-12-09,2.275,3.475,3.225,1.055,5.0,5.5,2.2,0.89,4.9642,2.6575,,,11.65,19.2,,5.44
2008-12-10,2.175,3.4825,3.225,1.055,4.725,5.625,2.2,0.78,4.4453,2.668,,,11.45,19.2,,5.44
2008-12-11,2.025,3.375,3.225,1.25,4.625,5.625,2.2,0.75,4.3544,2.5,,,11.3,19.2,,4.75
2008-12-12,1.875,3.375,3.175,0.88,4.5,5.75,2.2,0.75,4.2392,2.55,,,11.5,18.95,,4.75
2008-12-15,1.85,3.375,3.0,1.25,4.5,5.75,2.2,0.975,4.4112,2.425,,,11.5,19.05,,4.74
2008-12-16,1.7,3.275,3.0,0.89,4.5,5.75,2.2,0.85,4.421,2.475,,,11.5,19.05,,4.49
2008-12-17,1.7,3.175,2.975,0.89,4.475,5.475,2.2,0.75,3.9935,2.399,,,11.3,18.95,,4.34
2008-12-18,1.675,3.125,2.925,1.25,4.5,5.75,2.2,0.75,3.8319,2.36,,,11.5,18.75,,4.24
2008-12-19,1.55,3.075,2.875,0.95,4.75,5.75,2.2,0.75,3.6976,2.375,,,11.35,16.83,,4.19
2008-12-22,1.5,3.075,2.825,0.95,4.75,5.25,2.2,0.75,3.93,2.385,,,11.875,16.83,,4.09
2008-12-23,1.5,3.025,2.825,0.89,4.5,5.5,2.2,0.75,4.1299,2.385,,,11.5,16.83,,4.03
2008-12-24,1.3,2.975,2.8,0.95,4.75,5.5,2.2,0.76,4.0373,2.36,,,11.5,16.83,,3.98
2008-12-25,1.3,3.125,2.8,0.95,4.75,5.5,2.2,0.76,4.1064,2.395,,,11.5,16.83,,3.98
2008-12-26,1.3,2.975,2.875,0.95,4.75,5.5,2.2,0.76,3.8745,2.395,,,11.5,16.85,,3.95
2008-12-29,1.375,2.875,2.775,0.95,4.75,5.435,2.2,0.75,3.8738,2.365,,,11.5,16.85,,3.94
2008-12-30,1.375,2.875,2.825,1.03,4.5,5.25,2.2,0.75,3.8088,2.365,,,11.35,16.85,,3.93
2008-12-31,1.35,2.825,2.75,0.77,4.5,5.25,1.85,0.75,3.6784,2.35,,,11.35,16.85,,3.93
2009-01-01,1.4,2.795,2.8,0.77,4.5,5.25,1.85,0.75,3.6787,2.375,,,11.35,16.85,,3.93
2009-01-02,1.55,2.825,2.65,0.77,4.5,5.25,1.85,0.75,3.7589,2.3315,,,11.45,16.85,,3.93
2009-01-05,1.6,2.775,2.625,0.95,4.5,5.25,1.5,0.75,3.7046,2.305,,,11.5,16.5,,3.92
2009-01-06,1.0,2.775,2.475,0.95,4.25,5.25,1.5,0.75,3.6216,2.325,,,11.35,15.63,,3.92
2009-01-07,1.375,2.675,2.5,0.95,4.5,5.25,1.5,0.75,3.6155,2.3265,,,11.5,15.9,,3.92
2009-01-08,1.225,2.675,2.375,0.875,4.25,5.25,1.25,0.8175,3.6053,2.395,,,11.45,15.7,,3.25
2009-01-09,1.085,2.675,2.325,0.82,4.25,5.25,1.25,0.725,3.5168,2.275,,,11.5,15.7,,3.18
2009-01-12,1.325,2.675,2.175,0.95,4.25,5.25,1.2,0.72,3.4967,2.225,,,11.5,18.45,,3.18
2009-01-13,1.2,2.625,2.175,0.875,4.15,5.0,1.25,0.775,3.2978,2.195,,,11.5,15.65,,3.13
2009-01-14,0.85,2.525,2.225,0.69,4.05,4.75,1.25,0.825,3.424,2.125,,,11.5,15.6,,3.02
2009-01-15,1.125,2.425,2.225,0.72,3.95,4.75,1.15,0.75,3.3607,2.125,,,11.3,15.5,,2.98
2009-01-16,1.175,2.345,2.175,0.66,3.9,4.75,1.15,0.75,3.3589,2.075,,,11.5,14.75,,2.97
2009-01-19,1.15,2.45,2.175,0.65,3.85,4.55,1.15,0.75,3.5294,2.075,,,11.45,14.43,,2.97
2009-01-20,0.9,2.325,2.175,0.705,3.95,4.45,1.15,0.75,3.4292,2.08,,,11.45,14.28,,2.97
2009-01-21,0.94,2.275,2.15,0.64,3.85,4.5,1.15,0.8925,3.2907,2.035,,,11.45,14.28,,2.97
2009-01-22,1.2,2.275,2.125,0.75,3.975,4.375,1.15,0.8925,3.4486,1.975,,,11.35,14.28,,2.96
2009-01-23,1.0,2.125,2.15,0.63,3.975,4.325,1.15,0.8925,3.2925,2.08,,,11.3,13.85,,2.96
2009-01-26,1.17,2.125,2.15,0.75,4.0,4.28,1.15,0.8925,3.5303,2.058,,,11.3,13.75,,2.96
2009-01-27,1.755,2.125,2.125,0.745,4.0,4.25,1.15,1.035,3.5388,2.05,,,11.2,13.85,,2.96
2009-01-28,1.15,2.125,2.125,0.7,3.65,4.15,1.15,0.93,3.6061,1.925,,,11.15,13.85,,2.96
2009-01-29,1.05,2.125,2.125,0.695,3.75,3.95,1.15,0.93,3.4517,1.925,,,11.15,13.75,,2.96
2009-01-30,1.3,2.125,2.125,0.75,3.65,3.85,1.15,0.93,3.2705,1.965,,,11.0,13.45,,2.96
2009-02-02,1.25,2.075,2.125,0.74,3.35,3.75,1.15,0.93,3.1788,1.99,,,10.95,14.2,,2.96
2009-02-03,1.275,2.075,2.125,0.69,3.5,4.0,1.15,0.825,3.3864,1.99,,,10.9,14.1,,2.96
2009-02-04,1.3,2.025,2.125,0.62,3.675,3.875,1.15,0.825,3.5469,1.925,,,10.85,14.1,,2.96
2009-02-05,1.15,2.025,2.125,0.515,3.65,4.0,1.15,1.165,3.5282,1.8975,,,10.35,14.1,,2.92
2009-02-06,1.665,2.025,2.075,0.515,3.625,3.675,1.15,1.115,3.4921,1.875,,,10.35,14.1,,2.92
2009-02-09,1.3,2.025,2.075,1.05,3.725,3.875,1.15,1.015,3.5247,1.875,,,10.2,14.0,,2.92
2009-02-10,1.3,1.975,2.125,0.55,3.65,4.15,1.15,1.005,3.9095,1.845,,,9.95,13.6,,2.92
2009-02-11,1.15,1.975,2.075,0.55,3.55,4.15,1.35,1.055,3.3217,1.82,,,10.1,14.0,,2.92
2009-02-12,1.15,1.975,2.075,0.55,3.45,4.0,1.35,0.985,3.2215,1.225,,,10.15,14.0,,2.64
2009-02-13,1.675,1.875,2.075,0.55,3.6,4.15,1.35,0.69,3.4262,1.1915,,,10.1,14.0,,2.57
2009-02-16,1.2,1.97,2.09,0.55,3.5,3.725,1.35,0.72,3.2425,1.21,,,10.05,13.9,,2.57
2009-02-17,1.15,1.825,2.025,0.55,3.5,4.0,1.35,0.72,3.3396,1.195,,,10.05,13.9,,2.57
2009-02-18,1.35,1.875,2.025,0.62,3.45,3.8,1.35,0.75,3.3002,1.195,,,9.9,13.8,,2.56
2009-02-19,1.685,1.875,2.025,0.57,3.45,3.7,1.35,0.75,3.4252,1.1875,,,9.9,13.8,,2.55
2009-02-20,1.25,1.875,2.025,0.62,3.5,3.85,1.35,0.75,3.3707,1.185,,,10.05,13.2,,2.54
2009-02-23,1.375,1.875,2.025,0.55,3.5,3.55,1.35,0.75,3.3568,1.185,,,10.05,13.2,,2.53
2009-02-24,1.66,1.875,2.025,0.67,3.45,3.75,1.35,0.75,3.1454,1.155,,,9.75,13.2,,2.51
2009-02-25,1.675,1.825,2.025,0.57,3.6,3.8,1.35,0.75,3.0369,1.155,,,9.65,13.2,,2.51
2009-02-26,1.725,1.825,2.025,0.58,3.4,3.6,1.35,0.75,3.0924,1.135,,,9.85,13.2,,2.49
2009-02-27,1.35,1.775,2.025,0.675,3.65,3.65,1.35,0.75,2.9357,1.125,,,9.8,13.2,,2.49
2009-03-02,1.425,1.775,2.025,0.675,3.7,3.75,1.35,0.75,2.8247,1.105,,,9.8,13.1,,2.49
2009-03-03,1.35,1.775,1.925,0.67,3.75,3.65,1.35,0.75,2.9087,1.115,,,9.8,13.1,,2.49
2009-03-04,1.275,1.775,2.025,0.67,3.75,3.7,0.8,0.75,2.899,1.105,,,9.8,13.1,,2.49
2009-03-05,1.74,1.725,1.875,0.67,3.6,3.7,0.8,0.7,2.9458,1.105,,,9.8,13.1,,2.49
2009-03-06,1.45,1.625,1.875,0.67,3.6,3.65,0.8,0.65,2.9863,1.06,,,9.8,13.1,,2.49
2009-03-09,1.27,1.625,1.925,0.67,3.35,3.65,0.8,0.65,2.9,1.09,,,9.625,13.1,,2.45
2009-03-10,1.375,1.625,1.875,0.67,3.25,3.45,0.8,0.685,3.1338,1.095,,,9.825,13.1,,2.45
2009-03-11,1.81,1.625,1.975,0.56,3.25,3.45,0.8,0.65,3.2176,1.09,,,9.825,13.1,,2.45
2009-03-12,1.8,1.68,1.775,0.665,3.4,3.8,0.8,0.55,3.0587,1.09,,,9.825,13.1,,2.45
2009-03-13,1.805,1.625,1.775,0.665,3.35,3.35,0.8,0.695,3.0748,1.075,,,9.8,13.1,,2.43
2009-03-16,1.805,1.625,1.775,0.665,3.4,3.55,0.8,0.695,3.0774,1.055,,,9.8,12.0,,2.43
2009-03-17,1.805,1.625,1.775,0.56,3.4,3.55,0.8,0.74,3.0547,1.07,,,9.775,11.9,,2.43
2009-03-18,1.805,1.575,1.775,0.665,3.3,3.45,0.8,0.78,3.0435,1.16,,,9.2,11.6,,2.43
2009-03-19,1.2,1.575,1.825,0.665,3.35,3.55,0.8,0.78,3.0846,1.14,,,9.15,12.1,,2.43
2009-03-20,1.15,1.575,1.725,0.66,3.4,3.55,0.8,0.575,3.1548,1.14,,,8.85,12.1,,2.43
2009-03-23,1.225,1.575,1.675,0.66,3.4,3.55,0.8,0.79,3.1115,1.135,,,9.15,12.1,,2.43
2009-03-24,1.3,1.575,1.625,0.66,3.4,3.55,0.8,0.8,3.004,1.135,,,8.7,12.1,,2.43
2009-03-25,1.1,1.575,1.625,0.66,3.4,3.35,0.8,0.8,2.7251,1.13,,,9.0,12.1,,2.43
2009-03-26,1.2,1.575,1.625,0.685,3.425,3.475,0.8,0.8,2.717,1.025,,,8.85,12.1,,2.43
2009-03-27,1.325,1.63,1.625,0.66,3.4,3.55,0.8,0.8,2.8216,1.035,,,8.85,12.1,,2.43
2009-03-30,1.35,1.505,1.625,0.71,3.375,3.3,0.8,0.7125,2.7854,1.035,,,9.0,12.1,,2.43
2009-03-31,1.2,1.485,1.625,0.655,3.5,3.75,0.8,0.825,2.7492,1.03,,,8.9,12.1,,2.43
2009-04-01,1.2,1.485,1.525,0.54,3.375,3.425,0.8,0.825,2.8054,1.0115,,,8.9,12.1,,2.43
2009-04-02,1.05,1.495,1.525,0.65,3.6,3.6,0.8,0.85,2.9006,1.025,,,8.9,12.1,,2.43
2009-04-03,1.05,1.455,1.575,0.75,3.6,3.55,0.8,0.85,2.8011,1.025,,,8.9,12.0,,2.43
2009-04-06,1.325,1.58,1.475,0.7,3.45,3.6,0.8,0.84,2.7647,1.03,,,8.975,11.9,,2.43
2009-04-07,1.2,1.45,1.55,0.75,3.5,3.5,0.8,0.85,3.0031,1.015,,,8.95,11.9,,2.43
2009-04-08,1.025,1.415,1.55,0.75,3.65,3.55,0.8,0.83,2.9225,1.005,,,8.9,11.9,4.75,2.43
2009-04-09,1.05,1.395,1.525,0.75,3.6,3.5,0.8,0.82,2.8155,0.985,,,8.65,11.7,3.2,2.43
2009-04-10,1.05,1.55,1.525,0.75,3.6,3.5,0.8,0.82,2.8649,1.015,,,8.65,11.7,3.2,2.43
2009-04-13,1.05,1.55,1.525,0.75,3.55,3.45,0.8,0.82,2.8745,1.015,,,8.65,11.7,3.65,2.43
2009-04-14,0.925,1.5,1.52,0.75,3.25,3.15,0.8,0.805,2.7558,0.985,,,8.65,11.5,3.65,2.43
2009-04-15,1.05,1.375,1.5,0.75,3.55,3.35,0.8,0.79,2.7124,0.925,,,8.65,11.5,4.625,2.42
2009-04-16,1.2,1.395,1.49,0.75,3.5,3.25,0.8,0.75,2.6604,0.97,,,8.8,11.4,4.45,2.41
2009-04-17,1.05,1.375,1.49,0.685,3.3,3.2,0.8,0.75,2.6171,0.933,,,8.75,11.5,4.225,2.41
2009-04-20,1.175,1.48,1.48,0.685,3.45,3.3,0.8,0.7,2.6455,0.9,,,8.7,11.5,3.95,2.41
2009-04-21,1.03,1.375,1.48,0.685,3.15,3.1,0.8,0.54,2.5885,0.915,,,8.45,11.5,3.95,2.4
2009-04-22,1.075,1.455,1.48,0.5,3.45,3.2,0.8,0.65,2.5984,0.85,,,8.45,11.5,4.45,2.41
2009-04-23,1.2,1.365,1.47,0.5,3.45,3.25,0.8,0.66,2.6324,0.865,,,8.6,11.5,3.925,2.41
2009-04-24,1.025,1.375,1.46,0.49,3.45,3.35,0.8,0.66,2.6713,0.855,,,8.6,11.2,3.8,2.41
2009-04-27,1.18,1.385,1.45,0.51,3.45,3.35,0.8,0.66,2.5284,0.875,,,8.6,11.2,4.7,2.41
2009-04-28,1.18,1.48,1.44,0.625,3.2,3.05,0.8,0.65,2.5059,0.859,,,8.55,11.2,4.7,2.41
2009-04-29,1.17,1.45,1.43,0.53,3.3,3.35,0.8,0.63,2.6663,0.855,,,8.4,11.2,3.6,2.41
2009-04-30,1.16,1.45,1.42,0.53,3.35,3.15,0.8,0.66,2.6187,0.865,,,8.15,11.2,3.6,2.41
2009-05-01,1.12,1.45,1.41,0.53,3.35,3.15,0.8,0.55,2.603,0.8675,,,8.15,11.2,3.6,2.41
2009-05-04,1.13,1.45,1.4,0.53,3.35,3.15,0.8,0.55,2.5765,0.865,,,7.95,11.0,3.5,2.41
2009-05-05,1.235,1.4,1.4,0.525,3.4,3.15,0.8,0.6,2.468,0.865,,,8.1,10.9,3.55,2.41
2009-05-06,1.17,1.305,1.39,0.525,3.45,3.15,0.8,0.62,2.3878,0.875,,,8.15,10.9,3.55,2.41
2009-05-07,1.2,1.4,1.38,0.525,3.3,2.9,0.8,0.55,2.236,0.86,,,8.15,10.8,3.45,2.41
2009-05-08,1.07,1.275,1.38,0.525,3.2,3.2,0.8,0.605,2.2892,0.865,,,8.1,10.7,3.4,2.41
2009-05-11,0.74,1.235,1.37,0.525,3.55,3.15,0.8,0.425,2.2692,0.865,,,8.05,10.7,2.95,2.41
2009-05-12,1.065,1.265,1.36,0.525,3.3,2.85,0.8,0.5975,2.0805,0.865,,,8.0,10.5,4.55,2.41
2009-05-13,1.06,1.255,1.36,0.525,3.5,3.05,0.8,0.59,2.21,0.865,,,8.0,10.5,3.95,2.41
2009-05-14,1.07,1.22,1.34,0.525,3.45,3.0,0.8,0.6,2.183,0.865,,,7.95,10.5,3.725,2.41
2009-05-15,1.04,1.235,1.33,0.48,3.4,2.95,0.5,0.61,2.1675,0.865,,,7.75,10.5,3.6,2.41
2009-05-18,1.01,1.33,1.32,0.48,3.4,3.05,0.55,0.6,2.1105,0.875,,,7.9,10.5,3.7,2.41
2009-05-19,0.98,1.235,1.31,0.48,3.25,2.75,0.55,0.63,2.0762,0.874,,,7.9,10.5,3.55,2.41
2009-05-20,0.9,1.205,1.3,0.405,3.5,3.05,0.55,0.6,2.1396,0.875,,,8.0,10.4,3.3,2.41
2009-05-21,0.94,1.215,1.29,0.405,3.35,3.45,0.55,0.6,2.1105,0.875,,,7.85,10.4,3.625,2.41
2009-05-22,0.65,1.225,1.27,0.455,3.35,2.8,0.55,0.59,2.0315,0.875,,,7.85,10.4,3.525,2.41
2009-05-25,0.93,1.215,1.27,0.48,3.4,2.85,0.55,0.59,2.0435,0.875,,,7.9,10.4,3.525,2.41
2009-05-26,0.99,1.225,1.25,0.405,3.275,2.875,0.5,0.6,2.0156,0.875,,,7.65,10.4,3.55,2.41
2009-05-27,0.98,1.225,1.25,0.405,3.3,2.85,0.4,0.6,1.9955,0.895,,,7.4,10.4,3.8,2.41
2009-05-28,0.95,1.35,1.24,0.3,3.3,2.85,0.4,0.62,2.1115,0.874,,,7.25,10.4,3.7,2.41
2009-05-29,0.94,1.215,1.25,0.3,3.3,2.85,0.4,0.6,2.0756,0.875,,,7.25,9.9,4.05,2.41
2009-06-01,0.625,1.32,1.24,0.3,3.3,2.75,0.4,0.605,2.166,0.875,,,7.25,10.25,4.0,2.41
2009-06-02,0.93,1.215,1.24,0.515,3.225,2.75,0.4,0.605,2.1479,0.875,,,7.3,10.4,3.36,2.41
2009-06-03,0.71,1.21,1.24,0.485,3.225,2.825,0.4,0.475,2.0945,0.875,,,7.15,10.7,3.85,2.41
2009-06-04,0.7518,1.295,1.24,0.45,3.3,2.75,0.4,0.459,2.101,0.88,,,7.35,10.7,3.35,2.41
2009-06-05,0.896,1.235,1.24,0.45,3.45,2.85,0.35,0.35,2.0655,0.885,,,7.4,10.7,3.8,2.41
2009-06-08,0.96,1.255,1.24,0.44,3.375,2.925,0.3,0.4,2.0158,0.925,,,7.45,10.7,3.8,2.41
2009-06-09,0.94,1.255,1.24,0.48,3.4,2.85,0.3,0.3,1.9824,0.9215,,,7.45,10.7,3.7,2.41
2009-06-10,0.825,1.33,1.24,0.43,3.4,2.8,0.3,0.3,1.8734,0.9215,,,7.45,10.8,3.8,2.41
2009-06-11,0.86,1.285,1.24,0.43,3.55,3.025,0.35,0.45,1.8865,0.925,,,7.45,10.8,3.7,2.41
2009-06-12,0.93,1.235,1.24,0.33,3.4,2.95,0.35,0.3,1.9122,0.915,,,7.45,10.8,3.65,2.41
2009-06-15,0.8,1.24,1.24,0.43,3.175,2.825,0.4,0.35,1.8632,0.875,,,7.45,10.8,3.45,2.41
2009-06-16,0.9,1.215,1.24,0.43,3.225,2.825,0.35,0.3,1.9589,0.9,,,7.45,10.8,4.225,2.41
2009-06-17,0.91,1.23,1.24,0.45,3.225,2.975,0.35,0.325,1.7951,0.925,,,7.46,10.75,4.05,2.41
2009-06-18,0.93,1.225,1.24,0.43,3.3,2.975,0.35,0.325,1.787,0.915,,,7.5,10.7,3.25,2.41
2009-06-19,0.91,1.165,1.24,0.43,3.3,2.875,0.4,0.375,1.7965,0.915,,,7.35,10.7,3.325,2.41
2009-06-22,0.935,1.25,1.23,0.43,3.35,2.85,0.3,0.3,1.7457,0.915,,,7.5,10.6,3.325,2.41
2009-06-23,0.89,1.11,1.23,0.4,3.225,2.825,0.3,0.365,1.7516,0.925,,,7.5,10.6,3.25,2.41
2009-06-24,0.89,1.15,1.23,0.42,3.4,2.95,0.3,0.325,1.7975,0.925,,,7.5,10.6,3.35,2.41
2009-06-25,0.88,1.15,1.23,0.41,3.4,2.95,0.3,0.325,1.7719,0.91,,,7.65,10.6,3.7,2.41
2009-06-26,0.65,1.15,1.22,0.435,3.35,2.75,0.35,0.3125,1.7709,0.875,,,7.7,10.6,3.4,2.41
2009-06-29,0.65,1.07,1.21,0.485,3.45,2.95,0.45,0.3,1.7895,0.875,,,7.65,11.3,3.35,2.41
2009-06-30,0.83,1.065,1.21,0.46,3.45,2.95,0.35,0.325,1.7181,0.875,,,7.45,10.6,3.275,2.41
2009-07-01,0.65,1.045,1.2,0.39,3.2,2.9,0.35,0.375,1.7197,0.875,,,7.7,10.5,3.4,2.41
2009-07-02,0.65,1.1,1.19,0.39,3.35,2.9,0.35,0.45,1.6985,0.875,,,7.7,10.5,3.175,2.41
2009-07-03,0.65,0.995,1.18,0.39,3.25,2.85,0.35,0.4,1.72,0.875,,,7.7,10.5,3.025,2.41
2009-07-06,0.65,1.0,1.16,0.505,3.35,2.85,0.35,0.4,1.5536,0.62,,,7.7,10.5,3.375,2.41
2009-07-07,0.65,1.0,1.14,0.4,3.25,2.825,0.35,0.4,1.6704,0.605,,,7.7,10.5,3.2,2.41
2009-07-08,0.65,1.0,1.11,0.475,3.25,2.85,0.35,0.4,1.6582,0.615,,,7.7,10.3,3.125,2.41
2009-07-09,0.65,0.955,1.1,0.475,3.2,3.0,0.35,0.325,1.689,0.575,,,7.7,10.05,3.175,2.41
2009-07-10,0.82,0.945,1.07,0.38,3.35,2.95,0.35,0.325,1.6313,0.575,,,7.7,10.05,3.2,2.41
2009-07-13,0.65,0.8,1.06,0.38,3.2,2.9,0.35,0.43,1.7264,0.575,,,7.7,10.05,3.2,2.41
2009-07-14,0.7,0.95,1.04,0.5,3.35,2.9,0.35,0.435,1.711,0.574,,,7.7,10.05,2.95,2.41
2009-07-15,0.85,0.83,1.02,0.38,3.35,2.9,0.35,0.44,1.7065,0.56,,,7.7,10.05,3.175,2.41
2009-07-16,0.65,0.91,1.02,0.28,3.2,2.85,0.35,0.385,1.7149,0.575,,,7.7,9.15,3.05,2.41
2009-07-17,0.65,0.95,1.01,0.475,3.35,2.85,0.5,0.325,1.7323,0.575,,,7.7,9.55,3.2,2.41
2009-07-20,0.65,0.95,1.0,0.38,3.35,2.85,0.5,0.41,1.6849,0.565,,,7.75,9.55,3.15,2.41
2009-07-21,0.65,0.905,0.99,0.22,3.35,2.85,0.5,0.37,1.7247,0.57,,,7.6,9.55,3.15,2.41
2009-07-22,0.81,0.95,0.98,0.38,3.35,2.85,0.5,0.4,1.7179,0.575,,,7.75,9.55,3.35,2.41
2009-07-23,0.65,0.855,0.97,0.265,3.35,2.85,0.5,0.35,1.7299,0.57,,,7.6,9.55,3.125,2.41
2009-07-24,0.65,0.855,0.96,0.38,3.3,2.8,0.5,0.375,1.684,0.575,,,7.75,9.55,3.2,2.41
2009-07-27,0.65,0.865,0.95,0.38,3.05,2.55,0.5,0.4,1.678,0.575,,,7.75,9.55,3.625,2.41
2009-07-28,0.65,0.86,0.94,0.38,3.3,2.85,0.5,0.395,1.6575,0.575,,,7.75,9.55,3.4,2.41
2009-07-29,0.695,0.855,0.93,0.315,3.3,2.85,0.5,0.39,1.6514,0.575,,,7.75,9.9,3.3,2.41
2009-07-30,0.84,0.835,0.93,0.38,3.25,2.8,0.5,0.4,1.6478,0.525,,,7.75,9.6,3.775,2.41
2009-07-31,0.625,0.905,0.93,0.38,3.25,2.8,0.5,0.41,1.6617,0.525,,,7.75,9.6,3.35,2.41
2009-08-03,0.625,0.95,0.92,0.46,3.25,2.75,0.5,0.4,1.6792,0.525,,,7.75,9.6,3.55,2.41
2009-08-04,0.55,0.8,0.91,0.45,3.025,2.725,0.45,0.405,1.666,0.525,,,7.75,9.6,3.5,2.41
2009-08-05,0.625,0.9,0.9,0.46,3.25,2.8,0.5,0.41,1.6164,0.525,,,7.75,8.7,3.5,2.41
2009-08-06,0.625,0.9,0.9,0.35,3.25,2.8,0.5,0.52,1.5936,0.525,,,7.75,8.7,3.675,2.42
2009-08-07,0.86,0.8,0.9,0.45,3.025,2.725,0.5,0.42,1.6396,0.525,,,7.75,8.58,3.325,2.42
2009-08-10,0.625,0.825,0.89,0.455,3.3,2.75,0.5,0.36,1.6417,0.525,,,7.75,8.58,3.6,2.42
2009-08-11,0.625,0.9,0.88,0.43,3.3,2.85,0.5,0.44,1.653,0.52,,,7.75,8.58,3.9,2.42
2009-08-12,0.625,0.805,0.85,0.34,3.35,2.8,0.5,0.43,1.695,0.525,,,7.75,8.58,3.55,2.42
2009-08-13,0.525,0.85,0.83,0.34,3.35,2.8,0.5,0.41,1.7624,0.525,,,7.25,8.58,3.8,2.45
2009-08-14,0.525,0.795,0.82,0.34,3.35,2.75,0.5,0.415,1.7633,0.525,,,7.2,8.58,3.6,2.45
2009-08-17,0.525,0.82,0.81,0.34,3.35,2.75,0.5,0.415,1.7624,0.525,,,7.05,8.58,3.85,2.48
2009-08-18,0.525,0.805,0.8,0.34,3.35,2.75,0.5,0.42,1.3145,0.525,,,7.2,8.53,3.85,2.49
2009-08-19,0.525,0.8,0.79,0.34,3.35,2.8,0.5,0.38,1.7153,0.525,,,7.2,8.53,3.85,2.49
2009-08-20,0.525,0.75,0.78,0.33,3.3,2.75,0.5,0.34,1.619,0.525,,,7.2,8.53,3.825,2.51
2009-08-21,0.525,0.795,0.77,0.33,3.3,2.75,0.5,0.3,1.7825,0.525,,,7.15,8.53,3.625,2.51
2009-08-24,0.525,0.8,0.75,0.4,3.15,2.7,0.45,0.31,1.815,0.525,,,7.2,8.53,3.625,2.51
2009-08-25,0.525,0.8,0.74,0.33,3.35,2.8,0.5,0.31,1.7059,0.485,,,7.2,8.53,3.55,2.52
2009-08-26,0.525,0.8,0.73,0.33,3.3,2.8,0.5,0.31,1.7342,0.5,,,7.15,8.53,3.6,2.52
2009-08-27,0.525,0.8,0.72,0.33,3.3,2.75,0.5,0.31,1.7762,0.5,,,7.15,8.53,3.4,2.57
2009-08-28,0.625,0.765,0.71,0.33,3.3,2.7,0.65,0.38,1.7968,0.525,,,7.2,8.53,3.55,2.57
2009-08-31,0.525,0.76,0.705,0.33,3.35,2.75,0.65,0.3,1.8007,0.61,,,7.2,8.48,3.4,2.57
2009-09-01,0.525,0.775,0.71,0.4,3.3,2.75,0.65,0.33,1.7835,0.61,,,7.2,8.48,3.65,2.57
2009-09-02,0.525,0.75,0.7,0.4,3.35,2.75,0.55,0.325,1.7812,0.608,,,7.2,8.43,3.95,2.57
2009-09-03,0.525,0.775,0.7,0.33,3.35,2.75,0.55,0.275,1.5585,0.59,,,7.2,8.43,3.55,2.57
2009-09-04,0.625,0.765,0.69,0.33,3.4,2.75,0.55,0.37,1.7678,0.48,,,7.2,8.38,3.65,2.57
2009-09-07,0.525,0.75,0.68,0.33,3.45,2.75,0.55,0.31,1.7493,0.47,,,7.05,8.38,3.95,2.57
2009-09-08,0.525,0.7,0.67,0.33,3.45,2.75,0.55,0.33,1.7831,0.475,,,7.05,8.33,3.7,2.57
2009-09-09,0.525,0.655,0.66,0.33,3.45,2.75,0.55,0.35,1.965,0.475,,,7.2,8.33,3.6,2.57
2009-09-10,0.65,0.65,0.65,0.39,3.4,2.75,0.55,0.3,1.7238,0.48,,,6.9,8.33,3.9,2.58
2009-09-11,0.525,0.7,0.64,0.3,3.35,2.75,0.55,0.3,1.7114,0.465,,,7.2,8.33,3.65,2.59
2009-09-14,0.525,0.67,0.63,0.33,2.925,2.725,0.55,0.32,1.6683,0.475,,,7.05,8.33,3.85,2.61
2009-09-15,0.525,0.705,0.63,0.29,3.3,2.8,0.5,0.29,1.6515,0.475,,,7.1,8.18,3.8,2.62
2009-09-16,0.525,0.705,0.62,0.29,3.3,2.8,0.5,0.3,1.87,0.475,,,7.05,8.13,3.95,2.63
2009-09-17,0.525,0.65,0.61,0.33,3.3,2.8,0.5,0.31,1.6226,0.465,,,7.1,8.13,3.625,2.64
2009-09-18,0.65,0.715,0.6,0.38,3.3,2.725,0.4,0.25,1.6609,0.465,,,7.05,8.08,3.65,2.65
2009-09-21,0.525,0.75,0.59,0.29,3.3,2.8,0.5,0.35,1.5945,0.465,,,6.85,8.08,3.65,2.68
2009-09-22,0.65,0.585,0.58,0.45,3.3,2.75,0.5,0.35,1.6724,0.469,,,7.1,8.08,3.8,2.7
2009-09-23,0.475,0.65,0.58,0.29,3.3,2.8,0.5,0.37,1.7344,0.475,,,7.1,8.08,3.8,2.71
2009-09-24,0.4,0.695,0.58,0.29,3.3,2.75,0.5,0.37,1.7336,0.46,,,7.1,8.03,3.75,2.72
2009-09-25,0.65,0.65,0.57,0.29,3.3,2.75,0.5,0.38,1.75,0.46,,,7.1,8.03,3.575,2.72
2009-09-28,0.65,0.67,0.55,0.425,3.35,2.85,0.5,0.38,1.7371,0.475,,,7.1,8.03,3.575,2.73
2009-09-29,0.65,0.69,0.55,0.3,3.4,2.85,0.5,0.345,1.7412,0.46,,,7.1,8.03,3.95,2.74
2009-09-30,0.65,0.65,0.55,0.29,3.4,2.9,0.5,0.31,1.7427,0.46,,,6.9,8.03,3.95,2.75
2009-10-01,0.65,0.695,0.55,0.33,3.45,2.85,0.5,0.355,1.8771,0.455,,,7.1,8.03,3.425,2.76
2009-10-02,0.65,0.65,0.55,0.33,3.45,2.85,0.5,0.4,1.7189,0.46,,,7.1,8.03,3.425,2.76
2009-10-05,0.65,0.65,0.55,0.325,3.5,2.85,0.5,0.4,1.7527,0.455,,,7.1,8.03,3.95,2.77
2009-10-06,0.65,0.69,0.55,0.28,3.25,2.85,0.5,0.39,1.7791,0.475,,,7.0,7.93,3.375,2.78
2009-10-07,0.65,0.715,0.55,0.28,3.65,2.9,0.5,0.41,1.8323,0.445,,,7.15,7.93,3.45,2.79
2009-10-08,0.65,0.65,0.55,0.28,3.65,2.9,0.5,0.39,1.7874,0.46,,,7.25,7.88,3.45,2.8
2009-10-09,0.65,0.715,0.55,0.28,3.65,2.9,0.5,0.39,1.816,0.4525,,,7.2,7.88,3.65,2.81
2009-10-12,0.65,0.7,0.55,0.325,3.8,3.05,0.5,0.37,1.8102,0.445,,,7.25,7.88,4.05,2.81
2009-10-13,0.6,0.65,0.55,0.28,3.8,3.0,0.5,0.37,1.805,0.445,,,7.25,7.73,4.05,2.81
2009-10-14,0.65,0.615,0.55,0.28,4.6,2.9,0.5,0.4,1.855,0.46,,,7.05,7.58,3.5,2.81
2009-10-15,0.65,0.6,0.55,0.28,3.75,3.0,0.5,0.39,1.8933,0.45,,,7.25,7.58,3.75,2.8
2009-10-16,0.65,0.6,0.55,0.27,3.8,3.05,0.5,0.41,1.93,0.46,,,7.25,7.58,3.75,2.8
2009-10-19,0.65,0.595,0.55,0.27,3.85,3.0,0.45,0.4,1.8939,0.45,,,7.25,7.58,3.75,2.8
2009-10-20,0.65,0.6,0.58,0.27,4.0,3.1,0.5,0.4,1.925,0.445,,,7.25,7.58,3.675,2.79
2009-10-21,0.65,0.625,0.58,0.27,3.95,3.05,0.5,0.38,1.9441,0.425,,,7.25,7.58,3.65,2.79
2009-10-22,0.65,0.6,0.58,0.27,4.0,3.1,0.5,0.38,1.8003,0.445,,,7.3,7.58,3.65,2.79
2009-10-23,0.65,0.6,0.59,0.27,4.0,3.1,0.5,0.37,1.915,0.488,,,7.3,7.58,3.65,2.79
2009-10-26,0.65,0.6,0.59,0.27,4.0,3.1,0.5,0.37,1.8966,0.488,,,7.35,7.38,3.45,2.79
2009-10-27,0.375,0.6,0.59,0.27,4.0,3.1,0.5,0.38,1.9049,0.488,,,7.35,7.38,3.5,2.79
2009-10-28,0.375,0.6,0.59,0.26,3.85,3.025,0.5,0.245,1.8312,0.48,,,7.35,7.38,3.65,2.79
2009-10-29,0.375,0.6,0.59,0.35,4.0,3.1,0.5,0.36,1.8539,0.48,,,7.15,7.38,3.6,2.79
2009-10-30,0.375,0.59,0.59,0.315,4.0,3.1,0.5,0.34,1.8069,0.44,,,7.35,7.2,3.6,2.79
2009-11-02,0.33,0.695,0.59,0.26,4.02,2.99,0.5,0.39,1.811,0.425,,,7.35,7.0,3.6,2.79
2009-11-03,0.375,0.695,0.59,0.29,3.85,2.85,0.5,0.33,1.8364,0.44,,,7.3,7.0,3.45,2.79
2009-11-04,0.375,0.6,0.59,0.26,3.925,3.0,0.45,0.34,1.8349,0.45,,,7.3,7.38,3.575,2.79
2009-11-05,0.375,0.6,0.59,0.29,4.0,3.05,0.5,0.32,1.8819,0.41,,,7.3,7.38,3.4,2.79
2009-11-06,0.375,0.6,0.6,0.22,3.9,2.9,0.5,0.34,1.8851,0.4315,,,7.25,7.38,3.45,2.79
2009-11-09,0.375,0.59,0.6,0.185,3.9,3.0,0.45,0.36,1.901,0.44,,,7.2,7.2,3.45,2.79
2009-11-10,0.375,0.695,0.6,0.18,4.0,3.05,0.5,0.38,1.8739,0.435,,,7.25,7.38,3.3,2.79
2009-11-11,0.375,0.725,0.6,0.26,4.05,3.05,0.5,0.35,1.8525,0.45,,,7.2,7.38,3.45,2.79
2009-11-12,0.375,0.6,0.6,0.35,4.05,3.05,0.5,0.35,1.8751,0.45,,,7.2,7.38,3.45,2.79
2009-11-13,0.375,0.6,0.6,0.185,4.05,3.05,0.5,0.35,1.9166,0.435,,,7.2,7.38,3.55,2.79
2009-11-16,0.375,0.6,0.6,0.29,4.025,2.85,0.45,0.36,1.9177,0.395,,,7.223,7.38,3.5,2.79
2009-11-17,0.375,0.6,0.61,0.27,4.0,3.05,0.5,0.37,1.9144,0.3495,,6.28,7.447,7.38,3.45,2.79
2009-11-18,0.33,0.615,0.61,0.25,4.15,3.0,0.45,0.32,1.8933,0.408,,3.815,7.339,7.35,3.5,2.79
2009-11-19,0.375,0.6,0.61,0.24,4.08,3.03,0.5,0.32,1.8432,0.2085,,7.418,7.4115,7.3,3.325,2.79
2009-11-20,0.375,0.6,0.61,0.2,3.85,2.85,0.5,0.32,1.8221,0.3,,6.169,7.367,7.3,3.3,2.79
2009-11-23,0.375,0.6,0.61,0.2,3.9,3.0,0.5,0.32,1.8226,0.289,,7.338,7.4015,7.3,3.4,2.79
2009-11-24,0.375,0.6,0.61,0.2,3.85,2.9,0.5,0.32,1.8488,0.2055,,6.691,7.377,7.28,3.35,2.79
2009-11-25,0.375,0.615,0.61,0.26,3.95,2.9,0.45,0.325,1.8561,0.18,,6.128,7.7415,7.28,3.4,2.79
2009-11-26,0.385,0.6,0.61,0.2,3.85,3.0,0.5,0.235,1.876,0.368,,7.105,7.4575,7.73,3.45,2.79
2009-11-27,0.375,0.6,0.61,0.26,4.0,3.0,0.5,0.33,1.8627,0.3165,,8.107,7.534,7.83,3.4,2.79
2009-11-30,0.375,0.6,0.61,0.2,4.1,3.0,0.5,0.32,1.9034,0.2335,,6.548,7.4945,7.83,3.5,2.79
2009-12-01,0.375,0.6,0.61,0.26,4.05,3.0,0.5,0.245,1.923,0.3665,,6.15,7.4925,8.03,3.45,2.79
2009-12-02,0.375,0.6,0.61,0.2,4.05,3.0,0.5,0.29,1.9266,0.109,,7.501,7.3745,7.8,3.85,2.79
2009-12-03,0.375,0.605,0.61,0.205,4.05,3.0,0.5,0.29,1.9415,0.0995,,7.596,7.331,8.05,3.525,2.79
2009-12-04,0.375,0.575,0.61,0.205,3.95,2.9,0.45,0.33,1.9028,0.302,,8.262,7.5415,7.75,3.425,2.79
2009-12-07,0.375,0.6,0.61,0.2,4.05,3.0,0.5,0.33,1.8717,0.0965,,8.55,7.392,7.75,3.7,2.79
2009-12-08,0.375,0.615,0.61,0.26,4.05,3.0,0.5,0.33,1.864,0.338,,6.318,7.397,7.7,3.95,2.79
2009-12-09,0.375,0.6,0.61,0.2,4.05,3.0,0.5,0.33,1.8915,0.2045,,6.913,7.4935,7.9,3.6,2.79
2009-12-10,0.375,0.6,0.61,0.205,4.05,3.0,0.5,0.25,1.9337,0.1525,,5.777,7.443,8.18,3.525,2.79
2009-12-11,0.375,0.6,0.61,0.2,4.05,3.0,0.5,0.33,1.9176,0.1825,,8.685,7.4835,7.73,3.6,2.79
2009-12-14,0.375,0.6,0.61,0.2,4.1,2.95,0.5,0.33,1.87,0.3445,,7.96,7.7025,8.0,3.6,2.79
2009-12-15,0.375,0.69,0.61,0.205,4.325,3.075,0.42,0.32,1.8933,0.3165,,7.346,7.537,8.13,3.7,2.79
2009-12-16,0.345,0.6,0.61,0.2,4.1,2.95,0.5,0.31,1.945,0.2475,,7.939,7.461,6.9,3.55,2.83
2009-12-17,0.36,0.62,0.6,0.205,4.325,3.125,0.5,0.31,1.9497,0.0645,,5.86,7.5355,8.2,3.59,2.85
2009-12-18,0.32,0.6,0.625,0.2,4.15,3.0,0.5,0.31,1.9667,0.2115,,5.722,7.5575,8.65,3.55,2.85
2009-12-21,0.36,0.6,0.65,0.2,4.15,3.0,0.475,0.31,1.9578,0.051,,6.997,7.5245,7.98,3.65,2.85
2009-12-22,0.32,0.5,0.65,0.205,4.35,3.125,0.42,0.31,2.032,0.283,,6.69,7.7845,8.25,3.95,2.85
2009-12-23,0.375,0.6,0.65,0.205,4.0,3.125,0.42,0.31,2.0092,0.0295,,9.039,7.5435,7.95,3.725,2.85
2009-12-24,0.36,0.6,0.65,0.2,4.15,3.0,0.475,0.31,2.0085,0.0295,,9.261,7.44,8.25,4.1,2.85
2009-12-25,0.36,0.6,0.65,0.22,4.0,2.95,0.42,0.31,2.0176,0.3915,,9.557,7.733,8.25,4.1,2.85
2009-12-28,0.375,0.6,0.65,0.2,4.1,3.0,0.475,0.31,2.0134,0.1345,,6.746,7.5565,7.93,4.1,2.85
2009-12-29,0.235,0.6,0.65,0.205,4.1,3.0,0.475,0.31,2.0159,0.1425,,6.43,7.3825,7.88,4.11,2.85
2009-12-30,0.36,0.6,0.65,0.205,4.1,3.0,0.475,0.32,2.0671,0.3545,,8.304,7.6085,7.8,3.75,2.86
2009-12-31,0.36,0.6,0.65,0.205,4.1,3.0,0.475,0.35,2.0471,0.289,,8.312,7.3495,7.88,3.55,2.86
2010-01-01,0.36,0.6,0.65,0.2,4.1,3.0,0.475,0.31,2.025,0.289,,8.146,7.299,7.88,3.45,2.86
2010-01-04,0.36,0.695,0.625,0.195,4.075,2.95,0.375,0.3,2.0669,0.1235,,7.924,7.2575,7.75,3.65,2.88
2010-01-05,0.36,0.6,0.605,0.2,4.075,2.95,0.375,0.3,2.0271,0.314,,7.381,7.2445,7.75,3.65,2.88
2010-01-06,0.36,0.6,0.605,0.195,4.075,2.95,0.375,0.3,2.0793,0.1925,,7.933,7.2495,8.03,3.9,2.88
2010-01-07,0.36,0.56,0.605,0.195,4.075,2.95,0.375,0.3,2.0796,0.3215,,8.109,7.2735,7.73,4.2,2.88
2010-01-08,0.36,0.55,0.605,0.185,4.2,2.95,0.475,0.38,2.0839,0.3465,,9.248,7.296,7.72,3.9,2.88
2010-01-11,0.36,0.56,0.605,0.185,4.15,2.95,0.375,0.3,2.11,0.1625,,8.839,7.259,7.74,4.35,2.88
2010-01-12,0.36,0.565,0.605,0.185,4.15,2.95,0.375,0.3,2.0987,0.3445,,9.505,7.326,6.68,4.3,2.88
2010-01-13,0.36,0.48,0.605,0.18,4.15,2.9,0.375,0.3,2.0903,0.2655,,8.662,7.378,7.72,4.2,2.88
2010-01-14,0.32,0.48,0.605,0.185,4.2,3.175,0.425,0.325,2.124,0.274,,9.052,7.4055,5.65,4.35,2.88
2010-01-15,0.36,0.5,0.585,0.185,4.2,2.9,0.425,0.28,2.1271,0.1605,,9.529,7.2845,7.62,4.35,2.88
2010-01-18,0.32,0.51,0.585,0.185,4.15,2.9,0.375,0.3,2.1544,0.294,,7.919,7.2705,7.63,4.35,2.88
2010-01-19,0.36,0.47,0.585,0.185,4.15,2.9,0.375,0.3,2.1262,0.229,,10.287,7.2965,6.65,4.4,2.88
2010-01-20,0.32,0.505,0.585,0.175,4.15,2.9,0.375,0.3,2.123,0.2505,,7.079,7.2885,7.62,4.4,2.88
2010-01-21,0.32,0.5,0.585,0.175,4.4,3.175,0.4,0.325,2.1238,0.3725,,9.165,7.377,7.6,4.3,2.88
2010-01-22,0.36,0.5,0.585,0.2,4.3,2.85,0.425,0.35,2.109,0.369,,9.209,7.6085,7.71,4.435,2.88
2010-01-25,0.36,0.5,0.585,0.175,4.25,2.9,0.425,0.215,2.1198,0.2025,,7.015,7.4575,7.65,4.35,2.88
2010-01-26,0.3,0.6,0.585,0.175,4.25,2.85,0.425,0.35,2.13,0.2445,,6.745,7.4365,6.64,4.35,2.88
2010-01-27,0.32,0.5,0.585,0.175,4.25,2.85,0.425,0.345,2.1342,0.238,,5.316,7.3745,7.69,4.4,2.88
2010-01-28,0.36,0.5,0.585,0.175,4.28,2.85,0.35,0.345,2.08,0.4135,,7.562,7.3115,7.65,4.65,2.88
2010-01-29,0.36,0.5,0.585,0.175,4.25,2.85,0.425,0.34,2.1019,0.4085,,7.239,7.2995,7.58,4.425,2.88
2010-02-01,0.36,0.545,0.585,0.175,4.25,2.9,0.425,0.36,2.1162,0.4185,,8.192,7.566,8.05,4.425,2.88
2010-02-02,0.36,0.5,0.585,0.175,3.975,2.8,0.35,0.33,2.1099,0.408,,6.919,7.291,7.7,4.25,2.88
2010-02-03,0.36,0.5,0.585,0.2,4.1,2.85,0.425,0.315,2.0657,0.2475,,7.239,7.228,7.65,4.425,2.88
2010-02-04,0.36,0.59,0.585,0.2,4.2,3.025,0.35,0.3,2.0753,0.362,,7.445,7.276,7.7,4.875,2.88
2010-02-05,0.36,0.5,0.585,0.175,4.1,2.85,0.425,0.35,2.0345,0.3665,,7.914,7.532,7.71,4.425,2.88
2010-02-08,0.36,0.5,0.585,0.175,4.1,2.8,0.425,0.27,2.0553,0.399,,6.508,7.3015,7.69,4.675,2.88
2010-02-09,0.32,0.67,0.585,0.2,4.09,2.8,0.35,0.34,2.0636,0.24,,7.422,7.377,8.03,5.35,2.88
2010-02-10,0.32,0.6,0.605,0.2,4.1,2.85,0.475,0.3,2.0579,0.3695,,7.012,7.5025,8.15,5.25,2.88
2010-02-11,0.36,0.67,0.605,0.17,4.075,2.875,0.35,0.3,2.134,0.3875,,8.153,7.454,8.15,5.35,2.88
2010-02-12,0.36,0.5,0.605,0.2,4.2,2.85,0.425,0.3,2.1693,0.2365,,7.613,7.398,8.03,5.35,2.88
2010-02-15,0.36,0.5,0.605,0.17,4.2,2.85,0.425,0.3,2.1792,0.2465,,5.991,7.3235,7.71,5.3,2.88
2010-02-16,0.32,0.5,0.605,0.17,4.075,2.875,0.35,0.3,2.2003,0.372,,7.093,7.3205,8.0,5.3,2.88
2010-02-17,0.36,0.5,0.605,0.2,4.2,2.85,0.425,0.3,2.1931,0.395,,8.714,7.426,8.03,5.34,2.88
2010-02-18,0.36,0.475,0.605,0.2,4.1,2.8,0.375,0.3,2.115,0.4685,,7.462,7.2425,7.73,5.525,2.88
2010-02-19,0.32,0.5,0.605,0.2,4.1,2.8,0.425,0.3,2.1737,0.4045,,8.789,7.259,7.8,5.55,2.88
2010-02-22,0.36,0.585,0.605,0.2,4.1,2.8,0.375,0.3,2.1794,0.413,,7.574,7.246,7.7,5.95,2.88
2010-02-23,0.32,0.46,0.605,0.25,4.1,2.9,0.375,0.3,2.1863,0.473,,7.188,7.213,8.55,5.775,2.88
2010-02-24,0.32,0.475,0.605,0.275,4.1,2.8,0.375,0.3,2.1942,0.3225,,8.642,7.441,7.93,5.775,2.88
2010-02-25,0.32,0.5,0.605,0.16,4.15,2.9,0.425,0.3,2.1504,0.151,,8.183,7.3475,7.84,5.775,2.88
2010-02-26,0.36,0.5,0.605,0.2,4.15,2.75,0.425,0.36,2.1706,0.2125,,12.019,7.2045,7.91,5.85,2.88
2010-03-01,0.36,0.47,0.605,0.19,4.1,2.75,0.375,0.3,2.1792,0.2975,,6.843,7.261,8.18,5.85,2.88
2010-03-02,0.36,0.525,0.605,0.19,4.15,2.8,0.375,0.3,2.1927,0.248,,8.165,7.2515,8.15,5.925,2.88
2010-03-03,0.32,0.5,0.605,0.275,4.2,2.8,0.375,0.3,2.2116,0.228,,7.588,7.248,7.89,5.85,2.88
2010-03-04,0.36,0.49,0.615,0.16,4.2,2.775,0.375,0.3,2.1856,0.226,,7.202,7.1995,7.88,5.8,2.88
2010-03-05,0.36,0.5,0.615,0.19,4.275,2.8,0.425,0.32,2.2005,0.431,,7.165,7.172,8.05,5.775,2.86
2010-03-08,0.36,0.5,0.615,0.2,4.2,2.75,0.425,0.32,2.1859,0.4375,,6.797,7.1815,7.86,5.775,2.86
2010-03-09,0.36,0.535,0.615,0.255,4.5,3.0,0.425,0.23,2.1832,0.4835,,6.765,7.491,7.91,5.7,2.86
2010-03-10,0.36,0.62,0.615,0.19,4.5,3.0,0.425,0.32,2.2011,0.3955,,8.789,7.1675,7.75,5.85,2.86
2010-03-11,0.32,0.56,0.615,0.275,4.3,2.75,0.425,0.32,2.1916,0.439,,8.974,7.24,7.76,5.8,2.84
2010-03-12,0.36,0.5,0.615,0.255,4.5,3.0,0.35,0.23,2.183,0.133,,8.603,7.211,7.86,5.6,2.83
2010-03-15,0.36,0.5,0.615,0.19,4.3,2.8,0.425,0.3,2.1441,0.2225,,9.077,7.419,7.8,5.75,2.83
2010-03-16,0.36,0.5,0.615,0.19,4.3,2.8,0.425,0.28,2.1426,0.0945,,7.647,7.52,8.55,5.75,2.82
2010-03-17,0.32,0.5,0.615,0.19,4.275,2.775,0.425,0.29,2.1666,0.2285,,9.376,7.2925,7.84,5.5,2.82
2010-03-18,0.32,0.5,0.615,0.19,4.3,2.8,0.425,0.29,2.1896,0.4425,,7.931,7.51,7.82,5.35,2.82
2010-03-19,0.32,0.5,0.615,0.28,4.3,2.8,0.425,0.29,2.1711,0.43,,7.922,7.518,7.79,5.2,2.82
2010-03-22,0.32,0.5,0.615,0.145,4.5,2.8,0.38,0.3,2.1768,0.345,,7.648,7.541,7.82,5.05,2.81
2010-03-23,0.32,0.5,0.615,0.19,4.3,2.8,0.425,0.3,2.143,0.461,,6.812,7.334,7.79,5.35,2.81
2010-03-24,0.32,0.5,0.615,0.21,4.3,2.95,0.38,0.3,2.0645,0.2465,,7.438,7.151,7.62,5.35,2.81
2010-03-25,0.32,0.45,0.615,0.19,4.3,2.8,0.425,0.31,2.0846,0.2535,,9.646,6.9485,7.57,5.15,2.81
2010-03-26,0.32,0.48,0.615,0.255,4.325,2.8,0.4,0.2,2.1824,0.271,,7.237,6.8055,7.66,5.25,2.78
2010-03-29,0.36,0.45,0.615,0.165,4.5,2.725,0.4,0.2925,2.135,0.4345,,6.85,6.934,7.82,5.15,2.78
2010-03-30,0.32,0.45,0.615,0.165,4.475,2.75,0.425,0.2375,2.1784,0.3745,,8.165,6.759,7.65,5.4,2.78
2010-03-31,0.32,0.49,0.615,0.155,4.425,2.825,0.425,0.275,2.2333,0.287,,8.309,6.974,7.63,5.05,2.78
2010-04-01,0.32,0.605,0.615,0.16,4.375,2.75,0.425,0.33,2.2168,0.2825,,8.851,6.845,7.66,5.05,2.78
2010-04-02,0.36,0.45,0.615,0.255,4.425,2.75,0.425,0.2375,2.2076,0.2835,,8.851,6.84,7.64,5.05,2.78
2010-04-05,0.32,0.45,0.615,0.12,4.44,2.76,0.42,0.2,2.2022,0.277,,11.077,6.779,7.64,4.05,2.72
2010-04-06,0.32,0.5,0.615,0.155,4.45,2.75,0.425,0.25,2.1958,0.448,,11.44,7.033,7.69,4.35,2.63
2010-04-07,0.32,0.5,0.615,0.19,4.375,2.75,0.425,0.275,2.2014,0.4425,,6.727,6.8725,7.7,4.05,2.63
2010-04-08,0.32,0.565,0.615,0.255,4.6,2.95,0.4,0.3,2.2631,0.45,,6.732,6.885,8.65,4.525,2.53
2010-04-09,0.32,0.5,0.615,0.19,4.45,2.75,0.425,0.3,2.2699,0.449,,7.214,6.9805,7.3,4.5,2.46
2010-04-12,0.32,0.575,0.615,0.19,4.45,2.775,0.4,0.2,2.2892,0.45,,6.854,6.6545,6.89,3.55,2.45
2010-04-13,0.32,0.5,0.615,0.22,4.425,2.825,0.4,0.31,2.2851,0.4585,,9.466,6.6845,7.35,4.5,2.45
2010-04-14,0.32,0.5,0.615,0.165,4.45,2.775,0.425,0.29,2.2939,0.453,,9.706,6.877,7.01,4.5,2.45
2010-04-15,0.32,0.35,0.615,0.255,4.5,2.9,0.4,0.175,2.2303,0.453,,8.154,6.6215,7.38,4.55,2.45
2010-04-16,0.32,0.5,0.615,0.255,4.5,2.775,0.425,0.2675,2.2796,0.459,,8.015,6.802,7.05,4.4,2.45
2010-04-19,0.32,0.625,0.625,0.255,4.5,2.775,0.4,0.245,2.2847,0.4645,,9.517,6.802,7.4,4.55,2.45
2010-04-20,0.32,0.48,0.625,0.19,4.6,3.1,0.45,0.205,2.2971,0.446,,8.782,6.7895,7.0,4.45,2.45
2010-04-21,0.32,0.5,0.625,0.245,4.5,2.775,0.425,0.31,2.2983,0.4455,,8.85,6.7645,7.13,4.45,2.45
2010-04-22,0.35,0.5,0.625,0.17,4.5,2.775,0.425,0.3,2.2991,0.487,,6.852,6.686,6.92,4.25,2.45
2010-04-23,0.35,0.54,0.625,0.16,4.5,2.825,0.45,0.28,2.3282,0.48,,8.11,6.799,7.21,4.35,2.45
2010-04-26,0.35,0.5,0.625,0.245,4.5,2.775,0.425,0.28,2.275,0.48,,8.965,6.689,7.21,4.25,2.45
2010-04-27,0.35,0.5,0.625,0.15,4.5,2.8,0.525,0.125,2.2668,0.49,,10.088,6.909,7.02,4.3,2.45
2010-04-28,0.35,0.51,0.625,0.255,4.65,3.1,0.45,0.21,2.2839,0.49,,9.442,6.773,7.02,4.325,2.45
2010-04-29,0.35,0.51,0.625,0.15,4.65,2.8,0.525,0.22,2.3207,0.48,,6.962,6.6535,7.23,4.275,2.45
2010-04-30,0.35,0.56,0.625,0.15,4.6,2.875,0.45,0.21,2.3232,0.496,,9.935,6.644,7.5,4.525,2.45
2010-05-03,0.35,0.52,0.625,0.15,4.9,3.2,0.45,0.175,2.2942,0.48,,7.009,6.6665,7.4,4.175,2.45
2010-05-04,0.425,0.52,0.625,0.135,4.65,2.8,0.525,0.125,2.233,0.5135,,7.937,6.7765,7.5,4.35,2.45
2010-05-05,0.35,0.53,0.625,0.15,4.6,3.2,0.4,0.065,2.2752,0.491,,7.962,6.804,7.5,4.45,2.45
2010-05-06,0.35,0.54,0.625,0.205,4.7,2.9,0.525,0.1,2.145,0.4185,,8.655,7.1095,7.85,4.2,2.45
2010-05-07,0.405,0.51,0.625,0.19,4.925,3.2,0.45,0.1,2.1957,0.4,,7.855,6.8205,7.5,4.3,2.45
2010-05-10,0.41,0.55,0.625,0.21,5.0,3.2,0.45,0.19,2.215,0.519,,8.866,7.021,7.75,4.25,2.45
2010-05-11,0.41,0.55,0.625,0.245,4.85,2.9,0.525,0.125,2.2495,0.52,,9.307,6.934,7.75,4.3,2.45
2010-05-12,0.42,0.6,0.625,0.2,4.85,2.9,0.525,0.1525,2.4153,0.52,,7.889,6.832,7.63,4.325,2.45
2010-05-13,0.42,0.55,0.625,0.2,5.05,3.3,0.48,0.18,2.3892,0.515,,8.825,7.0785,7.38,4.35,2.45
2010-05-14,0.435,0.55,0.625,0.165,4.85,3.3,0.48,0.175,2.3823,0.5015,,9.085,6.8335,7.63,4.325,2.45
2010-05-17,0.455,0.55,0.625,0.2,4.85,2.9,0.575,0.15,2.3679,0.5405,,7.849,7.12,7.43,4.525,2.45
2010-05-18,0.465,0.55,0.625,0.205,4.85,3.3,0.5,0.125,2.315,0.5345,,9.418,7.0545,7.63,4.425,2.45
2010-05-19,0.48,0.55,0.625,0.2,4.85,2.9,0.725,0.17,2.33,0.5325,,8.331,6.83,7.63,4.55,2.45
2010-05-20,0.485,0.55,0.625,0.2,4.75,2.95,0.725,0.075,2.39,0.55,,7.49,6.802,7.63,5.05,2.45
2010-05-21,0.495,0.55,0.625,0.215,4.75,2.95,0.725,0.085,2.475,0.55,,10.063,6.6375,7.43,5.025,2.45
2010-05-24,0.515,0.56,0.625,0.205,4.75,2.95,0.725,0.0975,2.4561,0.54,,8.681,6.4965,7.53,5.2,2.45
2010-05-25,0.535,0.56,0.625,0.2,4.725,2.77,0.53,0.0975,2.43,0.56,,7.669,6.9035,7.35,5.075,2.45
2010-05-26,0.545,0.56,0.725,0.2,4.75,2.95,0.675,0.0975,2.51,0.57,,8.953,6.7285,7.45,5.075,2.45
2010-05-27,0.545,0.56,0.725,0.2,4.75,2.95,0.675,0.11,2.6159,0.57,,8.869,6.781,6.15,5.075,2.45
2010-05-28,0.535,0.56,0.725,0.2,5.2,3.5,0.55,0.125,2.5722,0.559,,8.667,6.777,7.3,5.3,2.45
2010-05-31,0.535,0.565,0.725,0.255,4.9,2.87,0.55,0.13,2.583,0.58,,9.466,6.714,7.23,5.425,2.45
2010-06-01,0.535,0.56,0.725,0.26,4.75,2.95,0.625,0.135,2.46,0.5225,,8.729,6.69,7.13,5.675,2.45
2010-06-02,0.535,0.6,0.725,0.205,4.85,3.0,0.7,0.125,2.5391,0.644,,9.591,7.082,7.13,5.75,2.45
2010-06-03,0.535,0.605,0.725,0.205,4.85,3.0,0.625,0.105,2.5639,0.4415,,9.458,6.795,6.0,5.9,2.45
2010-06-04,0.535,0.57,0.725,0.205,4.85,3.0,0.625,0.055,2.5249,0.679,,9.839,6.7305,6.98,5.825,2.45
2010-06-07,0.535,0.58,0.725,0.25,4.85,2.77,0.825,0.12,2.6173,0.487,,8.48,6.7745,7.23,5.85,2.45
2010-06-08,0.535,0.59,0.725,0.2,4.85,3.3,0.825,0.145,2.5998,0.485,,10.09,6.933,7.48,5.825,2.45
2010-06-09,0.535,0.6,0.725,0.2,4.85,3.3,0.825,0.18,2.49,0.485,,10.899,6.722,7.5,5.95,2.45
2010-06-10,0.35,0.6,0.725,0.2,4.875,2.885,0.75,0.17,2.6101,0.77,,8.111,6.784,8.55,6.1,2.45
2010-06-11,0.35,0.6,0.725,0.25,4.85,3.3,0.825,0.22,2.6263,0.79,,9.716,6.8395,8.55,6.15,2.45
2010-06-14,0.35,0.61,0.725,0.19,4.85,3.0,0.825,0.23,2.5495,0.79,,9.297,6.831,7.5,6.25,2.45
2010-06-15,0.35,0.62,0.725,0.19,4.85,3.3,0.825,0.195,2.5675,0.63,,9.041,7.0675,7.5,6.275,2.45
2010-06-16,0.35,0.63,0.725,0.245,4.85,3.3,0.825,0.195,2.5727,0.79,,8.56,6.7755,7.5,6.25,2.45
2010-06-17,0.35,0.64,0.725,0.245,4.85,3.3,0.825,0.16,2.5609,0.7,,7.479,6.836,7.5,6.325,2.45
2010-06-18,0.35,0.64,0.725,0.19,4.85,3.3,0.825,0.3,2.56,0.8,,9.794,7.13,7.55,6.24,2.45
2010-06-21,0.35,0.65,0.725,0.255,5.05,3.3,0.825,0.3,2.6498,0.8,,10.371,6.6,7.48,6.2,2.45
2010-06-22,0.35,0.65,0.725,0.19,5.05,3.3,0.825,0.22,2.5172,0.81,,9.535,6.6,7.5,6.55,2.45
2010-06-23,0.35,0.65,0.725,0.19,5.05,3.3,0.825,0.22,2.557,0.81,,9.032,6.6,7.55,6.3,2.45
2010-06-24,0.35,0.65,0.725,0.245,5.05,3.3,0.825,0.22,2.59,0.82,,9.033,6.75,7.43,6.2,2.46
2010-06-25,0.35,0.65,0.725,0.19,5.05,3.3,0.825,0.26,2.6432,0.82,,9.85,6.5,7.43,6.85,2.46
2010-06-28,0.35,0.66,0.725,0.255,5.05,3.3,0.825,0.22,2.6777,0.87,,10.349,6.75,7.7,6.3,2.46
2010-06-29,0.35,0.67,0.725,0.2,5.05,3.3,0.825,0.24,2.628,0.88,,10.534,6.7,7.45,6.25,2.46
2010-06-30,0.35,0.67,0.725,0.19,5.05,3.3,0.825,0.28,2.7244,0.88,,10.293,6.75,7.7,6.325,2.46
2010-07-01,0.35,0.59,0.725,0.2,4.85,3.75,0.8,0.17,2.725,0.91,,13.637,6.75,7.7,6.0,2.46
2010-07-02,0.35,0.59,0.725,0.22,4.9,3.0,0.8,0.2,2.7493,0.93,,7.622,6.75,7.7,5.9,2.46
2010-07-05,0.35,0.7,0.725,0.2,5.2,3.15,0.8,0.205,2.7561,0.93,,8.943,6.7,7.7,6.4,2.46
2010-07-06,0.35,0.71,0.725,0.23,4.85,3.15,0.8,0.21,2.635,0.84,,10.053,6.7,7.25,6.3,2.46
2010-07-07,0.35,0.72,0.725,0.2,5.05,3.15,0.825,0.17,2.58,0.94,,8.817,6.7,7.4,6.3,2.46
2010-07-08,0.35,0.73,0.725,0.2,5.0,3.25,0.8,0.22,2.585,0.94,,8.035,6.65,7.4,6.3,2.46
2010-07-09,0.35,0.74,0.725,0.2,4.95,3.15,0.8,0.165,2.6145,0.94,,7.391,6.65,7.45,6.32,2.63
2010-07-12,0.35,0.75,0.725,0.21,4.85,3.4,0.83,0.26,2.553,0.96,,7.812,6.4,7.51,6.35,2.63
2010-07-13,0.35,0.76,0.725,0.21,4.95,3.225,0.85,0.29,2.5477,0.8,,9.648,6.5,7.5,6.42,2.63
2010-07-14,0.35,0.77,0.725,0.21,5.0,3.15,0.85,0.32,2.4764,0.8,,8.39,6.65,7.5,6.3,2.63
2010-07-15,0.35,0.78,0.725,0.21,5.0,3.15,0.85,0.35,2.545,0.8,,8.642,6.65,7.53,6.38,2.63
2010-07-16,0.35,0.78,0.725,0.21,4.9,3.15,0.85,0.32,2.5177,0.8,,8.219,6.65,7.52,6.3,2.63
2010-07-19,0.35,0.8,0.725,0.2,4.95,3.25,0.88,0.31,2.4696,0.8,,9.659,6.65,7.47,6.3,2.63
2010-07-20,0.35,0.81,0.725,0.2,4.95,3.15,1.0,0.27,2.4746,0.81,,7.817,6.65,7.51,6.4,2.63
2010-07-21,0.35,0.81,0.725,0.2,4.925,3.4,1.0,0.23,2.593,0.81,,8.65,6.6,7.53,6.45,2.63
2010-07-22,0.35,0.82,0.725,0.21,5.0,3.25,1.0,0.24,2.5627,0.81,,8.444,6.6,7.51,6.5,2.63
2010-07-23,0.35,0.82,0.725,0.21,5.0,3.25,1.0,0.44,2.4974,0.82,,9.441,6.65,7.62,6.5,2.63
2010-07-26,0.35,0.83,0.725,0.21,5.1,3.25,1.0,0.45,2.5551,0.82,,7.28,6.65,7.59,6.45,2.63
2010-07-27,0.35,0.84,0.735,0.2,5.0,3.22,1.0,0.315,2.495,0.84,,8.231,6.65,7.61,6.5,2.63
2010-07-28,0.35,0.85,0.735,0.2,4.9,3.22,1.0,0.39,2.5332,0.84,,8.577,6.65,7.7,6.55,2.63
2010-07-29,0.35,0.8,0.74,0.2,4.75,3.22,0.925,0.42,2.4826,0.84,4.381,8.568,6.65,7.7,6.65,2.63
2010-07-30,0.35,0.785,0.74,0.2,4.925,3.4,0.825,0.42,2.49,0.87,4.348,7.666,6.65,7.55,6.3,2.63
2010-08-02,0.35,0.71,0.74,0.2,5.05,3.725,0.825,0.3,2.4849,0.87,4.348,8.874,6.65,7.51,6.8,2.63
2010-08-03,0.35,0.85,0.74,0.2,4.925,3.4,0.825,0.3475,2.5661,0.87,4.348,7.958,6.65,7.49,6.525,2.63
2010-08-04,0.35,0.85,0.74,0.2,5.05,3.22,1.0,0.3475,2.5489,0.87,4.348,6.579,6.7,7.53,6.63,2.63
2010-08-05,0.35,0.85,0.74,0.2,5.05,3.725,1.0,0.395,2.5583,0.89,4.348,8.93,6.65,7.56,6.45,2.63
2010-08-06,0.35,0.85,0.74,0.2,5.05,3.725,1.0,0.275,2.5694,0.89,4.348,8.435,6.65,7.56,6.45,2.63
2010-08-09,0.395,0.86,0.74,0.2,5.05,3.725,1.05,0.3525,2.5249,0.89,4.348,9.17,6.65,7.54,6.6,2.63
2010-08-10,0.385,0.86,0.74,0.2,5.05,3.22,1.05,0.43,2.535,0.9,4.348,8.195,6.65,7.54,6.52,2.63
2010-08-11,0.375,0.86,0.74,0.2,5.05,3.725,1.0,0.3575,2.4969,0.89,4.348,5.695,6.7,7.6,6.65,2.63
2010-08-12,0.36,0.85,0.74,0.19,4.925,3.4,0.825,0.32,2.5015,0.9,4.348,5.965,6.675,7.56,6.85,2.63
2010-08-13,0.335,0.86,0.74,0.2,4.925,3.4,0.825,0.4,2.445,0.9,4.348,8.26,6.7,7.52,7.15,2.63
2010-08-16,0.345,0.86,0.74,0.19,4.8,3.22,1.0,0.37,2.5088,0.9,4.348,7.97,6.65,7.52,6.8,2.63
2010-08-17,0.345,0.86,0.74,0.19,4.85,3.22,1.0,0.32,2.5306,0.9,4.348,9.63,6.6,7.15,7.15,2.63
2010-08-18,0.345,0.86,0.74,0.19,5.0,3.725,1.0,0.35,2.5654,0.91,4.348,9.02,6.65,7.64,6.92,2.63
2010-08-19,0.325,0.86,0.74,0.19,4.95,3.22,1.0,0.32,2.5377,0.93,4.348,7.15,6.6,7.63,6.92,2.63
2010-08-20,0.325,0.86,0.74,0.19,4.95,3.22,1.0,0.35,2.5379,0.93,4.348,7.05,6.6,7.58,7.01,2.63
2010-08-23,0.305,0.86,0.74,0.21,4.925,3.4,0.825,0.37,2.495,0.94,4.348,4.455,6.55,7.68,7.0,2.63
2010-08-24,0.295,0.86,0.74,0.21,4.8,3.22,0.98,0.3,2.475,0.97,4.348,4.83,6.6,7.71,6.9,2.63
2010-08-25,0.295,0.86,0.74,0.21,4.8,3.22,0.98,0.345,2.4778,0.97,4.348,6.175,6.35,7.67,7.05,2.63
2010-08-26,0.295,0.86,0.73,0.2,4.95,3.22,0.98,0.39,2.5144,0.97,4.348,8.24,6.55,7.58,7.2,2.63
2010-08-27,0.335,0.86,0.73,0.2,4.8,3.22,0.98,0.34,2.574,1.01,4.348,8.49,6.45,7.39,7.05,2.63
2010-08-30,0.335,0.86,0.73,0.2,4.95,3.22,0.98,0.175,2.5458,1.02,4.348,8.265,6.45,7.55,7.0,2.63
2010-08-31,0.285,0.86,0.73,0.19,4.8,3.275,0.98,0.38,2.5305,1.0,4.348,6.74,6.45,7.6,7.0,2.66
2010-09-01,0.285,0.86,0.73,0.19,4.95,3.22,1.075,0.42,2.5352,0.99,4.348,7.65,6.45,7.59,7.05,2.66
2010-09-02,0.285,0.66,0.73,0.19,4.8,3.22,0.98,0.19,2.5518,1.01,4.348,9.11,6.45,7.66,7.07,2.66
2010-09-03,0.285,0.85,0.73,0.19,4.95,3.22,0.98,0.19,2.567,1.01,4.348,10.2,6.4,7.55,7.07,2.66
2010-09-06,0.275,0.85,0.73,0.19,4.95,3.22,1.0,0.38,2.5601,1.03,4.348,8.33,6.35,7.65,7.08,2.66
2010-09-07,0.335,0.66,0.73,0.19,4.95,3.22,1.0,0.19,2.5295,1.05,4.348,7.885,6.35,7.46,6.95,2.66
2010-09-08,0.34,0.85,0.73,0.19,4.95,3.65,1.1,0.39,2.5463,1.06,4.348,6.42,6.4,7.46,7.05,2.66
2010-09-09,0.22,0.66,0.73,0.19,4.8,3.22,1.15,0.19,2.5251,1.07,4.348,6.58,6.1,7.47,6.985,2.66
2010-09-10,0.275,0.85,0.73,0.19,4.8,3.22,1.15,0.19,2.5146,1.0,4.348,7.66,6.15,6.75,6.985,2.66
2010-09-13,0.275,0.85,0.73,0.19,5.1,3.65,1.15,0.19,2.546,1.08,4.348,5.5,6.15,6.5,7.15,2.66
2010-09-14,0.275,0.85,0.73,0.19,4.8,3.22,1.15,0.37,2.485,1.09,4.348,6.725,6.15,6.5,7.25,2.66
2010-09-15,0.275,0.85,0.73,0.19,4.8,3.22,1.3,0.39,2.5016,1.09,4.348,9.395,6.15,6.5,7.0,2.66
2010-09-16,0.275,0.85,0.73,0.19,5.1,3.65,1.15,0.19,2.4925,1.11,4.348,5.86,6.15,6.5,7.26,2.66
2010-09-17,0.275,0.85,0.73,0.18,4.8,3.275,1.15,0.4,2.492,1.11,4.348,8.34,6.15,7.29,7.22,2.66
2010-09-20,0.275,0.68,0.73,0.18,4.8,3.275,1.15,0.19,2.4979,1.11,4.348,8.545,6.0,7.28,7.16,2.66
2010-09-21,0.275,0.85,0.73,0.18,5.15,3.22,1.15,0.4,2.475,1.12,4.348,7.705,6.15,7.37,7.1,2.66
2010-09-22,0.275,0.85,0.73,0.18,5.2,3.65,1.15,0.19,2.4991,1.13,4.348,7.77,6.15,7.34,7.1,2.66
2010-09-23,0.275,0.85,0.73,0.18,4.8,3.225,1.15,0.38,2.471,1.13,4.348,8.75,6.15,7.35,7.2,2.66
2010-09-24,0.275,0.85,0.73,0.18,5.2,3.65,1.15,0.19,2.47,1.14,4.348,8.335,6.15,7.46,7.145,2.66
2010-09-27,0.275,0.85,0.73,0.18,5.2,3.22,1.15,0.38,2.435,1.15,4.348,7.335,6.05,7.49,7.2,2.66
2010-09-28,0.325,0.85,0.74,0.17,5.2,3.22,1.15,0.19,2.4887,1.16,4.348,6.99,6.15,7.45,7.05,2.66
2010-09-29,0.275,0.85,0.74,0.17,5.25,3.22,1.15,0.39,2.4723,1.16,4.348,7.23,6.0,7.48,7.1,2.66
2010-09-30,0.275,0.86,0.74,0.15,5.25,3.22,1.15,0.19,2.4648,1.22,4.348,6.885,6.0,7.41,7.1,2.66
2010-10-01,0.275,0.9,0.74,0.15,5.25,3.675,1.15,0.19,2.4821,1.22,4.348,7.495,6.0,7.38,7.15,2.66
2010-10-04,0.275,0.955,0.74,0.17,5.25,3.675,1.15,0.195,2.45,1.22,4.348,7.11,6.0,7.35,7.15,2.66
2010-10-05,0.275,0.91,0.74,0.17,4.7,3.22,1.15,0.3,2.4897,1.23,4.348,6.82,6.15,7.38,7.15,2.66
2010-10-06,0.275,0.91,0.74,0.17,4.7,3.22,1.15,0.21,2.3769,1.23,4.348,4.3,6.0,7.35,7.15,2.66
2010-10-07,0.275,0.875,0.74,0.17,5.1,3.22,1.15,0.27,2.4,1.23,4.348,7.925,6.0,7.36,7.1,2.66
2010-10-08,0.275,0.875,0.74,0.17,4.75,3.22,1.15,0.195,2.4225,1.23,4.348,6.56,6.0,7.34,7.28,2.66
2010-10-11,0.275,0.88,0.74,0.17,5.1,3.675,1.15,0.34,2.4205,1.14,4.348,7.57,6.15,7.7,7.15,2.66
2010-10-12,0.275,0.94,0.74,0.17,5.1,3.22,1.15,0.34,2.4576,1.23,4.348,7.76,6.15,7.4,7.15,2.67
2010-10-13,0.275,0.85,0.74,0.17,5.1,3.22,1.2,0.3,2.3989,1.24,4.348,6.91,6.15,7.42,7.25,2.68
2010-10-14,0.275,0.95,0.74,0.17,5.1,3.22,1.2,0.25,2.4492,1.27,4.348,8.605,6.15,7.4,7.4,2.67
2010-10-15,0.275,0.96,0.74,0.17,5.1,3.22,1.2,0.27,2.405,1.27,4.348,7.0,6.1,7.44,7.6,2.66
2010-10-18,0.275,0.98,0.74,0.17,5.1,3.22,1.2,0.31,2.3762,1.27,4.348,8.46,5.95,7.48,7.6,2.66
2010-10-19,0.275,0.98,0.74,0.17,4.85,3.35,1.35,0.19,2.3587,1.28,4.348,6.65,6.05,7.56,7.67,2.66
2010-10-20,0.275,0.99,0.74,0.17,4.8,3.22,1.15,0.2,2.4223,1.33,4.348,5.715,5.9,7.45,7.75,2.66
2010-10-21,0.275,0.95,0.74,0.17,5.05,3.22,1.15,0.26,2.42,1.37,4.348,5.255,5.95,7.5,7.65,2.66
2010-10-22,0.275,0.96,0.74,0.17,5.05,3.22,1.15,0.19,2.39,1.37,4.348,5.66,6.1,7.52,7.48,2.66
2010-10-25,0.275,0.97,0.74,0.17,4.85,3.22,1.15,0.3,2.3763,1.43,4.348,5.72,6.05,7.4,7.52,2.66
2010-10-26,0.275,0.91,0.74,0.17,4.85,3.22,1.15,0.275,2.3875,1.44,4.348,7.27,6.1,7.45,7.75,2.66
2010-10-27,0.275,0.92,0.74,0.17,5.05,3.475,1.15,0.26,2.387,1.46,4.348,7.125,5.9,7.36,7.75,2.66
2010-10-28,0.275,1.04,0.74,0.17,4.7,3.22,1.15,0.2,2.3405,1.46,4.348,6.235,5.75,7.45,7.5,2.66
2010-10-29,0.275,1.04,0.74,0.17,5.05,3.475,1.15,0.225,2.35,1.47,4.348,8.12,5.9,7.43,7.7,2.66
2010-11-01,0.275,1.04,0.74,0.17,5.05,3.475,1.15,0.195,2.32,1.49,4.348,8.33,5.7,7.46,7.85,2.66
2010-11-02,0.275,0.99,0.74,0.17,5.0,3.22,1.15,0.25,2.3406,1.49,4.348,8.33,5.825,7.48,7.85,2.66
2010-11-03,0.275,1.0,0.74,0.17,5.1,3.22,1.15,0.24,2.375,1.49,4.348,8.05,5.9,7.48,7.7,2.66
2010-11-04,0.275,1.0,0.74,0.17,5.1,3.22,1.15,0.22,2.35,1.49,4.348,7.9,5.925,7.51,7.5,2.66
2010-11-05,0.275,0.92,0.74,0.17,5.1,3.22,1.15,0.24,2.3435,1.49,4.348,7.785,5.9,7.47,7.5,2.66
2010-11-08,0.275,1.05,0.74,0.16,5.1,3.22,1.15,0.23,2.345,1.52,4.348,7.51,5.75,7.47,7.9,2.66
2010-11-09,0.275,0.9,0.74,0.16,5.175,3.22,1.15,0.28,2.369,1.52,4.348,7.51,6.0,7.44,7.9,2.66
2010-11-10,0.275,0.835,0.74,0.16,4.85,3.22,1.15,0.19,2.4053,1.6,4.348,5.515,6.0,7.34,7.9,2.66
2010-11-11,0.275,1.05,0.74,0.195,5.175,3.525,1.15,0.24,2.3807,1.52,4.348,6.635,5.9,7.36,7.95,2.66
2010-11-12,0.275,1.0,0.74,0.2,5.175,3.525,1.15,0.19,2.3599,1.52,4.348,8.395,6.0,7.1,7.9,2.66
2010-11-15,0.275,0.895,0.74,0.2,5.175,3.38,1.2,0.35,2.4115,1.52,4.348,8.37,5.825,7.02,7.92,2.66
2010-11-16,0.275,1.0,0.74,0.2,4.85,3.38,1.2,0.25,2.3837,1.52,4.348,8.37,6.0,7.02,7.97,2.8
2010-11-17,0.275,1.05,0.74,0.2,5.175,3.38,1.2,0.29,2.385,1.52,4.348,7.25,5.975,7.01,7.97,2.8
2010-11-18,0.275,1.05,0.74,0.2,5.2,3.47,1.2,0.38,2.4051,1.52,4.348,7.0,5.825,7.01,8.0,2.8
2010-11-19,0.275,1.04,0.74,0.2,5.2,3.47,1.2,0.195,2.3767,1.52,4.348,7.705,5.5,7.05,8.06,2.8
2010-11-22,0.275,0.9,0.74,0.16,5.2,3.55,1.2,0.36,2.369,1.54,4.348,6.725,5.5,6.81,8.2,2.8
2010-11-23,0.275,0.835,0.74,0.16,4.85,3.25,1.2,0.3,2.3718,1.55,4.348,7.355,5.5,6.74,8.2,2.8
2010-11-24,0.275,0.98,0.74,0.16,5.2,3.47,1.2,0.4,2.3631,1.55,4.348,6.48,5.45,6.72,8.28,2.8
2010-11-25,0.275,0.82,0.74,0.16,4.85,3.25,1.2,0.35,2.422,1.57,4.348,8.15,5.6,6.59,8.29,2.8
2010-11-26,0.285,1.02,0.74,0.16,5.25,3.47,1.225,0.4,2.4382,1.58,4.348,7.83,5.45,6.63,8.35,2.8
2010-11-29,0.285,1.02,0.74,0.16,5.25,3.6,1.2,0.195,2.3682,1.6,4.348,8.56,5.45,6.79,8.5,2.8
2010-11-30,0.285,0.815,0.74,0.16,4.85,3.47,1.2,0.195,2.3755,1.61,4.348,8.61,5.45,6.76,8.5,2.8
2010-12-01,0.285,1.02,0.74,0.16,5.3,3.675,1.2,0.23,2.3717,1.65,4.348,8.9,5.45,6.57,8.7,2.8
2010-12-02,0.285,0.805,0.74,0.16,5.3,3.675,1.2,0.275,2.4101,1.67,4.348,6.435,5.6,6.47,8.75,2.8
2010-12-03,0.285,1.02,0.74,0.16,5.3,3.675,1.2,0.195,2.44,1.67,4.348,8.895,5.6,6.55,8.7,2.8
2010-12-06,0.285,0.87,0.74,0.16,5.3,3.347,1.2,0.37,2.44,1.675,4.348,7.81,5.6,6.55,8.85,2.8
2010-12-07,0.285,0.815,0.74,0.16,4.875,3.3,1.2,0.36,2.405,1.72,4.348,9.555,5.6,6.32,8.9,2.8
2010-12-08,0.285,1.01,0.74,0.16,5.3,3.675,1.2,0.195,2.4631,1.72,4.348,6.24,5.6,5.97,9.04,2.8
2010-12-09,0.285,1.0,0.74,0.16,4.95,3.3,1.2,0.4,2.4349,1.705,4.348,8.705,5.6,6.19,8.95,2.8
2010-12-10,0.25,1.0,0.74,0.255,4.95,3.3,1.2,0.35,2.4273,1.75,4.348,7.78,5.6,6.24,9.0,2.8
2010-12-13,0.285,1.0,0.74,0.15,4.95,3.675,1.2,0.4,2.475,1.75,4.348,7.185,5.6,6.1,9.0,2.8
2010-12-14,0.285,1.0,0.74,0.15,5.55,3.9,1.2,0.39,2.445,1.77,4.348,7.675,5.6,6.02,9.0,2.8
2010-12-15,0.285,0.805,0.74,0.155,4.95,3.34,1.2,0.33,2.4864,1.79,4.348,8.225,5.45,5.74,9.0,2.8
2010-12-16,0.285,0.98,0.74,0.15,4.95,3.51,1.2,0.34,2.4976,1.79,4.348,9.265,5.45,5.75,8.95,2.8
2010-12-17,0.285,0.97,0.74,0.155,4.95,3.3,1.2,0.35,2.4663,1.84,4.348,9.45,5.45,5.96,8.95,2.8
2010-12-20,0.285,0.97,0.74,0.15,5.45,3.35,1.2,0.31,2.4738,1.85,4.348,7.655,5.6,6.16,8.7,2.8
2010-12-21,0.285,0.97,0.74,0.15,4.95,3.85,1.2,0.195,2.4657,1.88,4.348,7.5,5.6,6.55,8.8,2.8
2010-12-22,0.285,0.92,0.74,0.15,5.45,3.85,1.2,0.26,2.4885,1.89,4.348,8.75,5.45,6.45,9.0,2.8
2010-12-23,0.285,0.96,0.74,0.15,4.95,3.5,1.2,0.35,2.5007,1.89,4.348,9.09,5.45,6.18,9.05,2.8
2010-12-24,0.285,0.96,0.74,0.155,5.45,3.85,1.2,0.195,2.5,1.89,4.348,9.265,5.45,6.29,9.05,2.8
2010-12-27,0.285,0.96,0.74,0.15,4.95,3.85,1.2,0.35,2.5369,1.89,4.348,8.635,5.45,6.3,9.05,2.8
2010-12-28,0.285,0.96,0.74,0.15,4.95,3.85,1.2,0.195,2.4684,1.89,4.348,8.615,5.45,6.24,9.05,2.8
2010-12-29,0.285,0.805,0.74,0.15,4.95,3.3,1.2,0.195,2.4582,1.89,4.348,8.205,5.6,6.13,9.05,2.8
2010-12-30,0.285,0.96,0.745,0.155,4.95,3.5,1.2,0.22,2.445,1.89,4.348,5.095,5.45,5.96,8.95,2.8
2010-12-31,0.285,0.96,0.745,0.155,4.95,3.3,1.2,0.195,2.4796,1.89,4.348,3.5,5.6,5.82,9.0,2.8
2011-01-03,0.285,0.9,0.745,0.16,4.95,3.85,1.2,0.195,2.5059,1.89,4.348,7.945,5.6,5.8,9.2,2.8
2011-01-04,0.285,0.9,0.745,0.16,4.95,3.85,1.2,0.4,2.505,1.9,4.348,6.19,5.6,5.41,9.12,2.8
2011-01-05,0.285,0.9,0.745,0.16,5.45,3.85,1.2,0.195,2.4861,1.91,4.348,6.25,5.6,5.17,8.78,2.8
2011-01-06,0.285,0.9,0.745,0.16,5.45,3.5,1.2,0.4,2.4323,1.9,4.348,2.05,5.45,5.28,8.8,2.8
2011-01-07,0.285,0.94,0.745,0.16,5.45,3.85,1.2,0.4,2.4506,1.92,4.348,2.135,5.45,5.18,9.05,2.8
2011-01-10,0.285,0.88,0.75,0.16,5.45,3.85,1.2,0.1,2.415,1.93,4.348,6.58,5.45,5.28,8.92,2.8
2011-01-11,0.285,0.88,0.75,0.16,5.3,3.25,1.2,0.38,2.4405,1.93,4.348,8.005,5.45,5.58,9.08,2.8
2011-01-12,0.285,0.93,0.75,0.16,4.9,3.25,1.2,0.34,2.462,1.93,4.348,7.83,5.6,5.33,9.05,2.8
2011-01-13,0.285,0.93,0.75,0.16,5.0,3.35,1.225,0.39,2.4649,1.94,4.348,7.73,5.45,5.5,9.0,2.975
2011-01-14,0.285,0.88,0.75,0.16,5.3,3.75,1.2,0.38,2.4803,1.94,4.348,8.635,5.45,5.75,9.05,2.98
2011-01-17,0.285,0.94,0.75,0.255,4.95,3.75,1.2,0.39,2.4583,1.94,4.348,7.59,5.45,5.65,9.18,2.98
2011-01-18,0.285,0.94,0.76,0.16,5.3,3.2,1.2,0.35,2.4707,1.94,4.348,8.97,5.45,5.56,9.15,2.98
2011-01-19,0.285,0.95,0.76,0.16,4.93,3.75,1.2,0.195,2.4558,1.94,4.348,7.78,5.45,5.8,9.2,2.98
2011-01-20,0.285,0.975,0.765,0.16,4.95,3.25,1.2,0.195,2.4585,1.94,4.348,8.36,5.45,5.88,9.27,3.0
2011-01-21,0.285,0.96,0.765,0.16,4.95,3.58,1.2,0.34,2.4503,1.98,4.348,9.38,5.5,6.5,9.12,3.0
2011-01-24,0.285,0.9,0.765,0.16,5.3,3.7,1.2,0.33,2.439,1.99,4.348,7.735,5.5,6.23,9.35,3.01
2011-01-25,0.285,0.98,0.765,0.16,4.93,3.55,1.2,0.27,2.4557,2.0,4.348,7.9,5.5,6.06,9.25,3.01
2011-01-26,0.285,0.95,0.765,0.16,4.98,3.52,1.2,0.26,2.4219,2.0,4.348,9.095,5.5,6.34,9.25,3.01
2011-01-27,0.285,1.0,0.76,0.16,5.2,3.3,1.175,0.3,2.3574,2.01,4.348,8.845,5.5,6.27,9.4,3.02
2011-01-28,0.285,1.03,0.76,0.16,4.965,3.275,1.175,0.28,2.3767,2.01,4.348,7.545,5.5,6.45,9.45,3.03
2011-01-31,0.285,1.03,0.76,0.16,5.2,3.5,1.15,0.1,2.4066,2.02,4.348,6.75,5.5,6.37,9.3,3.05
2011-02-01,0.295,1.05,0.765,0.23,5.1,3.525,1.15,0.22,2.4524,2.02,4.348,8.825,5.5,6.11,9.55,3.05
2011-02-02,0.295,1.0,0.78,0.16,5.1,3.475,1.15,0.29,2.438,2.02,4.348,9.525,5.5,6.09,9.68,3.05
2011-02-03,0.295,1.01,0.79,0.16,5.1,3.525,1.15,0.27,2.4245,2.04,4.348,9.805,5.65,6.3,9.69,3.05
2011-02-04,0.295,1.01,0.79,0.16,5.1,3.525,1.15,0.33,2.415,2.04,4.348,8.14,5.5,6.32,9.65,3.05
2011-02-07,0.295,0.94,0.79,0.16,5.2,3.525,1.15,0.28,2.4619,2.04,4.348,9.53,5.5,6.35,9.67,3.08
2011-02-08,0.295,0.985,0.8,0.23,5.2,3.525,1.15,0.3,2.4458,2.04,4.348,8.985,5.5,6.3,9.73,3.09
2011-02-09,0.295,1.02,0.8,0.16,4.93,3.25,1.15,0.225,2.455,2.04,4.348,7.415,5.5,6.24,9.65,3.09
2011-02-10,0.295,1.07,0.8,0.16,5.2,3.525,1.15,0.32,2.4357,2.04,4.348,6.785,5.5,6.34,9.75,3.11
2011-02-11,0.295,1.07,0.8,0.16,5.05,3.3,1.15,0.32,2.4392,2.04,4.348,8.13,5.5,6.24,9.76,3.12
2011-02-14,0.295,0.95,0.8,0.16,5.05,3.3,1.225,0.31,2.5054,2.1,4.348,8.765,5.5,6.6,9.75,3.13
2011-02-15,0.295,0.95,0.8,0.16,4.93,3.25,1.15,0.225,2.5194,2.12,4.348,9.675,5.5,6.79,9.85,3.13
2011-02-16,0.295,1.02,0.8,0.16,5.2,3.525,1.15,0.33,2.51,2.15,4.348,9.635,5.5,7.58,9.85,3.14
2011-02-17,0.295,1.07,0.8,0.16,5.2,3.525,1.15,0.225,2.506,2.15,4.348,10.565,5.5,6.86,10.02,3.15
2011-02-18,0.295,1.07,0.8,0.135,5.2,3.475,1.15,0.225,2.497,2.15,4.348,8.235,5.5,7.09,9.98,3.15
2011-02-21,0.295,1.06,0.8,0.16,5.2,3.525,1.15,0.33,2.4863,2.2,4.348,8.815,5.5,7.18,10.0,3.15
2011-02-22,0.295,1.06,0.8,0.16,4.9,3.15,1.15,0.22,2.495,2.23,4.348,9.685,5.5,7.05,10.02,3.15
2011-02-23,0.295,1.07,0.8,0.16,4.9,3.13,1.15,0.26,2.5079,2.23,4.348,7.67,5.5,8.5,9.95,3.15
2011-02-24,0.295,1.07,0.805,0.24,4.9,3.25,1.15,0.28,2.4949,2.27,4.348,7.965,5.475,8.3,10.12,3.16
2011-02-25,0.295,1.07,0.8,0.24,5.2,2.95,1.15,0.29,2.4759,2.27,4.348,7.72,5.5,8.5,10.15,3.16
2011-02-28,0.295,0.92,0.8,0.25,4.9,3.225,1.135,0.1,2.488,2.27,4.348,7.65,5.5,8.25,10.1,3.17
2011-03-01,0.295,1.08,0.8,0.16,4.9,3.225,1.135,0.1,2.4837,2.29,4.348,7.305,5.5,7.26,10.05,3.17
2011-03-02,0.295,1.08,0.8,0.16,4.88,3.235,1.135,0.1,2.483,2.29,4.348,5.8,5.5,7.39,10.05,3.17
2011-03-03,0.295,1.13,0.8,0.16,4.89,3.115,1.115,0.1,2.5124,2.29,4.348,7.145,5.5,7.55,10.15,3.23
2011-03-04,0.295,1.15,0.8,0.16,5.2,3.105,1.2,0.31,2.5007,2.29,4.348,5.805,5.5,7.68,10.13,3.27
2011-03-07,0.295,1.15,0.8,0.16,5.2,3.115,1.2,0.325,2.4862,2.31,4.348,8.585,5.5,7.81,10.04,3.285
2011-03-08,0.295,1.16,0.8,0.16,5.2,3.2,1.2,0.225,2.4585,2.31,4.348,8.515,5.65,7.82,10.08,3.3
2011-03-09,0.255,1.03,0.81,0.16,5.2,3.125,1.2,0.225,2.4694,2.31,4.348,7.895,5.65,7.91,9.95,3.3
2011-03-10,0.295,1.17,0.81,0.16,5.2,3.025,1.2,0.31,2.4516,2.31,4.348,7.54,5.65,7.68,9.98,3.39
2011-03-11,0.295,1.17,0.81,0.16,5.2,3.075,1.2,0.32,2.472,2.31,4.348,8.27,5.65,7.71,9.7,3.39
2011-03-14,0.295,1.02,0.81,0.23,4.93,2.975,1.2,0.25,2.4757,2.31,4.348,7.05,5.65,7.5,9.75,3.39
2011-03-15,0.295,1.16,0.81,0.15,5.1,2.8,1.2,0.29,2.4305,2.31,4.348,8.475,5.65,7.55,9.75,3.39
2011-03-16,0.295,1.16,0.81,0.175,4.85,2.9,1.2,0.225,2.4073,2.32,4.348,8.645,5.65,7.62,9.75,3.39
2011-03-17,0.295,1.11,0.81,0.15,4.85,2.8,1.2,0.31,2.4553,2.32,4.348,7.34,5.925,7.59,9.75,3.39
2011-03-18,0.295,1.11,0.81,0.14,4.85,2.8,1.2,0.27,2.4824,2.33,4.348,6.77,5.825,7.69,9.65,3.39
2011-03-21,0.295,1.16,0.81,0.14,5.1,2.995,1.2,0.29,2.4844,2.33,4.348,9.98,5.95,7.53,9.95,3.39
2011-03-22,0.295,1.17,0.82,0.15,4.85,3.025,1.2,0.28,2.4692,2.34,4.348,8.325,5.965,7.42,9.95,3.39
2011-03-23,0.295,1.17,0.82,0.15,4.85,2.78,1.18,0.29,2.4778,2.34,4.348,8.035,5.645,7.84,10.15,3.39
2011-03-24,0.295,1.18,0.82,0.15,4.94,2.78,1.185,0.29,2.4456,2.34,4.348,8.025,5.75,7.68,10.08,3.39
2011-03-25,0.295,1.19,0.82,0.15,5.1,3.025,1.18,0.28,2.4696,2.34,4.348,8.29,5.755,7.79,10.15,3.39
2011-03-28,0.295,1.19,0.82,0.15,5.075,2.995,1.18,0.225,2.4826,2.34,4.348,8.6,5.71,7.86,10.15,3.39
2011-03-29,0.295,1.2,0.82,0.15,4.85,2.995,1.15,0.28,2.475,2.33,4.348,7.23,5.58,7.77,9.6,3.39
2011-03-30,0.295,1.21,0.82,0.15,5.075,3.025,1.15,0.225,2.5163,2.33,4.348,8.055,5.62,7.89,9.55,3.39
2011-03-31,0.295,1.26,0.82,0.15,5.075,2.975,1.15,0.275,2.538,2.33,4.348,8.22,5.63,7.97,9.7,3.39
2011-04-01,0.295,1.23,0.82,0.15,5.075,2.975,1.15,0.3,2.5659,2.33,4.348,13.84,5.73,8.0,9.7,3.39
2011-04-04,0.295,1.1,0.82,0.15,4.88,2.995,1.15,0.3,2.5761,2.33,4.348,14.34,5.675,7.63,9.7,3.39
2011-04-05,0.285,1.24,0.82,0.15,4.88,2.78,1.15,0.225,2.5206,2.32,4.348,14.24,5.695,7.5,8.48,3.39
2011-04-06,0.285,1.25,0.82,0.16,5.075,2.925,1.15,0.25,2.5261,2.32,4.348,8.72,5.805,7.63,8.26,3.39
2011-04-07,0.275,1.26,0.82,0.16,5.075,2.975,1.15,0.26,2.5157,2.32,4.348,5.745,5.66,7.6,8.3,3.39
2011-04-08,0.275,1.28,0.82,0.16,4.88,2.875,1.18,0.26,2.5247,2.32,4.348,5.895,5.685,7.74,8.425,3.39
2011-04-11,0.275,1.23,0.82,0.16,5.075,2.975,1.18,0.26,2.5201,2.32,4.348,7.035,5.555,7.83,8.35,3.4
2011-04-12,0.265,1.32,0.82,0.16,4.88,2.75,1.18,0.27,2.5086,2.32,4.348,7.585,5.62,7.68,8.35,3.4
2011-04-13,0.265,1.33,0.815,0.16,4.88,2.975,1.18,0.26,2.5038,2.32,4.348,6.265,5.715,7.67,8.42,3.4
2011-04-14,0.255,1.31,0.815,0.16,4.88,2.75,1.18,0.24,2.5365,2.33,4.348,5.955,5.655,7.65,8.42,3.4
2011-04-15,0.255,1.33,0.815,0.16,5.075,2.975,1.15,0.23,2.565,2.35,4.348,7.965,5.675,7.6,8.5,3.4
2011-04-18,0.255,1.26,0.815,0.16,4.88,2.75,1.15,0.22,2.4881,2.37,4.348,5.675,5.565,7.76,8.55,3.4
2011-04-19,0.255,1.18,0.815,0.16,4.85,2.875,1.15,0.24,2.57,2.37,4.348,4.495,5.59,7.78,8.75,3.4
2011-04-20,0.255,1.21,0.815,0.16,5.075,2.72,1.18,0.24,2.58,2.37,4.348,4.86,5.545,7.8,8.55,3.4
2011-04-21,0.255,1.36,0.815,0.16,5.075,2.975,1.18,0.24,2.58,2.37,4.348,4.86,5.585,7.63,8.65,3.4
2011-04-22,0.23,1.29,0.815,0.15,4.85,2.72,1.18,0.225,2.5618,2.37,4.348,4.86,5.495,7.66,8.65,3.41
2011-04-25,0.23,1.29,0.815,0.15,4.85,2.72,1.18,0.24,2.5668,2.37,4.348,4.53,5.485,7.7,8.7,3.41
2011-04-26,0.255,1.36,0.815,0.16,5.075,2.975,1.18,0.15,2.5825,2.39,4.348,5.29,5.565,7.73,8.73,3.41
2011-04-27,0.255,1.37,0.815,0.16,5.075,2.975,1.18,0.22,2.585,2.39,4.348,5.155,5.485,7.5,8.9,3.42
2011-04-28,0.255,1.38,0.815,0.16,4.9,2.72,1.18,0.21,2.5502,2.39,4.348,4.68,5.46,7.68,8.55,3.42
2011-04-29,0.255,1.38,0.815,0.16,5.075,2.975,1.18,0.22,2.57,2.39,4.348,4.68,5.615,7.5,8.8,3.42
2011-05-02,0.255,1.38,0.815,0.16,5.075,2.975,1.18,0.22,2.5619,2.39,4.348,5.67,5.585,7.63,9.05,3.43
2011-05-03,0.255,1.4,0.815,0.16,5.075,2.975,1.18,0.225,2.518,2.4,4.348,6.23,5.415,7.55,9.0,3.46
2011-05-04,0.255,1.41,0.815,0.16,5.075,2.975,1.18,0.22,2.505,2.4,4.348,8.635,5.515,7.58,9.15,3.46
2011-05-05,0.255,1.43,0.815,0.16,5.075,2.975,1.18,0.24,2.42,2.4,4.348,7.91,5.595,7.65,9.1,3.46
2011-05-06,0.255,1.42,0.815,0.16,5.075,2.775,1.18,0.24,2.47,2.4,4.348,7.985,5.455,7.69,9.0,3.44
2011-05-09,0.255,1.42,0.815,0.16,5.075,2.975,1.18,0.23,2.49,2.4,4.348,6.025,5.59,7.54,9.1,3.46
2011-05-10,0.245,1.42,0.815,0.16,5.075,2.975,1.18,0.24,2.4687,2.4,4.348,5.745,5.575,7.72,9.2,3.46
2011-05-11,0.245,1.41,0.815,0.16,5.075,2.975,1.18,0.22,2.4347,2.4,4.348,7.755,5.43,7.73,9.1,3.46
2011-05-12,0.245,1.4,0.815,0.16,4.93,2.7,1.2,0.22,2.5444,2.4,4.348,7.805,5.51,7.82,9.05,3.46
2011-05-13,0.245,1.39,0.815,0.13,5.075,2.975,1.2,0.25,2.5429,2.4,4.348,6.9,5.615,7.85,9.12,3.46
2011-05-16,0.245,1.4,0.815,0.16,4.93,2.7,1.2,0.26,2.56,2.39,4.348,9.04,5.55,7.78,9.14,3.46
2011-05-17,0.245,1.4,0.815,0.16,5.075,2.975,1.18,0.25,2.5412,2.39,4.348,7.015,5.59,7.86,9.14,3.46
2011-05-18,0.245,1.4,0.815,0.16,4.91,2.63,1.18,0.235,2.5695,2.39,4.348,8.2,5.7,7.87,9.15,3.46
2011-05-19,0.245,1.41,0.815,0.16,4.91,2.63,1.18,0.21,2.59,2.4,4.348,6.74,5.595,7.82,9.05,3.46
2011-05-20,0.245,1.41,0.815,0.16,5.075,2.975,1.18,0.27,2.575,2.4,4.348,6.775,5.585,7.92,9.3,3.46
2011-05-23,0.245,1.41,0.815,0.16,5.075,2.975,1.18,0.27,2.5613,2.4,4.348,7.94,5.655,7.9,9.35,3.46
2011-05-24,0.245,1.41,0.815,0.16,5.075,2.975,1.15,0.25,2.6416,2.4,4.348,7.97,5.615,7.83,9.46,3.46
2011-05-25,0.235,1.41,0.815,0.16,5.075,2.975,1.15,0.23,2.6356,2.4,4.348,6.475,5.625,7.78,9.52,3.46
2011-05-26,0.235,1.41,0.82,0.16,4.91,2.69,1.15,0.25,2.7021,2.4,4.348,8.735,5.625,7.84,9.62,3.46
2011-05-27,0.235,1.41,0.82,0.16,4.91,2.69,1.15,0.225,2.706,2.4,4.348,6.575,5.605,8.11,9.75,3.46
2011-05-30,0.2,1.41,0.82,0.145,5.15,2.69,1.15,0.225,2.7412,2.39,4.348,9.285,5.585,7.86,9.82,3.46
2011-05-31,0.235,1.41,0.82,0.16,5.15,2.975,1.15,0.26,2.7846,2.39,4.348,7.93,5.605,7.94,9.75,3.46
2011-06-01,0.235,1.41,0.82,0.16,4.91,2.69,1.15,0.21,2.69,2.39,4.348,8.7,5.72,7.92,9.75,3.46
2011-06-02,0.235,1.41,0.815,0.16,5.15,2.975,1.15,0.25,2.7,2.39,4.348,6.53,5.705,7.83,9.71,3.46
2011-06-03,0.2,1.275,0.815,0.16,5.15,2.975,1.15,0.225,2.7549,2.39,4.348,7.06,5.69,7.95,9.6,3.46
2011-06-06,0.2,1.25,0.815,0.14,5.15,2.975,1.15,0.2,2.7165,2.39,4.348,8.965,5.625,7.97,9.58,3.46
2011-06-07,0.19,1.275,0.815,0.14,5.05,2.9,1.15,0.21,2.6325,2.39,4.348,7.92,5.715,8.03,9.52,3.46
2011-06-08,0.22,1.42,0.81,0.16,5.05,2.77,1.15,0.22,2.6394,2.39,4.348,8.175,5.875,7.92,9.6,3.46
2011-06-09,0.22,1.42,0.81,0.16,5.05,2.77,1.15,0.22,2.7497,2.39,4.348,6.215,5.635,7.94,9.5,3.46
2011-06-10,0.21,1.44,0.81,0.16,5.05,2.95,1.15,0.225,2.72,2.39,4.348,7.17,5.685,8.0,9.5,3.555
2011-06-13,0.21,1.44,0.81,0.16,5.05,2.74,1.15,0.24,2.765,2.39,4.348,6.775,5.89,8.01,9.4,3.56
2011-06-14,0.21,1.44,0.81,0.16,4.87,2.77,1.15,0.2,2.694,2.39,4.348,9.54,5.895,8.09,9.43,3.56
2011-06-15,0.21,1.45,0.81,0.14,4.89,2.78,1.15,0.225,2.62,2.39,4.348,8.32,5.715,8.09,9.35,3.56
2011-06-16,0.21,1.45,0.81,0.16,5.1,2.78,1.1,0.225,2.732,2.39,4.348,6.685,5.835,8.13,9.05,3.56
2011-06-17,0.21,1.46,0.81,0.16,4.8,2.78,1.1,0.27,2.75,2.39,4.348,8.795,5.715,8.16,8.9,3.56
2011-06-20,0.21,1.47,0.81,0.16,4.83,2.77,1.1,0.27,2.7018,2.39,4.348,8.785,5.655,8.2,8.8,3.56
2011-06-21,0.21,1.47,0.81,0.16,4.81,2.77,1.11,0.16,2.7179,2.39,4.348,6.2,5.68,8.22,8.78,3.56
2011-06-22,0.21,1.48,0.805,0.16,5.1,2.78,1.11,0.26,2.745,2.39,4.348,10.12,5.87,8.28,8.85,3.56
2011-06-23,0.21,1.49,0.805,0.16,5.1,2.78,1.11,0.27,2.7935,2.39,4.348,10.0,5.64,8.34,8.8,3.56
2011-06-24,0.21,1.49,0.805,0.16,5.1,2.79,1.11,0.24,2.7843,2.39,4.348,8.295,5.605,8.31,8.75,3.56
2011-06-27,0.21,1.5,0.805,0.16,5.1,2.7,1.1,0.23,2.755,2.41,4.348,8.445,5.635,8.41,8.9,3.56
2011-06-28,0.21,1.5,0.805,0.15,4.75,2.7,1.1,0.27,2.775,2.41,4.86,6.48,5.685,8.38,8.65,3.57
2011-06-29,0.215,1.5,0.805,0.15,5.1,2.95,1.15,0.27,2.849,2.41,4.855,7.355,5.8,8.32,8.48,3.57
2011-06-30,0.215,1.51,0.805,0.15,4.8,2.69,1.15,0.28,2.8112,2.42,4.85,7.9,5.625,8.34,8.53,3.57
2011-07-01,0.215,1.52,0.805,0.155,4.89,2.69,1.21,0.16,2.785,2.42,4.85,9.025,5.635,8.28,8.45,3.57
2011-07-04,0.215,1.53,0.805,0.15,4.8,2.77,1.15,0.27,2.7859,2.44,4.85,7.435,5.625,8.13,8.72,3.57
2011-07-05,0.215,1.54,0.805,0.15,5.1,2.77,1.15,0.27,2.79,2.48,4.86,8.315,5.685,8.09,8.6,3.57
2011-07-06,0.215,1.54,0.805,0.15,5.1,2.77,1.13,0.225,2.812,2.49,4.86,9.615,5.765,8.12,8.85,3.57
2011-07-07,0.215,1.55,0.805,0.15,5.1,2.78,1.13,0.32,2.8238,2.49,4.87,6.125,5.695,7.96,8.95,3.59
2011-07-08,0.215,1.56,0.805,0.15,5.1,2.78,1.13,0.225,2.8196,2.5,4.86,8.785,5.57,8.16,8.95,3.59
2011-07-11,0.215,1.585,0.805,0.15,4.8,2.79,1.13,0.31,2.8008,2.51,4.86,6.32,5.65,8.21,8.8,3.59
2011-07-12,0.225,1.57,0.81,0.15,4.95,2.78,1.15,0.24,2.8574,2.51,4.86,9.695,5.595,8.28,8.85,3.59
2011-07-13,0.225,1.585,0.81,0.15,5.1,2.76,1.13,0.225,2.745,2.51,4.845,8.24,5.58,8.24,8.7,3.59
2011-07-14,0.225,1.58,0.81,0.15,4.855,2.79,1.13,0.23,2.8334,2.51,4.86,9.45,5.755,8.03,8.65,3.59
2011-07-15,0.225,1.58,0.81,0.15,5.1,2.8,1.13,0.225,2.8305,2.5,4.86,8.44,5.575,8.14,8.7,3.59
2011-07-18,0.285,1.58,0.81,0.15,4.75,2.83,1.13,0.22,2.835,2.5,4.84,5.47,5.685,7.91,8.725,3.59
2011-07-19,0.225,1.58,0.81,0.15,5.1,2.85,1.13,0.3,2.8608,2.5,4.849,5.16,5.675,8.42,8.5,3.59
2011-07-20,0.225,1.58,0.81,0.155,4.92,2.86,1.24,0.225,2.8785,2.51,4.849,7.77,5.66,8.61,8.75,3.59
2011-07-21,0.225,1.58,0.81,0.15,4.83,2.86,1.13,0.3,2.9251,2.51,4.849,7.015,5.685,8.65,8.75,3.59
2011-07-22,0.225,1.58,0.81,0.15,4.83,2.88,1.13,0.22,2.895,2.51,4.82,6.265,5.66,8.74,8.85,3.59
2011-07-25,0.225,1.59,0.81,0.15,4.93,2.88,1.21,0.225,2.225,2.51,4.82,5.82,5.655,9.09,8.7,3.59
2011-07-26,0.225,1.6,0.81,0.15,5.125,2.87,1.13,0.31,2.884,2.51,4.83,8.195,5.655,9.11,9.1,3.59
2011-07-27,0.225,1.6,0.81,0.15,4.95,2.8,1.13,0.22,2.85,2.45,4.825,5.895,5.555,8.98,9.25,3.59
2011-07-28,0.225,1.6,0.81,0.15,5.25,3.0,1.13,0.13,2.815,2.51,4.82,6.585,5.635,8.65,9.2,3.59
2011-07-29,0.225,1.6,0.81,0.16,5.01,2.95,1.22,0.24,2.905,2.51,4.825,5.665,5.665,8.73,9.2,3.59
2011-08-01,0.235,1.6,0.81,0.15,5.3,2.85,1.1,0.225,2.9044,2.52,4.83,9.325,5.705,8.6,9.2,3.59
2011-08-02,0.245,1.6,0.81,0.15,5.3,2.9,1.08,0.31,3.075,2.52,4.81,4.955,5.55,8.73,9.17,3.59
2011-08-03,0.245,1.59,0.81,0.15,5.3,2.93,1.05,0.19,3.015,2.52,4.81,7.755,5.73,8.63,9.125,3.59
2011-08-04,0.245,1.53,0.81,0.15,5.3,2.895,1.05,0.07,2.895,2.52,4.785,8.595,5.595,8.32,9.2,3.59
2011-08-05,0.245,1.51,0.81,0.15,5.0,2.95,1.05,0.31,2.925,2.51,4.798,4.475,5.715,8.32,9.15,3.59
2011-08-08,0.255,1.51,0.815,0.15,5.0,2.87,1.1,0.325,2.965,2.51,4.8,8.16,5.48,8.15,8.95,3.59
2011-08-09,0.255,1.49,0.815,0.15,5.35,2.9,1.0,0.06,3.085,2.51,4.75,-1.405,5.73,7.41,8.9,3.59
2011-08-10,0.255,1.5,0.82,0.15,5.35,2.95,1.05,0.11,2.9426,2.51,4.795,6.87,5.72,7.42,8.94,3.59
2011-08-11,0.28,1.385,0.82,0.15,5.25,2.95,1.05,0.1,3.045,2.5,4.775,10.7,5.725,7.26,9.2,3.59
2011-08-12,0.265,1.49,0.83,0.15,5.25,2.95,1.05,0.105,3.0264,2.5,4.91,8.47,5.695,7.61,9.2,3.59
2011-08-15,0.27,1.375,0.83,0.18,5.25,2.92,1.13,0.05,3.0595,2.53,4.81,6.52,5.59,7.78,9.2,3.59
2011-08-16,0.28,1.365,0.84,0.15,5.25,2.93,1.13,0.2,3.075,2.53,4.795,6.11,5.685,7.63,9.3,3.59
2011-08-17,0.29,1.365,0.84,0.15,5.25,2.95,1.13,-0.2,3.06,2.53,4.81,7.955,5.735,7.56,9.1,3.59
2011-08-18,0.265,1.5,0.845,0.15,5.25,2.95,1.13,0.035,2.965,2.53,4.795,5.77,5.645,7.73,9.1,3.59
2011-08-19,0.275,1.5,0.855,0.15,5.25,2.96,1.13,0.11,2.945,2.53,4.798,5.69,5.755,7.91,9.1,3.59
2011-08-22,0.285,1.5,0.86,0.15,4.625,2.98,1.13,-0.25,3.0395,2.52,4.76,6.925,5.645,7.93,9.05,3.59
2011-08-23,0.295,1.5,0.86,0.15,5.25,3.02,1.13,-0.13,3.001,2.52,4.77,4.665,5.5,7.93,9.0,3.59
2011-08-24,0.295,1.5,0.87,0.15,4.675,3.0,1.13,-0.35,3.008,2.52,4.77,5.725,5.675,7.95,9.0,3.59
2011-08-25,0.305,1.5,0.87,0.15,5.25,3.0,1.13,0.08,3.0262,2.52,4.785,5.355,5.485,7.99,8.94,3.59
2011-08-26,0.305,1.5,0.87,0.15,5.25,3.03,1.13,0.08,2.9998,2.52,4.68,5.455,5.59,7.91,8.95,3.59
2011-08-29,0.305,1.5,0.87,0.15,5.25,3.06,1.13,0.08,3.0154,2.52,4.76,5.055,5.455,7.97,9.05,3.59
2011-08-30,0.305,1.51,0.87,0.15,5.35,3.05,1.13,0.08,2.9865,2.52,4.75,9.295,5.465,7.97,9.25,3.59
2011-08-31,0.315,1.51,0.88,0.15,5.35,3.06,1.13,0.1,2.9912,2.52,4.75,7.795,5.565,7.98,9.25,3.59
2011-09-01,0.315,1.51,0.88,0.15,4.775,3.08,1.13,0.085,2.965,2.52,4.735,6.61,5.445,7.97,9.25,3.59
2011-09-02,0.315,1.51,0.88,0.15,4.775,3.05,1.13,0.16,3.07,2.52,4.725,6.72,5.495,7.73,9.05,3.59
2011-09-05,0.315,1.51,0.88,0.15,5.55,3.04,1.13,0.16,3.0033,2.52,4.75,4.93,5.355,7.73,8.96,3.58
2011-09-06,0.315,1.5,0.88,0.15,5.45,3.04,1.15,0.16,3.0213,2.52,4.74,7.695,5.375,7.66,9.03,3.58
2011-09-07,0.315,1.5,0.89,0.15,4.85,3.04,1.15,-0.12,3.0035,2.52,4.71,7.695,5.455,7.57,9.1,3.58
2011-09-08,0.315,1.5,0.89,0.15,5.45,3.05,1.15,0.12,3.0005,2.52,4.7,8.915,5.27,7.54,9.07,3.58
2011-09-09,0.315,1.5,0.89,0.15,5.45,2.975,1.15,0.2,2.78,2.49,4.67,7.155,5.43,7.53,9.13,3.58
2011-09-12,0.325,1.49,0.89,0.15,4.75,3.03,1.12,0.11,2.885,2.46,4.67,7.71,5.495,7.5,9.09,3.58
2011-09-13,0.325,1.49,0.895,0.16,4.96,3.03,1.17,0.14,2.9886,2.45,4.65,7.14,5.76,7.59,9.2,3.58
2011-09-14,0.325,1.5,0.895,0.16,4.75,3.04,1.19,0.14,2.9581,2.45,4.67,6.185,5.27,7.45,9.15,3.58
2011-09-15,0.325,1.5,0.895,0.16,5.0,3.01,1.2,-0.12,3.0011,2.45,4.69,7.225,5.32,7.43,9.28,3.58
2011-09-16,0.325,1.5,0.895,0.16,4.75,2.925,1.22,0.09,2.9577,2.45,4.69,10.865,5.51,7.43,9.1,3.58
2011-09-19,0.335,1.5,0.905,0.16,4.73,3.01,1.22,0.14,2.9043,2.44,4.73,12.14,5.305,7.6,9.15,3.58
2011-09-20,0.335,1.5,0.91,0.16,4.73,2.8,1.21,0.14,3.025,2.45,4.73,7.01,5.295,7.52,9.24,3.58
2011-09-21,0.335,1.5,0.91,0.16,4.75,3.03,1.22,0.23,2.965,2.45,4.74,15.815,5.455,7.46,9.3,3.58
2011-09-22,0.335,1.5,0.92,0.16,4.75,2.99,1.2,0.185,3.04,2.45,4.75,8.94,5.405,7.58,9.25,3.58
2011-09-23,0.335,1.5,0.92,0.16,4.75,2.99,1.18,0.25,2.9826,2.45,4.76,8.365,5.575,7.49,9.18,3.58
2011-09-26,0.345,1.5,0.92,0.16,4.75,2.94,1.19,0.385,3.035,2.45,4.758,6.975,5.435,7.4,9.32,3.58
2011-09-27,0.345,1.5,0.93,0.16,4.8,2.94,1.21,0.485,2.9657,2.45,4.745,9.03,5.605,7.26,9.45,3.58
2011-09-28,0.345,1.5,0.93,0.16,5.0,2.98,1.205,0.42,2.865,2.45,4.74,9.095,5.545,7.24,9.22,3.58
2011-09-29,0.345,1.51,0.94,0.16,4.8,2.97,1.21,0.15,2.902,2.45,4.75,8.48,5.435,7.25,9.15,3.58
2011-09-30,0.355,1.51,0.94,0.09,4.8,2.975,1.21,0.15,2.935,2.45,4.77,8.625,5.715,7.38,9.1,3.58
2011-10-03,0.335,1.51,0.95,0.16,4.8,2.93,1.21,0.45,2.865,2.45,4.76,6.96,5.52,7.36,9.25,3.58
2011-10-04,0.355,1.51,0.95,0.16,4.8,2.97,1.18,0.515,2.8362,2.45,4.73,5.305,5.505,7.41,9.1,3.58
2011-10-05,0.365,1.51,0.95,0.16,4.8,2.99,1.18,0.575,2.8839,2.45,4.71,7.38,5.44,7.4,9.05,3.58
2011-10-06,0.365,1.51,0.95,0.16,4.825,3.01,1.19,0.565,2.9713,2.45,4.74,7.31,5.38,7.28,9.05,3.58
2011-10-07,0.365,1.51,0.95,0.16,4.8,2.925,1.275,0.15,2.8853,2.45,4.695,5.745,5.575,7.34,9.2,3.58
2011-10-10,0.375,1.52,0.95,0.16,4.8,2.98,1.22,0.505,2.9709,2.45,4.701,3.81,5.615,7.34,9.3,3.58
2011-10-11,0.375,1.52,0.95,0.16,4.8,2.96,1.23,0.505,2.9801,2.45,4.7,11.055,5.385,7.39,9.3,3.58
2011-10-12,0.375,1.52,0.96,0.16,4.8,2.96,1.23,0.525,3.0212,2.45,4.725,10.22,5.595,7.4,9.18,3.58
2011-10-13,0.385,1.61,0.96,0.16,4.85,2.94,1.25,0.505,2.9618,2.45,4.72,9.625,5.425,7.45,9.35,3.58
2011-10-14,0.385,1.52,0.96,0.16,4.85,2.975,1.26,0.475,3.0225,2.45,4.73,9.14,5.405,7.57,9.3,3.58
2011-10-17,0.435,1.52,0.96,0.16,4.83,2.94,1.29,0.505,3.0068,2.45,4.75,9.14,5.5,7.77,9.2,3.58
2011-10-18,0.385,1.54,0.96,0.16,4.83,2.92,1.29,0.505,3.025,2.08,4.73,6.825,5.505,7.89,9.3,3.57
2011-10-19,0.395,1.53,0.96,0.16,4.83,2.93,1.29,0.595,2.91,2.1,4.73,8.625,5.525,8.3,9.35,3.57
2011-10-20,0.395,1.53,0.97,0.16,4.83,2.94,1.29,0.475,3.0404,2.09,4.73,6.58,5.525,9.26,9.35,3.57
2011-10-21,0.395,1.53,0.97,0.16,4.83,2.895,1.2,0.5,2.245,2.105,4.74,6.45,5.52,9.8,9.35,3.57
2011-10-24,0.395,1.53,0.97,0.16,4.83,2.94,1.31,0.555,3.0641,2.12,4.735,8.145,5.515,9.56,9.3,3.57
2011-10-25,0.395,1.54,0.98,0.16,4.83,2.93,1.32,0.555,3.0488,2.12,4.74,9.135,5.535,9.95,9.25,3.57
2011-10-26,0.395,1.54,0.98,0.16,4.75,2.93,1.3,0.28,3.0008,2.095,4.74,8.14,5.515,9.5,9.25,3.57
2011-10-27,0.405,1.54,0.98,0.16,4.75,2.975,1.3,0.595,3.025,2.18,4.725,8.315,5.55,10.5,9.25,3.57
2011-10-28,0.405,1.54,0.98,0.16,4.75,2.975,1.315,0.545,2.9183,2.365,4.74,7.925,5.565,10.5,9.35,3.57
2011-10-31,0.405,1.55,0.98,0.16,4.75,2.975,1.3,0.565,2.9107,2.21,4.76,8.885,5.575,10.5,9.35,3.57
2011-11-01,0.405,1.54,0.98,0.16,4.7,2.9,1.3,0.28,2.9404,2.145,4.755,6.47,5.54,10.5,9.35,3.57
2011-11-02,0.405,1.54,0.98,0.17,4.68,2.9,1.3,0.53,3.0146,2.16,4.75,9.61,5.52,10.5,9.35,3.57
2011-11-03,0.415,1.43,0.99,0.17,4.65,2.92,1.3,0.505,3.0622,2.09,4.735,10.87,5.475,10.5,9.35,3.57
2011-11-04,0.415,1.45,0.99,0.17,4.925,2.96,1.29,0.595,3.0351,2.12,4.69,9.095,5.42,10.5,9.3,3.57
2011-11-07,0.415,1.45,0.99,0.17,4.65,2.96,1.29,0.33,2.9784,2.13,4.71,6.925,5.415,10.5,9.3,3.57
2011-11-08,0.415,1.44,0.99,0.17,4.65,2.96,1.29,0.545,2.9945,2.17,4.71,5.89,5.41,10.5,9.26,3.57
2011-11-09,0.425,1.44,0.995,0.17,4.65,2.9,1.27,0.17,2.8859,2.07,4.718,8.26,5.385,10.5,9.35,3.57
2011-11-10,0.425,1.43,1.0,0.17,4.55,2.9,1.26,0.33,3.0266,1.965,4.727,6.79,5.51,10.5,9.35,3.57
2011-11-11,0.425,1.43,1.005,0.17,4.55,2.85,1.35,0.15,3.0281,2.0,4.727,7.56,5.585,10.5,9.35,3.57
2011-11-14,0.435,1.43,1.005,0.17,4.55,2.9,1.26,0.675,2.9346,1.995,4.73,7.505,5.585,10.5,9.33,3.57
2011-11-15,0.435,1.42,1.005,0.17,4.6,2.87,1.26,0.695,2.88,1.91,4.73,7.515,5.605,10.83,9.35,3.57
2011-11-16,0.445,1.42,1.005,0.17,4.6,2.83,1.26,0.695,3.01,1.865,4.73,7.43,5.57,10.58,9.32,3.57
2011-11-17,0.455,1.42,1.005,0.17,4.6,2.83,1.27,0.845,3.0736,1.82,4.77,10.87,5.525,10.5,9.4,3.55
2011-11-18,0.445,1.43,1.015,0.17,4.6,2.83,1.28,0.895,3.0473,1.87,4.765,9.93,5.485,10.5,9.3,3.55
2011-11-21,0.465,1.43,1.015,0.17,4.6,2.85,1.3,0.915,3.22,1.865,4.76,8.96,5.465,10.58,9.35,3.55
2011-11-22,0.475,1.43,1.025,0.17,4.6,2.85,1.31,0.945,3.295,1.92,4.76,8.485,5.475,10.88,9.4,3.55
2011-11-23,0.475,1.43,1.025,0.17,4.6,2.9,1.33,1.125,3.0594,1.91,4.79,9.24,5.535,10.5,9.43,3.55
2011-11-24,0.475,1.44,1.025,0.17,4.6,2.9,1.33,1.155,3.1205,1.945,4.785,8.84,5.54,10.65,9.5,3.55
2011-11-25,0.495,1.44,1.035,0.17,4.6,2.9,1.33,1.095,3.0569,1.77,4.778,7.02,5.575,11.03,9.43,3.55
2011-11-28,0.505,1.45,1.035,0.17,4.6,2.9,1.33,0.915,3.0601,1.785,4.78,7.055,5.58,10.5,9.51,3.55
2011-11-29,0.505,1.45,1.035,0.17,4.6,2.93,1.37,0.795,3.2042,1.825,4.78,8.075,5.725,10.5,9.45,3.55
2011-11-30,0.505,1.41,1.035,0.17,4.65,3.0,1.38,0.765,3.0674,1.975,4.69,8.695,5.705,10.28,9.43,3.55
2011-12-01,0.485,1.45,1.035,0.17,4.65,2.91,1.37,0.875,2.9842,2.11,4.69,8.545,5.655,10.7,9.4,3.55
2011-12-02,0.505,1.45,1.035,0.17,4.65,2.975,1.36,0.865,3.0597,2.12,4.69,6.955,5.635,10.5,9.48,3.55
2011-12-05,0.505,1.45,1.035,0.17,4.7,2.9,1.36,0.845,3.0449,2.125,4.76,6.685,5.63,10.5,9.33,3.55
2011-12-06,0.505,1.45,1.045,0.17,4.6,2.93,1.36,0.875,2.4936,2.13,4.77,6.405,5.63,10.5,9.33,3.55
2011-12-07,0.495,1.45,1.045,0.17,4.6,2.93,1.455,0.915,3.0402,2.185,4.775,8.245,5.65,10.5,9.38,3.55
2011-12-08,0.515,1.4,1.045,0.17,4.6,2.975,1.37,0.895,3.03,2.22,4.78,11.24,5.645,9.15,9.38,3.55
2011-12-09,0.515,1.4,1.055,0.17,4.6,2.93,1.35,0.875,3.034,2.21,4.78,5.43,5.75,10.2,9.35,3.55
2011-12-12,0.515,1.42,1.055,0.17,4.6,2.975,1.35,0.88,2.4444,2.16,4.78,8.3,5.805,10.5,9.35,3.55
2011-12-13,0.525,1.42,1.055,0.17,4.55,2.95,1.34,0.93,3.0652,2.12,4.785,7.07,5.835,10.45,9.4,3.55
2011-12-14,0.535,1.42,1.055,0.17,4.5,2.98,1.32,0.88,2.9033,1.81,4.78,7.92,5.865,10.08,9.41,3.55
2011-12-15,0.535,1.42,1.055,0.17,4.5,3.0,1.32,0.95,2.8226,1.725,4.79,6.515,5.935,10.5,9.39,3.55
2011-12-16,0.535,1.41,1.065,0.17,4.5,2.975,1.33,0.96,2.8905,1.745,4.815,7.17,5.935,10.15,9.45,3.55
2011-12-19,0.545,1.41,1.065,0.17,4.55,2.96,1.32,0.95,2.8863,1.815,4.8,8.415,5.99,10.5,9.4,3.55
2011-12-20,0.52,1.41,1.075,0.17,4.55,2.98,1.32,0.92,2.8063,1.825,4.8,8.85,5.99,10.08,9.65,3.55
2011-12-21,0.555,1.41,1.075,0.17,4.73,3.01,1.32,0.91,2.753,1.79,4.8,7.545,5.975,10.08,9.65,3.55
2011-12-22,0.555,1.41,1.075,0.17,4.55,2.975,1.32,0.97,2.8,1.79,4.82,6.535,5.93,10.65,9.75,3.55
2011-12-23,0.555,1.41,1.075,0.18,4.55,2.975,1.32,0.93,2.8066,1.795,4.801,7.67,5.895,10.5,9.9,3.55
2011-12-26,0.555,1.41,1.075,0.17,4.55,3.05,1.2,0.3,2.8082,1.805,4.801,6.985,5.895,10.5,9.96,3.55
2011-12-27,0.555,1.39,1.075,0.17,4.55,2.975,1.32,0.9,2.825,1.795,4.806,7.965,5.895,10.65,9.8,3.55
2011-12-28,0.555,1.38,1.075,0.17,4.55,2.99,1.32,0.845,2.8276,1.865,4.82,8.015,5.89,10.65,9.55,3.55
2011-12-29,0.555,1.37,1.075,0.17,4.55,2.98,1.32,1.04,2.784,1.91,4.82,6.54,5.8,10.65,9.65,3.55
2011-12-30,0.555,1.35,1.075,0.17,4.55,2.99,1.33,0.92,2.84,1.95,4.815,6.645,5.805,10.65,9.45,3.55
2012-01-02,0.555,1.35,1.075,0.17,4.55,3.05,1.2,1.01,2.79,1.95,4.8,6.365,5.805,10.65,9.55,3.55
2012-01-03,0.565,1.34,1.085,0.17,4.55,3.05,1.35,0.89,2.65,1.985,4.8,7.625,6.085,10.58,9.65,3.56
2012-01-04,0.565,1.33,1.085,0.17,4.575,3.1,1.465,0.97,2.755,1.945,4.81,9.85,5.975,10.65,9.65,3.56
2012-01-05,0.565,1.285,1.085,0.17,4.575,3.1,1.4,0.94,2.6477,1.93,4.82,10.675,5.815,10.9,9.65,3.56
2012-01-06,0.565,1.265,1.085,0.17,4.575,3.05,1.4,0.93,2.6633,1.95,4.806,8.675,5.79,11.25,9.65,3.56
2012-01-09,0.565,1.245,1.085,0.17,4.575,3.05,1.45,0.96,2.65,2.0,4.81,7.96,5.83,10.65,9.5,3.56
2012-01-10,0.565,1.235,1.085,0.17,4.575,3.05,1.42,0.93,2.5532,2.03,4.81,7.6,5.805,10.4,9.6,3.56
2012-01-11,0.565,1.225,1.085,0.17,4.575,2.975,1.36,0.97,2.5684,1.98,4.805,8.225,5.885,10.65,9.7,3.56
2012-01-12,0.555,1.215,1.085,0.17,4.575,2.975,1.35,1.01,2.5094,1.99,4.805,7.4,5.98,10.65,9.6,3.56
2012-01-13,0.545,1.185,1.085,0.17,4.575,3.05,1.285,0.92,2.4987,2.035,4.8,6.855,5.96,10.4,9.6,3.56
2012-01-16,0.545,1.185,1.085,0.17,4.575,2.97,1.35,0.93,2.5113,2.05,4.8,9.785,5.965,11.65,9.67,3.56
2012-01-17,0.545,1.175,1.085,0.17,4.575,2.975,1.36,0.98,2.4744,2.065,4.8,10.425,5.925,11.08,9.85,3.56
2012-01-18,0.545,1.165,1.085,0.17,4.575,2.95,1.36,0.645,2.514,2.06,4.8,7.815,5.845,10.83,10.05,3.55
2012-01-19,0.545,1.155,1.085,0.17,4.575,3.03,1.35,0.625,2.542,2.45,4.783,7.36,5.835,10.65,9.85,3.54
2012-01-20,0.545,1.145,1.085,0.18,4.47,2.95,1.34,0.595,2.5166,2.075,4.775,7.105,5.8,11.13,9.8,3.54
2012-01-23,0.545,1.125,1.085,0.17,4.44,2.9,1.34,0.615,2.5277,2.11,4.777,7.715,5.805,10.83,9.8,3.54
2012-01-24,0.545,1.105,1.085,0.17,4.39,2.9,1.34,0.47,2.5672,2.1,4.79,8.385,5.845,11.13,9.7,3.54
2012-01-25,0.535,1.1,1.085,0.17,4.575,2.93,1.32,0.595,2.6203,2.45,4.78,8.485,5.5625,11.13,9.75,3.54
2012-01-26,0.535,1.085,1.085,0.17,4.38,2.89,1.32,0.595,2.63,2.45,4.78,8.67,5.5625,11.08,9.75,3.54
2012-01-27,0.535,1.075,1.085,0.17,4.41,2.9,1.33,0.595,2.5683,2.45,4.782,8.06,5.5625,11.13,9.75,3.54
2012-01-30,0.525,1.075,1.085,0.17,4.435,2.9,1.33,0.595,2.595,2.45,4.776,6.735,5.6,11.08,10.0,3.54
2012-01-31,0.525,1.075,1.085,0.17,4.55,2.9,1.33,0.47,2.5435,2.45,4.785,9.16,5.5625,11.0,9.95,3.54
2012-02-01,0.525,1.065,1.085,0.17,4.38,2.88,1.32,0.515,2.575,2.45,4.781,8.69,5.5625,10.2,9.98,3.54
2012-02-02,0.515,1.055,1.085,0.17,4.35,2.8,1.32,0.52,2.575,2.45,4.782,7.35,5.5625,9.95,9.9,3.54
2012-02-03,0.515,1.045,1.085,0.17,4.32,2.82,1.32,0.52,2.5515,2.45,4.795,6.99,5.5625,11.15,9.9,3.53
2012-02-06,0.505,1.025,1.085,0.17,4.33,2.87,1.33,0.525,2.5823,2.45,4.795,8.115,5.5625,10.75,9.9,3.53
2012-02-07,0.495,1.04,1.085,0.17,4.43,2.9,1.31,0.505,2.5833,2.45,4.775,8.34,5.5625,10.75,9.9,3.53
2012-02-08,0.495,1.03,1.085,0.17,4.45,2.9,1.32,0.565,2.6,2.45,4.805,7.4,5.5625,10.75,10.0,3.53
2012-02-09,0.495,0.995,1.085,0.17,4.55,2.95,1.32,0.585,2.5873,2.45,4.795,6.27,5.5625,10.75,9.98,3.52
2012-02-10,0.495,0.995,1.085,0.17,4.6,2.95,1.32,0.585,2.5801,2.45,4.795,8.57,5.525,10.75,9.975,3.52
2012-02-13,0.485,0.975,1.085,0.17,4.6,2.96,1.3,0.575,2.5721,2.45,4.79,8.325,5.5625,10.25,10.1,3.52
2012-02-14,0.485,0.975,1.085,0.17,4.6,2.95,1.29,0.56,2.565,2.45,4.795,10.0,5.5625,10.5,10.06,3.52
2012-02-15,0.475,0.965,1.085,0.17,4.46,2.92,1.28,0.595,2.565,2.45,4.8,8.73,5.525,10.08,10.17,3.52
2012-02-16,0.475,0.955,1.085,0.17,4.48,2.91,1.26,0.585,2.5766,2.25,4.803,9.075,5.5625,10.0,10.17,3.52
2012-02-17,0.475,1.0,1.085,0.17,4.46,2.93,1.24,0.585,2.545,2.25,4.788,8.23,5.5625,10.08,10.4,3.52
2012-02-20,0.475,0.945,1.085,0.17,4.495,2.95,1.25,0.595,2.5682,2.25,4.799,7.875,5.5625,10.0,10.4,3.52
2012-02-21,0.475,0.935,1.085,0.17,4.96,2.835,1.15,0.595,2.5825,2.25,4.798,8.11,5.5625,10.0,10.3,3.52
2012-02-22,0.475,0.935,1.085,0.17,4.65,3.05,1.14,0.595,2.555,2.25,4.787,8.505,5.5625,10.0,10.35,3.52
2012-02-23,0.475,0.925,1.08,0.17,4.515,2.95,1.15,0.69,2.6,2.25,4.788,10.48,5.5625,10.0,10.1,3.52
2012-02-24,0.475,0.925,1.08,0.17,4.5,2.95,1.17,1.1,2.5806,2.25,4.795,9.425,5.5625,10.0,10.25,3.52
2012-02-27,0.475,0.915,1.08,0.17,4.555,2.91,1.26,0.69,2.5633,2.25,4.795,9.39,5.5625,10.0,10.4,3.52
2012-02-28,0.475,0.905,1.08,0.17,4.48,2.91,1.26,0.575,2.495,2.25,4.795,6.455,5.5625,9.83,10.6,3.53
2012-02-29,0.475,0.895,1.08,0.17,4.47,2.91,1.26,0.565,2.52,2.25,4.789,7.52,5.525,9.95,10.75,3.54
2012-03-01,0.475,0.885,1.07,0.17,4.68,2.91,1.26,0.69,2.5588,2.25,4.795,9.155,5.55,9.58,11.0,3.54
2012-03-02,0.47,0.865,1.06,0.17,4.5,2.91,1.26,0.515,2.5383,2.25,4.789,8.245,5.525,10.0,10.75,3.54
2012-03-05,0.47,0.855,1.06,0.17,4.51,2.91,1.26,0.495,2.553,2.25,4.795,9.805,5.55,10.0,11.0,3.54
2012-03-06,0.47,0.835,1.06,0.17,4.65,2.91,1.25,0.445,2.46,2.25,4.795,6.69,5.55,10.0,11.1,3.53
2012-03-07,0.47,0.825,1.06,0.17,4.65,2.9,1.24,0.595,2.535,2.25,4.795,8.435,5.55,10.0,11.2,3.54
2012-03-08,0.47,0.815,1.05,0.17,4.51,2.9,1.24,0.72,2.4876,2.25,4.771,6.995,5.55,10.0,11.2,3.54
2012-03-09,0.47,0.805,1.05,0.17,4.63,2.91,1.24,0.72,2.4664,2.25,4.79,8.19,5.525,10.0,11.22,3.54
2012-03-12,0.47,0.805,1.05,0.17,4.63,2.91,1.24,0.475,2.4902,2.25,4.783,7.535,5.55,10.08,11.4,3.54
2012-03-13,0.47,0.795,1.05,0.17,4.505,2.9,1.24,0.445,2.4817,2.25,4.785,8.64,5.525,10.9,11.6,3.54
2012-03-14,0.47,0.785,1.05,0.17,4.96,2.93,1.23,0.74,2.2379,2.25,4.795,6.785,5.55,10.9,11.1,3.54
2012-03-15,0.47,0.81,1.05,0.17,4.63,2.93,1.23,0.425,2.2205,2.25,4.79,7.81,5.525,9.75,11.0,3.54
2012-03-16,0.47,0.775,1.05,0.17,4.48,2.91,1.23,0.425,2.2012,2.25,4.784,8.19,5.55,9.75,11.35,3.54
2012-03-19,0.47,0.765,1.05,0.17,4.63,2.9,1.23,0.425,2.2239,2.25,4.79,9.035,5.525,9.75,11.35,3.54
2012-03-20,0.47,0.755,1.05,0.17,4.95,2.9,1.23,0.395,2.2169,2.25,4.788,6.46,5.525,9.75,11.4,3.54
2012-03-21,0.47,0.755,1.05,0.17,4.6,2.89,1.23,0.355,2.1972,2.25,4.795,7.79,5.525,9.75,11.35,3.54
2012-03-22,0.47,0.77,1.05,0.17,4.47,2.89,1.23,0.72,2.1737,2.25,4.785,7.645,5.55,9.75,11.05,3.54
2012-03-23,0.47,0.735,1.05,0.17,4.6,2.95,1.23,0.345,2.1652,2.25,4.785,7.605,5.55,9.75,11.05,3.54
2012-03-26,0.47,0.725,1.04,0.17,4.45,2.88,1.22,0.495,2.1624,2.25,4.77,9.17,5.55,10.0,10.9,3.55
2012-03-27,0.47,0.715,1.04,0.17,4.6,2.88,1.22,0.345,2.1385,2.25,4.785,7.775,5.55,10.0,10.7,3.55
2012-03-28,0.47,0.76,1.03,0.17,4.45,2.9,1.21,0.345,2.1245,2.25,4.79,8.56,5.55,10.08,10.68,3.55
2012-03-29,0.47,0.705,1.03,0.17,4.36,2.9,1.21,0.345,2.1371,2.25,4.795,8.205,5.575,10.0,10.7,3.55
2012-03-30,0.47,0.705,1.03,0.17,4.53,2.9,1.21,0.345,2.1888,2.25,4.77,11.235,5.525,10.13,10.55,3.55
2012-04-02,0.47,0.695,1.03,0.17,4.39,3.02,1.1,0.35,2.1893,2.25,4.76,9.78,5.525,10.13,10.55,3.55
2012-04-03,0.47,0.73,1.03,0.17,4.53,2.9,1.2,0.345,2.2429,2.25,4.736,7.725,5.575,10.13,10.25,3.55
2012-04-04,0.47,0.685,1.03,0.17,4.32,2.91,1.21,0.345,2.2674,2.25,4.73,7.08,5.55,10.03,10.25,3.55
2012-04-05,0.47,0.685,1.03,0.17,4.34,2.91,1.21,0.345,2.2289,2.25,4.83,6.07,5.55,10.13,10.25,3.55
2012-04-06,0.47,0.685,1.03,0.17,4.53,2.89,1.22,0.345,2.2201,2.25,4.79,6.675,5.55,10.7,10.25,3.55
2012-04-09,0.47,0.685,1.03,0.17,4.53,3.02,1.2,0.35,2.2138,2.25,4.665,7.1,5.55,10.13,9.85,3.54
2012-04-10,0.47,0.685,1.03,0.17,4.4,2.9,1.22,0.245,2.1969,2.25,4.69,7.155,5.55,10.13,9.75,3.54
2012-04-11,0.47,0.685,1.03,0.17,4.38,3.1,1.22,0.255,2.2444,2.25,4.638,7.515,5.55,10.13,9.75,3.54
2012-04-12,0.47,0.675,1.03,0.17,4.35,2.9,1.22,0.315,2.2128,2.25,4.67,7.735,5.55,9.83,9.95,3.54
2012-04-13,0.47,0.675,1.02,0.17,4.33,2.9,1.23,0.44,2.1835,2.25,4.655,7.895,5.55,10.13,9.65,3.54
2012-04-16,0.47,0.665,1.02,0.17,4.34,2.9,1.23,0.305,2.2257,2.25,4.658,9.135,5.525,10.13,9.75,3.54
2012-04-17,0.47,0.665,1.02,0.17,4.3,2.91,1.17,0.325,2.2505,2.25,4.609,7.6,5.525,10.13,9.36,3.54
2012-04-18,0.47,0.665,1.02,0.17,4.29,2.89,1.26,0.44,2.2084,2.25,4.609,7.07,5.55,10.13,9.2,3.54
2012-04-19,0.47,0.655,1.02,0.17,4.34,2.89,1.25,0.57,2.2156,2.25,4.583,5.44,5.55,10.13,9.25,3.54
2012-04-20,0.47,0.655,1.02,0.185,4.43,3.1,1.21,0.52,2.1885,2.25,4.61,8.365,5.55,10.13,9.3,3.54
2012-04-23,0.47,0.655,1.02,0.17,4.43,2.88,1.25,0.315,2.1848,2.25,4.6,5.71,5.55,10.13,9.5,3.54
2012-04-24,0.47,0.645,1.02,0.17,4.275,2.87,1.36,0.305,2.207,2.25,4.625,7.03,5.525,10.13,9.5,3.54
2012-04-25,0.47,0.645,1.02,0.17,4.4,2.87,1.36,0.315,2.1809,2.25,4.634,7.105,5.525,10.13,9.5,3.54
2012-04-26,0.47,0.645,1.02,0.17,4.14,2.86,1.36,0.305,2.1752,2.25,4.63,7.83,5.575,10.4,9.6,3.54
2012-04-27,0.47,0.635,1.02,0.17,4.3,2.84,1.36,0.54,2.2181,2.25,4.752,8.12,5.575,10.13,9.6,3.54
2012-04-30,0.47,0.625,1.02,0.17,4.25,2.83,1.36,0.54,2.2191,2.25,4.755,6.935,5.55,10.13,9.5,3.54
2012-05-01,0.47,0.625,1.02,0.17,4.075,2.82,1.36,0.55,2.2196,2.25,4.8,6.835,5.55,10.13,9.5,3.54
2012-05-02,0.47,0.625,1.02,0.17,4.2,2.81,1.36,0.31,2.1698,2.25,4.74,7.5,5.5375,10.13,9.65,3.54
2012-05-03,0.47,0.625,1.02,0.17,4.05,2.75,1.36,0.285,2.2053,2.25,4.81,6.385,5.5375,10.13,9.7,3.54
2012-05-04,0.47,0.615,1.02,0.17,4.05,2.72,1.36,0.56,2.1834,2.25,4.725,7.265,5.55,10.13,9.575,3.54
2012-05-07,0.47,0.615,1.02,0.17,3.925,2.65,1.36,0.305,2.2243,2.25,4.728,5.275,5.5375,10.33,8.725,3.54
2012-05-08,0.47,0.615,1.02,0.17,4.05,2.65,1.36,0.315,2.1965,2.25,4.735,7.825,5.5375,10.13,9.62,3.54
2012-05-09,0.47,0.615,1.02,0.17,4.05,2.66,1.36,0.325,2.1977,2.25,4.72,7.095,5.5375,10.13,9.65,3.54
2012-05-10,0.47,0.615,1.02,0.17,4.05,2.66,1.36,0.275,2.2022,2.25,4.73,8.35,5.5375,10.15,9.9,3.54
2012-05-11,0.47,0.605,1.02,0.17,4.05,2.925,1.36,0.295,2.1972,2.25,4.75,8.61,5.5375,10.13,9.75,3.54
2012-05-14,0.47,0.605,1.02,0.17,4.23,2.73,1.36,0.295,2.1772,2.25,4.75,5.805,5.525,10.13,9.85,3.54
2012-05-15,0.47,0.605,1.02,0.17,4.05,2.73,1.36,0.245,2.1976,2.25,4.75,6.415,5.5375,10.13,9.8,3.54
2012-05-16,0.48,0.605,1.02,0.17,4.05,2.72,1.36,0.23,2.25,2.25,4.75,6.065,5.5375,10.13,9.85,3.54
2012-05-17,0.48,0.605,1.02,0.17,4.05,2.8,1.36,0.43,2.2191,2.25,4.75,7.81,5.5375,10.13,9.75,3.54
2012-05-18,0.48,0.605,1.02,0.17,3.8,2.75,1.36,0.175,2.238,2.25,4.72,6.855,5.5375,10.2,9.75,3.54
2012-05-21,0.48,0.605,1.02,0.17,3.825,2.73,1.36,0.175,2.27,2.25,4.75,6.045,5.5375,10.13,9.82,3.54
2012-05-22,0.48,0.605,1.01,0.2,3.675,2.9,1.36,0.145,2.2356,2.25,4.75,6.57,5.5375,10.4,9.85,3.54
2012-05-23,0.48,0.605,1.01,0.17,3.6,2.7,1.36,0.15,2.2147,2.25,4.75,6.83,5.525,10.13,9.7,3.54
2012-05-24,0.48,0.595,1.0,0.17,3.675,2.65,1.35,0.075,2.26,2.25,4.75,6.635,5.525,12.15,9.61,3.54
2012-05-25,0.48,0.595,1.0,0.2,3.675,2.9,1.23,0.095,2.25,2.1,4.75,6.22,5.525,10.2,9.6,3.54
2012-05-28,0.48,0.595,1.0,0.17,3.63,2.67,1.275,0.095,2.2368,2.1,4.75,7.26,5.55,10.33,9.68,3.54
2012-05-29,0.48,0.595,1.0,0.17,3.675,2.68,1.275,0.075,2.2281,2.1,4.745,6.885,5.5375,10.13,9.73,3.54
2012-05-30,0.48,0.595,1.0,0.17,3.57,2.71,1.275,0.075,2.1791,2.1,4.75,6.92,5.525,10.13,9.69,3.54
2012-05-31,0.48,0.585,1.0,0.17,3.52,2.68,1.23,0.125,2.2017,2.1,4.75,9.045,5.55,10.2,9.7,3.54
2012-06-01,0.48,0.585,1.0,0.17,3.5,2.625,1.275,0.085,2.305,2.1,4.72,5.585,5.5375,10.13,9.45,3.54
2012-06-04,0.48,0.585,1.0,0.17,3.5,2.65,1.275,0.06,2.3195,2.1,4.72,6.94,5.55,10.13,9.4,3.54
2012-06-05,0.48,0.575,1.0,0.17,3.575,2.65,1.275,0.06,2.237,2.1,4.72,7.395,5.5375,10.13,9.45,3.54
2012-06-06,0.48,0.575,1.0,0.17,3.5,2.75,1.275,0.08,2.25,2.1,4.72,7.815,5.55,10.13,9.3,3.54
2012-06-07,0.48,0.565,1.0,0.17,3.7,2.625,1.255,0.06,2.2654,2.1,4.72,7.815,5.5375,10.2,9.35,3.54
2012-06-08,0.48,0.565,1.0,0.17,3.5,2.625,1.255,0.06,2.2828,2.1,4.73,5.845,5.55,10.13,9.4,3.54
2012-06-11,0.48,0.565,1.0,0.17,3.7,2.625,1.255,0.085,2.2303,2.1,4.72,8.235,5.525,9.95,9.35,3.54
2012-06-12,0.48,0.565,1.0,0.17,3.7,2.8,1.255,0.075,2.255,2.1,4.745,7.11,5.525,10.33,9.24,3.54
2012-06-13,0.48,0.565,1.0,0.17,3.7,2.8,1.255,0.085,2.2888,2.1,4.74,8.19,5.525,11.4,9.0,3.54
2012-06-14,0.48,0.565,1.0,0.17,3.65,2.8,1.255,0.085,2.275,2.1,4.74,7.255,5.525,10.55,9.05,3.54
2012-06-15,0.48,0.565,0.905,0.17,3.73,2.8,1.255,0.085,2.2083,2.1,4.74,8.02,5.525,11.53,9.2,3.54
2012-06-18,0.48,0.565,0.895,0.17,3.7,2.8,1.255,0.085,2.2385,2.1,4.75,7.135,5.525,10.4,9.45,3.54
2012-06-19,0.48,0.555,0.89,0.17,3.7,2.79,1.255,0.06,2.2714,2.1,4.75,5.425,5.525,10.25,9.35,3.54
2012-06-20,0.48,0.555,0.89,0.17,3.7,2.79,1.255,0.085,2.2056,2.1,4.75,6.195,5.5375,10.4,9.35,3.54
2012-06-21,0.48,0.555,0.89,0.17,3.7,2.84,1.235,0.085,2.1684,2.1,4.75,6.665,5.5375,10.15,9.05,3.54
2012-06-22,0.47,0.545,0.89,0.17,3.75,2.81,1.235,0.085,2.1867,2.1,4.75,7.6,5.525,10.9,9.25,3.54
2012-06-25,0.47,0.545,0.88,0.17,3.7,2.79,1.235,0.06,2.2015,2.1,4.74,6.33,5.5375,10.65,9.3,3.54
2012-06-26,0.47,0.535,0.88,0.17,3.7,2.78,1.235,0.085,2.2528,2.1,4.74,7.205,5.5375,9.18,9.15,3.54
2012-06-27,0.47,0.525,0.87,0.17,3.7,2.82,1.235,0.085,2.222,2.1,4.75,5.19,5.5375,9.2,9.05,3.54
2012-06-28,0.47,0.525,0.87,0.17,3.7,2.625,1.235,0.085,2.1888,2.1,4.75,5.725,5.5375,8.98,9.0,3.54
2012-06-29,0.47,0.525,0.87,0.17,3.82,2.9,1.235,0.085,2.1872,2.1,4.75,5.315,5.5375,10.25,9.1,3.54
2012-07-02,0.465,0.505,0.87,0.17,3.7,2.81,1.235,0.085,2.23,2.1,4.75,6.75,5.5375,10.25,9.0,3.54
2012-07-03,0.465,0.505,0.86,0.17,3.785,2.84,1.235,0.075,2.1812,2.1,4.75,8.18,5.525,10.15,9.1,3.54
2012-07-04,0.46,0.495,0.845,0.17,3.8,2.84,1.235,0.075,2.1537,2.1,4.75,6.12,5.525,9.83,8.95,3.54
2012-07-05,0.46,0.3,0.845,0.17,3.83,3.1,1.235,0.075,2.1454,2.1,4.72,6.48,5.525,6.65,9.2,3.54
2012-07-06,0.46,0.325,0.84,0.17,3.83,2.85,1.235,0.075,2.1612,2.1,4.74,5.865,5.55,9.03,8.85,3.54
2012-07-09,0.46,0.325,0.835,0.17,3.8,2.85,1.235,0.075,2.1868,2.1,4.75,8.285,5.525,8.63,8.95,3.54
2012-07-10,0.46,0.325,0.825,0.17,3.8,2.85,1.235,0.075,2.1724,2.1,4.75,6.78,5.5125,9.6,8.75,3.54
2012-07-11,0.46,0.275,0.825,0.17,3.8,2.83,1.235,0.075,2.1479,2.1,4.75,7.37,5.525,10.03,9.0,3.54
2012-07-12,0.45,0.275,0.81,0.17,3.8,2.84,1.235,0.075,2.1204,2.1,4.77,6.34,5.5125,8.93,9.1,3.27
2012-07-13,0.505,0.275,0.8,0.17,3.8,2.84,1.235,0.075,2.13,2.1,4.77,6.47,5.5125,9.58,9.1,3.25
2012-07-16,0.505,0.265,0.8,0.17,3.8,2.87,1.235,0.075,2.1442,2.1,4.755,5.965,5.5125,8.55,9.1,3.25
2012-07-17,0.505,0.25,0.78,0.17,3.715,3.1,1.235,0.075,2.1249,2.1,4.764,5.205,5.5125,8.38,9.0,3.24
2012-07-18,0.505,0.23,0.78,0.17,3.71,2.85,1.235,-0.05,2.1104,2.1,4.775,7.175,5.5125,8.65,9.05,3.23
2012-07-19,0.505,0.21,0.74,0.17,3.7,2.85,1.235,0.075,2.1091,2.1,4.74,5.335,5.0125,7.9,8.8,3.22
2012-07-20,0.505,0.21,0.74,0.15,3.8,2.85,1.235,0.05,2.1451,2.1,4.753,7.475,5.0125,9.4,9.0,3.21
2012-07-23,0.505,0.21,0.73,0.15,3.76,3.1,1.235,0.075,2.1218,2.1,4.765,5.755,5.0125,7.33,8.9,3.2
2012-07-24,0.505,0.15,0.71,0.125,3.755,2.79,1.235,0.075,2.1306,2.1,4.76,7.47,5.0125,7.9,8.85,3.2
2012-07-25,0.505,0.15,0.705,0.125,3.8,2.79,1.235,0.075,2.0975,2.1,4.77,4.64,5.025,9.58,8.9,3.19
2012-07-26,0.505,0.15,0.705,0.125,3.8,2.83,1.235,0.05,2.1046,2.1,4.79,6.515,5.025,7.9,8.75,3.19
2012-07-27,0.505,0.28,0.705,0.125,3.8,2.85,1.235,0.05,2.1416,2.1,4.775,6.205,5.0125,8.25,8.8,3.2
2012-07-30,0.505,0.15,0.695,0.125,3.8,2.86,1.235,0.075,2.0836,2.1,4.765,7.815,5.025,7.53,8.9,3.2
2012-07-31,0.495,0.15,0.685,0.125,3.735,2.85,1.235,0.075,2.1029,2.1,4.761,7.02,5.0125,8.25,8.8,3.2
2012-08-01,0.495,0.15,0.685,0.125,3.705,2.84,1.235,-0.005,2.1156,2.1,4.76,6.7,5.0,8.15,8.8,3.2
2012-08-02,0.35,0.15,0.675,0.125,3.8,2.84,1.21,-0.005,2.1467,2.1,4.765,5.985,5.0125,7.9,8.75,3.2
2012-08-03,0.495,0.15,0.675,0.125,3.8,2.84,1.235,0.0,2.2093,2.1,4.778,5.825,5.0125,8.38,8.75,3.2
2012-08-06,0.495,0.15,0.675,0.125,3.795,2.8,1.235,-0.005,2.1491,2.1,4.775,6.855,5.025,8.65,8.76,3.2
2012-08-07,0.47,0.15,0.67,0.125,3.8,2.8,1.235,-0.005,2.1441,2.1,4.784,6.225,5.025,8.58,8.78,3.2
2012-08-08,0.47,0.15,0.66,0.125,3.725,2.8,1.235,-0.005,2.1201,2.1,4.784,4.83,5.0,7.88,8.5,3.2
2012-08-09,0.46,0.13,0.66,0.125,3.735,2.76,1.235,0.0,2.0532,2.1,4.78,5.425,5.0,8.53,8.55,3.2
2012-08-10,0.46,0.12,0.65,0.125,3.745,2.75,1.235,0.015,2.0612,2.1,4.768,5.605,5.0125,8.88,8.55,3.2
2012-08-13,0.46,0.12,0.65,0.125,3.755,2.75,1.235,0.0,2.0436,2.1,4.775,4.66,5.0125,7.95,8.7,3.2
2012-08-14,0.46,0.12,0.645,0.125,3.855,2.95,1.235,0.015,2.0405,2.1,4.775,5.885,5.0125,8.65,8.63,3.2
2012-08-15,0.46,0.12,0.645,0.115,3.725,2.9,1.235,0.015,1.9808,2.1,4.79,4.905,5.0125,7.5,8.63,3.2
2012-08-16,0.46,0.12,0.64,0.115,3.715,2.95,1.235,0.0,1.983,2.1,4.785,5.825,5.0125,7.5,8.55,3.21
2012-08-17,0.46,0.12,0.64,0.115,3.715,2.81,1.235,0.015,1.9802,2.1,4.79,5.475,5.0,7.4,8.51,3.21
2012-08-20,0.46,0.12,0.64,0.15,3.855,2.78,1.235,0.015,1.9674,2.1,4.79,5.755,5.0125,7.4,8.51,3.21
2012-08-21,0.46,0.12,0.64,0.115,3.775,2.95,1.235,0.015,1.9599,2.1,4.78,5.435,5.0,7.4,8.54,3.2
2012-08-22,0.46,0.12,0.635,0.135,3.705,2.95,1.235,0.015,1.9439,2.1,4.805,5.445,5.0,7.7,8.5,3.19
2012-08-23,0.46,0.12,0.635,0.135,3.695,2.79,1.235,0.0,1.9484,2.1,4.795,7.35,5.0125,7.5,8.5,3.19
2012-08-24,0.46,0.12,0.635,0.115,3.685,2.78,1.235,0.12,1.9419,2.1,4.795,5.815,5.0125,7.5,8.43,3.19
2012-08-27,0.46,0.12,0.635,0.125,3.855,2.78,1.235,0.0,1.95,2.1,4.803,7.285,5.0125,7.5,8.46,3.19
2012-08-28,0.46,0.12,0.635,0.125,3.855,2.78,1.235,0.0,1.9315,2.1,4.8,5.285,5.0125,6.45,8.46,3.18
2012-08-29,0.46,0.12,0.625,0.13,3.855,2.78,1.235,0.0,1.9431,2.1,4.8,6.815,5.0125,7.45,8.4,3.18
2012-08-30,0.46,0.12,0.625,0.12,3.885,2.78,1.235,0.0,1.9543,2.1,4.795,6.505,5.0125,7.45,8.5,3.17
2012-08-31,0.46,0.11,0.625,0.135,3.675,2.95,1.235,0.0,1.9356,2.1,4.798,5.07,5.025,8.7,8.45,3.16
2012-09-03,0.46,0.11,0.625,0.12,3.755,2.78,1.235,0.0,1.9235,2.1,4.79,6.525,5.0,8.7,8.45,3.16
2012-09-04,0.46,0.11,0.625,0.12,3.885,2.76,1.235,0.0,1.9143,2.1,4.802,5.995,5.0,6.45,8.37,3.16
2012-09-05,0.46,0.11,0.625,0.12,3.805,2.76,1.235,0.16,1.9071,2.1,4.8,5.265,5.0125,7.95,8.35,3.16
2012-09-06,0.46,0.11,0.625,0.12,3.635,2.76,1.235,0.0,1.8886,2.1,4.798,5.44,5.0,7.53,8.36,3.16
2012-09-07,0.46,0.11,0.625,0.12,3.685,2.955,1.235,0.08,1.9115,2.1,4.815,5.545,5.0125,7.85,8.36,3.16
2012-09-10,0.46,0.11,0.615,0.12,3.715,2.82,1.235,0.07,1.8589,2.1,4.803,5.745,5.0125,8.33,8.36,3.15
2012-09-11,0.45,0.11,0.61,0.12,3.895,2.955,1.235,0.04,1.8541,2.1,4.81,4.78,5.025,7.0,8.4,3.15
2012-09-12,0.45,0.11,0.605,0.115,3.885,2.8,1.235,0.04,1.8342,2.1,4.815,6.625,5.0125,7.0,8.46,3.15
2012-09-13,0.45,0.11,0.605,0.15,3.805,2.905,1.235,0.05,1.8296,1.65,4.81,5.415,5.0125,7.83,8.45,3.15
2012-09-14,0.44,0.11,0.595,0.15,3.655,2.77,1.235,0.05,1.8314,1.65,4.807,5.57,5.0,7.0,8.3,3.15
2012-09-17,0.43,0.11,0.595,0.115,3.835,2.78,1.235,0.05,1.8133,1.65,4.81,4.925,5.0,7.58,8.32,3.15
2012-09-18,0.41,0.11,0.585,0.115,3.565,2.905,1.235,0.05,1.8235,1.65,4.8,5.215,5.0,6.85,8.4,3.14
2012-09-19,0.41,0.11,0.575,0.115,3.545,2.905,1.235,0.05,1.856,1.65,4.8,5.25,5.0,6.85,8.4,3.13
2012-09-20,0.4,0.105,0.57,0.15,3.525,2.905,1.235,0.05,1.825,1.65,4.81,4.105,5.0,6.85,8.35,3.12
2012-09-21,0.4,0.105,0.57,0.15,3.495,2.8,1.215,0.05,1.7994,1.65,4.81,4.185,5.0,6.85,8.35,3.12
2012-09-24,0.4,0.105,0.56,0.15,3.605,2.79,1.215,0.05,1.7877,1.65,4.813,5.47,5.0,6.75,8.45,3.12
2012-09-25,0.4,0.105,0.55,0.105,3.495,2.905,1.215,0.05,1.8267,1.65,4.81,6.75,4.95,6.8,8.45,3.11
2012-09-26,0.4,0.105,0.54,0.105,3.875,2.905,1.205,0.045,1.7992,1.65,4.81,5.325,4.95,6.8,8.35,3.1
2012-09-27,0.4,0.105,0.53,0.105,3.515,2.76,1.205,0.045,1.8875,1.65,4.81,4.38,4.9625,6.8,8.35,3.1
2012-09-28,0.39,0.105,0.52,0.105,3.605,2.77,1.205,0.045,1.8549,1.65,4.82,3.28,4.9625,6.8,8.4,3.09
2012-10-01,0.39,0.105,0.52,0.13,3.605,2.905,1.205,-0.005,1.876,1.65,4.82,4.755,5.0125,6.75,8.33,3.09
2012-10-02,0.39,0.105,0.52,0.105,3.555,2.77,1.205,-0.005,1.8664,1.65,4.815,4.51,5.0125,6.75,8.33,3.09
2012-10-03,0.39,0.105,0.515,0.105,3.55,2.855,1.205,0.0,1.837,1.65,4.81,3.88,5.0125,6.75,8.36,3.09
2012-10-04,0.39,0.105,0.51,0.13,3.42,2.75,1.205,-0.005,1.8613,1.65,4.82,5.245,5.025,6.75,8.26,3.09
2012-10-05,0.39,0.105,0.51,0.105,3.505,2.905,1.205,-0.005,1.8528,1.65,4.79,5.45,5.025,6.75,8.21,3.09
2012-10-08,0.39,0.105,0.505,0.13,3.54,2.75,1.205,-0.005,1.8347,1.65,4.805,5.175,5.025,7.63,8.05,3.08
2012-10-09,0.38,0.105,0.495,0.1,3.45,2.87,1.205,-0.005,1.8172,1.5,4.815,4.565,5.05,6.75,8.26,3.08
2012-10-10,0.38,0.105,0.495,0.1,3.43,2.86,1.205,0.0,1.8319,1.52,4.82,5.905,5.05,6.75,8.2,3.08
2012-10-11,0.38,0.105,0.495,0.1,3.43,2.87,1.205,0.13,1.8632,1.5,4.79,5.855,5.05,6.75,8.25,2.9
2012-10-12,0.38,0.105,0.49,0.1,3.41,2.87,1.195,0.06,1.8466,1.47,4.817,5.865,5.05,6.75,8.95,2.87
2012-10-15,0.36,0.105,0.49,0.1,3.39,2.87,1.195,0.09,1.8354,1.46,4.815,4.605,5.05,6.75,8.25,2.87
2012-10-16,0.36,0.105,0.49,0.1,3.36,2.83,1.195,-0.005,1.8177,1.47,4.82,4.335,5.05,6.75,8.23,2.87
2012-10-17,0.36,0.1,0.49,0.1,3.355,2.8,1.175,0.1,1.801,1.47,4.825,3.735,5.05,6.6,8.205,2.87
2012-10-18,0.36,0.1,0.485,0.1,3.42,2.8,1.175,0.1,1.7881,1.515,4.83,4.795,5.05,7.55,8.2,2.87
2012-10-19,0.36,0.135,0.485,0.12,3.41,2.8,1.175,-0.035,1.8063,1.53,4.825,4.93,5.05,7.13,8.25,2.87
2012-10-22,0.51,0.1,0.485,0.15,3.33,2.82,1.27,-0.055,1.7772,1.51,4.81,4.49,5.05,7.13,8.26,2.87
2012-10-23,0.36,0.1,0.485,0.15,3.33,2.8,1.175,-0.005,1.7718,1.49,4.83,5.095,5.05,6.6,8.3,2.86
2012-10-24,0.36,0.1,0.485,0.1,3.35,2.83,1.175,-0.005,1.7663,1.465,4.835,4.82,5.05,6.6,8.3,2.86
2012-10-25,0.36,0.115,0.485,0.12,3.32,2.85,1.175,-0.005,1.7644,1.46,4.835,4.765,5.05,6.6,8.35,2.85
2012-10-26,0.36,0.1,0.485,0.095,3.54,2.85,1.175,0.0,1.7773,1.44,4.856,5.225,5.05,6.6,8.35,2.85
2012-10-29,0.36,0.1,0.485,0.095,3.34,2.855,1.175,-0.005,1.7702,1.47,4.87,5.745,5.05,6.6,8.31,2.85
2012-10-30,0.36,0.1,0.485,0.095,3.32,2.85,1.175,-0.085,1.7745,1.49,4.81,5.745,5.05,7.38,8.25,2.85
2012-10-31,0.35,0.1,0.485,0.095,3.25,2.83,1.175,0.08,1.7717,1.5,4.885,6.015,5.05,7.55,8.35,2.85
2012-11-01,0.34,0.115,0.485,0.145,3.33,2.85,1.175,-0.005,1.7641,1.49,4.895,5.605,5.05,6.6,8.36,2.85
2012-11-02,0.34,0.1,0.485,0.095,3.32,2.83,1.175,-0.03,1.7608,1.5,4.79,4.495,5.05,6.6,8.36,2.85
2012-11-05,0.33,0.115,0.485,0.13,3.305,2.83,1.175,-0.01,1.7748,1.5,4.79,3.975,5.05,6.5,8.4,2.85
2012-11-06,0.33,0.1,0.485,0.145,3.38,2.71,1.175,0.0,1.8039,1.495,4.885,3.505,5.05,6.5,8.4,2.85
2012-11-07,0.33,0.105,0.485,0.14,3.43,2.82,1.175,-0.005,1.8034,1.49,4.884,3.665,5.05,6.5,8.4,2.85
2012-11-08,0.33,0.1,0.485,0.095,3.45,2.82,1.175,0.02,1.8183,1.48,4.85,4.835,5.05,6.5,8.35,2.85
2012-11-09,0.33,0.1,0.485,0.095,3.42,2.82,1.175,0.0,1.8145,1.46,4.84,4.705,5.05,6.5,8.4,2.85
2012-11-12,0.33,0.1,0.485,0.095,3.31,2.755,1.175,-0.02,1.8239,1.45,4.859,5.705,5.05,6.5,8.4,2.85
2012-11-13,0.33,0.1,0.485,0.095,3.37,2.69,1.175,-0.005,1.8392,1.445,4.865,4.94,5.05,7.0,8.4,2.85
2012-11-14,0.33,0.1,0.48,0.095,3.39,2.82,1.175,0.025,1.8253,1.445,4.88,4.67,5.05,6.5,8.4,2.85
2012-11-15,0.33,0.1,0.48,0.095,3.41,2.85,1.175,0.0,1.843,1.46,4.87,4.62,5.05,6.5,8.4,2.85
2012-11-16,0.33,0.115,0.48,0.15,3.43,2.88,1.175,-0.02,1.8428,1.45,4.865,5.74,5.05,6.35,8.4,2.85
2012-11-19,0.33,0.1,0.48,0.095,3.34,2.7,1.175,-0.11,1.869,0.835,4.875,5.08,5.05,6.35,8.4,2.85
2012-11-20,0.33,0.1,0.48,0.095,3.42,2.8,1.175,-0.005,1.866,1.44,4.863,5.11,5.05,6.35,8.41,2.85
2012-11-21,0.33,0.1,0.48,0.095,3.42,2.88,1.175,-0.1,1.8586,1.45,4.87,6.43,5.05,6.35,8.41,2.85
2012-11-22,0.33,0.1,0.48,0.095,3.375,2.8,1.175,-0.005,1.8576,1.46,4.875,5.78,5.075,6.35,8.4,2.85
2012-11-23,0.33,0.09,0.48,0.095,3.45,2.8,1.175,-0.005,1.8565,1.45,4.865,3.48,5.075,7.18,8.46,2.85
2012-11-26,0.33,0.115,0.48,0.15,3.41,2.8,1.175,-0.065,1.8349,1.455,4.865,5.225,5.075,6.35,8.46,2.85
2012-11-27,0.33,0.1,0.48,0.095,3.44,2.72,1.175,0.02,1.8325,1.49,4.865,5.94,5.075,6.18,8.46,2.85
2012-11-28,0.33,0.1,0.48,0.095,3.42,2.72,1.175,-0.005,1.8747,1.495,4.87,5.725,5.075,6.35,8.46,2.85
2012-11-29,0.33,0.1,0.48,0.095,3.36,2.85,1.165,-0.07,1.8234,1.44,4.875,4.94,5.075,6.35,8.55,2.85
2012-11-30,0.33,0.1,0.48,0.095,3.325,2.82,1.165,0.0,1.8026,1.43,4.85,6.315,5.075,6.35,8.35,2.85
2012-12-03,0.33,0.1,0.48,0.095,3.275,2.8,1.165,-0.075,1.7993,1.46,4.865,6.225,5.075,6.35,8.41,2.85
2012-12-04,0.33,0.115,0.48,0.15,3.05,2.59,1.165,-0.18,1.7976,1.48,4.865,5.82,5.075,6.35,8.41,2.85
2012-12-05,0.33,0.1,0.48,0.095,3.275,2.725,1.165,-0.035,1.7989,1.45,4.84,4.41,5.075,6.25,8.4,2.85
2012-12-06,0.33,0.1,0.48,0.095,3.285,2.85,1.165,-0.025,1.7977,1.43,4.844,4.335,5.075,6.25,8.45,2.85
2012-12-07,0.33,0.1,0.48,0.095,3.155,2.74,1.165,-0.22,1.7903,1.42,4.85,3.965,5.075,6.25,8.4,2.87
2012-12-10,0.33,0.115,0.48,0.14,3.16,2.83,1.165,-0.2,1.7938,1.41,4.85,4.085,5.075,6.25,8.55,2.88
2012-12-11,0.33,0.1,0.48,0.095,3.25,2.7,1.165,-0.19,1.7798,1.4,4.85,6.495,5.075,6.28,8.6,2.88
2012-12-12,0.33,0.115,0.48,0.15,3.225,2.68,1.165,-0.025,1.7901,1.4,4.83,5.055,5.075,6.25,8.61,2.89
2012-12-13,0.33,0.1,0.48,0.095,3.11,2.77,1.165,-0.02,1.7655,1.34,4.85,5.62,5.075,6.25,8.6,2.89
2012-12-14,0.33,0.115,0.48,0.15,3.185,2.79,1.165,-0.1,1.77,1.3,4.843,5.515,5.075,6.25,8.55,2.89
2012-12-17,0.33,0.1,0.48,0.095,3.175,2.8,1.165,-0.08,1.771,1.31,4.85,6.435,5.075,6.28,8.56,2.89
2012-12-18,0.33,0.12,0.48,0.16,3.175,2.72,1.165,-0.03,1.7531,1.3,4.845,4.695,5.05,6.25,8.56,2.89
2012-12-19,0.33,0.1,0.48,0.16,3.185,2.715,1.165,-0.34,1.7258,1.31,4.79,5.205,5.05,6.25,8.56,2.89
2012-12-20,0.33,0.1,0.48,0.095,3.195,2.79,1.165,-0.02,1.7739,1.3,4.85,6.665,5.05,6.28,8.55,2.89
2012-12-21,0.33,0.1,0.48,0.16,3.185,2.69,1.165,-0.02,1.7946,1.3,4.85,6.215,5.05,6.25,8.5,2.89
2012-12-24,0.33,0.1,0.48,0.095,3.185,2.8,1.165,-0.2,1.7896,1.3,4.85,4.315,5.05,6.25,8.51,2.89
2012-12-25,0.33,0.1,0.48,0.095,3.05,2.59,1.165,-0.2,1.7901,1.35,4.79,4.315,5.05,6.25,8.51,2.89
2012-12-26,0.7,0.1,0.48,0.095,3.05,2.59,1.165,-0.2,1.7884,1.35,4.82,5.435,5.05,6.6,8.55,2.89
2012-12-27,0.33,0.1,0.48,0.16,3.175,2.715,1.165,-0.43,1.7774,1.26,4.85,4.635,5.05,6.25,8.45,2.89
2012-12-28,0.33,0.085,0.48,0.165,3.125,2.76,1.165,-0.14,1.7391,1.26,4.83,5.34,5.05,6.25,8.45,2.89
2012-12-31,0.33,0.1,0.48,0.095,3.175,2.8,1.165,-0.18,1.738,1.26,4.838,5.34,5.05,6.25,8.51,2.89
2013-01-01,0.245,0.1,0.48,0.095,3.05,2.8,1.2,-0.2,1.7392,1.35,4.79,5.34,5.05,6.25,8.5,2.89
2013-01-02,0.33,0.105,0.48,0.1,3.105,2.65,1.165,-0.32,1.7372,1.25,4.85,4.945,5.05,6.25,8.46,2.89
2013-01-03,0.32,0.115,0.48,0.11,3.115,2.8,1.165,-0.29,1.7376,1.3,4.85,4.93,5.05,6.28,8.25,2.88
2013-01-04,0.32,0.125,0.48,0.11,3.07,2.82,1.165,-0.43,1.7485,1.22,4.843,4.255,5.05,6.25,8.35,2.88
2013-01-07,0.31,0.115,0.48,0.11,3.08,2.72,1.165,-0.22,1.7644,1.23,4.855,5.41,5.05,6.25,8.45,2.87
2013-01-08,0.31,0.1,0.48,0.09,3.15,2.81,1.165,-0.01,1.7664,1.215,4.85,6.1,5.05,6.25,8.41,2.87
2013-01-09,0.31,0.1,0.48,0.08,3.155,2.81,1.165,-0.21,1.7596,1.2,4.845,5.815,5.05,6.88,8.4,2.87
2013-01-10,0.31,0.1,0.48,0.095,3.3,2.82,1.165,0.0,1.7787,1.275,4.84,5.685,5.05,6.25,8.45,2.87
2013-01-11,0.31,0.135,0.48,0.12,3.155,2.8,1.165,0.0,1.6587,1.2,4.84,4.4,5.05,6.28,8.4,2.85
2013-01-14,0.31,0.1,0.48,0.135,3.195,2.82,1.165,-0.06,1.7831,1.18,4.84,6.13,5.025,6.28,8.41,2.85
2013-01-15,0.31,0.1,0.48,0.1,3.195,2.8,1.165,0.04,1.758,1.19,4.835,4.895,5.05,6.25,8.41,2.85
2013-01-16,0.31,0.115,0.48,0.12,3.175,2.83,1.165,0.04,1.7632,1.2,4.835,6.165,5.05,6.25,8.47,2.85
2013-01-17,0.31,0.1,0.48,0.1,2.955,2.605,1.165,0.04,1.7758,1.18,4.835,5.465,5.05,6.25,8.45,2.85
2013-01-18,0.3,0.1,0.48,0.095,3.145,2.9,1.165,-0.03,1.754,1.16,4.8,5.21,5.05,6.25,8.4,2.85
2013-01-21,0.3,0.1,0.48,0.125,3.145,2.85,1.165,-0.03,1.763,1.16,4.78,5.115,5.05,6.25,8.45,2.85
2013-01-22,0.3,0.1,0.48,0.13,3.155,2.85,1.165,-0.09,1.77,1.16,4.798,5.365,5.05,6.25,8.41,2.85
2013-01-23,0.3,0.125,0.48,0.16,3.155,2.85,1.165,-0.04,1.7737,1.13,4.785,3.475,5.05,6.25,8.45,2.85
2013-01-24,0.3,0.135,0.48,0.135,3.075,2.75,1.145,-0.04,1.7701,1.12,4.8,4.8,5.05,6.25,8.46,2.84
2013-01-25,0.3,0.1,0.48,0.09,3.025,2.8,1.145,0.04,1.7629,1.11,4.8,4.85,5.05,6.25,8.46,2.84
2013-01-28,0.3,0.155,0.48,0.15,3.065,2.81,1.145,-0.06,1.755,1.13,4.79,3.97,5.05,6.25,8.45,2.84
2013-01-29,0.3,0.1,0.48,0.125,3.095,2.81,1.145,-0.04,1.8046,1.15,4.795,4.15,5.05,6.25,8.45,2.84
2013-01-30,0.3,0.1,0.48,0.125,3.085,2.81,1.145,-0.08,1.798,1.13,4.798,4.73,5.05,6.25,8.56,2.84
2013-01-31,0.3,0.155,0.48,0.125,2.955,2.79,1.145,-0.03,1.7864,1.1,4.796,4.96,5.05,6.25,8.55,2.84
2013-02-01,0.3,0.15,0.475,0.12,3.075,2.82,1.145,-0.05,1.7746,1.13,4.75,4.45,5.05,6.0,8.66,2.84
2013-02-04,0.3,0.135,0.475,0.15,3.095,2.655,1.145,-0.05,1.7808,1.14,4.75,5.94,5.05,6.0,8.65,2.84
2013-02-05,0.3,0.15,0.475,0.12,3.105,2.82,1.145,-0.1,1.7856,1.14,4.745,3.76,5.05,6.0,8.7,2.84
2013-02-06,0.3,0.15,0.475,0.12,3.105,2.83,1.135,-0.03,1.8195,1.11,4.73,5.005,5.05,6.0,8.81,2.84
2013-02-07,0.3,0.15,0.475,0.125,3.145,2.85,1.135,-0.07,1.847,1.1,4.765,4.475,5.05,6.0,8.9,2.84
2013-02-08,0.3,0.145,0.475,0.125,3.155,2.86,1.135,-0.03,1.8677,1.11,4.727,4.275,5.05,6.13,9.0,2.84
2013-02-11,0.3,0.145,0.475,0.18,3.155,2.87,1.125,-0.03,1.8587,1.11,4.685,5.5,5.05,6.63,9.01,2.84
2013-02-12,0.3,0.145,0.475,0.18,2.955,2.85,1.125,-0.02,1.8446,1.08,4.65,5.525,5.05,6.63,9.0,2.84
2013-02-13,0.3,0.15,0.475,0.11,3.145,2.83,1.125,0.0,1.8423,1.15,4.665,3.715,5.05,6.63,9.16,2.84
2013-02-14,0.3,0.145,0.475,0.16,3.135,2.84,1.125,0.05,1.8113,1.15,4.675,4.325,5.05,6.63,9.15,2.83
2013-02-15,0.3,0.145,0.475,0.16,3.125,2.655,1.125,0.05,1.8122,1.15,4.675,3.035,5.05,6.4,8.95,2.83
2013-02-18,0.3,0.15,0.475,0.115,3.115,2.84,1.125,-0.03,1.8029,1.14,4.65,4.005,5.05,6.63,9.3,2.83
2013-02-19,0.3,0.15,0.475,0.085,3.125,2.8,1.125,-0.02,1.8195,1.15,4.66,4.425,5.05,6.63,9.3,2.83
2013-02-20,0.3,0.15,0.475,0.115,3.105,2.84,1.125,-0.02,1.8115,1.14,4.662,3.225,5.05,6.43,9.4,2.83
2013-02-21,0.3,0.15,0.475,0.115,2.955,2.85,1.125,0.05,1.7877,1.15,4.664,4.47,5.05,6.38,9.35,2.83
2013-02-22,0.3,0.15,0.475,0.13,3.115,2.8,1.125,0.05,1.7641,1.15,4.658,4.36,5.05,6.38,9.4,2.83
2013-02-25,0.3,0.15,0.475,0.115,3.105,2.85,1.125,0.05,1.7642,1.17,4.655,4.38,5.05,6.38,9.31,2.83
2013-02-26,0.3,0.15,0.475,0.115,3.095,2.89,1.115,0.05,1.8248,1.19,4.681,4.27,5.05,6.38,9.35,2.82
2013-02-27,0.3,0.135,0.475,0.16,3.105,2.87,1.115,-0.02,1.8095,1.19,4.685,4.785,5.05,6.15,9.4,2.82
2013-02-28,0.3,0.125,0.475,0.16,3.125,2.84,1.115,0.05,1.7808,1.18,4.683,5.4,5.05,6.3,9.55,2.82
2013-03-01,0.3,0.13,0.475,0.115,3.125,2.83,1.115,0.05,1.785,1.21,4.625,3.435,5.05,6.3,9.46,2.82
2013-03-04,0.3,0.09,0.475,0.14,3.115,2.85,1.115,0.07,1.7933,1.22,4.61,3.53,5.05,6.3,9.55,2.82
2013-03-05,0.3,0.125,0.475,0.16,3.105,2.84,1.115,0.0,1.7684,1.21,4.63,4.325,5.075,6.3,9.55,2.82
2013-03-06,0.24,0.1,0.475,0.14,3.115,2.73,1.13,0.0,1.7436,1.2,4.6,5.37,5.075,6.3,9.3,2.82
2013-03-07,0.28,0.135,0.475,0.16,3.115,2.825,1.115,0.05,1.766,1.18,4.57,3.23,5.075,6.3,9.2,2.82
2013-03-08,0.28,0.1,0.475,0.115,3.125,2.805,1.115,-0.04,1.7367,1.17,4.349,4.67,5.075,6.3,9.25,2.82
2013-03-11,0.28,0.125,0.475,0.16,3.135,2.835,1.115,0.05,1.7414,1.17,4.34,4.99,5.075,6.3,9.3,2.82
2013-03-12,0.28,0.1,0.475,0.115,3.145,2.845,1.115,-0.03,1.686,1.15,4.335,4.005,5.075,6.15,9.36,2.81
2013-03-13,0.28,0.1,0.475,0.115,3.145,2.855,1.115,0.05,1.7354,1.13,4.33,5.11,5.075,6.38,9.35,2.81
2013-03-14,0.28,0.125,0.475,0.16,3.185,2.865,1.115,-0.03,1.7222,1.13,4.325,3.15,5.075,6.38,8.95,2.81
2013-03-15,0.28,0.1,0.475,0.11,3.185,2.845,1.115,0.05,1.728,1.14,4.324,5.67,5.075,6.4,9.26,2.81
2013-03-18,0.28,0.1,0.475,0.15,3.165,2.875,1.115,-0.04,1.7814,1.15,4.324,3.69,5.075,6.38,8.92,2.81
2013-03-19,0.28,0.1,0.475,0.085,2.955,2.73,1.115,0.025,1.7672,1.18,4.32,4.085,5.075,6.38,8.9,2.81
2013-03-20,0.28,0.1,0.475,0.15,3.145,2.825,1.115,0.0,1.7572,1.16,4.33,4.985,5.075,6.38,8.98,2.81
2013-03-21,0.28,0.1,0.475,0.155,3.175,2.885,1.105,-0.03,1.7417,1.16,4.325,3.47,5.075,6.38,8.86,2.81
2013-03-22,0.28,0.155,0.475,0.17,3.155,2.8,1.105,-0.03,1.7562,1.16,4.34,3.625,5.075,6.38,8.8,2.81
2013-03-25,0.28,0.185,0.475,0.15,2.955,2.875,1.105,0.0,1.7416,1.15,4.345,4.485,5.075,6.38,8.8,2.81
2013-03-26,0.24,0.125,0.475,0.1,3.155,2.73,1.13,0.0,1.7966,1.16,4.348,5.515,5.075,5.83,8.75,2.81
2013-03-27,0.28,0.105,0.475,0.085,3.155,2.895,1.105,0.0,1.8104,1.17,4.338,4.27,5.075,6.38,8.75,2.81
2013-03-28,0.28,0.105,0.475,0.15,3.125,2.875,1.105,-0.07,1.7944,1.15,4.34,6.11,5.075,6.38,8.835,2.81
2013-03-29,0.28,0.105,0.475,0.085,2.955,2.655,1.105,0.0,1.7888,1.35,4.34,6.09,5.075,6.38,8.835,2.81
2013-04-01,0.28,0.105,0.475,0.075,2.955,2.8,1.105,-0.025,1.7925,1.35,4.35,3.615,5.075,6.38,9.0,2.81
2013-04-02,0.28,0.115,0.475,0.11,2.955,2.855,1.105,-0.07,1.7748,1.14,4.348,4.445,5.075,6.38,8.425,2.81
2013-04-03,0.28,0.105,0.475,0.09,3.155,2.865,1.105,0.0,1.7508,1.16,4.345,5.43,5.075,6.38,8.26,2.8
2013-04-04,0.28,0.105,0.475,0.09,3.06,2.705,1.105,0.0,1.782,1.15,4.34,3.665,5.075,6.38,7.87,2.8
2013-04-05,0.28,0.105,0.475,0.09,3.135,2.875,1.105,-0.03,1.7955,1.16,4.33,4.08,5.075,6.35,8.45,2.8
2013-04-08,0.28,0.105,0.475,0.09,3.115,2.855,1.105,0.0,1.7712,1.17,4.325,5.45,5.075,6.38,8.0,2.8
2013-04-09,0.28,0.105,0.475,0.135,3.005,2.75,1.105,-0.07,1.768,1.17,4.313,3.165,5.075,6.38,8.0,2.8
2013-04-10,0.28,0.145,0.475,0.16,3.115,2.835,1.105,-0.07,1.7386,1.17,4.32,3.66,5.075,6.38,8.35,2.8
2013-04-11,0.28,0.105,0.475,0.095,2.955,2.825,1.105,0.01,1.7596,1.18,4.305,6.23,5.075,6.38,8.35,2.79
2013-04-12,0.28,0.105,0.475,0.145,3.115,2.76,1.105,-0.03,1.7539,1.18,4.305,5.45,5.075,6.38,8.35,2.79
2013-04-15,0.28,0.105,0.475,0.095,3.105,2.655,1.105,-0.04,1.7374,1.18,4.31,5.045,5.075,6.58,8.38,2.79
2013-04-16,0.28,0.105,0.475,0.075,3.085,2.8,1.105,0.01,1.745,1.18,4.295,5.02,5.075,6.38,8.38,2.79
2013-04-17,0.24,0.105,0.475,0.1,3.105,2.77,1.15,0.05,1.7071,1.16,4.295,5.75,5.075,6.38,8.36,2.79
2013-04-18,0.28,0.125,0.475,0.13,3.095,2.875,1.105,-0.03,1.7064,1.16,4.303,5.38,5.075,6.38,8.35,2.79
2013-04-19,0.28,0.105,0.475,0.075,3.075,2.8,1.105,-0.03,1.6967,1.16,4.286,5.685,5.075,6.38,8.35,2.79
2013-04-22,0.28,0.105,0.475,0.145,3.085,2.885,1.105,-0.02,1.6907,1.15,4.29,4.84,5.075,6.3,8.32,2.79
2013-04-23,0.28,0.125,0.475,0.1,2.955,2.705,1.105,-0.01,1.6946,1.15,4.3,5.53,5.075,5.88,8.25,2.79
2013-04-24,0.28,0.105,0.475,0.155,3.065,2.885,1.105,-0.02,1.6833,1.14,4.3,4.905,5.075,6.3,8.25,2.79
2013-04-25,0.28,0.105,0.475,0.105,2.94,2.785,1.105,0.0,1.6889,1.15,4.305,3.27,5.075,5.88,8.25,2.78
2013-04-26,0.28,0.105,0.475,0.105,3.095,2.895,1.105,0.035,1.6987,1.16,4.3,4.715,5.075,5.73,8.25,2.79
2013-04-29,0.23,0.105,0.475,0.105,3.045,2.76,1.15,-0.01,1.7134,1.15,4.3,6.14,5.075,5.73,8.2,2.8
2013-04-30,0.23,0.135,0.475,0.14,3.035,2.75,1.15,0.05,1.7046,1.15,4.294,4.905,5.075,5.73,8.2,2.81
2013-05-01,0.23,0.105,0.475,0.105,2.91,2.75,1.15,0.07,1.7029,1.35,4.29,5.02,5.075,5.73,8.2,2.81
2013-05-02,0.23,0.105,0.475,0.105,2.985,2.73,1.15,0.06,1.6903,1.14,4.308,4.655,5.075,5.73,8.0,2.81
2013-05-03,0.24,0.1,0.475,0.105,2.955,2.73,1.13,-0.03,1.6623,1.12,4.31,4.575,5.075,5.73,8.2,2.81
2013-05-06,0.24,0.1,0.475,0.105,2.855,2.73,1.13,0.01,1.6565,1.11,4.316,4.715,5.075,5.73,8.2,2.81
2013-05-07,0.23,0.1,0.475,0.105,2.895,2.71,1.13,-0.03,1.6424,1.11,4.295,6.415,5.075,5.73,8.2,2.81
2013-05-08,0.23,0.1,0.475,0.15,2.875,2.72,1.13,-0.01,1.7122,1.11,4.29,5.765,5.075,5.73,8.0,2.81
2013-05-09,0.23,0.1,0.475,0.105,2.835,2.7,1.14,0.08,1.6881,1.11,4.275,5.275,5.075,5.73,8.2,2.69
2013-05-10,0.28,0.1,0.475,0.11,2.845,2.655,1.105,0.09,1.6824,1.08,4.275,4.605,5.075,5.73,8.04,2.69
2013-05-13,0.28,0.1,0.475,0.11,2.905,2.845,1.105,-0.03,1.6909,1.11,4.284,5.245,5.075,5.73,8.2,2.69
2013-05-14,0.28,0.1,0.475,0.11,2.915,2.855,1.105,0.0,1.6976,1.1,4.3,5.805,5.075,5.73,8.05,2.69
2013-05-15,0.28,0.135,0.475,0.16,2.855,2.875,1.105,-0.02,1.679,1.1,4.29,4.145,5.075,5.73,8.0,2.69
2013-05-16,0.28,0.1,0.475,0.115,2.805,2.755,1.105,0.055,1.6716,1.12,4.27,5.005,5.075,5.73,8.02,2.69
2013-05-17,0.28,0.1,0.475,0.115,2.945,2.865,1.105,-0.02,1.6698,1.12,4.241,4.975,5.075,5.6,7.94,2.69
2013-05-20,0.28,0.1,0.475,0.115,2.78,2.75,1.105,0.08,1.6735,1.35,4.243,6.935,5.075,5.6,7.95,2.69
2013-05-21,0.28,0.1,0.475,0.115,2.955,2.865,1.105,0.055,1.676,1.12,4.245,7.125,5.075,5.6,7.95,2.69
2013-05-22,0.28,0.125,0.475,0.16,2.935,2.865,1.105,-0.03,1.6594,1.11,4.262,6.76,5.075,5.6,7.95,2.69
2013-05-23,0.28,0.1,0.475,0.2,2.75,2.705,1.105,0.08,1.6667,1.19,4.268,6.095,5.075,5.6,8.0,2.69
2013-05-24,0.28,0.1,0.475,0.15,2.885,2.755,1.105,-0.03,1.6595,1.09,4.293,7.705,5.075,5.6,8.0,2.69
2013-05-27,0.28,0.1,0.475,0.115,2.875,2.825,1.105,0.05,1.6666,1.09,4.286,6.675,5.075,5.63,8.01,2.69
2013-05-28,0.28,0.125,0.475,0.12,2.885,2.895,1.105,-0.0495,1.6702,1.08,4.29,6.225,5.075,5.6,8.05,2.69
2013-05-29,0.295,0.1,0.475,0.12,2.875,2.905,1.105,-0.02,1.6797,1.12,4.3,7.06,5.075,5.6,8.1,2.69
2013-05-30,0.28,0.135,0.475,0.125,2.895,2.905,1.105,-0.02,1.665,1.12,4.305,6.57,5.075,5.6,8.05,2.69
2013-05-31,0.28,0.125,0.475,0.125,2.905,2.915,1.105,-0.03,1.6592,1.12,4.3,8.65,5.075,5.6,8.065,2.69
2013-06-03,0.28,0.135,0.475,0.18,2.895,2.895,1.105,0.015,1.6773,1.13,4.28,5.525,5.075,5.85,8.0,2.69
2013-06-04,0.28,0.125,0.475,0.18,2.905,2.915,1.105,-0.03,1.6753,1.14,4.27,7.69,5.075,5.85,8.1,2.69
2013-06-05,0.28,0.125,0.475,0.18,2.855,2.895,1.105,-0.03,1.6715,1.12,4.3,6.505,5.075,5.85,8.1,2.69
2013-06-06,0.28,0.1,0.475,0.145,2.845,2.755,1.105,-0.04,1.6662,1.1,4.294,7.005,5.075,5.8,8.0,2.69
2013-06-07,0.28,0.1,0.475,0.125,2.77,2.755,1.105,0.08,1.6737,1.19,4.3,5.93,5.075,6.1,8.05,2.69
2013-06-10,0.28,0.1,0.475,0.16,2.925,2.705,1.105,0.09,1.6705,1.09,4.335,8.655,5.075,7.25,8.1,2.69
2013-06-11,0.28,0.135,0.475,0.18,2.805,2.755,1.105,0.08,1.6711,1.12,4.312,7.98,5.075,7.25,8.1,2.69
2013-06-12,0.28,0.135,0.475,0.18,2.805,2.755,1.105,0.0,1.6649,1.19,4.305,8.585,5.075,7.25,8.15,2.69
2013-06-13,0.28,0.1,0.475,0.125,3.005,2.925,1.105,0.0,1.6749,1.13,4.3,8.06,5.075,7.0,8.15,2.69
2013-06-14,0.28,0.1,0.475,0.125,2.955,2.905,1.105,-0.05,1.65,1.13,4.28,8.09,5.075,7.0,8.2,2.69
2013-06-17,0.28,0.1,0.475,0.125,2.925,2.885,1.105,-0.06,1.6483,1.13,4.3,8.7,5.075,7.0,8.24,2.69
2013-06-18,0.28,0.135,0.475,0.11,2.925,2.885,1.105,-0.06,1.6502,1.13,4.305,7.525,5.075,7.0,8.05,2.69
2013-06-19,0.28,0.1,0.475,0.095,2.895,2.895,1.105,-0.04,1.643,1.13,4.36,5.525,5.075,7.0,8.03,2.69
2013-06-20,0.28,0.155,0.475,0.12,2.995,2.915,1.105,-0.04,1.5788,1.11,4.36,7.57,5.075,6.93,8.2,2.69
2013-06-21,0.28,0.155,0.475,0.16,2.985,2.905,1.105,0.05,1.5727,1.11,4.355,6.89,5.075,7.13,8.14,2.7
2013-06-24,0.28,0.165,0.48,0.12,3.035,2.955,1.105,-0.05,1.6088,1.11,4.34,6.225,5.075,7.5,8.09,2.69
2013-06-25,0.28,0.105,0.48,0.135,2.855,2.935,1.125,-0.05,1.5824,1.09,4.33,7.855,5.075,7.5,8.05,2.69
2013-06-26,0.28,0.105,0.48,0.095,2.905,2.94,1.125,0.08,1.5783,1.06,4.33,6.87,5.075,7.5,8.12,2.69
2013-06-27,0.28,0.135,0.48,0.12,2.945,2.925,1.125,0.09,1.5898,1.05,4.325,9.415,5.075,7.5,8.1,2.69
2013-06-28,0.28,0.135,0.48,0.165,2.925,2.915,1.125,-0.03,1.5628,1.08,4.32,7.865,5.075,7.5,7.96,2.69
2013-07-01,0.28,0.105,0.48,0.135,2.925,2.915,1.125,-0.03,1.5547,1.09,4.32,7.695,5.075,7.5,8.0,2.69
2013-07-02,0.28,0.17,0.485,0.13,2.935,2.895,1.125,-0.04,1.5502,1.09,4.325,8.3,5.075,7.5,8.0,2.69
2013-07-03,0.28,0.105,0.485,0.13,2.925,2.915,1.125,-0.04,1.5504,1.1,4.33,8.25,5.075,7.5,7.8,2.69
2013-07-04,0.28,0.135,0.485,0.13,2.945,2.945,1.125,-0.02,1.5732,1.11,4.326,6.615,5.075,7.5,8.0,2.69
2013-07-05,0.28,0.135,0.485,0.165,2.855,2.945,1.125,-0.03,1.5621,1.11,4.335,7.55,5.075,7.5,7.97,2.69
2013-07-08,0.28,0.135,0.485,0.14,2.955,2.925,1.125,-0.03,1.5612,1.08,4.33,7.875,5.075,7.5,7.93,2.69
2013-07-09,0.28,0.105,0.485,0.115,2.805,2.915,1.125,0.13,1.5269,1.08,4.315,8.335,5.075,7.5,7.81,2.69
2013-07-10,0.28,0.105,0.485,0.12,2.855,2.925,1.125,0.05,1.5466,1.08,4.315,8.075,5.075,7.75,7.9,2.69
2013-07-11,0.28,0.105,0.485,0.105,2.865,2.855,1.125,0.12,1.5689,1.09,4.305,8.265,5.075,7.75,7.9,2.69
2013-07-12,0.28,0.105,0.485,0.12,2.865,2.935,1.125,-0.04,1.5879,1.09,4.301,8.335,5.075,7.75,7.9,2.69
2013-07-15,0.28,0.105,0.485,0.16,2.755,3.015,1.125,-0.08,1.595,1.1,4.3,7.04,5.075,7.75,7.9,2.69
2013-07-16,0.28,0.105,0.485,0.11,2.845,2.855,1.125,-0.02,1.6103,1.09,4.3,9.165,5.075,7.75,8.51,2.69
2013-07-17,0.28,0.105,0.485,0.11,2.755,2.945,1.125,-0.02,1.5948,1.07,4.301,7.975,5.075,7.75,9.4,2.69
2013-07-18,0.28,0.105,0.485,0.11,2.79,2.965,1.125,-0.03,1.608,1.08,4.294,8.11,5.075,7.75,9.1,2.69
2013-07-19,0.28,0.105,0.485,0.11,2.815,2.955,1.125,-0.03,1.6081,1.08,4.305,7.815,5.075,7.75,8.9,2.67
2013-07-22,0.28,0.115,0.485,0.11,2.795,2.945,1.125,-0.03,1.6148,1.08,4.3,6.74,5.075,7.75,9.625,2.67
2013-07-23,0.28,0.115,0.485,0.11,2.785,2.935,1.125,-0.04,1.6301,1.09,4.291,7.48,5.075,7.75,9.6,2.67
2013-07-24,0.28,0.155,0.485,0.15,2.79,2.895,1.125,0.0,1.5973,1.08,4.3,8.295,5.075,7.75,10.15,2.67
2013-07-25,0.28,0.115,0.485,0.11,2.775,2.805,1.125,0.11,1.6105,1.08,4.291,9.14,5.075,7.75,10.75,2.66
2013-07-26,0.28,0.145,0.485,0.15,2.795,2.845,1.125,-0.05,1.6164,1.06,4.305,7.81,5.075,7.75,10.95,2.67
2013-07-29,0.28,0.13,0.485,0.12,2.745,2.855,1.125,-0.05,1.6162,1.08,4.32,8.335,5.075,8.0,10.8,2.66
2013-07-30,0.28,0.145,0.485,0.16,2.705,2.845,1.125,-0.05,1.6155,1.06,4.328,8.885,5.075,8.0,10.95,2.66
2013-07-31,0.2646,0.145,0.485,0.16,2.685,2.855,1.165,-0.05,1.6203,1.06,4.332,6.62,5.075,8.0,10.95,2.66
2013-08-01,0.2257,0.145,0.485,0.16,2.64,2.865,1.175,-0.05,1.6304,1.06,4.333,9.225,5.075,8.0,10.85,2.66
2013-08-02,0.2647,0.145,0.485,0.16,2.645,2.865,1.145,-0.05,1.6215,1.06,4.31,9.675,5.075,8.0,10.55,2.66
2013-08-05,0.2967,0.145,0.485,0.16,2.645,2.845,1.145,-0.04,1.6256,1.06,4.32,9.515,5.075,8.0,10.3,2.66
2013-08-06,0.252,0.14,0.485,0.125,2.665,2.81,1.145,-0.04,1.61,1.06,4.295,8.315,5.075,8.0,10.05,2.66
2013-08-07,0.23,0.155,0.485,0.115,2.645,2.8,1.17,-0.04,1.6114,1.06,4.285,8.85,5.075,8.0,10.45,2.66
2013-08-08,0.28,0.14,0.485,0.12,2.59,2.755,1.125,-0.04,1.6119,1.07,4.283,7.375,5.075,8.0,10.55,2.66
2013-08-09,0.28,0.14,0.485,0.12,2.605,2.855,1.125,-0.04,1.6336,1.08,4.26,7.315,5.075,8.0,10.55,2.66
2013-08-12,0.28,0.155,0.485,0.12,2.615,2.865,1.125,-0.04,1.6249,1.08,4.29,7.695,5.075,8.0,10.725,2.66
2013-08-13,0.28,0.14,0.485,0.12,2.665,2.805,1.125,-0.04,1.6268,1.08,4.3,7.765,5.075,8.0,10.825,2.66
2013-08-14,0.28,0.14,0.485,0.125,2.655,2.85,1.125,-0.03,1.6214,1.09,4.295,7.665,5.075,7.88,11.0,2.66
2013-08-15,0.28,0.165,0.485,0.12,2.655,2.895,1.125,-0.03,1.6275,1.07,4.295,7.68,5.075,7.88,11.0,2.66
2013-08-16,0.28,0.14,0.485,0.115,2.655,2.805,1.125,-0.03,1.6216,1.07,4.3,8.86,5.075,8.0,11.1,2.66
2013-08-19,0.28,0.155,0.485,0.17,2.675,2.805,1.125,-0.03,1.6244,1.07,4.305,8.25,5.075,8.0,10.96,2.66
2013-08-20,0.28,0.14,0.485,0.12,2.675,2.855,1.125,-0.03,1.6203,1.08,4.285,7.55,5.075,8.0,11.4,2.66
2013-08-21,0.28,0.14,0.485,0.125,2.675,2.835,1.125,-0.03,1.6018,1.07,4.285,9.025,5.075,8.5,11.35,2.66
2013-08-22,0.28,0.155,0.485,0.125,2.685,2.835,1.125,-0.03,1.6098,1.08,4.295,8.2,5.075,8.75,11.375,2.66
2013-08-23,0.28,0.14,0.485,0.125,2.605,2.845,1.125,-0.03,1.6367,1.09,4.285,7.72,5.075,8.75,11.35,2.66
2013-08-26,0.28,0.18,0.495,0.12,2.655,2.855,1.125,-0.03,1.6151,1.09,4.315,7.41,5.075,7.75,11.35,2.66
2013-08-27,0.28,0.14,0.485,0.125,2.665,2.855,1.125,-0.03,1.6243,1.09,4.3,9.43,5.075,7.75,11.425,2.66
2013-08-28,0.27,0.145,0.485,0.125,2.645,2.835,1.125,-0.025,1.6042,1.08,4.305,7.985,5.075,7.75,11.775,2.66
2013-08-29,0.27,0.145,0.485,0.125,2.555,2.8,1.125,-0.03,1.5983,1.08,4.308,6.71,5.075,7.75,11.675,2.66
2013-08-30,0.27,0.14,0.485,0.16,2.655,2.835,1.125,0.13,1.5901,1.08,4.31,7.45,5.075,7.75,11.7,2.66
2013-09-02,0.27,0.14,0.485,0.125,2.605,2.825,1.125,-0.03,1.6037,1.09,4.293,8.88,5.075,8.75,11.75,2.66
2013-09-03,0.27,0.14,0.485,0.12,2.675,2.835,1.125,-0.03,1.5956,1.09,4.283,8.285,5.075,8.75,11.575,2.66
2013-09-04,0.27,0.14,0.485,0.125,2.695,2.855,1.125,-0.02,1.599,1.08,4.282,8.625,5.075,8.75,11.725,2.66
2013-09-05,0.27,0.14,0.485,0.125,2.695,2.865,1.125,0.15,1.5937,1.08,4.265,7.765,5.075,8.75,10.525,2.66
2013-09-06,0.27,0.155,0.485,0.125,2.695,2.855,1.125,-0.02,1.6118,1.08,3.975,7.775,5.075,8.75,10.65,2.66
2013-09-09,0.27,0.14,0.485,0.125,2.685,2.845,1.125,-0.04,1.6266,1.08,4.0,8.105,5.075,8.75,10.65,2.66
2013-09-10,0.27,0.14,0.485,0.125,2.685,2.825,1.125,-0.04,1.6341,1.08,3.99,7.59,5.075,8.75,10.5,2.66
2013-09-11,0.27,0.14,0.485,0.165,2.675,2.815,1.125,0.16,1.6198,1.07,3.98,8.65,5.075,8.75,10.65,2.66
2013-09-12,0.27,0.14,0.485,0.125,2.65,2.8,1.125,0.16,1.6625,1.07,3.975,8.005,5.075,8.75,10.525,2.66
2013-09-13,0.27,0.14,0.485,0.115,2.645,2.825,1.125,-0.02,1.6358,1.07,3.97,7.415,5.075,8.6,10.7,2.66
2013-09-16,0.27,0.14,0.485,0.165,2.675,2.775,1.125,0.16,1.6235,1.07,3.97,8.59,5.075,8.5,10.65,2.66
2013-09-17,0.27,0.135,0.485,0.115,2.705,2.835,1.125,0.025,1.6284,1.08,3.982,7.25,5.075,8.5,10.7,2.66
2013-09-18,0.27,0.145,0.485,0.13,2.655,2.825,1.125,-0.05,1.6374,1.07,3.963,8.255,5.075,8.5,10.45,2.66
2013-09-19,0.27,0.135,0.485,0.11,2.635,2.795,1.125,-0.05,1.6038,1.08,3.96,7.66,5.075,8.5,9.9,2.66
2013-09-20,0.27,0.145,0.485,0.11,2.625,2.785,1.125,-0.07,1.5849,1.07,3.98,7.25,5.075,8.35,9.8,2.66
2013-09-23,0.27,0.145,0.485,0.105,2.65,2.8,1.125,0.025,1.5541,1.06,3.98,7.57,5.075,8.13,9.855,2.66
2013-09-24,0.27,0.145,0.485,0.11,2.605,2.78,1.125,0.0,1.5456,1.03,3.98,9.26,5.075,8.0,9.725,2.66
2013-09-25,0.27,0.145,0.485,0.095,2.595,2.755,1.125,0.0,1.5819,1.03,3.965,9.11,5.075,7.75,9.7,2.66
2013-09-26,0.27,0.145,0.485,0.135,2.605,2.785,1.125,-0.035,1.6064,1.05,3.96,7.945,5.075,7.75,9.625,2.66
2013-09-27,0.27,0.165,0.485,0.12,2.625,2.755,1.125,-0.075,1.6107,1.06,3.9,8.525,5.075,7.75,9.75,2.66
2013-09-30,0.27,0.145,0.485,0.095,2.6,2.705,1.125,-0.075,1.61,1.06,3.9,7.58,5.075,7.75,9.55,2.66
2013-10-01,0.27,0.145,0.485,0.095,2.635,2.705,1.125,0.025,1.6062,1.07,3.9,7.23,5.1,7.75,9.55,2.66
2013-10-02,0.27,0.145,0.485,0.1,2.645,2.785,1.125,-0.025,1.604,1.07,3.88,6.53,5.075,7.75,9.55,2.66
2013-10-03,0.27,0.145,0.485,0.1,2.655,2.785,1.125,-0.025,1.6082,1.05,3.87,9.42,5.075,7.75,9.55,2.66
2013-10-04,0.27,0.145,0.485,0.1,2.7,2.735,1.125,-0.025,1.6054,1.13,3.87,8.44,5.075,7.75,9.55,2.66
2013-10-07,0.27,0.145,0.485,0.07,2.825,2.825,1.125,-0.025,1.6129,1.08,3.875,9.015,5.075,7.75,9.465,2.66
2013-10-08,0.22,0.145,0.485,0.1,2.695,2.835,1.125,-0.025,1.6267,1.1,3.87,10.1,5.1,7.75,8.975,2.66
2013-10-09,0.27,0.145,0.485,0.1,2.715,2.855,1.125,-0.05,1.6356,1.12,3.875,7.245,5.1,7.7,8.875,2.66
2013-10-10,0.27,0.175,0.485,0.14,2.65,2.8,1.125,0.0,1.6185,1.11,3.83,8.415,5.1,7.6,9.025,2.66
2013-10-11,0.27,0.175,0.485,0.14,2.66,2.78,1.125,0.025,1.5831,1.1,3.823,7.57,5.075,7.5,8.99,2.66
2013-10-14,0.2369,0.155,0.485,0.105,2.675,2.705,1.175,-0.05,1.5977,1.1,3.823,8.52,5.1,8.35,8.95,2.66
2013-10-15,0.2731,0.155,0.485,0.1,2.655,2.825,1.175,-0.05,1.5921,1.09,3.85,7.89,5.075,8.35,8.95,2.66
2013-10-16,0.29,0.175,0.485,0.15,2.65,2.8,1.19,-0.05,1.6025,1.1,3.842,8.42,5.075,7.5,8.95,2.66
2013-10-17,0.265,0.16,0.485,0.105,2.65,2.8,1.145,-0.05,1.5958,1.08,3.842,8.095,5.1,7.5,8.95,2.66
2013-10-18,0.26,0.16,0.485,0.105,2.645,2.815,1.135,-0.05,1.586,1.07,3.829,7.515,5.1,7.5,8.95,2.66
2013-10-21,0.265,0.165,0.485,0.105,2.645,2.835,1.155,-0.05,1.5934,1.09,3.815,8.84,5.075,7.4,8.925,2.66
2013-10-22,0.265,0.165,0.485,0.15,2.635,2.825,1.1,-0.05,1.596,1.09,3.77,9.59,5.075,7.4,8.965,2.66
2013-10-23,0.255,0.165,0.485,0.11,2.625,2.825,1.135,-0.05,1.5683,1.09,3.8,9.67,5.1,7.4,8.85,2.66
2013-10-24,0.245,0.165,0.485,0.06,2.62,2.79,1.125,-0.05,1.5652,1.08,3.825,8.48,5.1,7.4,8.975,2.66
2013-10-25,0.225,0.165,0.485,0.11,2.615,2.785,1.125,-0.05,1.5724,1.08,3.81,9.48,5.075,7.4,8.925,2.66
2013-10-28,0.23,0.165,0.485,0.11,2.615,2.785,1.125,-0.05,1.5713,1.09,3.823,6.83,5.075,7.4,9.025,2.66
2013-10-29,0.23,0.175,0.49,0.15,2.605,2.775,1.135,-0.05,1.5673,1.08,3.82,10.045,5.1,7.4,8.85,2.65
2013-10-30,0.23,0.175,0.49,0.15,2.595,2.705,1.125,-0.05,1.5463,1.08,3.81,8.63,5.075,7.4,8.8,2.65
2013-10-31,0.225,0.175,0.49,0.115,2.615,2.775,1.115,0.0,1.5684,1.08,3.82,8.35,5.075,7.4,8.8,2.65
2013-11-01,0.25,0.175,0.49,0.115,2.605,2.795,1.135,-0.05,1.5744,1.08,3.825,8.73,5.075,7.4,8.825,2.65
2013-11-04,0.25,0.175,0.49,0.115,2.635,2.795,1.145,-0.05,1.5889,1.09,3.81,8.72,5.075,7.9,8.825,2.65
2013-11-05,0.255,0.175,0.49,0.115,2.635,2.805,1.21,-0.05,1.5666,1.09,3.805,8.825,5.1,7.9,8.78,2.65
2013-11-06,0.255,0.175,0.49,0.115,2.625,2.795,1.165,-0.05,1.5699,1.09,3.82,8.555,5.1,7.9,8.575,2.65
2013-11-07,0.245,0.16,0.49,0.12,2.655,2.795,1.145,-0.05,1.538,1.08,3.81,8.335,5.125,7.95,8.5,2.65
2013-11-08,0.235,0.16,0.49,0.12,2.605,2.765,1.115,-0.05,1.5315,1.05,3.815,9.225,5.125,7.95,8.9,2.65
2013-11-11,0.235,0.16,0.49,0.12,2.635,2.775,1.115,0.0,1.5543,1.05,3.82,8.285,5.125,7.95,9.04,2.65
2013-11-12,0.235,0.16,0.49,0.12,2.625,2.795,1.135,0.0,1.565,1.06,3.81,8.245,5.125,8.15,9.125,2.65
2013-11-13,0.235,0.16,0.49,0.125,2.655,2.785,1.135,0.0,1.5842,1.04,3.798,8.785,5.15,8.15,9.205,2.65
2013-11-14,0.24,0.16,0.49,0.125,2.625,2.785,1.135,-0.05,1.5785,1.02,3.805,8.895,5.125,8.15,9.275,2.65
2013-11-15,0.235,0.16,0.49,0.125,2.625,2.755,1.135,-0.05,1.62,0.99,3.798,8.895,5.15,8.28,9.275,2.65
2013-11-18,0.235,0.16,0.49,0.125,2.605,2.745,1.125,-0.05,1.5676,1.0,3.798,7.715,5.125,8.18,9.225,2.65
2013-11-19,0.235,0.16,0.49,0.12,2.605,2.775,1.125,0.0,1.5564,1.0,3.815,8.955,5.15,8.18,9.115,2.65
2013-11-20,0.23,0.16,0.49,0.125,2.595,2.775,1.125,-0.05,1.5346,0.96,3.815,8.89,5.125,8.18,9.175,2.65
2013-11-21,0.235,0.16,0.49,0.065,2.605,2.785,1.135,-0.0745,1.5364,0.95,3.8,9.745,5.15,8.18,9.125,2.65
2013-11-22,0.225,0.16,0.49,0.125,2.605,2.765,1.125,-0.05,1.5313,0.96,3.82,8.19,5.15,8.38,9.225,2.65
2013-11-25,0.21,0.165,0.49,0.18,2.585,2.775,1.115,-0.05,1.5432,0.95,3.805,9.285,5.125,8.38,9.15,2.65
2013-11-26,0.21,0.165,0.49,0.085,2.65,2.8,1.135,-0.05,1.5502,0.94,3.805,8.275,5.15,8.38,9.15,2.65
2013-11-27,0.21,0.165,0.49,0.12,2.575,2.785,1.125,-0.05,1.5545,0.95,3.805,9.0,5.125,8.38,9.0,2.65
2013-11-28,0.235,0.165,0.49,0.12,2.585,2.805,1.115,-0.05,1.5621,0.95,3.805,8.51,5.125,8.38,9.005,2.65
2013-11-29,0.23,0.165,0.49,0.065,2.575,2.755,1.115,-0.02,1.561,0.94,3.805,7.86,5.15,8.38,9.075,2.65
2013-12-02,0.23,0.165,0.49,0.12,2.585,2.835,1.125,-0.05,1.5608,0.94,3.805,9.09,5.125,8.38,9.025,2.65
2013-12-03,0.22,0.17,0.49,0.12,2.615,2.845,1.125,0.0,1.5628,0.95,3.805,8.065,5.15,8.38,8.95,2.65
2013-12-04,0.225,0.175,0.49,0.12,2.605,2.855,1.125,-0.05,1.5537,0.98,3.805,10.165,5.15,8.38,8.825,2.65
2013-12-05,0.225,0.17,0.49,0.125,2.65,2.855,1.105,-0.05,1.5574,0.96,3.805,8.065,5.15,8.38,8.815,2.65
2013-12-06,0.2,0.195,0.49,0.12,2.605,2.805,1.095,-0.05,1.5482,0.93,3.805,9.105,5.15,8.38,8.885,2.65
2013-12-09,0.19,0.2,0.49,0.12,2.655,2.785,1.095,0.0,1.585,0.93,3.805,8.45,5.15,8.38,8.925,2.65
2013-12-10,0.18,0.215,0.49,0.12,2.585,2.775,1.075,0.005,1.545,0.92,3.8,8.26,5.15,8.38,8.85,2.65
2013-12-11,0.18,0.215,0.49,0.12,2.655,2.805,1.065,-0.05,1.575,0.92,3.805,8.855,5.15,8.38,8.825,2.65
2013-12-12,0.195,0.22,0.49,0.035,2.605,2.745,1.075,-0.05,1.575,0.88,3.81,7.675,5.15,8.38,8.685,2.65
2013-12-13,0.185,0.22,0.49,0.085,2.635,2.805,1.13,-0.05,1.7,0.98,3.798,8.65,5.15,8.38,8.65,2.65
2013-12-16,0.185,0.245,0.49,0.12,2.625,2.795,1.085,0.0,1.545,0.83,3.798,8.355,5.15,8.38,8.71,2.65
2013-12-17,0.175,0.26,0.49,0.085,2.625,2.825,1.105,-0.05,1.7,0.8,3.785,8.425,5.15,8.38,8.65,2.65
2013-12-18,0.185,0.26,0.49,0.085,2.645,2.855,1.105,-0.05,1.64,0.8,3.785,8.015,5.15,8.38,8.675,2.65
2013-12-19,0.24,0.26,0.495,0.085,2.675,2.905,1.115,-0.05,1.615,0.83,3.785,10.055,5.15,8.38,8.625,2.65
2013-12-20,0.23,0.255,0.495,0.065,2.605,2.855,1.115,-0.05,1.565,0.81,3.785,9.855,5.15,9.13,8.665,2.65
2013-12-23,0.22,0.245,0.495,0.105,2.595,2.845,1.115,-0.07,1.585,0.83,3.785,8.29,5.15,9.13,8.65,2.65
2013-12-24,0.215,0.2525,0.495,0.105,2.585,2.855,1.125,-0.075,1.575,0.83,3.805,8.185,5.15,9.13,8.575,2.65
2013-12-25,0.215,0.25,0.495,0.085,2.605,2.865,1.15,-0.0525,1.7,0.91,3.805,8.185,5.15,9.13,8.575,2.65
2013-12-26,0.215,0.25,0.495,0.085,2.605,2.865,1.15,-0.0525,1.7,0.91,3.796,8.105,5.15,9.13,8.625,2.65
2013-12-27,0.215,0.25,0.495,0.11,2.595,2.855,1.105,-0.07,1.575,0.87,3.785,8.975,5.15,9.48,8.66,2.65
2013-12-30,0.23,0.205,0.495,0.1,2.655,2.915,1.115,-0.02,1.615,0.86,3.795,8.89,5.15,9.48,8.7,2.66
2013-12-31,0.23,0.235,0.495,0.1055,2.645,2.935,1.21,-0.04,1.61,0.86,3.785,9.005,5.15,9.48,8.625,2.66
2014-01-01,0.23,0.235,0.495,0.085,2.605,2.905,1.15,-0.02,1.61,0.91,3.785,9.005,5.15,9.48,8.475,2.66
2014-01-02,0.23,0.235,0.495,0.105,2.605,2.955,1.145,-0.02,1.565,0.85,3.795,8.5,5.15,9.48,8.7,2.66
2014-01-03,0.235,0.23,0.495,0.105,2.645,2.995,1.145,0.0,1.55,0.85,3.785,8.61,5.15,9.48,8.925,2.66
2014-01-06,0.2375,0.24,0.495,0.1,2.645,2.995,1.135,-0.03,1.58,0.86,3.784,9.235,5.15,9.13,8.7,2.66
2014-01-07,0.235,0.23,0.495,0.1,2.605,2.85,1.115,-0.035,1.585,0.84,3.79,10.035,5.15,9.13,8.95,2.66
2014-01-08,0.2375,0.2425,0.495,0.085,2.655,2.955,1.11,-0.025,1.53,0.8,3.792,10.435,5.15,9.13,9.075,2.66
2014-01-09,0.2275,0.2425,0.495,0.085,2.625,2.965,1.105,-0.03,1.575,0.83,3.808,9.325,5.175,9.13,9.125,2.65
2014-01-10,0.2275,0.24,0.495,0.09,2.635,2.935,1.105,-0.0525,1.5725,0.82,3.783,9.6,5.175,9.13,9.075,2.65
2014-01-13,0.23,0.25,0.495,0.095,2.645,2.935,1.095,-0.03,1.575,0.82,3.784,10.815,5.15,9.13,9.175,2.65
2014-01-14,0.23,0.23,0.495,0.085,2.65,2.95,1.085,-0.03,1.575,0.83,3.795,9.575,5.175,9.13,9.175,2.65
2014-01-15,0.22,0.24,0.495,0.085,2.61,2.895,1.065,-0.05,1.535,0.82,3.796,9.36,5.175,9.13,8.95,2.65
2014-01-16,0.18,0.25,0.495,0.085,2.585,2.885,1.045,-0.03,1.53,0.82,3.759,8.14,5.175,9.13,9.16,2.65
2014-01-17,0.18,0.27,0.495,0.085,2.655,2.905,1.1,-0.0275,1.565,0.935,3.785,8.285,5.175,9.13,9.125,2.65
2014-01-20,0.185,0.2575,0.495,0.1,2.65,2.905,1.065,-0.05,1.57,0.83,3.795,10.535,5.175,9.25,9.17,2.65
2014-01-21,0.185,0.27,0.495,0.09,2.595,2.965,1.055,-0.0275,1.58,0.84,3.785,9.63,5.175,9.25,9.19,2.65
2014-01-22,0.185,0.27,0.495,0.09,2.635,2.985,1.055,-0.03,1.565,0.83,3.789,9.58,5.175,9.25,9.155,2.65
2014-01-23,0.195,0.27,0.495,0.11,2.625,3.005,1.1,-0.0075,1.565,0.83,3.79,8.88,5.175,9.25,9.175,2.65
2014-01-24,0.2,0.27,0.495,0.09,2.645,2.955,1.065,-0.0125,1.565,0.83,3.784,8.425,5.175,9.5,9.185,2.65
2014-01-27,0.24,0.27,0.495,0.11,2.645,3.015,1.075,-0.0125,1.56,0.83,3.79,9.13,5.175,10.7,9.225,2.65
2014-01-28,0.205,0.25,0.495,0.095,2.665,2.995,1.085,-0.02,1.575,0.82,3.776,8.25,5.175,10.0,9.325,2.65
2014-01-29,0.23,0.27,0.495,0.095,2.675,2.955,1.1,-0.02,1.585,0.83,3.776,9.17,5.175,11.1,9.375,2.65
2014-01-30,0.225,0.25,0.495,0.095,2.665,2.95,1.095,0.01,1.585,0.84,3.776,7.95,5.625,11.1,9.5,2.65
2014-01-31,0.235,0.2525,0.495,0.095,2.655,2.955,1.075,-0.02,1.605,0.84,3.81,9.04,5.625,11.1,9.44,2.65
2014-02-03,0.255,0.25,0.495,0.12,2.65,2.995,1.115,-0.02,1.615,0.85,3.805,10.71,5.625,11.1,9.56,2.65
2014-02-04,0.25,0.24,0.495,0.1,2.685,3.035,1.115,-0.02,1.605,0.84,3.804,8.435,5.625,11.1,9.575,2.65
2014-02-05,0.25,0.235,0.495,0.095,2.665,2.99,1.105,-0.04,1.605,0.82,3.804,9.685,5.625,11.1,9.575,2.65
2014-02-06,0.265,0.22,0.495,0.1,2.695,3.035,1.095,-0.0025,1.615,0.82,3.8,9.64,5.625,11.1,9.475,2.65
2014-02-07,0.235,0.24,0.495,0.095,2.665,3.045,1.085,-0.05,1.595,0.82,3.875,9.275,5.625,11.1,9.475,2.65
2014-02-10,0.23,0.24,0.495,0.095,2.655,3.005,1.085,-0.025,1.595,0.82,3.783,9.17,5.625,11.1,9.56,2.65
2014-02-11,0.245,0.24,0.495,0.12,2.655,3.02,1.085,-0.0275,1.59,0.83,3.783,7.905,5.625,11.1,9.565,2.65
2014-02-12,0.22,0.23,0.495,0.1,2.75,3.015,1.095,-0.025,1.635,0.84,3.783,10.63,5.625,11.1,9.59,2.65
2014-02-13,0.24,0.24,0.495,0.095,2.655,3.035,1.105,-0.0475,1.645,0.85,3.787,8.26,5.625,11.1,9.575,2.65
2014-02-14,0.23,0.25,0.495,0.095,2.685,3.025,1.105,0.0225,1.64,0.84,3.802,9.34,5.625,11.1,9.73,2.65
2014-02-17,0.25,0.25,0.495,0.095,2.655,3.025,1.105,-0.0525,1.605,0.84,3.762,9.595,5.625,11.1,9.65,2.65
2014-02-18,0.25,0.235,0.495,0.09,2.675,3.025,1.095,-0.05,1.625,0.79,3.809,10.615,5.625,11.1,9.75,2.65
2014-02-19,0.225,0.235,0.495,0.09,2.655,3.045,1.115,0.0225,1.605,0.8,3.794,9.065,5.625,11.1,9.785,2.65
2014-02-20,0.225,0.23,0.495,0.09,2.685,3.065,1.105,-0.05,1.605,0.79,3.81,8.77,5.625,11.58,9.79,2.65
2014-02-21,0.225,0.23,0.495,0.09,2.675,3.065,1.085,0.0,1.615,0.78,3.811,7.825,5.625,11.53,9.65,2.65
2014-02-24,0.215,0.23,0.495,0.09,2.675,3.075,1.105,0.0,1.635,0.8,3.811,9.265,5.625,11.53,9.825,2.65
2014-02-25,0.22,0.23,0.495,0.095,2.675,3.075,1.105,-0.05,1.61,0.81,3.813,9.13,6.1,11.53,9.825,2.65
2014-02-26,0.22,0.23,0.495,0.095,2.655,3.005,1.095,-0.025,1.595,0.78,3.813,9.685,6.05,11.53,9.825,2.65
2014-02-27,0.22,0.23,0.495,0.095,2.685,3.005,1.105,-0.045,1.615,0.8,3.808,8.405,6.05,11.53,9.825,2.65
2014-02-28,0.26,0.245,0.495,0.095,2.675,3.005,1.085,-0.045,1.625,0.81,3.808,10.66,6.05,11.53,9.825,2.65
2014-03-03,0.22,0.25,0.495,0.12,2.665,3.085,1.095,-0.05,1.635,0.82,3.8,10.61,6.1,11.5,9.875,2.65
2014-03-04,0.235,0.2475,0.495,0.09,2.655,3.075,1.085,-0.05,1.625,0.82,3.82,10.18,6.1,11.35,10.16,2.65
2014-03-05,0.23,0.23,0.495,0.09,2.695,3.065,1.095,-0.0225,1.6025,0.81,3.8,9.36,6.1,11.48,9.9,2.65
2014-03-06,0.23,0.2475,0.495,0.09,2.665,3.075,1.065,-0.0475,1.625,0.79,3.79,10.485,6.1,11.48,9.825,2.65
2014-03-07,0.21,0.235,0.495,0.075,2.705,3.055,1.055,0.0,1.605,0.77,3.81,9.935,6.1,11.63,9.65,2.65
2014-03-10,0.21,0.2575,0.495,0.075,2.645,3.055,1.045,-0.03,1.615,0.79,3.808,9.885,6.1,11.63,9.715,2.65
2014-03-11,0.2175,0.24,0.495,0.085,2.665,3.075,1.1,-0.025,1.625,0.82,3.81,10.44,5.98,11.63,9.675,2.65
2014-03-12,0.215,0.2625,0.495,0.085,2.685,3.105,1.065,0.0025,1.635,0.81,3.813,8.825,6.05,11.78,9.575,2.65
2014-03-13,0.215,0.27,0.495,0.09,2.705,3.105,1.1,0.005,1.645,0.82,3.813,10.72,6.05,11.78,9.685,2.65
2014-03-14,0.22,0.24,0.495,0.085,2.655,3.095,1.1,-0.0075,1.645,0.82,3.805,9.68,6.05,11.78,9.725,2.65
2014-03-17,0.22,0.25,0.495,0.085,2.685,3.145,1.085,-0.01,1.645,0.82,3.81,10.09,6.05,11.63,9.725,2.65
2014-03-18,0.215,0.26,0.495,0.085,2.685,3.145,1.075,0.0,1.625,0.81,3.81,8.195,6.05,11.65,9.575,2.65
2014-03-19,0.21,0.25,0.495,0.09,2.695,3.155,1.05,-0.0525,1.625,0.81,3.81,9.035,6.05,11.0,9.575,2.65
2014-03-20,0.215,0.26,0.495,0.075,2.705,3.135,1.065,-0.0525,1.625,0.8,3.813,9.055,6.0,13.5,9.5,2.65
2014-03-21,0.23,0.28,0.505,0.075,2.685,3.135,1.05,0.0,1.605,0.8,3.81,10.515,6.0,13.5,9.325,2.65
2014-03-24,0.2275,0.28,0.505,0.09,2.675,3.15,1.045,-0.0525,1.605,0.79,3.81,10.205,6.0,11.65,9.25,2.65
2014-03-25,0.215,0.265,0.505,0.09,2.705,3.155,1.05,-0.05,1.625,0.81,3.81,10.755,6.0,11.0,9.2,2.65
2014-03-26,0.215,0.265,0.505,0.09,2.715,3.195,1.065,-0.05,1.625,0.79,3.81,8.545,6.005,13.5,9.15,2.65
2014-03-27,0.215,0.265,0.505,0.075,2.685,3.185,1.065,-0.025,1.615,0.78,3.81,8.58,6.1,13.5,9.375,2.65
2014-03-28,0.22,0.27,0.505,0.09,2.705,3.205,1.085,-0.05,1.645,0.79,3.81,10.44,6.1,11.0,9.95,2.65
2014-03-31,0.2325,0.265,0.505,0.085,2.675,3.175,1.055,-0.055,1.635,0.79,3.81,11.28,6.1,11.0,9.95,2.65
2014-04-01,0.2325,0.265,0.505,0.045,2.705,3.195,1.1,-0.05,1.655,0.79,3.81,9.285,6.05,11.48,9.95,2.65
2014-04-02,0.205,0.27,0.505,0.075,2.735,3.205,1.1,-0.02,1.645,0.78,3.81,8.685,6.05,11.48,8.8,2.65
2014-04-03,0.2125,0.2775,0.505,0.05,2.735,3.195,1.075,-0.02,1.635,0.78,3.81,8.87,6.05,11.48,8.85,2.65
2014-04-04,0.22,0.28,0.505,0.075,2.735,3.205,1.09,-0.02,1.635,0.77,3.81,9.075,6.05,11.48,8.625,2.65
2014-04-07,0.2075,0.275,0.505,0.04,2.705,3.205,1.065,0.0,1.62,0.75,3.81,9.915,6.05,11.48,9.05,2.65
2014-04-08,0.22,0.285,0.505,0.04,2.705,3.245,1.075,-0.02,1.66,0.78,3.805,8.835,6.05,10.98,9.05,2.65
2014-04-09,0.205,0.2725,0.505,0.12,2.685,3.245,1.1,-0.02,1.655,0.79,3.81,8.445,6.05,10.98,8.625,2.65
2014-04-10,0.205,0.2725,0.505,0.045,2.705,3.255,1.085,-0.02,1.65,0.79,3.81,10.045,6.05,10.83,8.7,2.65
2014-04-11,0.2,0.28,0.505,0.045,2.675,3.27,1.075,-0.02,1.675,0.8,3.81,10.445,6.05,11.13,8.675,2.65
2014-04-14,0.2,0.28,0.505,0.035,2.685,3.235,1.1,-0.0375,1.705,0.78,3.81,9.585,6.05,11.13,8.675,2.65
2014-04-15,0.2,0.28,0.505,0.035,2.755,3.245,1.075,-0.075,1.675,0.78,3.81,9.285,6.05,10.3,9.025,2.65
2014-04-16,0.2,0.2875,0.51,0.035,2.665,3.255,1.065,-0.0475,1.695,0.78,3.81,10.03,6.05,10.3,9.025,2.65
2014-04-17,0.21,0.2825,0.51,0.065,2.675,3.275,1.1,-0.045,1.705,0.78,3.81,9.325,6.05,10.3,9.075,2.65
2014-04-18,0.21,0.275,0.51,0.035,2.705,3.305,1.1,-0.0275,1.705,0.935,3.81,9.325,6.05,10.3,9.075,2.65
2014-04-21,0.2125,0.285,0.51,0.035,2.705,3.305,1.1,-0.025,1.705,0.935,3.81,11.08,6.05,10.43,8.925,2.65
2014-04-22,0.2,0.29,0.51,0.07,2.705,3.305,1.075,-0.0075,1.69,0.77,3.81,8.775,6.05,10.28,9.09,2.65
2014-04-23,0.2,0.275,0.51,0.04,2.705,3.325,1.1,-0.01,1.6475,0.77,3.81,10.035,6.05,10.28,8.725,2.65
2014-04-24,0.2,0.31,0.51,0.12,2.685,3.305,1.055,-0.0225,1.665,0.76,3.81,10.015,6.05,10.28,8.725,2.65
2014-04-25,0.2,0.32,0.51,0.12,2.685,3.305,1.055,-0.0075,1.6525,0.76,3.81,10.53,6.05,10.28,8.8,2.65
2014-04-28,0.2025,0.32,0.51,0.12,2.705,3.325,1.065,-0.05,1.6675,0.8,3.81,10.13,6.1,10.28,9.025,2.65
2014-04-29,0.21,0.305,0.51,0.04,2.725,3.35,1.17,-0.0275,1.695,0.82,3.81,10.735,6.1,10.4,9.1,2.65
2014-04-30,0.2175,0.305,0.51,0.04,2.725,3.355,1.085,-0.05,1.715,0.82,3.81,11.04,6.1,10.4,8.8,2.65
2014-05-01,0.215,0.3,0.51,0.04,2.725,3.355,1.085,-0.025,1.715,0.82,3.81,10.635,6.1,10.4,8.8,2.65
2014-05-02,0.22,0.295,0.51,0.04,2.695,3.34,1.055,-0.03,1.69,0.77,3.81,10.535,6.1,10.3,9.025,2.65
2014-05-05,0.21,0.29,0.51,0.04,2.705,3.345,1.065,-0.05,1.725,0.78,3.8,10.9,6.1,10.3,9.065,2.65
2014-05-06,0.23,0.3,0.51,0.035,2.695,3.345,1.1,-0.05,1.695,0.78,3.81,10.47,6.1,10.3,9.075,2.65
2014-05-07,0.22,0.29,0.51,0.025,2.705,3.345,1.1,-0.03,1.685,0.78,3.8,10.42,6.1,10.25,9.025,2.65
2014-05-08,0.23,0.32,0.51,0.025,2.705,3.335,1.075,-0.05,1.6975,0.78,3.8,10.69,6.1,10.25,9.05,2.65
2014-05-09,0.23,0.31,0.51,0.025,2.725,3.355,1.095,-0.0625,1.715,0.8,3.81,10.58,6.1,10.25,9.0,2.65
2014-05-12,0.23,0.31,0.515,0.025,2.78,3.355,1.075,-0.0625,1.745,0.81,3.81,10.55,6.1,10.25,9.025,2.65
2014-05-13,0.23,0.3025,0.515,0.03,2.735,3.425,1.105,-0.0625,1.745,0.82,3.811,10.495,6.1,10.25,8.95,2.65
2014-05-14,0.2475,0.2875,0.515,0.025,2.725,3.395,1.085,-0.0625,1.705,0.84,3.8,10.28,6.15,10.25,8.95,2.65
2014-05-15,0.2525,0.29,0.515,0.03,2.755,3.435,1.135,-0.0625,1.765,0.82,3.803,10.295,6.15,10.25,9.025,2.65
2014-05-16,0.25,0.26,0.515,0.03,2.755,3.455,1.135,-0.06,1.725,0.82,3.817,10.73,6.15,10.25,8.925,2.65
2014-05-19,0.245,0.28,0.515,0.025,2.755,3.455,1.125,-0.0625,1.715,0.8,3.805,10.46,6.15,10.25,8.83,2.65
2014-05-20,0.24,0.27,0.515,0.06,2.755,3.455,1.1,-0.0625,1.75,0.8,3.8,10.455,6.15,10.25,8.725,2.65
2014-05-21,0.2475,0.26,0.515,0.025,2.725,3.445,1.095,-0.0125,1.725,0.8,3.8,10.15,6.15,10.25,8.675,2.65
2014-05-22,0.245,0.26,0.515,0.025,2.755,3.44,1.095,-0.06,1.73,0.79,3.803,10.28,6.05,10.0,8.65,2.65
2014-05-23,0.24,0.275,0.515,0.025,2.735,3.405,1.105,-0.025,1.72,0.8,3.805,10.35,6.05,9.75,8.8,2.65
2014-05-26,0.25,0.26,0.515,0.025,2.755,3.455,1.125,-0.07,1.71,0.8,3.8,10.515,6.15,9.75,8.675,2.65
2014-05-27,0.25,0.255,0.515,0.025,2.765,3.455,1.1,-0.0625,1.785,0.85,3.8,10.0,6.15,9.75,8.65,2.65
2014-05-28,0.255,0.25,0.515,0.025,2.775,3.465,1.145,-0.04,1.775,0.82,3.8,10.21,6.15,9.75,8.64,2.65
2014-05-29,0.255,0.2525,0.515,0.025,2.765,3.475,1.125,-0.0625,1.735,0.78,3.8,10.51,6.15,9.75,8.6,2.65
2014-05-30,0.27,0.245,0.515,0.025,2.765,3.475,1.1,-0.0625,1.745,0.8,3.8,10.32,6.15,9.75,8.525,2.65
2014-06-02,0.28,0.245,0.515,0.025,2.795,3.515,1.1,-0.075,1.8,0.82,3.8,10.34,6.15,9.8,8.64,2.65
2014-06-03,0.255,0.27,0.515,0.03,2.795,3.455,1.1,0.02,1.7525,0.82,3.8,10.46,6.15,9.8,8.625,2.65
2014-06-04,0.2925,0.265,0.515,0.03,2.815,3.545,1.165,0.0,1.765,0.8,3.8,10.005,6.15,9.8,8.575,2.65
2014-06-05,0.28,0.215,0.515,0.03,2.805,3.555,1.1,-0.0375,1.765,0.8,3.8,10.34,6.15,9.8,8.525,2.65
2014-06-06,0.26,0.21,0.515,0.03,2.805,3.545,1.1,-0.01,1.73,0.78,3.8,10.4,6.15,9.5,8.495,2.65
2014-06-09,0.28,0.21,0.515,0.03,2.805,3.545,1.145,-0.01,1.745,0.78,3.33,10.675,6.15,9.5,8.425,2.65
2014-06-10,0.25,0.1775,0.515,0.03,2.795,3.545,1.1,-0.0125,1.72,0.75,3.34,9.865,6.15,9.5,8.525,2.65
2014-06-11,0.25,0.1775,0.515,0.03,2.805,3.555,1.155,-0.0075,1.705,0.76,3.31,10.225,6.35,9.5,8.59,2.65
2014-06-12,0.275,0.1825,0.515,0.12,2.845,3.605,1.165,-0.0025,1.705,0.78,3.3,10.89,6.35,9.5,8.575,2.65
2014-06-13,0.28,0.16,0.55,0.025,2.805,3.675,1.185,-0.0025,1.72,0.79,3.3,10.49,6.35,9.5,8.575,2.65
2014-06-16,0.29,0.1325,0.55,0.025,2.885,3.685,1.195,0.03,1.705,0.82,3.33,10.51,6.35,9.5,8.575,2.65
2014-06-17,0.3,0.16,0.55,0.025,2.875,3.665,1.185,0.005,1.705,0.8,3.308,10.355,6.35,8.46,8.625,2.65
2014-06-18,0.285,0.16,0.55,0.06,2.805,3.675,1.175,0.0125,1.705,0.78,3.32,10.49,6.35,8.27,8.56,2.65
2014-06-19,0.275,0.1675,0.55,0.03,2.85,3.685,1.175,0.05,1.685,0.75,3.305,11.605,6.35,9.13,8.56,2.65
2014-06-20,0.27,0.15,0.55,0.03,2.85,3.635,1.145,-0.0025,1.7,0.7,3.305,10.46,6.4,9.5,8.56,2.65
2014-06-23,0.27,0.15,0.55,0.03,2.89,3.655,1.155,-0.0025,1.68,0.69,3.298,10.335,6.4,9.5,8.575,2.65
2014-06-24,0.26,0.14,0.55,0.03,2.88,3.675,1.165,-0.005,1.67,0.68,3.305,10.61,6.4,9.5,8.56,2.65
2014-06-25,0.2675,0.15,0.55,0.03,2.85,3.695,1.175,-0.0025,1.615,0.68,3.305,10.485,6.4,9.25,8.51,2.65
2014-06-26,0.27,0.1575,0.55,0.03,2.84,3.605,1.175,-0.0225,1.615,0.64,3.3,10.765,6.4,9.25,8.525,2.65
2014-06-27,0.2675,0.15,0.55,0.03,2.675,3.605,1.15,-0.0025,1.615,0.65,3.3,10.445,6.4,9.0,8.525,2.65
2014-06-30,0.27,0.15,0.55,0.03,2.86,3.715,1.1,-0.0025,1.615,0.65,3.303,10.7,6.4,8.9,8.525,2.65
2014-07-01,0.2675,0.15,0.55,0.02,2.89,3.715,1.15,-0.0075,1.63,0.65,3.31,10.645,6.5,8.9,8.575,2.65
2014-07-02,0.28,0.15,0.55,0.02,2.88,3.725,1.185,-0.0075,1.645,0.65,3.3,10.845,6.5,8.9,8.625,2.65
2014-07-03,0.28,0.15,0.55,0.02,2.84,3.725,1.175,-0.01,1.615,0.42,3.303,10.205,6.5,8.9,8.525,2.65
2014-07-04,0.27,0.15,0.55,0.02,2.84,3.655,1.1,-0.0025,1.615,0.42,3.29,10.75,6.5,8.9,8.45,2.65
2014-07-07,0.29,0.1275,0.55,0.02,2.675,3.745,1.185,-0.0475,1.595,0.41,3.29,10.855,6.5,8.9,8.575,2.65
2014-07-08,0.29,0.15,0.55,0.02,2.82,3.755,1.1,-0.0025,1.595,0.42,3.3,10.68,6.5,8.9,8.595,2.65
2014-07-09,0.275,0.1625,0.55,0.02,2.675,3.765,1.15,0.0125,1.6,0.43,3.28,10.815,6.5,8.9,8.525,2.65
2014-07-10,0.28,0.135,0.55,0.02,2.85,3.785,1.185,0.0125,1.605,0.44,3.29,10.56,6.5,8.9,8.6,2.65
2014-07-11,0.2875,0.15,0.55,0.015,2.85,3.785,1.195,-0.0025,1.605,0.45,3.28,10.435,6.5,8.7,8.575,2.65
2014-07-14,0.2875,0.145,0.55,0.06,2.85,3.775,1.165,-0.005,1.62,0.45,3.285,9.78,6.5,9.25,8.625,2.65
2014-07-15,0.275,0.1575,0.55,0.02,2.85,3.705,1.175,0.01,1.62,0.44,3.285,10.355,6.5,9.15,8.775,2.65
2014-07-16,0.28,0.15,0.55,0.02,2.85,3.775,1.15,0.0075,1.62,0.43,3.291,10.29,6.5,9.15,8.775,2.65
2014-07-17,0.29,0.15,0.55,0.02,2.83,3.705,1.1,0.0075,1.62,0.43,3.272,10.78,6.5,8.93,8.775,2.65
2014-07-18,0.28,0.125,0.55,0.02,2.83,3.705,1.1,0.005,1.62,0.42,3.283,10.775,6.5,9.0,8.775,2.65
2014-07-21,0.28,0.15,0.55,0.02,2.8,3.795,1.1,0.0025,1.6,0.42,3.272,10.565,6.5,8.85,8.685,2.65
2014-07-22,0.2925,0.125,0.55,0.015,2.8,3.795,1.155,-0.0275,1.6,0.41,3.29,10.47,6.5,11.0,8.7,2.65
2014-07-23,0.2675,0.125,0.55,0.015,2.675,3.775,1.135,-0.0025,1.595,0.4,3.28,10.31,6.5,11.13,8.725,2.65
2014-07-24,0.2575,0.1625,0.55,0.015,2.8,3.785,1.125,0.0025,1.595,0.39,3.28,10.485,6.5,11.13,8.725,2.65
2014-07-25,0.265,0.17,0.55,0.055,2.81,3.755,1.145,0.005,1.595,0.42,3.275,10.45,6.5,11.13,8.725,2.65
2014-07-28,0.265,0.17,0.55,0.015,2.81,3.785,1.135,0.0075,1.58,0.41,3.27,10.105,6.5,11.13,8.69,2.65
2014-07-29,0.27,0.135,0.55,0.015,2.8,3.785,1.1,0.005,1.56,0.41,3.28,10.28,6.5,11.13,8.69,2.65
2014-07-30,0.27,0.17,0.55,0.015,2.8,3.805,1.145,0.0075,1.54,0.4,3.28,9.69,6.5,11.13,8.805,2.65
2014-07-31,0.29,0.17,0.55,0.015,2.675,3.805,1.1,0.03,1.555,0.42,3.28,10.26,6.5,8.9,8.765,2.65
2014-08-01,0.27,0.14,0.55,0.015,2.81,3.805,1.145,0.0175,1.555,0.42,3.284,9.68,6.5,8.9,8.775,2.65
2014-08-04,0.29,0.15,0.55,0.055,2.82,3.755,1.1,0.03,1.575,0.42,3.284,10.51,6.5,8.9,8.875,2.65
2014-08-05,0.27,0.1375,0.55,0.015,2.675,3.755,1.1,0.0225,1.575,0.43,3.305,10.345,6.5,8.93,8.85,2.65
2014-08-06,0.285,0.17,0.55,0.015,2.8,3.755,1.1,0.06,1.575,0.44,3.205,10.2,6.5,9.25,8.72,2.65
2014-08-07,0.28,0.17,0.55,0.015,2.79,3.755,1.1,0.025,1.575,0.44,3.285,10.69,6.5,9.25,8.825,2.65
2014-08-08,0.285,0.13,0.55,0.015,2.81,3.755,1.1,0.0425,1.575,0.45,3.295,10.645,6.5,9.35,8.825,2.65
2014-08-11,0.285,0.17,0.55,0.015,2.81,3.825,1.1,0.02,1.59,0.44,3.275,10.65,6.5,9.05,8.825,2.63
2014-08-12,0.32,0.17,0.55,0.015,2.82,3.8,1.1,0.025,1.605,0.45,3.263,10.715,6.5,9.15,8.77,2.62
2014-08-13,0.32,0.1325,0.55,0.015,2.85,3.8,1.1,0.0475,1.595,0.45,3.273,10.215,6.5,9.38,8.825,2.61
2014-08-14,0.32,0.1275,0.55,0.015,2.84,3.845,1.1,0.0325,1.6,0.45,3.275,10.12,6.55,9.05,8.825,2.46
2014-08-15,0.285,0.1575,0.55,0.015,2.83,3.845,1.1,0.025,1.595,0.46,3.266,10.18,6.55,9.15,8.825,2.46
2014-08-18,0.29,0.15,0.55,0.015,2.81,3.8,1.1,0.0225,1.6,0.47,3.27,9.91,6.55,9.15,8.825,2.43
2014-08-19,0.295,0.16,0.55,0.015,2.83,3.885,1.1,0.05,1.605,0.46,3.285,9.67,6.55,9.15,8.82,2.42
2014-08-20,0.33,0.15,0.55,0.015,2.8,3.895,1.1,0.0175,1.6,0.45,3.29,9.945,6.55,9.15,8.825,2.42
2014-08-21,0.29,0.115,0.55,0.015,2.83,3.865,1.1,0.035,1.58,0.43,3.315,10.85,6.55,9.15,8.775,2.42
2014-08-22,0.285,0.1425,0.55,0.015,2.82,3.835,1.1,0.0225,1.58,0.42,3.296,10.33,6.55,9.15,8.775,2.41
2014-08-25,0.31,0.12,0.55,0.015,2.82,3.805,1.1,0.0425,1.58,0.43,3.291,10.085,6.55,9.18,8.725,2.41
2014-08-26,0.31,0.0925,0.55,0.015,2.82,3.79,1.1,0.02,1.58,0.43,3.292,9.665,6.55,11.13,8.775,2.4
2014-08-27,0.2875,0.1225,0.55,0.015,2.84,3.87,1.1,-0.0025,1.63,0.42,3.293,10.25,6.55,9.05,8.625,2.4
2014-08-28,0.295,0.1225,0.55,0.015,2.85,3.855,1.1,-0.0025,1.63,0.41,3.285,10.29,6.55,8.93,8.675,2.4
2014-08-29,0.3,0.11,0.55,0.015,2.85,3.875,1.1,-0.05,1.63,0.42,3.288,10.35,6.55,9.0,8.675,2.4
2014-09-01,0.305,0.13,0.55,0.015,2.85,3.895,1.1,0.02,1.63,0.44,3.285,10.29,6.55,9.0,8.725,2.4
2014-09-02,0.315,0.06,0.55,0.015,2.85,3.875,1.1,0.03,1.64,0.42,3.271,10.3,6.55,9.0,8.765,2.36
2014-09-03,0.305,0.055,0.55,0.055,2.85,3.8,1.1,0.0,1.64,0.42,3.25,10.745,6.55,9.0,8.825,2.36
2014-09-04,0.33,-0.01,0.55,0.015,2.85,3.865,1.195,0.0,1.64,0.41,3.252,10.74,6.55,9.0,8.715,2.35
2014-09-05,0.33,-0.01,0.55,0.015,2.86,3.875,1.195,-0.02,1.64,0.4,3.285,10.63,6.4,9.0,8.675,2.35
2014-09-08,0.32,-0.01,0.55,0.015,2.86,3.905,1.225,-0.01,1.585,0.41,3.29,10.28,6.4,9.0,8.695,2.35
2014-09-09,0.315,-0.01,0.55,-0.02,2.86,3.915,1.215,0.02,1.57,0.41,3.29,10.17,6.4,9.0,8.725,2.35
2014-09-10,0.3,-0.01,0.55,-0.095,2.86,3.875,1.195,-0.02,1.58,0.39,3.293,9.87,6.4,9.0,8.715,2.35
2014-09-11,0.3,-0.015,0.56,-0.045,2.86,3.885,1.195,0.02,1.58,0.4,3.291,10.9,6.4,9.0,8.725,2.35
2014-09-12,0.295,-0.015,0.56,-0.025,2.86,3.855,1.185,-0.04,1.58,0.42,3.23,10.43,6.4,9.0,8.72,2.35
2014-09-15,0.29,-0.015,0.56,-0.02,2.86,3.905,1.175,-0.04,1.58,0.41,3.316,10.605,6.4,9.25,8.71,2.35
2014-09-16,0.295,-0.015,0.56,-0.02,2.86,3.865,1.1,-0.05,1.58,0.41,3.31,10.795,6.4,9.25,8.725,2.35
2014-09-17,0.295,0.03,0.56,0.08,2.86,3.885,1.195,-0.05,1.565,0.4,3.316,10.575,6.4,9.25,8.725,2.35
2014-09-18,0.29,0.03,0.56,-0.045,2.86,3.875,1.155,-0.01,1.59,0.38,3.31,10.025,6.4,9.08,8.675,2.35
2014-09-19,0.29,0.03,0.56,-0.045,2.83,3.855,1.145,-0.01,1.59,0.35,3.306,10.155,6.4,9.5,8.685,2.35
2014-09-22,0.285,0.03,0.56,0.08,2.83,3.885,1.155,-0.05,1.59,0.38,3.306,10.18,6.4,9.5,8.685,2.35
2014-09-23,0.28,0.03,0.56,-0.05,2.83,3.875,1.155,-0.05,1.59,0.38,3.318,10.08,6.4,9.5,8.61,2.35
2014-09-24,0.27,0.03,0.56,-0.025,2.83,3.845,1.125,-0.05,1.565,0.36,3.313,10.145,6.4,9.5,8.675,2.35
2014-09-25,0.27,0.03,0.56,-0.01,2.83,3.875,1.145,0.0,1.565,0.38,3.305,10.275,6.4,9.5,8.625,2.35
2014-09-26,0.26,0.03,0.56,-0.045,2.83,3.855,1.145,-0.04,1.565,0.36,3.305,10.02,6.4,10.05,8.605,2.35
2014-09-29,0.265,0.03,0.56,0.08,2.85,3.865,1.125,-0.05,1.55,0.36,3.303,9.565,6.4,10.0,8.65,2.35
2014-09-30,0.27,0.04,0.56,-0.07,2.86,3.875,1.17,-0.05,1.55,0.37,3.303,9.43,6.4,10.0,8.7,2.35
2014-10-01,0.275,0.03,0.56,0.0,2.86,3.895,1.135,-0.05,1.525,0.37,3.294,9.455,6.4,10.0,8.475,2.35
2014-10-02,0.275,0.03,0.56,0.0,2.86,3.925,1.155,-0.05,1.525,0.38,3.295,9.985,6.4,9.73,8.475,2.35
2014-10-03,0.275,0.03,0.56,-0.085,2.86,3.875,1.135,-0.05,1.525,0.38,3.3,9.97,6.4,10.0,8.475,2.35
2014-10-06,0.29,0.03,0.56,0.0,3.07,3.875,1.15,0.0,1.525,0.38,3.3,9.57,6.4,9.95,8.475,2.35
2014-10-07,0.27,0.03,0.56,-0.1,2.88,3.845,1.155,0.0,1.525,0.38,3.305,9.875,6.4,10.0,8.425,2.31
2014-10-08,0.26,0.03,0.56,0.0,2.88,3.845,1.155,0.0,1.525,0.36,3.301,9.585,6.4,10.0,8.65,2.3
2014-10-09,0.26,0.04,0.56,-0.075,2.88,3.835,1.21,-0.025,1.525,0.36,3.295,10.425,6.4,10.0,8.605,2.3
2014-10-10,0.265,0.03,0.56,-0.075,2.89,3.845,1.175,-0.025,1.525,0.37,3.29,9.46,6.4,9.68,8.575,2.29
2014-10-13,0.27,0.03,0.56,-0.08,2.86,3.865,1.185,-0.025,1.535,0.37,3.315,9.745,6.4,10.0,8.575,2.28
2014-10-14,0.27,0.03,0.56,-0.075,2.85,3.83,1.185,-0.025,1.535,0.33,3.299,9.3,6.4,10.0,8.575,2.28
2014-10-15,0.27,0.03,0.56,0.01,2.84,3.875,1.2,-0.025,1.525,0.32,3.29,9.805,6.4,10.0,8.575,2.18
2014-10-16,0.285,0.03,0.56,0.01,2.82,3.855,1.235,-0.025,1.53,0.31,3.3,10.06,6.4,10.0,8.575,2.17
2014-10-17,0.285,0.03,0.56,0.01,2.81,3.865,1.2,-0.05,1.53,0.46,3.3,9.95,6.4,10.0,8.55,2.17
2014-10-20,0.28,0.03,0.56,-0.07,2.84,3.855,1.25,-0.025,1.53,0.31,3.305,10.625,6.4,9.78,8.575,2.16
2014-10-21,0.265,0.03,0.56,0.01,2.84,3.845,1.155,0.0,1.515,0.28,3.305,10.19,6.4,9.75,8.525,2.15
2014-10-22,0.26,0.03,0.56,-0.09,2.81,3.875,1.175,-0.025,1.525,0.28,3.303,9.785,6.4,9.75,8.525,2.15
2014-10-23,0.26,0.03,0.545,-0.05,2.82,3.855,1.195,-0.025,1.525,0.27,3.295,9.57,6.4,9.75,8.525,2.14
2014-10-24,0.26,0.03,0.545,-0.115,2.84,3.855,1.215,0.0,1.555,0.26,3.265,11.64,6.4,10.0,8.525,2.14
2014-10-27,0.25,0.07,0.545,-0.065,2.84,3.855,1.195,-0.025,1.535,0.26,3.274,10.125,6.4,10.0,8.575,2.14
2014-10-28,0.25,0.04,0.545,-0.065,2.84,3.825,1.195,-0.025,1.525,0.16,3.265,9.435,6.4,10.0,8.525,2.14
2014-10-29,0.255,0.04,0.545,-0.11,2.84,3.835,1.15,-0.025,1.495,0.18,3.261,10.16,6.4,10.0,8.525,2.14
2014-10-30,0.25,0.04,0.545,-0.11,2.84,3.825,1.195,0.0,1.485,0.18,3.269,11.165,6.4,9.75,8.475,2.14
2014-10-31,0.255,0.07,0.545,-0.09,2.84,3.815,1.195,-0.025,1.485,0.18,3.288,10.68,6.4,8.3,8.475,2.14
2014-11-03,0.26,0.03,0.545,-0.085,2.84,3.855,1.195,0.0,1.48,0.2,3.29,10.685,6.4,9.25,8.425,2.14
2014-11-04,0.27,0.03,0.545,-0.015,2.85,3.885,1.185,-0.025,1.49,0.2,3.29,8.775,6.4,8.84,8.425,2.14
2014-11-05,0.27,0.055,0.545,-0.08,2.85,3.885,1.185,-0.025,1.5,0.2,3.29,11.175,6.4,8.88,8.425,2.14
2014-11-06,0.27,0.03,0.545,-0.015,2.85,3.875,1.185,-0.025,1.5,0.2,3.29,10.535,6.4,9.25,8.425,2.14
2014-11-07,0.27,0.03,0.545,-0.075,2.9,3.865,1.195,-0.025,1.53,0.215,3.285,10.765,6.4,9.35,8.375,2.14
2014-11-10,0.27,0.08,0.545,-0.075,2.95,3.875,1.195,0.0,1.54,0.21,3.295,10.565,6.4,9.35,8.325,2.14
2014-11-11,0.27,0.03,0.545,-0.015,2.94,3.885,1.175,-0.055,1.585,0.2,3.29,10.635,6.4,9.5,8.335,2.14
2014-11-12,0.27,0.03,0.545,-0.015,2.93,3.875,1.18,-0.055,1.585,0.2,3.29,10.37,6.4,9.5,8.39,2.14
2014-11-13,0.27,0.03,0.545,-0.015,2.93,3.865,1.175,-0.02,1.59,0.2,3.275,9.965,6.4,9.5,8.375,2.14
2014-11-14,0.275,0.03,0.545,-0.015,2.93,3.865,1.15,-0.055,1.615,0.2,3.285,10.3,6.4,9.5,8.375,2.14
2014-11-17,0.27,0.08,0.545,-0.085,2.92,3.845,1.1,-0.065,1.605,0.19,3.295,10.43,6.35,9.5,8.375,2.14
2014-11-18,0.27,0.03,0.545,-0.015,2.92,3.835,1.145,-0.065,1.605,0.19,3.294,10.21,6.35,9.5,8.355,2.14
2014-11-19,0.27,0.03,0.545,-0.05,2.92,3.835,1.17,-0.065,1.605,0.185,3.276,9.785,6.35,9.5,8.35,2.14
2014-11-20,0.27,0.03,0.545,-0.015,2.92,3.835,1.145,-0.065,1.575,0.19,3.28,10.035,6.35,9.5,8.325,2.14
2014-11-21,0.27,0.03,0.545,-0.09,2.92,3.825,1.15,-0.065,1.585,0.19,3.275,10.2,6.35,9.5,8.365,2.14
2014-11-24,0.27,0.03,0.545,-0.085,2.89,3.825,1.155,-0.065,1.585,0.19,3.265,10.435,6.35,9.5,8.34,2.14
2014-11-25,0.27,0.08,0.545,-0.085,3.08,3.845,1.34,-0.125,1.585,0.19,3.275,10.455,6.35,9.5,8.345,2.13
2014-11-26,0.27,0.03,0.545,-0.015,2.89,3.825,1.125,-0.045,1.585,0.17,3.275,10.65,6.35,8.75,8.32,2.13
2014-11-27,0.27,0.04,0.545,-0.075,2.89,3.845,1.145,-0.045,1.585,0.18,3.275,11.145,6.35,8.75,8.335,2.13
2014-11-28,0.27,0.04,0.545,-0.075,2.88,3.855,1.135,-0.045,1.545,0.18,3.275,10.58,6.35,8.5,8.32,2.13
2014-12-01,0.275,0.045,0.545,-0.075,2.88,3.875,1.155,-0.045,1.545,0.2,3.28,10.955,6.35,8.5,8.3,2.13
2014-12-02,0.28,0.045,0.545,-0.085,2.88,3.885,1.155,-0.06,1.545,0.2,3.276,10.645,6.35,8.5,8.255,2.13
2014-12-03,0.295,0.08,0.545,-0.015,2.88,3.885,1.155,-0.055,1.545,0.2,3.293,10.555,6.35,8.5,8.255,2.13
2014-12-04,0.29,0.13,0.545,-0.075,2.88,3.865,1.145,-0.06,1.54,0.17,3.285,11.035,6.35,8.5,8.225,2.13
2014-12-05,0.285,0.08,0.545,-0.09,2.87,3.85,1.17,-0.06,1.49,0.18,3.29,10.295,6.35,8.5,8.225,2.13
2014-12-08,0.285,0.04,0.545,-0.105,2.905,3.855,1.135,-0.06,1.45,0.18,3.31,10.945,6.35,8.33,8.235,2.13
2014-12-09,0.285,0.04,0.545,-0.015,3.105,3.85,1.05,-0.02,1.45,0.16,3.329,11.145,6.35,8.75,8.275,2.13
2014-12-10,0.28,0.04,0.545,-0.095,2.915,3.905,1.125,-0.09,1.51,0.21,3.322,10.84,6.45,8.75,8.275,2.13
2014-12-11,0.27,0.035,0.545,-0.05,2.905,3.875,1.115,-0.06,1.415,0.19,3.33,10.245,6.45,8.75,8.29,2.13
2014-12-12,0.27,0.03,0.545,-0.09,2.935,3.875,1.145,-0.08,1.365,0.2,3.32,10.505,6.45,8.9,8.285,2.13
2014-12-15,0.275,0.04,0.545,-0.09,2.9,3.85,1.16,-0.055,1.365,0.2,3.325,10.69,6.45,8.9,8.275,2.13
2014-12-16,0.275,0.03,0.545,-0.015,2.965,3.895,1.165,-0.085,1.365,0.23,3.348,10.44,6.45,9.63,8.36,2.13
2014-12-17,0.295,0.12,0.545,-0.08,2.955,3.905,1.05,-0.005,1.365,0.23,3.315,10.465,6.45,9.75,8.35,2.13
2014-12-18,0.31,0.03,0.545,-0.05,2.985,3.945,1.05,-0.08,1.365,0.23,3.327,10.5,6.45,9.75,8.35,2.13
2014-12-19,0.31,0.03,0.545,-0.05,3.005,3.935,1.185,-0.13,1.365,0.23,3.337,9.91,6.45,9.75,8.425,2.13
2014-12-22,0.315,0.03,0.545,-0.05,3.015,3.85,1.18,-0.25,1.365,0.25,3.353,10.41,6.45,9.7,8.425,2.13
2014-12-23,0.315,0.02,0.545,-0.05,2.965,3.91,1.165,-0.25,1.365,0.26,3.345,9.56,6.45,9.7,8.425,2.13
2014-12-24,0.32,0.03,0.545,-0.05,3.005,3.945,1.175,-0.25,1.365,0.26,3.347,10.32,6.45,9.7,8.425,2.13
2014-12-25,0.32,0.03,0.545,-0.05,2.905,3.85,1.21,-0.2,1.365,0.16,3.349,10.28,6.45,9.5,8.425,2.13
2014-12-26,0.32,0.02,0.545,-0.05,3.04,3.85,1.05,-0.2,1.365,0.16,3.357,9.77,6.45,9.5,8.425,2.13
2014-12-29,0.32,0.03,0.545,-0.05,3.025,3.925,1.175,-0.25,1.365,0.26,3.356,9.96,6.5,9.5,8.525,2.13
2014-12-30,0.315,0.1,0.545,-0.04,2.905,3.935,1.175,-0.025,1.365,0.26,3.349,10.46,6.175,9.5,8.525,2.13
2014-12-31,0.315,0.02,0.545,-0.05,3.025,3.935,1.185,-0.24,1.365,0.25,3.335,7.105,6.175,9.5,8.525,2.13
2015-01-01,0.315,0.1,0.545,-0.045,2.855,3.86,1.2,-0.3,1.365,0.16,3.331,7.105,6.175,9.5,8.375,2.13
2015-01-02,0.315,0.02,0.545,-0.05,3.005,3.955,1.195,-0.2,1.365,0.25,3.357,10.63,6.3,9.05,8.375,2.13
2015-01-05,0.315,0.01,0.545,-0.015,3.025,3.86,1.13,0.0,1.325,0.27,3.35,9.765,6.3,9.5,8.545,2.13
2015-01-06,0.32,0.01,0.545,-0.05,2.975,3.975,1.205,-0.2,1.315,0.26,3.352,10.435,6.3,9.25,8.375,2.13
2015-01-07,0.315,0.01,0.545,-0.05,2.975,3.965,1.185,-0.15,1.295,0.24,3.347,10.35,6.3,9.25,8.475,2.13
2015-01-08,0.315,0.02,0.545,-0.05,2.975,3.925,1.145,-0.15,1.295,0.2,3.33,10.955,6.3,9.25,8.475,2.13
2015-01-09,0.315,0.01,0.545,-0.05,2.995,3.925,1.155,-0.08,1.295,0.19,3.325,9.94,6.3,9.1,8.475,2.13
2015-01-12,0.31,0.08,0.545,-0.06,2.905,3.85,1.135,-0.08,1.285,0.18,3.34,10.715,6.3,9.1,8.515,2.13
2015-01-13,0.31,0.02,0.545,-0.05,3.005,3.905,1.155,-0.15,1.285,0.18,3.34,10.975,6.3,8.75,8.475,2.13
2015-01-14,0.315,0.02,0.545,-0.05,3.045,3.905,1.185,-0.15,1.295,0.16,3.333,10.335,6.3,8.75,8.52,2.13
2015-01-15,0.335,0.0,0.545,-0.05,3.035,3.915,1.05,-0.55,1.29,0.13,3.33,10.275,6.3,8.75,8.425,2.13
2015-01-16,0.355,0.0,0.545,-0.05,3.035,3.905,1.195,-0.75,1.26,0.15,3.325,10.265,6.3,8.75,8.375,2.13
2015-01-19,0.345,-0.01,0.545,-0.05,3.025,3.915,1.195,-1.35,1.25,0.12,3.32,10.06,6.3,8.75,8.325,2.13
2015-01-20,0.335,-0.01,0.545,-0.05,2.985,3.915,1.05,-1.4,1.25,0.09,3.322,10.165,6.3,8.75,8.475,2.13
2015-01-21,0.33,-0.01,0.545,-0.05,2.81,3.875,0.8,-2.075,1.25,0.09,3.32,10.285,6.3,8.75,8.525,2.13
2015-01-22,0.32,-0.01,0.545,-0.11,2.825,3.905,0.865,-2.025,1.25,0.06,3.274,10.185,6.3,8.75,8.475,2.13
2015-01-23,0.305,-0.01,0.545,-0.05,2.815,3.835,0.825,-2.295,1.24,-0.01,3.27,10.305,6.05,7.07,8.475,2.13
2015-01-26,0.315,-0.01,0.545,-0.05,2.79,3.855,0.75,-1.375,1.215,-0.01,3.264,10.445,6.05,8.75,8.475,2.13
2015-01-27,0.3,-0.01,0.545,-0.05,2.805,3.8,0.87,-1.055,1.215,0.03,3.274,10.335,6.05,8.75,8.075,2.13
2015-01-28,0.3,-0.01,0.545,-0.05,2.825,3.895,0.7,-1.155,1.215,0.04,3.25,10.425,6.05,8.88,8.075,2.12
2015-01-29,0.315,-0.01,0.545,-0.05,2.725,3.875,0.805,-1.275,1.205,0.02,3.295,9.895,6.05,8.5,8.5,2.12
2015-01-30,0.31,0.065,0.545,-0.095,2.695,3.895,0.805,-1.025,1.205,-0.01,3.293,10.215,6.05,8.05,8.475,2.12
2015-02-02,0.315,0.0,0.545,-0.05,2.655,3.885,0.805,-1.425,1.22,-0.04,3.3,10.33,6.05,8.13,8.525,2.12
2015-02-03,0.315,0.0,0.545,-0.05,2.565,3.875,0.75,-1.325,1.22,-0.06,3.289,10.265,6.05,9.0,8.525,2.12
2015-02-04,0.33,0.0,0.545,-0.05,2.455,3.925,0.835,-1.325,1.24,-0.05,3.293,10.09,6.05,8.7,8.525,2.12
2015-02-05,0.35,0.0,0.545,-0.05,2.655,3.905,0.875,-1.375,1.24,-0.04,3.31,11.4,6.05,8.75,8.525,2.12
2015-02-06,0.345,0.0,0.545,-0.05,2.685,3.925,0.875,-1.375,1.24,-0.01,3.324,10.505,6.05,8.85,8.575,2.12
2015-02-09,0.35,0.0,0.545,-0.05,2.675,3.955,0.885,-1.425,1.24,0.04,3.315,10.48,6.05,9.1,8.69,2.12
2015-02-10,0.36,0.0,0.545,-0.05,2.56,3.83,0.83,-1.375,1.275,0.07,3.323,10.205,6.05,9.05,8.575,2.12
2015-02-11,0.365,0.0,0.545,-0.05,2.405,3.965,0.875,-1.25,1.275,0.07,3.325,10.415,6.05,9.1,8.74,2.12
2015-02-12,0.365,0.0,0.545,-0.05,2.575,3.965,0.865,-1.375,1.255,-0.04,3.34,11.18,6.05,9.15,8.94,2.12
2015-02-13,0.36,-0.01,0.545,-0.05,2.555,3.83,0.76,-1.285,1.255,-0.07,3.334,10.885,6.05,9.05,8.925,2.12
2015-02-16,0.36,0.0,0.545,-0.05,2.575,3.945,0.875,-1.1,1.275,-0.02,3.335,11.045,6.3,9.2,8.85,2.12
2015-02-17,0.365,0.0,0.545,-0.05,2.615,3.965,0.875,-1.275,1.27,-0.01,3.334,11.56,6.3,9.23,8.85,2.12
2015-02-18,0.37,0.0,0.545,-0.05,2.625,3.995,0.875,-1.225,1.27,-0.07,3.343,10.475,6.3,9.28,8.85,2.12
2015-02-19,0.37,-0.01,0.545,-0.05,2.595,3.975,0.65,-1.175,1.27,-0.04,3.327,11.225,6.3,9.18,8.85,2.12
2015-02-20,0.37,-0.01,0.545,-0.05,2.605,3.975,0.825,-1.125,1.27,-0.02,3.32,11.065,6.3,9.15,8.875,2.12
2015-02-23,0.38,-0.01,0.545,-0.05,2.565,3.955,0.815,-1.125,1.25,-0.03,3.33,11.12,6.3,9.25,8.75,2.12
2015-02-24,0.375,-0.01,0.545,-0.05,2.555,3.945,0.7,-0.875,1.225,-0.05,3.325,10.71,6.4,9.13,8.725,2.1
2015-02-25,0.355,-0.01,0.545,-0.05,2.555,3.945,0.915,-0.975,1.235,-0.05,3.33,12.265,6.4,9.25,8.725,2.1
2015-02-26,0.355,-0.01,0.545,-0.05,2.515,3.935,0.925,-0.975,1.225,0.0,3.335,10.675,6.4,9.43,8.65,2.1
2015-02-27,0.365,-0.01,0.545,-0.115,2.475,3.915,0.75,-0.9,1.225,-0.06,3.335,10.845,6.4,9.5,8.725,2.1
2015-03-02,0.375,-0.01,0.545,-0.05,2.465,3.915,0.915,-0.995,1.205,0.07,3.355,11.39,6.4,9.59,8.725,2.1
2015-03-03,0.37,-0.01,0.545,-0.05,2.575,3.925,0.905,-0.925,1.195,0.07,3.355,10.77,6.4,9.8,8.735,2.1
2015-03-04,0.37,-0.01,0.545,-0.125,2.605,3.955,0.915,-0.875,1.195,0.07,3.359,10.555,6.4,9.72,8.485,2.1
2015-03-05,0.37,-0.02,0.545,-0.05,2.605,3.965,0.995,-0.75,1.195,0.07,3.365,10.78,6.4,9.71,8.485,2.1
2015-03-06,0.37,0.025,0.545,-0.135,2.625,3.8,0.25,-0.84,1.195,0.08,3.415,10.99,6.4,9.75,8.485,2.1
2015-03-09,0.385,-0.02,0.545,-0.13,2.675,3.955,0.985,-0.865,1.235,0.06,3.458,11.155,6.4,10.05,8.495,2.1
2015-03-10,0.39,-0.02,0.545,-0.05,2.685,3.965,0.985,-0.855,1.22,0.07,3.44,10.905,6.4,10.03,8.575,2.1
2015-03-11,0.39,-0.03,0.545,-0.05,2.635,3.925,0.945,-0.905,1.19,0.05,3.396,10.375,6.4,9.95,8.575,2.1
2015-03-12,0.375,-0.02,0.545,-0.105,2.645,3.895,0.905,-0.8,1.19,0.01,3.425,10.795,6.4,9.85,8.53,1.91
2015-03-13,0.37,-0.03,0.545,-0.13,2.655,3.925,0.915,-0.925,1.19,0.03,3.414,10.545,6.4,9.9,8.56,1.9
2015-03-16,0.38,-0.03,0.545,-0.13,2.615,3.925,0.875,-0.915,1.19,0.04,3.44,11.13,6.4,9.85,8.525,1.89
2015-03-17,0.375,-0.03,0.545,-0.05,2.405,3.925,0.915,-0.915,1.125,-0.01,3.422,10.265,6.4,9.85,8.525,1.88
2015-03-18,0.385,-0.03,0.545,-0.105,2.605,3.925,0.75,-0.895,1.095,-0.04,3.37,10.965,6.4,9.75,8.525,1.87
2015-03-19,0.46,-0.03,0.545,-0.1,2.605,3.955,0.925,-0.775,1.335,-0.09,3.375,11.455,6.21,9.75,8.525,1.87
2015-03-20,0.375,-0.03,0.545,-0.05,2.615,3.935,0.935,-0.825,1.335,-0.08,3.352,10.695,6.4,9.65,8.575,1.86
2015-03-23,0.395,-0.03,0.545,-0.125,2.595,3.955,0.935,-0.845,1.325,-0.08,3.34,10.625,6.4,9.52,8.55,1.86
2015-03-24,0.395,-0.03,0.545,-0.09,2.555,3.995,0.7,-0.875,1.325,-0.05,3.346,11.295,6.4,9.55,8.575,1.86
2015-03-25,0.4,-0.03,0.545,-0.095,2.545,3.975,0.945,-0.925,1.345,-0.06,3.37,11.115,6.4,9.53,8.675,1.86
2015-03-26,0.4,-0.02,0.545,0.01,2.535,3.965,0.945,-0.95,1.345,-0.1,3.365,10.31,6.4,9.75,8.675,1.86
2015-03-27,0.39,-0.02,0.545,-0.12,2.56,3.97,0.94,-1.015,1.345,-0.085,3.36,11.1,6.4,9.65,8.715,1.86
2015-03-30,0.39,-0.02,0.545,0.01,2.51,3.96,0.92,-1.005,1.345,-0.095,3.345,10.785,6.4,9.8,8.65,1.85
2015-03-31,0.39,-0.02,0.545,-0.135,2.5,3.97,0.92,-0.985,1.34,-0.095,3.338,11.32,6.4,9.8,8.075,1.85
2015-04-01,0.395,-0.03,0.545,0.01,2.49,3.97,0.93,-0.965,1.34,-0.115,3.34,11.58,6.4,9.8,8.075,1.85
2015-04-02,0.4,-0.02,0.545,-0.12,2.39,3.95,0.92,-0.9,1.34,-0.115,3.343,11.36,6.4,9.75,8.075,1.85
2015-04-03,0.4,0.025,0.545,-0.12,2.39,3.8,1.0,-0.9,1.34,-0.15,3.336,12.79,6.4,9.88,8.075,1.85
2015-04-06,0.4,0.02,0.545,-0.12,2.39,3.8,1.03,-1.0,1.34,-0.15,3.333,12.48,6.4,9.75,7.825,1.85
2015-04-07,0.395,0.01,0.545,-0.135,2.52,3.95,0.92,-0.985,1.305,-0.125,3.32,11.155,6.4,9.9,7.925,1.83
2015-04-08,0.385,0.0,0.545,-0.14,2.51,3.94,0.7,-0.9,1.305,-0.135,3.332,11.27,6.4,9.8,7.925,1.83
2015-04-09,0.385,-0.04,0.545,0.01,2.5,3.92,0.75,-0.915,1.305,-0.155,3.335,11.445,6.4,9.85,8.175,1.82
2015-04-10,0.39,-0.04,0.545,0.01,2.5,3.91,0.91,-0.935,1.295,-0.165,3.34,11.38,6.4,10.05,8.225,1.8
2015-04-13,0.385,-0.03,0.545,-0.115,2.45,3.93,0.75,-0.905,1.305,-0.165,3.335,11.09,6.4,10.15,8.125,1.8
2015-04-14,0.385,-0.035,0.545,-0.115,2.44,3.95,0.9,-0.925,1.295,-0.185,3.336,11.23,6.4,9.75,8.125,1.8
2015-04-15,0.395,-0.05,0.545,0.01,2.465,4.01,0.91,-0.915,1.295,-0.165,3.327,11.53,6.4,10.45,8.175,1.8
2015-04-16,0.395,-0.05,0.545,-0.115,2.485,3.99,0.94,-0.975,1.295,-0.195,3.318,11.795,6.4,10.15,8.225,1.8
2015-04-17,0.395,-0.01,0.545,-0.105,2.475,3.98,0.94,-0.9,1.295,-0.205,3.318,11.385,6.4,10.15,8.125,1.8
2015-04-20,0.4,-0.05,0.545,0.01,2.48,3.98,0.95,-0.995,1.34,-0.185,3.318,11.84,6.4,10.68,8.16,1.8
2015-04-21,0.395,-0.02,0.545,-0.105,2.475,3.98,0.96,-1.005,1.34,-0.195,3.327,11.9,6.45,10.25,8.175,1.8
2015-04-22,0.39,-0.01,0.555,-0.105,2.485,3.75,0.93,-0.98,1.285,-0.225,3.337,12.07,6.45,10.25,8.3,1.8
2015-04-23,0.385,-0.06,0.555,-0.095,2.485,3.95,0.92,-0.995,1.285,-0.265,3.325,11.79,6.45,10.25,8.275,1.8
2015-04-24,0.375,-0.015,0.555,-0.095,2.465,3.94,0.92,-0.965,1.285,-0.305,3.328,12.0,6.45,10.25,8.275,1.8
2015-04-27,0.38,-0.06,0.555,0.01,2.465,3.95,0.93,-0.965,1.315,-0.315,3.32,11.975,6.45,10.25,8.175,1.8
2015-04-28,0.375,-0.06,0.555,0.01,2.445,3.94,0.92,-0.965,1.315,-0.305,3.338,11.99,6.45,10.7,8.25,1.8
2015-04-29,0.38,-0.01,0.555,-0.08,2.385,3.95,0.92,-0.935,1.315,-0.275,3.335,12.32,6.45,10.7,8.24,1.8
2015-04-30,0.38,-0.03,0.555,0.01,2.385,3.94,0.92,-0.915,1.315,-0.275,3.342,12.49,6.45,10.25,8.275,1.8
2015-05-01,0.385,0.04,0.555,-0.09,2.385,3.8,0.97,-1.05,1.315,-0.15,3.34,12.26,6.45,10.25,8.275,1.8
2015-05-04,0.385,-0.02,0.555,0.01,2.34,3.95,0.92,-0.905,1.315,-0.265,3.345,12.97,6.45,10.25,8.275,1.8
2015-05-05,0.385,-0.03,0.7,-0.015,2.33,3.95,0.94,-0.915,1.415,-0.255,3.35,12.89,6.45,10.25,8.225,1.8
2015-05-06,0.385,-0.02,0.555,0.01,2.34,3.92,0.93,-0.925,1.315,-0.235,3.34,12.39,6.45,10.25,8.25,1.8
2015-05-07,0.39,-0.025,0.555,-0.09,2.34,3.91,0.75,-1.025,1.315,-0.15,3.35,12.43,6.55,10.25,8.225,1.8
2015-05-08,0.385,-0.02,0.555,0.01,2.37,3.91,0.94,-0.905,1.345,-0.225,3.35,12.52,6.55,10.68,8.325,1.8
2015-05-11,0.385,-0.02,0.555,0.01,2.37,3.88,0.94,-0.915,1.345,-0.235,3.351,12.56,6.55,10.73,8.275,1.8
2015-05-12,0.375,-0.03,0.555,-0.1,2.37,3.91,0.91,-0.935,1.33,-0.165,3.35,12.61,6.55,10.05,8.275,1.8
2015-05-13,0.375,-0.03,0.555,0.01,2.35,3.85,0.92,-0.945,1.33,-0.285,3.355,12.37,6.55,10.5,8.225,1.8
2015-05-14,0.375,-0.04,0.555,0.01,2.35,3.84,0.91,-0.945,1.33,-0.305,3.339,12.48,6.55,10.55,8.275,1.8
2015-05-15,0.375,-0.02,0.555,0.01,2.35,3.85,0.93,-0.88,1.33,-0.305,3.337,12.65,6.55,10.45,8.175,1.8
2015-05-18,0.37,-0.005,0.555,-0.09,2.36,3.84,0.92,-0.925,1.33,-0.305,3.343,12.49,6.55,10.43,8.225,1.8
2015-05-19,0.375,-0.03,0.555,0.01,2.36,3.87,0.94,-0.925,1.33,-0.295,3.335,12.92,6.55,10.35,8.175,1.8
2015-05-20,0.38,-0.04,0.555,0.01,2.36,3.85,0.95,-0.925,1.33,-0.285,3.33,12.42,6.55,10.4,8.125,1.8
2015-05-21,0.37,-0.02,0.555,0.01,2.34,3.82,0.98,-0.9,1.33,-0.285,3.329,12.71,6.55,10.4,8.025,1.8
2015-05-22,0.375,-0.04,0.555,0.01,2.34,3.83,1.0,-0.905,1.365,-0.285,3.331,12.895,6.475,10.38,8.125,1.8
2015-05-25,0.385,-0.04,0.555,-0.095,2.34,3.7,0.91,-0.88,1.365,-0.15,3.323,12.9,6.475,10.35,8.025,1.8
2015-05-26,0.385,-0.025,0.555,-0.09,2.34,3.83,0.98,-0.875,1.365,-0.235,3.323,12.63,6.475,10.02,8.025,1.8
2015-05-27,0.39,-0.04,0.555,0.01,2.37,3.83,1.0,-0.875,1.365,-0.235,3.335,12.365,6.475,10.35,8.025,1.8
2015-05-28,0.39,-0.04,0.555,0.01,2.37,3.78,0.98,-0.905,1.365,-0.295,3.325,12.825,6.475,10.74,8.025,1.8
2015-05-29,0.38,-0.04,0.555,0.01,2.37,3.77,0.96,-0.85,1.365,-0.315,3.33,13.245,6.475,10.35,8.025,1.8
2015-06-01,0.385,-0.02,0.555,-0.1,2.37,3.77,0.96,-0.85,1.265,-0.325,3.343,12.9,6.475,10.73,8.025,1.8
2015-06-02,0.38,-0.04,0.555,-0.1,2.37,3.76,0.8,-0.935,1.265,-0.345,3.335,12.965,6.575,10.68,7.975,1.8
2015-06-03,0.38,-0.005,0.555,-0.105,2.35,3.75,0.96,-0.925,1.265,-0.345,3.348,12.995,6.575,10.66,7.865,1.8
2015-06-04,0.375,-0.04,0.555,-0.105,2.34,3.77,0.94,-0.875,1.265,-0.355,3.325,12.395,6.575,10.67,7.9,1.8
2015-06-05,0.375,-0.06,0.555,-0.1,2.37,3.78,0.93,-0.865,1.27,-0.325,3.347,13.165,6.725,10.62,7.9,1.8
2015-06-08,0.38,-0.035,0.555,-0.1,2.37,3.77,0.92,-0.875,1.27,-0.335,3.352,13.37,6.725,10.95,7.775,1.8
2015-06-09,0.365,-0.04,0.555,0.01,2.34,3.75,0.75,-0.865,1.255,-0.355,3.342,13.04,6.725,10.87,7.825,1.8
2015-06-10,0.44,-0.02,0.555,0.01,2.36,3.74,0.95,-0.845,1.255,-0.335,3.341,12.825,6.825,10.89,7.825,1.8
2015-06-11,0.45,-0.02,0.555,0.01,2.36,3.61,0.96,-0.805,1.25,-0.285,3.33,13.2,6.825,10.72,7.825,1.65
2015-06-12,0.43,-0.02,0.555,0.01,2.4,3.65,0.98,-0.805,1.25,-0.255,3.341,12.99,6.825,10.87,7.825,1.65
2015-06-15,0.43,-0.05,0.555,0.01,2.4,3.65,0.98,-0.865,1.26,-0.255,3.342,13.385,6.825,10.5,7.775,1.65
2015-06-16,0.42,-0.055,0.555,-0.085,2.4,3.63,0.75,-0.885,1.26,-0.285,3.342,13.165,6.825,10.9,7.775,1.65
2015-06-17,0.45,-0.03,0.555,0.01,2.39,3.6,0.95,-0.925,1.245,-0.285,3.338,13.165,6.825,10.91,7.825,1.65
2015-06-18,0.38,-0.03,0.555,0.01,2.39,3.55,0.93,-0.885,1.225,-0.295,3.326,13.145,6.825,10.87,7.825,1.65
2015-06-19,0.38,-0.03,0.555,0.01,2.39,3.55,0.94,-0.875,1.225,-0.275,3.324,13.185,6.825,10.89,7.775,1.65
2015-06-22,0.38,-0.03,0.555,0.01,2.39,3.52,0.93,-0.885,1.225,-0.295,3.325,12.945,6.825,10.76,7.825,1.65
2015-06-23,0.375,-0.03,0.555,0.01,2.39,3.52,0.92,-0.835,1.22,-0.295,3.325,13.035,6.825,10.73,7.775,1.65
2015-06-24,0.37,-0.01,0.555,-0.085,2.39,3.52,0.92,-0.835,1.22,-0.285,3.315,12.7,6.825,10.64,7.775,1.65
2015-06-25,0.375,-0.01,0.555,-0.085,2.39,3.52,0.93,-0.835,1.22,-0.275,3.32,13.015,6.825,10.63,8.025,1.65
2015-06-26,0.38,-0.03,0.555,-0.085,2.39,3.53,0.93,-0.8,1.22,-0.255,3.322,12.945,6.825,11.0,8.025,1.65
2015-06-29,0.4,-0.045,0.555,-0.125,2.39,3.55,0.96,-0.8,1.22,-0.275,3.33,13.475,6.825,10.8,7.775,1.65
2015-06-30,0.41,-0.04,0.555,-0.12,2.39,3.52,0.94,-0.905,1.2,-0.305,3.327,13.345,6.825,10.78,7.875,1.65
2015-07-01,0.41,-0.03,0.555,-0.12,2.37,3.51,0.89,-0.885,1.2,-0.305,3.335,13.26,6.825,10.78,7.875,1.65
2015-07-02,0.39,-0.01,0.555,-0.115,2.36,3.35,0.88,-0.875,1.19,-0.355,3.337,13.075,6.825,10.76,7.675,1.65
2015-07-03,0.39,-0.005,0.555,-0.12,2.34,3.42,0.9,-0.895,1.19,-0.335,3.327,13.105,6.825,10.76,7.675,1.65
2015-07-06,0.41,-0.03,0.555,0.01,2.36,3.46,0.91,-0.85,1.19,-0.335,3.327,13.005,6.825,10.8,7.625,1.65
2015-07-07,0.46,-0.01,0.555,-0.135,2.43,3.47,0.91,-0.895,1.19,-0.295,3.327,13.19,6.605,10.83,7.675,1.65
2015-07-08,0.39,-0.03,0.555,0.01,2.31,3.47,0.88,-0.895,1.19,-0.275,3.32,12.63,6.825,10.8,7.675,1.65
2015-07-09,0.395,-0.03,0.555,0.01,2.4,3.47,0.86,-0.875,1.19,-0.285,3.333,14.78,6.825,10.75,7.525,1.65
2015-07-10,0.39,-0.03,0.555,0.01,2.38,3.42,0.84,-0.875,1.19,-0.305,3.326,12.65,6.825,10.65,7.675,1.65
2015-07-13,0.385,-0.03,0.555,0.01,2.36,3.38,0.83,-0.785,1.19,-0.305,3.32,13.315,6.725,10.6,7.695,1.65
2015-07-14,0.38,-0.03,0.555,0.01,2.36,3.39,0.83,-0.785,1.19,-0.305,3.323,13.15,6.725,11.0,7.675,1.65
2015-07-15,0.385,-0.03,0.555,0.01,2.38,3.41,0.75,-0.795,1.19,-0.275,3.325,13.055,6.725,11.0,7.675,1.65
2015-07-16,0.39,0.025,0.555,-0.125,2.38,3.2,0.72,-0.745,1.19,-0.255,3.33,13.01,6.725,11.0,7.625,1.65
2015-07-17,0.395,0.025,0.55,-0.12,2.38,3.2,0.55,-0.7,1.19,-0.255,3.345,12.91,6.725,11.0,7.625,1.65
2015-07-20,0.395,-0.055,0.565,-0.115,2.37,3.25,0.74,-0.725,1.19,-0.255,3.34,12.82,6.725,10.59,7.665,1.65
2015-07-21,0.395,-0.01,0.565,-0.11,2.37,3.28,0.7,-0.725,1.19,-0.265,3.347,12.79,6.725,10.59,7.665,1.65
2015-07-22,0.395,-0.01,0.565,-0.115,2.37,3.27,0.68,-0.735,1.19,-0.285,3.359,12.725,6.725,10.65,7.665,1.65
2015-07-23,0.395,-0.055,0.565,-0.105,2.38,3.27,0.69,-0.7,1.19,-0.305,3.349,12.73,6.725,10.75,7.625,1.65
2015-07-24,0.395,-0.055,0.565,-0.11,2.37,3.25,0.67,-0.7,1.19,-0.305,3.363,13.17,6.725,10.85,7.665,1.65
2015-07-27,0.385,-0.06,0.565,-0.115,2.37,3.26,0.66,-0.7,1.19,-0.315,3.359,13.05,6.725,10.93,7.425,1.64
2015-07-28,0.385,-0.02,0.565,-0.12,2.34,3.26,0.66,-0.7,1.19,-0.315,3.369,12.815,6.725,10.85,7.575,1.64
2015-07-29,0.39,-0.01,0.565,-0.12,2.34,3.27,0.67,-0.765,1.14,-0.295,3.355,13.055,6.725,10.86,7.425,1.64
2015-07-30,0.395,-0.01,0.565,-0.12,2.36,3.28,0.5,-0.745,1.14,-0.275,3.37,12.495,6.725,10.69,7.625,1.64
2015-07-31,0.4,-0.035,0.565,-0.12,2.36,3.28,0.66,-0.765,1.14,-0.295,3.355,12.585,6.725,10.71,7.425,1.64
2015-08-03,0.4,-0.035,0.565,-0.12,2.35,3.27,0.66,-0.755,1.14,-0.285,3.355,12.63,6.725,10.64,7.425,1.64
2015-08-04,0.395,-0.035,0.565,-0.12,2.37,3.26,0.65,-0.735,1.14,-0.285,3.403,12.355,6.725,10.71,7.425,1.64
2015-08-05,0.395,-0.01,0.575,-0.12,2.37,3.23,0.45,-0.725,1.14,-0.295,3.433,11.97,6.725,10.8,7.425,1.64
2015-08-06,0.4,-0.04,0.575,-0.1,2.37,3.24,0.61,-0.65,1.14,-0.295,3.43,12.545,6.725,10.75,7.425,1.64
2015-08-07,0.405,-0.01,0.575,-0.095,2.36,3.23,0.59,-0.685,1.14,-0.315,3.428,11.835,6.725,10.76,7.425,1.64
2015-08-10,0.41,0.0,0.575,-0.095,2.37,3.2,0.61,-0.705,1.14,-0.335,3.428,12.305,6.725,10.73,7.425,1.64
2015-08-11,0.405,-0.04,0.575,0.01,2.35,3.23,0.59,-0.715,1.14,-0.365,3.443,12.415,6.725,10.66,7.425,1.64
2015-08-12,0.405,-0.02,0.575,0.01,2.33,3.21,0.59,-0.715,1.14,-0.385,3.444,13.475,6.725,10.65,7.425,1.64
2015-08-13,0.41,-0.04,0.575,0.01,2.33,3.22,0.62,-0.725,1.14,-0.335,3.444,13.475,6.725,10.75,7.425,1.64
2015-08-14,0.42,-0.02,0.575,0.01,2.33,3.21,0.63,-0.65,1.1,-0.335,3.453,13.475,6.725,10.9,7.425,1.64
2015-08-17,0.415,-0.04,0.575,-0.1,2.33,3.22,0.63,-0.715,1.1,-0.325,3.453,13.475,6.725,11.01,7.425,1.64
2015-08-18,0.42,-0.04,0.575,0.01,2.33,3.21,0.62,-0.715,1.1,-0.305,3.44,13.475,6.725,11.32,7.425,1.64
2015-08-19,0.42,-0.04,0.575,0.01,2.32,3.22,0.61,-0.735,1.1,-0.325,3.42,13.475,6.725,11.2,7.425,1.64
2015-08-20,0.41,-0.06,0.575,0.01,2.32,3.19,0.57,-0.755,1.1,-0.365,3.428,13.475,6.725,11.25,7.425,1.64
2015-08-21,0.41,-0.06,0.575,0.01,2.3,3.19,0.56,-0.68,1.1,-0.385,3.475,13.475,6.725,11.66,7.475,1.64
2015-08-24,0.405,-0.06,0.575,0.01,2.3,3.18,0.54,-0.785,1.09,-0.405,3.493,13.475,6.725,11.7,7.515,1.64
2015-08-25,0.41,-0.05,0.575,0.01,2.3,3.15,0.54,-0.775,1.09,-0.405,3.5,13.475,6.725,11.51,7.525,1.64
2015-08-26,0.41,-0.06,0.575,0.01,2.27,3.18,0.55,-0.745,1.09,-0.395,3.51,13.475,6.725,11.42,7.425,1.64
2015-08-27,0.41,0.0,0.575,-0.11,2.29,3.14,0.54,-0.67,1.09,-0.405,3.49,13.475,6.725,11.37,7.525,1.64
2015-08-28,0.42,-0.04,0.575,-0.11,2.31,3.13,0.53,-0.67,1.09,-0.405,3.513,13.475,6.725,11.54,7.475,1.64
2015-08-31,0.425,-0.08,0.575,0.01,2.31,3.13,0.55,-0.725,1.09,-0.33,3.517,13.475,6.725,11.4,7.425,1.63
2015-09-01,0.425,-0.06,0.575,0.01,2.29,3.12,0.58,-0.725,1.09,-0.425,3.52,13.475,6.725,11.59,7.425,1.63
2015-09-02,0.43,-0.06,0.575,0.01,2.29,3.16,0.59,-0.67,1.09,-0.425,3.533,13.475,6.725,11.69,7.425,1.61
2015-09-03,0.43,-0.055,0.575,-0.11,2.335,3.17,0.4,-0.745,1.09,-0.365,3.51,13.475,6.725,11.75,7.425,1.61
2015-09-04,0.44,-0.06,0.575,0.01,2.365,3.15,0.6,-0.67,1.09,-0.365,3.518,13.475,6.725,11.83,7.425,1.6
2015-09-07,0.435,-0.06,0.575,0.01,2.345,3.14,0.6,-0.745,1.09,-0.375,3.52,13.475,6.725,11.4,7.425,1.6
2015-09-08,0.43,-0.06,0.575,0.01,2.345,3.15,0.61,-0.67,1.09,-0.365,3.52,13.475,6.725,11.82,7.465,1.6
2015-09-09,0.44,-0.06,0.575,0.01,2.345,3.16,0.6,-0.725,1.09,-0.345,3.501,13.475,6.725,11.77,7.465,1.6
2015-09-10,0.44,-0.06,0.575,0.01,2.345,3.12,0.62,-0.755,1.09,-0.345,3.494,13.475,6.725,11.78,7.465,1.6
2015-09-11,0.45,-0.06,0.575,0.01,2.345,3.11,0.62,-0.68,1.09,-0.345,3.489,13.475,6.725,11.78,7.465,1.6
2015-09-14,0.45,-0.06,0.575,0.01,2.385,3.12,0.45,-0.745,1.09,-0.335,3.485,13.475,6.725,11.4,7.675,1.6
2015-09-15,0.455,-0.06,0.575,0.01,2.385,3.13,0.65,-0.755,1.04,-0.335,3.5,13.475,6.725,11.79,7.665,1.6
2015-09-16,0.46,-0.06,0.575,0.01,2.385,3.12,0.6,-0.775,1.04,-0.335,3.5,13.475,6.725,11.74,7.465,1.6
2015-09-17,0.465,-0.06,0.575,0.01,2.385,3.13,0.4,-0.7,1.04,-0.345,3.45,13.475,6.725,11.75,7.465,1.6
2015-09-18,0.42,-0.06,0.575,0.0,2.385,3.1,0.59,-0.765,1.04,-0.345,3.41,13.475,6.725,11.55,7.7,1.6
2015-09-21,0.445,-0.06,0.575,0.0,2.4,3.16,0.62,-0.695,1.04,-0.29,3.411,13.475,6.725,11.3,7.575,1.6
2015-09-22,0.445,-0.06,0.575,0.0,2.47,3.13,0.64,-0.7,1.065,-0.305,3.385,13.475,6.725,11.72,7.575,1.6
2015-09-23,0.44,-0.06,0.575,0.0,2.47,3.12,0.64,-0.7,1.065,-0.315,3.408,13.475,6.525,11.73,7.725,1.6
2015-09-24,0.435,-0.07,0.575,0.01,2.4,3.11,0.65,-0.755,1.065,-0.325,3.42,13.475,6.525,11.72,7.575,1.6
2015-09-25,0.43,-0.07,0.575,0.01,2.4,3.11,0.67,-0.7,1.065,-0.335,3.411,13.475,6.525,11.4,7.575,1.6
2015-09-28,0.425,-0.06,0.575,0.01,2.4,3.08,0.63,-0.815,0.83,-0.365,3.435,13.475,6.525,11.78,7.575,1.6
2015-09-29,0.435,-0.06,0.575,0.01,2.4,3.1,0.66,-0.805,0.83,-0.335,3.428,13.475,6.525,11.7,7.375,1.6
2015-09-30,0.45,-0.06,0.575,0.01,2.4,3.13,0.67,-0.775,0.83,-0.305,3.415,13.475,6.525,11.69,7.25,1.59
2015-10-01,0.455,-0.05,0.575,-0.43,2.4,3.0,0.6,-0.765,0.83,-0.295,3.41,13.475,6.525,11.61,7.25,1.59
2015-10-02,0.45,-0.07,0.575,-0.3,2.42,3.15,0.45,-0.7,0.83,-0.305,3.38,13.475,6.525,11.63,7.25,1.59
2015-10-05,0.45,-0.07,0.575,0.0,2.41,3.14,0.45,-0.785,0.83,-0.315,3.387,13.475,6.53,11.34,7.25,1.59
2015-10-06,0.445,-0.07,0.575,0.0,2.41,3.14,0.7,-0.7,0.83,-0.305,3.368,13.475,6.53,11.26,7.25,1.59
2015-10-07,0.445,-0.07,0.575,0.0,2.41,3.12,0.68,-0.755,0.83,-0.315,3.373,13.475,6.53,11.13,7.07,1.59
2015-10-08,0.445,-0.07,0.575,0.0,2.41,3.14,0.68,-0.765,0.83,-0.325,3.363,13.475,6.53,11.12,7.07,1.59
2015-10-09,0.435,-0.08,0.575,0.0,2.41,3.11,0.67,-0.765,0.83,-0.335,3.359,13.475,6.53,10.95,7.07,1.59
2015-10-12,0.43,0.0,0.575,-0.29,2.41,2.9,0.66,-0.755,0.83,-0.325,3.36,13.475,6.53,11.05,7.25,1.59
2015-10-13,0.43,-0.05,0.575,-0.29,2.41,3.11,0.66,-0.765,0.83,-0.335,3.36,13.475,6.53,11.2,7.25,1.58
2015-10-14,0.43,-0.05,0.575,-0.29,2.41,3.09,0.66,-0.745,0.83,-0.355,3.33,13.475,6.53,11.15,7.275,1.57
2015-10-15,0.425,0.02,0.575,-0.29,2.35,3.11,0.65,-0.67,0.83,-0.345,3.33,13.475,6.53,10.92,7.275,1.57
2015-10-16,0.425,-0.05,0.575,-0.245,2.3,3.1,0.71,-0.755,0.83,-0.325,3.336,13.475,6.53,10.97,7.3,1.57
2015-10-19,0.43,-0.015,0.575,-0.245,2.3,3.13,0.75,-0.735,0.83,-0.325,3.33,13.475,6.53,10.93,7.125,1.57
2015-10-20,0.435,-0.015,0.575,-0.27,2.3,3.14,0.71,-0.725,0.83,-0.335,3.351,13.475,6.53,10.86,7.135,1.57
2015-10-21,0.43,-0.015,0.575,-0.27,2.3,3.14,0.72,-0.725,0.83,-0.335,3.338,13.475,6.53,10.97,7.135,1.57
2015-10-22,0.455,-0.06,0.575,-0.245,2.3,3.13,0.74,-0.715,0.83,-0.325,3.33,13.475,6.53,10.8,7.135,1.57
2015-10-23,0.46,-0.015,0.575,-0.245,2.3,3.12,0.76,-0.715,0.83,-0.325,3.364,13.475,6.53,10.94,7.125,1.57
2015-10-26,0.46,-0.015,0.575,-0.245,2.3,3.13,0.77,-0.725,0.83,-0.345,3.35,13.475,6.53,10.98,7.06,1.57
2015-10-27,0.455,-0.06,0.575,-0.225,2.3,3.13,0.77,-0.725,0.83,-0.345,3.35,13.475,6.53,11.08,7.125,1.57
2015-10-28,0.45,-0.015,0.575,-0.225,2.2,3.1,0.76,-0.735,0.83,-0.335,3.383,13.475,6.53,11.04,7.25,1.57
2015-10-29,0.47,-0.08,0.575,-0.225,2.3,3.19,0.78,-0.695,0.83,-0.315,3.375,13.475,6.53,11.08,7.275,1.57
2015-10-30,0.47,-0.08,0.575,0.0,2.3,3.16,0.73,-0.705,0.83,-0.345,3.37,13.475,6.53,11.06,7.275,1.57
2015-11-02,0.465,-0.06,0.575,0.0,2.3,3.17,0.73,-0.63,0.83,-0.365,3.37,13.475,6.53,10.84,7.125,1.57
2015-11-03,0.47,-0.085,0.575,0.0,2.35,3.18,0.74,-0.685,0.83,-0.345,3.375,13.475,6.53,11.02,7.325,1.57
2015-11-04,0.48,-0.06,0.575,0.0,2.42,3.16,0.78,-0.63,0.83,-0.335,3.38,13.475,6.53,10.97,7.325,1.57
2015-11-05,0.495,-0.07,0.575,-0.275,2.42,3.17,0.79,-0.715,0.83,-0.335,3.381,13.475,6.53,11.03,7.3,1.57
2015-11-06,0.51,-0.07,0.575,0.0,2.42,3.16,0.78,-0.765,0.83,-0.325,3.403,13.475,6.53,11.15,7.285,1.57
2015-11-09,0.535,-0.06,0.575,0.0,2.42,3.24,0.82,-0.73,0.83,-0.275,3.405,13.475,6.53,11.35,7.285,1.57
2015-11-10,0.545,-0.08,0.595,0.0,2.52,2.9,0.87,-0.825,0.83,-0.295,3.418,13.475,6.53,11.27,7.285,1.57
2015-11-11,0.555,-0.07,0.575,0.0,2.52,2.9,0.88,-0.785,0.83,-0.275,3.43,13.475,6.53,11.21,7.285,1.57
2015-11-12,0.56,-0.06,0.575,0.0,2.52,3.28,0.89,-0.72,0.83,-0.275,3.41,13.475,6.53,11.2,7.285,1.58
2015-11-13,0.56,-0.08,0.575,0.0,2.52,3.24,0.83,-0.72,0.83,-0.3,3.422,13.475,6.53,11.11,7.295,1.58
2015-11-16,0.56,-0.08,0.575,0.0,2.52,3.24,0.45,-0.875,0.83,-0.305,2.85,13.475,6.53,11.1,7.3,1.58
2015-11-17,0.57,-0.105,0.575,0.0,2.52,3.21,0.84,-0.945,0.83,-0.365,3.42,13.475,6.53,11.13,7.285,1.58
2015-11-18,0.575,-0.09,0.575,0.0,2.52,3.22,0.87,-0.975,0.83,-0.345,3.421,13.475,6.53,11.11,7.325,1.58
2015-11-19,0.585,-0.07,0.575,0.0,2.52,3.25,0.85,-0.955,0.83,-0.345,3.42,13.475,6.53,11.11,7.275,1.58
2015-11-20,0.59,-0.07,0.575,0.0,2.52,3.26,0.45,-0.975,0.83,-0.315,3.479,13.475,6.53,11.11,7.285,1.58
2015-11-23,0.895,-0.07,0.575,0.0,2.52,3.29,0.91,-0.85,0.83,-0.265,3.46,13.475,6.53,11.26,7.25,1.59
2015-11-24,0.66,-0.08,0.575,0.0,2.52,3.25,0.91,-0.965,0.83,-0.275,3.46,13.475,6.53,11.4,7.285,1.59
2015-11-25,0.66,-0.105,0.575,0.0,2.52,3.21,0.86,-0.945,0.83,-0.325,3.471,13.475,6.53,11.28,7.285,1.59
2015-11-26,0.63,-0.08,0.575,0.0,2.52,3.25,0.89,-1.015,0.915,-0.325,3.463,13.475,6.53,11.4,7.285,1.62
2015-11-27,0.91,-0.08,0.575,0.0,2.52,3.24,0.88,-0.9,0.9,-0.34,3.463,13.475,6.53,11.38,7.285,1.62
2015-11-30,0.94,-0.08,0.575,0.0,2.74,3.29,0.9,-1.215,0.9,-0.315,3.481,13.475,6.53,11.03,7.285,1.66
2015-12-01,0.655,-0.08,0.575,0.0,2.72,3.3,0.87,-1.245,0.9,-0.375,3.475,13.475,6.53,11.25,7.285,1.67
2015-12-02,0.915,-0.08,0.575,0.0,2.72,3.28,0.87,-1.205,0.9,-0.425,3.477,13.475,6.53,11.03,7.3,1.67
2015-12-03,0.615,-0.09,0.575,-0.275,2.63,3.21,0.6,-0.815,0.9,-0.465,3.486,13.475,6.53,11.18,7.29,1.67
2015-12-04,0.575,-0.07,0.575,0.0,2.58,3.14,0.77,-0.925,0.9,-0.485,3.507,13.475,6.53,11.2,7.275,1.67
2015-12-07,0.645,-0.07,0.575,0.0,2.6,3.11,0.79,-0.945,0.9,-0.475,3.509,13.475,6.53,11.05,7.29,1.67
2015-12-08,0.625,-0.085,0.575,-0.24,2.57,3.09,0.73,-0.955,0.9,-0.515,3.538,13.475,6.53,11.04,7.44,1.67
2015-12-09,0.625,-0.07,0.575,0.0,2.58,3.09,0.73,-0.905,0.9,-0.495,3.49,13.475,6.53,11.0,7.44,1.67
2015-12-10,0.635,-0.08,0.575,0.0,2.62,3.04,0.76,-0.715,0.9,-0.405,3.51,13.475,6.53,10.95,7.44,1.67
2015-12-11,0.655,-0.09,0.575,0.0,2.67,3.08,0.8,-0.685,0.9,-0.385,3.53,13.475,6.53,11.2,7.44,1.67
2015-12-14,0.92,-0.08,0.575,0.0,2.68,3.12,0.81,-0.64,0.9,-0.385,3.538,13.475,6.53,11.25,7.35,1.67
2015-12-15,0.69,-0.08,0.575,-0.24,2.7,3.12,0.82,-0.74,0.9,-0.375,3.55,13.475,6.53,11.16,7.415,1.67
2015-12-16,0.69,-0.085,0.575,-0.245,2.74,3.12,0.83,-0.825,0.9,-0.415,3.538,13.475,6.53,11.15,7.415,1.67
2015-12-17,0.75,-0.09,0.575,0.0,2.7,3.09,0.79,-0.755,0.9,-0.425,3.538,13.475,6.53,11.06,7.415,1.67
2015-12-18,0.725,-0.09,0.575,-0.185,2.65,3.06,0.77,-0.775,0.95,-0.455,3.583,13.475,6.53,11.08,7.385,1.67
2015-12-21,0.725,-0.09,0.575,0.0,2.63,3.05,0.76,-0.76,0.95,-0.495,3.585,13.475,6.53,11.0,7.385,1.67
2015-12-22,0.725,-0.12,0.575,-0.165,2.66,3.08,0.78,-0.855,0.95,-0.455,3.588,13.475,6.53,11.1,7.3,1.67
2015-12-23,0.7,-0.11,0.575,-0.135,2.59,3.02,0.71,-0.74,0.95,-0.405,3.588,13.475,6.53,10.98,7.385,1.67
2015-12-24,0.7,-0.085,0.575,-0.12,2.6,3.02,0.5,-0.875,0.95,-0.42,3.588,13.475,6.53,10.98,7.385,1.67
2015-12-25,0.7,-0.06,0.575,-0.12,2.615,2.87,0.65,-0.8,0.95,-0.19,3.58,13.475,6.53,11.13,7.385,1.67
2015-12-28,0.7,-0.09,0.575,0.0,2.6,3.02,0.5,-0.865,0.95,-0.405,3.585,13.475,6.53,10.99,7.385,1.67
2015-12-29,0.705,-0.09,0.575,0.0,2.59,3.01,0.68,-0.855,0.95,-0.265,3.599,13.475,6.53,11.0,7.2,1.67
2015-12-30,0.67,-0.09,0.575,0.0,2.54,2.95,0.64,-0.775,0.95,-0.285,3.595,13.475,6.53,11.05,7.335,1.67
2015-12-31,0.68,-0.085,0.575,-0.215,2.53,2.94,0.64,-0.76,0.95,-0.305,3.593,13.475,6.53,11.12,7.2,1.67
2016-01-01,0.68,-0.085,0.575,-0.215,2.475,2.85,0.65,-0.8,0.95,-0.19,3.59,13.475,6.53,11.12,7.325,1.67
2016-01-04,0.685,-0.09,0.575,0.0,2.5,2.97,0.67,-0.71,0.95,-0.315,3.578,13.475,6.53,11.25,7.2,1.67
2016-01-05,0.695,-0.09,0.575,0.0,2.46,2.94,0.7,-0.725,0.925,-0.335,3.58,13.475,6.53,11.2,7.2,1.67
2016-01-06,0.69,-0.09,0.575,0.0,2.46,2.95,0.71,-0.685,0.925,-0.335,3.58,13.475,6.53,11.22,7.2,1.67
2016-01-07,0.7,-0.1,0.575,0.0,2.49,2.95,0.71,-0.66,0.925,-0.345,3.586,13.475,7.4,11.12,7.2,1.67
2016-01-08,0.695,-0.1,0.575,0.0,2.47,2.92,0.69,-0.725,0.925,-0.355,3.588,13.475,7.4,11.06,7.2,1.67
2016-01-11,0.69,-0.1,0.575,0.0,2.45,2.89,0.55,-0.755,0.925,-0.355,3.596,13.475,7.4,11.04,7.2,1.67
2016-01-12,0.7,-0.1,0.575,0.0,2.48,2.92,0.67,-0.715,0.935,-0.315,3.585,13.475,7.4,11.05,7.475,1.67
2016-01-13,0.705,-0.085,0.575,-0.15,2.47,2.94,0.68,-0.715,0.935,-0.315,3.578,13.475,7.4,11.05,7.475,1.67
2016-01-14,0.71,-0.105,0.575,-0.135,2.48,2.96,0.65,-0.725,0.935,-0.285,3.582,13.475,7.4,11.05,7.475,1.67
2016-01-15,0.71,-0.1,0.575,0.0,2.43,2.8,0.61,-0.735,0.935,-0.305,3.59,13.475,7.4,11.05,7.475,1.67
2016-01-18,0.71,-0.1,0.575,0.0,2.46,2.91,0.59,-0.735,1.0,-0.365,3.59,13.475,7.4,11.05,7.475,1.67
2016-01-19,0.71,-0.1,0.575,0.0,2.475,2.92,0.605,-0.71,1.0,-0.34,3.594,13.475,7.4,11.1,7.65,1.67
2016-01-20,0.71,-0.1,0.575,0.0,2.45,2.86,0.6,-0.68,1.0,-0.335,3.61,13.475,7.4,11.1,7.65,1.67
2016-01-21,0.71,-0.11,0.575,0.0,2.44,2.88,0.73,-0.735,1.0,-0.315,3.615,13.475,7.4,11.05,7.65,1.67
2016-01-22,0.715,-0.09,0.575,0.0,2.44,2.9,0.74,-0.725,1.0,-0.325,3.635,13.475,7.4,11.05,7.65,1.67
2016-01-25,0.71,-0.09,0.575,0.0,2.42,2.89,0.71,-0.725,1.0,-0.335,3.65,13.475,7.4,11.05,7.65,1.65
2016-01-26,0.71,-0.1,0.575,0.0,2.43,2.9,0.72,-0.725,1.0,-0.345,3.642,13.475,7.4,11.05,7.65,1.65
2016-01-27,0.71,-0.1,0.575,0.0,2.45,2.9,0.72,-0.68,1.0,-0.365,3.626,13.475,7.4,11.05,7.65,1.65
2016-01-28,0.71,-0.11,0.575,0.0,2.45,2.88,0.7,-0.725,1.0,-0.395,3.64,13.475,7.6,10.95,7.65,1.65
2016-01-29,0.71,-0.145,0.575,0.0,2.44,2.87,0.7,-0.71,0.95,-0.405,3.598,13.475,7.6,11.05,7.65,1.65
2016-02-01,0.705,-0.11,0.575,0.0,2.44,2.85,0.71,-0.745,0.95,-0.435,3.595,13.475,7.6,11.05,7.65,1.65
2016-02-02,0.7,-0.11,0.575,0.0,2.43,2.85,0.7,-0.71,0.95,-0.425,3.61,13.475,7.6,11.0,7.65,1.65
2016-02-03,0.695,-0.11,0.575,0.0,2.42,2.88,0.7,-0.725,0.95,-0.425,3.615,13.475,7.6,11.25,8.225,1.65
2016-02-04,0.695,-0.11,0.575,0.0,2.42,2.9,0.7,-0.715,0.95,-0.425,3.615,13.475,7.6,10.9,8.025,1.65
2016-02-05,0.7,-0.12,0.575,0.0,2.41,2.9,0.69,-0.715,0.95,-0.425,3.631,13.475,7.6,10.9,8.025,1.65
2016-02-08,0.7,-0.11,0.575,0.0,2.43,2.92,0.71,-0.705,0.95,-0.415,3.635,13.475,7.6,11.03,8.025,1.65
2016-02-09,0.7,-0.12,0.575,0.0,2.43,2.93,0.71,-0.69,0.95,-0.425,3.635,13.475,7.6,11.25,8.025,1.65
2016-02-10,0.725,-0.12,0.575,0.0,2.3,2.75,0.71,-0.775,0.95,-0.435,3.635,13.475,7.6,10.95,8.085,1.65
2016-02-11,0.725,-0.13,0.575,0.0,2.44,2.94,0.6,-0.76,0.925,-0.515,3.66,13.475,7.6,11.15,8.085,1.64
2016-02-12,0.715,-0.13,0.575,-0.31,2.44,2.93,0.71,-0.785,0.925,-0.485,3.66,13.475,7.6,11.05,8.085,1.64
2016-02-15,0.705,-0.13,0.575,0.0,2.42,2.9,0.69,-0.785,0.925,-0.495,3.66,13.475,7.6,11.05,8.35,1.64
2016-02-16,0.7,-0.13,0.575,0.0,2.385,2.85,0.67,-0.775,0.925,-0.505,3.655,13.475,7.6,11.05,8.175,1.63
2016-02-17,0.705,-0.13,0.575,-0.05,2.42,2.91,0.71,-0.815,0.925,-0.545,4.07,13.475,7.6,11.05,8.175,1.63
2016-02-18,0.71,-0.14,0.575,-0.05,2.42,2.9,0.71,-0.835,0.925,-0.545,4.145,13.475,7.6,11.15,8.175,1.63
2016-02-19,0.71,-0.15,0.575,-0.05,2.42,2.91,0.71,-0.825,0.925,-0.545,4.17,13.475,7.6,11.15,8.175,1.63
2016-02-22,0.715,-0.14,0.58,-0.05,2.3,2.75,0.72,-0.815,0.915,-0.535,4.16,13.475,7.6,11.05,8.175,1.63
2016-02-23,0.71,-0.15,0.575,-0.05,2.42,2.92,0.75,-0.895,0.915,-0.515,4.18,13.475,7.6,11.05,8.225,1.63
2016-02-24,0.715,-0.15,0.575,-0.05,2.4,2.88,0.75,-0.925,0.915,-0.565,4.182,13.475,7.6,11.15,8.175,1.63
2016-02-25,0.715,-0.15,0.575,-0.05,2.4,2.85,0.73,-0.935,0.915,-0.585,4.16,13.475,7.6,11.15,8.175,1.63
2016-02-26,0.725,-0.16,0.575,-0.08,2.25,2.725,0.73,-0.905,0.915,-0.595,4.16,13.475,7.7,11.05,8.175,1.63
2016-02-29,0.725,-0.15,0.575,-0.08,2.46,2.89,0.6,-0.865,0.9,-0.525,4.145,13.475,7.7,11.25,8.49,1.63
2016-03-01,0.775,-0.15,0.575,-0.08,2.35,2.7,0.78,-0.865,0.9,-0.515,4.155,13.475,7.7,11.25,8.47,1.63
2016-03-02,0.775,-0.115,0.575,-0.29,2.49,2.93,0.79,-0.835,0.9,-0.515,4.165,13.475,7.7,11.25,8.125,1.63
2016-03-03,0.79,-0.16,0.575,-0.08,2.35,2.93,0.785,-0.845,0.9,-0.51,4.16,13.475,7.7,11.2,7.95,1.63
2016-03-04,0.79,-0.16,0.575,-0.08,2.52,2.91,0.78,-0.835,0.9,-0.495,4.155,13.475,7.7,11.15,7.95,1.63
2016-03-07,0.785,-0.16,0.705,-0.08,2.4,2.7,0.77,-0.805,0.94,-0.515,4.145,13.475,7.7,11.15,7.95,1.63
2016-03-08,0.78,-0.17,0.7,-0.08,2.4,2.7,0.74,-0.815,0.995,-0.525,4.153,13.475,7.7,11.05,8.075,1.63
2016-03-09,0.775,-0.215,0.65,-0.075,2.49,2.9,0.75,-0.735,0.935,-0.515,4.15,13.475,7.7,11.05,8.275,1.63
2016-03-10,0.78,-0.22,0.6,-0.285,2.37,2.6,0.64,-0.795,0.915,-0.615,4.155,13.475,7.7,10.85,8.345,1.63
2016-03-11,0.755,-0.225,0.65,-0.25,2.3,2.7,0.71,-0.725,0.96,-0.52,4.177,13.475,7.7,10.85,8.345,1.63
2016-03-14,0.745,-0.225,0.65,-0.25,2.3,2.7,0.7,-0.705,0.975,-0.505,4.178,13.475,7.7,10.85,8.325,1.63
2016-03-15,0.75,-0.22,0.65,-0.08,2.43,2.67,0.74,-0.715,0.9375,-0.495,4.18,13.475,7.7,10.85,8.9,1.63
2016-03-16,0.75,-0.23,0.66,-0.08,2.45,2.65,0.74,-0.735,0.945,-0.515,4.145,13.475,7.7,11.05,8.9,1.63
2016-03-17,0.72,-0.23,0.64,-0.08,2.41,2.61,0.68,-0.715,0.93,-0.545,4.13,13.475,7.7,10.65,8.9,1.63
2016-03-18,0.725,-0.24,0.575,-0.08,2.41,2.535,0.6,-0.75,0.94,-0.19,4.133,13.475,7.7,10.75,8.9,1.63
2016-03-21,0.725,-0.24,0.65,-0.08,2.43,2.59,0.7,-0.68,0.985,-0.535,4.14,13.475,7.7,10.75,8.9,1.63
2016-03-22,0.715,-0.24,0.64,-0.08,2.43,2.59,0.68,-0.745,0.905,-0.505,4.14,13.475,7.7,10.85,8.025,1.63
2016-03-23,0.73,-0.24,0.63,-0.08,2.42,2.58,0.7,-0.725,0.965,-0.485,4.135,13.475,7.7,10.85,8.9,1.63
2016-03-24,0.725,-0.25,0.65,-0.08,2.41,2.565,0.69,-0.75,0.985,-0.49,4.14,13.475,7.7,10.75,8.9,1.63
2016-03-25,0.73,-0.225,0.65,-0.08,2.345,2.45,0.79,-0.68,0.985,-0.19,4.14,13.475,7.7,10.75,8.9,1.63
2016-03-28,0.73,-0.25,0.65,-0.25,2.3,2.45,0.6,-0.8,0.985,-0.19,4.138,13.475,7.7,11.5,8.275,1.61
2016-03-29,0.73,-0.245,0.64,-0.275,2.43,2.59,0.71,-0.745,0.975,-0.575,4.13,13.475,7.7,10.75,8.275,1.61
2016-03-30,0.735,-0.24,0.64,-0.08,2.42,2.57,0.7,-0.745,0.955,-0.575,4.125,13.475,7.7,10.55,8.275,1.61
2016-03-31,0.825,-0.24,0.67,-0.08,2.45,2.62,0.76,-0.745,0.9275,-0.575,4.125,13.475,7.6,10.65,8.275,1.61
2016-04-01,0.62,-0.225,0.65,-0.305,2.42,2.6,0.74,-0.755,0.915,-0.575,4.123,13.475,7.6,10.67,8.275,1.61
2016-04-04,0.74,-0.27,0.65,-0.265,2.41,2.6,0.74,-0.715,0.925,-0.525,4.125,13.475,7.6,10.55,7.325,1.61
2016-04-05,0.5018,-0.26,0.65,-0.285,2.39,2.58,0.74,-0.725,0.945,-0.525,4.13,13.475,7.6,10.55,7.075,1.61
2016-04-06,0.5043,-0.25,0.65,-0.2,2.38,2.57,0.73,-0.725,0.92,-0.525,4.125,13.475,7.65,10.65,7.075,1.61
2016-04-07,0.5031,-0.25,0.65,-0.2,2.37,2.56,0.72,-0.755,0.915,-0.525,4.12,13.475,7.65,10.75,7.125,1.61
2016-04-08,0.5196,-0.25,0.67,-0.2,2.38,2.56,0.73,-0.745,0.9225,-0.525,4.137,13.475,7.65,10.75,7.125,1.61
2016-04-11,0.504,-0.25,0.67,-0.2,2.38,2.55,0.74,-0.745,0.9,-0.525,4.133,13.475,7.65,10.55,7.125,1.61
2016-04-12,0.5051,-0.25,0.68,-0.2,2.4,2.58,0.76,-0.735,0.965,-0.525,4.132,13.475,7.65,10.45,7.3,1.61
2016-04-13,0.5049,-0.25,0.68,-0.2,2.4,2.6,0.76,-0.715,0.935,-0.525,4.132,13.475,7.65,10.45,7.29,1.61
2016-04-14,0.507,-0.25,0.68,-0.2,2.4,2.56,0.75,-0.725,0.985,-0.525,4.122,13.475,7.65,10.35,7.29,1.61
2016-04-15,0.645,-0.25,0.68,-0.2,2.35,2.4,0.74,-0.725,0.945,-0.525,4.126,13.475,7.65,10.35,7.29,1.61
2016-04-18,0.5073,-0.25,0.67,-0.2,2.37,2.57,0.74,-0.71,0.91,-0.515,4.126,13.475,7.65,10.25,7.25,1.61
2016-04-19,0.5099,-0.25,0.68,-0.11,2.38,2.6,0.76,-0.735,0.895,-0.515,4.12,13.475,7.65,10.25,7.25,1.61
2016-04-20,0.5118,-0.25,0.59,-0.11,2.25,2.4,0.77,-0.735,0.855,-0.515,4.126,13.475,7.65,10.15,7.25,1.61
2016-04-21,0.5144,-0.25,0.64,-0.11,2.4,2.56,0.78,-0.715,0.84,-0.515,4.125,13.475,7.65,10.15,7.25,1.61
2016-04-22,0.5134,-0.25,0.72,-0.11,2.4,2.57,0.65,-0.715,0.955,-0.515,4.13,13.475,7.65,10.15,7.325,1.61
2016-04-25,0.5128,-0.25,0.59,-0.11,2.25,2.4,0.6,-0.705,0.77,-0.515,4.136,13.475,7.65,10.15,7.365,1.61
2016-04-26,0.645,-0.25,0.65,-0.11,2.25,2.4,0.77,-0.705,0.85,-0.515,4.125,13.475,7.65,10.15,7.365,1.61
2016-04-27,0.5113,-0.25,0.67,-0.12,2.26,2.55,0.76,-0.715,0.89,-0.515,4.115,13.475,7.65,10.15,7.4,1.61
2016-04-28,0.5107,-0.225,0.68,-0.29,2.26,2.62,0.6,-0.705,0.88,-0.515,4.115,13.475,7.65,10.15,7.4,1.61
2016-04-29,0.6227,-0.225,0.68,-0.12,2.27,2.64,0.65,-0.71,0.925,-0.515,4.115,13.475,7.65,10.15,7.4,1.61
2016-05-02,0.725,-0.25,0.67,-0.12,2.25,2.62,0.77,-0.71,0.945,-0.515,4.12,13.475,7.65,10.15,7.4,1.61
2016-05-03,0.5088,-0.25,0.62,-0.12,2.16,2.61,0.77,-0.735,0.87,-0.515,4.132,13.475,7.65,10.25,7.4,1.61
2016-05-04,0.5103,-0.25,0.65,-0.12,2.0,2.45,0.78,-0.765,0.87,-0.515,4.131,13.475,7.65,10.35,7.325,1.61
2016-05-05,0.5091,-0.225,0.67,-0.295,2.2,2.6,0.78,-0.755,0.965,-0.515,4.1,13.475,7.65,10.53,7.275,1.61
2016-05-06,0.65,-0.26,0.625,-0.12,2.14,2.55,0.78,-0.755,0.92,-0.515,4.105,13.475,7.65,10.4,7.325,1.61
2016-05-09,0.505,-0.225,0.68,-0.385,2.19,2.63,0.75,-0.755,0.955,-0.515,4.125,13.475,7.65,10.42,7.3,1.61
2016-05-10,0.5057,-0.225,0.68,-0.26,2.1,2.4,0.8,-0.755,0.94,-0.515,4.136,13.475,7.65,10.45,7.325,1.6
2016-05-11,0.5043,-0.26,0.67,-0.12,2.18,2.63,0.78,-0.735,0.91,-0.515,4.135,13.475,7.65,10.45,7.3,1.6
2016-05-12,0.5056,-0.225,0.67,-0.12,2.1,2.45,0.79,-0.745,0.93,-0.515,4.13,13.475,7.65,10.3,7.3,1.6
2016-05-13,0.73,-0.26,0.68,-0.12,2.2,2.67,0.8,-0.71,0.95,-0.515,4.147,13.475,7.65,10.35,7.3,1.6
2016-05-16,0.5066,-0.27,0.595,-0.32,2.26,2.55,0.91,-0.75,0.825,-0.515,4.15,13.475,7.65,10.75,7.3,1.58
2016-05-17,0.5151,-0.25,0.63,-0.12,2.13,2.59,0.78,-0.745,0.995,-0.515,4.164,13.475,7.65,10.3,7.325,1.58
2016-05-18,0.5398,-0.25,0.63,-0.12,2.14,2.6,0.6,-0.745,0.94,-0.515,4.196,13.475,7.65,10.35,7.325,1.58
2016-05-19,0.5479,-0.26,0.65,-0.12,2.1,2.45,0.81,-0.725,0.97,-0.515,4.225,13.475,7.65,10.35,7.295,1.56
2016-05-20,0.5507,-0.26,0.65,-0.12,2.15,2.66,0.81,-0.725,0.94,-0.515,4.244,13.475,7.65,10.35,7.295,1.56
2016-05-23,0.5578,-0.25,0.59,-0.12,2.05,2.45,0.81,-0.725,0.825,-0.515,4.285,13.475,7.65,10.35,7.325,1.56
2016-05-24,0.5637,-0.26,0.65,-0.12,2.15,2.67,0.81,-0.71,0.93,-0.515,4.27,13.475,7.65,10.2,7.325,1.56
2016-05-25,0.5636,-0.25,0.64,-0.16,2.05,2.45,0.81,-0.715,0.885,-0.515,4.24,13.475,7.65,10.2,7.215,1.56
2016-05-26,0.5644,-0.255,0.65,-0.2,1.95,2.45,0.82,-0.725,0.96,-0.515,4.218,13.475,7.65,10.19,7.325,1.56
2016-05-27,0.7825,-0.26,0.64,-0.16,2.14,2.64,0.84,-0.71,0.975,-0.515,4.245,13.475,7.65,10.21,7.325,1.56
2016-05-30,0.65,-0.26,0.65,-0.16,2.15,2.68,0.84,-0.725,0.9325,-0.515,4.21,13.475,7.65,10.25,7.165,1.56
2016-05-31,0.5711,-0.235,0.66,-0.285,2.17,2.69,0.85,-0.715,0.96,-0.515,4.232,13.475,7.65,10.2,7.325,1.56
2016-06-01,0.569,-0.26,0.61,-0.12,2.17,2.68,0.85,-0.705,0.945,-0.515,4.215,13.475,7.65,10.15,7.215,1.56
2016-06-02,0.5707,-0.26,0.64,-0.16,2.2,2.71,0.88,-0.735,1.02,-0.515,4.245,13.475,7.65,10.15,7.215,1.56
2016-06-03,0.5449,-0.245,0.64,-0.16,2.21,2.69,0.87,-0.745,0.92,-0.515,4.252,13.475,7.65,9.95,7.215,1.56
2016-06-06,0.5293,-0.245,0.62,-0.265,2.2,2.67,0.87,-0.745,0.925,-0.515,4.255,13.475,7.65,9.85,7.175,1.56
2016-06-07,0.525,-0.245,0.64,-0.12,2.24,2.68,0.87,-0.785,0.935,-0.515,4.256,13.475,7.65,9.65,7.175,1.56
2016-06-08,0.5271,-0.27,0.64,-0.16,2.22,2.71,0.86,-0.835,0.835,-0.565,4.22,13.475,7.95,9.45,7.215,1.56
2016-06-09,0.527,-0.27,0.65,-0.16,2.2,2.74,0.85,-0.855,0.905,-0.565,4.225,13.475,7.95,9.45,7.215,1.39
2016-06-10,0.5243,-0.27,0.67,-0.16,2.2,2.72,0.84,-0.855,0.975,-0.565,4.267,13.475,7.95,9.45,7.2,1.39
2016-06-13,0.5201,-0.27,0.67,-0.16,2.23,2.75,0.87,-0.77,0.88,-0.565,4.285,13.475,7.95,9.55,7.215,1.39
2016-06-14,0.5224,-0.27,0.69,-0.16,2.25,2.75,0.89,-0.875,0.925,-0.565,4.333,13.475,7.95,9.65,7.215,1.39
2016-06-15,0.516,-0.27,0.71,-0.16,2.26,2.75,0.65,-0.875,0.915,-0.565,4.285,13.475,7.95,9.55,7.025,1.39
2016-06-16,0.5146,-0.27,0.72,-0.16,2.31,2.82,0.94,-0.905,0.965,-0.585,4.303,13.475,7.95,9.65,6.8,1.39
2016-06-17,0.8,-0.27,0.68,-0.16,2.3,2.77,0.6,-0.935,0.91,-0.585,4.315,13.475,7.95,9.55,7.2,1.39
2016-06-20,0.5165,-0.25,0.68,-0.16,2.25,2.77,0.86,-0.81,0.98,-0.585,4.32,13.475,7.95,9.35,7.025,1.39
2016-06-21,0.516,-0.25,0.74,-0.16,2.28,2.81,0.87,-0.905,1.03,-0.585,4.32,13.475,7.95,9.35,6.825,1.39
2016-06-22,0.5134,-0.25,0.76,-0.12,2.3,2.83,0.89,-0.915,1.04,-0.585,4.31,13.475,7.95,9.35,6.9,1.39
2016-06-23,0.5177,-0.26,0.735,-0.16,2.0,2.55,0.86,-0.845,0.925,-0.585,4.309,13.475,7.95,9.25,6.975,1.39
2016-06-24,0.65,-0.3,0.65,-0.36,2.0,2.55,0.785,-0.925,1.085,-0.525,4.353,13.475,8.25,9.55,6.785,1.37
2016-06-27,0.4935,-0.27,0.6,-0.16,1.95,2.5,0.815,-0.975,1.025,-0.525,4.38,13.475,8.25,9.25,6.785,1.37
2016-06-28,0.5017,-0.27,0.6,-0.16,2.21,2.71,0.855,-0.925,1.045,-0.65,4.35,13.475,8.025,9.15,6.9,1.37
2016-06-29,0.5116,-0.27,0.65,-0.16,2.27,2.76,0.895,-0.975,1.055,-0.65,4.323,13.475,8.05,9.25,6.785,1.37
2016-06-30,1.0175,-0.27,0.67,-0.12,2.26,2.77,0.895,-0.995,0.975,-0.65,4.475,13.475,8.05,9.25,6.9,1.37
2016-07-01,0.65,-0.28,0.56,-0.16,2.25,2.775,0.885,-1.025,1.055,-0.65,4.63,13.475,8.05,9.13,6.785,1.37
2016-07-04,0.5178,-0.28,0.56,-0.16,2.25,2.77,0.895,-1.025,1.015,-0.675,4.63,13.475,7.9,9.25,6.9,1.37
2016-07-05,0.5173,-0.28,0.52,-0.16,2.25,2.76,0.915,-0.975,0.87,-0.675,4.645,13.475,7.9,9.25,6.925,1.37
2016-07-06,0.5196,-0.28,0.55,-0.12,2.31,2.81,0.65,-1.025,1.085,-0.625,4.68,13.475,7.95,9.35,6.925,1.37
2016-07-07,0.5227,-0.28,0.55,-0.16,2.29,2.81,1.005,-0.975,0.965,-0.625,4.685,13.475,7.95,9.35,6.565,1.36
2016-07-08,1.055,-0.28,0.54,-0.16,1.95,2.45,1.015,-0.995,1.055,-0.625,4.67,13.475,7.95,9.25,6.85,1.36
2016-07-11,0.5297,-0.28,0.53,-0.16,2.0,2.45,1.015,-0.86,0.72,-0.625,4.665,13.475,7.95,9.15,6.85,1.36
2016-07-12,0.5345,-0.28,0.56,-0.12,2.3,2.82,0.7,-0.925,1.065,-0.625,4.665,13.475,7.95,9.15,6.9,1.36
2016-07-13,0.5363,-0.28,0.535,-0.16,2.0,2.5,0.995,-0.895,0.98,-0.625,4.67,13.475,7.85,9.15,6.6,1.36
2016-07-14,0.5392,-0.28,0.57,-0.12,2.3,2.78,0.65,-0.875,0.95,-0.625,4.67,13.475,7.85,9.05,6.625,1.36
2016-07-15,0.65,-0.28,0.475,-0.16,2.35,2.82,1.065,-0.845,0.945,-0.625,4.73,13.475,7.85,9.15,6.625,1.36
2016-07-18,0.5483,-0.28,0.52,-0.16,2.38,2.8,1.085,-0.74,0.98,-0.625,4.735,13.475,7.85,9.45,6.565,1.36
2016-07-19,0.5427,-0.28,0.475,-0.12,2.35,2.75,1.055,-0.815,0.9,-0.625,4.715,13.475,7.85,9.25,6.415,1.36
2016-07-20,0.5557,-0.28,0.475,-0.12,2.33,2.8,1.055,-0.815,0.96,-0.625,4.739,13.475,7.85,9.85,6.57,1.36
2016-07-21,0.5642,-0.29,0.475,-0.12,2.33,2.76,1.085,-0.74,0.955,-0.625,4.731,13.475,7.85,10.35,6.875,1.36
2016-07-22,0.5659,-0.28,0.475,-0.13,2.0,2.4,1.07,-0.79,0.9175,-0.625,4.725,13.475,7.85,10.15,6.565,1.36
2016-07-25,0.574,-0.28,0.61,-0.12,2.05,2.4,1.045,-0.755,0.99,-0.6,4.733,13.475,7.85,9.75,6.74,1.36
2016-07-26,0.5815,-0.29,0.61,-0.12,2.38,2.83,1.095,-0.715,0.99,-0.6,4.74,13.475,7.85,9.75,6.565,1.36
2016-07-27,0.5828,-0.31,0.57,-0.12,2.38,2.8,1.075,-0.715,0.945,-0.6,4.751,13.475,7.85,9.65,6.565,1.36
2016-07-28,0.5862,-0.315,0.6,-0.12,2.36,2.79,1.095,-0.715,0.99,-0.625,4.751,13.475,7.85,9.55,6.925,1.36
2016-07-29,0.99,-0.29,0.57,-0.13,2.32,2.75,1.035,-0.765,0.965,-0.625,4.698,13.475,7.85,9.55,6.565,1.36
2016-08-01,0.5832,-0.28,0.56,-0.12,2.29,2.74,1.005,-0.805,0.945,-0.625,4.695,13.475,7.85,9.65,6.565,1.36
2016-08-02,0.59,-0.28,0.57,-0.12,2.23,2.73,1.015,-0.785,0.985,-0.625,4.7,13.475,7.85,9.65,6.565,1.36
2016-08-03,0.5958,-0.29,0.59,-0.12,2.22,2.76,1.035,-0.775,1.005,-0.625,4.715,13.475,7.85,9.75,6.565,1.36
2016-08-04,0.6004,-0.29,0.49,-0.12,2.19,2.69,0.995,-0.825,1.015,-0.625,4.695,13.475,7.85,9.65,6.565,1.36
2016-08-05,1.24,-0.29,0.47,-0.12,2.18,2.67,0.6,-0.835,0.995,-0.625,4.73,13.475,7.85,9.4,6.565,1.36
2016-08-08,1.26,-0.29,0.47,-0.16,2.19,2.67,0.985,-0.805,1.01,-0.625,4.735,13.475,7.8,10.1,6.775,1.36
2016-08-09,1.26,-0.29,0.43,-0.16,2.16,2.63,0.55,-0.775,0.995,-0.625,4.71,13.475,7.8,9.25,6.775,1.36
2016-08-10,1.27,-0.28,0.43,-0.16,2.16,2.63,0.905,-0.775,1.115,-0.625,4.713,13.475,7.8,9.15,6.565,1.36
2016-08-11,0.8362,-0.29,0.49,-0.16,2.17,2.67,0.65,-0.795,1.005,-0.625,4.671,13.475,7.8,9.15,6.565,1.35
2016-08-12,1.24,-0.29,0.44,-0.165,2.14,2.645,0.7,-0.725,1.1,-0.625,4.642,13.475,7.8,9.05,6.565,1.35
2016-08-15,1.22,-0.29,0.49,-0.12,2.13,2.65,0.995,-0.815,1.075,-0.625,4.64,13.475,7.8,9.0,6.565,1.35
2016-08-16,1.21,-0.29,0.47,-0.12,2.1,2.65,0.975,-0.825,1.115,-0.625,4.648,13.475,7.8,8.92,6.8,1.35
2016-08-17,1.21,-0.29,0.45,-0.12,2.08,2.66,0.975,-0.845,1.035,-0.625,4.65,13.475,8.15,9.1,6.8,1.35
2016-08-18,0.8849,-0.29,0.48,-0.12,2.1,2.69,0.75,-0.855,1.0,-0.625,4.635,13.475,8.15,8.95,6.565,1.34
2016-08-19,0.653,-0.29,0.46,-0.13,1.8,2.35,0.8,-0.8,1.095,-0.625,4.645,13.475,8.15,8.95,6.565,1.34
2016-08-22,0.6287,-0.29,0.43,-0.12,2.06,2.64,0.975,-0.875,1.075,-0.625,4.638,13.475,8.15,8.95,6.565,1.34
2016-08-23,0.9833,-0.28,0.395,-0.12,2.07,2.65,0.995,-0.865,1.015,-0.625,4.653,13.475,7.8,8.95,6.565,1.34
2016-08-24,0.6323,-0.28,0.44,-0.12,2.07,2.65,1.015,-0.885,1.015,-0.625,4.633,13.475,7.8,8.95,6.565,1.34
2016-08-25,0.6384,-0.29,0.42,-0.12,2.05,2.6,1.005,-0.905,0.98,-0.625,4.65,13.475,7.8,8.85,6.565,1.34
2016-08-26,0.6776,-0.29,0.41,-0.13,2.04,2.6,0.995,-0.83,0.975,-0.625,4.66,13.475,7.95,8.85,6.565,1.34
2016-08-29,0.7362,-0.29,0.44,-0.12,2.07,2.63,1.025,-0.865,1.0,-0.625,4.645,13.475,7.95,8.85,6.625,1.34
2016-08-30,0.6473,-0.28,0.44,-0.12,2.07,2.64,0.995,-0.805,0.935,-0.625,4.648,13.475,7.95,8.85,6.565,1.34
2016-08-31,0.6488,-0.29,0.43,-0.12,2.04,2.65,0.985,-0.845,1.095,-0.625,4.665,13.475,7.95,8.85,6.625,1.34
2016-09-01,0.6465,-0.29,0.46,-0.12,2.05,2.64,1.005,-0.815,1.015,-0.625,4.65,13.475,7.95,8.95,6.565,1.34
2016-09-02,0.6449,-0.29,0.46,-0.13,2.02,2.62,0.985,-0.795,0.99,-0.625,4.68,13.475,7.95,8.9,6.565,1.34
2016-09-05,0.6467,-0.29,0.46,-0.12,2.03,2.61,0.995,-0.775,1.04,-0.625,4.675,13.475,7.95,8.85,6.565,1.34
2016-09-06,0.638,-0.35,0.395,-0.4,1.7,2.3,0.65,-0.795,1.085,-0.625,4.655,13.475,7.85,8.65,6.55,1.34
2016-09-07,0.633,-0.3,0.42,-0.435,1.98,2.5,0.895,-0.73,1.075,-0.625,4.657,13.475,7.85,8.65,6.565,1.34
2016-09-08,0.6464,-0.29,0.39,-0.12,1.91,2.48,0.865,-0.845,1.055,-0.625,4.678,13.475,7.65,9.28,6.565,1.34
2016-09-09,1.035,-0.29,0.35,-0.13,1.75,2.3,0.8,-0.72,0.97,-0.625,4.707,13.475,7.65,9.28,6.565,1.34
2016-09-12,0.646,-0.29,0.395,-0.12,1.75,2.3,0.845,-0.71,0.98,-0.625,4.695,13.475,7.65,8.65,6.565,1.34
2016-09-13,0.644,-0.29,0.45,-0.12,1.97,2.47,0.845,-0.785,0.98,-0.625,4.735,13.475,7.65,8.65,6.565,1.34
2016-09-14,0.6458,-0.29,0.45,-0.12,1.99,2.49,0.65,-0.785,1.085,-0.625,4.74,13.475,7.65,8.65,6.565,1.34
2016-09-15,0.6466,-0.29,0.4,-0.29,2.03,2.54,0.6,-0.785,1.065,-0.625,4.766,13.475,7.65,8.7,6.565,1.34
2016-09-16,0.6774,-0.32,0.51,-0.3,2.03,2.54,0.875,-0.805,1.005,-0.625,4.8,13.475,7.65,8.65,6.565,1.34
2016-09-19,0.6529,-0.29,0.47,-0.3,2.02,2.53,0.885,-0.825,1.0,-0.625,4.835,13.475,7.75,8.6,6.565,1.34
2016-09-20,0.6584,-0.32,0.35,-0.29,2.0,2.52,0.865,-0.785,1.0,-0.625,4.87,13.475,7.75,8.45,6.575,1.34
2016-09-21,0.6438,-0.32,0.49,-0.3,2.02,2.54,0.65,-0.785,0.965,-0.625,4.87,13.475,7.75,8.45,6.575,1.34
2016-09-22,0.642,-0.29,0.43,-0.3,2.02,2.53,0.945,-0.805,0.96,-0.625,4.87,13.475,7.75,8.15,6.59,1.34
2016-09-23,0.87,-0.29,0.47,-0.325,2.01,2.51,0.915,-0.805,1.015,-0.625,4.958,13.475,7.75,8.15,6.61,1.34
2016-09-26,0.865,-0.29,0.48,-0.29,2.03,2.53,0.935,-0.795,1.015,-0.625,4.978,13.475,7.75,8.15,6.61,1.34
2016-09-27,0.875,-0.35,0.5,-0.345,1.8,2.3,0.995,-0.775,1.165,-0.625,4.895,13.475,7.75,8.15,6.61,1.34
2016-09-28,0.875,-0.29,0.35,-0.29,1.8,2.3,0.955,-0.805,0.99,-0.625,4.905,13.475,7.75,8.25,6.575,1.34
2016-09-29,0.885,-0.3,0.35,-0.4,1.8,2.3,0.955,-0.835,1.11,-0.625,5.028,13.475,7.75,8.45,6.61,1.34
2016-09-30,0.885,-0.28,0.56,-0.31,2.17,2.71,1.085,-0.845,1.315,-0.625,5.17,13.475,7.75,8.65,6.61,1.34
2016-10-03,0.885,-0.33,0.57,-0.345,2.17,2.72,1.105,-0.835,1.055,-0.625,5.175,13.475,7.75,8.45,6.61,1.34
2016-10-04,1.0975,-0.29,0.525,-0.29,2.16,2.7,1.075,-0.785,1.1,-0.625,5.18,13.475,7.9,8.45,6.575,1.34
2016-10-05,0.88,-0.29,0.55,-0.29,2.08,2.62,1.025,-0.72,1.125,-0.625,5.192,13.475,7.9,8.35,6.615,1.34
2016-10-06,0.88,-0.29,0.54,-0.29,2.07,2.61,0.6,-0.795,1.135,-0.625,5.185,13.475,7.9,8.35,6.615,1.34
2016-10-07,0.88,-0.31,0.49,-0.435,2.06,2.54,0.985,-0.805,1.185,-0.625,5.188,13.475,7.9,8.55,6.475,1.34
2016-10-10,0.88,-0.29,0.5,-0.345,2.05,2.55,0.985,-0.795,1.12,-0.625,5.15,13.475,7.85,8.55,6.615,1.34
2016-10-11,0.955,-0.29,0.53,-0.29,2.1,2.54,1.005,-0.775,1.02,-0.625,5.155,13.475,7.85,8.65,6.615,1.34
2016-10-12,1.005,-0.3,0.52,-0.29,2.08,2.55,0.985,-0.755,0.825,-0.625,5.155,13.475,7.9,8.6,6.615,1.34
2016-10-13,0.885,-0.3,0.47,-0.29,2.08,2.58,0.985,-0.775,1.035,-0.625,5.16,13.475,7.9,8.7,6.615,1.34
2016-10-14,0.885,-0.29,0.54,-0.295,2.12,2.57,1.035,-0.775,0.985,-0.625,5.183,13.475,7.9,8.6,6.55,1.34
2016-10-17,0.885,-0.3,0.4,-0.29,2.15,2.59,1.045,-0.765,1.01,-0.625,5.18,13.475,7.9,8.65,6.615,1.34
2016-10-18,0.885,-0.3,0.5,-0.29,2.13,2.6,0.6,-0.785,1.19,-0.625,5.18,13.475,8.0,8.65,6.615,1.34
2016-10-19,0.885,-0.3,0.53,-0.29,2.1,2.57,0.985,-0.745,1.05,-0.625,5.184,13.475,8.0,8.55,6.55,1.34
2016-10-20,0.88,-0.3,0.51,-0.29,2.09,2.54,0.965,-0.755,0.97,-0.625,5.186,13.475,8.0,8.55,6.475,1.34
2016-10-21,0.885,-0.3,0.37,-0.3,2.12,2.545,0.955,-0.735,1.02,-0.625,5.247,13.475,8.0,8.65,6.54,1.36
2016-10-24,0.885,-0.3,0.48,-0.29,2.12,2.55,0.965,-0.71,1.02,-0.625,5.25,13.475,8.0,8.75,6.54,1.37
2016-10-25,0.89,-0.3,0.46,-0.29,2.13,2.56,0.995,-0.745,1.05,-0.625,5.235,13.475,8.0,8.95,6.54,1.38
2016-10-26,0.89,-0.3,0.48,-0.29,2.15,2.54,0.975,-0.775,0.99,-0.625,5.235,13.475,8.0,8.85,6.54,1.39
2016-10-27,0.95,-0.3,0.49,-0.29,2.15,2.55,0.985,-0.755,1.035,-0.625,5.243,13.475,8.0,8.95,6.615,1.39
2016-10-28,0.89,-0.28,0.48,-0.195,2.18,2.57,0.975,-0.745,0.9675,-0.625,5.27,13.475,8.0,9.14,6.575,1.39
2016-10-31,0.895,-0.3,0.42,-0.29,2.18,2.58,0.985,-0.74,1.055,-0.625,5.295,13.475,8.0,9.05,6.575,1.39
2016-11-01,0.9,-0.285,0.49,-0.235,2.18,2.56,0.995,-0.755,1.03,-0.625,5.353,13.475,8.0,9.1,6.54,1.39
2016-11-02,0.885,-0.3,0.48,-0.29,2.17,2.55,0.995,-0.785,1.11,-0.625,5.365,13.475,8.0,9.25,6.6,1.39
2016-11-03,0.89,-0.3,0.48,-0.29,2.19,2.56,1.005,-0.785,1.11,-0.625,5.35,13.475,8.0,9.05,6.575,1.39
2016-11-04,0.885,-0.3,0.485,-0.3,2.2,2.575,1.005,-0.815,1.015,-0.625,5.36,13.475,8.0,9.25,6.575,1.39
2016-11-07,0.89,-0.3,0.5,-0.29,2.19,2.59,0.995,-0.825,0.85,-0.625,5.36,13.475,8.0,9.2,6.625,1.39
2016-11-08,0.89,-0.3,0.44,-0.29,2.24,2.62,0.985,-0.835,0.9725,-0.625,5.318,13.475,8.0,9.0,6.55,1.39
2016-11-09,0.95,-0.3,0.49,-0.29,2.19,2.59,0.995,-0.815,1.2,-0.625,5.75,13.475,8.0,9.05,6.54,1.39
2016-11-10,0.895,-0.3,0.51,-0.29,2.16,2.52,0.955,-0.805,0.965,-0.625,5.87,13.475,8.25,9.25,6.54,1.39
2016-11-11,0.895,-0.32,0.5,-0.375,2.145,2.51,0.5,-0.78,1.19,-0.625,5.95,13.475,8.25,9.35,6.4,1.39
2016-11-14,0.975,-0.3,0.53,-0.29,2.21,2.59,0.985,-0.765,1.24,-0.625,5.81,13.475,8.25,9.45,6.4,1.39
2016-11-15,1.4,-0.3,0.51,-0.29,2.25,2.58,0.45,-0.775,1.035,-0.625,5.813,13.475,8.25,9.15,6.375,1.39
2016-11-16,1.42,-0.3,0.53,-0.29,2.26,2.59,0.975,-0.765,1.29,-0.625,5.86,13.475,8.25,9.15,6.54,1.39
2016-11-17,1.335,-0.3,0.51,-0.29,2.23,2.56,0.45,-0.825,0.985,-0.625,5.73,13.475,8.25,9.05,6.275,1.4
2016-11-18,1.45,-0.3,0.52,-0.3,2.23,2.58,0.5,-0.76,1.04,-0.625,5.95,13.475,8.25,9.65,6.275,1.4
2016-11-21,1.475,-0.3,0.52,-0.29,2.25,2.58,1.015,-0.75,1.29,-0.625,5.935,13.475,8.3,9.65,6.275,1.41
2016-11-22,1.49,-0.3,0.53,-0.29,2.29,2.6,1.035,-0.795,1.05,-0.625,5.943,13.475,8.3,9.85,6.375,1.42
2016-11-23,0.8762,-0.28,0.37,-0.345,2.31,2.59,1.045,-0.805,1.22,-0.625,5.96,13.475,8.3,10.35,6.025,1.43
2016-11-24,0.871,-0.325,0.53,-0.33,2.32,2.59,1.035,-0.815,1.06,-0.625,5.97,13.475,8.3,10.35,6.025,1.46
2016-11-25,0.92,-0.21,0.53,-0.405,2.315,2.58,1.015,-0.825,1.035,-0.625,5.94,13.475,8.3,10.15,6.025,1.48
2016-11-28,1.565,-0.3,0.58,-0.29,2.35,2.62,1.035,-0.78,1.36,-0.625,5.91,13.475,8.3,9.95,5.65,1.49
2016-11-29,1.57,-0.325,0.57,-0.29,2.34,2.63,1.025,-0.845,1.02,-0.625,5.883,13.475,8.2,9.95,6.15,1.52
2016-11-30,1.535,-0.325,0.57,-0.31,2.33,2.62,1.025,-0.875,1.025,-0.625,5.81,13.475,8.2,9.85,6.15,1.52
2016-12-01,1.52,-0.3,0.56,-0.29,2.3,2.58,0.4,-0.875,1.06,-0.625,5.825,13.475,8.2,10.35,5.65,1.53
2016-12-02,1.57,-0.3,0.59,-0.29,2.35,2.62,1.065,-0.865,1.34,-0.625,5.83,13.475,8.2,10.65,6.15,1.54
2016-12-05,1.55,-0.3,0.52,-0.29,2.33,2.6,0.4,-0.845,1.05,-0.625,5.882,13.475,8.2,10.35,6.15,1.54
2016-12-06,1.53,-0.3,0.58,-0.29,2.3,2.57,1.015,-0.825,1.14,-0.625,5.873,13.475,8.2,10.05,5.65,1.54
2016-12-07,1.5,-0.3,0.55,-0.29,2.27,2.54,0.985,-0.835,1.025,-0.725,5.845,13.475,8.15,9.65,6.025,1.54
2016-12-08,0.94,-0.31,0.53,-0.29,2.22,2.49,0.935,-0.815,1.09,-0.725,5.855,13.475,8.15,9.8,6.225,1.54
2016-12-09,1.52,-0.3,0.57,-0.29,2.28,2.56,0.35,-0.815,1.06,-0.725,5.899,13.475,8.15,10.05,6.225,1.54
2016-12-12,1.54,-0.3,0.56,-0.29,2.29,2.59,0.975,-0.825,1.05,-0.725,5.88,13.475,8.15,10.25,6.225,1.54
2016-12-13,0.97,-0.325,0.55,-0.305,2.27,2.57,0.945,-0.815,1.29,-0.725,5.865,13.475,8.15,10.05,6.275,1.54
2016-12-14,1.55,-0.3,0.55,-0.29,2.28,2.57,0.945,-0.845,1.045,-0.725,5.865,13.475,8.15,9.75,6.35,1.54
2016-12-15,1.57,-0.3,0.58,-0.29,2.35,2.62,0.55,-0.825,1.23,-0.725,5.945,13.475,8.15,9.75,6.275,1.54
2016-12-16,1.2,-0.3,0.6,-0.265,2.34,2.65,0.935,-0.845,1.12,-0.725,6.184,13.475,8.15,9.6,5.65,1.54
2016-12-19,1.1,-0.32,0.6,-0.115,2.35,2.66,0.985,-0.77,1.14,-0.725,6.19,13.475,8.15,9.55,6.35,1.54
2016-12-20,1.2,-0.325,0.36,-0.115,2.37,2.68,1.005,-0.815,1.1,-0.725,6.19,13.475,8.15,9.6,6.275,1.54
2016-12-21,1.1,-0.35,0.54,-0.085,2.38,2.66,1.025,-0.815,1.075,-0.725,6.208,13.475,8.15,9.5,6.225,1.54
2016-12-22,1.1,-0.3,0.57,-0.11,2.37,2.66,0.6,-0.745,1.095,-0.725,6.22,13.475,8.15,9.55,6.35,1.54
2016-12-23,1.67,-0.3,0.53,-0.11,2.39,2.67,1.025,-0.745,1.3,-0.725,6.225,13.475,8.15,9.6,6.275,1.54
2016-12-26,1.67,-0.33,0.38,-0.11,1.96,2.25,1.1,-0.825,1.3,-0.725,6.217,13.475,8.15,9.75,6.275,1.54
2016-12-27,1.5,-0.35,0.45,-0.115,2.43,2.72,1.075,-0.715,1.405,-0.725,6.245,13.475,8.15,9.65,6.275,1.54
2016-12-28,1.55,-0.335,0.7,-0.155,2.55,2.84,1.175,-0.685,1.19,-0.625,6.263,13.475,8.15,9.75,6.275,1.53
2016-12-29,1.42,-0.28,0.57,-0.355,2.36,2.61,0.995,-0.68,1.025,-0.625,6.256,13.475,7.9,9.55,6.275,1.52
2016-12-30,1.535,-0.35,0.61,-0.44,2.39,2.65,0.65,-0.755,1.08,-0.65,6.265,13.475,7.9,9.55,6.275,1.52
2017-01-02,1.51,-0.36,0.52,-0.4,2.325,2.55,1.015,-0.775,1.24,-0.7,6.265,13.475,7.85,9.45,6.275,1.52
2017-01-03,1.23,-0.36,0.54,-0.31,2.32,2.57,0.995,-0.67,1.27,-0.7,6.295,13.475,7.8,9.65,6.225,1.52
2017-01-04,1.48,-0.31,0.47,-0.41,2.25,2.51,0.955,-0.745,1.2,-0.7,6.324,13.475,7.8,9.35,6.225,1.51
2017-01-05,1.47,-0.31,0.46,-0.41,2.25,2.52,0.965,-0.68,1.2,-0.7,6.439,13.475,7.8,9.35,6.375,1.51
2017-01-06,1.205,-0.31,0.46,-0.41,2.2,2.52,0.985,-0.64,1.22,-0.7,6.36,13.475,7.8,9.35,5.65,1.49
2017-01-09,1.4,-0.38,0.44,-0.36,2.285,2.54,1.075,-0.66,1.22,-0.7,6.365,13.475,7.8,9.85,6.275,1.49
2017-01-10,1.465,-0.31,0.36,-0.41,2.27,2.53,0.985,-0.705,1.2,-0.7,6.439,13.475,7.75,10.15,6.275,1.49
2017-01-11,1.215,-0.31,0.46,-0.41,2.27,2.52,0.75,-0.695,1.175,-0.7,6.444,13.475,7.75,10.95,6.275,1.49
2017-01-12,1.465,-0.31,0.46,-0.41,2.29,2.52,1.015,-0.715,1.13,-0.7,6.37,13.475,7.75,10.55,6.325,1.49
2017-01-13,1.47,-0.31,0.33,-0.41,2.26,2.5,0.965,-0.735,1.15,-0.7,6.474,13.475,7.75,10.55,6.325,1.49
2017-01-16,1.3,-0.31,0.405,-0.41,2.05,2.51,0.955,-0.735,1.16,-0.7,6.455,13.475,7.75,10.45,6.275,1.49
2017-01-17,1.465,-0.31,0.46,-0.41,2.25,2.48,0.955,-0.69,1.12,-0.7,6.475,13.475,7.75,10.65,5.65,1.49
2017-01-18,1.055,-0.375,0.45,-0.26,2.25,2.47,0.955,-0.755,1.14,-0.55,6.478,13.475,7.75,10.95,6.325,1.49
2017-01-19,1.07,-0.32,0.45,-0.41,2.25,2.48,0.7,-0.775,1.12,-0.55,6.484,13.475,7.75,11.15,6.325,1.49
2017-01-20,1.465,-0.32,0.43,-0.4,2.24,2.49,0.955,-0.73,1.11,-0.55,6.472,13.475,7.75,11.15,6.45,1.49
2017-01-23,1.46,-0.31,0.41,-0.41,2.24,2.47,0.935,-0.755,1.09,-0.55,6.46,13.475,7.75,11.15,6.45,1.49
2017-01-24,1.43,-0.31,0.4,-0.41,2.19,2.45,0.905,-0.775,1.08,-0.55,6.463,13.475,7.75,11.15,6.325,1.49
2017-01-25,1.065,-0.34,0.38,-0.41,2.16,2.43,0.885,-0.765,1.06,-0.55,6.443,13.475,7.75,11.25,5.65,1.49
2017-01-26,1.435,-0.32,0.395,-0.41,2.19,2.45,0.925,-0.735,1.08,-0.55,6.46,13.475,7.75,11.45,5.65,1.49
2017-01-27,1.065,-0.32,0.44,-0.4,2.17,2.11,0.915,-0.735,1.08,-0.55,6.455,13.475,7.75,11.55,6.325,1.49
2017-01-30,1.24,-0.31,0.41,-0.41,2.16,2.42,0.885,-0.775,1.085,-0.63,6.471,13.475,7.6,11.35,6.325,1.49
2017-01-31,1.245,-0.36,0.38,-0.27,2.07,2.34,0.825,-0.805,1.0,-0.55,6.441,13.475,7.75,11.25,6.325,1.49
2017-02-01,1.375,-0.31,0.4,-0.15,2.1,2.36,0.75,-0.785,0.985,-0.55,6.421,13.475,7.75,11.25,6.325,1.49
2017-02-02,1.34,-0.32,0.39,-0.135,2.06,2.32,0.75,-0.775,1.0,-0.575,6.395,13.475,7.75,11.35,6.375,1.49
2017-02-03,1.1775,-0.36,0.41,-0.185,2.08,2.36,0.905,-0.755,0.99,-0.575,6.44,13.475,7.75,11.35,6.325,1.49
2017-02-06,1.1,-0.31,0.41,-0.14,2.1,2.38,0.895,-0.72,1.0,-0.575,6.445,13.475,7.5,11.35,6.325,1.49
2017-02-07,1.35,-0.31,0.4,-0.145,2.09,2.36,0.895,-0.755,0.995,-0.575,6.448,13.475,7.5,11.45,6.325,1.49
2017-02-08,1.32,-0.31,0.4,-0.155,2.07,2.33,0.885,-0.765,0.98,-0.575,6.43,13.475,7.5,11.35,6.325,1.49
2017-02-09,1.22,-0.32,0.4,-0.115,2.06,2.31,0.885,-0.765,0.965,-0.6,6.67,13.475,7.48,11.35,6.5,1.49
2017-02-10,1.21,-0.32,0.45,-0.09,2.09,2.32,0.895,-0.705,1.005,-0.6,6.695,13.475,7.48,11.25,6.5,1.49
2017-02-13,1.05,-0.31,0.42,-0.14,2.1,2.33,0.915,-0.765,1.03,-0.6,6.705,13.475,7.42,11.25,6.375,1.49
2017-02-14,1.34,-0.31,0.41,-0.13,2.06,2.33,0.905,-0.775,1.0,-0.6,6.726,13.475,7.42,11.25,6.225,1.49
2017-02-15,1.23,-0.31,0.4,-0.135,2.05,2.34,0.915,-0.785,1.01,-0.6,6.705,13.475,7.42,11.35,6.225,1.49
2017-02-16,1.055,-0.32,0.39,-0.23,2.05,2.32,0.915,-0.805,1.015,-0.55,6.729,13.475,7.35,11.25,6.54,1.49
2017-02-17,1.34,-0.32,0.35,-0.09,2.05,2.32,0.85,-0.78,1.03,-0.55,6.71,13.475,7.35,11.25,6.375,1.49
2017-02-20,1.34,-0.315,0.39,-0.09,2.05,2.32,0.925,-0.78,1.02,-0.55,6.71,13.475,7.35,11.25,6.375,1.49
2017-02-21,1.06,-0.32,0.4,-0.175,2.09,2.37,0.965,-0.805,1.03,-0.55,6.65,13.475,7.32,11.25,6.375,1.49
2017-02-22,1.11,-0.32,0.4,-0.2,2.1,2.39,0.955,-0.805,1.07,-0.55,6.692,13.475,7.34,11.15,6.325,1.49
2017-02-23,1.35,-0.32,0.39,-0.195,2.05,2.36,0.955,-0.805,1.05,-0.55,6.7,13.475,7.34,11.15,6.375,1.49
2017-02-24,1.225,-0.32,0.37,-0.195,2.05,2.32,0.925,-0.805,1.05,-0.55,6.705,13.475,7.34,11.15,6.375,1.49
2017-02-27,1.275,-0.34,0.37,-0.195,2.03,2.29,0.905,-0.785,1.045,-0.55,6.723,13.475,7.3,11.15,6.375,1.49
2017-02-28,1.06,-0.385,0.39,-0.22,2.04,2.31,0.75,-0.74,1.03,-0.55,6.743,13.475,7.25,11.15,6.375,1.49
2017-03-01,1.32,-0.36,0.35,-0.155,1.9,2.15,0.905,-0.75,1.03,-0.55,6.741,13.475,7.3,11.15,6.325,1.49
2017-03-02,1.37,-0.32,0.39,-0.145,1.98,2.28,0.905,-0.795,1.04,-0.55,6.787,13.475,7.3,11.25,6.35,1.49
2017-03-03,1.28,-0.37,0.39,-0.15,1.96,2.26,0.865,-0.785,1.01,-0.55,6.84,13.475,7.3,11.55,6.325,1.49
2017-03-06,1.2,-0.31,0.37,-0.165,1.97,2.25,0.835,-0.795,0.99,-0.55,6.861,13.475,7.3,11.65,6.225,1.49
2017-03-07,1.27,-0.31,0.38,-0.165,1.99,2.26,0.835,-0.775,1.0,-0.55,6.847,13.475,7.2,11.65,6.325,1.49
2017-03-08,1.105,-0.37,0.39,-0.24,1.97,2.23,0.805,-0.775,0.97,-0.55,6.86,13.475,7.15,11.75,6.325,1.49
2017-03-09,1.38,-0.31,0.365,-0.165,1.95,2.15,0.765,-0.785,0.95,-0.55,6.85,13.475,7.15,11.75,6.325,1.49
2017-03-10,1.35,-0.3,0.35,-0.09,1.9,2.15,0.755,-0.775,0.93,-0.55,6.844,13.475,7.15,11.65,6.22,1.49
2017-03-13,1.125,-0.33,0.35,-0.2,1.9,2.15,0.725,-0.795,0.91,-0.55,6.84,13.475,7.15,11.75,6.22,1.49
2017-03-14,1.19,-0.32,0.39,-0.16,2.01,2.27,0.775,-0.795,0.92,-0.55,6.84,13.475,7.25,11.85,6.22,1.49
2017-03-15,1.445,-0.31,0.39,-0.155,2.025,2.2,0.75,-0.785,0.97,-0.55,6.815,13.475,7.25,11.95,6.325,1.49
2017-03-16,1.435,-0.31,0.405,-0.145,2.05,2.3,0.815,-0.785,0.95,-0.55,6.84,13.475,7.1,11.85,6.325,1.48
2017-03-17,1.46,-0.32,0.43,-0.09,2.07,2.32,0.855,-0.755,1.0,-0.55,6.84,13.475,7.1,11.95,6.325,1.48
2017-03-20,1.48,-0.31,0.35,-0.09,1.9,2.15,0.865,-0.75,1.01,-0.55,6.84,13.475,7.05,11.95,6.325,1.48
2017-03-21,1.45,-0.31,0.4,-0.11,2.01,2.27,0.845,-0.76,0.97,-0.55,6.84,13.475,7.05,11.85,6.325,1.48
2017-03-22,1.44,-0.32,0.39,-0.095,2.01,2.27,0.835,-0.785,0.97,-0.55,6.835,13.475,7.05,11.85,6.25,1.48
2017-03-23,1.335,-0.32,0.4,-0.05,2.01,2.27,0.835,-0.795,0.97,-0.55,6.835,13.475,7.1,11.85,6.25,1.47
2017-03-24,1.42,-0.32,0.39,-0.09,1.98,2.25,0.815,-0.795,0.96,-0.55,6.865,13.475,7.1,11.85,6.3,1.47
2017-03-27,1.31,-0.32,0.39,-0.09,1.94,2.21,0.765,-0.825,0.93,-0.55,6.875,13.475,7.05,11.75,6.3,1.47
2017-03-28,1.385,-0.32,0.39,-0.08,1.94,2.2,0.765,-0.815,0.95,-0.55,6.885,13.475,7.05,11.75,6.3,1.47
2017-03-29,1.395,-0.32,0.39,-0.09,1.94,2.21,0.735,-0.76,0.96,-0.55,6.87,13.475,7.15,11.85,6.3,1.45
2017-03-30,1.4,-0.32,0.4,-0.075,1.95,2.22,0.755,-0.795,0.96,-0.55,6.84,13.475,7.15,11.75,6.3,1.45
2017-03-31,1.43,-0.32,0.43,-0.09,1.97,2.23,0.785,-0.785,0.98,-0.55,6.895,13.475,7.15,11.75,6.3,1.45
2017-04-03,1.3625,-0.32,0.42,-0.075,1.98,2.24,0.805,-0.775,0.97,-0.5,6.9,13.475,7.2,11.85,6.3,1.45
2017-04-04,1.16,-0.32,0.39,-0.065,1.96,2.24,0.795,-0.785,0.96,-0.5,6.895,13.475,7.3,11.85,6.3,1.45
2017-04-05,1.395,-0.31,0.37,-0.05,1.95,2.21,0.785,-0.805,0.92,-0.5,6.893,13.475,7.25,11.95,6.2,1.45
2017-04-06,1.4,-0.32,0.36,-0.08,1.94,2.2,0.795,-0.785,0.95,-0.5,6.877,13.475,7.25,11.95,6.2,1.45
2017-04-07,1.43,-0.32,0.36,-0.09,1.97,2.24,0.835,-0.775,0.97,-0.45,6.894,13.475,7.25,12.05,6.35,1.45
2017-04-10,1.17,-0.32,0.32,-0.115,1.99,2.26,0.835,-0.835,1.02,-0.45,6.9,13.475,7.25,12.05,6.275,1.45
2017-04-11,1.465,-0.32,0.32,-0.095,2.01,2.2,0.8,-0.825,1.03,-0.45,6.905,13.475,7.25,12.05,6.35,1.45
2017-04-12,1.46,-0.32,0.35,-0.09,2.01,2.25,0.825,-0.795,1.04,-0.45,6.9,13.475,7.4,12.0,6.35,1.43
2017-04-13,1.175,-0.32,0.35,-0.085,2.03,2.29,0.875,-0.785,1.07,-0.45,6.895,13.475,7.4,12.0,6.35,1.43
2017-04-14,1.325,-0.35,0.3,-0.2,1.885,2.2,0.885,-0.75,1.07,-0.45,6.9,13.475,7.4,12.0,6.35,1.42
2017-04-17,1.175,-0.365,0.3,-0.2,2.005,2.1,0.875,-0.825,1.07,-0.45,6.9,13.475,7.4,12.0,6.35,1.42
2017-04-18,1.41,-0.345,0.37,-0.075,2.04,2.3,0.885,-0.775,1.04,-0.45,6.912,13.475,7.3,12.05,6.35,1.42
2017-04-19,1.465,-0.32,0.4,-0.07,2.0,2.28,0.855,-0.795,1.04,-0.45,6.925,13.475,7.3,11.85,6.35,1.42
2017-04-20,1.17,-0.32,0.41,-0.07,1.99,2.25,0.845,-0.785,1.04,-0.45,6.934,13.475,7.25,11.75,6.35,1.42
2017-04-21,1.17,-0.32,0.43,-0.065,2.03,2.31,0.925,-0.765,1.05,-0.45,6.964,13.475,7.25,11.85,6.35,1.42
2017-04-24,1.45,-0.32,0.34,-0.095,1.95,2.21,0.795,-0.77,1.0,-0.45,6.974,13.475,7.15,11.65,6.35,1.42
2017-04-25,1.17,-0.3,0.32,-0.1,1.95,2.21,0.845,-0.775,0.98,-0.45,6.985,13.475,7.15,11.75,6.35,1.42
2017-04-26,1.17,-0.345,0.32,-0.09,1.95,2.22,0.855,-0.765,0.98,-0.45,7.006,13.475,7.15,11.85,6.35,1.41
2017-04-27,1.24,-0.32,0.33,-0.075,1.97,2.23,0.875,-0.775,1.01,-0.45,6.975,13.475,7.15,11.75,6.325,1.41
2017-04-28,1.18,-0.32,0.33,-0.075,1.98,2.26,0.885,-0.775,1.02,-0.45,7.035,13.475,7.15,11.75,6.35,1.41
2017-05-01,1.18,-0.355,0.3,-0.075,1.95,2.2,0.84,-0.825,1.02,-0.45,7.04,13.475,7.15,11.75,6.35,1.41
2017-05-02,1.44,-0.41,0.38,-0.065,2.05,2.34,0.945,-0.775,1.02,-0.45,7.035,13.475,7.2,11.95,6.225,1.41
2017-05-03,1.52,-0.34,0.38,-0.09,2.04,2.32,0.905,-0.765,0.97,-0.45,7.053,13.475,7.2,11.65,6.35,1.41
2017-05-04,1.5,-0.32,0.39,-0.09,2.04,2.3,0.895,-0.755,0.95,-0.45,7.08,13.475,7.2,11.55,6.35,1.41
2017-05-05,1.5,-0.32,0.39,-0.09,2.02,2.3,0.905,-0.755,0.96,-0.45,7.078,13.475,7.2,11.45,6.35,1.41
2017-05-08,1.5,-0.31,0.42,-0.05,2.01,2.27,0.885,-0.775,0.93,-0.45,7.07,13.475,7.2,11.55,6.35,1.41
2017-05-09,1.49,-0.31,0.4,-0.045,2.01,2.26,0.885,-0.765,0.92,-0.475,7.065,13.475,7.2,11.7,6.35,1.41
2017-05-10,1.195,-0.31,0.4,-0.045,2.04,2.29,0.875,-0.71,0.93,-0.475,7.075,13.475,7.2,11.65,6.35,1.41
2017-05-11,1.52,-0.32,0.375,-0.07,2.01,2.25,0.875,-0.755,0.94,-0.475,7.069,13.475,7.2,11.85,6.35,1.4
2017-05-12,1.495,-0.32,0.41,-0.075,2.02,2.25,0.885,-0.765,0.93,-0.475,7.055,13.475,7.2,11.95,6.305,1.4
2017-05-15,1.25,-0.32,0.39,-0.125,2.03,2.26,0.875,-0.78,0.895,-0.575,7.035,13.475,7.2,11.75,6.35,1.4
2017-05-16,1.5,-0.32,0.38,-0.085,1.99,2.24,0.845,-0.78,0.92,-0.475,7.03,13.475,7.2,11.75,6.425,1.4
2017-05-17,1.51,-0.32,0.4,-0.095,2.0,2.24,0.845,-0.78,0.92,-0.475,7.034,13.475,7.2,11.75,6.355,1.39
2017-05-18,1.195,-0.32,0.4,-0.09,2.02,2.26,0.865,-0.8,0.94,-0.475,7.145,13.475,7.25,11.95,6.35,1.39
2017-05-19,1.515,-0.32,0.41,-0.08,2.01,2.23,0.845,-0.8,0.94,-0.475,7.183,13.475,7.25,11.95,6.545,1.39
2017-05-22,1.53,-0.31,0.39,-0.095,2.0,2.23,0.835,-0.77,0.95,-0.475,7.195,13.475,7.25,11.85,6.35,1.39
2017-05-23,1.2,-0.32,0.4,-0.09,1.99,2.22,0.855,-0.79,0.94,-0.475,7.219,13.475,7.25,11.85,6.35,1.38
2017-05-24,1.2,-0.31,0.41,-0.135,2.0,2.22,0.885,-0.77,0.92,-0.475,7.213,13.475,7.25,11.85,6.375,1.38
2017-05-25,1.505,-0.35,0.41,-0.115,2.0,2.22,0.885,-0.77,0.95,-0.475,7.215,13.475,7.25,11.85,6.375,1.38
2017-05-26,1.22,-0.35,0.4,-0.115,1.95,2.2,0.875,-0.79,0.95,-0.475,7.28,13.475,7.4,11.9,6.425,1.38
2017-05-29,1.22,-0.32,0.42,-0.105,1.96,2.24,0.895,-0.72,0.9,-0.475,7.28,13.475,7.4,11.95,6.375,1.38
2017-05-30,1.58,-0.32,0.355,-0.085,1.95,2.25,0.915,-0.75,0.93,-0.475,7.31,13.475,7.4,11.6,6.425,1.38
2017-05-31,1.58,-0.31,0.41,-0.085,1.915,2.19,0.875,-0.75,0.94,-0.475,7.305,13.475,7.4,11.6,6.35,1.38
2017-06-01,1.455,-0.355,0.39,-0.095,1.915,2.17,0.845,-0.76,0.93,-0.475,7.29,13.475,7.4,11.6,6.375,1.38
2017-06-02,1.235,-0.32,0.34,-0.09,1.895,2.18,0.825,-0.75,0.9,-0.475,7.296,13.475,7.4,11.6,6.375,1.38
2017-06-05,1.235,-0.35,0.315,-0.25,1.895,2.15,0.7,-0.72,0.9,-0.475,7.285,13.475,7.4,11.86,6.435,1.38
2017-06-06,1.55,-0.32,0.39,-0.09,1.915,2.19,0.825,-0.825,0.9,-0.475,7.294,13.475,7.4,11.79,6.44,1.38
2017-06-07,1.24,-0.38,0.37,-0.065,1.915,2.19,0.815,-0.76,0.83,-0.525,7.288,13.475,7.3,12.13,6.375,1.38
2017-06-08,1.58,-0.32,0.4,-0.07,1.915,2.19,0.805,-0.75,0.85,-0.525,7.28,13.475,7.3,11.82,6.375,1.38
2017-06-09,1.595,-0.32,0.41,-0.08,1.915,2.19,0.825,-0.74,0.94,-0.525,7.285,13.475,7.3,11.83,6.355,1.38
2017-06-12,1.59,-0.32,0.4,-0.09,1.945,2.18,0.815,-0.74,0.935,-0.525,7.29,13.475,7.25,11.81,6.375,1.38
2017-06-13,1.59,-0.32,0.37,-0.09,1.945,2.18,0.855,-0.75,0.93,-0.525,7.3,13.475,7.25,11.88,6.375,1.38
2017-06-14,1.5725,-0.32,0.37,-0.09,1.94,2.19,0.875,-0.76,0.92,-0.525,7.3,13.475,7.1,12.02,6.4,1.38
2017-06-15,1.2524,-0.38,0.305,-0.105,1.94,2.2,0.895,-0.75,0.71,-0.525,7.31,13.475,7.1,11.8,6.325,1.38
2017-06-16,1.29,-0.32,0.4,-0.08,1.94,2.17,0.935,-0.77,0.91,-0.525,7.33,13.475,7.1,11.55,6.425,1.38
2017-06-19,1.2652,-0.38,0.41,-0.075,1.95,2.16,0.925,-0.77,0.94,-0.525,7.33,13.475,7.2,11.75,6.44,1.38
2017-06-20,1.3611,-0.31,0.42,-0.09,1.95,2.19,0.935,-0.75,0.95,-0.525,7.335,13.475,7.2,11.83,6.35,1.38
2017-06-21,1.2744,-0.31,0.39,-0.09,1.95,2.21,0.895,-0.75,0.89,-0.525,7.335,13.475,7.2,12.01,6.35,1.38
2017-06-22,1.2806,-0.32,0.405,-0.09,1.91,2.17,0.915,-0.78,0.91,-0.525,7.325,13.475,7.2,11.81,6.375,1.38
2017-06-23,1.295,-0.38,0.415,-0.065,1.89,2.17,0.895,-0.75,0.88,-0.525,7.35,13.475,7.2,11.81,6.325,1.38
2017-06-26,1.2798,-0.38,0.4,-0.075,1.895,2.17,0.885,-0.74,0.89,-0.525,7.345,13.475,7.2,11.45,6.325,1.38
2017-06-27,1.2801,-0.35,0.41,-0.035,1.905,2.19,0.895,-0.75,0.905,-0.525,7.34,13.475,7.2,11.79,6.375,1.38
2017-06-28,1.2814,-0.3925,0.43,-0.025,1.885,2.16,0.915,-0.77,0.87,-0.525,7.345,13.475,7.2,11.73,6.325,1.38
2017-06-29,1.2836,-0.3575,0.41,-0.09,1.885,2.15,0.925,-0.75,0.85,-0.525,7.36,13.475,7.2,11.9,6.325,1.38
2017-06-30,1.3,-0.3875,0.4,-0.095,1.885,2.14,0.955,-0.825,0.845,-0.525,7.37,13.475,7.2,11.45,6.325,1.38
2017-07-03,1.2857,-0.375,0.41,-0.09,1.91,2.13,0.945,-0.74,0.83,-0.525,7.37,13.475,7.3,11.45,6.325,1.38
2017-07-04,1.2871,-0.375,0.38,-0.08,1.905,2.12,0.945,-0.74,0.835,-0.525,7.355,13.475,7.3,11.45,6.435,1.38
2017-07-05,1.288,-0.385,0.2936,0.025,1.8,2.12,0.985,-0.6725,0.85,-0.525,7.375,13.475,7.3,11.45,6.41,1.38
2017-07-06,1.2891,-0.385,0.2909,-0.02,1.8,2.15,1.005,-0.75,0.835,-0.525,7.39,13.475,7.3,11.45,6.39,1.39
2017-07-07,1.2902,-0.385,0.2884,-0.02,1.85,2.15,1.005,-0.75,0.83,-0.525,7.382,13.475,7.3,11.45,6.325,1.39
2017-07-10,1.2891,-0.3825,0.2866,-0.1,1.85,2.13,1.005,-0.75,0.83,-0.525,7.37,13.475,7.3,11.45,6.325,1.39
2017-07-11,1.2885,-0.375,0.2871,-0.105,1.85,2.15,0.985,-0.75,0.855,-0.545,7.381,13.475,7.3,11.45,6.325,1.39
2017-07-12,1.2889,-0.395,0.2847,-0.085,1.85,2.13,1.005,-0.75,0.855,-0.545,7.381,13.475,7.3,11.45,6.325,1.39
2017-07-13,1.2886,-0.3875,0.2859,-0.03,1.91,2.13,1.015,-0.75,0.855,-0.545,7.368,13.475,7.25,11.45,6.325,1.39
2017-07-14,1.2886,-0.385,0.2834,-0.06,1.725,2.14,1.035,-0.75,0.855,-0.545,7.37,13.475,7.25,11.45,6.325,1.39
2017-07-17,1.2911,-0.3825,0.2847,-0.055,1.85,2.16,1.035,-0.75,0.855,-0.545,7.371,13.475,7.25,11.92,6.325,1.39
2017-07-18,1.2919,-0.385,0.2784,-0.1,1.85,2.18,1.055,-0.75,0.875,-0.545,7.371,13.475,7.25,11.93,6.325,1.39
2017-07-19,1.2922,-0.385,0.2784,-0.05,1.85,2.18,1.035,-0.75,0.855,-0.545,7.371,13.475,7.25,12.25,6.235,1.39
2017-07-20,1.2975,-0.385,0.2781,-0.015,1.915,2.14,1.035,-0.75,0.83,-0.545,7.375,13.475,7.0,12.04,6.275,1.39
2017-07-21,1.2994,-0.3525,0.2784,-0.005,1.85,2.15,1.045,-0.75,0.855,-0.545,7.375,13.475,7.0,11.45,6.275,1.39
2017-07-24,1.2989,-0.375,0.2793,-0.005,1.85,2.16,1.055,-0.75,0.855,-0.545,7.38,13.475,7.0,12.12,6.275,1.39
2017-07-25,1.3017,-0.375,0.2768,-0.005,1.85,2.18,1.065,-0.75,0.855,-0.545,7.38,13.475,7.05,12.12,6.235,1.39
2017-07-26,1.2989,-0.36,0.2771,-0.015,1.85,2.17,1.085,-0.75,0.81,-0.545,7.38,13.475,7.05,12.4,6.235,1.39
2017-07-27,1.2961,-0.3575,0.2759,-0.005,1.825,2.16,1.075,-0.75,0.855,-0.545,7.395,13.475,7.05,12.2,6.235,1.39
2017-07-28,1.315,-0.39,0.25,-0.01,1.85,2.15,1.095,-0.6725,0.825,-0.525,7.395,13.475,7.05,12.25,6.175,1.39
2017-07-31,1.315,-0.3875,0.25,-0.015,1.88,2.15,1.095,-0.675,0.815,-0.525,7.393,13.475,7.05,12.29,6.175,1.39
2017-08-01,1.32,-0.38,0.2754,-0.015,1.685,2.15,1.085,-0.6725,0.795,-0.525,7.395,13.475,7.05,12.21,6.255,1.39
2017-08-02,1.2978,-0.385,0.2781,-0.01,1.8,2.12,1.055,-0.6725,0.78,-0.525,7.395,13.475,7.05,12.36,6.235,1.39
2017-08-03,1.2967,-0.405,0.2806,-0.02,1.8,2.14,1.055,-0.6725,0.785,-0.525,7.4,13.475,7.05,12.04,6.225,1.39
2017-08-04,1.2969,-0.375,0.2684,-0.02,1.7,2.13,1.035,-0.675,0.79,-0.525,7.39,13.475,7.05,12.09,6.225,1.39
2017-08-07,1.36,-0.3825,0.25,-0.125,1.82,2.14,1.035,-0.75,0.855,-0.525,7.395,13.475,7.05,12.05,6.235,1.39
2017-08-08,1.2944,-0.375,0.2734,-0.125,1.82,2.14,1.025,-0.75,0.855,-0.525,7.4,13.475,7.05,12.15,6.15,1.39
2017-08-09,1.325,-0.3725,0.2721,-0.125,1.82,2.15,1.035,-0.695,0.855,-0.525,7.421,13.475,7.05,12.43,6.225,1.39
2017-08-10,1.2941,-0.375,0.2721,-0.125,1.82,2.16,1.065,-0.6875,0.855,-0.525,7.388,13.475,7.05,12.12,6.235,1.39
2017-08-11,1.3,-0.385,0.2709,-0.125,1.82,2.18,1.125,-0.7,0.8,-0.525,7.391,13.475,7.05,12.21,6.225,1.39
2017-08-14,1.2996,-0.385,0.2696,-0.125,1.82,2.2,1.145,-0.75,0.83,-0.525,7.39,13.475,7.15,11.85,6.175,1.39
2017-08-15,1.2992,-0.385,0.2696,-0.125,1.82,2.23,1.165,-0.675,0.83,-0.525,7.39,13.475,7.15,11.85,6.175,1.39
2017-08-16,1.3017,-0.385,0.2696,-0.125,1.82,2.2,1.125,-0.6825,0.855,-0.525,7.381,13.475,7.15,11.85,6.165,1.39
2017-08-17,1.3014,-0.385,0.2709,-0.125,1.82,2.2,1.105,-0.75,0.765,-0.525,7.39,13.475,6.95,12.13,6.175,1.39
2017-08-18,1.33,-0.3725,0.25,-0.125,1.82,2.19,1.125,-0.7,0.81,-0.525,7.39,13.475,6.95,11.85,6.235,1.39
2017-08-21,1.2997,-0.3925,0.2715,-0.125,1.82,2.18,1.125,-0.6725,0.735,-0.525,7.385,13.475,6.95,11.85,6.175,1.39
2017-08-22,1.3022,-0.375,0.2715,-0.145,1.84,2.18,1.135,-0.6725,0.855,-0.525,7.385,13.475,6.95,11.85,6.235,1.39
2017-08-23,1.3022,-0.375,0.2699,-0.145,1.85,2.18,1.135,-0.75,0.71,-0.525,7.381,13.475,6.95,11.85,6.235,1.39
2017-08-24,1.3022,-0.375,0.2699,-0.145,1.85,2.19,1.155,-0.675,0.855,-0.525,7.381,13.475,6.95,11.85,6.175,1.39
2017-08-25,1.325,-0.375,0.25,-0.145,1.85,2.19,1.155,-0.75,0.855,-0.525,7.38,13.475,6.95,11.85,6.175,1.39
2017-08-28,1.3028,-0.375,0.2703,-0.145,1.85,2.17,1.135,-0.75,0.78,-0.525,7.39,13.475,6.95,11.85,6.235,1.39
2017-08-29,1.3019,-0.3925,0.2684,-0.145,1.85,2.18,1.155,-0.6975,0.71,-0.525,7.381,13.475,6.95,11.85,6.175,1.38
2017-08-30,1.3011,-0.375,0.2674,-0.145,1.85,2.16,1.145,-0.75,0.715,-0.525,7.38,13.475,6.95,11.85,6.235,1.38
2017-08-31,1.3028,-0.375,0.2674,-0.145,1.85,2.15,1.175,-0.75,0.855,-0.525,7.381,13.475,6.95,11.85,6.225,1.38
2017-09-01,1.3011,-0.375,0.2665,-0.145,1.85,2.16,1.235,-0.75,0.7,-0.525,7.385,13.475,6.95,11.85,6.18,1.38
2017-09-04,1.37,-0.3725,0.25,-0.145,1.8,2.18,1.245,-0.75,0.855,-0.525,7.385,13.475,6.85,11.85,6.125,1.38
2017-09-05,1.3022,-0.375,0.2678,-0.145,1.685,2.17,1.235,-0.75,0.7,-0.525,7.385,13.475,6.85,11.85,6.15,1.38
2017-09-06,1.3022,-0.375,0.2728,-0.145,1.8,2.17,1.195,-0.75,0.675,-0.525,7.38,13.475,6.85,11.85,6.125,1.38
2017-09-07,1.3022,-0.375,0.2758,-0.145,1.8,2.13,1.325,-0.6975,0.665,-0.525,7.38,13.475,6.85,11.85,6.125,1.38
2017-09-08,1.32,-0.3725,0.25,-0.145,1.8,2.12,1.355,-0.75,0.835,-0.525,7.375,13.475,6.85,11.85,6.1,1.38
2017-09-11,1.3017,-0.385,0.2767,-0.145,1.8,2.14,1.375,-0.75,0.835,-0.525,7.38,13.475,6.85,12.25,6.15,1.38
2017-09-12,1.3042,-0.385,0.2823,-0.145,1.8,2.17,1.375,-0.75,0.835,-0.525,7.38,13.475,6.85,11.58,6.15,1.38
2017-09-13,1.305,-0.375,0.2922,-0.145,1.8,2.16,1.355,-0.75,0.71,-0.525,7.38,13.475,6.75,11.25,6.15,1.38
2017-09-14,1.3061,-0.4,0.2915,-0.145,1.82,2.16,1.345,-0.75,0.725,-0.525,7.383,13.475,6.75,11.6,6.125,1.38
2017-09-15,1.37,-0.3725,0.32,-0.145,1.82,2.15,1.325,-0.6725,0.835,-0.525,7.38,13.475,6.75,11.5,6.125,1.38
2017-09-18,1.31,-0.385,0.3226,-0.145,1.87,2.16,1.345,-0.8275,0.725,-0.525,7.383,13.475,6.7,11.5,6.15,1.38
2017-09-19,1.3111,-0.385,0.3211,-0.145,1.87,2.18,1.355,-0.68,0.835,-0.525,7.38,13.475,6.7,11.5,6.15,1.38
2017-09-20,1.3081,-0.4,0.3165,-0.125,1.85,2.21,1.355,-0.75,0.835,-0.525,7.375,13.475,6.7,11.5,6.15,1.38
2017-09-21,1.3133,-0.385,0.3194,-0.145,1.8,2.19,1.345,-0.6775,0.735,-0.525,7.368,13.475,6.7,11.5,6.15,1.38
2017-09-22,1.335,-0.375,0.35,-0.145,1.8,2.22,1.345,-0.75,0.76,-0.525,7.371,13.475,6.7,11.5,6.125,1.38
2017-09-25,1.3147,-0.385,0.3159,-0.145,1.8,2.25,1.385,-0.75,0.835,-0.525,7.37,13.475,6.7,11.5,6.15,1.38
2017-09-26,1.3158,-0.385,0.3159,-0.145,1.85,2.24,1.385,-0.75,0.79,-0.525,7.372,13.475,6.7,11.5,6.15,1.38
2017-09-27,1.3178,-0.385,0.3198,-0.145,1.85,2.35,1.405,-0.75,0.835,-0.475,7.377,13.475,6.7,11.5,6.15,1.38
2017-09-28,1.32,-0.385,0.3235,-0.145,1.85,2.31,1.445,-0.75,0.835,-0.475,7.38,13.475,6.7,11.5,6.125,1.38
2017-09-29,1.35,-0.3725,0.38,-0.145,1.85,2.32,1.435,-0.75,0.81,-0.475,7.38,13.475,6.7,11.5,6.15,1.38
2017-10-02,1.3206,-0.385,0.3256,-0.145,1.85,2.35,1.455,-0.75,0.605,-0.525,7.38,13.475,6.7,11.5,6.15,1.38
2017-10-03,1.3275,-0.385,0.3256,-0.145,1.85,2.3,1.415,-0.75,0.605,-0.475,7.375,13.475,6.7,11.5,6.125,1.38
2017-10-04,1.3317,-0.3825,0.3294,-0.19,1.85,2.29,1.415,-0.8075,0.8,-0.525,7.388,13.475,6.7,11.5,6.125,1.38
2017-10-05,1.3336,-0.4,0.3335,-0.145,1.85,2.3,1.415,-0.7,0.765,-0.475,7.385,13.475,6.7,11.5,6.125,1.38
2017-10-06,1.36,-0.3725,0.38,-0.145,1.85,2.31,1.435,-0.75,0.74,-0.475,7.379,13.475,6.7,11.5,6.15,1.38
2017-10-09,1.3414,-0.385,0.3444,-0.145,1.85,2.31,1.435,-0.7225,0.74,-0.475,7.38,13.475,6.7,11.5,6.125,1.38
2017-10-10,1.3417,-0.385,0.3528,-0.145,1.85,2.3,1.425,-0.75,0.605,-0.575,7.385,13.475,7.2,11.5,6.125,1.38
2017-10-11,1.3436,-0.3975,0.3606,-0.145,1.85,2.33,1.455,-0.7225,0.605,-0.575,7.37,13.475,7.2,12.0,6.17,1.38
2017-10-12,1.3442,-0.4,0.36,-0.145,1.85,2.32,1.475,-0.75,0.81,-0.575,7.41,13.475,7.2,12.0,6.17,1.38
2017-10-13,1.36,-0.4,0.35,-0.145,1.905,2.32,1.465,-0.75,0.87,-0.575,7.43,13.475,7.1,12.0,6.17,1.38
2017-10-16,1.3389,-0.385,0.3688,-0.145,1.85,2.33,1.435,-0.75,0.82,-0.575,7.439,13.475,7.1,12.0,6.145,1.38
2017-10-17,1.3423,-0.385,0.3738,-0.145,1.85,2.32,1.425,-0.75,0.605,-0.575,7.423,13.475,7.1,12.0,6.145,1.38
2017-10-18,1.3476,-0.385,0.3731,-0.145,1.85,2.29,1.405,-0.75,0.745,-0.575,7.42,13.475,7.1,12.0,6.175,1.38
2017-10-19,1.3475,-0.385,0.3817,-0.145,1.85,2.05,1.385,-0.75,0.795,-0.575,7.41,13.475,7.1,12.0,6.175,1.38
2017-10-20,1.3498,-0.385,0.3814,-0.145,1.85,2.33,1.395,-0.75,0.825,-0.575,7.435,13.475,7.1,12.0,6.175,1.38
2017-10-23,1.3524,-0.385,0.3949,-0.145,1.8,2.35,1.415,-0.75,0.835,-0.575,7.433,13.475,7.25,12.0,6.17,1.38
2017-10-24,1.3556,-0.385,0.3972,-0.145,1.8,2.38,1.405,-0.6725,0.825,-0.575,7.45,13.475,7.25,12.0,6.17,1.38
2017-10-25,1.3595,-0.385,0.4063,-0.145,1.8,2.34,1.395,-0.6725,0.81,-0.575,7.445,13.475,7.25,12.25,6.145,1.38
2017-10-26,1.363,-0.385,0.4124,-0.145,1.8,2.34,1.395,-0.675,0.845,-0.575,7.455,13.475,7.4,12.25,6.225,1.38
2017-10-27,1.36,-0.37,0.43,-0.145,1.8,2.35,1.395,-0.6725,0.605,-0.575,7.445,13.475,7.4,12.25,6.145,1.4
2017-10-30,1.3618,-0.4,0.4231,-0.145,1.8,2.33,1.375,-0.75,0.73,-0.575,7.445,13.475,7.4,12.25,6.17,1.4
2017-10-31,1.3662,-0.385,0.4296,-0.145,1.8,2.32,1.365,-0.75,0.8,-0.575,7.438,13.475,7.5,12.25,6.2,1.4
2017-11-01,1.3698,-0.385,0.4408,-0.145,1.8,2.32,1.375,-0.7525,0.765,-0.575,7.443,13.475,7.5,12.25,6.225,1.4
2017-11-02,1.3764,-0.3975,0.455,-0.145,1.8,2.33,1.395,-0.6725,0.73,-0.575,7.445,13.475,7.5,12.25,6.25,1.4
2017-11-03,1.36,-0.375,0.47,-0.145,1.8,2.33,1.385,-0.675,0.785,-0.575,7.435,13.475,7.4,12.25,6.3,1.4
2017-11-06,1.382,-0.385,0.5169,-0.145,1.8,2.34,1.395,-0.75,0.605,-0.575,7.423,13.475,7.4,12.25,6.3,1.4
2017-11-07,1.3876,-0.385,0.5132,-0.145,1.835,2.36,1.395,-0.75,0.605,-0.575,7.43,13.475,7.4,12.75,6.325,1.4
2017-11-08,1.3948,-0.385,0.5152,-0.145,1.8,2.36,1.405,-0.71,0.605,-0.575,7.425,13.475,7.4,13.0,6.215,1.4
2017-11-09,1.3979,-0.385,0.5181,-0.145,1.8,2.35,1.395,-0.7325,0.605,-0.575,7.418,13.475,7.4,13.0,6.325,1.4
2017-11-10,1.41,-0.375,0.45,-0.125,1.8,2.37,1.395,-0.7,0.85,-0.575,7.415,13.475,7.4,13.0,6.215,1.4
2017-11-13,1.4009,-0.385,0.5188,-0.145,1.8,2.41,1.395,-0.75,0.605,-0.575,7.425,13.475,7.5,13.0,6.225,1.41
2017-11-14,1.404,-0.385,0.516,-0.145,1.8,2.4,1.385,-0.75,0.605,-0.675,7.434,13.475,7.5,13.0,6.325,1.42
2017-11-15,1.4069,-0.385,0.5163,-0.145,1.8,2.38,1.375,-0.75,0.78,-0.675,7.45,13.475,7.5,12.75,6.215,1.43
2017-11-16,1.4207,-0.385,0.5153,-0.145,1.8,2.41,1.435,-0.75,0.605,-0.675,7.42,13.475,7.5,12.75,6.21,1.44
2017-11-17,1.475,-0.4,0.45,-0.145,1.8,2.41,1.425,-0.75,0.71,-0.675,7.44,13.475,7.5,12.75,6.225,1.45
2017-11-20,1.4309,-0.385,0.5158,-0.12,1.8,2.4,1.425,-0.75,0.775,-0.675,7.44,13.475,7.5,12.75,6.35,1.46
2017-11-21,1.439,-0.385,0.5126,-0.145,1.8,2.43,1.445,-0.75,0.74,-0.675,7.44,13.475,7.5,12.75,6.205,1.47
2017-11-22,1.4473,-0.3975,0.5126,-0.145,1.8,2.42,1.435,-0.75,0.745,-0.675,7.428,13.475,7.5,13.25,6.175,1.48
2017-11-23,1.4471,-0.4,0.5126,-0.145,1.8,2.38,1.425,-0.75,0.74,-0.675,7.475,13.475,7.5,13.25,6.19,1.49
2017-11-24,1.4526,-0.385,0.513,-0.145,1.8,2.37,1.415,-0.75,0.745,-0.675,7.477,13.475,7.5,13.25,6.215,1.5
2017-11-27,1.4623,-0.385,0.513,-0.12,1.75,2.38,1.415,-0.85,0.8,-0.675,7.468,13.475,7.45,13.5,6.6,1.5
2017-11-28,1.51,-0.3725,0.48,-0.115,1.75,2.42,1.435,-0.85,0.8,-0.675,7.478,13.475,7.45,13.5,6.6,1.5
2017-11-29,1.4656,-0.385,0.5114,-0.145,1.75,2.41,1.425,-0.775,0.735,-0.675,7.485,13.475,7.4,13.5,6.21,1.51
2017-11-30,1.4724,-0.385,0.5114,-0.115,1.75,2.38,1.385,-0.85,0.605,-0.675,7.49,13.475,7.4,13.5,6.215,1.64
2017-12-01,1.515,-0.3825,0.48,-0.145,1.75,2.37,1.405,-0.785,0.73,-0.675,7.485,13.475,7.4,13.5,6.215,1.66
2017-12-04,1.4935,-0.385,0.512,-0.12,1.75,2.42,1.465,-0.875,0.8,-0.6,7.488,13.475,7.475,13.5,6.225,1.66
2017-12-05,1.5003,-0.385,0.512,-0.145,1.75,2.49,1.485,-0.8,0.815,-0.65,7.49,13.475,7.45,13.5,6.225,1.66
2017-12-06,1.5076,-0.385,0.5101,-0.145,1.75,2.55,1.545,-0.9,0.86,-0.65,7.49,13.475,7.45,13.5,6.225,1.66
2017-12-07,1.5211,-0.385,0.5122,-0.115,1.75,2.56,1.555,-0.9,0.935,-0.6,7.495,13.475,7.45,13.25,6.215,1.66
2017-12-08,1.5338,-0.395,0.5131,-0.145,1.75,2.59,1.535,-0.9,0.605,-0.6,7.5,13.475,7.45,13.25,6.225,1.66
2017-12-11,1.5542,-0.4075,0.45,-0.115,1.75,2.54,1.475,-0.9,0.605,-0.6,7.533,13.475,7.45,13.25,6.225,1.66
2017-12-12,1.5585,-0.395,0.5124,-0.145,1.75,2.64,1.545,-0.7725,0.94,-0.6,7.54,13.475,7.45,13.25,6.225,1.66
2017-12-13,1.5735,-0.395,0.5096,-0.105,1.75,2.72,1.595,-0.9,0.605,-0.55,7.54,13.475,7.45,13.25,6.265,1.66
2017-12-14,1.585,-0.385,0.5084,-0.145,1.75,2.77,1.635,-0.9,0.99,-0.55,7.595,13.475,7.45,13.25,6.235,1.66
2017-12-15,1.595,-0.395,0.5062,-0.005,1.82,3.05,1.785,-0.9,1.075,-0.55,7.68,13.475,7.45,13.25,6.23,1.66
2017-12-18,1.605,-0.395,0.5028,-0.145,1.82,2.95,1.635,-0.8,0.605,-0.55,7.66,13.475,7.85,13.25,6.275,1.66
2017-12-19,1.6325,-0.395,0.5034,-0.145,1.875,2.71,1.565,-0.95,0.835,-0.5,7.685,13.475,7.5,13.25,6.275,1.66
2017-12-20,1.635,-0.4025,0.5056,-0.145,1.8,2.48,1.425,-0.95,0.605,-0.5,7.68,13.475,7.8,13.25,6.265,1.66
2017-12-21,1.655,-0.385,0.5069,-0.12,1.8,2.71,1.605,-0.95,0.78,-0.5,7.69,13.475,7.55,12.75,6.325,1.66
2017-12-22,1.6725,-0.375,0.4927,-0.12,1.8,2.81,1.675,-0.95,0.605,-0.5,7.698,13.475,7.55,12.75,6.325,1.66
2017-12-25,1.66,-0.4,0.4,-0.12,1.8,2.2,1.57,-0.95,0.605,-0.575,7.7,13.475,7.55,12.75,6.325,1.66
2017-12-26,1.755,-0.4,0.4,-0.12,1.8,2.2,1.68,-0.95,0.605,-0.5,7.71,13.475,7.55,12.75,6.325,1.66
2017-12-27,1.675,-0.385,0.4138,-0.12,1.8,2.58,1.515,-0.925,0.745,-0.475,7.715,13.475,7.55,12.75,6.325,1.66
2017-12-28,1.675,-0.385,0.5113,-0.12,1.8,2.22,1.375,-0.925,0.72,-0.475,7.71,13.475,7.55,12.75,6.375,1.66
2017-12-29,1.705,-0.375,0.5105,-0.12,1.8,2.24,1.375,-0.85,0.76,-0.4,7.715,13.475,6.85,12.75,6.375,1.66
2018-01-01,1.705,-0.4,0.48,-0.12,1.8,2.2,1.4,-0.85,0.605,-0.4,7.72,13.475,6.85,12.75,6.285,1.66
2018-01-02,1.675,-0.385,0.5091,-0.12,1.8,2.24,1.365,-0.75,0.605,-0.45,7.705,13.475,6.85,12.75,6.325,1.66
2018-01-03,1.6875,-0.395,0.5084,-0.12,1.8,2.25,1.355,-0.7,0.71,-0.45,7.7,13.475,6.85,12.75,6.375,1.66
2018-01-04,1.685,-0.385,0.5075,-0.12,1.8,2.27,1.375,-0.6825,0.605,-0.5,7.715,13.475,6.85,12.75,6.325,1.66
2018-01-05,1.72,-0.3725,0.53,-0.12,1.8,2.28,1.435,-0.75,0.605,-0.45,7.71,13.475,6.85,12.75,6.325,1.66
2018-01-08,1.685,-0.3975,0.5108,-0.12,1.9,2.28,1.475,-0.6725,0.795,-0.45,7.71,13.475,6.85,12.75,6.36,1.66
2018-01-09,1.685,-0.385,0.5113,-0.12,1.9,2.31,1.515,-0.75,0.82,-0.45,7.715,13.475,6.85,12.75,6.675,1.66
2018-01-10,1.685,-0.4,0.5127,-0.12,1.9,2.2,1.515,-0.75,0.74,-0.45,7.73,13.475,6.85,12.75,6.375,1.66
2018-01-11,1.705,-0.3975,0.5094,-0.12,1.9,2.3,1.535,-0.6725,0.745,-0.45,7.723,13.475,6.85,12.75,6.75,1.66
2018-01-12,1.73,-0.3725,0.53,-0.12,1.9,2.29,1.525,-0.6725,0.605,-0.45,7.768,13.475,7.05,12.75,6.8,1.66
2018-01-15,1.715,-0.385,0.5113,-0.12,1.9,2.28,1.515,-0.6725,0.805,-0.45,7.774,13.475,7.05,12.75,6.975,1.66
2018-01-16,1.715,-0.385,0.5116,-0.12,1.9,2.25,1.525,-0.75,0.775,-0.45,7.777,13.475,7.05,12.75,6.88,1.66
2018-01-17,1.715,-0.385,0.5111,-0.12,1.9,2.28,1.545,-0.6725,0.81,-0.45,7.772,13.475,7.05,12.75,6.9,1.65
2018-01-18,1.725,-0.385,0.5119,-0.12,1.9,2.24,1.515,-0.75,0.825,-0.45,7.765,13.475,7.05,12.75,7.0,1.65
2018-01-19,1.76,-0.375,0.53,-0.12,1.9,2.24,1.525,-0.75,0.82,-0.45,7.783,13.475,7.05,12.75,7.025,1.65
2018-01-22,1.725,-0.385,0.5129,-0.12,1.9,2.27,1.535,-0.75,0.605,-0.45,7.775,13.475,7.05,12.75,7.075,1.65
2018-01-23,1.725,-0.385,0.5154,-0.12,1.9,2.28,1.555,-0.75,0.82,-0.45,7.77,13.475,7.05,13.0,7.075,1.65
2018-01-24,1.735,-0.3975,0.5176,-0.12,1.9,2.23,1.525,-0.7275,0.78,-0.45,7.76,13.475,6.95,13.0,7.2,1.65
2018-01-25,1.765,-0.385,0.5182,-0.12,1.9,2.22,1.555,-0.75,0.75,-0.45,7.775,13.475,6.95,13.0,7.2,1.65
2018-01-26,1.785,-0.375,0.53,-0.12,1.9,2.23,1.585,-0.75,0.87,-0.45,7.77,13.475,6.95,13.0,7.2,1.65
2018-01-29,1.7625,-0.385,0.5179,-0.12,1.9,2.27,1.615,-0.75,0.85,-0.575,7.78,13.475,6.95,13.0,7.195,1.65
2018-01-30,1.755,-0.385,0.5145,-0.12,1.9,2.29,1.595,-0.75,0.815,-0.45,7.785,13.475,7.05,13.0,7.23,1.65
2018-01-31,1.755,-0.385,0.5123,-0.12,1.9,2.31,1.595,-0.6975,0.795,-0.45,7.765,13.475,7.05,13.0,7.195,1.65
2018-02-01,1.765,-0.385,0.5123,-0.12,1.9,2.35,1.625,-0.82,0.88,-0.45,7.76,13.475,7.05,13.0,7.145,1.65
2018-02-02,1.815,-0.3725,0.52,-0.12,1.9,2.35,1.625,-0.6975,0.81,-0.45,7.78,13.475,7.05,13.0,7.175,1.65
2018-02-05,1.775,-0.385,0.5129,-0.12,1.77,2.33,1.625,-0.75,0.8,-0.575,7.78,13.475,7.05,13.0,7.225,1.65
2018-02-06,1.775,-0.385,0.5141,-0.12,1.9,2.31,1.595,-0.7225,0.795,-0.45,7.78,13.475,7.05,13.0,7.1,1.65
2018-02-07,1.775,-0.385,0.5187,-0.12,1.9,2.32,1.605,-0.75,0.82,-0.45,7.78,13.475,7.0,12.75,7.1,1.65
2018-02-08,1.795,-0.3975,0.5202,-0.12,1.9,2.37,1.625,-0.75,0.84,-0.425,7.825,13.475,7.0,12.75,7.1,1.65
2018-02-09,1.85,-0.3775,0.5,-0.12,1.9,2.4,1.645,-0.77,0.87,-0.45,7.87,13.475,7.0,12.75,7.1,1.65
2018-02-12,1.855,-0.3725,0.5257,-0.12,1.9,2.44,1.665,-0.755,0.84,-0.45,7.87,13.475,7.0,12.75,7.1,1.65
2018-02-13,1.8175,-0.385,0.5299,-0.12,1.9,2.37,1.605,-0.725,0.775,-0.45,7.875,13.475,7.0,12.75,7.1,1.65
2018-02-14,1.835,-0.385,0.5339,-0.12,1.9,2.36,1.595,-0.725,0.78,-0.45,7.87,13.475,7.0,12.75,7.205,1.65
2018-02-15,1.9,-0.36,0.5,-0.12,1.9,2.37,1.575,-0.7275,0.91,-0.45,7.86,13.475,7.0,12.75,7.195,1.65
2018-02-16,1.915,-0.385,0.5344,-0.12,1.9,2.38,1.575,-0.725,0.78,-0.45,7.89,13.475,7.0,12.75,7.205,1.65
2018-02-19,1.925,-0.37,0.5398,-0.12,1.9,2.38,1.585,-0.7225,0.955,-0.4,7.885,13.475,7.1,12.75,7.205,1.65
2018-02-20,1.94,-0.37,0.5432,-0.12,1.9,2.43,1.585,-0.725,1.04,-0.4,7.89,13.475,7.1,12.75,7.275,1.65
2018-02-21,1.945,-0.385,0.5456,-0.12,1.9,2.44,1.575,-0.7275,1.03,-0.4,7.88,13.475,7.1,12.75,7.2,1.65
2018-02-22,1.975,-0.385,0.5535,-0.12,1.9,2.44,1.595,-0.725,0.995,-0.4,7.875,13.475,7.1,12.75,7.275,1.65
2018-02-23,1.985,-0.375,0.55,-0.12,1.9,2.41,1.585,-0.7175,1.02,-0.4,7.875,13.475,7.1,12.75,7.25,1.65
2018-02-26,2.02,-0.37,0.5701,-0.12,1.9,2.43,1.615,-0.7125,1.0,-0.6,7.88,13.475,7.1,12.75,7.215,1.65
2018-02-27,2.03,-0.37,0.5706,-0.12,1.9,2.43,1.625,-0.725,1.0,-0.45,7.88,13.475,7.1,12.75,7.235,1.65
2018-02-28,1.98,-0.37,0.5716,-0.12,1.9,2.47,1.635,-0.725,1.0,-0.45,7.875,13.475,7.1,12.75,7.225,1.65
2018-03-01,2.11,-0.4,0.5694,-0.12,1.9,2.52,1.635,-0.725,1.015,-0.45,7.875,13.475,7.1,12.75,7.225,1.65
2018-03-02,2.05,-0.3475,0.6,-0.12,1.9,2.48,1.595,-0.775,1.08,-0.4,7.868,13.475,7.1,12.75,7.225,1.65
2018-03-05,2.11,-0.375,0.5789,-0.12,1.9,2.48,1.585,-0.775,1.015,-0.4,7.88,13.475,7.1,12.75,7.25,1.65
2018-03-06,2.065,-0.3975,0.5862,-0.12,2.025,2.45,1.565,-0.775,1.0,-0.4,7.88,13.475,7.1,12.75,7.255,1.65
2018-03-07,1.98,-0.375,0.5911,-0.12,1.9,2.46,1.575,-0.775,1.04,-0.45,7.865,13.475,7.1,12.75,7.245,1.65
2018-03-08,2.035,-0.385,0.5899,-0.12,1.9,2.46,1.535,-0.755,0.975,-0.4,7.865,13.475,7.1,12.75,7.275,1.65
2018-03-09,2.095,-0.375,0.63,-0.12,1.9,2.47,1.535,-0.775,0.97,-0.45,7.865,13.475,7.1,12.75,7.25,1.65
2018-03-12,2.12,-0.385,0.5921,-0.12,1.9,2.48,1.615,-0.775,1.02,-0.4,7.87,13.475,7.1,12.75,7.075,1.65
2018-03-13,2.145,-0.385,0.5935,-0.12,1.9,2.52,1.595,-0.775,0.89,-0.45,7.873,13.475,7.1,13.0,7.015,1.65
2018-03-14,2.21,-0.385,0.5949,-0.12,1.9,2.55,1.655,-0.775,1.02,-0.45,7.87,13.475,7.1,13.0,7.125,1.65
2018-03-15,2.185,-0.375,0.5959,-0.12,1.9,2.54,1.665,-0.775,0.605,-0.45,7.88,13.475,7.1,13.0,7.075,1.65
2018-03-16,2.2,-0.385,0.599,-0.12,1.9,2.49,1.635,-0.725,1.02,-0.425,7.895,13.475,7.1,13.0,6.825,1.65
2018-03-19,2.175,-0.395,0.6043,-0.11,1.9,2.47,1.625,-0.725,0.78,-0.575,7.895,13.475,7.1,13.0,6.665,1.65
2018-03-20,2.26,-0.38,0.6141,-0.11,1.9,2.45,1.645,-0.725,0.78,-0.425,7.91,13.475,7.1,13.0,6.765,1.65
2018-03-21,2.22,-0.395,0.6255,-0.11,2.0,2.39,1.615,-0.725,1.025,-0.425,7.905,13.475,7.1,13.0,6.875,1.65
2018-03-22,2.225,-0.395,0.6415,-0.11,2.0,2.4,1.595,-0.675,1.02,-0.425,7.89,13.475,7.1,13.0,6.795,1.65
2018-03-23,2.29,-0.3525,0.8,-0.11,2.0,2.44,1.625,-0.725,0.78,-0.425,7.915,13.475,7.1,13.0,6.825,1.65
2018-03-26,2.36,-0.3975,0.8,-0.11,2.25,2.42,1.625,-0.725,1.025,-0.425,7.91,13.475,7.1,13.0,7.035,1.65
2018-03-27,2.285,-0.37,0.6731,-0.11,2.25,2.42,1.645,-0.725,1.015,-0.425,7.905,13.475,7.1,13.0,7.005,1.65
2018-03-28,2.37,-0.375,0.6819,-0.11,2.25,2.41,1.665,-0.725,1.055,-0.425,7.9,13.475,7.1,13.0,7.075,1.65
2018-03-29,2.38,-0.395,0.7018,-0.11,2.3,2.39,1.635,-0.7625,1.12,-0.425,7.9,13.475,7.1,13.0,7.075,1.65
2018-03-30,2.295,-0.3725,0.75,-0.11,2.3,2.35,1.705,-0.755,1.055,-0.375,7.895,13.475,7.1,13.0,7.075,1.65
2018-04-02,2.295,-0.375,0.7018,-0.11,2.3,2.35,1.695,-0.725,1.055,-0.6,7.905,13.475,7.1,13.0,7.075,1.65
2018-04-03,2.32,-0.365,0.7129,-0.11,2.3,2.4,1.625,-0.76,1.125,-0.425,7.895,13.475,6.95,13.0,7.065,1.65
2018-04-04,2.39,-0.365,0.7329,-0.11,2.3,2.49,1.665,-0.735,1.105,-0.425,7.885,13.475,6.95,13.0,6.85,1.65
2018-04-05,2.335,-0.365,0.7425,-0.05,2.3,2.46,1.645,-0.745,1.07,-0.425,7.88,13.475,6.95,13.0,6.85,1.65
2018-04-06,2.335,-0.35,0.78,-0.11,2.3,2.42,1.625,-0.745,1.05,-0.425,7.885,13.475,6.95,13.25,6.85,1.65
2018-04-09,2.34,-0.3725,0.78,-0.11,2.3,2.39,1.585,-0.6975,1.055,-0.425,7.875,13.475,6.95,13.25,6.635,1.65
2018-04-10,2.34,-0.35,0.78,-0.11,2.25,2.36,1.575,-0.7075,1.07,-0.425,7.88,13.475,6.9,13.25,6.675,1.65
2018-04-11,2.34,-0.375,0.7584,-0.11,2.25,2.36,1.535,-0.685,1.055,-0.425,7.885,13.475,6.9,13.5,6.875,1.65
2018-04-12,2.345,-0.395,0.7641,-0.11,2.25,2.4,1.575,-0.7375,1.025,-0.425,7.865,13.475,6.85,13.5,6.85,1.65
2018-04-13,2.35,-0.365,0.7705,-0.11,2.3,2.41,1.595,-0.71,1.05,-0.4,7.865,13.475,6.85,13.5,6.85,1.65
2018-04-16,2.35,-0.365,0.7759,-0.11,2.3,2.4,1.585,-0.72,1.05,-0.6,7.87,13.475,6.85,13.5,6.875,1.65
2018-04-17,2.355,-0.365,0.7761,-0.11,2.3,2.38,1.575,-0.625,1.01,-0.4,7.87,13.475,6.85,13.5,6.85,1.65
2018-04-18,2.35,-0.3925,0.7732,-0.11,2.3,2.38,1.595,-0.7075,0.995,-0.4,7.87,13.475,6.85,13.5,6.85,1.65
2018-04-19,2.35,-0.365,0.7802,-0.11,2.3,2.39,1.595,-0.7075,1.015,-0.4,7.875,13.475,6.85,13.25,6.9,1.65
2018-04-20,2.35,-0.37,0.7443,-0.11,2.3,2.39,1.585,-0.71,1.09,-0.4,7.88,13.475,6.85,13.5,6.835,1.65
2018-04-23,2.36,-0.37,0.7412,-0.11,2.3,2.43,1.615,-0.7075,1.045,-0.4,7.89,13.475,6.85,13.5,6.765,1.65
2018-04-24,2.43,-0.365,0.7444,-0.11,2.3,2.39,1.575,-0.715,1.005,-0.4,7.88,13.475,6.85,13.7,6.665,1.65
2018-04-25,2.36,-0.39,0.7486,-0.11,2.255,2.39,1.575,-0.715,1.055,-0.4,7.875,13.475,6.85,13.7,6.645,1.65
2018-04-26,2.36,-0.365,0.7482,-0.055,2.255,2.41,1.565,-0.68,1.01,-0.4,7.873,13.475,6.85,13.7,7.05,1.65
2018-04-27,2.36,-0.345,0.71,-0.11,2.255,2.42,1.535,-0.6925,0.985,-0.4,7.885,13.475,6.85,13.7,7.045,1.65
2018-04-30,2.36,-0.3875,0.7003,-0.11,2.25,2.4,1.585,-0.705,1.01,-0.4,7.89,13.475,6.85,13.7,7.045,1.65
2018-05-01,2.365,-0.36,0.6964,-0.11,2.25,2.4,1.585,-0.715,1.055,-0.4,7.89,13.475,6.85,13.7,7.045,1.65
2018-05-02,2.36,-0.36,0.6905,-0.11,2.11,2.34,1.585,-0.7125,0.995,-0.4,7.905,13.475,6.8,13.7,7.045,1.65
2018-05-03,2.43,-0.355,0.6773,-0.11,2.1,2.35,1.665,-0.71,1.055,-0.4,7.91,13.475,6.8,13.7,7.125,1.65
2018-05-04,2.36,-0.375,0.65,-0.11,2.105,2.24,1.555,-0.715,0.945,-0.4,7.92,13.475,6.8,13.7,7.175,1.65
2018-05-07,2.365,-0.345,0.63,-0.11,2.25,2.3,1.585,-0.71,0.94,-0.575,7.935,13.475,6.8,13.7,7.225,1.65
2018-05-08,2.43,-0.355,0.6634,-0.11,2.25,2.27,1.585,-0.7125,1.055,-0.4,7.943,13.475,6.8,15.0,7.225,1.65
2018-05-09,2.36,-0.355,0.6738,-0.11,2.25,2.3,1.585,-0.71,1.055,-0.4,7.923,13.475,6.8,15.0,7.275,1.65
2018-05-10,2.355,-0.355,0.6617,-0.11,2.25,2.28,1.565,-0.7125,1.055,-0.4,7.9,13.475,6.8,15.0,7.375,1.65
2018-05-11,2.355,-0.3725,0.61,-0.11,2.25,2.26,1.545,-0.71,1.055,-0.4,7.915,13.475,6.8,15.0,7.425,1.65
2018-05-14,2.27,-0.355,0.6379,-0.11,2.25,2.24,1.525,-0.705,1.055,-0.575,7.943,13.475,6.8,15.25,7.475,1.65
2018-05-15,2.315,-0.355,0.6303,-0.11,2.075,2.26,1.555,-0.7075,1.055,-0.4,7.965,13.475,6.8,15.25,7.425,1.65
2018-05-16,2.32,-0.355,0.6169,-0.11,2.25,2.28,1.565,-0.72,1.005,-0.4,7.943,13.475,6.85,15.75,7.525,1.65
2018-05-17,2.32,-0.355,0.6134,-0.11,2.11,2.26,1.545,-0.72,0.975,-0.4,7.895,13.475,6.85,15.75,7.525,1.65
2018-05-18,2.39,-0.375,0.61,-0.11,2.2,2.0,1.655,-0.72,0.985,-0.4,7.92,13.475,6.85,15.75,7.565,1.65
2018-05-21,2.325,-0.3725,0.61,-0.11,2.2,2.3,1.59,-0.7075,1.055,-0.6,7.905,13.475,6.85,15.75,7.65,1.65
2018-05-22,2.27,-0.355,0.6125,-0.11,2.2,2.3,1.535,-0.715,0.925,-0.44,7.91,13.475,6.85,16.0,7.685,1.65
2018-05-23,2.33,-0.355,0.609,-0.11,2.15,2.33,1.575,-0.705,0.93,-0.44,7.905,13.475,6.85,15.5,7.775,1.65
2018-05-24,2.32,-0.355,0.6041,-0.11,2.15,2.34,1.575,-0.625,1.055,-0.44,7.915,13.475,6.85,16.25,7.675,1.65
2018-05-25,2.32,-0.375,0.61,-0.11,2.15,2.38,1.595,-0.625,1.0,-0.44,7.933,13.475,6.85,16.5,7.775,1.65
2018-05-28,2.32,-0.345,0.6,-0.11,2.15,2.36,1.575,-0.625,1.055,-0.595,7.93,13.475,6.85,16.5,7.675,1.65
2018-05-29,2.32,-0.3525,0.6,-0.05,2.15,2.38,1.615,-0.625,0.93,-0.44,7.975,13.475,6.85,16.75,7.725,1.65
2018-05-30,2.3,-0.345,0.61,-0.05,2.15,2.3,1.545,-0.725,0.895,-0.44,7.983,13.475,6.8,16.88,7.725,1.65
2018-05-31,2.3,-0.355,0.6015,-0.11,2.15,2.27,1.525,-0.725,1.055,-0.44,7.988,13.475,6.8,16.88,7.7,1.65
2018-06-01,2.315,-0.355,0.6074,-0.11,2.15,2.28,1.585,-0.725,0.875,-0.44,7.983,13.475,6.8,16.88,7.75,1.65
2018-06-04,2.315,-0.355,0.6133,-0.11,2.015,2.27,1.555,-0.725,0.83,-0.595,7.975,13.475,6.75,16.88,7.565,1.65
2018-06-05,2.39,-0.355,0.618,-0.11,2.06,2.25,1.545,-0.75,0.89,-0.44,7.985,13.475,6.75,16.88,7.75,1.65
2018-06-06,2.335,-0.335,0.63,-0.11,2.15,2.25,1.545,-0.725,0.865,-0.44,7.975,13.475,6.75,17.0,7.25,1.65
2018-06-07,2.34,-0.375,0.65,-0.11,2.15,2.3,1.605,-0.725,0.95,-0.44,8.01,13.475,6.75,17.5,7.275,1.65
2018-06-08,2.34,-0.335,0.65,-0.11,2.15,2.31,1.655,-0.725,1.0,-0.44,8.045,13.475,6.75,17.5,7.3,1.65
2018-06-11,2.34,-0.355,0.6147,-0.11,2.035,2.3,1.645,-0.755,1.055,-0.6,8.055,13.475,6.85,17.5,7.3,1.65
2018-06-12,2.345,-0.355,0.6192,-0.11,2.235,2.25,1.635,-0.76,0.855,-0.45,8.08,13.475,6.85,17.25,7.2,1.65
2018-06-13,2.345,-0.3825,0.617,-0.11,2.05,2.23,1.645,-0.76,1.055,-0.45,8.083,13.475,6.85,17.25,7.145,1.65
2018-06-14,2.345,-0.335,0.65,-0.11,2.15,2.24,1.615,-0.725,0.835,-0.45,8.11,13.475,6.7,17.75,7.145,1.65
2018-06-15,2.34,-0.335,0.65,-0.11,2.15,2.22,1.655,-0.725,0.83,-0.45,8.115,13.475,6.7,17.75,7.355,1.65
2018-06-18,2.39,-0.365,0.6208,-0.11,2.15,2.27,1.655,-0.755,1.055,-0.42,8.1,13.475,7.325,17.5,7.175,1.65
2018-06-19,2.33,-0.365,0.6185,-0.11,2.3,2.3,1.665,-0.725,0.82,-0.45,8.055,13.475,6.7,17.75,6.925,1.65
2018-06-20,2.33,-0.335,0.65,-0.11,2.35,2.28,1.715,-0.725,0.795,-0.45,8.04,13.475,6.7,17.75,6.965,1.65
2018-06-21,2.36,-0.3725,0.65,-0.11,2.35,2.24,1.735,-0.725,0.785,-0.45,8.098,13.475,6.7,17.75,6.825,1.65
2018-06-22,2.38,-0.3325,0.7,-0.11,2.35,2.28,1.685,-0.725,1.055,-0.45,8.135,13.475,6.7,17.75,7.095,1.65
2018-06-25,2.41,-0.37,0.654,-0.11,2.35,2.27,1.655,-0.6575,1.055,-0.405,8.133,13.475,6.7,17.25,6.825,1.65
2018-06-26,2.39,-0.37,0.6544,-0.11,2.25,2.26,1.625,-0.725,0.965,-0.405,8.14,13.475,6.7,17.75,6.825,1.65
2018-06-27,2.36,-0.37,0.6541,-0.11,2.25,2.25,1.695,-0.725,0.95,-0.405,8.175,13.475,6.7,17.75,6.9,1.65
2018-06-28,2.375,-0.35,0.6581,-0.11,2.25,2.28,1.725,-0.725,0.805,-0.405,8.145,13.475,6.7,17.5,6.9,1.65
2018-06-29,2.365,-0.3725,0.71,-0.11,2.25,2.26,1.685,-0.725,1.055,-0.405,8.16,13.475,6.7,17.5,6.925,1.65
2018-07-02,2.37,-0.3425,0.71,-0.11,2.25,2.28,1.725,-0.75,1.055,-0.405,8.17,13.475,6.7,17.5,6.925,1.65
2018-07-03,2.365,-0.3825,0.71,-0.11,2.2,2.27,1.665,-0.765,0.785,-0.405,8.155,13.475,6.7,17.5,6.9,1.65
2018-07-04,2.35,-0.38,0.73,-0.11,2.32,2.29,1.665,-0.75,0.795,-0.405,8.145,13.475,6.7,17.5,7.0,1.65
2018-07-05,2.35,-0.34,0.7,-0.11,2.275,2.27,1.655,-0.75,1.055,-0.405,8.165,13.475,6.7,18.13,6.95,1.65
2018-07-06,2.37,-0.38,0.75,-0.11,2.275,2.27,1.675,-0.765,0.965,-0.405,8.17,13.475,6.7,18.13,6.95,1.65
2018-07-09,2.37,-0.34,0.77,-0.18,2.275,2.28,1.695,-0.7375,0.855,-0.405,8.185,13.475,6.7,18.13,6.975,1.65
2018-07-10,2.37,-0.34,0.76,-0.11,2.35,2.28,1.655,-0.675,0.975,-0.405,8.178,13.475,6.7,18.13,6.975,1.65
2018-07-11,2.35,-0.3825,0.74,-0.16,2.325,2.23,1.645,-0.7,0.795,-0.405,8.18,13.475,6.7,18.25,6.745,1.65
2018-07-12,2.35,-0.34,0.75,-0.11,2.325,2.26,1.685,-0.7,0.805,-0.405,8.185,13.475,6.7,18.75,6.945,1.65
2018-07-13,2.355,-0.34,0.75,-0.175,2.35,2.29,1.695,-0.745,0.89,-0.405,8.175,13.475,6.7,18.75,6.955,1.65
2018-07-16,2.355,-0.34,0.75,-0.11,2.35,2.31,1.725,-0.7,1.055,-0.405,8.155,13.475,6.7,18.75,6.975,1.65
2018-07-17,2.365,-0.34,0.75,-0.16,2.35,2.31,1.695,-0.7,0.855,-0.405,8.155,13.475,6.7,18.75,7.0,1.65
2018-07-18,2.38,-0.34,0.7268,-0.11,2.35,2.32,1.685,-0.7,0.855,-0.405,8.15,13.475,6.7,18.75,6.95,1.65
2018-07-19,2.37,-0.38,0.76,-0.16,2.35,2.32,1.695,-0.7,0.85,-0.375,8.155,13.475,6.7,18.75,7.025,1.65
2018-07-20,2.355,-0.38,0.77,-0.11,2.35,2.31,1.695,-0.7375,0.96,-0.375,8.15,13.475,6.7,19.0,7.045,1.65
2018-07-23,2.355,-0.34,0.77,-0.11,2.35,2.29,1.695,-0.6575,1.055,-0.375,8.153,13.475,6.7,19.0,6.975,1.65
2018-07-24,2.36,-0.365,0.7723,-0.11,2.25,2.25,1.705,-0.7,0.98,-0.375,8.185,13.475,6.7,19.0,6.975,1.65
2018-07-25,2.39,-0.38,0.77,-0.11,2.25,2.23,1.705,-0.7,1.055,-0.375,8.17,13.475,6.7,18.5,6.975,1.65
2018-07-26,2.36,-0.34,0.78,-0.11,2.25,2.21,1.725,-0.6775,0.865,-0.375,8.17,13.475,6.7,18.5,7.0,1.65
2018-07-27,2.4,-0.38,0.78,-0.11,2.15,2.23,1.715,-0.74,0.85,-0.375,8.19,13.475,6.7,18.25,7.155,1.65
2018-07-30,2.365,-0.3775,0.78,-0.11,2.15,2.24,1.685,-0.675,0.85,-0.375,8.19,13.475,6.7,18.25,7.075,1.65
2018-07-31,2.37,-0.38,0.78,-0.11,2.15,2.28,1.685,-0.6625,0.9,-0.375,8.185,13.475,6.7,18.25,7.05,1.65
2018-08-01,2.365,-0.38,0.78,-0.11,2.065,2.28,1.705,-0.665,0.84,-0.375,8.18,13.475,6.7,18.5,7.115,1.65
2018-08-02,2.37,-0.3775,0.82,-0.11,2.15,2.29,1.725,-0.675,0.905,-0.375,8.12,13.475,6.7,18.75,7.05,1.65
2018-08-03,2.375,-0.34,0.82,-0.15,2.15,2.3,1.725,-0.7325,1.055,-0.375,8.114,13.475,6.7,18.75,7.0,1.65
2018-08-06,2.375,-0.355,0.82,-0.11,2.25,2.3,1.725,-0.7025,1.055,-0.375,8.105,13.475,6.7,18.75,7.005,1.65
2018-08-07,2.375,-0.38,0.82,-0.11,2.25,2.27,1.735,-0.665,1.055,-0.375,8.115,13.475,6.7,18.75,6.955,1.65
2018-08-08,2.38,-0.355,0.81,-0.11,2.25,2.3,1.745,-0.6625,1.055,-0.375,8.12,13.475,6.7,19.75,6.975,1.65
2018-08-09,2.38,-0.375,0.81,-0.11,2.25,2.29,1.735,-0.6575,1.055,-0.375,8.123,13.475,6.7,19.75,7.0,1.65
2018-08-10,2.375,-0.375,0.82,-0.11,2.3,2.35,1.735,-0.665,1.055,-0.375,8.155,13.475,6.7,22.75,6.995,1.65
2018-08-13,2.38,-0.375,0.83,-0.11,2.3,2.34,1.735,-0.665,1.055,-0.375,8.158,13.475,6.7,26.0,6.975,1.65
2018-08-14,2.38,-0.365,0.7938,-0.11,2.3,2.28,1.725,-0.665,0.865,-0.375,8.155,13.475,6.7,24.0,7.095,1.65
2018-08-15,2.375,-0.375,0.83,-0.11,2.3,2.28,1.725,-0.665,0.865,-0.375,8.16,13.475,6.7,24.0,7.095,1.65
2018-08-16,2.37,-0.365,0.7945,-0.11,2.3,2.28,1.715,-0.665,1.055,-0.375,8.16,13.475,6.7,22.5,7.025,1.65
2018-08-17,2.37,-0.365,0.7941,-0.11,2.3,2.29,1.715,-0.665,1.055,-0.375,8.16,13.475,6.7,30.0,7.025,1.65
2018-08-20,2.37,-0.35,0.7945,-0.11,2.3,2.32,1.705,-0.665,1.055,-0.375,8.15,13.475,6.7,27.5,7.145,1.65
2018-08-21,2.36,-0.365,0.7944,-0.11,2.3,2.31,1.705,-0.665,1.055,-0.375,8.143,13.475,6.7,27.5,7.1,1.65
2018-08-22,2.39,-0.39,0.7959,-0.11,2.3,2.31,1.725,-0.665,1.055,-0.375,8.145,13.475,6.7,27.5,7.1,1.65
2018-08-23,2.345,-0.365,0.7958,-0.11,2.3,2.29,1.745,-0.7725,1.055,-0.395,8.145,13.475,6.7,24.5,7.125,1.65
2018-08-24,2.39,-0.365,0.7956,-0.11,2.3,2.26,1.745,-0.76,1.055,-0.395,8.165,13.475,6.7,26.5,7.125,1.65
2018-08-27,2.35,-0.375,0.82,-0.11,2.3,2.27,1.735,-0.665,1.055,-0.375,8.155,13.475,6.7,27.0,7.1,1.65
2018-08-28,2.39,-0.365,0.7964,-0.11,2.3,2.23,1.695,-0.75,0.835,-0.4,8.16,13.475,6.5875,25.5,7.125,1.65
2018-08-29,2.39,-0.365,0.7936,-0.13,2.3,2.22,1.675,-0.775,0.845,-0.375,8.155,13.475,6.8,23.5,7.05,1.65
2018-08-30,2.39,-0.3875,0.7918,-0.11,2.3,2.25,1.705,-0.665,1.055,-0.375,8.16,13.475,6.8,20.5,7.05,1.65
2018-08-31,2.305,-0.355,0.7905,-0.11,2.3,2.26,1.715,-0.665,0.98,-0.395,8.143,13.475,6.8,20.5,7.075,1.65
2018-09-03,2.305,-0.355,0.7903,-0.11,2.3,2.26,1.725,-0.665,1.055,-0.395,8.155,13.475,6.8,22.5,7.1,1.65
2018-09-04,2.39,-0.355,0.7894,-0.11,2.3,2.26,1.725,-0.665,0.89,-0.395,8.16,13.475,6.8,23.5,7.15,1.65
2018-09-05,2.39,-0.355,0.791,-0.11,2.2,2.3,1.725,-0.665,1.055,-0.395,8.15,13.475,6.8,24.5,7.15,1.65
2018-09-06,2.365,-0.345,0.7935,-0.085,2.2,2.26,1.725,-0.665,1.055,-0.395,8.15,13.475,6.8,24.5,7.175,1.65
2018-09-07,2.355,-0.365,0.7923,-0.11,2.2,2.26,1.725,-0.665,1.055,-0.395,8.188,13.475,6.8,24.5,7.175,1.65
2018-09-10,2.36,-0.35,0.8011,-0.11,2.2,2.24,1.695,-0.665,1.055,-0.395,8.2,13.475,7.0,22.5,7.175,1.65
2018-09-11,2.36,-0.365,0.7911,-0.11,2.2,2.23,1.695,-0.665,1.055,-0.385,8.21,13.475,7.0,22.5,7.3,1.65
2018-09-12,2.375,-0.3875,0.7911,-0.11,2.2,2.22,1.725,-0.665,0.88,-0.385,8.195,13.475,7.0,22.5,7.375,1.65
2018-09-13,2.38,-0.3875,0.7898,-0.11,2.2,2.24,1.725,-0.665,1.055,-0.385,8.148,13.475,7.0,22.5,7.375,1.65
2018-09-14,2.38,-0.335,0.83,-0.175,2.2,2.25,1.725,-0.665,1.055,-0.415,8.215,13.475,7.0,23.5,7.475,1.65
2018-09-17,2.38,-0.345,0.7873,-0.11,2.2,2.27,1.705,-0.665,1.055,-0.415,8.2,13.475,7.0,24.5,7.45,1.65
2018-09-18,2.38,-0.345,0.7903,-0.11,2.2,2.31,1.725,-0.665,1.055,-0.415,8.195,13.475,7.0,24.5,7.475,1.65
2018-09-19,2.39,-0.345,0.7907,-0.11,2.2,2.3,1.745,-0.665,1.055,-0.415,8.19,13.475,7.0,24.5,7.475,1.65
2018-09-20,2.39,-0.3725,0.83,-0.11,2.2,2.27,1.735,-0.665,1.055,-0.415,8.185,13.475,7.0,25.5,7.475,1.65
2018-09-21,2.41,-0.3825,0.794,-0.11,2.2,2.29,1.785,-0.665,1.055,-0.415,8.2,13.475,7.0,25.5,7.45,1.65
2018-09-24,2.42,-0.345,0.7915,-0.11,2.2,2.27,1.765,-0.665,1.055,-0.41,8.183,13.475,6.9,25.5,7.5,1.65
2018-09-25,2.41,-0.3425,0.83,-0.11,2.09,2.28,1.785,-0.665,1.055,-0.39,8.165,13.475,6.9,26.5,8.0,1.65
2018-09-26,2.42,-0.335,0.83,-0.11,2.2,2.28,1.795,-0.665,1.055,-0.39,8.15,13.475,6.9,26.5,7.8,1.65
2018-09-27,2.525,-0.345,0.8142,-0.11,2.2,2.51,1.825,-0.7,1.055,-0.435,8.145,13.475,7.15,29.0,7.575,1.65
2018-09-28,2.45,-0.355,0.7351,-0.11,2.2,2.52,1.975,-0.7,1.05,-0.435,8.155,13.475,7.15,29.0,7.25,1.65
2018-10-01,2.54,-0.365,0.7347,-0.11,2.2,2.5,1.965,-0.7,1.045,-0.44,8.145,13.475,7.15,29.0,7.2,1.65
2018-10-02,2.45,-0.365,0.7914,-0.11,2.2,2.49,1.965,-0.675,1.045,-0.44,8.15,13.475,7.15,29.0,7.2,1.65
2018-10-03,2.45,-0.355,0.7868,-0.11,2.15,2.45,1.955,-0.675,1.105,-0.44,8.15,13.475,7.2,29.0,7.225,1.65
2018-10-04,2.47,-0.355,0.7899,-0.11,2.1,2.43,1.965,-0.675,1.055,-0.44,8.155,13.475,7.2,30.0,7.275,1.65
2018-10-05,2.475,-0.365,0.7924,-0.11,2.1,2.44,2.005,-0.675,1.0,-0.44,8.155,13.475,7.3,30.5,7.2,1.65
2018-10-08,2.545,-0.34,0.825,-0.11,2.1,2.45,2.025,-0.675,1.055,-0.44,8.16,13.475,7.3,30.5,7.225,1.65
2018-10-09,2.48,-0.355,0.8626,-0.11,1.985,2.42,2.015,-0.675,1.03,-0.44,8.15,13.475,7.3,30.0,7.25,1.65
2018-10-10,2.48,-0.34,0.805,-0.11,2.1,2.46,2.035,-0.675,1.035,-0.44,8.15,13.475,7.3,30.0,7.275,1.65
2018-10-11,2.56,-0.355,0.805,-0.11,2.1,2.46,2.025,-0.675,1.055,-0.44,8.148,13.475,7.3,29.0,7.275,1.65
2018-10-12,2.585,-0.355,0.8006,-0.2,2.1,2.52,2.055,-0.675,1.065,-0.44,8.15,13.475,7.3,29.0,7.325,1.66
2018-10-15,2.54,-0.34,0.805,-0.11,2.1,2.54,2.085,-0.675,1.155,-0.44,8.15,13.475,7.3,28.0,7.325,1.67
2018-10-16,2.44,-0.355,0.7351,-0.11,2.13,2.48,2.055,-0.675,1.015,-0.46,8.15,13.475,7.3,28.0,7.325,1.68
2018-10-17,2.57,-0.355,0.7934,-0.11,2.175,2.47,2.065,-0.675,1.055,-0.425,8.15,13.475,7.3,28.0,7.425,1.68
2018-10-18,2.585,-0.355,0.7938,-0.11,2.1,2.53,2.115,-0.675,1.015,-0.425,8.16,13.475,7.3,27.0,7.425,1.69
2018-10-19,2.59,-0.355,0.7935,-0.11,2.1,2.55,2.085,-0.675,1.18,-0.425,8.223,13.475,7.3,27.5,7.3,1.7
2018-10-22,2.6,-0.34,0.805,-0.11,2.1,2.52,2.075,-0.675,1.055,-0.435,8.235,13.475,7.3,28.0,7.325,1.7
2018-10-23,2.605,-0.355,0.805,-0.11,2.1,2.47,2.045,-0.675,1.055,-0.435,8.22,13.475,7.3,28.0,7.35,1.7
2018-10-24,2.61,-0.355,0.7981,-0.19,2.1,2.41,2.055,-0.675,1.07,-0.435,8.23,13.475,7.3,28.0,7.4,1.7
2018-10-25,2.615,-0.355,0.7987,-0.11,2.1,2.45,2.145,-0.675,1.1,-0.435,8.22,13.475,7.3,27.5,7.425,1.7
2018-10-26,2.625,-0.355,0.8002,-0.11,2.1,2.48,2.175,-0.675,1.105,-0.435,8.245,13.475,7.3,27.0,7.425,1.7
2018-10-29,2.59,-0.34,0.825,-0.11,2.1,2.49,2.205,-0.675,1.12,-0.435,8.345,13.475,7.3,27.0,7.4,1.7
2018-10-30,2.605,-0.365,0.825,-0.16,2.1,2.53,2.225,-0.735,1.165,-0.435,8.365,13.475,7.35,25.5,7.4,1.7
2018-10-31,2.58,-0.365,0.8068,-0.175,2.1,2.52,2.245,-0.735,1.175,-0.435,8.41,13.475,7.35,25.5,7.425,1.7
2018-11-01,2.695,-0.345,0.8159,-0.11,2.1,2.52,2.215,-0.675,1.135,-0.435,8.375,13.475,7.35,25.5,7.475,1.7
2018-11-02,2.695,-0.325,0.955,-0.11,2.1,2.45,2.165,-0.675,1.22,-0.435,8.375,13.475,7.35,25.5,7.45,1.7
2018-11-05,2.65,-0.355,0.955,-0.11,2.1,2.48,2.195,-0.675,1.055,-0.435,8.355,13.475,7.0,25.0,7.525,1.7
2018-11-06,2.705,-0.355,0.8356,-0.11,2.1,2.48,2.215,-0.675,1.125,-0.435,8.35,13.475,7.0,24.5,7.525,1.7
2018-11-07,2.71,-0.365,0.8446,-0.11,2.035,2.42,2.185,-0.675,1.12,-0.435,8.363,13.475,7.0,25.5,7.525,1.7
2018-11-08,2.65,-0.365,0.8463,-0.11,2.15,2.45,2.245,-0.675,1.27,-0.435,8.403,13.475,7.0,25.5,7.525,1.7
2018-11-09,2.745,-0.33,0.8568,-0.11,2.15,2.46,2.295,-0.725,1.22,-0.435,8.403,13.475,7.0,25.5,7.525,1.7
2018-11-12,2.67,-0.35,0.8658,-0.11,2.15,2.48,2.295,-0.675,1.235,-0.435,8.418,13.475,7.2,25.5,7.5,1.7
2018-11-13,2.67,-0.365,0.8668,-0.11,2.15,2.54,2.335,-0.675,1.24,-0.435,8.425,13.475,7.2,25.5,7.525,1.7
2018-11-14,2.645,-0.3625,0.89,-0.11,2.15,2.52,2.255,-0.675,1.23,-0.435,8.42,13.475,7.2,25.5,7.5,1.7
2018-11-15,2.75,-0.36,0.9283,-0.11,2.15,2.49,2.235,-0.675,1.055,-0.45,8.4,13.475,7.2,25.5,7.225,1.7
2018-11-16,2.735,-0.325,0.9,-0.11,2.035,2.44,2.175,-0.675,1.125,-0.45,8.418,13.475,7.2,25.5,7.225,1.7
2018-11-19,2.65,-0.355,0.9294,-0.11,2.04,2.41,2.165,-0.675,1.16,-0.45,8.42,13.475,6.9,25.5,7.325,1.7
2018-11-20,2.29,-0.355,0.8794,-0.11,2.15,2.37,2.155,-0.675,1.185,-0.45,8.425,13.475,6.9,25.5,7.325,1.7
2018-11-21,2.765,-0.355,0.8783,-0.11,2.15,2.4,2.175,-0.675,1.175,-0.45,8.418,13.475,6.9,25.5,7.325,1.7
2018-11-22,2.775,-0.36,0.8843,-0.11,2.15,2.37,2.165,-0.675,1.055,-0.45,8.42,13.475,6.9,25.5,7.35,1.7
2018-11-23,2.775,-0.36,0.879,-0.11,2.005,2.15,2.175,-0.675,1.19,-0.45,8.508,13.475,6.9,25.5,7.35,1.7
2018-11-26,2.7,-0.355,0.9311,-0.11,2.1,2.34,2.155,-0.7325,1.17,-0.45,8.515,13.475,6.9,24.5,7.35,1.7
2018-11-27,2.77,-0.355,0.8818,-0.11,2.1,2.25,2.105,-0.7325,1.055,-0.45,8.49,13.475,6.9,24.5,7.325,1.7
2018-11-28,2.765,-0.355,0.8836,-0.11,2.1,2.23,2.075,-0.7175,1.085,-0.4,8.47,13.475,6.9,24.5,7.275,1.7
2018-11-29,2.755,-0.365,0.8882,-0.11,2.1,2.18,2.025,-0.725,1.085,-0.4,8.473,13.475,6.9,24.0,7.225,1.7
2018-11-30,2.78,-0.36,0.8517,-0.11,2.01,2.26,2.075,-0.725,1.105,-0.4,8.5,13.475,6.9,23.0,7.275,1.9
2018-12-03,2.805,-0.325,0.9,-0.11,2.1,2.31,2.085,-0.725,1.21,-0.35,8.495,13.475,6.9,23.0,7.3,1.9
2018-12-04,2.795,-0.345,0.8852,-0.11,1.995,2.27,2.105,-0.7475,1.185,-0.35,8.513,13.475,6.9,23.5,7.225,1.9
2018-12-05,2.81,-0.355,0.8876,-0.11,2.1,2.25,2.075,-0.7475,1.14,-0.35,8.515,13.475,6.9,23.5,7.225,1.9
2018-12-06,2.805,-0.355,0.8917,-0.11,2.1,2.2,2.015,-0.825,1.155,-0.35,8.51,13.475,6.9,23.5,7.225,1.9
2018-12-07,2.81,-0.355,0.8965,-0.11,2.15,2.23,2.005,-0.735,1.145,-0.35,8.515,13.475,6.9,23.5,7.15,1.9
2018-12-10,2.82,-0.365,0.897,-0.11,2.15,2.26,2.025,-0.7425,1.185,-0.35,8.52,13.475,6.9,22.5,7.15,1.9
2018-12-11,2.82,-0.35,0.8904,-0.11,2.15,2.27,2.015,-0.735,1.17,-0.3,8.52,13.475,6.9,22.5,7.125,1.9
2018-12-12,2.805,-0.365,0.8926,-0.11,2.3,2.34,1.955,-0.725,1.13,-0.3,8.52,13.475,6.9,23.5,7.15,1.9
2018-12-13,2.8,-0.365,0.89,-0.11,2.35,2.32,2.015,-0.725,1.1,-0.2,8.513,13.475,6.8,23.5,7.125,1.9
2018-12-14,2.81,-0.35,0.9,-0.11,2.35,2.3,2.005,-0.725,1.1,-0.2,8.515,13.475,6.8,23.5,7.075,1.9
2018-12-17,2.81,-0.345,0.8964,-0.11,2.35,2.22,1.965,-0.725,1.06,-0.2,8.52,13.475,6.8,23.5,7.1,1.9
2018-12-18,2.81,-0.3625,0.9,-0.11,2.35,2.22,1.915,-0.725,1.045,-0.215,8.515,13.475,6.8,23.5,7.1,1.9
2018-12-19,2.815,-0.325,0.9,-0.11,2.35,2.21,1.915,-0.725,1.08,-0.215,8.52,13.475,6.8,23.5,6.95,1.9
2018-12-20,2.83,-0.325,0.9,-0.11,2.42,2.2,1.895,-0.725,1.075,-0.175,8.565,13.475,6.8,23.5,7.0,1.9
2018-12-21,2.82,-0.3275,0.95,-0.11,2.435,2.13,1.905,-0.725,1.065,-0.175,8.62,13.475,6.8,23.0,7.075,1.9
2018-12-24,2.81,-0.325,0.9,-0.11,2.225,2.11,1.895,-0.6975,1.22,-0.175,8.63,13.475,6.8,23.0,7.075,1.9
2018-12-25,2.81,-0.325,0.9,-0.11,2.225,2.15,2.075,-0.725,1.22,-0.175,8.63,13.475,6.8,23.0,7.075,1.9
2018-12-26,2.81,-0.325,0.9,-0.11,2.225,2.15,1.995,-0.725,1.22,-0.175,8.63,13.475,6.8,23.0,7.075,1.92
2018-12-27,2.815,-0.355,0.8933,-0.11,2.325,2.08,1.865,-0.725,1.08,-0.1,8.633,13.475,6.8,23.0,7.075,1.92
2018-12-28,2.78,-0.3575,0.9,-0.11,2.325,2.06,1.875,-0.725,1.11,-0.1,8.615,13.475,6.8,23.0,7.075,1.93
2018-12-31,2.77,-0.325,0.9,-0.11,2.25,2.05,1.885,-0.675,1.14,-0.1,8.625,13.475,6.8,23.0,7.05,1.93
2019-01-01,2.77,-0.325,0.9,-0.11,2.25,2.15,2.065,-0.675,1.14,-0.1,8.62,13.475,6.8,23.0,7.05,1.93
2019-01-02,2.78,-0.345,0.8999,-0.11,2.25,2.04,1.875,-0.6475,1.09,-0.145,8.61,13.475,6.75,22.5,7.05,1.93
2019-01-03,2.785,-0.325,0.9,-0.11,2.25,2.07,1.875,-0.6625,1.15,-0.145,8.61,13.475,6.75,22.5,7.075,1.92
2019-01-04,2.78,-0.355,0.9,-0.11,2.25,2.08,1.885,-0.69,1.085,-0.115,8.61,13.475,6.75,22.5,7.125,1.86
2019-01-07,2.78,-0.34,0.8923,-0.11,2.25,2.06,1.895,-0.65,1.065,-0.12,8.63,13.475,6.6,22.5,7.15,1.86
2019-01-08,2.78,-0.335,0.8966,-0.11,2.25,2.05,1.895,-0.69,1.065,-0.12,8.63,13.475,6.6,22.5,7.175,1.86
2019-01-09,2.775,-0.3525,0.9,-0.21,2.25,2.04,1.885,-0.68,1.065,-0.12,8.63,13.475,6.6,22.5,7.15,1.86
2019-01-10,2.78,-0.33,0.9,-0.215,2.25,2.06,1.855,-0.7075,1.105,-0.1,8.62,13.475,6.6,22.5,7.15,1.86
2019-01-11,2.785,-0.355,0.9,-0.205,2.25,2.09,1.875,-0.6875,1.115,-0.1,8.63,13.475,6.6,22.5,7.15,1.86
2019-01-14,2.785,-0.325,0.9,-0.215,2.25,2.09,1.905,-0.65,1.135,-0.1,8.62,13.475,6.6,22.5,7.175,1.86
2019-01-15,2.78,-0.36,0.9,-0.225,2.25,2.07,1.885,-0.7025,1.165,-0.1,8.625,13.475,6.6,22.5,7.15,1.86
2019-01-16,2.825,-0.3525,0.92,-0.21,2.265,2.05,1.875,-0.68,1.115,-0.08,8.63,13.475,6.6,22.5,7.1,1.86
2019-01-17,2.775,-0.3625,0.92,-0.23,2.25,2.07,2.04,-0.7,1.105,-0.08,8.625,13.475,6.6,22.5,7.175,1.86
2019-01-18,2.8,-0.355,0.92,-0.225,2.25,2.04,1.845,-0.6625,1.15,-0.08,8.625,13.475,6.9,22.5,7.25,1.86
2019-01-21,2.76,-0.3525,0.92,-0.205,2.25,2.05,1.855,-0.65,1.1,-0.08,8.63,13.475,6.9,22.5,7.275,1.86
2019-01-22,2.76,-0.3325,0.92,-0.205,2.25,2.06,1.875,-0.6925,1.14,-0.095,8.615,13.475,6.9,22.5,7.25,1.86
2019-01-23,2.765,-0.325,0.92,-0.21,2.2,2.06,1.865,-0.65,1.09,-0.095,8.615,13.475,6.9,22.5,7.25,1.86
2019-01-24,2.76,-0.3525,0.92,-0.13,2.21,2.05,1.855,-0.65,1.12,-0.095,8.603,13.475,6.9,22.5,7.25,1.86
2019-01-25,2.755,-0.325,0.92,-0.22,2.105,2.02,1.855,-0.65,1.14,-0.095,8.6,13.475,6.9,22.5,7.2,1.86
2019-01-28,2.755,-0.3525,0.92,-0.135,2.25,2.05,2.005,-0.675,1.11,-0.1,8.61,13.475,6.9,22.5,7.2,1.86
2019-01-29,2.76,-0.325,0.92,-0.13,2.25,2.02,1.855,-0.675,1.12,-0.1,8.598,13.475,6.9,22.5,7.2,1.86
2019-01-30,2.76,-0.3525,0.92,-0.3,2.14,2.01,1.845,-0.705,1.13,-0.1,8.6,13.475,6.9,22.5,7.1,1.86
2019-01-31,2.74,-0.325,0.92,-0.205,2.25,2.0,1.875,-0.675,1.14,-0.1,8.6,13.475,6.9,22.5,7.1,1.86
2019-02-01,2.745,-0.325,0.92,-0.205,2.25,2.01,1.885,-0.675,1.12,-0.1,8.6,13.475,6.9,22.5,7.125,1.86
2019-02-04,2.74,-0.325,0.92,-0.205,2.25,2.0,1.895,-0.675,1.17,-0.09,8.6,13.475,6.9,22.5,7.175,1.86
2019-02-05,2.74,-0.355,0.92,-0.21,2.25,2.01,1.895,-0.675,1.17,-0.09,8.595,13.475,6.9,22.5,7.225,1.86
2019-02-06,2.725,-0.36,0.92,-0.19,2.16,1.99,1.905,-0.675,1.135,-0.035,8.59,13.475,6.9,22.5,7.225,1.86
2019-02-07,2.7,-0.325,0.85,-0.215,2.25,1.96,1.885,-0.735,1.14,-0.1,8.595,13.475,6.9,22.5,7.125,1.86
2019-02-08,2.695,-0.32,0.85,-0.235,2.085,1.96,2.05,-0.675,1.19,-0.12,8.583,13.475,6.9,22.5,7.05,1.86
2019-02-11,2.695,-0.3525,0.85,-0.205,2.2,1.99,1.875,-0.675,1.155,-0.12,8.585,13.475,6.9,22.5,7.05,1.86
2019-02-12,2.695,-0.325,0.85,-0.205,2.085,2.0,1.865,-0.675,1.19,-0.12,8.575,13.475,6.9,22.5,7.05,1.86
2019-02-13,2.695,-0.33,0.85,-0.205,2.15,1.99,1.865,-0.675,1.165,-0.12,8.575,13.475,6.9,22.5,7.0,1.86
2019-02-14,2.695,-0.33,0.85,-0.16,2.11,1.95,1.855,-0.675,1.165,-0.12,8.56,13.475,6.9,22.5,6.95,1.86
2019-02-15,2.695,-0.33,0.85,-0.22,2.2,1.96,1.825,-0.675,1.155,-0.12,8.555,13.475,6.9,22.5,6.975,1.86
2019-02-18,2.68,-0.37,0.85,-0.21,2.2,1.97,1.825,-0.675,1.21,-0.12,8.56,13.475,6.8,22.5,6.85,1.87
2019-02-19,2.665,-0.33,0.85,-0.195,2.2,1.95,1.815,-0.675,1.165,-0.09,8.56,13.475,6.8,22.5,6.85,1.88
2019-02-20,2.66,-0.3525,0.85,-0.205,2.15,1.92,1.795,-0.675,1.18,-0.11,8.56,13.475,6.8,22.5,7.1,1.89
2019-02-21,2.655,-0.335,0.85,-0.205,2.225,1.95,1.795,-0.675,1.27,-0.11,8.555,13.475,6.8,22.5,7.1,1.89
2019-02-22,2.64,-0.3475,0.85,-0.2,2.15,1.96,1.775,-0.675,1.135,-0.11,8.55,13.475,6.8,22.5,7.175,1.89
2019-02-25,2.635,-0.3525,0.85,-0.205,2.15,1.99,1.785,-0.675,1.19,-0.11,8.545,13.475,6.8,22.5,7.2,1.89
2019-02-26,2.635,-0.3525,0.85,-0.205,2.15,1.96,1.805,-0.675,1.145,-0.11,8.545,13.475,6.8,22.5,7.2,1.89
2019-02-27,2.635,-0.3525,0.85,-0.2,2.15,1.88,1.9,-0.675,1.135,-0.11,8.545,13.475,6.8,22.5,7.15,1.89
2019-02-28,2.635,-0.335,0.85,-0.195,2.15,1.9,1.9,-0.675,1.155,-0.11,8.545,13.475,6.8,22.5,7.075,1.89
2019-03-01,2.63,-0.335,0.9,-0.185,2.15,1.92,1.815,-0.675,1.2,-0.11,8.545,13.475,6.8,22.5,7.05,1.89
2019-03-04,2.615,-0.3525,0.85,-0.185,2.1,1.93,1.845,-0.6475,1.2,-0.14,8.545,13.475,6.8,22.5,7.05,1.89
2019-03-05,2.62,-0.335,0.85,-0.175,2.1,1.93,1.845,-0.705,1.175,-0.14,8.535,13.475,6.8,22.5,7.25,1.89
2019-03-06,2.62,-0.3525,0.85,-0.195,2.06,1.95,1.855,-0.665,1.2,-0.14,8.53,13.475,6.65,22.5,7.25,1.89
2019-03-07,2.615,-0.37,0.85,-0.19,2.085,1.98,1.835,-0.675,1.23,-0.14,8.535,13.475,6.65,22.5,7.3,1.89
2019-03-08,2.615,-0.335,0.85,-0.19,2.1,1.96,1.855,-0.705,1.26,-0.12,8.53,13.475,6.65,22.5,7.3,1.89
2019-03-11,2.625,-0.335,0.85,-0.18,1.985,1.95,1.825,-0.7075,1.225,-0.1,8.53,13.475,6.65,22.5,7.325,1.89
2019-03-12,2.61,-0.335,0.85,-0.19,2.1,1.96,1.795,-0.675,1.27,-0.1,8.523,13.475,6.65,22.5,7.325,1.89
2019-03-13,2.615,-0.335,0.85,-0.2,2.1,1.95,1.795,-0.6825,1.235,-0.1,8.52,13.475,6.65,22.5,7.25,1.89
2019-03-14,2.615,-0.335,0.85,-0.17,2.05,1.93,1.795,-0.675,1.25,-0.1,8.52,13.475,6.55,22.5,7.325,1.89
2019-03-15,2.62,-0.335,0.85,-0.2,2.05,1.94,1.805,-0.675,1.255,-0.1,8.52,13.475,6.55,22.5,7.2,1.9
2019-03-18,2.625,-0.335,0.85,-0.21,2.08,1.98,1.785,-0.675,1.245,-0.1,8.52,13.475,6.55,22.5,7.2,1.9
2019-03-19,2.625,-0.335,0.85,-0.21,2.08,1.98,1.8,-0.675,1.245,-0.08,8.52,13.475,6.55,22.5,7.2,1.9
2019-03-20,2.63,-0.335,0.85,-0.2,2.0,2.01,1.765,-0.675,1.265,-0.08,8.51,13.475,6.55,22.5,7.125,1.9
2019-03-21,2.63,-0.335,0.85,-0.205,2.075,2.0,1.775,-0.675,1.3,-0.075,8.495,13.475,6.55,22.5,7.125,1.9
2019-03-22,2.63,-0.335,0.85,-0.15,2.0,2.05,1.775,-0.6575,1.275,-0.075,8.47,13.475,6.55,22.5,7.075,1.9
2019-03-25,2.63,-0.3525,0.85,-0.18,2.0,2.05,1.765,-0.7025,1.31,-0.075,8.465,13.475,6.55,22.5,7.325,1.9
2019-03-26,2.635,-0.3525,0.85,-0.18,2.0,2.1,1.795,-0.6225,1.27,-0.075,8.475,13.475,6.55,35.0,7.1,1.9
2019-03-27,2.63,-0.335,0.85,-0.18,2.0,1.99,1.775,-0.7025,1.245,-0.04,8.48,13.475,6.55,40.0,7.175,1.9
2019-03-28,2.625,-0.335,0.85,-0.14,1.95,1.93,1.765,-0.725,1.25,-0.03,8.5,13.475,6.55,40.0,7.25,1.9
2019-03-29,2.63,-0.335,0.85,-0.13,1.95,1.95,1.775,-0.675,1.25,-0.03,8.503,13.475,6.65,35.0,7.25,1.9
2019-04-01,2.63,-0.335,0.85,-0.185,1.95,1.96,1.775,-0.675,1.27,0.005,8.508,13.475,6.65,35.0,7.25,1.9
2019-04-02,2.625,-0.335,0.85,-0.18,1.95,1.99,1.765,-0.7025,1.265,0.005,8.5,13.475,6.65,29.5,6.75,1.89
2019-04-03,2.625,-0.335,0.85,-0.185,1.9,1.95,1.765,-0.7,1.275,0.005,8.5,13.475,6.65,29.0,6.75,1.87
2019-04-04,2.575,-0.3625,0.85,-0.185,1.9,1.94,1.825,-0.6225,1.315,-0.025,8.5,13.475,6.65,28.0,6.775,1.87
2019-04-05,2.63,-0.335,0.85,-0.18,1.9,1.96,1.815,-0.675,1.33,-0.025,8.49,13.475,6.65,28.0,6.75,1.86
2019-04-08,2.555,-0.3525,0.85,-0.19,1.9,1.95,1.815,-0.675,1.34,-0.025,8.495,13.475,6.65,28.0,6.775,1.86
2019-04-09,2.63,-0.335,0.85,-0.2,1.97,1.98,1.805,-0.675,1.305,-0.025,8.5,13.475,6.65,28.0,6.775,1.86
2019-04-10,2.63,-0.335,0.85,-0.15,1.85,2.0,1.815,-0.675,1.29,-0.045,8.495,13.475,6.65,27.0,6.75,1.86
2019-04-11,2.57,-0.335,0.85,-0.2,1.9,1.98,1.815,-0.7025,1.31,-0.075,8.49,13.475,6.65,27.0,6.75,1.86
2019-04-12,2.63,-0.335,0.85,-0.21,1.9,2.0,1.855,-0.675,1.3,-0.075,8.485,13.475,6.65,27.0,6.75,1.86
2019-04-15,2.63,-0.335,0.85,-0.21,1.9,1.99,1.825,-0.675,1.34,-0.075,8.495,13.475,6.65,28.0,6.775,1.86
2019-04-16,2.57,-0.335,0.86,-0.195,1.9,2.0,1.815,-0.625,1.35,-0.075,8.495,13.475,6.65,28.0,6.75,1.86
2019-04-17,2.63,-0.335,0.85,-0.2,1.9,1.91,1.805,-0.625,1.34,-0.075,8.49,13.475,6.65,28.0,6.75,1.86
2019-04-18,2.57,-0.335,0.85,-0.2,1.9,1.93,1.805,-0.69,1.345,-0.075,8.495,13.475,6.65,26.0,6.75,1.86
2019-04-19,2.57,-0.335,0.85,-0.17,1.9,1.93,1.87,-0.665,1.34,-0.1,8.495,13.475,6.65,26.0,6.75,1.86
2019-04-22,2.63,-0.335,0.85,-0.3,1.9,1.93,1.875,-0.665,1.34,-0.1,8.495,13.475,6.65,25.5,6.75,1.85
2019-04-23,2.57,-0.335,0.85,-0.2,1.9,1.95,1.815,-0.6875,1.36,-0.1,8.5,13.475,6.65,26.0,6.825,1.85
2019-04-24,2.63,-0.335,0.85,-0.2,1.9,1.93,1.805,-0.665,1.33,-0.1,8.505,13.475,6.65,26.0,6.825,1.85
2019-04-25,2.57,-0.335,0.85,-0.2,1.8,1.93,1.815,-0.665,1.31,-0.1,8.5,13.475,6.65,26.0,6.875,1.85
2019-04-26,2.57,-0.335,0.85,-0.205,1.75,1.98,1.845,-0.665,1.3,-0.12,8.5,13.475,6.65,27.0,7.1,1.84
2019-04-29,2.63,-0.335,0.85,-0.235,1.75,2.01,1.845,-0.665,1.275,-0.12,8.505,13.475,6.65,27.0,7.1,1.84
2019-04-30,2.57,-0.335,0.85,-0.225,1.75,2.02,1.825,-0.665,1.295,-0.12,8.505,13.475,6.65,27.0,7.25,1.84
2019-05-01,2.615,-0.335,0.855,-0.2,1.75,2.02,1.825,-0.6925,1.295,-0.12,8.505,13.475,6.65,27.0,7.25,1.84
2019-05-02,2.605,-0.335,0.85,-0.195,1.59,1.98,1.835,-0.665,1.305,-0.12,8.515,13.475,6.65,27.0,7.275,1.84
2019-05-03,2.545,-0.335,0.85,-0.23,1.59,1.95,1.845,-0.665,1.305,-0.12,8.508,13.475,6.65,27.0,7.275,1.84
2019-05-06,2.605,-0.335,0.85,-0.205,1.7,1.95,1.835,-0.665,1.285,-0.12,8.51,13.475,6.65,27.0,7.375,1.84
2019-05-07,2.6,-0.34,0.85,-0.23,1.7,1.98,1.825,-0.7025,1.275,-0.12,8.515,13.475,6.65,27.0,7.375,1.84
2019-05-08,2.57,-0.34,0.845,-0.2,1.75,1.82,1.795,-0.665,1.28,-0.12,8.515,13.475,6.65,27.0,7.3,1.84
2019-05-09,2.565,-0.34,0.85,-0.2,1.64,1.8,1.795,-0.665,1.31,-0.12,8.515,13.475,6.65,27.0,7.275,1.84
2019-05-10,2.565,-0.34,0.85,-0.2,1.75,1.83,1.815,-0.68,1.39,-0.12,8.51,13.475,6.65,28.0,7.275,1.84
2019-05-13,2.55,-0.34,0.85,-0.2,1.635,1.87,1.795,-0.69,1.345,-0.12,8.51,13.475,6.65,28.0,7.275,1.84
2019-05-14,2.55,-0.34,0.85,-0.23,1.75,1.87,1.805,-0.665,1.34,-0.11,8.51,13.475,6.65,28.0,7.225,1.84
2019-05-15,2.545,-0.34,0.85,-0.235,1.75,1.88,1.795,-0.665,1.33,-0.11,8.505,13.475,6.65,28.0,7.175,1.84
2019-05-16,2.545,-0.35,0.82,-0.205,1.72,1.85,1.785,-0.665,1.38,-0.11,8.505,13.475,6.65,28.0,7.15,1.84
2019-05-17,2.545,-0.345,0.85,-0.21,1.65,1.8,1.775,-0.71,1.34,-0.11,8.51,13.475,6.65,27.0,7.2,1.84
2019-05-20,2.545,-0.345,0.85,-0.205,1.72,1.82,1.795,-0.69,1.33,-0.115,8.508,13.475,6.65,27.0,7.175,1.84
2019-05-21,2.545,-0.345,0.85,-0.195,1.6,1.79,1.795,-0.665,1.335,-0.105,8.51,13.475,6.65,27.0,7.15,1.84
2019-05-22,2.545,-0.345,0.85,-0.2,1.5,1.79,1.805,-0.67,1.355,-0.085,8.505,13.475,6.65,26.0,7.15,1.84
2019-05-23,2.545,-0.345,0.85,-0.235,1.6,1.81,1.825,-0.675,1.385,-0.065,8.505,13.475,6.65,26.0,7.15,1.84
2019-05-24,2.545,-0.345,0.85,-0.205,1.5,1.8,1.805,-0.65,1.375,-0.065,8.505,13.475,6.65,26.0,7.05,1.84
2019-05-27,2.55,-0.345,0.85,-0.205,1.415,1.75,1.805,-0.69,1.45,-0.025,8.505,13.475,6.65,26.0,7.05,1.84
2019-05-28,2.55,-0.375,0.8,-0.225,1.5,1.79,1.795,-0.695,1.405,-0.025,8.505,13.475,6.65,26.0,6.875,1.84
2019-05-29,2.545,-0.345,0.8,-0.225,1.38,1.81,1.795,-0.69,1.395,-0.025,8.51,13.475,6.65,26.0,6.85,1.84
2019-05-30,2.545,-0.345,0.8,-0.18,1.4,1.82,1.805,-0.71,1.46,-0.025,8.51,13.475,6.65,26.0,6.875,1.84
2019-05-31,2.53,-0.345,0.8,-0.18,1.32,1.82,1.775,-0.7125,1.365,-0.035,8.515,13.475,6.65,26.0,6.85,1.84
2019-06-03,2.495,-0.345,0.77,-0.23,1.4,1.75,1.85,-0.72,1.34,-0.06,8.53,13.475,6.65,27.0,6.775,1.82
2019-06-04,2.495,-0.345,0.77,-0.205,1.4,1.75,1.795,-0.725,1.31,-0.06,8.53,13.475,6.65,27.0,6.75,1.82
2019-06-05,2.47,-0.345,0.77,-0.215,1.4,1.77,1.775,-0.705,1.29,-0.08,8.525,13.475,6.65,27.0,6.75,1.82
2019-06-06,2.45,-0.345,0.77,-0.24,1.41,1.77,1.775,-0.7275,1.305,-0.08,8.55,13.475,6.65,27.0,6.75,1.82
2019-06-07,2.46,-0.355,0.77,-0.24,1.6,1.82,1.785,-0.71,1.35,-0.08,8.54,13.475,6.65,27.0,6.125,1.82
2019-06-10,2.45,-0.345,0.77,-0.185,1.62,1.8,1.85,-0.675,1.45,-0.08,8.5,13.475,6.7,26.0,6.125,1.82
2019-06-11,2.425,-0.345,0.83,-0.215,1.63,1.77,1.775,-0.715,1.37,-0.09,8.5,13.475,6.7,26.0,6.15,1.82
2019-06-12,2.43,-0.355,0.77,-0.24,1.52,1.79,1.765,-0.705,1.45,-0.09,8.505,13.475,6.7,26.0,6.2,1.81
2019-06-13,2.42,-0.345,0.77,-0.21,1.4,1.78,1.755,-0.7125,1.46,-0.09,8.513,13.475,6.7,26.0,6.3,1.81
2019-06-14,2.4,-0.385,0.77,-0.215,1.4,1.75,1.795,-0.7075,1.425,-0.09,8.51,13.475,6.7,26.0,6.325,1.81
2019-06-17,2.41,-0.345,0.77,-0.24,1.3,1.78,1.785,-0.725,1.45,-0.08,8.51,13.475,6.7,26.0,6.35,1.8
2019-06-18,2.39,-0.355,0.77,-0.21,1.25,1.78,1.755,-0.705,1.365,-0.08,8.51,13.475,6.7,26.0,6.35,1.8
2019-06-19,2.385,-0.36,0.77,-0.255,1.35,1.79,1.755,-0.675,1.43,-0.1,8.5,13.475,6.7,25.0,6.3,1.8
2019-06-20,2.34,-0.36,0.79,-0.225,1.35,1.7,1.715,-0.7275,1.47,-0.115,8.5,13.475,6.7,25.0,6.25,1.8
2019-06-21,2.345,-0.36,0.79,-0.205,1.3,1.7,1.745,-0.7075,1.415,-0.09,8.51,13.475,6.7,24.0,6.275,1.8
2019-06-24,2.345,-0.36,0.79,-0.235,1.3,1.71,1.725,-0.7075,1.405,-0.08,8.47,13.475,6.7,24.0,6.325,1.79
2019-06-25,2.305,-0.3825,0.79,-0.23,1.185,1.72,1.735,-0.705,1.395,-0.08,8.475,13.475,6.7,24.0,6.425,1.79
2019-06-26,2.31,-0.37,0.79,-0.225,1.25,1.76,1.755,-0.73,1.395,-0.05,8.48,13.475,6.7,24.0,6.4,1.78
2019-06-27,2.31,-0.37,0.785,-0.24,1.27,1.72,1.735,-0.74,1.375,-0.07,8.465,13.475,6.7,24.0,6.425,1.78
2019-06-28,2.31,-0.385,0.79,-0.245,1.165,1.72,1.775,-0.745,1.375,-0.07,8.455,13.475,6.7,24.0,6.45,1.78
2019-07-01,2.32,-0.3775,0.79,-0.24,1.25,1.69,1.775,-0.745,1.39,-0.065,8.45,13.475,6.7,24.0,6.475,1.78
2019-07-02,2.32,-0.38,0.79,-0.18,1.2,1.66,1.765,-0.725,1.39,-0.085,8.445,13.475,6.7,23.0,6.475,1.78
2019-07-03,2.32,-0.38,0.79,-0.255,1.2,1.67,1.775,-0.725,1.395,-0.105,8.44,13.475,6.7,22.0,6.525,1.78
2019-07-04,2.32,-0.38,0.79,-0.18,1.3,1.67,1.755,-0.675,1.445,-0.12,8.44,13.475,6.6,22.0,6.475,1.78
2019-07-05,2.32,-0.38,0.795,-0.255,1.095,1.67,1.765,-0.675,1.415,-0.1,8.45,13.475,6.6,22.0,6.45,1.78
2019-07-08,2.34,-0.38,0.74,-0.185,1.2,1.71,1.805,-0.675,1.415,-0.095,8.455,13.475,6.6,22.0,6.45,1.78
2019-07-09,2.34,-0.38,0.79,-0.235,1.25,1.71,1.85,-0.675,1.395,-0.09,8.465,13.475,6.6,22.0,6.4,1.78
2019-07-10,2.3,-0.38,0.79,-0.235,1.2,1.7,1.85,-0.675,1.41,-0.135,8.463,13.475,6.6,22.0,6.3,1.78
2019-07-11,2.3,-0.4,0.775,-0.195,1.235,1.69,1.85,-0.675,1.425,-0.14,8.45,13.475,6.6,22.0,6.25,1.78
2019-07-12,2.32,-0.4,0.79,-0.28,1.25,1.71,1.85,-0.675,1.435,-0.125,8.43,13.475,6.6,22.0,6.275,1.78
2019-07-15,2.32,-0.405,0.79,-0.2,1.25,1.7,1.85,-0.675,1.43,-0.125,8.43,13.475,6.6,22.0,6.275,1.78
2019-07-16,2.3,-0.405,0.79,-0.185,1.25,1.7,1.85,-0.675,1.54,-0.145,8.435,13.475,6.6,22.0,6.175,1.78
2019-07-17,2.3,-0.415,0.77,-0.235,1.25,1.71,1.85,-0.675,1.46,-0.145,8.43,13.475,6.6,21.0,6.125,1.73
2019-07-18,2.26,-0.415,0.77,-0.19,1.29,1.73,1.85,-0.675,1.425,-0.145,8.405,13.475,6.6,20.0,6.125,1.61
2019-07-19,2.28,-0.415,0.77,-0.21,1.26,1.73,1.85,-0.675,1.455,-0.175,8.35,13.475,6.6,20.0,6.075,1.59
2019-07-22,2.28,-0.415,0.76,-0.205,1.25,1.72,1.85,-0.675,1.5,-0.135,8.36,13.475,6.6,19.0,6.1,1.59
2019-07-23,2.28,-0.415,0.76,-0.18,1.15,1.7,1.85,-0.675,1.5,-0.115,8.375,13.475,6.6,19.0,6.2,1.59
2019-07-24,2.28,-0.415,0.76,-0.235,1.25,1.75,1.85,-0.675,1.525,-0.115,8.385,13.475,6.6,19.0,6.25,1.56
2019-07-25,2.28,-0.415,0.76,-0.22,1.31,1.71,1.825,-0.71,1.53,-0.13,8.395,13.475,6.6,17.0,6.275,1.54
2019-07-26,2.28,-0.415,0.76,-0.21,1.2,1.7,1.85,-0.675,1.52,-0.13,8.398,13.475,6.6,19.0,6.275,1.53
2019-07-29,2.28,-0.415,0.76,-0.24,1.235,1.72,1.85,-0.675,1.55,-0.105,8.405,13.475,6.6,19.0,6.275,1.53
2019-07-30,2.27,-0.415,0.76,-0.215,1.15,1.73,1.85,-0.675,1.55,-0.065,8.405,13.475,6.6,18.0,6.25,1.52
2019-07-31,2.27,-0.415,0.76,-0.205,1.1,1.73,1.7,-0.7225,1.56,-0.085,8.405,13.475,6.6,18.0,6.275,1.5
2019-08-01,2.27,-0.415,0.78,-0.23,1.1,1.62,1.85,-0.675,1.5,-0.085,8.4,13.475,6.6,18.0,6.25,1.5
2019-08-02,2.24,-0.425,0.8,-0.22,1.065,1.62,1.7,-0.7125,1.495,-0.14,8.345,13.475,6.5,18.0,6.25,1.5
2019-08-05,2.21,-0.43,0.76,-0.22,1.15,1.59,1.7,-0.7125,1.55,-0.1,8.355,13.475,6.5,19.0,6.275,1.5
2019-08-06,2.2,-0.43,0.735,-0.25,1.15,1.57,1.75,-0.815,1.515,-0.11,8.35,13.475,6.5,18.0,5.825,1.49
2019-08-07,2.18,-0.4025,0.73,-0.25,1.15,1.33,1.75,-0.75,1.47,-0.1,8.32,13.475,6.5,18.0,5.825,1.49
2019-08-08,2.19,-0.42,0.725,-0.23,1.14,1.35,1.75,-0.75,1.495,-0.095,8.32,13.475,6.5,18.5,5.825,1.49
2019-08-09,2.19,-0.42,0.725,-0.27,1.15,1.45,1.8,-0.8,1.5,-0.095,8.295,13.475,6.5,17.0,5.85,1.49
2019-08-12,2.19,-0.425,0.725,-0.275,1.15,1.35,1.8,-0.8,1.53,-0.1,8.315,13.475,6.5,17.0,5.85,1.49
2019-08-13,2.19,-0.425,0.725,-0.24,1.1,1.34,1.8,-0.8,1.54,-0.1,8.32,13.475,6.5,17.0,5.9,1.49
2019-08-14,2.15,-0.445,0.725,-0.245,1.12,1.37,1.8,-0.83,1.53,-0.065,8.31,13.475,6.5,17.0,5.9,1.49
2019-08-15,2.15,-0.425,0.725,-0.26,1.14,1.37,1.8,-0.815,1.48,-0.065,8.235,13.475,6.5,17.0,5.9,1.49
2019-08-16,2.14,-0.415,0.725,-0.23,1.15,1.36,1.8,-0.83,1.475,-0.095,8.19,13.475,6.5,17.0,5.925,1.49
2019-08-19,2.2,-0.425,0.725,-0.22,1.13,1.35,1.8,-0.8,1.45,-0.095,8.215,13.475,6.5,17.0,5.9,1.49
2019-08-20,2.14,-0.425,0.725,-0.22,1.15,1.32,1.8,-0.81,1.44,-0.095,8.215,13.475,6.5,17.0,5.95,1.49
2019-08-21,2.15,-0.37,0.725,-0.225,1.15,1.3,1.8,-0.825,1.48,-0.095,8.205,13.475,6.5,17.0,6.0,1.49
2019-08-22,2.2,-0.4225,0.725,-0.23,1.2,1.33,1.8,-0.815,1.49,-0.08,8.185,13.475,6.5,17.0,5.525,1.49
2019-08-23,2.18,-0.4225,0.775,-0.22,1.15,1.36,1.8,-0.815,1.51,-0.065,8.18,13.475,6.5,17.0,5.55,1.49
2019-08-26,2.11,-0.44,0.725,-0.215,1.1,1.36,1.8,-0.815,1.585,-0.045,8.19,13.475,6.5,17.0,5.575,1.49
2019-08-27,2.13,-0.445,0.725,-0.215,1.095,1.35,1.8,-0.825,1.51,-0.045,8.185,13.475,6.5,17.0,5.525,1.49
2019-08-28,2.13,-0.45,0.765,-0.25,1.095,1.38,1.805,-0.835,1.505,-0.045,8.175,13.475,6.5,17.0,5.5,1.49
2019-08-29,2.13,-0.45,0.765,-0.245,1.12,1.34,1.8,-0.81,1.535,-0.045,8.17,13.475,6.5,17.0,5.55,1.49
2019-08-30,2.13,-0.455,0.765,-0.235,1.115,1.33,1.795,-0.8,1.56,-0.045,8.11,13.475,6.5,17.0,5.55,1.49
2019-09-02,2.13,-0.455,0.765,-0.195,1.1,1.38,1.825,-0.835,1.66,-0.025,8.115,13.475,6.5,17.0,5.55,1.49
2019-09-03,2.13,-0.465,0.765,-0.23,1.14,1.4,1.855,-0.8,1.62,-0.025,8.105,13.475,6.5,17.0,5.55,1.49
2019-09-04,2.13,-0.4425,0.765,-0.245,1.1,1.35,1.795,-0.825,1.58,-0.025,8.088,13.475,6.5,17.0,5.5,1.5
2019-09-05,2.115,-0.445,0.765,-0.24,1.145,1.35,1.795,-0.81,1.58,-0.055,8.1,13.475,6.5,17.0,5.525,1.53
2019-09-06,2.13,-0.44,0.725,-0.215,1.14,1.33,1.815,-0.81,1.6,-0.075,8.07,13.475,6.5,17.0,5.5,1.54
2019-09-09,2.13,-0.4625,0.775,-0.215,1.13,1.36,1.835,-0.835,1.66,-0.085,8.065,13.475,6.5,17.0,5.5,1.54
2019-09-10,2.13,-0.4275,0.775,-0.22,1.14,1.37,1.835,-0.825,1.64,-0.075,8.065,13.475,6.5,17.0,5.5,1.54
2019-09-11,2.13,-0.445,0.775,-0.22,1.235,1.35,1.815,-0.8,1.62,-0.075,8.055,13.475,6.5,17.0,5.525,1.54
2019-09-12,2.165,-0.4375,0.785,-0.235,1.19,1.35,1.805,-0.8,1.505,-0.115,8.05,13.475,6.4,17.0,5.5,1.54
2019-09-13,2.12,-0.415,0.785,-0.245,1.055,1.24,1.725,-0.8,1.495,-0.135,8.025,13.475,6.4,17.0,5.525,1.54
2019-09-16,2.18,-0.43,0.785,-0.265,1.1,1.31,1.735,-0.84,1.56,-0.115,8.03,13.475,6.4,17.0,5.525,1.54
2019-09-17,2.21,-0.4375,0.785,-0.285,1.1,1.34,1.745,-0.78,1.455,-0.115,8.01,13.475,6.4,17.0,5.525,1.54
2019-09-18,2.17,-0.435,0.775,-0.295,1.1,1.29,1.705,-0.8,1.495,-0.115,8.0,13.475,6.4,17.0,5.525,1.54
2019-09-19,2.17,-0.4575,0.775,-0.25,1.0,1.29,1.675,-0.8025,1.605,-0.115,7.98,13.475,6.4,17.0,5.575,1.55
2019-09-20,2.17,-0.445,0.775,-0.65,1.08,1.21,1.635,-0.8,1.63,-0.115,7.915,13.475,6.4,17.0,5.625,1.55
2019-09-23,2.15,-0.435,0.775,-0.65,1.0,1.21,1.615,-0.75,1.61,-0.11,7.895,13.475,6.4,17.0,5.75,1.55
2019-09-24,2.15,-0.445,0.775,-0.65,1.09,1.28,1.655,-0.75,1.635,-0.11,7.91,13.475,6.4,17.0,5.775,1.55
2019-09-25,2.12,-0.4325,0.775,-0.65,1.0,1.37,1.655,-0.75,1.645,-0.08,7.905,13.475,6.5,17.0,5.775,1.55
2019-09-26,2.12,-0.445,0.775,-0.2,1.01,1.34,1.685,-0.75,1.68,-0.08,7.885,13.475,6.5,17.0,5.775,1.55
2019-09-27,2.12,-0.4325,0.765,-0.365,0.95,1.53,1.605,-0.75,1.75,-0.08,7.88,13.475,6.5,17.0,5.775,1.55
2019-09-30,2.12,-0.4525,0.805,-0.27,1.0,1.53,1.605,-0.7725,1.74,-0.08,7.895,13.475,6.5,17.0,5.75,1.55
2019-10-01,2.09,-0.4625,0.805,-0.32,0.9,1.53,1.775,-0.7825,1.77,-0.095,7.89,13.475,6.5,17.0,5.75,1.55
2019-10-02,2.06,-0.4625,0.735,-0.36,0.99,1.48,1.775,-0.7825,1.72,-0.115,7.88,13.475,6.5,17.0,5.75,1.55
2019-10-03,2.04,-0.4525,0.735,-0.3,0.9,1.45,1.805,-0.7825,1.78,-0.18,7.87,13.475,6.5,17.0,5.6,1.55
2019-10-04,2.04,-0.4525,0.81,-0.28,0.9,1.4,1.825,-0.78,1.75,-0.125,7.87,13.475,6.5,17.0,5.625,1.55
2019-10-07,2.02,-0.455,0.735,-0.305,0.825,1.31,1.835,-0.79,1.685,-0.185,7.885,13.475,6.5,17.0,5.6,1.55
2019-10-08,2.02,-0.465,0.74,-0.285,0.94,1.34,1.825,-0.78,1.705,-0.155,7.875,13.475,6.5,17.0,5.6,1.55
2019-10-09,1.99,-0.4625,0.74,-0.45,1.02,1.34,1.815,-0.7825,1.695,-0.135,7.865,13.475,6.5,17.0,5.625,1.55
2019-10-10,2.01,-0.4625,0.75,-0.26,0.9,1.36,1.855,-0.7825,1.735,-0.165,7.87,13.475,6.5,17.0,5.625,1.55
2019-10-11,2.01,-0.46,0.815,-0.25,0.9,1.35,1.845,-0.8,1.695,-0.15,7.875,13.475,6.5,17.5,5.6,1.55
2019-10-14,1.98,-0.4275,0.805,-0.24,0.9,1.22,1.785,-0.7825,1.725,-0.16,7.875,13.475,6.5,18.5,5.625,1.55
2019-10-15,1.98,-0.42,0.755,-0.31,0.9,1.21,1.775,-0.7775,1.655,-0.14,7.865,13.475,6.5,18.5,5.6,1.55
2019-10-16,1.98,-0.41,0.795,-0.24,1.035,1.24,1.795,-0.7825,1.67,-0.08,7.86,13.475,6.5,18.5,5.6,1.36
2019-10-17,1.99,-0.41,0.855,-0.275,0.9,1.29,1.805,-0.79,1.66,-0.07,7.835,13.475,6.5,18.5,5.625,1.36
2019-10-18,1.97,-0.41,0.855,-0.4,0.9,1.29,1.775,-0.7725,1.675,-0.115,7.76,13.475,6.5,18.5,5.625,1.36
2019-10-21,1.94,-0.41,0.855,-0.39,1.0,1.3,1.765,-0.79,1.67,-0.115,7.765,13.475,6.5,18.5,5.625,1.36
2019-10-22,1.96,-0.4,0.85,-0.39,1.0,1.33,1.785,-0.7775,1.76,-0.125,7.77,13.475,6.5,17.5,5.6,1.36
2019-10-23,2.1209,-0.4,0.855,-0.19,1.085,1.32,1.815,-0.7825,1.735,-0.08,7.765,13.475,6.5,17.0,5.625,1.36
2019-10-24,2.1325,-0.4,0.855,-0.355,1.0,1.33,1.835,-0.7875,1.76,-0.08,7.72,13.475,6.5,16.0,5.25,1.37
2019-10-25,1.98,-0.4,0.85,-0.19,0.89,1.35,1.845,-0.7775,1.84,-0.04,7.65,13.475,6.5,15.0,5.25,1.37
2019-10-28,2.1282,-0.4,0.82,-0.34,1.0,1.33,1.845,-0.75,1.79,-0.045,7.665,13.475,6.5,15.0,5.25,1.44
2019-10-29,2.1048,-0.4,0.82,-0.24,1.0,1.35,1.845,-0.75,1.785,-0.01,7.66,13.475,6.5,15.0,5.25,1.44
2019-10-30,2.0357,-0.4,0.82,-0.2,1.0,1.31,1.825,-0.75,1.775,0.005,7.66,13.475,6.5,15.0,5.225,1.44
2019-10-31,2.0466,-0.4075,0.82,-0.3,1.0,1.36,1.835,-0.75,1.785,0.04,7.655,13.475,6.5,15.0,5.25,1.44
2019-11-01,1.89,-0.4075,0.825,-0.37,1.0,1.35,1.895,-0.75,1.8,0.045,7.65,13.475,6.5,14.0,5.175,1.44
2019-11-04,1.905,-0.4,0.86,-0.365,0.865,1.34,1.885,-0.7,1.755,0.075,7.65,13.475,6.5,14.0,5.175,1.46
2019-11-05,1.855,-0.4275,0.86,-0.205,0.95,1.28,1.895,-0.7,1.705,0.04,7.65,13.475,6.5,14.0,5.2,1.49
2019-11-06,1.855,-0.4225,0.86,-0.35,0.95,1.27,1.845,-0.75,1.81,0.02,7.635,13.475,6.5,14.38,5.2,1.5
2019-11-07,1.855,-0.4275,0.765,-0.36,0.95,1.29,1.855,-0.7,1.785,0.03,7.655,13.475,6.5,14.0,5.2,1.52
2019-11-08,2.0203,-0.43,0.76,-0.33,0.95,1.39,1.865,-0.75,1.805,0.03,7.65,13.475,6.5,14.0,5.175,1.52
2019-11-11,1.855,-0.4025,0.76,-0.35,0.95,1.4,1.865,-0.75,1.87,0.035,7.65,13.475,6.5,14.0,5.2,1.53
2019-11-12,1.925,-0.4025,0.76,-0.3,1.075,1.35,1.865,-0.75,1.85,0.035,7.645,13.475,6.5,14.0,5.2,1.53
2019-11-13,2.035,-0.4025,0.76,-0.29,1.055,1.54,1.885,-0.75,1.825,0.045,7.635,13.475,6.5,14.0,5.2,1.53
2019-11-14,1.905,-0.4025,0.76,-0.37,0.95,1.505,1.85,-0.75,1.805,0.045,7.67,13.475,6.5,14.0,5.2,1.53
2019-11-15,1.905,-0.4025,0.805,-0.285,0.89,1.47,1.815,-0.75,1.775,0.025,7.64,13.475,6.5,14.0,5.2,1.53
2019-11-18,1.9755,-0.4025,0.76,-0.29,0.95,1.45,1.815,-0.75,1.785,0.025,7.64,13.475,6.5,14.0,5.225,1.53
2019-11-19,1.9756,-0.4025,0.76,-0.285,0.95,1.45,1.815,-0.7,1.815,0.075,7.66,13.475,6.5,14.0,5.25,1.53
2019-11-20,1.9888,-0.405,0.76,-0.325,0.95,1.48,1.835,-0.6975,1.805,0.075,7.665,13.475,6.5,14.0,5.275,1.53
2019-11-21,1.9832,-0.4025,0.76,-0.285,1.075,1.48,1.855,-0.7,1.85,0.075,7.625,13.475,6.5,14.0,5.325,1.53
2019-11-22,1.994,-0.425,0.845,-0.285,0.95,1.46,1.845,-0.75,1.785,0.055,7.595,13.475,6.5,14.0,5.325,1.53
2019-11-25,1.905,-0.425,0.795,-0.36,1.065,1.45,1.845,-0.6725,1.775,0.055,7.6,13.475,6.5,14.0,5.35,1.53
2019-11-26,1.855,-0.42,0.795,-0.305,1.065,1.43,1.825,-0.7025,1.77,0.045,7.605,13.475,6.5,14.0,5.35,1.53
2019-11-27,1.9,-0.41,0.785,-0.245,0.95,1.41,1.805,-0.75,1.81,0.03,7.585,13.475,6.5,14.0,5.325,1.53
2019-11-28,2.021,-0.4075,0.795,-0.295,0.95,1.43,1.835,-0.75,1.765,0.03,7.585,13.475,6.5,13.5,5.325,1.53
2019-11-29,1.895,-0.41,0.795,-0.29,0.86,1.45,1.825,-0.75,1.765,0.03,7.59,13.475,6.5,13.5,5.325,1.53
2019-12-02,2.0362,-0.4125,0.795,-0.28,1.055,1.45,1.835,-0.75,1.755,0.04,7.605,13.475,6.5,13.5,5.3,1.53
2019-12-03,2.004,-0.41,0.795,-0.27,0.95,1.43,1.805,-0.75,1.745,0.07,7.6,13.475,6.5,13.5,5.075,1.53
2019-12-04,1.9592,-0.4075,0.795,-0.315,1.0,1.38,1.805,-0.7025,1.715,0.06,7.59,13.475,6.5,13.5,5.275,1.53
2019-12-05,1.9519,-0.4075,0.795,-0.31,1.0,1.36,1.795,-0.7,1.78,0.06,7.595,13.475,6.5,13.5,5.125,1.53
2019-12-06,1.955,-0.425,0.795,-0.255,1.0,1.36,1.785,-0.75,1.81,0.025,7.59,13.475,6.5,13.5,5.125,1.53
2019-12-09,2.0011,-0.425,0.795,-0.27,1.0,1.42,1.815,-0.75,1.72,0.015,7.56,13.475,6.5,13.5,5.4,1.53
2019-12-10,2.0276,-0.425,0.795,-0.27,1.0,1.45,1.805,-0.75,1.715,-0.025,7.565,13.475,6.5,13.5,5.125,1.53
2019-12-11,2.0464,-0.405,0.795,-0.25,1.0,1.48,1.825,-0.7,1.735,-0.075,7.555,13.475,6.5,13.5,5.125,1.53
2019-12-12,1.9976,-0.42,0.755,-0.245,1.0,1.45,1.805,-0.7,1.745,-0.065,7.555,13.475,6.5,13.5,5.125,1.53
2019-12-13,1.9952,-0.4125,0.825,-0.215,1.0,1.42,1.825,-0.7025,1.76,-0.065,7.535,13.475,6.5,13.5,5.35,1.53
2019-12-16,1.89,-0.4075,0.815,-0.16,1.0,1.44,1.815,-0.67,1.87,-0.045,7.535,13.475,6.5,13.5,5.2,1.53
2019-12-17,1.89,-0.425,0.815,-0.175,1.0,1.45,1.815,-0.6475,1.87,-0.045,7.535,13.475,6.5,13.5,5.125,1.53
2019-12-18,1.925,-0.4075,0.805,-0.23,1.0,1.46,1.815,-0.75,1.795,-0.045,7.535,13.475,6.5,13.5,5.125,1.53
2019-12-19,1.93,-0.4125,0.805,-0.055,1.0,1.44,1.825,-0.6525,1.795,-0.015,7.55,13.475,6.5,13.5,5.125,1.53
2019-12-20,1.855,-0.4075,0.765,-0.155,1.0,1.48,1.795,-0.75,1.795,-0.015,7.48,13.475,6.5,13.5,5.125,1.53
2019-12-23,1.89,-0.42,0.765,-0.04,1.0,1.49,1.745,-0.65,1.775,0.075,7.465,13.475,6.5,13.5,5.075,1.53
2019-12-24,1.91,-0.425,0.765,-0.075,1.145,1.49,1.705,-0.75,1.86,0.085,7.465,13.475,6.5,13.5,5.125,1.53
2019-12-25,1.95,-0.425,0.765,-0.115,1.0,1.4,1.8,-0.75,1.86,0.085,7.465,13.475,6.5,13.5,5.125,1.53
2019-12-26,1.92,-0.425,0.765,-0.115,1.0,1.4,1.86,-0.75,1.86,0.085,7.455,13.475,6.5,13.5,5.175,1.53
2019-12-27,1.9,-0.42,0.765,-0.035,0.945,1.43,1.685,-0.75,1.7,0.11,7.465,13.475,6.5,13.5,5.2,1.53
2019-12-30,1.86,-0.46,0.765,-0.23,1.015,1.29,1.765,-0.75,1.665,0.11,7.47,13.475,6.5,13.5,5.175,1.53
2019-12-31,1.855,-0.42,0.765,-0.115,1.0,1.27,1.7,-0.75,1.73,0.11,7.47,13.475,6.5,13.5,5.075,1.53
