Date,SPX INDEX,NKY INDEX,UKX INDEX,SX5E INDEX,AS51 INDEX,MEXBOL INDEX,IBOV INDEX,KOSPI INDEX,HSI INDEX
2005-10-05,1196.39,13689.89,5427.8,3418.84,4543.507,15720.35,30163.52,1227.4,15161.03
2005-10-06,1191.49,13359.51,5372.4,3384.15,4447.305,15247.6,29227.4,1202.49,14839.3
2005-10-07,1195.9,13227.74,5362.3,3374.1,4440.6,15447.59,29972.99,1201.01,14847.79
2005-10-10,1187.33,13227.74,5374.5,3381.17,4469.061,15466.41,30277.22,1227.18,14898.77
2005-10-11,1184.87,13556.71,5380.7,3387.46,4428.841,15445.37,30614.23,1244.27,14898.77
2005-10-12,1177.68,13463.74,5342.2,3359.85,4468.215,15103.16,30614.23,1217.06,14575.02
2005-10-13,1176.84,13449.24,5265.2,3331.42,4431.008,14924.73,29880.04,1193.44,14621.83
2005-10-14,1186.57,13420.54,5275.0,3349.58,4406.113,14892.88,29770.22,1190.17,14485.88
2005-10-17,1190.1,13400.29,5286.5,3356.77,4425.272,15282.73,30241.61,1176.36,14541.35
2005-10-18,1178.14,13352.24,5263.9,3334.79,4459.274,15084.84,29067.91,1186.22,14597.4
2005-10-19,1195.76,13129.49,5167.8,3279.61,4377.17,15111.95,29297.11,1153.13,14372.76
2005-10-20,1177.8,13190.46,5164.1,3284.78,4380.053,14821.1,28344.08,1162.23,14408.94
2005-10-21,1179.59,13199.95,5142.1,3271.05,4364.322,14903.36,29175.79,1183.48,14487.85
2005-10-24,1199.38,13106.18,5207.6,3310.13,4357.239,15356.32,29834.99,1184.6,14402.35
2005-10-25,1196.54,13280.62,5182.1,3292.52,4390.829,15367.87,29498.03,1181.28,14424.88
2005-10-26,1191.38,13395.02,5227.8,3304.27,4443.38,15666.22,29729.97,1179.0,14458.14
2005-10-27,1178.9,13417.08,5182.8,3241.14,4433.015,15437.63,29132.52,1166.36,14381.06
2005-10-28,1198.41,13346.54,5213.4,3245.98,4383.007,15579.68,29318.18,1140.72,14215.83
2005-10-31,1207.01,13606.5,5317.3,3320.15,4459.666,15759.73,30193.51,1158.11,14386.37
2005-11-01,1202.76,13867.86,5344.3,3312.45,4474.668,15922.52,30899.71,1188.95,14572.26
2005-11-02,1214.76,13894.78,5358.6,3320.62,4456.348,15896.48,30899.71,1208.38,14597.48
2005-11-03,1219.94,13894.78,5431.9,3361.64,4513.664,15798.04,31099.97,1217.97,14601.59
2005-11-04,1220.14,14075.96,5423.6,3355.28,4519.531,15900.53,30887.5,1221.98,14585.79
2005-11-07,1222.81,14061.6,5460.8,3362.83,4512.455,15944.15,30952.24,1218.47,14365.79
2005-11-08,1218.59,14036.73,5460.9,3361.75,4554.464,15930.71,30970.6,1226.71,14403.2
2005-11-09,1220.65,14072.2,5439.8,3355.77,4526.143,15981.18,30666.07,1227.59,14597.55
2005-11-10,1230.96,14080.88,5423.5,3361.05,4543.743,16153.08,30724.6,1234.43,14633.33
2005-11-11,1234.71,14155.06,5465.1,3406.23,4574.261,16137.07,30510.89,1256.12,14740.6
2005-11-14,1233.76,14116.04,5470.0,3412.19,4608.443,16293.53,30218.88,1257.63,14629.49
2005-11-15,1229.01,14091.77,5439.6,3413.96,4603.151,16193.58,30218.88,1253.86,14627.41
2005-11-16,1231.21,14170.87,5430.0,3391.59,4621.106,16310.68,30482.12,1267.16,14650.54
2005-11-17,1242.8,14411.79,5460.0,3404.12,4629.133,16455.39,31087.0,1269.35,14787.98
2005-11-18,1248.27,14623.12,5498.9,3427.18,4671.102,16545.44,31102.37,1272.25,14883.32
2005-11-21,1254.85,14680.43,5497.9,3450.01,4654.181,16767.07,31110.07,1268.8,14885.57
2005-11-22,1261.23,14708.32,5517.2,3450.51,4622.945,16866.84,31489.01,1244.5,14885.65
2005-11-23,1265.61,14708.32,5531.7,3471.43,4616.619,16713.91,31942.56,1282.02,15062.35
2005-11-24,1265.61,14742.58,5511.0,3459.15,4652.329,16750.44,31944.73,1291.71,15084.39
2005-11-25,1268.25,14784.29,5523.8,3466.08,4648.768,16879.37,31919.66,1293.22,15081.47
2005-11-28,1257.46,14986.94,5477.4,3453.11,4665.315,16836.11,31357.55,1293.74,15100.0
2005-11-29,1257.48,14927.7,5491.0,3463.67,4639.048,16694.95,31651.55,1279.38,15028.76
2005-11-30,1249.48,14872.15,5423.2,3447.07,4634.806,16830.96,31916.76,1297.44,14937.14
2005-12-01,1264.67,15130.5,5486.1,3501.54,4580.123,17133.83,32617.18,1305.98,15068.03
2005-12-02,1265.08,15421.6,5528.1,3519.66,4623.479,17150.99,32832.45,1310.12,15200.38
2005-12-05,1262.09,15551.31,5510.4,3499.4,4624.592,17271.06,32701.17,1315.15,15158.82
2005-12-06,1263.7,15423.38,5538.8,3516.84,4616.034,17424.43,33223.42,1321.06,14990.61
2005-12-07,1257.37,15484.66,5528.8,3505.34,4623.852,17244.19,32756.79,1324.75,15134.95
2005-12-08,1255.84,15183.36,5531.1,3510.38,4577.998,17211.02,32480.04,1324.2,14879.16
2005-12-09,1259.37,15404.05,5517.4,3500.8,4580.082,17554.48,32921.76,1317.42,14910.51
2005-12-12,1260.43,15738.7,5501.5,3514.07,4611.87,17554.48,32970.6,1333.23,14984.4
2005-12-13,1267.43,15778.86,5507.2,3528.34,4587.127,17819.68,33419.65,1336.48,14942.62
2005-12-14,1272.74,15464.58,5521.1,3519.12,4617.9,18054.03,33629.47,1334.27,14976.26
2005-12-15,1270.94,15254.44,5495.3,3522.3,4627.861,17922.47,33193.27,1337.68,15059.02
2005-12-16,1267.32,15173.07,5531.6,3556.76,4644.03,17737.59,33291.82,1321.04,15029.81
2005-12-19,1259.92,15391.48,5539.8,3551.1,4655.424,17666.41,33005.27,1339.4,15182.89
2005-12-20,1259.62,15641.26,5547.9,3561.11,4672.254,17680.95,33066.53,1341.0,15169.17
2005-12-21,1262.8,15957.57,5587.4,3591.94,4718.176,17781.51,33517.05,1354.16,15221.42
2005-12-22,1268.12,15941.37,5597.0,3591.02,4707.789,17768.9,33512.86,1350.87,15182.53
2005-12-23,1268.66,15941.37,5595.4,3599.47,4727.739,17802.28,33331.26,1359.53,15183.58
2005-12-26,1268.66,16107.67,5595.4,3599.47,4727.739,17776.88,33297.52,1367.57,15183.58
2005-12-27,1256.54,15969.4,5595.4,3612.21,4727.739,17832.64,33370.73,1373.55,15183.58
2005-12-28,1258.17,16194.61,5622.8,3605.12,4755.603,17690.7,33138.48,1368.16,15101.54
2005-12-29,1254.42,16344.2,5638.3,3616.33,4772.5,17832.8,33455.94,1379.37,15045.59
2005-12-30,1248.29,16111.43,5618.8,3578.93,4763.367,17802.71,33455.94,1379.37,14876.43
2006-01-02,1248.29,16111.43,5618.8,3604.33,4763.367,17925.7,33507.27,1389.27,14876.43
2006-01-03,1268.8,16111.43,5681.5,3614.34,4775.994,18500.69,34540.58,1394.87,14944.77
2006-01-04,1273.46,16361.54,5714.6,3652.46,4820.275,18669.23,35002.37,1402.11,15200.06
2006-01-05,1273.48,16425.37,5691.2,3650.24,4813.657,18608.34,34936.11,1395.51,15271.13
2006-01-06,1285.45,16428.21,5731.8,3666.99,4791.061,18736.78,35475.02,1412.78,15344.44
2006-01-09,1290.15,16428.21,5731.5,3671.78,4831.519,18998.83,35337.33,1408.33,15547.43
2006-01-10,1289.69,16124.35,5688.8,3644.94,4816.71,18912.38,35049.42,1396.29,15569.91
2006-01-11,1294.18,16363.59,5731.5,3668.61,4838.129,19160.44,35952.24,1394.09,15650.88
2006-01-12,1286.06,16445.19,5735.1,3670.2,4836.907,18925.01,35779.3,1402.58,15719.37
2006-01-13,1287.61,16454.95,5711.0,3629.25,4836.742,18889.2,35897.12,1416.28,15787.97
2006-01-16,1287.61,16268.03,5740.2,3644.41,4836.361,18958.29,36533.68,1421.79,15777.72
2006-01-17,1282.93,15805.95,5699.0,3610.07,4866.11,18489.63,36119.37,1389.58,15576.2
2006-01-18,1277.93,15341.18,5663.7,3570.17,4786.88,18265.96,35805.19,1352.91,15481.21
2006-01-19,1285.04,15696.28,5693.2,3593.22,4840.928,18521.45,36858.19,1360.64,15670.42
2006-01-20,1261.48,15696.69,5672.4,3550.8,4854.441,18346.23,36694.65,1324.78,15662.08
2006-01-23,1263.83,15360.65,5660.9,3544.31,4812.072,18447.11,36631.75,1297.43,15464.77
2006-01-24,1266.86,15648.89,5633.8,3532.68,4824.793,18875.41,37399.67,1326.83,15530.57
2006-01-25,1264.68,15651.0,5704.4,3578.0,4861.352,18866.37,37399.67,1342.59,15520.39
2006-01-26,1273.83,15891.02,5722.6,3641.42,4861.352,19216.75,38014.36,1352.75,15520.07
2006-01-27,1283.72,16460.68,5786.8,3685.48,4919.284,18956.5,37822.22,1384.56,15753.14
2006-01-30,1285.2,16551.23,5779.8,3677.52,4943.421,18849.24,38242.04,1384.56,15753.14
2006-01-31,1280.09,16649.82,5760.3,3691.41,4929.559,18907.1,38382.8,1399.83,15753.14
2006-02-01,1282.46,16480.09,5801.6,3728.34,4956.735,19162.38,38484.84,1375.97,15742.3
2006-02-02,1270.84,16710.55,5747.3,3677.05,4905.081,19060.38,37304.19,1374.44,15691.69
2006-02-03,1264.03,16659.64,5759.3,3678.48,4883.778,18862.18,37261.73,1333.5,15429.73
2006-02-06,1265.02,16747.76,5772.4,3682.32,4915.591,18862.18,37321.2,1341.64,15548.06
2006-02-07,1254.78,16720.99,5746.8,3680.8,4905.363,18665.06,36561.7,1332.28,15517.01
2006-02-08,1265.65,16272.68,5725.1,3671.37,4831.446,18410.24,36499.41,1310.99,15373.44
2006-02-09,1263.78,16439.67,5808.7,3726.81,4877.603,18518.33,36882.31,1321.66,15413.43
2006-02-10,1266.99,16257.83,5764.1,3695.63,4871.464,18298.58,36975.27,1335.23,15425.95
2006-02-13,1262.86,15877.66,5793.5,3727.46,4817.091,17883.63,36113.95,1320.79,15312.09
2006-02-14,1275.53,16184.87,5792.3,3734.48,4864.164,18023.01,36626.88,1328.21,15420.32
2006-02-15,1280.0,15932.83,5791.5,3729.79,4835.01,18169.16,37239.3,1303.84,15423.26
2006-02-16,1289.38,16043.67,5828.9,3756.47,4820.594,18457.24,38256.39,1314.32,15450.88
2006-02-17,1287.24,15713.45,5846.2,3767.7,4799.949,18480.78,38421.83,1332.73,15475.69
2006-02-20,1287.24,15437.93,5863.0,3766.74,4835.51,18542.58,38539.18,1348.25,15598.67
2006-02-21,1283.03,15894.94,5857.7,3779.51,4879.108,18497.38,38165.97,1346.49,15627.24
2006-02-22,1292.67,15781.78,5872.4,3818.48,4886.748,18780.46,38246.4,1340.58,15635.72
2006-02-23,1287.79,16096.1,5836.0,3813.29,4913.243,19117.72,38405.48,1361.23,15812.53
2006-02-24,1289.43,16101.91,5860.5,3826.0,4893.419,19100.89,38610.39,1365.82,15856.05
2006-02-27,1294.12,16192.95,5875.9,3840.56,4924.095,18854.67,38610.39,1374.88,15949.89
2006-02-28,1280.66,16205.43,5791.5,3774.51,4921.347,18706.32,38610.39,1371.59,15918.48
2006-03-01,1291.24,15964.46,5844.1,3806.03,4850.614,19058.74,39177.87,1371.59,15818.09
2006-03-02,1289.14,15909.76,5833.0,3763.73,4903.836,19102.33,39125.84,1367.7,15882.45
2006-03-03,1287.23,15663.34,5858.7,3733.95,4898.541,19189.25,39239.75,1328.95,15802.0
2006-03-06,1278.26,15901.16,5897.8,3754.07,4903.87,18991.46,38353.98,1344.76,15811.83
2006-03-07,1275.88,15726.02,5857.4,3745.2,4879.667,18551.07,37422.58,1316.67,15602.36
2006-03-08,1278.47,15627.49,5812.9,3727.96,4872.962,18398.82,37289.08,1314.05,15493.09
2006-03-09,1272.23,16036.91,5855.9,3757.73,4894.402,18310.57,36312.27,1311.21,15510.13
2006-03-10,1281.58,16115.63,5907.9,3798.46,4888.119,18420.17,36890.69,1320.07,15445.05
2006-03-13,1284.13,16361.51,5952.8,3824.97,4951.279,18706.19,36792.98,1338.28,15542.07
2006-03-14,1297.48,16238.36,5950.6,3833.48,4932.177,18941.04,37541.49,1326.3,15519.76
2006-03-15,1303.02,16319.04,5965.1,3842.16,4946.292,18999.64,38243.99,1333.98,15720.36
2006-03-16,1305.33,16096.21,5993.2,3839.71,4977.937,19166.43,38156.64,1335.98,15729.04
2006-03-17,1307.25,16339.73,5999.4,3832.43,4971.707,19344.05,38049.17,1341.12,15801.66
2006-03-20,1305.08,16624.8,5991.7,3842.1,5000.39,19581.12,38203.53,1346.69,15929.95
2006-03-21,1297.23,16624.8,5991.3,3848.17,4991.277,19581.12,37398.01,1336.65,15922.75
2006-03-22,1305.04,16495.48,6007.5,3868.48,5013.383,19598.11,37850.59,1309.83,15642.81
2006-03-23,1301.67,16489.37,5990.1,3860.13,5035.263,19255.87,37473.85,1312.26,15771.17
2006-03-24,1302.95,16560.87,6036.3,3870.89,5040.089,19339.3,37577.05,1321.23,15716.46
2006-03-27,1301.61,16650.1,5972.2,3827.93,5088.12,19226.32,37641.06,1330.34,15815.87
2006-03-28,1293.22,16690.24,5935.7,3811.22,5085.758,18929.98,36682.21,1331.31,15856.58
2006-03-29,1302.89,16938.41,5959.2,3826.3,5090.478,19132.34,37491.57,1332.72,15745.11
2006-03-30,1300.25,17045.34,6015.2,3874.61,5114.977,19214.0,37776.76,1338.14,15880.69
2006-03-31,1294.83,17059.66,5964.6,3853.74,5129.708,19272.63,37951.97,1359.6,15805.04
2006-04-03,1297.81,17333.31,6024.3,3878.64,5180.522,19634.21,38717.07,1379.75,16063.75
2006-04-04,1305.94,17292.91,6004.7,3850.11,5162.539,19764.08,38802.26,1385.64,16100.09
2006-04-05,1311.56,17243.98,6044.1,3863.92,5207.046,19930.63,39053.2,1388.77,16100.09
2006-04-06,1309.04,17489.33,6045.7,3861.29,5238.906,19869.71,39285.04,1397.0,16411.13
2006-04-07,1295.5,17563.37,6026.1,3823.11,5232.87,19472.36,38926.49,1402.36,16471.78
2006-04-10,1296.61,17456.58,6067.0,3843.52,5192.279,19548.35,38474.73,1398.29,16521.59
2006-04-11,1286.58,17418.13,6016.5,3788.81,5233.491,19465.15,37901.19,1386.08,16475.81
2006-04-12,1288.13,17162.55,6000.8,3776.94,5183.694,19322.62,38427.41,1383.59,16310.76
2006-04-13,1289.12,17199.15,6029.4,3779.94,5175.705,19322.62,38082.13,1405.72,16429.45
2006-04-14,1289.12,17233.82,6029.4,3779.94,5175.705,19322.62,38082.13,1432.72,16429.45
2006-04-17,1285.33,17000.36,6029.4,3779.94,5175.705,19632.34,38462.48,1422.63,16429.45
2006-04-18,1307.65,17232.86,6044.1,3770.79,5248.606,19820.07,39572.47,1427.0,16637.53
2006-04-19,1309.93,17350.12,6089.8,3820.96,5283.878,19933.09,39937.74,1437.84,16830.44
2006-04-20,1311.46,17317.53,6081.4,3860.0,5276.865,19979.54,39774.59,1434.15,16944.34
2006-04-21,1311.28,17403.96,6132.7,3888.46,5250.12,20174.64,39774.59,1451.31,16912.15
2006-04-24,1308.11,16914.4,6098.7,3862.27,5269.809,20198.71,39751.3,1430.94,16705.67
2006-04-25,1301.74,16970.29,6086.6,3871.09,5269.809,20360.61,39738.07,1431.15,16577.77
2006-04-26,1305.41,17055.93,6104.3,3887.0,5327.21,20566.91,40410.06,1451.22,16672.66
2006-04-27,1309.72,17114.54,6060.0,3865.42,5300.169,20390.62,39751.44,1452.53,16742.85
2006-04-28,1310.61,16906.23,6023.1,3839.9,5258.803,20646.19,40363.42,1419.73,16661.3
2006-05-01,1305.19,16925.71,6023.1,3839.9,5310.366,20646.19,40363.42,1419.73,16661.3
2006-05-02,1313.21,17153.77,6082.1,3862.24,5273.076,21079.87,41016.58,1434.9,16868.04
2006-05-03,1307.85,17153.77,6010.0,3821.97,5273.516,21159.16,40919.76,1435.17,17026.98
2006-05-04,1312.25,17153.77,6036.9,3843.08,5189.15,21293.66,40975.78,1441.02,17013.93
2006-05-05,1325.76,17153.77,6091.7,3874.32,5255.391,21237.45,41417.27,1441.02,17013.93
2006-05-08,1324.66,17291.67,6067.1,3877.53,5323.96,21608.67,41515.49,1452.23,17301.79
2006-05-09,1325.14,17190.91,6105.6,3890.94,5325.774,21822.93,41979.29,1450.44,17133.99
2006-05-10,1322.85,16951.93,6083.4,3863.56,5352.167,21781.07,41751.5,1451.09,17080.59
2006-05-11,1305.92,16862.14,6042.0,3837.86,5364.502,21435.27,40847.07,1464.7,17140.78
2006-05-12,1291.24,16601.78,5912.1,3750.44,5329.476,21154.9,40211.97,1445.2,16901.85
2006-05-15,1294.5,16486.91,5841.3,3711.16,5234.096,20722.13,39271.45,1413.98,16494.84
2006-05-16,1292.08,16158.42,5846.2,3730.36,5217.403,20851.06,39416.44,1382.11,16393.11
2006-05-17,1270.32,16307.67,5675.5,3605.19,5217.528,20261.86,38290.68,1401.47,16615.55
2006-05-18,1261.81,16087.18,5671.6,3606.33,5119.275,20217.02,37807.15,1365.15,16266.52
2006-05-19,1267.03,16155.45,5657.4,3625.25,5100.873,20182.14,37732.86,1372.29,16313.36
2006-05-22,1262.07,15857.87,5532.7,3539.77,5030.777,19369.29,36496.92,1338.59,15805.52
2006-05-23,1256.58,15599.2,5678.7,3620.28,5013.818,19084.83,36110.0,1329.86,15864.56
2006-05-24,1258.57,15907.2,5587.1,3574.86,5037.724,18805.57,35791.96,1333.38,15822.64
2006-05-25,1272.88,15693.75,5677.7,3635.0,4976.773,19405.71,37568.66,1295.76,15696.89
2006-05-26,1280.16,15970.76,5791.0,3699.8,5053.748,19585.21,38629.71,1322.43,15895.1
2006-05-29,1280.16,15915.68,5791.0,3679.57,5109.473,19500.54,38145.15,1329.22,15963.77
2006-05-30,1259.84,15859.45,5652.0,3590.91,5105.405,18841.34,36412.51,1317.7,15857.89
2006-05-31,1270.09,15467.33,5723.8,3637.17,5001.671,18677.92,36530.04,1317.7,15857.89
2006-06-01,1285.71,15503.74,5749.7,3648.33,5060.576,19128.63,37748.3,1295.09,15645.27
2006-06-02,1288.22,15789.31,5764.6,3636.89,5077.234,19421.73,37942.18,1309.04,15912.71
2006-06-05,1265.29,15668.31,5762.1,3604.33,5120.022,18954.92,36739.86,1301.62,16016.23
2006-06-06,1263.85,15384.86,5669.8,3529.1,5036.118,18798.28,36557.8,1301.62,15973.11
2006-06-07,1256.15,15096.01,5706.3,3562.36,5025.55,18413.44,35264.0,1266.84,15816.55
2006-06-08,1257.93,14633.03,5562.9,3462.37,4907.211,18257.64,35437.78,1223.13,15450.11
2006-06-09,1252.3,14750.84,5655.2,3520.99,4966.002,17748.74,35074.63,1235.65,15628.69
2006-06-12,1236.4,14833.01,5620.9,3480.76,4966.002,16986.27,33554.52,1239.84,15621.44
2006-06-13,1223.69,14218.6,5519.6,3408.02,4838.917,16653.15,32847.61,1203.86,15234.42
2006-06-14,1230.04,14309.56,5506.8,3414.21,4850.823,16802.1,32941.46,1221.73,15247.92
2006-06-15,1256.16,14470.76,5619.3,3493.25,4869.663,17932.33,32941.46,1219.4,15435.08
2006-06-16,1251.54,14879.34,5597.4,3463.56,4968.951,18041.79,34398.92,1262.19,15842.65
2006-06-19,1240.14,14860.35,5626.1,3490.24,4901.244,17581.88,33897.35,1251.67,15768.86
2006-06-20,1240.12,14648.41,5658.2,3514.83,4861.402,17781.28,33632.14,1225.83,15608.97
2006-06-21,1252.21,14644.26,5665.0,3526.86,4918.944,18156.21,34546.64,1227.19,15659.36
2006-06-22,1245.6,15135.69,5684.1,3544.85,5010.826,18188.4,34316.77,1238.83,15826.7
2006-06-23,1244.5,15124.04,5692.1,3550.15,4964.916,18545.73,34661.22,1228.62,15808.81
2006-06-26,1250.56,15152.4,5681.2,3534.84,4965.032,18491.4,34631.24,1238.05,15804.81
2006-06-27,1239.2,15171.81,5652.3,3506.93,4999.209,18021.47,34375.73,1247.54,15774.7
2006-06-28,1246.0,14886.11,5678.6,3506.02,4946.778,18101.83,34834.65,1238.71,15742.66
2006-06-29,1272.87,15121.15,5791.5,3582.61,4997.228,18908.33,36486.67,1263.02,15865.22
2006-06-30,1270.2,15505.18,5833.4,3648.92,5073.883,19147.17,36630.66,1295.15,16267.62
2006-07-03,1280.19,15571.62,5884.4,3662.92,5092.216,20060.82,37357.2,1294.61,16326.66
2006-07-04,1280.19,15638.5,5883.5,3670.75,5104.674,20329.49,37367.34,1285.92,16368.98
2006-07-05,1270.91,15523.94,5826.7,3618.64,5096.943,19514.62,36378.03,1279.85,16267.18
2006-07-06,1274.08,15321.4,5890.0,3662.39,5120.342,20047.62,36533.13,1263.96,16440.99
2006-07-07,1265.48,15307.61,5888.9,3651.33,5135.297,19829.6,36101.98,1273.93,16459.78
2006-07-10,1267.34,15552.81,5896.9,3666.51,5142.838,19700.15,36140.64,1299.29,16603.81
2006-07-11,1272.52,15473.82,5857.3,3617.78,5107.21,19570.21,36553.56,1300.44,16490.13
2006-07-12,1258.6,15249.32,5860.6,3630.5,5128.288,19419.44,36229.71,1296.69,16522.21
2006-07-13,1242.29,15097.95,5765.0,3562.56,5084.63,18725.26,35354.28,1285.02,16305.48
2006-07-14,1236.2,14845.24,5707.6,3508.25,4966.094,18328.66,35349.68,1255.13,16135.71
2006-07-17,1234.49,14845.24,5701.0,3498.62,4956.196,18437.98,34866.31,1255.13,16064.82
2006-07-18,1236.86,14437.24,5681.7,3492.11,4923.326,18885.67,35130.42,1233.42,16043.94
2006-07-19,1259.81,14500.26,5778.0,3585.65,4900.059,19871.78,36785.45,1233.65,16097.54
2006-07-20,1249.13,14946.84,5770.9,3589.63,4996.494,19510.52,35846.84,1273.3,16472.62
2006-07-21,1240.29,14821.26,5719.7,3557.08,4960.633,19527.37,35510.4,1271.33,16464.18
2006-07-24,1260.91,14794.5,5833.9,3632.93,4934.41,19938.7,36224.39,1263.35,16480.59
2006-07-25,1268.88,15005.24,5851.2,3631.5,4992.39,20082.0,36680.83,1279.77,16583.86
2006-07-26,1268.4,14884.07,5877.1,3640.75,4935.687,19913.19,36594.3,1279.08,16617.24
2006-07-27,1263.2,15179.78,5929.5,3681.55,5007.818,20138.79,36887.72,1296.27,16916.77
2006-07-28,1278.55,15342.87,5974.9,3710.6,4958.271,20252.33,37381.06,1297.07,16955.04
2006-07-31,1276.66,15456.81,5928.3,3691.87,4985.998,20095.93,37077.12,1297.82,16971.34
2006-08-01,1270.92,15440.91,5880.8,3640.6,4981.311,19973.2,36839.31,1287.36,16911.37
2006-08-02,1278.55,15464.29,5932.1,3696.35,4931.531,20145.1,37288.4,1295.11,17032.75
2006-08-03,1280.27,15470.37,5838.4,3667.91,4997.484,20261.81,37451.19,1292.05,17048.42
2006-08-04,1279.36,15499.18,5889.4,3718.09,4956.055,20354.99,37847.88,1304.51,16887.8
2006-08-07,1275.77,15154.06,5828.8,3658.25,4961.838,20412.49,37697.55,1289.54,16953.55
2006-08-08,1271.48,15464.66,5818.1,3668.1,5024.778,20342.78,37600.44,1311.1,17048.2
2006-08-09,1265.95,15656.59,5860.5,3707.19,4961.995,20062.37,37255.12,1314.93,17346.58
2006-08-10,1271.81,15630.91,5823.4,3675.44,4953.216,20048.18,37353.76,1304.31,17222.14
2006-08-11,1266.74,15565.02,5820.1,3675.06,4949.233,20273.86,36944.43,1292.1,17249.95
2006-08-14,1268.21,15857.11,5870.9,3719.11,4971.332,20290.49,36556.88,1295.11,17290.01
2006-08-15,1285.58,15816.19,5897.9,3766.38,4936.006,20544.44,37295.93,1295.11,17274.07
2006-08-16,1295.43,16071.36,5896.6,3791.1,4961.938,20900.0,37677.81,1315.61,17451.03
2006-08-17,1297.48,16020.84,5900.4,3800.1,5055.862,20971.78,37558.89,1327.78,17373.05
2006-08-18,1302.3,16105.98,5903.4,3791.4,5052.522,21046.63,37551.71,1331.1,17330.7
2006-08-21,1297.52,15969.04,5915.2,3777.25,5063.597,20861.56,37160.6,1321.67,17007.88
2006-08-22,1298.82,16181.17,5902.6,3792.55,5076.155,20986.89,36677.51,1334.96,17149.75
2006-08-23,1292.99,16163.03,5860.0,3758.98,5082.278,20742.44,35512.1,1324.95,17088.39
2006-08-24,1296.06,15960.62,5869.1,3781.87,4987.845,20751.45,35797.26,1315.73,16883.04
2006-08-25,1295.09,15938.66,5878.6,3781.17,5023.631,20994.94,35957.52,1329.35,16955.45
2006-08-28,1301.79,15762.59,5878.6,3808.57,5024.167,21228.87,36374.51,1327.89,16922.29
2006-08-29,1304.28,15890.56,5888.3,3806.81,5067.568,21282.08,36303.67,1344.61,17083.28
2006-08-30,1304.27,15872.02,5929.3,3817.86,5067.256,21331.09,36313.43,1341.35,17284.71
2006-08-31,1303.82,16140.76,5906.1,3808.7,5115.439,21049.35,36232.22,1352.74,17392.27
2006-09-01,1311.01,16134.25,5949.1,3820.89,5097.13,21192.26,37329.15,1356.67,17423.72
2006-09-04,1311.01,16358.07,5986.6,3837.61,5129.216,21385.63,37693.35,1359.06,17513.88
2006-09-05,1313.25,16385.96,5981.7,3817.76,5150.615,21256.11,37367.96,1361.24,17438.8
2006-09-06,1300.26,16284.09,5929.3,3772.21,5113.76,20965.24,36709.87,1357.01,17258.51
2006-09-07,1294.02,16012.41,5858.1,3739.7,5108.661,20833.23,36709.87,1351.17,17096.44
2006-09-08,1298.92,16080.46,5879.3,3750.08,5098.3,20795.82,36558.48,1354.89,17145.76
2006-09-11,1299.54,15794.38,5850.8,3742.06,5025.971,20612.89,35772.49,1334.08,16948.59
2006-09-12,1313.11,15719.34,5895.5,3788.96,4974.377,21102.77,36146.66,1328.04,17075.4
2006-09-13,1318.07,15750.05,5892.2,3805.55,5017.227,21320.21,36549.71,1333.13,17210.04
2006-09-14,1316.28,15942.39,5877.2,3796.59,5070.424,21334.02,36153.6,1358.75,17183.45
2006-09-15,1319.87,15866.93,5877.0,3812.11,5036.41,21548.87,36169.93,1361.1,17237.65
2006-09-18,1321.18,15866.93,5890.2,3808.47,5072.759,21666.07,36482.78,1374.3,17387.21
2006-09-19,1318.31,15874.28,5831.8,3780.18,5056.779,21659.02,35885.68,1373.95,17346.7
2006-09-20,1325.18,15718.67,5866.2,3841.31,4998.519,21841.45,35196.59,1366.44,17512.96
2006-09-21,1318.03,15834.23,5896.7,3857.14,4995.941,21498.09,34830.08,1366.79,17619.97
2006-09-22,1314.78,15634.67,5822.3,3812.73,4983.24,21390.43,34798.8,1348.38,17600.65
2006-09-25,1326.37,15633.81,5798.3,3822.12,4986.336,21674.74,34972.74,1355.21,17546.04
2006-09-26,1336.34,15557.45,5873.6,3872.92,4989.634,21792.3,35818.97,1343.97,17308.08
2006-09-27,1336.59,15947.87,5930.1,3896.18,5093.154,21748.57,36105.64,1360.03,17521.51
2006-09-28,1339.15,16024.85,5971.3,3894.98,5113.871,21854.48,36486.19,1371.43,17530.57
2006-09-29,1335.85,16127.58,5960.8,3899.41,5154.078,21937.11,36449.4,1371.41,17543.05
2006-10-02,1331.32,16254.29,5957.8,3892.48,5178.835,21619.96,37057.75,1374.22,17543.05
2006-10-03,1334.11,16242.09,5937.1,3880.14,5184.332,21631.0,36437.55,1374.22,17606.53
2006-10-04,1350.22,16082.55,5966.5,3914.73,5142.747,22105.97,37749.29,1352.0,17629.21
2006-10-05,1353.22,16449.33,6004.5,3939.86,5219.273,22326.86,37976.86,1352.0,17907.67
2006-10-06,1349.58,16436.06,6001.2,3940.31,5220.732,22350.05,37940.44,1352.0,17903.39
2006-10-09,1350.66,16436.06,6030.9,3939.48,5199.087,22313.42,38406.37,1319.4,17675.24
2006-10-10,1353.42,16477.25,6072.7,3960.67,5248.598,22523.56,38654.69,1328.37,17823.7
2006-10-11,1349.95,16400.57,6073.5,3967.39,5282.787,22387.08,38322.21,1325.49,17862.79
2006-10-12,1362.83,16368.81,6121.3,3999.89,5259.421,22661.82,38322.21,1331.78,17873.09
2006-10-13,1365.62,16536.54,6157.3,3999.07,5289.995,22848.32,38850.16,1348.6,17988.86
2006-10-16,1369.06,16692.76,6172.4,4001.97,5311.001,22950.18,39229.06,1356.72,18010.2
2006-10-17,1364.05,16611.59,6108.6,3949.57,5281.348,22799.42,38897.5,1351.3,18014.84
2006-10-18,1365.96,16653.0,6150.4,3991.38,5313.224,23012.87,38685.99,1354.26,18048.09
2006-10-19,1366.96,16551.36,6156.0,3986.82,5285.261,23168.52,38919.75,1354.06,17986.97
2006-10-20,1368.6,16651.63,6155.2,3998.19,5335.405,23233.48,38642.82,1364.24,18113.55
2006-10-23,1377.02,16788.82,6166.1,4019.02,5333.459,23321.41,39226.76,1364.95,18089.85
2006-10-24,1377.38,16780.47,6182.5,4014.01,5317.077,23279.77,39498.98,1366.5,18153.41
2006-10-25,1382.23,16699.3,6214.6,4019.14,5352.344,23397.69,39562.63,1371.43,18157.94
2006-10-26,1389.09,16811.6,6184.8,4027.29,5389.695,23361.42,39644.78,1373.65,18353.74
2006-10-27,1377.34,16669.07,6160.9,4017.27,5358.47,22762.86,39328.47,1369.09,18297.55
2006-10-30,1377.93,16351.85,6126.8,4004.92,5399.406,22370.09,38900.49,1356.11,18297.55
2006-10-31,1377.94,16399.39,6129.2,4004.8,5384.382,23046.95,39262.79,1364.55,18324.35
2006-11-01,1367.81,16375.26,6149.6,4014.34,5416.41,23042.28,39930.05,1374.35,18453.65
2006-11-02,1367.34,16350.02,6149.3,3974.62,5409.44,23042.28,39930.05,1383.73,18714.78
2006-11-03,1364.3,16350.02,6148.1,3990.46,5432.007,23169.87,40435.18,1383.88,18749.69
2006-11-06,1379.78,16364.76,6224.5,4045.22,5444.124,23733.07,41246.61,1379.19,18936.55
2006-11-07,1382.84,16393.41,6244.0,4072.86,5491.589,23585.14,41048.31,1387.44,18939.31
2006-11-08,1385.72,16215.74,6239.0,4073.81,5459.168,23930.64,41334.23,1380.07,18811.24
2006-11-09,1378.33,16198.57,6231.5,4073.0,5428.996,23941.8,40815.48,1399.44,18952.86
2006-11-10,1380.9,16112.43,6208.4,4063.84,5436.71,23951.63,40719.92,1395.73,18891.14
2006-11-13,1384.42,16022.49,6194.2,4086.14,5418.405,24188.59,40605.79,1396.69,18868.54
2006-11-14,1393.22,16289.55,6186.6,4084.33,5435.566,24288.06,41290.7,1407.37,18878.42
2006-11-15,1396.57,16243.47,6229.8,4108.83,5429.859,24315.6,41290.7,1412.54,19093.0
2006-11-16,1399.76,16163.87,6254.9,4109.81,5392.626,24266.03,41161.87,1410.75,19154.07
2006-11-17,1401.2,16091.73,6192.0,4080.03,5419.702,24196.05,41029.43,1412.22,19182.71
2006-11-20,1400.5,15725.94,6204.5,4095.75,5322.406,24196.05,41029.43,1402.21,18954.63
2006-11-21,1402.81,15734.14,6202.6,4096.06,5358.007,24585.68,41570.4,1405.9,19008.3
2006-11-22,1406.09,15914.23,6160.3,4094.97,5445.699,24674.75,41912.92,1422.54,19250.79
2006-11-23,1406.09,15914.23,6140.0,4085.76,5466.852,24730.01,42069.83,1419.23,19265.32
2006-11-24,1400.95,15734.6,6122.1,4048.16,5453.611,24792.89,41757.72,1421.73,19260.3
2006-11-27,1381.9,15885.38,6050.1,3978.25,5452.248,24442.79,40914.63,1425.13,19204.01
2006-11-28,1386.72,15855.26,6025.9,3975.11,5384.272,24344.95,41043.15,1411.47,18639.53
2006-11-29,1399.48,16076.2,6084.4,4023.09,5452.634,24776.09,41970.01,1422.55,18780.93
2006-11-30,1400.63,16274.33,6048.8,3987.23,5482.058,24962.01,41931.84,1432.21,18960.48
2006-12-01,1396.71,16321.78,6021.5,3932.09,5427.86,24962.01,41327.07,1434.36,18690.82
2006-12-04,1409.12,16303.59,6050.4,3962.93,5424.943,25207.48,42654.33,1426.46,18702.73
2006-12-05,1414.76,16265.76,6086.4,4007.94,5426.548,25593.92,43157.28,1420.59,18944.19
2006-12-06,1412.9,16371.28,6090.3,4002.31,5466.66,25615.85,43096.16,1413.73,19026.36
2006-12-07,1407.29,16473.36,6131.5,4018.69,5465.208,25639.31,42909.29,1410.3,18842.99
2006-12-08,1409.84,16417.82,6152.4,4019.89,5425.776,25756.81,42977.58,1390.43,18739.99
2006-12-11,1413.04,16527.99,6159.8,4052.89,5469.724,25828.48,43297.06,1390.73,18924.66
2006-12-12,1411.56,16637.78,6156.4,4059.74,5473.65,25828.48,43018.45,1376.98,18907.17
2006-12-13,1413.21,16692.93,6192.5,4094.33,5488.193,25690.39,43284.52,1383.28,18718.19
2006-12-14,1425.49,16829.2,6228.0,4118.84,5573.078,25863.39,43754.56,1418.38,18919.4
2006-12-15,1427.09,16914.31,6260.0,4140.66,5575.384,25757.68,43595.7,1421.87,19110.65
2006-12-18,1422.48,16962.11,6247.4,4130.06,5591.542,25857.44,43508.73,1433.23,19192.91
2006-12-19,1425.55,16776.88,6203.9,4100.48,5559.734,25621.5,43589.72,1427.76,18964.55
2006-12-20,1423.53,17011.04,6198.6,4118.54,5607.822,25394.69,43502.36,1442.28,19240.12
2006-12-21,1418.3,17047.83,6183.7,4112.1,5583.532,25546.82,43385.02,1436.47,19222.84
2006-12-22,1410.77,17104.96,6190.0,4073.5,5603.69,25432.64,43355.73,1437.49,19320.52
2006-12-25,1410.77,17092.89,6190.0,4073.5,5603.69,25432.64,43355.73,1437.49,19320.52
2006-12-26,1416.9,17169.19,6190.0,4073.5,5603.69,25705.04,43603.08,1433.92,19320.52
2006-12-27,1426.84,17223.15,6245.2,4134.86,5643.233,26196.66,44526.36,1425.1,19725.73
2006-12-28,1424.73,17224.81,6240.9,4130.66,5660.472,26295.21,44473.71,1434.46,20001.91
2006-12-29,1418.3,17225.83,6220.8,4119.94,5669.867,26448.32,44473.71,1434.46,19964.72
2007-01-01,1418.3,17225.83,6220.8,4119.94,5669.867,26448.32,44473.71,1434.46,19964.72
2007-01-02,1418.3,17225.83,6310.9,4182.12,5670.207,26664.45,45382.61,1435.26,20310.18
2007-01-03,1416.6,17225.83,6319.0,4188.24,5649.35,26619.37,44445.29,1409.35,20413.39
2007-01-04,1418.34,17353.67,6287.0,4177.76,5584.833,26566.28,44019.77,1397.29,20025.58
2007-01-05,1409.71,17091.59,6220.1,4129.35,5572.05,26135.6,42245.16,1385.76,20211.28
2007-01-08,1412.84,17091.59,6194.2,4123.33,5501.952,26281.64,42829.93,1370.81,20029.66
2007-01-09,1412.11,17237.77,6196.1,4129.49,5589.739,25783.04,42006.78,1374.34,19898.08
2007-01-10,1414.85,16942.4,6160.7,4090.88,5520.916,25885.8,42335.67,1355.79,19568.34
2007-01-11,1423.83,16838.17,6230.1,4165.95,5564.85,26247.9,42670.32,1365.31,19385.37
2007-01-12,1430.73,17057.01,6239.0,4174.8,5638.771,26324.38,43094.97,1388.37,19613.41
2007-01-15,1430.73,17209.92,6263.5,4187.36,5673.819,26480.03,42919.17,1390.96,20068.56
2007-01-16,1431.9,17202.46,6215.7,4169.18,5673.415,26480.33,42624.22,1389.71,20027.95
2007-01-17,1430.62,17261.35,6204.5,4146.73,5646.052,26558.5,42735.48,1379.48,20064.57
2007-01-18,1426.37,17370.93,6210.3,4137.31,5672.414,26112.87,42477.92,1383.21,20277.51
2007-01-19,1430.5,17310.44,6237.2,4173.07,5673.072,26213.38,43427.64,1360.56,20327.72
2007-01-22,1422.96,17424.18,6218.4,4140.61,5726.642,26432.25,43553.3,1363.41,20772.22
2007-01-23,1427.99,17408.57,6227.6,4140.19,5735.04,26810.0,44177.2,1363.09,20769.7
2007-01-24,1440.13,17507.4,6314.8,4187.55,5768.815,27338.3,44686.73,1383.06,20821.05
2007-01-25,1423.9,17458.3,6269.3,4175.7,5769.904,26899.34,44686.73,1382.36,20669.83
2007-01-26,1422.18,17421.93,6228.0,4149.01,5769.904,27045.71,44412.35,1371.33,20281.13
2007-01-29,1420.62,17470.46,6239.9,4166.83,5760.386,26834.05,43573.49,1363.1,20236.68
2007-01-30,1428.82,17490.19,6242.0,4195.22,5812.509,27135.37,44044.23,1370.72,20460.46
2007-01-31,1438.24,17383.42,6203.1,4178.54,5773.385,27561.49,44641.6,1360.23,20106.42
2007-02-01,1445.94,17519.5,6282.2,4211.32,5814.139,27842.76,44815.01,1382.9,20430.16
2007-02-02,1448.39,17547.11,6310.9,4228.39,5831.507,27933.07,44997.83,1413.14,20563.68
2007-02-05,1446.99,17344.8,6317.9,4227.47,5822.09,27933.07,45286.17,1417.95,20455.62
2007-02-06,1448.0,17406.86,6346.3,4233.47,5870.549,28067.4,45351.8,1428.58,20655.2
2007-02-07,1450.02,17292.32,6369.5,4251.06,5899.754,28123.76,44587.96,1426.29,20679.69
2007-02-08,1448.31,17292.48,6346.4,4225.92,5899.459,28197.26,44891.94,1423.58,20735.05
2007-02-09,1438.06,17504.33,6382.8,4248.24,5927.165,27906.89,44284.4,1427.68,20677.66
2007-02-12,1433.37,17504.33,6353.5,4213.85,5924.136,27972.23,43934.75,1414.29,20593.41
2007-02-13,1444.26,17621.45,6381.8,4239.03,5936.597,28262.65,45197.45,1418.44,20132.25
2007-02-14,1455.3,17752.64,6421.2,4267.02,5960.513,28539.69,45995.6,1436.1,20209.91
2007-02-15,1456.81,17897.23,6433.3,4258.13,5992.848,28498.75,45955.07,1443.63,20538.42
2007-02-16,1455.54,17875.65,6419.5,4247.4,5953.721,28491.07,45849.03,1448.81,20567.91
2007-02-19,1455.54,17940.09,6444.4,4266.23,5990.103,28590.17,45849.03,1448.81,20567.91
2007-02-20,1459.68,17939.12,6412.3,4250.3,5989.749,28589.66,45849.03,1452.96,20567.91
2007-02-21,1457.63,17913.21,6357.1,4232.52,5951.758,28715.96,46090.24,1451.38,20651.42
2007-02-22,1456.38,18108.79,6380.9,4241.48,6017.088,28676.48,46452.26,1465.41,20809.23
2007-02-23,1451.19,18188.42,6401.5,4245.99,6036.109,28505.72,46015.79,1469.88,20711.65
2007-02-26,1449.38,18215.35,6434.7,4272.32,6044.005,28046.16,46207.4,1470.03,20507.95
2007-02-27,1399.04,18119.92,6286.1,4156.73,5993.821,26418.82,43145.33,1454.6,20147.87
2007-02-28,1406.82,17604.12,6171.5,4087.12,5832.53,26638.95,43892.31,1417.34,19651.51
2007-03-01,1403.17,17453.51,6116.0,4031.3,5810.244,26647.65,43516.91,1417.34,19346.6
2007-03-02,1387.17,17217.93,6116.2,4011.63,5785.959,26321.12,42369.84,1414.47,19442.01
2007-03-05,1374.12,16642.25,6058.7,3980.06,5653.644,25788.37,41179.16,1376.15,18664.88
2007-03-06,1395.41,16844.5,6138.5,4010.39,5771.821,26355.64,43218.4,1402.93,19058.56
2007-03-07,1391.97,16764.62,6156.5,4021.97,5825.349,26184.39,42667.18,1410.95,18918.64
2007-03-08,1401.89,17090.31,6227.7,4082.58,5822.309,26773.79,43465.83,1423.89,19175.17
2007-03-09,1402.85,17164.04,6245.2,4091.67,5830.195,27106.53,44133.42,1423.58,19134.88
2007-03-12,1406.6,17292.39,6233.3,4066.78,5890.991,27261.17,44249.23,1441.33,19442.42
2007-03-13,1377.95,17178.84,6161.2,4017.74,5865.03,26589.2,42749.38,1436.05,19333.14
2007-03-14,1387.17,16676.89,6000.7,3906.15,5741.868,26719.32,43288.44,1407.37,18836.93
2007-03-15,1392.28,16860.39,6133.2,3985.57,5853.018,26883.53,43278.19,1426.93,18969.44
2007-03-16,1386.95,16744.15,6130.6,3984.54,5836.28,26901.42,42730.04,1427.88,18953.5
2007-03-19,1402.06,17009.55,6189.4,4055.49,5859.748,26901.42,43712.55,1443.39,19266.74
2007-03-20,1410.94,17163.2,6220.3,4079.52,5876.606,27407.46,44350.87,1444.17,19356.9
2007-03-21,1435.04,17163.2,6256.8,4078.29,5861.864,28219.55,45630.86,1442.85,19516.41
2007-03-22,1434.54,17419.2,6318.0,4170.08,5955.747,28258.8,45424.18,1448.53,19690.25
2007-03-23,1436.11,17480.61,6339.4,4191.58,5952.291,28272.03,45532.53,1447.38,19692.64
2007-03-26,1437.5,17521.96,6291.9,4142.11,5990.662,28158.97,45644.56,1449.77,19765.85
2007-03-27,1428.61,17365.05,6292.6,4153.61,5964.183,28124.33,45206.53,1453.23,19706.79
2007-03-28,1417.23,17254.73,6267.2,4128.2,5923.195,28098.28,44484.1,1439.74,19553.87
2007-03-29,1422.53,17263.94,6324.2,4180.07,5960.91,28704.24,45355.13,1450.95,19821.78
2007-03-30,1420.86,17287.65,6308.0,4181.03,5995.049,28747.69,45804.66,1452.55,19800.93
2007-04-02,1424.55,17028.41,6315.5,4189.55,5915.847,29171.52,45597.48,1459.53,19809.7
2007-04-03,1437.77,17244.05,6366.1,4246.3,6013.383,29348.09,46288.16,1463.75,20002.7
2007-04-04,1439.37,17544.09,6364.7,4261.83,6097.161,29370.94,46553.93,1483.41,20209.71
2007-04-05,1443.76,17491.42,6397.3,4271.54,6077.054,29370.94,46646.57,1482.04,20209.71
2007-04-06,1443.76,17484.78,6397.3,4271.54,6077.054,29370.94,46646.57,1484.15,20209.71
2007-04-09,1444.61,17743.76,6397.3,4271.54,6077.054,29632.2,46854.71,1501.06,20209.71
2007-04-10,1448.39,17664.69,6417.8,4301.47,6152.981,29515.64,47174.07,1499.16,20347.87
2007-04-11,1438.87,17670.07,6413.3,4293.2,6151.352,29278.75,46939.19,1513.42,20449.43
2007-04-12,1447.8,17540.42,6416.4,4280.02,6158.157,29606.97,47346.56,1525.61,20380.21
2007-04-13,1452.85,17363.95,6462.4,4317.35,6135.762,29762.22,47926.23,1520.78,20340.97
2007-04-16,1468.47,17628.3,6516.2,4379.25,6197.669,29718.66,48921.21,1532.04,20757.53
2007-04-17,1471.48,17527.45,6497.8,4384.38,6186.472,29598.99,48755.48,1528.66,20788.61
2007-04-18,1472.5,17667.33,6449.4,4358.95,6236.872,29559.52,48709.84,1534.58,20777.09
2007-04-19,1470.73,17371.97,6440.6,4339.93,6165.074,29614.05,48762.13,1513.66,20299.71
2007-04-20,1484.35,17452.62,6486.8,4416.79,6207.478,29832.48,49408.18,1533.08,20566.59
2007-04-23,1480.93,17455.37,6479.7,4400.12,6209.15,29593.85,49162.09,1544.35,20556.57
2007-04-24,1480.41,17451.77,6429.5,4367.83,6188.208,29544.18,49070.86,1556.71,20572.8
2007-04-25,1495.42,17236.16,6461.9,4404.44,6188.208,29444.15,49675.59,1545.55,20536.78
2007-04-26,1494.25,17429.17,6469.4,4414.21,6212.169,29342.7,49067.69,1553.13,20667.29
2007-04-27,1494.07,17400.41,6418.7,4383.13,6151.646,29372.93,49229.6,1542.52,20526.5
2007-04-30,1482.37,17400.41,6449.2,4392.34,6166.017,28996.71,48956.39,1542.24,20318.98
2007-05-01,1486.3,17274.98,6419.6,4392.41,6145.846,28996.71,48956.39,1542.24,20318.98
2007-05-02,1495.92,17394.92,6484.5,4415.48,6237.738,29259.92,49471.54,1553.3,20388.49
2007-05-03,1502.39,17394.92,6537.8,4427.32,6245.605,29752.95,50218.22,1559.86,20681.58
2007-05-04,1505.62,17394.92,6603.7,4445.59,6304.888,30013.85,50597.79,1567.74,20841.08
2007-05-07,1509.48,17669.83,6603.7,4441.31,6335.678,29776.57,50281.73,1584.46,20896.64
2007-05-08,1507.72,17656.84,6550.4,4411.32,6304.368,29572.4,50277.69,1582.65,20706.35
2007-05-09,1512.58,17748.12,6549.6,4425.03,6341.045,29992.83,51300.13,1593.42,20844.78
2007-05-10,1491.47,17736.96,6524.1,4391.87,6355.507,29653.82,50234.68,1599.68,20746.27
2007-05-11,1505.85,17553.72,6565.7,4423.07,6297.361,30058.75,50902.38,1603.56,20468.21
2007-05-14,1503.15,17677.94,6555.5,4413.72,6345.14,29766.33,50510.76,1605.77,20979.24
2007-05-15,1501.19,17512.98,6568.6,4441.03,6291.192,29619.91,50518.21,1589.37,20868.15
2007-05-16,1514.14,17529.0,6559.5,4422.62,6294.643,30341.25,51737.56,1600.6,20937.26
2007-05-17,1512.75,17498.6,6579.3,4428.57,6365.859,30478.37,51631.47,1615.58,20994.61
2007-05-18,1522.75,17399.58,6640.9,4480.81,6312.486,30676.34,52077.68,1612.25,20904.84
2007-05-21,1525.1,17556.87,6636.8,4465.54,6369.009,30708.73,52423.45,1628.2,20927.75
2007-05-22,1524.12,17680.05,6606.6,4469.88,6338.789,30802.25,52208.09,1642.88,20843.92
2007-05-23,1522.28,17705.12,6616.4,4499.69,6355.118,30869.84,51812.5,1646.59,20798.97
2007-05-24,1507.51,17696.97,6565.4,4452.7,6279.11,30338.58,50530.65,1646.59,20798.97
2007-05-25,1515.73,17481.21,6570.5,4463.52,6252.806,30700.01,51617.97,1644.56,20520.66
2007-05-28,1515.73,17587.59,6570.5,4475.46,6251.356,30928.43,52119.97,1657.91,20529.76
2007-05-29,1518.11,17672.56,6606.5,4474.81,6317.614,30664.73,51713.18,1661.8,20469.59
2007-05-30,1530.23,17588.26,6602.1,4468.72,6243.436,31380.0,52527.65,1662.72,20293.76
2007-05-31,1530.62,17875.75,6621.4,4512.65,6313.496,31398.96,52268.46,1700.91,20634.47
2007-06-01,1536.34,17958.88,6676.7,4556.97,6333.48,31946.4,53422.67,1716.24,20602.87
2007-06-04,1539.18,17973.42,6664.1,4537.81,6392.947,32096.21,53242.68,1737.59,20729.59
2007-06-05,1530.95,18053.81,6632.8,4513.18,6370.829,32271.38,53162.21,1742.19,20842.15
2007-06-06,1517.38,18040.93,6522.7,4437.29,6337.092,31681.76,52049.31,1742.19,20818.61
2007-06-07,1490.72,18053.38,6505.1,4381.45,6311.143,31184.49,52049.31,1753.04,20800.16
2007-06-08,1507.67,17779.09,6505.1,4376.42,6231.681,31466.6,52329.68,1727.28,20509.15
2007-06-11,1509.12,17834.48,6567.5,4415.5,6231.681,31833.44,52776.84,1716.56,20615.49
2007-06-12,1493.0,17760.91,6520.4,4383.02,6240.05,31608.59,51797.14,1729.88,20636.39
2007-06-13,1515.67,17732.77,6559.6,4401.68,6180.696,31884.06,52993.73,1721.99,20578.75
2007-06-14,1522.97,17842.29,6649.9,4485.04,6261.226,32114.09,53712.89,1769.18,20867.26
2007-06-15,1532.91,17971.49,6732.4,4551.0,6293.789,32128.97,54518.63,1772.26,21017.05
2007-06-18,1531.05,18149.52,6703.5,4530.22,6343.384,32218.17,54730.44,1806.88,21582.89
2007-06-19,1533.71,18163.61,6650.2,4527.22,6372.021,32064.99,54643.72,1807.85,21582.89
2007-06-20,1512.84,18211.68,6649.3,4545.61,6396.893,31550.76,54029.24,1783.79,21684.67
2007-06-21,1522.19,18240.3,6596.0,4488.66,6387.031,31830.84,54656.88,1794.24,21954.67
2007-06-22,1502.56,18188.63,6567.4,4479.36,6382.621,31642.26,54267.1,1770.98,21999.91
2007-06-25,1497.74,18087.48,6588.4,4471.13,6329.758,31296.01,54041.57,1757.73,21822.35
2007-06-26,1492.89,18066.11,6559.3,4433.04,6308.576,30744.71,53851.68,1749.55,21803.57
2007-06-27,1506.35,17849.28,6527.6,4412.12,6184.239,30804.21,54143.07,1733.1,21705.56
2007-06-28,1505.71,17932.27,6571.3,4457.99,6265.574,31079.24,54146.59,1751.75,21938.22
2007-06-29,1503.35,18138.36,6607.9,4489.77,6274.932,31151.05,54392.06,1743.6,21772.73
2007-07-02,1519.43,18146.3,6590.6,4470.26,6263.266,31420.69,55371.21,1771.35,21772.73
2007-07-03,1524.87,18149.9,6639.8,4513.01,6298.971,32117.83,55699.69,1805.5,22151.14
2007-07-04,1524.87,18168.72,6673.1,4524.24,6298.629,32201.63,55696.47,1838.41,22218.55
2007-07-05,1525.4,18221.48,6635.2,4491.87,6362.279,32177.83,55932.34,1847.79,22252.99
2007-07-06,1530.44,18140.94,6690.1,4524.45,6351.124,32411.84,56443.73,1861.01,22531.74
2007-07-09,1531.85,18261.98,6712.7,4528.76,6400.591,32088.25,56443.73,1883.59,22817.43
2007-07-10,1510.12,18252.67,6630.9,4474.15,6361.517,31743.02,55882.7,1894.53,22885.84
2007-07-11,1518.76,18049.51,6615.1,4447.52,6325.129,31916.27,56356.13,1889.96,22607.02
2007-07-12,1547.7,17984.14,6697.7,4517.7,6363.416,32261.1,57613.05,1909.75,22809.02
2007-07-13,1552.5,18238.95,6716.7,4542.57,6389.416,32386.51,57644.16,1962.93,23099.29
2007-07-16,1549.52,18238.95,6697.7,4557.57,6380.844,32265.93,57374.4,1949.51,22953.94
2007-07-17,1549.37,18217.27,6659.1,4538.31,6381.614,31979.14,57659.65,1949.51,23057.3
2007-07-18,1546.17,18015.58,6567.1,4472.22,6329.109,31886.74,57555.85,1930.7,22841.92
2007-07-19,1553.08,18116.57,6640.2,4522.64,6384.173,32150.65,58124.57,1937.9,23016.2
2007-07-20,1534.1,18157.93,6585.2,4445.23,6421.825,31922.62,57442.74,1983.54,23291.9
2007-07-23,1541.57,17963.64,6624.4,4482.75,6390.375,32168.43,58036.77,1993.05,23365.56
2007-07-24,1511.04,18002.03,6498.7,4412.06,6422.341,31462.15,55794.57,1992.26,23472.88
2007-07-25,1518.09,17858.42,6454.3,4360.9,6340.536,31103.53,56001.3,2004.22,23362.18
2007-07-26,1482.67,17702.09,6251.2,4252.92,6258.499,29996.6,53893.15,1963.54,23211.69
2007-07-27,1458.95,17283.81,6215.2,4244.58,6082.938,30235.17,52922.23,1883.22,22570.41
2007-07-30,1473.91,17289.3,6206.1,4239.18,6108.814,30900.68,54572.61,1906.71,22739.9
2007-07-31,1455.28,17248.89,6360.1,4315.69,6144.166,30659.66,54182.5,1933.27,23184.94
2007-08-01,1465.81,16870.98,6250.6,4237.05,5941.205,30048.37,54233.87,1856.45,22455.36
2007-08-02,1472.2,16984.11,6300.3,4288.66,6011.831,30394.81,54690.92,1853.07,22443.25
2007-08-03,1433.06,16979.86,6224.3,4229.19,6021.046,29671.77,52846.38,1876.8,22538.44
2007-08-06,1467.67,16914.46,6189.1,4202.78,5920.189,29721.63,53091.1,1855.05,21936.73
2007-08-07,1476.71,16921.77,6308.8,4276.8,5985.014,30239.92,53802.48,1859.82,21907.99
2007-08-08,1497.49,17029.28,6393.9,4364.22,6100.793,30661.87,55241.37,1903.41,22536.67
2007-08-09,1453.09,17170.6,6271.2,4275.18,6165.626,29883.96,53430.84,1908.68,22439.36
2007-08-10,1453.64,16764.09,6038.3,4161.29,5935.995,29420.47,52638.13,1828.49,21792.71
2007-08-13,1452.92,16800.05,6219.0,4255.79,6011.601,29607.2,52434.01,1849.26,21891.1
2007-08-14,1426.54,16844.61,6143.5,4195.6,5964.809,28895.73,50911.75,1817.89,22007.32
2007-08-15,1406.7,16475.61,6109.3,4183.06,5788.041,28140.73,49285.3,1817.89,21375.72
2007-08-16,1411.27,16148.49,5858.9,4062.33,5711.52,27793.16,48015.55,1691.98,20672.39
2007-08-17,1445.94,15273.68,6064.2,4157.2,5671.044,28510.66,48558.76,1638.07,20387.13
2007-08-20,1445.55,15732.48,6078.7,4173.29,5932.617,28453.55,49206.36,1731.27,21595.63
2007-08-21,1447.12,15901.34,6086.1,4175.07,5989.397,28568.43,49815.08,1736.18,21729.35
2007-08-22,1464.07,15900.64,6196.0,4226.52,6004.981,29269.34,51744.56,1759.5,22346.88
2007-08-23,1462.5,16316.32,6196.9,4225.89,6159.689,29459.82,51848.23,1799.72,22966.97
2007-08-24,1479.37,16248.97,6220.1,4238.63,6088.496,30041.54,52997.56,1791.33,22921.89
2007-08-27,1466.79,16301.39,6220.1,4240.95,6185.227,30275.84,53078.15,1803.03,23577.73
2007-08-28,1432.36,16287.49,6102.2,4170.68,6176.293,29326.76,51645.33,1829.31,23363.76
2007-08-29,1463.76,16012.83,6132.2,4193.58,6100.327,29710.78,52734.64,1826.19,23020.6
2007-08-30,1457.64,16153.82,6212.0,4246.12,6135.039,29744.07,52857.84,1841.7,23484.54
2007-08-31,1473.99,16569.09,6303.3,4294.56,6247.202,30347.86,54637.24,1873.24,23984.14
2007-09-03,1473.99,16524.93,6315.2,4295.99,6267.296,30797.6,54832.51,1881.81,23904.09
2007-09-04,1489.42,16420.47,6376.8,4324.35,6293.28,30932.71,55250.47,1874.74,23886.07
2007-09-05,1472.29,16158.45,6270.7,4235.41,6262.72,30809.55,54407.83,1865.59,24069.17
2007-09-06,1478.55,16257.0,6313.3,4256.12,6250.953,30816.95,54569.0,1888.81,24050.4
2007-09-07,1453.55,16122.16,6191.2,4162.42,6278.41,30252.77,54569.0,1884.9,23982.61
2007-09-10,1451.7,15764.97,6134.1,4136.45,6191.243,29893.18,52652.57,1835.87,23999.7
2007-09-11,1471.49,15877.67,6280.7,4197.35,6235.458,30191.14,53920.57,1847.36,23952.24
2007-09-12,1471.56,15797.6,6306.2,4210.69,6220.321,30076.33,53882.71,1813.52,24310.14
2007-09-13,1483.95,15821.19,6363.9,4249.01,6230.594,30302.23,54908.18,1848.02,24537.02
2007-09-14,1484.25,16127.42,6289.3,4221.34,6306.833,30096.03,54671.0,1870.02,24898.11
2007-09-17,1476.65,16127.42,6182.8,4184.61,6271.369,29794.49,54340.54,1871.68,24599.34
2007-09-18,1519.78,15801.8,6283.3,4264.42,6192.542,30603.42,56666.3,1838.61,24576.85
2007-09-19,1529.03,16381.54,6460.0,4389.33,6356.128,30512.64,57264.22,1902.65,25554.64
2007-09-20,1518.75,16413.79,6429.0,4366.16,6393.732,30485.75,56906.44,1908.97,25701.13
2007-09-21,1525.75,16312.61,6456.7,4370.35,6357.861,30583.07,57798.79,1919.26,25843.78
2007-09-24,1517.74,16312.61,6465.9,4360.63,6451.46,30543.45,58719.37,1919.26,26551.94
2007-09-25,1517.22,16401.73,6396.9,4328.89,6483.032,30294.77,58857.78,1919.26,26430.29
2007-09-26,1525.42,16435.74,6433.0,4364.4,6481.388,30303.18,59714.83,1919.26,26430.29
2007-09-27,1531.38,16832.22,6486.4,4388.98,6538.13,30528.0,61052.44,1945.28,27065.15
2007-09-28,1526.75,16785.69,6466.8,4381.71,6567.75,30296.19,60465.06,1946.48,27142.47
2007-10-01,1547.04,16845.96,6506.2,4409.65,6563.705,30855.68,62340.34,1962.67,27142.47
2007-10-02,1546.63,17046.78,6500.4,4427.01,6659.889,31451.79,62017.12,2014.09,28199.75
2007-10-03,1539.6,17199.89,6535.2,4421.58,6659.95,31178.84,60098.57,2014.09,27479.94
2007-10-04,1542.84,17092.49,6547.9,4420.39,6566.918,31078.33,60406.72,2003.6,26973.98
2007-10-05,1557.59,17065.04,6595.8,4455.31,6605.36,31540.94,62318.72,1996.03,27831.52
2007-10-08,1552.58,17065.04,6540.9,4435.87,6654.337,31825.51,62660.85,2012.82,27770.29
2007-10-09,1565.15,17159.9,6615.4,4447.58,6677.825,31801.69,63548.69,2014.13,28228.04
2007-10-10,1562.47,17177.89,6633.0,4442.61,6738.256,32129.4,63197.04,2041.12,28569.33
2007-10-11,1554.41,17458.98,6724.5,4473.57,6771.913,31980.95,62455.77,2058.85,29133.02
2007-10-12,1561.8,17331.17,6730.7,4476.02,6748.939,32473.47,62455.77,2026.44,28838.37
2007-10-15,1548.71,17358.15,6644.5,4434.98,6738.99,32335.86,62969.44,2035.39,29540.78
2007-10-16,1538.53,17137.92,6614.3,4420.91,6691.957,32230.82,61717.9,2005.76,28954.55
2007-10-17,1541.24,16955.31,6677.7,4441.8,6680.118,32721.82,63193.67,1983.94,29298.71
2007-10-18,1540.08,17106.09,6609.4,4420.38,6767.659,32836.12,63261.33,2005.09,29465.05
2007-10-19,1500.63,16814.37,6527.9,4411.26,6706.319,31823.4,60894.29,1970.1,29465.05
2007-10-22,1506.33,16438.47,6459.3,4356.24,6577.32,31969.48,61215.13,1903.81,28373.63
2007-10-23,1519.59,16450.58,6514.0,4378.42,6660.857,32229.44,62697.14,1947.98,29376.86
2007-10-24,1515.88,16358.39,6482.0,4357.14,6634.438,32048.18,62624.81,1933.36,29333.53
2007-10-25,1514.41,16284.17,6576.3,4412.12,6624.316,31886.1,62341.49,1976.75,29854.49
2007-10-26,1535.28,16505.63,6661.3,4440.23,6700.579,32136.76,64275.58,2028.06,30405.22
2007-10-29,1540.98,16698.08,6706.0,4471.46,6792.136,32100.76,65044.31,2062.92,31586.9
2007-10-30,1531.02,16651.01,6659.0,4462.95,6750.164,31783.62,64383.13,2052.37,31638.22
2007-10-31,1549.38,16737.63,6721.6,4489.79,6754.145,31458.67,65317.7,2064.85,31352.58
2007-11-01,1508.44,16870.4,6586.1,4415.27,6828.705,30806.3,64050.08,2063.14,31492.88
2007-11-02,1509.65,16517.48,6530.6,4410.08,6696.568,30806.3,64050.08,2019.34,30468.34
2007-11-05,1502.17,16268.92,6461.4,4392.8,6582.328,30157.69,62959.55,2015.76,28942.32
2007-11-06,1520.27,16249.63,6474.9,4407.34,6628.01,30430.5,64503.43,2054.24,29438.13
2007-11-07,1475.62,16096.68,6385.1,4400.34,6692.361,29582.21,63500.62,2043.19,29708.93
2007-11-08,1474.77,15771.57,6381.9,4363.6,6521.629,29289.72,63561.91,1979.56,28760.22
2007-11-09,1453.7,15583.42,6304.9,4297.83,6545.674,29158.86,64320.56,1990.47,28783.41
2007-11-12,1439.18,15197.09,6337.9,4302.88,6455.257,28185.9,61526.87,1923.42,27665.73
2007-11-13,1481.05,15126.63,6362.4,4311.98,6515.233,29484.78,62927.03,1932.89,27803.35
2007-11-14,1470.58,15499.56,6432.1,4338.28,6598.558,29655.68,64630.87,1972.58,29166.01
2007-11-15,1451.15,15396.3,6359.6,4301.44,6528.649,29170.9,64630.87,1947.74,28751.21
2007-11-16,1458.74,15154.61,6291.2,4282.4,6461.869,29631.57,64609.38,1926.2,27614.43
2007-11-19,1433.27,15042.56,6120.8,4226.7,6535.162,29631.57,62336.02,1893.47,27460.17
2007-11-20,1439.7,15211.52,6226.5,4277.24,6425.428,29050.52,62336.02,1872.24,27771.21
2007-11-21,1416.77,14837.66,6070.9,4195.58,6384.279,28446.45,60581.54,1806.99,26618.19
2007-11-22,1416.77,14888.77,6155.3,4208.92,6334.273,28520.16,60653.01,1799.02,26004.92
2007-11-23,1440.7,14888.77,6262.1,4268.53,6330.249,28710.87,60970.9,1772.88,26541.09
2007-11-26,1407.22,15135.21,6180.5,4238.0,6471.359,27883.01,59069.17,1855.33,27626.62
2007-11-27,1428.23,15222.85,6140.7,4224.44,6432.699,28124.65,59431.5,1859.79,27210.21
2007-11-28,1469.02,15153.78,6306.2,4321.74,6370.146,29276.39,61714.64,1834.69,27371.24
2007-11-29,1469.72,15513.74,6349.1,4347.0,6444.523,29399.92,62156.34,1877.56,28482.54
2007-11-30,1481.14,15680.67,6432.5,4394.95,6533.149,29770.52,63006.16,1906.0,28643.61
2007-12-03,1472.42,15628.97,6386.6,4371.67,6533.522,29968.53,63199.85,1902.43,28658.42
2007-12-04,1462.79,15480.19,6315.2,4339.1,6530.792,29998.79,63481.53,1917.83,28879.59
2007-12-05,1485.01,15608.88,6493.8,4410.0,6508.133,30761.64,64927.96,1938.2,29345.45
2007-12-06,1507.35,15874.08,6485.6,4414.66,6600.863,31257.3,65790.81,1953.17,29558.92
2007-12-07,1504.66,15956.37,6554.9,4446.34,6654.658,31268.36,65638.54,1934.32,28842.47
2007-12-10,1515.96,15924.39,6565.4,4465.52,6625.103,31182.75,65445.96,1906.42,28501.1
2007-12-11,1477.65,16044.72,6536.9,4449.95,6680.362,30327.36,64512.26,1925.07,29226.84
2007-12-12,1486.59,15932.26,6559.8,4469.47,6615.214,30327.36,64741.69,1927.45,28521.06
2007-12-13,1488.41,15536.52,6364.2,4370.76,6597.593,30088.04,62860.99,1915.9,27744.45
2007-12-14,1467.95,15514.51,6397.0,4384.65,6491.684,29994.9,62444.97,1895.05,27563.64
2007-12-17,1445.9,15249.79,6277.8,4312.47,6263.512,28968.2,59828.21,1839.82,26596.58
2007-12-18,1454.98,15207.86,6279.3,4309.14,6236.865,29254.98,61096.28,1861.47,26732.87
2007-12-19,1453.0,15030.51,6284.5,4301.34,6216.356,29074.12,61721.71,1861.47,27029.26
2007-12-20,1460.12,15031.6,6345.6,4314.7,6176.887,29148.45,61716.2,1844.37,27017.09
2007-12-21,1484.46,15257.0,6434.1,4384.55,6246.992,29638.4,63097.71,1878.32,27626.92
2007-12-24,1496.45,15257.0,6479.3,4388.38,6323.594,29853.77,63097.71,1919.47,28128.8
2007-12-25,1496.45,15552.59,6479.3,4388.38,6323.594,29853.77,63097.71,1919.47,28128.8
2007-12-26,1497.66,15653.54,6479.3,4388.38,6323.594,30002.46,64288.26,1906.72,28128.8
2007-12-27,1476.37,15564.69,6497.8,4404.61,6350.852,29642.12,63774.38,1908.62,27842.93
2007-12-28,1478.49,15307.78,6476.9,4404.64,6339.927,29700.19,63886.1,1897.13,27370.6
2007-12-31,1468.36,15307.78,6456.9,4399.72,6339.836,29536.83,63886.1,1897.13,27812.65
2008-01-01,1468.36,15307.78,6456.9,4399.72,6339.836,29536.83,63886.1,1897.13,27812.65
2008-01-02,1447.16,15307.78,6416.7,4339.23,6353.162,28699.12,62815.13,1853.45,27560.52
2008-01-03,1447.16,15307.78,6479.4,4333.42,6290.713,28860.78,62891.97,1852.73,26887.28
2008-01-04,1411.63,14691.41,6348.5,4270.53,6306.818,28317.92,61036.61,1863.9,27519.69
2008-01-07,1416.18,14500.55,6335.7,4283.37,6161.624,28152.56,60772.15,1831.14,27179.49
2008-01-08,1390.19,14528.67,6356.5,4295.23,6128.141,28267.78,62080.73,1826.23,27112.9
2008-01-09,1409.13,14599.16,6272.7,4258.32,6087.722,28401.61,62673.69,1844.47,27615.85
2008-01-10,1420.33,14388.11,6222.7,4237.62,6078.7,29069.56,63515.48,1824.78,27230.86
2008-01-11,1401.02,14110.79,6202.0,4225.31,5981.62,28723.82,61942.36,1782.27,26867.01
2008-01-14,1416.25,14110.79,6215.7,4236.68,5980.019,28607.45,62187.78,1765.88,26468.13
2008-01-15,1380.95,13972.63,6025.6,4140.94,5959.978,27961.85,59907.06,1746.95,25837.78
2008-01-16,1373.2,13504.51,5942.9,4108.34,5809.678,27343.57,58777.45,1704.97,24450.85
2008-01-17,1333.25,13783.45,5902.4,4065.76,5796.122,26698.66,57036.85,1723.55,25114.98
2008-01-18,1325.19,13861.29,5901.7,3995.17,5747.251,26713.83,57506.47,1734.72,25201.87
2008-01-21,1325.19,13325.94,5578.2,3703.05,5580.416,25284.88,53709.11,1683.56,23818.86
2008-01-22,1310.5,12573.05,5740.1,3753.68,5186.846,26892.74,56097.18,1609.02,21757.63
2008-01-23,1338.6,12829.06,5609.3,3577.99,5412.32,27538.1,54234.82,1628.42,24090.17
2008-01-24,1352.07,13092.78,5875.8,3809.07,5580.442,27905.13,57463.31,1663.0,23539.27
2008-01-25,1330.61,13629.16,5869.0,3777.06,5860.322,27379.92,57463.31,1692.41,25122.37
2008-01-28,1353.97,13087.91,5788.9,3765.41,5860.322,27758.93,58593.78,1627.19,24053.61
2008-01-29,1362.3,13478.86,5885.2,3810.01,5716.45,28263.95,59529.58,1637.91,24291.8
2008-01-30,1355.81,13345.03,5837.3,3789.31,5618.722,28296.8,60289.41,1589.06,23653.69
2008-01-31,1378.55,13592.47,5879.8,3792.8,5650.265,28793.64,59490.4,1624.68,23455.74
2008-02-01,1395.42,13497.16,6029.2,3867.47,5842.944,29429.93,61079.83,1634.53,24123.58
2008-02-04,1380.82,13859.7,6026.2,3867.16,5867.449,29429.93,61079.83,1690.13,25032.08
2008-02-05,1336.64,13745.5,5868.0,3717.08,5792.92,28086.97,61079.83,1696.57,24808.7
2008-02-06,1326.45,13099.24,5875.4,3760.12,5609.357,27929.29,58968.53,1696.57,23469.46
2008-02-07,1336.91,13207.15,5724.1,3699.29,5596.729,28088.32,58965.48,1696.57,23469.46
2008-02-08,1331.29,13017.24,5784.0,3701.17,5658.014,28185.26,59075.98,1696.57,23469.46
2008-02-11,1339.13,13017.24,5707.7,3678.16,5537.602,28789.55,60643.22,1640.67,22616.11
2008-02-12,1348.86,13021.96,5910.0,3803.76,5608.105,28869.96,61805.47,1643.29,22921.67
2008-02-13,1367.21,13068.3,5880.1,3803.21,5542.059,29306.76,62590.65,1631.78,23169.55
2008-02-14,1348.86,13626.45,5879.3,3797.89,5684.755,29138.92,61818.99,1697.45,24021.68
2008-02-15,1350.0,13622.56,5787.6,3719.28,5606.605,28744.81,61271.87,1694.77,24148.43
2008-02-18,1350.0,13635.4,5946.6,3795.12,5558.43,29172.21,62801.43,1696.24,23759.25
2008-02-19,1348.78,13757.91,5966.9,3805.27,5619.102,28899.97,62296.54,1720.52,24123.17
2008-02-20,1360.03,13310.37,5893.6,3758.47,5496.469,29224.44,63747.49,1687.91,23590.58
2008-02-21,1342.53,13688.28,5932.2,3778.21,5583.352,29361.32,63792.23,1704.36,23623.0
2008-02-22,1353.11,13500.46,5888.5,3737.11,5559.881,29528.79,64608.78,1686.45,23305.04
2008-02-25,1371.8,13914.57,5999.5,3798.99,5621.563,29962.88,65000.94,1709.13,23269.14
2008-02-26,1381.29,13824.72,6087.4,3855.03,5666.052,30228.08,65182.61,1709.13,23714.75
2008-02-27,1380.02,14031.3,6076.5,3856.69,5767.216,30424.76,65494.85,1720.89,24483.84
2008-02-28,1367.68,13925.51,5965.7,3784.27,5651.238,30130.47,65555.08,1736.17,24591.69
2008-02-29,1330.63,13603.02,5884.3,3724.5,5572.088,28918.52,63489.3,1711.62,24331.67
2008-03-03,1331.34,12992.18,5818.6,3675.51,5405.752,29526.7,64490.46,1671.73,23584.97
2008-03-04,1326.75,12992.28,5767.7,3610.2,5380.301,29261.11,63655.54,1676.18,23119.87
2008-03-05,1333.7,12972.06,5853.5,3684.54,5376.632,29277.35,64629.48,1677.1,23114.34
2008-03-06,1304.34,13215.42,5766.4,3617.68,5435.537,28717.04,62974.65,1697.44,23342.73
2008-03-07,1293.37,12782.8,5699.9,3576.68,5263.97,28612.75,61867.99,1663.97,22501.33
2008-03-10,1273.37,12532.13,5629.1,3546.1,5180.426,28207.29,59999.27,1625.17,22705.05
2008-03-11,1320.65,12658.28,5690.4,3606.59,5134.162,29466.17,62367.72,1641.48,22995.35
2008-03-12,1308.77,12861.13,5776.4,3647.64,5257.936,29283.4,62176.58,1658.83,23422.76
2008-03-13,1315.48,12433.44,5692.4,3599.58,5135.893,29703.09,62279.71,1615.62,22301.64
2008-03-14,1288.14,12241.6,5631.7,3566.59,5206.934,29048.51,61990.99,1600.26,22237.11
2008-03-17,1276.6,11787.51,5414.4,3431.82,5087.044,29048.51,60011.84,1574.44,21084.61
2008-03-18,1330.74,11964.16,5605.8,3558.66,5086.089,29515.55,61932.78,1588.75,21384.61
2008-03-19,1298.42,12260.44,5545.6,3529.54,5289.089,29071.34,58827.36,1622.23,21866.94
2008-03-20,1329.51,12260.44,5495.2,3505.9,5127.526,29071.34,58987.31,1623.39,21108.22
2008-03-21,1329.51,12482.57,5495.2,3505.9,5127.526,29071.34,58987.31,1645.69,21108.22
2008-03-24,1349.88,12480.09,5495.2,3505.9,5127.526,29634.16,59812.53,1655.3,21108.22
2008-03-25,1352.99,12745.22,5689.1,3632.59,5318.404,29981.08,61234.06,1674.93,22464.52
2008-03-26,1341.13,12706.63,5660.4,3611.45,5381.4,30057.26,61415.28,1679.67,22617.01
2008-03-27,1325.76,12604.58,5717.5,3652.11,5371.626,29987.05,60761.68,1676.24,22664.22
2008-03-28,1315.22,12820.47,5692.9,3641.05,5351.098,30089.9,60452.12,1701.83,23285.95
2008-03-31,1322.7,12525.54,5702.1,3628.06,5355.686,30912.99,60968.07,1703.99,22849.2
2008-04-01,1370.18,12656.42,5852.6,3753.55,5361.162,31787.68,62774.85,1702.25,23137.46
2008-04-02,1367.53,13189.36,5915.9,3797.9,5502.926,31467.87,63364.36,1742.19,23872.43
2008-04-03,1369.31,13389.9,5891.3,3774.94,5608.935,31689.61,64175.05,1763.63,24264.63
2008-04-04,1370.4,13293.22,5947.1,3795.2,5619.565,31545.37,64445.97,1766.49,24264.63
2008-04-07,1372.54,13450.23,6014.8,3828.46,5625.02,31715.44,64175.58,1773.56,24578.76
2008-04-08,1365.54,13250.43,5990.2,3810.51,5571.523,31726.86,64539.54,1754.71,24311.69
2008-04-09,1354.49,13111.89,5983.9,3775.93,5520.172,31417.83,63476.92,1754.71,23984.57
2008-04-10,1360.55,12945.3,5965.1,3758.05,5446.374,31649.05,63527.11,1764.64,24187.1
2008-04-11,1332.83,13323.73,5895.5,3699.99,5439.288,31302.57,62585.21,1779.71,24667.79
2008-04-14,1328.32,12917.51,5831.6,3671.28,5342.433,31192.48,62153.45,1746.71,23811.2
2008-04-15,1334.43,12990.58,5906.9,3690.75,5400.419,31375.95,62618.39,1742.17,23901.33
2008-04-16,1364.71,13146.13,6046.2,3748.56,5470.288,31910.21,64151.94,1758.56,23878.35
2008-04-17,1365.56,13398.3,5980.4,3725.23,5518.957,31785.99,64552.42,1768.67,24258.96
2008-04-18,1390.33,13476.45,6056.5,3808.59,5429.661,31795.68,64922.67,1771.9,24197.78
2008-04-21,1388.17,13696.55,6053.0,3769.89,5600.292,32095.04,64922.67,1800.48,24721.67
2008-04-22,1375.94,13547.82,6034.7,3736.12,5564.583,32039.72,65412.66,1787.49,24939.15
2008-04-23,1379.93,13579.16,6083.6,3763.55,5652.903,31847.98,64947.54,1800.79,25289.24
2008-04-24,1388.82,13540.87,6050.7,3761.96,5587.324,31746.23,64576.26,1799.34,25680.78
2008-04-25,1397.84,13863.47,6091.4,3794.39,5587.324,31009.02,65187.34,1824.68,25516.78
2008-04-28,1396.37,13894.37,6090.4,3814.76,5602.747,30623.39,65677.74,1823.17,25666.29
2008-04-29,1390.94,13894.37,6089.4,3793.63,5606.937,30270.64,63825.74,1811.51,25914.15
2008-04-30,1385.59,13849.99,6087.3,3825.02,5595.406,30281.41,67868.46,1825.47,25755.35
2008-05-01,1409.34,13766.86,6087.3,3825.02,5585.806,30281.41,67868.46,1825.47,25755.35
2008-05-02,1413.9,14049.26,6215.5,3877.5,5700.422,30551.47,69366.39,1848.27,26241.02
2008-05-05,1407.49,14049.26,6215.5,3872.15,5730.336,30958.89,70174.88,1848.27,26183.95
2008-05-06,1418.26,14049.26,6215.2,3845.08,5701.354,31223.42,70195.27,1859.06,26262.13
2008-05-07,1392.57,14102.48,6261.0,3871.78,5668.375,30762.16,69017.66,1854.01,25610.21
2008-05-08,1397.68,13943.26,6270.8,3855.86,5723.239,30751.97,69722.25,1848.0,25449.79
2008-05-09,1388.28,13655.34,6204.7,3801.59,5771.767,30674.36,69645.7,1823.7,25063.17
2008-05-12,1403.58,13743.36,6220.6,3812.69,5828.541,30637.36,70415.82,1823.7,25063.17
2008-05-13,1403.04,13953.73,6211.9,3817.07,5812.652,30887.4,70503.25,1842.8,25552.77
2008-05-14,1408.66,14118.55,6216.0,3857.46,5872.682,31336.57,70026.62,1843.75,25533.48
2008-05-15,1423.57,14251.74,6251.8,3854.86,5890.657,31542.97,71492.36,1885.71,25513.71
2008-05-16,1425.35,14219.48,6304.3,3862.91,5930.977,31486.95,72766.93,1888.88,25618.86
2008-05-19,1426.63,14269.61,6376.5,3882.28,5949.427,31796.41,73438.83,1885.37,25742.23
2008-05-20,1413.4,14160.09,6191.6,3822.31,5908.087,31526.17,73516.81,1873.15,25169.46
2008-05-21,1390.71,13926.3,6198.1,3794.13,5823.443,31126.07,72294.8,1847.51,25460.29
2008-05-22,1394.35,13978.46,6181.6,3793.03,5826.926,31245.68,72294.8,1835.42,25043.12
2008-05-23,1375.93,14012.2,6087.3,3725.82,5767.978,31068.7,71451.8,1827.94,24714.07
2008-05-26,1375.93,13690.19,6087.3,3724.9,5707.0,31314.55,71628.74,1800.58,24127.31
2008-05-27,1385.35,13893.31,6058.5,3711.03,5714.435,31414.21,70992.06,1825.23,24282.04
2008-05-28,1390.84,13709.44,6069.6,3743.18,5648.073,31647.03,73153.23,1805.64,24249.51
2008-05-29,1398.26,14124.47,6068.1,3752.24,5709.412,31837.27,71797.54,1841.22,24383.99
2008-05-30,1400.38,14338.54,6053.5,3777.85,5654.704,31975.47,72592.5,1852.02,24533.12
2008-06-02,1385.67,14440.14,6007.6,3720.5,5662.348,31636.21,71897.25,1847.53,24831.36
2008-06-03,1377.65,14209.17,6057.7,3737.34,5574.165,31492.64,70011.92,1819.39,24375.76
2008-06-04,1377.2,14435.57,5970.1,3699.05,5584.485,31448.11,68673.14,1833.81,24123.25
2008-06-05,1404.05,14341.12,5995.3,3682.83,5530.107,31726.01,71209.12,1832.31,24255.29
2008-06-06,1360.68,14489.44,5906.8,3596.7,5592.085,31149.06,69785.87,1832.31,24402.18
2008-06-09,1361.76,14181.38,5877.6,3597.34,5592.085,30933.44,69281.2,1808.96,24402.18
2008-06-10,1358.44,14021.17,5827.3,3574.7,5437.453,30898.87,67774.94,1774.38,23375.52
2008-06-11,1335.49,14183.48,5723.3,3509.39,5467.257,30446.24,66794.76,1781.67,23327.6
2008-06-12,1339.87,13888.6,5790.5,3542.59,5329.244,30475.44,67319.63,1739.36,23023.86
2008-06-13,1360.03,13973.73,5802.8,3562.67,5378.14,30413.48,67203.52,1747.35,22592.3
2008-06-16,1360.14,14354.37,5794.6,3532.83,5371.689,30354.18,67284.61,1760.82,23029.69
2008-06-17,1350.93,14348.37,5861.9,3555.58,5422.698,29925.27,68437.5,1750.71,23057.99
2008-06-18,1337.81,14452.82,5756.9,3507.97,5443.235,29618.11,67090.45,1774.13,23325.8
2008-06-19,1342.83,14130.17,5708.4,3486.71,5366.636,29847.85,66590.41,1740.72,22797.61
2008-06-20,1317.93,13942.08,5620.8,3426.58,5288.28,29533.44,64613.79,1731.0,22745.6
2008-06-23,1318.0,13857.47,5667.2,3427.33,5283.668,29464.54,64640.45,1715.59,22714.96
2008-06-24,1314.29,13849.56,5634.7,3404.52,5290.02,29291.61,64167.77,1710.84,22456.02
2008-06-25,1321.97,13829.92,5666.1,3460.4,5237.809,29569.44,65853.34,1717.79,22635.16
2008-06-26,1283.15,13822.32,5518.2,3366.35,5306.963,29199.94,63946.92,1717.66,22455.67
2008-06-27,1278.38,13544.36,5529.9,3340.27,5236.987,29295.0,64321.11,1684.45,22042.35
2008-06-30,1280.0,13481.38,5625.9,3352.81,5215.307,29395.49,65017.58,1674.92,22102.01
2008-07-01,1284.91,13463.2,5479.9,3292.86,5138.878,29221.11,63396.19,1666.46,22102.01
2008-07-02,1261.52,13286.37,5426.3,3288.52,5094.785,28680.83,61106.22,1623.6,21704.45
2008-07-03,1262.9,13265.4,5476.6,3330.9,4998.306,28465.55,59273.38,1606.54,21242.78
2008-07-04,1262.9,13237.89,5412.8,3275.2,5082.084,28338.12,59365.35,1577.94,21423.82
2008-07-07,1252.31,13360.04,5512.7,3332.66,5002.484,28383.53,59088.2,1579.72,21913.06
2008-07-08,1273.7,13033.1,5440.5,3287.6,4932.935,28551.25,59535.95,1533.47,21220.81
2008-07-09,1244.69,13052.13,5529.6,3342.48,5011.854,28095.79,59535.95,1519.38,21805.81
2008-07-10,1253.39,13067.21,5406.8,3283.01,4937.373,27877.33,60252.74,1537.43,21821.78
2008-07-11,1239.49,13039.69,5261.6,3197.78,4979.908,27614.54,60148.26,1567.51,22184.55
2008-07-14,1228.3,13010.16,5300.4,3216.24,4920.998,27517.11,60720.9,1558.62,22014.46
2008-07-15,1214.91,12754.56,5171.9,3142.73,4815.67,27435.8,61015.09,1509.33,21174.77
2008-07-16,1245.36,12760.8,5150.6,3174.76,4870.614,27968.82,62056.47,1507.4,21223.5
2008-07-17,1260.32,12887.95,5286.3,3256.09,4901.03,28215.86,60108.72,1525.56,21734.72
2008-07-18,1260.68,12803.7,5376.4,3321.53,4840.362,28169.77,59988.1,1509.99,21874.19
2008-07-21,1260.0,12803.7,5404.3,3333.92,5011.759,27988.47,60771.79,1562.92,22532.9
2008-07-22,1277.0,13184.96,5364.1,3326.24,5005.563,27592.24,59647.32,1561.23,22527.48
2008-07-23,1282.19,13312.93,5449.9,3387.5,5105.279,27644.75,59420.86,1591.76,23134.55
2008-07-24,1252.54,13603.31,5362.3,3354.58,5144.133,26878.19,57434.37,1626.14,23087.72
2008-07-25,1257.76,13334.76,5352.6,3351.13,4970.539,27084.77,57199.14,1597.93,22740.71
2008-07-28,1234.37,13353.78,5312.6,3313.41,4922.127,26732.84,56869.02,1598.29,22687.21
2008-07-29,1263.2,13159.45,5319.2,3324.86,4847.394,27318.64,58042.87,1567.2,22258.0
2008-07-30,1284.26,13367.79,5420.7,3367.33,4936.68,27474.04,59997.64,1577.7,22690.6
2008-07-31,1267.38,13376.81,5411.9,3367.82,4977.367,27501.02,59505.17,1594.67,22731.1
2008-08-01,1260.31,13094.59,5354.7,3316.61,4904.04,26959.18,57630.35,1573.77,22862.6
2008-08-04,1249.02,12933.18,5320.2,3289.26,4887.718,26487.76,55609.07,1543.05,22514.92
2008-08-05,1284.88,12914.66,5454.5,3380.09,4820.43,26990.19,56470.59,1535.54,21949.75
2008-08-06,1289.19,13254.89,5486.1,3409.02,4969.138,27342.39,57542.49,1578.71,21949.75
2008-08-07,1266.07,13124.99,5477.5,3397.25,4983.299,26986.98,57017.55,1564.0,22104.2
2008-08-08,1296.32,13168.41,5489.2,3408.48,4986.2,27132.79,56584.4,1568.72,21885.21
2008-08-11,1305.32,13430.91,5541.8,3445.66,5026.093,26943.69,54720.25,1581.09,21859.34
2008-08-12,1289.59,13303.6,5534.5,3436.85,5053.576,26636.55,54502.97,1577.12,21640.89
2008-08-13,1285.83,13023.05,5448.6,3354.75,4951.596,26877.07,54573.18,1562.72,21293.32
2008-08-14,1292.93,12956.8,5497.4,3356.84,4981.121,27247.45,55138.35,1572.19,21392.71
2008-08-15,1298.2,13019.41,5454.8,3367.62,4981.732,27340.83,54244.03,1572.19,21160.58
2008-08-18,1278.6,13165.45,5450.2,3366.09,4984.981,26777.48,53326.54,1567.71,20930.67
2008-08-19,1266.69,12865.05,5320.4,3279.75,4866.361,26732.11,53638.69,1541.41,20484.37
2008-08-20,1274.54,12851.69,5371.8,3295.28,4929.481,26865.04,55377.15,1540.71,20931.26
2008-08-21,1277.72,12752.21,5370.2,3248.92,4875.165,26534.97,55934.69,1512.59,20392.06
2008-08-22,1292.2,12666.04,5505.6,3312.41,4931.383,26875.45,55850.13,1496.91,20392.06
2008-08-25,1266.84,12878.66,5505.6,3280.41,5014.852,26416.62,54477.25,1502.11,21104.79
2008-08-26,1271.51,12778.71,5470.7,3297.42,5007.497,26071.46,54358.7,1490.25,21056.66
2008-08-27,1281.66,12752.96,5528.1,3299.15,5011.22,26131.35,55519.24,1493.92,21464.72
2008-08-28,1300.68,12768.25,5601.2,3359.42,5066.521,26444.12,56382.22,1474.15,20972.29
2008-08-29,1282.83,13072.87,5636.6,3365.63,5135.574,26290.99,55680.41,1474.24,21261.89
2008-09-01,1282.83,12834.18,5602.8,3364.4,5118.308,26424.7,55162.14,1414.43,20906.31
2008-09-02,1277.58,12609.47,5620.7,3416.46,5115.966,26522.76,54404.41,1407.14,21042.46
2008-09-03,1274.98,12689.59,5499.7,3368.97,5060.024,26467.79,53527.01,1426.89,20585.06
2008-09-04,1236.83,12557.66,5362.1,3274.82,4979.5,26151.63,51408.54,1426.43,20389.48
2008-09-05,1242.31,12212.23,5240.7,3185.83,4877.055,25904.18,51939.6,1404.38,19933.28
2008-09-08,1267.79,12624.46,5446.3,3284.12,5067.539,26232.56,50717.97,1476.65,20794.27
2008-09-09,1224.51,12400.65,5415.6,3261.07,4980.149,25629.79,48435.3,1454.5,20491.11
2008-09-10,1232.04,12346.63,5366.2,3242.02,4905.459,25622.91,49633.16,1464.98,19999.78
2008-09-11,1249.05,12102.5,5318.4,3222.1,4814.268,25552.49,51270.4,1443.24,19388.72
2008-09-12,1251.7,12214.76,5416.7,3278.02,4903.821,25588.41,52392.86,1477.92,19352.9
2008-09-15,1192.7,12214.76,5204.2,3151.17,4817.667,24618.15,48416.33,1477.92,19352.9
2008-09-16,1213.59,11609.72,5025.6,3088.43,4750.816,24618.15,49228.92,1387.75,18300.61
2008-09-17,1156.39,11749.79,4912.4,3018.77,4722.181,23456.84,45908.51,1425.26,17637.19
2008-09-18,1206.52,11489.3,4880.0,3000.83,4607.268,24577.9,48422.75,1392.42,17632.46
2008-09-19,1255.08,11920.86,5311.3,3253.52,4804.065,25701.03,53055.38,1455.78,19327.73
2008-09-22,1207.09,12090.59,5236.26,3181.77,5020.532,25131.91,51540.58,1460.34,19632.2
2008-09-23,1188.22,12090.59,5136.12,3139.83,4923.536,24969.17,49593.17,1481.37,18872.85
2008-09-24,1185.87,12115.03,5095.57,3119.83,4981.889,24944.25,49842.99,1495.98,18961.99
2008-09-25,1209.18,12006.53,5197.02,3207.11,4927.371,25645.5,51828.46,1501.63,18934.43
2008-09-26,1213.01,11893.16,5088.47,3156.46,4904.755,25593.77,50782.99,1476.33,18682.09
2008-09-29,1106.39,11743.61,4818.77,3008.19,4807.353,23955.67,46028.06,1456.36,17880.68
2008-09-30,1166.36,11259.86,4902.45,3038.2,4600.52,24888.9,49541.27,1448.06,18016.21
2008-10-01,1161.07,11368.26,4959.59,3067.35,4794.6,25117.32,49798.65,1439.67,18016.21
2008-10-02,1114.28,11154.76,4870.34,3007.51,4761.134,24027.35,46145.1,1419.65,18211.11
2008-10-03,1099.23,10938.14,4980.25,3113.82,4695.447,22989.5,44517.32,1419.65,17682.4
2008-10-06,1056.89,10473.09,4589.19,2868.97,4540.4,21749.13,42100.79,1358.75,16803.76
2008-10-07,996.23,10155.9,4605.22,2879.45,4618.706,20884.74,40139.85,1366.1,16803.76
2008-10-08,984.94,9203.32,4366.69,2694.55,4388.064,20678.97,38593.54,1286.69,15431.73
2008-10-09,909.92,9157.49,4313.8,2629.04,4320.931,20310.2,37080.3,1294.89,15943.24
2008-10-10,899.22,8276.43,3932.06,2421.87,3960.651,19905.27,35609.54,1241.47,14796.87
2008-10-13,1003.35,8276.43,4256.9,2688.32,4180.711,22095.89,40829.13,1288.53,16312.16
2008-10-14,998.01,9447.57,4394.21,2756.74,4335.187,22244.61,41569.03,1367.69,16832.88
2008-10-15,907.84,9547.47,4079.59,2578.06,4299.998,21135.42,36833.02,1340.28,15998.3
2008-10-16,946.43,8458.45,3861.39,2423.8,4013.427,20457.93,36441.72,1213.78,15230.52
2008-10-17,940.55,8693.82,4063.01,2532.17,3970.813,20312.83,36399.09,1180.67,14554.21
2008-10-20,985.4,9005.59,4282.67,2613.68,4142.278,20786.21,39441.08,1207.63,15323.01
2008-10-21,955.05,9306.25,4229.73,2598.97,4302.485,20203.27,39043.39,1196.1,15041.17
2008-10-22,896.78,8674.69,4040.89,2457.97,4156.145,18787.34,35069.73,1134.59,14266.6
2008-10-23,908.11,8460.98,4087.83,2452.03,3974.375,17798.99,33818.49,1049.71,13760.49
2008-10-24,876.77,7649.08,3883.36,2333.28,3869.443,16978.84,31481.55,938.75,12618.38
2008-10-27,848.92,7162.9,3852.59,2293.05,3809.201,16868.66,29435.11,946.45,11015.84
2008-10-28,940.51,7621.92,3926.38,2381.68,3794.587,18632.53,33386.65,999.16,12596.29
2008-10-29,930.09,8211.9,4242.54,2515.24,3845.575,19157.33,34845.21,968.97,12702.07
2008-10-30,954.09,9029.76,4291.65,2528.04,4001.111,20207.02,37448.77,1084.72,14329.85
2008-10-31,968.75,8576.98,4377.34,2591.76,4017.96,20445.32,37256.84,1113.06,13968.67
2008-11-03,966.3,8576.98,4443.28,2610.04,4221.462,20612.68,38249.44,1129.08,14344.37
2008-11-04,1005.75,9114.6,4639.5,2755.12,4215.09,21535.27,40254.8,1153.35,14384.34
2008-11-05,952.77,9521.24,4530.73,2710.65,4336.568,20446.77,37785.66,1181.5,14840.16
2008-11-06,904.88,8899.14,4272.41,2542.04,4149.736,19650.86,36361.91,1092.22,13790.04
2008-11-07,930.99,8583.0,4364.96,2602.54,4051.273,19865.22,36665.11,1134.49,14243.43
2008-11-10,919.21,9081.43,4403.92,2625.84,4107.761,20020.53,36776.27,1152.46,14744.63
2008-11-11,898.95,8809.3,4246.69,2483.61,3960.91,19795.25,37261.9,1128.73,14040.9
2008-11-12,852.3,8695.51,4182.02,2400.74,3927.307,18804.95,34373.99,1123.86,13939.09
2008-11-13,911.29,8238.64,4169.21,2429.94,3697.258,19710.1,35993.33,1088.44,13221.35
2008-11-14,873.29,8462.39,4232.97,2456.43,3748.141,19562.14,35789.1,1088.26,13542.66
2008-11-17,850.75,8522.58,4132.16,2364.83,3653.043,19562.14,35717.21,1078.32,13529.53
2008-11-18,859.12,8328.41,4208.55,2390.1,3523.187,19036.23,34094.66,1036.16,12915.89
2008-11-19,806.58,8273.22,4005.68,2295.36,3499.63,18578.38,33404.55,1016.82,12815.8
2008-11-20,752.44,7703.04,3874.99,2225.99,3352.944,18190.7,33404.55,948.69,12298.56
2008-11-21,800.03,7910.79,3780.96,2165.91,3416.499,18251.41,31250.6,1003.73,12659.2
2008-11-24,851.81,7910.79,4152.96,2380.3,3425.095,19529.25,34188.83,970.14,12457.94
2008-11-25,857.39,8323.93,4171.25,2385.9,3623.363,19297.63,34812.86,983.32,12878.6
2008-11-26,887.68,8213.22,4152.69,2373.82,3539.981,20025.79,36469.61,1029.78,13369.45
2008-11-27,887.68,8373.39,4226.1,2427.97,3587.968,20201.82,36212.65,1063.48,13552.06
2008-11-28,896.24,8512.27,4288.01,2430.31,3742.517,20534.72,36595.87,1076.07,13888.24
2008-12-01,816.21,8397.22,4065.49,2288.39,3681.187,19533.08,34740.5,1058.62,14108.84
2008-12-02,848.81,7863.69,4122.86,2354.13,3528.232,19802.27,35000.84,1023.2,13405.85
2008-12-03,870.74,8004.1,4169.96,2369.52,3533.818,20147.01,35296.7,1022.67,13588.66
2008-12-04,845.22,7924.24,4163.61,2368.72,3532.429,19916.21,35127.77,1006.54,13509.78
2008-12-05,876.07,7917.51,4049.37,2252.09,3489.906,20081.83,35347.39,1028.13,13846.09
2008-12-08,909.7,8329.05,4300.06,2449.28,3631.583,21168.72,38284.91,1105.05,15044.87
2008-12-09,888.67,8395.87,4381.26,2480.79,3604.347,21439.65,37968.11,1105.84,14753.22
2008-12-10,899.24,8660.24,4367.28,2495.58,3640.662,21689.84,39004.4,1145.87,15577.74
2008-12-11,873.59,8720.55,4388.69,2485.39,3598.007,21408.35,38519.07,1154.43,15613.9
2008-12-12,879.73,8235.87,4280.35,2418.91,3510.384,21408.35,39373.86,1103.82,14758.39
2008-12-15,868.57,8664.66,4277.56,2407.47,3591.355,21050.55,38320.19,1158.19,15046.95
2008-12-16,913.18,8568.02,4309.08,2450.36,3556.211,22032.54,39993.46,1161.56,15130.21
2008-12-17,904.42,8612.52,4324.19,2444.46,3570.596,22572.5,39947.43,1169.75,15460.52
2008-12-18,885.28,8667.23,4330.66,2452.42,3581.155,22347.17,39536.27,1175.91,15497.81
2008-12-19,887.88,8588.52,4286.93,2444.14,3615.661,22221.64,39131.23,1180.97,15127.51
2008-12-22,871.63,8723.78,4249.16,2397.65,3557.373,22059.18,37618.5,1179.61,14622.39
2008-12-23,863.16,8723.78,4255.98,2382.14,3531.368,22174.26,36470.78,1144.31,14220.79
2008-12-24,868.15,8517.1,4216.59,2377.42,3582.217,22340.7,36470.78,1128.51,14184.14
2008-12-25,868.15,8599.5,4216.59,2377.42,3582.217,22340.7,36470.78,1128.51,14184.14
2008-12-26,872.8,8739.52,4216.59,2377.42,3582.217,22515.34,36864.13,1117.86,14184.14
2008-12-29,869.42,8747.17,4319.35,2388.3,3621.11,22392.38,37060.16,1117.59,14328.48
2008-12-30,890.64,8859.56,4392.68,2451.48,3654.161,22420.01,37550.31,1124.47,14235.5
2008-12-31,903.25,8859.56,4434.17,2447.62,3722.31,22380.32,37550.31,1124.47,14387.48
2009-01-01,903.25,8859.56,4434.17,2447.62,3722.31,22380.32,37550.31,1124.47,14387.48
2009-01-02,931.8,8859.56,4561.79,2536.47,3713.798,23250.96,40244.22,1157.4,15042.81
2009-01-05,927.45,9043.12,4579.64,2553.41,3687.044,23238.86,41518.66,1173.57,15563.31
2009-01-06,934.7,9080.84,4638.92,2578.43,3742.694,23005.41,42312.28,1194.28,15509.51
2009-01-07,906.65,9239.24,4507.51,2538.55,3779.732,22117.51,40820.25,1228.17,14987.46
2009-01-08,909.73,8876.42,4505.37,2516.56,3694.298,21955.4,41990.55,1205.7,14415.91
2009-01-09,890.35,8836.8,4448.54,2486.59,3735.749,21741.29,41582.94,1180.96,14377.44
2009-01-12,870.26,8836.8,4426.19,2451.87,3683.324,21162.27,39403.47,1156.75,13971.0
2009-01-13,871.79,8413.91,4399.15,2411.28,3654.575,21047.3,39544.23,1167.71,13668.05
2009-01-14,842.62,8438.45,4180.64,2298.46,3686.963,20369.23,37981.77,1182.68,13704.61
2009-01-15,843.74,8023.31,4121.11,2257.67,3529.535,20280.49,39151.08,1111.34,13242.96
2009-01-16,850.12,8230.15,4147.06,2281.45,3550.943,20325.39,39341.54,1135.2,13255.51
2009-01-19,850.12,8256.85,4108.47,2252.39,3589.324,20393.41,38828.32,1150.65,13339.99
2009-01-20,805.22,8065.79,4091.4,2200.8,3476.634,19213.02,37272.07,1126.81,12959.77
2009-01-21,840.24,7901.64,4059.88,2188.43,3442.753,19497.1,38542.9,1103.61,12583.63
2009-01-22,827.5,8051.74,4052.23,2160.07,3486.806,19306.73,37894.33,1116.23,12657.99
2009-01-23,831.95,7745.25,4052.47,2147.87,3342.697,19348.81,38132.35,1093.4,12578.6
2009-01-26,836.57,7682.14,4209.01,2226.77,3342.697,19583.08,38509.45,1093.4,12578.6
2009-01-27,845.71,8061.07,4194.41,2224.62,3443.994,19616.15,38698.92,1093.4,12578.6
2009-01-28,874.09,8106.29,4295.2,2322.78,3495.543,20145.22,40227.45,1157.98,12578.6
2009-01-29,845.14,8251.24,4190.11,2269.4,3526.164,19537.05,39638.42,1166.56,13154.43
2009-01-30,825.88,7994.05,4149.64,2236.98,3540.712,19565.14,39300.79,1162.11,13278.21
2009-02-02,825.44,7873.98,4077.78,2198.74,3497.447,19565.14,38666.44,1146.95,12861.49
2009-02-03,838.51,7825.51,4164.46,2244.89,3508.672,19630.46,39746.76,1163.2,12776.89
2009-02-04,832.23,8038.94,4228.6,2297.73,3437.926,19622.6,40129.04,1195.37,13063.89
2009-02-05,845.85,7949.65,4228.93,2293.23,3428.561,19736.96,41108.65,1177.88,13178.9
2009-02-06,868.6,8076.62,4291.87,2343.66,3469.879,20438.13,42755.5,1210.26,13655.04
2009-02-09,869.89,7969.03,4307.61,2348.95,3508.601,20537.1,42100.12,1202.69,13769.06
2009-02-10,827.16,7945.94,4213.08,2268.15,3488.652,19825.72,41207.43,1198.87,13880.64
2009-02-11,833.74,7945.94,4234.26,2267.9,3474.427,19446.65,40845.62,1190.18,13539.21
2009-02-12,835.19,7705.36,4202.24,2214.95,3514.286,19358.25,40500.79,1179.84,13228.3
2009-02-13,826.84,7779.4,4189.59,2228.29,3559.11,19368.1,41673.62,1192.44,13554.67
2009-02-16,826.84,7750.17,4134.75,2193.64,3516.916,19520.87,41841.32,1175.47,13455.88
2009-02-17,789.17,7645.51,4034.13,2119.98,3464.326,18853.93,39846.97,1127.19,12945.4
2009-02-18,788.42,7534.44,4006.83,2118.47,3413.198,18741.27,39674.39,1113.19,13016.0
2009-02-19,778.94,7557.65,4018.37,2114.84,3448.93,18682.47,39730.33,1107.1,13023.36
2009-02-20,770.05,7416.38,3889.06,2011.68,3402.394,18324.23,38714.64,1065.95,12699.17
2009-02-23,743.33,7376.16,3850.73,1991.63,3351.201,17956.4,38714.64,1099.55,13175.1
2009-02-24,773.14,7268.56,3816.44,1977.5,3331.553,18296.11,38714.64,1063.88,12798.52
2009-02-25,764.9,7461.22,3848.98,1965.26,3327.491,18200.7,38231.58,1067.08,13005.08
2009-02-26,752.83,7457.93,3915.64,2021.14,3345.462,18047.16,38180.18,1054.79,12894.94
2009-02-27,735.09,7568.42,3830.09,1976.23,3344.513,17752.18,38183.31,1063.03,12811.57
2009-03-02,700.82,7280.15,3625.83,1882.79,3250.13,16929.8,36234.69,1018.81,12317.46
2009-03-03,696.33,7229.72,3512.09,1864.73,3219.208,17093.25,36467.56,1025.57,12033.88
2009-03-04,712.87,7290.96,3645.87,1943.46,3166.375,17824.96,38402.24,1059.26,12331.15
2009-03-05,682.55,7433.49,3529.86,1852.25,3188.504,17365.02,37368.93,1058.18,12211.24
2009-03-06,683.38,7173.1,3530.73,1817.24,3145.457,17043.44,37105.09,1055.03,11921.52
2009-03-09,676.53,7086.03,3542.4,1809.98,3154.479,16964.36,36741.35,1071.73,11344.58
2009-03-10,719.6,7054.98,3715.23,1919.53,3184.531,17543.52,38794.55,1092.2,11694.05
2009-03-11,721.36,7376.12,3693.81,1932.79,3244.375,17790.69,38804.8,1127.51,11930.66
2009-03-12,750.74,7198.25,3712.06,1962.64,3235.539,18864.87,39151.86,1128.39,12001.53
2009-03-13,756.55,7569.28,3753.68,1969.52,3345.173,19437.01,39015.37,1126.03,12525.8
2009-03-16,753.89,7704.15,3863.99,2033.72,3348.428,19437.01,38607.2,1125.46,12976.71
2009-03-17,778.12,7949.13,3857.1,2012.25,3451.937,19325.05,39510.72,1163.88,12878.09
2009-03-18,794.35,7972.17,3804.99,2019.19,3446.32,19620.48,40142.29,1169.95,13117.17
2009-03-19,784.04,7945.96,3816.93,2039.58,3480.23,19596.51,40453.43,1161.81,13130.92
2009-03-20,768.54,7945.96,3842.85,2050.96,3465.803,19363.3,40076.41,1170.94,12833.51
2009-03-23,822.92,8215.53,3952.81,2121.72,3550.287,20346.43,42438.55,1199.5,13447.42
2009-03-24,806.12,8488.3,3911.46,2127.37,3579.971,20242.61,41475.83,1221.7,13910.34
2009-03-25,813.88,8479.99,3900.25,2149.18,3609.312,20272.77,41799.3,1229.02,13622.11
2009-03-26,832.86,8636.33,3925.2,2156.97,3646.646,20542.25,42588.66,1243.8,14108.98
2009-03-27,815.94,8626.97,3898.85,2118.76,3672.328,20315.17,41907.29,1237.51,14119.5
2009-03-30,787.53,8236.08,3762.91,2010.61,3604.358,19530.15,40653.13,1197.46,13456.33
2009-03-31,797.87,8109.53,3926.14,2071.13,3582.146,19626.75,40925.87,1206.26,13576.02
2009-04-01,811.08,8351.91,3955.61,2097.57,3579.733,19880.37,41976.33,1233.36,13519.54
2009-04-02,834.38,8719.78,4124.97,2216.49,3680.199,20562.59,43736.45,1276.97,14521.97
2009-04-03,842.5,8749.84,4029.67,2198.75,3735.626,20933.78,44390.98,1283.75,14545.69
2009-04-06,835.48,8857.93,3993.54,2179.73,3756.582,20807.21,44167.26,1297.85,14998.04
2009-04-07,815.55,8832.85,3930.52,2165.56,3706.306,20623.42,43824.53,1300.1,14928.97
2009-04-08,825.16,8595.01,3925.52,2186.79,3619.495,20530.63,44181.98,1262.07,14474.86
2009-04-09,856.56,8916.06,3983.71,2247.89,3671.557,20530.63,45538.71,1316.35,14901.41
2009-04-10,856.56,8964.11,3983.71,2247.89,3671.557,20530.63,45538.71,1336.04,14901.41
2009-04-13,858.73,8924.43,3983.71,2247.89,3671.557,21838.96,45991.89,1338.26,14901.41
2009-04-14,841.5,8842.68,3988.99,2278.65,3752.914,21918.6,45418.18,1342.63,15580.16
2009-04-15,852.06,8742.96,3968.4,2262.96,3747.526,21861.36,45272.65,1333.09,15669.62
2009-04-16,865.3,8755.26,4052.98,2300.51,3775.719,22189.2,46024.78,1336.72,15582.99
2009-04-17,869.6,8907.58,4092.8,2341.15,3776.73,22234.84,45778.28,1329.0,15601.27
2009-04-20,832.39,8924.75,3990.86,2249.44,3769.044,21587.49,44433.15,1336.39,15750.91
2009-04-21,850.08,8711.33,3987.46,2243.63,3677.425,21216.94,44433.15,1336.81,15285.89
2009-04-22,843.55,8727.3,4030.66,2285.69,3668.189,21480.01,44888.2,1356.02,14878.45
2009-04-23,851.92,8847.01,4018.23,2259.54,3743.022,21829.33,45801.17,1368.8,15214.46
2009-04-24,866.23,8707.99,4155.99,2319.89,3712.27,22582.17,46771.79,1354.1,15258.85
2009-04-27,857.51,8726.34,4167.01,2317.36,3731.582,21827.11,45819.71,1339.83,14840.42
2009-04-28,855.16,8493.77,4096.4,2280.52,3708.401,21662.53,45821.44,1300.24,14555.11
2009-04-29,873.64,8493.77,4189.59,2334.59,3695.324,22079.34,47226.79,1338.42,14956.95
2009-04-30,872.81,8828.26,4243.71,2375.34,3780.459,21898.85,47289.53,1369.36,15520.99
2009-05-01,877.52,8977.37,4243.22,2375.34,3769.609,21898.85,47289.53,1369.36,15520.99
2009-05-04,907.24,8977.37,4243.22,2419.53,3882.997,23014.05,50404.53,1397.92,16381.05
2009-05-05,903.8,8977.37,4336.94,2407.55,3890.447,23430.24,50669.78,1397.92,16430.08
2009-05-06,919.53,8977.37,4396.49,2437.27,3867.099,23906.13,51499.48,1393.45,16834.57
2009-05-07,907.39,9385.7,4398.68,2406.08,3938.691,23589.4,50058.06,1401.08,17217.89
2009-05-08,929.23,9432.83,4462.09,2462.39,3941.713,24085.58,51395.99,1412.13,17389.87
2009-05-11,909.24,9451.98,4435.5,2433.59,3925.958,23943.02,50976.39,1415.16,17087.95
2009-05-12,908.35,9298.61,4425.54,2424.34,3877.232,23696.49,50325.78,1403.51,17153.64
2009-05-13,883.92,9340.49,4331.37,2357.3,3856.128,23155.01,48679.19,1414.52,17059.62
2009-05-14,893.07,9093.73,4362.58,2353.53,3723.385,23405.93,49446.02,1380.95,16541.69
2009-05-15,882.88,9265.02,4348.11,2364.1,3773.169,23341.72,49007.21,1391.73,16790.7
2009-05-18,909.71,9038.69,4446.45,2422.74,3735.639,23935.49,51463.02,1386.68,17022.91
2009-05-19,908.13,9290.29,4482.25,2459.59,3817.305,24344.62,51346.61,1428.21,17544.03
2009-05-20,903.47,9344.64,4468.41,2487.17,3824.624,24399.6,51245.09,1435.7,17475.84
2009-05-21,888.33,9264.15,4345.47,2423.72,3813.894,23821.26,50087.33,1421.65,17199.49
2009-05-22,887.0,9225.81,4365.29,2433.52,3761.583,24093.24,50568.49,1403.75,17062.52
2009-05-25,887.0,9347.0,4365.29,2440.23,3737.911,24198.96,50816.24,1400.9,17121.82
2009-05-26,910.33,9310.81,4411.72,2468.45,3788.447,24640.08,51840.8,1372.04,16991.56
2009-05-27,893.06,9438.77,4416.23,2479.48,3801.087,24507.81,51791.61,1362.02,17885.27
2009-05-28,906.83,9451.39,4387.54,2453.15,3755.665,24659.24,53040.74,1392.17,17885.27
2009-05-29,919.14,9522.5,4417.94,2451.24,3817.966,24331.71,53197.73,1395.89,18171.0
2009-06-01,942.87,9677.75,4506.19,2537.35,3894.425,25105.63,54486.29,1415.1,18888.59
2009-06-02,944.74,9704.31,4477.02,2534.17,3955.346,25183.83,53999.52,1412.85,18389.08
2009-06-03,931.76,9741.67,4383.42,2483.39,4017.182,24651.32,52086.63,1414.89,18576.47
2009-06-04,942.46,9668.96,4386.94,2487.08,3934.64,24748.03,53463.9,1378.14,18502.77
2009-06-05,940.09,9768.01,4438.56,2503.17,3971.158,24913.01,53341.01,1394.71,18679.53
2009-06-08,939.14,9865.63,4405.22,2468.37,3971.158,24932.88,53630.39,1393.3,18253.39
2009-06-09,942.43,9786.82,4404.79,2479.38,3934.857,25107.43,53157.13,1371.84,18058.49
2009-06-10,939.15,9991.49,4436.75,2500.94,4024.407,25183.72,53410.93,1414.88,18785.66
2009-06-11,944.89,9981.33,4461.87,2522.33,4047.223,25372.85,53410.93,1419.39,18791.03
2009-06-12,946.21,10135.82,4441.95,2509.22,4062.201,25460.02,53558.23,1428.59,18889.68
2009-06-15,923.72,10039.67,4326.01,2431.4,4031.715,24899.69,52033.82,1412.42,18498.96
2009-06-16,911.97,9752.88,4328.57,2425.97,3962.481,24224.83,51205.78,1399.15,18165.5
2009-06-17,910.71,9840.85,4278.46,2383.71,3904.13,24150.94,51045.84,1391.17,18084.6
2009-06-18,918.37,9703.72,4280.86,2414.44,3892.077,24340.65,50903.02,1375.76,17776.66
2009-06-19,921.23,9786.26,4345.93,2434.77,3899.558,24274.72,51373.77,1383.34,17920.93
2009-06-22,893.04,9826.27,4234.05,2359.28,3918.171,23314.68,49494.8,1399.71,18059.55
2009-06-23,895.1,9549.61,4230.02,2353.48,3796.909,23496.39,49813.58,1360.54,17538.37
2009-06-24,900.94,9590.32,4279.98,2418.46,3806.991,23711.24,49672.12,1363.79,17892.15
2009-06-25,920.26,9796.08,4252.57,2402.32,3855.993,24245.71,51514.81,1392.73,18275.03
2009-06-26,918.9,9877.39,4241.01,2389.91,3903.847,24458.23,51485.61,1394.53,18600.26
2009-06-29,927.23,9783.47,4294.03,2437.72,3886.91,24473.53,52137.58,1388.45,18528.51
2009-06-30,919.32,9958.44,4249.21,2401.69,3954.892,24368.38,51465.46,1390.07,18378.73
2009-07-01,923.33,9939.93,4340.71,2449.73,3874.021,24524.01,51543.78,1411.66,18378.73
2009-07-02,896.42,9876.15,4234.27,2369.65,3877.292,24051.46,51024.94,1411.48,18178.05
2009-07-03,896.42,9816.07,4236.28,2376.48,3828.21,24045.39,50934.69,1420.04,18203.4
2009-07-06,898.72,9680.87,4194.91,2343.88,3783.703,23742.49,50622.47,1428.94,17979.41
2009-07-07,881.03,9647.79,4187.0,2320.9,3766.887,23359.94,49456.7,1434.2,17862.27
2009-07-08,879.56,9420.75,4140.23,2291.33,3767.948,23468.98,49177.55,1431.02,17721.07
2009-07-09,882.68,9291.06,4158.66,2313.87,3763.329,23634.27,49177.55,1430.89,17790.59
2009-07-10,879.13,9287.28,4127.17,2281.47,3794.081,23656.26,49220.78,1428.62,17708.42
2009-07-13,901.05,9050.33,4202.13,2345.22,3737.467,23951.96,49186.93,1378.12,17254.63
2009-07-14,905.84,9261.81,4237.68,2370.71,3867.137,24340.65,48872.58,1385.56,17885.73
2009-07-15,932.68,9269.25,4346.46,2451.02,3924.518,25336.33,51296.66,1420.86,18258.66
2009-07-16,940.74,9344.16,4361.84,2458.97,3995.625,25735.56,51918.2,1432.22,18361.87
2009-07-17,940.38,9395.32,4388.75,2469.2,4000.766,25741.96,52072.49,1440.1,18805.66
2009-07-20,951.13,9395.32,4443.62,2500.69,4050.29,26284.06,53154.93,1478.51,19502.37
2009-07-21,954.58,9652.02,4481.17,2519.99,4050.678,26004.02,53233.57,1488.99,19501.73
2009-07-22,954.07,9723.16,4493.73,2528.85,4068.457,26288.21,53072.57,1494.04,19248.17
2009-07-23,976.29,9792.94,4559.8,2585.79,4064.069,26805.42,54249.36,1496.49,19817.7
2009-07-24,979.26,9944.55,4576.61,2582.76,4089.764,26646.37,54457.29,1502.59,19982.79
2009-07-27,982.18,10088.66,4586.13,2601.41,4139.574,26815.3,54548.99,1524.05,20251.62
2009-07-28,979.62,10087.26,4528.84,2573.08,4169.532,26850.75,54471.54,1526.03,20624.54
2009-07-29,975.15,10113.24,4547.53,2600.31,4142.776,26516.5,53734.53,1524.32,20135.5
2009-07-30,986.75,10165.21,4631.61,2654.74,4190.45,26810.27,54478.43,1534.74,20234.08
2009-07-31,987.48,10356.83,4608.36,2638.13,4243.979,27043.5,54765.72,1557.29,20573.33
2009-08-03,1002.63,10352.47,4682.46,2674.07,4263.371,27692.48,55997.81,1564.98,20807.26
2009-08-04,1005.65,10375.01,4671.37,2670.96,4309.289,27869.92,56038.07,1566.37,20796.43
2009-08-05,1002.72,10252.53,4647.13,2643.13,4264.492,28082.63,56384.08,1559.47,20494.77
2009-08-06,997.08,10388.09,4690.53,2662.01,4326.331,27802.41,55754.88,1565.04,20899.24
2009-08-07,1010.48,10412.09,4731.56,2706.22,4299.444,28179.55,56329.51,1576.0,20375.37
2009-08-10,1007.1,10524.26,4722.2,2693.61,4304.112,28305.32,56830.01,1576.11,20929.52
2009-08-11,994.35,10585.46,4671.34,2650.94,4331.969,27800.8,55761.16,1579.21,21074.21
2009-08-12,1005.81,10435.0,4716.76,2688.21,4343.059,28096.02,56588.26,1565.35,20435.24
2009-08-13,1012.73,10517.19,4755.46,2705.74,4435.909,28155.49,57047.98,1564.64,20861.3
2009-08-14,1004.09,10597.33,4713.97,2669.41,4461.007,27855.43,56638.0,1591.41,20893.33
2009-08-17,979.73,10268.61,4645.01,2603.79,4388.448,27299.58,55218.37,1547.06,20137.65
2009-08-18,989.67,10284.96,4685.78,2630.6,4381.599,27544.32,55748.92,1550.24,20306.27
2009-08-19,996.46,10204.0,4689.67,2622.88,4373.847,27598.37,56156.28,1545.96,19954.23
2009-08-20,1007.37,10383.41,4756.58,2663.67,4377.534,27944.24,56831.48,1576.39,20328.86
2009-08-21,1026.13,10238.2,4850.89,2745.62,4290.561,28308.96,57728.59,1580.98,20199.02
2009-08-24,1025.57,10581.05,4896.23,2778.34,4426.102,28004.27,57775.37,1612.22,20535.94
2009-08-25,1028.0,10497.36,4916.8,2801.14,4405.82,28005.46,57421.43,1601.38,20435.24
2009-08-26,1028.12,10639.71,4890.58,2788.9,4454.451,28212.85,57765.69,1614.12,20456.32
2009-08-27,1030.98,10473.97,4869.35,2777.62,4450.75,28437.26,57703.85,1599.33,20242.75
2009-08-28,1028.93,10534.14,4908.9,2803.65,4489.588,28599.92,57700.57,1607.94,20098.62
2009-08-31,1020.63,10492.53,4908.9,2775.17,4479.134,28129.95,56488.98,1591.85,19724.19
2009-09-01,998.04,10530.06,4819.7,2715.74,4514.606,27749.16,55814.96,1623.06,19872.3
2009-09-02,994.75,10280.46,4817.55,2703.76,4438.205,27953.34,55385.72,1613.16,19522.0
2009-09-03,1003.24,10214.64,4796.75,2699.22,4429.568,28150.09,55707.17,1613.53,19761.68
2009-09-04,1016.4,10187.11,4851.7,2743.34,4435.517,28309.55,56652.28,1608.9,20318.62
2009-09-07,1016.4,10320.94,4933.18,2783.84,4454.394,28585.25,56652.28,1608.57,20629.31
2009-09-08,1025.39,10393.23,4947.34,2786.25,4523.757,29190.82,57854.8,1619.69,21069.81
2009-09-09,1033.37,10312.14,5004.3,2820.58,4522.217,29100.05,57909.95,1607.77,20851.04
2009-09-10,1044.14,10513.67,4987.68,2817.5,4570.755,29318.42,58535.79,1644.68,21069.56
2009-09-11,1042.73,10444.33,5011.47,2831.37,4596.076,29448.79,58366.38,1651.7,21161.42
2009-09-14,1049.34,10202.06,5018.85,2829.25,4531.114,29383.19,58867.55,1634.91,20932.2
2009-09-15,1052.63,10217.62,5042.13,2843.0,4540.349,29625.02,59263.86,1653.4,20866.37
2009-09-16,1068.76,10270.77,5124.13,2882.28,4650.402,29625.02,60410.66,1683.33,21402.92
2009-09-17,1065.48,10443.8,5163.95,2895.45,4714.909,30017.72,60236.03,1695.47,21768.51
2009-09-18,1068.3,10370.54,5172.89,2887.24,4693.243,29942.0,60703.01,1699.71,21623.45
2009-09-21,1064.66,10370.54,5134.36,2872.51,4677.383,29607.16,60928.02,1695.5,21472.85
2009-09-22,1071.66,10370.54,5142.6,2881.6,4663.694,29513.68,61493.39,1718.88,21701.14
2009-09-23,1060.87,10370.54,5139.37,2887.24,4734.137,28959.67,60496.19,1711.47,21595.52
2009-09-24,1050.78,10544.22,5079.27,2838.22,4701.203,28465.11,60046.28,1693.88,21050.73
2009-09-25,1044.38,10265.98,5082.2,2831.95,4713.259,28759.98,60355.73,1691.48,21024.4
2009-09-28,1062.98,10009.52,5165.7,2899.12,4677.382,29401.99,61316.62,1675.55,20588.41
2009-09-29,1060.61,10100.2,5159.72,2892.44,4753.125,29432.01,61235.26,1690.05,21013.17
2009-09-30,1057.08,10133.23,5133.9,2872.63,4743.639,29232.24,61517.89,1673.14,20955.25
2009-10-01,1029.85,9978.64,5047.81,2810.46,4701.133,28588.26,60459.33,1644.63,20955.25
2009-10-02,1025.21,9731.87,4988.7,2760.6,4601.651,28678.66,61171.99,1644.63,20375.49
2009-10-05,1040.46,9674.49,5024.33,2790.78,4573.274,29214.4,62369.3,1606.9,20429.07
2009-10-06,1054.72,9691.8,5137.98,2865.7,4591.615,29690.48,62670.59,1598.44,20811.53
2009-10-07,1057.59,9799.6,5108.9,2852.17,4695.708,29763.37,62638.28,1598.0,21241.59
2009-10-08,1065.48,9832.47,5154.64,2887.61,4768.586,29898.85,63759.87,1615.46,21492.9
2009-10-09,1071.49,10016.39,5161.87,2882.18,4752.853,30039.71,64071.01,1646.79,21499.44
2009-10-12,1076.19,10016.39,5210.17,2914.35,4739.825,30475.43,64071.01,1639.81,21299.35
2009-10-13,1073.19,10076.56,5154.15,2879.06,4785.67,30611.1,64645.59,1628.93,21467.36
2009-10-14,1092.02,10060.21,5256.1,2950.82,4831.126,30881.1,66201.13,1649.09,21886.48
2009-10-15,1096.56,10238.65,5222.95,2939.09,4859.887,31017.73,66703.32,1658.99,21999.08
2009-10-16,1087.68,10257.56,5190.24,2893.53,4836.447,30726.3,66200.49,1640.36,21929.9
2009-10-19,1097.91,10236.51,5281.54,2947.41,4792.789,30927.11,67239.45,1649.07,22200.46
2009-10-20,1091.06,10336.84,5243.4,2925.08,4846.249,31000.94,65303.11,1659.15,22384.96
2009-10-21,1081.4,10333.39,5257.85,2936.83,4838.64,30889.05,65485.59,1653.86,22318.11
2009-10-22,1092.91,10267.17,5207.36,2902.19,4812.761,30761.76,66134.97,1630.33,22210.52
2009-10-23,1079.6,10282.99,5242.57,2886.08,4859.404,30617.68,65058.84,1640.17,22589.73
2009-10-26,1066.95,10362.62,5191.74,2834.82,4830.288,30280.08,65085.55,1657.11,22589.73
2009-10-27,1063.42,10212.46,5200.97,2835.17,4753.533,29312.84,63161.04,1649.53,22169.59
2009-10-28,1042.63,10075.05,5080.42,2778.46,4685.136,28670.9,60162.31,1609.71,21761.58
2009-10-29,1066.11,9891.1,5137.72,2824.78,4574.749,29247.83,63720.58,1585.85,21264.99
2009-10-30,1036.2,10034.74,5044.55,2743.5,4643.231,28646.03,61545.5,1580.69,21752.87
2009-11-02,1042.88,9802.95,5104.5,2762.95,4540.417,28646.03,61545.5,1559.09,21620.19
2009-11-03,1045.41,9802.95,5037.21,2712.3,4531.469,28886.53,62643.23,1549.92,21240.06
2009-11-04,1046.5,9844.31,5107.89,2763.29,4540.111,29430.51,63912.57,1579.93,21614.77
2009-11-05,1066.63,9717.44,5125.64,2793.44,4507.988,29735.34,64815.72,1552.24,21479.08
2009-11-06,1069.3,9789.35,5142.72,2794.25,4594.039,29868.62,64466.13,1572.46,21829.72
2009-11-09,1093.08,9808.99,5235.18,2860.11,4674.942,30646.24,66214.35,1576.79,22207.55
2009-11-10,1093.01,9870.73,5230.55,2856.44,4733.566,30788.2,66303.49,1582.3,22268.16
2009-11-11,1098.51,9871.68,5266.75,2881.01,4757.025,31097.64,66431.24,1594.82,22627.21
2009-11-12,1087.24,9804.49,5276.5,2876.92,4747.886,30759.85,64447.93,1572.73,22397.57
2009-11-13,1093.48,9770.31,5296.38,2883.04,4706.439,31002.09,65325.63,1571.99,22553.63
2009-11-16,1109.3,9791.18,5382.67,2926.15,4755.185,31002.09,66627.1,1592.47,22943.98
2009-11-17,1110.32,9729.93,5345.93,2906.92,4729.447,31400.2,67405.98,1585.98,22914.15
2009-11-18,1109.8,9676.8,5342.13,2908.53,4739.04,31056.62,66515.66,1603.97,22840.33
2009-11-19,1094.9,9549.47,5267.7,2860.29,4749.224,30817.67,66327.28,1620.54,22643.16
2009-11-20,1091.38,9497.68,5251.41,2833.06,4685.763,30666.51,66327.28,1620.6,22455.84
2009-11-23,1106.24,9497.68,5355.5,2898.19,4717.039,31126.17,66809.4,1619.05,22771.39
2009-11-24,1105.65,9401.58,5323.96,2877.58,4685.047,30961.99,67317.0,1606.42,22423.14
2009-11-25,1110.63,9441.64,5364.81,2896.9,4722.229,31364.04,67917.08,1611.88,22611.8
2009-11-26,1110.63,9383.24,5194.13,2799.44,4708.646,30447.83,66391.8,1599.52,22210.41
2009-11-27,1091.49,9081.52,5245.73,2831.14,4572.067,30775.45,67082.15,1524.5,21134.5
2009-11-30,1095.63,9345.55,5190.68,2797.25,4701.35,30957.11,67044.44,1555.6,21821.5
2009-12-01,1108.86,9572.2,5312.17,2871.75,4718.998,31750.58,68408.4,1569.72,22113.15
2009-12-02,1109.23,9608.94,5327.39,2877.94,4762.363,32111.79,68614.79,1591.63,22289.57
2009-12-03,1099.92,9977.67,5313.0,2876.14,4774.594,31967.43,68314.82,1615.0,22553.87
2009-12-04,1105.98,10022.59,5322.36,2910.33,4702.217,32105.39,67603.52,1624.76,22498.15
2009-12-07,1103.25,10167.6,5310.66,2896.23,4676.46,32085.17,68512.19,1632.65,22324.96
2009-12-08,1091.94,10140.47,5223.13,2849.17,4670.646,31710.39,67728.51,1627.78,22060.52
2009-12-09,1095.95,10004.72,5203.89,2818.1,4637.893,31670.21,68011.99,1634.17,21741.76
2009-12-10,1102.35,9862.82,5244.37,2851.29,4606.592,31916.6,68728.29,1652.73,21700.04
2009-12-11,1106.41,10107.87,5261.57,2862.32,4635.227,31901.69,69267.47,1656.9,21902.11
2009-12-14,1114.11,10105.68,5315.34,2885.0,4654.004,32009.88,69349.4,1664.77,22085.75
2009-12-15,1107.93,10083.48,5285.77,2888.58,4673.492,31902.6,69310.81,1665.85,21813.92
2009-12-16,1109.18,10177.41,5320.26,2926.52,4661.914,31956.25,68622.4,1664.24,21611.74
2009-12-17,1096.08,10163.8,5217.61,2891.66,4670.269,31948.41,67067.96,1647.84,21347.63
2009-12-18,1102.47,10142.05,5196.81,2871.22,4650.521,31834.07,66794.21,1647.04,21175.88
2009-12-21,1114.05,10183.47,5293.99,2926.05,4635.13,31799.23,65925.19,1644.23,20948.1
2009-12-22,1118.02,10378.03,5328.66,2945.71,4704.247,32240.32,67417.93,1655.54,21092.04
2009-12-23,1120.59,10378.03,5372.38,2957.48,4739.344,32450.23,67588.86,1661.35,21328.74
2009-12-24,1126.48,10536.92,5402.41,2957.03,4790.852,32548.53,67588.86,1682.34,21517.0
2009-12-25,1126.48,10494.71,5402.41,2957.03,4790.852,32548.53,67588.86,1682.34,21517.0
2009-12-28,1127.78,10634.23,5402.41,2982.42,4790.852,32610.51,67901.7,1685.59,21480.22
2009-12-29,1126.2,10638.06,5437.61,2992.08,4845.107,32626.29,68296.04,1672.48,21499.44
2009-12-30,1126.42,10546.44,5397.86,2966.24,4833.317,32448.74,68588.41,1682.77,21496.62
2009-12-31,1115.1,10546.44,5412.88,2964.96,4870.642,32120.47,68588.41,1682.77,21872.5
2010-01-01,1115.1,10546.44,5412.88,2964.96,4870.642,32120.47,68588.41,1682.77,21872.5
2010-01-04,1132.98,10654.79,5500.34,3017.8,4876.254,32758.53,70045.08,1696.14,21823.28
2010-01-05,1136.52,10681.83,5522.5,3012.36,4924.265,32732.76,70239.82,1690.62,22279.58
2010-01-06,1137.14,10731.45,5530.04,3009.66,4921.397,32830.16,70729.34,1705.32,22416.67
2010-01-07,1141.7,10681.66,5526.72,3007.34,4899.402,33064.57,70451.12,1683.45,22269.45
2010-01-08,1144.98,10798.32,5534.24,3017.85,4912.131,32892.04,70262.7,1695.26,22296.75
2010-01-11,1146.98,10798.32,5538.07,3010.24,4950.661,32935.38,70433.49,1694.12,22411.52
2010-01-12,1136.22,10879.14,5498.71,2976.89,4899.523,32792.66,70075.78,1698.64,22326.64
2010-01-13,1145.68,10735.03,5473.48,2978.41,4868.131,32836.08,70385.47,1671.41,21748.6
2010-01-14,1148.46,10907.68,5498.2,2989.71,4898.038,32729.58,69801.42,1685.77,21716.95
2010-01-15,1136.03,10982.1,5455.37,2940.25,4899.591,32262.3,68978.3,1701.8,21654.16
2010-01-18,1136.03,10855.08,5494.39,2957.87,4911.066,32482.73,69400.93,1711.78,21460.01
2010-01-19,1150.23,10764.9,5513.14,2984.82,4861.232,32473.05,69908.59,1710.22,21677.98
2010-01-20,1138.04,10737.52,5420.8,2914.6,4868.191,32025.34,68200.07,1714.38,21286.17
2010-01-21,1116.48,10868.41,5335.1,2863.25,4827.16,31205.3,66270.14,1722.01,20862.67
2010-01-22,1091.76,10590.55,5302.99,2836.8,4750.613,30830.91,66220.04,1684.35,20726.18
2010-01-25,1096.79,10512.69,5260.31,2807.3,4717.856,30465.06,66220.04,1670.2,20598.55
2010-01-26,1092.17,10325.28,5276.85,2827.74,4717.856,30651.56,65523.73,1637.34,20109.33
2010-01-27,1097.5,10252.08,5217.47,2787.4,4644.635,30610.83,65069.79,1625.48,20033.07
2010-01-28,1084.53,10414.29,5145.74,2737.33,4673.262,30811.35,65587.81,1642.43,20356.37
2010-01-29,1073.87,10198.04,5188.52,2776.83,4569.619,30391.61,65401.77,1602.43,20121.99
2010-02-01,1089.19,10205.02,5247.41,2793.29,4524.141,30391.61,66571.74,1606.44,20243.75
2010-02-02,1103.32,10371.09,5283.31,2830.01,4605.333,30876.65,67163.21,1595.81,20272.18
2010-02-03,1097.28,10404.33,5253.15,2804.61,4647.889,31287.04,67108.56,1615.02,20722.08
2010-02-04,1063.11,10355.98,5139.31,2707.45,4621.598,30603.71,63934.01,1616.42,20341.64
2010-02-05,1066.19,10057.09,5060.92,2631.64,4514.062,30630.73,62762.7,1567.12,19665.08
2010-02-08,1056.74,9951.82,5092.33,2664.29,4521.355,30649.44,63153.09,1552.79,19550.89
2010-02-09,1070.52,9932.9,5111.84,2668.43,4505.066,30818.48,64718.17,1570.49,19790.28
2010-02-10,1068.14,9963.99,5131.99,2700.17,4513.417,30746.05,65051.42,1570.12,19922.22
2010-02-11,1078.47,9963.99,5161.48,2680.25,4554.299,30845.63,66128.94,1597.81,20290.69
2010-02-12,1075.51,10092.19,5142.45,2674.46,4562.092,31005.74,65854.97,1593.66,20268.69
2010-02-15,1075.51,10013.3,5167.47,2683.83,4545.45,31038.32,65854.97,1593.66,20268.69
2010-02-16,1094.87,10034.25,5244.06,2720.77,4567.755,31644.77,65854.97,1601.05,20268.69
2010-02-17,1099.51,10306.83,5276.64,2762.25,4667.859,31892.12,67284.57,1627.43,20534.01
2010-02-18,1106.75,10335.69,5325.09,2778.3,4654.914,32170.79,67836.08,1621.19,20422.15
2010-02-19,1109.17,10123.58,5358.17,2793.37,4635.064,32172.11,67597.43,1593.9,19894.02
2010-02-22,1108.02,10400.47,5352.07,2778.12,4717.532,32034.34,67184.16,1627.1,20377.27
2010-02-23,1094.6,10352.1,5315.09,2730.57,4718.314,31850.24,66108.33,1628.9,20623.0
2010-02-24,1105.24,10198.83,5342.92,2734.95,4648.515,31788.54,65794.77,1612.83,20467.74
2010-02-25,1102.94,10101.96,5278.22,2684.42,4594.065,31649.1,66121.04,1587.51,20399.57
2010-02-26,1104.49,10126.03,5354.52,2728.47,4637.717,31634.54,66503.27,1594.58,20608.7
2010-03-01,1115.71,10172.06,5405.94,2772.7,4686.532,31765.14,67227.93,1594.58,21056.93
2010-03-02,1118.31,10221.84,5484.06,2796.33,4701.919,32055.04,67779.16,1615.12,20906.11
2010-03-03,1118.79,10253.14,5533.21,2822.59,4735.667,32353.54,67641.34,1622.44,20876.79
2010-03-04,1122.97,10145.72,5527.16,2816.1,4750.501,32202.0,67814.71,1618.2,20575.78
2010-03-05,1138.7,10368.96,5599.76,2877.44,4767.239,32436.53,68846.5,1634.57,20787.97
2010-03-08,1138.51,10585.92,5606.72,2879.29,4807.858,32520.27,68575.47,1660.04,21196.87
2010-03-09,1140.45,10567.65,5602.3,2880.71,4820.096,32514.17,69576.38,1660.83,21207.55
2010-03-10,1145.61,10563.92,5640.57,2909.4,4819.956,32505.76,69979.28,1662.24,21208.29
2010-03-11,1150.24,10664.95,5617.26,2895.74,4814.199,32602.94,69884.61,1656.62,21228.2
2010-03-12,1149.99,10751.26,5625.65,2898.36,4818.121,32578.05,69341.38,1662.74,21209.74
2010-03-15,1150.51,10751.98,5593.85,2870.55,4784.085,32578.05,69023.75,1649.5,21079.1
2010-03-16,1159.46,10721.71,5620.43,2905.93,4797.249,32723.9,69942.21,1648.01,21022.93
2010-03-17,1166.21,10846.98,5644.63,2931.31,4853.169,32798.3,69723.24,1682.86,21384.49
2010-03-18,1165.83,10744.03,5642.62,2913.74,4863.113,32969.83,69697.33,1675.17,21330.67
2010-03-19,1159.9,10824.72,5650.12,2897.95,4872.233,33022.84,68828.98,1686.11,21370.82
2010-03-22,1165.81,10824.72,5644.54,2890.75,4830.203,33142.02,69041.73,1672.67,20933.25
2010-03-23,1174.17,10774.15,5673.63,2910.52,4874.751,33361.27,69386.72,1681.82,20987.78
2010-03-24,1167.72,10815.03,5677.88,2903.94,4891.541,33160.97,68913.4,1681.01,21008.62
2010-03-25,1165.73,10828.85,5727.65,2948.09,4885.39,33164.33,68441.66,1688.39,20778.55
2010-03-26,1166.59,10996.37,5703.02,2940.94,4896.893,33147.81,68682.66,1697.72,21053.11
2010-03-29,1173.22,10986.47,5710.66,2947.49,4897.271,33416.1,69939.12,1691.99,21237.43
2010-03-30,1173.27,11097.14,5672.32,2939.68,4916.79,33399.46,69959.58,1700.19,21374.79
2010-03-31,1169.43,11089.94,5679.64,2931.16,4875.516,33266.43,70371.54,1692.85,21239.35
2010-04-01,1178.1,11244.4,5744.89,2978.5,4907.736,33266.43,71136.34,1719.17,21537.0
2010-04-02,1178.1,11286.09,5744.89,2978.5,4907.736,33266.43,71136.34,1723.49,21537.0
2010-04-05,1187.44,11339.3,5744.89,2978.5,4907.736,33648.89,71289.68,1724.99,21537.0
2010-04-06,1189.44,11282.32,5780.35,2989.49,4953.704,33801.21,71095.65,1726.09,21537.0
2010-04-07,1182.45,11292.83,5762.06,2974.62,4960.91,33632.35,70792.94,1726.6,21928.77
2010-04-08,1186.44,11168.2,5712.7,2942.31,4937.91,33567.35,71784.78,1733.78,21867.04
2010-04-09,1194.37,11204.34,5770.98,2993.54,4948.092,33840.85,71417.27,1724.47,22208.5
2010-04-12,1196.48,11251.9,5777.65,3002.23,4984.268,33852.39,70614.36,1710.3,22138.17
2010-04-13,1197.3,11161.23,5761.66,2988.24,4951.62,33819.04,70792.4,1710.59,22103.53
2010-04-14,1210.65,11204.9,5796.25,3008.03,4994.662,34113.93,71034.85,1735.33,22121.43
2010-04-15,1211.67,11273.79,5825.01,3012.65,5001.929,34134.23,70524.35,1743.91,22157.82
2010-04-16,1192.13,11102.18,5743.96,2949.65,4984.658,33621.39,69421.35,1734.49,21865.26
2010-04-19,1197.52,10908.77,5727.91,2940.19,4915.071,33439.77,69097.58,1705.3,21405.17
2010-04-20,1207.18,10900.68,5783.69,2983.91,4925.761,33813.16,69318.44,1718.03,21623.38
2010-04-21,1205.95,11090.05,5723.43,2947.64,4954.272,33517.18,69318.44,1747.58,21510.93
2010-04-22,1208.67,10949.09,5665.33,2897.59,4907.381,33658.37,69386.41,1739.52,21454.94
2010-04-23,1217.28,10914.46,5723.65,2918.11,4881.522,33853.69,69509.49,1737.03,21244.49
2010-04-26,1212.05,11165.79,5753.85,2947.04,4881.522,33771.55,68871.94,1752.2,21587.06
2010-04-27,1183.71,11212.66,5603.52,2838.78,4880.023,32679.36,66511.1,1749.55,21261.79
2010-04-28,1191.36,10924.79,5586.61,2788.54,4822.791,32952.86,66655.71,1733.91,20949.4
2010-04-29,1206.78,10924.79,5617.84,2828.12,4785.581,32861.0,67978.05,1728.42,20778.92
2010-04-30,1186.69,11057.4,5553.29,2816.86,4807.368,32687.32,67529.73,1741.56,21108.59
2010-05-03,1202.26,11057.4,5553.29,2816.5,4785.478,32832.45,67119.41,1721.21,20811.36
2010-05-04,1173.6,11057.4,5411.11,2708.12,4737.08,32120.65,64869.32,1718.75,20763.05
2010-05-05,1165.9,11057.4,5341.93,2679.3,4674.026,31995.28,64914.17,1718.75,20327.54
2010-05-06,1128.15,10695.69,5260.99,2611.41,4573.247,31398.97,63414.22,1684.71,20133.41
2010-05-07,1110.89,10364.59,5123.02,2500.18,4480.71,31488.82,62870.88,1647.5,19920.29
2010-05-10,1159.73,10530.7,5387.42,2758.89,4599.782,32276.92,65452.68,1677.63,20426.64
2010-05-11,1155.79,10411.1,5334.21,2730.48,4547.985,32119.11,64424.89,1670.24,20146.51
2010-05-12,1171.67,10394.03,5383.45,2764.31,4572.952,32379.63,65223.63,1663.03,20212.49
2010-05-13,1157.44,10620.55,5433.73,2764.05,4652.779,32342.43,64788.22,1694.58,20422.46
2010-05-14,1135.68,10462.51,5262.85,2633.92,4611.107,31812.73,63412.47,1695.63,20145.43
2010-05-17,1136.94,10235.76,5262.54,2635.34,4467.203,31580.63,62866.26,1651.51,19715.2
2010-05-18,1120.8,10242.64,5307.34,2698.21,4470.745,31136.35,60841.08,1643.24,19944.94
2010-05-19,1115.05,10186.84,5158.08,2619.48,4387.1,30992.76,59689.32,1630.08,19578.98
2010-05-20,1071.59,10030.31,5073.13,2569.58,4316.458,30368.08,58192.08,1600.18,19545.83
2010-05-21,1087.69,9784.54,5062.93,2574.18,4305.444,30629.15,60259.33,1600.18,19545.83
2010-05-24,1073.65,9758.4,5069.61,2558.27,4395.389,30759.48,59915.14,1604.93,19667.76
2010-05-25,1074.03,9459.89,4940.68,2488.5,4265.342,30634.17,59184.08,1560.83,18985.5
2010-05-26,1067.95,9522.66,5038.08,2530.34,4307.194,31328.49,60190.36,1582.12,19196.45
2010-05-27,1103.06,9639.72,5195.17,2619.36,4379.166,32056.16,62091.77,1607.5,19431.37
2010-05-28,1089.41,9762.98,5188.43,2614.06,4457.488,31547.55,61946.99,1622.78,19766.71
2010-05-31,1089.41,9768.7,5188.43,2610.26,4429.674,32038.53,63046.51,1641.25,19765.19
2010-06-01,1070.71,9711.83,5163.3,2606.58,4413.116,31245.83,61840.99,1630.4,19496.95
2010-06-02,1098.38,9603.24,5151.32,2601.98,4381.034,31411.91,62942.91,1630.4,19471.8
2010-06-03,1102.83,9914.19,5211.18,2634.16,4485.963,31331.86,62942.91,1661.84,19786.71
2010-06-04,1064.88,9901.19,5126.0,2553.59,4449.361,30992.65,61675.75,1664.13,19780.07
2010-06-07,1050.47,9520.8,5069.06,2529.97,4325.891,30739.01,61182.92,1637.97,19378.15
2010-06-08,1062.0,9537.94,5028.15,2510.84,4381.221,31059.83,61793.64,1651.48,19487.48
2010-06-09,1055.69,9439.13,5085.86,2556.68,4385.326,31209.33,61478.61,1647.22,19621.24
2010-06-10,1086.84,9542.65,5132.5,2608.74,4435.313,31910.22,63048.8,1651.7,19632.7
2010-06-11,1091.6,9705.25,5163.68,2638.31,4505.454,32124.28,63605.38,1675.34,19872.38
2010-06-14,1089.63,9879.85,5202.13,2683.46,4505.454,32238.41,63532.85,1690.6,20051.91
2010-06-15,1115.23,9887.89,5217.82,2716.3,4505.044,32685.4,64442.27,1690.03,20062.15
2010-06-16,1114.61,10067.15,5237.92,2718.73,4558.953,32805.63,64750.71,1705.33,20062.15
2010-06-17,1116.04,9999.4,5253.89,2728.12,4527.341,32775.34,64540.91,1707.92,20138.4
2010-06-18,1117.51,9995.02,5250.84,2737.02,4551.894,32814.62,64437.58,1711.95,20286.71
2010-06-21,1113.2,10238.01,5299.11,2768.27,4612.596,32882.0,64829.03,1739.68,20912.18
2010-06-22,1095.31,10112.89,5246.98,2745.97,4558.34,32470.7,64810.62,1731.48,20819.08
2010-06-23,1092.04,9923.7,5178.52,2704.8,4486.09,32663.29,65160.33,1725.82,20856.61
2010-06-24,1073.69,9928.34,5100.23,2645.32,4479.656,32312.76,63936.7,1739.87,20733.49
2010-06-25,1076.77,9737.48,5046.47,2629.25,4413.003,32607.13,64823.83,1729.84,20690.79
2010-06-28,1074.57,9693.94,5071.68,2668.67,4384.55,32568.19,64225.22,1732.03,20726.68
2010-06-29,1041.24,9570.67,4914.22,2556.34,4345.669,31473.2,61977.91,1707.76,20248.9
2010-06-30,1030.71,9382.64,4916.87,2573.32,4301.505,31156.97,60935.9,1698.29,20128.99
2010-07-01,1027.37,9191.6,4805.75,2518.65,4237.463,31197.04,61236.2,1686.24,20128.99
2010-07-02,1022.58,9203.71,4838.09,2522.36,4238.725,31379.67,61429.79,1671.82,19905.32
2010-07-05,1022.58,9266.78,4823.53,2507.83,4222.107,31391.45,60865.27,1675.37,19842.2
2010-07-06,1028.06,9338.04,4965.0,2578.69,4276.087,31533.58,62064.75,1684.94,20084.12
2010-07-07,1060.27,9279.65,5014.82,2634.39,4254.567,32035.19,63283.8,1675.65,19857.07
2010-07-08,1070.24,9535.74,5105.45,2666.42,4356.852,31960.64,63476.32,1698.64,20050.56
2010-07-09,1077.96,9585.32,5132.94,2681.2,4396.312,32004.31,63476.32,1723.01,20378.66
2010-07-12,1078.75,9548.11,5167.02,2686.09,4409.935,31870.55,62960.1,1734.05,20467.43
2010-07-13,1095.34,9537.23,5271.02,2737.59,4380.301,32185.2,63685.56,1735.08,20431.06
2010-07-14,1095.17,9795.24,5253.52,2738.96,4462.441,32305.71,63479.46,1758.01,20560.81
2010-07-15,1096.48,9685.53,5211.29,2702.81,4442.554,32381.06,63489.37,1751.29,20255.62
2010-07-16,1064.88,9408.36,5158.85,2645.61,4422.738,31783.39,62339.27,1738.45,20250.16
2010-07-19,1071.25,9408.36,5148.28,2634.6,4358.31,31845.88,63297.04,1731.95,20090.95
2010-07-20,1083.48,9300.46,5139.46,2627.28,4403.595,32024.27,64462.5,1736.77,20264.59
2010-07-21,1069.59,9278.83,5214.64,2639.52,4412.749,32108.99,64476.84,1748.78,20487.23
2010-07-22,1093.67,9220.88,5313.81,2714.21,4374.654,32720.76,65748.1,1735.53,20589.7
2010-07-23,1102.66,9430.96,5312.62,2719.13,4458.391,32806.03,66322.99,1758.06,20815.33
2010-07-26,1115.01,9503.66,5351.12,2743.12,4486.14,32958.89,66443.26,1769.07,20839.91
2010-07-27,1113.84,9496.85,5365.67,2769.31,4497.396,32695.31,66674.44,1768.31,20973.39
2010-07-28,1106.13,9753.27,5319.68,2766.11,4529.938,32665.56,66808.25,1773.47,21091.18
2010-07-29,1101.53,9696.02,5313.95,2752.93,4524.067,32463.72,66953.83,1770.88,21093.82
2010-07-30,1101.6,9537.3,5258.02,2742.14,4493.48,32308.74,67515.4,1759.33,21029.81
2010-08-02,1125.86,9570.31,5397.11,2822.17,4541.597,32816.52,68517.46,1782.27,21412.79
2010-08-03,1120.46,9694.01,5396.48,2818.97,4571.593,32768.08,67997.36,1790.6,21457.66
2010-08-04,1127.24,9489.34,5386.16,2825.08,4542.081,32900.48,68272.0,1789.26,21549.88
2010-08-05,1125.82,9653.92,5365.78,2819.34,4566.503,32907.19,68411.72,1783.86,21551.72
2010-08-06,1121.64,9642.12,5332.39,2779.34,4566.056,32917.92,68094.76,1783.83,21678.8
2010-08-09,1127.79,9572.49,5410.52,2827.27,4594.896,32837.57,67862.28,1790.17,21801.59
2010-08-10,1121.06,9551.05,5376.41,2800.02,4540.742,32685.52,67223.23,1781.13,21473.6
2010-08-11,1089.47,9292.85,5245.21,2724.16,4455.466,32058.57,65790.29,1758.19,21294.54
2010-08-12,1083.61,9212.59,5266.06,2720.85,4400.892,32041.13,65966.17,1721.75,21105.71
2010-08-13,1079.25,9253.46,5275.44,2708.73,4459.593,32099.75,66264.43,1746.24,21071.57
2010-08-16,1079.38,9196.67,5276.1,2698.29,4438.493,32119.88,66701.89,1743.31,21112.12
2010-08-17,1092.54,9161.68,5350.55,2737.69,4476.975,32286.08,67583.77,1755.03,21137.43
2010-08-18,1094.16,9240.54,5302.87,2728.66,4474.909,32408.3,67638.38,1761.99,21022.73
2010-08-19,1075.63,9362.68,5211.29,2675.02,4479.021,32153.63,66887.13,1779.64,21072.46
2010-08-20,1071.69,9179.38,5195.28,2643.98,4430.915,32291.67,66677.16,1775.54,20981.82
2010-08-23,1067.36,9116.69,5234.84,2660.84,4428.99,32142.67,65981.86,1767.71,20889.01
2010-08-24,1051.87,8995.14,5155.95,2614.54,4381.342,31364.89,65156.36,1760.53,20658.71
2010-08-25,1055.33,8845.39,5109.4,2587.4,4320.135,31453.72,64803.43,1734.79,20634.98
2010-08-26,1047.22,8906.48,5155.84,2606.89,4356.021,31217.99,63867.48,1729.76,20612.06
2010-08-27,1064.59,8991.06,5201.56,2630.35,4370.112,31755.35,65585.14,1729.56,20597.35
2010-08-30,1048.92,9149.26,5201.56,2616.57,4452.712,31382.67,64260.79,1760.13,20737.22
2010-08-31,1049.33,8824.06,5225.22,2622.95,4404.232,31679.85,65145.45,1742.75,20536.49
2010-09-01,1080.29,8927.02,5366.41,2715.27,4495.71,32339.23,67072.53,1764.69,20623.83
2010-09-02,1090.1,9062.84,5371.04,2715.19,4532.66,32417.33,66808.08,1775.73,20868.92
2010-09-03,1104.51,9114.13,5428.15,2746.23,4541.199,32592.87,66678.62,1780.02,20971.5
2010-09-06,1104.51,9301.32,5439.19,2753.6,4575.536,32746.67,66747.3,1792.42,21355.77
2010-09-07,1091.84,9226.0,5407.82,2727.16,4573.237,32448.4,66747.3,1787.74,21401.79
2010-09-08,1098.87,9024.6,5429.74,2752.89,4537.157,32409.6,66407.28,1779.22,21088.86
2010-09-09,1104.18,9098.39,5494.16,2782.43,4582.239,32518.98,66624.1,1784.36,21167.27
2010-09-10,1109.55,9239.17,5501.64,2780.4,4560.251,32626.87,66806.79,1802.58,21257.39
2010-09-13,1121.9,9321.82,5565.53,2805.06,4614.926,32921.63,68030.58,1818.86,21658.35
2010-09-14,1121.1,9299.31,5567.41,2806.47,4626.456,33058.0,67691.85,1815.25,21696.04
2010-09-15,1125.07,9516.56,5555.56,2794.36,4661.5,33046.69,68106.85,1823.88,21725.64
2010-09-16,1124.66,9509.5,5540.14,2784.61,4605.317,33046.69,67662.99,1811.85,21691.45
2010-09-17,1125.59,9626.09,5508.45,2757.37,4638.891,33046.69,67089.12,1827.35,21970.86
2010-09-20,1142.71,9626.09,5602.54,2802.67,4631.345,33273.53,68190.46,1832.63,21977.34
2010-09-21,1139.78,9602.11,5576.19,2794.55,4617.518,33296.69,67719.13,1832.63,22002.59
2010-09-22,1134.28,9566.32,5551.91,2752.77,4625.216,33207.21,68325.18,1832.63,22047.71
2010-09-23,1124.83,9566.32,5547.08,2738.61,4633.647,33091.13,68794.32,1832.63,22047.71
2010-09-24,1148.67,9471.67,5598.48,2792.75,4601.865,33280.75,68196.48,1846.6,22119.43
2010-09-27,1142.16,9603.14,5573.42,2776.33,4675.365,33122.44,68815.97,1860.83,22340.84
2010-09-28,1147.7,9495.76,5578.44,2774.62,4669.753,33258.53,69227.63,1855.97,22109.95
2010-09-29,1144.73,9559.38,5569.27,2752.71,4644.982,33186.76,69228.24,1866.45,22378.67
2010-09-30,1141.2,9369.35,5548.62,2747.9,4582.909,33330.34,69429.78,1872.81,22358.17
2010-10-01,1146.24,9404.23,5592.9,2732.91,4579.245,33807.48,70229.35,1876.73,22358.17
2010-10-04,1137.03,9381.06,5555.97,2701.02,4625.301,34040.17,70384.92,1879.29,22618.66
2010-10-05,1160.75,9518.76,5635.76,2758.56,4606.889,34257.4,71283.11,1878.94,22639.14
2010-10-06,1159.97,9691.43,5681.39,2780.0,4686.785,34370.64,70541.37,1903.95,22880.41
2010-10-07,1158.06,9684.81,5662.13,2786.88,4691.26,34257.81,69918.4,1900.85,22884.32
2010-10-08,1165.15,9588.88,5657.61,2785.43,4681.411,34464.82,70808.8,1897.07,22944.18
2010-10-11,1165.32,9588.88,5672.4,2789.72,4697.497,34465.41,70946.49,1889.91,23207.31
2010-10-12,1169.77,9388.64,5661.59,2775.75,4618.182,34437.39,70946.49,1868.04,23121.7
2010-10-13,1178.1,9403.51,5747.35,2840.55,4619.878,34798.65,71674.9,1876.15,23457.69
2010-10-14,1173.81,9583.51,5727.21,2836.11,4699.085,34836.5,71692.29,1899.76,23852.17
2010-10-15,1176.19,9500.25,5703.37,2841.65,4688.951,34741.54,71830.18,1902.29,23757.63
2010-10-18,1184.71,9498.49,5742.52,2850.72,4651.887,34919.31,71735.53,1875.42,23469.38
2010-10-19,1165.9,9539.45,5703.89,2837.33,4655.675,34452.21,69863.58,1857.32,23763.73
2010-10-20,1178.17,9381.6,5728.93,2851.52,4624.892,34880.47,70404.68,1870.44,23556.5
2010-10-21,1180.27,9376.48,5757.86,2882.29,4622.897,34965.25,69652.1,1874.69,23649.48
2010-10-22,1183.08,9426.71,5741.37,2873.74,4648.226,35120.88,69529.73,1897.31,23517.54
2010-10-25,1185.62,9401.16,5751.98,2871.48,4709.985,35262.89,69580.28,1915.71,23627.91
2010-10-26,1185.64,9377.38,5707.3,2856.31,4687.788,35373.39,70740.39,1919.41,23601.24
2010-10-27,1182.45,9387.03,5646.02,2829.42,4648.144,35262.9,70568.94,1909.54,23164.58
2010-10-28,1183.78,9366.03,5677.89,2845.53,4684.861,35376.72,70320.13,1907.87,23210.86
2010-10-29,1183.26,9202.45,5675.16,2844.99,4661.595,35568.22,70673.3,1882.95,23096.32
2010-11-01,1184.39,9154.72,5694.62,2836.73,4698.481,35722.71,71560.93,1914.74,23652.94
2010-11-02,1193.57,9159.98,5757.43,2861.01,4701.382,35722.71,71560.93,1918.04,23671.42
2010-11-03,1197.96,9159.98,5748.97,2830.43,4722.581,35843.81,71904.77,1935.97,24144.67
2010-11-04,1221.06,9358.78,5862.79,2884.21,4745.315,36198.6,72995.69,1942.5,24535.63
2010-11-05,1225.85,9625.99,5875.35,2875.94,4800.64,36317.51,72606.58,1938.96,24876.82
2010-11-08,1223.25,9732.92,5849.96,2867.96,4778.436,36543.39,72657.37,1942.41,24964.37
2010-11-09,1213.4,9694.49,5875.19,2890.64,4740.716,36198.03,71679.47,1947.46,24710.6
2010-11-10,1218.71,9830.52,5816.94,2845.93,4699.81,36417.47,71638.38,1967.85,24500.61
2010-11-11,1213.54,9861.46,5815.23,2831.22,4728.568,36304.54,71195.16,1914.73,24700.3
2010-11-12,1199.21,9724.81,5796.87,2822.43,4692.73,36057.39,70367.15,1913.12,24222.58
2010-11-15,1197.75,9827.51,5820.41,2848.45,4688.044,36057.39,70367.15,1913.81,24027.18
2010-11-16,1178.34,9797.1,5681.9,2781.77,4700.275,35648.21,69192.41,1899.13,23693.02
2010-11-17,1178.59,9811.66,5692.56,2802.7,4624.251,35842.48,69708.63,1897.11,23214.46
2010-11-18,1196.69,10013.63,5768.71,2855.23,4640.151,36322.12,70781.4,1927.86,23637.39
2010-11-19,1199.73,10022.39,5732.83,2845.75,4629.204,36601.4,70897.9,1940.96,23605.71
2010-11-22,1197.84,10115.19,5680.83,2811.43,4643.532,36710.46,69632.5,1944.34,23524.02
2010-11-23,1180.73,10115.19,5581.28,2739.37,4589.068,36271.83,67952.55,1928.94,22896.14
2010-11-24,1198.35,10030.11,5657.1,2758.02,4584.65,37079.28,69629.36,1925.98,23023.86
2010-11-25,1198.35,10079.76,5698.93,2765.05,4593.423,36969.2,69361.63,1927.68,23054.68
2010-11-26,1189.4,10039.56,5668.7,2736.96,4598.341,36904.53,68226.1,1901.8,22877.25
2010-11-29,1187.76,10125.99,5550.95,2669.96,4618.511,36890.61,67908.18,1895.54,23166.22
2010-11-30,1180.55,9937.04,5528.27,2650.99,4584.427,36817.32,67705.4,1904.63,23007.99
2010-12-01,1206.07,9988.05,5642.5,2721.87,4586.622,37277.56,69345.85,1929.32,23249.8
2010-12-02,1221.53,10168.52,5767.56,2781.39,4676.239,37399.47,69527.07,1950.26,23448.78
2010-12-03,1224.71,10178.32,5745.32,2782.39,4694.222,37385.91,69766.09,1957.26,23320.52
2010-12-06,1223.12,10167.23,5770.28,2769.96,4688.62,37737.13,69551.81,1953.64,23237.69
2010-12-07,1223.75,10141.1,5808.45,2802.74,4726.844,37880.13,69337.64,1962.52,23428.15
2010-12-08,1228.28,10232.33,5794.53,2818.95,4699.918,37617.77,68174.92,1955.72,23092.52
2010-12-09,1233.0,10285.88,5807.96,2840.71,4741.295,37567.39,67879.46,1988.96,23171.8
2010-12-10,1240.4,10211.95,5812.95,2839.53,4745.938,37677.78,68341.83,1986.14,23162.91
2010-12-13,1240.46,10293.89,5860.75,2855.37,4757.116,37894.34,69126.32,1996.59,23317.61
2010-12-14,1241.59,10316.77,5891.21,2861.67,4766.859,37901.04,68742.97,2009.05,23431.19
2010-12-15,1235.23,10309.78,5882.18,2841.99,4767.779,37676.55,67870.14,2017.48,22975.35
2010-12-16,1242.87,10311.29,5881.12,2845.78,4783.971,37832.86,67306.39,2009.24,22668.78
2010-12-17,1243.91,10303.83,5871.75,2821.77,4763.082,37997.34,67981.22,2026.3,22714.85
2010-12-20,1247.08,10216.41,5891.61,2839.22,4736.581,37975.48,67263.6,2020.28,22639.08
2010-12-21,1254.6,10370.53,5951.8,2876.99,4771.857,38230.86,68214.86,2037.09,22993.86
2010-12-22,1258.84,10346.48,5983.49,2869.63,4778.432,38172.91,68470.76,2038.11,23045.19
2010-12-23,1256.77,10346.48,5996.07,2864.52,4799.015,38131.47,68485.96,2037.53,22902.97
2010-12-24,1256.77,10279.19,6008.92,2861.94,4777.263,38081.07,68485.96,2029.6,22833.8
2010-12-27,1257.54,10355.99,6008.92,2826.51,4777.263,38132.85,67803.16,2022.19,22833.8
2010-12-28,1258.51,10292.63,6008.92,2824.3,4777.263,38147.51,68040.94,2033.32,22621.73
2010-12-29,1259.78,10344.54,5996.36,2841.23,4775.228,38230.2,68952.42,2043.49,22969.3
2010-12-30,1257.88,10228.92,5971.01,2807.04,4790.382,38243.14,69304.81,2051.0,22999.34
2010-12-31,1257.64,10228.92,5899.94,2792.82,4745.24,38550.79,69304.81,2051.0,23035.45
2011-01-03,1271.87,10228.92,5899.94,2839.43,4745.24,38605.8,69962.32,2070.08,23436.05
2011-01-04,1270.2,10398.1,6013.87,2844.17,4742.479,38542.16,70317.79,2085.14,23668.48
2011-01-05,1276.56,10380.77,6043.86,2833.74,4714.932,38696.24,71091.03,2082.55,23757.82
2011-01-06,1273.85,10529.76,6019.51,2836.23,4724.983,38589.67,70578.83,2077.61,23786.3
2011-01-07,1271.5,10541.04,5984.33,2808.25,4705.039,38600.86,70057.2,2086.2,23686.63
2011-01-10,1269.75,10541.04,5956.3,2760.88,4712.293,38378.16,70127.04,2080.81,23527.26
2011-01-11,1274.48,10510.68,6014.03,2796.6,4710.671,38028.81,70423.44,2088.32,23760.34
2011-01-12,1285.96,10512.8,6050.72,2879.11,4724.207,37963.31,71632.9,2094.95,24125.61
2011-01-13,1283.76,10589.76,6023.88,2915.62,4795.237,38070.19,70721.44,2089.48,24238.98
2011-01-14,1293.24,10499.04,6002.07,2920.4,4801.48,37994.72,70940.22,2108.17,24283.23
2011-01-17,1293.24,10502.86,5985.7,2910.63,4763.069,38096.91,70609.07,2099.85,24156.97
2011-01-18,1295.02,10518.98,6056.43,2945.62,4801.811,38151.3,70919.75,2096.48,24153.98
2011-01-19,1281.92,10557.1,5976.7,2923.76,4834.557,37810.16,70058.08,2115.69,24419.62
2011-01-20,1280.26,10437.31,5867.91,2927.42,4783.681,37584.68,69561.53,2106.66,24003.7
2011-01-21,1283.35,10274.52,5896.25,2970.56,4755.651,37321.11,69133.09,2069.92,23876.86
2011-01-24,1290.84,10345.11,5943.85,2979.06,4786.039,37667.9,69426.57,2082.16,23801.78
2011-01-25,1291.18,10464.42,5917.71,2957.78,4807.819,37470.76,69426.57,2086.67,23788.83
2011-01-26,1296.63,10401.9,5969.21,2967.78,4807.819,37585.4,68709.22,2110.46,23843.24
2011-01-27,1299.54,10478.66,5965.08,2989.75,4806.092,37447.7,68050.71,2115.01,23779.62
2011-01-28,1276.34,10360.34,5881.37,2954.13,4774.888,36839.72,66697.57,2107.87,23617.02
2011-01-31,1286.12,10237.92,5862.94,2953.63,4753.918,36982.24,66574.88,2069.73,23447.34
2011-02-01,1307.59,10274.5,5957.82,3006.81,4752.108,37618.1,67847.34,2072.03,23482.95
2011-02-02,1304.03,10457.36,6000.07,3012.7,4796.511,37948.75,66688.48,2072.03,23908.96
2011-02-03,1307.1,10431.36,5983.34,2995.49,4820.573,37739.08,66764.84,2072.03,23908.96
2011-02-04,1310.87,10543.52,5997.38,3003.19,4862.715,37451.84,65269.15,2072.03,23908.96
2011-02-07,1319.05,10592.04,6051.03,3031.18,4868.55,37451.84,65362.04,2081.74,23553.59
2011-02-08,1324.57,10635.98,6091.33,3042.5,4890.356,37565.65,65771.33,2069.7,23484.3
2011-02-09,1320.88,10617.83,6052.29,3031.62,4904.756,36986.94,64217.52,2045.58,23164.03
2011-02-10,1321.87,10605.65,6020.01,3025.68,4914.434,36652.13,64577.83,2008.5,22708.62
2011-02-11,1329.15,10605.65,6062.9,3024.37,4880.94,37011.49,65755.66,1977.19,22828.92
2011-02-14,1332.32,10725.54,6060.09,3018.38,4935.817,36998.93,66557.55,2014.59,23121.06
2011-02-15,1328.01,10746.67,6037.08,3030.46,4931.031,36951.25,66341.39,2010.52,22899.78
2011-02-16,1336.32,10808.29,6085.27,3061.92,4930.202,37074.93,67576.62,1989.11,23156.97
2011-02-17,1340.43,10836.64,6087.38,3064.54,4938.44,37226.43,67684.99,1977.22,23301.84
2011-02-18,1343.01,10842.8,6082.99,3068.0,4936.73,37522.3,68066.82,2013.14,23595.24
2011-02-21,1343.01,10857.53,6014.8,3012.34,4899.987,37242.05,67258.66,2005.3,23485.42
2011-02-22,1315.45,10664.7,5996.76,2983.33,4856.667,36781.55,66439.83,1969.92,22990.81
2011-02-23,1307.4,10579.1,5923.53,2954.92,4845.866,36464.07,66910.48,1961.63,22906.9
2011-02-24,1306.1,10452.71,5919.98,2949.13,4809.348,36446.56,66948.99,1949.88,22601.04
2011-02-25,1319.88,10526.76,6001.2,2985.02,4836.529,36880.2,66902.53,1963.43,23012.37
2011-02-28,1327.22,10624.09,5994.01,3013.09,4831.659,37019.7,67383.22,1939.3,23338.02
2011-03-01,1306.33,10754.03,5935.76,2983.27,4826.404,36768.09,66242.63,1939.3,23396.42
2011-03-02,1308.44,10492.38,5914.89,2958.8,4803.21,36863.53,67281.51,1928.24,23048.66
2011-03-03,1330.97,10586.02,6005.09,2969.24,4806.445,37132.98,68145.53,1970.66,23122.42
2011-03-04,1321.15,10693.66,5990.39,2949.18,4864.277,36900.84,68012.1,2004.68,23408.86
2011-03-07,1310.13,10505.02,5973.78,2931.42,4797.878,36603.3,68012.1,1980.27,23313.19
2011-03-08,1321.82,10525.19,5974.76,2945.42,4808.248,36688.12,68012.1,1996.32,23711.7
2011-03-09,1320.03,10589.5,5937.3,2935.11,4767.777,36450.19,67263.75,2001.47,23810.11
2011-03-10,1295.11,10434.38,5845.29,2909.73,4699.683,35891.41,66040.66,1981.58,23614.89
2011-03-11,1304.28,10254.43,5828.67,2883.84,4644.834,36091.22,66684.6,1955.54,23249.78
2011-03-14,1296.39,9620.49,5775.24,2852.11,4626.404,36205.76,67169.25,1971.23,23345.88
2011-03-15,1281.87,8605.15,5695.28,2784.2,4528.732,36012.17,67005.22,1923.92,22678.25
2011-03-16,1256.88,9093.72,5598.23,2721.24,4558.217,35655.31,66002.57,1957.97,22700.88
2011-03-17,1273.71,8962.67,5696.11,2786.16,4555.325,35621.68,66215.93,1959.03,22284.43
2011-03-18,1279.21,9206.75,5718.13,2792.61,4626.441,35418.5,66879.89,1981.13,22300.23
2011-03-21,1298.38,9206.75,5786.09,2860.81,4642.809,35418.5,66689.61,2003.42,22685.22
2011-03-22,1293.77,9608.32,5762.71,2854.79,4643.437,35925.35,67578.33,2013.66,22857.9
2011-03-23,1297.54,9449.47,5795.88,2866.23,4652.398,36546.62,67795.51,2012.18,22825.4
2011-03-24,1309.66,9435.01,5880.87,2909.78,4699.584,36872.38,67532.97,2036.78,22915.28
2011-03-25,1313.8,9536.13,5900.76,2911.33,4742.643,36784.27,67765.94,2054.04,23158.67
2011-03-28,1310.19,9478.53,5904.49,2914.76,4733.599,36767.86,67192.82,2056.39,23068.19
2011-03-29,1319.44,9459.08,5932.17,2910.93,4755.806,36795.89,67418.76,2072.13,23060.36
2011-03-30,1328.26,9708.79,5948.3,2936.44,4822.151,37210.27,67997.06,2091.38,23451.43
2011-03-31,1325.83,9755.1,5908.76,2910.91,4837.884,37440.51,68586.7,2106.7,23527.52
2011-04-01,1332.41,9708.39,6009.92,2962.92,4861.834,37775.07,69268.29,2121.01,23801.9
2011-04-04,1332.87,9718.89,6016.98,2955.84,4886.847,37903.58,69703.8,2115.87,24150.58
2011-04-05,1332.63,9615.55,6007.06,2950.96,4900.133,37832.96,69837.52,2130.43,24150.58
2011-04-06,1335.54,9584.37,6041.13,2971.48,4912.913,37861.81,69036.91,2126.71,24285.05
2011-04-07,1333.51,9590.93,6007.37,2963.69,4908.13,37471.54,69176.12,2122.14,24281.8
2011-04-08,1328.17,9768.08,6055.75,2984.66,4940.566,37471.72,68718.01,2127.97,24396.07
2011-04-11,1324.46,9719.7,6053.44,2974.58,4971.216,37590.67,68164.36,2122.39,24303.07
2011-04-12,1314.16,9555.26,5964.47,2932.33,4898.685,37321.8,66896.23,2089.4,23976.37
2011-04-13,1314.41,9641.18,6010.44,2949.98,4910.964,37347.69,66486.49,2121.92,24135.03
2011-04-14,1314.52,9653.92,5963.8,2917.72,4884.249,37069.96,66278.89,2141.06,24014.0
2011-04-15,1319.68,9591.52,5996.01,2919.05,4852.141,36988.38,66684.21,2140.5,24008.07
2011-04-18,1305.14,9556.65,5870.08,2847.96,4861.852,36332.1,65415.49,2137.72,23830.31
2011-04-19,1312.62,9441.03,5896.87,2857.61,4793.288,36440.22,66158.09,2122.68,23520.62
2011-04-20,1330.36,9606.82,6022.26,2921.43,4858.974,36816.31,67058.02,2169.91,23896.1
2011-04-21,1337.39,9685.77,6018.3,2936.3,4913.802,36816.31,67058.02,2198.54,24138.31
2011-04-22,1337.39,9682.21,6018.3,2936.3,4913.802,36816.31,67058.02,2197.82,24138.31
2011-04-25,1335.25,9671.96,6018.3,2936.3,4913.802,36860.68,66972.37,2216.0,24138.31
2011-04-26,1347.24,9558.69,6069.36,2955.36,4913.802,36892.24,67144.26,2206.3,24007.38
2011-04-27,1355.66,9691.84,6068.16,2977.59,4872.904,36826.93,66264.47,2206.7,23892.84
2011-04-28,1360.48,9849.74,6069.9,3005.33,4873.036,36722.64,65673.21,2208.35,23805.63
2011-04-29,1363.61,9849.74,6069.9,3011.25,4823.241,36962.62,66132.86,2192.36,23720.81
2011-05-02,1361.22,10004.2,6069.9,3008.89,4825.305,36592.61,65462.75,2228.96,23720.81
2011-05-03,1356.62,10004.2,6082.88,3000.39,4784.609,35873.21,64318.18,2200.73,23633.25
2011-05-04,1347.32,10004.2,5984.07,2952.02,4740.119,35531.22,63615.5,2180.64,23315.24
2011-05-05,1335.1,10004.2,5919.98,2926.54,4753.717,35325.09,63407.01,2180.64,23261.61
2011-05-06,1340.2,9859.2,5976.77,2952.9,4743.041,35212.23,64417.34,2147.45,23159.14
2011-05-09,1346.3,9794.38,5942.69,2902.4,4756.798,35467.01,64621.97,2139.17,23336.0
2011-05-10,1357.16,9818.76,6018.89,2939.02,4725.762,35678.92,64876.88,2139.17,23336.0
2011-05-11,1342.08,9864.26,5976.0,2942.43,4780.249,35380.53,63775.82,2166.63,23291.8
2011-05-12,1348.65,9716.65,5944.96,2917.05,4696.134,35161.26,64003.16,2122.65,23073.76
2011-05-13,1337.77,9648.77,5925.87,2894.6,4711.361,35045.14,63235.3,2120.08,23276.27
2011-05-16,1329.47,9558.3,5923.69,2881.31,4650.003,35130.6,62829.68,2104.18,22960.63
2011-05-17,1328.98,9567.02,5861.0,2849.6,4683.917,34819.57,63673.34,2102.41,22901.08
2011-05-18,1340.68,9662.08,5923.49,2867.3,4693.73,35364.33,62840.61,2135.78,23011.14
2011-05-19,1343.6,9620.82,5955.99,2890.6,4756.41,35276.47,62367.36,2095.51,23163.38
2011-05-20,1333.27,9607.08,5948.49,2853.98,4732.194,35298.67,62596.52,2111.5,23199.39
2011-05-23,1317.37,9460.63,5835.89,2794.26,4642.956,35215.02,62345.18,2055.71,22711.02
2011-05-24,1316.28,9477.17,5858.41,2801.27,4628.847,35382.56,63336.75,2061.76,22730.78
2011-05-25,1320.47,9422.88,5870.14,2816.84,4584.694,35498.42,63388.44,2035.87,22747.28
2011-05-26,1325.69,9562.05,5880.99,2799.82,4660.226,35742.21,64098.57,2091.91,22900.79
2011-05-27,1331.1,9521.94,5938.87,2819.4,4683.984,35819.2,64294.96,2100.24,23118.07
2011-05-30,1331.1,9504.97,5938.87,2814.34,4667.535,35639.38,63953.93,2093.79,23184.32
2011-05-31,1345.2,9693.73,5989.99,2861.92,4708.298,35832.79,64620.08,2142.47,23684.13
2011-06-01,1314.55,9719.61,5928.61,2827.66,4707.283,35410.51,63411.48,2141.34,23626.43
2011-06-02,1312.94,9555.04,5847.92,2782.57,4600.404,35416.25,64218.08,2114.2,23253.84
2011-06-03,1300.16,9492.21,5855.01,2789.11,4583.066,35123.89,64340.5,2113.47,22949.56
2011-06-06,1286.17,9380.35,5863.16,2765.33,4569.143,34673.48,63067.73,2113.47,22949.56
2011-06-07,1284.94,9442.95,5864.65,2774.5,4566.343,34895.83,63217.85,2099.71,22868.67
2011-06-08,1279.56,9449.46,5808.89,2752.06,4536.774,34879.07,63032.97,2083.35,22661.63
2011-06-09,1289.0,9467.15,5856.34,2778.12,4549.636,35233.4,63468.82,2071.42,22609.83
2011-06-10,1270.98,9514.44,5765.8,2732.54,4562.113,34963.78,62697.16,2046.67,22420.37
2011-06-13,1271.83,9448.21,5773.46,2733.95,4562.113,34997.97,62022.92,2048.74,22508.08
2011-06-14,1287.87,9547.79,5803.13,2779.94,4584.953,35445.65,62204.83,2076.83,22496.0
2011-06-15,1265.42,9574.32,5742.55,2731.5,4566.768,35318.39,61603.74,2086.53,22343.77
2011-06-16,1267.64,9411.28,5698.81,2730.62,4479.247,35220.99,60880.62,2046.63,21953.11
2011-06-17,1271.5,9351.4,5714.94,2770.12,4484.929,35025.74,61059.98,2031.93,21695.26
2011-06-20,1278.36,9354.32,5693.39,2748.01,4451.748,35109.97,61168.24,2019.65,21599.51
2011-06-21,1295.52,9459.66,5775.31,2801.99,4508.199,35276.6,61423.61,2048.17,21850.59
2011-06-22,1287.14,9629.43,5772.99,2795.07,4532.596,35399.44,61194.09,2063.9,21859.97
2011-06-23,1283.5,9596.74,5674.38,2730.86,4500.52,35326.66,61194.09,2055.86,21759.14
2011-06-24,1268.45,9678.71,5697.72,2715.88,4508.11,35347.85,61016.72,2090.81,22171.95
2011-06-27,1280.1,9578.31,5722.34,2723.93,4461.791,35601.73,61216.98,2070.29,22041.77
2011-06-28,1296.67,9648.98,5766.88,2750.49,4474.268,36188.91,62303.37,2062.91,22061.78
2011-06-29,1307.41,9797.26,5855.95,2802.55,4529.483,36579.59,62333.97,2094.42,22061.18
2011-06-30,1320.64,9816.09,5945.71,2848.53,4607.966,36558.07,62403.64,2100.69,22398.1
2011-07-01,1339.67,9868.07,5989.76,2875.67,4591.191,36800.72,63394.34,2125.74,22398.1
2011-07-04,1339.67,9965.09,6017.54,2870.19,4610.749,36847.1,63891.31,2145.3,22770.47
2011-07-05,1337.88,9972.46,6024.03,2850.51,4598.118,36640.93,63038.81,2161.75,22747.95
2011-07-06,1339.23,10082.48,6002.92,2832.63,4605.042,36468.01,62565.46,2171.19,22517.55
2011-07-07,1353.22,10071.14,6054.55,2844.51,4605.524,36583.29,62207.33,2180.59,22530.18
2011-07-08,1343.8,10137.73,5990.58,2790.09,4654.735,36499.85,61513.24,2180.35,22726.43
2011-07-11,1319.49,10069.53,5929.16,2709.14,4582.304,36359.49,60223.63,2157.16,22347.23
2011-07-12,1313.64,9925.92,5868.96,2693.53,4495.443,36178.59,59704.75,2109.73,21663.16
2011-07-13,1317.72,9963.14,5906.43,2715.05,4514.768,36254.7,60669.89,2129.64,21926.88
2011-07-14,1308.87,9936.12,5846.95,2695.29,4490.742,36164.61,59679.35,2130.07,21940.2
2011-07-15,1316.14,9974.47,5843.66,2675.38,4473.518,36155.86,59478.01,2145.2,21875.38
2011-07-18,1305.44,9974.47,5752.81,2622.36,4471.972,35781.43,58837.61,2130.48,21804.75
2011-07-19,1326.73,9889.72,5789.99,2657.45,4468.147,35752.02,59082.13,2130.21,21902.4
2011-07-20,1325.84,10005.9,5853.82,2705.75,4549.707,35341.67,59119.71,2154.95,22003.69
2011-07-21,1343.8,10010.39,5899.89,2763.34,4556.026,35555.83,60262.95,2145.04,21987.29
2011-07-22,1345.02,10132.11,5935.02,2772.6,4602.852,35755.48,60270.47,2171.23,22444.8
2011-07-25,1337.43,10050.01,5925.26,2742.7,4530.356,35479.67,59970.54,2150.48,22293.29
2011-07-26,1331.94,10097.72,5929.73,2739.65,4573.334,35341.27,59339.9,2168.7,22572.08
2011-07-27,1304.89,10047.19,5856.58,2693.71,4537.366,35597.63,58288.46,2174.31,22541.69
2011-07-28,1300.67,9901.35,5873.21,2692.76,4463.774,35917.8,58708.25,2155.85,22570.74
2011-07-29,1292.28,9833.03,5815.19,2670.37,4424.646,35999.34,58823.45,2133.21,22440.25
2011-08-01,1286.94,9965.01,5774.43,2593.34,4497.814,35730.71,58535.74,2172.31,22663.37
2011-08-02,1254.05,9844.59,5718.39,2544.89,4433.635,34814.94,57310.78,2121.27,22421.46
2011-08-03,1260.34,9637.14,5584.51,2497.83,4332.833,34484.37,56017.22,2066.26,21992.72
2011-08-04,1200.07,9659.18,5393.14,2412.29,4276.515,33322.63,52811.36,2018.47,21884.74
2011-08-05,1199.38,9299.88,5246.99,2375.15,4105.394,33697.87,52949.22,1943.75,20946.14
2011-08-08,1119.46,9097.56,5068.95,2286.91,3986.092,31715.78,48668.29,1869.45,20490.57
2011-08-09,1172.53,8944.48,5164.92,2294.24,4034.813,32381.55,51150.9,1801.35,19330.7
2011-08-10,1120.76,9038.74,5007.16,2153.77,4141.285,32219.33,51395.29,1806.24,19783.67
2011-08-11,1172.64,8981.94,5162.83,2215.45,4140.807,33590.33,53343.11,1817.44,19595.14
2011-08-12,1178.81,8963.72,5320.03,2307.33,4172.622,33361.5,53473.35,1793.31,19620.01
2011-08-15,1204.49,9086.41,5350.58,2324.48,4282.864,33901.08,54651.83,1793.31,20260.1
2011-08-16,1192.76,9107.43,5357.63,2323.67,4247.262,33948.48,54323.61,1879.87,20212.08
2011-08-17,1193.89,9057.26,5331.6,2331.12,4303.904,34049.58,55073.02,1892.67,20289.03
2011-08-18,1140.65,8943.76,5092.23,2206.61,4251.169,33246.63,53134.1,1860.58,20016.27
2011-08-19,1123.53,8719.24,5040.76,2159.07,4101.945,33136.89,52447.63,1744.88,19399.92
2011-08-22,1123.82,8628.13,5095.3,2183.39,4082.257,33593.65,52440.23,1710.7,19486.87
2011-08-23,1162.35,8733.01,5129.42,2199.98,4173.442,34675.53,53786.63,1776.68,19875.53
2011-08-24,1177.6,8639.61,5205.85,2238.7,4167.58,34644.92,53795.7,1754.78,19466.79
2011-08-25,1159.27,8772.36,5131.1,2216.7,4212.837,33904.38,52953.3,1764.58,19752.48
2011-08-26,1176.8,8797.78,5129.92,2190.44,4200.018,34042.22,53350.79,1778.95,19582.88
2011-08-29,1210.09,8851.35,5129.92,2239.3,4263.284,35016.04,54860.73,1829.5,19865.11
2011-08-30,1212.92,8953.9,5268.66,2239.14,4269.18,35148.91,55385.03,1843.82,20204.17
2011-08-31,1218.89,8955.2,5394.53,2302.08,4296.548,35721.1,56495.12,1880.11,20534.85
2011-09-01,1204.42,9060.8,5418.65,2305.75,4307.47,35637.86,58118.2,1880.7,20585.33
2011-09-02,1173.97,8950.74,5292.03,2220.72,4242.884,35134.43,56531.62,1867.75,20212.91
2011-09-05,1173.97,8784.46,5102.58,2107.27,4141.938,33880.02,54998.41,1785.83,19616.4
2011-09-06,1165.24,8590.57,5156.84,2080.1,4075.543,34439.34,56607.3,1766.71,19710.5
2011-09-07,1198.62,8763.41,5318.59,2151.16,4183.397,35179.59,56607.3,1833.46,20048.0
2011-09-08,1185.9,8793.12,5340.38,2163.4,4187.971,34712.38,57623.63,1846.64,19912.82
2011-09-09,1154.23,8737.66,5214.65,2073.67,4194.715,33812.62,55778.39,1812.93,19866.63
2011-09-12,1162.27,8535.67,5129.62,1995.01,4038.502,33792.56,55685.47,1812.93,19030.54
2011-09-13,1172.87,8616.55,5174.25,2036.64,4072.662,33947.62,55543.97,1812.93,19030.54
2011-09-14,1188.68,8518.57,5227.02,2083.38,4005.773,34661.78,56286.04,1749.16,19045.44
2011-09-15,1209.11,8668.86,5337.54,2155.62,4071.733,35181.44,56381.46,1774.08,19181.5
2011-09-16,1216.01,8864.16,5368.41,2159.28,4149.39,35181.44,57210.11,1840.1,19455.31
2011-09-19,1204.09,8864.16,5259.56,2096.1,4081.483,35076.96,57102.78,1820.94,18917.95
2011-09-20,1202.09,8721.24,5363.71,2140.41,4040.248,34337.97,56378.63,1837.97,19014.8
2011-09-21,1166.76,8741.16,5288.41,2098.49,4071.804,34019.22,55981.9,1854.28,18824.17
2011-09-22,1129.56,8560.26,5041.61,1995.75,3964.909,32381.06,53280.28,1800.55,17911.95
2011-09-23,1136.43,8560.26,5066.81,2026.03,3903.161,32588.43,53230.36,1697.44,17668.83
2011-09-26,1162.95,8374.13,5089.37,2083.35,3863.885,33385.94,53747.52,1652.71,17407.8
2011-09-27,1175.38,8609.95,5294.05,2194.03,4004.562,33783.68,53920.36,1735.71,18130.55
2011-09-28,1151.06,8615.65,5217.63,2176.64,4039.521,33438.16,53270.36,1723.09,18011.06
2011-09-29,1160.4,8701.23,5196.84,2212.44,4008.262,33686.16,53384.67,1769.29,18011.06
2011-09-30,1131.42,8700.29,5128.48,2179.66,4008.599,33503.28,52324.42,1769.65,17592.41
2011-10-03,1099.23,8545.48,5075.5,2138.24,3897.015,33133.88,50791.53,1769.65,16822.15
2011-10-04,1123.95,8456.12,4944.44,2091.09,3872.108,32966.23,50686.34,1706.19,16250.27
2011-10-05,1144.03,8382.98,5102.17,2179.42,3926.487,33000.29,51013.85,1666.52,16250.27
2011-10-06,1164.97,8522.02,5291.26,2248.78,4069.887,33279.72,52290.37,1710.32,17172.28
2011-10-07,1155.46,8605.62,5303.4,2269.19,4162.864,33005.09,51243.62,1759.77,17707.01
2011-10-10,1194.89,8605.62,5399.0,2320.8,4201.023,33547.24,53273.11,1766.44,17711.06
2011-10-11,1195.54,8773.68,5395.7,2315.97,4227.625,33681.8,53838.47,1795.02,18141.59
2011-10-12,1207.25,8738.9,5441.8,2372.15,4204.327,34470.36,53838.47,1809.5,18329.46
2011-10-13,1203.66,8823.25,5403.38,2332.52,4244.537,34584.75,54601.07,1823.1,18757.81
2011-10-14,1224.58,8747.96,5466.36,2355.48,4205.641,34848.42,55030.45,1835.4,18501.79
2011-10-17,1200.86,8879.6,5436.7,2315.89,4275.405,34125.7,53911.33,1865.18,18873.99
2011-10-18,1225.38,8741.91,5410.35,2306.81,4186.892,35011.71,55031.93,1838.9,18076.46
2011-10-19,1209.88,8772.54,5450.49,2330.08,4213.716,34523.27,54966.13,1855.92,18309.22
2011-10-20,1215.39,8682.15,5384.68,2271.77,4144.937,34395.5,54009.98,1805.09,17983.1
2011-10-21,1238.25,8678.89,5488.65,2337.51,4141.88,35020.74,55255.23,1838.38,18025.72
2011-10-24,1254.2,8843.98,5548.06,2369.07,4255.048,35265.56,56891.97,1898.32,18771.82
2011-10-25,1229.05,8762.31,5525.54,2343.96,4227.884,35290.15,56285.99,1888.65,18968.2
2011-10-26,1242.0,8748.47,5553.24,2335.06,4242.538,35818.58,57143.79,1894.31,19066.54
2011-10-27,1284.59,8926.54,5713.82,2476.92,4348.177,36727.21,59270.13,1922.04,19688.7
2011-10-28,1285.09,9050.47,5702.24,2462.36,4353.265,36708.64,59513.13,1929.48,20019.24
2011-10-31,1253.3,8988.39,5544.22,2385.22,4298.117,36159.99,58338.39,1909.03,19864.87
2011-11-01,1218.28,8835.52,5421.57,2259.73,4232.904,35742.57,57322.75,1909.63,19369.96
2011-11-02,1237.9,8640.42,5484.1,2291.89,4184.64,35742.57,57322.75,1898.01,19733.71
2011-11-03,1261.16,8640.42,5545.64,2347.94,4171.808,36579.07,58196.3,1869.96,19242.5
2011-11-04,1253.23,8801.4,5527.16,2291.47,4281.12,36689.38,58669.92,1928.41,19842.79
2011-11-07,1261.12,8767.09,5510.82,2275.92,4273.414,37024.61,59198.77,1919.1,19677.89
2011-11-08,1275.92,8655.51,5567.34,2303.2,4293.843,37351.81,59026.13,1903.14,19678.47
2011-11-09,1229.1,8755.44,5460.38,2249.39,4346.059,36553.85,57549.74,1907.53,20014.43
2011-11-10,1239.69,8500.8,5444.82,2254.92,4244.108,36615.07,57321.81,1813.25,18963.89
2011-11-11,1263.86,8514.47,5545.38,2324.81,4296.525,37555.65,58546.97,1863.45,19137.17
2011-11-14,1251.78,8603.7,5519.04,2288.32,4304.582,37069.9,58258.23,1902.81,19508.18
2011-11-15,1257.81,8541.93,5517.44,2254.0,4285.649,37293.38,58258.23,1886.12,19348.44
2011-11-16,1236.91,8463.16,5509.02,2267.96,4247.405,36708.41,58559.99,1856.07,18960.9
2011-11-17,1216.13,8479.63,5423.14,2242.78,4258.23,36110.68,56988.9,1876.67,18817.47
2011-11-18,1215.65,8374.91,5362.94,2236.68,4176.965,36284.2,56731.34,1839.17,18491.23
2011-11-21,1192.98,8348.27,5222.6,2160.28,4163.028,36284.2,56284.59,1820.03,18225.85
2011-11-22,1188.04,8314.74,5206.82,2136.81,4133.001,35969.61,55878.44,1826.28,18251.59
2011-11-23,1161.79,8314.74,5139.78,2096.79,4051.019,35375.61,54972.08,1783.1,17864.43
2011-11-24,1161.79,8165.18,5127.57,2090.25,4044.211,35323.6,55279.88,1795.06,17935.1
2011-11-25,1158.67,8160.01,5164.65,2111.26,3984.342,34573.04,54894.49,1776.4,17689.48
2011-11-28,1192.55,8287.49,5312.76,2221.76,4058.201,35558.18,56017.35,1815.28,18037.81
2011-11-29,1195.19,8477.82,5337.0,2234.17,4102.104,35708.71,55299.76,1856.52,18256.2
2011-11-30,1246.96,8434.61,5505.42,2330.43,4119.818,36829.15,56874.98,1847.51,17989.35
2011-12-01,1244.58,8597.38,5489.34,2313.84,4228.649,36567.63,58143.42,1916.18,19002.26
2011-12-02,1244.28,8643.75,5552.29,2342.5,4288.003,36756.06,57885.85,1916.04,19040.39
2011-12-05,1257.08,8695.98,5567.96,2369.39,4321.325,37103.17,58910.48,1922.9,19179.69
2011-12-06,1258.47,8575.16,5568.72,2356.71,4261.98,37071.17,59536.16,1902.82,18942.23
2011-12-07,1261.01,8722.17,5546.91,2344.92,4292.457,37054.56,58662.83,1919.42,19240.58
2011-12-08,1234.35,8664.58,5483.77,2288.05,4280.675,36641.31,57455.02,1912.39,19107.81
2011-12-09,1255.19,8536.46,5529.21,2342.59,4203.016,37227.21,58236.46,1874.75,18586.23
2011-12-12,1236.47,8653.82,5427.86,2269.46,4252.845,37227.21,57346.86,1899.76,18575.66
2011-12-13,1225.73,8552.81,5490.15,2260.98,4193.397,36471.44,57494.85,1864.06,18447.17
2011-12-14,1211.82,8519.13,5366.8,2205.91,4190.497,36012.67,56646.87,1857.75,18354.43
2011-12-15,1215.75,8377.37,5400.85,2224.89,4139.846,36006.9,56331.15,1819.11,18026.84
2011-12-16,1219.66,8401.72,5387.34,2202.72,4159.221,36054.63,56096.93,1839.96,18285.39
2011-12-19,1205.35,8296.12,5364.99,2202.95,4060.374,35587.78,55298.33,1776.93,18070.21
2011-12-20,1241.31,8336.48,5419.6,2262.39,4053.099,36239.39,56864.85,1793.06,18080.2
2011-12-21,1243.72,8459.98,5389.74,2244.35,4139.517,36628.06,56653.37,1848.41,18416.45
2011-12-22,1254.0,8395.16,5456.97,2273.02,4090.822,37066.77,57347.87,1847.49,18378.23
2011-12-23,1265.33,8395.16,5512.7,2290.37,4140.414,37041.42,57701.07,1867.22,18629.17
2011-12-26,1265.33,8479.34,5512.7,2290.37,4140.414,37217.97,57669.48,1856.7,18629.17
2011-12-27,1265.43,8440.56,5512.7,2290.31,4140.414,37091.42,58005.2,1842.02,18629.17
2011-12-28,1249.64,8423.62,5507.4,2255.03,4088.76,36644.86,56533.76,1825.12,18518.67
2011-12-29,1263.02,8398.89,5566.77,2292.28,4071.074,37185.73,56754.08,1825.74,18397.92
2011-12-30,1257.61,8455.35,5572.28,2316.55,4056.56,37077.52,56754.08,1825.74,18434.39
2012-01-02,1257.61,8455.35,5572.28,2370.2,4056.56,37335.03,57829.27,1826.37,18434.39
2012-01-03,1277.06,8455.35,5699.91,2389.91,4101.157,37384.34,59264.87,1875.41,18877.41
2012-01-04,1277.3,8560.11,5668.45,2349.89,4187.841,37387.63,59364.95,1866.22,18727.31
2012-01-05,1281.06,8488.71,5624.26,2315.75,4142.683,37017.95,58546.08,1863.74,18813.41
2012-01-06,1277.81,8390.35,5649.68,2298.65,4108.52,36804.05,58600.37,1843.14,18593.06
2012-01-09,1280.7,8390.35,5612.26,2286.45,4105.448,36785.34,59082.88,1826.49,18865.72
2012-01-10,1292.08,8422.26,5696.7,2347.47,4152.238,37190.9,59805.96,1853.22,19004.28
2012-01-11,1292.48,8447.88,5670.82,2339.51,4187.524,37307.64,59962.4,1845.55,19151.94
2012-01-12,1295.5,8385.59,5662.42,2345.85,4180.997,37320.97,59920.78,1864.57,19095.38
2012-01-13,1289.09,8500.02,5636.64,2338.01,4195.89,36548.56,59146.58,1875.68,19204.42
2012-01-16,1289.09,8378.36,5657.44,2361.56,4147.237,36916.16,59956.46,1859.27,19012.2
2012-01-17,1293.67,8466.4,5693.95,2396.63,4215.634,36601.2,60645.9,1892.74,19627.75
2012-01-18,1308.04,8550.58,5702.37,2390.64,4217.881,37506.76,61722.86,1892.39,19686.92
2012-01-19,1314.5,8639.68,5741.15,2435.04,4214.775,37680.06,61926.69,1914.97,19942.95
2012-01-20,1315.38,8766.36,5728.55,2426.96,4239.633,37384.21,62312.13,1949.89,20110.37
2012-01-23,1316.0,8765.9,5782.56,2441.44,4225.101,37195.73,62386.24,1949.89,20110.37
2012-01-24,1314.66,8785.33,5751.9,2432.07,4224.226,36853.3,62486.22,1949.89,20110.37
2012-01-25,1326.05,8883.69,5723.0,2421.12,4271.336,37212.86,62486.22,1952.23,20110.37
2012-01-26,1318.43,8849.47,5795.2,2460.4,4271.336,37240.78,62953.06,1957.18,20439.14
2012-01-27,1316.33,8841.22,5733.45,2436.62,4288.367,37184.71,62904.2,1964.83,20501.67
2012-01-30,1313.01,8793.05,5671.09,2404.62,4272.739,37241.61,62770.01,1940.55,20160.41
2012-01-31,1312.41,8802.51,5681.61,2416.66,4262.682,37422.68,63072.31,1955.79,20390.49
2012-02-01,1324.09,8809.79,5790.72,2470.79,4225.666,37709.65,64567.18,1959.24,20333.37
2012-02-02,1325.54,8876.82,5796.07,2478.15,4267.846,37711.16,64593.1,1984.3,20739.45
2012-02-03,1344.9,8831.93,5901.07,2515.15,4251.171,38092.81,65217.37,1972.34,20756.98
2012-02-06,1344.33,8929.2,5892.2,2507.89,4295.985,38092.81,65223.72,1973.13,20709.94
2012-02-07,1347.05,8917.52,5890.26,2514.12,4274.197,38062.42,65917.02,1981.59,20699.19
2012-02-08,1349.96,9015.59,5875.93,2512.92,4290.711,38140.55,65831.16,2003.73,21018.46
2012-02-09,1351.95,9002.24,5895.47,2522.34,4282.867,38242.28,65530.49,2014.62,21010.01
2012-02-10,1342.64,8947.17,5852.39,2480.76,4245.328,38149.22,63997.86,1993.71,20783.86
2012-02-13,1351.77,8999.18,5905.7,2491.54,4285.135,38204.33,65691.53,2005.74,20887.4
2012-02-14,1350.5,9052.07,5899.87,2488.29,4242.827,37831.87,65038.53,2002.64,20917.83
2012-02-15,1343.23,9260.34,5892.16,2493.96,4253.396,37864.55,65368.49,2025.32,21365.23
2012-02-16,1358.04,9238.1,5885.38,2489.35,4181.859,38212.24,66141.7,1997.45,21277.28
2012-02-17,1361.23,9384.17,5905.07,2520.31,4195.879,37914.7,66203.5,2023.47,21491.62
2012-02-20,1361.23,9485.09,5945.25,2550.28,4256.105,38296.68,66203.5,2024.9,21424.79
2012-02-21,1362.21,9463.02,5928.2,2541.6,4291.205,37859.48,66203.5,2024.24,21478.72
2012-02-22,1357.66,9554.0,5916.55,2519.0,4293.113,37912.55,66092.77,2028.65,21549.28
2012-02-23,1363.46,9595.57,5937.89,2508.08,4286.185,38027.84,65819.62,2007.8,21380.99
2012-02-24,1365.74,9647.38,5935.13,2523.69,4306.779,37945.22,65942.73,2019.89,21406.86
2012-02-27,1367.59,9633.93,5915.55,2513.06,4267.366,37785.72,65241.49,1991.16,21217.86
2012-02-28,1372.18,9722.52,5927.91,2519.72,4262.738,38021.42,65958.78,2003.69,21568.73
2012-02-29,1365.68,9723.24,5871.51,2512.11,4298.549,37816.69,65811.73,2030.25,21680.08
2012-03-01,1374.09,9707.37,5931.25,2548.66,4255.547,38033.45,66809.8,2030.25,21387.96
2012-03-02,1369.63,9777.03,5911.13,2546.16,4273.105,38327.43,67781.6,2034.63,21562.26
2012-03-05,1364.34,9698.59,5874.82,2529.86,4262.966,38155.27,66964.03,2016.06,21265.31
2012-03-06,1343.36,9637.63,5765.8,2443.52,4204.731,37487.63,65114.15,2000.36,20806.25
2012-03-07,1352.63,9576.06,5791.41,2460.77,4143.663,37548.54,66016.76,1982.15,20627.78
2012-03-08,1365.91,9768.96,5859.73,2514.22,4171.043,37815.43,66908.39,2000.76,20900.73
2012-03-09,1370.87,9929.74,5887.49,2515.95,4211.988,37691.01,66703.96,2018.3,21086.0
2012-03-12,1371.09,9889.86,5892.75,2514.97,4196.687,37590.17,66384.76,2002.5,21134.18
2012-03-13,1395.95,9899.08,5955.91,2556.82,4247.616,38019.76,68394.33,2025.04,21339.7
2012-03-14,1394.28,10050.52,5945.43,2574.79,4287.178,37971.44,68257.22,2045.08,21307.89
2012-03-15,1402.6,10123.28,5940.72,2593.97,4277.766,38134.57,67749.49,2043.76,21353.53
2012-03-16,1404.17,10129.83,5965.58,2608.3,4276.158,38258.45,67684.13,2034.44,21317.85
2012-03-19,1409.75,10141.99,5961.11,2608.42,4290.799,38258.45,67730.31,2047.0,21115.29
2012-03-20,1405.52,10141.99,5891.41,2576.61,4275.023,38055.27,67295.56,2042.15,20888.24
2012-03-21,1402.9,10086.49,5891.95,2567.58,4254.253,38434.51,66860.05,2027.23,20856.63
2012-03-22,1392.79,10127.08,5845.65,2530.22,4273.679,38323.51,65828.19,2026.12,20901.56
2012-03-23,1397.11,10011.47,5854.89,2525.43,4270.387,38334.9,65812.95,2026.83,20668.8
2012-03-26,1416.51,10018.24,5902.7,2539.87,4262.801,38863.15,66684.59,2019.19,20668.86
2012-03-27,1412.52,10255.15,5869.55,2525.21,4301.333,38956.32,66037.35,2039.76,21046.91
2012-03-28,1405.54,10182.57,5808.99,2496.68,4343.514,38910.68,65079.34,2031.74,20885.42
2012-03-29,1403.28,10114.79,5742.03,2452.74,4337.905,39125.35,64871.99,2014.41,20609.39
2012-03-30,1408.47,10083.56,5768.45,2477.28,4335.242,39521.24,64510.97,2014.04,20555.58
2012-04-02,1419.04,10109.87,5874.89,2501.18,4329.273,39908.54,65216.25,2029.29,20522.26
2012-04-03,1413.38,10050.39,5838.34,2458.98,4337.037,39924.93,64284.26,2049.28,20790.98
2012-04-04,1398.96,9819.99,5703.77,2398.46,4333.864,39398.88,63528.65,2018.61,20790.98
2012-04-05,1398.08,9767.61,5723.67,2392.54,4319.847,39398.88,63691.18,2028.77,20593.0
2012-04-06,1398.08,9688.45,5723.67,2392.54,4319.847,39398.88,63691.18,2029.03,20593.0
2012-04-09,1382.2,9546.26,5723.67,2392.54,4319.847,39432.15,62923.21,1997.08,20593.0
2012-04-10,1358.59,9538.02,5595.55,2321.53,4292.263,39035.17,61738.28,1994.41,20356.24
2012-04-11,1368.71,9458.74,5634.74,2341.36,4246.125,39167.14,61293.14,1994.41,20140.67
2012-04-12,1387.57,9524.79,5710.46,2352.24,4280.64,39357.81,63058.0,1986.63,20327.32
2012-04-13,1370.26,9637.99,5651.79,2291.51,4323.309,39136.99,62105.6,2008.91,20701.04
2012-04-16,1369.57,9470.64,5666.28,2301.19,4302.335,39054.84,61954.55,1992.63,20610.64
2012-04-17,1390.78,9464.71,5766.95,2367.05,4288.786,39355.17,62698.87,1985.3,20562.31
2012-04-18,1385.14,9667.26,5745.29,2327.84,4348.664,39330.12,63010.48,2004.53,20780.73
2012-04-19,1376.92,9588.38,5744.55,2284.67,4362.73,39395.64,62618.41,1999.86,20995.01
2012-04-20,1378.53,9561.36,5772.15,2311.27,4366.503,39354.86,62494.08,1974.65,21010.64
2012-04-23,1366.94,9542.17,5665.57,2244.83,4352.432,38961.79,61539.38,1972.63,20624.39
2012-04-24,1371.97,9468.04,5709.49,2284.08,4360.447,38849.08,61971.14,1963.42,20677.16
2012-04-25,1390.69,9561.01,5718.89,2322.91,4360.447,39066.01,61750.38,1961.98,20646.29
2012-04-26,1399.98,9561.83,5748.72,2322.69,4375.201,39212.16,62198.06,1964.04,20809.71
2012-04-27,1403.36,9520.89,5777.11,2344.02,4362.051,39324.14,61691.21,1975.35,20741.45
2012-04-30,1397.91,9520.89,5737.78,2306.43,4396.578,39461.0,61820.26,1981.99,21094.21
2012-05-01,1405.82,9350.95,5812.23,2306.69,4429.507,39461.0,61820.26,1981.99,21094.21
2012-05-02,1402.31,9380.25,5758.11,2290.31,4435.907,39597.42,62423.56,1999.07,21309.08
2012-05-03,1391.57,9380.25,5766.55,2287.1,4428.957,39580.05,62104.15,1995.11,21249.53
2012-05-04,1369.1,9380.25,5655.06,2248.34,4396.037,39408.61,60820.93,1989.15,21086.0
2012-05-07,1369.58,9119.14,5655.06,2283.09,4301.293,40045.51,61220.43,1956.44,20536.65
2012-05-08,1363.72,9181.65,5554.55,2236.11,4314.35,39214.64,60365.48,1967.01,20484.75
2012-05-09,1354.58,9045.06,5530.05,2225.63,4275.081,39122.82,59786.12,1950.29,20330.64
2012-05-10,1357.99,9009.65,5543.95,2247.38,4295.551,39170.9,59702.05,1944.93,20227.28
2012-05-11,1353.39,8953.31,5575.52,2254.54,4285.069,38888.79,59445.21,1917.13,19964.63
2012-05-14,1338.35,8973.84,5465.52,2201.95,4296.993,38352.11,57539.61,1913.73,19735.04
2012-05-15,1330.66,8900.74,5437.62,2178.67,4266.276,37939.63,56237.97,1898.96,19894.31
2012-05-16,1324.8,8801.17,5405.25,2175.34,4165.528,37511.08,55887.57,1840.53,19259.83
2012-05-17,1304.86,8876.59,5338.38,2146.91,4157.413,37261.24,54038.2,1845.24,19200.93
2012-05-18,1295.22,8611.31,5267.62,2144.69,4046.458,36875.33,54513.16,1782.46,18951.85
2012-05-21,1315.99,8633.89,5304.48,2150.16,4073.623,37512.41,56590.24,1799.13,18922.32
2012-05-22,1316.63,8729.29,5403.28,2192.85,4121.004,37481.19,55038.75,1828.69,19039.15
2012-05-23,1318.86,8556.6,5266.41,2134.05,4067.035,37422.38,54619.48,1808.62,18786.19
2012-05-24,1320.68,8563.38,5350.05,2156.52,4055.848,37553.21,54063.0,1814.47,18666.4
2012-05-25,1317.82,8580.39,5351.53,2161.87,4029.246,37486.25,54463.16,1824.17,18713.41
2012-05-28,1317.82,8593.15,5356.34,2147.92,4068.025,37642.8,55212.69,1824.17,18800.99
2012-05-29,1332.42,8657.08,5391.14,2160.31,4114.411,38126.85,54633.06,1849.91,19055.46
2012-05-30,1313.32,8633.19,5297.28,2116.18,4094.229,38070.67,53797.91,1844.86,18690.22
2012-05-31,1310.33,8542.73,5320.86,2118.94,4076.258,37872.95,54490.41,1843.47,18629.52
2012-06-01,1278.05,8440.25,5260.19,2068.66,4063.882,37182.37,53402.9,1834.51,18558.34
2012-06-04,1278.18,8295.63,5260.19,2078.96,3985.025,37059.78,53416.75,1783.13,18185.59
2012-06-05,1285.5,8382.0,5260.19,2087.31,4043.692,37089.36,52481.44,1801.85,18259.03
2012-06-06,1315.13,8533.53,5384.11,2137.73,4055.292,37274.79,54156.04,1801.85,18520.53
2012-06-07,1314.99,8639.72,5447.79,2143.08,4108.57,37247.34,54156.04,1847.95,18678.29
2012-06-08,1325.66,8459.26,5435.08,2143.9,4063.695,37323.91,54429.85,1835.64,18502.34
2012-06-11,1308.93,8624.9,5432.37,2137.7,4063.695,37035.75,54001.45,1867.04,18953.63
2012-06-12,1324.18,8536.72,5473.74,2143.38,4072.881,37271.0,55049.03,1854.74,18872.56
2012-06-13,1314.88,8587.84,5483.81,2143.5,4063.787,37142.15,55650.51,1859.32,19026.52
2012-06-14,1329.1,8568.89,5467.05,2148.21,4042.239,37440.48,55351.67,1871.48,18808.4
2012-06-15,1342.84,8569.32,5478.81,2181.23,4057.333,37738.58,56104.69,1858.16,19233.94
2012-06-18,1344.78,8721.02,5491.09,2155.64,4136.903,38060.82,56195.21,1891.71,19427.81
2012-06-19,1357.98,8655.87,5586.31,2198.01,4123.331,38688.65,57195.49,1891.77,19416.67
2012-06-20,1355.69,8752.31,5622.29,2207.49,4132.444,38973.64,57166.55,1904.12,19518.85
2012-06-21,1325.51,8824.07,5566.36,2199.42,4087.568,38515.94,55505.17,1889.15,19265.07
2012-06-22,1335.02,8798.35,5513.69,2186.81,4048.211,39071.5,55439.5,1847.39,18995.13
2012-06-25,1313.72,8734.62,5450.65,2130.71,4027.814,39157.51,53805.38,1825.38,18897.45
2012-06-26,1319.99,8663.99,5446.96,2127.95,4013.301,39339.15,53836.57,1817.81,18981.84
2012-06-27,1331.85,8730.49,5523.92,2165.61,4043.174,39490.68,53108.93,1817.65,19176.95
2012-06-28,1329.04,8874.11,5493.06,2157.62,4044.837,39637.66,52652.25,1819.18,19025.27
2012-06-29,1362.16,9006.78,5571.15,2264.72,4094.633,40199.55,54354.63,1854.01,19441.46
2012-07-02,1365.51,9003.48,5640.64,2292.08,4133.0,40108.92,54692.79,1851.65,19441.46
2012-07-03,1374.02,9066.59,5687.73,2320.43,4127.216,40434.71,55780.32,1867.82,19735.53
2012-07-04,1374.02,9104.17,5684.47,2312.41,4172.156,40353.43,56076.82,1874.45,19709.75
2012-07-05,1367.58,9079.8,5692.63,2284.92,4169.192,40040.69,56379.06,1875.49,19809.13
2012-07-06,1354.68,9020.75,5662.63,2235.51,4157.807,39831.65,55394.05,1858.2,19800.64
2012-07-09,1352.46,8896.88,5627.33,2227.91,4118.267,39963.26,55394.05,1836.13,19428.09
2012-07-10,1341.47,8857.73,5664.07,2241.85,4098.02,40049.59,53705.82,1829.45,19396.36
2012-07-11,1341.46,8851.0,5664.48,2246.23,4096.54,40221.8,53569.14,1826.39,19419.87
2012-07-12,1334.76,8720.01,5608.25,2228.01,4067.971,40268.41,53420.87,1785.39,19025.11
2012-07-13,1356.78,8724.12,5666.13,2259.09,4082.246,40498.47,54330.51,1812.89,19092.63
2012-07-16,1353.64,8724.12,5662.43,2251.96,4105.103,40910.8,53401.8,1817.79,19121.34
2012-07-17,1363.67,8755.0,5629.09,2250.75,4140.799,41273.02,53909.47,1821.96,19455.33
2012-07-18,1372.78,8726.74,5685.77,2284.7,4123.599,40747.47,54583.13,1794.91,19239.88
2012-07-19,1376.51,8795.55,5714.19,2302.45,4206.693,40752.53,55346.65,1822.96,19559.05
2012-07-20,1362.66,8669.87,5651.77,2237.33,4199.124,40808.73,54194.79,1822.93,19640.8
2012-07-23,1350.52,8508.32,5533.87,2179.31,4128.941,40947.55,53033.96,1789.44,19053.47
2012-07-24,1338.31,8488.09,5499.23,2151.54,4133.232,40697.87,52638.63,1793.93,18903.2
2012-07-25,1337.89,8365.9,5498.32,2159.09,4123.947,40435.1,52607.54,1769.31,18877.33
2012-07-26,1360.02,8443.1,5573.16,2251.05,4147.733,40977.32,54002.72,1782.47,18892.79
2012-07-27,1385.97,8566.64,5627.21,2301.23,4209.77,41476.48,56553.12,1829.16,19274.96
2012-07-30,1385.3,8635.44,5693.63,2340.31,4245.709,41333.11,57240.92,1843.79,19585.4
2012-07-31,1379.32,8695.06,5635.28,2325.72,4269.153,40704.28,56097.05,1881.99,19796.81
2012-08-01,1375.14,8641.85,5712.82,2333.38,4262.763,40805.4,56291.93,1879.93,19820.38
2012-08-02,1365.0,8653.18,5662.3,2263.36,4269.539,40759.0,55520.4,1869.4,19690.2
2012-08-03,1390.99,8555.11,5787.28,2372.58,4221.481,40998.4,57255.22,1848.68,19666.18
2012-08-06,1394.23,8726.29,5808.77,2399.32,4272.586,41096.44,58344.61,1885.88,19998.72
2012-08-07,1401.35,8803.31,5841.24,2440.24,4291.564,41070.24,57725.66,1886.8,20072.55
2012-08-08,1402.22,8881.16,5845.92,2432.28,4312.561,40851.18,58950.98,1903.23,20065.52
2012-08-09,1402.8,8978.6,5851.51,2437.04,4308.275,40677.48,58797.13,1940.59,20269.47
2012-08-10,1405.87,8891.44,5847.11,2423.22,4277.302,40850.0,59280.93,1946.4,20136.12
2012-08-13,1404.11,8885.15,5831.88,2415.96,4283.293,40366.27,59122.74,1932.44,20081.36
2012-08-14,1403.93,8929.88,5864.78,2432.29,4292.174,40644.97,58082.92,1956.96,20291.68
2012-08-15,1405.53,8925.04,5833.04,2430.39,4281.215,40792.59,58189.28,1956.96,20052.29
2012-08-16,1415.51,9092.76,5834.51,2456.53,4330.166,40714.87,59445.79,1957.91,19962.95
2012-08-17,1418.16,9162.5,5852.42,2471.53,4370.1,40547.49,59082.37,1946.54,20116.07
2012-08-20,1418.13,9171.16,5824.37,2466.32,4364.288,40350.0,59283.09,1946.31,20104.27
2012-08-21,1413.17,9156.92,5857.52,2490.27,4383.376,40096.64,58917.73,1943.22,20100.09
2012-08-22,1413.49,9131.74,5774.2,2452.73,4376.043,40027.13,59380.76,1935.19,19887.78
2012-08-23,1402.08,9178.12,5776.6,2429.17,4383.702,39879.01,58511.55,1942.54,20132.24
2012-08-24,1411.13,9070.76,5776.6,2434.23,4348.995,40211.41,58425.76,1919.81,19880.03
2012-08-27,1410.44,9085.39,5776.6,2461.82,4343.699,39972.85,58111.46,1917.87,19798.67
2012-08-28,1409.3,9033.29,5775.71,2442.12,4359.378,39950.9,58406.4,1916.33,19811.8
2012-08-29,1410.49,9069.81,5743.53,2434.23,4356.445,39908.9,57369.19,1928.54,19788.51
2012-08-30,1399.48,8983.78,5719.45,2403.8,4315.674,39885.39,57256.43,1906.38,19552.91
2012-08-31,1406.58,8839.91,5711.48,2440.71,4316.114,39421.65,57061.45,1905.12,19482.57
2012-09-03,1406.58,8783.89,5758.41,2463.17,4329.671,39802.94,57281.45,1912.71,19559.21
2012-09-04,1404.94,8775.51,5672.01,2436.54,4303.512,39549.43,56233.9,1907.13,19429.91
2012-09-05,1403.43,8679.82,5657.86,2441.81,4278.766,39573.92,56863.91,1874.03,19145.07
2012-09-06,1432.12,8680.57,5777.34,2524.95,4312.888,39987.06,58321.24,1881.24,19209.3
2012-09-07,1437.92,8871.65,5794.8,2538.6,4325.839,40043.87,58321.24,1929.58,19802.16
2012-09-10,1429.08,8869.37,5793.2,2528.53,4333.765,39991.19,58404.1,1924.7,19827.17
2012-09-11,1433.57,8807.38,5792.19,2557.65,4325.794,39998.97,59422.55,1920.0,19857.88
2012-09-12,1436.56,8959.96,5782.08,2564.8,4361.252,40248.38,59921.8,1950.03,20075.39
2012-09-13,1459.99,8995.15,5819.92,2543.22,4339.421,40654.38,61958.12,1950.69,20047.63
2012-09-14,1465.77,9159.39,5915.55,2594.56,4389.956,40693.47,62105.47,2007.58,20629.78
2012-09-17,1461.19,9159.39,5893.52,2583.57,4402.529,40621.46,61805.98,2002.35,20658.11
2012-09-18,1459.32,9123.77,5868.16,2553.4,4394.728,40590.96,61804.33,2004.96,20601.93
2012-09-19,1461.05,9232.21,5888.48,2567.67,4418.36,40941.31,61651.83,2007.88,20841.91
2012-09-20,1460.26,9086.98,5854.64,2553.03,4397.228,40500.35,61687.97,1990.33,20590.92
2012-09-21,1460.15,9110.0,5852.62,2577.08,4408.291,40338.7,61320.07,2002.37,20734.94
2012-09-24,1456.89,9069.29,5838.84,2557.89,4385.473,40561.22,61909.99,2003.44,20694.7
2012-09-25,1441.59,9091.54,5859.71,2568.48,4372.863,40215.35,60501.1,1991.41,20698.68
2012-09-26,1433.32,8906.7,5768.09,2498.52,4361.602,40332.98,60478.05,1980.44,20527.73
2012-09-27,1447.15,8949.87,5779.42,2506.06,4384.169,40729.7,60239.79,1988.7,20762.29
2012-09-28,1440.67,8870.16,5742.07,2454.26,4387.018,40866.96,59175.86,1996.21,20840.38
2012-10-01,1444.49,8796.51,5820.45,2498.81,4388.624,41124.56,59570.8,1996.21,20840.38
2012-10-02,1445.75,8786.05,5809.45,2493.59,4432.983,41199.29,59222.08,1996.03,20840.38
2012-10-03,1450.99,8746.87,5825.81,2492.48,4438.561,41004.84,58627.33,1996.03,20888.28
2012-10-04,1461.4,8824.59,5827.78,2485.75,4452.355,41421.74,58458.0,1992.68,20907.95
2012-10-05,1460.93,8863.3,5871.02,2531.21,4494.381,41934.08,58571.59,1995.17,21012.38
2012-10-08,1455.88,8863.3,5841.74,2496.09,4481.857,41756.96,59317.15,1981.89,20824.56
2012-10-09,1441.48,8769.59,5810.25,2472.23,4505.349,41755.16,58939.46,1979.04,20937.28
2012-10-10,1432.56,8596.23,5776.71,2456.54,4490.74,41470.05,58456.28,1948.22,20919.6
2012-10-11,1432.84,8546.78,5829.75,2487.08,4483.527,41745.39,59161.72,1933.09,20999.05
2012-10-12,1428.59,8534.12,5793.32,2469.09,4486.58,41665.48,59161.72,1933.26,21136.43
2012-10-15,1440.13,8577.93,5805.61,2485.12,4483.428,42008.55,59601.71,1925.59,21148.25
2012-10-16,1454.92,8701.31,5870.54,2547.9,4491.498,42518.35,59743.87,1941.54,21207.07
2012-10-17,1460.91,8806.55,5910.91,2569.83,4528.208,42559.98,60087.29,1955.15,21416.64
2012-10-18,1457.34,8982.86,5917.05,2574.19,4559.435,42592.78,59733.9,1959.12,21518.71
2012-10-19,1433.19,9002.68,5896.15,2542.24,4571.075,42386.83,58922.04,1943.84,21551.76
2012-10-22,1433.82,9010.71,5882.91,2531.1,4540.999,42122.25,58700.3,1941.59,21697.55
2012-10-23,1413.11,9014.25,5797.91,2477.92,4543.072,42041.14,57690.24,1926.81,21697.55
2012-10-24,1408.75,8954.3,5804.78,2490.58,4505.818,42095.16,57160.74,1913.96,21763.78
2012-10-25,1412.97,9055.2,5805.05,2483.43,4510.501,41877.27,57836.78,1924.5,21810.23
2012-10-26,1411.94,8933.06,5806.71,2496.1,4472.38,41836.92,57276.81,1891.43,21545.57
2012-10-29,1411.94,8929.34,5795.1,2478.84,4476.859,41817.11,57176.58,1891.52,21511.05
2012-10-30,1411.94,8841.98,5849.9,2515.99,4485.687,41599.0,57683.76,1899.58,21428.58
2012-10-31,1412.16,8928.29,5782.7,2503.64,4516.998,41619.96,57068.18,1912.06,21641.82
2012-11-01,1427.59,8946.87,5861.92,2533.87,4457.65,41761.78,58382.68,1898.44,21821.87
2012-11-02,1414.2,9051.22,5868.55,2547.15,4460.053,41761.78,58382.68,1918.72,22111.33
2012-11-05,1417.26,9007.44,5839.06,2517.67,4474.12,41722.14,58209.76,1908.22,22006.4
2012-11-06,1428.39,8975.15,5884.9,2535.94,4484.798,41720.62,59458.59,1928.17,21944.43
2012-11-07,1394.53,8972.89,5791.63,2479.1,4516.462,41010.98,58517.35,1937.55,22099.85
2012-11-08,1377.51,8837.15,5776.05,2479.13,4483.822,40830.65,57524.45,1914.41,21566.91
2012-11-09,1379.85,8757.6,5769.68,2479.82,4462.024,40677.07,57357.71,1904.41,21384.38
2012-11-12,1380.03,8676.44,5767.27,2473.52,4448.031,40859.9,57064.31,1900.87,21430.3
2012-11-13,1374.53,8661.05,5786.25,2493.14,4379.804,41078.5,57486.07,1889.7,21188.65
2012-11-14,1355.49,8664.73,5722.01,2472.84,4388.367,40750.42,56279.36,1894.04,21441.99
2012-11-15,1353.33,8829.72,5677.75,2461.77,4349.25,40573.66,56279.36,1870.72,21108.93
2012-11-16,1359.88,9024.16,5605.59,2427.32,4336.848,40830.6,55402.33,1860.83,21159.01
2012-11-19,1386.89,9153.2,5737.66,2495.21,4361.448,40830.6,56450.86,1878.1,21262.06
2012-11-20,1387.81,9142.64,5748.1,2509.62,4385.678,41184.0,56450.86,1890.18,21228.28
2012-11-21,1391.03,9222.52,5752.03,2519.68,4369.499,41668.06,56242.12,1884.04,21524.36
2012-11-22,1391.03,9366.8,5791.03,2535.09,4413.072,42032.35,56436.97,1899.5,21743.2
2012-11-23,1409.15,9366.8,5819.14,2557.03,4413.013,41919.55,57574.03,1911.33,21913.98
2012-11-26,1406.29,9388.94,5786.72,2542.52,4424.189,41878.27,56737.1,1908.51,21861.81
2012-11-27,1398.94,9423.3,5799.71,2543.45,4456.827,41769.38,56248.09,1925.2,21844.03
2012-11-28,1409.93,9308.35,5803.28,2546.84,4447.308,41912.95,56539.4,1912.78,21708.98
2012-11-29,1415.95,9400.88,5870.3,2581.69,4477.731,42090.69,57852.53,1934.85,21922.89
2012-11-30,1416.18,9446.01,5866.82,2575.25,4506.036,41833.52,57474.57,1932.9,22030.39
2012-12-03,1409.46,9458.18,5871.24,2582.36,4531.508,42323.84,58202.35,1940.02,21767.85
2012-12-04,1407.05,9432.46,5869.04,2590.83,4503.575,42337.82,57563.23,1935.18,21799.97
2012-12-05,1409.28,9468.84,5892.08,2592.09,4520.399,42416.29,57678.62,1947.04,22270.91
2012-12-06,1413.94,9545.16,5901.42,2603.41,4509.345,42589.68,57656.42,1949.62,22249.81
2012-12-07,1418.07,9527.39,5914.4,2601.37,4551.758,42797.67,58487.32,1957.45,22191.17
2012-12-10,1418.55,9533.75,5921.63,2596.02,4557.947,43134.51,59248.23,1957.42,22276.72
2012-12-11,1427.84,9525.32,5924.97,2624.03,4576.005,43183.28,59623.34,1964.62,22323.94
2012-12-12,1428.48,9581.46,5945.85,2630.34,4583.81,43183.28,59474.18,1975.44,22503.35
2012-12-13,1419.45,9742.73,5929.61,2627.66,4582.793,43006.31,59316.75,2002.77,22445.58
2012-12-14,1413.58,9737.56,5921.76,2630.54,4583.109,43050.92,59604.92,1995.04,22605.98
2012-12-17,1430.36,9828.88,5912.15,2628.01,4573.395,43338.33,59566.52,1983.07,22513.61
2012-12-18,1446.79,9923.01,5935.9,2643.5,4595.205,43825.97,60460.73,1993.09,22494.73
2012-12-19,1435.81,10160.4,5961.59,2654.69,4617.777,43647.99,60998.34,1993.09,22623.37
2012-12-20,1443.69,10039.33,5958.34,2658.3,4634.107,43637.68,61276.12,1999.5,22659.78
2012-12-21,1430.15,9940.06,5939.99,2651.09,4623.578,43621.62,61007.03,1980.42,22506.29
2012-12-24,1426.66,9940.06,5954.18,2648.53,4635.189,43533.45,61007.03,1981.82,22541.18
2012-12-25,1426.66,10080.12,5954.18,2648.53,4635.189,43533.45,61007.03,1981.82,22541.18
2012-12-26,1419.83,10230.36,5954.18,2648.53,4635.189,43495.74,60959.79,1982.25,22541.18
2012-12-27,1418.1,10322.98,5954.3,2659.95,4647.963,43469.89,60415.95,1987.35,22619.78
2012-12-28,1402.43,10395.18,5925.37,2626.85,4671.299,43721.93,60952.08,1997.05,22666.59
2012-12-31,1426.19,10395.18,5897.81,2635.93,4648.95,43705.83,60952.08,1997.05,22656.92
2013-01-01,1426.19,10395.18,5897.81,2635.93,4648.95,43705.83,60952.08,1997.05,22656.92
2013-01-02,1462.42,10395.18,6027.37,2711.25,4705.94,44304.17,62550.1,2031.1,23311.98
2013-01-03,1459.37,10395.18,6047.34,2701.22,4740.682,44370.64,63312.46,2019.41,23398.6
2013-01-04,1466.47,10688.11,6089.84,2709.35,4723.78,44562.33,62523.06,2011.94,23331.09
2013-01-07,1461.89,10599.01,6064.58,2695.56,4717.325,44625.93,61932.54,2011.25,23329.75
2013-01-08,1457.15,10508.06,6053.63,2691.45,4690.25,44571.2,61127.84,1997.94,23111.19
2013-01-09,1461.02,10578.57,6098.65,2706.39,4708.138,44862.54,61578.58,1991.81,23218.47
2013-01-10,1472.12,10652.64,6101.51,2708.27,4722.957,44859.8,61678.31,2006.8,23354.31
2013-01-11,1472.05,10801.57,6121.58,2717.79,4709.486,44888.13,61497.43,1996.67,23264.07
2013-01-14,1470.68,10801.57,6107.86,2715.16,4719.707,44862.92,62080.79,2007.04,23413.26
2013-01-15,1472.34,10879.08,6117.31,2701.59,4716.555,44748.06,61727.61,1983.74,23381.51
2013-01-16,1472.63,10600.44,6103.98,2702.54,4738.444,44865.3,61787.35,1977.45,23356.99
2013-01-17,1480.94,10609.64,6132.36,2718.93,4756.626,44943.34,62194.06,1974.27,23339.76
2013-01-18,1485.98,10913.3,6154.41,2709.59,4771.226,45212.53,61956.14,1987.85,23601.78
2013-01-21,1485.98,10747.74,6180.98,2726.63,4777.497,45223.85,61899.71,1986.86,23590.91
2013-01-22,1492.56,10709.93,6179.17,2716.7,4779.078,45320.3,61692.29,1996.52,23658.99
2013-01-23,1494.81,10486.99,6197.64,2708.28,4787.827,45442.98,61966.26,1980.41,23635.1
2013-01-24,1494.82,10620.87,6264.91,2722.96,4810.224,45428.7,61169.83,1964.48,23598.9
2013-01-25,1502.96,10926.65,6284.45,2744.18,4835.174,45575.86,61169.83,1946.69,23580.43
2013-01-28,1500.18,10824.31,6294.41,2744.5,4835.174,45912.51,60027.07,1939.71,23671.88
2013-01-29,1507.84,10866.72,6339.19,2749.27,4888.976,45907.98,60406.33,1955.96,23655.17
2013-01-30,1501.96,11113.95,6323.11,2732.12,4896.693,45753.18,59336.7,1964.43,23822.06
2013-01-31,1498.11,11138.66,6276.88,2702.98,4878.781,45278.06,59761.49,1961.94,23729.53
2013-02-01,1513.17,11191.34,6347.24,2710.08,4921.096,45768.49,60351.16,1957.79,23721.84
2013-02-04,1495.71,11260.35,6246.84,2625.17,4907.515,45768.49,59575.66,1953.21,23685.01
2013-02-05,1511.29,11046.92,6282.76,2651.21,4882.72,45688.12,59444.97,1938.18,23148.53
2013-02-06,1512.12,11463.75,6295.34,2617.35,4920.954,45570.71,58951.07,1936.19,23256.93
2013-02-07,1509.39,11357.07,6228.42,2597.92,4935.702,45019.21,58372.46,1931.77,23177.0
2013-02-08,1517.93,11153.16,6263.93,2630.3,4971.296,45089.36,58497.83,1950.9,23215.16
2013-02-11,1517.01,11153.16,6277.06,2622.61,4959.504,45063.88,58497.83,1950.9,23215.16
2013-02-12,1519.43,11369.12,6338.38,2648.83,4958.985,44873.44,58497.83,1945.79,23215.16
2013-02-13,1520.33,11251.41,6359.11,2656.86,5003.657,44096.27,58405.74,1976.07,23215.16
2013-02-14,1521.38,11307.28,6327.36,2635.35,5036.882,43878.28,58077.31,1979.61,23413.25
2013-02-15,1519.79,11173.83,6328.26,2615.26,5033.918,44152.96,57903.3,1981.18,23444.56
2013-02-18,1519.79,11407.87,6318.19,2616.65,5063.416,44141.92,57613.9,1981.91,23381.94
2013-02-19,1530.94,11372.34,6379.07,2662.37,5081.897,44639.76,57314.4,1985.83,23143.91
2013-02-20,1511.95,11468.28,6395.37,2640.35,5098.714,44299.56,56177.6,2024.64,23307.41
2013-02-21,1502.42,11309.13,6291.54,2579.76,4980.091,44136.6,56154.68,2015.22,22906.67
2013-02-22,1515.6,11385.94,6335.7,2630.05,5018.145,43875.73,56697.06,2018.89,22782.44
2013-02-25,1487.85,11662.52,6355.37,2651.86,5055.767,43497.2,56617.56,2009.52,22820.08
2013-02-26,1496.94,11398.81,6270.44,2570.52,5003.566,43489.2,56948.87,2000.01,22519.69
2013-02-27,1515.99,11253.97,6325.88,2611.89,5036.592,43772.89,57273.88,2004.04,22577.01
2013-02-28,1514.68,11559.36,6360.81,2633.55,5104.08,44120.99,57424.29,2026.49,23020.27
2013-03-01,1518.2,11606.38,6378.6,2616.75,5086.134,43995.72,56883.99,2026.49,22880.22
2013-03-04,1525.2,11652.29,6345.63,2619.78,5010.524,43871.31,56499.17,2013.15,22537.81
2013-03-05,1539.79,11683.45,6431.95,2683.02,5075.363,44017.12,55950.73,2016.61,22560.5
2013-03-06,1541.46,11932.27,6427.64,2679.89,5116.79,44159.65,57940.14,2020.74,22777.84
2013-03-07,1544.26,11968.08,6439.16,2690.85,5109.2,43968.6,58846.81,2004.4,22771.44
2013-03-08,1551.18,12283.62,6483.58,2728.78,5123.441,44322.51,58432.75,2006.01,23091.95
2013-03-11,1556.22,12349.05,6503.63,2718.71,5146.905,44013.3,58544.79,2003.35,23090.82
2013-03-12,1552.48,12314.81,6510.62,2711.85,5117.868,43965.41,58208.61,1993.34,22890.6
2013-03-13,1554.52,12239.66,6481.5,2704.73,5092.397,43278.11,57385.9,1999.73,22556.65
2013-03-14,1563.23,12381.19,6529.41,2744.7,5032.222,43348.52,57281.02,2002.13,22619.18
2013-03-15,1560.7,12560.95,6489.65,2725.72,5120.242,42605.05,56869.28,1986.5,22533.11
2013-03-18,1552.1,12220.63,6457.92,2705.47,5015.402,42605.05,56972.96,1968.18,22083.36
2013-03-19,1548.34,12468.23,6441.32,2671.96,4987.4,42060.61,56361.24,1978.56,22041.86
2013-03-20,1558.71,12468.23,6432.7,2708.9,4967.35,42497.97,56030.03,1959.41,22256.44
2013-03-21,1545.8,12635.69,6388.55,2683.92,4959.406,42531.07,55576.67,1950.82,22225.88
2013-03-22,1556.89,12338.53,6392.76,2681.67,4967.262,42686.68,55243.4,1948.71,22115.3
2013-03-25,1551.69,12546.46,6378.38,2649.28,4990.197,42900.83,54873.12,1977.67,22251.15
2013-03-26,1563.77,12471.62,6399.37,2641.12,4950.246,43664.73,55671.39,1983.7,22311.08
2013-03-27,1562.85,12493.79,6387.56,2612.46,4994.993,44077.09,56034.29,1993.44,22464.82
2013-03-28,1569.19,12335.96,6411.74,2624.02,4966.499,44077.09,56352.09,1993.52,22299.63
2013-03-29,1569.19,12397.91,6411.74,2624.02,4966.499,44077.09,56352.09,2004.89,22299.63
2013-04-01,1562.17,12135.02,6411.74,2624.02,4966.499,43932.52,55902.18,1995.99,22299.63
2013-04-02,1570.25,12003.43,6490.66,2679.8,4985.51,44113.5,54889.1,1986.15,22367.82
2013-04-03,1553.69,12362.2,6420.28,2639.01,4957.68,43717.57,55562.74,1983.22,22337.49
2013-04-04,1559.98,12634.54,6344.12,2621.43,4913.481,43566.69,54648.15,1959.45,22337.49
2013-04-05,1553.28,12833.64,6249.78,2585.28,4891.425,43244.25,55050.6,1927.23,21726.9
2013-04-08,1563.07,13192.59,6276.94,2589.25,4905.486,43430.99,55092.31,1918.69,21718.05
2013-04-09,1568.61,13192.35,6313.21,2595.13,4976.839,43973.18,55912.04,1920.74,21870.34
2013-04-10,1587.73,13288.13,6387.37,2661.62,4967.995,44380.83,56186.56,1935.58,22034.56
2013-04-11,1593.37,13549.16,6416.14,2674.33,5007.069,44408.43,55400.91,1949.8,22101.27
2013-04-12,1588.85,13485.14,6384.39,2633.47,5013.535,44004.27,54962.65,1924.23,22089.05
2013-04-15,1552.36,13275.66,6343.6,2624.71,4967.908,42984.38,52949.93,1920.45,21772.67
2013-04-16,1574.57,13221.44,6304.58,2609.3,4950.846,43223.69,53990.83,1922.21,21672.03
2013-04-17,1552.01,13382.89,6244.21,2553.49,5004.555,42610.91,52881.96,1923.84,21569.67
2013-04-18,1541.61,13220.07,6243.67,2555.5,4924.416,42460.21,53165.91,1900.06,21512.52
2013-04-19,1555.25,13316.48,6286.59,2575.16,4931.911,42808.17,53928.92,1906.75,22013.57
2013-04-22,1562.5,13568.37,6280.62,2583.62,4966.551,42914.2,54297.73,1926.31,22044.37
2013-04-23,1578.78,13529.65,6406.12,2662.88,5016.233,43113.61,54884.75,1918.63,21806.61
2013-04-24,1578.79,13843.46,6431.76,2702.05,5102.43,42294.93,54984.23,1935.31,22183.05
2013-04-25,1585.16,13926.08,6442.59,2704.41,5102.43,42547.47,54963.32,1951.6,22401.24
2013-04-26,1582.24,13884.13,6426.42,2683.43,5097.508,41897.0,54252.04,1944.56,22547.71
2013-04-29,1593.61,13884.13,6458.02,2717.38,5125.806,41910.53,54887.25,1940.7,22580.77
2013-04-30,1597.57,13860.86,6430.12,2712.0,5191.219,42263.48,55910.37,1963.95,22737.01
2013-05-01,1582.7,13799.35,6451.29,2711.74,5166.182,42263.48,55910.37,1963.95,22737.01
2013-05-02,1597.59,13694.04,6460.71,2718.9,5129.965,42090.01,55321.93,1957.21,22668.3
2013-05-03,1614.42,13694.04,6521.46,2763.68,5129.499,42602.07,55488.08,1965.71,22689.96
2013-05-06,1617.5,13694.04,6521.46,2750.52,5156.202,42197.99,55429.88,1961.48,22915.09
2013-05-07,1625.96,14180.24,6557.3,2769.08,5143.735,42406.67,56274.66,1954.35,23047.09
2013-05-08,1632.69,14285.69,6583.48,2784.62,5199.75,42102.14,55804.8,1956.45,23244.35
2013-05-09,1626.67,14191.48,6592.74,2773.16,5198.381,41682.64,55447.56,1979.45,23211.48
2013-05-10,1633.7,14607.54,6624.98,2785.24,5206.091,41741.54,55107.8,1944.75,23321.22
2013-05-13,1633.77,14782.21,6631.76,2777.39,5210.336,41766.91,54447.77,1948.7,22989.81
2013-05-14,1650.34,14758.42,6686.06,2795.63,5220.987,41925.14,54666.82,1968.83,22930.28
2013-05-15,1658.78,15096.03,6693.55,2809.58,5191.658,41905.23,54936.41,1971.26,23044.24
2013-05-16,1650.47,15037.24,6687.8,2806.7,5165.66,41761.11,54772.62,1986.81,23082.68
2013-05-17,1667.47,15138.12,6723.06,2817.99,5180.774,41806.73,55164.27,1986.81,23082.68
2013-05-20,1666.29,15360.81,6755.63,2824.5,5209.035,41080.43,55700.77,1982.43,23493.03
2013-05-21,1669.16,15381.02,6803.87,2821.65,5180.057,40548.44,56265.32,1981.09,23366.37
2013-05-22,1655.35,15627.26,6840.27,2835.01,5165.365,40119.02,56429.27,1993.83,23261.08
2013-05-23,1650.51,14483.98,6696.79,2776.78,5062.446,40505.27,56349.91,1969.19,22669.68
2013-05-24,1649.6,14612.45,6654.34,2764.29,4983.499,40521.27,56406.21,1973.45,22618.67
2013-05-27,1649.6,14142.65,6654.34,2795.0,4959.857,40144.65,56395.94,1979.97,22686.05
2013-05-28,1660.06,14311.98,6762.01,2835.87,4970.652,40764.04,56036.26,1986.22,22924.25
2013-05-29,1648.36,14326.46,6627.17,2786.54,4974.728,40638.97,54634.69,2001.2,22554.93
2013-05-30,1654.41,13589.03,6656.99,2799.2,4930.682,40984.5,54634.69,2000.1,22484.31
2013-05-31,1630.74,13774.54,6583.09,2769.64,4926.569,41588.32,53506.08,2001.05,22392.16
2013-06-03,1640.42,13261.82,6525.12,2747.74,4888.308,41094.82,53944.36,1989.57,22282.19
2013-06-04,1631.38,13533.76,6558.58,2755.7,4900.808,40750.4,54017.9,1989.51,22285.52
2013-06-05,1608.9,13014.87,6419.31,2709.33,4835.206,40226.33,52798.63,1959.19,22069.24
2013-06-06,1622.56,12904.02,6336.11,2676.21,4781.172,40579.08,52884.83,1959.19,21838.43
2013-06-07,1643.38,12877.53,6411.99,2724.08,4737.703,40232.68,51618.63,1923.85,21575.26
2013-06-10,1642.81,13514.2,6400.45,2719.4,4737.703,40721.35,51316.65,1932.7,21615.09
2013-06-11,1626.13,13317.62,6340.08,2683.2,4757.06,39890.24,49769.93,1920.68,21354.66
2013-06-12,1612.52,13289.32,6299.45,2666.52,4724.453,39480.35,49180.58,1909.91,21354.66
2013-06-13,1636.36,12445.38,6304.63,2661.71,4695.76,39481.47,50414.89,1882.73,20887.04
2013-06-14,1626.73,12686.52,6308.26,2667.32,4791.757,39269.3,49332.34,1889.24,20969.14
2013-06-17,1639.04,13033.12,6330.49,2702.69,4825.882,39549.46,49088.65,1883.1,21225.9
2013-06-18,1651.81,13007.28,6374.21,2700.93,4814.35,39459.98,49464.94,1900.62,21225.88
2013-06-19,1628.93,13245.22,6348.82,2683.98,4861.381,39044.95,47893.06,1888.31,20986.89
2013-06-20,1588.19,13014.58,6159.51,2586.45,4758.388,37517.23,48214.43,1850.49,20382.87
2013-06-21,1592.43,13230.13,6116.17,2549.48,4738.8,38036.46,47056.04,1822.83,20263.31
2013-06-24,1573.09,13062.78,6029.1,2511.83,4669.144,37517.36,45965.05,1799.01,19813.98
2013-06-25,1588.03,12969.34,6101.91,2543.37,4655.96,37901.77,46893.04,1780.63,19855.72
2013-06-26,1603.26,12834.01,6165.48,2602.81,4731.715,38805.27,47171.98,1783.45,20338.55
2013-06-27,1613.2,13213.55,6243.4,2619.86,4811.281,39650.75,47609.46,1834.7,20440.08
2013-06-28,1606.28,13677.32,6215.47,2602.59,4802.591,40623.3,47457.13,1863.32,20803.29
2013-07-01,1614.96,13852.5,6307.78,2622.62,4710.289,41176.8,47229.59,1855.73,20803.29
2013-07-02,1614.08,14098.74,6303.94,2603.2,4834.003,40832.48,45228.95,1855.02,20658.65
2013-07-03,1615.41,14055.56,6229.87,2570.76,4744.125,40828.85,45044.03,1824.66,20147.31
2013-07-04,1615.41,14018.93,6421.67,2646.54,4794.741,41200.4,45763.16,1839.14,20468.67
2013-07-05,1631.89,14309.97,6375.52,2596.01,4841.748,40623.09,45210.49,1833.31,20854.67
2013-07-08,1640.46,14109.34,6450.07,2650.85,4809.53,40071.64,45075.5,1816.85,20582.19
2013-07-09,1652.32,14472.9,6513.08,2664.14,4881.654,40221.0,45075.5,1830.35,20683.01
2013-07-10,1652.62,14416.6,6504.96,2659.71,4901.356,39999.02,45483.43,1824.16,20904.56
2013-07-11,1675.02,14472.58,6543.41,2681.32,4965.7,40479.83,46626.26,1877.6,21437.49
2013-07-12,1680.19,14506.25,6544.94,2674.87,4973.885,40329.81,45533.24,1869.98,21277.28
2013-07-15,1682.5,14506.25,6586.11,2686.69,4981.106,40322.32,46738.9,1875.16,21303.31
2013-07-16,1676.26,14599.12,6556.35,2665.61,4986.017,39659.51,46869.29,1866.36,21312.38
2013-07-17,1680.91,14615.04,6571.93,2681.88,4981.684,40240.19,47407.31,1887.49,21371.87
2013-07-18,1689.37,14808.5,6634.36,2717.99,4993.423,40245.31,47656.92,1875.48,21345.22
2013-07-19,1692.09,14589.91,6630.67,2716.17,4972.093,39891.67,47400.23,1871.41,21362.42
2013-07-22,1695.53,14658.04,6623.17,2725.4,5001.864,40117.67,48574.09,1880.35,21416.5
2013-07-23,1692.39,14778.51,6597.44,2722.9,5017.11,40790.16,48819.52,1904.15,21915.42
2013-07-24,1685.94,14731.28,6620.43,2752.25,5035.072,40839.04,48374.23,1912.08,21968.93
2013-07-25,1690.25,14562.93,6587.95,2740.29,5035.612,40752.09,49066.75,1909.61,21900.96
2013-07-26,1691.65,14129.98,6554.79,2741.96,5042.026,41064.58,49422.05,1910.81,21968.95
2013-07-29,1685.33,13661.13,6560.25,2741.73,5046.327,40341.86,49212.33,1899.89,21850.15
2013-07-30,1685.96,13869.82,6570.95,2759.21,5047.242,40236.55,48561.78,1917.05,21953.96
2013-07-31,1685.73,13668.32,6621.06,2768.15,5051.978,40837.88,48234.49,1914.03,21883.66
2013-08-01,1706.87,14005.77,6681.98,2808.64,5061.49,41863.76,49140.78,1920.74,22088.79
2013-08-02,1709.67,14466.16,6647.87,2811.0,5116.762,42051.6,48474.04,1923.38,22190.97
2013-08-05,1707.14,14258.04,6619.58,2809.08,5111.251,41918.41,48436.44,1916.22,22222.01
2013-08-06,1697.37,14401.06,6604.21,2790.78,5105.629,41914.82,47421.85,1906.62,21923.7
2013-08-07,1690.91,13824.94,6511.21,2794.44,5011.299,42246.5,47446.71,1878.33,21588.84
2013-08-08,1697.48,13605.56,6529.68,2816.88,5064.799,42712.05,48928.82,1883.97,21655.88
2013-08-09,1691.42,13615.19,6583.39,2825.62,5055.211,42648.74,49874.9,1880.71,21807.56
2013-08-12,1689.47,13519.43,6574.34,2827.15,5108.653,42124.84,50299.49,1884.83,22271.28
2013-08-13,1694.16,13867.0,6611.94,2841.61,5157.701,42366.45,50600.55,1913.03,22541.13
2013-08-14,1685.39,14050.16,6587.43,2852.08,5157.419,42430.11,50895.92,1923.91,22541.13
2013-08-15,1661.32,13752.94,6483.34,2835.86,5152.367,42155.34,50908.34,1923.91,22539.25
2013-08-16,1655.83,13650.11,6499.99,2854.27,5113.86,42049.7,51538.78,1920.11,22517.81
2013-08-19,1646.06,13758.13,6465.73,2823.35,5112.531,41484.25,51574.09,1917.64,22463.7
2013-08-20,1652.35,13396.38,6453.46,2787.98,5078.179,41825.4,50507.02,1887.85,21970.29
2013-08-21,1642.8,13424.33,6390.84,2774.58,5099.991,41458.16,50405.2,1867.46,21817.73
2013-08-22,1656.96,13365.17,6446.87,2812.32,5075.749,41007.43,51397.66,1849.12,21895.4
2013-08-23,1663.5,13660.55,6492.1,2826.05,5123.361,40925.13,52197.06,1870.16,21863.51
2013-08-26,1656.78,13636.28,6492.1,2821.45,5135.403,40419.93,51429.48,1887.86,22005.32
2013-08-27,1630.48,13542.37,6440.97,2749.27,5141.216,39656.0,50091.55,1885.84,21874.77
2013-08-28,1634.96,13338.46,6430.06,2742.61,5087.163,39248.07,49866.92,1884.52,21524.65
2013-08-29,1638.17,13459.71,6483.05,2758.31,5092.411,39162.49,49921.88,1907.54,21704.78
2013-08-30,1632.97,13388.86,6412.93,2721.37,5134.957,39484.46,50011.75,1926.36,21731.37
2013-09-02,1632.97,13572.92,6506.19,2774.09,5188.276,40129.04,51835.15,1924.81,22175.34
2013-09-03,1639.77,13978.44,6468.41,2753.35,5196.568,39541.51,51625.5,1933.74,22394.58
2013-09-04,1653.08,14053.87,6474.74,2758.29,5161.637,39773.53,51716.16,1933.03,22326.22
2013-09-05,1655.08,14064.82,6532.44,2774.2,5142.513,39686.45,52351.86,1951.65,22597.97
2013-09-06,1655.17,13860.81,6547.33,2803.42,5144.991,39915.06,53749.42,1955.31,22621.22
2013-09-09,1671.71,14205.23,6530.74,2798.31,5181.469,40953.85,54251.85,1974.67,22750.65
2013-09-10,1683.99,14423.36,6583.99,2851.4,5201.167,41732.98,53979.03,1994.06,22976.65
2013-09-11,1689.13,14425.07,6588.43,2863.44,5234.387,41640.53,53570.46,2003.85,22937.14
2013-09-12,1683.42,14387.27,6588.98,2862.07,5242.536,40785.68,53307.09,2004.06,22953.72
2013-09-13,1687.99,14404.67,6583.8,2867.11,5219.626,41122.47,53797.51,1994.32,22915.28
2013-09-16,1697.6,14404.67,6622.86,2894.64,5247.988,41122.47,53821.63,2013.37,23252.41
2013-09-17,1704.76,14311.67,6570.17,2890.95,5251.242,41137.67,54271.25,2005.58,23180.52
2013-09-18,1725.52,14505.36,6558.82,2908.92,5238.14,41902.2,55702.9,2005.58,23117.45
2013-09-19,1722.34,14766.18,6625.39,2936.2,5295.55,41752.26,55095.69,2005.58,23502.51
2013-09-20,1709.91,14742.42,6596.43,2927.19,5276.69,41225.98,54110.03,2005.58,23502.51
2013-09-23,1701.84,14742.42,6557.37,2906.35,5252.46,41314.68,54602.38,2009.41,23371.54
2013-09-24,1697.42,14732.61,6571.46,2922.93,5234.162,41209.95,54431.05,2007.1,23179.04
2013-09-25,1692.77,14620.53,6551.53,2927.35,5275.939,41724.03,54261.11,1998.06,23209.63
2013-09-26,1698.67,14799.12,6565.59,2922.99,5294.455,41327.58,53782.97,2007.32,23125.03
2013-09-27,1691.75,14760.07,6512.66,2919.34,5307.061,40903.65,53738.92,2011.8,23207.04
2013-09-30,1681.55,14455.8,6462.22,2893.15,5218.877,40185.23,52338.19,1996.96,22859.86
2013-10-01,1695.0,14484.72,6460.01,2933.02,5206.798,41335.27,53179.46,1998.87,22859.86
2013-10-02,1693.87,14170.49,6437.5,2918.31,5215.556,41300.66,53100.18,1999.47,22984.48
2013-10-03,1678.66,14157.25,6449.04,2902.12,5234.887,40841.13,52489.86,1999.47,23214.4
2013-10-04,1690.5,14024.31,6453.88,2928.31,5208.017,40909.54,52848.97,1996.98,23138.54
2013-10-07,1676.12,13853.32,6437.28,2923.04,5161.112,40451.16,52417.1,1994.42,22973.95
2013-10-08,1655.45,13894.61,6365.83,2903.35,5149.445,39916.84,52312.44,2002.76,23178.85
2013-10-09,1656.4,14037.84,6337.91,2904.73,5152.989,39866.17,52547.71,2002.76,23033.97
2013-10-10,1692.56,14194.71,6430.49,2969.41,5147.142,40489.95,52996.64,2001.4,22951.3
2013-10-11,1703.2,14404.74,6487.19,2974.28,5230.872,40975.37,53149.62,2024.9,23218.32
2013-10-14,1710.14,14404.74,6507.65,2977.69,5207.863,40882.09,54170.6,2020.27,23218.32
2013-10-15,1698.06,14441.54,6549.11,3004.56,5259.147,40218.32,54980.64,2040.96,23336.52
2013-10-16,1721.54,14467.14,6571.59,3015.4,5262.908,40355.27,55973.03,2034.61,23228.33
2013-10-17,1733.15,14586.51,6576.16,3010.39,5283.102,40199.47,55358.13,2040.61,23094.88
2013-10-18,1744.5,14561.54,6622.58,3033.31,5321.466,40412.69,55378.46,2052.4,23340.1
2013-10-21,1744.66,14693.57,6654.2,3028.65,5351.771,40345.78,56077.43,2053.01,23438.15
2013-10-22,1754.67,14713.25,6695.66,3045.77,5373.145,40813.48,56460.38,2056.12,23315.99
2013-10-23,1746.38,14426.05,6674.48,3017.16,5356.096,40552.59,55440.03,2035.75,22999.95
2013-10-24,1752.07,14486.41,6713.18,3038.96,5372.886,40246.73,54877.15,2046.69,22835.82
2013-10-25,1759.77,14088.19,6721.34,3034.5,5386.346,40671.61,54154.15,2034.39,22698.34
2013-10-28,1762.11,14396.04,6725.82,3022.04,5441.411,41125.02,55073.37,2048.14,22806.58
2013-10-29,1771.95,14325.98,6774.73,3050.64,5415.527,41284.38,54538.8,2051.76,22846.54
2013-10-30,1763.31,14502.35,6777.7,3040.69,5430.854,41050.09,54172.82,2059.58,23304.02
2013-10-31,1756.54,14327.94,6731.43,3067.95,5425.497,41038.65,54256.2,2030.09,23206.37
2013-11-01,1761.64,14201.57,6734.74,3052.14,5411.123,41079.61,54013.24,2039.42,23249.79
2013-11-04,1767.93,14201.57,6763.62,3061.18,5390.532,41013.72,54436.92,2025.17,23189.62
2013-11-05,1762.97,14225.37,6746.84,3035.92,5431.962,40304.45,53831.85,2013.93,23038.95
2013-11-06,1770.49,14337.31,6741.69,3056.4,5433.805,40280.09,53384.6,2013.67,23036.94
2013-11-07,1747.15,14228.44,6697.22,3042.98,5422.036,40009.9,52740.79,2004.04,22881.03
2013-11-08,1770.61,14086.8,6708.42,3034.91,5400.665,39864.16,52248.86,1984.87,22744.39
2013-11-11,1771.89,14269.84,6728.37,3052.83,5387.142,39686.83,52623.87,1977.3,23069.85
2013-11-12,1767.69,14588.68,6726.79,3034.68,5393.094,39594.64,51804.33,1995.48,22901.41
2013-11-13,1782.0,14567.16,6630.0,3021.17,5319.177,39765.92,52230.29,1963.56,22463.83
2013-11-14,1790.62,14876.41,6666.13,3053.69,5355.429,40306.7,53451.6,1967.56,22649.15
2013-11-15,1798.18,15165.92,6693.44,3054.53,5401.671,41034.11,53451.6,2005.64,23032.15
2013-11-18,1791.53,15164.3,6723.46,3081.3,5384.657,41034.11,54307.04,2010.81,23660.06
2013-11-19,1787.87,15126.56,6698.01,3049.17,5352.902,40643.25,53032.91,2031.64,23657.81
2013-11-20,1781.37,15076.08,6681.08,3047.32,5307.665,40795.56,53032.91,2017.24,23700.86
2013-11-21,1795.85,15365.6,6681.33,3044.34,5288.318,40998.37,52688.02,1993.78,23580.29
2013-11-22,1804.76,15381.72,6674.3,3055.98,5335.912,41199.02,52800.74,2006.23,23696.28
2013-11-25,1802.48,15619.13,6694.62,3072.75,5352.834,40948.36,52263.51,2015.98,23684.45
2013-11-26,1802.75,15515.24,6636.22,3062.62,5357.01,41002.68,51446.91,2022.64,23681.28
2013-11-27,1807.23,15449.63,6649.47,3082.65,5332.873,41872.59,51861.21,2028.81,23806.35
2013-11-28,1807.23,15727.12,6654.47,3092.42,5334.337,42160.42,51846.83,2045.77,23789.09
2013-11-29,1805.81,15661.87,6650.57,3086.64,5320.05,42499.13,52482.49,2044.87,23881.29
2013-12-02,1800.9,15655.07,6595.33,3077.23,5279.517,42138.55,51244.87,2030.78,24038.55
2013-12-03,1795.15,15749.66,6532.43,3013.88,5256.072,41876.86,50348.89,2009.36,23910.47
2013-12-04,1792.81,15407.94,6509.97,2991.76,5273.751,42003.65,50215.79,1986.8,23728.7
2013-12-05,1785.03,15177.49,6498.33,2953.17,5197.958,41910.08,50787.63,1984.77,23712.57
2013-12-06,1805.09,15299.86,6551.99,2979.94,5186.019,41925.54,50944.27,1980.41,23743.1
2013-12-09,1808.37,15650.21,6559.48,2988.67,5144.423,42289.23,51165.38,2000.38,23811.17
2013-12-10,1802.62,15611.31,6523.31,2960.86,5143.554,42490.1,50993.02,1993.45,23744.19
2013-12-11,1782.22,15515.06,6507.72,2947.31,5104.25,42304.55,50067.99,1977.97,23338.24
2013-12-12,1775.5,15341.82,6445.25,2928.12,5062.516,42304.55,50121.61,1967.93,23218.12
2013-12-13,1775.32,15403.11,6439.96,2921.92,5098.427,41884.83,50051.18,1962.91,23245.96
2013-12-16,1786.54,15152.91,6522.2,2978.77,5089.634,42054.02,50279.61,1961.15,23114.66
2013-12-17,1781.0,15278.63,6486.19,2941.76,5103.192,41758.55,50090.35,1965.74,23069.23
2013-12-18,1810.65,15587.8,6492.08,2975.09,5096.102,42079.87,50563.43,1974.63,23143.82
2013-12-19,1809.6,15859.22,6584.7,3031.05,5202.232,42198.32,51633.43,1975.65,22888.75
2013-12-20,1818.32,15870.42,6606.58,3049.35,5265.217,42183.77,51185.74,1983.35,22812.18
2013-12-23,1827.99,15870.42,6678.61,3070.91,5291.949,42508.03,51356.1,1996.89,22921.56
2013-12-24,1833.32,15889.33,6694.17,3072.88,5327.246,42585.66,51356.1,2001.59,23179.55
2013-12-25,1833.32,16009.99,6694.17,3072.88,5327.246,42585.66,51356.1,2001.59,23179.55
2013-12-26,1842.02,16174.44,6694.17,3072.88,5327.246,42540.32,51221.01,1999.3,23179.55
2013-12-27,1841.4,16178.94,6750.87,3111.37,5324.06,42753.22,51266.56,2002.28,23243.24
2013-12-30,1841.07,16291.31,6731.27,3100.93,5356.799,42958.82,51507.16,2011.34,23244.87
2013-12-31,1848.36,16291.31,6749.09,3109.0,5352.214,42727.09,51507.16,2011.34,23306.39
2014-01-01,1848.36,16291.31,6749.09,3109.0,5352.214,42727.09,51507.16,2011.34,23306.39
2014-01-02,1831.98,16291.31,6717.91,3059.93,5367.911,42188.45,50341.25,1967.19,23340.05
2014-01-03,1831.37,16291.31,6730.67,3074.43,5350.098,42064.97,50981.09,1946.14,22817.28
2014-01-06,1826.77,15908.88,6730.73,3069.16,5324.876,41525.95,50973.62,1953.28,22684.15
2014-01-07,1837.88,15814.37,6755.45,3110.96,5316.987,41778.6,50430.02,1959.44,22712.78
2014-01-08,1837.49,16121.45,6721.78,3110.66,5316.048,41515.49,50576.64,1958.96,22996.59
2014-01-09,1838.13,15880.33,6691.34,3090.26,5324.41,41585.54,49321.68,1946.11,22787.33
2014-01-10,1842.37,15912.06,6739.94,3104.15,5312.384,42458.51,49696.45,1938.54,22846.25
2014-01-13,1819.2,15912.06,6757.15,3111.94,5292.075,42158.62,49426.9,1948.92,22888.76
2014-01-14,1838.88,15422.4,6766.86,3119.53,5212.049,42439.79,49703.1,1946.07,22791.28
2014-01-15,1848.38,15808.73,6819.86,3168.76,5245.429,42511.25,50105.37,1953.28,22902.0
2014-01-16,1845.89,15747.2,6815.42,3150.2,5309.072,42172.73,49696.28,1957.32,22986.41
2014-01-17,1838.7,15734.46,6829.3,3154.1,5305.869,41911.31,49181.86,1944.48,23133.35
2014-01-20,1838.7,15641.68,6836.73,3153.17,5295.046,41976.37,48708.41,1953.78,22928.95
2014-01-21,1843.8,15795.96,6834.26,3153.08,5331.463,41838.63,48542.07,1963.89,23033.12
2014-01-22,1844.86,15820.96,6826.33,3151.27,5319.766,42062.82,49299.66,1970.42,23082.25
2014-01-23,1828.46,15695.89,6773.28,3117.08,5262.988,41531.8,48320.64,1947.59,22733.9
2014-01-24,1790.29,15391.56,6663.74,3028.2,5240.932,40979.8,47787.38,1940.56,22450.06
2014-01-27,1781.56,15005.73,6550.66,3014.62,5240.932,40863.41,47701.05,1910.34,21976.1
2014-01-28,1792.5,14980.16,6572.33,3038.6,5175.109,40660.93,47840.93,1916.93,21960.64
2014-01-29,1774.2,15383.91,6544.28,3011.45,5229.007,40689.9,47556.78,1941.15,22141.61
2014-01-30,1794.19,15007.06,6538.45,3027.3,5188.062,41008.3,47244.26,1941.15,22035.42
2014-01-31,1782.59,14914.53,6510.44,3013.96,5190.003,40879.75,47638.99,1941.15,22035.42
2014-02-03,1741.89,14619.13,6465.66,2963.96,5187.911,40879.75,46147.52,1919.96,22035.42
2014-02-04,1755.2,14008.47,6449.27,2962.49,5097.065,40085.52,46964.22,1886.85,21397.77
2014-02-05,1751.64,14180.38,6457.89,2962.51,5070.311,39880.87,46624.39,1891.32,21269.38
2014-02-06,1773.43,14155.12,6558.28,3010.79,5131.403,40288.78,47738.09,1907.89,21423.13
2014-02-07,1797.02,14462.41,6571.68,3038.49,5166.529,40525.74,48073.6,1922.5,21636.85
2014-02-10,1799.84,14718.34,6591.55,3032.53,5222.147,40116.36,47710.82,1923.3,21579.26
2014-02-11,1819.75,14718.34,6672.66,3077.08,5254.496,40759.62,48462.79,1932.06,21962.98
2014-02-12,1819.26,14800.06,6675.03,3094.89,5310.052,40690.06,48216.89,1935.84,22285.79
2014-02-13,1829.83,14534.74,6659.42,3097.95,5308.103,40308.96,47812.83,1926.96,22165.53
2014-02-14,1838.63,14313.03,6663.62,3119.06,5356.257,40710.89,48201.11,1940.28,22298.41
2014-02-17,1838.63,14393.11,6736.0,3118.91,5382.894,40735.48,47576.33,1946.36,22535.94
2014-02-18,1840.76,14843.24,6796.43,3117.44,5392.822,40421.86,46599.76,1946.91,22587.72
2014-02-19,1828.75,14766.53,6796.71,3120.8,5408.243,40006.42,47150.83,1942.93,22664.52
2014-02-20,1839.78,14449.18,6812.99,3121.59,5412.34,39654.23,47288.61,1930.57,22394.08
2014-02-21,1836.25,14865.67,6838.06,3131.67,5438.696,39724.58,47380.24,1957.83,22568.24
2014-02-24,1847.61,14837.68,6865.86,3157.31,5440.219,39792.71,47393.5,1949.05,22388.56
2014-02-25,1845.12,15051.6,6830.5,3157.48,5433.842,39023.65,46715.91,1964.86,22317.2
2014-02-26,1845.16,14970.97,6799.15,3148.19,5436.994,38605.62,46599.21,1970.77,22437.44
2014-02-27,1854.29,14923.11,6810.27,3134.94,5411.447,38912.93,47606.75,1978.43,22828.18
2014-02-28,1859.45,14841.07,6809.7,3149.23,5404.822,38782.89,47094.4,1979.99,22836.96
2014-03-03,1845.73,14652.23,6708.35,3053.99,5384.329,38534.82,47094.4,1964.69,22500.67
2014-03-04,1873.91,14721.48,6823.77,3136.33,5400.234,39084.36,47094.4,1954.11,22657.63
2014-03-05,1873.81,14897.63,6775.42,3135.97,5446.23,39021.07,46589.0,1971.24,22579.78
2014-03-06,1877.03,15134.75,6788.49,3144.53,5445.892,39176.3,47093.13,1975.62,22702.97
2014-03-07,1878.04,15274.07,6712.67,3095.31,5462.309,38913.04,46244.07,1974.68,22660.49
2014-03-10,1877.17,15120.14,6689.45,3092.79,5411.52,38671.01,45533.2,1954.42,22264.93
2014-03-11,1867.63,15224.11,6685.52,3092.55,5413.839,38689.57,45697.62,1963.87,22269.61
2014-03-12,1868.2,14830.39,6620.9,3065.46,5384.197,38634.83,45861.81,1932.54,21901.95
2014-03-13,1846.34,14815.98,6553.78,3019.54,5412.614,38037.5,45443.83,1934.38,21756.08
2014-03-14,1841.13,14327.66,6527.89,3004.64,5329.396,37950.97,44965.66,1919.9,21539.49
2014-03-17,1858.83,14277.67,6568.35,3049.19,5317.565,37950.97,45117.8,1927.53,21473.95
2014-03-18,1872.25,14411.27,6605.28,3073.75,5344.562,38814.69,46150.96,1940.21,21583.5
2014-03-19,1860.77,14462.52,6573.13,3076.36,5355.595,38811.94,46567.23,1937.68,21568.69
2014-03-20,1872.01,14224.23,6542.44,3088.9,5294.001,39616.19,47278.48,1919.52,21182.16
2014-03-21,1866.52,14224.23,6557.17,3096.49,5338.083,40021.73,47380.94,1934.94,21436.7
2014-03-24,1857.44,14475.3,6520.39,3052.91,5346.891,39821.71,47993.42,1945.55,21846.45
2014-03-25,1865.62,14423.19,6604.89,3096.64,5336.625,39793.02,48180.14,1941.25,21732.32
2014-03-26,1852.56,14477.16,6605.3,3130.17,5376.753,39761.3,47965.61,1964.31,21887.75
2014-03-27,1849.04,14622.89,6588.32,3133.75,5350.09,39911.01,49646.79,1977.97,21834.45
2014-03-28,1857.62,14696.03,6615.58,3172.43,5366.938,40048.2,49768.06,1981.0,22065.53
2014-03-31,1872.34,14827.83,6598.37,3161.6,5394.831,40461.6,50414.92,1985.61,22151.06
2014-04-01,1885.52,14791.99,6652.61,3186.34,5389.172,40470.01,50270.37,1991.98,22448.54
2014-04-02,1890.9,14946.32,6659.04,3187.45,5403.302,40900.53,51701.05,1997.25,22523.94
2014-04-03,1888.77,15071.88,6649.14,3206.76,5409.888,40563.06,51408.21,1993.7,22565.08
2014-04-04,1865.09,15063.77,6695.55,3230.33,5422.83,40598.34,51081.78,1988.09,22510.08
2014-04-07,1845.04,14808.85,6622.84,3185.97,5413.725,40595.7,52155.28,1989.7,22377.15
2014-04-08,1851.96,14606.88,6590.69,3177.66,5410.63,40906.83,51629.07,1993.03,22596.97
2014-04-09,1872.18,14299.69,6635.61,3182.79,5463.777,40937.77,51185.4,1998.95,22843.17
2014-04-10,1833.08,14300.12,6641.97,3152.86,5480.751,40447.96,51127.48,2008.61,23186.96
2014-04-11,1815.69,13960.05,6561.7,3116.54,5428.649,40380.79,51867.29,1997.44,23003.64
2014-04-14,1830.61,13910.16,6583.76,3131.57,5358.948,40530.69,51596.55,1997.02,23038.8
2014-04-15,1842.98,13996.81,6541.61,3091.52,5388.158,40481.8,50454.35,1992.27,22671.26
2014-04-16,1862.31,14417.68,6584.17,3139.26,5420.316,40890.53,51200.56,1992.21,22696.01
2014-04-17,1864.85,14417.53,6625.25,3155.81,5454.23,40890.53,52111.85,1992.05,22760.24
2014-04-18,1864.85,14516.27,6625.25,3155.81,5454.23,40890.53,52111.85,2004.28,22760.24
2014-04-21,1871.89,14512.38,6625.25,3155.81,5454.23,40654.07,52111.85,1999.22,22760.24
2014-04-22,1879.55,14388.77,6681.76,3199.69,5479.306,40468.2,51976.86,2004.22,22730.68
2014-04-23,1875.39,14546.27,6674.74,3175.97,5517.766,40296.98,51569.69,2000.37,22509.64
2014-04-24,1878.61,14404.99,6703.0,3189.81,5531.003,40407.93,51817.45,1998.34,22562.8
2014-04-25,1863.4,14429.26,6685.69,3147.4,5531.003,40198.4,51399.35,1971.66,22223.53
2014-04-28,1869.43,14288.23,6700.16,3165.84,5536.073,40136.57,51383.68,1969.26,22132.53
2014-04-29,1878.33,14288.23,6769.91,3208.68,5486.576,40702.67,51838.61,1964.77,22453.89
2014-04-30,1883.95,14304.11,6780.03,3198.39,5489.074,40711.56,51626.69,1961.79,22133.97
2014-05-01,1883.68,14485.13,6808.87,3198.66,5448.763,40711.56,51626.69,1961.79,22133.97
2014-05-02,1881.14,14457.51,6822.42,3177.89,5458.057,40967.95,52980.31,1959.44,22260.67
2014-05-05,1884.66,14457.51,6822.42,3171.29,5462.223,41047.88,53446.17,1959.44,21976.33
2014-05-06,1867.72,14457.51,6798.56,3149.79,5481.376,41470.82,53779.74,1959.44,21976.33
2014-05-07,1878.21,14033.45,6796.44,3159.67,5435.772,41803.13,54052.74,1939.88,21746.26
2014-05-08,1875.63,14163.78,6839.25,3204.3,5476.774,41659.91,53422.37,1950.6,21837.12
2014-05-09,1878.48,14199.59,6814.57,3184.09,5460.84,41641.11,53100.34,1956.55,21862.99
2014-05-12,1896.65,14149.52,6851.75,3206.97,5448.44,42086.17,54052.9,1964.94,22261.61
2014-05-13,1897.45,14425.44,6873.08,3211.78,5498.193,42236.83,53907.46,1982.93,22352.38
2014-05-14,1888.53,14405.76,6878.49,3210.42,5496.496,42144.51,54412.54,2010.83,22582.77
2014-05-15,1870.85,14298.21,6840.89,3163.22,5510.839,41561.83,53855.54,2010.2,22730.86
2014-05-16,1877.86,14096.59,6855.81,3172.72,5479.044,41898.84,53975.76,2013.44,22712.91
2014-05-19,1885.08,14006.44,6844.55,3169.9,5408.975,41840.05,53353.1,2015.14,22704.5
2014-05-20,1872.83,14075.25,6802.0,3163.93,5420.352,41805.1,52366.19,2011.26,22834.68
2014-05-21,1888.03,14042.17,6821.04,3187.08,5424.567,41828.98,52203.37,2008.33,22836.52
2014-05-22,1892.49,14337.79,6820.56,3187.63,5479.932,41943.96,52806.22,2015.59,22953.76
2014-05-23,1900.53,14462.17,6815.75,3203.28,5492.787,41917.92,52626.41,2017.17,22965.86
2014-05-26,1900.53,14602.52,6815.75,3240.39,5512.831,42004.58,52932.91,2010.35,22963.18
2014-05-27,1911.91,14636.52,6844.94,3244.28,5511.703,41958.97,52173.98,1997.63,22944.3
2014-05-28,1909.78,14670.95,6851.22,3246.24,5527.183,41960.45,52639.75,2017.06,23080.03
2014-05-29,1920.03,14681.72,6871.29,3244.66,5519.473,42009.92,52239.34,2012.26,23010.14
2014-05-30,1923.57,14632.38,6844.51,3244.6,5492.546,41362.51,51239.34,1994.96,23081.65
2014-06-02,1924.97,14935.92,6864.1,3247.8,5518.462,41936.71,51605.83,2002.0,23081.65
2014-06-03,1924.24,15034.25,6836.3,3241.04,5479.683,42126.09,52032.38,2008.56,23291.04
2014-06-04,1927.88,15067.96,6818.63,3237.93,5444.83,41953.3,51832.98,2008.56,23151.71
2014-06-05,1940.46,15079.37,6813.49,3267.05,5436.884,42173.03,51558.79,1995.48,23109.66
2014-06-06,1949.44,15077.24,6858.21,3294.28,5464.032,42778.26,53128.66,1995.48,22951.0
2014-06-09,1951.27,15124.0,6875.0,3305.26,5464.032,43009.99,54273.16,1990.04,23117.47
2014-06-10,1950.79,14994.8,6873.55,3313.8,5469.653,43045.27,54604.34,2011.8,23315.74
2014-06-11,1943.89,15069.48,6838.87,3289.09,5453.994,42944.81,55102.44,2014.67,23257.29
2014-06-12,1930.11,14973.53,6843.11,3284.28,5428.798,42617.62,55102.44,2011.65,23175.02
2014-06-13,1936.16,15097.84,6777.85,3282.84,5405.051,42485.66,54806.64,1990.85,23319.17
2014-06-16,1937.78,14933.29,6754.64,3261.42,5412.315,42596.25,54629.55,1993.59,23300.67
2014-06-17,1941.99,14975.97,6766.77,3275.33,5400.671,42612.64,54299.95,2001.55,23203.59
2014-06-18,1956.98,15115.8,6778.56,3279.2,5382.72,42802.6,55202.54,1989.49,23181.72
2014-06-19,1959.48,15361.16,6808.11,3314.8,5468.204,42957.36,55202.54,1992.03,23167.73
2014-06-20,1962.87,15349.42,6825.2,3302.36,5419.475,42865.72,54638.19,1968.07,23194.06
2014-06-23,1962.61,15369.28,6800.56,3282.58,5453.306,42916.73,54210.05,1974.92,22804.81
2014-06-24,1949.98,15376.24,6787.07,3284.81,5432.782,42884.76,54280.78,1994.35,22880.64
2014-06-25,1959.53,15266.61,6733.62,3252.31,5402.006,42854.19,53425.74,1981.77,22866.7
2014-06-26,1957.22,15308.49,6735.12,3233.19,5464.319,42613.8,53506.75,1995.05,23197.83
2014-06-27,1960.96,15095.0,6757.77,3227.85,5445.055,42493.86,53157.3,1988.51,23221.52
2014-06-30,1960.23,15162.1,6743.94,3228.24,5395.747,42737.17,53168.22,2002.21,23190.72
2014-07-01,1973.32,15326.2,6802.92,3258.71,5375.901,42872.84,53171.49,1999.0,23190.72
2014-07-02,1974.62,15369.97,6816.37,3252.25,5455.401,43279.48,53028.78,2015.28,23549.62
2014-07-03,1985.44,15348.29,6865.21,3289.75,5491.245,43660.7,53874.58,2010.97,23531.44
2014-07-04,1985.44,15437.13,6866.05,3270.47,5524.976,43518.06,54055.9,2009.66,23546.36
2014-07-07,1977.65,15379.44,6823.51,3230.92,5518.905,43452.55,53801.83,2005.12,23540.92
2014-07-08,1963.71,15314.41,6738.45,3184.38,5510.943,43403.43,53634.69,2006.66,23541.38
2014-07-09,1972.83,15302.65,6718.04,3203.1,5452.484,43686.75,53634.69,2000.5,23176.07
2014-07-10,1964.68,15216.47,6672.37,3150.59,5464.448,43474.29,54592.75,2002.84,23238.99
2014-07-11,1967.57,15164.04,6690.17,3157.05,5486.793,43481.83,54785.93,1988.74,23233.45
2014-07-14,1977.1,15296.82,6746.14,3185.86,5511.401,43967.44,55743.98,1993.88,23346.67
2014-07-15,1973.28,15395.16,6710.45,3153.75,5511.299,43960.43,55973.61,2012.72,23459.96
2014-07-16,1981.57,15379.3,6784.67,3202.94,5518.859,44009.23,55717.36,2013.48,23523.28
2014-07-17,1958.12,15370.26,6738.32,3157.82,5522.43,43920.76,55637.51,2020.9,23520.87
2014-07-18,1978.22,15215.71,6749.45,3164.21,5531.664,44278.9,57012.9,2019.42,23454.79
2014-07-21,1973.63,15215.71,6728.44,3137.06,5539.94,44125.73,57633.92,2018.5,23387.14
2014-07-22,1983.53,15343.28,6795.34,3189.22,5543.294,44257.09,57983.32,2028.93,23782.11
2014-07-23,1987.01,15328.56,6798.15,3193.13,5576.745,44199.01,57419.96,2028.32,23971.87
2014-07-24,1987.98,15284.42,6821.46,3220.07,5587.799,44420.38,57977.56,2026.62,24141.5
2014-07-25,1978.34,15457.87,6791.55,3174.99,5583.505,44386.62,57821.08,2033.85,24216.01
2014-07-28,1978.91,15529.4,6788.07,3171.55,5577.386,44544.97,57695.72,2048.81,24428.63
2014-07-29,1969.95,15618.07,6807.75,3190.54,5588.436,44481.29,57118.81,2061.97,24640.53
2014-07-30,1970.07,15646.23,6773.44,3169.23,5622.886,44311.06,56877.97,2082.61,24732.21
2014-07-31,1930.67,15620.77,6730.11,3115.51,5632.914,43817.69,55829.41,2076.12,24756.85
2014-08-01,1925.15,15523.11,6679.18,3072.57,5556.373,43986.11,55902.87,2073.1,24532.43
2014-08-04,1938.99,15474.5,6677.52,3070.46,5540.876,44594.66,56616.33,2080.42,24600.08
2014-08-05,1920.21,15320.31,6682.48,3072.2,5518.561,44481.68,56202.1,2066.26,24648.26
2014-08-06,1920.24,15159.79,6636.16,3050.37,5511.994,44425.77,56487.18,2060.73,24584.13
2014-08-07,1909.57,15232.37,6597.37,3012.88,5509.006,44116.15,56188.05,2054.51,24387.56
2014-08-08,1931.59,14778.37,6567.36,3006.83,5435.31,44105.95,55572.93,2031.1,24331.41
2014-08-11,1936.92,15130.52,6632.82,3047.56,5457.033,44679.16,56613.32,2039.37,24646.02
2014-08-12,1933.75,15161.31,6632.42,3023.77,5530.323,44734.04,56442.34,2041.47,24689.41
2014-08-13,1946.72,15213.63,6656.68,3056.17,5514.718,44723.96,55581.19,2062.36,24890.34
2014-08-14,1955.18,15314.57,6685.26,3058.16,5548.47,44793.02,55780.41,2063.22,24801.36
2014-08-15,1955.06,15318.34,6689.08,3033.52,5566.522,44629.33,56963.65,2063.22,24954.94
2014-08-18,1971.74,15322.6,6741.25,3073.45,5587.102,44854.81,57560.72,2053.13,24955.46
2014-08-19,1981.6,15449.79,6779.31,3091.11,5623.777,44962.88,58449.29,2071.14,25122.95
2014-08-20,1986.51,15454.45,6755.48,3083.5,5634.603,45248.05,58878.24,2072.78,25159.76
2014-08-21,1992.37,15586.2,6777.66,3124.56,5638.861,45410.36,58992.11,2044.21,24994.1
2014-08-22,1988.4,15539.19,6775.25,3098.5,5645.615,45374.99,58407.32,2056.7,25112.23
2014-08-25,1997.92,15613.25,6775.25,3165.47,5634.885,45504.34,59735.17,2060.89,25166.91
2014-08-26,2000.02,15521.22,6822.76,3197.54,5637.624,45464.75,59821.45,2068.05,25074.5
2014-08-27,2000.12,15534.82,6830.66,3194.45,5651.183,45601.0,60950.57,2074.93,24918.75
2014-08-28,1996.74,15459.86,6805.8,3164.44,5624.409,45501.28,60290.87,2075.76,24741.0
2014-08-29,2003.37,15424.59,6819.75,3172.63,5625.895,45628.09,61288.15,2068.54,24742.06
2014-09-01,2003.37,15476.6,6825.31,3175.05,5629.827,45438.04,61141.27,2067.86,24752.09
2014-09-02,2002.28,15668.6,6829.17,3180.29,5658.511,45825.06,61895.98,2051.58,24749.02
2014-09-03,2000.72,15728.35,6873.58,3218.84,5656.095,46049.33,61837.04,2051.2,25317.95
2014-09-04,1997.65,15676.18,6877.97,3277.25,5631.261,46313.4,60800.02,2056.26,25297.92
2014-09-05,2007.71,15668.68,6855.1,3275.25,5598.693,46231.44,60681.98,2049.41,25240.15
2014-09-08,2001.54,15705.11,6834.77,3267.54,5576.97,46357.24,59192.75,2049.41,25190.45
2014-09-09,1988.44,15749.15,6829.0,3245.43,5607.896,45915.17,58676.34,2049.41,25190.45
2014-09-10,1995.69,15788.78,6830.11,3244.16,5574.282,45894.05,58198.66,2049.41,24705.36
2014-09-11,1997.45,15909.2,6799.62,3237.76,5546.125,45672.6,58337.29,2034.16,24662.64
2014-09-12,1985.54,15948.29,6806.96,3235.07,5531.142,45799.7,56927.81,2041.86,24595.32
2014-09-15,1984.13,15948.29,6804.21,3231.7,5473.454,45861.84,57948.76,2035.82,24356.99
2014-09-16,1998.98,15911.53,6792.24,3221.73,5445.359,45861.84,59114.66,2042.92,24136.01
2014-09-17,2001.57,15888.67,6780.9,3237.44,5407.254,46043.62,59108.19,2062.61,24376.41
2014-09-18,2011.36,16067.57,6819.29,3271.37,5415.827,46168.64,58374.48,2047.74,24168.72
2014-09-19,2010.4,16321.17,6837.92,3273.25,5433.059,45761.9,57788.7,2053.82,24306.16
2014-09-22,1994.29,16205.9,6773.63,3257.48,5362.955,45302.0,56818.11,2039.27,23955.49
2014-09-23,1982.77,16205.9,6676.08,3205.93,5415.727,45015.17,56540.5,2028.91,23837.07
2014-09-24,1998.3,16167.45,6706.27,3244.01,5375.765,45116.94,56824.42,2035.64,23921.61
2014-09-25,1965.99,16374.14,6639.71,3202.31,5382.166,44781.12,55962.08,2034.11,23768.13
2014-09-26,1982.85,16229.86,6649.39,3219.58,5313.415,44884.33,57212.38,2031.64,23678.41
2014-09-29,1977.8,16310.64,6646.6,3186.95,5264.217,44898.19,54625.35,2026.6,23229.21
2014-09-30,1972.29,16173.52,6622.72,3225.93,5292.812,44985.66,54115.98,2020.09,22932.98
2014-10-01,1946.16,16082.25,6557.52,3195.08,5334.13,44364.96,52858.43,1991.54,22932.98
2014-10-02,1946.17,15661.99,6446.39,3106.42,5297.705,44254.43,53518.57,1976.16,22932.98
2014-10-03,1967.9,15708.65,6527.91,3133.37,5318.211,44678.14,54539.55,1976.16,23064.56
2014-10-06,1964.82,15890.95,6563.65,3138.67,5292.911,44820.85,57115.9,1968.39,23315.04
2014-10-07,1935.1,15783.83,6495.58,3082.1,5284.2,44536.62,57436.33,1972.91,23422.52
2014-10-08,1968.89,15595.98,6482.24,3053.31,5241.266,44487.97,57058.48,1965.25,23263.33
2014-10-09,1928.21,15478.93,6431.85,3042.45,5296.681,44082.17,57267.53,1965.25,23534.53
2014-10-10,1906.13,15300.55,6339.97,2991.5,5188.253,43435.73,55311.59,1940.92,23088.54
2014-10-13,1874.74,15300.55,6366.24,2998.32,5155.503,43088.67,57956.53,1927.21,23143.38
2014-10-14,1877.7,14936.51,6392.68,3000.99,5207.428,43179.85,58015.46,1929.25,23047.97
2014-10-15,1862.49,15073.52,6211.64,2892.55,5245.612,42984.95,56135.27,1925.91,23140.05
2014-10-16,1862.76,14738.38,6195.91,2874.65,5254.892,42907.62,54298.33,1918.83,22900.94
2014-10-17,1886.76,14532.51,6310.29,2962.24,5271.721,43273.5,55723.79,1900.66,23023.21
2014-10-20,1904.01,15111.23,6267.07,2927.3,5319.439,43213.9,54302.57,1930.06,23070.26
2014-10-21,1941.28,14804.28,6372.33,2991.46,5325.031,43630.58,52432.43,1915.28,23088.58
2014-10-22,1927.11,15195.77,6399.73,3008.53,5385.868,43450.75,52411.03,1936.97,23403.97
2014-10-23,1950.82,15138.96,6419.15,3044.3,5383.135,43691.06,50713.26,1931.65,23333.18
2014-10-24,1964.58,15291.64,6388.73,3030.37,5412.248,43665.54,51940.73,1925.69,23302.2
2014-10-27,1961.63,15388.72,6363.46,2998.84,5458.954,43810.51,50503.66,1931.97,23143.23
2014-10-28,1985.05,15329.91,6402.17,3036.15,5452.598,44039.64,52330.03,1925.68,23520.36
2014-10-29,1982.3,15553.91,6453.87,3022.42,5447.679,44238.94,51049.32,1961.17,23819.87
2014-10-30,1994.65,15658.2,6463.55,3035.9,5476.203,44599.27,52336.83,1958.93,23702.04
2014-10-31,2018.05,16413.76,6546.47,3113.32,5526.602,45027.52,54628.6,1964.43,23998.06
2014-11-03,2017.81,16413.76,6487.97,3082.32,5506.887,45184.76,53947.21,1952.97,23915.97
2014-11-04,2012.1,16862.47,6453.97,3034.24,5519.924,44884.43,54383.59,1935.19,23845.66
2014-11-05,2023.57,16937.32,6539.14,3091.54,5517.876,45071.98,53698.42,1931.43,23695.62
2014-11-06,2031.21,16792.48,6551.15,3102.07,5506.107,44849.86,52637.06,1936.48,23649.31
2014-11-07,2031.92,16880.38,6567.24,3064.92,5549.13,44614.66,53222.85,1939.87,23550.24
2014-11-10,2038.26,16780.53,6611.25,3094.6,5523.957,44523.0,52725.38,1958.23,23744.7
2014-11-11,2039.68,17124.11,6627.4,3104.59,5517.101,44300.83,52474.27,1963.0,23808.28
2014-11-12,2038.25,17197.05,6611.04,3047.3,5463.052,43744.57,52978.89,1967.27,23938.18
2014-11-13,2039.33,17392.79,6635.45,3056.8,5442.704,43743.8,51846.03,1960.51,24019.94
2014-11-14,2039.82,17490.83,6654.37,3059.99,5454.342,43372.01,51772.4,1945.14,24087.38
2014-11-17,2041.32,16973.8,6671.97,3084.79,5412.545,43372.01,51256.99,1943.63,23797.08
2014-11-18,2051.8,17344.06,6709.13,3120.42,5399.69,43491.45,52061.86,1967.01,23529.17
2014-11-19,2048.72,17288.75,6696.6,3123.12,5368.844,44118.13,53402.81,1966.87,23373.31
2014-11-20,2052.75,17300.86,6678.9,3102.21,5316.244,44209.42,53402.81,1958.04,23349.64
2014-11-21,2063.5,17357.51,6750.76,3194.22,5304.305,44633.28,56084.04,1964.84,23437.12
2014-11-24,2069.41,17357.51,6729.79,3211.7,5361.804,44621.07,55406.91,1978.54,23893.14
2014-11-25,2067.03,17407.62,6731.14,3226.15,5334.785,44441.02,55560.81,1980.21,23843.91
2014-11-26,2072.83,17383.58,6729.17,3226.08,5396.209,44672.2,55098.47,1980.84,24111.98
2014-11-27,2072.83,17248.5,6723.42,3244.92,5400.922,44689.21,54721.32,1982.09,24004.28
2014-11-28,2067.56,17459.85,6722.62,3250.93,5313.0,44190.47,54724.0,1980.78,23987.45
2014-12-01,2053.44,17590.1,6656.37,3232.91,5207.721,43392.07,52276.58,1965.22,23367.45
2014-12-02,2066.55,17663.22,6742.1,3238.35,5281.259,43008.07,51612.47,1965.83,23654.3
2014-12-03,2074.33,17720.43,6716.63,3247.72,5321.823,43112.29,52320.48,1969.91,23428.62
2014-12-04,2071.92,17887.21,6679.37,3191.25,5368.792,42816.15,51426.87,1986.61,23832.56
2014-12-05,2075.37,17920.45,6742.84,3277.38,5335.333,43230.34,51992.89,1986.62,24002.64
2014-12-08,2060.31,17935.64,6672.15,3247.99,5372.708,42941.83,50274.07,1978.95,24047.67
2014-12-09,2059.82,17813.38,6529.47,3162.77,5282.667,42339.63,50193.47,1970.95,23485.83
2014-12-10,2026.14,17412.58,6500.04,3150.95,5259.002,41372.66,49548.08,1945.56,23524.52
2014-12-11,2035.33,17257.4,6461.7,3159.11,5230.97,41714.57,49861.81,1916.59,23312.54
2014-12-12,2002.33,17371.58,6300.63,3067.32,5219.569,41714.57,48001.98,1921.71,23249.2
2014-12-15,1989.63,17099.4,6182.72,2982.9,5186.076,40334.59,47018.68,1920.36,23027.85
2014-12-16,1972.74,16755.32,6331.83,3049.99,5152.343,40225.08,47007.51,1904.13,22670.5
2014-12-17,2012.89,16819.73,6336.48,3051.99,5161.859,41004.44,48713.64,1900.16,22585.84
2014-12-18,2061.23,17210.05,6466.0,3153.77,5210.776,42475.67,48495.7,1897.5,22832.21
2014-12-19,2070.65,17621.4,6545.27,3141.28,5338.649,42529.89,49650.98,1929.98,23116.63
2014-12-22,2078.54,17635.14,6576.74,3154.91,5441.955,42873.01,50120.86,1943.12,23408.57
2014-12-23,2082.17,17635.14,6598.18,3192.47,5380.922,43122.73,50889.81,1939.02,23333.69
2014-12-24,2081.88,17854.23,6609.93,3184.66,5394.535,43002.87,50889.81,1946.61,23349.34
2014-12-25,2081.88,17808.75,6609.93,3184.66,5394.535,43002.87,50889.81,1946.61,23349.34
2014-12-26,2088.77,17818.96,6609.93,3184.66,5394.535,43002.17,50144.63,1948.16,23349.34
2014-12-29,2090.57,17729.84,6633.51,3185.17,5473.78,43187.64,50593.82,1927.86,23773.18
2014-12-30,2080.35,17450.77,6547.0,3135.95,5416.626,43018.75,50007.41,1915.59,23501.1
2014-12-31,2058.9,17450.77,6566.09,3146.43,5411.018,43145.66,50007.41,1915.59,23605.04
2015-01-01,2058.9,17450.77,6566.09,3146.43,5411.018,43145.66,50007.41,1915.59,23605.04
2015-01-02,2058.2,17450.77,6547.8,3139.44,5435.931,42115.47,48512.22,1926.44,23857.82
2015-01-05,2020.58,17408.71,6417.16,3023.14,5450.327,41099.37,47516.82,1915.75,23721.32
2015-01-06,2002.61,16883.19,6366.51,3007.91,5364.8,41329.41,48000.92,1882.45,23485.41
2015-01-07,2025.9,16885.33,6419.83,3026.79,5353.611,41813.93,49462.91,1883.83,23681.26
2015-01-08,2062.14,17167.1,6569.96,3135.08,5381.45,42402.31,49943.3,1904.65,23835.53
2015-01-09,2044.81,17197.73,6501.14,3042.9,5465.571,42382.41,48840.25,1924.7,23919.95
2015-01-12,2028.26,17197.73,6501.42,3084.18,5422.7,41780.78,48139.74,1920.95,24026.46
2015-01-13,2023.03,17087.71,6542.2,3133.86,5404.688,41478.26,48041.67,1917.14,24215.97
2015-01-14,2011.27,16795.96,6388.46,3089.67,5353.596,40984.22,47645.87,1913.66,24112.6
2015-01-15,1992.67,17108.7,6498.78,3157.36,5331.366,40998.77,48026.31,1914.14,24350.91
2015-01-16,2019.42,16864.16,6550.27,3202.24,5299.237,41402.01,49016.52,1888.13,24103.52
2015-01-19,2019.42,17014.29,6585.53,3220.9,5309.137,41285.58,47758.01,1902.62,23738.49
2015-01-20,2022.55,17366.3,6620.1,3244.92,5307.667,41752.67,47876.66,1918.31,23951.16
2015-01-21,2032.12,17280.48,6728.04,3269.73,5393.38,42488.73,49224.08,1921.23,24352.58
2015-01-22,2063.15,17329.02,6796.63,3322.65,5419.939,43121.28,49442.62,1920.82,24522.63
2015-01-23,2051.82,17511.75,6832.83,3382.55,5501.82,42649.72,48775.3,1936.09,24850.45
2015-01-26,2057.09,17468.52,6852.4,3414.28,5501.82,42737.85,48576.55,1935.68,24909.9
2015-01-27,2029.55,17768.3,6811.61,3372.58,5547.225,42627.82,48591.23,1952.4,24807.28
2015-01-28,2002.16,17795.73,6825.94,3358.96,5552.782,42158.07,47694.54,1961.58,24861.81
2015-01-29,2021.25,17606.22,6810.6,3371.83,5569.485,41862.33,47762.24,1951.02,24595.85
2015-01-30,1994.99,17674.39,6749.4,3351.44,5588.321,40950.58,46907.68,1949.26,24507.05
2015-02-02,2020.85,17558.04,6782.55,3370.11,5625.34,40950.58,47650.73,1952.68,24484.74
2015-02-03,2050.03,17335.85,6871.8,3414.18,5707.366,41572.24,48963.66,1951.96,24554.78
2015-02-04,2041.51,17678.74,6860.02,3415.53,5777.342,41710.82,49301.05,1962.79,24679.76
2015-02-05,2062.52,17504.62,6865.93,3408.96,5810.977,42453.64,49233.85,1952.84,24765.49
2015-02-06,2055.47,17648.5,6853.44,3398.16,5820.171,42715.43,48792.27,1955.52,24679.39
2015-02-09,2046.74,17711.93,6837.15,3347.75,5814.926,42810.29,49382.58,1947.0,24521.0
2015-02-10,2068.59,17652.68,6829.12,3383.13,5800.566,42635.19,48510.28,1935.86,24528.1
2015-02-11,2068.53,17652.68,6818.17,3374.14,5769.083,41933.26,48239.67,1945.7,24315.02
2015-02-12,2088.48,17979.72,6828.11,3417.61,5743.572,43045.51,49532.72,1941.63,24422.15
2015-02-13,2096.99,17913.36,6873.52,3447.59,5877.467,43072.42,50635.92,1957.5,24682.54
2015-02-16,2096.99,18004.77,6857.05,3433.3,5888.662,42959.56,50635.92,1958.23,24726.53
2015-02-17,2100.34,17987.09,6898.13,3438.44,5858.211,43251.79,50635.92,1961.45,24784.88
2015-02-18,2099.68,18199.17,6898.08,3465.8,5915.684,43053.65,51280.36,1961.45,24832.08
2015-02-19,2097.45,18264.79,6888.9,3488.08,5904.229,43231.42,51294.03,1961.45,24832.08
2015-02-20,2110.3,18332.3,6915.2,3490.53,5881.537,43551.26,51237.7,1961.45,24832.08
2015-02-23,2109.66,18466.92,6912.16,3519.58,5907.98,43675.87,51280.64,1968.39,24836.76
2015-02-24,2115.48,18603.48,6949.63,3547.1,5926.989,43921.55,51874.17,1976.12,24750.07
2015-02-25,2113.86,18585.2,6935.38,3541.78,5944.905,43802.07,51811.02,1990.47,24778.28
2015-02-26,2110.74,18785.79,6949.73,3574.94,5908.492,44416.49,51760.54,1993.08,24902.06
2015-02-27,2104.5,18797.94,6946.66,3599.0,5928.767,44190.17,51583.09,1985.8,24823.29
2015-03-02,2117.39,18826.88,6940.64,3591.09,5958.882,43882.71,51020.81,1996.81,24887.44
2015-03-03,2107.78,18815.16,6889.13,3549.11,5933.9,43600.37,51304.1,2001.38,24702.78
2015-03-04,2098.53,18703.6,6919.24,3583.44,5901.593,43296.55,50468.05,1998.29,24465.38
2015-03-05,2101.04,18751.84,6961.14,3618.21,5904.162,43517.79,50365.2,1998.38,24193.04
2015-03-06,2071.26,18971.0,6911.8,3617.62,5898.861,43280.81,49981.19,2012.94,24164.0
2015-03-09,2079.43,18790.55,6876.47,3610.28,5821.35,43251.4,49181.01,1992.82,24123.05
2015-03-10,2044.16,18665.11,6702.84,3567.25,5824.191,42972.15,48293.4,1984.77,23896.98
2015-03-11,2040.24,18723.52,6721.51,3649.54,5793.196,43227.2,48905.58,1980.83,23717.97
2015-03-12,2065.95,18991.11,6761.07,3641.32,5850.169,44055.89,48880.4,1970.59,23797.96
2015-03-13,2053.4,19254.25,6740.58,3656.21,5814.543,44002.29,48595.81,1985.79,23823.21
2015-03-16,2081.19,19246.06,6804.08,3706.75,5797.658,44002.29,48848.21,1987.33,23949.55
2015-03-17,2074.28,19437.0,6837.61,3672.16,5842.121,43761.36,50285.12,2029.91,23901.49
2015-03-18,2099.5,19544.48,6945.2,3668.52,5842.347,44360.87,51526.19,2028.45,24120.08
2015-03-19,2089.27,19476.56,6962.32,3670.73,5950.813,44118.17,50953.53,2037.89,24468.89
2015-03-20,2108.1,19560.22,7022.51,3726.07,5975.491,43968.15,51966.58,2037.24,24375.24
2015-03-23,2104.42,19754.36,7037.67,3699.04,5956.137,43952.71,51908.46,2036.59,24494.51
2015-03-24,2091.5,19713.45,7019.68,3731.35,5969.083,44051.21,51506.07,2041.37,24399.6
2015-03-25,2061.05,19746.2,6990.97,3684.04,5973.315,43630.96,51858.3,2042.81,24528.23
2015-03-26,2056.15,19471.12,6895.33,3669.79,5879.058,43229.16,50579.85,2022.56,24497.08
2015-03-27,2061.02,19285.63,6855.02,3679.03,5919.936,43637.97,50094.66,2019.8,24486.2
2015-03-30,2086.24,19411.4,6891.43,3727.8,5846.09,43922.83,51243.45,2030.04,24855.12
2015-03-31,2067.89,19206.99,6773.04,3697.38,5891.505,43724.78,51150.16,2041.03,24900.89
2015-04-01,2059.69,19034.84,6809.5,3714.89,5860.753,44202.94,52321.76,2028.45,25082.75
2015-04-02,2066.96,19312.79,6833.46,3715.27,5898.582,44202.94,53123.02,2029.07,25275.64
2015-04-03,2066.96,19435.08,6833.46,3715.27,5898.582,44202.94,53123.02,2045.42,25275.64
2015-04-06,2080.62,19397.98,6833.46,3715.27,5898.582,44850.06,53737.26,2046.43,25275.64
2015-04-07,2076.33,19640.54,6961.77,3768.72,5925.966,44987.87,53729.16,2047.03,25275.64
2015-04-08,2081.9,19789.81,6937.41,3742.63,5960.731,44980.56,53661.11,2059.26,26236.86
2015-04-09,2091.18,19937.72,7015.36,3781.79,5932.217,44913.27,53802.66,2058.87,26944.39
2015-04-10,2102.06,19907.63,7089.77,3816.76,5968.366,44882.01,54214.11,2087.76,27272.39
2015-04-13,2092.43,19905.46,7064.3,3828.78,5960.271,44994.56,54239.77,2098.92,28016.34
2015-04-14,2095.84,19908.68,7075.26,3784.53,5946.552,45004.52,53981.92,2111.72,27561.49
2015-04-15,2106.63,19869.76,7096.78,3803.55,5908.418,45262.94,54918.74,2119.96,27618.82
2015-04-16,2104.99,19885.77,7060.45,3751.72,5947.473,45480.23,54674.21,2139.9,27739.71
2015-04-17,2081.18,19652.88,6994.63,3674.05,5877.87,45012.37,53954.79,2143.5,27653.12
2015-04-20,2100.4,19634.49,7052.13,3718.04,5833.118,45077.81,53761.27,2146.71,27094.93
2015-04-21,2097.29,19909.09,7062.93,3719.38,5872.343,45296.91,53761.27,2144.79,27850.49
2015-04-22,2107.96,20133.9,7028.24,3724.49,5837.493,45232.04,54617.36,2143.89,27933.85
2015-04-23,2112.93,20187.65,7053.67,3697.88,5844.772,45418.83,55684.85,2173.41,27827.7
2015-04-24,2117.69,20020.04,7070.7,3713.96,5933.291,45773.31,56594.22,2159.8,28060.98
2015-04-27,2108.92,19983.32,7103.98,3771.45,5982.694,45512.38,55534.5,2157.54,28433.59
2015-04-28,2114.76,20058.95,7030.53,3715.42,5948.543,45338.36,55812.03,2147.67,28442.75
2015-04-29,2106.85,20058.95,6946.28,3617.11,5838.583,44942.23,55325.29,2142.63,28400.34
2015-04-30,2085.51,19520.01,6960.63,3615.59,5789.983,44582.39,56229.38,2127.17,28133.0
2015-05-01,2108.29,19531.63,6985.95,3615.59,5814.4,44582.39,56229.38,2127.17,28133.0
2015-05-04,2114.49,19531.63,6985.95,3632.94,5827.538,45238.47,57353.98,2132.23,28123.82
2015-05-05,2089.46,19531.63,6927.58,3546.56,5826.52,45091.33,58051.61,2132.23,27755.54
2015-05-06,2080.15,19531.63,6933.74,3558.03,5692.16,44853.26,57103.14,2104.58,27640.91
2015-05-07,2088.0,19291.99,6886.95,3556.21,5645.69,44768.8,56921.39,2091.0,27289.97
2015-05-08,2116.1,19379.19,7046.82,3649.48,5634.557,45125.95,57149.33,2085.52,27577.34
2015-05-11,2105.33,19620.91,7029.85,3624.41,5625.236,45179.97,57197.1,2097.38,27718.2
2015-05-12,2099.12,19624.84,6933.8,3573.1,5674.736,44950.49,56792.05,2096.77,27407.18
2015-05-13,2098.48,19764.72,6949.63,3553.42,5715.148,45038.14,56372.04,2114.16,27249.28
2015-05-14,2121.1,19570.24,6973.04,3602.22,5696.569,45271.46,56656.57,2120.33,27286.55
2015-05-15,2122.73,19732.92,6960.49,3573.07,5735.495,45332.8,57248.63,2106.5,27822.28
2015-05-18,2129.2,19890.27,6968.87,3589.22,5659.166,45408.34,56204.23,2113.72,27591.25
2015-05-19,2127.83,20026.38,6995.1,3670.52,5615.497,45311.75,55498.82,2120.85,27693.54
2015-05-20,2125.85,20196.56,7007.26,3683.48,5610.301,45283.47,54901.02,2139.54,27585.05
2015-05-21,2130.82,20202.87,7013.47,3688.72,5662.271,45097.39,55112.05,2122.81,27523.72
2015-05-22,2126.06,20264.41,7031.72,3679.14,5664.743,44874.04,54377.29,2146.1,27992.83
2015-05-25,2126.06,20413.77,7031.72,3655.41,5721.476,44852.29,54609.25,2146.1,27992.83
2015-05-26,2104.2,20437.48,6948.99,3619.3,5773.383,44401.4,53629.78,2143.5,28249.86
2015-05-27,2123.48,20472.58,7033.33,3682.87,5725.253,44682.59,54236.25,2107.5,28081.21
2015-05-28,2120.79,20551.46,7040.92,3650.71,5713.086,44807.31,53976.28,2110.89,27454.31
2015-05-29,2107.39,20563.15,6984.43,3570.78,5777.16,44703.62,52760.48,2114.8,27424.19
2015-06-01,2111.73,20569.87,6953.58,3575.04,5735.402,44760.1,53031.32,2102.37,27597.16
2015-06-02,2109.6,20543.19,6928.27,3561.89,5636.013,44931.48,54236.43,2078.64,27466.72
2015-06-03,2114.07,20473.51,6950.46,3583.82,5583.578,44732.72,53522.91,2063.16,27657.47
2015-06-04,2095.84,20488.19,6859.24,3556.38,5504.299,44561.11,53522.91,2072.86,27551.89
2015-06-05,2092.83,20460.9,6804.6,3510.01,5498.457,44561.94,52973.38,2068.1,27260.16
2015-06-08,2079.28,20457.19,6790.04,3468.31,5498.457,44544.05,52809.64,2065.19,27316.28
2015-06-09,2080.15,20096.3,6753.8,3456.79,5471.311,44519.21,52815.99,2064.03,26989.52
2015-06-10,2105.2,20046.36,6830.27,3526.48,5478.631,44578.28,53876.45,2051.32,26687.64
2015-06-11,2108.86,20382.97,6846.74,3551.91,5556.65,44624.74,53688.52,2056.61,26907.85
2015-06-12,2094.11,20407.08,6784.92,3502.77,5545.253,44692.5,53347.53,2052.17,27280.54
2015-06-15,2084.43,20387.79,6710.52,3438.07,5538.768,44395.76,53137.53,2042.32,26861.81
2015-06-16,2096.29,20257.94,6710.1,3454.09,5535.793,44722.28,53702.15,2028.72,26566.7
2015-06-17,2100.44,20219.27,6680.55,3428.76,5595.43,44792.04,53248.54,2034.86,26753.79
2015-06-18,2121.24,19990.82,6707.88,3450.45,5524.892,45120.79,54238.59,2041.88,26694.66
2015-06-19,2109.99,20174.24,6710.45,3455.8,5596.994,44973.41,53749.41,2046.96,26760.53
2015-06-22,2122.85,20428.19,6825.67,3596.07,5610.168,45224.98,53863.68,2055.16,27080.85
2015-06-23,2124.2,20809.42,6834.87,3625.97,5684.285,45454.15,53772.43,2081.2,27333.46
2015-06-24,2108.58,20868.03,6844.8,3610.95,5686.77,45424.94,53842.54,2085.53,27404.97
2015-06-25,2102.31,20771.4,6807.82,3610.91,5632.716,45377.12,53175.67,2085.06,27145.75
2015-06-26,2101.49,20706.15,6753.7,3621.37,5545.889,45566.33,54016.97,2090.26,26663.87
2015-06-29,2057.64,20109.95,6620.48,3468.9,5422.487,44710.35,53014.21,2060.49,25966.98
2015-06-30,2063.11,20235.73,6520.98,3424.3,5459.01,45053.7,53080.88,2074.2,26250.03
2015-07-01,2077.42,20329.32,6608.59,3496.28,5515.664,44928.52,52757.54,2097.89,26250.03
2015-07-02,2076.78,20522.5,6630.47,3463.25,5599.817,45175.58,53106.19,2107.33,26282.32
2015-07-03,2076.78,20539.79,6585.78,3441.76,5538.291,45065.47,52519.41,2104.41,26064.11
2015-07-06,2068.76,20112.12,6535.68,3365.2,5474.996,44794.01,52149.37,2053.93,25236.28
2015-07-07,2081.34,20376.59,6432.21,3294.19,5581.421,45017.75,52343.71,2040.29,24975.31
2015-07-08,2046.68,19737.64,6490.7,3327.5,5469.528,44497.74,51781.75,2016.21,23516.56
2015-07-09,2051.31,19855.5,6581.63,3420.03,5470.974,44564.32,51781.75,2027.81,24392.79
2015-07-10,2076.62,19779.83,6673.38,3528.81,5492.038,44915.98,52590.72,2031.17,24901.28
2015-07-13,2099.6,20089.77,6737.95,3590.43,5473.17,44990.39,53119.47,2061.52,25224.01
2015-07-14,2108.95,20385.33,6753.75,3607.19,5577.403,45136.69,53239.18,2059.23,25120.91
2015-07-15,2107.4,20463.33,6753.75,3623.87,5636.225,45107.13,52902.28,2072.91,25055.76
2015-07-16,2124.29,20600.12,6796.45,3676.41,5669.607,45344.9,53069.75,2087.89,25162.78
2015-07-17,2126.64,20650.92,6775.08,3670.34,5670.108,45325.38,52341.8,2076.79,25415.27
2015-07-20,2128.28,20650.92,6788.69,3686.58,5686.891,45567.99,51600.08,2073.31,25404.81
2015-07-21,2119.21,20841.97,6769.07,3647.96,5706.715,45401.23,51474.28,2083.62,25536.43
2015-07-22,2114.15,20593.67,6667.34,3635.58,5614.569,44670.42,50915.79,2064.73,25282.62
2015-07-23,2102.15,20683.95,6655.01,3634.64,5590.286,44836.33,49806.63,2065.07,25398.85
2015-07-24,2079.65,20544.53,6579.81,3600.0,5566.104,44249.49,49245.85,2045.96,25128.51
2015-07-27,2067.64,20350.1,6505.13,3513.1,5589.886,43713.72,48735.54,2038.81,24351.96
2015-07-28,2093.25,20328.89,6555.28,3554.11,5584.685,44222.97,49601.6,2039.1,24503.94
2015-07-29,2108.57,20302.91,6631.0,3575.53,5624.157,44471.29,50245.14,2037.62,24619.45
2015-07-30,2108.63,20522.83,6668.87,3583.79,5669.523,44373.31,49897.4,2019.03,24497.98
2015-07-31,2103.84,20585.24,6696.28,3600.69,5699.164,44752.93,50864.77,2030.16,24636.28
2015-08-03,2098.04,20548.11,6688.62,3635.4,5679.344,44903.95,50138.05,2008.49,24411.42
2015-08-04,2093.32,20520.36,6686.57,3619.31,5697.9,45177.98,50058.49,2027.99,24406.12
2015-08-05,2099.84,20614.06,6752.41,3676.75,5673.975,44937.61,50287.27,2029.76,24514.16
2015-08-06,2083.56,20664.44,6747.09,3668.47,5610.101,44921.22,50011.32,2013.29,24375.28
2015-08-07,2077.57,20724.56,6718.49,3637.8,5474.778,44862.14,48577.32,2010.23,24552.47
2015-08-10,2104.18,20808.69,6736.22,3674.94,5509.155,45320.69,49353.0,2003.17,24521.12
2015-08-11,2084.07,20720.75,6664.54,3605.28,5473.229,44379.79,49072.34,1986.65,24498.21
2015-08-12,2086.05,20392.77,6571.19,3484.41,5382.083,44032.38,48388.05,1975.47,23916.02
2015-08-13,2083.39,20595.55,6568.33,3516.15,5387.868,43870.53,48009.57,1983.46,24018.8
2015-08-14,2091.54,20519.45,6550.74,3491.03,5356.537,43746.72,47508.41,1983.46,23991.03
2015-08-17,2102.44,20620.26,6550.3,3497.9,5367.656,43953.48,47217.43,1968.52,23814.65
2015-08-18,2096.92,20554.47,6526.29,3495.38,5303.149,43872.12,47450.58,1956.26,23474.97
2015-08-19,2079.61,20222.63,6403.45,3429.84,5380.191,43473.74,46588.39,1939.38,23167.85
2015-08-20,2035.73,20033.52,6367.89,3353.48,5288.584,43036.59,46649.23,1914.55,22757.47
2015-08-21,1970.89,19435.83,6187.65,3247.26,5214.6,42163.82,45719.64,1876.07,22409.62
2015-08-24,1893.21,18540.68,5898.87,3073.39,5001.28,41471.47,44336.47,1829.81,21251.57
2015-08-25,1867.61,17806.7,6081.34,3218.01,5137.252,42010.89,44544.86,1846.63,21404.96
2015-08-26,1940.51,18376.83,5979.2,3170.73,5172.775,42323.04,46038.08,1894.09,21080.39
2015-08-27,1987.66,18574.44,6192.03,3280.78,5233.324,43452.36,47715.27,1908.0,21838.54
2015-08-28,1988.87,19136.32,6247.94,3286.59,5263.559,43290.86,47153.87,1937.67,21612.39
2015-08-31,1972.18,18890.48,6247.94,3269.63,5206.976,43721.96,46625.52,1941.49,21670.58
2015-09-01,1913.85,18165.69,6058.54,3188.73,5096.41,42911.51,45477.06,1914.23,21185.43
2015-09-02,1948.86,18095.4,6083.31,3198.86,5101.464,42969.93,46463.96,1915.22,20934.94
2015-09-03,1951.13,18182.39,6194.1,3270.09,5027.799,43283.47,47365.87,1915.53,20934.94
2015-09-04,1921.22,17792.16,6042.92,3180.25,5040.603,42742.86,46497.72,1886.04,20840.61
2015-09-07,1921.22,17860.47,6074.52,3197.97,5030.421,42756.26,46497.72,1883.22,20583.52
2015-09-08,1969.41,17427.08,6146.1,3233.84,5115.25,43083.94,46762.07,1878.68,21259.04
2015-09-09,1942.04,18770.51,6229.01,3269.98,5221.128,42754.68,46657.1,1934.2,22131.31
2015-09-10,1952.29,18299.62,6155.81,3221.14,5095.016,42888.51,46503.99,1962.11,21562.5
2015-09-11,1961.05,18264.22,6117.76,3187.94,5071.084,42780.73,46400.5,1941.37,21504.37
2015-09-14,1953.03,17965.7,6084.59,3175.62,5096.47,42827.35,47281.52,1931.46,21561.9
2015-09-15,1978.09,18026.48,6137.6,3207.6,5018.436,43269.62,47364.07,1937.56,21455.23
2015-09-16,1995.31,18171.6,6229.21,3251.79,5098.861,43269.62,48553.1,1975.45,21966.66
2015-09-17,1990.2,18432.27,6186.99,3255.79,5146.82,43790.93,48551.08,1976.49,21854.63
2015-09-18,1958.03,18070.21,6104.11,3157.3,5170.502,43565.05,47264.08,1995.95,21920.83
2015-09-21,1966.97,18070.21,6108.71,3184.72,5066.244,43618.14,46590.2,1964.68,21756.93
2015-09-22,1942.74,18070.21,5935.84,3076.05,5103.552,43232.06,46264.61,1982.06,21796.58
2015-09-23,1938.76,18070.21,6032.24,3079.99,4998.132,43042.36,45340.11,1944.64,21302.91
2015-09-24,1932.24,17571.83,5961.49,3019.34,5071.666,42596.56,45291.96,1947.1,21095.98
2015-09-25,1931.34,17880.51,6109.01,3113.16,5042.11,42435.23,44831.46,1942.85,21186.32
2015-09-28,1881.77,17645.11,5958.86,3039.44,5113.494,41893.51,43956.63,1942.85,21186.32
2015-09-29,1884.09,16930.84,5909.24,3029.86,4918.429,42121.51,44131.82,1942.85,20556.6
2015-09-30,1920.03,17388.15,6061.61,3100.67,5021.629,42632.54,45059.34,1962.81,20846.3
2015-10-01,1923.82,17722.42,6072.47,3069.05,5112.141,42695.74,45313.27,1979.32,20846.3
2015-10-02,1951.36,17725.13,6129.98,3088.18,5052.017,42735.15,47033.46,1969.68,21506.09
2015-10-05,1987.05,18005.49,6298.92,3190.39,5150.534,43566.32,47598.07,1978.25,21854.5
2015-10-06,1979.92,18186.1,6326.16,3220.09,5167.402,43561.42,47735.11,1990.65,21831.62
2015-10-07,1995.83,18322.98,6336.35,3226.4,5197.874,43832.03,48914.32,2005.84,22515.76
2015-10-08,2013.43,18141.17,6374.82,3224.96,5210.4,44076.94,49106.56,2019.53,22354.91
2015-10-09,2014.89,18438.67,6416.16,3250.31,5279.689,44375.62,49338.41,2019.53,22458.8
2015-10-12,2017.46,18438.67,6371.18,3247.33,5232.867,44314.25,49338.41,2021.63,22730.93
2015-10-13,2003.69,18234.74,6342.28,3221.28,5202.854,44318.19,47362.64,2019.05,22600.46
2015-10-14,1994.24,17891.0,6269.61,3191.57,5197.251,44064.43,46710.44,2009.55,22439.91
2015-10-15,2023.86,18096.9,6338.67,3238.81,5230.045,44087.59,47161.15,2033.27,22888.17
2015-10-16,2033.11,18291.8,6378.04,3264.93,5268.209,44364.16,47236.11,2030.26,23067.37
2015-10-19,2033.66,18131.23,6352.33,3272.04,5269.709,44523.01,47447.31,2030.27,23075.61
2015-10-20,2030.77,18207.15,6345.13,3255.72,5235.574,44653.86,47076.55,2039.36,22989.22
2015-10-21,2018.94,18554.28,6348.42,3272.23,5248.305,44426.07,47025.87,2042.98,22989.22
2015-10-22,2052.51,18435.87,6376.28,3353.11,5263.844,44627.97,47772.14,2023.0,22845.37
2015-10-23,2075.15,18825.3,6444.08,3425.81,5351.565,45010.24,47596.59,2040.4,23151.94
2015-10-26,2071.18,18947.12,6417.02,3414.6,5347.993,45036.52,47209.32,2048.08,23116.25
2015-10-27,2065.89,18777.04,6365.27,3381.01,5346.152,44698.01,47042.95,2044.65,23142.73
2015-10-28,2090.35,18903.02,6437.8,3421.09,5335.223,44741.68,46740.85,2042.51,22956.57
2015-10-29,2089.41,18935.71,6395.8,3413.39,5266.857,44634.81,45628.35,2034.16,22819.94
2015-10-30,2079.36,19083.1,6361.09,3418.23,5239.439,44542.76,45868.82,2029.47,22640.04
2015-11-02,2104.05,18683.24,6361.8,3434.5,5165.751,44542.76,45868.82,2035.24,22370.04
2015-11-03,2109.79,18683.24,6383.61,3442.68,5239.216,45354.59,48053.67,2048.4,22568.43
2015-11-04,2102.31,18926.91,6412.88,3439.16,5242.293,45373.17,47710.1,2052.77,23053.57
2015-11-05,2099.93,19116.41,6364.9,3447.49,5192.971,45195.65,48046.76,2049.41,23051.04
2015-11-06,2099.2,19265.6,6353.83,3468.21,5215.008,45243.85,46918.52,2041.07,22867.33
2015-11-09,2078.58,19642.74,6295.16,3418.36,5119.494,44479.23,46194.92,2025.7,22726.77
2015-11-10,2081.72,19671.26,6275.28,3425.4,5099.233,44359.89,46206.57,1996.59,22401.7
2015-11-11,2075.0,19691.39,6297.2,3448.42,5122.624,44347.91,47065.01,1997.27,22352.17
2015-11-12,2045.97,19697.77,6178.68,3387.7,5125.692,44120.52,46883.58,1993.36,22888.92
2015-11-13,2023.04,19596.91,6118.28,3360.65,5051.255,43617.73,46517.04,1973.29,22396.14
2015-11-16,2053.19,19393.69,6146.38,3362.23,5003.818,43617.73,46846.88,1943.02,22010.82
2015-11-17,2050.44,19630.63,6268.76,3451.94,5118.243,44184.65,47247.8,1963.58,22264.25
2015-11-18,2083.58,19649.18,6278.97,3431.92,5133.113,44505.59,47435.58,1962.88,22188.26
2015-11-19,2081.24,19859.81,6329.93,3448.93,5242.566,44620.6,48138.89,1988.91,22500.22
2015-11-20,2089.17,19879.81,6334.63,3452.45,5256.144,44895.02,48138.89,1989.86,22754.72
2015-11-23,2086.59,19879.81,6305.49,3445.26,5276.422,44779.14,48150.27,2003.7,22665.9
2015-11-24,2089.14,19924.89,6277.23,3409.6,5226.389,44576.23,48284.19,2016.29,22587.63
2015-11-25,2088.87,19847.58,6337.64,3462.06,5193.681,44138.75,46866.63,2009.42,22498.0
2015-11-26,2088.87,19944.41,6393.13,3498.62,5210.697,44374.52,47145.63,2030.68,22488.94
2015-11-27,2090.11,19883.94,6375.15,3488.99,5202.584,44247.98,45872.91,2028.99,22068.32
2015-11-30,2080.41,19747.47,6356.09,3506.45,5166.518,43418.55,45120.36,1991.97,21996.42
2015-12-01,2102.63,20012.4,6395.65,3479.64,5266.139,43984.9,45046.75,2023.93,22381.35
2015-12-02,2079.51,19938.13,6420.93,3468.66,5258.339,43417.05,44914.53,2009.29,22479.69
2015-12-03,2049.62,19939.9,6275.0,3343.34,5227.717,43027.3,46393.26,1994.07,22417.01
2015-12-04,2091.69,19504.48,6238.29,3330.75,5151.607,42994.23,45360.76,1974.4,22235.89
2015-12-07,2077.07,19698.15,6223.52,3360.21,5155.697,42655.24,45222.7,1963.67,22203.22
2015-12-08,2063.59,19492.6,6135.22,3297.46,5108.605,42236.74,44443.26,1949.04,21905.13
2015-12-09,2047.62,19301.07,6126.68,3277.21,5080.453,42398.06,46108.03,1948.24,21803.76
2015-12-10,2052.23,19046.55,6088.05,3269.97,5037.717,42447.77,45630.71,1952.07,21704.61
2015-12-11,2012.37,19230.48,5952.78,3203.21,5029.45,42000.63,45262.72,1948.62,21464.05
2015-12-14,2021.94,18883.42,5874.06,3139.24,4928.598,41901.96,44747.31,1927.82,21309.85
2015-12-15,2043.41,18565.9,6017.79,3241.51,4909.555,42905.2,44872.47,1932.97,21274.37
2015-12-16,2073.07,19049.91,6061.19,3246.78,5028.447,43429.72,45015.84,1969.4,21701.21
2015-12-17,2041.89,19353.56,6102.54,3306.47,5102.008,43503.52,45261.48,1977.96,21872.06
2015-12-18,2005.55,18986.8,6052.42,3260.72,5106.659,42936.63,43910.6,1975.32,21755.56
2015-12-21,2021.15,18916.02,6034.84,3213.01,5109.049,43160.61,43199.95,1981.19,21791.68
2015-12-22,2038.97,18886.7,6083.1,3214.32,5116.691,43328.72,43469.52,1992.56,21830.02
2015-12-23,2064.29,18886.7,6240.98,3286.68,5141.779,43579.67,44014.93,1999.22,22040.59
2015-12-24,2060.99,18789.69,6254.64,3284.47,5207.649,43528.27,44014.93,1990.65,22138.13
2015-12-25,2060.99,18769.06,6254.64,3284.47,5207.649,43528.27,44014.93,1990.65,22138.13
2015-12-28,2056.5,18873.35,6254.64,3256.49,5207.649,43396.16,43764.34,1964.06,21919.62
2015-12-29,2078.36,18982.23,6314.57,3314.28,5267.344,43391.78,43653.97,1966.31,21999.62
2015-12-30,2063.36,19033.71,6274.05,3287.98,5319.942,43012.37,43349.96,1961.31,21882.15
2015-12-31,2043.94,19033.71,6242.32,3267.52,5295.859,42977.5,43349.96,1961.31,21914.4
2016-01-01,2043.94,19033.71,6242.32,3267.52,5295.859,42977.5,43349.96,1961.31,21914.4
2016-01-04,2012.66,18450.98,6093.43,3164.76,5270.475,42113.7,42141.04,1918.76,21327.12
2016-01-05,2016.71,18374.0,6137.24,3178.01,5184.434,42041.68,42419.32,1930.53,21188.72
2016-01-06,1990.26,18191.32,6073.38,3139.32,5123.134,41691.19,41773.14,1925.43,20980.81
2016-01-07,1943.09,17767.34,5954.08,3084.68,5010.34,40661.57,40694.72,1904.33,20333.34
2016-01-08,1922.03,17697.96,5912.44,3033.47,4990.839,40265.37,40612.21,1917.62,20453.71
2016-01-11,1923.67,17697.96,5871.83,3027.49,4932.237,40706.89,39950.49,1894.84,19888.5
2016-01-12,1938.68,17218.96,5929.24,3064.66,4925.132,41022.74,39513.83,1890.86,19711.76
2016-01-13,1890.28,17715.63,5960.97,3073.02,4987.44,41008.78,38944.44,1916.28,19934.88
2016-01-14,1921.84,17240.95,5918.23,3024.0,4909.383,41352.75,39500.11,1900.01,19817.41
2016-01-15,1880.33,17147.11,5804.1,2952.48,4892.801,40847.7,38569.13,1878.87,19520.77
2016-01-18,1880.33,16955.57,5779.92,2935.39,4858.702,40604.79,37937.27,1878.45,19237.45
2016-01-19,1881.33,17048.37,5876.8,2980.49,4903.069,40809.25,38057.02,1889.64,19635.81
2016-01-20,1859.33,16416.19,5673.58,2882.59,4841.526,40844.41,37645.48,1845.45,18886.3
2016-01-21,1868.99,16017.26,5773.79,2943.92,4864.004,41166.88,37717.11,1840.53,18542.15
2016-01-22,1906.9,16958.53,5900.01,3023.21,4915.953,41621.31,38031.22,1879.43,19080.51
2016-01-25,1877.08,17110.91,5877.0,3001.78,5006.564,41476.35,38031.22,1893.43,19340.14
2016-01-26,1903.63,16708.9,5911.46,3032.84,5006.564,41932.39,37497.48,1871.69,18860.8
2016-01-27,1882.95,17163.92,5990.37,3043.47,4946.441,42109.89,38376.37,1897.87,19052.45
2016-01-28,1893.36,17041.45,5931.78,2979.42,4976.164,42393.02,38630.19,1906.94,19195.83
2016-01-29,1940.24,17518.3,6083.79,3045.09,5005.524,43630.77,40405.99,1912.06,19683.11
2016-02-01,1939.38,17865.23,6060.1,3021.01,5043.589,43630.77,40570.04,1924.82,19595.5
2016-02-02,1903.03,17750.68,5922.01,2951.85,4993.322,43092.49,38596.17,1906.6,19446.84
2016-02-03,1912.53,17191.25,5837.14,2896.63,4876.757,43257.54,39588.82,1890.67,18991.59
2016-02-04,1915.45,17044.99,5898.76,2905.3,4980.359,43751.93,40821.73,1916.26,19183.09
2016-02-05,1880.05,16819.59,5848.06,2879.39,4976.176,43229.67,40592.09,1917.79,19288.17
2016-02-08,1853.44,17004.3,5689.36,2785.17,4975.393,42774.85,40592.09,1917.79,19288.17
2016-02-09,1852.21,16085.44,5632.19,2736.5,4832.076,42399.19,40592.09,1917.79,19288.17
2016-02-10,1851.86,15713.39,5672.3,2789.05,4775.68,42535.74,40376.58,1917.79,19288.17
2016-02-11,1829.08,15713.39,5536.97,2680.35,4821.077,42359.26,39318.3,1861.54,18545.8
2016-02-12,1864.78,14952.61,5707.6,2756.16,4765.346,42416.44,39808.05,1835.28,18319.58
2016-02-15,1864.78,16022.58,5824.28,2833.87,4843.46,43205.91,40092.89,1862.2,18918.14
2016-02-16,1895.58,16054.43,5862.17,2821.26,4910.037,43100.32,40947.7,1888.3,19122.08
2016-02-17,1926.82,15836.36,6030.32,2897.72,4882.1,43585.23,41630.82,1883.94,18924.57
2016-02-18,1917.83,16196.8,5971.95,2895.15,4991.997,43516.66,41477.63,1908.84,19363.08
2016-02-19,1917.78,15967.17,5950.23,2871.05,4952.796,43375.31,41543.41,1916.24,19285.5
2016-02-22,1945.5,16111.05,6037.73,2933.91,5001.224,43546.72,43234.86,1916.36,19464.09
2016-02-23,1921.27,16052.05,5962.31,2887.38,4979.588,43216.58,42520.94,1914.22,19414.78
2016-02-24,1929.8,15915.79,5867.18,2820.24,4875.019,43173.73,42084.56,1912.53,19192.45
2016-02-25,1951.7,16140.34,6012.81,2877.42,4881.176,43434.55,41887.9,1918.57,18888.75
2016-02-26,1948.05,16188.41,6096.01,2929.16,4879.958,43473.37,41593.08,1920.16,19364.15
2016-02-29,1932.23,16026.76,6097.09,2945.75,4880.926,43714.93,42793.86,1916.66,19111.93
2016-03-01,1978.35,16085.51,6152.88,2996.39,4922.252,44214.5,44121.79,1916.66,19407.46
2016-03-02,1986.45,16746.55,6147.06,3022.14,5021.23,44615.75,44893.48,1947.42,20003.49
2016-03-03,1993.4,16960.16,6130.46,3012.87,5081.12,44742.22,47193.39,1958.17,19941.76
2016-03-04,1999.99,17014.78,6199.43,3037.35,5090.025,44849.02,49084.87,1955.63,20176.7
2016-03-07,2001.76,16911.32,6182.4,3021.09,5142.814,44967.16,49246.1,1957.87,20159.72
2016-03-08,1979.26,16783.15,6125.44,3002.01,5107.96,44504.29,49102.14,1946.12,20011.58
2016-03-09,1989.26,16642.2,6146.32,3016.18,5157.192,44492.5,48665.09,1952.95,19996.26
2016-03-10,1989.57,16852.35,6036.7,2970.78,5150.073,44337.04,49571.11,1969.33,19984.42
2016-03-11,2022.19,16938.87,6139.79,3073.8,5166.393,44735.5,49638.68,1971.41,20199.6
2016-03-14,2019.64,17233.75,6174.57,3091.98,5185.458,44691.8,48867.34,1972.27,20435.34
2016-03-15,2015.93,17117.07,6139.97,3067.21,5111.424,44210.44,47130.02,1969.97,20288.77
2016-03-16,2027.22,16974.45,6175.49,3062.05,5119.027,44751.4,47763.43,1974.9,20257.7
2016-03-17,2040.59,16936.38,6201.12,3043.1,5168.153,45435.09,50913.79,1987.99,20503.81
2016-03-18,2049.58,16724.81,6189.64,3059.77,5183.124,45482.39,50814.66,1992.12,20671.63
2016-03-21,2051.6,16724.81,6184.58,3048.77,5166.568,45482.39,51171.55,1989.76,20684.15
2016-03-22,2049.8,17048.55,6192.74,3051.23,5166.623,45632.28,51010.2,1996.81,20666.75
2016-03-23,2036.71,17000.98,6199.11,3042.42,5142.266,45647.57,49690.05,1995.12,20615.23
2016-03-24,2035.94,16892.33,6106.48,2986.73,5084.207,45647.57,49657.39,1985.97,20345.61
2016-03-25,2035.94,17002.75,6106.48,2986.73,5084.207,45647.57,49657.39,1983.81,20345.61
2016-03-28,2037.05,17134.37,6106.48,2986.73,5084.207,45623.48,50838.23,1982.54,20345.61
2016-03-29,2055.01,17103.53,6105.9,3004.87,5004.516,45897.65,51154.99,1994.91,20366.3
2016-03-30,2063.95,16878.96,6203.17,3044.1,5010.268,46191.51,51248.93,2002.14,20803.39
2016-03-31,2059.74,16758.67,6174.9,3004.93,5082.785,45881.08,50055.27,1995.85,20776.7
2016-04-01,2072.78,16164.16,6146.05,2953.28,4999.385,46062.92,50561.53,1973.57,20498.92
2016-04-04,2066.13,16123.27,6164.72,2962.28,4995.319,45678.18,48779.98,1978.97,20498.92
2016-04-05,2045.17,15732.82,6091.23,2890.35,4924.385,45186.01,49053.62,1962.74,20177.0
2016-04-06,2066.66,15715.36,6161.63,2909.36,4945.912,45281.97,48096.24,1971.32,20206.67
2016-04-07,2041.91,15749.84,6136.89,2871.57,4964.079,45052.16,48513.1,1973.89,20266.05
2016-04-08,2047.6,15821.52,6204.41,2911.98,4937.617,44859.49,50292.93,1972.05,20370.4
2016-04-11,2041.99,15751.13,6200.12,2924.23,4931.532,44760.53,50165.47,1970.37,20440.81
2016-04-12,2061.72,15928.79,6242.39,2942.09,4975.646,45090.67,52001.86,1981.32,20504.44
2016-04-13,2082.42,16381.22,6362.89,3039.19,5054.655,45411.3,53149.84,1981.32,21158.71
2016-04-14,2082.78,16911.05,6365.1,3060.86,5118.622,45403.54,52411.02,2015.93,21337.81
2016-04-15,2080.73,16848.03,6343.75,3054.34,5157.486,45536.52,53227.74,2014.71,21316.47
2016-04-18,2094.34,16275.95,6353.52,3064.03,5137.055,45022.63,52894.08,2009.1,21161.5
2016-04-19,2100.8,16874.44,6405.35,3112.99,5188.813,45780.18,53710.05,2011.36,21436.21
2016-04-20,2102.4,16906.54,6410.26,3142.52,5215.953,45650.35,53630.93,2005.83,21236.31
2016-04-21,2091.48,17363.62,6381.44,3151.69,5272.713,45556.65,53630.93,2022.1,21622.25
2016-04-22,2091.58,17572.49,6310.44,3141.12,5236.366,45613.21,52907.88,2015.49,21467.04
2016-04-25,2087.79,17439.3,6260.92,3117.62,5236.366,45581.2,51861.71,2014.55,21304.44
2016-04-26,2091.7,17353.28,6284.52,3121.29,5220.644,45416.9,53082.5,2019.63,21407.27
2016-04-27,2095.15,17290.49,6319.91,3130.43,5187.706,45941.52,54477.78,2015.4,21361.6
2016-04-28,2075.81,16666.05,6322.4,3125.43,5225.428,45528.93,54311.96,2000.93,21388.03
2016-04-29,2065.3,16666.05,6241.89,3028.21,5252.217,45784.77,53910.51,1994.15,21067.05
2016-05-02,2081.43,16147.38,6241.89,3032.6,5242.969,45707.87,53561.54,1978.15,21067.05
2016-05-03,2063.37,16147.38,6185.59,2974.2,5353.84,45647.82,52260.19,1986.41,20676.94
2016-05-04,2051.12,16147.38,6112.02,2938.75,5271.137,45349.0,52552.8,1976.71,20525.83
2016-05-05,2050.63,16147.38,6117.25,2940.35,5279.056,45147.97,51671.04,1976.71,20449.82
2016-05-06,2057.14,16106.72,6125.7,2936.84,5292.046,45209.85,51717.82,1976.71,20109.87
2016-05-09,2058.69,16216.03,6114.81,2955.83,5320.697,45250.34,50990.07,1967.81,20156.81
2016-05-10,2084.39,16565.19,6156.65,2978.97,5342.787,45676.41,53070.91,1982.5,20242.68
2016-05-11,2064.46,16579.01,6162.49,2956.71,5372.293,45506.87,52764.46,1980.1,20055.29
2016-05-12,2064.11,16646.34,6104.19,2935.46,5359.302,45685.82,53241.32,1977.49,19915.46
2016-05-13,2046.61,16412.21,6138.5,2956.63,5328.989,45402.47,51804.31,1966.99,19719.29
2016-05-16,2066.66,16466.4,6151.4,2951.39,5358.946,45843.14,51802.92,1967.91,19883.95
2016-05-17,2047.21,16652.8,6167.77,2938.09,5395.874,45872.18,50839.45,1968.06,20118.8
2016-05-18,2047.63,16644.69,6165.8,2956.43,5356.162,45551.2,50561.7,1956.73,19826.41
2016-05-19,2040.04,16646.66,6053.35,2919.22,5323.342,45051.27,50132.53,1946.78,19694.33
2016-05-20,2052.32,16736.35,6156.32,2962.16,5351.306,45155.91,49722.75,1947.67,19852.2
2016-05-23,2048.04,16654.6,6136.43,2932.93,5318.943,45236.16,49330.42,1955.25,19809.03
2016-05-24,2076.06,16498.76,6219.26,3010.12,5295.571,45497.46,49345.19,1937.68,19830.43
2016-05-25,2090.54,16757.35,6262.85,3061.6,5372.51,45710.94,49482.86,1960.51,20368.05
2016-05-26,2090.1,16772.46,6265.65,3071.21,5388.089,46039.69,49482.86,1957.06,20397.11
2016-05-27,2099.06,16834.84,6270.79,3078.48,5405.913,46124.15,49051.49,1969.17,20576.77
2016-05-30,2099.06,17068.02,6270.79,3090.01,5408.017,46017.21,48964.34,1967.13,20629.39
2016-05-31,2096.96,17234.98,6230.79,3063.48,5378.56,45459.45,48471.71,1983.4,20815.09
2016-06-01,2099.33,16955.73,6191.93,3038.77,5323.171,45557.61,49012.65,1982.72,20760.98
2016-06-02,2105.26,16562.55,6185.61,3033.86,5278.889,45508.31,49887.24,1985.11,20859.22
2016-06-03,2099.13,16642.23,6209.63,2997.55,5318.888,45928.23,50619.5,1985.84,20947.24
2016-06-06,2109.41,16580.03,6273.4,3001.9,5360.422,45857.73,50431.8,1985.84,21030.22
2016-06-07,2112.13,16675.45,6284.53,3040.69,5371.026,46124.63,50487.86,2011.63,21328.24
2016-06-08,2119.12,16830.92,6301.52,3019.76,5369.976,46263.84,51629.29,2027.08,21297.88
2016-06-09,2115.48,16668.41,6231.89,2989.03,5361.936,45662.71,51118.46,2024.17,21297.88
2016-06-10,2096.07,16601.36,6115.76,2911.11,5312.596,45177.5,49422.16,2017.63,21042.64
2016-06-13,2079.06,16019.18,6044.97,2853.52,5312.596,44930.25,49660.79,1979.06,20512.99
2016-06-14,2075.32,15859.0,5923.53,2797.18,5203.262,44570.59,48648.29,1972.03,20387.53
2016-06-15,2071.5,15919.58,5966.8,2830.3,5147.056,45011.22,48914.74,1968.83,20467.52
2016-06-16,2077.99,15434.14,5950.48,2819.3,5145.985,45225.4,49411.62,1951.99,20038.42
2016-06-17,2071.22,15599.66,6021.09,2849.17,5162.664,45306.22,49533.84,1953.4,20169.98
2016-06-20,2083.25,15965.3,6204.0,2942.88,5256.758,45779.66,50329.36,1981.12,20510.2
2016-06-21,2088.9,16169.11,6226.55,2967.34,5274.362,45705.42,50837.8,1982.7,20668.44
2016-06-22,2085.45,16065.72,6261.19,2978.31,5270.947,45806.16,50156.3,1992.58,20795.12
2016-06-23,2113.32,16238.35,6338.1,3037.86,5280.684,46145.92,51559.82,1986.71,20868.34
2016-06-24,2037.41,14952.02,6138.69,2776.09,5113.181,44885.82,50105.26,1925.24,20259.13
2016-06-27,2000.54,15309.21,5982.2,2697.44,5137.23,44282.03,49245.53,1926.85,20227.3
2016-06-28,2036.09,15323.14,6140.39,2758.67,5103.274,44714.54,50006.56,1936.22,20172.46
2016-06-29,2070.77,15566.83,6360.06,2832.18,5142.396,45466.37,51001.91,1956.36,20436.12
2016-06-30,2098.86,15575.92,6504.33,2864.74,5233.375,45966.49,51526.93,1970.35,20794.37
2016-07-01,2102.95,15682.48,6577.83,2883.06,5246.609,46213.27,52233.04,1987.32,20794.37
2016-07-04,2102.95,15775.8,6522.26,2862.21,5281.776,46201.33,52568.66,1995.3,21059.2
2016-07-05,2088.55,15669.33,6545.37,2812.88,5228.001,45819.6,51842.27,1989.85,20750.72
2016-07-06,2099.73,15378.99,6463.59,2761.37,5197.547,45304.75,51901.81,1953.12,20495.29
2016-07-07,2097.9,15276.24,6533.79,2780.1,5227.918,45394.37,52014.66,1974.08,20706.92
2016-07-08,2129.9,15106.98,6590.64,2838.01,5230.537,45744.29,53140.74,1963.1,20564.17
2016-07-11,2137.16,15708.82,6682.86,2885.32,5337.105,46177.61,53960.11,1988.54,20880.5
2016-07-12,2152.14,16095.65,6680.69,2933.44,5353.216,46432.7,54256.41,1991.23,21224.74
2016-07-13,2152.43,16231.43,6670.4,2926.14,5388.535,46271.97,54598.29,2005.55,21322.37
2016-07-14,2163.75,16385.89,6654.47,2963.07,5411.607,46498.51,55480.87,2008.77,21561.06
2016-07-15,2161.74,16497.85,6669.24,2958.65,5429.57,46713.43,55578.24,2017.26,21659.25
2016-07-18,2166.89,16497.85,6695.42,2949.17,5458.468,46961.25,56484.21,2021.11,21803.18
2016-07-19,2163.78,16723.31,6697.37,2931.1,5451.253,47060.57,56698.06,2016.89,21673.2
2016-07-20,2173.02,16681.89,6728.99,2966.95,5488.723,47505.25,56578.05,2015.46,21882.48
2016-07-21,2165.17,16810.22,6699.89,2968.49,5512.397,47364.81,56641.49,2012.22,22000.49
2016-07-22,2175.03,16627.25,6730.48,2972.23,5498.187,47537.28,57002.08,2010.34,21964.27
2016-07-25,2168.48,16620.29,6710.13,2973.22,5533.563,47130.41,56872.73,2012.32,21993.44
2016-07-26,2169.18,16383.04,6724.03,2978.9,5537.474,46927.0,56782.75,2027.34,22129.73
2016-07-27,2166.58,16664.82,6750.43,2999.48,5539.693,46812.07,56852.84,2025.05,22218.99
2016-07-28,2170.06,16476.84,6721.06,2966.1,5556.556,46833.87,56667.12,2021.1,22174.34
2016-07-29,2173.6,16569.27,6724.43,2990.76,5562.358,46660.67,57308.21,2016.19,21891.37
2016-08-01,2170.84,16635.77,6693.95,2967.31,5587.392,46807.24,56755.76,2029.61,22129.14
2016-08-02,2157.03,16391.45,6645.4,2906.98,5540.538,46558.36,56162.38,2019.03,22129.14
2016-08-03,2163.79,16083.11,6634.4,2911.06,5465.717,46844.53,57076.91,1994.79,21739.12
2016-08-04,2164.25,16254.89,6740.16,2932.34,5475.81,46941.46,57593.89,2000.03,21832.23
2016-08-05,2182.87,16254.45,6793.47,2973.71,5497.41,47194.15,57661.14,2017.94,22146.09
2016-08-08,2180.89,16650.57,6809.13,2982.92,5537.842,47368.65,57635.43,2031.12,22494.76
2016-08-09,2181.74,16764.97,6851.3,3029.18,5552.548,47630.37,57689.41,2043.78,22465.61
2016-08-10,2175.49,16735.12,6866.42,3018.46,5543.711,47797.7,56919.78,2044.64,22492.43
2016-08-11,2185.79,16735.12,6914.71,3049.03,5508.014,48341.95,58299.57,2048.8,22580.55
2016-08-12,2184.05,16919.92,6916.02,3044.94,5530.911,48363.89,58298.41,2050.47,22766.91
2016-08-15,2190.15,16869.56,6941.19,3046.65,5539.964,48694.9,59145.98,2050.47,22932.51
2016-08-16,2178.15,16596.51,6893.92,3016.19,5531.984,48351.96,58855.43,2047.76,22910.84
2016-08-17,2182.22,16745.64,6859.15,2980.54,5535.049,48258.93,59323.83,2043.75,22799.78
2016-08-18,2187.02,16486.01,6868.96,2995.3,5507.82,48437.1,59166.02,2055.47,23023.16
2016-08-19,2183.87,16545.82,6858.95,2968.2,5526.683,48297.46,59098.92,2056.24,22937.22
2016-08-22,2182.64,16598.19,6828.54,2960.37,5515.055,48293.46,57781.24,2042.16,22997.91
2016-08-23,2186.9,16497.36,6868.51,2993.73,5553.773,47666.02,58020.04,2049.93,22998.93
2016-08-24,2175.44,16597.3,6835.78,3008.59,5561.674,47743.61,57717.88,2043.76,22820.78
2016-08-25,2172.47,16555.95,6816.9,2987.69,5541.891,47734.2,57722.14,2042.92,22814.95
2016-08-26,2169.04,16360.71,6838.05,3010.36,5515.47,47369.57,57716.25,2037.5,22909.54
2016-08-29,2180.38,16737.49,6838.05,2998.5,5469.217,47599.12,58610.39,2032.35,22821.34
2016-08-30,2176.12,16725.36,6820.79,3030.75,5478.29,47650.57,58575.42,2039.74,23016.11
2016-08-31,2170.95,16887.4,6781.51,3023.13,5433.033,47541.32,57901.11,2034.65,22976.88
2016-09-01,2170.86,16926.84,6745.97,3017.49,5415.564,47563.34,58236.27,2032.72,23162.34
2016-09-02,2179.98,16925.68,6894.6,3079.74,5372.804,47787.99,59616.4,2038.31,23266.7
2016-09-05,2179.98,17037.63,6879.42,3077.66,5429.581,47842.23,59566.34,2060.08,23649.55
2016-09-06,2186.48,17081.98,6826.05,3070.16,5413.633,47626.98,60129.44,2066.53,23787.68
2016-09-07,2186.16,17012.44,6846.58,3091.66,5424.25,47398.7,60129.44,2061.88,23741.81
2016-09-08,2181.3,16958.77,6858.7,3083.54,5385.751,47416.97,60231.66,2063.73,23919.34
2016-09-09,2127.81,16965.76,6776.95,3053.2,5339.182,46459.17,57999.73,2037.87,24099.7
2016-09-12,2159.04,16672.92,6700.9,3012.88,5219.608,46720.96,58586.11,1991.48,23290.6
2016-09-13,2127.02,16729.04,6665.63,2974.8,5207.78,46154.2,56820.77,1999.36,23215.76
2016-09-14,2125.77,16614.24,6673.31,2964.9,5227.692,45767.57,57059.46,1999.36,23190.64
2016-09-15,2147.26,16405.01,6730.3,2973.77,5239.86,45922.91,57909.49,1999.36,23335.59
2016-09-16,2139.16,16519.29,6710.28,2935.25,5296.698,45922.91,57079.76,1999.36,23335.59
2016-09-19,2139.12,16519.29,6813.55,2968.31,5294.763,45871.04,57350.38,2015.78,23550.45
2016-09-20,2139.76,16492.15,6830.79,2964.86,5303.568,46341.33,57736.46,2025.71,23530.86
2016-09-21,2163.12,16807.62,6834.77,2982.18,5339.557,46929.19,58393.92,2035.99,23669.9
2016-09-22,2177.18,16807.62,6911.4,3051.69,5374.456,47975.05,58994.17,2049.7,23759.8
2016-09-23,2164.69,16754.02,6909.43,3032.31,5431.297,47778.48,58697.0,2054.07,23686.48
2016-09-26,2146.1,16544.56,6818.04,2975.88,5431.42,47252.54,58053.53,2047.11,23317.92
2016-09-27,2159.93,16683.93,6807.67,2970.84,5405.892,47731.84,58382.49,2062.82,23571.9
2016-09-28,2171.37,16465.4,6849.38,2991.11,5412.35,48046.56,59355.77,2053.06,23619.65
2016-09-29,2151.13,16693.71,6919.42,2991.58,5471.259,47672.07,58350.57,2068.72,23739.47
2016-09-30,2168.27,16449.84,6899.33,3002.24,5435.921,47245.8,58367.05,2043.63,23297.15
2016-10-03,2161.2,16598.67,6983.52,2998.5,5478.514,47601.93,59461.23,2043.63,23584.43
2016-10-04,2150.49,16735.65,7074.34,3029.5,5484.004,47909.27,59339.23,2054.86,23689.44
2016-10-05,2159.73,16819.24,7033.25,3026.28,5452.925,48141.42,60254.34,2053.0,23788.31
2016-10-06,2160.77,16899.1,6999.96,3021.58,5483.031,47944.77,60644.24,2065.3,23952.5
2016-10-07,2153.74,16860.09,7044.39,3000.57,5467.39,47596.6,61108.98,2053.8,23851.82
2016-10-10,2163.66,16860.09,7097.5,3035.76,5475.431,48264.96,61668.33,2056.82,23851.82
2016-10-11,2136.73,17024.76,7070.88,3020.69,5479.802,48014.4,61021.85,2031.93,23549.52
2016-10-12,2139.18,16840.0,7024.01,3008.03,5474.616,47915.12,61021.85,2033.73,23407.05
2016-10-13,2132.55,16774.24,6977.74,2975.04,5435.543,47741.54,61118.58,2015.44,23031.3
2016-10-14,2132.98,16856.37,7013.55,3025.19,5434.032,47701.45,61767.22,2022.66,23233.31
2016-10-17,2126.5,16900.12,6947.55,3008.72,5388.68,47657.33,62696.11,2027.61,23037.54
2016-10-18,2139.6,16963.61,7000.06,3046.99,5410.754,48106.12,63782.21,2040.43,23394.39
2016-10-19,2144.29,16998.91,7021.92,3055.94,5435.363,48492.61,63505.61,2040.94,23304.97
2016-10-20,2141.34,17235.5,7026.9,3076.63,5442.144,48274.25,63837.85,2040.6,23374.4
2016-10-21,2141.16,17184.59,7020.47,3077.65,5430.318,48418.4,64108.08,2033.0,23374.4
2016-10-24,2151.33,17234.42,6986.4,3093.86,5408.486,48431.25,64059.89,2047.74,23604.08
2016-10-25,2143.16,17365.25,7017.64,3087.41,5442.829,48093.53,63866.2,2037.17,23565.11
2016-10-26,2139.43,17391.84,6958.09,3080.98,5359.798,47805.44,63825.69,2013.89,23325.43
2016-10-27,2133.04,17336.42,6986.57,3085.17,5295.545,48114.67,64249.5,2024.12,23132.35
2016-10-28,2126.41,17446.41,6996.26,3079.24,5283.838,48007.2,64307.63,2019.42,22954.81
2016-10-31,2126.15,17425.02,6954.22,3055.25,5317.732,48009.28,64924.52,2008.19,22934.54
2016-11-01,2111.72,17442.4,6917.14,3023.15,5290.47,47303.31,63326.42,2007.39,23147.07
2016-11-02,2097.94,17134.68,6845.42,2980.17,5228.994,47303.31,63326.42,1978.94,22810.5
2016-11-03,2088.66,17134.68,6790.51,2973.49,5225.553,46683.8,61750.17,1983.8,22683.51
2016-11-04,2085.18,16905.36,6693.26,2954.53,5180.82,46694.81,61598.39,1982.02,22642.62
2016-11-07,2131.52,17177.21,6806.9,3009.28,5250.799,48050.25,64051.65,1997.58,22801.4
2016-11-08,2139.56,17171.38,6843.13,3023.43,5257.79,48470.99,64157.68,2003.38,22909.47
2016-11-09,2163.26,16251.54,6911.84,3056.29,5156.556,47390.66,63258.27,1958.38,22415.19
2016-11-10,2167.48,17344.42,6827.98,3046.59,5328.835,45224.38,61200.96,2002.6,22839.11
2016-11-11,2164.45,17374.79,6730.43,3030.02,5370.738,44978.25,59183.51,1984.43,22531.09
2016-11-14,2164.2,17672.62,6753.18,3039.8,5345.732,45306.48,59657.46,1974.4,22222.22
2016-11-15,2180.39,17668.15,6792.74,3049.72,5326.201,45023.65,59657.46,1967.53,22323.91
2016-11-16,2176.94,17862.21,6749.72,3026.36,5327.672,44901.57,60759.32,1979.65,22280.53
2016-11-17,2187.12,17862.63,6794.71,3041.79,5338.538,44919.69,59770.47,1980.55,22262.88
2016-11-18,2181.9,17967.41,6775.77,3020.83,5359.415,44364.17,59961.76,1974.58,22344.21
2016-11-21,2198.18,18106.02,6777.96,3032.97,5351.336,44364.17,61070.27,1966.05,22357.78
2016-11-22,2202.94,18162.94,6819.72,3044.33,5413.332,44868.77,61954.47,1983.47,22678.07
2016-11-23,2204.72,18162.94,6817.71,3032.14,5484.358,45184.08,61985.91,1987.95,22676.69
2016-11-24,2204.72,18333.41,6829.2,3040.6,5485.079,45265.9,61395.53,1971.26,22608.49
2016-11-25,2213.35,18381.22,6840.75,3048.38,5507.785,45357.85,61559.08,1974.46,22723.45
2016-11-28,2201.72,18356.89,6799.47,3016.8,5464.4,45470.61,62855.5,1978.13,22830.57
2016-11-29,2204.66,18307.04,6772.0,3038.42,5457.499,45372.19,60986.52,1978.39,22737.07
2016-11-30,2198.81,18308.48,6783.79,3051.61,5440.472,45315.96,61906.36,1983.48,22789.77
2016-12-01,2191.08,18513.12,6752.93,3030.98,5500.241,44884.86,59506.54,1983.75,22878.23
2016-12-02,2191.95,18426.08,6730.72,3015.13,5444.017,44555.26,60316.13,1970.61,22564.82
2016-12-05,2204.71,18274.99,6746.83,3052.75,5400.441,44937.3,59831.73,1963.36,22505.55
2016-12-06,2212.23,18360.54,6779.84,3100.76,5428.692,45103.22,61088.25,1989.86,22675.15
2016-12-07,2241.35,18496.69,6902.23,3142.24,5478.102,45609.9,61414.4,1991.89,22800.92
2016-12-08,2246.19,18765.47,6931.55,3185.79,5543.635,46360.23,60676.57,2031.07,22861.84
2016-12-09,2259.53,18996.37,6954.21,3197.54,5560.621,46913.47,60500.62,2024.69,22760.98
2016-12-12,2256.96,19155.03,6890.42,3199.11,5562.83,46913.47,59178.62,2027.24,22433.02
2016-12-13,2271.72,19250.52,6968.57,3236.71,5545.048,46870.24,59280.57,2035.98,22446.7
2016-12-14,2253.28,19253.61,6949.19,3211.71,5584.62,46220.54,58212.12,2036.87,22456.62
2016-12-15,2262.03,19273.79,6999.01,3249.74,5538.577,45871.96,58396.16,2036.65,22059.4
2016-12-16,2258.07,19401.15,7011.64,3259.24,5532.928,45121.39,58389.04,2042.24,22020.75
2016-12-19,2262.53,19391.6,7017.16,3257.85,5562.082,44895.29,57111.0,2038.39,21832.68
2016-12-20,2270.76,19494.53,7043.96,3279.41,5591.075,44930.27,57582.89,2041.94,21729.06
2016-12-21,2265.18,19444.49,7041.42,3270.75,5613.472,44983.03,57646.52,2037.96,21809.8
2016-12-22,2260.96,19427.67,7063.68,3269.51,5643.944,45008.08,57255.22,2035.73,21636.2
2016-12-23,2263.79,19427.67,7068.17,3273.97,5627.947,45173.54,57937.11,2035.9,21574.76
2016-12-26,2263.79,19396.64,7068.17,3273.97,5627.947,44989.58,58620.26,2037.75,21574.76
2016-12-27,2268.88,19403.06,7068.17,3278.53,5627.947,45299.67,58696.69,2042.17,21574.76
2016-12-28,2249.92,19401.72,7106.08,3278.72,5685.023,45563.18,59781.63,2024.49,21754.74
2016-12-29,2249.26,19145.14,7120.26,3271.76,5699.068,45909.31,60227.28,2026.46,21790.91
2016-12-30,2238.83,19114.37,7142.83,3290.52,5665.791,45642.9,60227.28,2026.46,22000.56
2017-01-02,2238.83,19114.37,7142.83,3308.67,5665.791,45695.1,59588.7,2026.16,22000.56
2017-01-03,2257.83,19114.37,7177.89,3315.02,5733.183,46123.36,61813.83,2043.97,22150.4
2017-01-04,2270.75,19594.16,7189.74,3317.52,5736.409,46587.74,61589.06,2045.64,22134.47
2017-01-05,2269.0,19520.69,7195.31,3316.47,5753.35,46719.99,62070.98,2041.95,22456.69
2017-01-06,2276.98,19454.33,7210.05,3321.17,5755.581,46071.57,61665.37,2049.12,22503.01
2017-01-09,2268.9,19454.33,7237.77,3308.97,5807.445,45553.51,61700.29,2048.78,22558.69
2017-01-10,2268.9,19301.44,7275.47,3306.21,5760.702,45886.27,62131.8,2045.12,22744.85
2017-01-11,2275.32,19364.67,7290.49,3307.94,5771.482,45933.65,62446.26,2075.17,22935.35
2017-01-12,2270.44,19134.7,7292.37,3286.7,5766.854,46060.98,63953.93,2087.14,22829.02
2017-01-13,2274.64,19287.28,7337.81,3324.34,5721.117,46182.43,63651.52,2076.79,22937.38
2017-01-16,2274.64,19095.24,7327.13,3294.53,5748.441,45740.38,63831.28,2064.17,22718.15
2017-01-17,2267.89,18813.53,7220.38,3285.04,5699.42,46002.56,64354.34,2071.87,22840.97
2017-01-18,2271.89,18894.37,7247.61,3294.0,5678.754,46360.63,64149.57,2070.54,23098.26
2017-01-19,2263.69,19072.25,7208.44,3290.33,5692.184,46265.26,63950.86,2072.79,23049.96
2017-01-20,2271.31,19137.91,7198.44,3299.44,5654.75,46331.6,64521.18,2065.61,22885.91
2017-01-23,2265.2,18891.03,7151.18,3273.04,5610.972,47116.24,65748.63,2065.99,22898.52
2017-01-24,2280.07,18787.99,7150.34,3281.53,5650.1,48149.61,65840.09,2065.76,22949.86
2017-01-25,2298.37,19057.5,7164.43,3326.15,5671.514,48275.83,65840.09,2066.94,23049.12
2017-01-26,2296.68,19402.39,7161.49,3319.13,5671.514,47611.44,66190.63,2083.59,23374.17
2017-01-27,2294.69,19467.4,7184.49,3303.33,5713.993,47421.12,66033.98,2083.59,23360.78
2017-01-30,2280.9,19368.85,7118.48,3262.72,5661.515,47091.82,64301.73,2083.59,23360.78
2017-01-31,2278.87,19041.34,7099.15,3230.68,5620.911,47001.06,64670.78,2067.57,23360.78
2017-02-01,2279.55,19148.08,7107.65,3258.92,5653.165,47009.51,64836.13,2080.48,23318.39
2017-02-02,2280.85,18914.58,7140.75,3253.61,5645.434,47095.07,64578.21,2071.01,23184.52
2017-02-03,2297.42,18918.2,7188.3,3273.11,5621.582,47225.1,64953.93,2073.16,23129.21
2017-02-06,2292.56,18976.71,7172.15,3238.31,5615.578,47225.1,63992.93,2077.66,23348.24
2017-02-07,2293.08,18910.78,7186.22,3235.71,5621.924,46728.95,64198.9,2075.21,23331.57
2017-02-08,2294.67,19007.6,7188.82,3238.04,5651.369,46921.71,64835.4,2065.08,23485.13
2017-02-09,2307.87,18907.67,7229.5,3277.79,5664.615,47232.17,64964.89,2065.88,23525.14
2017-02-10,2316.1,19378.93,7258.75,3270.83,5720.61,47797.04,66124.52,2075.08,23574.98
2017-02-13,2328.25,19459.15,7278.92,3305.23,5760.688,47661.69,66967.64,2078.65,23710.98
2017-02-14,2337.58,19238.98,7268.56,3308.89,5755.242,47391.24,66712.88,2074.57,23703.01
2017-02-15,2349.25,19437.98,7302.41,3323.71,5809.074,47161.74,67975.58,2083.86,23994.87
2017-02-16,2347.22,19347.53,7277.92,3311.04,5816.313,47293.85,67814.24,2081.84,24107.7
2017-02-17,2351.16,19234.62,7299.96,3308.81,5805.818,47164.71,67748.42,2080.58,24033.74
2017-02-20,2351.16,19251.08,7299.86,3312.39,5795.094,47083.81,68532.86,2084.39,24146.08
2017-02-21,2365.38,19381.44,7274.83,3339.33,5791.029,47614.99,69052.02,2102.93,23963.63
2017-02-22,2362.82,19379.87,7302.25,3339.27,5805.099,47195.68,68589.55,2106.61,24201.96
2017-02-23,2363.81,19371.46,7271.37,3333.96,5784.66,47206.36,67461.39,2107.63,24114.86
2017-02-24,2367.34,19283.54,7243.7,3304.09,5738.985,47047.67,66662.1,2094.12,23965.7
2017-02-27,2369.75,19107.47,7253.0,3309.3,5724.182,47349.2,66662.1,2085.52,23925.05
2017-02-28,2363.64,19118.99,7263.44,3319.61,5712.221,46856.79,66662.1,2091.64,23740.73
2017-03-01,2395.96,19393.54,7382.9,3390.2,5704.796,47454.15,66988.88,2091.64,23776.49
2017-03-02,2381.92,19564.8,7382.35,3384.71,5776.588,47288.66,65854.93,2102.65,23728.07
2017-03-03,2383.12,19469.17,7374.26,3403.39,5729.601,47414.57,66785.53,2078.75,23552.72
2017-03-06,2375.31,19379.14,7350.12,3387.46,5746.51,47883.59,66341.37,2081.36,23596.28
2017-03-07,2368.39,19344.15,7338.99,3385.12,5761.39,47419.16,65742.33,2094.05,23681.07
2017-03-08,2362.98,19254.03,7334.61,3389.62,5759.659,47539.22,64718.02,2095.41,23782.27
2017-03-09,2364.87,19318.58,7314.96,3409.89,5741.203,47263.92,64585.23,2091.06,23501.56
2017-03-10,2372.6,19604.61,7343.08,3416.27,5775.615,47102.31,64675.46,2097.35,23568.67
2017-03-13,2373.47,19633.75,7367.08,3415.49,5757.347,47101.14,65534.3,2117.59,23829.67
2017-03-14,2365.45,19609.5,7357.85,3399.43,5759.138,47087.97,64699.46,2133.78,23827.95
2017-03-15,2385.26,19577.38,7368.64,3409.32,5773.997,47470.31,66234.88,2133.0,23792.85
2017-03-16,2381.38,19590.14,7415.95,3439.96,5785.791,48056.56,65782.85,2150.08,24288.28
2017-03-17,2378.25,19521.59,7424.96,3448.41,5799.646,48593.44,64209.94,2164.58,24309.93
2017-03-20,2373.47,19521.59,7429.81,3437.48,5778.907,48593.44,64884.27,2157.01,24501.99
2017-03-21,2344.02,19455.88,7378.34,3429.62,5774.616,48589.05,62980.37,2178.38,24593.12
2017-03-22,2348.45,19041.38,7324.72,3420.7,5684.514,48487.3,63521.34,2168.3,24320.41
2017-03-23,2345.96,19085.31,7340.71,3452.18,5707.954,48676.91,63530.79,2172.72,24327.7
2017-03-24,2343.98,19262.53,7336.82,3444.15,5753.547,49083.85,63853.77,2168.95,24358.27
2017-03-27,2341.59,18985.59,7293.5,3437.14,5746.696,49312.99,64308.39,2155.66,24193.7
2017-03-28,2358.57,19202.87,7343.42,3465.07,5821.234,49339.24,64640.45,2163.31,24345.87
2017-03-29,2361.13,19217.48,7373.72,3475.27,5873.517,49036.52,65528.29,2166.98,24392.05
2017-03-30,2368.06,19063.22,7369.52,3481.58,5896.229,48863.3,65265.98,2164.64,24301.09
2017-03-31,2362.72,18909.26,7322.92,3500.93,5864.905,48541.56,64984.07,2160.23,24111.59
2017-04-03,2358.84,18983.23,7282.69,3472.94,5872.684,48819.07,65211.48,2167.51,24261.48
2017-04-04,2360.16,18810.25,7321.82,3481.66,5856.553,49342.77,65768.91,2161.1,24261.48
2017-04-05,2352.95,18861.27,7331.68,3472.58,5876.197,49207.61,64774.77,2160.85,24400.8
2017-04-06,2357.49,18597.06,7303.2,3489.57,5856.285,49012.42,64222.72,2152.75,24273.72
2017-04-07,2355.54,18664.63,7349.37,3495.8,5862.469,49343.64,64593.11,2151.73,24267.3
2017-04-10,2357.16,18797.88,7348.94,3480.44,5912.884,49540.26,64649.82,2133.32,24262.18
2017-04-11,2353.78,18747.87,7365.5,3470.04,5929.274,49637.93,64359.79,2123.85,24088.46
2017-04-12,2344.93,18552.61,7348.99,3468.51,5933.958,48955.82,63891.68,2128.91,24313.5
2017-04-13,2328.95,18426.84,7327.59,3448.26,5889.95,48955.82,62826.28,2148.61,24261.66
2017-04-14,2328.95,18335.63,7327.59,3448.26,5889.95,48955.82,62826.28,2134.88,24261.66
2017-04-17,2349.01,18355.26,7327.59,3448.26,5889.95,49011.56,64334.93,2145.76,24261.66
2017-04-18,2342.19,18418.59,7147.5,3409.78,5836.74,48762.53,64158.84,2148.46,23924.54
2017-04-19,2338.17,18432.2,7114.36,3420.99,5804.01,48873.84,63406.97,2138.4,23825.88
2017-04-20,2355.84,18430.49,7118.54,3440.03,5821.389,49144.96,63760.62,2149.15,24056.98
2017-04-21,2348.69,18620.75,7114.55,3440.27,5854.14,48967.83,63760.62,2165.04,24042.02
2017-04-24,2374.15,18875.88,7264.68,3577.38,5871.783,49413.26,64389.02,2173.74,24139.48
2017-04-25,2388.61,19079.33,7275.64,3583.16,5871.783,49808.05,65148.35,2196.85,24455.94
2017-04-26,2387.45,19289.43,7288.72,3578.71,5912.036,49565.16,64861.92,2207.84,24578.43
2017-04-27,2388.77,19251.87,7237.17,3563.29,5921.481,49440.96,64676.55,2209.46,24698.48
2017-04-28,2384.2,19196.74,7203.94,3559.59,5924.064,49261.33,65403.25,2205.44,24615.13
2017-05-01,2388.33,19310.52,7203.94,3559.59,5956.523,49261.33,65403.25,2205.44,24615.13
2017-05-02,2391.17,19445.7,7250.05,3578.21,5950.365,49588.84,66721.75,2219.67,24696.13
2017-05-03,2388.13,19445.7,7234.53,3586.25,5892.342,49099.98,66093.78,2219.67,24696.13
2017-05-04,2389.52,19445.7,7248.1,3627.88,5876.37,48998.11,64862.61,2241.24,24683.88
2017-05-05,2399.29,19445.7,7297.43,3658.79,5836.556,49485.67,65709.73,2241.24,24476.35
2017-05-08,2399.38,19895.7,7300.86,3642.11,5870.893,49505.86,65526.04,2292.76,24577.91
2017-05-09,2396.92,19843.0,7342.21,3649.08,5839.903,49939.47,66277.67,2292.76,24889.03
2017-05-10,2399.63,19900.09,7385.24,3645.74,5875.439,49930.54,67349.73,2270.12,25015.42
2017-05-11,2394.44,19961.55,7386.63,3623.55,5878.337,49530.53,67537.62,2296.37,25125.55
2017-05-12,2390.9,19883.9,7435.39,3637.52,5836.902,49426.08,68221.94,2286.02,25156.34
2017-05-15,2402.32,19869.85,7454.37,3641.88,5838.402,49678.96,68474.19,2290.65,25371.59
2017-05-16,2400.67,19919.82,7522.03,3641.89,5850.518,49459.62,68684.5,2295.33,25335.94
2017-05-17,2357.03,19814.88,7503.47,3584.83,5786.028,48747.95,67540.25,2293.08,25293.63
2017-05-18,2365.72,19553.86,7436.42,3562.22,5738.312,48322.24,61597.05,2286.82,25136.52
2017-05-19,2381.73,19590.76,7470.71,3587.01,5727.409,49067.47,62639.31,2288.48,25174.87
2017-05-22,2394.02,19678.28,7496.34,3576.53,5771.205,48943.46,61673.49,2304.03,25391.34
2017-05-23,2398.42,19613.28,7485.29,3595.03,5760.191,49042.52,62662.48,2311.74,25403.15
2017-05-24,2404.39,19742.98,7514.9,3586.62,5768.975,49494.4,63257.36,2317.34,25428.5
2017-05-25,2415.07,19813.13,7517.71,3584.55,5789.627,49410.92,63226.79,2342.93,25630.78
2017-05-26,2415.82,19686.84,7547.63,3579.02,5751.664,49674.92,64085.41,2355.3,25639.27
2017-05-29,2415.82,19682.57,7547.63,3578.95,5707.072,49450.48,63760.94,2352.97,25701.63
2017-05-30,2412.91,19677.85,7526.51,3561.22,5717.886,49277.95,63962.27,2343.68,25701.63
2017-05-31,2411.8,19650.57,7519.95,3554.59,5724.572,48788.44,62711.47,2347.38,25660.65
2017-06-01,2430.06,19860.03,7543.77,3567.02,5738.128,49101.64,62288.52,2344.61,25809.22
2017-06-02,2439.07,20177.28,7547.63,3591.82,5788.114,49317.38,62510.7,2371.72,25924.05
2017-06-05,2436.1,20170.82,7525.76,3579.55,5754.867,49592.49,62450.45,2368.62,25862.99
2017-06-06,2429.33,19979.9,7524.95,3554.18,5667.474,49218.62,62954.69,2368.62,25997.14
2017-06-07,2433.14,19984.62,7478.62,3548.84,5667.172,49274.97,63170.73,2360.14,25974.16
2017-06-08,2433.79,19909.26,7449.98,3563.88,5676.597,49087.46,62755.57,2363.57,26063.06
2017-06-09,2431.77,20013.26,7527.33,3586.07,5677.804,49081.73,62210.56,2381.69,26030.29
2017-06-12,2429.39,19908.58,7511.87,3543.95,5677.804,49128.76,61700.23,2357.87,25708.04
2017-06-13,2440.35,19898.75,7500.44,3557.87,5772.766,49026.83,61828.99,2374.7,25852.1
2017-06-14,2437.92,19883.52,7474.4,3547.15,5833.904,49291.03,61922.93,2372.64,25875.9
2017-06-15,2432.46,19831.82,7419.36,3525.46,5763.19,49139.7,61922.93,2361.65,25565.34
2017-06-16,2433.15,19943.26,7463.54,3543.88,5774.034,49221.03,61626.41,2361.83,25626.49
2017-06-19,2453.46,20067.75,7523.81,3579.58,5805.174,49169.57,62014.03,2370.9,25924.55
2017-06-20,2437.03,20230.41,7472.71,3560.66,5757.253,49033.05,60766.16,2369.23,25843.04
2017-06-21,2435.61,20138.79,7447.79,3554.35,5665.721,48983.45,60761.74,2357.53,25694.58
2017-06-22,2434.5,20110.51,7439.29,3555.76,5705.952,49017.43,61272.21,2370.37,25674.53
2017-06-23,2438.3,20132.67,7424.13,3543.68,5715.875,48980.78,61087.14,2378.6,25670.05
2017-06-26,2439.07,20153.35,7446.8,3561.76,5720.162,49165.67,62188.09,2388.66,25871.89
2017-06-27,2419.38,20225.09,7434.36,3538.32,5714.194,49087.74,61675.46,2391.95,25839.99
2017-06-28,2440.69,20130.41,7387.8,3535.7,5755.698,49340.11,62017.97,2382.56,25683.5
2017-06-29,2419.7,20220.3,7350.32,3471.33,5818.1,49198.13,62238.95,2395.66,25965.42
2017-06-30,2423.41,20033.43,7312.72,3441.88,5721.494,49857.49,62899.97,2391.79,25764.58
2017-07-03,2429.01,20055.8,7377.09,3491.81,5684.486,50109.16,63279.58,2394.48,25784.17
2017-07-04,2429.01,20032.35,7357.23,3479.47,5783.818,50041.58,63231.59,2380.52,25389.01
2017-07-05,2432.54,20081.63,7367.6,3478.41,5763.252,50300.8,63154.17,2388.35,25521.97
2017-07-06,2409.75,19994.06,7337.28,3462.06,5758.763,50015.68,62470.33,2387.81,25465.22
2017-07-07,2425.18,19929.09,7350.92,3463.84,5703.567,50059.02,62322.4,2379.87,25340.85
2017-07-10,2427.43,20080.98,7370.03,3478.06,5724.436,50616.81,63025.47,2382.1,25500.06
2017-07-11,2425.53,20195.48,7329.76,3464.48,5728.926,50510.23,63832.15,2396.0,25877.64
2017-07-12,2443.25,20098.38,7416.93,3515.23,5673.831,50809.77,64835.55,2391.77,26043.64
2017-07-13,2447.83,20099.81,7413.44,3527.83,5736.768,50968.76,65178.35,2409.49,26346.17
2017-07-14,2459.27,20118.86,7378.39,3525.94,5765.119,51162.23,65436.18,2414.63,26389.23
2017-07-17,2459.14,20118.86,7404.13,3516.35,5755.47,51332.29,65212.31,2425.1,26470.58
2017-07-18,2460.61,19999.91,7390.22,3478.68,5687.393,51099.71,65337.67,2426.04,26524.94
2017-07-19,2473.83,20020.86,7430.91,3500.28,5732.126,51086.93,65179.92,2429.94,26672.16
2017-07-20,2473.45,20144.59,7487.87,3499.49,5761.453,51144.14,64938.02,2441.84,26740.21
2017-07-21,2472.54,20099.75,7452.91,3451.71,5722.841,51564.62,64684.18,2450.06,26706.09
2017-07-24,2469.91,19975.67,7377.73,3453.17,5688.071,51665.66,65099.55,2451.53,26846.83
2017-07-25,2477.13,19955.2,7434.82,3473.54,5726.597,51713.38,65667.63,2439.9,26852.05
2017-07-26,2477.83,20050.16,7452.32,3491.19,5776.625,51600.26,65010.57,2434.51,26941.02
2017-07-27,2475.42,20079.64,7443.01,3493.14,5785.01,51257.36,65277.38,2443.24,27131.17
2017-07-28,2472.1,19959.84,7368.37,3467.73,5702.818,51213.6,65497.13,2400.99,26979.39
2017-07-31,2470.3,19925.18,7372.0,3449.36,5720.591,51011.88,65920.36,2402.71,27323.99
2017-08-01,2476.35,19985.79,7423.66,3477.39,5772.372,51195.0,66516.23,2422.96,27540.23
2017-08-02,2477.57,20080.04,7411.43,3459.32,5744.203,51200.13,67135.99,2427.63,27607.38
2017-08-03,2472.16,20029.26,7474.77,3466.37,5735.123,51293.07,66777.13,2386.85,27531.01
2017-08-04,2476.83,19952.33,7511.71,3507.41,5720.583,51328.29,66897.98,2395.45,27562.68
2017-08-07,2480.91,20055.89,7531.94,3505.8,5773.558,51389.27,67939.66,2398.75,27690.36
2017-08-08,2474.92,19996.01,7542.73,3515.63,5743.754,51328.75,67898.94,2394.73,27854.91
2017-08-09,2474.02,19738.71,7498.06,3468.45,5765.66,51237.5,67671.06,2368.39,27757.09
2017-08-10,2438.21,19729.74,7389.94,3433.54,5760.933,50906.84,66992.09,2359.47,27444.0
2017-08-11,2441.32,19729.74,7309.96,3406.34,5693.14,50645.1,67358.59,2319.71,26883.51
2017-08-14,2465.84,19537.1,7353.89,3450.66,5730.407,51167.47,68284.66,2334.22,27250.23
2017-08-15,2464.61,19753.31,7383.85,3461.91,5757.483,51339.29,68355.13,2334.22,27174.96
2017-08-16,2468.11,19729.28,7433.03,3484.57,5785.102,51156.67,68594.3,2348.26,27409.07
2017-08-17,2430.01,19702.63,7387.87,3461.97,5779.207,50994.18,67976.8,2361.67,27344.22
2017-08-18,2425.55,19470.41,7323.98,3446.03,5747.112,51075.46,68714.66,2358.37,27047.57
2017-08-21,2428.37,19393.13,7318.88,3423.53,5725.853,51241.11,68634.65,2355.0,27154.68
2017-08-22,2452.51,19383.84,7381.74,3455.59,5750.124,51332.98,70011.25,2365.33,27401.67
2017-08-23,2444.04,19434.64,7382.65,3438.63,5737.159,51280.18,70477.63,2366.4,27401.67
2017-08-24,2438.97,19353.77,7407.06,3444.73,5745.476,51470.06,71132.8,2375.84,27518.6
2017-08-25,2443.05,19452.61,7401.46,3438.55,5743.861,51373.23,71073.65,2378.51,27848.16
2017-08-28,2444.24,19449.9,7401.46,3421.03,5709.892,51266.71,71016.59,2370.3,27863.29
2017-08-29,2446.3,19362.55,7337.43,3388.22,5669.012,51313.66,71329.85,2364.74,27765.01
2017-08-30,2457.59,19506.54,7365.26,3403.71,5669.721,51193.52,70886.26,2372.29,28094.61
2017-08-31,2471.65,19646.24,7430.62,3421.47,5714.522,51210.48,70835.05,2363.19,27970.3
2017-09-01,2476.55,19691.47,7438.5,3443.88,5724.592,51080.85,71923.11,2357.69,27953.16
2017-09-04,2476.55,19508.25,7411.47,3429.98,5702.002,50825.77,72128.83,2329.65,27740.26
2017-09-05,2457.85,19385.81,7372.92,3420.86,5706.233,50301.39,72150.88,2326.62,27741.35
2017-09-06,2465.54,19357.97,7354.13,3433.8,5689.73,50515.6,73412.41,2319.82,27613.76
2017-09-07,2465.1,19396.52,7396.98,3447.66,5689.882,50249.12,73412.41,2346.19,27522.92
2017-09-08,2461.43,19274.82,7377.6,3447.69,5672.617,50083.8,73078.85,2343.72,27668.47
2017-09-11,2488.11,19545.77,7413.59,3495.19,5713.149,50359.32,74319.22,2359.08,27955.13
2017-09-12,2496.48,19776.62,7400.69,3512.56,5746.441,50480.96,74538.55,2365.47,27972.24
2017-09-13,2498.37,19865.82,7379.7,3523.14,5744.256,50164.88,74787.57,2360.18,27894.08
2017-09-14,2495.62,19807.44,7295.39,3526.48,5738.678,50107.86,74656.68,2377.66,27777.2
2017-09-15,2500.23,19909.5,7215.47,3515.55,5695.023,49921.84,75756.52,2386.07,27807.59
2017-09-18,2503.87,19909.5,7253.28,3526.74,5720.599,50258.42,75990.41,2418.21,28159.77
2017-09-19,2506.65,20299.38,7275.25,3531.18,5713.577,50265.46,75974.18,2416.05,28051.41
2017-09-20,2508.24,20310.46,7271.95,3525.55,5709.091,50363.95,76004.15,2412.2,28127.8
2017-09-21,2500.6,20347.48,7263.9,3539.59,5655.42,50545.75,75604.34,2406.5,28110.33
2017-09-22,2502.22,20296.45,7310.64,3541.42,5682.137,50313.51,75389.75,2388.71,27880.53
2017-09-25,2496.66,20397.58,7301.29,3537.81,5683.73,50368.17,74443.48,2380.4,27500.34
2017-09-26,2496.84,20330.19,7285.74,3536.38,5670.983,50359.47,74318.72,2374.32,27513.01
2017-09-27,2507.04,20267.05,7313.51,3555.17,5664.283,50169.13,73796.71,2372.57,27642.43
2017-09-28,2510.06,20363.11,7322.82,3563.64,5670.385,50137.0,73567.25,2373.14,27421.6
2017-09-29,2519.36,20356.28,7372.76,3594.85,5681.61,50346.06,74293.51,2394.47,27554.3
2017-10-02,2529.12,20400.78,7438.84,3602.69,5729.33,50501.16,74359.83,2394.47,27554.3
2017-10-03,2534.58,20614.07,7468.11,3605.73,5701.442,50615.29,76762.91,2394.47,28173.21
2017-10-04,2537.74,20626.66,7467.58,3594.91,5652.058,50565.29,76591.44,2394.47,28379.18
2017-10-05,2552.07,20628.56,7507.99,3613.54,5651.766,50480.92,76617.53,2394.47,28379.18
2017-10-06,2549.33,20690.71,7522.87,3603.32,5710.675,50302.96,76054.72,2394.47,28458.04
2017-10-09,2544.73,20690.71,7507.89,3610.5,5739.258,50071.94,75726.8,2394.47,28326.59
2017-10-10,2550.64,20823.51,7538.27,3598.79,5738.11,49982.93,76897.21,2433.81,28490.83
2017-10-11,2555.24,20881.27,7533.81,3607.39,5772.145,50139.68,76659.8,2458.16,28389.57
2017-10-12,2550.93,20954.72,7556.24,3605.54,5794.466,49962.79,76659.8,2474.76,28459.03
2017-10-13,2553.17,21155.18,7535.44,3604.55,5814.154,49981.94,76989.79,2473.62,28476.43
2017-10-16,2557.64,21255.56,7526.97,3606.27,5846.763,49721.02,76891.84,2480.05,28692.8
2017-10-17,2559.36,21336.12,7516.17,3607.77,5889.612,50140.52,76201.25,2484.37,28697.49
2017-10-18,2561.26,21363.05,7542.87,3619.65,5890.477,49938.98,76591.09,2482.91,28711.76
2017-10-19,2562.1,21448.52,7523.04,3602.08,5896.129,50000.25,76283.16,2473.06,28159.09
2017-10-20,2575.21,21457.64,7523.23,3605.09,5906.988,49988.71,76390.52,2489.54,28487.24
2017-10-23,2564.98,21696.65,7524.45,3608.87,5893.962,49548.13,75413.13,2490.05,28305.88
2017-10-24,2569.13,21805.17,7526.54,3610.69,5897.613,50157.22,76350.2,2490.49,28154.97
2017-10-25,2557.15,21707.62,7447.21,3591.46,5905.597,48876.46,76671.13,2492.5,28302.89
2017-10-26,2560.4,21739.78,7486.5,3637.2,5916.297,48986.84,75896.35,2480.63,28202.38
2017-10-27,2581.07,22008.45,7505.03,3652.23,5903.157,49209.58,75975.71,2496.63,28438.85
2017-10-30,2572.83,22011.67,7487.81,3662.18,5919.079,48855.27,74800.34,2501.93,28336.19
2017-10-31,2575.26,22011.61,7493.08,3673.95,5909.017,48625.53,74308.49,2523.43,28245.54
2017-11-01,2579.36,22420.08,7487.96,3697.4,5937.766,48334.45,73823.74,2556.47,28594.06
2017-11-02,2579.85,22539.12,7555.32,3688.8,5931.707,48334.45,73823.74,2546.36,28518.64
2017-11-03,2587.84,22539.12,7560.35,3689.96,5959.876,48534.84,73915.42,2557.97,28603.61
2017-11-06,2591.13,22548.35,7562.28,3682.36,5953.78,48967.01,74310.79,2549.41,28596.8
2017-11-07,2590.64,22937.6,7513.11,3658.77,6014.341,49004.52,72414.88,2545.44,28994.34
2017-11-08,2594.38,22913.82,7529.72,3655.04,6016.265,48835.69,74363.13,2552.4,28907.6
2017-11-09,2584.62,22868.71,7484.1,3612.5,6049.425,48713.51,72930.69,2550.57,29136.57
2017-11-10,2582.3,22681.42,7432.99,3593.76,6029.372,48028.3,72165.64,2542.95,29120.92
2017-11-13,2584.84,22380.99,7415.18,3574.52,6021.772,48002.43,72475.17,2530.35,29182.18
2017-11-14,2578.87,22380.01,7414.42,3556.38,5968.746,47873.65,70826.59,2526.64,29152.12
2017-11-15,2564.62,22028.32,7372.61,3545.72,5934.235,47690.8,70826.59,2518.25,28851.69
2017-11-16,2585.64,22351.12,7386.94,3564.8,5943.511,47747.69,72511.79,2534.79,29018.76
2017-11-17,2578.85,22396.8,7380.68,3547.46,5957.254,47857.14,73437.28,2533.99,29199.04
2017-11-20,2582.14,22261.76,7389.46,3561.41,5945.671,47857.14,73437.28,2527.67,29260.31
2017-11-21,2599.03,22416.48,7411.34,3579.32,5963.521,48185.71,74594.62,2530.7,29818.07
2017-11-22,2597.08,22523.15,7419.02,3562.65,5986.413,48196.89,74518.79,2540.51,30003.49
2017-11-23,2597.08,22523.15,7417.24,3572.07,5986.195,48136.24,74486.58,2537.15,29707.94
2017-11-24,2602.42,22550.85,7409.64,3581.23,5982.551,47941.88,74157.38,2544.33,29866.32
2017-11-27,2601.42,22495.99,7383.9,3564.02,5988.773,47275.32,74058.91,2507.81,29686.19
2017-11-28,2627.04,22486.24,7460.65,3583.49,5984.252,47229.16,74139.72,2514.19,29680.85
2017-11-29,2626.07,22597.2,7393.56,3589.91,6011.115,47622.93,72700.45,2512.9,29623.83
2017-11-30,2647.58,22724.96,7326.67,3569.93,5969.892,47092.45,71970.99,2476.37,29177.35
2017-12-01,2642.22,22819.03,7300.49,3527.55,5989.756,47265.3,72264.45,2475.41,29074.24
2017-12-04,2639.44,22707.16,7338.97,3576.22,5985.587,47161.32,73090.17,2501.67,29138.28
2017-12-05,2629.57,22622.38,7327.5,3570.57,5971.82,47462.79,72546.17,2510.12,28842.8
2017-12-06,2629.27,22177.04,7348.03,3561.57,5945.706,46973.3,73268.35,2474.37,28224.8
2017-12-07,2636.98,22498.03,7320.75,3573.13,5977.723,46987.01,72487.45,2461.98,28303.19
2017-12-08,2651.5,22811.08,7393.96,3591.45,5994.368,47572.86,72731.84,2464.0,28639.85
2017-12-11,2659.99,22938.73,7453.48,3582.21,5998.283,47699.04,72800.04,2471.49,28965.29
2017-12-12,2664.11,22866.17,7500.41,3600.35,6013.203,47699.04,73813.53,2461.0,28793.88
2017-12-13,2662.85,22758.07,7496.51,3581.75,6021.829,48276.72,72914.34,2480.55,29222.1
2017-12-14,2652.01,22694.45,7448.12,3556.22,6011.259,48222.38,72428.93,2469.48,29166.38
2017-12-15,2675.81,22553.22,7490.57,3560.53,5996.972,48081.55,72607.7,2482.07,28848.11
2017-12-18,2690.16,22901.77,7537.01,3609.42,6038.93,48634.54,73115.45,2481.88,29050.41
2017-12-19,2681.47,22868.0,7544.09,3582.22,6071.788,48403.03,72680.37,2478.53,29253.66
2017-12-20,2679.25,22891.72,7525.22,3552.65,6075.62,48390.39,73367.03,2472.37,29234.09
2017-12-21,2684.57,22866.1,7603.98,3570.78,6060.358,48503.31,75133.43,2429.83,29367.06
2017-12-22,2683.34,22902.76,7592.66,3553.39,6069.711,48387.93,75186.53,2440.54,29578.01
2017-12-25,2683.34,22939.18,7592.66,3553.39,6069.711,48387.93,75186.53,2440.54,29578.01
2017-12-26,2680.5,22892.69,7592.66,3553.39,6069.711,48451.33,75707.73,2427.34,29578.01
2017-12-27,2682.62,22911.21,7620.68,3550.17,6069.873,48652.56,76072.54,2436.67,29597.66
2017-12-28,2687.54,22783.98,7622.88,3524.31,6088.143,48861.95,76402.08,2467.49,29863.71
2017-12-29,2673.61,22764.94,7687.77,3503.96,6065.129,49354.42,76402.08,2467.49,29919.15
2018-01-01,2673.61,22764.94,7687.77,3503.96,6065.129,49354.42,76402.08,2467.49,29919.15
2018-01-02,2695.81,22764.94,7648.1,3490.19,6061.279,50033.95,77891.04,2479.65,30515.31
2018-01-03,2713.06,22764.94,7671.11,3509.88,6070.383,49782.23,77995.16,2486.35,30560.95
2018-01-04,2723.99,23506.33,7695.88,3568.88,6077.078,49744.62,78647.42,2466.46,30736.48
2018-01-05,2743.15,23714.53,7724.22,3607.63,6122.348,49887.75,79071.47,2497.52,30814.64
2018-01-08,2747.71,23714.53,7696.51,3616.45,6130.373,49995.57,79378.53,2513.28,30899.53
2018-01-09,2751.29,23849.99,7731.02,3622.87,6135.807,49701.37,78863.54,2510.23,31011.41
2018-01-10,2748.23,23788.2,7748.51,3609.83,6096.678,48785.25,78200.57,2499.75,31073.72
2018-01-11,2767.56,23710.43,7762.94,3595.24,6067.622,48799.39,79365.44,2487.91,31120.39
2018-01-12,2786.24,23653.82,7778.64,3612.61,6070.053,49135.91,79349.12,2496.42,31412.54
2018-01-15,2786.24,23714.88,7769.14,3611.81,6077.082,49387.29,79752.38,2503.73,31338.87
2018-01-16,2776.42,23951.81,7755.93,3622.01,6048.638,49491.72,79831.77,2521.74,31904.75
2018-01-17,2802.56,23868.34,7725.43,3612.78,6015.814,49732.3,81189.16,2515.43,31983.41
2018-01-18,2798.03,23763.37,7700.96,3620.91,6014.566,49911.97,80962.65,2515.81,32121.94
2018-01-19,2810.3,23808.06,7730.79,3649.07,6005.806,49695.56,81219.5,2520.26,32254.89
2018-01-22,2832.97,23816.33,7715.44,3665.28,5991.913,49974.48,81675.42,2502.11,32393.41
2018-01-23,2839.13,24124.15,7731.83,3672.29,6036.962,50260.25,80678.34,2536.6,32930.7
2018-01-24,2837.54,23940.78,7643.43,3643.22,6054.658,50746.93,83680.0,2538.0,32958.69
2018-01-25,2839.25,23669.49,7615.84,3630.15,6050.023,50777.9,83680.0,2562.23,32654.45
2018-01-26,2872.87,23631.88,7665.54,3647.41,6050.023,51065.49,85530.84,2574.76,33154.12
2018-01-29,2853.53,23629.34,7671.53,3643.04,6075.409,50636.32,84698.02,2598.19,32966.89
2018-01-30,2822.43,23291.97,7587.98,3606.75,6022.798,50382.86,84482.46,2567.74,32607.29
2018-01-31,2823.81,23098.29,7533.55,3609.29,6037.683,50456.17,84912.7,2566.46,32887.27
2018-02-01,2821.98,23486.11,7490.39,3577.35,6090.067,50591.15,85495.24,2568.54,32642.09
2018-02-02,2762.13,23274.53,7443.43,3523.28,6121.389,50395.84,84041.34,2525.39,32601.78
2018-02-05,2648.94,22682.08,7334.98,3478.77,6026.231,50395.84,81861.09,2491.75,32245.22
2018-02-06,2695.14,21610.24,7141.4,3394.92,5833.34,49304.94,83894.04,2453.31,30595.42
2018-02-07,2681.66,21645.37,7279.42,3454.52,5876.808,48976.45,82766.73,2396.56,30323.2
2018-02-08,2581.0,21890.86,7170.69,3377.3,5890.699,47862.1,81532.53,2407.62,30451.27
2018-02-09,2619.55,21382.62,7092.43,3325.99,5837.971,47799.09,80898.7,2363.77,29507.42
2018-02-12,2656.0,21382.62,7177.06,3368.25,5820.695,47830.49,80898.7,2385.38,29459.63
2018-02-13,2662.94,21244.68,7168.01,3340.93,5855.9,47926.73,80898.7,2395.19,29839.53
2018-02-14,2698.63,21154.17,7213.97,3369.83,5841.236,48400.75,83542.84,2421.83,30515.6
2018-02-15,2731.2,21464.98,7234.81,3389.63,5908.99,48808.39,84290.56,2421.83,31115.43
2018-02-16,2732.22,21720.25,7294.7,3426.8,5904.039,48882.78,84524.58,2421.83,31115.43
2018-02-19,2732.22,22149.21,7247.66,3407.79,5941.588,48928.48,84792.71,2442.82,31115.43
2018-02-20,2716.26,21925.1,7246.77,3435.08,5940.854,48685.19,85803.95,2415.12,30873.63
2018-02-21,2701.33,21970.81,7281.57,3430.16,5943.724,48535.59,86051.82,2429.65,31431.89
2018-02-22,2703.96,21736.44,7252.39,3431.99,5950.881,48969.64,86686.45,2414.28,30965.68
2018-02-23,2747.3,21892.78,7244.41,3441.46,5999.785,48643.43,87293.24,2451.52,31267.17
2018-02-26,2779.6,22153.63,7289.58,3463.18,6042.177,48463.44,87652.64,2457.65,31498.6
2018-02-27,2744.28,22389.86,7282.45,3458.03,6056.861,47970.18,86935.44,2456.14,31268.66
2018-02-28,2713.83,22068.24,7231.91,3438.96,6015.959,47437.93,85353.59,2427.36,30844.72
2018-03-01,2677.67,21724.47,7175.64,3399.16,5973.342,47599.42,85377.79,2427.36,31044.25
2018-03-02,2691.25,21181.64,7069.9,3324.75,5928.896,47548.11,85761.34,2402.16,30583.45
2018-03-05,2720.94,21042.09,7115.98,3355.32,5895.032,47720.91,86022.83,2375.06,29886.39
2018-03-06,2728.12,21417.76,7146.75,3357.86,5962.437,47884.63,85653.02,2411.41,30510.73
2018-03-07,2726.8,21252.72,7157.84,3377.36,5901.988,47662.12,85483.55,2401.82,30196.92
2018-03-08,2738.97,21368.07,7203.24,3413.28,5942.867,48240.0,84984.61,2433.08,30654.52
2018-03-09,2786.57,21469.2,7224.51,3420.54,5963.233,48556.45,86371.41,2459.45,30996.21
2018-03-12,2783.02,21824.03,7214.76,3429.48,5996.121,48671.29,86900.43,2484.12,31594.33
2018-03-13,2765.31,21968.1,7138.78,3397.35,5974.714,48557.01,86383.84,2494.49,31601.45
2018-03-14,2749.48,21777.29,7132.69,3390.98,5935.312,48156.44,86050.96,2486.08,31435.01
2018-03-15,2747.33,21803.95,7139.76,3414.13,5920.853,47817.05,84928.2,2492.38,31541.1
2018-03-16,2752.01,21676.51,7164.14,3437.4,5949.423,47477.58,84886.48,2493.97,31501.97
2018-03-19,2712.92,21480.9,7042.93,3394.79,5959.434,47477.58,83913.06,2475.03,31513.76
2018-03-20,2716.94,21380.97,7061.27,3412.08,5936.383,47076.51,84163.8,2485.52,31549.93
2018-03-21,2711.93,21380.97,7038.97,3401.04,5950.27,47521.84,84976.59,2484.97,31414.52
2018-03-22,2643.69,21591.99,6952.59,3348.19,5937.151,47361.04,84767.88,2496.02,31071.05
2018-03-23,2588.26,20617.86,6921.94,3298.07,5820.727,46515.93,84377.2,2416.76,30309.29
2018-03-26,2658.55,20766.1,6888.69,3278.72,5790.465,46858.46,85087.86,2437.08,30548.77
2018-03-27,2612.62,21317.32,7000.14,3316.95,5832.3,46793.58,83808.05,2452.06,30790.83
2018-03-28,2605.0,21031.31,7044.74,3331.25,5789.465,46124.85,83874.13,2419.29,30022.53
2018-03-29,2640.87,21159.08,7056.61,3361.5,5759.365,46124.85,85365.56,2436.37,30093.38
2018-03-30,2640.87,21454.3,7056.61,3361.5,5759.365,46124.85,85365.56,2445.85,30093.38
2018-04-02,2581.88,21388.58,7056.61,3361.5,5759.365,45826.64,84666.44,2444.16,30093.38
2018-04-03,2614.45,21292.29,7030.46,3346.93,5751.924,46684.06,84623.46,2442.43,30180.1
2018-04-04,2644.69,21319.55,7034.01,3340.35,5761.352,47457.46,84359.69,2408.06,29518.69
2018-04-05,2662.84,21645.42,7199.5,3429.95,5788.806,47951.75,85209.66,2437.52,29518.69
2018-04-06,2604.47,21567.52,7183.64,3408.1,5788.739,47926.11,84820.42,2429.58,29844.94
2018-04-09,2613.16,21678.26,7194.75,3414.85,5808.669,48058.96,83307.23,2444.08,30229.58
2018-04-10,2656.87,21794.32,7266.75,3438.78,5856.969,48331.51,84510.36,2450.74,30728.74
2018-04-11,2642.19,21687.1,7257.14,3419.71,5828.684,48532.14,85245.59,2444.22,30897.71
2018-04-12,2663.99,21660.28,7258.34,3443.97,5815.532,48782.56,85443.53,2442.71,30831.28
2018-04-13,2656.3,21778.74,7264.56,3448.0,5829.077,48768.3,84334.41,2455.07,30808.38
2018-04-16,2677.84,21835.53,7198.2,3441.04,5841.339,48434.39,82861.58,2457.49,30315.59
2018-04-17,2706.39,21847.59,7226.05,3477.91,5841.547,48933.61,84086.13,2453.77,30062.75
2018-04-18,2708.64,22158.2,7317.34,3490.89,5861.421,49090.74,85776.46,2479.98,30284.25
2018-04-19,2693.13,22191.18,7328.92,3486.6,5881.0,48745.28,85824.26,2486.1,30708.44
2018-04-20,2670.14,22162.24,7368.17,3494.2,5868.776,48431.58,85550.09,2476.33,30418.33
2018-04-23,2670.29,22088.04,7398.87,3513.06,5886.013,48442.22,85602.5,2474.11,30254.4
2018-04-24,2634.56,22278.12,7425.4,3510.88,5921.553,48046.8,85469.08,2464.14,30636.24
2018-04-25,2639.4,22215.32,7379.32,3485.83,5921.553,48058.21,85044.39,2448.81,30328.15
2018-04-26,2666.94,22319.61,7421.43,3506.03,5910.772,48297.71,86383.2,2475.64,30007.68
2018-04-27,2669.91,22467.87,7502.21,3518.78,5953.646,48284.61,86444.66,2492.4,30280.67
2018-04-30,2648.05,22467.87,7509.3,3536.52,5982.732,48358.16,86115.5,2515.38,30808.45
2018-05-01,2654.8,22508.03,7520.36,3536.26,6015.234,48358.16,86115.5,2515.38,30808.45
2018-05-02,2635.67,22472.78,7543.2,3553.79,6050.185,47809.98,84547.09,2505.61,30723.88
2018-05-03,2629.73,22472.78,7502.69,3529.12,6098.275,47094.13,83288.14,2487.25,30313.37
2018-05-04,2663.42,22472.78,7567.14,3550.59,6062.893,46992.17,83118.03,2461.38,29926.5
2018-05-07,2672.63,22467.16,7567.14,3564.19,6084.473,46474.7,82714.42,2461.38,29994.26
2018-05-08,2671.92,22508.69,7565.75,3557.88,6091.885,46719.51,82956.05,2449.81,30402.81
2018-05-09,2697.79,22408.88,7662.52,3569.74,6108.024,46294.43,84265.49,2443.98,30536.14
2018-05-10,2723.07,22497.18,7700.97,3569.71,6118.748,46551.55,85861.2,2464.16,30809.22
2018-05-11,2727.72,22758.48,7724.55,3565.52,6116.187,46728.92,85220.23,2477.71,31122.06
2018-05-14,2730.13,22865.86,7710.98,3565.74,6135.297,46519.29,85232.19,2476.11,31541.08
2018-05-15,2711.45,22818.02,7722.98,3564.29,6097.819,46258.96,85130.42,2458.54,31152.03
2018-05-16,2722.46,22717.23,7734.2,3562.85,6106.96,46419.77,86536.97,2459.82,31110.2
2018-05-17,2720.13,22838.37,7787.97,3592.18,6094.257,45787.9,83621.95,2448.45,30942.15
2018-05-18,2712.97,22930.36,7778.79,3573.76,6087.358,45666.77,83081.88,2460.65,31047.91
2018-05-21,2733.01,23002.37,7859.17,3572.57,6084.489,45305.02,81815.31,2465.57,31234.35
2018-05-22,2724.44,22960.34,7877.45,3587.25,6041.871,45600.87,82738.88,2465.57,31234.35
2018-05-23,2733.29,22689.74,7788.44,3541.82,6032.506,45776.69,80867.29,2471.91,30665.64
2018-05-24,2727.76,22437.01,7716.74,3521.76,6037.081,45433.09,80122.31,2466.01,30760.41
2018-05-25,2721.33,22450.79,7730.28,3515.36,6032.824,45091.99,78897.66,2460.8,30588.04
2018-05-28,2721.33,22481.09,7730.28,3482.64,6004.021,44851.05,75355.84,2478.96,30792.26
2018-05-29,2689.86,22358.43,7632.64,3428.14,6013.558,44647.37,76071.98,2457.25,30484.58
2018-05-30,2724.01,22018.52,7689.57,3441.19,5984.734,44715.88,76753.62,2409.03,30056.79
2018-05-31,2705.27,22201.82,7678.2,3406.65,6011.883,44662.55,76753.62,2423.01,30468.56
2018-06-01,2734.62,22171.35,7701.77,3453.54,5990.389,45013.13,77239.75,2438.96,30492.91
2018-06-04,2746.87,22475.94,7741.29,3469.57,6025.548,45243.98,78596.06,2447.76,30997.98
2018-06-05,2748.8,22539.54,7686.8,3456.79,5994.876,45130.7,76641.73,2453.76,31093.45
2018-06-06,2772.35,22625.73,7712.37,3460.82,6025.106,45181.82,76117.23,2453.76,31259.1
2018-06-07,2770.37,22823.26,7704.4,3459.77,6057.292,45476.57,73851.47,2470.58,31512.63
2018-06-08,2779.03,22694.5,7681.07,3447.3,6045.183,45939.54,72942.07,2451.58,30958.21
2018-06-11,2782.0,22804.04,7737.43,3480.22,6045.183,46301.14,72307.77,2470.15,31063.7
2018-06-12,2786.85,22878.35,7703.81,3475.58,6054.437,46660.75,72754.13,2468.83,31103.06
2018-06-13,2775.63,22966.38,7703.71,3479.56,6023.533,46760.58,72122.13,2468.83,30725.15
2018-06-14,2782.49,22738.61,7765.79,3527.11,6016.635,47197.24,71421.2,2423.48,30440.17
2018-06-15,2779.66,22851.75,7633.91,3505.02,6094.029,46938.82,70757.73,2404.04,30309.49
2018-06-18,2773.75,22680.33,7631.33,3466.65,6104.127,46660.86,69814.73,2376.24,30309.49
2018-06-19,2762.59,22278.48,7603.85,3435.3,6102.124,46488.38,71394.34,2340.11,29468.15
2018-06-20,2767.32,22555.43,7627.4,3439.6,6172.58,46759.41,72123.41,2363.91,29696.17
2018-06-21,2749.76,22693.04,7556.44,3403.51,6232.134,46456.91,70074.9,2337.83,29296.05
2018-06-22,2754.88,22516.83,7682.27,3441.6,6225.225,46737.64,70640.65,2357.22,29338.7
2018-06-25,2717.07,22338.15,7509.84,3369.21,6210.408,46747.85,70952.97,2357.88,28961.39
2018-06-26,2723.06,22342.0,7537.92,3368.72,6197.612,46908.94,71404.59,2350.92,28881.4
2018-06-27,2699.63,22271.77,7621.69,3397.13,6195.859,46874.43,70609.0,2342.03,28356.26
2018-06-28,2716.31,22270.39,7615.63,3365.52,6215.388,47031.27,71766.52,2314.24,28497.32
2018-06-29,2718.37,22304.51,7636.93,3395.6,6194.633,47663.2,72762.51,2326.13,28955.11
2018-07-02,2726.71,21811.93,7547.85,3372.21,6177.792,46653.52,72839.74,2271.54,28955.11
2018-07-03,2713.22,21785.54,7593.29,3406.34,6210.206,47053.89,73667.75,2272.76,28545.57
2018-07-04,2713.22,21717.04,7573.09,3412.03,6183.387,47318.52,74743.11,2265.46,28241.67
2018-07-05,2736.61,21546.99,7603.22,3440.92,6215.519,48562.65,74553.06,2257.55,28182.09
2018-07-06,2759.82,21788.14,7617.7,3448.49,6272.291,48981.41,75010.39,2272.87,28315.62
2018-07-09,2784.17,22052.18,7687.99,3460.44,6286.04,49235.8,75010.39,2285.8,28688.5
2018-07-10,2793.84,22196.89,7692.04,3473.31,6258.097,48990.92,74862.38,2294.16,28682.25
2018-07-11,2774.02,21932.21,7591.96,3422.35,6215.599,49025.15,74398.55,2280.62,28311.69
2018-07-12,2798.29,22187.96,7651.33,3445.49,6268.305,48696.3,75856.22,2285.06,28480.83
2018-07-13,2801.31,22597.35,7661.87,3454.54,6268.391,48406.01,76594.35,2310.9,28525.44
2018-07-16,2798.43,22597.35,7600.45,3449.08,6241.518,48454.21,76652.58,2301.99,28539.66
2018-07-17,2809.55,22697.36,7626.33,3457.5,6203.64,48704.63,78130.3,2297.92,28181.68
2018-07-18,2815.62,22794.19,7676.28,3485.08,6245.111,49002.77,77362.63,2290.11,28117.42
2018-07-19,2804.49,22764.68,7683.97,3471.64,6262.7,48747.79,77486.84,2282.29,28010.86
2018-07-20,2801.83,22697.88,7678.79,3460.03,6285.851,48908.24,78571.29,2289.19,28224.48
2018-07-23,2806.98,22396.99,7655.79,3454.05,6227.556,48850.93,77996.12,2269.31,28256.12
2018-07-24,2820.4,22510.48,7709.05,3483.31,6265.842,49462.77,79154.98,2280.2,28662.57
2018-07-25,2846.07,22614.25,7658.26,3468.45,6247.646,49603.65,80218.04,2273.03,28920.9
2018-07-26,2837.44,22586.87,7663.17,3509.26,6244.498,49438.24,79405.34,2289.06,28781.14
2018-07-27,2818.82,22712.75,7701.31,3527.18,6300.227,49643.94,79866.1,2294.99,28804.28
2018-07-30,2802.6,22544.84,7700.85,3512.31,6278.392,49705.28,80275.59,2293.51,28733.13
2018-07-31,2816.29,22553.72,7748.76,3525.49,6280.201,49698.01,79220.43,2295.26,28583.01
2018-08-01,2813.36,22746.7,7652.91,3509.23,6275.717,49449.44,79301.65,2307.07,28340.74
2018-08-02,2827.22,22512.53,7575.93,3469.21,6240.862,49056.04,79636.69,2270.2,27714.56
2018-08-03,2840.35,22525.18,7659.1,3482.4,6234.777,49302.57,81434.98,2287.68,27676.32
2018-08-06,2850.4,22507.32,7663.78,3483.3,6272.979,49320.21,81050.76,2286.5,27819.56
2018-08-07,2858.45,22662.74,7718.48,3504.37,6253.936,49963.87,80346.52,2300.16,28248.88
2018-08-08,2857.7,22644.31,7776.65,3493.6,6268.528,49894.57,79151.7,2301.45,28359.14
2018-08-09,2853.58,22598.39,7741.77,3494.13,6297.652,49244.4,78767.99,2303.71,28607.3
2018-08-10,2833.28,22298.08,7667.01,3426.28,6278.393,48383.59,76514.35,2282.79,28366.62
2018-08-13,2821.93,21857.43,7642.45,3409.68,6252.171,48767.02,77496.45,2248.45,27936.57
2018-08-14,2839.96,22356.08,7611.64,3409.44,6299.635,49096.13,78602.11,2258.91,27752.93
2018-08-15,2818.37,22204.22,7497.87,3359.08,6329.019,48556.69,77077.99,2258.91,27323.59
2018-08-16,2840.69,22192.04,7556.38,3377.56,6328.293,48059.06,76818.72,2240.8,27100.06
2018-08-17,2850.13,22270.38,7558.59,3372.94,6339.233,48264.63,76028.5,2247.05,27213.41
2018-08-20,2857.05,22199.0,7591.26,3393.67,6344.994,48785.48,76327.89,2247.88,27598.02
2018-08-21,2862.96,22219.73,7565.7,3411.66,6284.378,49344.05,75180.4,2270.06,27752.79
2018-08-22,2861.82,22362.55,7574.24,3420.18,6265.978,49880.34,76902.3,2273.33,27927.58
2018-08-23,2856.98,22410.82,7563.22,3419.26,6244.37,49749.56,75633.77,2282.6,27790.46
2018-08-24,2874.69,22601.77,7577.49,3427.44,6247.327,49633.77,76262.23,2293.21,27671.87
2018-08-27,2896.74,22799.64,7577.49,3456.01,6268.871,50416.27,77929.68,2299.3,28271.27
2018-08-28,2897.52,22813.47,7617.22,3447.57,6304.653,50023.98,77473.18,2303.12,28351.62
2018-08-29,2914.04,22848.22,7563.21,3456.13,6352.236,50187.48,78388.83,2309.03,28416.44
2018-08-30,2901.13,22869.5,7516.03,3430.99,6351.762,49653.14,76404.09,2307.35,28164.05
2018-08-31,2901.52,22865.15,7432.42,3392.9,6319.498,49547.68,76677.53,2322.88,27888.55
2018-09-03,2901.52,22707.38,7504.6,3394.99,6310.875,49488.48,76192.73,2307.03,27712.54
2018-09-04,2896.72,22696.9,7457.86,3359.36,6293.071,48884.17,74711.8,2315.72,27973.34
2018-09-05,2888.6,22580.83,7383.28,3315.62,6230.447,48595.37,75092.27,2291.77,27243.85
2018-09-06,2878.05,22487.94,7318.96,3295.95,6160.42,48711.85,76416.01,2287.61,26974.82
2018-09-07,2871.68,22307.06,7277.7,3293.36,6143.814,48971.14,76416.01,2281.58,26973.47
2018-09-10,2877.13,22373.09,7279.3,3309.28,6141.697,48848.74,76436.35,2288.66,26613.42
2018-09-11,2887.89,22664.69,7273.54,3311.66,6179.676,48895.8,74656.51,2283.2,26422.55
2018-09-12,2888.92,22604.61,7313.36,3326.6,6175.921,49254.98,75124.81,2282.92,26345.04
2018-09-13,2904.18,22821.32,7281.57,3333.68,6128.717,49693.21,74686.67,2286.23,27014.49
2018-09-14,2904.98,23094.67,7304.04,3344.63,6165.329,49611.93,75429.09,2318.25,27286.41
2018-09-17,2888.8,23094.67,7302.1,3346.11,6184.973,49398.57,76788.85,2303.01,26932.85
2018-09-18,2904.31,23420.54,7300.23,3358.46,6161.453,49661.83,78313.96,2308.98,27084.66
2018-09-19,2907.95,23672.52,7331.12,3368.56,6189.961,49590.79,78168.66,2308.46,27407.37
2018-09-20,2930.75,23674.93,7367.32,3403.12,6169.452,49510.78,78116.01,2323.45,27477.67
2018-09-21,2929.67,23869.93,7490.23,3430.81,6194.559,49344.29,79444.29,2339.17,27953.58
2018-09-24,2919.37,23869.93,7458.41,3410.44,6186.874,49417.22,77984.18,2339.17,27499.39
2018-09-25,2915.56,23940.26,7507.56,3419.78,6185.878,49651.55,78630.14,2339.17,27499.39
2018-09-26,2905.97,24033.79,7511.49,3433.15,6192.276,49606.07,78656.16,2339.17,27816.87
2018-09-27,2914.0,23796.74,7545.44,3449.79,6181.215,49646.91,80000.09,2355.43,27715.67
2018-09-28,2913.98,24120.04,7510.2,3399.2,6207.561,49504.16,79342.42,2343.07,27788.52
2018-10-01,2924.59,24245.76,7495.67,3414.16,6172.26,49841.47,78623.66,2338.88,27788.52
2018-10-02,2923.43,24270.62,7474.55,3388.99,6126.214,49376.5,81612.28,2309.57,27126.38
2018-10-03,2925.51,24110.96,7510.28,3405.48,6146.071,49005.35,83273.4,2309.57,27091.26
2018-10-04,2901.61,23975.62,7418.34,3375.08,6176.297,48683.26,82952.81,2274.49,26623.87
2018-10-05,2885.57,23783.72,7318.54,3345.51,6185.486,48052.85,82321.52,2267.52,26572.57
2018-10-08,2884.43,23783.72,7233.33,3309.72,6100.308,48093.1,86083.91,2253.83,26202.57
2018-10-09,2880.34,23469.39,7237.59,3321.79,6041.07,48505.22,86087.55,2253.83,26172.91
2018-10-10,2785.68,23506.04,7145.74,3266.9,6049.807,48136.18,83679.11,2228.61,26193.07
2018-10-11,2728.37,22590.86,7006.93,3209.19,5883.761,47558.23,82921.08,2129.67,25266.37
2018-10-12,2767.13,22694.66,6995.91,3194.41,5895.671,47444.05,82921.08,2161.85,25801.49
2018-10-15,2750.79,22271.3,7029.22,3210.37,5837.1,47739.09,83359.76,2145.12,25445.06
2018-10-16,2809.92,22549.24,7059.4,3257.34,5869.881,48191.57,85717.56,2145.12,25462.26
2018-10-17,2809.21,22841.12,7054.6,3243.08,5939.095,47887.95,85763.95,2167.51,25462.26
2018-10-18,2768.78,22658.16,7026.99,3211.59,5942.414,47024.46,83847.12,2148.31,25454.55
2018-10-19,2767.78,22532.08,7049.8,3210.82,5939.493,47437.45,84219.74,2156.26,25561.4
2018-10-22,2755.88,22614.82,7042.8,3190.09,5904.937,46962.74,85596.69,2161.71,26153.15
2018-10-23,2740.69,22010.78,6955.21,3140.94,5843.086,46449.03,85300.03,2106.1,25346.55
2018-10-24,2656.1,22091.18,6962.98,3130.33,5829.025,45959.04,83063.56,2097.58,25249.78
2018-10-25,2705.57,21268.73,7004.1,3164.4,5664.066,46275.71,84083.51,2063.3,24994.46
2018-10-26,2658.69,21184.6,6939.56,3134.89,5665.159,45803.33,85719.87,2027.15,24717.63
2018-10-29,2641.25,21149.8,7026.32,3154.93,5728.155,43879.13,83796.71,1996.05,24812.04
2018-10-30,2682.63,21457.29,7035.85,3147.13,5805.102,43538.12,86885.71,2014.69,24585.53
2018-10-31,2711.74,21920.46,7128.1,3197.51,5830.307,43942.55,87423.55,2029.69,24979.69
2018-11-01,2740.37,21687.65,7114.66,3204.21,5840.796,45446.83,88419.05,2024.46,25416.0
2018-11-02,2723.06,22243.66,7094.12,3214.41,5849.207,45446.83,88419.05,2096.0,26486.35
2018-11-05,2738.31,21898.99,7103.84,3217.37,5818.144,46817.36,89598.16,2076.92,25934.39
2018-11-06,2755.45,22147.75,7040.68,3207.42,5875.18,46328.35,88668.92,2089.62,26120.96
2018-11-07,2813.89,22085.8,7117.28,3246.16,5896.868,46917.4,87714.35,2078.69,26147.69
2018-11-08,2806.83,22486.92,7140.68,3237.6,5928.236,44190.25,85620.13,2092.63,26227.72
2018-11-09,2781.01,22250.25,7105.34,3229.49,5921.849,44263.74,85641.21,2086.09,25601.92
2018-11-12,2726.22,22269.88,7053.08,3194.08,5941.299,43310.01,85524.7,2080.44,25633.18
2018-11-13,2722.18,21810.52,7053.76,3224.82,5834.226,42421.33,84914.11,2071.23,25792.87
2018-11-14,2701.58,21846.48,7033.79,3205.36,5732.77,42343.96,85973.06,2068.05,25654.43
2018-11-15,2730.2,21803.62,7038.01,3190.31,5736.018,41450.66,85973.06,2088.06,26103.34
2018-11-16,2736.27,21680.34,7013.88,3180.74,5730.551,42319.27,88515.27,2092.4,26183.53
2018-11-19,2690.73,21821.16,7000.89,3160.33,5693.66,42319.27,87900.83,2100.56,26372.0
2018-11-20,2641.89,21583.12,6947.92,3116.07,5671.786,41797.37,87900.83,2082.58,25840.34
2018-11-21,2649.93,21507.54,7050.23,3153.91,5642.773,41499.93,87268.8,2076.55,25971.47
2018-11-22,2649.93,21646.55,6960.32,3126.67,5691.281,41271.12,87477.44,2069.95,26019.41
2018-11-23,2632.56,21646.55,6952.86,3137.21,5716.205,41144.33,86230.22,2057.48,25927.68
2018-11-26,2673.45,21812.0,7036.0,3172.71,5671.571,39427.27,85546.51,2083.02,26376.18
2018-11-27,2682.17,21952.4,7016.85,3166.42,5728.283,39807.28,87891.18,2099.42,26331.96
2018-11-28,2743.79,22177.02,7004.52,3168.29,5725.078,40989.48,89250.82,2108.22,26682.56
2018-11-29,2737.76,22262.6,7038.95,3174.16,5758.416,41913.45,89709.56,2114.1,26451.03
2018-11-30,2760.17,22351.06,6980.24,3173.13,5667.157,41732.78,89504.03,2096.86,26506.75
2018-12-03,2790.37,22574.76,7062.41,3214.99,5771.162,42081.78,89820.09,2131.93,27182.04
2018-12-04,2700.06,22036.05,7022.76,3189.25,5713.143,41865.07,88624.45,2114.35,27260.44
2018-12-05,2700.06,21919.33,6921.84,3150.27,5668.351,41895.27,89039.79,2101.31,26819.68
2018-12-06,2695.95,21501.62,6704.05,3045.94,5657.653,41987.0,88846.48,2068.69,26156.38
2018-12-07,2633.08,21678.68,6778.11,3058.53,5681.491,41870.13,88115.07,2075.76,26063.76
2018-12-10,2637.72,21219.5,6721.54,3016.99,5552.499,41356.04,85914.71,2053.79,25752.38
2018-12-11,2636.78,21148.02,6806.94,3055.32,5575.882,40897.85,86419.57,2052.97,25771.67
2018-12-12,2651.07,21602.75,6880.19,3107.97,5653.459,40897.85,86977.46,2082.57,26186.71
2018-12-13,2650.54,21816.19,6877.5,3112.17,5661.61,41512.51,87837.59,2095.55,26524.35
2018-12-14,2599.95,21374.83,6845.17,3092.6,5601.976,41312.17,87449.5,2069.38,26094.79
2018-12-17,2545.94,21506.88,6773.24,3063.65,5658.273,40340.51,86399.68,2071.09,26087.98
2018-12-18,2546.16,21115.45,6701.59,3040.13,5589.469,40917.57,86610.49,2062.11,25814.25
2018-12-19,2506.96,20987.92,6765.94,3051.38,5580.596,41388.28,85673.52,2078.84,25865.39
2018-12-20,2467.42,20392.58,6711.93,3000.06,5505.822,41683.27,85269.29,2060.12,25623.53
2018-12-21,2416.62,20166.19,6721.17,3000.61,5467.639,41468.56,85697.15,2061.49,25753.42
2018-12-24,2351.1,20166.19,6685.99,2973.78,5493.8,41380.11,85697.15,2055.01,25651.38
2018-12-25,2351.1,19155.74,6685.99,2973.78,5493.8,41380.11,85697.15,2055.01,25651.38
2018-12-26,2467.7,19327.06,6685.99,2973.78,5493.8,41573.61,85136.1,2028.01,25651.38
2018-12-27,2488.83,20077.62,6584.68,2937.36,5597.238,41417.85,85460.2,2028.44,25478.88
2018-12-28,2485.74,20014.77,6733.97,2986.53,5654.324,41459.15,87887.26,2041.04,25504.2
2018-12-31,2506.85,20014.77,6728.13,3001.42,5646.4,41640.27,87887.26,2041.04,25845.7
2019-01-01,2506.85,20014.77,6728.13,3001.42,5646.4,41640.27,87887.26,2041.04,25845.7
2019-01-02,2510.03,20014.77,6734.23,2993.18,5557.755,42271.14,91012.31,2010.0,25130.35
2019-01-03,2447.89,20014.77,6692.66,2954.66,5633.405,42044.32,91564.25,1993.7,25064.36
2019-01-04,2531.94,19561.96,6837.42,3041.85,5619.355,42455.13,91840.79,2010.25,25626.03
2019-01-07,2549.69,20038.97,6810.88,3033.64,5683.189,42834.2,91699.05,2037.1,25835.7
2019-01-08,2574.41,20204.04,6861.6,3054.94,5722.439,43542.87,92031.86,2025.27,25875.45
2019-01-09,2584.96,20427.06,6906.63,3070.24,5778.289,43648.07,93613.04,2064.71,26462.32
2019-01-10,2596.64,20163.8,6942.87,3075.73,5795.27,43668.95,93805.93,2063.28,26521.43
2019-01-11,2596.26,20359.7,6918.18,3070.04,5774.583,43556.11,93658.31,2075.57,26667.27
2019-01-14,2582.61,20359.7,6855.02,3055.18,5773.372,43397.98,94474.13,2064.52,26298.33
2019-01-15,2610.3,20555.29,6895.02,3068.05,5814.564,43603.62,94055.72,2097.18,26830.29
2019-01-16,2616.1,20442.75,6862.68,3077.22,5835.159,43819.53,94393.07,2106.1,26902.1
2019-01-17,2635.96,20402.27,6834.92,3069.35,5850.054,43932.09,95351.09,2107.06,26755.63
2019-01-18,2670.71,20666.07,6968.33,3134.92,5879.594,44241.54,96096.75,2124.28,27090.81
2019-01-21,2670.71,20719.33,6970.59,3125.07,5890.381,44028.96,96009.77,2124.61,27196.54
2019-01-22,2632.9,20622.91,6901.39,3112.8,5858.788,43768.08,95103.38,2117.77,27005.45
2019-01-23,2638.7,20593.72,6842.88,3112.13,5843.722,43679.67,96558.42,2127.78,27008.2
2019-01-24,2642.33,20574.63,6818.95,3126.31,5865.692,43566.11,97677.19,2145.03,27120.98
2019-01-25,2664.76,20773.56,6809.22,3163.24,5905.605,43638.62,97677.19,2177.73,27569.19
2019-01-28,2643.85,20649.0,6747.1,3137.27,5905.605,43626.15,95443.88,2177.3,27576.96
2019-01-29,2640.0,20664.64,6833.93,3153.42,5874.166,43700.1,95639.33,2183.36,27531.68
2019-01-30,2681.05,20556.54,6941.63,3161.74,5886.7,43631.36,96996.21,2206.2,27642.85
2019-01-31,2704.1,20773.49,6968.85,3159.43,5864.654,43987.94,97393.74,2204.85,27942.47
2019-02-01,2706.53,20788.39,7020.22,3171.12,5862.831,43738.27,97861.27,2203.46,27930.74
2019-02-04,2724.87,20883.77,7034.13,3165.2,5891.201,43738.27,98588.63,2203.46,27990.21
2019-02-05,2737.7,20844.45,7177.37,3215.04,6005.915,44337.1,98311.2,2203.46,27990.21
2019-02-06,2731.61,20874.06,7173.09,3212.75,6026.146,43855.79,94635.57,2203.46,27990.21
2019-02-07,2706.05,20751.28,7093.58,3150.76,6092.464,43624.55,94405.59,2203.42,27990.21
2019-02-08,2707.88,20333.17,7071.18,3135.62,6071.458,43180.45,95343.1,2177.05,27946.32
2019-02-11,2709.8,20333.17,7129.11,3165.61,6060.849,43285.16,94412.91,2180.73,28143.84
2019-02-12,2744.73,20864.21,7133.14,3190.75,6079.078,43113.79,96168.4,2190.47,28171.33
2019-02-13,2753.03,21144.48,7190.84,3202.37,6063.569,42284.06,95842.4,2201.48,28497.59
2019-02-14,2745.73,21139.71,7197.01,3182.66,6059.385,42725.22,98015.09,2225.85,28432.05
2019-02-15,2775.6,20900.63,7236.68,3241.25,6066.102,42988.72,97525.91,2196.09,27900.84
2019-02-18,2775.6,21281.85,7219.47,3244.79,6089.836,42981.31,96509.89,2210.89,28347.01
2019-02-19,2779.76,21302.65,7179.17,3239.41,6106.879,42949.5,97659.15,2205.63,28228.13
2019-02-20,2784.7,21431.49,7228.62,3259.49,6096.49,43178.0,96544.81,2229.76,28514.05
2019-02-21,2774.88,21464.23,7167.39,3263.7,6139.249,43577.64,96932.27,2228.66,28629.92
2019-02-22,2792.67,21425.51,7178.6,3270.55,6167.313,43738.66,97885.6,2230.5,28816.3
2019-02-25,2796.11,21528.23,7183.74,3280.01,6186.322,43664.33,97239.9,2232.56,28959.3
2019-02-26,2793.9,21449.39,7151.12,3289.32,6128.391,43623.34,97602.5,2226.6,28772.06
2019-02-27,2792.38,21556.51,7107.2,3282.77,6150.27,43311.18,97307.31,2234.79,28757.44
2019-02-28,2784.49,21385.16,7074.73,3298.26,6168.992,42823.8,95584.35,2195.44,28633.18
2019-03-01,2803.69,21602.69,7106.73,3312.1,6192.733,42619.23,94603.75,2195.44,28812.17
2019-03-04,2792.81,21822.04,7134.39,3317.12,6217.408,42418.49,94603.75,2190.66,28959.59
2019-03-05,2789.65,21726.28,7183.43,3327.19,6199.292,42128.91,94603.75,2179.23,28961.6
2019-03-06,2771.45,21596.81,7196.0,3324.67,6245.615,41908.15,94216.87,2175.6,29037.6
2019-03-07,2748.93,21456.01,7157.55,3308.85,6263.885,41641.84,94340.17,2165.79,28779.45
2019-03-08,2743.07,21025.56,7104.31,3283.6,6203.761,41586.7,95364.85,2137.44,28228.42
2019-03-11,2783.3,21125.09,7130.62,3304.44,6180.19,41876.17,98026.62,2138.1,28503.3
2019-03-12,2791.52,21503.69,7151.15,3303.95,6174.823,41740.62,97828.03,2157.18,28920.87
2019-03-13,2810.92,21290.24,7159.19,3323.45,6161.186,41932.56,98903.88,2148.41,28807.45
2019-03-14,2808.48,21287.02,7185.43,3342.03,6179.588,41777.81,98604.67,2155.68,28851.39
2019-03-15,2822.48,21450.85,7228.28,3386.08,6175.173,42210.46,99136.74,2176.11,29012.26
2019-03-18,2832.94,21584.5,7299.19,3387.94,6190.528,42210.46,99993.92,2179.49,29409.01
2019-03-19,2832.57,21566.85,7324.0,3409.0,6184.791,42378.61,99588.37,2177.62,29466.28
2019-03-20,2824.23,21608.92,7291.01,3372.38,6165.349,43156.21,98041.37,2177.1,29320.97
2019-03-21,2854.88,21608.92,7355.31,3367.4,6167.166,43251.19,96729.08,2184.88,29071.56
2019-03-22,2800.71,21627.34,7207.59,3305.73,6195.232,42292.16,93735.15,2186.95,29113.36
2019-03-25,2798.36,20977.11,7177.58,3300.48,6126.21,42703.38,93662.01,2144.86,28523.35
2019-03-26,2818.46,21428.39,7196.29,3319.53,6130.588,42826.16,95306.82,2148.8,28566.91
2019-03-27,2805.37,21378.73,7194.19,3322.04,6135.971,42947.55,91903.4,2145.62,28728.25
2019-03-28,2815.44,21033.76,7234.33,3320.29,6176.078,42942.23,94388.94,2128.1,28775.21
2019-03-29,2834.4,21205.81,7279.19,3351.71,6180.731,43281.28,95414.55,2140.67,29051.36
2019-04-01,2867.19,21509.03,7317.38,3385.38,6216.959,43672.06,96054.45,2168.28,29562.02
2019-04-02,2867.24,21505.31,7391.12,3395.7,6242.36,43324.59,95386.76,2177.18,29624.67
2019-04-03,2873.4,21713.21,7418.28,3435.56,6285.046,43339.75,94491.48,2203.27,29986.39
2019-04-04,2879.39,21724.95,7401.94,3441.93,6232.751,43937.39,96313.06,2206.53,29936.32
2019-04-05,2892.74,21807.5,7446.87,3447.47,6181.259,44989.86,97108.17,2209.61,29936.32
2019-04-08,2895.77,21761.65,7451.89,3438.06,6221.352,45436.28,97369.29,2210.6,30077.15
2019-04-09,2878.2,21802.59,7425.57,3417.22,6221.816,45151.63,96291.79,2213.56,30157.49
2019-04-10,2888.21,21687.57,7421.91,3424.65,6223.544,44909.14,95953.45,2224.39,30119.56
2019-04-11,2888.32,21711.38,7417.95,3435.34,6198.672,44580.05,94754.7,2224.44,29839.45
2019-04-12,2907.41,21870.56,7437.06,3447.83,6251.323,44686.06,92875.0,2233.45,29909.76
2019-04-15,2905.58,22169.11,7436.87,3450.46,6251.437,44625.78,93082.97,2242.88,29810.72
2019-04-16,2907.06,22221.66,7469.92,3463.36,6277.448,45009.36,94333.31,2248.63,30129.87
2019-04-17,2900.45,22277.97,7471.32,3477.73,6256.376,45525.29,93284.75,2245.89,30124.68
2019-04-18,2905.03,22090.12,7459.88,3499.23,6259.815,45525.29,94578.26,2213.77,29963.26
2019-04-19,2905.03,22200.56,7459.88,3499.23,6259.815,45525.29,94578.26,2216.15,29963.26
2019-04-22,2907.97,22217.9,7459.88,3499.23,6259.815,45381.22,94588.06,2216.65,29963.26
2019-04-23,2933.68,22259.74,7523.07,3503.85,6319.417,45148.32,95923.24,2220.51,29963.24
2019-04-24,2927.25,22200.0,7471.75,3502.63,6382.144,45045.33,95045.43,2201.03,29805.83
2019-04-25,2926.17,22307.58,7434.13,3491.92,6382.144,45026.68,96552.03,2190.5,29549.8
2019-04-26,2939.88,22258.73,7428.19,3500.41,6385.646,44974.97,96236.04,2179.31,29605.01
2019-04-29,2943.03,22258.73,7440.66,3501.94,6359.493,44956.73,96187.75,2216.43,29892.81
2019-04-30,2945.83,22258.73,7418.22,3514.62,6325.466,44597.32,96353.33,2203.59,29699.11
2019-05-01,2923.73,22258.73,7385.26,3514.62,6375.889,44597.32,96353.33,2203.59,29699.11
2019-05-02,2917.52,22258.73,7351.31,3488.93,6338.408,44312.43,95527.62,2212.75,29944.18
2019-05-03,2945.64,22258.73,7380.64,3502.48,6335.8,44277.24,96007.89,2196.32,30081.55
2019-05-06,2932.47,22258.73,7380.64,3462.95,6283.725,44116.7,95008.66,2196.32,29209.82
2019-05-07,2884.05,21923.72,7260.47,3401.16,6295.679,43583.59,94388.73,2176.99,29363.02
2019-05-08,2879.42,21602.59,7271.0,3417.26,6269.146,43410.74,95596.61,2168.01,29003.2
2019-05-09,2870.72,21402.13,7207.41,3350.71,6295.329,43193.36,94807.85,2102.01,28311.07
2019-05-10,2881.4,21344.92,7203.29,3361.05,6310.852,43382.34,94257.56,2108.04,28550.24
2019-05-13,2811.87,21191.28,7163.68,3320.78,6297.592,43142.46,91726.54,2079.01,28550.24
2019-05-14,2834.41,21067.23,7241.6,3364.38,6239.913,43431.53,92092.44,2081.84,28122.02
2019-05-15,2850.96,21188.56,7296.95,3385.78,6284.204,43338.82,91623.44,2092.78,28268.71
2019-05-16,2876.32,21062.98,7353.51,3438.56,6327.835,43442.48,90024.47,2067.69,28275.07
2019-05-17,2859.53,21250.09,7348.62,3425.64,6365.299,43445.62,89992.73,2055.8,27946.46
2019-05-20,2840.23,21301.73,7310.88,3369.78,6476.1,43519.22,91946.19,2055.71,27787.61
2019-05-21,2864.36,21272.45,7328.92,3386.51,6500.141,43190.1,94484.63,2061.25,27657.24
2019-05-22,2856.27,21283.37,7334.19,3386.72,6510.711,42942.23,94360.66,2064.86,27705.94
2019-05-23,2822.24,21151.14,7231.04,3327.2,6491.794,42812.57,93910.03,2059.59,27267.13
2019-05-24,2826.06,21117.22,7277.73,3350.7,6456.043,42617.6,93627.8,2045.31,27353.93
2019-05-27,2826.06,21182.58,7277.73,3364.04,6451.893,42491.43,94864.25,2044.21,27288.09
2019-05-28,2802.39,21260.14,7268.95,3348.86,6484.835,42207.71,96392.76,2048.83,27390.81
2019-05-29,2783.02,21003.37,7185.3,3297.81,6440.026,42854.75,96566.55,2023.32,27235.71
2019-05-30,2788.86,20942.53,7218.16,3318.15,6392.125,43345.82,97457.36,2038.8,27114.88
2019-05-31,2752.06,20601.19,7161.71,3280.43,6396.853,42749.16,97030.32,2041.74,26901.09
2019-06-03,2744.45,20410.88,7184.8,3300.22,6320.55,43108.42,97020.48,2067.85,26893.86
2019-06-04,2803.27,20408.54,7214.29,3333.49,6332.363,43241.82,97380.28,2066.97,26761.52
2019-06-05,2826.15,20776.1,7220.22,3339.95,6358.521,43420.38,95998.75,2069.11,26895.44
2019-06-06,2843.49,20774.04,7259.85,3338.41,6382.964,43147.83,97204.85,2069.11,26965.28
2019-06-07,2873.34,20884.71,7331.94,3378.38,6443.892,43291.33,97821.26,2072.33,26965.28
2019-06-10,2886.73,21134.42,7375.54,3386.45,6443.892,43609.17,97466.69,2099.49,27578.64
2019-06-11,2885.72,21204.28,7398.45,3401.1,6546.293,43713.66,98960.0,2111.81,27789.34
2019-06-12,2879.84,21129.72,7367.62,3386.63,6543.742,43800.16,98320.88,2108.75,27308.46
2019-06-13,2891.64,21032.0,7368.57,3390.5,6542.4,43483.2,98773.7,2103.15,27294.71
2019-06-14,2886.98,21116.89,7345.78,3379.19,6553.997,43130.65,98040.06,2095.41,27118.35
2019-06-17,2889.67,21124.0,7357.31,3383.21,6530.913,42964.71,97623.25,2090.73,27227.16
2019-06-18,2917.75,20972.71,7443.04,3452.89,6569.999,43161.05,99404.39,2098.71,27498.77
2019-06-19,2926.46,21333.87,7403.54,3454.7,6648.129,43375.67,100303.4,2124.78,28202.14
2019-06-20,2954.18,21462.86,7424.44,3468.08,6687.413,43645.11,100303.4,2131.29,28550.43
2019-06-21,2950.46,21258.64,7407.5,3466.92,6650.783,43526.73,102012.6,2125.62,28473.71
2019-06-24,2945.35,21285.99,7416.69,3455.57,6665.437,43743.72,102062.3,2126.33,28513.0
2019-06-25,2917.38,21193.81,7422.43,3444.36,6658.028,43792.17,100093.0,2121.64,28185.98
2019-06-26,2913.78,21086.59,7416.39,3442.95,6640.485,43792.08,100688.63,2121.85,28221.98
2019-06-27,2924.92,21338.17,7402.33,3442.38,6666.313,43316.56,100723.97,2134.32,28621.42
2019-06-28,2941.76,21275.92,7425.63,3473.69,6618.772,43161.17,100967.2,2130.62,28542.62
2019-07-01,2964.33,21729.97,7497.5,3497.59,6648.063,43438.24,101339.7,2129.74,28542.62
2019-07-02,2973.01,21754.27,7559.19,3507.98,6653.212,43441.8,100605.2,2122.02,28875.56
2019-07-03,2995.82,21638.16,7609.32,3540.63,6685.459,43483.23,102043.1,2096.02,28855.14
2019-07-04,2995.82,21702.45,7603.58,3544.15,6718.021,43461.48,103636.2,2108.73,28795.77
2019-07-05,2990.41,21746.38,7553.14,3527.98,6751.284,43405.32,104089.5,2110.59,28774.83
2019-07-08,2975.95,21534.35,7549.27,3523.76,6672.25,43589.09,104530.2,2064.17,28331.69
2019-07-09,2979.63,21565.15,7536.47,3509.75,6665.691,42818.66,104530.2,2052.03,28116.28
2019-07-10,2993.07,21533.48,7530.69,3501.52,6689.79,42805.61,105817.1,2058.78,28204.69
2019-07-11,2999.91,21643.53,7509.82,3496.73,6716.139,42882.02,105146.4,2080.58,28431.8
2019-07-12,3013.77,21685.9,7505.97,3497.63,6696.547,42647.31,103906.0,2086.66,28471.62
2019-07-15,3014.3,21685.9,7531.72,3502.22,6652.989,43063.95,103802.7,2082.48,28554.88
2019-07-16,3004.04,21535.25,7577.2,3521.36,6641.0,42984.97,103775.4,2091.87,28619.62
2019-07-17,2984.42,21469.18,7535.46,3501.58,6673.256,42551.54,103855.5,2072.92,28593.17
2019-07-18,2995.11,21046.24,7493.09,3482.83,6649.115,41618.11,104716.6,2066.55,28461.66
2019-07-19,2976.61,21466.99,7508.7,3480.18,6700.347,41606.54,103451.9,2094.36,28765.4
2019-07-22,2985.03,21416.79,7514.93,3489.92,6691.238,41209.32,103949.5,2093.34,28371.26
2019-07-23,3005.47,21620.88,7556.86,3532.87,6724.627,40935.34,103704.3,2101.45,28466.48
2019-07-24,3019.56,21709.57,7501.46,3532.9,6776.674,41167.74,104119.5,2082.3,28524.04
2019-07-25,3003.67,21756.55,7489.05,3510.15,6818.029,40933.43,102654.6,2074.48,28594.3
2019-07-26,3025.86,21658.15,7549.06,3524.47,6793.388,40673.78,102818.9,2066.26,28397.74
2019-07-29,3020.97,21616.8,7686.61,3523.58,6825.798,41276.67,103482.6,2029.48,28106.41
2019-07-30,3013.18,21709.31,7646.77,3462.85,6845.083,41159.27,102932.8,2038.68,28146.5
2019-07-31,2980.38,21521.53,7586.78,3466.85,6812.56,40863.09,101812.1,2024.55,27777.75
2019-08-01,2953.56,21540.99,7584.87,3490.03,6788.926,40346.8,102125.9,2017.34,27565.7
2019-08-02,2932.05,21087.16,7407.06,3376.12,6768.571,39977.52,102673.7,1998.13,26918.58
2019-08-05,2844.74,20720.29,7223.85,3310.93,6640.301,39502.08,100097.8,1946.98,26151.32
2019-08-06,2881.77,20585.31,7171.69,3291.66,6478.09,39785.63,102163.7,1917.5,25976.24
2019-08-07,2883.98,20516.56,7198.7,3309.99,6519.458,40432.36,102782.4,1909.71,25997.03
2019-08-08,2938.09,20593.35,7285.9,3375.38,6568.149,40439.42,104115.2,1920.61,26120.77
2019-08-09,2918.65,20684.82,7253.85,3333.74,6584.434,40421.28,103996.2,1937.75,25939.3
2019-08-12,2883.75,20684.82,7226.72,3326.55,6590.266,39851.21,101915.2,1942.29,25824.72
2019-08-13,2926.32,20455.44,7250.9,3357.16,6568.538,39476.5,103299.5,1925.83,25281.3
2019-08-14,2840.6,20655.13,7147.88,3288.7,6595.898,38650.09,100258.0,1938.37,25302.28
2019-08-15,2847.6,20405.65,7067.01,3282.78,6408.094,38574.18,99056.91,1938.37,25495.46
2019-08-16,2888.68,20418.81,7117.15,3329.08,6405.528,39339.55,99805.78,1927.17,25734.22
2019-08-19,2923.65,20563.16,7189.65,3369.19,6467.435,39556.32,99468.67,1939.9,26291.84
2019-08-20,2900.51,20677.22,7125.0,3350.23,6544.957,39700.05,99222.25,1960.25,26231.54
2019-08-21,2924.43,20618.57,7203.97,3394.89,6483.265,40076.04,101201.9,1964.65,26270.04
2019-08-22,2922.95,20628.01,7128.18,3373.67,6501.808,40144.24,100011.3,1951.01,26048.72
2019-08-23,2847.11,20710.91,7094.98,3334.25,6523.131,39862.07,97667.49,1948.3,26179.33
2019-08-26,2878.38,20261.04,7094.98,3348.84,6440.053,40081.73,96429.6,1916.31,25680.33
2019-08-27,2869.16,20456.08,7089.58,3370.47,6471.216,40648.97,97276.19,1924.6,25664.07
2019-08-28,2887.94,20479.42,7114.71,3365.38,6500.64,40941.96,98193.53,1941.09,25615.48
2019-08-29,2924.58,20460.93,7184.32,3411.33,6507.395,41831.3,100524.4,1933.41,25703.5
2019-08-30,2926.46,20704.37,7207.18,3426.76,6604.215,42622.5,101134.6,1967.79,25724.73
2019-09-02,2926.46,20620.19,7281.94,3432.54,6579.408,42108.23,100625.7,1969.19,25626.55
2019-09-03,2906.27,20625.16,7268.19,3420.74,6573.397,41826.55,99680.83,1965.69,25527.85
2019-09-04,2937.78,20649.14,7311.26,3450.83,6553.006,42324.47,101200.9,1988.53,26523.23
2019-09-05,2976.0,21085.94,7271.17,3484.7,6613.164,42731.48,102243.0,2004.75,26515.53
2019-09-06,2978.71,21199.57,7282.34,3495.19,6647.329,42707.66,102935.4,2009.13,26690.76
2019-09-09,2978.43,21318.42,7235.81,3495.02,6647.964,42662.47,103180.6,2019.55,26681.4
2019-09-10,2979.39,21392.1,7267.95,3498.99,6614.056,42588.1,103031.5,2032.08,26683.68
2019-09-11,3000.93,21597.76,7338.03,3516.82,6638.041,42749.17,103445.6,2049.2,27159.06
2019-09-12,3009.57,21759.61,7344.67,3538.86,6654.866,42670.41,104370.9,2049.2,27087.63
2019-09-13,3007.39,21988.29,7367.46,3550.11,6669.178,42841.46,103501.2,2049.2,27352.69
2019-09-16,2997.96,21988.29,7321.41,3518.45,6673.48,42841.46,103680.4,2062.22,27124.55
2019-09-17,3005.7,22001.32,7320.4,3521.26,6695.253,43448.94,104616.9,2062.33,26790.24
2019-09-18,3006.73,21960.71,7314.05,3528.04,6681.594,43070.34,104531.9,2070.73,26754.12
2019-09-19,3006.79,22044.45,7356.42,3552.65,6717.476,43017.46,104339.2,2080.35,26468.95
2019-09-20,2992.07,22079.09,7344.92,3571.39,6730.752,43559.45,104817.4,2091.52,26435.67
2019-09-23,2991.78,22079.09,7326.08,3536.97,6749.724,43503.79,104637.8,2091.7,26222.4
2019-09-24,2966.6,22098.84,7291.43,3532.05,6748.869,43099.32,103875.7,2101.04,26281.0
2019-09-25,2984.87,22020.15,7289.99,3513.03,6710.223,43014.08,104481.0,2073.39,25945.35
2019-09-26,2977.62,22048.24,7351.08,3532.18,6677.581,42984.75,105319.4,2074.52,26041.93
2019-09-27,2961.79,21878.9,7426.21,3545.88,6716.117,42857.58,105077.6,2049.93,25954.81
2019-09-30,2976.74,21755.84,7408.21,3569.45,6688.348,43011.27,104745.3,2063.05,26092.27
2019-10-01,2940.25,21885.24,7360.32,3518.25,6742.849,42937.16,104053.4,2072.42,26092.27
2019-10-02,2887.61,21778.61,7122.54,3413.31,6639.942,42222.9,101031.4,2031.91,26042.69
2019-10-03,2910.63,21341.74,7077.64,3417.37,6492.99,42443.31,101516.0,2031.91,26110.31
2019-10-04,2952.01,21410.2,7155.38,3446.71,6517.08,43416.9,102551.3,2020.69,25821.03
2019-10-07,2938.79,21375.25,7197.88,3471.24,6563.562,42952.29,100572.8,2021.73,25821.03
2019-10-08,2893.06,21587.78,7143.15,3432.76,6593.425,42535.14,99981.4,2046.25,25893.4
2019-10-09,2919.4,21456.38,7166.5,3462.11,6546.724,42501.92,101248.8,2046.25,25682.81
2019-10-10,2938.13,21551.98,7186.36,3493.96,6547.076,42929.76,101817.1,2028.15,25707.93
2019-10-11,2970.27,21798.87,7247.08,3569.92,6606.807,43214.59,103831.9,2044.61,26308.44
2019-10-14,2966.15,21798.87,7213.45,3556.26,6642.586,43299.53,104301.6,2067.4,26521.85
2019-10-15,2995.68,22207.21,7211.64,3598.65,6652.007,43244.63,104489.6,2068.17,26503.93
2019-10-16,2989.69,22472.92,7167.95,3599.25,6736.543,43538.49,105422.8,2082.83,26664.28
2019-10-17,2997.95,22451.86,7182.32,3588.62,6684.684,43479.98,105015.8,2077.94,26848.49
2019-10-18,2986.2,22492.68,7150.57,3579.41,6649.684,43178.63,104728.9,2060.69,26719.58
2019-10-21,3006.72,22548.9,7163.64,3600.08,6652.508,43405.43,106022.3,2064.84,26725.68
2019-10-22,2995.99,22548.9,7212.49,3604.82,6672.182,43363.54,107381.1,2088.86,26786.2
2019-10-23,3004.52,22625.38,7260.74,3606.89,6673.092,43546.48,107543.6,2080.62,26566.73
2019-10-24,3010.29,22750.6,7328.25,3621.37,6693.647,43776.6,106986.1,2085.66,26797.95
2019-10-25,3022.55,22799.81,7324.47,3624.68,6739.221,43389.16,107363.8,2087.89,26667.39
2019-10-28,3039.42,22867.27,7331.28,3625.69,6740.707,43765.49,108187.1,2093.6,26891.26
2019-10-29,3036.89,22974.13,7306.26,3622.09,6745.418,43851.06,107556.3,2092.69,26786.76
2019-10-30,3046.77,22843.12,7330.78,3620.29,6689.482,43741.62,108407.5,2080.27,26667.71
2019-10-31,3037.56,22927.04,7248.38,3604.41,6663.374,43337.28,107219.8,2083.48,26906.72
2019-11-01,3066.91,22850.77,7302.42,3623.74,6669.095,43814.55,108195.6,2100.2,27100.76
2019-11-04,3078.27,22850.77,7369.69,3665.21,6686.866,43815.76,108779.3,2130.24,27547.3
2019-11-05,3074.62,23251.99,7388.08,3676.52,6697.124,43611.84,108719.0,2142.64,27683.4
2019-11-06,3076.78,23303.82,7396.65,3688.74,6660.158,43818.51,108360.2,2144.15,27688.64
2019-11-07,3085.18,23330.32,7406.41,3706.68,6726.634,44119.9,109580.6,2144.29,27847.23
2019-11-08,3093.08,23391.87,7359.38,3699.65,6724.111,43702.23,107629.0,2137.23,27651.14
2019-11-11,3087.01,23331.84,7328.54,3696.82,6772.525,43595.6,108367.4,2124.09,26926.55
2019-11-12,3091.84,23520.01,7365.44,3712.2,6752.971,43100.77,106751.1,2140.92,27065.28
2019-11-13,3094.04,23319.87,7351.21,3699.5,6698.358,43098.66,106060.0,2122.45,26571.46
2019-11-14,3096.63,23141.55,7292.76,3688.81,6735.053,43188.68,106556.9,2139.23,26323.69
2019-11-15,3120.46,23303.32,7302.94,3711.61,6793.721,43392.36,106556.9,2162.18,26326.66
2019-11-18,3122.03,23416.76,7307.7,3704.92,6766.821,43392.36,106269.3,2160.69,26681.09
2019-11-19,3120.18,23292.65,7323.8,3696.56,6814.219,43602.25,105864.2,2153.24,27093.8
2019-11-20,3108.46,23148.57,7262.49,3683.88,6722.422,43604.7,105864.2,2125.32,26889.61
2019-11-21,3103.54,23038.58,7238.55,3679.66,6672.912,43255.43,107496.7,2096.6,26466.88
2019-11-22,3110.29,23112.88,7326.81,3687.32,6709.777,43521.86,108692.3,2101.96,26595.08
2019-11-25,3133.64,23292.81,7396.29,3707.68,6731.408,43535.11,108423.9,2123.5,26993.04
2019-11-26,3140.52,23373.32,7403.14,3705.55,6787.53,42852.36,107059.4,2121.35,26913.92
2019-11-27,3153.63,23437.77,7429.78,3712.85,6850.601,43036.16,107707.8,2127.85,26954.0
2019-11-28,3153.63,23409.14,7416.43,3704.48,6863.998,43100.12,108290.1,2118.6,26893.73
2019-11-29,3140.98,23293.91,7346.53,3703.58,6845.996,42820.18,108233.3,2087.96,26346.49
2019-12-02,3113.87,23529.5,7285.94,3626.66,6862.267,42544.14,108927.8,2091.92,26444.72
2019-12-03,3093.2,23379.81,7158.76,3610.99,6712.294,42294.52,108956.0,2084.07,26391.3
2019-12-04,3112.76,23135.23,7188.5,3660.02,6606.512,42191.92,110300.9,2068.89,26062.56
2019-12-05,3117.43,23300.09,7137.85,3648.13,6682.952,42216.03,110622.3,2060.74,26217.04
2019-12-06,3145.91,23354.4,7239.66,3692.34,6707.016,41938.69,111125.8,2081.85,26498.37
2019-12-09,3135.96,23430.7,7233.9,3672.18,6730.025,41951.59,110977.2,2088.65,26494.73
2019-12-10,3132.52,23410.19,7213.76,3671.78,6706.905,42633.43,110672.0,2098.0,26436.62
2019-12-11,3141.63,23391.86,7216.25,3687.45,6752.637,43195.19,110963.9,2105.62,26645.43
2019-12-12,3168.57,23424.81,7273.47,3706.35,6708.831,43195.19,112199.7,2137.35,26994.14
2019-12-13,3168.8,24023.1,7353.44,3731.07,6739.677,44254.43,112564.9,2170.25,27687.76
2019-12-16,3191.45,23952.35,7519.05,3772.74,6849.712,44356.22,111896.0,2168.15,27508.09
2019-12-17,3192.52,24066.12,7525.28,3745.28,6847.284,44401.16,112615.7,2195.68,27843.71
2019-12-18,3191.14,23934.43,7540.75,3739.0,6851.42,45106.29,114314.7,2194.76,27884.21
2019-12-19,3205.37,23864.85,7573.82,3739.17,6833.114,44649.43,115131.3,2196.56,27800.49
2019-12-20,3221.22,23816.63,7582.48,3776.56,6816.321,44505.64,115121.1,2204.18,27871.35
2019-12-23,3224.01,23821.11,7623.59,3776.66,6785.141,44276.86,115863.3,2203.71,27906.41
2019-12-24,3223.38,23830.58,7632.24,3774.39,6794.2,44157.97,115863.3,2190.08,27864.21
2019-12-25,3223.38,23782.87,7632.24,3774.39,6794.2,44157.97,115863.3,2190.08,27864.21
2019-12-26,3239.91,23924.92,7632.24,3774.39,6794.2,44300.17,117203.2,2197.93,27864.21
2019-12-27,3240.02,23837.72,7644.9,3782.27,6821.653,44261.51,116534.0,2204.21,28225.42
2019-12-30,3221.29,23656.62,7587.05,3748.47,6804.855,43657.48,115645.3,2197.67,28319.39
2019-12-31,3230.78,23656.62,7542.44,3745.15,6684.075,43541.02,115645.3,2197.67,28189.75
