Date,SPX INDEX,NKY INDEX,UKX INDEX,SX5E INDEX,AS51 INDEX,MEXBOL INDEX,IBOV INDEX,KOSPI INDEX,HSI INDEX
2005-10-05,,,,,,,,,
2005-10-06,-0.004095654427068163,-0.024133137665824922,-0.010206713585614868,-0.010146716430134206,-0.021173512002952588,-0.03007248566348708,-0.031034839435185257,-0.020294932377383113,-0.021220853728275757
2005-10-07,0.0037012480171887407,-0.00986338570800882,-0.0018799791527063237,-0.002969726519214677,-0.0015076546357850606,0.013116162543613363,0.025509966675106188,-0.0012307794659415228,0.0005721294131126875
2005-10-10,-0.0071661510159714,0.0,0.0022751431288812185,0.0020953735811031216,0.006409269017700225,0.0012183130184060253,0.010150138508036699,0.021789993422203002,0.003433507612917497
2005-10-11,-0.0020718755527107113,0.02486970563376656,0.0011535956833192973,0.0018603027945947037,-0.008999653394751062,-0.0013603674026486656,0.011130810556583492,0.013926237389787932,0.0
2005-10-12,-0.006068176255622837,-0.00685785858073229,-0.0071552028546472135,-0.008150649749369743,0.008890362060864243,-0.02215615423910211,0.0,-0.021868244030636474,-0.02172998173674745
2005-10-13,-0.0007132667617689714,-0.0010769667269272531,-0.014413537493916384,-0.008461687277705798,-0.008327038873465198,-0.01181408394004968,-0.02398198484822245,-0.019407424449082167,0.0032116594008104737
2005-10-14,0.008267903878182326,-0.0021339495763328387,0.0018612778242041994,0.005451128948016137,-0.005618360427243507,-0.0021340419558678603,-0.0036753632190585916,-0.0027399785494034434,-0.009297741801128856
2005-10-17,0.002974961443488411,-0.0015088811627550491,0.0021800947867298692,0.002146537774885271,0.004348277041464899,0.026176938241629477,0.015834280028834247,-0.011603384390465377,0.003829246134857023
2005-10-18,-0.010049575665910249,-0.0035857432936153844,-0.004275040196727531,-0.006547961284210757,0.007683595494243134,-0.012948602769269568,-0.03881076437398667,0.008381787888061654,0.0038545251988295615
2005-10-19,0.014955777751370691,-0.01668259408159234,-0.018256425843955926,-0.016546769061919875,-0.018411965714598466,0.001797168548025807,0.007884983818926106,-0.027895331388781086,-0.015389041884171117
2005-10-20,-0.015019736401953643,0.004643744730373989,-0.0007159719803397913,0.0015764069508263923,0.0006586447407799234,-0.019246358014683773,-0.032529829734059046,0.007891564697822373,0.0025172618202766728
2005-10-21,0.001519782645610368,0.0007194593668455873,-0.004260180864042118,-0.004179884193157513,-0.0035915090525159288,0.005550195329631524,0.029343340831665676,0.018283816456295288,0.0054764611414857
2005-10-24,0.01677701574275825,-0.007103814787177254,0.01273798642577928,0.011947234068571122,-0.0016229324967316217,0.03039314624353162,0.022594075430348193,0.0009463615777198786,-0.0059014967714325905
2005-10-25,-0.0023678900765397026,0.01330975158284109,-0.004896689453875114,-0.0053200327479585585,0.00770901022413506,0.0007521333236089056,-0.011294121432586457,-0.0028026338004388807,0.0015643280436872242
2005-10-26,-0.004312434185233971,0.008614055669087683,0.008818818625653702,0.003568695102839081,0.011968354950739446,0.019413881038816694,0.007862897963016646,-0.001930109711499317,0.0023057384186211394
2005-10-27,-0.010475247192331616,0.0016468807064118351,-0.00860782738436816,-0.019105581565671104,-0.0023326836777407545,-0.014591267070167557,-0.020095883043272478,-0.01072094995759132,-0.005331252844418488
2005-10-28,0.016549325642548185,-0.005257477782050879,0.005904144477888229,0.0014933017395113435,-0.011280810013049924,0.009201541946529446,0.006372946796226353,-0.021982921225007557,-0.011489417330850404
2005-10-31,0.007176175098672299,0.019477707330888716,0.01992941266735726,0.022849801908822576,0.017490047357898497,0.011556720035327928,0.029856218905812026,0.015244757696893041,0.011996485607945528
2005-11-01,-0.003521097588255251,0.019208466541726477,0.005077765031124892,-0.002319172326551544,0.0033639290476012995,0.010329491685454162,0.02338913230028572,0.02662959477079041,0.012921258107500222
2005-11-02,0.009977052778609163,0.0019411791004524392,0.002675747993189148,0.00246645232380871,-0.004094158493993194,-0.0016354195190209087,0.0,0.01634215063711686,0.0017306855628433926
2005-11-03,0.004264216800026421,0.0,0.013678945993356395,0.01235311477976997,0.01286165263574568,-0.006192565901381841,0.006480966973476443,0.007936245220874216,0.0002815554465565029
2005-11-04,0.00016394248897499963,0.013039429195712327,-0.0015280104567461095,-0.001891933699027737,0.0012998309134220065,0.006487513640932585,-0.006831839387626437,0.003292363522910957,-0.0010820739385231093
2005-11-07,0.00218827347681394,-0.0010201790854761361,0.006858912899181391,0.002250184783386011,-0.0015656491790851934,0.0027433047829221735,0.0020959935248887618,-0.002872387436782864,-0.015083173417415163
2005-11-08,-0.003451067622934123,-0.0017686465267110485,1.8312335188896967e-05,-0.0003211580722188856,0.009309566521993107,-0.0008429423958004056,0.0005931719319829387,0.006762579300269911,0.0026041032202197556
2005-11-09,0.0016904783397206913,0.002526941816220818,-0.0038638319690892375,-0.0017788354279765217,-0.006218294842159189,0.00316809483067626,-0.009832873757692706,0.0007173659626154016,0.01349352921572966
2005-11-10,0.008446319583828243,0.0006168189764215182,-0.0029964336924152013,0.00157340938145345,0.003888520535034079,0.010756402218109029,0.001908624091707889,0.005571892895836594,0.002451096245602802
2005-11-11,0.003046402807564741,0.005268136650550259,0.007670323591776551,0.013442227875217538,0.006716489026778127,-0.0009911422465560538,-0.006955664190908872,0.017570862665359677,0.007330525587819103
2005-11-14,-0.0007694114407431618,-0.0027566114166946987,0.0008965984153994633,0.0017497350443158588,0.007472682472644099,0.009695688250717094,-0.009570681156793492,0.001202114447664382,-0.007537685033173758
2005-11-15,-0.0038500194527298914,-0.0017193207160082213,-0.005557586837294237,0.0005187284412648818,-0.001148327103101976,-0.006134336758210179,0.0,-0.002997702026828364,-0.00014217857218534746
2005-11-16,0.0017900586651045103,0.005613205438351532,-0.0017648356496802187,-0.006552507937995777,0.0039005889661234416,0.007231260783594484,0.008711110405150713,0.010607244827971263,0.0015812778885668788
2005-11-17,0.009413503788955557,0.017001073328595906,0.005524861878453136,0.003694432404860226,0.0017370300529786498,0.008872100979235631,0.01984376414763811,0.00172827425108113,0.00938122417330689
2005-11-18,0.004401351786289087,0.014663688549444664,0.007124542124542055,0.006774144272234883,0.009066276557618824,0.005472371058966141,0.0004944188889246526,0.0022846338677275924,0.006447128005312441
2005-11-21,0.0052712954729345896,0.0039191362718762335,-0.00018185455272867745,0.006661453439854359,-0.0036224856575600706,0.013395231556247555,0.0002475695582040416,-0.002711731184908639,0.0001511759473020735
2005-11-22,0.00508427302067993,0.0018998081118877241,0.0035104312555702677,0.0001449271161533261,-0.006711384881679439,0.005950353878167114,0.01218062190152569,-0.01915195460277419,5.374332323171416e-06
2005-11-23,0.00347280036155162,0.0,0.0026281447110854117,0.006062871865318398,-0.0013683917935428669,-0.009066902869772853,0.014403437897857252,0.030148654077942982,0.011870492722857229
2005-11-24,0.0,0.0023292938962438114,-0.0037420684418894012,-0.003537447103931113,0.007735097914729483,0.0021856046849599853,6.793444232400248e-05,0.0075583844245799,0.0014632510863177295
2005-11-25,0.002085950648303969,0.0028292198516135514,0.0023226274723280316,0.0020033823338103662,-0.0007654230816435126,0.007697111240063004,-0.0007847929846331869,0.0011689930402334348,-0.000193577599094219
2005-11-28,-0.008507786319731925,0.013707117487549159,-0.008400014482783713,-0.0037419794119004646,0.00355943768327438,-0.0025628918614852836,-0.017610149982800638,0.0004020970909821564,0.0012286600709348061
2005-11-29,1.5905078491584845e-05,-0.003952774882664545,0.0024829298572315306,0.0030581128316213846,-0.005630273625682247,-0.008384359569995725,0.009375732479099952,-0.011099602702243083,-0.004717880794701923
2005-11-30,-0.00636193020962561,-0.003721269854029874,-0.012347477690766717,-0.004792604376282927,-0.0009144117499970683,0.008146774922955569,0.008379052526653386,0.014116212540449258,-0.0060963113390593016
2005-12-01,0.012157057335851817,0.017371395527882694,0.011598318336037972,0.01580182589851664,-0.011798336327345726,0.01799481431837524,0.021945209977453972,0.006582192625477878,0.008762721645509286
2005-12-02,0.00032419524460913784,0.019239284888139974,0.007655711707770463,0.005174865916139693,0.00946612132468938,0.0010015273876302633,0.006599896128359317,0.0031700332317492474,0.008783497245492544
2005-12-05,-0.002363486894109479,0.008410930123981863,-0.003201823411298821,-0.0057562378184256024,0.00024072781556894185,0.00700076205513489,-0.003998483207923842,0.0038393429609502316,-0.0027341421727614668
2005-12-06,0.0012756617990794528,-0.008226316625416175,0.005153890824622698,0.004983711493398824,-0.0018505416261586083,0.008880172959853105,0.015970376595088265,0.004493783979013788,-0.011096510150526151
2005-12-07,-0.0050091002611381,0.003973188756290824,-0.0018054452227919127,-0.0032699810056755485,0.0016936617017986322,-0.010344097339195724,-0.014045212684305142,0.0027932115119677636,0.009628694229254275
2005-12-08,-0.0012168255962843322,-0.01945796678777567,0.00041600347272474636,0.001437806318359991,-0.009916839898854946,-0.0019235464234619304,-0.0084486300397566,-0.0004151726740894146,-0.01690061744505278
2005-12-09,0.0028108676264491095,0.014534990937447256,-0.0024769033284519626,-0.0027290492767164665,0.0004552208192316609,0.01995581900433563,0.013599736946136698,-0.005120072496601735,0.0021069737807779543
2005-12-12,0.0008416906866133278,0.02172480613864547,-0.002881792148475615,0.003790562157221178,0.006940487091715797,0.0,0.0014835172846165978,0.01200072869699853,0.004955564900194442
2005-12-13,0.005553660258800663,0.0025516719932396903,0.0010360810687994881,0.004060818367306318,-0.00536506883324972,0.015107254672311665,0.013619709680745995,0.0024376889208914676,-0.0027882330957528234
2005-12-14,0.004189580489652345,-0.019917788737589426,0.002523968622893724,-0.0026131268528544194,0.0067085563578246354,0.013151190144828462,0.006278342232788114,-0.001653597509876703,0.0022512785575754535
2005-12-15,-0.001414271571569925,-0.013588471203226926,-0.004672981833330314,0.0009036349996591753,0.00215704107927861,-0.007287015696772259,-0.012970766414100665,0.002555704617506205,0.005526079274798867
2005-12-16,-0.0028482855209530644,-0.005334184670168218,0.006605644823758583,0.009783380177724732,0.003493838730247001,-0.010315542444763515,0.0029689753374706473,-0.012439447401471293,-0.00193970125546028
2005-12-19,-0.005839093520184191,0.014394581979783938,0.00148239207462586,-0.0015913359349520872,0.002453472522787381,-0.004012946516409488,-0.00860721943107956,0.013898140858717545,0.010185092160180265
2005-12-20,-0.00023811035621323917,0.016228458861655914,0.0014621466478932366,0.002818844864971526,0.0036151379552109564,0.0008230308251648832,0.001856067228051872,0.0011945647304762996,-0.0009036487783287139
2005-12-21,0.002524570902335599,0.020222795350246736,0.0071198110996952835,0.008657412997632674,0.009828660856195048,0.005687477200037261,0.013624653085763994,0.009813571961223122,0.003444486415538961
2005-12-22,0.004212860310421229,-0.001015192162716394,0.0017181515552850968,-0.0002561289999276628,-0.0022014863370931614,-0.0007091636199623164,-0.000125011001863351,-0.002429550422402227,-0.0025549521660922503
2005-12-23,0.00042582720878159286,0.0,-0.00028586742897984685,0.002353091879187419,0.004237658059866201,0.001878563107451603,-0.005418815344318539,0.006410683485457591,6.915843406862798e-05
2005-12-26,0.0,0.010431976674526666,0.0,0.0,0.0,-0.0014267835355920022,-0.0010122629627564717,0.005913808448507973,0.0
2005-12-27,-0.009553387038292449,-0.008584109309416,0.0,0.003539409968689844,0.0,0.003136658401249104,0.0021986622427137004,0.004372719495163047,0.0
2005-12-28,0.0012972129816799516,0.014102596215261665,0.0048968795796549,-0.0019627873241035987,0.005893726366874352,-0.007959561792308834,-0.006959691921633149,-0.003924138182082815,-0.0054032053046777495
2005-12-29,-0.0029805193256873252,0.009237023923391874,0.002756633705627065,0.0031094665364814755,0.003553072028930959,0.008032469037403844,0.00957979967699174,0.008193486141971462,-0.003704920160460534
2005-12-30,-0.004886720556113722,-0.014241749366747825,-0.003458489260947495,-0.010341976534221198,-0.0019136720796227857,-0.0016873401821363432,0.0,0.0,-0.011243161617457309
2006-01-02,0.0,0.0,0.0,0.00709709326530561,0.0,0.006908498762267179,0.0015342566970169003,0.007177189586550448,0.0
2006-01-03,0.016430476892388857,0.0,0.011158966327329711,0.0027772151828495684,0.0026508560016473837,0.032076292697077236,0.0308383822376459,0.004030893922707612,0.004593844087593668
2006-01-04,0.003672761664565094,0.015523761702096017,0.005825926251870062,0.01054687716152869,0.009271577811864828,0.009109930494484386,0.013369491768812303,0.005190447855355718,0.017082230104578322
2006-01-05,1.5705243980868033e-05,0.0039012220121088514,-0.004094774787386735,-0.0006078095311106146,-0.0013729507133928287,-0.0032615164096215787,-0.00189301467300651,-0.0047071913045337865,0.004675639438265433
2006-01-06,0.009399440902094991,0.00017290325880026103,0.00713382063536705,0.004588739370561923,-0.004694144181855986,0.0069022814501453755,0.015425586878447417,0.01237540397417436,0.004800561582541718
2006-01-09,0.00365630712979903,0.0,-5.2339579189819574e-05,0.0013062484490005133,0.008444476077428487,0.013985860964370822,-0.0038813226884719665,-0.0031498180891575966,0.013228895938854679
2006-01-10,-0.00035654768825332805,-0.01849623300408254,-0.0074500567041786425,-0.0073098061430696415,-0.0030650816027010253,-0.0045502802014650845,-0.008147474639425334,-0.008549132660669034,0.0014458981323601794
2006-01-11,0.0034814567841885413,0.014837187235454463,0.007505976655885149,0.0064939340565277615,0.004446811205158774,0.013116276216954104,0.025758486160398553,-0.0015756039218214335,0.0052004154166593874
2006-01-12,-0.006274243150102832,0.0049866807955953885,0.0006281078251766381,0.000433406658107538,-0.00025257697758773734,-0.012287296116373136,-0.004810270514437942,0.006089994189758308,0.00437611175857211
2006-01-13,0.0012052314822013077,0.0005934866061141353,-0.004202193510139396,-0.011157430112800348,-3.411270880337991e-05,-0.0018922050767739007,0.0032929654856299617,0.009767713784597065,0.004364042579314553
2006-01-16,0.0,-0.011359499725006716,0.005112939940465688,0.004177171591926765,-7.877203290984625e-05,0.0036576456387777956,0.017732898906653194,0.0038904736351568214,-0.0006492284948603766
2006-01-17,-0.0036346409238821042,-0.02840417678108531,-0.00717745026305705,-0.009422650031143509,0.0061511123756063935,-0.02472058397671939,-0.011340494579248461,-0.02265454110663323,-0.012772441138516721
2006-01-18,-0.0038973287708604643,-0.0294047494772538,-0.006194069134936031,-0.011052417266147252,-0.016281999379381018,-0.012097051157865302,-0.00869837984438826,-0.026389268699894775,-0.0060984065433161705
2006-01-19,0.005563685021871212,0.02314685050302523,0.005208609213058546,0.006456275191377259,0.011290861688615594,0.013987219943545348,0.02940914431678765,0.005713609922315621,0.012221912886654307
2006-01-20,-0.018334059640166767,2.6120838823029402e-05,-0.0036534813461673865,-0.011805567151468521,0.002791406936851759,-0.009460382421462743,-0.004437005723829657,-0.02635524459078087,-0.0005322129209044402
2006-01-23,0.0018628912071534387,-0.02140833513307583,-0.002027360552852353,-0.0018277571251549274,-0.008727884425827726,0.005498677384945028,-0.001714146340134115,-0.020644937272603636,-0.012597943568159464
2006-01-24,0.002397474343859507,0.0187648309153583,-0.004787224646257582,-0.003281315686268993,0.0026435597804852495,0.02321772895591767,0.020963235444662054,0.022660182052210764,0.004254832111955098
2006-01-25,-0.0017207899846863883,0.0001348338444451258,0.012531506265752945,0.01282878720971059,0.007577319897454693,-0.000478929994103483,0.0,0.011877934626139064,-0.000655481415041459
2006-01-26,0.007235031786696933,0.015335761293208128,0.0031905195989061497,0.017724986025712708,0.0,0.01857167011990124,0.01643570651826609,0.007567462888893983,-2.0618038593100962e-05
2006-01-27,0.0077639873452501895,0.03584791913923713,0.011218676825219376,0.012099675401354482,0.011916849469036483,-0.013542872754237822,-0.005054405756140579,0.02351506191092212,0.015017329174417338
2006-01-30,0.0011528993861589232,0.005500987808523039,-0.0012096495472454505,-0.002159827213822907,0.0049066083600786126,-0.005658217497955809,0.011099824388943746,0.0,0.0
2006-01-31,-0.0039760348583879335,0.005956656997697429,-0.003373819163292824,0.00377700189257979,-0.0028041309854046625,0.0030696197830786254,0.0036807659842414964,0.01102877448431272,0.0
2006-02-01,0.0018514323211649142,-0.01019410420052591,0.007169765463604261,0.0100043072972118,0.005512866363907909,0.01350180619978758,0.0026584824452617895,-0.01704492688397874,-0.0006881167817971434
2006-02-02,-0.009060711445191383,0.013984146931236285,-0.009359487038058445,-0.013756792567201526,-0.010420972676570273,-0.005322929615214855,-0.030678313850336814,-0.0011119428475910853,-0.003214905064698237
2006-02-03,-0.005358660413584682,-0.0030465783591803186,0.002087936944304314,0.0003888987095632679,-0.0043430475460037865,-0.0103985335024801,-0.0011382099437087234,-0.029786676755624186,-0.016694186540774147
2006-02-06,0.0007832092592738871,0.005289430023697861,0.002274581980448831,0.0010439094408560834,0.0065140143552799845,0.0,0.001596007485427986,0.0061042369703787625,0.007668961154861487
2006-02-07,-0.008094733680099941,-0.0015984227144404395,-0.004434897096528223,-0.0004127832453453273,-0.0020807264070586973,-0.010450541771947819,-0.02035036386825717,-0.006976536179601145,-0.0019970337135307714
2006-02-08,0.00866287317298653,-0.026811211537115964,-0.0037760144776223248,-0.0025619430558575518,-0.01506860960136902,-0.013652246496930642,-0.0017036953970956947,-0.01598012429819551,-0.009252426852853768
2006-02-09,-0.0014775016789793094,0.010261985118615868,0.014602365024191544,0.015100630010050686,0.009553454597236444,0.005871189077383043,0.010490580532671379,0.008138887405701123,0.002601239540402034
2006-02-10,0.002539999050467756,-0.01106104927896956,-0.007678137965465459,-0.008366404512169856,-0.001258610018076478,-0.011866620802199801,0.0025204495054675924,0.010267391008277338,0.0008122786427160467
2006-02-13,-0.0032596942359450765,-0.023383809524395338,0.005100536076750872,0.008612875206662984,-0.01116153172844947,-0.022676622994789786,-0.023294488451335194,-0.010814616208443484,-0.007381068913097755
2006-02-14,0.010032782731260736,0.01934856899568338,-0.0002071286786916593,0.0018833200087995383,0.009772080286629237,0.007793719731396642,0.014203098802540337,0.005617849923152063,0.007068270889212247
2006-02-15,0.0035044256113145877,-0.015572568701509582,-0.00013811439324629138,-0.00125586427025981,-0.005993630148983353,0.008109078339300746,0.016720506906403365,-0.018348002198447677,0.00019065752202296338
2006-02-16,0.00732812500000013,0.006956705117672213,0.006457739791073003,0.007153217741481477,-0.0029815863876186954,0.015855438556322987,0.02731227493535049,0.008037796048594892,0.0017908016852468123
2006-02-17,-0.0016597124199227986,-0.020582572441342872,0.0029679699428708517,0.0029895087675397836,-0.004282667239763449,0.0012753802843761264,0.004324506311233378,0.014007243289305471,0.0016057337834480823
2006-02-20,0.0,-0.017534023400335386,0.002873661523724813,-0.00025479735647748747,0.007408620383258402,0.003344014700678466,0.003054253272163132,0.011645269484441778,0.007946656982661171
2006-02-21,-0.0032705633759050334,0.029603062068554564,-0.0009039740747057712,0.0033901994828420268,0.009016215456074006,-0.0024376327350347227,-0.009683911281973323,-0.001305395883552718,0.0018315664091874684
2006-02-22,0.007513464221413413,-0.007119246753998443,0.0025095173873703747,0.010310860402538813,0.0015658599891619218,0.015303788969032173,0.0021073747110318397,-0.004389189670922278,0.0005426422068131043
2006-02-23,-0.0037751320909436004,0.019916638047165813,-0.0061984878414276245,-0.0013591795688336905,0.005421806076352009,0.017958026587208353,0.004159345716198137,0.01540378045323676,0.01130808175127207
2006-02-24,0.001273499561263991,0.0003609570020066677,0.004198080877313215,0.0033330798339492596,-0.004034809595210409,-0.0008803351027215633,0.005335436505415236,0.003371950368416643,0.0027522477427710523
2006-02-27,0.0036372660788099864,0.0056539876325232274,0.00262776213633642,0.0038055410350235075,0.006268827582514458,-0.012890498819688623,0.0,0.006633377751094738,0.005918245716934445
2006-02-28,-0.010400890180199518,0.0007707057701036302,-0.014363757041474412,-0.017198012789801376,-0.0005580720924354132,-0.007868077245584137,0.0,-0.0023929361107879465,-0.001969292578193338
2006-03-01,0.008261365233551476,-0.01486970725244574,0.009082275748942381,0.008350752812947837,-0.014372691053892384,0.018839622117017285,0.014697598237158438,0.0,-0.006306506651388766
2006-03-02,-0.0016263436696507538,-0.0034263608039356575,-0.0018993514826920466,-0.011113942874859117,0.010972219187096899,0.002287139653513348,-0.0013280456543453,-0.002836124497845427,0.004068759249694631
2006-03-03,-0.0014816078936346067,-0.015488605736353023,0.004405966055203159,-0.007912363532984634,-0.0010797669416351408,0.004550230259868782,0.002911375193478394,-0.028332236601593896,-0.005065339415518455
2006-03-06,-0.00696845163645976,0.015183224012247587,0.006673835492515545,0.005388395666787282,0.0010878749407221555,-0.010307333533097984,-0.022573283468931282,0.011896610105722516,0.0006220731552968317
2006-03-07,-0.001861906028507443,-0.01101429078130145,-0.006850011868832495,-0.0023627689414422726,-0.00493548972546165,-0.023188843827699368,-0.024284311562972172,-0.02088848567774171,-0.01324767594895715
2006-03-08,0.002029971470671077,-0.006265412354810707,-0.007597227438795318,-0.004603225461924487,-0.0013740691731628507,-0.008207073769868845,-0.003567364943838691,-0.0019898683800801953,-0.007003427686580799
2006-03-09,-0.004880834122036548,0.026198704974375264,0.007397340398080043,0.00798560070387011,0.004399788054985754,-0.00479650325401304,-0.02619560471859339,-0.002161257181994558,0.0010998451567763023
2006-03-10,0.007349300047947205,0.0049086762973664655,0.008879933058966172,0.010838990560790629,-0.0012837114728214694,0.005985613773902054,0.015929050979187176,0.006757117471648311,-0.004195967409686419
2006-03-13,0.0019897314252721454,0.015257237849218397,0.0075999932294048556,0.00697914417948331,0.012921125692725743,0.015527543991179282,-0.002648635739803118,0.013794723007113374,0.0062816242096983554
2006-03-14,0.010396143692616766,-0.00752681140065925,-0.0003695739819916666,0.0022248540511429216,-0.0038579930559358155,0.012554667732980418,0.02034382645819921,-0.008951788863317156,-0.0014354587258967877
2006-03-15,0.004269815334340343,0.004968482038826494,0.002436729069337451,0.0022642611934846624,0.002861819435920676,0.003093811110688627,0.018712629679855652,0.005790545125537339,0.012925457610169167
2006-03-16,0.001772804715200138,-0.013654602231503943,0.004710734103367864,-0.0006376621483747957,0.006397721768144571,0.008778587383760916,-0.002284019005339144,0.0014992728526663779,0.00055215020521171
2006-03-17,0.0014708924180093508,0.015129027267909656,0.0010345057732095153,-0.0018959765190600386,-0.0012515224680423875,0.009267244865110547,-0.0028165477882748924,0.003847362984475744,0.004616937842360391
2006-03-20,-0.0016599732262383426,0.017446432713392523,-0.0012834616795012188,0.002523203293993692,0.005769245854592819,0.012255448057671536,0.0040568559051354924,0.004153245048914567,0.008118767268755267
2006-03-21,-0.006014956937505644,0.0,-6.675901663966144e-05,0.0015798651778975437,-0.0018224578482879394,0.0,-0.021084962567595067,-0.007455316368280673,-0.0004519788197703267
2006-03-22,0.006020520647841865,-0.007778740195370726,0.002703920684993255,0.005277833359752737,0.004428926705530412,0.000867672533542585,0.012101713433415151,-0.020065088093367822,-0.017581133912169755
2006-03-23,-0.0025822963280818234,-0.00037040449868697145,-0.0028963795255929625,-0.002158470510381316,0.0043643184651960265,-0.01746290841310727,-0.0099533455092774,0.0018552025835414376,0.008205686829923842
2006-03-24,0.0009833521553082036,0.004336126850207123,0.007712725997896408,0.0027874708882860144,0.0009584405025120368,0.004332704780412477,0.0027539204004927154,0.00683553564080297,-0.0034689880332278156
2006-03-27,-0.0010284354733490764,0.005388001958834154,-0.010619087851829856,-0.011098222889309728,0.009529792033434292,-0.005841990144420883,0.0017034333456189543,0.006895090181119112,0.00632521572924194
2006-03-28,-0.006445863200190471,0.0024107963315538328,-0.0061116506480024535,-0.004365283586690416,-0.0004642186111962765,-0.015413246008596504,-0.02547351216995475,0.0007291369123683111,0.002573996877819562
2006-03-29,0.0074774593649959975,0.014869169047299291,0.003959094967737498,0.003956738262288706,0.0009280819103072435,0.010689921489615895,0.022064101372300193,0.0010591071951686626,-0.007029889169038905
2006-03-30,-0.002026264688500312,0.006312871160870426,0.009397234528124576,0.012625774246661337,0.004812711104929646,0.004268165838574811,0.007606776670062265,0.004066870760550012,0.008610927456206952
2006-03-31,-0.004168429148240782,0.0008401123122214749,-0.00841202287538223,-0.00538634856153275,0.002879973849344797,0.0030514208389715858,0.004638036718871641,0.016037185944669297,-0.004763646919623721
2006-04-03,0.0023014604233759783,0.016040765173514604,0.01000905341514935,0.006461255819022682,0.009905826998339862,0.018761321106667728,0.020159691315101647,0.014820535451603556,0.016368829183602163
2006-04-04,0.006264399257210229,-0.0023307723683475556,-0.0032534900320370097,-0.007355671059959046,-0.0034712718139214838,0.0066144754487194035,0.0022003214602759336,0.004268889291538347,0.002262236401836537
2006-04-05,0.004303413633091724,-0.0028294832969119055,0.00656152680400357,0.0035869105038557336,0.008621145525486762,0.008426903756714177,0.0064671490784298236,0.0022588839814092765,0.0
2006-04-06,-0.0019213760712434302,0.01422815382527709,0.00026472096755503216,-0.0006806559142011892,0.00611863233011567,-0.0030566018234245984,0.0059365173660546056,0.00592610727478271,0.019319146663155262
2006-04-07,-0.010343457801136657,0.004233438330684791,-0.003241973634153128,-0.009887887208678947,-0.0011521489410193375,-0.01999777550855042,-0.009126883923244122,0.003836793128131566,0.0036956626387090186
2006-04-10,0.0008568120416827529,-0.006080268194543326,0.006787142596372364,0.00533858560177447,-0.007756928798154594,0.0039024545560988333,-0.011605464556398326,-0.002902250492027636,0.0030239597663397344
2006-04-11,-0.00773555656673941,-0.002202607841856774,-0.008323718477006747,-0.01423434768129217,0.00793716978613812,-0.004256113687344354,-0.014906927222101407,-0.00873209420077381,-0.0027709197480386694
2006-04-12,0.0012047443610192499,-0.01467321692971646,-0.0026094905676057323,-0.0031329098054534432,-0.00951506365445165,-0.007322317064086481,0.013883996782159125,-0.0017964331063141659,-0.010017716883115368
2006-04-13,0.0007685559687296006,0.0021325502329201385,0.004766031195840403,0.0007942937933882455,-0.0015411789353307892,0.0,-0.008985252974374469,0.01599462268446583,0.007276791516765746
2006-04-14,0.0,0.0020157972923080525,0.0,0.0,0.0,0.0,0.0,0.01920723899496335,0.0
2006-04-17,-0.002939990070745857,-0.01354661937980084,0.0,0.0,0.0,0.016028882211625683,0.00998762411661347,-0.007042548439332164,0.0
2006-04-18,0.017365190262423003,0.013676180974991015,0.0024380535376655743,-0.0024206733440214068,0.014085230900910961,0.009562283456786114,0.02885903353085917,0.0030717755143641057,0.012665061824954416
2006-04-19,0.0017435858218941558,0.006804442210985195,0.0075610926357936314,0.01330490427735298,0.006720260579666348,0.005702300748685607,0.009230406896511667,0.0075963559915905865,0.01159487015199967
2006-04-20,0.0011680013435833025,-0.0018783731755169786,-0.0013793556438636,0.010217327582596969,-0.0013272448758279154,0.0023302960052857813,-0.004085108471335697,-0.00256634952428636,0.006767499839576363
2006-04-21,-0.00013725161270650155,0.004990896507758302,0.008435557601867982,0.007373056994818716,-0.005068350242047104,0.009764989584344796,0.0,0.011965275598786684,-0.001899749414848828
2006-04-24,-0.002417485205295611,-0.02812923035906756,-0.005544050744370366,-0.006735314237513057,0.0037501999954288046,0.0011930820079069093,-0.0005855497190541126,-0.01403559542757915,-0.012208974021635566
2006-04-25,-0.004869621056333151,0.003304285106181748,-0.0019840293833111033,0.002283631128843888,0.0,0.00801536335736297,-0.00033281930402284665,0.0001467566774289164,-0.007656083234015676
2006-04-26,0.0028193033939190038,0.005046466501161806,0.0029080274701802633,0.004109953527301036,0.01089242513343458,0.010132309395445294,0.01691048407735951,0.01402368724452363,0.005723930299430968
2006-04-27,0.00330164469400418,0.0034363414953040294,-0.007257179365365407,-0.005551839464882913,-0.005076015400181322,-0.008571535539368846,-0.016298416780375913,0.0009026887722054511,0.004209886124949325
2006-04-28,0.0006795345570045352,-0.012171521992411227,-0.0060891089108909835,-0.006602128617330116,-0.00780465679490594,0.01253370422282396,0.015395165558782065,-0.022581289198846166,-0.004870735866354892
2006-05-01,-0.004135478899138456,0.001152237961981939,0.0,0.0,0.009805083019843064,0.0,0.0,0.0,0.0
2006-05-02,0.006144699239191143,0.01347417626793801,0.009795620195580446,0.00581785984009997,-0.007022114859879691,0.021005328343873586,0.016181978633128757,0.010685130271248733,0.012408395503352265
2006-05-03,-0.004081601571721327,0.0,-0.011854458164121007,-0.010426591822362163,8.344275713056959e-05,0.0037614083957824285,-0.002360508847885412,0.00018816642274721573,0.009422552946281693
2006-05-04,0.003364300187330471,0.0,0.0044758735440930675,0.005523329591807347,-0.015998055187468885,0.006356585044018814,0.0013690207371694907,0.004076172160789149,-0.0007664306882371186
2006-05-05,0.010295294341779337,0.0,0.009077506667329205,0.008128896614174153,0.012765289112860456,-0.0026397528654068525,0.010774413568210184,0.0,0.0
2006-05-08,-0.0008297127685251704,0.008039049141966848,-0.004038281596270288,0.0008285324908630098,0.013047364125714056,0.017479499657444553,0.002371474508097826,0.007779211947092968,0.01691907748533117
2006-05-09,0.0003623571331512476,-0.005827083214056117,0.006345700581826597,0.003458387169151367,0.0003407238221173614,0.009915464487171288,0.011171733731192957,-0.0012325871246290365,-0.009698418487335658
2006-05-10,-0.0017281192930559408,-0.013901532844974418,-0.003636006289308269,-0.007036859987560873,0.004955711601731583,-0.0019181658924810607,-0.005426247085169922,0.00044813987479641604,-0.0031166120675920617
2006-05-11,-0.012798125259855464,-0.005296742022884771,-0.006805404872275322,-0.0066518961786538044,0.0023046739759802204,-0.015876171372664394,-0.021662215728776246,0.00937915635832387,0.003523882957204627
2006-05-12,-0.011241117373192888,-0.01544050755123616,-0.0214995034756702,-0.022778319167452765,-0.006529217437145296,-0.01307984457391953,-0.015548238833287154,-0.013313306479142528,-0.013939272308494677
2006-05-15,0.0025247049347913997,-0.006919137586451463,-0.011975440198914167,-0.010473437783300121,-0.017896693783779116,-0.0204571990413569,-0.02338905554739057,-0.021602546360365404,-0.024080795889207307
2006-05-16,-0.0018694476631905266,-0.019924291453037535,0.0008388543646105084,0.005173584539605036,-0.0031892804411687292,0.006221850746038093,0.003691995075302934,-0.022539215547603297,-0.006167383254399583
2006-05-17,-0.01684106247291184,0.009236670417033244,-0.02919845369641816,-0.03355440225608253,2.3958279626867807e-05,-0.028257556210571577,-0.028560671638534596,0.014007568138570736,0.013569115317349612
2006-05-18,-0.006699099439511302,-0.013520631702750863,-0.0006871641265085993,0.00031621079610233416,-0.018831331619111658,-0.002213024865436841,-0.012627877070869431,-0.025915645714856494,-0.021006226095434677
2006-05-19,0.004136914432442351,0.004243751857068823,-0.002503702658861795,0.005246330757307405,-0.0035946496330047095,-0.0017252789975971128,-0.0019649722340879805,0.00523019448412243,0.0028795341597342983
2006-05-22,-0.003914666582480297,-0.018419790225589483,-0.02204192738713895,-0.02357906351286121,-0.013741961425034366,-0.04027570911707079,-0.03275500452390845,-0.024557491492323114,-0.031130312823354656
2006-05-23,-0.004349996434429126,-0.016311774532140833,0.026388562546315608,0.022744415597623746,-0.003371049839815954,-0.014686134597602707,-0.010601442532684913,-0.006521787851395899,0.003735403833597273
2006-05-24,0.0015836635948367483,0.019744602287296686,-0.01613045239227273,-0.012545990917829597,0.004768023091384688,-0.014632564188415742,-0.008807532539462759,0.0026468951618969783,-0.0026423676420902487
2006-05-25,0.011370046958055768,-0.01341845202172609,0.016215925972329126,0.016823036426601323,-0.012098916097825096,0.031912885384489886,0.049639639740321595,-0.028214012509562236,-0.007947472735270522
2006-05-26,0.005719313682358118,0.01765097570688967,0.019955263575039295,0.017826685006877563,0.015466849703613006,0.009249854810774671,0.028242955697647787,0.020582515280607616,0.012627342104073014
2006-05-29,0.0,-0.0034488026869102795,0.0,-0.005467863127736616,0.011026469859597432,-0.004323160180564778,-0.012543713116148103,0.005134487269647492,0.004320199306704575
2006-05-30,-0.01587301587301604,-0.003532993877735646,-0.024002762907960662,-0.02409520677687893,-0.0007961682153913019,-0.03380419208903962,-0.045422288285666745,-0.008666736883284898,-0.006632518509099072
2006-05-31,0.008135953771907456,-0.024724690957126594,0.012703467799009216,0.012882528384170033,-0.020318466409618763,-0.00867348076092267,0.0032277368409923124,0.0,0.0
2006-06-01,0.012298341062444429,0.0023539938696595097,0.00452496593172369,0.003068319600128655,0.011777064105175983,0.024130631248019174,0.0333495391737868,-0.017158685588525513,-0.013407836729854905
2006-06-02,0.0019522287296513952,0.01841942653837081,0.002591439553368158,-0.0031356812569038883,0.003291720152014399,0.0153225819099434,0.005136125335445607,0.010771452177068763,0.01709398431602649
2006-06-05,-0.017799754700284165,-0.007663412777379142,-0.00043368143496513856,-0.008952704096082065,0.008427423278107637,-0.024035448953311667,-0.0316882161225317,-0.005668275988510718,0.0065054915221858245
2006-06-06,-0.0011380790174584376,-0.018090655597189365,-0.0160184654900124,-0.020872117702874005,-0.016387429585263402,-0.008263817520728134,-0.004955380886045746,0.0,-0.002692269029603067
2006-06-07,-0.00609249515369692,-0.018774951478271573,0.006437616847155159,0.009424499164092826,-0.0020984416965608155,-0.020472085744014934,-0.03539053225303501,-0.026720548239885678,-0.009801472599888283
2006-06-08,0.0014170282211518614,-0.030669031088347176,-0.02513011934178022,-0.028068471462738276,-0.02354747241595445,-0.008461210941573039,0.0049279718693284735,-0.034503173249976204,-0.02316813717277144
2006-06-09,-0.004475606750773187,0.008050964154382223,0.016592065289687152,0.01693059956041676,0.01198053232273888,-0.027873262918975183,-0.010247538079417029,0.010236033782181853,0.011558493758296873
2006-06-12,-0.012696638185738185,0.005570530220651904,-0.0060652143160278005,-0.011425763776664932,0.0,-0.042959105829484256,-0.04333930251010487,0.0033909278517378905,-0.00046389044763184284
2006-06-13,-0.010279844710449737,-0.04142180177860055,-0.018022024942624726,-0.020897734977418758,-0.02559100862222774,-0.019611132991527835,-0.02106750446735628,-0.029019873532068696,-0.024774924718848013
2006-06-14,0.005189222760666468,0.006397254300704702,-0.002319008623813401,0.001816303894930149,0.0024604679104849314,0.008944253789823442,0.002857133289149383,0.014843918728091321,0.0008861512285993633
2006-06-15,0.021235081785958343,0.011265196134612188,0.020429287426454668,0.02315030416992503,0.003883877024579041,0.06726718683974053,0.0,-0.0019071316903079838,0.012274461041243745
2006-06-16,-0.0036778754298816274,0.02823486810644371,-0.0038972825796808053,-0.00849924855077655,0.020389090579779445,0.006104058981738492,0.044243940614653976,0.03509102837461042,0.026405434892465607
2006-06-19,-0.009108777985521677,-0.0012762662860046348,0.0051273805695501995,0.007703056970284949,-0.01362601482687198,-0.02549137308437799,-0.014580981030799745,-0.008334719812389535,-0.00465768037544223
2006-06-20,-1.6127211444061373e-05,-0.01426211361105223,0.005705550914487656,0.007045360777482301,-0.008128956648556951,0.011341221757855013,-0.007823915438817441,-0.020644419056141117,-0.010139604258012413
2006-06-21,0.009749056542915246,-0.0002833071985286484,0.0012017956240499839,0.0034226406398034648,0.011836503132224063,0.021085658625250803,0.02719125217723284,0.0011094523710466486,0.003228271948757744
2006-06-22,-0.005278667316185093,0.03355785816422263,0.0033715798764342164,0.005100854584531245,0.018679212448850624,0.0017729471073535397,-0.006653903245004478,0.009485083809352979,0.010686260485741395
2006-06-23,-0.0008831085420679674,-0.0007697039249614512,0.0014074347741945825,0.001495126733148222,-0.009162162086649994,0.01964603813419541,0.010037366570338824,-0.008241647360816229,-0.0011303683016674615
2006-06-26,0.004869425472077138,0.0018751603407554107,-0.0019149347341053113,-0.004312493838288467,2.336394009483378e-05,-0.0029295153116106754,-0.0008649435882522871,0.007675277954127369,-0.00025302347235500733
2006-06-27,-0.009083930399181095,0.0012809851904649339,-0.0050869534605364475,-0.007895689762478675,0.006883540730452387,-0.025413435434850862,-0.007378020538681085,0.007665280077541192,-0.0019051162272750721
2006-06-28,0.0054874112330536295,-0.018830976660002885,0.004652973125984117,-0.0002594862172897727,-0.010487859179322045,0.00445912569840301,0.013350116492071518,-0.0070779293649901875,-0.002031100432971833
2006-06-29,0.021565008025682175,0.015789215584192107,0.019881660972774995,0.02184528325565749,0.010198557525726848,0.04455350646868306,0.04742461887804228,0.019625255305923073,0.007785215459140904
2006-06-30,-0.0020976219095428794,0.025396877882965185,0.0072347405680739385,0.01850885248464107,0.015339504221140166,0.01263146983366581,0.003946372743799387,0.0254390270937912,0.025363657106551418
2006-07-03,0.007864903164855885,0.004285019587002559,0.008742757225631781,0.0038367516963924153,0.0036132090550768936,0.04771723445292442,0.019834204461508298,-0.0004169401227658298,0.003629295496206497
2006-07-04,0.0,0.004294993070727227,-0.00015294677452237782,0.0021376388236706845,0.002446479096723131,0.013392772578588508,0.0002714336192219946,-0.006712446219324653,0.002592079457770291
2006-07-05,-0.00724892398784549,-0.007325510758704468,-0.009654117447097876,-0.014196008989988407,-0.0015144943634010088,-0.040083150142969814,-0.026475258875798935,-0.004720355854174518,-0.006219080235909558
2006-07-06,0.0024942757551673633,-0.013046945556347223,0.010863782243808684,0.012090177525258206,0.0045907909898148525,0.02731285569485853,0.0042635623754228025,-0.012415517443450264,0.010684703802380069
2006-07-07,-0.006749968604797152,-0.0009000482984583558,-0.00018675721561978165,-0.0030198859214883855,0.0029207033436438046,-0.010875106371728949,-0.011801616779071322,0.007887907845185005,0.0011428752161517508
2006-07-10,0.0014697980213040918,0.01601817658014526,0.0013584880028527646,0.00415738922529596,0.0014684642387772229,-0.006528119578811276,0.001070855393526804,0.019906902263075565,0.008750420722512864
2006-07-11,0.004087300961068019,-0.005078824984038222,-0.0067153928335226265,-0.01329056786971805,-0.00692769245307745,-0.006595888863790478,0.01142536490776025,0.0008850987847208724,-0.006846621347750936
2006-07-12,-0.010938924339106704,-0.014508376082958185,0.0005633995185494456,0.003515968356284649,0.0041271065806967044,-0.007704056318251107,-0.008859602183754478,-0.0028836393835932617,0.0019454061308188386
2006-07-13,-0.012958843159065592,-0.009926344256661834,-0.01631232297034435,-0.018713675802231156,-0.008513172427133453,-0.03574665386849463,-0.02416331789572701,-0.008999838049186804,-0.013117494572457256
2006-07-14,-0.004902236997802345,-0.016738033971499533,-0.00995663486556797,-0.015244655528608653,-0.023312610750438112,-0.02117994623305619,-0.00013011154519337875,-0.02326033836049235,-0.010411837002038626
2006-07-17,-0.0013832713153211218,0.0,-0.0011563529329315925,-0.0027449583125490618,-0.001993115716295346,0.00596442947820508,-0.013673956878817672,0.0,-0.004393361060653578
2006-07-18,0.0019198211407138732,-0.027483557018950222,-0.003385370987546099,-0.0018607336607003866,-0.0066321025237904285,0.024280859399999244,0.0075749340839337265,-0.01729701305840836,-0.0012997344508061115
2006-07-19,0.018555050692883546,0.004365100254619225,0.016949152542372836,0.026786097803333853,-0.004725870275500754,0.05221472153225171,0.04711102229919262,0.00018647338295152416,0.0033408252586335507
2006-07-20,-0.008477468824663936,0.030798068448427918,-0.0012287988923503912,0.001109980059403437,0.01968037527711397,-0.018179549089210822,-0.025515794967847394,0.032140396384712,0.023300454603622622
2006-07-21,-0.007076925540176027,-0.00840177589376756,-0.008872099672494693,-0.00906778693068655,-0.007177232675552037,0.0008636366432057674,-0.009385485582550479,-0.001547160920442936,-0.0005123653675006556
2006-07-24,0.01662514411952043,-0.001805514510912043,0.01996608213717499,0.021323669976497595,-0.00528622052871075,0.021064280545716185,0.02010650401009273,-0.006276891129761708,0.0009967092196514482
2006-07-25,0.006320831780222136,0.014244482746966769,0.002965426215739031,-0.00039362167726875175,0.01175013831440852,0.007187028241560256,0.012600350206035227,0.012997190010686,0.0062661591605641664
2006-07-26,-0.000378286362776592,-0.008075179070777927,0.004426442439157796,0.0025471568222497076,-0.011357886703562858,-0.008406035255452693,-0.002358997874366442,-0.0005391593802012151,0.0020128003974950737
2006-07-27,-0.004099653106275691,0.019867549668874274,0.008915961954024887,0.011206482180869282,0.014614176304129645,0.011329174280966692,0.008018188625004363,0.013439347030678395,0.018025255698298714
2006-07-28,0.01215167827739072,0.01074389747413984,0.007656632093768323,0.007890698211351133,-0.009893929851284677,0.005637875959777272,0.013374098480469776,0.0006171553765803584,0.002262252191168823
2006-07-31,-0.0014782370654256027,0.007426250760125042,-0.007799293712028588,-0.005047701180402098,0.00559207030031228,-0.007722568218076709,-0.008130855572313744,0.0005782263100679863,0.0009613660598855045
2006-08-01,-0.004496107029279495,-0.0010286727985916455,-0.008012415026230069,-0.013887271220275887,-0.0009400324669203153,-0.006107206782666963,-0.006413928589922957,-0.008059669291581306,-0.0035336042999551953
2006-08-02,0.006003525005507715,0.0015141594633996114,0.008723302951979317,0.015313409877492745,-0.009993353155424267,0.008606532753890006,0.012190510625742057,0.006020072085508366,0.0071774196886473796
2006-08-03,0.0013452739431387695,0.000393163863326329,-0.015795418148716434,-0.007694076589067622,0.013373737283614462,0.005793468386853462,0.004365700861393984,-0.002362733667410466,0.0009199923676446176
2006-08-04,-0.0007107875682473841,0.00186226961604663,0.008735269936968937,0.01368081550528788,-0.008289971513665728,0.00459879941624175,0.010592186790326252,0.009643589644363626,-0.009421400927475898
2006-08-07,-0.002806090545272588,-0.022266984446919214,-0.01028967297177974,-0.01609428496889531,0.0011668554929271657,0.0028248601448588317,-0.0039719529865344105,-0.011475573203731715,0.003893343123438253
2006-08-08,-0.003362675090337608,0.02049615746539213,-0.0018357123250067886,0.0026925442492995444,0.012684815586482268,-0.0034150659718634735,-0.002576029476716646,0.016719140158506063,0.005582901516201666
2006-08-09,-0.004349262277031474,0.012410877445737656,0.0072876024819097385,0.01065674327308419,-0.012494681357066995,-0.01378425170994324,-0.00918393508161075,0.002921211196705187,0.017502140988491455
2006-08-10,0.004628934792053396,-0.0016402039013604375,-0.006330517873901598,-0.00856443829423359,-0.0017692480544618805,-0.0007072943027168765,0.002647689767205197,-0.008076475553831841,-0.007173748369995847
2006-08-11,-0.003986444516083321,-0.004215365580122921,-0.0005666792595390158,-0.00010338898199946378,-0.0008041240277024686,0.011256882170850524,-0.010958200727316347,-0.009361271476872823,0.0016147819028298205
2006-08-14,0.0011604591313134627,0.018765796638873677,0.008728372364735781,0.011986198864780473,0.004465136315061402,0.0008202680693267794,-0.010490079289354415,0.0023295410571937403,0.002322325571957995
2006-08-15,0.013696469827552127,-0.00258054588761758,0.004598954163756774,0.012710030087843549,-0.007105942632678719,0.012515715490360124,0.020216440790352008,0.0,-0.0009219196518682748
2006-08-16,0.007661911355186124,0.01613346830051987,-0.0002204174367146372,0.006563331368582004,0.005253640291360995,0.01730687232165984,0.01023918695686099,0.015828771301279465,0.01024425627544634
2006-08-17,0.0015824861242985655,-0.0031434800788483486,0.0006444391683342321,0.0023739811664160726,0.018928894315084044,0.0034344497607654567,-0.003156234398973834,0.009250461762984497,-0.004468504151330821
2006-08-18,0.003714893485833981,0.005314328087665743,0.0005084401057555699,-0.0022894134364884744,-0.0006606192969665914,0.003569081880508085,-0.00019116645885963734,0.002500414225248049,-0.002437683653704892
2006-08-21,-0.003670429240574369,-0.00850243201593437,0.0019988481214214815,-0.003732130611383666,0.0021919746217828884,-0.00879333175905117,-0.010415238081035505,-0.007084366313575119,-0.018627060649598626
2006-08-22,0.0010019113385535405,0.013283829209520315,-0.0021301054909385053,0.004050565887881552,0.002480055186066421,0.0060077002870349006,-0.01300005920248859,0.010055460137553318,0.008341427620608632
2006-08-23,-0.0044886897337582665,-0.001121056141181298,-0.007217158540304358,-0.008851564250965782,0.0012062279422122568,-0.011647747712977052,-0.031774512500985064,-0.00749835201054716,-0.0035778947214973877
2006-08-24,0.00237434164223993,-0.012523023220274876,0.0015529010238908292,0.006089417873997638,-0.018580841111013657,0.00043437512655231103,0.008029939091183103,-0.006958753160496656,-0.012016930793363079
2006-08-25,-0.0007484221409502778,-0.0013758864004030924,0.0016186468112657781,-0.00018509361770757682,0.007174641553616912,0.01173363789036408,0.004476878956657382,0.010351667895388772,0.004288919531079793
2006-08-28,0.005173385633430838,-0.01104672538343876,0.0,0.007246434304725824,0.00010669573461896675,0.011142208551203403,0.011596739708411574,-0.0010982811148304572,-0.0019557133547030148
2006-08-29,0.0019127509045238078,0.008118589648020924,0.0016500527336440474,-0.00046211570221899034,0.008638446930605559,0.0025064923380284654,-0.0019475176435367336,0.012591404408497597,0.009513487831729561
2006-08-30,-7.667065354044489e-06,-0.0011667304361834274,0.006962960446988076,0.002902692805787588,-6.156799474621444e-05,0.00230287641057636,0.00026884334283572286,-0.002424494834933566,0.011791061201361863
2006-08-31,-0.00034502058622831733,0.016931682293747086,-0.003912772165348355,-0.00239924984153439,0.009508696620024626,-0.013207951398639284,-0.0022363626900571143,0.008491445185820234,0.00622284088075542
2006-09-01,0.00551456489392721,-0.0004033267330658674,0.007280608184758064,0.0032005671226402743,-0.0035791649553440497,0.0067892832795311,0.030274987290317856,0.0029052146014756364,0.0018082745955532165
2006-09-04,0.0,0.013872352294032941,0.006303474475130688,0.004375943824606265,0.006294914981568089,0.009124557739476735,0.009756450387967464,0.0017616664332518184,0.0051745551466622075
2006-09-05,0.0017086063416755781,0.0017049688624635184,-0.0008184946380249691,-0.005172490169662813,0.004171982618786041,-0.0060564032951098135,-0.008632557201734503,0.0016040498579901197,-0.004286885601591517
2006-09-06,-0.009891490576813267,-0.0062169076453255645,-0.00876005149037895,-0.011931080005029182,-0.007155456193095322,-0.013684065428716696,-0.017611076440886664,-0.003107460844524179,-0.010338440718398068
2006-09-07,-0.0047990401919616454,-0.01668376924961723,-0.012008162852275905,-0.00861829007398851,-0.0009971136697850547,-0.006296612869683416,0.0,-0.00430357919248936,-0.009390729558924837
2006-09-08,0.0037866493562697112,0.004249828726593963,0.0036189208105017467,0.0027756237131320027,-0.0020281243950224237,-0.0017956889066169657,-0.0041239590333607135,0.002753169475343542,0.0028848111068737747
2006-09-11,0.0004773196193759155,-0.01779053584288015,-0.004847515860731733,-0.0021386210427510877,-0.014186885824686746,-0.00879647929247318,-0.021499526238508926,-0.015359180450073562,-0.01149963606162685
2006-09-12,0.010442156455361173,-0.0047510570215481,0.007639980857318651,0.01253320363649979,-0.01026547904872499,0.023765711649361254,0.010459713595559306,-0.004527464619812904,0.007482038328852303
2006-09-13,0.0037772920775869245,0.001953644364203422,-0.0005597489610720263,0.004378510198049135,0.008614144042560445,0.010303860583231517,0.011150407810845975,0.003832715882051918,0.007885027583541149
2006-09-14,-0.0013580462342667188,0.012212024723730952,-0.002545738433861744,-0.0023544559919065344,0.010602868875576155,0.000647742212670499,-0.010837568889055516,0.019217930734436894,-0.0015450283671624154
2006-09-15,0.002727383231531322,-0.004733292812432732,-3.402981011357831e-05,0.004087878859713623,-0.006708314728709142,0.010070769597103624,0.00045168392635863697,0.0017295308187672553,0.0031541977891518247
2006-09-18,0.000992521990802242,0.0,0.0022460438999489796,-0.0009548517750013197,0.007217244028981051,0.005438800271197586,0.008649449971288359,0.009698038351333427,0.008676356695953125
2006-09-19,-0.002172300519232895,0.0004632276060965168,-0.009914773691894974,-0.007428179820242797,-0.003150159508858885,-0.0003253935762230764,-0.016366625569652293,-0.0002546751073273512,-0.002329873510471092
2006-09-20,0.0052112173919640625,-0.009802649317008472,0.0058986933708289335,0.01617118761540448,-0.011521167921319075,0.008422818760959627,-0.019202367072325366,-0.00546599221223476,0.00958453192826303
2006-09-21,-0.005395493442400312,0.00735176703881435,0.005199277215232945,0.004120989974774281,-0.0005157527659693795,-0.015720568002582258,-0.010413224690232648,0.0002561400427387728,0.006110332005554886
2006-09-22,-0.0024658012336593593,-0.012603075741605352,-0.012617226584360708,-0.011513712232379403,-0.0025422638097607475,-0.005007886747148249,-0.0008980743081841158,-0.013469516165614204,-0.0010964831381664597
2006-09-25,0.008815162993048187,-5.5005957912857006e-05,-0.004122082338594679,0.0024628022440613684,0.0006212825390710108,0.013291457908980897,0.004998448222352403,0.005065337664456493,-0.003102726319766602
2006-09-26,0.0075167562595654935,-0.004884286044156805,0.012986565027680586,0.01329105313281631,0.0006614074944006898,0.00542382515315043,0.02419684588625315,-0.008293917547833929,-0.013562034510350984
2006-09-27,0.00018707813879692559,0.02509537231358605,0.009619313538545393,0.006005804405977866,0.020747012706743728,-0.002006672081423244,0.0080033010441114,0.011949671495643521,0.012331234891449272
2006-09-28,0.0019153218264389427,0.004826976894092949,0.006947606279826601,-0.00030799398385084054,0.004067617040442784,0.004869745459126662,0.010539904568926062,0.008382168040411031,0.0005170787220964979
2006-09-29,-0.0024642497106375227,0.006410668430593791,-0.0017584110662669517,0.0011373614241920738,0.007862341463052314,0.0037809181458448027,-0.0010083267121067108,-1.458331814241376e-05,0.0007118992708166072
2006-10-02,-0.0033910993000710876,0.007856727419736975,-0.0005032881492417207,-0.0017771919341643683,0.00480338093447541,-0.014457237074528062,0.016690261019385755,0.002048986080019688,0.0
2006-10-03,0.0020956644533245417,-0.0007505710800042031,-0.0034744368726711272,-0.0031702153896744356,0.001061435631758867,0.0005106392426257322,-0.016736040369423333,0.0,0.0036185269950208543
2006-10-04,0.012075466041031158,-0.009822627506681725,0.004951912549898019,0.00891462679181676,-0.008021284130723116,0.02195783828764286,0.03599967615824884,-0.01616917233048565,0.0012881584275834523
2006-10-05,0.0022218601413102057,0.022806084855946596,0.006368892985837649,0.006419344373686187,0.014880374243570582,0.009992323340708431,0.0060284577537750295,0.0,0.01579537596976821
2006-10-06,-0.0026898804333368442,-0.0008067197873713461,-0.0005495878091431594,0.00011421725645077707,0.0002795408479303596,0.001038659265118369,-0.0009590050362245917,0.0,-0.00023900373415408627
2006-10-09,0.0008002489663452295,0.0,0.004949010197960346,-0.00021064332501752325,-0.00414597033519426,-0.0016389225080033487,0.012280563957613566,-0.0241124260355029,-0.01274339664164148
2006-10-10,0.0020434454266802238,0.0025060750569174672,0.00693097216004257,0.005378882492105497,0.009523018176075926,0.009417650902461494,0.006465594118892248,0.006798544793087613,0.008399320178962055
2006-10-11,-0.002563875219813494,-0.004653689177502307,0.00013173711857983328,0.001696682631978863,0.006513930005689117,-0.006059432878283921,-0.008601284863492764,-0.0021680706429683116,0.0021931473263128165
2006-10-12,0.009541094114596804,-0.0019365180600430243,0.007870256030295675,0.008191783515106854,-0.004423044124247322,0.012272257033967726,0.0,0.004745414903167822,0.0005766176504342635
2006-10-13,0.002047210583858483,0.010246926929935674,0.005881103687125355,-0.0002050056376549092,0.005813187421200849,0.008229700880158841,0.013776606307412953,0.012629713616363114,0.006477335480322699
2006-10-16,0.002519002357903366,0.009446958069825762,0.002452373605313918,0.0007251686016997994,0.00397089222201541,0.004458095824988462,0.00975285558669503,0.0060210588758713435,0.0011862897370928938
2006-10-17,-0.0036594451667567585,-0.004862587133583562,-0.010336335947119357,-0.013093551425922612,-0.00558331659135447,-0.0065690116591679,-0.00845189764934462,-0.0039949289462822835,0.000257631786432011
2006-10-18,0.0014002419266156974,0.0024928378318993527,0.0068428117735650495,0.010585962522502435,0.006035580310178368,0.009362080263445316,-0.005437624525997831,0.002190483238363017,0.0018457005446621544
2006-10-19,0.0007320858590296186,-0.00610340479192939,0.0009105098855359817,-0.0011424620056220691,-0.005262906288159508,0.00676360662533626,0.006042497555316606,-0.00014768212898563782,-0.0033865079351886873
2006-10-20,0.0011997424942937762,0.006058112445140429,-0.0001299545159194615,0.002851897000617054,0.009487516321331935,0.00280380447262063,-0.007115410556337132,0.007518130658907385,0.007037316457413123
2006-10-23,0.006152272395148373,0.008238833075200347,0.0017708604107098402,0.005209857460500844,-0.0003647333238995243,0.0037846246020829533,0.015111216003387051,0.0005204362868702628,-0.0013084127628212316
2006-10-24,0.0002614341113420515,-0.0004973547872928474,0.002659703864679397,-0.001246572547536351,-0.0030715526265411297,-0.0017854838107986826,0.006939650381525331,0.0011355727316018083,0.003513572528241138
2006-10-25,0.0035211778884547407,-0.004837170830137794,0.005192074403558511,0.001278023721913879,0.006632779626851271,0.005065342140407658,0.0016114340167769914,0.0036077570435419926,0.00024953989360665396
2006-10-26,0.0049629945812201814,0.006724832777421863,-0.004795159785022429,0.0020277969913962135,0.0069784378582542494,-0.0015501530279271591,0.002076454472313971,0.0016187483138039305,0.010783161526032314
2006-10-27,-0.008458775169355448,-0.00847807466273276,-0.0038643125080843888,-0.0024880254463920393,-0.005793463266474119,-0.025621730185921843,-0.007978603992757627,-0.003319622902486219,-0.0030615013615754583
2006-10-30,0.00042836191499562304,-0.01903045580827245,-0.005534905614439367,-0.0030742270248202974,0.007639494109325851,-0.017254861647437947,-0.010882192976233274,-0.009480749987217818,0.0
2006-10-31,7.257262705673284e-06,0.002907316297544149,0.00039172161650458115,-2.9963145331213248e-05,-0.0027825283003353185,0.03025736597394113,0.009313507361989659,0.006223683919446055,0.0014646769649488967
2006-11-01,-0.00735155376866925,-0.0014713961921754004,0.0033283299614959017,0.002382141430283591,0.005948314959822731,-0.00020262984906904702,0.016994716880792238,0.00718185482393463,0.007056184803281074
2006-11-02,-0.00034361497576418376,-0.0015413495724647674,-4.878366072591511e-05,-0.009894528116701662,-0.0012868302067237103,0.0,0.0,0.006825044566522331,0.014150588095037886
2006-11-03,-0.002223294864481362,0.0,-0.00019514416275023816,0.0039852866437546375,0.004171781182525258,0.0055372124633499276,0.012650372338627092,0.00010840265080624967,0.0018653705787619046
2006-11-06,0.011346478047350228,0.0009015279492012862,0.012426603340869535,0.013722728707968423,0.002230667228521721,0.02430743029632887,0.02006742643411008,-0.0033890221695522804,0.00996603143838648
2006-11-07,0.0022177448578759584,0.001750713117699254,0.003132781749538127,0.00683275569684727,0.008718574374867227,-0.006233074777093783,-0.0048076678301562925,0.005981771909599143,0.00014574988580307036
2006-11-08,0.0020826704463279277,-0.010837891567404223,-0.0008007687379885109,0.00023325132707729956,-0.005903755725346627,0.014649054446995047,0.006965451196407457,-0.005311941417286636,-0.006762125969742239
2006-11-09,-0.005332967699102298,-0.0010588477614958958,-0.0012021157236736801,-0.00019883106968654474,-0.00552684951259963,0.0004663477449828868,-0.012550130968932982,0.014035519937394492,0.007528477654848764
2006-11-10,0.0018645752468569032,-0.005317753357240718,-0.003706972639011541,-0.0022489565430885428,0.0014208888715334655,0.00041057898737784093,-0.002341268557910059,-0.0026510604241697378,-0.003256500602019985
2006-11-13,0.0025490622058077506,-0.005582025802439494,-0.0022872237613555946,0.005487420764596962,-0.003366925953379951,0.009893272399414954,-0.0028028051135660093,0.0006878121126578929,-0.0011963280140848687
2006-11-14,0.006356452521633527,0.01666782129369393,-0.0012269542475218387,-0.0004429608383461625,0.0031671681980214306,0.004112269462585472,0.016867298973865408,0.007646650294625079,0.000523622919420319
2006-11-15,0.0024045018015819153,-0.0028288074256195284,0.0069828338667441425,0.005998535867571819,-0.001049936657930295,0.001133890479519506,0.0,0.0036735186908916084,0.011366417316703403
2006-11-16,0.0022841676392877375,-0.004900430757713625,0.004029021798452437,0.00023851071959679615,-0.006857084134228919,-0.0020386089588576572,-0.003120073043082261,-0.0012672207512707256,0.0031985544440371605
2006-11-17,0.0010287477853345717,-0.00446304010116394,-0.010056116005051963,-0.007246077069256285,0.0050209304335215865,-0.002883866870682983,-0.0032175408940362527,0.001041998936735844,0.0014952435696433675
2006-11-20,-0.0004995717956037815,-0.022731552169965474,0.002018733850129184,0.0038529128462290174,-0.01795227855701298,0.0,0.0,-0.007088130744501542,-0.01188987374568029
2006-11-21,0.0016494109246696365,0.0005214314692794098,-0.00030622934966550996,7.568821339209997e-05,0.006688892204014474,0.016103041612163915,0.013184926039674583,0.0026315601800015465,0.0028314981616628376
2006-11-22,0.0023381641134578857,0.011445811464751099,-0.006819720762261006,-0.0002661093831635153,0.016366533302401454,0.003622840612909517,0.008239516579104267,0.011835834696635406,0.012757058758542383
2006-11-23,0.0,0.0,-0.003295294060354226,-0.0022491007260125873,0.0038843498327763015,0.002239536368149553,0.003743714348702021,-0.0023268238502959226,0.0007547742196554186
2006-11-24,-0.0036555270288529673,-0.011287382424408743,-0.0029153094462540663,-0.00920269423558906,-0.002422052032870048,0.002542659707780226,-0.007418855745316755,0.0017615185699286773,-0.00026057184619832086
2006-11-27,-0.013597915700060637,0.009582703087463118,-0.011760670358210379,-0.017269574325125436,-0.00024992614984831185,-0.01412098387884586,-0.020190039111330882,0.002391452666821392,-0.0029225920676210215
2006-11-28,0.003487951371300424,-0.0018960830650572857,-0.003999933885390439,-0.0007892917740212058,-0.012467517985242038,-0.0040028163724353805,0.0031411746849476785,-0.009585090482973513,-0.02939386096966201
2006-11-29,0.00920156917041659,0.013934807754650613,0.009708093396836981,0.012070106236053757,0.012696609680937332,0.017709627664053595,0.022582574680549694,0.00784997201499138,0.007586028188478977
2006-11-30,0.0008217337868352548,0.012324429902588863,-0.005851028860692775,-0.00891354655252563,0.005396291040256962,0.00750400890535996,-0.0009094589207866433,0.0067906224737268595,0.009560229445506607
2006-12-01,-0.002798740566745006,0.0029156346221319573,-0.004513291892606852,-0.013829149559970166,-0.009886433160685382,0.0,-0.014422691682501765,0.0015011765034456115,-0.014222213783617321
2006-12-04,0.008885165854042532,-0.0011144617805166623,0.004799468570954035,0.007843157201386397,-0.0005374125345899428,0.009833743356404412,0.03211599564159773,-0.005507682869014707,0.0006372112084969128
2006-12-05,0.004002498012944278,-0.0023203478497680896,0.005950019833399489,0.011357758022473297,0.000295855643091425,0.015330370191704912,0.011791299968842539,-0.004115082091331046,0.012910414682776317
2006-12-06,-0.0013147106222962668,0.006487246830151117,0.0006407728706625537,-0.0014047116473799859,0.007391807830687158,0.0008568441254797055,-0.001416215294383627,-0.00482897950851402,0.0043374776118694225
2006-12-07,-0.003970557010404274,0.006235309639808229,0.006764855590036589,0.004092636502419866,-0.0002656100800123573,0.0009158392167349927,-0.004336117185382737,-0.0024262058526027808,-0.009637681616452065
2006-12-08,0.0018119932636484481,-0.00337150405260378,0.0034086275788958176,0.00029860476921572676,-0.007215095930475091,0.004582806635591963,0.0015914968530124085,-0.014089200879245478,-0.005466223778710311
2006-12-11,0.002269761107643431,0.006710391513611524,0.0012027826539238173,0.008209179853180038,0.008099855209651174,0.00278256507696395,0.007433643308906612,0.00021576059204697629,0.009854327563675325
2006-12-12,-0.0010473871935684498,0.00664267100839222,-0.0005519659729212867,0.0016901519656342678,0.000717769306092908,0.0,-0.006434848001226845,-0.009886893933401919,-0.0009241909762184308
2006-12-13,0.0011689194933266478,0.00331474511623564,0.005863816516145759,0.008520250065275237,0.002656910836462023,-0.005346423792650601,0.006185020613248549,0.004575229850833029,-0.00999514998807327
2006-12-14,0.008689437521670396,0.008163336214792816,0.0057327412192167415,0.005986327433304073,0.01546683944970595,0.006734035567385277,0.010859309517582849,0.02537447226881051,0.010749436777808263
2006-12-15,0.0011224210622311492,0.005057281391866564,0.005138086062941527,0.005297608064406489,0.0004137749372967736,-0.004087244556881364,-0.003630707290851576,0.0024605535893058583,0.010108671522352619
2006-12-18,-0.003230349872818006,0.002826009455898504,-0.0020127795527157266,-0.002559978360937465,0.002898096346368284,0.003873019619779372,-0.0019949215174889234,0.007989478644320647,0.004304406181893317
2006-12-19,0.0021582025757831413,-0.010920221599789115,-0.006962896564971066,-0.0071621235526846405,-0.00568859180526593,-0.00912464652339906,0.0018614655035897876,-0.0038165542166993527,-0.011898143637416148
2006-12-20,-0.0014169969485461342,0.013957303145757827,-0.0008543013265848165,0.004404362416107421,0.008649334662413688,-0.008852331050094753,-0.002004142261065267,0.010169776433013977,0.01453079561603099
2006-12-21,-0.0036739654239812403,0.002162713155691831,-0.00240376859290814,-0.0015636609089627607,-0.00433144989266776,0.005990622449023819,-0.002697324926739686,-0.0040283440108715984,-0.0008981232965282748
2006-12-22,-0.0053091729535359455,0.0033511596490578555,0.001018807510066777,-0.009386931251672004,0.0036102595991209796,-0.004469440814942938,-0.0006751178171634509,0.0007100740008492146,0.005081455185602213
2006-12-25,0.0,-0.0007056432754007913,0.0,0.0,0.0,0.0,0.0,0.0,0.0
2006-12-26,0.004345144849975613,0.004463844323575383,0.0,0.0,0.0,0.010710645847226363,0.005705128249483993,-0.0024834955373602696,0.0
2006-12-27,0.007015315124567545,0.0031428390040533216,0.008917609046849684,0.015063213452804591,0.007056600204508268,0.019125432210959303,0.021174650965023467,-0.006150970765454233,0.020973037992766175
2006-12-28,-0.0014787922962630207,9.638190458760576e-05,-0.0006885287901108317,-0.0010157538586553772,0.0030548091847348857,0.0037619299559561448,-0.0011824456344511347,0.006567960143147866,0.014001002751228953
2006-12-29,-0.004513135822226011,5.921690863353035e-05,-0.003220689323655157,-0.0025952269128904915,0.0016597555822199794,0.00582273349404705,0.0,0.0,-0.0018593224347074333
2007-01-01,0.0,0.0,0.0,0.0,0.0,0.0,0.0,0.0,0.0
2007-01-02,0.0,0.0,0.014483667695473157,0.015092452802710765,5.996613324432687e-05,0.008171785580331825,0.02043679288280642,0.0005577011558355327,0.0173035234153045
2007-01-03,-0.001198618063879331,0.0,0.0012834936379915174,0.0014633726435395733,-0.003678348956219768,-0.0016906405344945252,-0.020653726173968434,-0.01805247829661527,0.005081688099268344
2007-01-04,0.001228293096145805,0.007421413075596073,-0.005064092419686639,-0.00250224437950064,-0.01142025188738538,-0.0019944123395857494,-0.009574017854310446,-0.008557136268492527,-0.018997824467175572
2007-01-05,-0.0060845777458155,-0.015102280958436909,-0.010641005248926305,-0.011587549308720413,-0.0022888777515817083,-0.016211528298278877,-0.04031393167206443,-0.00825168719449787,0.009273139654381923
2007-01-08,0.0022203148165225173,0.0,-0.004163920194209192,-0.0014578565633817098,-0.01258028912159792,0.005587780651678198,0.013842295780155611,-0.010788303891005713,-0.008986071144430174
2007-01-09,-0.0005166897879448351,0.008552744361408182,0.00030673856188045967,0.0014939381519305517,0.01595560993625522,-0.018971418830788234,-0.019219036781054744,0.0025751198196686254,-0.006569257790696281
2007-01-10,0.0019403587539215117,-0.01713504705074953,-0.005713271251271079,-0.009349822859481383,-0.012312381669340788,0.003985565705207694,0.007829450388722847,-0.013497387837070884,-0.016571448099515163
2007-01-11,0.006346962575538129,-0.00615202096515266,0.01126495365786373,0.01835057493742176,0.00795773744791628,0.013988364276939613,0.007904681796697677,0.007021736404605461,-0.009350307690892623
2007-01-12,0.004846084153304897,0.012996661751247363,0.0014285484984188912,0.0021243653908473714,0.013283556609791747,0.0029137569100765592,0.00995188224508281,0.016889937083885753,0.011763510317316594
2007-01-15,0.0,0.00896464268942787,0.003926911364000585,0.003008527354603663,0.006215538811560339,0.005912769835414888,-0.00407936239426554,0.001865496949660539,0.02320606156706062
2007-01-16,0.0008177643580551397,-0.00043347092839474133,-0.00763151592560074,-0.0043416376905733856,-7.120424532403025e-05,1.1329292300743532e-05,-0.006872220501934145,-0.000898659918329825,-0.002023563225263869
2007-01-17,-0.0008939171729870354,0.0034233475909839495,-0.001801888765545323,-0.005384751917643427,-0.004823021055219923,0.0029520024863738392,0.0026102530439267024,-0.00736124803016458,0.0018284447484639976
2007-01-18,-0.0029707399588989603,0.006348286779423562,0.0009348053831896852,-0.002271669484147587,0.00466910329554171,-0.016779185571474287,-0.00602684233334938,0.0027039174181575643,0.010612736779307852
2007-01-19,0.0028954619067984577,-0.003482254548259789,0.004331513775502005,0.008643297214856904,0.00011599999576916709,0.003849059869711846,0.02235796856343253,-0.016374953911553636,0.002476142287687333
2007-01-22,-0.005270884306186607,0.006570601324980885,-0.0030141730263579802,-0.007778446084057977,0.00944285565210512,0.008349552785638537,0.0028935489011145954,0.0020947257011820763,0.021866692378682995
2007-01-23,0.00353488502839161,-0.0008958814704623785,0.001479480252154941,-0.00010143432972442579,0.0014664789592224725,0.014291254055178726,0.014324976523018895,-0.0002347056278010351,-0.000121315872834038
2007-01-24,0.00850146009425834,0.005677088928039531,0.01400218382683538,0.01143908854424569,0.00588923529739982,0.019705333830660088,0.011533777604737505,0.014650536648350476,0.002472351550576013
2007-01-25,-0.011269815919396131,-0.0028045283708604263,-0.00720529549629445,-0.002829816957409581,0.00018877360428448675,-0.01605659459439679,0.0,-0.0005061241016297569,-0.0072628421717443326
2007-01-26,-0.0012079499964885443,-0.002083249800954201,-0.006587657314213735,-0.0063917427018223005,0.0,0.005441397446926066,-0.006140077826236268,-0.007979108191787931,-0.018805186109416505
2007-01-29,-0.0010969075644434723,0.0027855696814300668,0.0019107257546562284,0.004295000494093593,-0.0016495941700243044,-0.007826010113988535,-0.018887989489410062,-0.006001473022540171,-0.0021916924747290567
2007-01-30,0.005772127662569959,0.00112933488872069,0.00033654385486947547,0.006813332917349646,0.00904852556755742,0.01122901686476685,0.010803357729665564,0.005590198811532554,0.011058137994967465
2007-01-31,0.006592852843605224,-0.006104564901810661,-0.0062319769304709505,-0.003975953585270919,-0.006731000330494119,0.015703489578362317,0.013562957054760627,-0.007652912338041329,-0.01730361878471942
2007-02-01,0.005353765713649983,0.007828148891299902,0.012751688671793104,0.007844845328751182,0.007058943756565572,0.010205181214803627,0.003884493387333876,0.016666299081772973,0.016101324850470666
2007-02-02,0.0016943994909885962,0.001575958217985729,0.0045684632771958444,0.00405336094146258,0.002987200684400504,0.0032435721171322207,0.004079436777990164,0.021867090895943297,0.006535435845828053
2007-02-05,-0.0009665904901304812,-0.011529533923250068,0.001109192032832107,-0.00021757690279278208,-0.0016148484431210974,0.0,0.006407864557024023,0.0034037674964970677,-0.005254896010830845
2007-02-06,0.0006980006772678848,0.0035780176191135826,0.004495164532518858,0.001419288605241542,0.008323299708523857,0.004808995216064815,0.001449228318491258,0.007496738248880419,0.009756731890795844
2007-02-07,0.0013950276243093196,-0.006580164371977504,0.0036556733844916867,0.004154983972958437,0.004974832847830735,0.0020080235433277416,-0.016842550902059106,-0.0016029903820576896,0.0011856578488709246
2007-02-08,-0.0011792940787024309,9.252662453551608e-06,-0.0036266582934296743,-0.005913819141578847,-5.0002084832745375e-05,0.00261344855737633,0.006817535496129512,-0.0019000343548647436,0.0026770227213270825
2007-02-09,-0.007077214132333531,0.012250990025722386,0.005735535106517142,0.005281690140845008,0.004696362835982182,-0.01029780907790323,-0.01353338706235463,0.0028800629399121647,-0.002767777266030169
2007-02-12,-0.0032613381917305784,0.0,-0.0045904618662656604,-0.00809511703670207,-0.0005110368953791244,0.002341357277718892,-0.007895556900398337,-0.009378852403900129,-0.00407444556105474
2007-02-13,0.007597480064463591,0.006690915904807415,0.0044542378216732015,0.005975533063587779,0.00210342909075667,0.010382440012827177,0.028740347902286745,0.002934334542420647,-0.022393571535748613
2007-02-14,0.00764405300984583,0.007444903796225644,0.006173806762982181,0.006602925669316084,0.004028570576712687,0.009802336298966985,0.017659182099875048,0.012450297509940311,0.0038574923319549814
2007-02-15,0.001037586751872377,0.008144704111613832,0.0018843829813741664,-0.002083421216680592,0.005424868631273894,-0.0014344935071123333,-0.0008811712424666718,0.005243367453520165,0.01625489673135605
2007-02-16,-0.0008717677665583956,-0.0012057731838948094,-0.0021450888346572494,-0.0025198854896398837,-0.006528949174082199,-0.00026948550375016644,-0.002307471188706778,0.0035881770259691415,0.0014358456005867382
2007-02-19,0.0,0.003604903877621135,0.003878806760650999,0.004433300371992299,0.006110800287753015,0.0034782828444139824,0.0,0.0,0.0
2007-02-20,0.0028443052063151786,-5.4068848038157924e-05,-0.004981068834957414,-0.003733975899095743,-5.909748129540038e-05,-1.7838298967731703e-05,0.0,0.0028644197651865877,0.0
2007-02-21,-0.0014044174065548365,-0.0014443294877340973,-0.008608455624346978,-0.004183234124649937,-0.006342669784660471,0.00441768107770435,0.0052609619003936015,-0.001087435304481854,0.004060208353692696
2007-02-22,-0.0008575564443651373,0.010918199474019508,0.0037438454641265384,0.0021169421526654464,0.01097658876587393,-0.0013748452080306617,0.007854591340813233,0.009666662073336996,0.007641605274601115
2007-02-23,-0.0035636303711943373,0.0043973120236082686,0.003228384710620924,0.0010633080905722014,0.0031611636725275005,-0.005954705737942656,-0.009396098273797726,0.003050340860237144,-0.004689265292372569
2007-02-26,-0.0012472522550458498,0.001480612389641367,0.005186284464578694,0.006201145080417136,0.0013081274708590662,-0.016121676631918103,0.004164005442479635,0.00010204914686906541,-0.009835044528079595
2007-02-27,-0.03473209234293295,-0.005238987996387667,-0.023093539714361122,-0.02705555763613221,-0.008303103653951371,-0.05802362961631824,-0.06626795708046762,-0.01049638442752876,-0.01755806894399492
2007-02-28,0.005560956084172064,-0.028465909341763074,-0.018230699479804713,-0.01674633666367542,-0.02690954568046,0.008332317643255926,0.017313113609282782,-0.02561528942664648,-0.024635854807480873
2007-03-01,-0.0025945039166346273,-0.00855538362610575,-0.00899295147046908,-0.013657538804830671,-0.003820983346849438,0.0003265894489083987,-0.008552751039988427,0.0,-0.015515856033454956
2007-03-02,-0.011402752339345956,-0.013497571548645393,3.270111183772961e-05,-0.004879319326271947,-0.004179686773911673,-0.012253613358025994,-0.026359178535424688,-0.002024919920414203,0.004931615891164309
2007-03-05,-0.009407642898851765,-0.03343491348843908,-0.009401262221640838,-0.007869619082517598,-0.02286829201520435,-0.020240400104554856,-0.02810206505382118,-0.027091419400906314,-0.03997169016989488
2007-03-06,0.015493552237068275,0.012152803857651495,0.013171142324261087,0.007620488133344816,0.020902801803580173,0.02199712506063789,0.049521165560443725,0.019460087926461478,0.021092018807514545
2007-03-07,-0.00246522527429216,-0.004742200718335421,0.002932312454182684,0.002887499719478548,0.00927402287770196,-0.006497660462807975,-0.012754289839512878,0.0057166073859706845,-0.00734158299472798
2007-03-08,0.007126590371919095,0.019427222328928462,0.011565012588321322,0.015069729510662766,-0.0005218571453829979,0.02250959445685008,0.018718134172448275,0.009171125837202032,0.013559642765019086
2007-03-09,0.0006847898194579649,0.004314140586098247,0.0028100261733865484,0.0022265332216393485,0.0013544454614138335,0.012427825870001907,0.015358961280619754,-0.00021771344696586148,-0.0021011547746381254
2007-03-12,0.0026731297002531296,0.0074778432117379445,-0.0019054633958879297,-0.006083090767339483,0.010427781575058859,0.005704898413777082,0.002624088502545252,0.01246856516669248,0.01607221994598329
2007-03-13,-0.020368263898762895,-0.006566472303712767,-0.011566906774902574,-0.01205868033185975,-0.004406898601610587,-0.024649345571008063,-0.033895505074325705,-0.0036632832175836905,-0.005620699480825886
2007-03-14,0.00669109909648391,-0.029219085805560874,-0.026050120106472785,-0.02777432088686671,-0.020999381077334567,0.00489371624569368,0.012609773521861767,-0.019971449462066082,-0.025666291145669984
2007-03-15,0.0036837590201632686,0.011003250606078208,0.022080757244988147,0.020332040500236737,0.019357811778327072,0.006145740235904196,-0.0002367837695237407,0.013898264138073158,0.007034585784413849
2007-03-16,-0.003828252937627452,-0.006894265197898597,-0.00042392225917942117,-0.0002584322945025086,-0.002859721258332115,0.0006654632036788843,-0.012665733017023117,0.0006657649639436602,-0.0008402989228990521
2007-03-19,0.010894408594397609,0.015850311899976877,0.009591230874628875,0.017806321432335848,0.004021054507323152,0.0,0.022993425702386494,0.010862257332548975,0.01652676286701671
2007-03-20,0.006333537794388278,0.009033160783207261,0.004992406372184899,0.005925301258294269,0.0028769155260601753,0.018810902918879435,0.014602671315217197,0.0005403944879762701,0.004679566963585957
2007-03-21,0.017080811373977545,0.0,0.005867884185650318,-0.00030150605953638276,-0.0025085908430818593,0.02963025395275598,0.02886053869969185,-0.0009140198176116332,0.0082404723896905
2007-03-22,-0.00034842234362808533,0.014915633448308041,0.009781357882623576,0.022506982092985073,0.016015895285185877,0.0013908797269976958,-0.004529390855223858,0.003936653151748404,0.008907375895464309
2007-03-23,0.001094427481980187,0.0035254202259575873,0.0033871478315921077,0.005155776387983035,-0.0005802798540636145,0.0004681727461888219,0.002385293471450556,-0.0007939083070421793,0.00012137987074822831
2007-03-26,0.0009678924316383064,0.002365478092583695,-0.007492822664605492,-0.01180223209386444,0.006446425418380919,-0.0039990053773993894,0.0024604387236992764,0.0016512595171964684,0.0037176325774501695
2007-03-27,-0.006184347826087011,-0.00895504840782646,0.00011125415216395318,0.002776362771630847,-0.004420045731172939,-0.0012301586315124347,-0.009596543377786926,0.002386585458383106,-0.0029879817968869737
2007-03-28,-0.007965784923806951,-0.006352990633485045,-0.00403648730254591,-0.006117570017406537,-0.00687235787366014,-0.0009262442874196086,-0.01598065589196962,-0.009282770105213944,-0.0077597619906641935
2007-03-29,0.0037396893940997433,0.0005337666831064514,0.009094970640796562,0.012564798217140627,0.006367340599119142,0.021565732849128327,0.019580704116751724,0.007786128050898178,0.013701124125301112
2007-03-30,-0.0011739646967023898,0.0013733829010065257,-0.0025615888175579693,0.00022966122576906223,0.005727145687487445,0.001513713653453097,0.009911337482662042,0.001102725800337545,-0.0010518732424634747
2007-04-02,0.0025970187069803696,-0.014995676104039735,0.0011889663918833726,0.002037775380707707,-0.013211234803919059,0.01474309761932191,-0.004523120573321604,0.004805342329007534,0.0004429084896517832
2007-04-03,0.009280123547787067,0.012663542867478395,0.00801203388488636,0.013545607523480996,0.01648724181000616,0.006052821381950624,0.015147328317266728,0.0028913417332976366,0.009742701807700316
2007-04-04,0.0011128344589188544,0.01739962479811874,-0.00021991486153227768,0.0036573016508489875,0.013931924841640742,0.0007785855910895645,0.005741641058966129,0.013431255337318593,0.010349102871112237
2007-04-05,0.0030499454622510136,-0.003002150581763008,0.005122001036969692,0.002278363989178356,-0.0032977643201483886,0.0,0.0019899501502880224,-0.0009235477716882379,0.0
2007-04-06,0.0,-0.00037961469108849233,0.0,0.0,0.0,0.0,0.0,0.001423713260100934,0.0
2007-04-09,0.0005887405108881971,0.014811739123969492,0.0,0.0,0.0,0.008895186875190308,0.004462064413310651,0.011393727049152647,0.0
2007-04-10,0.0026166231716520105,-0.004456214466381447,0.003204476888687413,0.00700684062422452,0.012494047280145804,-0.003933558763777323,0.0068159636459173,-0.0012657721876540018,0.006836317789814972
2007-04-11,-0.006572815332887005,0.0003045623783943796,-0.000701174857427822,-0.0019225985535178403,-0.0002647497205012783,-0.008025914396570744,-0.0049790064753792995,0.009511993382961048,0.004991185809620324
2007-04-12,0.006206259078304521,-0.007337265783327496,0.00048337049568858426,-0.0030699711171152666,0.0011062608675296293,0.01121017803014146,0.008678675537434621,0.00805460480236797,-0.003384935423628055
2007-04-13,0.0034880508357506557,-0.010060762513098176,0.007169129106664229,0.008721921860178172,-0.0036366399882302725,0.005243697683349646,0.012243128117438884,-0.0031659467360596327,-0.0019253972358478366
2007-04-16,0.010751281963038206,0.015224070559981984,0.008325080465461765,0.014337498697117423,0.010089537371234414,-0.0014636004975435712,0.020760656534010602,0.007404095266902555,0.020478866052110467
2007-04-17,0.0020497524634484066,-0.005720914665622856,-0.0028237316227248677,0.0011714334646344415,-0.0018066469829221,-0.004026762983256882,-0.0033876921686931682,-0.0022062087151770715,0.0014972879721240062
2007-04-18,0.0006931796558566905,0.007980624677291992,-0.007448674936132327,-0.005800135937122253,0.008146808067667655,-0.0013334914468365877,-0.0009360999009753179,0.0038726727983984244,-0.0005541496040379901
2007-04-19,-0.001202037351443086,-0.016717862857602128,-0.0013644680125282083,-0.004363436148613675,-0.01151186043260155,0.001844752553491924,0.0010734997281862668,-0.013632394531402636,-0.022976268572740488
2007-04-20,0.009260707267819246,0.004642536223583127,0.007173244728752026,0.017709963063920364,0.006878100733259673,0.007375890835600085,0.013249011066579719,0.01282982968434121,0.013146985843640158
2007-04-23,-0.0023040388048639615,0.0001575694652149462,-0.0010945304310292503,-0.0037742342289309727,0.0002693525454298129,-0.007998999747925839,-0.004980754199001125,0.007351214548490637,-0.0004871979263456616
2007-04-24,-0.00035113070840619987,-0.00020624025729609752,-0.007747272250258508,-0.007338436224466616,-0.003372764388040239,-0.0016783892599306904,-0.0018556981609202383,0.008003367112377369,0.0007895286032639781
2007-04-25,0.01013908309184619,-0.01235462076339533,0.005039272105140213,0.008381736468681122,0.0,-0.0033857768264341503,0.012323607126510483,-0.007168965317882026,-0.0017508554985223856
2007-04-26,-0.0007823888940899915,0.011197969849432665,0.0011606493446199018,0.002218216163689446,0.0038720417930360185,-0.0034455061531747377,-0.012237398690181478,0.004904402963346488,0.0063549397714735
2007-04-27,-0.0001204617701188182,-0.0016501072627095326,-0.007836893684112889,-0.007040897465231621,-0.009742651882136522,0.0010302392077075062,0.0032997273766097734,-0.006831366337653688,-0.006812213889677898
2007-04-30,-0.007830958388830522,0.0,0.004751741006745913,0.0021012381562948157,0.002336122722276235,-0.012808391944555741,-0.00554970993061088,-0.00018152114721359247,-0.010109857988453985
2007-05-01,0.0026511599668099795,-0.00720845083535393,-0.004589716553991097,1.5936835490837353e-05,-0.003271317610703983,0.0,0.0,0.0,0.0
2007-05-02,0.0064724483617035755,0.006942989224878904,0.010109664153529652,0.005252241935520541,0.014951887827973742,0.009077236693404211,0.010522630447220571,0.007171387073347857,0.003420939436920678
2007-05-03,0.0043250975988020635,0.0,0.008219600586012898,0.002681475173706982,0.0012611943624434296,0.016850011893402295,0.01509312222744641,0.004223266593703645,0.014375267614227472
2007-05-04,0.002149907813550289,0.0,0.01007984337238832,0.004126649982382213,0.009491954742575137,0.008768878380126965,0.007558412066377418,0.005051735412152425,0.007712176729244069
2007-05-07,0.002563727899470125,0.015804039340221454,0.0,-0.0009627518507103749,0.004883512601651319,-0.00790568354276433,-0.0062465178815122036,0.010665033742840002,0.002665888715939646
2007-05-08,-0.001165964438084588,-0.000735151385157784,-0.008071232793736893,-0.006752512209235673,-0.0049418546839027355,-0.006856733330937614,-8.034727524297569e-05,-0.0011423450260655832,-0.009106248660071703
2007-05-09,0.00322341018226191,0.005169667958706103,-0.00012212994626270568,0.0031079132776583585,0.005817712417802934,0.014216972582543175,0.020335858707907883,0.006805042176097009,0.006685388781702217
2007-05-10,-0.013956286609633772,-0.0006287989939216532,-0.0038933675338952423,-0.0074937345057547455,0.0022806966359645298,-0.011303034758640695,-0.020768953217077613,0.003928656600268532,-0.0047258834106187475
2007-05-11,0.009641494632811831,-0.010330969906906184,0.006376358424916795,0.007104035410884224,-0.009148916050285116,0.013655239021481913,0.013291614478284641,0.002425485097019342,-0.013402891218517898
2007-05-14,-0.0017930072716404455,0.007076562688706378,-0.0015535281843519488,-0.0021139163522168047,0.007587146425304336,-0.009728282114192965,-0.0076935498890228216,0.001378183541620004,0.024967009816686536
2007-05-15,-0.001303928416991007,-0.009331403998429577,0.0019983220196782003,0.006187524355871998,-0.008502255269387304,-0.004918980606611667,0.00014749332617447486,-0.010213168760158764,-0.0052952347177495085
2007-05-16,0.008626489651543112,0.0009147500882202841,-0.0013853789239717251,-0.004145434730231434,0.0005485446955044715,0.024353213767361215,0.024136840952994953,0.007065692695848114,0.0033117454110689337
2007-05-17,-0.0009180128653889508,-0.0017342689257802135,0.0030185227532586456,0.0013453563724670214,0.011313747260964568,0.004519260083220011,-0.002050541231553904,0.00935899037860799,0.002739135875468035
2007-05-18,0.006610477607007059,-0.005658738413358622,0.009362698159378624,0.011796132837462281,-0.008384257332749723,0.006495426100542767,0.008642209877038232,-0.0020611792668886464,-0.004275859375334923
2007-05-21,0.0015432605483498563,0.009039873376253782,-0.0006173861976538353,-0.0034078659885156126,0.00895415847258918,0.0010558625963852375,0.006639504678395802,0.009893006667700543,0.0010959184571610603
2007-05-22,-0.0006425808143728506,0.007016056962317441,-0.004550385728061657,0.0009718869386456941,-0.0047448512005556776,0.003045388070428201,-0.004108085217588653,0.009016091389264291,-0.004005686230005745
2007-05-23,-0.001207254021992954,0.0014179824152080744,0.0014833651197285747,0.0066690828389128765,0.0025760440992752542,0.002194320220113788,-0.007577178172961219,0.002258229450720517,-0.002156504150850558
2007-05-24,-0.009702551436003848,-0.0004603188230295485,-0.00770811921891057,-0.010442941624867474,-0.011960124107845194,-0.017209677795544054,-0.024740168878166435,0.0,0.0
2007-05-25,0.005452700147926093,-0.012191917599453594,0.0007767995857068666,0.0024299863004471067,-0.0041891287141012645,0.011913214131973104,0.021518029156561314,-0.0012328509222089279,-0.013380951075942726
2007-05-28,0.0,0.006085391114230676,0.0,0.0026750188192277147,-0.00023189588802208227,0.00744038845589956,0.009725295279918944,0.008117672812180787,0.00044345552238556074
2007-05-29,0.0015702004974500472,0.00483124748757513,0.005479035081044081,-0.0001452364673127926,0.010598980445202688,-0.008526135985564065,-0.007804877861595116,0.0023463276052377857,-0.002930867189874564
2007-05-30,0.007983611200769403,-0.004770106877554969,-0.0006660107469915744,-0.0013609516381701825,-0.011741458088449175,0.023325494794834256,0.015749756638443024,0.0005536165603563514,-0.008589815428643233
2007-05-31,0.0002548636479482447,0.01634556232395945,0.0029233122794261046,0.009830555505827121,0.011221385147537344,0.0006042065009559394,-0.004934353621378507,0.022968389145496593,0.01678890456968074
2007-06-01,0.003737047732291554,0.004650434247514212,0.008351708097985355,0.00982128017905226,0.0031652827530102012,0.01743497236851166,0.022082341817608597,0.009012822547930233,-0.0015314180591990967
2007-06-04,0.0018485491492770123,0.0008096273264255327,-0.0018871598244640797,-0.004204548197596192,0.009389308879162783,0.004689417273933794,-0.0033691689314666595,0.012439985083671168,0.006150599406781643
2007-06-05,-0.005347002949622537,0.004472715821474349,-0.0046968082711844605,-0.005427728353544992,-0.00345975025289591,0.005457653722978462,-0.0015113814706547712,0.0026473448857327053,0.0054299192603424196
2007-06-06,-0.00886377739312183,-0.0007134228176767232,-0.016599324568809637,-0.016815194607793238,-0.005295543170284467,-0.018270678229440507,-0.020934043185939832,0.0,-0.0011294420201370947
2007-06-07,-0.01756975839934627,0.0006900974617163325,-0.002698269121682695,-0.012584257508524432,-0.004094780381916463,-0.015695782052512097,0.0,0.006227793753838418,-0.0008862263138605941
2007-06-08,0.011370344531501653,-0.01519327682683247,0.0,-0.0011480217736137277,-0.01259074624041956,0.009046484326022286,0.005386622800571228,-0.014694473600145974,-0.013990757763401751
2007-06-11,0.0009617489238360477,0.0031154575402903006,0.009592473597638707,0.008929673111812919,0.0,0.011658075546770341,0.008545055119771439,-0.006206289657727737,0.005185002791437077
2007-06-12,-0.01068172179813398,-0.004125155317115992,-0.0071716787209745725,-0.007355905333484181,0.0013429763173051779,-0.0070633271176473444,-0.018563066678489948,0.007759705457426547,0.001013800787660113
2007-06-13,0.01518419290020101,-0.0015843782779147997,0.006011901110361428,0.004257338547394296,-0.00951178275815101,0.008715036007616916,0.023101468536679937,-0.004561010012255284,-0.0027931241849955546
2007-06-14,0.004816351844398881,0.006176136046426972,0.013766083297761966,0.018938223587357417,0.01302927696168843,0.007214576813617812,0.013570662038697723,0.027404340327179533,0.014019801980198032
2007-06-15,0.006526720815249076,0.0072412229596088284,0.012406201597016553,0.01470666928277109,0.00520073864128201,0.00046334801951419813,0.015000868506609866,0.0017409195220383644,0.007178230395365803
2007-06-18,-0.001213378476231597,0.009906245948443804,-0.0042926742320716915,-0.004566029444078135,0.007879990892608602,0.0027763106006821747,0.003885093957790353,0.019534379831401827,0.026922903071553872
2007-06-19,0.0017373697789100362,0.000776329070961701,-0.00795107033639142,-0.0006622194948590066,0.004514467356855567,-0.004754459983295045,-0.0015844930170486604,0.0005368369786591387,0.0
2007-06-20,-0.013607526846665996,0.002646500337763147,-0.00013533427566081446,0.004062095502316954,0.0039033141918396463,-0.01603711711745437,-0.011245208049525224,-0.013308626268772272,0.004715772540192731
2007-06-21,0.006180428862272436,0.0015715189372973448,-0.008015881370971423,-0.012528571522853915,-0.0015416859403463157,0.008877123720633096,0.011616672749792611,0.005858312918000541,0.012451192478373008
2007-06-22,-0.012895893416722037,-0.0028327384966254643,-0.004335961188599247,-0.002071887823983154,-0.0006904616558146559,-0.005924443087270137,-0.007131398645513598,-0.012963706081683624,0.002060609428427007
2007-06-25,-0.00320785858800976,-0.005561166508967541,0.0031976124493711122,-0.001837316045149251,-0.008282334169614658,-0.010942644425524617,-0.004155925044824538,-0.0074817332776202505,-0.008070942108399648
2007-06-26,-0.003238212239774496,-0.001181480228312548,-0.004416853864367631,-0.008519099198636582,-0.003346415455377616,-0.017615664105424256,-0.003513776524257106,-0.004653729526150285,-0.0008605855922940719
2007-06-27,0.009016069502776336,-0.012002030320860557,-0.004832832771789697,-0.0047191092342951935,-0.019709202203476717,0.0019352922828024255,0.005410973250973727,-0.009402417764568072,-0.004495135429656627
2007-06-28,-0.00042486805855201926,0.0046494872622313554,0.006694650407500502,0.010396362746253551,0.01315198199810852,0.008928325056867248,6.501293702032562e-05,0.010761063989383146,0.010718912573552508
2007-06-29,-0.0015673668900386684,0.011492688878764312,0.0055696741892774515,0.007128773281232181,0.0014935582917063872,0.0023105455603160685,0.00453343414608387,-0.004652490366776174,-0.007543456123605408
2007-07-02,0.010696112016496562,0.0004377463012090743,-0.002618078360749898,-0.004345434175915486,-0.0018591436528714311,0.008655888003775036,0.018001708337577194,0.015915347556779036,0.0
2007-07-03,0.003580289977162421,0.000198387550079282,0.0074651776772980405,0.009563202140367766,0.005700699922372765,0.02218729124026253,0.005932324758660679,0.01927908092697672,0.017379997822964732
2007-07-04,0.0,0.0010369203136104677,0.005015211301545364,0.0024883614261876907,-5.4294582400804536e-05,0.0026091426475574053,-5.7810016536929965e-05,0.01822763777347003,0.0030431842334073256
2007-07-05,0.00034757061257684185,0.0029038919637707217,-0.005679519263910415,-0.007154792849185743,0.010105373724980549,-0.0007390930210675606,0.004234918299130808,0.005102235083577655,0.001550056146778278
2007-07-06,0.0033040513963549234,-0.004420058085292777,0.008274053532674408,0.007253103941120331,-0.001753302550862812,0.007272398418414205,0.009143011002221701,0.007154492664209755,0.012526406563792003
2007-07-09,0.0009213036773736416,0.006672201109755083,0.003378125887505412,0.0009526019737207125,0.0077887000789151895,-0.009983697315548934,0.0,0.012133196490077935,0.012679446860295762
2007-07-10,-0.014185462023044049,-0.0005098023324963119,-0.01218585665976435,-0.012058488416255342,-0.006104748764606316,-0.01075876683832866,-0.009939633684733606,0.005808058016872009,0.0029981465923198947
2007-07-11,0.005721399623870971,-0.011130426397891413,-0.002382783634197305,-0.005951968530335194,-0.00572001929728394,0.005457892790289076,0.00847185264849415,-0.002412207777126696,-0.012183079144134523
2007-07-12,0.019055018567778914,-0.003621704965951933,0.012486583725113576,0.015779580530272952,0.006053157176715285,0.010804207383882769,0.02230316382618902,0.010471121081927715,0.008935277626153315
2007-07-13,0.0031013762357046115,0.01416859521778635,0.0028367947205756305,0.005505013613121612,0.004085855773062752,0.0038873442009106363,0.000539981827033964,0.027846576777065035,0.012726105724840453
2007-07-16,-0.0019194847020933548,0.0,-0.002828770080545495,0.003302095509810421,-0.001341593660516116,-0.003723155103776188,-0.004679745528428203,-0.006836718578859147,-0.006292401195015174
2007-07-17,-9.680417161450627e-05,-0.001188664917662452,-0.005763172432327379,-0.004225936189679924,0.00012067369144252993,-0.008888322760261413,0.004971729551855875,0.0,0.004502930651556936
2007-07-18,-0.0020653555961454018,-0.011071362503821902,-0.013815680797705343,-0.01456268963556917,-0.008227542436756496,-0.002889383516879951,-0.0018002190439935228,-0.009648578360716309,-0.009341076361933154
2007-07-19,0.004469107536687389,0.005605703507741477,0.011131245146259294,0.011274042869089618,0.008700118768692366,0.008276481070187858,0.009881184970771839,0.003729217382296701,0.007629831467757642
2007-07-20,-0.012220877224611737,0.0022829928623353535,-0.008282883045691358,-0.017116109175172145,0.005897709852160871,-0.0070925471180209865,-0.011730495382589523,0.023551266835234008,0.011978519477585436
2007-07-23,0.0048693044781957795,-0.010700008205781208,0.005952742513515075,0.008440508140186376,-0.004897361731283523,0.007700182503816988,0.010341254612854511,0.004794458392570755,0.003162472790970261
2007-07-24,-0.019804485037980712,0.0021370947090901815,-0.018975303423706236,-0.015769338017957657,0.00500221035541748,-0.021955687610492602,-0.0386341279847241,-0.00039637741150500005,0.004593084865074815
2007-07-25,0.004665660736975719,-0.007977433656093269,-0.006832135657900751,-0.011595490541833287,-0.012737567189285093,-0.011398458147329538,0.0037051992693912794,0.006003232509812939,-0.00471608085586428
2007-07-26,-0.023331950016138636,-0.008753853924367228,-0.0314673938304697,-0.024760943841867444,-0.012938496051437931,-0.035588565027828034,-0.037644661820350644,-0.02029717296504374,-0.006441607760919621
2007-07-27,-0.01599816547175026,-0.023628848345025877,-0.005758894292295924,-0.001961005614965705,-0.028051614292819993,0.007953234699932699,-0.01801564762868746,-0.04090571111360086,-0.027627458405656724
2007-07-30,0.010253949758388003,0.00031763829849995595,-0.0014641524005662987,-0.001272210678088248,0.004253865484080244,0.02201112148534312,0.03118500486468534,0.012473316978366844,0.007509389505994779
2007-07-31,-0.01263984910883309,-0.0023372837535353685,0.024814295612381354,0.018048301794214794,0.0057870480260162616,-0.00779982835329196,-0.007148457806947506,0.013929753344766649,0.019570886415507527
2007-08-01,0.007235720960914627,-0.021909235898657786,-0.01721671042908135,-0.018221883406824735,-0.03303312443055739,-0.0199379249476348,0.0009480920961566497,-0.03973578444811121,-0.03146784076214981
2007-08-02,0.004359364446961056,0.006705597422319354,0.007951236681278617,0.012180644552223674,0.01188748747097601,0.01152941074673941,0.00842739048494967,-0.0018206792534137817,-0.0005392921779031612
2007-08-03,-0.02658606167640276,-0.00025023389509370997,-0.012062917638842596,-0.013866802217942231,0.001532810885735092,-0.02378827174770959,-0.03372662226197698,0.012805776360310217,0.0042413643300323045
2007-08-06,0.024151117189789684,-0.00385162186260668,-0.0056552544061179155,-0.006244694610551882,-0.01675074397372145,0.001680385093305814,0.004630780764926623,-0.011588874680306893,-0.026697056229268767
2007-08-07,0.006159422758521993,0.00043217460090372306,0.019340453377712397,0.017612151956562183,0.010949819338538003,0.017438141851573885,0.013399232639745629,0.0025713592625535853,-0.0013101314553262133
2007-08-08,0.014071821820127228,0.0063533542885878536,0.013489094598021723,0.020440516273849685,0.019344816904354634,0.01395340992965588,0.026743934480343734,0.023437752040520232,0.028696379722648935
2007-08-09,-0.029649613686902776,0.008298647975721885,-0.0191901656266128,-0.020402271196227506,0.010626979148448568,-0.025370598727344373,-0.03277489316430793,0.0027687150955391093,-0.004317851750058832
2007-08-10,0.00037850374030523604,-0.023674769664426276,-0.03713802780966957,-0.026639813996135908,-0.0372437445930065,-0.015509658023903028,-0.014836188238852355,-0.04201332858310458,-0.028817666814026865
2007-08-13,-0.0004953083294351179,0.0021450612589171136,0.029925641322888774,0.022709304085992477,0.012736870566770975,0.006346941432274766,-0.003877797330566146,0.011359099584903332,0.004514812522169009
2007-08-14,-0.018156539933375626,0.002652373058413593,-0.012140215468724902,-0.014143085067637173,-0.0077836170431137,-0.024030303439703915,-0.02903192031278934,-0.016963542173626167,0.005309006856667908
2007-08-15,-0.013907776858693044,-0.021906117149640192,-0.005566859282168157,-0.002988845457145617,-0.029635148417996304,-0.02612842797188375,-0.031946456368127096,0.0,-0.028699541788822946
2007-08-16,0.003248738181559574,-0.019854803555073297,-0.04098669241975361,-0.028861646737077806,-0.013220535238088305,-0.012351136590983969,-0.025763260038997426,-0.06926161648944662,-0.03290321916641881
2007-08-17,0.024566525186534127,-0.0541728669367848,0.03504070730000519,0.023353592642646026,-0.007086729977309081,0.025815704295589326,0.01131320999134644,-0.03186207874797575,-0.01379908177041933
2007-08-20,-0.00026972073530029395,0.030038602353853028,0.0023910820883217276,0.003870393534109562,0.04612431150243235,-0.002003110415542797,0.013336419628507734,0.056896225436031456,0.059277593265947726
2007-08-21,0.0010860917989692354,0.010733209258807275,0.0012173655551352969,0.00042652200062764933,0.00957081840948093,0.004037457540447598,0.012370758576736751,0.002836068319788332,0.006191993472753454
2007-08-22,0.011712919453811699,-4.402144724913182e-05,0.018057540953976936,0.01232314667778045,0.0026019313797365218,0.024534424887892037,0.03873284957085277,0.013431787026690678,0.028419165782685774
2007-08-23,-0.001072353097871015,0.026142343955966485,0.00014525500322792873,-0.00014905880014770556,0.025763278851340443,0.006507833794680673,0.002003495633164265,0.02285876669508391,0.027748392616776973
2007-08-24,0.011535042735042689,-0.004127769006736837,0.003743807387564857,0.0030147495557149018,-0.011557888718083054,0.019746217050884862,0.02216719837880654,-0.004661836285644538,-0.0019628187784458406
2007-08-27,-0.008503619784097194,0.0032260506358248175,0.0,0.0005473466662575532,0.015887503252034696,0.007799200706754661,0.0015206360443764666,0.006531459865016576,0.028611951283249448
2007-08-28,-0.023473026131893504,-0.0008526880223097555,-0.0189546791852222,-0.016569400723894345,-0.0014444093967772575,-0.031347767725024345,-0.026994535416174026,0.014575464634531965,-0.009075089077701715
2007-08-29,0.021921863218743898,-0.016863249033460592,0.004916259709612847,0.005490711346830546,-0.012299610785951987,0.01309452527316357,0.021092129724023412,-0.0017055611132065218,-0.014687704376350363
2007-08-30,-0.00418101328086562,0.008804814639261194,0.013013274191970181,0.012528674783836236,0.005690186771954986,0.0011204687322245999,0.0023362252970722253,0.008493092175512862,0.020153254042031943
2007-08-31,0.011216761340248516,0.025707232097423427,0.014697359948486755,0.011408061948319892,0.018282361367222055,0.020299508439833636,0.033663880325037976,0.017125481891730354,0.021273569761212974
2007-09-03,0.0,-0.00266520370159129,0.0018878999888947146,0.00033297939719068026,0.0032164799537457434,0.014819496333513982,0.0035739360187301283,0.0045749610300869215,-0.003337622278722474
2007-09-04,0.010468184994470775,-0.006321358093498652,0.009754243729414913,0.006601505124546492,0.004145966617820518,0.004387030158194083,0.0076224852737909465,-0.0037570211657924624,-0.0007538458899711831
2007-09-05,-0.011501121241825785,-0.01595691231736973,-0.016638439342616995,-0.02056725288193617,-0.004855973355706311,-0.003981545748820592,-0.015251272975596364,-0.004880676787181182,0.007665555698363136
2007-09-06,0.004251879724782581,0.00609897607753207,0.006793499928237745,0.004889727322738624,-0.0018788960707168956,0.00024018526723046385,0.002962257454487638,0.012446464657293488,-0.0007798357816242163
2007-09-07,-0.016908457610496752,-0.0082942732361444,-0.019340123231907258,-0.022015356709867206,0.00439245023918744,-0.018307457421970708,0.0,-0.002070086456551934,-0.0028186641386421796
2007-09-10,-0.0012727460355680398,-0.02215521989609337,-0.009222767799457188,-0.006239158950802737,-0.013883610659386592,-0.011886184306428849,-0.035119390129927264,-0.02601199002599619,0.0007125996711783156
2007-09-11,0.01363229317352066,0.007148760828596723,0.02389918651472911,0.014722769524592394,0.007141538460047503,0.009967490912642818,0.024082395218315122,0.0062586130826256525,-0.0019775247190589873
2007-09-12,4.757082956730052e-05,-0.0050429313620953264,0.004060057000015993,0.003178195766376124,-0.0024275682716489166,-0.0038027712766062205,-0.0007021439127962159,-0.01831803221895023,0.014942235047744834
2007-09-13,0.00841963630433007,0.0014932647997163428,0.009149725666804054,0.009100646212378605,0.001651522485736745,0.007510889792737174,0.01903152235661487,0.019023776964136152,0.009332731115493376
2007-09-14,0.00020216314565857374,0.01935568689839373,-0.011722371501752038,-0.006512105172734373,0.012236233014059295,-0.006804779714232323,-0.004319574970432449,0.01190463306674161,0.01471613097270974
2007-09-17,-0.005120431194205799,0.0,-0.016933522013578672,-0.008701028583340986,-0.0056231075089510085,-0.010019261676706082,-0.006044520861151259,0.0008876910407376037,-0.011999706001780908
2007-09-18,0.029208004605018045,-0.020190458238205533,0.016254771301028592,0.01907226718857924,-0.012569344906989133,0.02715032208975532,0.042799721901917165,-0.01766861856727653,-0.0009142521709932794
2007-09-19,0.00608640724315368,0.03668822539204397,0.028122165104324193,0.029291204900080192,0.026416615341486427,-0.0029663351350927014,0.010551597686808467,0.03483066011824154,0.039785000925667946
2007-09-20,-0.00672321667985587,0.00196867937935008,-0.0047987616099071095,-0.005278709962568295,0.0059161804167569,-0.0008812741211511321,-0.006247880439129383,0.003321682915933044,0.005732422761580702
2007-09-21,0.004609053497942384,-0.0061643288966167775,0.004308601648778998,0.0009596533338220858,-0.005610338375146129,0.00319231116177221,0.01568100200961431,0.005390341388287867,0.00555033961541751
2007-09-24,-0.005249877109618217,0.0,0.0014248764848916462,-0.0022240781630762374,0.014721775137896298,-0.0012954879938474884,0.015927323046036168,0.0,0.02740156432224694
2007-09-25,-0.00034261467708562865,0.005463258178795449,-0.010671368254999258,-0.007278764765641599,0.0048937759824907445,-0.00814184383231098,0.002357143818130236,0.0,-0.004581586128923121
2007-09-26,0.005404621610577198,0.002073561752327535,0.0056433585017743315,0.008203026641933509,-0.00025358505094530415,0.0002776056725302123,0.014561371495832809,0.0,0.0
2007-09-27,0.003907120661850616,0.02412303918168579,0.008300948235659744,0.0056319310787278365,0.00875460626643565,0.007419023350024645,0.02239996329220073,0.013557308546002123,0.024020167769631007
2007-09-28,-0.0030234167874727547,-0.0027643412455399252,-0.003021706956092718,-0.0016564213097347569,0.004530347362319276,-0.007593356918239036,-0.00962090950009542,0.0006168777759500976,0.0028568103261943367
2007-10-01,0.013289667594563515,0.003590558386339815,0.006092657883342456,0.006376505975977276,-0.0006158882417874878,0.018467338632349506,0.031014275020978976,0.008317578397928571,0.0
2007-10-02,-0.00026502223601188035,0.01192095909048807,-0.0008914573791153346,0.003936820382570261,0.014653918785198394,0.019319295507342682,-0.005184764792748875,0.0261990044174516,0.03895297664508779
2007-10-03,-0.00454536637722025,0.008981754912071427,0.005353516706664285,-0.0012265614941010528,9.159311814332938e-06,-0.008678361390559997,-0.030935812562724707,0.0,-0.02552540359400357
2007-10-04,0.002104442712392851,-0.006244225980514884,0.0019433223160729707,-0.00026913456275801106,-0.013968873640192503,-0.0032236606621669495,0.005127409853512344,-0.005208307473846707,-0.01841197615424195
2007-10-05,0.009560291410645405,-0.001605968469193253,0.00731532246979949,0.00789975545144217,0.0058538876227782755,0.01488529145549311,0.031652107580083744,-0.0037781992413654653,0.031791378209667265
2007-10-08,-0.003216507553335579,0.0,-0.008323478577276555,-0.004363332742278403,0.0074147359114418165,0.009022242203307718,0.005490003645774344,0.008411697218979608,-0.0022000235703978355
2007-10-09,0.008096201161936989,0.00555873294173348,0.011389869895580107,0.0026398429169476323,0.0035297280555521837,-0.0007484561912755039,0.01416897472664358,0.0006508281912938063,0.016483443276969822
2007-10-10,-0.0017122959460754705,0.0010483744077760537,0.0026604589291654435,-0.001117461630819494,0.009049503393694813,0.010304798267010362,-0.0055335523045400015,0.013400326691921371,0.012090460407452985
2007-10-11,-0.0051584990431815525,0.01636347653873682,0.013794663048394495,0.006968876403735669,0.004994912630211568,-0.004620378843053441,-0.011729505052768374,0.008686407462569656,0.01973059921251208
2007-10-12,0.004754215425788466,-0.007320588029770425,0.0009220016358093552,0.0005476610402879167,-0.0033925421073778272,0.015400418061377152,0.0,-0.01574179760545924,-0.010113953170663437
2007-10-15,-0.008381354846971445,0.0015567327537611142,-0.012806988871885472,-0.009168859835300358,-0.001474157641667917,-0.004237613042277322,0.008224540342709918,0.004416612384279928,0.024356785768405054
2007-10-16,-0.006573212544633944,-0.012687411964984907,-0.004545112499059312,-0.0031725058512100945,-0.006979235760848357,-0.0032484059493083084,-0.019875355410497564,-0.01455740668864447,-0.01984477051723077
2007-10-17,0.0017614216167380903,-0.010655318731794594,0.009585292472370499,0.004725271493878136,-0.0017691386839454593,0.015233866218731018,0.023911539439935625,-0.010878669432035748,0.011886214774534665
2007-10-18,-0.0007526407308401373,0.00889278933856108,-0.010228072539946398,-0.004822369309739338,0.013104708629398276,0.003493081986271074,0.0010706768573498504,0.010660604655382544,0.0056773830656708935
2007-10-19,-0.025615552438834177,-0.017053575656389097,-0.012330922625351737,-0.0020631710395938585,-0.009063695437373398,-0.030841646333367057,-0.03741685481478185,-0.01745058825289636,0.0
2007-10-22,0.0037984046700385576,-0.02235587774028991,-0.01050873941083652,-0.012472626868513803,-0.019235440485309563,0.0045903328996901305,0.0052688027071174925,-0.03364803817065121,-0.03704117250776762
2007-10-23,0.00880285196470898,0.0007366865651121657,0.00846840988961639,0.00509154683855817,0.012700765661393998,0.008131505423297547,0.024209864456711916,0.023200844622099925,0.035357830492608766
2007-10-24,-0.002441448022163728,-0.005604057729271639,-0.004912496162112423,-0.004860200711672147,-0.003966306437745204,-0.005624050557502702,-0.001153641138973871,-0.007505210525775463,-0.001474970435914602
2007-10-25,-0.0009697337520120364,-0.004537121318173742,0.014547979018821433,0.012618368930077839,-0.0015256755734246452,-0.005057385473995812,-0.004524085582056081,0.022442793892498036,0.017759880928071237
2007-10-26,0.013780944394186534,0.013599710639228269,0.0129252011009231,0.006371086915133661,0.011512584846495866,0.007861105622826159,0.03102412213760064,0.025956747186037576,0.018447141451754856
2007-10-29,0.003712677817726995,0.011659657947015623,0.006710401873508243,0.007033419439984145,0.013664043062547426,-0.001120212491862893,0.011959907635216815,0.01718884056684722,0.03886437920857011
2007-10-30,-0.00646341938247097,-0.0028188869618545054,-0.0070086489710706745,-0.0019031815111842931,-0.006179499350425388,-0.009879516871251659,-0.010165070549599142,-0.005114110096368307,0.0016247241736289109
2007-10-31,0.011992005329780175,0.005202086840377929,0.009400810932572501,0.006013959376645506,0.0005897634487104231,-0.010223819690771574,0.01451575901948221,0.0060807749090077134,-0.009028320809451373
2007-11-01,-0.02642347261485245,0.0079324253194748,-0.020158890740299973,-0.016597658242367586,0.011039147071909117,-0.020737367472941415,-0.019406990754420206,-0.0008281473230501435,0.004474910836683943
2007-11-02,0.0008021532178938973,-0.020919480273141278,-0.00842683834135527,-0.001175466053038754,-0.01935022819114307,0.0,0.0,-0.021229775972546716,-0.032532432727651495
2007-11-05,-0.004954790845560275,-0.015048300346057641,-0.010596269868006103,-0.003918296266734345,-0.0170594847987805,-0.021054459639749057,-0.01702620824205059,-0.001772856477859075,-0.050085432944492525
2007-11-06,0.01204923543939751,-0.001185696407628778,0.0020893304856532957,0.003309961755600055,0.006940097789110533,0.009046117258981079,0.024521776283343844,0.019089574155653377,0.01713096945925563
2007-11-07,-0.029369782999072558,-0.009412522008193314,-0.013868940060850266,-0.0015882595851466341,0.009708947331099393,-0.02787630830909782,-0.015546615117986717,-0.005379118311394815,0.009198953873768456
2007-11-08,-0.0005760290589718053,-0.02019733261765788,-0.0005011667789072138,-0.008349354822581811,-0.025511474948825996,-0.009887361356707203,0.0009651874265164118,-0.0311424781836247,-0.03193349609023277
2007-11-09,-0.014286973561979166,-0.011929693746405734,-0.012065372381265815,-0.015072417270143967,0.003686962260502691,-0.004467779138892403,0.011935607347230315,0.005511325749156359,0.0008063220656864267
2007-11-12,-0.009988305702689715,-0.024791092070931775,0.00523402433028286,0.001175011575609064,-0.013813245205917757,-0.03336755963710514,-0.04343385691915613,-0.03368551146211696,-0.03883070143530598
2007-11-13,0.029092955710890767,-0.00463641394503822,0.0038656337272597874,0.0021148626036513463,0.009291032099884022,0.04608261577597306,0.02275688654404151,0.004923521643738882,0.004974385277381144
2007-11-14,-0.007069308936227703,0.024653872012470712,0.010954985540047923,0.006099286174796825,0.012789258649690716,0.005796210790787626,0.027076440760035902,0.020534019007806936,0.0490106408040758
2007-11-15,-0.013212473989854256,-0.0066621246022467995,-0.011271590926758002,-0.008491844694210604,-0.010594587484113904,-0.016346952759134115,0.0,-0.012592645165215077,-0.014222034484662083
2007-11-16,0.005230334562243755,-0.01569792742412135,-0.010755393420969983,-0.004426424639190629,-0.01022876248975868,0.015792107888340734,-0.00033250364725101456,-0.011058970909875065,-0.03953850985749818
2007-11-19,-0.017460273935039794,-0.0073937897445068845,-0.02708545269582907,-0.013006725200821911,0.011342384068757871,0.0,-0.035186222186314176,-0.016992004983906184,-0.005586209818562282
2007-11-20,0.004486244741046752,0.011232130701157361,0.01726898444647751,0.011957318948588647,-0.016791320551808875,-0.01960915334557023,0.0,-0.011212218836316401,0.011326950998482577
2007-11-21,-0.015926929221365627,-0.02457742553012454,-0.02498996225809047,-0.019091750755159786,-0.006404087011791182,-0.02079377580848807,-0.028145524850640036,-0.034851301115241595,-0.041518536642803805
2007-11-22,0.0,0.0034446132341623414,0.013902386796027066,0.003179536559903662,-0.00783267773855123,0.0025911844887498425,0.0011797323078943656,-0.004410649754564289,-0.023039507945506466
2007-11-23,0.016890532690556626,0.0,0.01735090084967439,0.014162778099845008,-0.0006352741664277239,0.006686848881633178,0.0052411248839916436,-0.014530133072450435,0.02061802151285219
2007-11-26,-0.023238703408065553,0.016552072468041246,-0.013030772424586057,-0.007152345186750453,0.022291382218930123,-0.028834375273197987,-0.031190781175938098,0.0465062497179729,0.04089997810941437
2007-11-27,0.014930145961541186,0.00579047135784716,-0.006439608445918621,-0.0031996224634261994,-0.005974015658843923,0.008666209279414305,0.006133995111155199,0.002403885023149588,-0.01507278125228495
2007-11-28,0.02855982579836569,-0.004537258134974742,0.02695132476753459,0.023032638645595682,-0.009724223067176019,0.04095126517129977,0.03841632804152684,-0.01349614741449301,0.005917999162814436
2007-11-29,0.0004765081482893674,0.023753809280588678,0.006802828961973928,0.005844868039261986,0.0116758705373472,0.004219440989821521,0.007157134838670309,0.023366345268137856,0.04060101040362074
2007-11-30,0.007770187518711058,0.010760139076715136,0.013135720023310427,0.011030595813204425,0.013752142710950155,0.012605476477486999,0.013672297950619416,0.015147318860649017,0.0056550434055389065
2007-12-03,-0.005887357035796792,-0.0032970529958222805,-0.0071356393315196165,-0.005296988589176155,5.709344758542123e-05,0.006651210660747475,0.003074143861488965,-0.0018730325288561778,0.0005170437664805405
2007-12-04,-0.006540253460289969,-0.009519501285113363,-0.011179657407697441,-0.007450242127150397,-0.0004178450765145447,0.0010097258691035282,0.004456972603574139,0.008094910193804594,0.007717452671849978
2007-12-05,0.015190150329165597,0.008313205458072348,0.028280972890803113,0.016339793966490657,-0.0034695638752544333,0.025429358984145667,0.022785052597188438,0.010621379371477113,0.016131115434810495
2007-12-06,0.015043669739597698,0.016990328582191738,-0.001262742924019844,0.0010566893424035495,0.014248325902374903,0.01611292505861206,0.013289344066870434,0.007723661128882453,0.0072743815480764695
2007-12-07,-0.0017845888479781635,0.005183922469837787,0.01068521031207581,0.007176090570961469,0.008149691941796045,0.0003538373435965081,-0.002314456988749658,-0.009650977641475156,-0.0242380303475227
2007-12-10,0.007510002259646598,-0.002004215244444829,0.0016018551007643822,0.0043136602239146615,-0.004441250023667687,-0.0027379114222811918,-0.0029339470378224597,-0.014423673435625894,-0.01183567149415432
2007-12-11,-0.025271115332858307,0.007556333398013981,-0.004340938861303156,-0.0034867159927625124,0.0083408514554415,-0.027431512615147757,-0.014266732430848195,0.009782734129939907,0.025463578598720726
2007-12-12,0.006050147193178201,-0.007009159399478437,0.003503189585277511,0.004386566141192594,-0.009752166125129191,0.0,0.003556378276005301,0.0012363186793207248,-0.024148351309960292
2007-12-13,0.0012242783820690661,-0.02483891174259023,-0.029817982255556652,-0.02208539267519416,-0.0026637082337774842,-0.007891224293838928,-0.02904928802445539,-0.005992373343017943,-0.027229352625743997
2007-12-14,-0.013746212401152924,-0.0014166621611532149,0.005153829232267926,0.003177937017818211,-0.016052672542850033,-0.0030955821648734894,-0.006618094942507202,-0.010882613915131345,-0.00651697907149007
2007-12-17,-0.015020947579958421,-0.017062736754173913,-0.018633734563076376,-0.016461975300194887,-0.035148352877311995,-0.03422915228922252,-0.041905056564203735,-0.02914434975330471,-0.035084625978281436
2007-12-18,0.006279825714088139,-0.0027495460593227605,0.000238937207301948,-0.0007721792847253939,-0.004254322495111373,0.009899821183228408,0.021195185348182655,0.01176745551195224,0.0051243430546332736
2007-12-19,-0.0013608434480198994,-0.011661732814478798,0.0008281177838294074,-0.001810105960818209,-0.003288350798037132,-0.006182195304867744,0.010236793467621963,0.0,0.011087099888638985
2007-12-20,0.004900206469373725,7.251916268979919e-05,0.009722332723367089,0.0031060088251566587,-0.0063492180949740185,0.002556569210005355,-8.927166794314711e-05,-0.009186288256055719,-0.00045025280011357083
2007-12-21,0.016669862751006903,0.014995077037707194,0.013946671709531122,0.01618884279324173,0.011349568156257428,0.01680878400052155,0.022384884357753654,0.01840736945406829,0.022572009050567443
2007-12-24,0.00807701116904469,0.0,0.007025069551297003,0.0008735217981321597,0.012262221561993414,0.007266586590369162,0.0,0.02190787512244996,0.01816633920827959
2007-12-25,0.0,0.019374057809530054,0.0,0.0,0.0,0.0,0.0,0.0,0.0
2007-12-26,0.0008085803067259256,0.006490880297108204,0.0,0.0,0.0,0.0049806104890604,0.018868355127309666,-0.006642458595341405,0.0
2007-12-27,-0.0142155095281975,-0.005676032386284557,0.0028552467087494815,0.00369840351109052,0.004310523414374767,-0.012010348484757571,-0.007993372351343897,0.0009964756230593785,-0.010162893546827423
2007-12-28,0.001435954401674433,-0.01650595032731139,-0.0032164732678753305,6.811045700105822e-06,-0.0017202416305718282,0.0019590366680926063,0.0017518006447103662,-0.006020056375810712,-0.01696409106369201
2007-12-31,-0.006851585063138765,0.0,-0.0030878969877564666,-0.0011170038868102417,-1.4353477571504847e-05,-0.005500301513222561,0.0,0.0,0.016150541091536352
2008-01-01,0.0,0.0,0.0,0.0,0.0,0.0,0.0,0.0,0.0
2008-01-02,-0.014437876270124383,0.0,-0.006225897876690034,-0.013748602183775493,0.0021019471166130455,-0.02836154049029649,-0.016763740469366573,-0.02302425242339745,-0.0090652994231043
2008-01-03,0.0,0.0,0.00977137781102444,-0.0013389472325734397,-0.00982959351579582,0.005632925330114613,0.0012232721638880673,-0.00038846475491649546,-0.02442769584898985
2008-01-04,-0.024551535421100668,-0.0402651462197654,-0.020202487884680598,-0.01451278666734368,0.002560123152971716,-0.01880960944229504,-0.02950074548467796,0.006028941076141825,0.02352078752480735
2008-01-07,0.003223224215977316,-0.012991264963676086,-0.002016224304953962,0.0030066525700558344,-0.02302175201504153,-0.005839411934209782,-0.0043328094401048345,-0.017576050217286365,-0.012362057857483011
2008-01-08,-0.018352186868900833,0.001939236787570131,0.003282983727133537,0.0027688478931306992,-0.005434119316595765,0.004092700628290924,0.02153256055611008,-0.0026813897353561433,-0.0024500091797160506
2008-01-09,0.013624037002136546,0.004851786157989757,-0.013183355620231318,-0.008593253446264826,-0.0065956380572835815,0.00473436541532446,0.009551434076242371,0.009987789051762341,0.01855021041644367
2008-01-10,0.007948166599249129,-0.014456311185026993,-0.007971049149489096,-0.004861071972045217,-0.0014819993422826583,0.023518032956582502,0.013431313841581805,-0.010675153296068829,-0.013940907123988544
2008-01-11,-0.013595432047481926,-0.019274247972805303,-0.003326530284281759,-0.0029049324856875725,-0.015970520012502654,-0.011893540872307762,-0.024767505496297915,-0.02329595896491632,-0.01336167862491311
2008-01-14,0.010870651382564045,0.0,0.0022089648500482895,0.002690926819570505,-0.00026765324443878136,-0.004051341360585048,0.003962070544293095,-0.009196137510029234,-0.014846460398831085
2008-01-15,-0.02492497793468662,-0.009791088946827342,-0.03058384413662174,-0.022597883248203998,-0.0033513271446127257,-0.02256754796390459,-0.03667472934393223,-0.010719867714680587,-0.023815433882182213
2008-01-16,-0.005612078641514917,-0.03350264051935814,-0.013724774296335784,-0.007872608634754252,-0.02521821389273593,-0.022111555565887064,-0.018856041341371088,-0.024030453075359892,-0.05367837329677705
2008-01-17,-0.029092630352461457,0.020655321814712302,-0.006814854700567086,-0.010364283384529993,-0.0023333479067169094,-0.023585435259550924,-0.02961339765505311,0.01089755244960311,0.027161836909555426
2008-01-18,-0.006045377836114696,0.005647352440789399,-0.00011859582542694813,-0.017362067608515996,-0.008431672073155094,0.0005681933100762926,0.008233624402469664,0.006480809956195044,0.0034596882020212494
2008-01-21,0.0,-0.03862194644221428,-0.05481471440432417,-0.07311829033558015,-0.029028660832805087,-0.05349101944573287,-0.06603361326125567,-0.02949179118243872,-0.05487727696397127
2008-01-22,-0.011085202876568667,-0.05649807818435326,0.02902369940124072,0.013672513198579539,-0.07052700013762425,0.06358978171935159,0.04446303429716103,-0.044275226306160764,-0.0865377268265568
2008-01-23,0.021442197634490512,0.020361805608026806,-0.022787059458894476,-0.046804735619445426,0.043470347876146676,0.02399755473038434,-0.03319881676761649,0.01205702850182111,0.10720561016985752
2008-01-24,0.010062752129090136,0.020556455422299225,0.04751038453996048,0.06458374674048839,0.031062834422207253,0.013328080005519771,0.05952799327074376,0.02123530784441363,-0.022868248750423814
2008-01-25,-0.015871959292048543,0.04096761726692111,-0.0011572892201913154,-0.008403626081957105,0.05015373334226925,-0.018821270497575315,0.0,0.01768490679494894,0.06725357243448915
2008-01-28,0.017555857839637534,-0.03971264553354714,-0.013647980916680957,-0.0030844095672295513,0.0,0.013842626275021974,0.019672900847514718,-0.03853676118671012,-0.04254216461265392
2008-01-29,0.006152278115467702,0.029871079492447716,0.016635284769127123,0.011844659678494684,-0.024550186832737242,0.018193064358028144,0.015970978489525667,0.006588044420135386,0.009902463705032227
2008-01-30,-0.004764002055347549,-0.009928881225860331,-0.008139060694623779,-0.005433056606150677,-0.017095924918437144,0.0011622579292702717,0.01276390661583715,-0.02982459353688549,-0.02626853506121407
2008-01-31,0.01677226160007672,0.01854173426361716,0.007280763366624976,0.0009210120048241954,0.005613910067093553,0.01755816912159669,-0.013252907931923685,0.022415767812417497,-0.008368673133029025
2008-02-01,0.012237495919625863,-0.007011970598426842,0.025409027517942828,0.019687302256907735,0.034100878454373484,0.02209828281523274,0.026717419953471433,0.006062732353447897,0.028472348346289644
2008-02-04,-0.010462799730547201,0.026860465460882166,-0.0004975784515358628,-8.015576074282826e-05,0.004193947434717682,0.0,0.0,0.03401589447731168,0.03766024777416943
2008-02-05,-0.03199548094610438,-0.008239716588382184,-0.02625203279014965,-0.03880884163055054,-0.01270211296254975,-0.04563245648222747,0.0,0.0038103577831289925,-0.008923749045225193
2008-02-06,-0.007623593488149449,-0.04701611436470121,0.0012610770279481986,0.01157898135095281,-0.03168747367476166,-0.005613991114029049,-0.03456623896955846,0.0,-0.053982675432408866
2008-02-07,0.00788570997776028,0.008237882503107086,-0.02575143819995218,-0.016177675180579332,-0.002251238421801194,0.005694022297022094,-5.172250351159757e-05,0.0,0.0
2008-02-08,-0.004203723511679969,-0.014379332407067347,0.010464527174577576,0.0005082056286476178,0.010950146058528176,0.0034512566077287143,0.001873977791752024,0.0,0.0
2008-02-11,0.005889024930706421,0.0,-0.013191562932226897,-0.006216953017559423,-0.021281672332376766,0.02143992994920052,0.026529225583731275,-0.03294883205526433,-0.036360018509160374
2008-02-12,0.00726591144997113,0.00036259606491073626,0.035443348459099244,0.0341475085368772,0.012731684219992712,0.0027930273310976528,0.019165374134157087,0.0015969085800313643,0.013510723108439038
2008-02-13,0.01360408048277817,0.003558604081105976,-0.005059221658206381,-0.00014459377037467913,-0.011776883635381208,0.015129913584916554,0.01270405354089199,-0.007004241491154972,0.010814220778852635
2008-02-14,-0.013421493406280072,0.04271022244668399,-0.0001360521079574184,-0.001398818366590393,0.02574783126632174,-0.005727006328915207,-0.012328678484725852,0.04024439569059557,0.036778012520743975
2008-02-15,0.0008451581335351399,-0.00028547420641478194,-0.01559709489224903,-0.020698335128189527,-0.01374729429852306,-0.013525209582235576,-0.008850354882860345,-0.001578838846505115,0.005276483576502455
2008-02-18,0.0,0.0009425541161132145,0.027472527472527375,0.020391043427760103,-0.00859254397268927,0.014868771092938049,0.024963494667291863,0.0008673743339804307,-0.016116161588972888
2008-02-19,-0.0009037037037037399,0.008984701585578625,0.0034137154003968107,0.0026744872362403083,0.010915312417355105,-0.00933216921172575,-0.008039466617241087,0.014314012168089363,0.015316981807085517
2008-02-20,0.008340871009356654,-0.0325296502157667,-0.012284435804186256,-0.01229873307281748,-0.021824305734261418,0.011227347294824108,0.023291020657005834,-0.018953572175853806,-0.02207794415078934
2008-02-21,-0.012867363219928984,0.028392148377543114,0.006549477399212522,0.005252137172839122,0.015807057221645326,0.004683750997452885,0.0007018315544660148,0.009745780284493799,0.0013742773598612867
2008-02-22,0.00788064326309268,-0.01372122721043123,-0.007366575638043216,-0.010878167174402709,-0.004203747139710945,0.005703762637374599,0.012800148231218778,-0.010508343307751744,-0.013459763789527068
2008-02-25,0.013812624250800098,0.03067376963451629,0.018850301435000327,0.016558249556475335,0.011094122338229928,0.014700568496033961,0.006069763273660378,0.01344836787334347,-0.0015404393212798961
2008-02-26,0.006917918063857664,-0.006457260267475062,0.014651220935077758,0.014751289158434266,0.007913991180032998,0.008850951577418442,0.002794882658619935,0.0,0.019150256520009012
2008-02-27,-0.0009194303875362797,0.014942798118153577,-0.0017905838288924114,0.00043060624690327565,0.01785440726629428,0.006506532998457049,0.004790234696033124,0.006880693686261319,0.03243087108234333
2008-02-28,-0.008941899392762354,-0.007539572242058812,-0.01823418086069284,-0.018777760203698035,-0.02010987623837912,-0.009672713934308685,0.0009196142902838655,0.008879126498497758,0.004404946282935862
2008-02-29,-0.02708967009826857,-0.023158218262742225,-0.013644668689340667,-0.015794327571764133,-0.014005780680268698,-0.04022340175908312,-0.03151212690153071,-0.014140320360333525,-0.010573490475847769
2008-03-03,0.0005335818371747791,-0.04490473438986342,-0.011165304284281863,-0.013153443415223509,-0.029851646276943145,0.02103081347178204,0.015768956343824803,-0.02330540657388902,-0.030688399111117204
2008-03-04,-0.0034476542430933454,7.696937696310968e-06,-0.008747808751246144,-0.017768962674567734,-0.004708133114504687,-0.008994909691905972,-0.012946410988539991,0.00266191310797792,-0.019720186203332157
2008-03-05,0.005238364424345221,-0.0015563088233936373,0.014875947084626473,0.020591656971912897,-0.0006819321075161033,0.0005550028689955688,0.015300160834390786,0.0005488670667828099,-0.00023918819612733788
2008-03-06,-0.022013946164804787,0.018760320257538154,-0.01487998633296328,-0.0181460915066739,0.010955743298034948,-0.019138002585616487,-0.02560487876430384,0.012128078230278616,0.009880879142558197
2008-03-07,-0.008410383795636078,-0.032736000823280764,-0.011532325194228643,-0.011333230136441053,-0.03156394667169038,-0.0036316417012338675,-0.017573102827883935,-0.019717928174191712,-0.036045483968670244
2008-03-10,-0.015463479128169033,-0.01960994461307386,-0.012421270548605978,-0.008549828332420017,-0.015870911118414432,-0.014170605761417487,-0.03020495736163409,-0.02331772808403998,0.009053687048721004
2008-03-11,0.037129820869032715,0.01006612602965351,0.010889840294185493,0.017058176588364837,-0.008930539689207095,0.044629597526029574,0.039474646941537905,0.0100358731701915,0.012785701859278076
2008-03-12,-0.008995570363078853,0.01602508397665381,0.015113173063405094,0.011381942499701925,0.024107926473687424,-0.006202706357833265,-0.0030647264321992385,0.010569729756073842,0.01858680124459955
2008-03-13,0.005126951259579737,-0.033254465198625516,-0.014541929229277772,-0.01317564233312496,-0.023211199223421408,0.014332010627181146,0.0016586631172057498,-0.026048479952737846,-0.04786455567149217
2008-03-14,-0.02078328822939146,-0.01542935824679248,-0.010663340594476822,-0.00916495813400442,0.01383225857703807,-0.022037437855792152,-0.004635859736662251,-0.009507186095740305,-0.0028935091769035637
2008-03-17,-0.00895865356250114,-0.03709400731930468,-0.038585151907949644,-0.03778679354789871,-0.023025066190583643,0.0,-0.031926413822395805,-0.01613487808231162,-0.05182777798014215
2008-03-18,0.042409525301582374,0.014986201496329565,0.0353501773049647,0.03695998041855342,-0.0001877318143896911,0.016077933085036022,0.032009350154902805,0.009088945910927126,0.01422838743519561
2008-03-19,-0.024287238679231105,0.024763961698940795,-0.010738877591066398,-0.00818285534442742,0.03991278957171218,-0.01505003294873375,-0.05014178275220327,0.021073170731707336,0.022555005679317786
2008-03-20,0.023944486375748975,0.0,-0.009088286208886465,-0.006697756648175068,-0.030546470290063188,0.0,0.0027189729404819563,0.0007150650647564927,-0.034697127261518856
2008-03-21,0.0,0.018117620574791715,0.0,0.0,0.0,0.0,0.0,0.013736686809700638,0.0
2008-03-24,0.015321434212604679,-0.00019867703525788816,0.0,0.0,0.0,0.019359960703565715,0.01398978865115219,0.00583949589533872,0.0
2008-03-25,0.0023039084955698286,0.0212442378220028,0.03528533993303262,0.03613622750221057,0.0372261398577014,0.011706760036390484,0.02376642486114533,0.011858877544856039,0.06425458897055258
2008-03-26,-0.00876577062653816,-0.003027801795496665,-0.005044734668049555,-0.0058195392268327595,0.011844906855515092,0.0025409358168551055,0.002959464062974204,0.002829969013630418,0.006788037313951056
2008-03-27,-0.011460484815044136,-0.008031240383956972,0.010087626316161558,0.011258635728031763,-0.0018162559928641686,-0.0023358749267231582,-0.010642302697309147,-0.0020420677871249016,0.0020873669861756206
2008-03-28,-0.007950156891141646,0.017127901128002554,-0.004302579798863171,-0.0030283863300940572,-0.0038215616649409645,0.003429813869653797,-0.005094658343877234,0.01526631031355885,0.0274322257726054
2008-03-31,0.005687261446754244,-0.0230046168354201,0.0016160480598641502,-0.0035676521882425094,0.0008573941273359864,0.027354361430247387,0.008534853699092793,0.0012692219551895256,-0.01875594510853107
2008-04-01,0.035896272775383764,0.01044905050001832,0.02639378474597076,0.034588733372656444,0.001022464722539862,0.02829522475826507,0.029634856409264776,-0.0010211327531265413,0.012615758976244118
2008-04-02,-0.0019340524602607934,0.04210827390367888,0.010815705840139245,0.011815481344327416,0.026442774905887978,-0.01006081601425457,0.009390862742005845,0.023463063592304323,0.03176537096120313
2008-04-03,0.0013016167835440129,0.01520468013610965,-0.004158285298940023,-0.006045446167618929,0.01926411512711601,0.00704655256297948,0.012794100658477525,0.012306350053668202,0.016428993613134546
2008-04-04,0.0007960213538207306,-0.0072203675904973785,0.00947159370597328,0.00536697272009623,0.0018951904416790732,-0.004551649578521166,0.004221578323663211,0.001621655335869665,0.0
2008-04-07,0.0015615878575596653,0.01181128424866218,0.011383699618301435,0.008763701517706668,0.0009707157048635118,0.005391282460785796,-0.0041956075763930345,0.004002287021154904,0.012946004122049048
2008-04-08,-0.005100033514505942,-0.014854764565364276,-0.004089911551506398,-0.004688569294180933,-0.009510543962510387,0.0003600769845855112,0.0056713160987402755,-0.010628340738401798,-0.01086588582987913
2008-04-09,-0.008092036849890905,-0.010455509745721514,-0.0010517178057494192,-0.009074900735072333,-0.00921668994276803,-0.009740327281048233,-0.016464635477724254,0.0,-0.013455255475863681
2008-04-10,0.004474008667468832,-0.01270526217044221,-0.003141763732682601,-0.004735257274366744,-0.013368786334918559,0.0073595152816090526,0.0007906810853457458,0.005659054772583438,0.008444178903353139
2008-04-11,-0.020374113410018047,0.029233003483889908,-0.0116678680994452,-0.015449501736272908,-0.0013010491016592907,-0.010947563986912656,-0.014826740898492008,0.008539985492791669,0.01987381703470037
2008-04-14,-0.003383777375959407,-0.03048845931281996,-0.01083877533712152,-0.007759480431028032,-0.01780655850545132,-0.0035169636231147106,-0.006898754514045757,-0.018542346786836084,-0.0347250402245195
2008-04-15,0.004599795230065151,0.005656662932716827,0.012912408258453745,0.005303327449826645,0.010853856286077823,0.005881866398567803,0.007480517976073742,-0.0025991721579425864,0.0037851935223760513
2008-04-16,0.022691336375830762,0.011974061204349518,0.023582589852545466,0.015663483031904013,0.012937699834031369,0.01702769159180839,0.024490409287112103,0.009407807504434151,-0.0009614527727119793
2008-04-17,0.0006228429483186027,0.019182071073388096,-0.010882868578611427,-0.006223723243058643,0.008896972152106164,-0.0038927979477414443,0.006242679488726255,0.005749021927031306,0.015939543561426905
2008-04-18,0.018139078473300208,0.0058328295380758455,0.012724901344391748,0.022377141814062584,-0.01617986876868227,0.00030485128825619157,0.0057356486402833085,0.0018262310097418855,-0.0025219547746482274
2008-04-21,-0.0015535879970941524,0.016332194309332193,-0.00057789152150578,-0.01016124077414482,0.03142571884322076,0.0094151155125477,0.0,0.016129578418646595,0.02165033321238563
2008-04-22,-0.008810160138887912,-0.010858938929876438,-0.0030232942342640623,-0.008957821050481596,-0.00637627466567825,-0.0017236308164750858,0.007547286641168771,-0.007214742735270563,0.008797140322640118
2008-04-23,0.0028998357486518245,0.002313287303787659,0.008103136858501836,0.007341841268481808,0.015871809262257397,-0.005984446805402888,-0.007110550159556306,0.007440601066299735,0.014037767927134626
2008-04-24,0.006442355771669517,-0.0028197620471368534,-0.005407982115852583,-0.00042247346255530616,-0.011600942029254768,-0.0031948651060443867,-0.005716613747033361,-0.000805202161273666,0.015482473969166133
2008-04-25,0.006494722138218112,0.02382417082506505,0.0067264944551870265,0.008620506331805666,0.0,-0.02322196997879744,0.00946292027441653,0.014082941523003045,-0.0063860988645984
2008-04-28,-0.0010516225032908277,0.0022288792055669138,-0.00016416587319822984,0.005368451846014866,0.0027603554044834944,-0.012436058927370208,0.00752293313394925,-0.0008275423635925039,0.005859281617821788
2008-04-29,-0.003888654153268667,0.0,-0.00016419282805724134,-0.005539011628516666,0.0007478474398361357,-0.011518972915800618,-0.028198290623276723,-0.006395454071754236,0.00965702483685793
2008-04-30,-0.0038463197549859496,-0.0031940994805810252,-0.0003448615627154039,0.008274396817823604,-0.0020565595796777636,0.0003557902971327298,0.06333996284257748,0.007706278187810112,-0.006127926248786997
2008-05-01,0.01714071262061645,-0.006002170398678897,0.0,0.0,-0.0017156931954536159,0.0,0.0,0.0,0.0
2008-05-02,0.0032355570692665925,0.020513029114845427,0.021060240172161793,0.013720189698354535,0.020519151578124895,0.008918342970158921,0.02207107690376353,0.012489934099163547,0.01885705300063867
2008-05-05,-0.004533559657684427,0.0,0.0,-0.001379754996776228,0.005247681662866377,0.013335528535942665,0.011655356434146391,0.0,-0.002174839240242976
2008-05-06,0.007651919374205063,0.0,-4.826643069744119e-05,-0.006990948181243017,-0.0050576440892819985,0.008544556991545882,0.0002905598128561948,0.005837891650029459,0.0029857985521664077
2008-05-07,-0.018113745011492988,0.003788099871452344,0.007369030763290096,0.006943938747698386,-0.0057844154213192445,-0.014772885225257104,-0.01677620158737192,-0.002716426581175435,-0.024823576762433297
2008-05-08,0.0036694744249841094,-0.011290212785268983,0.0015652451685035373,-0.0041118038731540185,0.009678964429840953,-0.00033125112150766967,0.010208836405059207,-0.0032416222134724615,-0.006263908027306253
2008-05-09,-0.00672543071375431,-0.020649403367648644,-0.010540919818842975,-0.01407468113468846,0.00847911471109275,-0.0025237407554703495,-0.0010979278494311906,-0.013149350649350633,-0.015191480951316394
2008-05-12,0.01102083153254374,0.006445829982995699,0.002562573532967072,0.0029198309128548594,0.009836502409054315,-0.0012062191354603735,0.011057681953085652,0.0,0.0
2008-05-13,-0.0003847304749283742,0.01530702826674113,-0.00139857891521733,0.001148795207583042,-0.0027260681532479403,0.00816127760355334,0.0012416243963357942,0.010473213796128755,0.01953463987197157
2008-05-14,0.004005587866347415,0.011811895457343624,0.000660023503276097,0.010581414540472123,0.010327471866542037,0.014542175773940125,-0.006760397570324872,0.0005155198610808931,-0.0007549083719691208
2008-05-15,0.010584527139267053,0.009433688303685628,0.005759330759330883,-0.0006740186547624649,0.003060782109434834,0.006586553665573591,0.020931183027254496,0.022757966101695004,-0.0007742775367870491
2008-05-16,0.0012503775718790688,-0.0022635832536939127,0.008397581496528916,0.0020882729852704784,0.006844737352726504,-0.0017759900224995073,0.01782805883034211,0.0016810644266616048,0.004121313599629417
2008-05-19,0.0008980250464798445,0.0035254453749364867,0.011452500674143051,0.005014354463344972,0.003110785963256868,0.009828198666431698,0.009233590038771888,-0.0018582440387956423,0.004815592887427389
2008-05-20,-0.009273602826240901,-0.0076750520862167715,-0.028997098721869285,-0.015447108400218457,-0.006948568324310789,-0.00849907269405581,0.0010618360886196498,-0.006481486392591274,-0.02225020909221931
2008-05-21,-0.016053488043016872,-0.016510488280794933,0.0010498094192130658,-0.00737250510816756,-0.01432680324443436,-0.01269104366309004,-0.01662218477651567,-0.013688172330032389,0.011554876425636573
2008-05-22,0.002617368106938134,0.0037454313062335043,-0.0026621061292977366,-0.00028992153668949694,0.0005980997839249991,0.0038427594617631566,0.0,-0.006543942928590285,-0.01638512365727185
2008-05-23,-0.013210456485100441,0.002413713670890827,-0.015254950174712123,-0.017719343110916608,-0.010116483373909357,-0.00566414301112983,-0.011660589696630974,-0.0040753614976408725,-0.013139337271074858
2008-05-26,0.0,-0.02298068825737576,0.0,-0.00024692550901550536,-0.010571815634525694,0.007913108691383952,0.0024763546894550625,-0.014967668523036881,-0.0237419413313954
2008-05-27,0.0068462785170755325,0.014836901460096641,-0.0047311615987384315,-0.0037235898950307433,0.0013027860522165646,0.003182546132708186,-0.008888610912323847,0.013690033211520847,0.006413064697224913
2008-05-28,0.003962897462735038,-0.013234427217128197,0.0018321366674920458,0.008663363001646385,-0.011613046609157296,0.007411295716174271,0.030442418490180367,-0.010732893936654553,-0.0013396732729211713
2008-05-29,0.005334905524718936,0.030273300732925446,-0.00024713325425074206,0.002420401904263292,0.010860164165725106,0.00601130659022342,-0.01853219604930645,0.019704924569681648,0.005545679067329834
2008-05-30,0.0015161700971206837,0.015155966914156993,-0.002406024950149188,0.006825256380188938,-0.00958207254967769,0.004340824448829883,0.011072245650756374,0.0058656760191611035,0.0061158981774516175
2008-06-02,-0.010504291692254974,0.007085798135653798,-0.007582390352688484,-0.015180592135738524,0.001351794895011249,-0.010610008234437251,-0.009577435685504732,-0.0024243798663081684,0.01215662744893442
2008-06-03,-0.005787813837349387,-0.015994997278419687,0.008339436713496129,0.004526273350356158,-0.015573574778519395,-0.004538154222645474,-0.026222560668175743,-0.01523114644958401,-0.01834776669501803
2008-06-04,-0.00032664319674813314,0.015933372603748053,-0.014460934017861526,-0.01024525464635273,0.0018513983708769999,-0.0014139811714737327,-0.01912217233865321,0.007925733350188757,-0.01035906162515543
2008-06-05,0.019496079000871358,-0.006542865990050939,0.004221034823537195,-0.004384909638961432,-0.009737334776617645,0.008836779062398215,0.036928266277033384,-0.0008179691462038008,0.0054735576673956565
2008-06-06,-0.03088921334710293,0.010342288468404126,-0.014761563224525931,-0.023386906265019047,0.011207378085089426,-0.01818539425537591,-0.019986906171569063,0.0,0.006055998505893001
2008-06-09,0.0007937207866655083,-0.021261001115295053,-0.004943455001015784,0.00017794089026068605,0.0,-0.006922199257377359,-0.007231693178002874,-0.01274347681342125,0.0
2008-06-10,-0.0024380213840911047,-0.01129720802911982,-0.008557914795154553,-0.006293539115012847,-0.02765194019761852,-0.0011175608015144833,-0.021741251594949218,-0.019115956129488687,-0.04207247057435026
2008-06-11,-0.01689437884632372,0.011576066761903592,-0.017847030357112215,-0.01827006462080738,0.005481242780397189,-0.014648755763560173,-0.014462277650116762,0.004108477327291693,-0.002050007871482684
2008-06-12,0.0032796950931865965,-0.020790384306249132,0.011741477818740798,0.009460333562243184,-0.02524355449176796,0.0009590675236086366,0.007857951731543134,-0.023747383073184247,-0.013020627925718786
2008-06-13,0.01504623582884923,0.006129487493339747,0.002124168897331913,0.0056681693337359285,0.009175034958054162,-0.002033112565396844,-0.0017247569542494512,0.004593643639039691,-0.018744033363649715
2008-06-16,8.08805688110592e-05,0.027239684751315663,-0.001413110911973492,-0.008375740666410336,-0.0011994853239224446,-0.0019497933153325153,0.001206633223973963,0.007708816207399716,0.019360135975531545
2008-06-17,-0.006771361771582329,-0.0004179911762062227,0.011614261553860361,0.006439596584041585,0.009495895983553826,-0.014130179105480645,0.017134527494474527,-0.0057416430981019895,0.0012288484994806836
2008-06-18,-0.009711828148016632,0.007279572522871813,-0.017912281001040586,-0.01339022044223448,0.0037872291615721476,-0.010264234875742129,-0.019682922374429257,0.013377429728510082,0.011614629028809498
2008-06-19,0.0037524013125929123,-0.02232436299628715,-0.008424673001094285,-0.006060485123875026,-0.014072330149258572,0.0077567407238341435,-0.007453221732750204,-0.01883176542868903,-0.022644025070951423
2008-06-20,-0.018542927995352954,-0.013311234047431841,-0.015345806180365629,-0.017245483564735875,-0.01460058032629763,-0.010533757037776592,-0.02968325318916043,-0.005583896318764658,-0.0022813794954822386
2008-06-23,5.311359480386635e-05,-0.006068678418141404,0.008255052661542805,0.00021887713113377671,-0.0008721172101325836,-0.002332948684609648,0.0004126054206075036,-0.008902368573079245,-0.0013470737197524008
2008-06-24,-0.0028148710166919777,-0.0005708112664144505,-0.005734754376058748,-0.0066553264494518816,0.0012021951417084953,-0.005869088741925044,-0.007312449093408224,-0.0027687267936977733,-0.011399535812521733
2008-06-25,0.005843459206111401,-0.0014180955929284922,0.005572612561449697,0.01641347385240799,-0.009869716938688322,0.009484968562670337,0.026268171700528198,0.004062331953893938,0.007977370878722079
2008-06-26,-0.029365265475010727,-0.0005495331860199126,-0.026102610261026227,-0.02717893885099998,0.013202848748398388,-0.012496009393481944,-0.028949480770451452,-7.567863359314586e-05,-0.007929698751853342
2008-06-27,-0.0037174141760510926,-0.020109504048524407,0.0021202566054148164,-0.007747263356454259,-0.013185695849019408,0.0032554861414100245,0.0058515718974425646,-0.01933444337063217,-0.01840604177029681
2008-06-30,0.0012672288364961037,-0.0046499059387081765,0.017360169261650293,0.003754187535738085,-0.00413978495650269,0.003430278204471726,0.010828015872238472,-0.005657633055299982,0.0027066079614923577
2008-07-01,0.0038359375000001084,-0.0013485266345135694,-0.025951403331022638,-0.017880524097697137,-0.014654746115617012,-0.005932202524945196,-0.024937716845197855,-0.005050987509851224,0.0
2008-07-02,-0.01820360959133327,-0.013134321706577912,-0.00978120038686825,-0.0013180031947912507,-0.008580277640372058,-0.01848937292252073,-0.03612157134364069,-0.025719189179458368,-0.017987504303907054
2008-07-03,0.0010939184475871055,-0.0015783091995783538,0.009269668097967365,0.012887256273338865,-0.018936814801802315,-0.007506058925073056,-0.029994327909662943,-0.010507514166050669,-0.021270753232632056
2008-07-04,0.0,-0.002073816092993841,-0.011649563597852741,-0.016722207211264273,0.016761278721230788,-0.004476639306108643,0.0015516240173920615,-0.017802233371095544,0.00852242503099876
2008-07-07,-0.008385462031831659,0.009227301329743698,0.018456251847472682,0.01754396678065473,-0.015662865863688924,0.00160243516507097,-0.004668548235629011,0.0011280530311672532,0.022836263560840342
2008-07-08,0.01708043535546322,-0.02447148361831253,-0.013097030493224748,-0.01352073118769992,-0.013902893042736397,0.005909060641858144,0.00757765509864905,-0.02927734028815232,-0.03159074999110123
2008-07-09,-0.02277616393185211,0.0014601284421971172,0.016377171215880892,0.016693028348947703,0.01599838635619566,-0.015952366358740866,0.0,-0.00918831147658572,0.027567279477079376
2008-07-10,0.006989692212518772,0.001155366978416561,-0.02220775462962965,-0.017792178262846736,-0.014860967617971399,-0.007775542171976624,0.012039616399839081,0.011879845726546323,0.0007323736196911401
2008-07-11,-0.011089924125771033,-0.002106034876610874,-0.026855071391580942,-0.025960932193322628,0.008614905132749984,-0.009426655996108702,-0.0017340290250700274,0.019565118411895233,0.016624216722925356
2008-07-14,-0.009027906639020977,-0.002264624389076819,0.007374182758096204,0.00577275484867612,-0.011829535806685776,-0.003528213759852572,0.009520474906506093,-0.005671415174384964,-0.007667047562380125
2008-07-15,-0.010901245624033162,-0.01964618421295361,-0.024243453324277464,-0.022855881401885325,-0.02140378841852797,-0.0029548887946445612,0.0048449545378936865,-0.031624129037225224,-0.03814265714444043
2008-07-16,0.0250635849569103,0.0004892367906066397,-0.004118409095303366,0.010191775940026737,0.011409419665384002,0.019427900771983975,0.01706758115082696,-0.001278713071362736,0.0023013236979669838
2008-07-17,0.012012590736815154,0.00996410883330201,0.026346445074360236,0.02561768448638624,0.006244797883798725,0.008832692977394085,-0.03138673533960279,0.012047233647339617,0.024087450232054053
2008-07-18,0.00028564174178002943,-0.006537114125985899,0.017044057280139135,0.02009772457149528,-0.012378622452831278,-0.0016334784762895849,-0.0020066971980106096,-0.010206088256115797,0.006416921865107783
2008-07-21,-0.0005393914395406263,0.0,0.005189346030801456,0.0037302086688966174,0.03540995487527576,-0.006435977290549344,0.013064091044723947,0.03505321227292901,0.03011357220541666
2008-07-22,0.013492063492063444,0.029777329990549495,-0.007438521177580815,-0.002303594567356182,-0.001236292487328261,-0.01415690103817746,-0.018503157468292453,-0.0010813093440483756,-0.0002405371700936465
2008-07-23,0.004064212999216998,0.00970575564886067,0.015995227531179435,0.018417191784116715,0.019921035855507307,0.0019030712983070242,-0.0037966500422818017,0.019555094380712568,0.026947976427012632
2008-07-24,-0.02312449792932414,0.021811877625736775,-0.01607368942549392,-0.009718081180811855,0.0076105537033333,-0.027728953960517,-0.033430852397626,0.021598733477408816,-0.0020242451225547242
2008-07-25,0.004167531575837824,-0.019741518792117496,-0.0018089252746023021,-0.0010284446935234781,-0.033746017064488765,0.007685785389566879,-0.004095631239621866,-0.01734782983014993,-0.01503006793221684
2008-07-28,-0.018596552601450322,0.0014263473808302507,-0.007473003773866949,-0.011255904724675081,-0.009739788783469816,-0.012993649198424051,-0.005771415444358108,0.000225291470840272,-0.0023526090434291547
2008-07-29,0.02335604397384916,-0.014552433842702217,0.0012423295561494463,0.003455654446627543,-0.015183070245851082,0.02191312258630207,0.020641291163449038,-0.019452039367073515,-0.01891858893182541
2008-07-30,0.016671944268524364,0.015831968661304208,0.01908181681455856,0.012773470161149492,0.01841938163062462,0.005688423728267722,0.03367803831891836,0.006699846860643177,0.019435708509299987
2008-07-31,-0.013143755937271129,0.0006747562611320035,-0.0016234065711070444,0.0001455158835041992,0.00824177382370328,0.0009820179340205293,-0.008208156187476723,0.010756164036255234,0.0017848800825011057
2008-08-01,-0.005578437406302927,-0.021097705656281218,-0.010569300984866636,-0.015205682013884392,-0.014732086261672106,-0.019702541942080654,-0.031506842178587124,-0.013106159895150737,0.005785025801654964
2008-08-04,-0.008958113480016738,-0.01232646459339315,-0.0064429379797187325,-0.008246372048567596,-0.003328276278333764,-0.01748643690201268,-0.03507318626383493,-0.01952000610000193,-0.015207369240593849
2008-08-05,0.028710509039086674,-0.0014319757399186006,0.025243411901808344,0.027614113812833185,-0.013766751682482425,0.018968383887501217,0.015492436755371042,-0.004866984219565107,-0.025102021237472627
2008-08-06,0.003354398854367613,0.026344479839190527,0.005793381611513437,0.008558943696765464,0.030849530021180627,0.0130491856485635,0.018981561906826316,0.0281138882738321,0.0
2008-08-07,-0.017933741341462528,-0.009800156772330815,-0.0015675981115911286,-0.003452605147520438,0.0028497900440680457,-0.012998497936720255,-0.0091226500625885,-0.009317734099359654,0.007036526611920335
2008-08-08,0.023892833729572516,0.003308192996718473,0.0021360109539023675,0.003305614835528825,0.0005821444789886332,0.0054029758053699695,-0.0075967837972694685,0.003017902813299278,-0.009907166963744496
2008-08-11,0.006942730190076629,0.019934069489027095,0.009582452816439657,0.01090808806271415,0.00800068188199421,-0.00696942702906711,-0.03294459250252724,0.00788540976082408,-0.0011820768455043096
2008-08-12,-0.012050684889528984,-0.009478881177820364,-0.0013172615395720122,-0.00255683961853459,0.005468064359334335,-0.01139932949050404,-0.003970742092735291,-0.002510926006742187,-0.009993439875128907
2008-08-13,-0.002915655363332492,-0.02108827685739212,-0.015520823922666849,-0.02388815339627859,-0.020179769731374475,0.00902969791508279,0.001288186680469039,-0.009130567109668197,-0.016060799717571683
2008-08-14,0.005521725266948385,-0.005087133966313551,0.008956429174466596,0.0006229972427156394,0.005962723937898096,0.013780519974833538,0.01035618595068133,0.006059946759496171,0.00466766103172267
2008-08-15,0.0040760133959301115,0.00483221165719927,-0.007749117764761393,0.003211353534871897,0.00012266315152742457,0.003427109692833774,-0.01621956406022307,0.0,-0.010850892663902711
2008-08-18,-0.015097827761516025,0.011217098163434525,-0.0008432939796143568,-0.00045432679459078695,0.0006521828151333509,-0.020604714633754795,-0.0169141193971023,-0.002849528364892273,-0.010865014096967274
2008-08-19,-0.00931487564523692,-0.02281729830731205,-0.023815639793035137,-0.025649938058697197,-0.023795476853372133,-0.0016943341942556867,0.00585355809696253,-0.01677606189920322,-0.02132277657619175
2008-08-20,0.0061972542611057335,-0.0010384724505538845,0.009660927749793435,0.0047351170058693715,0.012970677678865172,0.004972671442695642,0.03241056036230572,-0.00045412966050562,0.02181614567594714
2008-08-21,0.002495017810347333,-0.007740616214676921,-0.0002978517442943085,-0.014068607220023788,-0.01101860418977163,-0.012286227751754697,0.010068051533890898,-0.018251325687507758,-0.02576051322280637
2008-08-22,0.011332686347556686,-0.006757260114129138,0.025213213660571387,0.01954187853194278,0.011531507138732744,0.012831369321314456,-0.0015117630937081517,-0.01036632530956827,0.0
2008-08-25,-0.019625444977557804,0.016786619969619387,0.0,-0.009660639836252205,0.016926083413111526,-0.01707245832162818,-0.024581500526498323,0.0034738227415140877,0.03495134871121408
2008-08-26,0.003686337659057237,-0.007760900590589426,-0.006339000290613295,0.005185327443825605,-0.0014666434822003804,-0.01306601677277408,-0.0021761377455727926,-0.007895560245254951,-0.0022805249424420193
2008-08-27,0.007982634820017154,-0.0020150703787784607,0.010492258760304907,0.0005246526071898128,0.0007434852182637286,0.0022971479157669616,0.021349664359155085,0.002462674047978508,0.01937914180121636
2008-08-28,0.01484012920743405,0.0011989373447420792,0.013223349794685202,0.018268341845626868,0.01103543648053762,0.011969148168770483,0.015543800671623087,-0.013233640355574616,-0.022941366111461026
2008-08-29,-0.013723590737153013,0.02385761556987065,0.006320074269799525,0.0018485333777855661,0.013629273420558086,-0.005790701297679668,-0.01244736372565669,6.105213173679402e-05,0.013808697095071487
2008-09-01,0.0,-0.018258423743217844,-0.005996522726466336,-0.0003654590670988389,-0.0033620389853207255,0.005085772730505811,-0.009307941518390428,-0.040570056435858426,-0.0167238190019795
2008-09-02,-0.004092514206870734,-0.017508715009451392,0.0031948311558505083,0.015473784330043872,-0.00045757308860661094,0.0037109219783004743,-0.013736414142018316,-0.005154019640420504,0.006512387886719262
2008-09-03,-0.002035097606412073,0.006353954607132728,-0.02152756774067288,-0.013900352996961796,-0.0109347872913933,-0.002072559567707022,-0.016127369086439858,0.014035561493525917,-0.021737002232628644
2008-09-04,-0.029922037992752948,-0.010396711004847292,-0.02501954652071925,-0.0279462268883367,-0.015913758511817422,-0.011945084950424678,-0.03957758895929364,-0.00032237944060165,-0.009501065335733916
2008-09-05,0.004430681661990787,-0.027507513342453938,-0.022640383431864475,-0.02717401261748742,-0.020573350738025797,-0.009462125305382485,0.010330190275779083,-0.015458171799527465,-0.02237428320879198
2008-09-08,0.020510178618863284,0.033755505751201786,0.039231400385444815,0.03085224258670416,0.03905717692336852,0.012676718583641833,-0.023520204237229336,0.05146043093749553,0.04319359382901378
2008-09-09,-0.03413814590744524,-0.01772828303151175,-0.005636854378201717,-0.007018622949222286,-0.017245057216135784,-0.02297793276752247,-0.04500712469367363,-0.015000169302136657,-0.014579016238608022
2008-09-10,0.006149398534924133,-0.0043562232624903,-0.009121796292193007,-0.005841640933804015,-0.014997543246196177,-0.0002684376266837152,0.0247311361754754,0.007205225163286366,-0.023977715214061224
2008-09-11,0.013806369923054396,-0.01977300688527961,-0.008907606872647356,-0.006144317431724722,-0.018589697722476095,-0.002748321716776081,0.032986817683983816,-0.014839793034717164,-0.03055333608669686
2008-09-12,0.0021216124254435087,0.0092757694691179,0.018483002406738835,0.017355141057074697,0.018601581798105116,0.0014057338443336231,0.02189294407689424,0.024029267481499916,-0.0018474659492735412
2008-09-15,-0.04713589518255168,0.0,-0.03923052781213654,-0.038697140346916736,-0.01756874894087679,-0.0379179480084928,-0.07589831896941679,0.0,0.0
2008-09-16,0.017514882200050153,-0.04953351518981963,-0.03431843511010324,-0.0199100651504045,-0.013876218509913718,0.0,0.016783386927509802,-0.06101142145718308,-0.05437376310527109
2008-09-17,-0.047132886724511436,0.012064890453861166,-0.022524673670805573,-0.02255514938010572,-0.00602738561122973,-0.047172919167362326,-0.06744836165408452,0.027029364078544393,-0.036251250641372135
2008-09-18,0.04335042675913825,-0.022169757927588574,-0.006595554107971635,-0.005942817770151487,-0.024334730074937694,0.04779245627288242,0.054766316746067245,-0.023041409988352912,-0.0002681833103799214
2008-09-19,0.040247985943042686,0.03756190542504778,0.0883811475409837,0.08420670281222198,0.04271446766283171,0.0456967438227025,0.0956705267668605,0.04550351187141799,0.0961448374191689
2008-09-22,-0.03823660643146254,0.014238066716663056,-0.01412836781955451,-0.022053037940445996,0.04505913221407298,-0.022143859604070282,-0.028551298661888658,0.003132341425215346,0.015753013933865967
2008-09-23,-0.01563263716872798,0.0,-0.019124336835833255,-0.013181342460328649,-0.019319864906746975,-0.006475433025185939,-0.0377840140720187,0.01440075598833146,-0.038678803190676625
2008-09-24,-0.001977748228442655,0.0020214067303581107,-0.007895064757054038,-0.006369771611838826,0.011851847940179683,-0.0009980307715473646,0.005037387204730015,0.009862492152534541,0.004723187012030561
2008-09-25,0.019656454754737096,-0.0089558176909178,0.019909450758207825,0.027975883301333715,-0.010943238598852822,0.028112691301602544,0.03983448826003411,0.0037767884597388335,-0.0014534339486520498
2008-09-26,0.0031674357829272193,-0.00944236178146396,-0.02088696984040861,-0.015793034850691168,-0.00458987155625179,-0.0020171180129067157,-0.0201717357606227,-0.016848358117512396,-0.013327044965177226
2008-09-29,-0.08789704948846244,-0.012574454560436377,-0.053002179437041,-0.04697350829726976,-0.01985868815058045,-0.06400385718868307,-0.09363233633939239,-0.013526786016676562,-0.04289723473123186
2008-09-30,0.05420330986361033,-0.0411926145367566,0.01736542727708512,0.009976098584198345,-0.04302430048303085,0.03895653930781329,0.07632757061670636,-0.005699140322447671,0.007579689363044206
2008-10-01,-0.004535477897047224,0.009627117921537254,0.011655396791400374,0.009594496741491598,0.04218653543512474,0.00917758518857803,0.005195264473438099,-0.005793958813861244,0.0
2008-10-02,-0.040299034511269705,-0.018780358647673467,-0.017995439139122382,-0.01950869643177322,-0.006979935761064593,-0.04339515521560422,-0.07336644668078363,-0.013905964561323092,0.010818035535775872
2008-10-03,-0.013506479520407733,-0.01941951238753692,0.022567212966651207,0.03534817839342175,-0.013796503101992097,-0.04319452623780806,-0.0352752513267931,0.0,-0.029032277549254193
2008-10-06,-0.03851787160102971,-0.042516369327874726,-0.07852216254204114,-0.07863331856048206,-0.03302071134015583,-0.05395376149981512,-0.05428291730050239,-0.042897897369069904,-0.049690087318463694
2008-10-07,-0.057394809298981,-0.03028619060850246,0.0034929911378698275,0.0036528789077612256,0.01724649810589396,-0.03974365871186569,-0.046577273253067264,0.005409383624654929,0.0
2008-10-08,-0.011332724370878178,-0.09379572465266495,-0.05179557111278088,-0.06421365191269157,-0.049936497365279275,-0.009852648393037233,-0.03852306373840453,-0.05812898030890845,-0.08165017829342947
2008-10-09,-0.0761670761670763,-0.00497972470804009,-0.012112149019050888,-0.024312037260396102,-0.015299002020025432,-0.01783309323433424,-0.03920967084128579,0.006372941423341993,0.03314664007211121
2008-10-10,-0.01175927554070677,-0.09621195327540621,-0.08849274421623632,-0.07880062684477984,-0.08338017894754624,-0.019937272897361913,-0.0396641882616916,-0.04125446949161715,-0.07190320160770325
2008-10-13,0.11580036031227059,0.0,0.08261318494631298,0.11001829165066668,0.0555615730848289,0.11005226254152789,0.14657841690737916,0.03790667515123203,0.102406116969332
2008-10-14,-0.005322170728061071,0.14150303935392428,0.03225586694542981,0.025450839185811036,0.03694969587708874,0.006730663485381205,0.018121865442638718,0.061434347667497224,0.03192219791860795
2008-10-15,-0.09034979609422744,0.010574147637963938,-0.0715987629175665,-0.06481568809535898,-0.008117066230361014,-0.049863315203098724,-0.1139312127321711,-0.020041091182943616,-0.0495803451340473
2008-10-16,0.04250749030666179,-0.11406372578285129,-0.05348576695207119,-0.059835690402860964,-0.0666444496020695,-0.03205472141078802,-0.010623619784638771,-0.09438326319873458,-0.047991349080839796
2008-10-17,-0.006212820810836517,0.027826611258563894,0.05221435804205221,0.044710784718211105,-0.010617858503468525,-0.007092604188204676,-0.0011698130604155255,-0.02727841948293752,-0.044404918545131844
2008-10-20,0.0476848652384243,0.035861105935020454,0.054063366814258274,0.03218978188668209,0.043181333394445964,0.02330448293024645,0.08357324317723336,0.02283449227980716,0.05282320373280314
2008-10-21,-0.030799675258778136,0.03338593029440595,-0.01236144741481382,-0.0056280799485782795,0.03867606181912442,-0.02804455453880239,-0.010083141739526513,-0.009547626342505722,-0.01839325302274164
2008-10-22,-0.06101251243390393,-0.06786406984553384,-0.04464587574147749,-0.054252261472814256,-0.03401290184625849,-0.07008419924101394,-0.10177548619625487,-0.05142546609815235,-0.05149665883704524
2008-10-23,0.012634090858404612,-0.02463603886709509,0.011616252855187748,-0.0024166283559196033,-0.043735240228625405,-0.05260723444617488,-0.035678632256364806,-0.07481116526674825,-0.035475165771802764
2008-10-24,-0.03451123762539787,-0.0959581514198119,-0.05001920334260468,-0.048429260653417794,-0.026402138701053568,-0.046078457260777195,-0.06910243479232803,-0.10570538529689155,-0.08299922459156617
2008-10-27,-0.031764316753538635,-0.06356058506382467,-0.007923550739565743,-0.017241822670232443,-0.01556864902777999,-0.006489253682819385,-0.06500442322566702,0.008202396804261047,-0.12700045489199085
2008-10-28,0.1078900249729069,0.06408298314928307,0.019153348786141278,0.038651577593161734,-0.003836500095426798,0.10456491505549348,0.1342458037357428,0.05569232394738233,0.14347067495533716
2008-10-29,-0.011079095384419091,0.07740569305371858,0.08052200754893812,0.05607806254408643,0.013437035440220457,0.028165793909898706,0.04368692276703401,-0.030215380919972668,0.008397710754515675
2008-10-30,0.02580395445602046,0.09959449092171124,0.011575612722567019,0.005088977592595523,0.04044544703977948,0.05479312618198873,0.07471787370487926,0.11945674272681295,0.12815076597751385
2008-10-31,0.01536542674171204,-0.05014308242965493,0.019966679482250616,0.02520529738453514,0.004211080372426679,0.011792931367415882,-0.005125134951027732,0.026126558005752587,-0.025204729986706087
2008-11-03,-0.0025290322580645563,0.0,0.01506394294251745,0.007053122202673068,0.050648090075560814,0.008185736393463205,0.0266420877347624,0.014392755107541344,0.02689590347542037
2008-11-04,0.04082583048742627,0.06268173646201824,0.044161070200392505,0.0555853550137162,-0.0015094296715214561,0.04475837203119637,0.052428479998661404,0.021495376766925256,0.0027864590776729425
2008-11-05,-0.05267710663683822,0.04461413556272342,-0.023444336674210642,-0.01614085774848273,0.028819787952333087,-0.05054498968436427,-0.06133777835189835,0.024407161746217598,0.03168862804967065
2008-11-06,-0.05026396716941128,-0.0653381282269957,-0.05701509469776389,-0.062202792688100694,-0.04308291718243562,-0.03892595260767351,-0.03767963825430065,-0.07556495979686839,-0.07076204030145217
2008-11-07,0.02885465476085236,-0.035524781046258336,0.02166224683492457,0.02379978285156814,-0.023727533510565446,0.01090842843519324,0.008338395865343573,0.038700994305176595,0.03287807722095071
2008-11-10,-0.012653197134233407,0.058071769777467086,0.008925625893478895,0.008952792272165055,0.013943271658068968,0.007818186760579326,0.0030317650758444614,0.015839716524605807,0.0351881534152938
2008-11-11,-0.02204066535394522,-0.029965545073848632,-0.035702283420225744,-0.054165524175121105,-0.03574964560985916,-0.01125244936073111,0.013204982451999747,-0.020590736337920634,-0.04772788466038136
2008-11-12,-0.05189387618888708,-0.012917030865108314,-0.015228330770552856,-0.033366752428924173,-0.008483656533473383,-0.050027152978618594,-0.07750302587898106,-0.004314583647107906,-0.0072509596963157286
2008-11-13,0.06921271852634048,-0.05254090904386299,-0.003063113041066323,0.012162916434099502,-0.05857678047578152,0.04813360312045489,0.047109456888769774,-0.031516381043902086,-0.05149116620955885
2008-11-14,-0.04169912980500168,0.02715860870240716,0.015293065113054949,0.010901503740833096,0.01376236118766938,-0.007506811228760846,-0.005674106841462079,-0.0001653742971593486,0.024302359441358057
2008-11-17,-0.025810440976078874,0.007112647845348707,-0.023815429828229484,-0.03728988817104495,-0.025372044434827767,0.0,-0.002008712149788594,-0.009133846691048109,-0.0009695288813275083
2008-11-18,0.00983837790185138,-0.022783007023694735,0.018486699450166677,0.010685757538596796,-0.0355473505239331,-0.026884073010417064,-0.04542768038153022,-0.03909785592402981,-0.04535560363146396
2008-11-19,-0.06115560108017504,-0.006626715063259403,-0.04820425087025226,-0.039638508849002,-0.006686275806535358,-0.02405150599672301,-0.020240999616948807,-0.018665071031500946,-0.007749369187876387
2008-11-20,-0.06712291403208603,-0.06891875231167544,-0.03262617083741093,-0.030221838840094994,-0.041914716698622456,-0.020867266144841468,0.0,-0.0670030093821915,-0.04035955617284914
2008-11-21,0.06324756791239161,0.02696987163509479,-0.02426586907321049,-0.026990238051383897,0.018954984037908185,0.0033374196704909487,-0.0644807369056013,0.058016844280007085,0.029323758228605667
2008-11-24,0.06472257290351613,0.0,0.0983877110575091,0.09898379895748222,0.0025160259083933934,0.0700132208963582,0.09402155478614826,-0.0334651748976319,-0.015898319009100104
2008-11-25,0.00655075662412985,0.05222487261070019,0.004404087686854741,0.0023526446246271426,0.05788686153230782,-0.011860158480228367,0.01825245262853392,0.013585668047910726,0.033766417240731705
2008-11-26,0.03532814705093368,-0.01330020795465614,-0.004449505543901777,-0.005063078922000086,-0.023012323082175157,0.037733130959604955,0.04759017213753758,0.047248098279298656,0.038113614833910514
2008-11-27,0.0,0.019501486627656384,0.017677698070407644,0.022811333631024944,0.013555722474216658,0.008790165082126489,-0.0070458664076747946,0.03272543650100035,0.013658751855910145
2008-11-28,0.009643114635904837,0.016585875015973306,0.014649440382385581,0.0009637680860967723,0.04307424146480687,0.01647871330404893,0.010582489820546215,0.01183849249633262,0.0248065607737864
2008-12-01,-0.08929527805052218,-0.013515783686372851,-0.0518935356960456,-0.05839584250568863,-0.016387367111492024,-0.04877787474092654,-0.05069889033926511,-0.016216417147583373,0.015883942097774773
2008-12-02,0.03994070153514406,-0.06353650374766884,0.014111460119198505,0.02872762072898416,-0.04155045641528121,0.013781236753241055,0.0074938472388133,-0.03345865371899248,-0.04982620824957973
2008-12-03,0.02583617063889454,0.01785548514755808,0.011424108507201325,0.006537446954925974,0.0015832292207542675,0.01740911521759858,0.008452939986583141,-0.0005179827990619001,0.01363658402861434
2008-12-04,-0.0293084043457289,-0.009977386589372972,-0.0015227963817399104,-0.00033762112157742497,-0.00039305929167832154,-0.011455794184844215,-0.004785999824346243,-0.015772438812129086,-0.0058048402123535014
2008-12-05,0.03649937294432215,-0.0008492928028428492,-0.027437728317493693,-0.04923756290317116,-0.012037892339803569,0.00831583920836354,0.006252033647453414,0.02144971883879454,0.024893817663944162
2008-12-08,0.03838734347711936,0.05197846292584396,0.061908395626974144,0.08755866772642307,0.040596222362436096,0.05412305551834673,0.08310429709237388,0.07481544162703146,0.08657895478073607
2008-12-09,-0.023117511267450874,0.008022523577118745,0.018883457440128648,0.012865005226025517,-0.007499759746644852,0.012798600954616157,-0.008274800698238605,0.0007148997782906452,-0.019385345303748136
2008-12-10,0.011894178941564526,0.031488100697128374,-0.003190862902452851,0.005961810552283842,0.010075334034153727,0.011669500201729077,0.02729369462951947,0.036198726759748334,0.05588746050014848
2008-12-11,-0.028524087006805754,0.006964010235282148,0.004902364858676345,-0.004083219131424398,-0.011716275776218699,-0.01297796572035581,-0.01244295515377758,0.0074703064047405565,0.002321260978807027
2008-12-12,0.00702846873247176,-0.055579063247157445,-0.02468618198141115,-0.02674831716551529,-0.024353204426784014,0.0,0.02219134574121351,-0.04383981705257156,-0.05479156392701379
2008-12-15,-0.012685710388414595,0.052063716401545834,-0.0006518158561800158,-0.0047294029128822634,0.02306613749378994,-0.016713104933355427,-0.026760647800342596,0.049256219311119676,0.019552268235220938
2008-12-16,0.05136028184256869,-0.011153351660653676,0.0073686868214588586,0.017815382953889403,-0.009785721545210735,0.04664913743346388,0.04366549330783576,0.0029097125687493897,0.005533347289649937
2008-12-17,-0.009592851354606968,0.00519373204077489,0.003506548961727196,-0.002407809464731736,0.004045035572973754,0.02450738770927008,-0.0011509381783921802,0.0070508626330108015,0.02183115766403776
2008-12-18,-0.021162734127949445,0.006352380023500581,0.0014962339767679023,0.0032563429141814204,0.0029572093846517156,-0.009982500830656882,-0.010292526953548764,0.005266082496260038,0.0024119499214774187
2008-12-19,0.0029369239110790257,-0.009081332790291663,-0.010097768007647723,-0.0033762569217344884,0.009635438845847277,-0.005617266078881578,-0.010244770181911278,0.004303050403517306,-0.023893698529017904
2008-12-22,-0.01830202279587334,0.015748929966979297,-0.008810500754619421,-0.019021005343392683,-0.016120980368458215,-0.007310891545358467,-0.03865786994173204,-0.0011515957221607254,-0.033390822415586
2008-12-23,-0.009717425972029403,0.0,0.0016050231104500767,-0.00646883406669041,-0.007310169611114747,0.005216875695288614,-0.030509456783231692,-0.029925144751231314,-0.027464730457879893
2008-12-24,0.005781083460772107,-0.0236915648950341,-0.009255212665472912,-0.0019814116718579466,0.014399235650320197,0.007506000200232288,0.0,-0.013807447282641938,-0.0025772126583686328
2008-12-25,0.0,0.009674654518556647,0.0,0.0,0.0,0.0,0.0,0.0,0.0
2008-12-26,0.005356217243563943,0.016282341996627814,0.0,0.0,0.0,0.007817123008679205,0.010785346515758576,-0.009437222532365785,0.0
2008-12-29,-0.0038725939505040996,0.0008753341144593918,0.024370403572555155,0.004576389531508962,0.010857242875012885,-0.005461165587550498,0.005317635327349635,-0.00024153292898931866,0.010176154493680922
2008-12-30,0.024407075981689008,0.012848727074013633,0.016977091460520732,0.026453963069966058,0.009127311791135906,0.001233901889839295,0.013225792872993303,0.006156103758981457,-0.006489174008687537
2008-12-31,0.014158358034671803,0.0,0.009445258930766531,-0.0015745590418849709,0.018649698248106805,-0.0017702935904131412,0.0,0.0,0.010676126584945989
2009-01-01,0.0,0.0,0.0,0.0,0.0,0.0,0.0,0.0,0.0
2009-01-02,0.031608081926376874,0.0,0.028781034556636387,0.03630056953285221,-0.0022867520437578337,0.03890203535963743,0.07174135180242192,0.02928490755644897,0.04554862978089291
2009-01-05,-0.004668383773341778,0.020718861884789108,0.003912937684549256,0.006678572977405706,-0.007203945933516032,-0.0005204086196870517,0.03166765314373099,0.01397096941420406,0.034601248038099275
2009-01-06,0.007817132999083487,0.0041711267792530204,0.012944248892926113,0.009798661397895314,0.015093391887918806,-0.010045673496892782,0.019114778752493233,0.01764700869994984,-0.0034568481897487846
2009-01-07,-0.03000962875789026,0.01744332022147721,-0.02832771420934177,-0.015466776294101314,0.009896080203190438,-0.03859526954746739,-0.03526233991644978,0.02837693003315822,-0.033659993126797794
2009-01-08,0.003397121270611647,-0.039269463722124254,-0.0004747632284787251,-0.008662425400327023,-0.022603189855788797,-0.00732948690878843,0.02866959413526371,-0.018295512836170924,-0.03813521437254874
2009-01-09,-0.021303023974146185,-0.004463511190322289,-0.012613836377478371,-0.011909114028674006,0.011220264310025874,-0.009752042777631087,-0.009707184116426237,-0.02051920046446054,-0.002668579368211854
2009-01-12,-0.022564160161734237,0.0,-0.005024120273168342,-0.013962896979397565,-0.014033330397732802,-0.026632274349866147,-0.05241259997489356,-0.020500270965993828,-0.028269288552064897
2009-01-13,0.0017580952818696538,-0.04785555857323909,-0.006109091566335878,-0.016554711301985714,-0.007805178148867831,-0.005432782021966509,0.0035722742184889356,0.009474821698724822,-0.02168420299191187
2009-01-14,-0.03345989286410711,0.0029165988226640405,-0.049670959162565365,-0.04678842772303515,0.008862316411621052,-0.032216483824528575,-0.03951170625904221,0.012819963860890127,0.0026748512040855044
2009-01-15,0.0013291875341197024,-0.04919623864572287,-0.014239446591909566,-0.01774666515841039,-0.042698557050884545,-0.004356571161501788,0.030786085008676745,-0.060320627726857756,-0.03368574516166467
2009-01-16,0.007561571100102027,0.025779883863392916,0.006296847208640655,0.010532983119764916,0.006065388216861534,0.0022139504518874364,0.00486474447192764,0.021469577267083206,0.0009476733298297013
2009-01-19,0.0,0.003244169304326361,-0.009305387431095768,-0.012737513423480618,0.010808678145495465,0.0033465532518688335,-0.013045244288861113,0.013609936575052828,0.006373198767908539
2009-01-20,-0.0528160730249847,-0.023139575019529235,-0.004154831360579481,-0.02290455915716183,-0.031395884016043096,-0.05788095271953042,-0.04008028160888755,-0.020718724199365712,-0.028502270241581806
2009-01-21,0.043491219790864566,-0.02035138529517877,-0.007703964413159348,-0.005620683387859149,-0.009745345641790304,0.01478580670815921,0.0340960402789543,-0.020589096653384376,-0.02902366322859129
2009-01-22,-0.015162334571074965,0.018996056514849924,-0.0018842921465659357,-0.012959061975936992,0.012795864240042754,-0.009764016187022606,-0.01682722369100409,0.01143519902864254,0.0059092646557472595
2009-01-23,0.005377643504531848,-0.03806506419730393,5.922664804303146e-05,-0.0056479651122418595,-0.04132980154330346,0.0021795508612800774,0.006281150768465915,-0.020452774069860125,-0.006271927849524239
2009-01-26,0.005553218342448485,-0.00814821987669856,0.03862829336182627,0.03673406677312885,0.0,0.012107721353406209,0.009889241025008877,0.0,0.0
2009-01-27,0.010925565105131652,0.04932609923797271,-0.0034687491832997575,-0.0009655240550214828,0.030303973109139015,0.0016887026964094165,0.0049200910425881705,0.0,0.0
2009-01-28,0.033557602487850335,0.005609677127230039,0.024029601302686165,0.04412438978342381,0.014967796111142961,0.02697114367498199,0.039498001494615353,0.05906347173952797,0.0
2009-01-29,-0.03312015925133571,0.01788117622241492,-0.024466846712609458,-0.022981083012597048,0.008760012392924343,-0.030189295525191673,-0.014642489146093007,0.007409454394721848,0.045778544512107944
2009-01-30,-0.02278912369548236,-0.03116986053005366,-0.0096584576538562,-0.014285714285714346,0.004125729829922875,0.0014377810365433508,-0.008517746166471718,-0.0038146344808668298,0.009409757777417926
2009-02-02,-0.0005327650506126158,-0.01501992106629313,-0.017317164862494128,-0.01709447558762267,-0.012219293746568494,0.0,-0.016140896913268143,-0.013045236681553218,-0.03138374826124901
2009-02-03,0.015833979453382385,-0.006155717946959349,0.021256664165305583,0.020989293868306502,0.003209483946432945,0.0033385909837597705,0.027939474127951724,0.01416801081128205,-0.006577775980854517
2009-02-04,-0.007489475378945953,0.027273621783116875,0.015401756770385688,0.023537901634378633,-0.02016318424748742,-0.0004003981567421988,0.009617890867079426,0.02765646492434648,0.02246243021580363
2009-02-05,0.01636566814462359,-0.011107185773248762,7.804001324318577e-05,-0.001958454648718466,-0.002724026055243689,0.005827973866867842,0.02441149850582014,-0.014631453022913243,0.008803656491290113
2009-02-06,0.026896021753265886,0.015971772342178614,0.014883197404544246,0.021990816446671113,0.012051119988823134,0.035525734459612934,0.04006091175458204,0.027490066899853893,0.03612896372231389
2009-02-09,0.0014851485148514865,-0.013321166527582085,0.003667399059151366,0.0022571533413549005,0.011159466943948315,0.004842419536425169,-0.015328554221094248,-0.0062548543288218905,0.00835003046494176
2009-02-10,-0.04912115324926147,-0.0028974668184208463,-0.021944883589740005,-0.034398348198130924,-0.005685741980920644,-0.034638775679136646,-0.021203977565859677,-0.0031762133218037336,0.008103675922684683
2009-02-11,0.007954930122346493,0.0,0.005027201002592019,-0.00011022198708199316,-0.0040775061542395186,-0.0191201126617343,-0.008780212694652345,-0.007248492330277578,-0.024597568988173446
2009-02-12,0.0017391512941684617,-0.030277097486263393,-0.007562124196435871,-0.02334759028175859,0.011472107487076277,-0.004545770094077972,-0.008442276062892495,-0.008687761515065118,-0.022963673655996164
2009-02-13,-0.009997725068547347,0.009608895625901948,-0.0030102992689612362,0.006022709316237496,0.01275479571099214,0.0005088269859103711,0.028958200568433456,0.010679414157852118,0.0246721045032241
2009-02-16,0.0,-0.0037573591793711447,-0.013089586331836767,-0.015550040614103255,-0.011855210993759635,0.007887712269143643,0.004024128453443687,-0.014231324007916601,-0.007288263011936191
2009-02-17,-0.04555899569445121,-0.013504219907434223,-0.024335207690912353,-0.03357889170511108,-0.014953442163532005,-0.03416548545223641,-0.047664605227559664,-0.041072932529116035,-0.03793731810925782
2009-02-18,-0.0009503655739574457,-0.01452748083515687,-0.006767258367975315,-0.0007122708704799807,-0.014758426314382733,-0.005975412022851456,-0.0043310695894820395,-0.012420266325996465,0.005453674664359642
2009-02-19,-0.012024048096192286,0.0030805209146267387,0.0028800822595418385,-0.0017135007812240088,0.01046877444554939,-0.003137460801749259,0.0014099775699134565,-0.005470764200181555,0.0005654578979716884
2009-02-20,-0.01141294579813601,-0.018692318379390338,-0.03217971466042202,-0.048779103856556594,-0.013492880400588048,-0.019175194714617594,-0.025564600143014204,-0.03716918074248021,-0.024892961570593175
2009-02-23,-0.03469904551652481,-0.005423130961466405,-0.009855852056795178,-0.00996679392348676,-0.015046170431760597,-0.0200734219118619,0.0,0.031521178291664675,0.037477252450357046
2009-02-24,0.040103318848963454,-0.014587536062124373,-0.008904805062936116,-0.0070946912830195386,-0.005862972707396552,0.0189186028379853,0.0,-0.0324405438588512,-0.028582705254609042
2009-02-25,-0.010657836873011362,0.026505937902417953,0.008526270555806015,-0.0061896333754740684,-0.0012192512020670065,-0.005214769696946453,-0.01247745039085979,0.0030078580291008628,0.016139366114206855
2009-02-26,-0.0157798405020263,-0.000440946654836627,0.017318874091317715,0.028433896787193547,0.005400765922432216,-0.008435939277060767,-0.001344438288974792,-0.011517412002848837,-0.008468998268368888
2009-02-27,-0.023564416933437804,0.014815102850254558,-0.021848280230051698,-0.022220133192158875,-0.0002836678461749509,-0.01634495399830216,8.197970779599828e-05,0.007811981531868906,-0.006465326709546582
2009-03-02,-0.0466201417513501,-0.038088531027612116,-0.053330339495938794,-0.04728194592734658,-0.02822025209649348,-0.0463255780416828,-0.051033291770671396,-0.04159807343160593,-0.03856748236164664
2009-03-03,-0.006406780628406716,-0.006927055074414601,-0.03136936922028877,-0.0095921478231773,-0.00951408097522255,0.009654573592127624,0.006426714289538449,0.006635192037769633,-0.023022603686149612
2009-03-04,0.023753105567762445,0.008470590838925984,0.03809127898203046,0.04222058957597086,-0.016411800666499388,0.042806955962148674,0.05305208245355608,0.03285002486422184,0.024702755885882333
2009-03-05,-0.04253229901665112,0.01954886599295569,-0.0318195657003677,-0.04693176088007989,0.00698874896372037,-0.02580314345726431,-0.02690754497654302,-0.0010195797065875034,-0.009724153870482422
2009-03-06,0.0012160281298074782,-0.03502930655721603,0.0002464686984753328,-0.01890133621271428,-0.013500688724241816,-0.018518838446486163,-0.007060410881446266,-0.0029768092385039635,-0.023725682240296586
2009-03-09,-0.010023705698147478,-0.012138405989042478,0.0033052654833420902,-0.003995069445973054,0.0028682636577133103,-0.004639908375304369,-0.009802967732998269,0.015828933774395093,-0.04839483555788193
2009-03-10,0.06366310437083356,-0.004381861211425919,0.04878895663956628,0.06052553066884725,0.009526771298842052,0.034139808398312654,0.05588254106068513,0.01909995987795443,0.03080501878430053
2009-03-11,0.002445803224013332,0.04551961876575139,-0.005765457320273559,0.006907941006392138,0.01879209214794897,0.01408896276231908,0.00026421237003648734,0.03232924372825474,0.020233366541104303
2009-03-12,0.04072862371076846,-0.024114303997223474,0.0049406980867992,0.015443995467691929,-0.00272348295126168,0.06037877114378376,0.00894373891889666,0.0007804808826530341,0.0059401575436732745
2009-03-13,0.007739030822921267,0.05154447261487172,0.011212103252641326,0.0035054824114457706,0.03388430799319675,0.030328329853319902,-0.003486168984053295,-0.00209147546504318,0.043683597008048025
2009-03-16,-0.003515960610666835,0.017818075166990743,0.029387161398947148,0.032596774848694166,0.0009730438455650692,0.0,-0.010461774423772052,-0.0005062032095058955,0.0359984990978619
2009-03-17,0.03213996736924485,0.031798446291933624,-0.00178313090872384,-0.01055700883110755,0.030912714862018742,-0.005760145207518996,0.02340288858036854,0.03413715280862939,-0.007599769124839728
2009-03-18,0.02085796535238793,0.0028984303942696243,-0.013510150112779118,0.003448875636725024,-0.0016272023504483313,0.015287411934251205,0.015984775777307947,0.005215314293569806,0.01856486482079256
2009-03-19,-0.012979165355322064,-0.0032876870412948955,0.003137984593914789,0.010098108647526916,0.00983948095359688,-0.0012216826499658051,0.007750928011331704,-0.006957562288986807,0.0010482444002783975
2009-03-20,-0.019769399520432662,0.0,0.006790797840149132,0.005579580109630555,-0.004145415676550135,-0.011900588421101421,-0.009319852482224555,0.007858427798004941,-0.02264959347859863
2009-03-23,0.07075754027116354,0.03392541618633871,0.02861417958025947,0.03450091664391297,0.0243764576347818,0.05077285380074681,0.05894090813024411,0.024390660494986838,0.04783648432891696
2009-03-24,-0.020415107179312608,0.033201753264853195,-0.010460912616594209,0.0026629338461248153,0.008361014194063765,-0.005102615053353299,-0.022685035186169156,0.01850771154647779,0.03442444721738447
2009-03-25,0.009626358358556963,-0.0009789946161186114,-0.0028659375271637977,0.010252095310171683,0.008195876447043782,0.001489926447231893,0.007799000044122151,0.0059916509781452465,-0.020720557513331794
2009-03-26,0.023320391212463765,0.01843634249568682,0.00639702583167745,0.0036246382341171834,0.010343799593939274,0.013292707409988891,0.0188845267743718,0.012025841727555164,0.035741159042174786
2009-03-27,-0.020315539226280488,-0.0010837936947755145,-0.006713033730765261,-0.017714664552589743,0.007042635890623927,-0.011054290547530154,-0.015998859790376185,-0.005057083132336326,0.000745624417924029
2009-03-30,-0.03481873667181423,-0.04531023059080996,-0.03486669146030241,-0.0510440068719441,-0.01850869530172683,-0.038642059111491434,-0.029927012698745314,-0.03236337484141538,-0.0469683770671766
2009-03-31,0.013129658552690104,-0.015365319423803592,0.04337866172722715,0.030100317813996913,-0.006162539903084019,0.004946198569903304,0.006708954513465537,0.0073488884806172106,0.00889469862882386
2009-04-01,0.016556581899306977,0.02988829192320641,0.007506100139067939,0.01276597799269008,-0.000673618551561006,0.012922159807405631,0.025667383491175588,0.02246613499577199,-0.004160276723222278
2009-04-02,0.028727129259752404,0.04404621218379989,0.04281514102755324,0.05669417468785287,0.02806522162407088,0.034316262725492486,0.04193125030225353,0.03535869494713628,0.07414675351380295
2009-04-03,0.00973177688822835,0.0034473346804619887,-0.02310319832629093,-0.008003645403317772,0.01506087034967396,0.018051714302526944,0.014965320687893247,0.005309443448162421,0.0016333872057303633
2009-04-06,-0.008332344213649812,0.012353368747314297,-0.008965994734060123,-0.008650369528141022,0.005609769286325728,-0.006046208568161071,-0.005039762582398577,0.010983446932814056,0.031098559092074707
2009-04-07,-0.0238545506774549,-0.002831361277409017,-0.01578048548405675,-0.006500805145591482,-0.013383442714680505,-0.008832995870181604,-0.007759820283169128,0.0017336363986593106,-0.004605268421740583
2009-04-08,0.011783459015388464,-0.02692675636968822,-0.0012720963129559948,0.009803468848704311,-0.023422512874004542,-0.004499253761015232,0.008156390952738235,-0.029251596031074523,-0.030418039556647125
2009-04-09,0.038053226041010246,0.03735306881551037,0.014823513827467494,0.027940497258538644,0.014383774532082505,0.0,0.030707768189655482,0.04300870791635969,0.02946833337248167
2009-04-10,0.0,0.0053891517105091324,0.0,0.0,0.0,0.0,0.0,0.014958027880123126,0.0
2009-04-13,0.0025333893714394318,-0.004426540950523861,0.0,0.0,0.0,0.0637257599985972,0.009951533541463942,0.0016616268973983495,0.0
2009-04-14,-0.020064513875141188,-0.009160248889845013,0.001325397682060192,0.013683943609340332,0.022158719039361285,0.0036466937986057157,-0.01247415576963673,0.003265434220555141,0.04554938089751248
2009-04-15,0.012549019607843048,-0.011277124129788874,-0.0051617076001694295,-0.0068856559805148265,-0.0014356843775265027,-0.0026114806602610674,-0.0032042235069744684,-0.007105457199675369,0.005741917926388451
2009-04-16,0.015538811820763776,0.0014068461939664711,0.02131337566777547,0.016593311415137757,0.007523096570911214,0.01499632227821146,0.016613341609117205,0.0027229969469428905,-0.005528532280936083
2009-04-17,0.004969374783312164,0.01739754159213991,0.009824869602119923,0.017665648051953697,0.0002677635703292047,0.002056856488742209,-0.005355810500343505,-0.005775330660123257,0.0011730739736084406
2009-04-20,-0.0427897884084637,0.0019275717984008622,-0.024907154026583278,-0.03917305597676357,-0.0020350938510298455,-0.02911421894648214,-0.029383585403383372,0.0055605718585403086,0.009591526843647946
2009-04-21,0.021252057328896345,-0.023913274881649405,-0.0008519466982054302,-0.0025828650686392507,-0.024308286133035262,-0.017165034008122415,0.0,0.000314279514213478,-0.029523373570161993
2009-04-22,-0.007681629964238712,0.0018332447513753625,0.0108339644786406,0.01874640649304915,-0.0025115400042149405,0.012399054717598279,0.010241227551951448,0.014370030146393376,-0.02665464686714336
2009-04-23,0.009922351964910314,0.013716727968558606,-0.003083862196265552,-0.011440746557932258,0.020400530070833423,0.016262562261377234,0.020338752723432885,0.009424639754575859,0.02258366966989156
2009-04-24,0.016797351864024757,-0.015713783526863923,0.03428375180116605,0.026708976163289933,-0.008215821333671047,0.03448754496816875,0.02119203505063294,-0.010739333722969091,0.002917619159667817
2009-04-27,-0.010066610484513405,0.0021072601139873193,0.0026515944456075857,-0.0010905689493897475,0.0052022078135480765,-0.03343611353559017,-0.020355859803526943,-0.010538364965659852,-0.027422118967025733
2009-04-28,-0.002740492822241203,-0.02665149421177715,-0.01694500373169261,-0.015897400490213043,-0.00621211057401394,-0.007540164501851243,3.7756677202960276e-05,-0.02954852481284931,-0.019225197130539384
2009-04-29,0.021609991112774285,0.0,0.022749243237965233,0.02370950484977108,-0.003526317677079671,0.01924105817741517,0.030670140440806737,0.029363809758198522,0.027608173349428444
2009-04-30,-0.0009500480747218765,0.039380628389984684,0.012917731806692201,0.017454885011929377,0.02303857523724573,-0.008174610291793227,0.0013284832613014164,0.023116809372244695,0.03771089694088703
2009-05-01,0.005396363469712728,0.016890077999515363,-0.00011546500585568609,0.0,-0.0028700218677150113,0.0,0.0,0.0,0.0
2009-05-04,0.0338681739447535,0.0,0.0,0.018603652529743053,0.030079512225273275,0.05092504857561009,0.06587081749385115,0.02085645849155826,0.055412702411379744
2009-05-05,-0.003791719941801608,0.0,0.022086999967006138,-0.004951374853793933,0.0019186211063260128,0.01808417032204246,0.005262423833730878,0.0,0.002993092628372551
2009-05-06,0.017404292985173653,0.0,0.013730879375781102,0.012344499595023928,-0.006001366938040764,0.02031093151414587,0.016374651715480137,-0.003197607874556474,0.024618869780305364
2009-05-07,-0.013202396876665246,0.04548436791621602,0.0004981246403381601,-0.012797104957596006,0.018513102457423436,-0.013248903105605114,-0.027989020471663073,0.005475618070257093,0.022769812356359553
2009-05-08,0.02406903316104425,0.005021468830241682,0.01441568834286655,0.02340321186327965,0.0007672599856145546,0.02103402375643304,0.02672756395273801,0.007886773060781893,0.009988448061870603
2009-05-11,-0.021512435026850185,0.002030143657841821,-0.005959090919277821,-0.01169595393093692,-0.003996993185450104,-0.005918894209730574,-0.008164061048342441,0.0021456948014701993,-0.01736183191708729
2009-05-12,-0.0009788394703268422,-0.016226229848137486,-0.0022455191072032754,-0.0038009689388927015,-0.012411238225166987,-0.010296529009289457,-0.012762967326638841,-0.008232284688657221,0.003844229413124456
2009-05-13,-0.026894919359277902,0.004503898969846043,-0.02127875920226685,-0.027652886971299417,-0.005443058346779273,-0.02285064159291117,-0.03271861856885272,0.007844618135959047,-0.005481052418029098
2009-05-14,0.010351615530817426,-0.02641831424261476,0.007205572370866609,-0.0015992873202392843,-0.03442390916484095,0.010836531705233687,0.015752727192050564,-0.023732432203150133,-0.03035999629534536
2009-05-15,-0.011410079836966958,0.01883605517208009,-0.003316844619468351,0.004491126095694353,0.013370629145253554,-0.0027433218846676377,-0.008874526200490895,0.007806220355552229,0.015053480025317922
2009-05-18,0.030389180862631537,-0.02442844160077362,0.022616723127979688,0.024804365297576236,-0.009946546258595812,0.025438142519060403,0.050111197923734085,-0.00362857738210709,0.013829679524975047
2009-05-19,-0.0017368172274681015,0.027835892148087904,0.008051366820722272,0.015210051429373594,0.021861320111498994,0.017093027968092533,-0.002262012606333519,0.029949231257391684,0.030612862313200262
2009-05-20,-0.005131423915078148,0.005850194127416719,-0.0030877349545429533,0.011213250988985957,0.001917321251511117,0.002258404526338964,-0.001977150974524,0.00524432681468423,-0.0038867922592470405
2009-05-21,-0.016757612316955717,-0.00861349393877131,-0.027513142258655643,-0.025510922051970808,-0.002805504541099957,-0.023702847587665388,-0.022592603506013886,-0.009786167026537562,-0.0158132599062476
2009-05-22,-0.0014971913590670072,-0.004138534026327356,0.004561071644724191,0.004043371346525326,-0.013715902959022919,0.011417532070092218,0.009606421424340095,-0.012591003411528967,-0.007963608223267138
2009-05-25,0.0,0.01313597396868138,0.0,0.00275732272592788,-0.006293095220815337,0.004387952803358797,0.004899295984515328,-0.002030276046304458,0.0034754538016659176
2009-05-26,0.026302142051860322,-0.003871830533861198,0.010636177665172442,0.01156448367571894,0.013519851061194466,0.018228882563548376,0.020162058428565555,-0.02060104218716552,-0.007607836082846209
2009-05-27,-0.018971142333000235,0.013743165202597885,0.0010222770257404257,0.004468391095626911,0.0033364595043825496,-0.005368083220509079,-0.0009488665298374999,-0.007302994081805236,0.05259728947783482
2009-05-28,0.015418896826641104,0.0013370386183790828,-0.006496491351220324,-0.010619162082372124,-0.011949739640266022,0.006178846661533566,0.02411838519791143,0.022136238821750087,0.0
2009-05-29,0.013574760429187371,0.00752376105525232,0.00692871176103238,-0.0007785907914314993,0.016588540245202843,-0.01328224227510666,0.0029598003346107404,0.002672087460583228,0.015975716329694745
2009-06-01,0.02581761211567346,0.016303491730112807,0.01997537313770681,0.035129159119466014,0.02002610814239847,0.031807053429455,0.024222086167962287,0.013761829370509071,0.039490947113532515
2009-06-02,0.0019833062882474994,0.0027444395649813824,-0.006473317813940227,-0.001253276055727337,0.01564313088581759,0.0031148391814903587,-0.008933807018242645,-0.0015899936400254333,-0.026445065513095334
2009-06-03,-0.0137392298410145,0.0038498357946108452,-0.02090676387418422,-0.020038118989649578,0.015633524854715475,-0.02114491719488265,-0.03542420377070021,0.0014438900095552487,0.0101902868441488
2009-06-04,0.011483643856787129,-0.00746381267277596,0.000803025947775815,0.0014858721344612746,-0.020547239333443157,0.003923116490313738,0.02644191033284371,-0.025973750609588064,-0.003967384546148978
2009-06-05,-0.002514695583897497,0.010244121394648475,0.011766744017470243,0.00646943403509348,0.009281154057296126,0.006666389203504153,-0.002298560336975064,0.012023451898936166,0.009553164201900444
2009-06-08,-0.001010541543894794,0.00999384726264596,-0.0075114451533830895,-0.013902371792567148,0.0,0.0007975752428150962,0.005425094125514285,-0.0010109628524926917,-0.0228132078269635
2009-06-09,0.003503205059948389,-0.007988339315380677,-9.761147002884663e-05,0.004460433403420172,-0.009141162351132825,0.007000795736393117,-0.00882447433255662,-0.015402282351252405,-0.010677468678420676
2009-06-10,-0.003480364589412477,0.02091281948579815,0.007255737503944593,0.008695722317676235,0.022758133268883762,0.003038542773991626,0.00477452413251056,0.03137392115698634,0.04026748637344535
2009-06-11,0.006111909705584839,-0.001016865352414853,0.0056618019947032305,0.0085527841531583,0.005669406697682344,0.007510010435312964,0.0,0.003187549474160445,0.00028585633935662713
2009-06-12,0.0013969880091864173,0.015477897234136062,-0.004464495827982473,-0.005197575257797404,0.0037008091721162373,0.0034355620279158394,0.002757862482454465,0.006481657613481628,0.005249845271919629
2009-06-15,-0.02376850804789632,-0.0094861589886166,-0.026101149270027713,-0.031013621762938204,-0.0075047985070162415,-0.022008230944044915,-0.028462665775175977,-0.011318852854912742,-0.020684310163009756
2009-06-16,-0.01272030485428488,-0.028565679947647804,0.0005917693209214203,-0.0022332812371473887,-0.017172344771393844,-0.02710314867373842,-0.015913496260701265,-0.009395222384276591,-0.0180258782115319
2009-06-17,-0.0013816243955393492,0.00901989976294204,-0.011576571477416309,-0.017419836189235594,-0.014725875026277757,-0.0030501762035070046,-0.0031234755138971337,-0.005703462816710192,-0.004453497013569785
2009-06-18,0.008411019973427303,-0.013934771894704268,0.0005609495005212128,0.012891668869115858,-0.0030872435087970773,0.007855180792134986,-0.002797877358860168,-0.01107700712350046,-0.01702774736516144
2009-06-19,0.0031142132256063437,0.008506016249438364,0.015200216778871622,0.008420171965341838,0.0019221099685333698,-0.002708637608280773,0.009247977821355224,0.005509681921265219,0.00811569777449761
2009-06-22,-0.030600392952899957,0.004088385144069395,-0.02574362679564557,-0.031004981990085168,0.00477310505447015,-0.03954896287166243,-0.036574500956421785,0.011833677909986129,0.007735089640995119
2009-06-23,0.0023067275821913036,-0.028155139233910664,-0.0009518073711930475,-0.002458377132006473,-0.030948623732859004,0.007793802016583529,0.006440676596329187,-0.027984368190553832,-0.028858969354164432
2009-06-24,0.006524410680371018,0.0042630013162840985,0.01181081886137636,0.02761017726940529,0.0026553177861254884,0.009143957859058416,-0.0028397878650761044,0.00238875740514799,0.020171771949160755
2009-06-25,0.021444269318711573,0.0214549670918176,-0.006404235533810865,-0.0066736683674735175,0.012871582832741035,0.022540786563671755,0.03709706773135513,0.021220275848921055,0.021399328755906666
2009-06-26,-0.0014778432182209755,0.008300258879061717,-0.002718356194019056,-0.005165839688301421,0.012410292238601128,0.00876526197830474,-0.0005668272871431901,0.0012924256675737045,0.017796414014094708
2009-06-29,0.009065186636195488,-0.009508584757714322,0.01250173897255591,0.020004937424421776,-0.004338540931547841,0.0006255563055870272,0.012663149955880915,-0.004359891863208287,-0.0038574729600554525
2009-06-30,-0.008530785242065075,0.017884247613576987,-0.010437747291006327,-0.014780204453341494,0.017489985618396098,-0.004296478685338778,-0.012891277270636659,0.001166768698908749,-0.008083758488944826
2009-07-01,0.004361919679763293,-0.0018587248605203,0.021533414446450072,0.020002581515516038,-0.020448345997817308,0.006386555035664987,0.0015217973374763716,0.015531591934219158,0.0
2009-07-02,-0.029144509546966013,-0.006416544180894657,-0.024521334067468148,-0.03268931678184939,0.000844342351267624,-0.019268871607865057,-0.010066006024393226,-0.00012750945695139126,-0.01091914403225902
2009-07-03,0.0,-0.006083342193061059,0.0004746981179752918,0.0028822821935727827,-0.012658835083867781,-0.00025237553146462144,-0.0017687428931812965,0.006064556352197714,0.0013945390182117379
2009-07-06,0.00256576158497146,-0.01377333291225502,-0.009765643441887684,-0.013717767454386243,-0.011626060221356704,-0.012597009239608825,-0.006129810547585546,0.006267429086504572,-0.012304844149993999
2009-07-07,-0.01968354993768917,-0.0034170482611582953,-0.001885618523400967,-0.00980425619059,-0.004444323457734378,-0.01611246335156935,-0.02302870642226673,0.0036810502890254337,-0.006515230477529554
2009-07-08,-0.0016685016401257746,-0.0235328505284631,-0.01117028898973027,-0.01274074712396056,0.00028166493977654916,0.004667820208442253,-0.005644331303948591,-0.0022172639799191707,-0.007904930336401828
2009-07-09,0.0035472281595343436,-0.013766419871029445,0.004451443518838305,0.009837081520339686,-0.001225866174373924,0.007042913667317574,0.0,-9.084429288186424e-05,0.00392301367806791
2009-07-10,-0.004021842570353873,-0.0004068427068599778,-0.0075721506446787545,-0.014002515266631321,0.008171488594273857,0.000930428568345798,0.0008790596522192384,-0.0015864252318488203,-0.004618733836258437
2009-07-13,0.024933741312433755,-0.02551339035756439,0.0181625666013272,0.027942510749648264,-0.014921663506920368,0.012499862615646062,-0.0006877176672128726,-0.035348798140863225,-0.025625662820285333
2009-07-14,0.00531602019865729,0.02336710374096862,0.008459995288103928,0.010868916348999447,0.03469462071504581,0.01622789951219028,-0.006390925394205271,0.005398659042753939,0.03657569011911588
2009-07-15,0.029629956725249373,0.0008032987072721376,0.025669706065583053,0.033875927464767974,0.014838108916234383,0.04090605632963795,0.04960000065476389,0.025477063425618507,0.020850700530534727
2009-07-16,0.008641763520178536,0.00808155999676341,0.003538511800407651,0.0032435475842709227,0.018118658138400745,0.015757215034695182,0.012116578350325202,0.007995157862140001,0.0056526601623558825
2009-07-17,-0.0003826774666751964,0.005475077481549961,0.0061694147424022905,0.004160278490587421,0.0012866572814016486,0.000248683145033457,0.002971790239260974,0.005501948024744685,0.024169106959149644
2009-07-20,0.011431548948297454,0.0,0.01250242096268872,0.012753118418921128,0.012378629492452164,0.02105900250019821,0.020787175723688378,0.02667175890563156,0.03704788877391163
2009-07-21,0.0036272644118049424,0.02732211356292291,0.008450317533902574,0.007717869867916338,9.579560969696921e-05,-0.01065436618239346,0.0014794488488649726,0.007088217191632218,-3.2816524350609555e-05
2009-07-22,-0.0005342663789310587,0.007370477889602434,0.0028028394370218646,0.0035158869678055815,0.00438914176836569,0.010928694871023659,-0.0030244073429605,0.0033915607223689026,-0.01300192341910189
2009-07-23,0.023289695724632242,0.00717667918660192,0.014702707995362552,0.022516163473515594,-0.0010785415699366974,0.019674599373635582,0.022173224322846963,0.001639849000026894,0.029588786882077667
2009-07-24,0.003042128875641481,0.015481561206338368,0.0036865652002280314,-0.001171788892369352,0.0063224812374003125,-0.005933501508276984,0.0038328562770142405,0.004076204986334542,0.008330431886646839
2009-07-27,0.002981843432796172,0.014491354561041003,0.0020801422887246623,0.007220957425389862,0.012179186867506075,0.006339700304394125,0.001683888419713897,0.014282006402278835,0.013453076372218264
2009-07-28,-0.0026064468834632315,-0.0001387696681224293,-0.01249201396384314,-0.010890247980902656,0.007236976558457675,0.001322006466457637,-0.0014198246383663182,0.0012991699747384455,0.01841432932279008
2009-07-29,-0.004562993813927885,0.0025755259604689495,0.004126884588548041,0.010582648032707809,-0.0064170271387772315,-0.012448441849855163,-0.01353018475335932,-0.001120554641782956,-0.02371155914265244
2009-07-30,0.01189560580423521,0.005138808136660344,0.018489157850525517,0.0209321196318899,0.011507742634407458,0.01107876228008986,0.013843984491908712,0.006835834995276624,0.00489583074669131
2009-07-31,0.0007398023815556876,0.018850569737369094,-0.005019852707805694,-0.006256733239413115,0.012774045746877016,0.008699278298950341,0.005273463277117196,0.014693042469734241,0.01676626760396327
2009-08-03,0.015342082877627838,-0.00042097823368736353,0.016079472957841956,0.013623286191355222,0.004569296879178619,0.023997633442416788,0.022497467393836734,0.004938065485555088,0.011370546236316503
2009-08-04,0.0030120782342439867,0.0021772581808978675,-0.002368413184522744,-0.0011630211624976683,0.010770350504330839,0.006407515686569054,0.0007189566877705555,0.0008881902644122253,-0.0005204914054035559
2009-08-05,-0.0029135385074329223,-0.01180528982622664,-0.005189055887245053,-0.01041947464582016,-0.010395450386362914,0.007632242934317857,0.006174552406961853,-0.004405089474389778,-0.014505374239713209
2009-08-06,-0.005624700813786521,0.0132221022518344,0.009339097464456492,0.007143046312515944,0.014500906555810156,-0.009978410141785243,-0.011159178264503078,0.0035717262916246106,0.019735278805275813
2009-08-07,0.013439242588358047,0.0023103380891000835,0.00874741233933074,0.01660775128568237,-0.006214734841138991,0.013565011090765022,0.010306362420652748,0.007003015897357301,-0.0250664617469345
2009-08-10,-0.003344944976644726,0.01077305324867539,-0.0019782059194008994,-0.00465963594977481,0.0010857217816999665,0.004463165664462254,0.008885218422812535,6.979695431463817e-05,0.027197052127151622
2009-08-11,-0.012660113196306222,0.005815135696001228,-0.010770403625428804,-0.015841194530759828,0.0064721828799994,-0.01782421113769428,-0.018807844658130457,0.0019668677947606295,0.006913202022788889
2009-08-12,0.011525116910544586,-0.014213836715645689,0.009723120132552943,0.01405916391921358,0.002560036786966924,0.010619118874277023,0.014832905197811552,-0.00877654016881868,-0.03031999776029548
2009-08-13,0.006880027042881043,0.00787637757546733,0.008204784640303942,0.00652106792252094,0.02137894051174527,0.0021166699055596983,0.008123946557112793,-0.000453572683425274,0.020849278011904726
2009-08-14,-0.008531395337355474,0.007619906077573901,-0.008724708019834049,-0.0134270107253468,0.005657915886011278,-0.010657246597377656,-0.007186582241825223,0.0171093670109419,0.0015353789073548896
2009-08-17,-0.024260773436644123,-0.0310191340649012,-0.014628858478098139,-0.02458221105038183,-0.01626516165520464,-0.019954816708986356,-0.025064974045693633,-0.0278683683023232,-0.036168480562935645
2009-08-18,0.010145652373612979,0.0015922310809348694,0.008777160867253109,0.010296529289996581,-0.0015606884256119669,0.008964973087497885,0.009608215526825559,0.002055511744857963,0.00837337027905427
2009-08-19,0.00686087281619141,-0.007871688368258023,0.0008301712841833897,-0.0029346917053143518,-0.0017692171282676084,0.0019622920442399217,0.007307047383160015,-0.0027608628341417862,-0.017336517243196403
2009-08-20,0.010948758605463293,0.017582320658565243,0.014267528418844044,0.015551607393399669,0.0008429650145511669,0.012532261869088845,0.0120235884570703,0.019683562317265757,0.018774465363985637
2009-08-21,0.01862275033006755,-0.013984808458878062,0.019827270854269274,0.030765823093701572,-0.01986803529110226,0.013051705825601223,0.015785441448999515,0.002911716009363019,-0.0063869789058510484
2009-08-24,-0.0005457398185416684,0.033487331757535266,0.009346738433565704,0.0119171626080814,0.03159050762825655,-0.01076302343851554,0.0008103437135742464,0.019759895760857127,0.01668001714934686
2009-08-25,0.0023694140819252585,-0.007909422977870673,0.004201191528992787,0.008206339036978871,-0.004582361635588228,4.2493519738284746e-05,-0.006126139910484385,-0.006723648137350935,-0.004903598276971843
2009-08-26,0.0001167315175096828,0.013560552367452239,-0.005332736739342758,-0.0043696494998464175,0.011037899868809875,0.007405341672659604,0.005995322652187607,0.007955638261998965,0.0010315513788925479
2009-08-27,0.002781776446329376,-0.015577492243679547,-0.004340998409186558,-0.004044605399978529,-0.0008308543521974299,0.007954176908749,-0.0010705316598832448,-0.009162887517656704,-0.010440294246472415
2009-08-28,-0.0019883993869910244,0.005744717619011741,0.008122233973733461,0.009371332291674195,0.008726169746671841,0.0057199603618631745,-5.6841961151632425e-05,0.005383504342443501,-0.007120080028652276
2009-08-31,-0.008066632326786172,-0.003950013954627463,0.0,-0.010158186649546153,-0.0023284987397507173,-0.01643256344772981,-0.020997886156063905,-0.010006592285781934,-0.0186296372586775
2009-09-01,-0.02213338820140509,0.003576830373608564,-0.018171077023365734,-0.021414904312168415,0.007919387988838844,-0.013536817520116484,-0.011931884767613199,0.019606118666959826,0.007509053603722116
2009-09-02,-0.0032964610636847524,-0.02370356864063461,-0.00044608585596606076,-0.00441132067134542,-0.01692307147068861,0.007358060568319891,-0.007690411316249257,-0.0060995896639679525,-0.017627551919002782
2009-09-03,0.008534807740638417,-0.0064024372450259825,-0.00431754730101408,-0.0016791431192119122,-0.0019460570207999739,0.007038514896609893,0.0058038425789173065,0.00022936348533297846,0.012277430591127958
2009-09-04,0.013117499302260693,-0.002695151273074625,0.011455673112002795,0.01634546276331683,0.0013430203577413646,0.005664635530472584,0.016965679642315434,-0.0028694849181607474,0.02818282656130444
2009-09-07,0.0,0.013137190037213697,0.016794113403549416,0.01476302609228175,0.004255873667038168,0.009738763067586698,0.0,-0.00020510908073845258,0.015290900661560691
2009-09-08,0.00884494293585214,0.007004206981146899,0.0028703594841461566,0.0008657106730272091,0.015571815156000923,0.021184701900455627,0.021226330167117835,0.00691297239162747,0.02135311360389669
2009-09-09,0.0077824047435608446,-0.007802194313028754,0.011513257629352402,0.012321220278151523,-0.0003404250051450841,-0.003109539231854419,0.0009532484772221128,-0.007359432977915525,-0.010383102647816944
2009-09-10,0.010422210824777345,0.019542985258152124,-0.003321143816317984,-0.0010919739911648962,0.010733231067859172,0.007504110817678988,0.01080712381896376,0.022957263787730886,0.010480052793529815
2009-09-11,-0.001350393625376034,-0.0065952231713569676,0.0047697526705803295,0.004922803904170214,0.005539785002696362,0.004446692557102505,-0.0028941268239482953,0.004268307512707681,0.004359844249238964
2009-09-14,0.006339129017099321,-0.023196318002207894,0.001472621805578056,-0.0007487541366899553,-0.01413423102664113,-0.0022275957687906134,0.008586621270670003,-0.010165284252588225,-0.01083197630404753
2009-09-15,0.00313530409590812,0.0015251821690913658,0.004638512806718564,0.004859945215162975,0.0020381301375336225,0.008230215984037281,0.0067322319342320025,0.011309491042320374,-0.0031449154890552666
2009-09-16,0.015323522985284388,0.005201798461872631,0.01626296822969664,0.013816391136123984,0.024238885601084892,0.0,0.019350747656328826,0.018102092657554136,0.02571362436303004
2009-09-17,-0.003068977132377637,0.016846838163058653,0.007771075284975115,0.004569299304717056,0.013871273924275673,0.013255687253544535,-0.0028907149830842416,0.00721189546910006,0.017081314138444714
2009-09-18,0.002646694447572928,-0.007014688140331904,0.0017312328740597405,-0.0028354832582154765,-0.00459521063927204,-0.0025225100374045573,0.007752502945496342,0.0025007814942168416,-0.006663754202745009
2009-09-21,-0.0034072825985208555,0.0,-0.007448447579592954,-0.005101758080381158,-0.003379326406069416,-0.011182953710507038,0.003706735465012212,-0.0024768931170611186,-0.0069646610508500295
2009-09-22,0.006574868972254011,0.0,0.0016048738304288435,0.003164479845152668,-0.002926636540133476,-0.0031573443721045757,0.009279310241823158,0.01378944264228843,0.010631564976237406
2009-09-23,-0.010068491872422425,0.0,-0.0006280869599036842,0.0019572459744585657,0.015104550169886544,-0.01877129520954357,-0.01621637707727608,-0.0043109466629434046,-0.004867025418941129
2009-09-24,-0.009511061675794297,0.016747440345439957,-0.011694040320117005,-0.016978152145301406,-0.006956706153624093,-0.01707754266536865,-0.007436997272059709,-0.010277714479365652,-0.025226991524167963
2009-09-25,-0.006090713565160999,-0.02638791679232788,0.000576854547996053,-0.0022091310751104487,0.0025644499929060594,0.01035899738311219,0.0051535249144494255,-0.0014168654213994047,-0.0012507879774239505
2009-09-28,0.01780960952909849,-0.024981540973194827,0.016429892566211413,0.023718639100266614,-0.007611930513472864,0.022323033604334963,0.015920443676184615,-0.009417787972663016,-0.020737333764578425
2009-09-29,-0.0022295809892943774,0.00905937547454827,-0.00115763594478957,-0.0023041474654377225,0.016193460358807643,0.0010210193255626443,-0.001326883314833771,0.008653874847065035,0.020631024931016873
2009-09-30,-0.0033282733521274865,0.0032702322726281263,-0.005004147511880608,-0.0068488888274259585,-0.0019957396449703513,-0.0067875078868210315,0.004615478075866708,-0.010005621135469323,-0.002756366602468696
2009-10-01,-0.025759639762364284,-0.015255747673742714,-0.01676892810533892,-0.021642188517142835,-0.008960631279066655,-0.02202978629075303,-0.017207352202749493,-0.017039817349414843,0.0
2009-10-02,-0.0045055105112393745,-0.02472982290171788,-0.01171002870551796,-0.017740868042953828,-0.02116128175909937,0.0031621371849843705,0.011787428011524437,0.0,-0.027666575201918286
2009-10-05,0.01487500121926244,-0.005896091912448553,0.007142141239200539,0.010932405998695938,-0.00616669973450823,0.018680789130315123,0.019572846984379666,-0.022941330268814286,0.002629630011351747
2009-10-06,0.013705476423889529,0.0017892416034333003,0.022619931413740746,0.026845541389862282,0.004010474771465544,0.01629607316939574,0.004830742047770231,-0.005264795569108194,0.018721361275868098
2009-10-07,0.0027211013349512925,0.011122804845333345,-0.005659811832665729,-0.004721359528212954,0.022670236942774924,0.002454995675381433,-0.0005155528294850109,-0.0002752683866770189,0.020664506646075553
2009-10-08,0.0074603579837178025,0.0033542185395321056,0.008953003581984476,0.012425626803451495,0.015520130297710377,0.004551903900667176,0.0179058237231291,0.010926157697121353,0.011831035247361399
2009-10-09,0.005640650223373456,0.018705371081732203,0.0014026197755807601,-0.001880447844411215,-0.003299300882903311,0.004711217989989525,0.004879871931984692,0.01939385685810846,0.00030428653183123267
2009-10-12,0.004386415178863068,0.0,0.009357074083617078,0.01116169010956991,-0.002741090456616302,0.0145048004790993,0.0,-0.004238548934593966,-0.009306754036384257
2009-10-13,-0.002787611852925642,0.006007154274144666,-0.010752048397653091,-0.012109046614167784,0.009672298027880721,0.004451782960896544,0.008967862376447533,-0.006634915020642618,0.00788803414188699
2009-10-14,0.01754582133638949,-0.0016225775463055703,0.01978017713881064,0.02492480184504675,0.009498356551956189,0.00882032988033754,0.024062584934254838,0.012376222428219563,0.01952359302680895
2009-10-15,0.0041574330140472515,0.017737204292952224,-0.006306957630182186,-0.003975166224981508,0.0059532705211993164,0.004424389027593012,0.007585822175542933,0.00600331091692996,0.005144728617850092
2009-10-16,-0.00809805209017278,0.0018469231783486695,-0.006262744234580064,-0.015501396690812408,-0.004823157410861478,-0.00939559406829582,-0.007538305439669268,-0.011229724109247274,-0.0031446769592182733
2009-10-19,0.009405339805825363,-0.0020521449545505277,0.017590708714818604,0.018620854112450846,-0.009026874480377867,0.006535443577651678,0.01569414365361932,0.005309810041698171,0.012337493559022139
2009-10-20,-0.006239127068703332,0.009801192007822923,-0.007221378613056051,-0.007576143122266621,0.0111542569472598,0.00238722596453389,-0.02879767755387641,0.006112536156742898,0.008310638608389098
2009-10-21,-0.008853775227759986,-0.00033375770544974426,0.0027558454437961455,0.004016984150860825,-0.0015700802827092186,-0.003609245397075078,0.002794353898305957,-0.0031883795919598334,-0.002986380140951761
2009-10-22,0.01064361013501025,-0.006408351954198865,-0.009602784408075715,-0.011795030696363007,-0.0053484036836797255,-0.0041208777867886015,0.009916380076899323,-0.014227322747995541,-0.004820748710352318
2009-10-23,-0.012178495942026468,0.00154083355004353,0.006761583604744104,-0.005550980466475397,0.009691526340078083,-0.004683737211394812,-0.016271724323758008,0.0060355878871150015,0.01707344087396412
2009-10-26,-0.011717302704705279,0.007743856602019594,-0.009695626381717393,-0.017761115422995855,-0.005991681284371664,-0.011026308982261201,0.0004105514331336213,0.010328197686825025,0.0
2009-10-27,-0.0033084961807019475,-0.014490543897199948,0.0017778240050543292,0.00012346462914747391,-0.0158903568482871,-0.0319431124356343,-0.02956892889435525,-0.004574228626946897,-0.01859871720467665
2009-10-28,-0.01955013071034961,-0.013455132260003944,-0.0231783686504633,-0.02000232790273604,-0.014388666282531326,-0.021899618051338554,-0.0474775272858079,-0.02414020963547192,-0.018404039046279075
2009-10-29,0.022519973528480675,-0.01825797390583661,0.01127859507678508,0.016671105576470557,-0.023561109005160286,0.020122493538744957,0.05914450425856321,-0.014822545675929333,-0.02281957468161777
2009-10-30,-0.028055266342122187,0.014522146171811023,-0.01813450324268351,-0.02877392221695152,0.014969564450421302,-0.020575885458852916,-0.03413465476930688,-0.0032537755777657384,0.02294287464983502
2009-11-02,0.00644663192433903,-0.023098754925389153,0.011884112557116078,0.007089484235465626,-0.022142770842113912,0.0,0.0,-0.013664918484965538,-0.006099425041385387
2009-11-03,0.0024259742252223937,0.0,-0.013182486041727892,-0.01833185544436189,-0.001970744096852828,0.008395578724172292,0.017836072499207933,-0.005881636082586517,-0.01758217665987194
2009-11-04,0.0010426531217415658,0.004219138116587251,0.014031577003936757,0.01879954282343399,0.001907107827505694,0.01883161459683813,0.02026300367972711,0.019362289666563504,0.017641663912437044
2009-11-05,0.019235547061634106,-0.012887647788417778,0.003475016102539419,0.010910906926164143,-0.007075377672484118,0.010357618675313596,0.014131023052272873,-0.017526092928167758,-0.006277651809387663
2009-11-06,0.002503211047879539,0.007400097144927065,0.003332266799853212,0.000289965060999986,0.019088560129263854,0.004482208711923175,-0.005393598960252266,0.013026336133587613,0.016324721543008236
2009-11-09,0.022238847844384235,0.0020062619070724264,0.017978812768340457,0.02356983090274678,0.01761042951529146,0.0260346812139296,0.02711842637366324,0.002753647151596761,0.017308055256778365
2009-11-10,-6.403922860165334e-05,0.0062942260110367965,-0.0008844013004328799,-0.0012831674306232888,0.012540048625202083,0.0046322158933689295,0.0013462338601828439,0.003494441238211854,0.002729251988625503
2009-11-11,0.005031975919707943,9.624414810249782e-05,0.006920878301517108,0.008601615997535506,0.004955883154475815,0.010050603802755464,0.0019267462391496792,0.007912532389559468,0.016123918635396972
2009-11-12,-0.010259351303128716,-0.006806338941294787,0.0018512365310674461,-0.0014196410286670957,-0.0019211587073851843,-0.01086223906380035,-0.02985508023032546,-0.013851092913306773,-0.0101488429196529
2009-11-13,0.005739303189728151,-0.0034861578725665643,0.003767649009760232,0.002127275002433038,-0.008729569328328468,0.007875200951890315,0.013618746172297413,-0.0004705194152843095,0.0069677201589279925
2009-11-16,0.014467571423345538,0.002136063236478858,0.016292259996450342,0.01495296631333587,0.010357299860892732,0.0,0.019922808245400825,0.013028072697663484,0.017307635178904546
2009-11-17,0.000919498783016337,-0.006255630067060314,-0.006825608852112364,-0.006571775199494256,-0.005412618015913195,0.012841392306131683,0.01169013809696029,-0.004075429992401736,-0.0013001231695634052
2009-11-18,-0.00046833345341878996,-0.005460470938639994,-0.0007108211293451738,0.0005538508111679885,0.0020283555350129046,-0.010941968522493517,-0.01320832365318314,0.011343144301945829,-0.003221590152809539
2009-11-19,-0.013425842494142914,-0.013158275462962998,-0.013932644843910658,-0.01658569792988218,0.0021489584388398875,-0.007694011775911225,-0.002832115023740367,0.010330617156181221,-0.008632537270696239
2009-11-20,-0.0032149054708192626,-0.00542333763025582,-0.0030924312318468816,-0.009520013704904073,-0.01336239351944657,-0.004904978215419908,0.0,3.7024695471954416e-05,-0.008272696920394451
2009-11-23,0.01361578918433537,0.0,0.019821343220201904,0.022989276612567444,0.0066746867052387415,0.014988989617664261,0.007268804027543263,-0.0009564358879426971,0.014052023883319498
2009-11-24,-0.0005333381544690985,-0.010118260459396455,-0.0058892727102978215,-0.007111335005641539,-0.006782220795715332,-0.005274661161331351,0.007597733253105199,-0.007800870881072175,-0.01529331323208638
2009-11-25,0.004504137837471278,0.004260985919388061,0.007672860051540553,0.00671397493727377,0.007936313125567418,0.012985276463173046,0.00891424157345111,0.0033988620659604063,0.008413629848451176
2009-11-26,0.0,-0.006185366101651768,-0.031814733420195696,-0.03364285960854707,-0.002876395871525994,-0.029212116806380806,-0.022457973752699645,-0.007668064620195092,-0.01775135106448844
2009-11-27,-0.017233462089084717,-0.03215520438569186,0.009934291209499957,0.011323693310090421,-0.02900600299958833,0.010760044311860506,0.010398121454757936,-0.046901570471141296,-0.048441699185201914
2009-11-30,0.0037929802380234356,0.029073326932055332,-0.010494249608729245,-0.011970443001758979,0.02827670723110587,0.005902756905260542,-0.0005621465620883059,0.02040013119055417,0.03250609193498777
2009-12-01,0.012075244379945671,0.024252184194616833,0.02340541123706341,0.02663330056305302,0.0037538153934506546,0.02563126855187714,0.020344118020823032,0.00907688351761382,0.013365259033522037
2009-12-02,0.00033367602763201276,0.0038381981153756684,0.002865119150930795,0.0021554801079481933,0.009189450811380118,0.011376485090980992,0.0030170271487126588,0.013957903320337417,0.007978058304673796
2009-12-03,-0.008393209704028903,0.038373639548170635,-0.002701135077401995,-0.0006254473686040374,0.002568262856065262,-0.004495545094185038,-0.004371797975334268,0.01468306076160908,0.011857563874045018
2009-12-04,0.00550949159938896,0.0045020530845378826,0.0017617165443251093,0.011887460276620798,-0.01515877580376479,0.004315642514897133,-0.010412089206997877,0.006043343653250766,-0.0024705294479394624
2009-12-07,-0.0024683990668908917,0.014468316073988907,-0.002198272946587587,-0.004844811413138639,-0.00547762895672399,-0.0006298007904591563,0.013441164010394635,0.004856101824269432,-0.007697966277227297
2009-12-08,-0.01025152957171982,-0.0026682796333452607,-0.016481943863851156,-0.01624870952928459,-0.001243248097920313,-0.01168078585838872,-0.011438548380952485,-0.0029828805929011937,-0.011845038020224852
2009-12-09,0.0036723629503452315,-0.013386953464681661,-0.003683614997137652,-0.010904930207744745,-0.0070125203237410005,-0.0012670925838502711,0.0041855342750047875,0.003925591910454829,-0.014449342082598293
2009-12-10,0.005839682467265739,-0.014183305479813502,0.007778796246653785,0.011777438699833276,-0.00674896984471185,0.00777986631601113,0.010531966495907374,0.011357447511580743,-0.0019188878913205532
2009-12-11,0.00368304077652315,0.024845835166818597,0.0032797075721202607,0.0038684244675217805,0.006216092069799117,-0.0004671550227781651,0.007845095520345513,0.002523098146702818,0.009311964401908845
2009-12-14,0.0069594454135446515,-0.00021666285775345795,0.010219383187907827,0.007923642360043504,0.004050934290812602,0.0033913563826870607,0.0011828063014283074,0.00474983402740059,0.008384580298427924
2009-12-15,-0.005547028569889756,-0.002196784382644257,-0.005563143655909042,0.0012409012131715524,0.004187362107982873,-0.0033514652351087637,-0.0005564575901161328,0.0006487382641444661,-0.012307936112651907
2009-12-16,0.0011282301228416891,0.0093152364064788,0.006525066357408571,0.013134481302231604,-0.002477376659679842,0.0016816811168995915,-0.009932216922583947,-0.0009664735720502637,-0.009268393759580884
2009-12-17,-0.011810526695396728,-0.001337275397178761,-0.019294169833805164,-0.011911758675833495,0.0017921823525703928,-0.0002453354195188773,-0.022652078621557825,-0.009854347930587037,-0.012220672652919262
2009-12-18,0.005829866433107123,-0.002139947657372243,-0.003986499565893031,-0.007068604192747463,-0.004228450224173508,-0.003578894849540215,-0.004081680731007786,-0.0004854840275754224,-0.008045389581888052
2009-12-21,0.010503687175161147,0.00408398696515988,0.018699933228268684,0.01909641197818357,-0.0033095216643467262,-0.0010944249352973223,-0.013010409135762013,-0.0017060909267534452,-0.010756577766780073
2009-12-22,0.0035635743458553026,0.01910547190692391,0.006548935679893564,0.006718955588592035,0.01491155587869164,0.013871090589300472,0.02264293815459606,0.006878599709286393,0.006871267561258554
2009-12-23,0.002298706642099413,0.0,0.008204689359050832,0.0039956411187795915,0.007460705188311767,0.006510791456164178,0.002535378941477484,0.0035094289476544915,0.011222243083172545
2009-12-24,0.005256159701585883,0.015310227470916926,0.005589701398635238,-0.00015215656572475922,0.010868170784817499,0.0030292543381047476,0.0,0.012634303427935034,0.008826587974723132
2009-12-25,0.0,-0.004005914441791436,0.0,0.0,0.0,0.0,0.0,0.0,0.0
2009-12-28,0.001154037355301396,0.013294316851061305,0.0,0.008586318028562356,0.0,0.0019042334630781088,0.004628573406919356,0.0019318330420723395,-0.0017093460984337616
2009-12-29,-0.0014009824611181942,0.0003601577171079562,0.00651561062562811,0.0032389804252921373,0.011324708006008155,0.0004838930761892346,0.005807512919411284,-0.007777692084077303,0.0008947766829203729
2009-12-30,0.00019534718522473682,-0.008612472574886731,-0.0073101969431422775,-0.008636132723723988,-0.0024333827921653173,-0.0054419304186899,0.004280921704977514,0.006152539940686763,-0.00013116620711983717
2009-12-31,-0.01004953747270132,0.0,0.002782584209297889,-0.00043152273585400636,0.0077224398896245106,-0.010116571552547193,0.0,0.0,0.01748553958715382
2010-01-01,0.0,0.0,0.0,0.0,0.0,0.0,0.0,0.0,0.0
2010-01-04,0.016034436373419503,0.010273608914477261,0.016157757053546273,0.01782148831687458,0.001152209503387791,0.019864591022485056,0.021237844702916897,0.007945233157234943,-0.0022503143216368038
2010-01-05,0.0031245035216862505,0.0025378257103141344,0.004028841853412679,-0.0018026376830804214,0.009845877593743113,-0.0007866653357155862,0.0027802095450530917,-0.00325444833563282,0.020908864295376528
2010-01-06,0.0005455249357688707,0.004645271456295452,0.0013653236758714993,-0.0008963072142772477,-0.0005824219452040813,0.002975612200132316,0.006969266151308329,0.008695034957589609,0.006153168057925429
2010-01-07,0.004010060326784748,-0.004639633973041901,-0.0006003573211043056,-0.0007708511924934269,-0.004469259439951689,0.007140080949955552,-0.003933586825495605,-0.01282457251424951,-0.00656743396766768
2010-01-08,0.002872908820180431,0.010921523433623515,0.0013606623820276997,0.0034947827648352803,0.002598072172889765,-0.005217971986328562,-0.002674478418511983,0.007015355371409848,0.0012258946673582294
2010-01-11,0.0017467554018411047,0.0,0.0006920552776894517,-0.0025216627731663444,0.007843846184069525,0.001317644025727649,0.0024307349418681845,-0.0006724632209809123,0.005147386951013022
2010-01-12,-0.00938115747441104,0.007484497588513772,-0.007107169104037969,-0.01107885085574567,-0.010329529733504206,-0.004333333940582884,-0.005078691968834814,0.0026680518499280215,-0.0037873379404878005
2010-01-13,0.008325852387741861,-0.013246451465832698,-0.004588348903652006,0.0005105999885786083,-0.0064071543291051025,0.0013240767903548445,0.004419358585805222,-0.01603047143597236,-0.025890147375511985
2010-01-14,0.002426506528873551,0.01608286143587856,0.004516322339718215,0.0037939706084790803,0.006143425474786746,-0.0032433834976647313,-0.008297877388614427,0.008591548453102504,-0.0014552660860928102
2010-01-15,-0.010823189314386306,0.006822715737902163,-0.007789822123604129,-0.01654341056490427,0.0003170657312174807,-0.01427699347196032,-0.011792310242399018,0.009509007753133458,-0.002891289983169898
2010-01-18,0.0,-0.011566093916464126,0.0071525854341685235,0.00599268769662431,0.002342032222689472,0.006832432901560104,0.006126999360668295,0.0058643788929368945,-0.008965944649896418
2010-01-19,0.012499669903083488,-0.008307631081484468,0.00341257173225773,0.009111286162001742,-0.010147287778254244,-0.00029800450885753005,0.007314887567068773,-0.0009113320636997546,0.010157031613685197
2010-01-20,-0.010597880423915296,-0.002543451402242436,-0.01674907584425578,-0.023525706742785202,0.0014315301141767378,-0.013787125015974788,-0.024439342861871327,0.0024324355930815944,-0.018074101000185472
2010-01-21,-0.01894485255351297,0.012189965653149004,-0.015809474616292785,-0.01761819803746656,-0.00842838746466601,-0.02560597326991687,-0.028298064796707822,0.0044505885509629195,-0.019895547202714248
2010-01-22,-0.022141014617368948,-0.025565837137170977,-0.006018631328372548,-0.009237754300183254,-0.01585756428210372,-0.011997641426296113,-0.0007559965921304368,-0.02186979169691239,-0.006542307384433399
2010-01-25,0.004607239686377884,-0.007351837251134197,-0.008048289738430414,-0.010399041173152823,-0.0068953206670382405,-0.011866338035432578,0.0,-0.008400866803217832,-0.006157912360116535
2010-01-26,-0.004212292234611836,-0.01782702619405685,0.0031443013814775878,0.007281017347629204,0.0,0.006121767034104053,-0.010515094826278992,-0.019674290504131275,-0.023750215427784882
2010-01-27,0.004880192644002301,-0.007089396122913927,-0.011252925514274592,-0.014265809444998334,-0.015519973479478755,-0.0013288067556757044,-0.006927871780193273,-0.0072434558491211165,-0.003792269558458794
2010-01-28,-0.011817767653758526,0.01582215511388907,-0.013748042633690338,-0.017962976250269103,0.006163455255364436,0.006550622769784242,0.007960990806947343,0.01042768905184932,0.01613831529565868
2010-01-29,-0.009829142577890915,-0.020764737682549606,0.0083136730577138,0.014430119861324808,-0.022177870617996587,-0.01362290195009297,-0.002836502697681209,-0.024354158168080176,-0.011513840630721361
2010-02-01,0.014266158846042876,0.0006844452463414807,0.011350057434489802,0.005927622504798613,-0.009952252036767195,0.0,0.017888965390386424,0.002502449404966134,0.006051091368199479
2010-02-02,0.012972943196320141,0.016273363501492444,0.006841470363474711,0.013145788657819457,0.01794639026502498,0.015959667816216383,0.008884700925648081,-0.006617116107666687,0.0014043840691571052
2010-02-03,-0.005474386397418707,0.003205063305785627,-0.0057085425613868646,-0.008975233303062602,0.009240591288404154,0.013291273502792578,-0.0008136895184135406,0.012037773920454242,0.02219297579244084
2010-02-04,-0.031140638670166254,-0.004647103657804075,-0.021670807039585682,-0.03464296283618762,-0.005656546445063637,-0.021840672687477025,-0.04730469555597672,0.0008668623298784262,-0.018359160856439183
2010-02-05,0.002897160218604089,-0.028861585286954927,-0.015253020347089419,-0.02800051709172835,-0.023268142317873663,0.0008828994915976995,-0.018320609015452072,-0.030499498892614607,-0.03325985515425489
2010-02-08,-0.0088633358031871,-0.0104672425124962,0.00620638144843233,0.012406712164277911,0.0016156180398052555,0.0006108244890017378,0.0062200956937799035,-0.009144162540201117,-0.005806739662386429
2010-02-09,0.013040104472244796,-0.0019011597878578756,0.0038312520987446863,0.0015538848999170352,-0.003602681054683754,0.0055152720571729485,0.024782318648224555,0.01139883693223176,0.012244455367504958
2010-02-10,-0.0022232186227253425,0.0031300023155371726,0.0039418291652320026,0.01189463467282259,0.0018536909337178997,-0.0023502132486741267,0.005149249430260516,-0.00023559526007810305,0.006666909209976035
2010-02-11,0.009671016907895957,0.0,0.0057463089366891484,-0.007377313280275022,0.009057882309567056,0.0032387900234338574,0.016564127270396245,0.017635594731612914,0.01849542872230092
2010-02-12,-0.0027446289651079647,0.012866331660308816,-0.0036869270054324943,-0.002160246245686004,0.0017111305164636548,0.005190686654803267,-0.00414296675555359,-0.002597305061302624,-0.0010842410977645045
2010-02-15,0.0,-0.007816935670057812,0.004865385176326509,0.003503510989134151,-0.003647887854957732,0.0010507731794175967,0.0,0.0,0.0
2010-02-16,0.01800076242898707,0.0020922173509232422,0.014821566453216084,0.013763912021253155,0.004907104907104998,0.01953875080867773,0.0,0.004637124606252208,0.0
2010-02-17,0.004237946057522812,0.027164960011959005,0.006212743561286427,0.015245684126184766,0.021915361047166515,0.007816457506248264,0.02170830842379856,0.01647668717404205,0.01309014050735402
2010-02-18,0.0065847513892551834,0.0028000849921847593,0.009181979441462707,0.005810480586478484,-0.002773220013715161,0.008737895128953621,0.008196678673877189,-0.0038342662971679875,-0.005447547751267101
2010-02-19,0.0021865823356674863,-0.020522093832148647,0.006212101579503804,0.005424180254112176,-0.004264310790704107,4.103100980734631e-05,-0.0035180393678410082,-0.016833313800356464,-0.025860646405985732
2010-02-22,-0.0010368113093575104,0.027350996386653614,-0.0011384483881624607,-0.0054593555454522935,0.017792203085005953,-0.0042822805218557525,-0.006113693967359279,0.020829412133759773,0.024291219170383904
2010-02-23,-0.012111694734752154,-0.0046507513602749295,-0.006909476146612303,-0.017115891322189047,0.00016576464134221425,-0.005746957795915164,-0.016013149528103066,0.001106262675926617,0.012059024589653022
2010-02-24,0.009720445824958901,-0.01480569159880607,0.0052360355139799974,0.0016040606906249089,-0.014793207912826456,-0.0019371910541333692,-0.0047431238998171255,-0.009865553440972508,-0.007528487610919732
2010-02-25,-0.002080995982772893,-0.0094981483170129,-0.012109483203940896,-0.018475657690268488,-0.011713418156121036,-0.00438648645077766,0.004958904788328722,-0.015699112739718357,-0.0033306070919408848
2010-02-26,0.0014053348323570525,0.0023827059303345166,0.014455630875560344,0.01640950372892469,0.009501824636786838,-0.0004600446774156719,0.0057807620690784045,0.004453515253447282,0.01025168667770937
2010-03-01,0.010158534708326838,0.004545710411681503,0.009603101678581583,0.01621055023511353,0.01052565303143771,0.004128398895637542,0.010896607039022177,0.0,0.02174955237351206
2010-03-02,0.0023303546620536686,0.004893797323256122,0.014450770818766223,0.008522378908645045,0.003283238010537426,0.009126356754605824,0.008199419497223914,0.012881134844284992,-0.007162487599094436
2010-03-03,0.000429219089518984,0.003062071016568302,0.008962338121756508,0.00939088018939116,0.0071774949759875195,0.009312108173940903,-0.002033368368684507,0.004532170984199446,-0.001402460811695705
2010-03-04,0.003736179265098949,-0.010476790524658774,-0.0010933978648921538,-0.0022993066651550986,0.003132399300879829,-0.004683876942059517,0.0025630775499125846,-0.0026133477971450603,-0.014418404361973391
2010-03-05,0.014007497974122263,0.022003366936994118,0.013135136308701112,0.021781896949682134,0.003523417845822774,0.0072830880069560955,0.015214840555979547,0.010116178469904868,0.010312610263134792
2010-03-08,-0.00016685694212703606,0.02092398851958155,0.0012429104104461075,0.0006429326067616259,0.008520445482175454,0.0025816571624646123,-0.003936728809743384,0.015582079690683148,0.019670030310799946
2010-03-09,0.001703981519705522,-0.0017258773918563675,-0.0007883397066377196,0.000493177137419254,0.0025454162747733378,-0.0001875753184091833,0.014595743930008842,0.00047589214717724815,0.000503847973781113
2010-03-10,0.004524529790871812,-0.0003529639986183941,0.006831122931652889,0.009959350299058256,-2.9045064662502895e-05,-0.0002586564565542071,0.005790758300446175,0.0008489731038094916,3.4893233777699706e-05
2010-03-11,0.004041515000742013,0.009563684692803553,-0.004132561070955498,-0.0046951261428473945,-0.0011944092435699494,0.0029896239927940105,-0.0013528290088151707,-0.003380979882568136,0.0009387838434875562
2010-03-12,-0.00021734594519406958,0.008092864945452138,0.0014936107639667018,0.0009047773626087441,0.000814673427500745,-0.0007634280834796225,-0.0077732422059735296,0.0036942690538566136,-0.00086959798758246
2010-03-15,0.00045217784502482594,6.696889480850565e-05,-0.005652680134739851,-0.00959508135635323,-0.007064164640115944,0.0,-0.004580670301052581,-0.007962760263180102,-0.006159434297638877
2010-03-16,0.0077791588078330864,-0.0028152954153560783,0.004751646897932504,0.012325164167145575,0.0027516233511737376,0.004476940762261794,0.013306434379470877,-0.0009033040315247209,-0.002664724774776861
2010-03-17,0.005821675607610377,0.011683770592564091,0.0043057203808249955,0.008733864890069665,0.011656680735146363,0.002273567637109286,-0.0031307274963144893,0.021146716342740568,0.017198363881723466
2010-03-18,-0.00032584182951622687,-0.009491121030922756,-0.0003560906560748922,-0.005993907160962264,0.002048970476816292,0.005229844229731384,-0.00037161210523206645,-0.004569601749402685,-0.0025167773465724075
2010-03-19,-0.005086504893509258,0.007510217302073574,0.0013291697828314852,-0.005419152017681728,0.0018753419877350908,0.001607833586038998,-0.012458870375665843,0.006530680468250782,0.001882266239175756
2010-03-22,0.005095266833347489,0.0,-0.0009875896441137177,-0.0024845149157162183,-0.008626434737419086,0.0036090172741047866,0.0030909945200408018,-0.007971010195064299,-0.0204751151336261
2010-03-23,0.007170979833763802,-0.004671714372288638,0.005153652910600437,0.006839055608406142,0.009222800780836593,0.006615468821755677,0.004996833074721652,0.005470295993830199,0.0026049466757431805
2010-03-24,-0.005493242034799062,0.003794266833114568,0.0007490795134683648,-0.002260764399488746,0.00344427848724993,-0.006003968074356769,-0.0068214782309929944,-0.0004816211009501803,0.0009929587598116463
2010-03-25,-0.0017041756585483014,0.0012778512865891933,0.008765595609628862,0.015203482165609516,-0.0012574769382490691,0.00010132393594042277,-0.0068454030711007086,0.004390217785736006,-0.010951219071028917
2010-03-26,0.0007377351530799547,0.015469786727122514,-0.004300192923799351,-0.002425299091954436,0.002354571487639623,-0.0004981255463325507,0.0035212471468399897,0.005525974449031246,0.013213626552382118
2010-03-29,0.005683230612297363,-0.0009002970980425129,0.0013396411024333421,0.0022271790651966494,7.719180304732731e-05,0.008093747369735782,0.018293700331349916,-0.0033751148599298064,0.008755001042601185
2010-03-30,4.261775285119285e-05,0.010073299248985368,-0.0067137598806442655,-0.00264971212794618,0.003985689172602447,-0.0004979635564892337,0.000292540140625297,0.004846364340214793,0.006467825909255431
2010-03-31,-0.0032729039351555578,-0.0006488158210132822,0.0012904772650346175,-0.002898274642137877,-0.008394501290476142,-0.003982998527521042,0.005888543070155627,-0.004317164552197217,-0.0063364365217156715
2010-04-01,0.007413868294810166,0.013927938293624598,0.011488404194632151,0.0161506024918463,0.0066085312816119846,0.0,0.01086802988821911,0.015547744927193907,0.014014082351861079
2010-04-02,0.0,0.003707623350289957,0.0,0.0,0.0,0.0,0.0,0.0025128404986125563,0.0
2010-04-05,0.007928019692725607,0.004714653170406979,0.0,0.0,0.0,0.011496875378572247,0.0021555789909910583,0.0008703270689125464,0.0
2010-04-06,0.001684295627568444,-0.0050250015433050965,0.0061724419440580824,0.003689776733254879,0.009366436988460736,0.00452674664751207,-0.0027217123151626055,0.0006376848561440163,0.0
2010-04-07,-0.005876715092816842,0.0009315459940864024,-0.003164168259707445,-0.004974092570973587,0.001454669071870196,-0.004995679148764198,-0.0042577851106220255,0.00029546547399039724,0.018190555787714224
2010-04-08,0.0033743498668019622,-0.011036206159129258,-0.008566380773542881,-0.010861891602961027,-0.004636246172577185,-0.0019326630461445893,0.01401043663393553,0.00415846171666856,-0.002815023368843761
2010-04-09,0.0066838609622061895,0.00323597356780847,0.010201831008104678,0.01741148961190353,0.002062005990388638,0.008147798381462845,-0.005119608919885166,-0.005369770097705562,0.015615282178109036
2010-04-12,0.0017666217336338441,0.004244783717737954,0.001155782899957991,0.002902917615932976,0.007311100925366798,0.00034100798295555457,-0.011242518791323208,-0.00821701740244829,-0.003166805502397785
2010-04-13,0.0006853436747793484,-0.00805819461602042,-0.0027675612056804466,-0.004659869497007252,-0.006550209579420763,-0.0009851593934726566,0.002521300200129195,0.00016956089574926558,-0.0015647183123085329
2010-04-14,0.011150087697319178,0.003912651204213136,0.006003478164279041,0.006622627365941325,0.008692508714319924,0.008719644318703201,0.0034248026624328354,0.014462846152497155,0.0008098253989294868
2010-04-15,0.0008425226118200513,0.006148203018322418,0.004961828768600407,0.0015358889372778517,0.0014549533081518184,0.0005950648312875728,-0.007186613331343739,0.004944304541499411,0.001645011195026802
2010-04-16,-0.016126503090775457,-0.015222032697078891,-0.013914139203194509,-0.020911821818000775,-0.003452867883570465,-0.015024214695922633,-0.015639988174297237,-0.005401654901915798,-0.01320346496180591
2010-04-19,0.004521318983667699,-0.017420902921768455,-0.0027942395142027676,-0.0032071601715457643,-0.01396023558687487,-0.005401918243118531,-0.0046638390062999635,-0.01682915439120436,-0.021042054839503388
2010-04-20,0.00806667112031545,-0.0007416051488847719,0.009738281502328139,0.014869787326669215,0.002174943149346298,0.0111660456994771,0.003196349278802524,0.007464962176743084,0.010194266151588804
2010-04-21,-0.0010189035603638263,0.01737231071823042,-0.010418953989580926,-0.012155192348294652,0.005788141162350158,-0.008753396606528407,0.0,0.017199932480806535,-0.005200389578317588
2010-04-22,0.0022554832289896076,-0.012710492738986723,-0.010151255453460628,-0.016979685443269776,-0.009464760917446524,0.004212466561924533,0.0009805471675357058,-0.004612092150287794,-0.002602862823690155
2010-04-23,0.007123532477847361,-0.003162819923847593,0.01029419292433098,0.007081747245124337,-0.005269409487463905,0.0058030142279617,0.0017738343863014094,-0.0014314293598234329,-0.009808929784935194
2010-04-26,-0.004296464248159881,0.023027250088414997,0.005276353375905263,0.009913951153314837,0.0,-0.0024263233934025408,-0.009172128870460705,0.008733297640225013,0.016125122325836072
2010-04-27,-0.023381873685078935,0.004197642979135274,-0.026126854193279314,-0.036735164775503426,-0.0003070763585618641,-0.03234053515459023,-0.034278691728445554,-0.0015123844310011014,-0.01506782303843135
2010-04-28,0.006462731581214909,-0.025673658168534397,-0.00301774598823612,-0.017697743396811405,-0.011727813577927848,0.008369196948777358,0.002174223550655441,-0.008939441570689488,-0.01469255410762682
2010-04-29,0.012943190975020169,0.0,0.005590152167414653,0.014193807512174805,-0.007715449415079401,-0.0027876184343331722,0.01983836043453735,-0.0031662543038566415,-0.008137703227777515
2010-04-30,-0.016647607683256238,0.012138448427841508,-0.011490181279637746,-0.003981443503104476,0.004552634256948185,-0.005285292596086566,-0.0065950700262806805,0.007602318880827408,0.01586559840453705
2010-05-03,0.013120528528933306,0.0,0.0,-0.00012780187868766113,-0.004553427155982281,0.0044399479675909514,-0.006076138613318793,-0.011684926158156972,-0.014080997357000191
2010-05-04,-0.023838437609169483,0.0,-0.025602840838493957,-0.03848038345464233,-0.010113514261271273,-0.021679771080135524,-0.03352368562238561,-0.0014292271134841439,-0.002321328351438945
2010-05-05,-0.006561008861622253,0.0,-0.012784807553348432,-0.010642069036822521,-0.013310731505484452,-0.003903096606077461,0.0006913900130292028,0.0,-0.020975242076669787
2010-05-06,-0.032378420104640204,-0.032712029952791766,-0.01515182714861496,-0.025338707871459087,-0.02156149751841341,-0.018637436521886874,-0.023106665308976426,-0.019805090909090883,-0.009550098044328048
2010-05-07,-0.01529938394717012,-0.03095639458510857,-0.02622510211956297,-0.042593847768063964,-0.02023441987716834,0.0028615588345732856,-0.008568109802501778,-0.02208688735746811,-0.010585390154971175
2010-05-10,0.043964748985047875,0.01602668315871636,0.051610183056088,0.10347654968842246,0.02657435986707468,0.025027930548048527,0.0410651163145801,0.018288315629742202,0.025418806653919157
2010-05-11,-0.0033973424848887657,-0.011357269697171213,-0.009876712786454411,-0.010297619694877191,-0.011260751052984741,-0.004889252134342326,-0.01570279475187264,-0.004405023753747961,-0.01371395393466579
2010-05-12,0.013739520155045648,-0.00163959620020937,0.009230982657225661,0.012389762972078167,0.005489683892976993,0.008111059117142494,0.012398003318282669,-0.004316744898936742,0.003275008922140943
2010-05-13,-0.01214505790879683,0.021793279411354227,0.009339735671363147,-9.405602121315138e-05,0.017456338925053272,-0.001148870447253425,-0.006675648074171869,0.018971395585166917,0.010388131299013503
2010-05-14,-0.018800110588885754,-0.014880585280423242,-0.03144801085074145,-0.047079466724552765,-0.008956367796536302,-0.016377866474473368,-0.021234570111665407,0.0006196225613428474,-0.01356496719787914
2010-05-17,0.001109467455621349,-0.02167261966774703,-5.890344585168794e-05,0.0005391203984934645,-0.0312081242096528,-0.007295821515475032,-0.00861360549431367,-0.026019827438769183,-0.021356208331120285
2010-05-18,-0.014195999788907177,0.0006721533134812496,0.008512999426132595,0.023856504284077262,0.0007928898686715424,-0.01406811707049549,-0.032214100218463826,-0.0050075385556248575,0.011652937834766952
2010-05-19,-0.005130264097073511,-0.005447814235392312,-0.028123316011410604,-0.02917860359275226,-0.018709409729250837,-0.0046116516547379804,-0.01893063042273413,-0.008008568437964048,-0.01834851345754862
2010-05-20,-0.03897583068023858,-0.015365903459757968,-0.016469306408586126,-0.019049582359857764,-0.01610220874837609,-0.020155675067338175,-0.025083884353180763,-0.01834265802905366,-0.0016931423393863332
2010-05-21,0.015024402989949559,-0.024502732218645185,-0.0020105930658192994,0.0017901758263996204,-0.0025516291366669552,0.008596855645796486,0.035524593724781894,0.0,0.0
2010-05-24,-0.012908089621123664,-0.0026715614632881746,0.0013193941057845215,-0.006180608970623558,0.020890992891789972,0.0042550968603438655,-0.005711812593999999,0.0029684160531939785,0.006238159239080554
2010-05-25,0.00035393284589946283,-0.030590055746843814,-0.025431936578947822,-0.027272336383571738,-0.029587142343942774,-0.004073866008137972,-0.012201590449425592,-0.027477833924221096,-0.03468925795311706
2010-05-26,-0.005660921948176467,0.006635383709535869,0.019713885538023,0.016813341370303547,0.009812108853170631,0.02266488695466551,0.017002545279068304,0.013640178622912114,0.011111111111111072
2010-05-27,0.032876070977105654,0.012292783738997226,0.031180529090447218,0.03518104286380486,0.016709718670670393,0.023227100955073077,0.031589942309698804,0.016041766743357,0.012237679362590459
2010-05-28,-0.012374666835892723,0.012786678451241373,-0.0012973588929716673,-0.00202339502779314,0.017885140686605627,-0.015866217288658446,-0.002331709983464769,0.009505443234836708,0.0172576611942441
2010-05-31,0.0,0.0005858866862373802,0.0,-0.0014536774213291803,-0.006239837325417441,0.015563173685436693,0.017749369259103753,0.011381703003487953,-7.68969646440798e-05
2010-06-01,-0.017165254587345524,-0.005821654877312343,-0.0048434690262757485,-0.0014098212438609092,-0.003737972591211003,-0.024742083984502283,-0.01912112185115411,-0.006610814927646591,-0.013571334249759204
2010-06-02,0.025842665147425503,-0.011181208896778427,-0.002320221563728686,-0.0017647645573893866,-0.007269693341394268,0.0053152692695312975,0.017818602192494204,0.0,-0.0012899453504267022
2010-06-03,0.004051421183925319,0.032379696852312456,0.011620322558101748,0.012367504746385372,0.023950738569935792,-0.00254839645217364,0.0,0.019283611383709376,0.016172618864203514
2010-06-04,-0.03441146867604239,-0.0013112518521432026,-0.016345626134579905,-0.03058660066207053,-0.008159229133187229,-0.010826360133104118,-0.020131894124373995,0.0013779906609543424,-0.0003355787798982046
2010-06-07,-0.01353204116895812,-0.03841861432817684,-0.011108076472883255,-0.009249722939078109,-0.02775005219850679,-0.008183875854436584,-0.007990660835093255,-0.015719925726956463,-0.020319442752224748
2010-06-08,0.010976039296695772,0.0018002688849678705,-0.00807052984182488,-0.007561354482464089,0.012790428607655668,0.010436900863105336,0.009981870757394429,0.008248014310396456,0.005641921442449238
2010-06-09,-0.0059416195856872855,-0.01035967934375781,0.011477382337440112,0.018256838348919002,0.000936953420062725,0.004813290993543662,-0.005098097474108942,-0.0025795044444982818,0.006863894151527106
2010-06-10,0.02950676808532804,0.01096711243515025,0.009170523765892113,0.020362344916063035,0.011398696470912295,0.022457707358664925,0.025540427800823773,0.002719733854615658,0.0005840609461991164
2010-06-11,0.004379669500570449,0.017039292020560426,0.006075012177301664,0.011334973972109141,0.01581421649385284,0.006708195681508933,0.008827765159685752,0.014312526487860966,0.012208203660220018
2010-06-14,-0.0018046903627700894,0.017990263001983475,0.007446239890930517,0.017113227785969132,0.0,0.0035527644510631173,-0.0011403123446475094,0.009108598851576444,0.009034146891313322
2010-06-15,0.023494213632150318,0.0008137775371082068,0.003016072262707725,0.012237931625587839,-9.100081811952432e-05,0.013865137889864876,0.014314169756275641,-0.0003371584052999088,0.0005106745442204907
2010-06-16,-0.0005559391336317221,0.01812924698798235,0.0038521834789242426,0.0008945992710671646,0.011966364812419306,0.0036784007538532837,0.0047862994273790704,0.009053093732063866,0.0
2010-06-17,0.0012829599590888918,-0.0067298093303467255,0.0030489201820571576,0.003453818510848805,-0.006934048234320533,-0.0009233171257494455,-0.003240118911437384,0.0015187676285528529,0.0038006893578206302
2010-06-18,0.0013171570911436614,-0.0004380262815768532,-0.0005805222416153111,0.0032623198393033626,0.005423271628975934,0.0011984620144294134,-0.0016010000478766662,0.0023595952972035317,0.007364537401183702
2010-06-21,-0.0038567887535680967,0.024311106931251825,0.009192814863907328,0.011417527091508228,0.013335547796148095,0.002053353048123041,0.006074871216454669,0.016197902976138323,0.030831514819307904
2010-06-22,-0.016070786920589386,-0.012221125003785027,-0.009837501014321348,-0.008055572613943074,-0.011762573613643856,-0.012508363238245779,-0.0002839777180068115,-0.004713510530672371,-0.0044519509682873215
2010-06-23,-0.0029854561722252315,-0.018707807560449985,-0.013047505422166483,-0.014992880475751647,-0.015850068226591296,0.005931193352776587,0.005395874935311573,-0.003268879802250102,0.0018026733169764775
2010-06-24,-0.01680341379436645,0.0004675675403327251,-0.015118219105072606,-0.021990535344572626,-0.0014342110835939836,-0.010731619503118073,-0.0187787569522746,0.008141057584220901,-0.00590316451235362
2010-06-25,0.0028686119829746115,-0.019223757445857026,-0.010540701105636319,-0.0060748794096745495,-0.014879044283757525,0.009110023408709145,0.01387512962039028,-0.00576479851942957,-0.0020594699686353746
2010-06-28,-0.002043147561689218,-0.004471382739682062,0.004995571161623857,0.014992868688789684,-0.006447536971989298,-0.0011942173383552301,-0.009234412715200535,0.0012660130416686233,0.0017345881911710048
2010-06-29,-0.031017057985984975,-0.012716191765164697,-0.031046911477064842,-0.04209212828862319,-0.008867728729288094,-0.03362145701065977,-0.03499108294218378,-0.014012459368486718,-0.023051448664233698
2010-06-30,-0.010112942261150115,-0.01964648243017475,0.0005392513969662005,0.006642308926042784,-0.01016276205113642,-0.010047596049972629,-0.01681260307099741,-0.005545275682765749,-0.00592180315967783
2010-07-01,-0.0032404847144202886,-0.020361007136584064,-0.02259974333264858,-0.021244928730200674,-0.014888277474976896,0.0012860685747040357,0.004928129394987213,-0.007095372404006373,0.0
2010-07-02,-0.0046623903754244855,0.0013175072892639417,0.00672943869323217,0.0014730113354377572,0.0002978197095764301,0.005854081028199953,0.0031613653361901584,-0.00855157035771903,-0.01111183422516493
2010-07-05,0.0,0.00685267136839407,-0.003009452077162744,-0.005760478282243686,-0.003920518552159025,0.0003754022907189736,-0.009189678167547122,0.0021234343410174716,-0.0031710115687665352
2010-07-06,0.005358993917346178,0.0076898340092244055,0.029329142764738636,0.02825550376221675,0.012785085740366187,0.004527665972741124,0.019707133476940086,0.005712171042814518,0.01219219642983127
2010-07-07,0.03133085617570952,-0.006252918171265165,0.010034239677744194,0.02160011478696533,-0.005032638484670837,0.015907169436518043,0.01964158399091276,-0.005513549443897037,-0.011304951374518701
2010-07-08,0.009403265206032518,0.027596946005506773,0.01807243330767605,0.012158412383891593,0.024041224406619932,-0.002327128386003019,0.0030421687698904964,0.013720048936233686,0.009744136471292242
2010-07-09,0.00721333532665569,0.005199386728245603,0.005384442115778265,0.005543012728677299,0.009056998034360664,0.0013663681328033306,0.0,0.014346771534874847,0.016363632736442257
2010-07-12,0.000732865783517056,-0.003881977857807528,0.006639469777554474,0.0018238102342236218,0.0030987336658545583,-0.004179437082068027,-0.00813248153012025,0.006407391715660404,0.004356027334476487
2010-07-13,0.015378910776361554,-0.0011394925278407353,0.020127655786120524,0.019172849755592747,-0.006719826936224638,0.009872750862473412,0.011522535701182113,0.0005939851792047257,-0.0017769695560213572
2010-07-14,-0.00015520295068183199,0.027052928365993045,-0.003320040523466017,0.0005004401681771853,0.018752135983348905,0.0037442675515453328,-0.0032362124161269268,0.013215528966964207,0.006350624979810204
2010-07-15,0.001196161326552092,-0.011200338123414921,-0.008038419954620957,-0.013198440283903379,-0.0044565295092976465,0.0023324050144697406,0.00015611348930821833,-0.0038225038537892386,-0.014843286816035084
2010-07-16,-0.028819495111629845,-0.02861691616256412,-0.010062767568106867,-0.02116315982255501,-0.004460497272514852,-0.018457394538659355,-0.018114843476947473,-0.007331738318610781,-0.00026955481984747287
2010-07-19,0.005981894673578125,0.0,-0.002048906248485749,-0.004161611121820785,-0.014567446681218676,0.0019661212979484866,0.015363830856537142,-0.003738962869222595,-0.007862160101451021
2010-07-20,0.011416569428237988,-0.011468523738462522,-0.0017131935325972458,-0.0027784103848780273,0.01039049539844572,0.005601666526407811,0.018412551361011387,0.0027829902710816423,0.008642697333874239
2010-07-21,-0.012819802857459428,-0.002325691417413678,0.01462799593731634,0.00465881063305007,0.0020787561072259653,0.002645493558479206,0.00022245491564865105,0.006915135567749253,0.01098665208622518
2010-07-22,0.022513299488589267,-0.006245399473856161,0.01901761195403706,0.028296811541492328,-0.008632940600065697,0.019052919447170247,0.019716536976688293,-0.007576710621118754,0.005001652248742383
2010-07-23,0.008220029807894491,0.022783074934279668,-0.00022394477785248057,0.0018126821432387086,0.019141399525539393,0.0026059908143942767,0.008743826817809275,0.01298162520959023,0.010958391817267987
2010-07-26,0.011200188634755914,0.007708653201794924,0.007246895128957043,0.008822674899692018,0.006223994261607135,0.0046595092426606755,0.001813398340454686,0.006262584894713541,0.0011808604523684263
2010-07-27,-0.0010493179433368471,-0.0007165660387681294,0.0027190569450881164,0.00954752252909108,0.002509061241958488,-0.007997235343787268,0.003479359682231342,-0.0004296042553432189,0.006405018063897483
2010-07-28,-0.006921999569058257,0.027000531755266177,-0.008571157003691932,-0.0011555224947730203,0.007235742638629139,-0.0009099164375563351,0.0020069159935951486,0.0029180403888457995,0.00561616410127308
2010-07-29,-0.0041586431974542926,-0.005869826222384855,-0.0010771324590953535,-0.0047648141252517595,-0.0012960442284198903,-0.006178984839078194,0.0021790721954249026,-0.001460413765104529,0.0001251708059957224
2010-07-30,6.354797418128832e-05,-0.016369603198013283,-0.01052512725938326,-0.003919460356783477,-0.006760952037182522,-0.004773944575667821,0.008387421600825506,-0.0065221810625226695,-0.003034538077977267
2010-08-02,0.02202251270878719,0.0034611472848709024,0.02645292334376803,0.029185234889538947,0.01070818163205356,0.01571649033667044,0.014841947170571634,0.013039054640118675,0.018211291495263238
2010-08-03,-0.004796333469525349,0.012925391131530795,-0.00011672913837224019,-0.001133879248946812,0.0066047251660594775,-0.0014760858250659759,-0.0075907659157243845,0.004673814854090574,0.0020954765819867216
2010-08-04,0.006051086161040997,-0.021113037845019722,-0.0019123576850094137,0.0021674583269777337,-0.006455517803093946,0.004040517479205308,0.004038980336883657,-0.0007483525075393516,0.004297765926014385
2010-08-05,-0.0012597139916965538,0.017343671951895567,-0.003783771740906383,-0.0020318008693558376,0.00537683057611682,0.00020394839224224803,0.002046519803140301,-0.00301800744441838,8.538330607876787e-05
2010-08-06,-0.0037128493009538355,-0.001222301407096782,-0.0062227672398047496,-0.014187717692793367,-9.788671988175679e-05,0.00032606855826933234,-0.004633124265842281,-1.6817463253882003e-05,0.005896513132130465
2010-08-09,0.0054830426874932225,-0.007221440927928868,0.014651966566586516,0.017245101354997905,0.006316173082415055,-0.002440919717892176,-0.003414065928127208,0.003554150339438289,0.00566405889624888
2010-08-10,-0.005967423013149675,-0.002239751621573971,-0.006304384791110729,-0.009638272962964267,-0.011785685682548563,-0.004630366985133194,-0.009416866041046745,-0.005049799739689553,-0.015044315575148515
2010-08-11,-0.028178688027402532,-0.02703367692557357,-0.024402900820435947,-0.027092663623831337,-0.018780190550354958,-0.019181276601993758,-0.02131614324393516,-0.01287946416039254,-0.008338611131808227
2010-08-12,-0.00537876215040356,-0.008636747607031259,0.003975055336202127,-0.0012150534476682573,-0.012248774875624813,-0.0005440043021257557,0.0026733428291623174,-0.02072586011750721,-0.008867531301451015
2010-08-13,-0.004023587822186814,0.0044363202964636805,0.001781217836484883,-0.004454490324714677,0.013338432299633718,0.0018295234905885138,0.004521408473464383,0.014223900101640874,-0.0016175717376956111
2010-08-16,0.00012045401899474228,-0.006137163828448977,0.0001251080478597011,-0.003854204738013789,-0.004731373468385924,0.0006271076877546466,0.0066017318793809565,-0.0016778907824812617,0.0019243938633903834
2010-08-17,0.012192184402156636,-0.0038046379830960486,0.01411080153901545,0.01460184042486179,0.008670059860407475,0.005174365533121561,0.013221214571281337,0.006722843326774974,0.0011988374450315753
2010-08-18,0.0014827832390578166,0.008607591620750865,-0.008911233424601317,-0.0032984012068569823,-0.00046147231110305054,0.0037855323408724217,0.0008080342366221238,0.003965744175313368,-0.005426392896392795
2010-08-19,-0.016935365942823744,0.013217842247314593,-0.01726989347277985,-0.01965800063034595,0.0009189013676031976,-0.00785817213491602,-0.011106859744423159,0.010017082957338053,0.002365534828254967
2010-08-20,-0.0036629696085085373,-0.0195777277446203,-0.003072175987135717,-0.011603651561483685,-0.01074029347038108,0.004293138908421756,-0.0031391689253223998,-0.0023038367310243,-0.004301348774656599
2010-08-23,-0.004040347488546314,-0.006829437282256379,0.0076146040251920954,0.006376750202346404,-0.00043444751253418623,-0.004614193072083328,-0.010427858655047695,-0.0044099259943453095,-0.004423353169553557
2010-08-24,-0.01451244191275669,-0.013332689824925636,-0.015070183615927157,-0.017400520136498288,-0.010758208982183382,-0.024197740884624674,-0.012511014390925057,-0.004061752210487102,-0.01102493607882804
2010-08-25,0.003289379866333375,-0.016647878743410338,-0.009028404076843244,-0.01038041108569765,-0.013969920631623722,0.0028321476657497957,-0.005416662318152854,-0.01462059720652309,-0.0011486680436484376
2010-08-26,-0.007684800015161031,0.00690642244152051,0.009089129839120247,0.007532658266986125,0.008306684860542424,-0.007494503034935152,-0.014442908346055106,-0.002899486393165729,-0.0011107352660384429
2010-08-27,0.016586772597925847,0.009496456512561702,0.008867614200595897,0.008999228966316108,0.0032348328899240997,0.017213151775626656,0.02689412514788425,-0.00011562297659795107,-0.0007136598670876015
2010-08-30,-0.014719281601367484,0.01759525573180487,0.0,-0.005238846541334663,0.01890111740843259,-0.011735975197880055,-0.020192836365066857,0.017675015610906897,0.006790679383513076
2010-08-31,0.0003908782366623953,-0.03554385819181016,0.004548635409377111,0.002438306638079535,-0.01088774661374925,0.009469557561545994,0.013766715286257725,-0.009874270650463424,-0.009679696699943396
2010-09-01,0.02950454099282407,0.011668098358352141,0.027020871848457917,0.035197010999066025,0.02077047712291269,0.020813861176741666,0.02958119101180512,0.012589298522450276,0.004252917611529572
2010-09-02,0.009080894944875961,0.015214483668682277,0.0008627741823676871,-2.9462999996288097e-05,0.008218946506780789,0.0024150234869537712,-0.003942746754893478,0.006256056304506652,0.011883825652170055
2010-09-03,0.013218970736629698,0.005659373882800356,0.010632950043194533,0.01143198081902197,0.001883882753173527,0.005415004875478635,-0.0019377895607837203,0.0024159078238246146,0.00491544363579921
2010-09-06,0.0,0.020538438666115155,0.002033842100899852,0.0026836790800479626,0.00756121896441897,0.004718823472741107,0.001030015318253641,0.006966213862765747,0.01832343895286459
2010-09-07,-0.011471150102760563,-0.00809777536951739,-0.005767402866970972,-0.009601975595583956,-0.0005024547943672797,-0.009108407053297185,0.0,-0.0026109951908592777,0.0021549211290439185
2010-09-08,0.0064386723329425966,-0.021829611966182494,0.004053389350976877,0.009434723301896542,-0.007889379010971864,-0.0011957446283946682,-0.005094138639315848,-0.00476579368364527,-0.014621674168375676
2010-09-09,0.004832236752300156,0.008176539680428974,0.0118642881611275,0.010730541358354273,0.009936178095666381,0.0033749259478672577,0.00326500347552261,0.002888906374703515,0.003718076747628807
2010-09-10,0.0048633374993207745,0.015473067212990577,0.001361445607699796,-0.0007295781025936643,-0.004798527532064445,0.0033177547389247053,0.0027421008313806006,0.010210943979914289,0.0042575164392950615
2010-09-13,0.011130638547158789,0.00894560875056949,0.011612900880464627,0.008869227449287864,0.011989471632153581,0.009034271445590658,0.018318347581136818,0.009031499295454326,0.018862146293594728
2010-09-14,-0.0007130760317320961,-0.002414764498778199,0.00033779352550422637,0.0005026630446407498,0.002498414925829806,0.004142261485837739,-0.004979084405865697,-0.001984759684637627,0.0017402064330847011
2010-09-15,0.0035411649273036083,0.023361948359609475,-0.002128458295688529,-0.004315029200383291,0.007574696484738963,-0.00034212596043314836,0.006130723270231231,0.004754166092824752,0.0013643042693505247
2010-09-16,-0.00036442176931195114,-0.0007418647074152185,-0.0027755977795217435,-0.003489171044532613,-0.012052558189423968,0.0,-0.006517112449041518,-0.006595828672939064,-0.0015737165855642665
2010-09-17,0.0008269165792327282,0.012260371207739595,-0.005720072055940939,-0.0097823393581149,0.00729026905205421,0.0,-0.008481298269556348,0.008554792063360628,0.012881112143263707
2010-09-20,0.01520980108209935,0.0,0.01708103005382644,0.016428698361119487,-0.0016266818944440375,0.006864227551987678,0.01641607461835859,0.0028894300489781255,0.0002949361108304238
2010-09-21,-0.0025640801253161705,-0.0024911464571804043,-0.004703223894876318,-0.002897237277310505,-0.002985525802979505,0.0006960487811182858,-0.006911963931611531,0.0,0.0011489106506974434
2010-09-22,-0.004825492638930284,-0.003727305769252842,-0.0043542275281149845,-0.014950528707663224,0.0016671293972216894,-0.0026873542084814295,0.0089494652397335,0.0,0.002050667671396722
2010-09-23,-0.008331276228091822,0.0,-0.0008699708748880486,-0.00514390958925004,0.0018228337876544654,-0.0034956264016158256,0.00686628267938727,0.0,0.0
2010-09-24,0.021194313807419984,-0.009894086754363207,0.009266136417718895,0.019769152964460135,-0.00685896012363485,0.005730236471223726,-0.00869025233478593,0.007622924431008871,0.0032529455440044597
2010-09-27,-0.005667424064352722,0.01388034000339955,-0.004476214972635284,-0.00587950944409632,0.015971785352242973,-0.004756803858086078,0.009083899931492168,0.007706054370193893,0.010009751607523265
2010-09-28,0.004850458779855682,-0.011181759299562333,0.0009007036971913074,-0.0006159210180346486,-0.001200334091562949,0.004108694890835318,0.005982041668525451,-0.0026117377729292235,-0.010334884453762627
2010-09-29,-0.0025877842641806037,0.0066998323462259535,-0.0016438287406513874,-0.007896576828538615,-0.005304563217797598,-0.0021579426390762046,8.811510664230582e-06,0.0056466429953070385,0.012153804056544537
2010-09-30,-0.0030836965922095283,-0.019878904280402954,-0.003707846809366533,-0.0017473689564102557,-0.013363453292176475,0.004326424152282238,0.002911239690623235,0.0034075383749898602,-0.0009160508645063015
2010-10-01,0.00441640378548902,0.0037227769268946,0.007980362684775644,-0.005455074784380898,-0.000799492200259655,0.014315485530600913,0.011516239861339095,0.0020931114208062596,0.0
2010-10-04,-0.008034966499162466,-0.002463784913810052,-0.006603014536286977,-0.011668880424163253,0.010057553155596644,0.0068827963515765145,0.0022151707227817674,0.0013640747470333725,0.01165077463853259
2010-10-05,0.02086136689445306,0.014678511809966155,0.014361128659801992,0.02130306328720266,-0.003980713903808719,0.00638157800034489,0.012761114170478649,-0.00018624054829208259,0.0009054470954512617
2010-10-06,-0.0006719793237131011,0.0181399678109333,0.008096512271636769,0.0077721709877618395,0.01734272303934392,0.0033055631775906757,-0.010405550487345483,0.013310696456512616,0.010657206943373243
2010-10-07,-0.0016465943084735812,-0.0006830777294992707,-0.0033900154715659214,0.0024748201438848927,0.0009548123073706005,-0.003282743643993835,-0.008831271635353799,-0.0016281940177000909,0.00017088854614044635
2010-10-08,0.0061223079978585115,-0.009905202063850482,-0.0007982861573295752,-0.0005202950970261133,-0.0020994359724253453,0.006042709677005043,0.012734845190965682,-0.001988584054501974,0.0026157648555866775
2010-10-11,0.00014590396086333612,0.0,0.002614178071659312,0.0015401571750142118,0.003436143504597311,1.711890559707996e-05,0.001944532318016945,-0.003774241330050998,0.01146826776986587
2010-10-12,0.0038186935777297926,-0.020882522254945246,-0.0019057189196811652,-0.005007671020747506,-0.016884523821941833,-0.0008129890229073844,0.0,-0.0115719796180771,-0.0036889238778643474
2010-10-13,0.007121057985757906,0.0015838289677738704,0.015147688193599462,0.02334504188057296,0.0003672440800297494,0.010490342038116163,0.01026703364747128,0.004341448791246538,0.014531370963207557
2010-10-14,-0.0036414565826330403,0.01914178854491566,-0.003504223685698693,-0.0015630775730052227,0.017144825036505384,0.0010876858728714467,0.00024262328932445065,0.012584281640593664,0.01681666012297023
2010-10-15,0.002027585384346775,-0.008687839841561185,-0.004162585272759367,0.0019533798054376383,-0.002156590059554153,-0.0027258765949507158,0.0019233588437472804,0.0013317471680633908,-0.003963580672114886
2010-10-18,0.007243727629039576,-0.00018525828267679234,0.0068643626487499,0.0031918075765839937,-0.007904539842706892,0.005116929186213204,-0.0013176912545672659,-0.014125080823638836,-0.01213294423728295
2010-10-19,-0.015877303306294333,0.004312264370442076,-0.00672701183452562,-0.004697058988606395,0.0008142932104757694,-0.013376552973125677,-0.026095158145482356,-0.00965117147092387,0.012541873709488671
2010-10-20,0.010524058667124025,-0.016547075565153113,0.004389986482909114,0.005001180687477236,-0.006611930600825988,0.01243055235063295,0.007745094081923476,0.007063941593263401,-0.008720432356368324
2010-10-21,0.0017824252866733836,-0.0005457491259487357,0.005049808603002637,0.010790736168780235,-0.00043136142422350865,0.0024305865144591543,-0.010689346219597717,0.002272192639165116,0.00394710589433922
2010-10-22,0.002380811170325403,0.005357020971622495,-0.002863911244802675,-0.0029663913069122305,0.005479031871140405,0.004450990626407636,-0.0017568745235249095,0.012065994911158562,-0.0055789810177644394
2010-10-25,0.002146938499509643,-0.0027103835802734233,0.0018479909847299858,-0.0007864316187267129,0.013286574275863439,0.004043463603417674,0.0007270271292583175,0.009697940768772728,0.004693092900022622
2010-10-26,1.6868811254955318e-05,-0.002529475086053279,-0.007767759971348931,-0.005282989956398865,-0.004712753862273433,0.0031336058956030755,0.01667297113492494,0.00193139880253268,-0.0011287498555733189
2010-10-27,-0.0026905300091090156,0.0010290720862331515,-0.01073712613670208,-0.0094142442521995,-0.008456867076753305,-0.0031235343855932074,-0.0024236507601951285,-0.005142205156793089,-0.018501570256478028
2010-10-28,0.0011247832889338394,-0.002237129315662112,0.0056446842200346126,0.00569374642152809,0.007899281949956816,0.003227754949252537,-0.0035257721031376477,-0.0008745561758329856,0.0019978777944602566
2010-10-29,-0.00043927081045458394,-0.01746524407886796,-0.0004808124144709547,-0.0001897713255528677,-0.004966209242920905,0.005413164363457179,0.005022317222678652,-0.013061686592901967,-0.004934758987818699
2010-11-01,0.0009549887598669926,-0.005186662247553819,0.0034289782138301472,-0.0029033493966585944,0.007912742312448762,0.004343484155237443,0.01255962294105406,0.016883082397302074,0.024099943194413553
2010-11-02,0.007750825319362553,0.0005745669993184599,0.011029708742637867,0.008559150853271191,0.0006174335918351925,0.0,0.0,0.0017234715940546153,0.000781298223392124
2010-11-03,0.003678041505734919,0.0,-0.0014694056202160244,-0.010688533070489226,0.004509099664737004,0.0033900003667135525,0.0048048565047995595,0.00934808450293012,0.019992463485502876
2010-11-04,0.019282780727236215,0.021703104155249342,0.01979832909199386,0.019000646544871325,0.004813893080923171,0.009898222315094296,0.015171733391261766,0.003372986151644941,0.016192393600740873
2010-11-05,0.003922821155389444,0.028551798418169794,0.002142324729352385,-0.0028673362896598498,0.01165886774639846,0.003284933671467982,-0.005330588696401128,-0.0018223938223937974,0.013905899298285673
2010-11-08,-0.002120977281070191,0.011108467804350486,-0.004321444679891484,-0.0027747449529544888,-0.004625216637781815,0.0062195893936560775,0.0006995233765314524,0.0017793043693525856,0.0035193404944844353
2010-11-09,-0.008052319640302397,-0.0039484553453640325,0.004312850002393009,0.007908060084520052,-0.00789379621281927,-0.009450683146801642,-0.013459061345049927,0.0025998630567181102,-0.010165287567841741
2010-11-10,0.004376133179495589,0.014031681914159488,-0.009914572975512237,-0.015467162981208316,-0.008628654405790193,0.006062208357747734,-0.0005732464260687076,0.010470048165302392,-0.00849797253000728
2010-11-11,-0.004242190512919408,0.003147341137599957,-0.00029396899400713217,-0.005168784896325662,0.0061189707669033755,-0.0031009842254280384,-0.006186907074113068,-0.026993927382676475,0.008150409316339369
2010-11-12,-0.011808428234751145,-0.013856974525070287,-0.0031572267992838743,-0.0031046686587407057,-0.007579038728004028,-0.00680768851499014,-0.01163014452106026,-0.0008408496237067853,-0.019340655781508675
2010-11-15,-0.001217468166543001,0.01056061763674565,0.004060812127924196,0.009219006317251477,-0.0009985658667768238,0.0,0.0,0.0003606673914862135,-0.00806685332446011
2010-11-16,-0.016205385097057046,-0.0030943748721700137,-0.02379729263058794,-0.02340922255963762,0.002608977219497044,-0.011348020475137055,-0.0166944376743976,-0.007670562908543621,-0.013907582995590806
2010-11-17,0.00021216287319458793,0.0014861540659991679,0.0018761329836851637,0.007523986526563942,-0.01617437277606082,0.005449642492568518,0.007460644888651835,-0.0010636449321532737,-0.020198353776766376
2010-11-18,0.015357333763225567,0.020584692090838796,0.013377109771350648,0.018742641024726225,0.0034383946719154235,0.013381886521245168,0.015389342754261515,0.016208865063175093,0.018218386298884504
2010-11-19,0.002540340439044275,0.0008748076371905,-0.006219761437132432,-0.003320222889224289,-0.002359190465999972,0.0076889785067610905,0.0016459126267636126,0.006795099229197188,-0.0013402494945508048
2010-11-22,-0.0015753544547524312,0.009259268497833428,-0.009070563752980654,-0.012060089607309199,0.00309513255410665,0.002979667444414691,-0.017848201427686727,0.0017414063144010061,-0.0034606033879091003
2010-11-23,-0.014284044613637747,0.0,-0.017523847747600296,-0.02563108453705054,-0.011729002836633806,-0.011948365670165884,-0.02412594693569814,-0.007920425439994938,-0.026691016246372934
2010-11-24,0.014922971382111072,-0.008411112396306986,0.013584697417080127,0.0068081347171065065,-0.0009627227140676098,0.022261076984535944,0.024676189488106015,-0.0015345215506962218,0.005578232837500252
2010-11-25,0.0,0.0049500952631624795,0.007394247936221676,0.0025489300295140627,0.001913559377487939,-0.0029687739352005638,-0.0038450734000714526,0.0008826675251041305,0.0013386113362399144
2010-11-26,-0.007468602661993451,-0.003988190195004737,-0.005304504529797804,-0.010158948301115744,0.0010706612476143462,-0.001749294006903046,-0.016371155060802334,-0.013425464807437004,-0.007696051300646989
2010-11-29,-0.001378846477215534,0.008608943021407356,-0.020771958297316817,-0.024479714719981338,0.004386364560609923,-0.0003771894669840625,-0.0046598002817105355,-0.0032916184667157733,0.012631325880514632
2010-11-30,-0.006070249882131118,-0.018659903871127592,-0.004085787117520279,-0.007104975355436083,-0.007379867667306805,-0.001986684416441009,-0.0029860909245396083,0.004795467254713692,-0.006830203632703147
2010-12-01,0.02161704290373123,0.005133319378808787,0.020662883686940026,0.026737181204003146,0.00047879484175461506,0.012500638286545573,0.024229234300366276,0.012963147697977906,0.010509827238276648
2010-12-02,0.012818493122289887,0.01806859196740107,0.02216393442622966,0.02186731915925444,0.0195387803921927,0.0032703320710905093,0.00261327822789692,0.010853564986627484,0.008558353190134982
2010-12-03,0.0026032925920771444,0.0009637587377513412,-0.003856050045426662,0.00035953246398379157,0.0038456118260850047,-0.0003625719829718488,0.0034377976808168675,0.0035892650210740396,-0.005469794164131292
2010-12-06,-0.0012982665284028139,-0.0010895707739587701,0.004344405533547313,-0.004467382358332217,-0.0011933819917336885,0.009394448336284889,-0.003071406180280456,-0.0018495243350397095,-0.0035518075926266324
2010-12-07,0.0005150761985741603,-0.002570021529954447,0.006614930298009858,0.011834105907666537,0.008152505428036472,0.003789371369788963,-0.0030792872248759373,0.0045453614790851304,0.0081961675192328
2010-12-08,0.0037017364657814245,0.008996065515575191,-0.0023965085349791915,0.005783626023105892,-0.005696401235158244,-0.006926058595891793,-0.01676895838970005,-0.0034649328414487757,-0.014325928423712497
2010-12-09,0.003842772006382944,0.005233412135847715,0.002317703075141564,0.007719186221820218,0.008803770618976747,-0.0013392606738782398,-0.00433385180356638,0.016996298038574054,0.003433146317508795
2010-12-10,0.0060016220600163095,-0.0071875230899056675,0.0008591656967333883,-0.000415389110468789,0.00097926832226225,0.002938452737866415,0.00681163344552238,-0.0014178264017375986,-0.0003836559956498231
2010-12-13,4.837149306680111e-05,0.008023932745459872,0.008223019293130074,0.005578387972657417,0.002355277291865132,0.0057476847096618044,0.011478914158429943,0.005261461931183042,0.0066787808612993604
2010-12-14,0.0009109523886299264,0.0022226777243590234,0.005197287036642129,0.0022063690519968926,0.002048089640866557,0.00017680740712222587,-0.005545644553333728,0.0062406402916974635,0.004870996641594072
2010-12-15,-0.005122463937370592,-0.0006775376401721989,-0.0015327920749726998,-0.006877103229932291,0.00019299920555648775,-0.00592305646494129,-0.012697007417631245,0.004196013040989488,-0.01945441097955336
2010-12-16,0.006185082940019182,0.00014646287311670392,-0.0001802052980358626,0.0013335726022964955,0.003396130567293376,0.00414873442499375,-0.008306303773647716,-0.004084303190118321,-0.013343431112039617
2010-12-17,0.0008367729529237256,-0.0007234788275765069,-0.0015932339418341934,-0.008437054164411983,-0.004366456234788929,0.004347543378956598,0.01002623970770089,0.008490772630447285,0.0020323105169313127
2010-12-20,0.0025484158821778014,-0.008484223827450621,0.0033822965896026513,0.006184061776828065,-0.005563834508832799,-0.0005753034291345882,-0.010556150654548402,-0.0029709322410303995,-0.0033357032954210997
2010-12-21,0.006030086281553659,0.015085533959580788,0.010216222730289326,0.013302949401596154,0.007447566081948187,0.006724865623818355,0.01414227011340441,0.008320628823727416,0.015671131512411174
2010-12-22,0.0033795632073967408,-0.002319071445721743,0.005324439665311376,-0.0025582292604422463,0.0013778702924249764,-0.0015157911697513127,0.003751382030249717,0.0005007142541566534,0.002232335066839397
2010-12-23,-0.0016443710082297835,0.0,0.002102451913515324,-0.0017807173747138583,0.004307479943211678,-0.0010855866110286438,0.00022199257025934394,-0.0002845773780609795,-0.006171352894031146
2010-12-24,0.0,-0.006503661148525741,0.002143070377764067,-0.0009006744585480231,-0.004532596793300425,-0.0013217429068431708,0.0,-0.0038919672348383116,-0.0030201323234498867
2010-12-27,0.0006126817158269571,0.0074714058208866785,0.0,-0.012379714459422542,0.0,0.001359730700844164,-0.009969926682782959,-0.0036509657075285418,0.0
2010-12-28,0.0007713472334875959,-0.006118198260137375,0.0,-0.0007818829581356379,0.0,0.0003844454322192714,0.003506916196826193,0.005503933853890919,-0.009287547407790142
2010-12-29,0.0010091298440217944,0.005043414559738446,-0.002090225864215256,0.005994405693446003,-0.00042597612900940884,0.0021676382023361196,0.01339605243548947,0.0050016721421124455,0.01536443057184389
2010-12-30,-0.0015081998444171907,-0.011176910718117994,-0.0042275647225983315,-0.012033520693502497,0.0031734610368341354,0.0003384758646305386,0.005110625558899962,0.0036750852707867487,0.0013078326287696562
2010-12-31,-0.00019079721436066066,0.0,-0.011902508955771385,-0.005065834473324093,-0.009423465602534375,0.008044580021410397,0.0,0.0,0.0015700450534668065
2011-01-03,0.011314843675455544,0.0,0.0,0.016689224511425627,0.0,0.0014269487084441757,0.009487220295387955,0.009302779132130734,0.017390587116813405
2011-01-04,-0.0013130272747999827,0.016539380501558343,0.01931036586812751,0.001669349129931108,-0.0005818462290630988,-0.0016484569676058491,0.005080877821089791,0.007275081156283836,0.009917626903851229
2011-01-05,0.005007085498346608,-0.0016666506380973445,0.004986805501282721,-0.00366715069774326,-0.005808565520269093,0.003997700180788932,0.010996363793572161,-0.0012421228310807164,0.0037746403655831706
2011-01-06,-0.0021228927743310866,0.014352499862726908,-0.004028882204418993,0.0008786974104892931,0.0021317380611216574,-0.002754014343512412,-0.007204847081270227,-0.00237209190655685,0.0011987631861845038
2011-01-07,-0.0018448011932330477,0.001071249487167858,-0.005844329521838221,-0.009865208392831337,-0.004220967567502454,0.0002899739749004926,-0.007390743088260376,0.004134558458998461,-0.0041902271475596775
2011-01-10,-0.001376327172630698,0.0,-0.00468389945073211,-0.016868156325113515,0.001541751301105121,-0.005769301512971392,0.0009968996762645954,-0.00258364490461116,-0.00672826822557715
2011-01-11,0.0037251427446347574,-0.002880171216502414,0.009692258616926575,0.012937903856741206,-0.0003442061009363284,-0.009102833486545614,0.004226615011841517,0.00360917142843431,0.009906805977406785
2011-01-12,0.009007595254535206,0.00020169960459259784,0.00610073444927961,0.029503683043696105,0.002873475986754359,-0.0017223783757630562,0.017174111347017407,0.003174800796812649,0.015373096512928619
2011-01-13,-0.001710784161249257,0.0073205996499505765,-0.004435835735251414,0.012681002115236817,0.01503532762218085,0.002815349873338313,-0.012724041606580139,-0.0026110408362967075,0.0046991557933664385
2011-01-14,0.007384557861282559,-0.008566766385640356,-0.003620590051594763,0.0016394454695742855,0.0013019168812717918,-0.001982390946827506,0.0030935456065375178,0.00894480923483365,0.0018255718681232658
2011-01-17,0.0,0.00036384278943590864,-0.002727392382961158,-0.003345432132584536,-0.007999825053941478,0.002689584236967635,-0.004668014844047441,-0.003946550799982962,-0.005199473051978654
2011-01-18,0.0013763879867618733,0.0015348200394940115,0.01181649598209078,0.012021452400339472,0.008133831359570687,0.001427674842920279,0.004400001302948597,-0.0016048765388003705,-0.0001237738011017342
2011-01-19,-0.010115673889206311,0.003623925513690507,-0.0131645210132042,-0.00742118806906511,0.0068195103888928355,-0.008941766073502055,-0.012149930026544076,0.009162977943982353,0.01099777345182873
2011-01-20,-0.0012949326010983642,-0.011346866090119478,-0.01820235246875368,0.0012518127342873164,-0.01052340472974056,-0.005963476483569541,-0.0070876906703695175,-0.004268111112686768,-0.017032206070364708
2011-01-21,0.0024135722431379847,-0.01559693062676104,0.004829658259925651,0.014736525677900625,-0.005859504427657258,-0.007012697726839767,-0.006159151473522861,-0.01743992860736887,-0.005284185354757831
2011-01-24,0.0058362878404176755,0.006870393945410669,0.008072927708289157,0.0028614133362059313,0.006389871754676646,0.009292060177202632,0.0042451451251492855,0.005913272010512394,-0.0031444670697906574
2011-01-25,0.00026339437885414263,0.011532985149505404,-0.004397822959866127,-0.007143192819211386,0.004550736005285438,-0.0052336339429593925,0.0,0.0021660199024091664,-0.0005440769555888902
2011-01-26,0.004220945181926616,-0.005974530838785186,0.008702690736788421,0.003380914063926266,0.0,0.003059452223547199,-0.01033249950271209,0.01140094025408911,0.002287207903877597
2011-01-27,0.0022442794012169642,0.0073794210673050475,-0.0006918838506267955,0.0074028398331411616,-0.00035920653418952675,-0.003663656632628798,-0.009584012160231081,0.0021559280915062207,-0.002668261528215199
2011-01-28,-0.017852470874309412,-0.011291520098943963,-0.014033340709596498,-0.011914039635421037,-0.006492593150526416,-0.016235443031214047,-0.019884289230781005,-0.0033758705632599417,-0.00683778798820156
2011-01-31,0.007662535061190523,-0.01181621452577808,-0.0031336236285083308,-0.00016925456902705527,-0.004391726046768074,0.0038686504674845246,-0.0018394973010261717,-0.018094094986882414,-0.007184649037008106
2011-02-01,0.016693621124000968,0.0035729913888757903,0.016183007160230245,0.01800496338403934,-0.00038073858236498115,0.01719365836141895,0.019113215074514578,0.001111256057553467,0.0015187223795962712
2011-02-02,-0.0027225659419236603,0.017797459730400478,0.007091520052636691,0.0019588866606137234,0.009343853296263527,0.008789651789962827,-0.01708040433125313,0.0,0.018141247160173624
2011-02-03,0.0023542403165570658,-0.0024862871699932176,-0.002788300803157173,-0.005712483818501646,0.005016563080956216,-0.00552508317138245,0.00114502534770633,0.0,0.0
2011-02-04,0.002884247570958509,0.01075219338609723,0.002346515491347567,0.0025705310316510577,0.008742114267328738,-0.007611208328343055,-0.02240236028424536,0.0,0.0
2011-02-07,0.006240130600288385,0.004601878689469929,0.008945572900166399,0.009320089638018114,0.0011999469432200094,0.0,0.001423183847192755,0.004686225585536663,-0.014863465412130017
2011-02-08,0.004184829991281669,0.0041483982311243395,0.0066600231696092305,0.003734519230134792,0.004478951638578144,0.0030388360091253563,0.006261891458712032,-0.005783623315111397,-0.0029418020777299825
2011-02-09,-0.0027858097344797272,-0.0017064718060770812,-0.006409109340652974,-0.0035760065735415125,0.0029445709064943593,-0.015405297126497186,-0.02362442723904179,-0.011653862878677979,-0.013637621730262395
2011-02-10,0.0007495003331110528,-0.0011471270495007069,-0.005333518387255043,-0.0019593484671561745,0.0019731868415064913,-0.00905211407053419,0.005610774131420859,-0.01812688821752262,-0.019660223199503668
2011-02-11,0.005507349436782993,0.0,0.007124572882769131,-0.00043296052457630907,-0.006815433883128885,0.009804614356655472,0.018238921933425134,-0.015588747821757454,0.005297547803433167
2011-02-14,0.002384982883797848,0.011304351925624623,-0.00046347457487327937,-0.0019805777732221364,0.01124312120206361,-0.00033935407626106695,0.012194995837620626,0.01891573394565005,0.01279692600438409
2011-02-15,-0.0032349585685120807,0.0019700639781305984,-0.003796973312277574,0.004002146846984189,-0.0009696469702989985,-0.0012886859160521347,-0.003247715698669884,-0.0020202621873433024,-0.009570495470363483
2011-02-16,0.006257483000881026,0.005733869189246565,0.007982335831229648,0.01038126225061542,-0.00016811899986024503,0.0033471127499069553,0.018619296339736024,-0.010648986331894261,0.011231112263960785
2011-02-17,0.0030756106321840893,0.0026229866149038994,0.0003467389285931599,0.0008556722579295961,0.0016709254509246207,0.004086319245916403,0.0016036611478942309,-0.005977547747485046,0.006255999813447044
2011-02-18,0.0019247554889101348,0.0005684418786635614,-0.0007211641132967017,0.0011290438369218059,-0.0003462631924251447,0.007947847805980901,0.005641280289765849,0.018166921232842137,0.012591280345243261
2011-02-21,0.0,0.0013585051831630501,-0.011209947739516224,-0.018142112125162924,-0.0074427809501430575,-0.0074688918323236875,-0.011873038875622521,-0.0038944137019780722,-0.004654328584918099
2011-02-22,-0.02052106834647538,-0.01776002460964876,-0.0029992684711046547,-0.0096303870081067,-0.00884083978181982,-0.012365055092294908,-0.01217434305114018,-0.017643245399690755,-0.02106030039062523
2011-02-23,-0.006119578851343621,-0.008026479882228266,-0.012211594260901015,-0.009522915668062182,-0.002223953176118565,-0.008631501391322627,0.007083853164585152,-0.00420829272254708,-0.003649719170398913
2011-02-24,-0.0009943399112744,-0.011947141061149025,-0.000599304806424561,-0.0019594439104950734,-0.007535907926467633,-0.00048019872713067624,0.0005755451164004555,-0.005989916548992391,-0.013352308693013959
2011-02-25,0.010550493836612995,0.007084287232689057,0.01371964094473288,0.012169690722348525,0.005651701644381113,0.011897967874060056,-0.0006939611785032884,0.006949145588446504,0.01819960497393036
2011-02-28,0.005561111616207537,0.009245959820495475,-0.0011980937145903425,0.009403622086284313,-0.0010069204588664116,0.0037825174483869795,0.007184930076635343,-0.012289717484198603,0.014151084829593819
2011-03-01,-0.015739666370307992,0.012230694581841783,-0.009718035171779826,-0.00989681688897448,-0.001087618145237279,-0.0067966515125730265,-0.01692691444546579,0.0,0.002502354527076367
2011-03-02,0.0016152120827050975,-0.0243304138076611,-0.0035159777349488275,-0.008202408766219582,-0.004805648263179085,0.002595729068330721,0.015682952201625966,-0.005703088743361007,-0.014863812497809437
2011-03-03,0.017218978325334033,0.008924571927436897,0.015249649613095162,0.003528457482763203,0.0006735079249085008,0.00730939223671756,0.012841863983136026,0.021999336182217943,0.0032001860411841054
2011-03-04,-0.00737807764262155,0.010168127398209936,-0.0024479233450289684,-0.0067559375463080995,0.012032177628163998,-0.006251585517779823,-0.0019580154413648687,0.01726325190545297,0.012387976691021096
2011-03-07,-0.008341217878363505,-0.017640358866842565,-0.002772774393653976,-0.006022012898500573,-0.013650332824384881,-0.008063231080918332,0.0,-0.012176506973681667,-0.004086914100045913
2011-03-08,0.008922778655553243,0.0019200344216383503,0.00016405023285104292,0.004775842424490584,0.002161372173281606,0.0023172774039499355,0.0,0.00810495538487177,0.017093756796045634
2011-03-09,-0.0013541934605316719,0.0061101034755666195,-0.006269707904585253,-0.003500349695459426,-0.008416995130034799,-0.006485205565180285,-0.011003189138403369,0.002579746733990529,0.004150271806745209
2011-03-10,-0.0188783588251783,-0.01464847254355739,-0.015496943054923995,-0.008647035375164869,-0.014282127708573622,-0.015329961243000345,-0.01818349408113573,-0.009937695793591717,-0.008199038139681036
2011-03-11,0.007080479650377169,-0.017245873736628226,-0.002843314874026781,-0.008897732779330036,-0.011670787157346596,0.005567070226552673,0.009750659669361283,-0.01314102887594748,-0.015461007864106091
2011-03-14,-0.0060493145643572,-0.06182108610619996,-0.009166756738672843,-0.011002690856635633,-0.003967849012472602,0.003173625053406459,0.007267794963154772,0.008023359276721598,0.004133372444814709
2011-03-15,-0.011200333233055026,-0.10553932284114431,-0.013845312056295467,-0.023810442093748274,-0.021111861393860232,-0.0053469392715413955,-0.002442040070419149,-0.02400024350278762,-0.02859733708902812
2011-03-16,-0.01949495658686118,0.056776465256271,-0.017040426458400648,-0.02261331800876376,0.006510652429863262,-0.009909427840643859,-0.014963759539928345,0.017698241091105738,0.0009978724107901904
2011-03-17,0.013390299789955984,-0.014411044105162585,0.01748409765229364,0.02385677117784546,-0.0006344586051958423,-0.0009431975209301946,0.0032326013971877288,0.0005413770384632421,-0.01834510380214338
2011-03-18,0.004318094385692195,0.027232956250760054,0.003865796131043986,0.0023150142131105333,0.015611619368541163,-0.005703829802524818,0.01002719436244437,0.011281093194080771,0.0007090152182487319
2011-03-21,0.01498581155556944,0.0,0.011885004363314522,0.024421598433006952,0.003537924724426489,0.0,-0.0028451003732212765,0.011251154644066785,0.017263947501886756
2011-03-22,-0.00355057841309947,0.043616911505145683,-0.004040725256606814,-0.0021042991320640025,0.00013526294103405334,0.014310318054124194,0.013326213783526386,0.0051112597458347064,0.007612004644433679
2011-03-23,0.002913964615039788,-0.0165325467927796,0.005755972450461666,0.004007300011559467,0.0019298205187234796,0.017293359702828415,0.0032137521007102876,-0.0007349800860125821,-0.0014218279019507785
2011-03-24,0.009340752500886396,-0.001530244553398119,0.01466386467628733,0.015194174926645765,0.01014229651031573,0.00891354658789223,-0.003872527841445428,0.012225546422288236,0.003937718506575871
2011-03-25,0.0031611257883723543,0.010717529711150142,0.003382152640680758,0.0005326863199279774,0.009162300322752115,-0.0023895935114576217,0.00344972240966146,0.008474160194031688,0.010621297230494209
2011-03-28,-0.002747754604962682,-0.006040186113234425,0.0006321219639502385,0.0011781556882937139,-0.0019069535699819395,-0.0004461146027907592,-0.00845734597645953,0.0011440867753305106,-0.0039069601147215804
2011-03-29,0.007060044726337367,-0.002052005954509939,0.004687957808379828,-0.001314001838916501,0.004691356407671821,0.0007623505964176047,0.0033625616546528736,0.007654190109852799,-0.00033942845104006913
2011-03-30,0.006684654095676867,0.02639897326167029,0.002719072447350701,0.00876352231073918,0.013950316728646994,0.011261583834498934,0.008577731183427417,0.009289957676400507,0.016958538374942878
2011-03-31,-0.0018294610994835647,0.0047699043856133105,-0.006647277373367122,-0.00869420114151842,0.0032626518746510236,0.006187539085311888,0.008671551387662957,0.0073253067352656576,0.003244578262391773
2011-04-01,0.0049629288822852224,-0.004788264600055436,0.017120343354612544,0.017867264875932376,0.004950511421935699,0.008935775714593586,0.009937640971208639,0.006792614040917355,0.011662087631845619
2011-04-04,0.00034523907806138787,0.001081538751533495,0.0011747244555666558,-0.0023895346482524227,0.005144766357715991,0.003401979135975175,0.006287292497043184,-0.0024233737700436464,0.014649250690071058
2011-04-05,-0.00018006257174352225,-0.010632901493894842,-0.0016486676040138315,-0.0016509689293060514,0.002718726409891792,-0.0018631485469183806,0.0019184033008243784,0.006881330138430064,0.0
2011-04-06,0.0021836518763647117,-0.0032426642261751404,0.005671659680442698,0.006953669314392563,0.002608092474224666,0.000762562590925997,-0.01146389505240164,-0.0017461263688550721,0.0055679822182324035
2011-04-07,-0.0015199844257752781,0.000684447699744517,-0.005588358469359234,-0.00262158924172462,-0.0009735568287082552,-0.01030774809762125,0.002016457573202457,-0.0021488590357877646,-0.00013382718997900778
2011-04-08,-0.004004469407803413,0.01847057584613787,0.00805344102327643,0.007075638815125629,0.00660862691086006,4.803645646811461e-06,-0.006622371997735632,0.002747226855909668,0.004705993789587248
2011-04-11,-0.00279331712054931,-0.004952866888886964,-0.00038145564133262866,-0.0033772691026783264,0.006203742648109634,0.0031743939162653945,-0.00805683982990768,-0.0026222174184785674,-0.0038120894062035893
2011-04-12,-0.007776754299865574,-0.016918217640462196,-0.014697428239149879,-0.014203685898513396,-0.014590192822037884,-0.007152572699555382,-0.018604003617139542,-0.0155437973228294,-0.013442746122197757
2011-04-13,0.00019023558775188576,0.008991906028721353,0.007707306768245825,0.006019104261798747,0.0025065910545380987,0.0006936964455090955,-0.006125008838315571,0.015564276825883017,0.006617348664539335
2011-04-14,8.368773822464703e-05,0.0013214150135150149,-0.007759831226998304,-0.010935667360456702,-0.0054398688322699895,-0.007436336758712581,-0.0031224388593833474,0.009020132709998352,-0.005014702695625317
2011-04-15,0.00392538721358382,-0.006463695576511941,0.005400918877225935,0.00045583537830928833,-0.006573784424176554,-0.0022007037504222504,0.006115370972567646,-0.0002615526888550823,-0.0002469392854168584
2011-04-18,-0.011017822502424779,-0.0036355030276745692,-0.021002299862742158,-0.024353813740771835,0.0020013845434418975,-0.017742869517399784,-0.019025793362476784,-0.001298761971502027,-0.00740417701214624
2011-04-19,0.005731185926413973,-0.012098381755112797,0.004563821958133429,0.0033883902863804938,-0.014102444911939016,0.0029758808326521002,0.011352051326069645,-0.007035533184888587,-0.012995634551124291
2011-04-20,0.013514954823178105,0.017560583961707454,0.021263823011190786,0.022333348497520555,0.013703745737790207,0.010320739007612989,0.013602720392925649,0.0222501743079504,0.015963864898119073
2011-04-21,0.005284283953215896,0.008218120043885557,-0.0006575604507278454,0.005089973061138009,0.011283863630469959,0.0,0.0,0.013194095607651946,0.01013596360912472
2011-04-22,0.0,-0.0003675495081961744,0.0,0.0,0.0,0.0,0.0,-0.00032749006158627747,0.0
2011-04-25,-0.0016001315996082566,-0.0010586426032899166,0.0,0.0,0.0,0.0012051723814798798,-0.0012772521467232512,0.008271832998152595,0.0
2011-04-26,0.008979591836734802,-0.011711173329914337,0.008484123423557977,0.0064911623471715085,0.0,0.0008561969014135862,0.002566580815342112,-0.004377256317689482,-0.0054241576978669714
2011-04-27,0.006249814435438372,0.013929733049193871,-0.00019771442128990735,0.007521926262790357,-0.008323086685218306,-0.001770290988023393,-0.013102981550470516,0.0001812990073877252,-0.004771032907381012
2011-04-28,0.003555463759349564,0.016292055997622734,0.00028674260401828633,0.009316259122310155,2.7088569772626414e-05,-0.0028318950289910605,-0.008922730386283884,0.0007477228440657679,-0.0036500474619174383
2011-04-29,0.002300658591085414,0.0,0.0,0.001969833595645065,-0.010218475710009112,0.0065349332183091136,0.00699904877498736,-0.007240700070188066,-0.00356302269673181
2011-05-02,-0.001752700552210551,0.015681632205520213,0.0,-0.000783727687837299,0.0004279280259891216,-0.010010383463077033,-0.01013278421649999,0.01669433852104585,0.0
2011-05-03,-0.0033793214910154967,0.0,0.0021384207318078108,-0.002824962029186806,-0.008433871019552064,-0.01965970724690047,-0.01748429450336264,-0.012665099418562975,-0.0036912736116515577
2011-05-04,-0.006855272662941725,0.0,-0.016243950234099747,-0.016121237572448877,-0.009298565462716124,-0.009533297968037924,-0.010925060379507023,-0.009128789083622357,-0.013456041805506969
2011-05-05,-0.009069857197993025,0.0,-0.010710101987443377,-0.008631377836193499,0.0028687043510933208,-0.005801376929922553,-0.0032773459298440777,0.0,-0.002300212221705622
2011-05-06,0.003819938581379745,-0.014493912556726163,0.009592937813979185,0.00900722354726069,-0.0022458215329181908,-0.003194896318735263,0.015934042623993783,-0.015220302296573562,-0.0044051121139079275
2011-05-09,0.004551559468735977,-0.006574569944823305,-0.005702076539669587,-0.01710183209726035,0.0029004598526556347,0.00723555423783151,0.003176629149853172,-0.003855735872779209,0.007636725716067216
2011-05-10,0.008066552774270264,0.0024891825720465555,0.012822476016753459,0.012617144432194083,-0.006524557065488157,0.005974848175811731,0.003944633690368793,0.0,0.0
2011-05-11,-0.01111143859235475,0.004633986368950849,-0.007125898629149252,0.001160250695810161,0.011529780805719758,-0.008363201576729318,-0.016971531306684273,0.012836754442143494,-0.001894069249228636
2011-05-12,0.004895386266094537,-0.014964123005679175,-0.005194109772423072,-0.00862552380175563,-0.017596363704066365,-0.006197476408634883,0.0035646738842400882,-0.020298805056701008,-0.009361234425849463
2011-05-13,-0.008067326585845191,-0.006985946802653076,-0.003211123371730018,-0.007696131365591996,0.003242454325195876,-0.003302498260870146,-0.011997220137255682,-0.0012107507125528327,0.008776636317618047
2011-05-16,-0.006204355008708529,-0.009376324650706924,-0.0003678784718531558,-0.004591307952739543,-0.01302341297981624,0.0024385692281441163,-0.006414455217260029,-0.0074997169918116224,-0.01356059196769932
2011-05-17,-0.0003685679255642782,0.0009122961196030843,-0.010582930571991334,-0.011005410733312293,0.007293328627960172,-0.008853535094760612,0.013427730333816612,-0.0008411827885447254,-0.0025935699499534115
2011-05-18,0.008803744224894272,0.009936218383571838,0.010662003071148174,0.006211398090960163,0.002095041393773478,0.015645224797434354,-0.013078157985744077,0.015872260881559797,0.004805886883937349
2011-05-19,0.0021779992242740853,-0.004270302046764263,0.0054866303479874645,0.008126111673002478,0.013353984997006796,-0.0024844242772307235,-0.007530958085862016,-0.0188549382427029,0.006615926025394625
2011-05-20,-0.0076883000893122055,-0.0014281526938452194,-0.0012592364997254801,-0.012668650107244162,-0.00509123477580764,0.0006293146678224559,0.0036743578692444157,0.0076306006652318015,0.0015546090423763648
2011-05-23,-0.011925566464407122,-0.015243965908475876,-0.018929173622213247,-0.02092516415672141,-0.018857637704625008,-0.0023697776715100316,-0.004015239185820474,-0.0264219748993606,-0.021050984530196604
2011-05-24,-0.0008274061197688365,0.0017482979463314674,0.0038588801365344594,0.0025087142928716943,-0.0030387968354643746,0.0047576289889939005,0.015904517398137363,0.0029430221188786465,0.0008700621988795287
2011-05-25,0.0031832132980824657,-0.005728503340132196,0.0020022497571867692,0.005558193248062615,-0.009538660491478668,0.003274494553248797,0.0008161138675413238,-0.012557232655595385,0.0007258879809668439
2011-05-26,0.003953137897869663,0.01476936987417865,0.0018483375183555584,-0.0060422317206515475,0.016474818166708483,0.006867629601542857,0.01120283130488775,0.027526315530952417,0.006748499161218557
2011-05-27,0.004080893723268586,-0.004194707201907399,0.009841880363680389,0.006993306712574254,0.005098036017995744,0.0021540358024867423,0.003063874903917574,0.003982006874100774,0.009487882295763583
2011-05-30,0.0,-0.001782199845829835,0.0,-0.0017947080939206828,-0.0035117540965128313,-0.005020212623397469,-0.0053041482567217635,-0.003071077591132343,0.002865723652536678
2011-05-31,0.010592742844264258,0.019859084247504155,0.008607698097449434,0.01690627287392421,0.008733303553160265,0.005426862083459438,0.010416091708515873,0.02324970508026114,0.021558104788063748
2011-06-01,-0.022784716027356544,0.002669766952452912,-0.010247095571111142,-0.01197098451389289,-0.00021557683901896052,-0.011784736829032805,-0.01870316471288802,-0.0005274286221041979,-0.0024362305054059785
2011-06-02,-0.001224753718002236,-0.01693174931915986,-0.01361027289701966,-0.015946047261693352,-0.022705029631742923,0.00016209876672212964,0.012720094216378541,-0.012674306742507135,-0.015770050744018493
2011-06-03,-0.009733879689856284,-0.006575587334014532,0.0012123968864143908,0.0023503451844877343,-0.0037687994358758248,-0.00825496770550238,0.001906316725756918,-0.0003452842682811763,-0.013085150667588641
2011-06-06,-0.010760214127492063,-0.011784400050146249,0.001391970295524736,-0.008526017259986252,-0.0030379226482882826,-0.012823465737991868,-0.01978178596684821,0.0,0.0
2011-06-07,-0.0009563277016257921,0.006673524975080891,0.00025412917266454116,0.003316059927748194,-0.0006128063840418196,0.006412681969043765,0.0023802981334510864,-0.006510619975679699,-0.0035246863120688143
2011-06-08,-0.004186965928370312,0.000689403205565986,-0.009507813765527229,-0.008087943773652961,-0.0064754224551242245,-0.00048028661304233555,-0.0029244904722320886,-0.007791552166727889,-0.009053434239944758
2011-06-09,0.0073775360280097235,0.0018720646470804514,0.008168514122319337,0.009469270292072007,0.002835054159629813,0.010158814440866637,0.006914635309108741,-0.005726354189166449,-0.002285802036305351
2011-06-10,-0.013979829325058146,0.004995167500250863,-0.015460167954729376,-0.016406778684865952,0.0027424171955734433,-0.0076523980087077614,-0.01215809589653627,-0.011948325303415053,-0.008379541111100952
2011-06-13,0.0006687752757714716,-0.006960998230058912,0.0013285233618924863,0.0005160034253843815,0.0,0.0009778690976778304,-0.010753916126344576,0.0010113990042359688,0.003912067463650359
2011-06-14,0.01261174842549706,0.010539562520308188,0.005139032746394712,0.016821814590610717,0.005006452054124866,0.012791599055602454,0.002932948013411929,0.013710866190927096,-0.000536696155336247
2011-06-15,-0.017431883652852975,0.002778653489446059,-0.01043919402115756,-0.017424836507262786,-0.003966234768382648,-0.003590285408787919,-0.009663076002297655,0.0046705796815340594,-0.006766980796585997
2011-06-16,0.0017543582367909316,-0.01702888560231941,-0.007616825277968808,-0.0003221673073403597,-0.019164757219985673,-0.002757770102204571,-0.011738248359596248,-0.019122658193268305,-0.01748406826600879
2011-06-17,0.003045028557003393,-0.00636257767275028,0.0028304154727039066,0.014465579245739102,0.001268516784182605,-0.005543569331810327,0.00294609351875863,-0.0071825391008634165,-0.011745488452433506
2011-06-20,0.0053952025167125495,0.00031225271082413464,-0.0037708182413112024,-0.007981603685038752,-0.007398333396136381,0.002404802867833844,0.0017730107346907165,-0.006043515278577494,-0.004413406430713418
2011-06-21,0.013423448793767001,0.011261107167597428,0.014388615569985497,0.019643305519266407,0.012680636909366827,0.004745945382465422,0.004174878989488651,0.014121258633921663,0.011624337774329252
2011-06-22,-0.006468445103124498,0.017946733814957483,-0.0004017100380759864,-0.002469673339305145,0.005411695446452036,0.003482194996116572,-0.0037366738946148503,0.007680026560295206,0.00042927902633294046
2011-06-23,-0.0028279752008328884,-0.0033948011460699368,-0.017081269844569258,-0.02297259102634286,-0.007076739246118402,-0.0020559647271255477,0.0,-0.0038955375744949006,-0.004612540639351348
2011-06-24,-0.011725749902609994,0.008541442198079618,0.004113224704725527,-0.005485451469500413,0.001686471785482313,0.0005998302698300151,-0.0028984825168573147,0.017000184837488774,0.018971797598618334
2011-06-27,0.00918443769955446,-0.010373283216461693,0.004321026656276539,0.002964048485205373,-0.010274594009462845,0.00718233216447417,0.0032820512148146186,-0.009814378159660575,-0.0058713825351400795
2011-06-28,0.012944301226466726,0.007378128291942954,0.007783529115711341,0.009750617673728756,0.002796410679029915,0.01649301873813447,0.017746546791429507,-0.003564717986369148,0.0009078218310052399
2011-06-29,0.008282755057184898,0.015367427437926073,0.015445093360707984,0.018927536548033475,0.012340566099303896,0.01079557245576046,0.0004911451820341917,0.015274539364296125,-2.7196354963177072e-05
2011-06-30,0.010119243389602461,0.0019219659374152265,0.015327999726773678,0.0164064869493854,0.017327143075710927,-0.000588306211195877,0.0011176891187902882,0.002993668891626333,0.015272075201779645
2011-07-01,0.014409680155076376,0.005295387470978685,0.007408703081717816,0.009527721315906845,-0.00364043484695864,0.006637385398080342,0.015875676482974388,0.011924653328192036,0.0
2011-07-04,0.0,0.009831709746688011,0.004637915375574231,-0.0019056428588816177,0.004259896832869758,0.0012603014288850023,0.00783934338617609,0.00920150159473887,0.016625070876547632
2011-07-05,-0.001336149947375076,0.0007395818803441756,0.0010785138112916481,-0.006856688930001131,-0.002739468142811341,-0.005595284296457503,-0.013342972620220217,0.007667925231902295,-0.0009890002270485088
2011-07-06,0.00100905910844018,0.011032383183286809,-0.0035042986173706714,-0.006272561752107553,0.0015058334736082202,-0.004719312528366437,-0.007508866363435507,0.004366832427431522,-0.01012838519514947
2011-07-07,0.010446301232797994,-0.0011247232823670128,0.00860081427038839,0.004193982270893182,0.00010466788359364543,0.003161126697069472,-0.005724084822520292,0.004329423035294155,0.0005608958345824089
2011-07-08,-0.006961174088470523,0.006611962498783708,-0.010565607683477807,-0.019131590326629255,0.010685211932453198,-0.0022808227472160825,-0.011157688330298066,-0.00011006195570939514,0.008710538486598862
2011-07-11,-0.01809048965619875,-0.0067273442871331746,-0.010252763505370077,-0.029013401001401484,-0.01556071398264336,-0.003845495255459963,-0.020964754904797767,-0.010635907079138751,-0.01668541869532525
2011-07-12,-0.0044335311370301556,-0.014261837444250136,-0.010153208886250265,-0.005761976125264745,-0.018955748025447416,-0.0049753173105563375,-0.008615887152600976,-0.02198724248549011,-0.030610952677356473
2011-07-13,0.0031058737553666393,0.003749778358076661,0.00638443608407635,0.007989515617052634,0.004298797693575329,0.002103730410720761,0.0161652129855665,0.009437226564536605,0.012173662568157217
2011-07-14,-0.00671614607048554,-0.0027119964187996004,-0.010070380923840716,-0.007277950682307965,-0.005321646649395939,-0.002484919196683366,-0.016326714948716736,0.00020191206025454989,0.0006074735666907749
2011-07-15,0.005554409528830462,0.003859655479200974,-0.0005626865288740346,-0.007386960215783778,-0.00383544634717381,-0.00024194924264353546,-0.0033736962617721966,0.007103052951311195,-0.0029543942170080495
2011-07-18,-0.008129834212165954,0.0,-0.015546763500956517,-0.01981774551652471,-0.0003455893102476404,-0.010355997616983803,-0.010767004477789333,-0.006861831064702506,-0.0032287439121058137
2011-07-19,0.01630867753401155,-0.008496692054815957,0.006462928551438152,0.013381076587501317,-0.000855327358936897,-0.000821934729830609,0.004155845215330745,-0.00012673200405544094,0.004478382003921144
2011-07-20,-0.0006708222471791814,0.011747552003494643,0.011024198660101403,0.018175318444373367,0.018253651905364876,-0.011477673149656975,0.0006360637302684768,0.011613878443909265,0.004624607348966192
2011-07-21,0.013546129246364558,0.0004487352462048122,0.007870074583776088,0.021284301949551887,0.0013888806465998105,0.006059702328724326,0.01933771326009537,-0.004598714587345398,-0.0007453295333644805
2011-07-22,0.0009078731954159647,0.012159366418291517,0.005954348301409063,0.0033510172472441813,0.010277816676199869,0.005615112908347264,0.00012478645668689836,0.01220956252564065,0.020807930399789898
2011-07-25,-0.005643038765222763,-0.008102951902417166,-0.001644476345488366,-0.010784101565317838,-0.01575023485439031,-0.007713782614581222,-0.004976400549058235,-0.00955679499638451,-0.006750338608497275
2011-07-26,-0.0041048877324421085,0.004747258957951139,0.0007543972753936146,-0.0011120428774564761,0.009486671687611414,-0.0039008254586359037,-0.010515829939166776,0.008472527063725144,0.012505556604700319
2011-07-27,-0.020308722615132724,-0.005004099935430828,-0.012336143466903149,-0.01676856532768789,-0.00786472188560905,0.007253842320890103,-0.017718937847889915,0.002586803153963313,-0.0013463535482775013
2011-07-28,-0.0032339890718757758,-0.014515501349133486,0.0028395411656632064,-0.0003526734503713769,-0.01621910156685613,0.008994138092901283,0.007201940143898078,-0.008490049716921688,0.001288723250120194
2011-07-29,-0.006450521654224439,-0.006900069182485202,-0.009878754548194313,-0.008314888812965271,-0.008765676756932739,0.0022701835858542907,0.0019622455106393932,-0.010501658278637138,-0.005781378900293066
2011-08-01,-0.004132231404958664,0.013422108953191403,-0.007009229277117224,-0.028846189853840354,0.016536464160070707,-0.007462081249267283,-0.004891076602953404,0.018329184655987873,0.009942848230300338
2011-08-02,-0.025556747012292824,-0.0120842829058877,-0.00970485398558818,-0.01868247125328737,-0.014268931529849871,-0.025629773379817977,-0.02092670221645787,-0.023495725748166718,-0.010674052446745574
2011-08-03,0.0050157489733264615,-0.021072487528683292,-0.023412184198699282,-0.01849195839505835,-0.02273574617667007,-0.00949506160286362,-0.02257097181367973,-0.0259325781253682,-0.01912185914744169
2011-08-04,-0.047820429407937515,0.002286985557956145,-0.034268002027035505,-0.034245725289551276,-0.012997962303185728,-0.033688885718370476,-0.05722990180519494,-0.023128744688471037,-0.004909806517793158
2011-08-05,-0.0005749664602896498,-0.03719777455229134,-0.027099240887497933,-0.015396158836624041,-0.040014123649747546,0.011260815847969008,0.0026104232119756876,-0.03701813750018579,-0.04288833223515576
2011-08-08,-0.06663442778769035,-0.021755119420895697,-0.033931835204564886,-0.03715133781024371,-0.029059817401204446,-0.05881944467113209,-0.08084972734253693,-0.03822508038585204,-0.02174959204894078
2011-08-09,0.047406785414396246,-0.016826489740106143,0.018932915100760672,0.0032051982806493573,0.012222748496522495,0.02099175867659575,0.05101083272085383,-0.03642782636604358,-0.0566050627190946
2011-08-10,-0.044152388425029665,0.010538343201617062,-0.03054451956661486,-0.06122724736731977,0.026388335717169475,-0.00500964283673877,0.004777824046106716,0.0027146306936465248,0.023432674450485358
2011-08-11,0.046290017488133106,-0.006284061716566591,0.03108947986483357,0.02863815542049508,-0.00011542311142553885,0.0425520952794487,0.0378988035674086,0.006200726370803489,-0.009529576666007844
2011-08-12,0.00526163187337958,-0.0020285149978735983,0.030448416856646343,0.04147238709968626,0.007683284924895117,-0.006812377252620072,0.002441552432919547,-0.01327691698212874,0.0012691922588967675
2011-08-15,0.021784681161510333,0.013687397642943022,0.005742448820777346,0.007432833621545232,0.026420317967934537,0.016173733195449902,0.022038641678518323,0.0,0.03262434626689803
2011-08-16,-0.009738561548871316,0.002313344874378398,0.0013176141651933815,-0.0003484650330396466,-0.008312661807612809,0.0013981855445313052,-0.006005654339479638,0.04826828601859123,-0.002370175862902779
2011-08-17,0.000947382541332864,-0.005508689059372407,-0.004858491534503129,0.0032061351224570434,0.013336121011607194,0.0029780420213216807,0.013795290850515896,0.006808981472123277,0.003807129201942372
2011-08-18,-0.04459372303981102,-0.012531383663492046,-0.04489646635156441,-0.053412093757506995,-0.012252829059384407,-0.02358178867404548,-0.03520634967902614,-0.016954883841345914,-0.013443718107765568
2011-08-19,-0.015008986104414257,-0.025103535873055693,-0.010107556021624942,-0.02154435990048076,-0.035101874331507465,-0.0033007856736155805,-0.012919575188061971,-0.06218491008180238,-0.030792450341647126
2011-08-22,0.00025811504810735464,-0.010449305214674687,0.010819797014735899,0.011264109084003548,-0.004799674300849932,0.01378403344429735,-0.00014109312470356183,-0.01958873962679386,0.00448197724526711
2011-08-23,0.03428484988699254,0.012155588754457991,0.006696367240397905,0.007598276075277521,0.02233690823483192,0.03220489586573638,0.025674944598831795,0.03856900683930564,0.01994471149035215
2011-08-24,0.013119972469565866,-0.010695052450415132,0.014900320114165089,0.017600160001454368,-0.0014045960145127045,-0.0008827550725252209,0.00016862926716165738,-0.012326361528243734,-0.020564986191563106
2011-08-25,-0.01556555706521734,0.015365276904860226,-0.01435884629791484,-0.009827131817572665,0.01085929964151866,-0.021375139558700074,-0.01565924414033082,0.005584745666123325,0.014675763184377022
2011-08-26,0.015121585135473126,0.0028977378949337496,-0.00022997018183246176,-0.011846438399422454,-0.0030428426260025176,0.0040655514125313985,0.007506425473011058,0.008143580908771542,-0.008586263598292398
2011-08-29,0.02828857919782468,0.006089036097742806,0.0,0.022306020708168228,0.015063268776467131,0.02860624248359822,0.0283021113651738,0.028415638438404667,0.014412078305131804
2011-08-30,0.0023386690246181008,0.011585803295542485,0.027045256066371426,-7.145089983495723e-05,0.0013829714370425794,0.0037945467277282763,0.009556927149893868,0.007827275211806484,0.01706811590773971
2011-08-31,0.004922006397783951,0.00014518813031205724,0.02389032505418842,0.02810900613628453,0.0064105987566698275,0.01627902543777293,0.020043141621481464,0.01968196461693661,0.016366918314387524
2011-09-01,-0.0118714568172682,0.011792031445416962,0.004471195822434826,0.0015942104531554424,0.0025420407266485423,-0.002330275383456759,0.028729561066513254,0.0003138114259273461,0.00245825998242033
2011-09-02,-0.025281878414506576,-0.012146830301960065,-0.023367443920533693,-0.03687737178792161,-0.014993952366470387,-0.014126269085741994,-0.027299193712124525,-0.006885734035199653,-0.018091524401114834
2011-09-05,0.0,-0.018577234954875288,-0.03579911678505221,-0.05108703483554877,-0.023791835930466187,-0.035703154996395425,-0.027121281859603497,-0.04386025967072682,-0.029511337061313703
2011-09-06,-0.007436305868122717,-0.022071931570068037,0.01063383621618863,-0.012893459309912814,-0.016029935745054624,0.01650884503610084,0.02925339114348935,-0.010706506218396972,0.004797006586325647
2011-09-07,0.028646459098554677,0.020119735943016526,0.031366107926559694,0.0341618191433104,0.026463712933466832,0.02149431435097182,0.0,0.03778209213736261,0.01712285330153973
2011-09-08,-0.010612204034639694,0.0033902327975070534,0.004096950507559427,0.005689953327507213,0.0010933698140529469,-0.013280711912788012,0.01795404479634244,0.00718859424257956,-0.006742817238627352
2011-09-09,-0.026705455771987574,-0.006307203813890938,-0.023543268456551858,-0.04147637977258023,0.001610326337025958,-0.025920435302909106,-0.032022279748776694,-0.018254776242256243,-0.002319611185156001
2011-09-12,0.006965682749538571,-0.023117173247757417,-0.01630598410248041,-0.03793274725486706,-0.03724043230588969,-0.000593269613535008,-0.0016658781295049163,0.0,-0.04208514478801895
2011-09-13,0.009120083973603199,0.009475530333295401,0.008700449545970379,0.02086706332299082,0.00845858191973159,0.0045885839960040364,-0.002541057837888383,0.0,0.0
2011-09-14,0.01347975478953356,-0.011371140421630455,0.01019857950427605,0.022949563987744614,-0.01642390161520879,0.021037115414865415,0.013360046104014422,-0.03517510328584117,0.0007829520339410756
2011-09-15,0.017187131944677914,0.017642632507568923,0.021143978787148132,0.034674423292918144,0.016466235106183058,0.014992305646161386,0.0016952693776288719,0.014246838482471436,0.007143967269855667
2011-09-16,0.005706676811869871,0.022528913836421305,0.005783563214514453,0.001697887382748453,0.019072223055883075,0.0,0.014697207202509555,0.03721365440115432,0.014274691760289837
2011-09-19,-0.009802550965863799,0.0,-0.020276022136908267,-0.029259753251083875,-0.01636553806704122,-0.0029697476851431315,-0.0018760670098344479,-0.010412477582739998,-0.02762022296226585
2011-09-20,-0.0016610054065725466,-0.016123355174094356,0.019802036672269097,0.021139258623157353,-0.01010294542449397,-0.021067675191920765,-0.012681519183479373,0.009352312541873964,0.005119476476045159
2011-09-21,-0.029390478250380547,0.0022840788695186465,-0.01403879031491262,-0.019585032774094735,0.007810411638097481,-0.009282726963766308,-0.007036886139304865,0.008873920684233205,-0.01002534867576843
2011-09-22,-0.03188316363262367,-0.02069519377290885,-0.04666809116539761,-0.04895901338581543,-0.026252491524641153,-0.048153955322902786,-0.04825881222323647,-0.02897620639817078,-0.04846003834432
2011-09-23,0.006082014235631705,0.0,0.0049984032878387374,0.015172241012150867,-0.015573623505608869,0.006404052245355674,-0.000936932013120062,-0.0572658354391713,-0.013573061559461697
2011-09-26,0.02333623716374955,-0.021743498445140785,0.0044525056199067325,0.028291782451395076,-0.010062613353638228,0.024472182305192325,0.009715508217490898,-0.026351446884720575,-0.01477347396516926
2011-09-27,0.010688335698009421,0.02816053727372303,0.04021715850881358,0.053125974992200176,0.036408174673935534,0.011913398274842502,0.0032157762813986857,0.05022054685940058,0.04151874447086934
2011-09-28,-0.0206911807245318,0.000662024750433865,-0.014435073337048188,-0.007926053882581496,0.008729793670319008,-0.010227423418644688,-0.01205481565775901,-0.007270799845596421,-0.006590533657280018
2011-09-29,0.00811425989957093,0.009933086882591535,-0.003984567706027398,0.016447368421052655,-0.007738293723439038,0.007416676037198311,0.0021458462079100293,0.02681229651382111,0.0
2011-09-30,-0.024974146845915257,-0.00010803070370490886,-0.013154147520416326,-0.014816221004863461,8.407634031915023e-05,-0.005428935800340651,-0.019860570459646953,0.00020347144899934833,-0.023244051155234646
2011-10-03,-0.028450973113432698,-0.017793659751571655,-0.010330546282719122,-0.019002963764990888,-0.027836159216723888,-0.011025786131984683,-0.02929588134947314,0.0,-0.043783654428244834
2011-10-04,0.022488469201168204,-0.010456990128114407,-0.025822086493941576,-0.022050845555222853,-0.006391302060679727,-0.0050597756737210675,-0.002071014596331411,-0.03586019834430543,-0.033995654538807485
2011-10-05,0.017865563414742658,-0.008649356915464868,0.0319004781127894,0.04224112783285272,0.01404377150637326,0.0010331784981174597,0.0064615042238205245,-0.023250634454545005,0.0
2011-10-06,0.018303715811648358,0.01658598732193095,0.037060701623034875,0.031824980958236715,0.036521195664215966,0.008467501346200335,0.025023008457507157,0.02628231284353011,0.05673813419715468
2011-10-07,-0.008163300342498125,0.009809880755971001,0.002294349550012509,0.009076032337534068,0.022845106018913874,-0.008252172794723123,-0.02001802626372695,0.028912718087843237,0.031139138192482374
2011-10-10,0.03412493725442678,0.0,0.018026171889731213,0.022743798447904418,0.009166525738049769,0.01642625425351074,0.03960473518459473,0.0037902680463923755,0.0002287229746864572
2011-10-11,0.0005439831281539576,0.01952909842637718,-0.0006112243007965201,-0.0020811789038264195,0.006332267164450123,0.004011060224328622,0.010612483483693813,0.01617943434251945,0.02430853940983768
2011-10-12,0.00979473710624501,-0.003964129076966638,0.008543840465556007,0.024257654460118294,-0.005510895597409804,0.0234120504248585,0.0,0.008066762487326073,0.010355762642634936
2011-10-13,-0.002973700559121939,0.009652244561672463,-0.007060163916351225,-0.016706363425584403,0.009563956371614335,0.003318503201011014,0.01416459271595194,0.0075158883669521614,0.023369482788909268
2011-10-14,0.017380323347124582,-0.008533136882668102,0.011655667378566603,0.00984343113885422,-0.009163779229631075,0.007623880467547028,0.007863948453757263,0.006746750041138894,-0.01364871485530561
2011-10-17,-0.019369906416893956,0.015048079780886292,-0.005425914136646615,-0.01680761458386404,0.016588196662530086,-0.020738960331630585,-0.020336377405599904,0.01622534597362968,0.02011697246590738
2011-10-18,0.020418699931715745,-0.015506329113924133,-0.004846690087736971,-0.0039207388951979505,-0.02070283400052153,0.025963130426628567,0.020785983206127456,-0.014089792942236112,-0.042255506122446995
2011-10-19,-0.01264913741043594,0.0035038109520688643,0.007419113366048391,0.01008752346313746,0.006406661552292414,-0.01395076104537607,-0.0011956694958726866,0.009255533199195254,0.012876414961779048
2011-10-20,0.004554170661553281,-0.010303743271618204,-0.01207414379257632,-0.025024891849206865,-0.01632264727855426,-0.0037009819753458517,-0.017395257770557837,-0.027388033966981418,-0.01781179099928898
2011-10-21,0.01880877742946696,-0.00037548303127687976,0.019308482583923148,0.028937788596556935,-0.0007375262880955358,0.018177959326074467,0.02305592410884061,0.018442293736046445,0.002370002947211791
2011-10-24,0.012881082172420788,0.019022017792597934,0.010824155302305849,0.013501546517447949,0.027322858218972845,0.0069907146450931545,0.029621449408499423,0.03260479335066724,0.04139085706423917
2011-10-25,-0.020052623186094798,-0.00923453015497544,-0.004059076506021997,-0.010599095847737772,-0.006383946785089134,0.0006972808598531,-0.010651415305182876,-0.005093977833031227,0.010461425690210246
2011-10-26,0.010536593303771324,-0.0015794921658786043,0.0050130846939846485,-0.0037969931227496145,0.003466036438085629,0.014973866645508815,0.015240026869919099,0.0029968496015670976,0.005184466633628926
2011-10-27,0.03429146537842187,0.020354416257928776,0.028916452377350854,0.06075218623932588,0.02489995375409726,0.02536756063473189,0.03721034254115785,0.014638575523541641,0.03263098601004688
2011-10-28,0.0003892292482425841,0.013883318732677896,-0.002026665173211595,-0.005878268171761736,0.001170145557552127,-0.0005056196754394948,0.004099872903939872,0.0038708871823687208,0.016788310045863897
2011-10-31,-0.024737567018652373,-0.00685931227880987,-0.027711916720446594,-0.03132766939034115,-0.012668192724311522,-0.014946072641209285,-0.01973917352355692,-0.010598710533407996,-0.007711081939174691
2011-11-01,-0.027942232506183662,-0.01700749522439493,-0.02212213801039653,-0.05261149914892538,-0.015172458078735351,-0.011543697882659743,-0.017409462276898657,0.0003142957418165171,-0.024913830294383987
2011-11-02,0.0161046721607514,-0.02208132628300319,0.01153355946709178,0.014231788753523489,-0.01140210125247354,0.0,0.0,-0.006084948393144329,0.018779078531912408
2011-11-03,0.018789886097422936,0.0,0.0112215313360442,0.02445579848945645,-0.003066452550279153,0.023403465391548472,0.015239150250118794,-0.014778636571988524,-0.02489192351564906
2011-11-04,-0.006287861968346631,0.018631038768948782,-0.0033323475739500674,-0.02405087012444962,0.026202548151784466,0.0030156589546972423,0.008138318071767348,0.031257353098462115,0.03119605040925033
2011-11-07,0.006295731828953821,-0.0038982434612674366,-0.00295631029317045,-0.0067860369108038165,-0.0017999962626602528,0.009136976422060128,0.009013988769713599,-0.004827811513111957,-0.008310323296270461
2011-11-08,0.011735600101497212,-0.012727142073367559,0.010256186919550991,0.011986361559281455,0.004780486983007037,0.008837365201145753,-0.002916276807778284,-0.008316398311708495,2.947470485925585e-05
2011-11-09,-0.036695090601291724,0.011545246900529271,-0.019212047405044452,-0.023363146926015932,0.012160668193969881,-0.021363355617840196,-0.02501248176019666,0.002306714167113144,0.017072465491473565
2011-11-10,0.008616060532096848,-0.02908363257586155,-0.0028496185247181005,0.002458444289340722,-0.02345826414229535,0.0016747893860702412,-0.0039605739313505195,-0.04942517286753023,-0.05248912909335923
2011-11-11,0.019496809686292416,0.0016080839450405282,0.018468930102372605,0.03099444769659221,0.012350533963791488,0.02568832996905379,0.021373365565393154,0.027685095822418404,0.009137365804167796
2011-11-14,-0.009558020666845968,0.010479806729015495,-0.0047498999166873945,-0.01569590633213025,0.001875236382890888,-0.012934139070952089,-0.004931766750696065,0.021122112211221067,0.019386879042199157
2011-11-15,0.004817140392081587,-0.007179469298092767,-0.000289905490810094,-0.014997902391273965,-0.0043983364703007455,0.006028610813624935,0.0,-0.008771238326475084,-0.008188359959770852
2011-11-16,-0.016616182094274845,-0.00922156936430063,-0.0015260700614776468,0.006193433895297362,-0.008923735938244248,-0.015685625706224338,0.005179697357780899,-0.015932178228320604,-0.020029521759893698
2011-11-17,-0.01679992885496917,0.0019460816054521768,-0.015588979528119329,-0.011102488580045478,0.0025486149778510825,-0.016283189601510983,-0.02682872725900387,0.011098719337093943,-0.007564514342673578
2011-11-18,-0.0003946946461316214,-0.012349595442253891,-0.011100580106727986,-0.0027198387715248185,-0.019084220439008592,0.004805226597782042,-0.004519476599829209,-0.019982202518290415,-0.017337080914703318
2011-11-21,-0.018648459671780637,-0.0031809297055132024,-0.026168482213114297,-0.03415776955129912,-0.003336633177438597,0.0,-0.007874836025378529,-0.010406868315598894,-0.014351668331419876
2011-11-22,-0.004140890878304826,-0.004016401002842618,-0.0030214835522538452,-0.010864332401355536,-0.007212778775449014,-0.008670164975388639,-0.00721600708115655,0.003434009329516652,0.0014122798113669344
2011-11-23,-0.022095215649304722,0.0,-0.012875421082349736,-0.018728852822665565,-0.01983594971305369,-0.016513940518120718,-0.01622020944034941,-0.02364369100028474,-0.021212398481447403
2011-11-24,0.0,-0.01798733333814395,-0.0023755880601893375,-0.003119053410212791,-0.001680564815914165,-0.001470221997585397,0.005599205996935197,0.00670741966238575,0.003955905674012383
2011-11-25,-0.0026855111508963248,-0.0006331764884546232,0.007231495620732664,0.0100514292548739,-0.01480362918749778,-0.021248117405926803,-0.006971614265443349,-0.010395195703764681,-0.013694933398754383
2011-11-28,0.029240422208221428,0.015622529874350644,0.028677645145363195,0.052338414027642166,0.018537314316893427,0.0284944569525849,0.02045487625442921,0.021886962395856635,0.01969136458505294
2011-11-29,0.002213743658546985,0.022965940230395443,0.00456260023038868,0.005585661817657961,0.010818340441984153,0.004233343776312459,-0.012810138287512651,0.02271825834031116,0.012107345625660626
2011-11-30,0.04331528878253654,-0.005096829137679171,0.03155705452501412,0.04308535160708438,0.0043182717941816495,0.03137721861136966,0.028485114582775806,-0.004853166138797271,-0.01461695204916702
2011-12-01,-0.0019086418168987596,0.019297869136806423,-0.0029207580893010343,-0.007118857893178343,0.02641645820276528,-0.007100896979702287,0.02230224960079097,0.03716894631152212,0.056306092215671955
2011-12-02,-0.00024104517186518404,0.005393503602260319,0.011467680996258167,0.012386336133872522,0.014036161431227656,0.005152918031603448,-0.004429907975829428,-7.306202966328446e-05,0.002006603425066311
2011-12-05,0.01028707364901793,0.006042516268980336,0.0028222589237953954,0.011479188900747062,0.007770983369181472,0.009443612835543291,0.017700871629249715,0.003580301037556799,0.00731602661500097
2011-12-06,0.0011057371050371412,-0.013893776204637054,0.00013649523344283487,-0.00535158838350791,-0.013733056412095879,-0.0008624600000485261,0.010620860668594023,-0.010442560715585913,-0.012380804903520337
2011-12-07,0.0020183238376758617,0.017143703441101943,-0.003916519415592901,-0.005002736866224544,0.007150901693579126,-0.0004480570750802215,-0.014668900379198102,0.008723894009943223,0.015750521453915534
2011-12-08,-0.021141783173805218,-0.006602714691412825,-0.011382914090908192,-0.024252426522013537,-0.0027448149160259616,-0.011152473541717889,-0.02058901692945947,-0.0036625647330964517,-0.0069005196309051
2011-12-09,0.016883379916555308,-0.014786637090314914,0.008286270211916191,0.023836891676318306,-0.01814176502537579,0.015990148823827655,0.013600900321677711,-0.01968217779846171,-0.027296691771584558
2011-12-12,-0.014914076753320238,0.01374808761477242,-0.018329924166381906,-0.03121758395621943,0.011855534216381969,0.0,-0.01527565377428497,0.013340445392719058,-0.0005687005917821564
2011-12-13,-0.00868601745291031,-0.011672301942956986,0.011475977641280277,-0.0037365716954693706,-0.013978407395520032,-0.0203015482492509,0.002580612085822942,-0.018791847391249394,-0.006917116269354762
2011-12-14,-0.011348339356954673,-0.0039378870803864485,-0.022467509995173107,-0.024356694884519192,-0.0006915634269780702,-0.012578883641556349,-0.01474879924027972,-0.0033850841711103863,-0.005027329395240421
2011-12-15,0.003243055899391001,-0.0166401968276102,0.006344562868003223,0.008604158827876018,-0.012087110431054038,-0.0001602213887500481,-0.005573476522180321,-0.020799354057327468,-0.01784800726582081
2011-12-16,0.0032161217355541893,0.002906640150786899,-0.002501458103817078,-0.009964537572644039,0.00468012578245669,0.0013255792639743635,-0.0041579126291581,0.011461648828273274,0.014342502623865272
2011-12-19,-0.011732777987308096,-0.012568854948748376,-0.004148615086480567,0.00010441635795754856,-0.023765748441835544,-0.012948406348921027,-0.014236073168353403,-0.03425617948216264,-0.0117678649457299
2011-12-20,0.029833658273530572,0.004864924808223536,0.010178956531139871,0.02698200140720397,-0.0017917068723225515,0.018309936725471543,0.028328522760090458,0.009077453810786063,0.0005528436028137129
2011-12-21,0.0019414972891542703,0.014814406080264186,-0.0055096317071371415,-0.007973868342770252,0.02132146291023229,0.010725070151567095,-0.0037189933676075038,0.030869017210801708,0.018597692503401486
2011-12-22,0.008265526002637191,-0.007661956647651569,0.012473700030057211,0.012774299908659525,-0.011763449697150596,0.011977429326041289,0.012258758834646555,-0.0004977250718185555,-0.0020753185331592316
2011-12-23,0.009035087719298174,0.0,0.010212627153896703,0.007633016867427456,0.01212274696870197,-0.0006839009711393507,0.006158903547768935,0.010679354150766818,0.013654198472867085
2011-12-26,0.0,0.010027206152116275,0.0,0.0,0.0,0.004766285957719774,-0.0005474768492160775,-0.0056340441940424535,0.0
2011-12-27,7.903076667759024e-05,-0.00457346916151502,0.0,-2.619664071745742e-05,0.0,-0.003400239185533338,0.005821450098041359,-0.00790650078095545,0.0
2011-12-28,-0.012477971914685138,-0.002006975840465386,-0.0009614163658461239,-0.01540402827564813,-0.012475564037799036,-0.012039442005725265,-0.02536738085550938,-0.009174710372308659,-0.005931557874022331
2011-12-29,0.01070708364008821,-0.002935792450276864,0.010780041398845253,0.016518627246644213,-0.004325516782594296,0.014759778042541472,0.003897140398940291,0.00033970369071623097,-0.006520446662746315
2011-12-30,-0.0042833842694495194,0.006722316877587398,0.0009898019857115248,0.010587711797860555,-0.003565152586270881,-0.0029099872451073816,0.0,0.0,0.001982289302268958
2012-01-02,0.0,0.0,0.0,0.023159439684012684,0.0,0.006945178641937222,0.018944717278475798,0.0003450655624568366,0.0
2012-01-03,0.015465843942080726,0.0,0.0229044484483909,0.008315753944814874,0.010993797700514785,0.0013207435483510999,0.02482479892967704,0.026851076178430633,0.024032257102079235
2012-01-04,0.00018793165552133395,0.012389788713654593,-0.005519385393804477,-0.01674540045441042,0.02113647441441535,8.800476349191122e-05,0.0016886901127091125,-0.004900261809417716,-0.007951302641622915
2012-01-05,0.0029437093869881803,-0.008341014309395711,-0.007795781915691191,-0.014528339624407915,-0.010783121899804793,-0.009887762342785544,-0.013793829523986667,-0.0013288894128238304,0.004597563665043047
2012-01-06,-0.0025369615786926536,-0.011587155174343167,0.004519705703505794,-0.007384216776422314,-0.008246588020372148,-0.005778277835482348,0.0009273037579971,-0.011053043879511004,-0.011712390257800132
2012-01-09,0.002261682096712514,0.0,-0.006623383979269648,-0.005307463076153485,-0.0007477145054667345,-0.0005083679649388051,0.008233907055535505,-0.009033497184153139,0.014664611419529683
2012-01-10,0.008885765596938988,0.00380317865166524,0.015045632240844098,0.026687659909466532,0.011397050943039666,0.011025044215984048,0.012238401377861141,0.01463462707159624,0.007344538135835688
2012-01-11,0.00030957835428147007,0.0030419388620155363,-0.004542981024101667,-0.0033908846545428473,0.008498067788985209,0.003138939901965232,0.002615792807272088,-0.004138742297190912,0.0077698286912211145
2012-01-12,0.0023365932161425462,-0.007373447539500977,-0.0014812672594086695,0.002709969181580618,-0.0015586776338476493,0.00035729947002827167,-0.000694101637025879,0.01030587087859991,-0.002953225626228906
2012-01-13,-0.0049478965650329165,0.013646028484578965,-0.004552823704352504,-0.0033420721700022638,0.003562069047167382,-0.020696407408489215,-0.012920392558307792,0.005958478362303454,0.005710281754015778
2012-01-16,0.0,-0.014312907499041128,0.0036901416446675217,0.01007266863700318,-0.011595394540848347,0.010057851800454154,0.0136927612720803,-0.008748827092041278,-0.01000915414263992
2012-01-17,0.003552893901899834,0.010508023049856874,0.0064534489097543,0.014850353156388163,0.016492185037893847,-0.008531764950634235,0.011499011115732927,0.018001688834865304,0.032376579249113746
2012-01-18,0.011107933244181245,0.00994283284512898,0.0014787625462113763,-0.0024993428272199747,0.0005330159117229449,0.024741265313705796,0.017758166669139985,-0.0001849171043037945,0.0030146094177885274
2012-01-19,0.004938686890309185,0.010420345754323046,0.0068006811203060735,0.018572432486698265,-0.0007363887222044951,0.004620500411125716,0.003302342114412715,0.011932001331649289,0.013005081546529462
2012-01-20,0.000669456066945795,0.014662580095559097,-0.0021946822500718,-0.003318220645246006,0.005897823727245344,-0.007851632932643904,0.006224133729737513,0.01823527261523683,0.008394946585134067
2012-01-23,0.00047134668308768113,-5.247331845836811e-05,0.009428214818758773,0.0059663117645119,-0.0034276551767570274,-0.005041700760829104,0.001189335046001494,0.0,0.0
2012-01-24,-0.0010182370820668307,0.0022165436521064397,-0.005302149912841503,-0.0038378989448849543,-0.0002070956410272773,-0.009206164255950888,0.0016025969829245312,0.0,0.0
2012-01-25,0.008663837037713007,0.011195936862929523,-0.005024426711173646,-0.004502337514956545,0.011152338913685167,0.009756521125652284,0.0,0.0012000676961263501,0.0
2012-01-26,-0.005746389653482065,-0.003852002940219812,0.012615760964528988,0.016223896378535718,0.0,0.0007502782640194106,0.0074710872253114236,0.0025355618958831094,0.016348282005751225
2012-01-27,-0.0015928035618122394,-0.0009322592200436963,-0.010655369961347305,-0.009665095106486832,0.003987277048679738,-0.0015056075624624299,-0.0007761338368619253,0.0039086849446652305,0.003059326370874693
2012-01-30,-0.0025221638950718717,-0.005448343101970066,-0.010876522861453353,-0.013132946458618955,-0.0036442776469459703,0.0015301988371028141,-0.002133243885145908,-0.012357303176356194,-0.016645473271201694
2012-01-31,-0.0004569652934859336,0.0010758496767333536,0.0018550225794335962,0.005007028137501868,-0.0023537594971281273,0.004862034697211026,0.004815994134778734,0.007853443611347322,0.011412466313929226
2012-02-01,0.008899657881302314,0.0008270368338123557,0.019204063636891755,0.02239868247912402,-0.008683734794197595,0.007668344437116836,0.0237008918810806,0.0017639930667403547,-0.002801305902898954
2012-02-02,0.001095091723372299,0.007608580908284868,0.0009238920203358258,0.002978804350025843,0.009981858481006078,4.0042800715456295e-05,0.0004014423426885738,0.012790673934790942,0.01997111152750386
2012-02-03,0.014605368378170613,-0.005056991129706256,0.018115723240057502,0.014930492504489301,-0.003907123171735694,0.010120346337794794,0.009664654583848797,-0.0060273144181827165,0.0008452490302297555
2012-02-06,-0.0004238233325899454,0.011013447796800913,-0.0015031172312817143,-0.002886507762956625,0.010541566076734954,0.0,9.736669847315582e-05,0.0004005394607422552,-0.002266225626271323
2012-02-07,0.0020233127282736074,-0.0013080679120189842,-0.00032924883744600564,0.0024841599910681023,-0.005071712308120202,-0.000797788349034878,0.010629568506672182,0.004287603959191699,-0.0005190744154739413
2012-02-08,0.0021602761590142627,0.010997452206443104,-0.0024328297901959894,-0.0004773041859575944,0.003863649710109218,0.0020526808332208546,-0.0013025467474105934,0.01117284604787061,0.01542427505617372
2012-02-09,0.001474117751637083,-0.0014807683135547034,0.003325431038150528,0.003748627095172097,-0.001828135243786,0.0026672399847404993,-0.0045672900188907795,0.005434863978679649,-0.0004020275510194793
2012-02-10,-0.006886349347239085,-0.006117366344376429,-0.007307305439600231,-0.01648469278527076,-0.008764923122758561,-0.00243343231627402,-0.023388044252377727,-0.010379128570152107,-0.010763916818697261
2012-02-13,0.006800035750461619,0.005813011265014545,0.0091090990176661,0.004345442525677479,0.009376660649071056,0.001444590479176222,0.026464478656005097,0.006033976857215961,0.004981750261982221
2012-02-14,-0.0009395089401302847,0.005877202145084359,-0.0009871818751375772,-0.00130441413744109,-0.009873201194361414,-0.009749156705535666,-0.009940398708935483,-0.001545564230657992,0.001456859159110202
2012-02-15,-0.005383191410588628,0.02300799706586454,-0.0013068084551015602,0.002278673305764256,0.0024910277982108653,0.0008638219575189954,0.005073300395934455,0.011325050932768699,0.021388451861402258
2012-02-16,0.011025662023629534,-0.002401639680616463,-0.0011506815836637152,-0.001848465893598994,-0.016818796086703225,0.009182467505886027,0.011828481887833142,-0.013760788418620162,-0.004116501437148146
2012-02-17,0.002348973520662101,0.015811692880570716,0.003345578365373081,0.012436981541366299,0.0033525759715953285,-0.00778651029094346,0.000934357598912694,0.013026608926381078,0.010073656031222011
2012-02-20,0.0,0.010754280879395894,0.006804322387372164,0.011891394312604442,0.0143536074324353,0.010074720359122047,0.0,0.0007067067957517992,-0.0031095841076660413
2012-02-21,0.0007199371156969558,-0.002326809761425519,-0.002867835667129226,-0.0034035478457268287,0.00824697698952459,-0.011416133200057965,0.0,-0.0003259420218282294,0.002517177531261794
2012-02-22,-0.003340160474523013,0.009614266904222957,-0.0019651833608852476,-0.008892036512433088,0.00044463035441100196,0.001401762517604599,-0.0016725701813347094,0.0021785954234676552,0.0032851119619790037
2012-02-23,0.004272056332218721,0.0043510571488381,0.0036068316840049963,-0.004335053592695592,-0.0016137474135901053,0.0030409455444171396,-0.004132827236625225,-0.010277770931407693,-0.007809541664500985
2012-02-24,0.0016722162733047163,0.005399366582704346,-0.0004648115744818604,0.006223884405601066,0.004804738946172504,-0.002172618797175896,0.0018704149309887175,0.0060215160872598705,0.0012099533276990204
2012-02-27,0.0013545770058722706,-0.0013941609017161793,-0.0032990010328333153,-0.004212086270500737,-0.0091513866859666,-0.004203427994356024,-0.01063407596258148,-0.014223546826807376,-0.008828945487567963
2012-02-28,0.003356269057246841,0.009195624215662779,0.002089408423561645,0.002650155587212266,-0.0010845097420749683,0.006237806240029231,0.010994384095151633,0.0062928142389360175,0.016536540442815495
2012-02-29,-0.004736987858735775,7.405487466205507e-05,-0.0095143144885802,-0.0030201768450461852,0.008400938551700765,-0.005384596366995176,-0.0022294226788306393,0.013255543522201485,0.005162566363434484
2012-03-01,0.006158104387557817,-0.0016321719920519007,0.010174554756783083,0.01454952211487548,-0.010003840830940969,0.00573186072075571,0.01516553356065864,0.0,-0.013474120021697455
2012-03-02,-0.0032457844828212012,0.007175991025375472,-0.0033922023182296757,-0.000980907614197224,0.004125909078198431,0.007729511785020904,0.014545770231313426,0.002157369782046503,0.008149444827837637
2012-03-05,-0.0038623569869236096,-0.008022886295736109,-0.006142649544165102,-0.006401797216199934,-0.002372747685816079,-0.004491822175397675,-0.0120618279887168,-0.009126966573775208,-0.013771747488435682
2012-03-06,-0.01537739859565801,-0.006285449740632498,-0.01855716430460841,-0.03412837073988284,-0.013660676627493817,-0.017497976033192808,-0.02762498015725756,-0.007787466642857899,-0.021587270535910474
2012-03-07,0.006900607432110739,-0.006388500077301185,0.0044417080023586575,0.007059487951807331,-0.014523640156766326,0.00162480263489595,0.013861963950999812,-0.009103361394948828,-0.008577711024331691
2012-03-08,0.009817910293280496,0.020143984060250197,0.011796781785437416,0.021720843475822482,0.006607680209515188,0.007107866244599581,0.01350611571970517,0.009388794995333294,0.013232155859719263
2012-03-09,0.0036312787811787484,0.016458251441299865,0.00473741964220209,0.0006880861658884463,0.00981648954470149,-0.0032901913319509646,-0.0030553716805917785,0.008766668665906918,0.00886428368769887
2012-03-12,0.00016048202966012504,-0.004016217947297673,0.0008934197765091412,-0.00038951489497007774,-0.0036327263990306724,-0.002675439050320083,-0.004785323090263471,-0.007828370410741692,0.002284928388504248
2012-03-13,0.01813155956210033,0.0009322679997492145,0.010718255483433081,0.01664035753905635,0.012135524998647673,0.011428253716330827,0.03027155630298295,0.011255930087390675,0.009724531540850068
2012-03-14,-0.0011963179196963214,0.015298391365662356,-0.0017595967702668247,0.007028261668791558,0.00931393044945672,-0.001270918069972038,-0.0020046983426842413,0.0098961008177616,-0.0014906488844735888
2012-03-15,0.005967237570645656,0.00723942641773756,-0.0007922051054338741,0.007449151192912673,-0.002195383536676143,0.0042961236129048785,-0.007438480500670752,-0.0006454515226788082,0.0021419295857074694
2012-03-16,0.0011193497789820928,0.0006470234943614095,0.00418467795149402,0.005524350705675252,-0.00037589713883345865,0.003248496049647276,-0.000964730509410483,-0.00456022233530351,-0.0016709181104951343
2012-03-19,0.003973877806818127,0.0012004150119004908,-0.0007492984755883558,4.6006977724832865e-05,0.0034238678739184625,0.0,0.0006822869703724255,0.006173689074143285,-0.009501896298172552
2012-03-20,-0.003000532009221457,0.0,-0.011692453251156198,-0.012195121951219523,-0.003676704501888728,-0.005310722206466778,-0.006418839659821485,-0.002369320957498755,-0.010752871497384131
2012-03-21,-0.0018640787751151855,-0.005472298828928079,9.165887283346663e-05,-0.003504604887817786,-0.004858453393116302,0.009965505434595734,-0.00647160080100373,-0.0073060255123277296,-0.0015132916894865511
2012-03-22,-0.007206500819730621,0.004024194739696396,-0.007858179380341057,-0.014550666386247024,0.004566254052121632,-0.002888029533874681,-0.015433132341360789,-0.0005475451724767932,0.0021542310526676545
2012-03-23,0.0031016879788050566,-0.011415926407217114,0.0015806625439429567,-0.001893116013627294,-0.0007702965056571864,0.0002972065972035587,-0.00023151175810853797,0.0003504234694884367,-0.011136010900621884
2012-03-26,0.013885807130433525,0.0006762243706468496,0.008165823781488557,0.005717838150334886,-0.0017764197952081506,0.013779871605247518,0.013244201938980016,-0.0037694330555596567,2.9029261496837933e-06
2012-03-27,-0.0028167820911959573,0.023647866291883535,-0.005616074000033833,-0.00577194895801747,0.009039127090380017,0.00239738672752976,-0.00970599054444199,0.010187253304542843,0.018290800750500935
2012-03-28,-0.004941522951887434,-0.007077419637937954,-0.010317656379109197,-0.011298070259503246,0.009806494870311155,-0.001171568567051473,-0.014507093334302668,-0.003931835117856997,-0.007672860291605854
2012-03-29,-0.0016079229335344003,-0.006656472776518929,-0.011526960796971575,-0.017599371965970834,-0.0012913507358328635,0.0055169943059334425,-0.0031861109839159685,-0.008529634697353017,-0.013216396893143578
2012-03-30,0.0036984778518898143,-0.0030875579226065097,0.004601160216857192,0.010005137111964713,-0.0006138908067372384,0.010118503732234885,-0.0055651136954484315,-0.00018367661002482993,-0.0026109457873327857
2012-04-02,0.007504597187018458,0.0026091975453115257,0.018452097183818905,0.009647678098559487,-0.0013768550867517826,0.00979979373116846,0.010932714234493712,0.0075718456435820425,-0.001620971045331876
2012-04-03,-0.003988612019393267,-0.0058833595288565466,-0.00622139308140246,-0.016872036398819734,0.001793372697910245,0.0004106890404911301,-0.01429076342169322,0.009850735971694613,0.013094074434297331
2012-04-04,-0.010202493313900107,-0.02292448352750487,-0.023049359920799373,-0.024611830921764333,-0.0007316054716620668,-0.013175978016742973,-0.011754199239440544,-0.014966232042473604,0.0
2012-04-05,-0.0006290387144737286,-0.005334017651749012,0.003488920485924085,-0.002468250460712307,-0.00323429623079996,0.0,0.0025583732693832406,0.005033166386771093,-0.009522398655570807
2012-04-06,0.0,-0.008104336680109014,0.0,0.0,0.0,0.0,0.0,0.00012815646919062118,0.0
2012-04-09,-0.011358434424353359,-0.014676238201157155,0.0,0.0,0.0,0.0008444402480478619,-0.012057713485603472,-0.0157464404173423,0.0
2012-04-10,-0.017081464332224128,-0.0008631652605313178,-0.02238423948270951,-0.02967975457045635,-0.006385411335169899,-0.010067419605575778,-0.018831366041243025,-0.001336951949846732,-0.01149711066867376
2012-04-11,0.0074488992264039044,-0.00831199766827928,0.007003779789296782,0.008541780636045937,-0.010749108337489988,0.003380797368117028,-0.007210113401280416,0.0,-0.010589873178936893
2012-04-12,0.01377939811939699,0.00698295967539031,0.013438064577957487,0.004646871903508876,0.008128587830080525,0.004868111381121976,0.028793760606815155,-0.0039009030239519626,0.009267318316620088
2012-04-13,-0.012475046303970228,0.011884776462263158,-0.010274128529050186,-0.02581794374723645,0.009967901995963091,-0.0056105764014816595,-0.015103555456881024,0.011214972088410935,0.018385109301177094
2012-04-16,-0.0005035540700305541,-0.01736357892050111,0.002563789525088511,0.004224288787742614,-0.004851376572898247,-0.0020990372535036883,-0.0024321478256388307,-0.008103897138249105,-0.004366930357122212
2012-04-17,0.015486612586432358,-0.0006261456459120129,0.0177665064204382,0.02861997488256085,-0.0031492201327883995,0.007689955969605755,0.01201396830418422,-0.0036785554769325213,-0.002344905349858095
2012-04-18,-0.004055278333021661,0.02140055004326613,-0.0037558848264680478,-0.01656492258296194,0.013961526641804944,-0.0006365110352717362,0.00496994602933043,0.00968619352238953,0.010622347391902931
2012-04-19,-0.005934418181555712,-0.008159499175567908,-0.00012880115712166074,-0.018545089009553983,0.003234556636245056,0.0016658988073261494,-0.00622229825895626,-0.002329723177004084,0.01031147606460392
2012-04-20,0.0011692763559247865,-0.002817994280576941,0.004804553881504914,0.011642819313073538,0.0008648254647893872,-0.001035139929190132,-0.0019855183164184664,-0.012605882411768743,0.0007444626127828258
2012-04-23,-0.008407506546828758,-0.0020070366558733177,-0.01846452361771611,-0.028746100628658677,-0.003222487193985657,-0.009987838859037979,-0.015276647004004329,-0.001022966095257427,-0.018383542814497833
2012-04-24,0.003679751854507085,-0.007768673163441764,0.0077520884924200395,0.017484620216230207,0.0018414991894186716,-0.002892834235798669,0.007015995286270282,-0.004668893811814678,0.002558621127703775
2012-04-25,0.013644613220405777,0.00981935015061186,0.0016463817258636215,0.017000280200343276,0.0,0.005583916015514445,-0.003562303356046126,-0.0007334141447067344,-0.0014929516432623524
2012-04-26,0.006680137198081582,8.57649976309105e-05,0.005216047169992688,-9.470879198925086e-05,0.003383598057722148,0.0037411038393735385,0.007249833928147487,0.001049959734553907,0.007915223509889602
2012-04-27,0.0024143202045743273,-0.004281607181888858,0.004938490655310934,0.009183317618795428,-0.003005576200956206,0.0028557467887511123,-0.008148967990319944,0.00575853852263708,-0.0032801994837985404
2012-04-30,-0.003883536654885278,0.0,-0.00680790222100669,-0.016036552589141828,0.007915313232238708,0.0034803049729759117,0.0020918701383876304,0.0033614296200674687,0.017007489833160028
2012-05-01,0.00565844725339959,-0.01784917166357336,0.012975401636172945,0.0001127283290627279,0.007489688571429731,0.0,0.0,0.0,0.0
2012-05-02,-0.0024967634547807815,0.003133371475625424,-0.009311400271496462,-0.007101084237587263,0.001444856052829513,0.0034570842097261245,0.009758936633394777,0.008617601501521133,0.010186207494852884
2012-05-03,-0.007658791565345768,0.0,0.0014657587298612107,-0.0014015569944679784,-0.0015667596277378903,-0.0004386649433218981,-0.00511681807317621,-0.0019809211283247086,-0.0027945833419370514
2012-05-04,-0.01614722938838864,0.0,-0.01933391716017374,-0.016947225744392336,-0.007432901245146395,-0.0043314750739325,-0.020662387296179086,-0.0029873039581777006,-0.007695699622532803
2012-05-07,0.000350595281571886,-0.027836145092081876,0.0,0.015455847425211555,-0.02155213889237073,0.016161442892809408,0.0065684625341966285,-0.016444209838373247,-0.02605283126244895
2012-05-08,-0.004278683976109421,0.006854813063512655,-0.017773463057863315,-0.020577375399130182,0.0030355988303982784,-0.02074814379939227,-0.01396510935973494,0.005402670155997491,-0.002527189195901003
2012-05-09,-0.00670225559499027,-0.014876411102579645,-0.004410798354502199,-0.004686710403334349,-0.00910195046762552,-0.0023414724704855505,-0.009597538195670774,-0.008500210980116996,-0.007523157470801456
2012-05-10,0.002517385462652788,-0.003914844124859318,0.002513539660581765,0.0097725138500111,0.004788213369524508,0.0012289502648326067,-0.00140617922688413,-0.002748309225807377,-0.005083952103819733
2012-05-11,-0.003387359258904654,-0.0062532950780551655,0.005694495801729982,0.0031859320631133503,-0.0024401991735170103,-0.007202030078451105,-0.00430202982979655,-0.014293573547634053,-0.012984939151482466
2012-05-14,-0.011112835176852354,0.0022930067204196547,-0.019729101500846502,-0.023326266111934224,0.0027826856463688543,-0.013800377949532483,-0.03205640959128575,-0.001773484322920238,-0.011499837462552565
2012-05-15,-0.005745881122277252,-0.008145899637167608,-0.00510472928467931,-0.010572447149117759,-0.007148487325904562,-0.01075507970747902,-0.0226216340361014,-0.007717912140166039,0.00807041688286425
2012-05-16,-0.0044038296785055,-0.011186710318467852,-0.005952972072340468,-0.001528455433819631,-0.02361497474612506,-0.011295576683272746,-0.006230665865073037,-0.030769473817247373,-0.03189253610705767
2012-05-17,-0.015051328502415529,0.008569315216045092,-0.012371305675038191,-0.013069221363097405,-0.0019481323856185284,-0.006660432064339528,-0.033090900176908744,0.0025590454923309913,-0.0030581786028226476
2012-05-18,-0.007387765737320362,-0.029885350117556442,-0.013254957496468989,-0.0010340442775895742,-0.026688471893458576,-0.010356874865141252,0.008789337912809891,-0.034022674557239174,-0.012972288321451142
2012-05-21,0.016035885795463223,0.0026221329855735664,0.0069974675470134695,0.002550485151700199,0.006713278625405161,0.017276591151862197,0.038102359136766184,0.00935224352860664,-0.0015581592298377078
2012-05-22,0.000486325883935379,0.011049480593336325,0.018625765390763993,0.019854336421475605,0.01163116960013233,-0.0008322579114485862,-0.02741621170010944,0.016430163467898273,0.006174190057033346
2012-05-23,0.0016937180529077445,-0.0197828231161985,-0.025330910113856797,-0.026814419590943217,-0.01309608046971078,-0.0015690537040047303,-0.007617723876359728,-0.010975069585331676,-0.013286307424438704
2012-05-24,0.0013799796794202734,0.0007923708014865305,0.015881786644032614,0.010529275321571552,-0.0027506525023758277,0.0034960363290630347,-0.010188306443049355,0.0032345102896131905,-0.0063764925192387745
2012-05-25,-0.002165551079746919,0.0019863651969198592,0.00027663292866408895,0.002480848774877975,-0.006558924298938229,-0.0017830699426226726,0.007401735012855459,0.005345913682783365,0.0025184288346975503
2012-05-28,0.0,0.001487111891184556,0.000898808378164917,-0.0064527469274284766,0.009624381335862742,0.004176197939244508,0.01376214674286258,0.0,0.004680066326767873
2012-05-29,0.011078903036833676,0.007439646695333035,0.006496973679788853,0.005768371261499539,0.01140258479237466,0.012859032803085757,-0.01049813004945066,0.0141105269793933,0.013534925554452126
2012-05-30,-0.01433481935125569,-0.00275959099372991,-0.017410046854654193,-0.02042762381324903,-0.004905197852134946,-0.0014735022693981303,-0.015286531634874478,-0.0027298625338531,-0.01916720981807829
2012-05-31,-0.0022766728596229635,-0.01047816623982567,0.00445134106560352,0.0013042368796605253,-0.004389349008079413,-0.005193499352651343,0.012872247267598391,-0.0007534447058312743,-0.003247687828179746
2012-06-01,-0.024635015606755517,-0.01199616516031754,-0.011402292110673895,-0.023728845554852995,-0.0030361179297285767,-0.01823412224291998,-0.01995782377119204,-0.004860399138581051,-0.003820817712963054
2012-06-04,0.00010171746019338457,-0.017134563549658033,0.0,0.004979068575793111,-0.01940435278386532,-0.003296992633874729,0.0002593492113724949,-0.028007478836310495,-0.020085309354177183
2012-06-05,0.0057268929258789125,0.010411505816918076,0.0,0.004016431292569234,0.014721864982026434,0.000798169875806165,-0.017509676271955876,0.010498393274747109,0.004038362241752802
2012-06-06,0.0230493971217427,0.01807802433786687,0.023558084403795254,0.0241554919968765,0.002868665566022388,0.004999547039905794,0.031908423244484174,0.0,0.014321680834086026
2012-06-07,-0.00010645335442127646,0.012443853833056018,0.011827395799862916,0.0025026546851099063,0.013137894879086343,-0.0007364226599265722,0.0,0.025584815606182643,0.008518114762374518
2012-06-08,0.00811413014547635,-0.02088725097572597,-0.0023330561567167507,0.00038262687347190294,-0.010922291697597841,0.0020557172673272284,0.005055945744925072,-0.006661435644903735,-0.009420027208058124
2012-06-11,-0.01262012884148278,0.019580908968396704,-0.0004986127159122278,-0.002891925929381145,0.0,-0.0077205201705824456,-0.007870681253025702,0.017105750582902868,0.024390968926092604
2012-06-12,0.011650737625388707,-0.010223886653758285,0.00761546065529406,0.002657061327595134,0.002260504294736565,0.006351970730982925,0.01939910872763595,-0.006587968120661536,-0.00427728092191304
2012-06-13,-0.007023214366626895,0.005988248413910879,0.0018396927877466496,5.5986339333236046e-05,-0.0022328175068213607,-0.0034571114271149117,0.010926259736093513,0.002469348803605831,0.008157875773080026
2012-06-14,0.01081467510343126,-0.002206608413757194,-0.003056269272640799,0.002197340797760683,-0.005302443262897305,0.008032114457563688,-0.005369941802869427,0.006540025385624926,-0.01146399867132819
2012-06-15,0.010337822586712786,5.01815287627938e-05,0.0021510686750625396,0.01537093673337342,0.003734069163154441,0.007961970573026722,0.013604286916727215,-0.0071173616602902,0.022624997341613273
2012-06-18,0.001444699294033569,0.01770268819462939,0.0022413626316664104,-0.01173191272813967,0.01961140483169621,0.008538742051237724,0.0016134123546533985,0.018055495759245588,0.010079578079166485
2012-06-19,0.009815731941284156,-0.007470456437435047,0.017340819400155638,0.01965541556104,-0.0032807150663189955,0.01649544071830311,0.01780009363787416,3.171733510942687e-05,-0.0005734048253510649
2012-06-20,-0.0016863282228014587,0.01114157213544087,0.006440745322046082,0.004312992206586763,0.0022101063436335,0.007366243071288192,-0.000505983950832456,0.0065282777504664935,0.005262488366954754
2012-06-21,-0.022261726500896306,0.008198978326864559,-0.009947903790092694,-0.003655735699821805,-0.010859433303875399,-0.01174383506390464,-0.029062100126735047,-0.00786189946011795,-0.013001790576801286
2012-06-22,0.0071745969475900395,-0.0029147547560252063,-0.009462197917490034,-0.005733329696010814,-0.009628463673264975,0.014424157894108225,-0.0011831330306708576,-0.022105179578117085,-0.01401188783637941
2012-06-25,-0.015954817156297207,-0.007243403592719022,-0.011433359510599983,-0.0256538062291648,-0.005038521954512709,0.0022013488092345046,-0.029475734810018195,-0.011914105846626888,-0.005142370702385324
2012-06-26,0.004772706512803371,-0.008086213252551433,-0.0006769834790345541,-0.0012953428669317812,-0.003603195182299901,0.004638701490467634,0.0005796818087708822,-0.004147081703535838,0.004465681877713568
2012-06-27,0.008984916552398081,0.0076754474555025265,0.014128982037687088,0.017697784252449722,0.007443498506590984,0.003851888004697601,-0.013515719890773159,-8.80179996808339e-05,0.010278771710224177
2012-06-28,-0.0021098472050155026,0.01645039396414183,-0.0055866124056828115,-0.0036894916443867,0.0004113105199035072,0.0037218908360150404,-0.008598930537670357,0.0008417462107666029,-0.007909495514145881
2012-06-29,0.02492024318304953,0.014950231628861888,0.014216119976843355,0.04963802708539955,0.012311002890845746,0.014175660218085584,0.032332521402219205,0.019145988852120155,0.021875642237928705
2012-07-02,0.002459329300522617,-0.00036639065237531465,0.012473187761952387,0.012080963651135646,0.00937007052890948,-0.0022545028489125984,0.0062213651348561605,-0.0012729165430606093,0.0
2012-07-03,0.006232103756105722,0.0070095118776296594,0.008348343450388374,0.012368678231126307,-0.0013994676990078947,0.008122632072865565,0.01988433941658485,0.008732751869953814,0.015125921612882953
2012-07-04,0.0,0.004144887989861568,-0.0005731636347012792,-0.003456255952560494,0.010888695915115543,-0.002010154147266019,0.005315494783823427,0.0035495925731601208,-0.001306273507729383
2012-07-05,-0.004686976899899609,-0.0026767953586104287,0.0014354900280939553,-0.011888030236852365,-0.0007104240589277389,-0.007750022736604967,0.005389749276082378,0.000554829416628877,0.005042174558277157
2012-07-06,-0.009432720572105424,-0.006503447212493629,-0.0052699718759167125,-0.02162438947534262,-0.0027307449501007275,-0.0052206892538565475,-0.0174712029608155,-0.009218924121162986,-0.0004285902510611228
2012-07-09,-0.0016387633979980665,-0.013731674195604615,-0.006233852467846246,-0.003399671663289472,-0.009509820922423806,0.0033041563681142083,0.0,-0.011877085351415295,-0.01881504840247583
2012-07-10,-0.008125933484169567,-0.004400419023298019,0.006528851160319427,0.00625698524626217,-0.004916388374041625,0.0021602341750897036,-0.030476738927736835,-0.003638086627853143,-0.001633202234496478
2012-07-11,-7.454508859638942e-06,-0.0007597883430630059,7.238611104742887e-05,0.001953743560006327,-0.0003611500187896688,0.004299919175202671,-0.0025449755724799017,-0.0016726338517040196,0.0012120830918789238
2012-07-12,-0.004994558167966234,-0.014799457688396744,-0.009926771742507667,-0.008111368826878684,-0.006973934100484747,0.0011588243191502645,-0.0027678249081466433,-0.022448655544544116,-0.020327633501151077
2012-07-13,0.016497347837813425,0.0004713297347136436,0.010320509963001046,0.013949668089460854,0.003509120394417753,0.005713163246326314,0.017027802055638475,0.015402797147962,0.003548993934857636
2012-07-16,-0.0023143029820603678,0.0,-0.0006530030196977288,-0.003156138091001237,0.005599123619693724,0.01018137228394056,-0.01709371032961038,0.0027028666935113854,0.0015037215930964187
2012-07-17,0.0074096510150409856,0.003539612018174765,-0.005887931506438071,-0.0005373097213094979,0.008695518723890627,0.00885389677053472,0.009506608391477434,0.0022939943557838127,0.01746687209160025
2012-07-18,0.006680501880953482,-0.0032278697886921615,0.010069123073178865,0.01508386093524372,-0.004153787711019041,-0.012733499995881026,0.012496134723639418,-0.014846648664076034,-0.011074086124470806
2012-07-19,0.0027171141770714335,0.007884960477795744,0.004998443482588932,0.007769072525933396,0.020150843959366505,0.00012417948893506114,0.013988204780488012,0.01562752449983562,0.016588980804453923
2012-07-20,-0.010061677721193374,-0.014289043891513198,-0.010923682971689663,-0.02828291602423505,-0.001799275582981763,0.001379055484407976,-0.020811738379829636,-1.6456751656623858e-05,0.004179650852162986
2012-07-23,-0.008909045543275762,-0.018633497388080955,-0.020860721508483282,-0.025932696562420365,-0.016713724100550498,0.0034017231116969526,-0.02141958664292276,-0.01837152276829057,-0.029903568082766396
2012-07-24,-0.009040961999822295,-0.002377672678037457,-0.006259633854788893,-0.012742565307367948,0.0010392495315385553,-0.006097556508264823,-0.007454280238549105,0.002509164878397696,-0.00788675238683556
2012-07-25,-0.0003138286346211494,-0.014395464704073602,-0.0001654777123342166,0.003509114401777369,-0.0022464260414125636,-0.006456603257123827,-0.0005906308731818966,-0.013724058352332702,-0.001368551356384029
2012-07-26,0.016540971230818657,0.009227937221339078,0.013611430400558788,0.04259201793348133,0.0057677753860561065,0.013409636677045533,0.026520532988236978,0.007437927779756048,0.0008189717507718353
2012-07-27,0.019080601755856463,0.014632066421101042,0.009698268127956267,0.022291819373181365,0.014956845100685179,0.012181372525094547,0.04722725077551648,0.02619398923965055,0.020228351662194832
2012-07-30,-0.0004834159469542243,0.008031153404368663,0.011803362589986932,0.01698222255054893,0.008537045966881651,-0.003456657845603117,0.012162016878997983,0.007998206827177334,0.016105869999211597
2012-07-31,-0.004316754493611463,0.006904106797105847,-0.010248295024439691,-0.006234216834521966,0.0055218103737209034,-0.015213711235375293,-0.019983431433317156,0.020718194588320804,0.010794265115851687
2012-08-01,-0.003030478786648416,-0.006119566742495031,0.013759742195596392,0.0032936037012194497,-0.0014967840224981988,0.0024842596405096895,0.00347397946950867,-0.00109458604987267,0.001190595858625798
2012-08-02,-0.007373794668179334,0.00131106186753982,-0.008843268298318385,-0.030007971269146005,0.0015895793409110848,-0.0011371044028486432,-0.013705872227155802,-0.005601272387801615,-0.006567987092073957
2012-08-03,0.019040293040293088,-0.01133340575372288,0.022072302774490904,0.04825569065460189,-0.01125601616474281,0.005873549400132516,0.03124653280595968,-0.011083770193645037,-0.001219896192014347
2012-08-06,0.00232927627085755,0.02000909398008921,0.003713316100137032,0.011270431344780896,0.012105941019277422,0.002391312831720338,0.019026911432704186,0.020122465759352615,0.016909231991164564
2012-08-07,0.005106761438213203,0.008826202200476807,0.005589823663185056,0.017054832202457293,0.004441806437600171,-0.0006375248075016771,-0.010608520649979414,0.0004878359174496083,0.003691736271121293
2012-08-08,0.0006208299140115781,0.008843264635688186,0.0008011997452597175,-0.0032619742320425527,0.004892621897284899,-0.0053337891378282265,0.02122660875596738,0.008707865168539275,-0.00035022954233510095
2012-08-09,0.0004136298155781315,0.010971539753815929,0.000956222459424616,0.0019570115282778744,-0.0009938410146546062,-0.004252019158320408,-0.002609795460567499,0.019629787256400855,0.01016420207400559
2012-08-10,0.0021884801824920697,-0.009707526785913134,-0.0007519426609542412,-0.005670813774086625,-0.0071891882481968095,0.004241167348616459,0.008228292775514845,0.002993934834251588,-0.006578859733382347
2012-08-13,-0.0012518938450923889,-0.000707421969894706,-0.0026047055724963686,-0.0029960135687224776,0.0014006492877987053,-0.011841615667074756,-0.002668480403394513,-0.007172215371968771,-0.0027194911432787405
2012-08-14,-0.00012819508443062677,0.005034242528263455,0.005641405515888431,0.006759217867845502,0.0020734047378967446,0.00690427924105963,-0.017587479876609247,0.012688621638964115,0.010473394232263233
2012-08-15,0.001139657960154583,-0.0005420005643971271,-0.005411967712343868,-0.0007811568521846057,-0.002553251569018311,0.0036319377280877863,0.0018311751544171084,0.0,-0.011797446046852622
2012-08-16,0.007100524357359861,0.01879207264057081,0.00025201267263730287,0.010755475458671393,0.011433903693227387,-0.001905247987440739,0.021593496259104894,0.0004854468154689151,-0.004455351483546255
2012-08-17,0.0018721167635693536,0.0076698384208975234,0.0030696665186964456,0.006106174156228494,0.00922227923825547,-0.004111028722430077,-0.0061134690951201165,-0.005807212793233707,0.0076702090622877694
2012-08-20,-2.1154171602644212e-05,0.0009451568894951468,-0.004792889095451169,-0.0021080059720092192,-0.0013299466831424578,-0.004870585084304824,0.003397290934672892,-0.00011815837331885515,-0.0005865956919020032
2012-08-21,-0.003497563693032446,-0.0015526934433593986,0.005691602696944242,0.00971082422394498,0.0043736801970906125,-0.00627905824039654,-0.006162971599489753,-0.0015876196494905015,-0.00020791602977876522
2012-08-22,0.00022644126325910285,-0.002749832913250372,-0.014224449937857764,-0.01507467061804546,-0.0016729114728010197,-0.001733561714896914,0.007858924639493114,-0.004132316464425023,-0.010562639271764485
2012-08-23,-0.008072218409751808,0.005078988232253723,0.00041564199369625854,-0.009605623121990536,0.0017502113210496884,-0.003700490142560686,-0.014637906284796665,0.003798076674641715,0.012291970245045025
2012-08-24,0.006454695880406369,-0.0116973846495797,0.0,0.0020830160095834938,-0.007917280873563137,0.008335211932292141,-0.0014662062447500235,-0.011701174750584298,-0.012527667065363901
2012-08-27,-0.0004889698326873138,0.0016128747756527506,0.0,0.011334179596833582,-0.0012177526072115752,-0.00593264449070563,-0.005379476450113829,-0.0010105166657117248,-0.004092549156113012
2012-08-28,-0.0008082584158135564,-0.005734481403659952,-0.0001540698680885244,-0.008002209747260292,0.0036095963371312045,-0.0005491227170441038,0.00507541885886198,-0.0008029741327618689,0.0006631758597925863
2012-08-29,0.0008443908323281235,0.004042823821663877,-0.005571609377894693,-0.0032307994693134834,-0.0006728024043797243,-0.001051290459038512,-0.017758499068595168,0.006371553959912957,-0.001175562038784994
2012-08-30,-0.007805797985097396,-0.009485314466344819,-0.004192543609940258,-0.01250087296598923,-0.009358777627170745,-0.0005890916562472093,-0.001965514939290647,-0.011490557623901942,-0.011905898928216363
2012-08-31,0.005073312944807951,-0.016014417093918265,-0.001393490632840666,0.015354854813212304,0.00010195394740186714,-0.011626813728034202,-0.0034053817186996405,-0.0006609385327165374,-0.0035974184916720553
2012-09-03,0.0,-0.00633716859108302,0.008216784441160696,0.00920224033170669,0.003141019908186049,0.009672096424172993,0.003855492631189783,0.003984001007810711,0.003933772597763063
2012-09-04,-0.0011659486129476093,-0.0009540192329365871,-0.01500414176830056,-0.01081127165400686,-0.006041798556980504,-0.0063691275066616315,-0.018287770299110773,-0.002917326724908631,-0.006610696444283803
2012-09-05,-0.0010747789941207841,-0.01090420955591187,-0.0024947064620831627,0.0021629031331313886,-0.005750187288893427,0.0006192251064047749,0.011203384435367392,-0.017355922249663203,-0.014659872330854862
2012-09-06,0.020442772350597993,8.640732181075528e-05,0.021117525000618587,0.03404851319308211,0.00797472916256714,0.01043970372406866,0.025628381868218142,0.0038473236821181533,0.003354910689801649
2012-09-07,0.00404993994916647,0.02201237937140066,0.003022152063060224,0.005406047644507916,0.0030028602643983326,0.0014207095995555363,0.0,0.02569581765218687,0.03086317564929497
2012-09-10,-0.006147768999666292,-0.00025699841630344444,-0.00027610961551738367,-0.003966753328606187,0.0018322457215815824,-0.0013155571626818352,0.0014207516849777946,-0.002529047772053983,0.0012629935320187524
2012-09-11,0.0031418814901895686,-0.006989222458867017,-0.00017434233238977637,0.011516572870402975,-0.001839278318044535,0.00019454284806230682,0.017437988086452805,-0.0024419390034811084,0.0015488846870230777
2012-09-12,0.0020857021282532084,0.017324107736920613,-0.0017454537920889024,0.0027955349637363014,0.00819687668899638,0.006235410561821864,0.008401692623423163,0.015640625000000075,0.010953334394205205
2012-09-13,0.01630979562287682,0.003927472890504102,0.006544357739775242,-0.008413911416094932,-0.00500567268298191,0.010087362522417154,0.0339829577883175,0.00033845633144102827,-0.0013827875822087776
2012-09-14,0.00395893122555635,0.018258728314702877,0.016431497340169576,0.020187007022593573,0.011645562852740099,0.0009615200133419322,0.0023782193520396344,0.02916403939118961,0.029038345180951497
2012-09-17,-0.003124637562509802,0.0,-0.00372408313681738,-0.004235785643808554,0.002864037817235543,-0.0017695713833202342,-0.004822280549523272,-0.0026051265702985438,0.001373257494748037
2012-09-18,-0.001279778810421739,-0.003888905265525211,-0.004303031125711065,-0.011677639854929422,-0.0017719360849185462,-0.0007508346573461555,-2.6696445877938402e-05,0.0013034684246011619,-0.0027195130629085185
2012-09-19,0.0011854836499192167,0.011885437708315516,0.0034627549351073927,0.0055886269288007995,0.005377352136468838,0.00863123217583417,-0.002467464658220564,0.0014563881573697035,0.011648423230250726
2012-09-20,-0.0005407070257691382,-0.0157307946851295,-0.005746814118414156,-0.005701667270326727,-0.004782770077585208,-0.010770539584590733,0.0005861950894239243,-0.008740562184991196,-0.012042562317944983
2012-09-21,-7.532905099083553e-05,0.0025332948900516072,-0.0003450254840605682,0.009420179159665087,0.0025159032008348348,-0.003991323531772006,-0.005963885665227764,0.006049248114634143,0.006994345080258757
2012-09-24,-0.0022326473307536787,-0.0044687156970361075,-0.0023545010610631634,-0.007446412218479859,-0.0051761555668625725,0.0055162908075867545,0.009620341268364418,0.00053436677537122,-0.0019406856253260107
2012-09-25,-0.010501822375059366,0.002453334274237662,0.0035743401086516524,0.0041401311236997085,-0.002875402493642043,-0.008527110377843705,-0.022757070385571065,-0.006004671964221497,0.000192319772695404
2012-09-26,-0.005736721259165245,-0.020330989029361368,-0.015635586061426232,-0.027237899458045223,-0.00257520073233497,0.002925002517695452,-0.000380984808540652,-0.0055086596933831,-0.00825898076592324
2012-09-27,0.009648926966762561,0.004846912998080155,0.0019642550653682367,0.003017786529625477,0.005174016336199516,0.0098361192255072,-0.00393961114817698,0.004170790329421692,0.011426494795089503
2012-09-28,-0.004477766644784609,-0.008906274616279464,-0.006462586211073096,-0.02066989617167969,0.0006498380879023102,0.003370022366970593,-0.017661582153589817,0.0037763363000955508,0.003761145808097277
2012-10-01,0.00265154407324375,-0.008303119673151338,0.013650129657075016,0.018152111023281847,0.0003660801027030036,0.006303380530384484,0.006674005244706294,0.0,0.0
2012-10-02,0.0008722801819327497,-0.0011891079530406135,-0.0018898882388819205,-0.0020889943613159323,0.010107723969973392,0.0018171622991225433,-0.00585387471714327,-9.017087380591704e-05,0.0
2012-10-03,0.0036244163928755846,-0.004459341797508398,0.002816101352107525,-0.0004451413424019224,0.001258294922403147,-0.004719741529526478,-0.01004270704439969,0.0,0.002298422581545889
2012-10-04,0.007174411953218218,0.008885464171755064,0.00033815040311990785,-0.002700121966876412,0.003107763980263023,0.010167092470059647,-0.0028882434182146977,-0.0016783314880036704,0.0009416763850351728
2012-10-05,-0.00032160941562886514,0.004386606063284448,0.0074196349210162715,0.018288242985014636,0.009439049671466249,0.01236886716975194,0.0019431044510587192,0.0012495734387860669,0.004994750800532799
2012-10-08,-0.0034567022376157386,0.0,-0.004987208355618056,-0.013874787157130308,-0.0027865906339494817,-0.004223772168126749,0.01272903808826098,-0.006656074419723601,-0.008938540041632637
2012-10-09,-0.009890925076242563,-0.010572811481050937,-0.005390517208913703,-0.009558950198109928,0.005241577319401447,-4.310658630313213e-05,-0.006367298496303353,-0.0014380212827150851,0.005412839454951079
2012-10-10,-0.006188084468740529,-0.019768312999809634,-0.005772557118884691,-0.006346496887425501,-0.003242590085696051,-0.006828138127120131,-0.008197903408005414,-0.015573207211577289,-0.0008444267832307117
2012-10-11,0.0001954542916178248,-0.0057525217449974075,0.009181696848205911,0.01243211997362148,-0.0016061940793721252,0.006639490427428951,0.012067822310964704,-0.007766063380932442,0.003797873764316728
2012-10-12,-0.002966137182099926,-0.0014812596088819019,-0.006248981517217755,-0.007233382118789766,0.0006809371282920917,-0.0019142233429846334,0.0,8.794210305773653e-05,0.006542200718604008
2012-10-15,0.00807789498736522,0.005133511129442603,0.002121408794957036,0.006492270431616376,-0.0007025395735728024,0.008233914501885042,0.007437072485384055,-0.003967391866588121,0.0005592240506082646
2012-10-16,0.010269906189024569,0.014383423506603377,0.011184009948997709,0.025262361576100956,0.001799961993367516,0.012135624771623776,0.002385166465861621,0.008283175546196286,0.0027813176031112885
2012-10-17,0.004117064855799546,0.012094730563558809,0.006876709808637749,0.008607088190274226,0.008173219714224578,0.000979106668062224,0.005748204794902012,0.007009899358241478,0.009882081777444984
2012-10-18,-0.002443682362363253,0.020020325780243375,0.0010387571456849098,0.0016966102816140527,0.006896105479253789,0.0007706770538895569,-0.005881277055430512,0.0020305347415798813,0.00476592033110701
2012-10-19,-0.01657128741405567,0.0022064242345978258,-0.0035321655216705716,-0.012411671244158429,0.002552947898149638,-0.00483532655065011,-0.013591277314891514,-0.007799420147821423,0.0015358727358656399
2012-10-22,0.0004395788416049484,0.0008919566173626325,-0.002245533102108954,-0.004381962363899539,-0.006579633893558978,-0.006242033197575769,-0.003763277714077806,-0.0011575026751172723,0.006764644743631143
2012-10-23,-0.014443932990194086,0.0003928658230041293,-0.014448631714576665,-0.021010627790288727,0.0004565074777598266,-0.0019255856465407728,-0.017207067084836103,-0.007612317739584595,0.0
2012-10-24,-0.0030853932107195448,-0.006650581024489122,0.0011849097347147453,0.005109123781235736,-0.008200178205408082,0.0012849318548451283,-0.009178328951309656,-0.006669054032312438,0.003052418360598219
2012-10-25,0.002995563442768523,0.011268329182627435,4.651339068839633e-05,-0.0028708172393578923,0.0010393229375886825,-0.005176129512276639,0.011826998740744,0.005506907145394813,0.0021342799826133962
2012-10-26,-0.0007289609828942112,-0.013488382365933527,0.00028595791595242837,0.005101814828684548,-0.008451611029462125,-0.0009635298576052831,-0.00968190137832714,-0.017183684073785344,-0.01213467258254497
2012-10-29,0.0,-0.0004164306519826022,-0.0019994110262092635,-0.006914787067825667,0.0010014801962265896,-0.0004735052197915035,-0.001749922874545451,4.75830456321269e-05,-0.0016021855072759772
2012-10-30,0.0,-0.00978347783822775,0.009456264775413503,0.014986848687289056,0.0019719182578676886,-0.005215807596459898,0.008870415124514253,0.004261123329385885,-0.0038338435362289536
2012-10-31,0.00015581398642994237,0.009761388286334105,-0.01148737585257864,-0.004908604565200925,0.0069802016948574686,0.0005038582658236646,-0.010671634442692368,0.006569873340422694,0.009951196019521547
2012-11-01,0.010926523906639396,0.0020810255939267552,0.013699482940495056,0.012074419644996892,-0.013138814761485373,0.0034074996708310934,0.023033851789210802,-0.007123207430729139,0.008319540593166419
2012-11-02,-0.00937944367780652,0.011663296773061216,0.0011310287414363351,0.00524099499974362,0.0005390732785213181,0.0,0.0,0.010682455068371954,0.01326467438400103
2012-11-05,0.0021637675010606205,-0.004836917012292163,-0.005025091376915869,-0.011573719647449132,0.0031539983941895056,-0.0009491932575670381,-0.0029618373120247066,-0.005472398265510381,-0.004745530911075879
2012-11-06,0.00785318149104608,-0.003584814331264008,0.007850578689035492,0.007256709576711762,0.00238661457448619,-3.6431496562627785e-05,0.02145396235957664,0.010454769366215588,-0.002815998982114376
2012-11-07,-0.023705010536338222,-0.00025180637649513393,-0.015849037366820085,-0.02241377950582435,0.007060295692247642,-0.017009334952356903,-0.015830176934905404,0.0048647162853896475,0.007082435041602775
2012-11-08,-0.012204828867073525,-0.015127790488906001,-0.002690088973225091,1.2101165745681541e-05,-0.007226895742729722,-0.004397115114049943,-0.01696761729640872,-0.01194291760212629,-0.024115095803817654
2012-11-09,0.0016987172506914838,-0.009001770932936415,-0.001102829788523274,0.00027832344411149457,-0.004861477551963422,-0.0037613900342022832,-0.0028985935545667862,-0.005223541456636727,-0.008463428465181111
2012-11-12,0.0001304489618436655,-0.009267379190645797,-0.0004177008083636746,-0.0025405069722803653,-0.0031360207833934783,0.004494669847164623,-0.005115266979801025,-0.0018588434213221428,0.0021473617659244493
2012-11-13,-0.003985420606798407,-0.0017737689651518007,0.0032909851628240006,0.007932015912545554,-0.015338697054944062,0.005349988619649082,0.007390959428055899,-0.005876256661423329,-0.011276090395374694
2012-11-14,-0.013852007595323457,0.00042489074650298164,-0.01110218189673795,-0.008142342588061569,0.001955110320005282,-0.007986659688158038,-0.020991346251361453,0.0022966608456367332,0.011956401186484333
2012-11-15,-0.0015935196866078138,0.019041562749214425,-0.007735044154064785,-0.004476634153443015,-0.00891379412888671,-0.0043376240048567105,0.0,-0.012312305970306858,-0.015533073189568758
2012-11-16,0.004839913398801521,0.022021083341261072,-0.012709259830038233,-0.013993996189733293,-0.002851526125194015,0.006332679871621005,-0.015583510544540657,-0.0052867345193294835,0.002372455638443016
2012-11-19,0.01986204665117519,0.014299391854754484,0.0235604102333562,0.02796911820443948,0.005672322387134665,0.0,0.018925738321835972,0.009280804802158205,0.0048702656693295765
2012-11-20,0.0006633547000842732,-0.0011536948826641469,0.001819557101675695,0.005775065024587134,0.00555549441378167,0.008655273250944173,0.0,0.006432032373143048,-0.0015887453990818257
2012-11-21,0.0023202023331725385,0.008737082505709592,0.0006837041805116684,0.004008575003386916,-0.0036890533231122014,0.011753593628593517,-0.0036977293171440717,-0.003248367880307801,0.013947432387362513
2012-11-22,0.0,0.015644314135398796,0.006780214984970501,0.006115855981712048,0.009972081467463534,0.008742667645194047,0.0034644853359011574,0.008205770578119331,0.010167085107292362
2012-11-23,0.01302631862720438,0.0,0.004854058777108872,0.008654525085894482,-1.3369371721139167e-05,-0.002683647238376996,0.02014743172781941,0.006227954724927542,0.007854409654512562
2012-11-26,-0.0020295923074195032,0.0023636674211044983,-0.005571269981474947,-0.005674552117104659,0.0025325101013753404,-0.0009847433953849016,-0.014536588805751482,-0.0014754124091600485,-0.0023806720641342816
2012-11-27,-0.005226518001265723,0.0036596250481948367,0.002244794978847997,0.0003657788335980072,0.00737717127365034,-0.002600155164002693,-0.008618875480065125,0.008745041943715393,-0.0008132903908689704
2012-11-28,0.007855948074971142,-0.012198486729701807,0.0006155480187801654,0.001332835322102044,-0.002135824432943023,0.0034372068725943006,0.005179020300956072,-0.006451277789320642,-0.00618246724619953
2012-11-29,0.004269715517791761,0.009940537259557125,0.011548641457934217,0.013683623627711139,0.006840767493503819,0.004240694105282605,0.023225043067312212,0.011538180031158696,0.009853526052352457
2012-11-30,0.000162435114234194,0.0048006144105658954,-0.0005928146772737897,-0.002494490043343678,0.006321281917113897,-0.006109902213530027,-0.0065331628538976005,-0.0010078300643460159,0.004903550581150551
2012-12-03,-0.0047451595136212,0.0012883746682461616,0.0007533894000497643,0.0027608970002912514,0.005652862072118348,0.011720744513012527,0.012662643670061424,0.003683584251642502,-0.01191717441225515
2012-12-04,-0.0017098747037873618,-0.0027193392386274384,-0.0003747078981611862,0.0032799454762308944,-0.006164173162664599,0.00033031029320595984,-0.010980999908079214,-0.0024948196410345957,0.001475570623649114
2012-12-05,0.0015848761593404426,0.003856894171827996,0.003925684609408009,0.0004863306353564134,0.0037356988614600795,0.001853425613316917,0.00200457826984346,0.006128628861397756,0.021602782022177136
2012-12-06,0.003306653042688623,0.008060121408747012,0.0015851787484215674,0.004367132314078592,-0.002445359358764554,0.0040878162611581725,-0.000384891316747904,0.0013250883392226243,-0.0009474242408594735
2012-12-07,0.002920916021896147,-0.0018616764936366659,0.0021994706358807736,-0.0007835876792360308,0.009405578859013719,0.004883577430025321,0.014411231221085119,0.004016167253105829,-0.0026355281236111194
2012-12-10,0.00033848822695636827,0.0006675490349403734,0.0012224401460843026,-0.0020566086331432754,0.0013596944301521585,0.007870521923273088,0.013009828455124994,-1.5326061968412574e-05,0.003855136975652984
2012-12-11,0.0065489408198511345,-0.0008842270879769742,0.0005640338893175834,0.010789593300513989,0.003961871430273378,0.001130649217992774,0.006331159597510183,0.003678311246436472,0.0021197016436889093
2012-12-12,0.00044822949350065144,0.005893765248831562,0.0035240684762960495,0.002404698117018489,0.0017056362482121834,0.0,-0.002501704869267596,0.0055074263725301,0.0080366637788849
2012-12-13,-0.006321404569892497,0.016831464098373328,-0.0027313168007939703,-0.0010188796885575169,-0.0002218678348362424,-0.004098113899638989,-0.0026470310309448797,0.013834892479650085,-0.0025671733319704293
2012-12-14,-0.0041354045581035725,-0.0005306520862222719,-0.0013238644700072077,0.0010960322111688292,6.89535835463051e-05,0.0010372896442405466,0.004858155580000467,-0.0038596543786855175,0.007146173099559006
2012-12-17,0.011870569759051541,0.009378119364604753,-0.0016228283483289418,-0.0009617797106296067,-0.002119521922782086,0.0066760478057148465,-0.0006442421196103387,-0.00599987970166016,-0.00408608695575241
2012-12-18,0.01148661875332091,0.009576879563083507,0.004017151120996543,0.005894193705503259,0.00476888613382398,0.01125193333476382,0.015011956380866387,0.005052771712546589,-0.0008386038489607284
2012-12-19,-0.007589214744365136,0.023923184598221736,0.0043279030980980515,0.004233024399470375,0.0049120768279109495,-0.004061062424859152,0.008891887345719995,0.0,0.005718672773578515
2012-12-20,0.0054881913345081745,-0.011915869453958505,-0.0005451565773559874,0.0013598574598163715,0.0035363336081408736,-0.00023620789869127634,0.004553894417454796,0.0032161116658053768,0.0016093977157249917
2012-12-21,-0.009378744744370282,-0.009888110063121736,-0.003079716833883306,-0.0027122597148553362,-0.0022720666570710257,-0.00036803056441125914,-0.004391433400156575,-0.009542385596399083,-0.006773675649101585
2012-12-24,-0.0024403034646715005,0.0,0.002388892910594187,-0.0009656405478500885,0.002511258596697097,-0.0020212454282991787,0.0,0.0007069207541834377,0.0015502332903378768
2012-12-25,0.0,0.014090458206489798,0.0,0.0,0.0,0.0,0.0,0.0,0.0
2012-12-26,-0.004787405548624113,0.014904584469232596,0.0,0.0,0.0,-0.000866230450377814,-0.0007743369903435715,0.0002169722780072103,0.0
2012-12-27,-0.0012184557306156307,0.009053444844560499,2.0153908682596366e-05,0.004311825805257907,0.002755874679543746,-0.0005943110750615821,-0.008921290575312102,0.002572833900870153,0.0034869514373248034
2012-12-28,-0.011049996474155499,0.006994104415585456,-0.004858673563643112,-0.01244384292937839,0.005020694011548699,0.005798036295928011,0.008873981125845143,0.004880871512315421,0.002069427730950535
2012-12-31,0.01694202206170714,0.0,-0.004651186339418412,0.0034566115309211387,-0.004784322305208977,-0.00036823626038462454,0.0,0.0,-0.000426619090035274
2013-01-01,0.0,0.0,0.0,0.0,0.0,0.0,0.0,0.0,0.0
2013-01-02,0.02540334738008254,0.0,0.02196747606314875,0.028574355161176568,0.012258682067993742,0.013690164447168529,0.026217645074622542,0.01705014896973034,0.028912138101736762
2013-01-03,-0.0020855841687067445,0.0,0.0033132195302429945,-0.003699400645458817,0.007382584563339067,0.001500310241677072,0.012187990107130231,-0.005755501944758934,0.0037156860978775352
2013-01-04,0.004865113028224677,0.028179406224807968,0.00702788333382931,0.003009751149480655,-0.0035653098014167828,0.0043201991226631264,-0.01246831982203822,-0.0036991002322460664,-0.002885215354764714
2013-01-07,-0.0031231460582213932,-0.00833636629862533,-0.0041478922270535845,-0.005089781681953176,-0.0013664903954037078,0.0014272144207898574,-0.009444835233592186,-0.0003429525731384331,-5.743409330638549e-05
2013-01-08,-0.0032423780174979377,-0.008580990111340614,-0.0018055660903145698,-0.0015247295552687223,-0.0057394815917919395,-0.0012264170180880107,-0.012993169664929027,-0.006617775015537619,-0.009368295845433416
2013-01-09,0.0026558693339737705,0.006710087304412138,0.0074368601979306614,0.005550911218859644,0.0038138691967379845,0.006536507879527642,0.00737372693031535,-0.0030681602050112167,0.004641907231951459
2013-01-10,0.007597431931116505,0.007001891560012297,0.0004689562444148976,0.0006946522858863879,0.0031475288107529753,-6.10754540424363e-05,0.0016195566705174969,0.007525818225633918,0.0058505146979968
2013-01-11,-4.755047142890323e-05,0.013980571952117105,0.003289349685569487,0.0035151591237210233,-0.0028522385446236864,0.0006315231008606759,-0.0029326354759071638,-0.00504783735299974,-0.0038639548759951126
2013-01-14,-0.0009306749091402278,0.0,-0.0022412514416213503,-0.0009676980193465967,0.0021703005381055185,-0.0005616184055784457,0.009485924858973815,0.005193647422959247,0.006412893358728633
2013-01-15,0.0011287295672748332,0.0071758087018831684,0.0015471867397092165,-0.004997863845961126,-0.0006678380670664952,-0.002560243515134508,-0.005689038428795756,-0.01160913584183676,-0.0013560691676426373
2013-01-16,0.00019696537484570342,-0.025612459877121907,-0.002179062365647799,0.0003516447721525484,0.0046408872577548,0.00262000185035971,0.0009678003084843123,-0.0031707784286246765,-0.0010486918937226974
2013-01-17,0.00564296530696784,0.0008678885027413319,0.004649425456833001,0.00606466509283865,0.0038371245919546215,0.001739428912767682,0.006582415332588187,-0.0016081316847454952,-0.0007376806686136828
2013-01-18,0.0034032438856401726,0.028621140773862352,0.003595679314325917,-0.0034351748665834014,0.0030694025555086935,0.005989541498250928,-0.0038254457097670613,0.006878491796967978,0.011226336517599078
2013-01-21,0.0,-0.015170480056444835,0.004317229433853154,0.006288774316409507,0.0013143372374313511,0.0002503730713587782,-0.0009108056118408703,-0.0004980255049424898,-0.0004605584833008436
2013-01-22,0.004428054213380994,-0.003517948889720013,-0.0002928338224682525,-0.0036418582645978415,0.00033092642444354503,0.0021327242152096026,-0.0033509042287920288,0.004861942965281862,0.0028858573069034943
2013-01-23,0.0015074770863483522,-0.020816195810803628,0.002989074584450746,-0.0030993484742517508,0.0018306878439731111,0.0027069547200702093,0.004440911498017064,-0.0080690401298259,-0.001009764153076853
2013-01-24,6.689813421001389e-06,0.012766294236954634,0.010854131572663128,0.005420414432776521,0.004677905028732221,-0.0003142399552142905,-0.012852639484777661,-0.008043788912396987,-0.0015316203443183074
2013-01-25,0.005445471695588733,0.02879048514858007,0.0031189594104303886,0.007792989981490583,0.005186868636470887,0.003239361901177018,0.0,-0.009055831568659412,-0.0007826635987271402
2013-01-28,-0.0018496832916378159,-0.009366091162433143,0.0015848642283731174,0.00011661042642985286,0.0,0.007386585793444089,-0.018681758638204538,-0.003585573460592073,0.0038782159612866796
2013-01-29,0.0051060539401937,0.0039180326505801055,0.007114248992359906,0.0017380214975404318,0.011127210727059689,-9.866591915796974e-05,0.006318149461568057,0.008377540972619668,-0.000705900840997975
2013-01-30,-0.003899617996604321,0.022751115331949512,-0.0025366016793944013,-0.00623801954700709,0.0015784491476333873,-0.0033719627829410515,-0.017707250216988935,0.004330354403975445,0.007055117337985806
2013-01-31,-0.0025633172654399017,0.00222333193868951,-0.007311275622280733,-0.010665710144503127,-0.0036579789666210116,-0.01038441481007446,0.007158975810923174,-0.0012675432568225453,-0.003884214883179804
2013-02-01,0.010052666359613216,0.004729473742802082,0.011209390652680895,0.002626730497450991,0.008673273098341427,0.010831515307855533,0.00986705652753983,-0.0021152532697228388,-0.00032406878686597196
2013-02-04,-0.011538690299173315,0.006166375072154118,-0.015817898803259345,-0.03133117841539723,-0.002759751079840611,0.0,-0.012849794436428419,-0.002339372455677058,-0.0015525777089805404
2013-02-05,0.01041645773579103,-0.018954117767209788,0.005750107254227643,0.009919357603507484,-0.005052455265037392,-0.0017560116141038806,-0.002193681110708723,-0.007695025112507081,-0.022650613193745728
2013-02-06,0.0005491996903306262,0.03773268929258111,0.002002304719581849,-0.012771526963160307,0.007830471540452688,-0.002569814647659041,-0.008308524674165096,-0.0010267364228296882,0.004682802752485893
2013-02-07,-0.0018054122688674346,-0.009305855413804354,-0.01063008511057384,-0.007423539075782748,0.0029969798539064563,-0.012102071703513073,-0.009815089022133128,-0.002282833812797369,-0.0034368250667650146
2013-02-08,0.005657914786768137,-0.017954454802162845,0.0057012853982230105,0.01246381720761236,0.00721153748747394,0.001558223700504735,0.0021477594057197624,0.009902835223654982,0.001646459852439941
2013-02-11,-0.0006060885548082595,0.0,0.0020961281495801565,-0.0029236208797476237,-0.002372017276782601,-0.0005651000590827238,0.0,0.0,0.0
2013-02-12,0.0015952432745993672,0.019363122200345195,0.00976890455085666,0.009997674072774743,-0.00010464756153039101,-0.004226000956863762,0.0,-0.0026193039110155025,0.0
2013-02-13,0.0005923273859276268,-0.01035348382284651,0.0032705517813700347,0.0030315271270713318,0.00900829504424805,-0.017319153601774384,-0.0015742464293120317,0.015561802661129942,0.0
2013-02-14,0.0006906395322070491,0.004965599867039039,-0.004992837047951726,-0.008096023125042429,0.006640143399117671,-0.004943502024094104,-0.005623248673846115,0.0017914345139595778,0.008532786334446874
2013-02-15,-0.0010451037873510094,-0.011802131016477979,0.00014223941738733537,-0.0076232758457129846,-0.0005884592889013884,0.006260044833115597,-0.002996178714199993,0.0007930855067412867,0.0013372769692374664
2013-02-18,0.0,0.020945369671813596,-0.00159127469478193,0.0005314959124522733,0.005859849127459071,-0.00025003986142724255,-0.004997988024862177,0.0003684672770774,-0.002670982095633434
2013-02-19,0.007336539916699136,-0.0031145165574292255,0.009635670975390198,0.017472722756195713,0.0036499074932812015,0.011278168235545838,-0.005198398303187246,0.0019778900151872225,-0.010180079155108546
2013-02-20,-0.01240414385932831,0.008436258500889027,0.002555231405204861,-0.008270826368987017,0.0033091973332006752,-0.007621008715100741,-0.01983445696020547,0.019543465452732667,0.007064493423972085
2013-02-21,-0.0063031184893680425,-0.01387740794609138,-0.01623518263994106,-0.022947715265021595,-0.023265278264283817,-0.0036785918415441765,-0.00040799179744233083,-0.004652678994784276,-0.01719367359994106
2013-02-22,0.008772513677932858,0.006791857552260971,0.007018949255667151,0.019494061463081858,0.0076412258330218474,-0.00591051417644306,0.009658678493048134,0.0018211411161064284,-0.005423311201497194
2013-02-25,-0.018309580364212152,0.02429136285629463,0.003104629322726815,0.008292618011064512,0.007497192687736076,-0.008627320844576403,-0.0014021891082183213,-0.004641164204092441,0.0016521496380546008
2013-02-26,0.006109486843431933,-0.022611751148122416,-0.013363502046301101,-0.030672810781866344,-0.010325040691155252,-0.00018391988449828478,0.005851718088875746,-0.004732473426489858,-0.013163406964392887
2013-02-27,0.012725960960359162,-0.012706589547505365,0.008841484808083777,0.016094019887026745,0.006600492528728408,0.00652322875564515,0.005707049147770427,0.0020149899250503367,0.0025453281106444514
2013-02-28,-0.000864121794998618,0.027136201713706454,0.005521761399204683,0.00829284541079467,0.01339953682966577,0.007952410727278814,0.002626153492656824,0.011202371210155437,0.01963324638647901
2013-03-01,0.002323923204901268,0.004067699249785228,0.0027968136133604826,-0.006379221962749981,-0.003516010720835072,-0.0028392381947911494,-0.009408910410559801,0.0,-0.006083768782903065
2013-03-04,0.004610723224871549,0.003955583050012201,-0.005168845828238178,0.0011579249068500719,-0.014865907976470916,-0.002827775065392779,-0.006764996618556451,-0.006582810672640882,-0.014965328130586153
2013-03-05,0.009565958562811394,0.0026741524627347246,0.01360306226489727,0.02413943155532139,0.012940562703621428,0.0033235843652721364,-0.009707045253939062,0.0017186995504556712,0.0010067526525425752
2013-03-06,0.0010845634794356407,0.02129679161549025,-0.0006700922737271631,-0.001166595850944141,0.008162371834290472,0.003238058282777123,0.03555646190853978,0.0020479914311641867,0.009633651736441928
2013-03-07,0.0018164597200056587,0.00300110540576104,0.0017922596785133749,0.0040897201004519435,-0.0014833518670885892,-0.004326347695237653,0.01564839159863962,-0.008086146659144644,-0.00028097484221512037
2013-03-08,0.004481110693795198,0.026365131249122653,0.006898415321253015,0.014095917646840261,0.0027873248258043493,0.00804915325937161,-0.007036235269167523,0.000803232887647054,0.014075087038852185
2013-03-11,0.00324913936487059,0.005326605674874196,0.0030924273318135853,-0.00369029383094277,0.004579734596338758,-0.0069763648313238,0.0019174178863736735,-0.0013260153239516015,-4.893480195489186e-05
2013-03-12,-0.0024032591792934044,-0.0027726829189289592,0.001074784389640815,-0.0025232555145638935,-0.005641642890241716,-0.0010880801939413542,-0.005742270149060258,-0.00499663064367184,-0.008670978336845603
2013-03-13,0.0013140265897144676,-0.006102408400941561,-0.004472692308873816,-0.002625513948042779,-0.004976877090225984,-0.0156327440139874,-0.014133819721859009,0.003205674897408528,-0.014588957912854972
2013-03-14,0.005603015721894922,0.011563229697556965,0.00739180745197876,0.014777815160847751,-0.011816635662930453,0.0016269194749953808,-0.001827626646963898,0.001200162021872897,0.0027721315000233115
2013-03-15,-0.0016184438630272302,0.014518798273833067,-0.006089371015145395,-0.006915145553248125,0.017491279200321452,-0.01715098923792535,-0.007188070324166684,-0.0078066858795383665,-0.003805177729696685
2013-03-18,-0.005510347920804848,-0.027093492132362673,-0.0048893237693865554,-0.0074292297081137715,-0.020475594708218914,0.0,0.001823128409573771,-0.009222250188774206,-0.019959517350245926
2013-03-19,-0.002422524321886499,0.020260821250623007,-0.0025704870918190625,-0.012386017956214523,-0.005583201506080715,-0.012778766836325839,-0.0107370233177283,0.005273907874279837,-0.001879243013744314
2013-03-20,0.006697495382151253,0.0,-0.0013382350201511795,0.013825057261336315,-0.004020130729438076,0.010398327556352616,-0.005876556300038804,-0.009678756267184174,0.009735113098440884
2013-03-21,-0.008282490007762933,0.013430936067108323,-0.006863369969064226,-0.009221455203219042,-0.001599243057163413,0.0007788607314656026,-0.00809137528571735,-0.004383972726484053,-0.0013730857226041948
2013-03-22,0.007174278690645686,-0.02351751269618041,0.0006589914769392635,-0.0008383260305820928,0.0015840606717820727,0.0036587370127296737,-0.005996580939448104,-0.0010815964568744452,-0.004975281068736126
2013-03-25,-0.0033399919069426742,0.01685208853891007,-0.002249419655985796,-0.012078294495594166,0.0046172317868475865,0.005016787438142378,-0.006702701137149436,0.014861113249277746,0.006142806111606003
2013-03-26,0.007785060160212298,-0.005965029179545334,0.003290804248100576,-0.0030800821355236874,-0.008005896360404163,0.01780618230463138,0.014547559898179685,0.003049042560184345,0.0026933439395266934
2013-03-27,-0.0005883218120312783,0.0017776359446486367,-0.0018454941658319068,-0.010851456957654326,0.009039348751556986,0.009443777620976812,0.006518608570757811,0.004910016635579995,0.006890746660403568
2013-03-28,0.004056691301148607,-0.012632675913393898,0.0037854830326446987,0.004424948133177065,-0.0057045124988164275,0.0,0.005671527202361082,4.013163175220491e-05,-0.007353275031805273
2013-03-29,0.0,0.005021903443266806,0.0,0.0,0.0,0.0,0.0,0.005703479272844092,0.0
2013-04-01,-0.0044736456388327905,-0.02120438041573136,0.0,0.0,0.0,-0.003279935222583852,-0.007983909736089534,-0.0044391462873275556,0.0
2013-04-02,0.005172292388152311,-0.010843822259872682,0.012308671281118677,0.02125745992789696,0.0038278473427659776,0.004119499632618373,-0.018122370183059067,-0.00492988441825859,0.003057898270060866
2013-04-03,-0.010546091386721801,0.029888956739865247,-0.010843273257265085,-0.015221285170535115,-0.00558217714937892,-0.008975257007492021,0.012272746319396788,-0.0014752158698990714,-0.0013559658473645264
2013-04-04,0.004048426648816772,0.022030059374545052,-0.011862410985190697,-0.006661589004967938,-0.008915258750060606,-0.0034512439735328027,-0.016460491329261195,-0.011985558838656263,0.0
2013-04-05,-0.004294926858036674,0.01575838930424056,-0.014870462727691214,-0.013790183220608432,-0.004488874588097436,-0.007401067191471378,0.007364384704697136,-0.016443389726709,-0.027334763216458113
2013-04-08,0.006302791512154959,0.027969461508971838,0.004345752970504435,0.0015356170318108209,0.0028746224259801334,0.004318261965463588,0.0007576665831070528,-0.004431230315011692,-0.000407329163387371
2013-04-09,0.003544307036792871,-1.819203052622065e-05,0.0057782932447976165,0.002270927874867379,0.014545551653801558,0.012483942917258073,0.01487920909469942,0.0010684373192124674,0.00701213967183989
2013-04-10,0.012189135604133705,0.007260268261530367,0.011746797587914859,0.025621067152705068,-0.001777031565618259,0.009270423471761768,0.0049098548362749295,0.007726188864708439,0.007508799588849646
2013-04-11,0.003552241250086574,0.01964384755417048,0.004504201259673435,0.00477528723108489,0.00786514479181255,0.000621890126885738,-0.013982881315389162,0.007346635117122524,0.0030275167736499853
2013-04-12,-0.0028367548027137257,-0.004725016163363627,-0.004948458107210896,-0.015278593142955432,0.0012913742550779705,-0.009100974747362267,-0.007910700383802372,-0.013114165555441537,-0.0005529094029438353
2013-04-15,-0.02296629637788339,-0.01553413609350729,-0.006389020720851901,-0.003326409642031125,-0.009100764231225966,-0.02317706895262661,-0.036619777248731666,-0.001964422132489374,-0.014322933761298118
2013-04-16,0.014307248318689014,-0.004084166060293715,-0.006151081404880632,-0.005871124809978978,-0.0034344436330142614,0.005567371217172434,0.01965819407126701,0.0009164518732589499,-0.004622308609830594
2013-04-17,-0.01432772121912651,0.01221122661374241,-0.009575578389044104,-0.02138887824320712,0.010848448931758403,-0.01417694787279844,-0.020538117306216686,0.0008479822704074991,-0.004723138533861415
2013-04-18,-0.006700987751367626,-0.012166280975185462,-8.648011517864429e-05,0.0007871579681142382,-0.01601321196390093,-0.003536652937006113,0.005369505971412725,-0.012360695276114386,-0.002649553748388267
2013-04-19,0.008847892787410716,0.007292699660440549,0.006874162151426999,0.007693210721972266,0.0015220078888542599,0.008194966534550874,0.014351489516496452,0.0035209414439545395,0.02329108816633285
2013-04-22,0.004661629963028435,0.018915659393473394,-0.0009496404250953772,0.0032852327622361344,0.007023646614872092,0.0024768636454208792,0.006838816723939711,0.010258292906778488,0.0013991369868675552
2013-04-23,0.010419200000000073,-0.002853695764487685,0.0199821036776624,0.030677886066836635,0.010003320211551259,0.004646713675193759,0.010811133356771974,-0.003986897228379527,-0.010785520293843609
2013-04-24,6.3340047378179776e-06,0.02319424375353396,0.0040024226833090815,0.014709637685513366,0.017183611686299338,-0.018988899329005382,0.0018125253371839012,0.00869370331955599,0.01726265568100671
2013-04-25,0.004034735461967864,0.005968161138906192,0.0016838314862495096,0.00087341092873916,0.0,0.005970928430429012,-0.00038029085794244466,0.00841725615017741,0.009835888211945809
2013-04-26,-0.0018420853415428429,-0.0030123336933294276,-0.0025098601649337082,-0.007757699461250378,-0.0009646384173815914,-0.015288100561561047,-0.012940994102976333,-0.003607296577167407,0.006538477334290249
2013-04-29,0.007186014763878923,0.0,0.00491720117888339,0.012651718136862167,0.005551339988088211,0.0003229348163351631,0.011708499809408135,-0.0019850248899493383,0.0014662242861913644
2013-04-30,0.0024849241658875254,-0.0016760142695292357,-0.00432020959984647,-0.001979848236168702,0.012761505214984759,0.008421511252661329,0.0186403946271676,0.011980213325088807,0.006919161746919977
2013-05-01,-0.009307886352397654,-0.00443767558434327,0.0032923180282793396,-9.587020648971212e-05,-0.004822951988733282,0.0,0.0,0.0,0.0
2013-05-02,0.009407973715801932,-0.007631518875889087,0.0014601730816627967,0.0026403711270255315,-0.0070103995561905386,-0.004104489265910005,-0.0105247023047782,-0.003431859263219539,-0.0030219452777651146
2013-05-03,0.010534617768013232,0.0,0.009402991312100317,0.016469895913788557,-9.083882638583063e-05,0.01216583222479617,0.003003329782601538,0.004342916702857691,0.000955519381691694
2013-05-06,0.00190780589933226,0.0,0.0,-0.004761766919469612,0.005205771557807104,-0.009484985119267764,-0.0010488739203087238,-0.0021518942265136287,0.009922009558412714
2013-05-07,0.005230293663060381,0.035504496846803235,0.005495701882707316,0.006747814958625975,-0.002417864932366953,0.0049452592410206275,0.015240516486775935,-0.0036350102983462307,0.005760396315266592
2013-05-08,0.004139093212625067,0.007436404461419688,0.003992496911838561,0.005611972207375748,0.010889946702153264,-0.007181181639586365,-0.008349406286950467,0.001074526057256886,0.008558998120803851
2013-05-09,-0.0036871665778561713,-0.006594711211009074,0.001406550942662621,-0.0041154627920506615,-0.0002632818885522914,-0.009963864069617356,-0.006401599862377538,0.011755986608397828,-0.0014141070840870684
2013-05-10,0.004321712455507276,0.029317590554332584,0.0048902277353573,0.004356041483361883,0.0014831540820112732,0.0014130582899740673,-0.006127591547761435,-0.017530122003586834,0.004727832951625821
2013-05-13,4.284752402528014e-05,0.011957523306456608,0.0010233993159225463,-0.002818428573480136,0.0008153910486774496,0.0006077878295818184,-0.011977070396568257,0.0020311093970948324,-0.014210663078518149
2013-05-14,0.01014218647667664,-0.0016093669349845907,0.008187871696201388,0.006567316797424949,0.002044205978270819,0.0037884057020256545,0.004023121608102587,0.010329963565453903,-0.0025894080899321326
2013-05-15,0.005114097701079734,0.02287575499274319,0.0011202412182960142,0.004989930713291679,-0.005617520212174432,-0.0004748940611766228,0.004931510557958152,0.0012342355612215972,0.004969847729726862
2013-05-16,-0.005009705928453401,-0.003894401375725942,-0.0008590359375817425,-0.0010250642444779023,-0.005007648808916243,-0.003439188855424602,-0.0029814470949229843,0.007888355670992109,0.0016680958018142622
2013-05-17,0.01030009633619522,0.00670867792227825,0.005272286850683372,0.004022517547297433,0.002925860393444557,0.0010924039135933317,0.007150470435776102,0.0,0.0
2013-05-20,-0.0007076589084061835,0.014710545298887823,0.004844520203597824,0.0023101572397348225,0.005454976418581392,-0.017372800982042857,0.009725498044295788,-0.002204538934271416,0.017777398464996264
2013-05-21,0.001722389259972923,0.0013156858264635751,0.007140710784930393,-0.0010090281465745532,-0.005563026549063377,-0.012949961818802702,0.010135407463846668,-0.0006759381163522482,-0.005391386296276002
2013-05-22,-0.008273622660500024,0.0160093413830813,0.005349896455987713,0.004734818280084374,-0.002836262226458164,-0.010590296445436742,0.002913873057151406,0.006430803244678485,-0.004506048650260941
2013-05-23,-0.0029238529616092412,-0.073159338233318,-0.020975780195811033,-0.020539610089558735,-0.019924826222348258,0.009627603067073887,-0.0014063623364256594,-0.012358124815054383,-0.025424442889152243
2013-05-24,-0.0005513447358695966,0.00886979959928147,-0.006338857870711201,-0.0044980156872349575,-0.015594635478580976,0.00039501032828570537,0.0009991142842995515,0.00216332603760927,-0.0022501420399406724
2013-05-27,0.0,-0.03215066604162897,0.0,0.01110954349941573,-0.004744056334715752,-0.009294377989633507,-0.00018207215127552523,0.00330385872456862,0.0029789549960277384
2013-05-28,0.006340931134820593,0.011973003645002978,0.01618041759212785,0.01462254025044718,0.0021764740394734083,0.015428955041331793,-0.006377764073087544,0.003156613484042614,0.010499844618168552
2013-05-29,-0.007047938026336409,0.0010117398151758827,-0.01994081641405443,-0.017395014581063295,0.0008200131491804541,-0.003068145355563323,-0.02501184054753114,0.007541964132875556,-0.01611045072357875
2013-05-30,0.0036703147370720224,-0.05147328788828498,0.004499658225154857,0.0045432687131710114,-0.008853951412016947,0.008502430056667176,0.0,-0.0005496701978813245,-0.003131022796346472
2013-05-31,-0.014307215261029627,0.01365145267910961,-0.01110111326590546,-0.010560160045727351,-0.000834164523284886,0.01473288682306717,-0.020657388190543413,0.00047497625118753106,-0.004098413515914001
2013-06-03,0.005935955455805386,-0.03722229562656909,-0.008805895103971006,-0.007907164830086244,-0.007766256800625482,-0.011866312464653528,0.008191218642815912,-0.005736988081257333,-0.004911093882859041
2013-06-04,-0.005510783823654886,0.020505481148137994,0.005127875042911123,0.0028969262011688812,0.002557122014406721,-0.008381104966514008,0.001363256510968025,-3.015727016386638e-05,0.0001494467105791486
2013-06-05,-0.013779744755973433,-0.03834041685385281,-0.021234779479704424,-0.016826940523278933,-0.01338595594848846,-0.01286048725902078,-0.022571592009315466,-0.015239933450950205,-0.00970495640218394
2013-06-06,0.008490272857231584,-0.008517180732500629,-0.012960894550972046,-0.012224424488711194,-0.011175118495468594,0.008769132058529916,0.001632618119068674,0.0,-0.010458448048052515
2013-06-07,0.012831574795385103,-0.002052848647165706,0.011975802187777607,0.01788723605397191,-0.009091703875116597,-0.008536418272666602,-0.02394259374569241,-0.0180380667520762,-0.012050774712284773
2013-06-10,-0.0003468461341870066,0.04944038181235055,-0.0017997532747243694,-0.0017180112184663754,0.0,0.012146096158645037,-0.005850213382261327,0.004600150739402897,0.0018460959450778969
2013-06-11,-0.010153334834825611,-0.014546181054002405,-0.009432149302002202,-0.013311759947047253,0.004085735218100517,-0.020409686810481498,-0.03014070481997555,-0.006219278729238886,-0.012048527209463367
2013-06-12,-0.008369564548959874,-0.0021250043175883304,-0.0064084364866058285,-0.006216457960643962,-0.00685444371103161,-0.01027544582333928,-0.011841487420215402,-0.005607389049711586,0.0
2013-06-13,0.014784312752710083,-0.06350513043556782,0.0008222940097946108,-0.0018038492117066207,-0.006073295681002677,2.836854283216894e-05,0.025097508000109015,-0.014231037064573737,-0.021897796546514914
2013-06-14,-0.0058850130778067555,0.019375864778737206,0.0005757673328965485,0.002107667627202048,0.020443336115985256,-0.005373913382657691,-0.02147282281087992,0.0034577448704806724,0.003930667054786063
2013-06-17,0.007567328321233413,0.027320336861487604,0.0035239511370805943,0.013260501177211559,0.007121604872701193,0.007134326305791028,-0.004939761624929928,-0.0032499841205988478,0.012244660486791625
2013-06-18,0.007791146036704388,-0.001982641148090436,0.006906258441289781,-0.0006512030606544705,-0.0023896149968024583,-0.0022624834827074114,0.007665519422514144,0.009303807551378052,-9.422450873985966e-07
2013-06-19,-0.01385147202160053,0.01829283293663231,-0.003983238707228054,-0.006275616176650178,0.009768919999584513,-0.010517744813859697,-0.031777659085404864,-0.006476833875261767,-0.011259368280608473
2013-06-20,-0.025010282823694108,-0.017413074301521614,-0.02981813943378442,-0.03633782666040741,-0.021185955184339633,-0.0391272110733909,0.006710158006191458,-0.02002849108462057,-0.028780824600500576
2013-06-21,0.002669705765683039,0.016562194093086235,-0.0070362739893270465,-0.014293723056699292,-0.00411652013244812,0.013839774418313855,-0.024025794767251196,-0.014947392312306462,-0.005865709784735773
2013-06-24,-0.012144960846002695,-0.012649157642441788,-0.014236033334586784,-0.014767717338437625,-0.014699079935848736,-0.013647431963963008,-0.02318490888736069,-0.013067592699264274,-0.02217456081953051
2013-06-25,0.009497231563356134,-0.00715314810476797,0.012076429317808612,0.01255658225277978,-0.002823643905606743,0.010246190030428481,0.020189034929799954,-0.010216730312783029,0.002106593425450276
2013-06-26,0.00959049892004571,-0.010434609625470492,0.010418049430424237,0.023370567396800324,0.01627054356137081,0.023837936856247133,0.00594843072660689,0.0015837091366539546,0.024316922277308306
2013-06-27,0.006199867769419942,0.02957298615163917,0.01263810765747353,0.006550612607143957,0.016815467541895446,0.021787762332281302,0.009274149611697258,0.028736437803134285,0.0049919979546231286
2013-06-28,-0.004289610711629144,0.035098062216436965,-0.0044735240413875665,-0.006591955295321084,-0.001806171786682076,0.024527909308146745,-0.003199574202269906,0.01559928053632742,0.017769499923679266
2013-07-01,0.0054037901237642405,0.012808064737828806,0.014851652409230365,0.0076961795749617146,-0.019219208964494472,0.013625185546225937,-0.004794643081029171,-0.004073374406972419,0.0
2013-07-02,-0.0005449051369693647,0.0177758527341636,-0.000608772024388915,-0.0074048089315265075,0.026264630471718453,-0.00836199024693518,-0.04235988497888721,-0.0003825987616733473,-0.006952746416552302
2013-07-03,0.0008239988104679075,-0.0030626850342655443,-0.011749794572917804,-0.012461585740626724,-0.018592872201361854,-8.889981700854754e-05,-0.004088531792137529,-0.016366400362260225,-0.024751859390618414
2013-07-04,0.0,-0.002606086132462826,0.030787159282617438,0.029477664192689934,0.010669196110979273,0.009100182836401238,0.015965045756341167,0.007935725011783079,0.015950516470933263
2013-07-05,0.010201744448777639,0.020760500266425508,-0.007186604107654149,-0.019092853310359814,0.00980386636108177,-0.014012242599586555,-0.012076744700322384,-0.0031699598725491995,0.01885808897207286
2013-07-08,0.005251579456948763,-0.014020294941219258,0.011693163851732802,0.021124726021856555,-0.0066542083561556,-0.013574792070224051,-0.0029858114787076895,-0.008978296087404747,-0.013065658675011416
2013-07-09,0.007229679480145856,0.025767328592265715,0.009768886229141627,0.0050134862402626545,0.014996059906061676,0.0037273243620674634,0.0,0.007430442799350567,0.004898409741626031
2013-07-10,0.00018156289338633336,-0.0038900289506594854,-0.0012467219809981778,-0.0016628255271869952,0.004035927167308273,-0.00551900748365286,0.009049927344122688,-0.003381866856065674,0.010711690416433717
2013-07-11,0.013554235093367062,0.003883023736525937,0.005910874163715052,0.00812494595275437,0.01312779565491673,0.012020544503340558,0.025126293245694153,0.029295675817910594,0.02549348084819769
2013-07-12,0.0030865303100859887,0.002326468397479964,0.00023382303722363496,-0.0024055316038370522,0.0016483073886863764,-0.003706043231901046,-0.023442154699948148,-0.004058372390285392,-0.007473356255793151
2013-07-15,0.0013748445116326113,0.0,0.006290355602954323,0.004418906339373585,0.001451782660837564,-0.00018571870286510084,0.026478677994361988,0.0027700831024930483,0.0012233706563997693
2013-07-16,-0.0037087667161961324,0.006402068074106149,-0.0045186005092534565,-0.007846085703970274,0.000985925615716754,-0.016437794253902016,0.002789753289016206,-0.0046929328697284944,0.00042575543424949736
2013-07-17,0.0027740326679632776,0.0010904766862660509,0.0023763221914632204,0.006103668578674393,-0.0008690303302214542,0.014641633242569174,0.011479158314538163,0.011321502818320228,0.002791335364703329
2013-07-18,0.005032988083835344,0.01323704895778599,0.00949949253872151,0.013464435396065344,0.0023564320820026463,0.00012723597975039524,0.005265221755885285,-0.006362947618265502,-0.0012469662224221523
2013-07-19,0.0016100676583579165,-0.014761116926089723,-0.0005561953225329264,-0.0006696124709802964,-0.004271618887484618,-0.0087871108459594,-0.005386206242451119,-0.002170111118220408,0.0008058010177451891
2013-07-22,0.00203298878901248,0.004669665542830659,-0.0011311074144845223,0.003398167272298913,0.005987619298351676,0.005665343165628389,0.024764858735917272,0.004777146643439867,0.0025315483919894355
2013-07-23,-0.0018519283056034341,0.008218697724934554,-0.0038848466821779226,-0.0009172965436266001,0.003048063681859503,0.016762937628232333,0.005052693730340563,0.012657218071103982,0.023296056778651986
2013-07-24,-0.0038111782745112732,-0.0031958566864994653,0.003484684968715346,0.010778948914760056,0.0035801487310425095,0.0011983282242580273,-0.009121146623317755,0.00416458787385432,0.0024416597993559552
2013-07-25,0.002556437358387509,-0.011428063277597045,-0.004906025741530429,-0.004345535470978268,0.00010724772158177132,-0.0021290902038834103,0.014315886785174703,-0.0012917869545207017,-0.0030939149061880444
2013-07-26,0.0008282798402603486,-0.029729594250607616,-0.005033432251307257,0.0006094245499563833,0.0012737279996948292,0.00766807297490768,0.007241156180101571,0.000628400563465803,0.003104430125437485
2013-07-29,-0.0037359973989892215,-0.03318122177101457,0.0008329786308942655,-8.388160294092728e-05,0.0008530301113085503,-0.017599595563865478,-0.00424345003900084,-0.005714853910121831,-0.0054076321353546675
2013-07-30,0.0003738140304867521,0.0152761887193813,0.0016310354026141116,0.006375536613743904,0.00018131999769344098,-0.0026104398756030545,-0.01321924810306696,0.009032101858528652,0.004750997132742629
2013-07-31,-0.00013642079290143716,-0.014527946289137117,0.007625990153630857,0.0032400578426434734,0.0009383342427409236,0.014944869776359893,-0.006739662343513753,-0.0015753371064917143,-0.0032021557841955817
2013-08-01,0.01254056106256618,0.024688476711110185,0.009200943655547578,0.01462709752000424,0.0018828268848358753,0.02512079471314399,0.01878925225497352,0.0035056921782834483,0.009373660530276995
2013-08-02,0.0016404295581973205,0.03287145226574473,-0.00510477433335621,0.0008402643272189536,0.010920104554192456,0.004486935717193052,-0.013567957203772463,0.0013744702562554778,0.004625875840188698
2013-08-05,-0.001479817742605305,-0.014386678980461864,-0.004255498377675804,-0.0006830309498399023,-0.001077048336428299,-0.00316729922285941,-0.0007756729168849619,-0.003722613316141432,0.0013987671561899173
2013-08-06,-0.005723022130581068,0.010030831727221967,-0.0023218995767102513,-0.0065145884061684756,-0.0010999264172313339,-8.564256134724335e-05,-0.020946832591330122,-0.00500986316811225,-0.013424078199946732
2013-08-07,-0.003805887932507246,-0.040005388492235894,-0.014081926528684008,0.0013114613118911933,-0.018475686345404196,0.007913191563270416,0.0005242309188697725,-0.014837775749756088,-0.015273881689678359
2013-08-08,0.0038854817819991005,-0.015868423298763035,0.002836646337623927,0.008030231459612569,0.010675874658446771,0.011019847798042548,0.03123736082017059,0.0030026672629410722,0.003105308112895333
2013-08-09,-0.003569997879209197,0.0007077988704617955,0.008225517942686222,0.003102723580699074,-0.0018930662401409615,-0.001482251495772413,0.01933584337410954,-0.001730388488139445,0.007004102350031571
2013-08-12,-0.0011528774639061323,-0.007033320871761672,-0.0013746717116865925,0.0005414740835640863,0.010571665554612864,-0.012284067477726257,0.008513099775638633,0.00219066203720919,0.021264185447615214
2013-08-13,0.0027760185146821215,0.02570892411884218,0.005719205273837291,0.005114691473745658,0.009600965264229044,0.005735570746381535,0.005985348956818459,0.014961561520137057,0.012116501611043606
2013-08-14,-0.005176606695943664,0.013208336338068838,-0.0037069301899290696,0.0036845309525233017,-5.467552306737122e-05,0.00150260406524505,0.00583728832986985,0.00568731279697654,0.0
2013-08-15,-0.01428156094435129,-0.021154207496569377,-0.015801306427544626,-0.005687077501332238,-0.000979559737147584,-0.0064758257756108994,0.00024402741909357317,0.0,-8.34030946984532e-05
2013-08-16,-0.003304601160523002,-0.007476946747386415,0.002568120752574954,0.006491857849117988,-0.007473652400925679,-0.0025059695877200916,0.012383825518569314,-0.0019751443674601576,-0.0009512295218341293
2013-08-19,-0.005900364167819139,0.007913489341843993,-0.005270777339657529,-0.010832892473382039,-0.0002598819678285569,-0.013447182738521302,0.000685115169586803,-0.0012863846342135998,-0.0024029867913443193
2013-08-20,0.0038212458841111463,-0.026293544253470524,-0.001897697553099098,-0.012527671029096576,-0.0067191768617148595,0.008223602933643548,-0.020690040289610523,-0.015534719759704774,-0.021964769828656916
2013-08-21,-0.005779647169183222,0.002086384530746388,-0.009703321938928866,-0.0048063472478282465,0.004295240478919604,-0.008780310529008628,-0.0020159573857257973,-0.010800646237783651,-0.006943922906798239
2013-08-22,0.008619430241051829,-0.004406923846478783,0.008767235605960932,0.013602058689963892,-0.004753341721583482,-0.01087192485146482,0.019689635196368682,-0.009820826148886797,0.003559948720604833
2013-08-23,0.003946987253765855,0.022100728984367546,0.0070158076710094,0.004882090231552505,0.009380290475356379,-0.002006953374059317,0.01555323724854385,0.011378385394133606,-0.001456470308832114
2013-08-26,-0.004039675383228136,-0.001776648817214399,0.0,-0.0016277135931779263,0.002350410209235765,-0.012344493468927187,-0.014705425937782568,0.009464430850836258,0.006486149753630599
2013-08-27,-0.01587416555004284,-0.0068867755722235025,-0.00787572588222607,-0.02558259051197076,0.0011319462172687533,-0.0188998348092142,-0.026014845959943633,-0.0010699945970569225,-0.005932656284934668
2013-08-28,0.002747657131642267,-0.015057187183631915,-0.0016938442501672757,-0.0024224612351642083,-0.010513660581465745,-0.010286715755497333,-0.004484389083588058,-0.0006999533364442367,-0.016005654002304914
2013-08-29,0.0019633507853402676,0.009090254797030628,0.008240980644037554,0.005724474132304591,0.0010316162466192935,-0.002180489384573603,0.0011021334383594095,0.01221531212191973,0.008368544900846153
2013-08-30,-0.003174273732274413,-0.0052638578394332836,-0.01081589683867934,-0.013392258303091431,0.008354785189176761,0.008221387353051446,0.0018002126522478346,0.009866110278159201,0.0012250757667204848
2013-09-02,0.0,0.013747249579127763,0.01454249461634527,0.01937259542068892,0.010383533883535856,0.01632490351900473,0.03645943203347213,-0.0008046263419090316,0.02042991307036801
2013-09-03,0.00416419162630044,0.029877137712445156,-0.005806777853090583,-0.007476325569826581,0.0015982187532044279,-0.01464101807568785,-0.004044552779339905,0.004639418955637131,0.009886657882133942
2013-09-04,0.008116992017173086,0.005396167240407479,0.0009786021603455097,0.001794178001343738,-0.0067219364780756186,0.005867757705762866,0.0017561088996718155,-0.00036716414823090293,-0.0030525243161515503
2013-09-05,0.0012098628015582147,0.0007791448191849515,0.008911554749688744,0.005768066446965259,-0.003705026138025591,-0.0021893958117371604,0.012292095932876723,0.009632545795978498,0.01217178725283552
2013-09-06,5.437803610708336e-05,-0.01450498477762252,0.0022793933047988713,0.01053276620286936,0.0004818655781715364,0.005760404369753447,0.026695517599565566,0.0018753362539389862,0.0010288534766618174
2013-09-09,0.00999293123969136,0.024848475666285008,-0.0025338573128282915,-0.0018227736122308213,0.007090002684164043,0.026025014117478484,0.00934763575123232,0.009901243281116523,0.0057216189047275545
2013-09-10,0.0073457716948512886,0.015355611982347472,0.008153746742329382,0.018972165342653335,0.003801624597194353,0.019024584990178006,-0.0050287686042043145,0.009819362222548422,0.009933782111719802
2013-09-11,0.0030522746572130277,0.00011855767310797738,0.000674363114160359,0.0042224871992704305,0.006387028141953355,-0.0022152743465720937,-0.0075690504256931135,0.0049095814569271035,-0.0017195718261800996
2013-09-12,-0.00338043845056335,-0.0026204378904226555,8.347967573452131e-05,-0.0004784455061045412,0.001556820311528373,-0.020529277605256135,-0.004916328887226373,0.00010479826334308662,0.0007228451323924023
2013-09-13,0.002714711717812568,0.001209402478719035,-0.0007861611357143916,0.0017609632189290458,-0.004370022447151456,0.008257555102673342,0.009199901926741916,-0.004860133928125898,-0.0016746740833295526
2013-09-16,0.0056931616893465264,0.0,0.005932744008019686,0.00960200341110018,0.005433722646028594,0.0,0.00044834788822001315,0.009552128043643915,0.014712017483530682
2013-09-17,0.004217719132893594,-0.006456239538982889,-0.00795577741338327,-0.0012747699195755358,0.0006200471494979265,0.0003696276026221579,0.008353890434013245,-0.0038691348336371556,-0.0030917225354274436
2013-09-18,0.01217766723761704,0.013533710601208782,-0.0017275047677609567,0.006215949774295737,-0.0024950287950926686,0.01858466947690518,0.026379528756017345,0.0,-0.0027208190325325177
2013-09-19,-0.0018429227131532278,0.017980939459620426,0.010149691560372265,0.009378050960493933,0.010959997250932663,-0.0035783324025945307,-0.010900868715991385,0.0,0.016656681424638053
2013-09-20,-0.007216925810234809,-0.0016090823760783746,-0.004371063439284284,-0.0030685920577616654,-0.0035614808660102693,-0.012604826660880142,-0.017889965621630366,0.0,0.0
2013-09-23,-0.0047195466428058275,0.0,-0.005921384749023373,-0.007119455860398638,-0.004591893781897283,0.0021515558878162366,0.009099052430760146,0.0019096720150779678,-0.005572596288651588
2013-09-24,-0.0025971889249282176,-0.0006654267074197584,0.002148727309881915,0.005704749944087872,-0.003483700970592807,-0.0025349343139049463,-0.003137775313090674,-0.0011495911735286413,-0.008236513297797288
2013-09-25,-0.0027394516383688616,-0.0076076133149522995,-0.0030328115822054746,0.001512181270163948,0.007981602403593913,0.012474657212639295,-0.0031221150427926947,-0.004504010761795629,0.0013197267876494667
2013-09-26,0.0034854114853171136,0.012215015461135792,0.0021460635912526893,-0.0014894016772849517,0.0035095174527226547,-0.009501718793702318,-0.008811835953964064,0.004634495460596799,-0.003645038718842253
2013-09-27,-0.004073775365432963,-0.0026386704074297107,-0.008061727887364367,-0.001248721343555581,0.0023809816118938176,-0.010257798787153716,-0.0008190324929991943,0.0022318314967220143,0.003546373777677303
2013-09-30,-0.006029259642382212,-0.020614400880212602,-0.007744915288069643,-0.00897120582049371,-0.01661635319435739,-0.017563713751706733,-0.026065466146323657,-0.00737647877522607,-0.014960115551143072
2013-10-01,0.007998572745383736,0.0020005810816419167,-0.00034198773796001447,0.013780827126142814,-0.0023144825984595663,0.02861847499690784,0.016073731246724288,0.0009564538097908137,0.0
2013-10-02,-0.0006666666666667043,-0.021693895360075932,-0.0034845147298533385,-0.0050153084534030334,0.0016820318360726283,-0.0008372994781452592,-0.0014908011476610916,0.0003001695958217976,0.005451476955676826
2013-10-03,-0.008979437619179631,-0.0009343360744759055,0.001792621359223201,-0.00554773139248399,0.0037064121255721005,-0.01112645657478617,-0.01149374634888245,0.0,0.010003271772953015
2013-10-04,0.007053244850058871,-0.00939024174892722,0.0007504992991205217,0.009024437307899147,-0.005132871062928368,0.0016750271111500847,0.0068415118653393225,-0.001245330012453305,-0.003267799296988061
2013-10-07,-0.008506359065365343,-0.012192400196515907,-0.0025720961654075447,-0.0017996728488445246,-0.009006307007062286,-0.011204721441502308,-0.00817177704693206,-0.0012819357229416628,-0.007113240506963714
2013-10-08,-0.012332052597665899,0.002980512974507299,-0.01109940844580315,-0.0067361377196343275,-0.0022605593523257195,-0.013209015514017541,-0.00199667665704506,0.0041816668505128,0.008918797159391367
2013-10-09,0.0005738620918782633,0.010308313799379798,-0.004385916683291913,0.0004753130004995221,0.000688229508228444,-0.001269389059855408,0.0044974006182849635,0.0,-0.006250525802617313
2013-10-10,0.0218304757304999,0.011174796122480402,0.01460733901238731,0.022267129819294684,-0.0011346812500472314,0.01564685044989278,0.008543283808181146,-0.000679062893207294,-0.0035890469597730235
2013-10-11,0.006286335491799466,0.014796357234490909,0.008817368505354972,0.0016400564421890085,0.016267279977898452,0.011988653974628338,0.002886598093766013,0.011741780753472542,0.011634199369970455
2013-10-14,0.004074682949741781,0.0,0.0031539079324021113,0.001146495958685767,-0.004398692990384756,-0.0022764895106500704,0.019209544677835755,-0.002286532668279939,0.0
2013-10-15,-0.007063749166735023,0.0025547146286570843,0.006370963404608521,0.009023773461978912,0.009847417261168223,-0.016236205145089166,0.014953498761320683,0.010241205383438867,0.005090807603650882
2013-10-16,0.013827544374168221,0.0017726641341573313,0.0034325274731987765,0.0036078494022420138,0.0007151349829164211,0.003405164611550049,0.01804980807789791,-0.003111280965820029,-0.004636081129491432
2013-10-17,0.006743961801642717,0.008251112521203252,0.0006954176995217498,-0.0016614711149434136,0.0038370421827627066,-0.003860710137734036,-0.010985647909359186,0.0029489681069099216,-0.0057451396635057606
2013-10-18,0.00654876958139794,-0.0017118556803511487,0.007058830685384709,0.007613631456389491,0.0072616428757197315,0.005304050028520413,0.000367245064094579,0.0057776841238650345,0.010617937828644175
2013-10-21,9.17168243050881e-05,0.009067035492125175,0.004774574259578612,-0.0015362755537678963,0.0056948592737413595,-0.0016556680587211936,0.012621694427761287,0.0002972130189047295,0.004200924589012223
2013-10-22,0.0057375075946028975,0.0013393613669108184,0.0062306513179646306,0.0056526835388703844,0.003993818121141635,0.011592290445246123,0.006828950613464224,0.0015148489291332279,-0.005212015453438079
2013-10-23,-0.0047245350977676015,-0.01951982056989454,-0.003163243055949727,-0.009393355374831325,-0.0031730020313989193,-0.006392250795570598,-0.01807196480080364,-0.009907009318522175,-0.013554646403605486
2013-10-24,0.003258168325335653,0.004184097518031615,0.005798204504321003,0.007225337734823478,0.0031347459044799297,-0.0075423049427914,-0.01015295265893612,0.005373940808055977,-0.007136102469788019
2013-10-25,0.004394801577562557,-0.027489212303117183,0.0012155193216925042,-0.0014676073393529165,0.002505171336224077,0.010556882509460852,-0.01317488244196352,-0.006009703472436012,-0.006020366249164688
2013-10-28,0.0013297192246712886,0.021851636015698173,0.0006665337566615914,-0.004106113033448655,0.010223071447693854,0.01114807109922622,0.016974137716130766,0.006758782730941437,0.004768630657572492
2013-10-29,0.0055842143793520815,-0.0048666160972046235,0.007271975759089555,0.0094638059059442,-0.004756854426177348,0.0038750133130633913,-0.00970650606636203,0.0017674573027235407,0.0017521259215542706
2013-10-30,-0.004875984085329743,0.012311199652659033,0.00043839385481048154,-0.0032616106784150167,0.0028301954731275725,-0.005675027698127,-0.006710452008478418,0.00381136195266496,0.020024038650929166
2013-10-31,-0.0038393702752210768,-0.012026326767730744,-0.00682679965179922,0.008965070428093469,-0.0009864010337968798,-0.00027868392005947484,0.0015391482296840397,-0.014318453276881749,-0.00419026416901469
2013-11-01,0.0029034351623078436,-0.008819830345464963,0.000491723155406687,-0.005153278247689852,-0.00264934253949467,0.0009980835139558053,-0.004478013572642325,0.004595855356166467,0.0018710379951711875
2013-11-04,0.003570536545491665,0.0,0.004288213056480306,0.002961856271337382,-0.0038053099144114144,-0.0016039587522861387,0.007844002692673158,-0.006987280697453246,-0.002587980364553877
2013-11-05,-0.0028055409433631606,0.001675871048060218,-0.0024809199807203086,-0.008251719924996181,0.007685697812386705,-0.01729348130332986,-0.011115066759838754,-0.00555015134531911,-0.006497303534943599
2013-11-06,0.004265529192215345,0.007869039610217454,-0.0007633203099526309,0.006745895807531266,0.0003392880878032578,-0.0006043997623091935,-0.008308278463400431,-0.00012910081283856734,-8.724355927691718e-05
2013-11-07,-0.013182791204694677,-0.007593474647615173,-0.00659626888806808,-0.00439078654626357,-0.0021658855995017046,-0.006707780444383249,-0.012059844974018685,-0.004782312891387419,-0.006767825935215299
2013-11-08,0.013427582062215393,-0.00995471042503615,0.001672335685553028,-0.0026520055997739655,-0.003941508319015186,-0.0036425984568818626,-0.009327315726594176,-0.009565677331789812,-0.005971759138465371
2013-11-11,0.000722914701713151,0.01299372462163162,0.002973874623234618,0.005904623201347103,-0.0025039509023425666,-0.004448356619078386,0.007177381477796896,-0.00381385178878213,0.014309462685084151
2013-11-12,-0.0023703503039127494,0.022343628239700042,-0.00023482656274842473,-0.005945303210463715,0.0011048529999766465,-0.00232293685335927,-0.015573541056558615,0.00919435593991813,-0.007301304516500906
2013-11-13,0.008095310829387525,-0.0014751163230669606,-0.01438873519167383,-0.004451869719377277,-0.013705861607455794,0.0043258380427249055,0.00822247870013948,-0.01599615130194243,-0.019107120478607964
2013-11-14,0.0048372615039280475,0.02122925813954124,0.005449472096531016,0.010764041745416453,0.006815340042265916,0.013599081826850767,0.0233831747822959,0.0020371162582248914,0.008249706305647697
2013-11-15,0.004222001317979451,0.01946101243512377,0.004096829794798307,0.0002750770379442713,0.008634602381994094,0.018046875581479105,0.0,0.01935392059200236,0.016910126870103293
2013-11-18,-0.003698183719093806,-0.00010681844556748032,0.004484988287039249,0.008764032437068803,-0.0031497660631312208,0.0,0.01600401110537386,0.0025777307991463605,0.027262326791029023
2013-11-19,-0.0020429465317355344,-0.0024887400011869287,-0.003785253426063284,-0.010427416999318484,-0.005897311565063457,-0.009525246191522174,-0.023461599085496054,0.010359009553364107,-9.509696932297196e-05
2013-11-20,-0.003635611090291757,-0.003337176463121816,-0.0025276164114416133,-0.0006067224851352693,-0.008450929981531519,0.0037474857448653864,0.0,-0.007087869898210308,0.0018196950605318118
2013-11-21,0.008128575197741128,0.019203930995325136,3.741909990595538e-05,-0.000977908457267418,-0.0036451057103263906,0.004971374335834611,-0.006503320296774362,-0.01162975154171042,-0.00508715717488728
2013-11-22,0.00496143887295708,0.0010490966835008386,-0.001052185717514309,0.0038234888350183738,0.00899983699921214,0.004894097009222387,0.002139385765492774,0.006244420146656049,0.004918938655970706
2013-11-25,-0.0012633258715840645,0.015434554783210208,0.003044514031433909,0.005487601358647565,0.003171341656309057,-0.006084125302009524,-0.010174668006546761,0.004859861531330001,-0.000499234478998356
2013-11-26,0.00014979361768219235,-0.006651458820049472,-0.008723422688666327,-0.0032967211780978722,0.0007801474882278558,0.0013265488532385739,-0.015624668148006116,0.0033036042024225942,-0.00013384309114217174
2013-11-27,0.0024850922202190873,-0.004228745414186386,0.0019966185569495476,0.00654015189608903,-0.004505685074323251,0.021215930275777062,0.008052961781378043,0.0030504686943795267,0.005281386816928801
2013-11-28,0.0,0.01796094793208658,0.0007519396282711366,0.003169351045366753,0.00027452369482650063,0.0068739478498942574,-0.0002772785285958257,0.008359580246548592,-0.0007250166447186901
2013-11-29,-0.000785732861893651,-0.0041488842203785126,-0.000586072219124989,-0.0018690863466153118,-0.002678308475823732,0.008033838372577762,0.012260344557227354,-0.00043993215268578467,0.0038757262257616
2013-12-02,-0.0027190014453346567,-0.00043417548479207646,-0.008306054969724364,-0.0030486224503019077,-0.007618913356077561,-0.008484408974960056,-0.023581579303878164,-0.006890413571522869,0.006585071409459076
2013-12-03,-0.0031928480204341803,0.006042132037735959,-0.00953705121654258,-0.02058669647702638,-0.004440747136527756,-0.006210227926684797,-0.01748428671982194,-0.010547671338106523,-0.005328108392561037
2013-12-04,-0.001303512241316973,-0.02169697631567913,-0.0034382304900320015,-0.007339376484796989,0.003363538399017374,0.003027686412018449,-0.002643553810222965,-0.011227455508221462,-0.007602109034243187
2013-12-05,-0.004339556338931572,-0.014956574337646744,-0.0017880266729339844,-0.012898761932775393,-0.014371744134298425,-0.002227663548286851,0.011387653166464062,-0.0010217435071471215,-0.0006797675388875435
2013-12-06,0.011237906365719308,0.008062597965803331,0.008257506159274675,0.009064835414148265,-0.0022968634990893078,0.0003688850033214397,0.0030842155855668185,-0.0021967280843623316,0.0012875027886052326
2013-12-09,0.001817083912713402,0.022898902342897154,0.0011431641379182622,0.002929589186359438,-0.008020795913011636,0.008674664655482056,0.004340232964374691,0.010083770532364422,0.002866938184146184
2013-12-10,-0.0031796590299552063,-0.0024855896502347097,-0.005514156609975007,-0.009305142421210721,-0.00016892079053365538,0.004749909137621966,-0.0033686840594167045,-0.003464341775062718,-0.0028129655115645136
2013-12-11,-0.011316861013413781,-0.006165401878509891,-0.002389891021582602,-0.004576373080794172,-0.007641409033520397,-0.004366899583667649,-0.018140325872050722,-0.007765431789109378,-0.017096813999550875
2013-12-12,-0.0037705782675540034,-0.011165925236512164,-0.009599368135076558,-0.006511021914898718,-0.00817632365185883,0.0,0.001070943730715035,-0.005075911161443236,-0.005146917676740137
2013-12-13,-0.0001013798929879739,0.003994962787987388,-0.0008207594740312629,-0.002117399560127242,0.007093508445207952,-0.009921391434254745,-0.0014051823155720733,-0.0025509037414949143,0.0011990634900671537
2013-12-16,0.006319987382556347,-0.01624347290904249,0.012770265653823998,0.019456384842843066,-0.0017246495830968156,0.00403940997253649,0.004563928362927738,-0.0008966279656225096,-0.00564829329483485
2013-12-17,-0.0031009661132691546,0.0082967562006242,-0.005521143172549148,-0.012424591358177972,0.0026638457696566142,-0.007025963272952129,-0.00376415011970066,0.0023404635035566557,-0.001965419348586628
2013-12-18,0.01664795058955648,0.02023545304781904,0.0009080831736352213,0.01132995213749588,-0.0013893265234778962,0.0076947116219312495,0.009444533727554383,0.0045224699095507415,0.003233311211514156
2013-12-19,-0.0005799022450502234,0.017412335287853242,0.014266614089783136,0.018809515006268818,0.02082572130620619,0.0028148851220308746,0.021161539080715164,0.0005165524680572631,-0.011021084678328852
2013-12-20,0.004818744473916947,0.0007062137986610928,0.003322854496028649,0.0060375117533526534,0.012107303172945727,-0.00034480045651108515,-0.008670545419895648,0.0038974514716674236,-0.0033453115613565343
2013-12-23,0.005318095824717428,0.0,0.010902766635687344,0.0070703592568908125,0.005077093688636181,0.007686842593727539,0.0033282707254012056,0.006826833387954867,0.0047948069846897035
2013-12-24,0.0029157708740199517,0.0011915248619758234,0.0023298261165123346,0.000641503658524778,0.006669943342235696,0.0018262431827587022,0.0,0.002353659941208397,0.011255342132036272
2013-12-25,0.0,0.007593775193793562,0.0,0.0,0.0,0.0,0.0,0.0,0.0
2013-12-26,0.004745489058102237,0.010271711600069677,0.0,0.0,0.0,-0.0010646776403137048,-0.0026304567519729316,-0.0011440904480937153,0.0
2013-12-27,-0.0003365870077414179,0.00027821674197059387,0.008470056780750967,0.01252570878133863,-0.0005980576080022448,0.00500466381070952,0.0008892835186185,0.0014905216825888967,0.0027476806063966297
2013-12-30,-0.00017921146953414624,0.0069454488365738865,-0.0029033294967907297,-0.003355435065582113,0.006149254516290226,0.004808994503805675,0.004693117696993987,0.004524841680484171,7.012791676186403e-05
2013-12-31,0.003959653896918658,0.0,0.002647345894608355,0.0026024450729298376,-0.0008559216054214724,-0.00539423568896924,0.0,0.0,0.0026466054660663207
2014-01-01,0.0,0.0,0.0,0.0,0.0,0.0,0.0,0.0,0.0
2014-01-02,-0.008861910017529007,0.0,-0.004619882087807392,-0.01578321003538119,0.002932805003686312,-0.012606521998104747,-0.022635882079307112,-0.021950540435729304,0.001444239112106116
2014-01-03,-0.000332973067391662,0.0,0.0018994002599022064,0.004738670492462349,-0.003318423125867831,-0.0029268674246148985,0.012710053882253547,-0.010700542398039858,-0.02239798115256819
2014-01-06,-0.0025117807979817552,-0.023474478111336627,8.914417138239372e-06,-0.0017141388810283376,-0.0047143061678496245,-0.01281398750551832,-0.00014652491737610074,0.0036688008056973143,-0.005834613065185623
2014-01-07,0.006081772746432401,-0.005940707328234152,0.0036727071209214923,0.013619361649441553,-0.0014815368470552093,0.0060841473825403725,-0.010664339711403792,0.0031536697247707135,0.0012621147365008412
2014-01-08,-0.0002122010142120434,0.019417782687517704,-0.004984123929568041,-9.643325532959768e-05,-0.00017660377954664686,-0.006297721800156086,0.002907395237995214,-0.00024496795002659777,0.012495608199436736
2014-01-09,0.00034830121524476176,-0.014956471037034569,-0.0045285623748471115,-0.006558093780740903,0.001572973005510958,0.0016873220092068486,-0.024813036215928896,-0.006559603054682173,-0.009099609985654289
2014-01-10,0.0023066921273249275,0.001998069309642858,0.007263119195856094,0.0044947674305722,-0.002258654010491301,0.020992152560721955,0.007598484074346157,-0.0038898109562152117,0.0025856473750982545
2014-01-13,-0.01257619262146037,0.0,0.0025534351937850364,0.002509543675402348,-0.003822954063561701,-0.007063130571468457,-0.005423928670961309,0.0053545451731715765,0.0018606992394811783
2014-01-14,0.010817941952506738,-0.03077288547177426,0.0014369963668114938,0.0024389930397115123,-0.015121856738613881,0.0066693359507497,0.005588050231756236,-0.001462348377562983,-0.004258858933380405
2014-01-15,0.005166188114504422,0.02504992737835865,0.007832288535598586,0.015781223453533055,0.00640439105618551,0.001683797210118021,0.00809345895930047,0.003704902701341606,0.004857998322165269
2014-01-16,-0.001347125591058096,-0.003892153259622888,-0.0006510397574143179,-0.005857180726845934,0.012133040023990516,-0.007963068599488254,-0.008164593934742004,0.002068315858453351,0.0036857043053009075
2014-01-17,-0.0038951400137603454,-0.0008090327169275602,0.0020365582752053246,0.0012380166338645804,-0.0006033069432850313,-0.0061987924424149465,-0.010351277801879721,-0.006559990190668885,0.006392472769779944
2014-01-20,0.0,-0.0058966116409460145,0.0010879592344748001,-0.00029485431660369876,-0.0020398166633965875,0.0015523256133012087,-0.00962651676858084,0.004782769686497046,-0.008835728504518303
2014-01-21,0.002773698808941072,0.00986339063323105,-0.00036128383013511733,-2.8542704643363948e-05,0.006877560648198333,-0.0032813699707717747,-0.0034150160105822502,0.005174584651291392,0.004543164863632931
2014-01-22,0.0005748996637378045,0.0015826831670882058,-0.001160330452748437,-0.0005740418892004051,-0.0021939568932580755,0.005358445054247873,0.015606874614123356,0.003325033479471884,0.00213301541432509
2014-01-23,-0.008889563435707792,-0.007905335706556382,-0.007771379350251184,-0.010849593973223493,-0.010673025843617845,-0.012624450761979267,-0.01985855480544907,-0.011586362298393271,-0.015091683003173317
2014-01-24,-0.020875490850223777,-0.019389152192070713,-0.01617237143599559,-0.02851386554082669,-0.004190775278226089,-0.01329102037474894,-0.011035863763393938,-0.003609589287272952,-0.012485319280897689
2014-01-27,-0.0048763049561803,-0.025067634469800315,-0.016969449588369323,-0.0044845122515024816,0.0,-0.0028401797958994557,-0.0018065439034321562,-0.01557282433936602,-0.021111747585529916
2014-01-28,0.006140685691192083,-0.0017040157326567718,0.003308063614964052,0.007954568071597778,-0.012559407372581766,-0.0049550441336149165,0.002932430208559378,0.0034496477066909836,-0.0007034915203334435
2014-01-29,-0.010209205020920487,0.026952315596095122,-0.004267892817311436,-0.008935035871783126,0.010414853097780119,0.0007124775552354023,-0.005939474838804415,0.012634785829425121,0.008240652367144108
2014-01-30,0.011267049938000318,-0.02449637315870934,-0.0008908543032999372,0.005263245280512807,-0.007830358613021504,0.007825037662908985,-0.0065715130418837475,0.0,-0.00479594753949697
2014-01-31,-0.00646531303819553,-0.0061657646467728755,-0.004283889912746974,-0.00440656690780572,0.0003741281426474785,-0.0031347312617202583,0.008355089062671128,0.0,0.0
2014-02-03,-0.02283194677407585,-0.019806188998245378,-0.006878183348590805,-0.016589470331391243,-0.00040308261864197004,0.0,-0.031307758623766,-0.01091620946346239,0.0
2014-02-04,0.00764112544420148,-0.04177129555589143,-0.0025349306953967865,-0.0004959581100960619,-0.017511094542678296,-0.01942844562405599,0.01769759241666735,-0.017245150940644716,-0.028937501531624887
2014-02-05,-0.0020282588878759444,0.012271861238236648,0.0013365853809810258,6.751077640920755e-06,-0.005248903045183773,-0.005105334794209826,-0.007235934079177775,0.002369027744653751,-0.006000157960385555
2014-02-06,0.01243977072914526,-0.0017813344917413376,0.01554532517587015,0.01629699140256058,0.012048965043761628,0.010228212172903817,0.02388663958927939,0.008761076919823196,0.007228701541840854
2014-02-07,0.013301906475022829,0.021708752733992975,0.0020432186487922,0.00920024312555845,0.0068453013727434175,0.0058815382347143785,0.007028140422040474,0.007657674184570418,0.009976133272775689
2014-02-10,0.0015692646715117498,0.017696220754355618,0.003023579967375234,-0.0019615006137916335,0.01076506103033581,-0.010101727938835792,-0.007546345603408056,0.0004161248374512372,-0.0026616628575786283
2014-02-11,0.011062094408391898,0.0,0.012305148257997,0.014690703801776062,0.006194578589993727,0.016034854607945626,0.015760995095033037,0.004554671658087761,0.01778188872092934
2014-02-12,-0.0002692677565599988,0.005552256572412428,0.0003551806925574663,0.005787954814304497,0.010573040687441582,-0.0017065909839200089,-0.005073995946168197,0.001956460979472663,0.014697914399594225
2014-02-13,0.005810054637599871,-0.017926954350185098,-0.002338566268615949,0.0009887265783274923,-0.0003670397201382958,-0.00936592376614831,-0.008380051056797733,-0.004587155963302725,-0.005396263717822092
2014-02-14,0.004809189924747104,-0.015253798829562792,0.000630685555198518,0.006814183573008004,0.009071790807374969,0.009971232202468094,0.00812083283921905,0.00691244239631339,0.005994893873505491
2014-02-17,0.0,0.005594901987908907,0.010861963917510264,-4.809141215622592e-05,0.004973062345589474,0.0006040152892752282,-0.012961942162742712,0.0031335683509596812,0.010652329022562634
2014-02-18,0.0011584712530525731,0.031273991513995236,0.008971199524940632,-0.00047131850550341525,0.0018443610444494052,-0.0076989395976186925,-0.02052638360293868,0.00028257876240789237,0.0022976631993163465
2014-02-19,-0.006524479019535456,-0.0051680091408613515,4.119809959046705e-05,0.0010778074317387976,0.002859541813173161,-0.01027760721550175,0.011825597385050957,-0.0020442650148183583,0.0034000775642692993
2014-02-20,0.006031442241968499,-0.021491169557099732,0.0023952765382073693,0.0002531402204561939,0.0007575473217455997,-0.008803337064401062,0.00292211186950464,-0.006361526148651819,-0.011932306530206604
2014-02-21,-0.0019187076715694307,0.028824473084285707,0.003679735329128686,0.003229123619693741,0.004869612773772403,0.001774085639791645,0.001937675901237057,0.014120182122378422,0.007777055364632135
2014-02-24,0.006186521443158455,-0.0018828616537296394,0.00406548056027578,0.008187324973576438,0.0002800303602186194,0.0017150590390131448,0.00027986350427955387,-0.004484556881853896,-0.007961631035472871
2014-02-25,-0.0013476870118693807,0.014417348264688323,-0.005150119577154166,5.3843303318368285e-05,-0.0011721954575726334,-0.019326655560779837,-0.014297108253241375,0.00811164413432186,-0.003187342106861779
2014-02-26,2.167880679859735e-05,-0.005356905578144611,-0.004589707927677433,-0.002942219744859864,0.000580068393597033,-0.010712221947460021,-0.0024980782778287747,0.0030078478873813985,0.005387772659652512
2014-02-27,0.004948080383272879,-0.0031968536440857287,0.0016354985549664747,-0.0042087675775603905,-0.0046987361030744745,0.007960239985784323,0.02162139658590778,0.0038868056647909377,0.017414642668682312
2014-02-28,0.00278273624945391,-0.0054975135879854475,-8.369712214062464e-05,0.004558300956318151,-0.0012242566544585776,-0.0033418198012845624,-0.01076212931989684,0.0007885040158104317,0.00038461235192643883
2014-03-03,-0.007378525908198652,-0.01272414994336668,-0.014883181344258811,-0.03024231320036974,-0.003791614228923823,-0.00639637737156773,0.0,-0.007727311754099797,-0.014725690284521309
2014-03-04,0.01526767186966671,0.004726243036043076,0.01720542309211659,0.02696145043042053,0.0029539428218448016,0.01426086848206376,0.0,-0.005385073472150892,0.006975792276407988
2014-03-05,-5.336435581226873e-05,0.01196550890263759,-0.007085526036194167,-0.00011478383971075257,0.008517408690067674,-0.0016193178038479417,-0.010731636882516882,0.008766139060748968,-0.003435928647435915
2014-03-06,0.0017184239597398676,0.015916625664619266,0.0019290317057834017,0.002729617949151386,-6.206127908658932e-05,0.003978107212334381,0.010820794608169315,0.002221951664941768,0.00545576617664123
2014-03-07,0.0005380841009468007,0.00920530567072464,-0.011168905014222519,-0.01565257765071415,0.003014565841555461,-0.006719879110584803,-0.018029381355624485,-0.0004758000020246289,-0.0018711208269226454
2014-03-10,-0.00046324891908577914,-0.010077863987791091,-0.003459130271561084,-0.0008141349331730607,-0.009298082550803999,-0.006219765919085241,-0.01537213311890595,-0.010259890210059353,-0.017455933212388697
2014-03-11,-0.0050821182950930854,0.006876259082257308,-0.0005874922452517861,-7.75998370402542e-05,0.0004285302465849572,0.0004799460888142981,0.003610991540238917,0.004835194072921878,0.00021019603475069815
2014-03-12,0.00030519963804387373,-0.02586161030102918,-0.009665665497971876,-0.008759761361982865,-0.005475227467976018,-0.0014148515995395794,0.003592966110707696,-0.01595319445788157,-0.01650949432881854
2014-03-13,-0.011701102665667595,-0.0009716534764089291,-0.010137594586838605,-0.014979807271991774,0.0052778529463166635,-0.015460919589914135,-0.009113901086764686,0.0009521148333282436,-0.006660137567659485
2014-03-14,-0.0028217988019539897,-0.032959007774038596,-0.003950391987524671,-0.0049345264510488596,-0.015374826285413978,-0.0022748603351955277,-0.01052222050826257,-0.0074856026220287974,-0.009955377990888081
2014-03-17,0.009613661175473576,-0.0034890554354304326,0.006198021106360585,0.014827067468981436,-0.002219951379105689,0.0,0.0033834708530910973,0.003974165321110501,-0.003042783278527028
2014-03-18,0.007219595121662481,0.009357269078217989,0.005622416588640933,0.008054598106382427,0.005076947813519972,0.022758838575140494,0.022899166182748232,0.006578367133066809,0.005101529993317477
2014-03-19,-0.006131659767659281,0.0035562445225161277,-0.004867318266598808,0.000849125660837835,0.0020643412874619127,-7.08494644682256e-05,0.009019747368202102,-0.0013039825585889897,-0.0006861723075498594
2014-03-20,0.006040510111405606,-0.01647638170941168,-0.004669008524097462,0.004076245953009483,-0.011500869651271284,0.02072171604923634,0.015273616231843645,-0.00937203253375174,-0.0179208843930716
2014-03-21,-0.0029326766416846173,0.0,0.002251453586123997,0.002457185405807749,0.008326783466795717,0.010236723925243663,0.0021671593503005404,0.008033258314578573,0.012016715953425017
2014-03-24,-0.004864667938195066,0.017650867568929973,-0.005609127108188394,-0.014073999916033975,0.0016500305446731645,-0.004997784953324258,0.012926716945674599,0.005483374161472598,0.019114415931556605
2014-03-25,0.004403910758893792,-0.003599925390147307,0.0129593475236911,0.01432403837649976,-0.0019199942546050952,-0.0007204612760226548,0.003890533327276957,-0.002210171930816407,-0.005224189742498275
2014-03-26,-0.007000353769792356,0.0037418906635771076,6.207522002643628e-05,0.010827865040818452,0.007519359145527371,-0.0007971247218732103,-0.004452664521107597,0.011878943979394707,0.007152020585008856
2014-03-27,-0.0019000734119272167,0.010066200829444316,-0.0025706629524776536,0.0011437078497333886,-0.004958940832878067,0.003765218944048687,0.03504969497938215,0.006954095840269625,-0.0024351520827859963
2014-03-28,0.004640245749145455,0.005001747260630518,0.004137625373388021,0.012343039489429497,0.0031491059028914137,0.003437397349753679,0.00244265540632127,0.001531873587567123,0.01058327551186311
2014-03-31,0.007924117957386345,0.008968408474941736,-0.0026014347948327687,-0.003413786907827676,0.0051971906513546,0.010322561313617085,0.01299749276945894,0.0023271075214537085,0.0038761815374479536
2014-04-01,0.007039319781663611,-0.002417076537834628,0.008220211961438961,0.007825151821862386,-0.0010489670575408727,0.0002078513949028693,-0.0028672067713286786,0.0032080821510771518,0.013429605626096519
2014-04-02,0.002853324281895775,0.01043334940058771,0.000966537945257695,0.000348362070588637,0.002621924110048912,0.010638000830738514,0.02845970698047373,0.0026456088916555487,0.0033587930440017733
2014-04-03,-0.0011264477233063896,0.008400730079377361,-0.0014867007856987913,0.006058134245243263,0.0012188843044493858,-0.008250993324536382,-0.0056641015994840505,-0.001777443985479965,0.0018265010473301757
2014-04-04,-0.012537259698110481,-0.000538088148260174,0.00697985002571766,0.00735009791814778,0.0023922861249623395,0.0008697568674551626,-0.006349763977388068,-0.0028138636705623554,-0.0024373944165054784
2014-04-07,-0.010750151467221358,-0.016922722532274448,-0.010859451426693867,-0.013732343135221536,-0.0016790126188723775,-6.502728929314028e-05,0.02101532092264602,0.0008098224929455888,-0.005905354401228302
2014-04-08,0.003750596193036415,-0.013638466187448794,-0.0048544129104735045,-0.0026083108127195054,-0.0005716950897949324,0.007664112208928708,-0.010089294890181733,0.0016736191385635646,0.009823413616121712
2014-04-09,0.010918162379317087,-0.02103050069556256,0.006815674838294594,0.0016143954985745612,0.009822700868475476,0.000756352912215208,-0.008593414524026843,0.0029703516755894555,0.010895266046730967
2014-04-10,-0.020884743988291765,3.007058194959278e-05,0.0009584650092455682,-0.009403699270137178,0.003106642163470452,-0.01196474551496085,-0.00113157267502062,0.004832537081967958,0.01505001276092588
2014-04-11,-0.009486765443952216,-0.023780919320956828,-0.012085269882278982,-0.011519699574354725,-0.00950636144572159,-0.0016606523542843643,0.014469909332515352,-0.00556105963825726,-0.007906167949571663
2014-04-14,0.008217261757238248,-0.0035737694349231575,0.003361933645244397,0.0048226558940362985,-0.012839474425404895,0.003712161153855531,-0.005219860146924882,-0.0002102691445049487,0.0015284537577531232
2014-04-15,0.006757310404728489,0.006229259764086059,-0.006402116723574491,-0.012789112170572658,0.005450696666584598,-0.0012062464270902185,-0.022137139014139606,-0.002378544030605556,-0.01595308783443583
2014-04-16,0.01048844805695115,0.030068994292270945,0.006506043619231461,0.015442242003933515,0.0059682733876771366,0.01009663601914923,0.014789805041587112,-3.0116399885482537e-05,0.0010916905368294483
2014-04-17,0.0013638975251166752,-1.040389299800104e-05,0.0062392070678611855,0.0052719430693857205,0.006256830782559453,0.0,0.017798438142082817,-8.03128184277968e-05,0.0028300128524794133
2014-04-18,0.0,0.006848607216354052,0.0,0.0,0.0,0.0,0.0,0.0061394041314224435,0.0
2014-04-21,0.0037751025551653328,-0.000267975175441193,0.0,0.0,0.0,-0.005782757034452746,0.0,-0.0025245973616460082,0.0
2014-04-22,0.004092120797696275,-0.00851755535618548,0.008529489453228178,0.013904512629087318,0.004597532557299555,-0.004571989963120582,-0.0025903897098260575,0.002500975380398396,-0.001298756076385854
2014-04-23,-0.0022132957356812977,0.010946036388099989,-0.001050621393165918,-0.007413218155508883,0.0070191370950993814,-0.0042309764209921275,-0.007833678294533297,-0.001920946802247303,-0.009724302132624318
2014-04-24,0.0017169762022830604,-0.009712455495463845,0.004233872780063486,0.004357723782025591,0.0023989781371664964,0.0027533080642767604,0.00480437249089527,-0.0010148122597319897,0.0023616548287754835
2014-04-25,-0.008096411708656825,0.0016848328252918598,-0.0025824257795017402,-0.013295462739159936,0.0,-0.00518536831755545,-0.008068710444068539,-0.013351081397559916,-0.015036697572996305
2014-04-28,0.00323602017816893,-0.009773889998516916,0.002164324101177284,0.0058588040922666895,0.0009166511028833035,-0.0015381209202356416,-0.0003048676685599716,-0.0012172484099692849,-0.004094759023431482
2014-04-29,0.004760809444589897,0.0,0.010410199159422984,0.013531953604730473,-0.00894081418362802,0.014104344242669375,0.008853589310847232,-0.002280044280592697,0.014519804107347989
2014-04-30,0.0029920195066894806,0.0011114042817059744,0.0014948500053915126,-0.0032069262126481757,0.0004552930643810793,0.00021841319009285876,-0.004088072577563273,-0.001516716969416243,-0.014247865291938222
2014-05-01,-0.00014331590541150074,0.01265510402254999,0.004253668494092144,8.441747254095411e-05,-0.007343861642236882,0.0,0.0,0.0,0.0
2014-05-02,-0.0013484243608256063,-0.001906783025074632,0.0019900512126094227,-0.00649334408783675,0.0017057082497440312,0.006297719861385831,0.026219383810970553,-0.0011978856044734254,0.005724232932456275
2014-05-05,0.0018712057582104258,0.0,0.0,-0.0020768497336282055,0.000763275282760878,0.0019510373352829014,0.008793078032197199,0.0,-0.012773200447246058
2014-05-06,-0.008988358642938232,0.0,-0.003497292749493508,-0.0067795755039746775,0.003506447832686499,0.010303577188395696,0.006241233001354374,0.0,0.0
2014-05-07,0.005616473561347535,-0.029331468558555396,-0.0003118307406275722,0.003136717050977955,-0.008319808748752155,0.0080131041537157,0.005076261060391829,-0.009982443963581389,-0.010468990955268875
2014-05-08,-0.001373648314086262,0.00928709618803647,0.00629888588731764,0.01412489278943685,0.007542994812880455,-0.003426059244845847,-0.01166212850634385,0.005526115017423727,0.004178189720899228
2014-05-09,0.0015194894515442314,0.0025282798800885242,-0.0036085828124429176,-0.006307149767499909,-0.002909376943434294,-0.00045127317845872206,-0.006027999132198869,0.003050343484056306,0.0011846800310664207
2014-05-12,0.009672714109279834,-0.003526158149636749,0.005455956868885448,0.007185726534111758,-0.0022707129306115403,0.010687995588974486,0.017938868188038137,0.004288160282129416,0.01823263881106829
2014-05-13,0.00042179632509942167,0.019500308137661237,0.0031130733024409274,0.0014998581215290852,0.009131604642796942,0.0035797983042886727,-0.0026906974463905,0.009155495842112282,0.00407742297165381
2014-05-14,-0.0047010461408732995,-0.0013642564802183177,0.0007871289145477967,-0.00042344120705650745,-0.00030864685906806244,-0.0021857700968561655,0.009369389691148422,0.01407008820281086,0.010307179817093282
2014-05-15,-0.009361778737960291,-0.007465763694522232,-0.005466316008309935,-0.01470212620155631,0.0026094806582228625,-0.013825762833640787,-0.010236610898884724,-0.0003133034617545105,0.006557654353296805
2014-05-16,0.0037469599379960083,-0.014101065797746615,0.0021810027642601426,0.00300326882101154,-0.005769538903241389,0.008108641991942944,0.0022322680266506634,0.0016117799223958063,-0.0007896753576416282
2014-05-19,0.003844802061921504,-0.006395163653053704,-0.00164240257533399,-0.0008888272523259744,-0.012788544862935902,-0.00140314147121956,-0.011535919086641866,0.0008443261284170056,-0.0003702739983559855
2014-05-20,-0.006498397945975731,0.004912740139535687,-0.006216624905947099,-0.0018833401684597018,0.002103355996283751,-0.0008353240495651004,-0.018497706787421797,-0.0019254245362605449,0.005733665132462651
2014-05-21,0.008116059653038521,-0.002350224685174318,0.0027991767127315548,0.007316849614245502,0.0007776247741844156,0.0005712221714575527,-0.0031092580919100943,-0.0014567982259877654,8.05791891982377e-05
2014-05-22,0.002362250599831528,0.021052301745385638,-7.037050068603445e-05,0.00017257175847484874,0.010206344580129478,0.0027488119480798545,0.011548105036130796,0.0036149437592427613,0.005133882045075033
2014-05-23,0.00424837119350685,0.00867497710595555,-0.0007052206856915655,0.004909603686751529,0.0023458320285727474,-0.0006208283624150601,-0.003405091294169438,0.0007838895807183999,0.0005271467506848815
2014-05-26,0.0,0.009704629388259223,0.0,0.01158500037461585,0.003649149329839174,0.002067373571971176,0.0058240719821094356,-0.003380974335331244,-0.00011669495503330296
2014-05-27,0.005987803402208947,0.0023283652410679423,0.004282727506143891,0.0012004727825971617,-0.00020461356424672505,-0.0010858339733429423,-0.0143375831784045,-0.006327256447882124,-0.0008221857774054486
2014-05-28,-0.0011140691768964928,0.0023523351179106644,0.0009174660406081614,0.0006041402098462267,0.0028085693296608927,3.527255316315703e-05,0.00892724687669988,0.009726525933230867,0.005915630461596155
2014-05-29,0.005367110347788806,0.000734103790142937,0.0029294052738051413,-0.00048671694021384937,-0.0013949239603610053,0.0011789673370996567,-0.007606609073941284,-0.0023797011491972775,-0.003028158975529882
2014-05-30,0.0018437211918562735,-0.0033606416686873253,-0.0038973758930272995,-1.849192211200723e-05,-0.004878545469830131,-0.015410883905515593,-0.019142661450163856,-0.00859729855982827,0.003107760317842656
2014-06-02,0.0007278133886472471,0.02074440384954479,0.002862147911245616,0.0009862540837084488,0.004718394711669349,0.013882136263007272,0.007152512112763354,0.0035288928098808903,0.0
2014-06-03,-0.0003792266892471696,0.006583457865334097,-0.004050057545781693,-0.0020814089537534164,-0.007027139083317091,0.004515852578802715,0.008265538990458898,0.003276723276723237,0.009071708478380014
2014-06-04,0.00189165592649565,0.0022422136122519642,-0.002584731506809268,-0.0009595685335571646,-0.006360404424854527,-0.004101733628732118,-0.00383222908504266,0.0,-0.0059821287499399745
2014-06-05,0.006525302404714051,0.0007572358832914627,-0.0007538171157549511,0.008993400104387872,-0.0014593660408129816,0.0052374902570238024,-0.005289875287895929,-0.006512128091767155,-0.0018162805252829317
2014-06-06,0.0046277686734073065,-0.00014125258548602915,0.006563449861965109,0.008334736229932194,0.0049933013100886825,0.014351114918705221,0.030448154427208385,0.0,-0.006865527229738544
2014-06-09,0.0009387311227839756,0.003101363379504507,0.002448160671662203,0.0033330500139636676,0.0,0.005417003870657577,0.021542045291562006,-0.0027261611241405914,0.007253278724238754
2014-06-10,-0.0002459936349147318,-0.0085427135678392,-0.00021090909090903942,0.0025837604303442507,0.0010287275037921262,0.0008202745455183624,0.006102095400378316,0.0109344535788225,0.008576630574193445
2014-06-11,-0.0035370285884179786,0.0049803932029770515,-0.005045427762946364,-0.007456696239966254,-0.002862887280052462,-0.002333822043629863,0.009121985541808764,0.00142658315935984,-0.002506890195207223
2014-06-12,-0.007088878485922656,-0.006367173917082636,0.0006199854654349579,-0.001462410575569506,-0.0046197337217459555,-0.007618848470862805,0.0,-0.0014990047997934797,-0.0035373854821434403
2014-06-13,0.0031345363735746368,0.008301983567001292,-0.009536599587029793,-0.00043845226350980315,-0.00437426480042169,-0.0030963718762333503,-0.005368183332716381,-0.010339770834886908,0.006220059357014529
2014-06-16,0.0008367077101065767,-0.010898910042761,-0.0034243897401092793,-0.006524838249808096,0.0013439281146467863,0.0026029959285085447,-0.0032311778280879055,0.001376296556747203,-0.0007933386994477543
2014-06-17,0.0021725892516177847,0.002858044007716831,0.0017958025890350005,0.004265013399071593,-0.002151389932034453,0.00038477565513383993,-0.006033364726599544,0.0039927969141098085,-0.0041664037986889335
2014-06-18,0.007718886297045868,0.009336957806405755,0.0017423379248888704,0.0011815603313254375,-0.003323846240587569,0.004457832230061243,0.016622298915560663,-0.006025330368964021,-0.0009425265659321891
2014-06-19,0.0012774785639098063,0.016232022122547374,0.004359332955671924,0.01085630641619928,0.01588119017894285,0.0036156682070715984,0.0,0.0012767091063539127,-0.0006034927520478517
2014-06-20,0.0017300508298119244,-0.0007642651987219695,0.0025102414620210567,-0.003752865934596339,-0.008911335422014166,-0.0021332782089029667,-0.010223261465867273,-0.012027931306255457,0.0011364945983056707
2014-06-23,-0.0001324591032518807,0.0012938599634384484,-0.003610150618296837,-0.005989655882459921,0.006242486587722862,0.0011899951756322302,-0.007835911109061233,0.0034805672562461254,-0.016782314092487427
2014-06-24,-0.006435308084642322,0.0004528514022776875,-0.0019836601691626266,0.0006793436869778624,-0.003763588546103813,-0.0007449309395194392,0.0013047396193139882,0.009838373199926975,0.0033251756975829494
2014-06-25,0.0048974861280628446,-0.007129831480257809,-0.007875268709472527,-0.009894027356224577,-0.005664869306370113,-0.0007128406454880443,-0.015752168631327668,-0.006307819590342656,-0.0006092486923442442
2014-06-26,-0.0011788541129760244,0.002743241623385906,0.00022276279326716164,-0.00587889838299549,0.01153515934636129,-0.0056094864936193645,0.0015163103028614788,0.006701080347366162,0.014480882680929064
2014-06-27,0.0019108735860047243,-0.013945856188298134,0.0033629690339593843,-0.0016516196078795176,-0.003525416433410977,-0.002814581192008281,-0.006530951702355292,-0.0032781133304929932,0.001021216208584974
2014-06-30,-0.0003722666449086365,0.004445180523352077,-0.002046533101896175,0.00012082345833919206,-0.009055555912658386,0.005725768381596774,0.00020542804092760214,0.006889580640781379,-0.0013263558974605516
2014-07-01,0.006677787810614122,0.010823039024937309,0.008745629409514288,0.009438579535598457,-0.003678082015335482,0.0031745199787445166,6.150290530682057e-05,-0.0016032284325819823,0.0
2014-07-02,0.0006587882350557184,0.0028558938288680835,0.0019770921898243365,-0.001982379530550471,0.014788218756260685,0.009484792703259304,-0.0026839571356754854,0.008144072036017969,0.015476017993404145
2014-07-03,0.005479535302995053,-0.0014105427661861292,0.007165104006971568,0.01153047889922365,0.006570369437553625,0.008808331338546527,0.015949829507674984,-0.0021386606327656876,-0.0007719869789830636
2014-07-04,0.0,0.005788266966547884,0.0001223560532015444,-0.005860627707272692,0.00614268713197097,-0.003267011293909605,0.003365594683058415,-0.0006514269233255376,0.0006340453452913231
2014-07-07,-0.003923563542590047,-0.003737093617790288,-0.0061957020412026775,-0.012093063076560773,-0.0010988283026025503,-0.0015053520308578872,-0.004700134490407182,-0.0022590886020521506,-0.0002310335865077784
2014-07-08,-0.0070487700048037505,-0.004228372424483595,-0.01246572511801114,-0.014404565882163545,-0.0014426774876536985,-0.001130428478881007,-0.0031065857797030194,0.0007680338333866388,1.9540442769638844e-05
2014-07-09,0.004644270284308805,-0.0007679042157027194,-0.003028886464988223,0.00587869538183261,-0.010607803419487305,0.006527594708528817,0.0,-0.0030697776404573496,-0.015517781880246662
2014-07-10,-0.004131121282624384,-0.0056317043126516975,-0.006798113735553835,-0.016393493802878356,0.002194229272383108,-0.0048632594550979125,0.017862692969792482,0.0011697075731067486,0.0027148692595424517
2014-07-11,0.001470977461978551,-0.003445608606989614,0.0026677177674498953,0.002050409605819814,0.004089159600384029,0.000173435839895264,0.0035385651025090503,-0.007040003195462385,-0.00023839246025758598
2014-07-14,0.004843537968153511,0.008756241740327741,0.008366005647091113,0.009125607766744315,0.004484951409684967,0.011168113209586661,0.017487154092300727,0.002584551022255299,0.004873146261101802
2014-07-15,-0.0019321228061301987,0.006428787159684202,-0.005290432751173357,-0.010078911188815654,-1.850709102824144e-05,-0.00015943616458002907,0.004119368584733163,0.009448913675847992,0.004852512156980016
2014-07-16,0.0042011270574879855,-0.0010301939050975095,0.011060361078616188,0.015597304795877953,0.0013717274275992786,0.0011100892325213163,-0.0045780502633294695,0.0003775984737071081,0.002699066835578634
2014-07-17,-0.011834050777918548,-0.0005878030859661765,-0.0068315776596357125,-0.01408705751590722,0.0006470540378002987,-0.0020102601204338155,-0.001433126049044664,0.003685162008065568,-0.0001024516989127644
2014-07-18,0.01026494801135791,-0.010055132444083625,0.0016517470229968634,0.0020235478906334148,0.0016720900038569297,0.008154230482350533,0.024720552735016277,-0.0007323469741205013,-0.002809419889655329
2014-07-21,-0.0023202677154209317,0.0,-0.0031128462319152117,-0.008580340748559734,0.0014961140083706859,-0.003459209691297649,0.010892622546827102,-0.0004555763536064905,-0.002884272253130482
2014-07-22,0.005016137776584273,0.008384097751600317,0.009942869372395524,0.01662703295442225,0.0006054217193689482,0.0029769479167822688,0.0060624021409614315,0.005167203368838358,0.016888341199479795
2014-07-23,0.0017544478782776096,-0.0009593776558859402,0.00041351867603389714,0.0012260051046966147,0.006034498621216855,-0.0013123321031724977,-0.009715897606415114,-0.0003006510820975361,0.007979106984199458
2014-07-24,0.00048817066849182744,-0.0028795920817088483,0.0034288740319057265,0.008436862890017105,0.00198215984413852,0.005008483221683013,0.009710908889521974,-0.0008381320501695821,0.007076210575144959
2014-07-25,-0.004849143351542851,0.011348157143025395,-0.004384691840163213,-0.013999695658790112,-0.0007684599965031014,-0.0007600115082310177,-0.00269897525870344,0.0035675163572845836,0.0030863865128512025
2014-07-28,0.0002881203433182655,0.004627416325793776,-0.0005124014400248456,-0.0010834679794266,-0.0010959066034685883,0.003567516517364977,-0.002168067424544784,0.007355508026648971,0.008780141732680269
2014-07-29,-0.004527745071781997,0.005709814931677881,0.0028992040447433087,0.005987608582554094,0.0019812148558480125,-0.0014295665705914562,-0.009999181915053779,0.006423240808078656,0.008674248207942714
2014-07-30,6.091525165596856e-05,0.0018030396841606233,-0.005039844295104956,-0.006679120148940343,0.006164515438666696,-0.0038270023194022507,-0.0042164743978384545,0.010009844954097513,0.003720699189506016
2014-07-31,-0.019999289365352446,-0.0016272290513432708,-0.006397044928426299,-0.016950489551089687,0.0017834258066051767,-0.011134240525954353,-0.01843525709514593,-0.0031162819731012092,0.000996271663551207
2014-08-01,-0.0028591110857888458,-0.0062519325231726874,-0.0075674840381508846,-0.013782655167211777,-0.0135881712378354,0.0038436530999237384,0.0013157939516108552,-0.0014546365335337264,-0.009064965857934149
2014-08-04,0.007189050203880276,-0.003131460126224783,-0.0002485335026155555,-0.0006867215392977188,-0.0027890496192388703,0.013835049291696988,0.012762493231563976,0.003530943996912894,0.002757574361773374
2014-08-05,-0.009685454798632254,-0.009964134543927083,0.0007427907366805986,0.0005666903330445727,-0.00402734152505857,-0.0025334871933098135,-0.007316440327375551,-0.006806317955028285,0.001958530216161769
2014-08-06,1.56232912025267e-05,-0.01047759477451815,-0.006931558343608923,-0.007105657183777092,-0.0011899841281087786,-0.0012569219507897467,0.005072408326379341,-0.002676333084897453,-0.0026018063749732034
2014-08-07,-0.005556597092030158,0.00478766526449248,-0.005845247854180724,-0.012290312322767338,-0.0005420905755701977,-0.006969378358551714,-0.005295537854783983,-0.0030183478670179342,-0.007995808678200156
2014-08-08,0.011531391884036735,-0.029804948277910803,-0.0045487823178024245,-0.002008045458166352,-0.013377367895406111,-0.00023120784565300312,-0.010947523539257986,-0.011394444417403782,-0.0023024033564653656
2014-08-11,0.0027593847555642537,0.023828744306713112,0.009967475515275659,0.013545827333105054,0.003996644165650265,0.012996205727345389,0.01872116514281319,0.0040716852936832915,0.012930200099377842
2014-08-12,-0.001636618962063574,0.0020349598030999783,-6.0306174447632976e-05,-0.007806244995996803,0.013430375077445822,0.0012283131553949556,-0.0030201373104421503,0.001029729769487675,0.0017605276632899347
2014-08-13,0.006707175177763425,0.00345088913820768,0.00365779006757716,0.010715100685568135,-0.0028217158382973784,-0.00022533176077998984,-0.015257163328097234,0.010232822426976762,0.008138307071736461
2014-08-14,0.004345771348730265,0.006634839942867066,0.0042934315604776785,0.000651141788578391,0.006120349218219356,0.0015441387569437026,0.0035843061294658085,0.00041699800228856,-0.0035748808573928814
2014-08-15,-6.137542323469969e-05,0.0002461708033592025,0.0005714063476962572,-0.008057132393334498,0.003253509526049525,-0.0036543640058204208,0.02121246509303165,0.0,0.006192402352128923
2014-08-18,0.00853170746677856,0.00027809801845379845,0.007799278824591749,0.013162926237506145,0.0036971020684011258,0.0050522828821315535,0.010481596597128107,-0.004890414013047462,2.0837557613839763e-05
2014-08-19,0.005000659316136913,0.008300810567397177,0.005645837196365688,0.005745985781451024,0.006564225961867232,0.0024093291221163327,0.015437089737584841,0.008771972549229679,0.006711557310504546
2014-08-20,0.002477795720629894,0.00030162222269680683,-0.0035151069946647295,-0.002461898800107498,0.001925040768864017,0.006342342839248838,0.00733884021516773,0.0007918344486612661,0.00146519417504698
2014-08-21,0.002949897055640305,0.008525052654736909,0.0032832604048862457,0.01331603697097461,0.0007556876677912161,0.003587115908862293,0.0019339912334337406,-0.013783421298931953,-0.006584323538857295
2014-08-22,-0.0019926017757744274,-0.0030161296531546755,-0.00035557994942203575,-0.008340374324704913,0.0011977596184762351,-0.0007788971503419617,-0.009913020571734155,0.006109939781137941,0.004726315410436888
2014-08-25,0.004787769060551117,0.004766014187354672,0.0,0.021613684040664882,-0.0019005901040010098,0.0028506893334852013,0.02273430796002973,0.00203724412894446,0.0021774251032267156
2014-08-26,0.0010510931368623577,-0.005894352553119986,0.007012287369469794,0.010131196947056997,0.0004860791302749856,-0.0008700269029282559,0.0014443752315427272,0.003474227154287801,-0.0036718850268070424
2014-08-27,4.999950000494913e-05,0.0008762197816924999,0.0011578891826766746,-0.0009663678953195642,0.0024050912228272825,0.0029968272122908868,0.018874835029909942,0.003326805444742398,-0.0062114897605136665
2014-08-28,-0.0016898986060835952,-0.0048252892534319525,-0.0036394726131880883,-0.009394418444489627,-0.004737769065344399,-0.002186794149251159,-0.010823524702065934,0.00040001349443130607,-0.007133182844243802
2014-08-29,0.0033204122720034146,-0.0022813919401598604,0.002049722295689005,0.0025881356574939396,0.00026420553697303895,0.002786954564794719,0.016541144621067705,-0.0034782441129996844,4.284386241470983e-05
2014-09-01,0.0,0.0033718886531182157,0.000815279152461601,0.0007627741022433465,0.0006989110177135771,-0.004165197359784156,-0.0023965481092186325,-0.000328734276349385,0.00040538257525835064
2014-09-02,-0.0005440832197746159,0.012405825568923445,0.0005655420779422382,0.0016503677107446713,0.005095005583652945,0.008517532886541668,0.012343708267754439,-0.007872873405356362,-0.00012402993040183663
2014-09-03,-0.0007791118125336505,0.003813359202481381,0.0065029864536978454,0.012121536086331819,-0.00042696744779679996,0.0048940470563487715,-0.0009522427789333543,-0.00018522309634527723,0.022987980938235175
2014-09-04,-0.0015344475988643413,-0.003316940429224924,0.0006386773704532001,0.018146288725130688,-0.004390661755150793,0.005734502543250919,-0.01677020762960202,0.0024668486739471973,-0.0007911383030617669
2014-09-05,0.005035917202713236,-0.0004784328835213403,-0.0033251090074541967,-0.0006102677549775226,-0.005783429324266787,-0.0017696822086048503,-0.001941446729787133,-0.0033312907900753252,-0.002283586951021932
2014-09-08,-0.0030731529952034986,0.002325020359085883,-0.002965675190733874,-0.002354018777192546,-0.003880012710109293,0.002721091966851885,-0.024541552533388078,0.0,-0.0019690849697803214
2014-09-09,-0.006544960380507003,0.002804182842399694,-0.0008442127533188071,-0.006766558328283656,0.005545305067088391,-0.0095361587531958,-0.008724210312918479,0.0,0.0
2014-09-10,0.0036460743095090287,0.0025163262779261952,0.00016254209986810153,-0.0003913194861697722,-0.005994048391767537,-0.0004599786954941898,-0.008140930398862545,0.0,-0.019256900928725007
2014-09-11,0.0008819004955680221,0.007626935076681107,-0.004464056947838246,-0.001972775695403328,-0.005051233504153596,-0.004825244231006054,0.0023820136064987008,-0.007441165994115262,-0.0017291794169362884
2014-09-12,-0.005962602317955423,0.0024570688658134276,0.0010794720881461828,-0.0008308213085590488,-0.0027015258401136277,0.002782850111445301,-0.024160875488045574,0.0037853462854444686,-0.002729634783624091
2014-09-15,-0.0007101342707775959,0.0,-0.0004039982606038883,-0.0010417085256270164,-0.010429672570330006,0.0013567774461404891,0.01793411691052227,-0.0029580872341884445,-0.009690054855964414
2014-09-16,0.007484388623729243,-0.0023049493080449235,-0.0017592049628097906,-0.0030850635888232114,-0.005132956264910504,0.0,0.020119498674346037,0.0034875381909993397,-0.009072549604856928
2014-09-17,0.0012956607870013848,-0.0014366940199969092,-0.0016695523126390999,0.004876262132456732,-0.006997702079881374,0.003963643848567955,-0.000109448316204519,0.009638164979539177,0.009960221262752311
2014-09-18,0.004891160439055353,0.011259595674150136,0.00566149036263619,0.010480503113571071,0.0015854627875813154,0.002715251320378309,-0.012413000634937332,-0.007209312473031804,-0.008520122528296814
2014-09-19,-0.00047728899848853423,0.015783344961310286,0.002731955966090327,0.0005746827781634156,0.0031817855334004275,-0.008809876141034234,-0.01003486455039948,0.002969126939943667,0.005686689241300336
2014-09-22,-0.008013330680461617,-0.007062606418534956,-0.009401981889229472,-0.004817841594745298,-0.01290322818139844,-0.010049844958360588,-0.016795498081804916,-0.007084359875743851,-0.014427206930259562
2014-09-23,-0.005776491884329715,0.0,-0.014401436157569947,-0.015825116347606194,0.009840097483570176,-0.006331508542669284,-0.004885942175830937,-0.0050802493048982544,-0.004943334492427454
2014-09-24,0.007832476787524412,-0.0023725926977211653,0.0045221147739393786,0.011877988602371436,-0.007378880065409432,0.0022607934169749377,0.005021533237236975,0.0033170520131500236,0.003546576823409975
2014-09-25,-0.0161687434319171,0.01278432900673887,-0.009925040298109145,-0.012854460991180705,0.0011907142518319258,-0.007443323948831626,-0.015175517849544184,-0.0007516063744081869,-0.006415956116666011
2014-09-26,0.008575832023560492,-0.008811455135964374,0.0014578949984260792,0.005392981941161112,-0.012773853500616661,0.0023047659370734053,0.022341914382024264,-0.0012142902792866561,-0.0037748026453912065
2014-09-29,-0.002546839145674107,0.004977245644755879,-0.0004195873606450684,-0.010134862311233173,-0.009259205238062562,0.00030879373714620684,-0.04521801050751606,-0.00248075446437368,-0.018970868398680563
2014-09-30,-0.002785923753665709,-0.008406782321233153,-0.003592814371257469,0.012231130077346775,0.00543195692730758,0.0019481854391012465,-0.009324791511633235,-0.0032122767196289814,-0.012752478452775606
2014-10-01,-0.013248558781923436,-0.005643174769623505,-0.009844897564746824,-0.009563133731978035,0.00780643635179179,-0.01379773021002706,-0.023238052789582686,-0.014133033676717366,0.0
2014-10-02,5.138323673214984e-06,-0.026131915621259494,-0.016946955556368937,-0.027748913955206067,-0.006828667467796978,-0.002491380585038283,0.012488831015223134,-0.0077226668809061705,0.0
2014-10-03,0.011165519969992266,0.0029791871914104373,0.012645837437697649,0.00867558153758985,0.003870732704067237,0.009574408708913351,0.019077116597098875,0.0,0.005737588398891047
2014-10-06,-0.0015651201788710045,0.011605071091405073,0.005474952932868149,0.0016914695679093317,-0.004757238853441592,0.0031941795249310623,0.047238196868144344,-0.003931867864950145,0.010859951371281262
2014-10-07,-0.015126067527814313,-0.006740943744710126,-0.01037075407738064,-0.0180235577489829,-0.0016457862223642206,-0.00634146831218052,0.005610171598451563,0.0022962929094336726,0.004609899875788415
2014-10-08,0.017461629889928165,-0.011901420631114323,-0.0020537042111713477,-0.009341033710781543,-0.00812497634457443,-0.0010923595010129405,-0.00657858884785989,-0.0038825896771773616,-0.0067964505954097865
2014-10-09,-0.020661387888607274,-0.0075051391448308635,-0.007773547415708015,-0.003556795739705465,0.010572827252041783,-0.009121567021376897,0.003663784944849535,0.0,0.011657832305177251
2014-10-10,-0.011451034897651202,-0.011524052373129257,-0.014285159013347704,-0.0167463721671679,-0.020470932646311835,-0.014664432354396184,-0.03415443271256857,-0.01238010431242842,-0.01895045280275398
2014-10-13,-0.016467921915084505,0.0,0.004143552729744648,0.0022797927461140066,-0.006312336734542456,-0.007990196089717072,0.0478189110094287,-0.007063660532118821,0.002375204322144331
2014-10-14,0.0015788856054705924,-0.023792608762430056,0.004153157907964555,0.0008904986792601655,0.010071762153954777,0.0021161015181021536,0.0010167965542451363,0.0010585250180312755,-0.004122561181642448
2014-10-15,-0.008100335516855739,0.009172825512787197,-0.02831989087518849,-0.036134742201739956,0.007332602582311276,-0.004513679412966987,-0.032408430442506186,-0.0017312427108979733,0.003995145776395814
2014-10-16,0.0001449672213005293,-0.022233691931280886,-0.0025323425053609405,-0.006188311351575604,0.0017690976763053978,-0.0017990017436333439,-0.032723455324967676,-0.0036761842453697513,-0.010333166955127648
2014-10-17,0.01288410745345625,-0.013968292308923935,0.018460565114728933,0.030469796323030485,0.0032025396525752203,0.008527156714821293,0.02625237277094894,-0.009469312028684063,0.005339082151212926
2014-10-20,0.009142657253704778,0.03982243948223663,-0.006849130547090576,-0.011795128011234612,0.009051692986028703,-0.001377286329970917,-0.025504726078394935,0.015468311007755142,0.0020435899251234346
2014-10-21,0.019574477024805637,-0.020312707833842758,0.01679572750902736,0.021917808219177992,0.0010512386738525947,0.009642267881399214,-0.0344392539800602,-0.007657793021978554,0.000794095948636997
2014-10-22,-0.0072993076732877915,0.026444379598332457,0.004299840089888596,0.0057062437739432426,0.01142472222227453,-0.004121650457087678,-0.0004081443488315184,0.011324714924188628,0.013659999878727902
2014-10-23,0.012303397315150733,-0.0037385403964393937,0.0030345030180960464,0.01188952744363525,-0.0005074390980247534,0.0055306295058197286,-0.03239337215849403,-0.0027465577680604314,-0.003024700510212641
2014-10-24,0.007053444192698377,0.010085237030813321,-0.004738945187446997,-0.004575764543573335,0.005408186865088815,-0.0005841011868331636,0.024204123339734096,-0.0030854450858074367,-0.0013277230107512361
2014-10-27,-0.0015015932158526368,0.0063485669293810165,-0.003955402716971812,-0.010404670056791687,0.008629685853272173,0.0033200093254315277,-0.02766749716455663,0.0032611687239378906,-0.0068221026340861135
2014-10-28,0.01193905068743839,-0.003821630389012176,0.006083168590672372,0.012441477371250231,-0.0011643256198897722,0.005230023571969333,0.0361631216430649,-0.003255744136813732,0.016295478202480895
2014-10-29,-0.001385355532606214,0.014611957930607655,0.008075386939115914,-0.004522174464370976,-0.0009021387602753395,0.00452546841890622,-0.02447371041063806,0.018429853350504732,0.012734073798190026
2014-10-30,0.006230136709882483,0.006705066443100316,0.001499875268637263,0.004460002249852879,0.005235991327682932,0.008145086658947864,0.0252209040198772,-0.0011421753341117613,-0.00494671045643813
2014-10-31,0.01173138144536634,0.04825331136401356,0.012828863395502488,0.025501498731842265,0.009203274604684841,0.009602175102866095,0.04378885767441387,0.0028076551995221966,0.012489220337152496
2014-11-03,-0.00011892668665292039,0.0,-0.008936113661255574,-0.009957216090861198,-0.0035672914387538945,0.003492086617250978,-0.012473136781832261,-0.005833753302484701,-0.0034206931726981082
2014-11-04,-0.0028298006254305896,0.027337429083890807,-0.005240468127935216,-0.015598639985465623,0.002367399222101385,-0.006646710085435936,0.008089018876045628,-0.009104082499987176,-0.0029398765761957657
2014-11-05,0.005700511902986927,0.004438851484984019,0.013196528648258266,0.018884465302678732,-0.00037101960099450437,0.004178509117749751,-0.012598837259548246,-0.0019429616730139987,-0.00629213030798903
2014-11-06,0.003775505665729373,-0.008551529994119456,0.001836632951733641,0.0034060694669970637,-0.0021328859147976553,-0.004928117202749993,-0.019765199795450217,0.002614643036506603,-0.0019543696261165033
2014-11-07,0.0003495453448929542,0.005234485912742004,0.0024560573334453384,-0.01197587417434165,0.007813687601784691,-0.0052441635269318,0.01112885104145267,0.001750599025035049,-0.004189128562313238
2014-11-10,0.0031202015827394014,-0.005915151199202939,0.006701445356040114,0.009683776411782308,-0.004536386784955493,-0.002054481643477768,-0.009346925239817172,0.009464551748313177,0.00825724069054079
2014-11-11,0.0006966726521642208,0.020474919445333528,0.002442805823406946,0.0032282039682027808,-0.001241139277514458,-0.004990005165869338,-0.004762601995471627,0.0024358732120333126,0.002677650170353818
2014-11-12,-0.0007010903671164082,0.004259491442182961,-0.002468539698825989,-0.018453322338859546,-0.009796630513017601,-0.01255642388641487,0.009616522535711436,0.0021752419765663777,0.005456085025881796
2014-11-13,0.0005298663068808995,0.011382184735172718,0.003692308623151508,0.0031175138647328016,-0.0037246579384563328,-1.760218468249697e-05,-0.02138323396356545,-0.0034362339689010257,0.0034154643335457813
2014-11-14,0.00024027499227696758,0.005636818474781924,0.002851351453179607,0.0010435749803714423,0.002138275386646127,-0.008499261609645314,-0.0014201665971338429,-0.007839796787570519,0.0028076672964212346
2014-11-17,0.000735359002264957,-0.029560060900483465,0.002644878478353485,0.008104601649025156,-0.007663069165813163,0.0,-0.009955304370668605,-0.0007762937372116641,-0.012051954176834467
2014-11-18,0.005133932945349251,0.02181361863578002,0.00556956940753639,0.01155021897762909,-0.0023750379904463603,0.0027538497754657776,0.015702638801069035,0.012029038448675866,-0.01125810393544091
2014-11-19,-0.0015011209669559822,-0.003188988045474961,-0.0018676042944464344,0.0008652681369814008,-0.005712550164916785,0.014409268948264442,0.025756859243983854,-7.117401538381252e-05,-0.006624118062812934
2014-11-20,0.001967081885274835,0.0007004554985179379,-0.0026431323358122594,-0.006695227849073948,-0.00979726734470221,0.002069217348967367,0.0,-0.004489366353648161,-0.0010126935380569968
2014-11-21,0.0052368773596394025,0.0032744037001628534,0.010759256763838376,0.029659500807488692,-0.002245758471582482,0.00958754944082063,0.0502076576120245,0.003472860615717721,0.003746524571685006
2014-11-24,0.0028640659074388175,0.0,-0.003106316918391472,0.0054723844944932765,0.01084006293001627,-0.000273562686856077,-0.012073488286507117,0.006972577919830636,0.019457168798896918
2014-11-25,-0.0011500862564690628,0.0028869348195681432,0.00020060061309501442,0.00449917489180196,-0.005039162192426283,-0.004035089252678259,0.0027776318874306316,0.0008440567286989165,-0.002060424038029307
2014-11-26,0.002805958307329659,-0.0013810044107119834,-0.0002926695923721745,-2.1697689196131797e-05,0.01151386606957927,0.005201950810310052,-0.008321332968327821,0.0003181480752041388,0.01124270306338171
2014-11-27,0.0,-0.007770551290355754,-0.0008544887408105106,0.0058399047760751,0.0008733909305587151,0.00038077372504607965,-0.006845017656570196,0.0006310454150764144,-0.004466659312093002
2014-11-28,-0.002542417853852008,0.01225323941212264,-0.00011898706313162588,0.0018521257843027161,-0.01627907235098003,-0.011160188331814314,4.8975426762298824e-05,-0.0006609185253948491,-0.0007011249660476837
2014-12-01,-0.006829306041904459,0.007459972451080654,-0.009854788757954536,-0.005543029225483109,-0.019815358554489126,-0.018067243910282027,-0.044722973466851834,-0.0078554912711154,-0.025846849081498813
2014-12-02,0.006384408602150504,0.0041568837016277005,0.012879392221285757,0.0016826945383570102,0.014120956172575472,-0.008849543246035485,-0.012703776719900195,0.0003103978180558631,0.012275622714502443
2014-12-03,0.003764728654036764,0.003238933784440068,-0.0037777547055072302,0.0028934488242469136,0.007680744307370757,0.002423266145167746,0.01371780889385854,0.0020754592207872236,-0.009540760030945727
2014-12-04,-0.001161820925310808,0.009411735494003093,-0.005547424824651648,-0.01738758267338314,0.008825735091152032,-0.006869038967774577,-0.017079545141787666,0.008477544659400538,0.017241305719244426
2014-12-05,0.0016651222054904213,0.00185831105018619,0.009502393189776859,0.026989424206815604,-0.006232128195691078,0.009673686214197064,0.011006308569819545,5.033700625656223e-06,0.007136455336732572
2014-12-08,-0.0072565373885138396,0.0008476349645236692,-0.010483713094185942,-0.008967528940800329,0.007005185993076646,-0.006673785124058584,-0.03305875091767352,-0.003860828945646322,0.0018760436352001086
2014-12-09,-0.0002378282879760274,-0.006816595337551301,-0.02138441132168778,-0.02623776551036172,-0.01675896028594881,-0.014023622188435003,-0.0016032121529050425,-0.004042547815760855,-0.023363594061295623
2014-12-10,-0.016350943286306596,-0.02249994105554365,-0.004507257097436712,-0.003737230339228015,-0.004479744795573892,-0.022838414034321852,-0.01285804707265703,-0.012882112686775415,0.001647376311588733
2014-12-11,0.004535718163601654,-0.008911947568941536,-0.005898425240460026,0.00258969517129759,-0.005330288902723357,0.008264153187153012,0.006331829608735573,-0.01489031435679189,-0.009011023391763184
2014-12-12,-0.016213586985894146,0.006616292141342184,-0.02492687682807926,-0.02905565175001823,-0.0021795192860979418,0.0,-0.0372996888801268,0.0026714112042742766,-0.002716992657170736
2014-12-15,-0.006342610858349973,-0.015668119998296093,-0.018714001615711462,-0.027522397402292564,-0.006416813342251082,-0.0330814868761683,-0.02048457167808504,-0.0007024993365284393,-0.009520757703490923
2014-12-16,-0.008489015545603995,-0.020122343474040072,0.0241172170177526,0.022491535083308145,-0.006504532521312889,-0.0027150393743928802,-0.0002375651549554325,-0.008451540336186891,-0.015518166046765036
2014-12-17,0.020352403256384655,0.0038441521856937833,0.0007343848460870106,0.0006557398548847626,0.0018469267282865687,0.019374977004396277,0.03629483884596296,-0.002084941679402208,-0.0037343684523940546
2014-12-18,0.024015221894887473,0.023206080002473373,0.020440370678989073,0.033348733121668195,0.009476624603655281,0.035879773019702244,-0.0044739009443761635,-0.0013998821151903762,0.010908161928004478
2014-12-19,0.0045700867928373246,0.023901731836921014,0.012259511289823832,-0.003960339530149515,0.024540106886191237,0.001276495461990379,0.023822318267392895,0.01711725955204213,0.012456963211182837
2014-12-22,0.0038103977012049484,0.0007797337328474541,0.004808052227027959,0.004338995568685222,0.019350588510314015,0.008067737772188055,0.009463660133193663,0.006808360708401073,0.012629003449032172
2014-12-23,0.001746418158899976,0.0,0.0032599737864049683,0.011905252447771852,-0.011215270982578907,0.005824643522813089,0.015341915521800642,-0.002110008645889061,-0.0031988284632509245
2014-12-24,-0.00013927777270827946,0.012423490825703709,0.001780794097766325,-0.0024463816418008877,0.0025298638411781482,-0.002779508625729399,0.0,0.003914348485317243,0.0006707040335240944
2014-12-25,0.0,-0.002547295514844339,0.0,0.0,0.0,0.0,0.0,0.0,0.0
2014-12-26,0.0033095087132783974,0.0005733136800729621,0.0,0.0,0.0,-1.6277983306833832e-05,-0.014643010064293804,0.0007962560553989029,0.0
2014-12-29,0.0008617511741360051,-0.0050014142239501735,0.0035673600174284115,0.00016014268399144882,0.014689866689158615,0.004313038155981497,0.008957888411979642,-0.010420088699080288,0.01815211907488612
2014-12-30,-0.004888618893411967,-0.01574013076260139,-0.013041361209977897,-0.015452864368306951,-0.01044141342911109,-0.003910609609601212,-0.011590546039022098,-0.006364570041393014,-0.011444829846070315
2014-12-31,-0.010310765015502099,0.0,0.0029158393157171503,0.0033418900173791677,-0.001035330849868621,0.0029501089641146283,0.0,0.0,0.004422771700048234
2015-01-01,0.0,0.0,0.0,0.0,0.0,0.0,0.0,0.0,0.0
2015-01-02,-0.0003399873718977764,0.0,-0.002785523804882395,-0.0022215653931597634,0.004604124399512077,-0.023877024942949077,-0.02989936891352707,0.0056640512844607915,0.010708730000033917
2015-01-05,-0.018278107083859685,-0.0024102088331919846,-0.019951739515562505,-0.037044823280585115,0.0026483044026865965,-0.024126526428412176,-0.020518541513870114,-0.005549095741367527,-0.005721394494551446
2015-01-06,-0.008893486028764053,-0.030187187907662394,-0.007892899662779063,-0.0050378083714284205,-0.01569208599777594,0.005597166087947247,0.010187971333098345,-0.017382226282134927,-0.009945062079176004
2015-01-07,0.011629823080879564,0.00012675329721467676,0.008375075198185478,0.006276783547380038,-0.002085632269609339,0.011723370839312741,0.03045754123045996,0.0007330872001911626,0.008339219966779332
2015-01-08,0.017888345920331616,0.016687266402255485,0.02338535444084977,0.035777176480694006,0.005200041616770346,0.014071387214739106,0.009712125711972774,0.011051952670888543,0.006514433775905548
2015-01-09,-0.008403891103416772,0.0017842268059253819,-0.010474949619175722,-0.02940275846230389,0.015631660611916898,-0.0004693140538803986,-0.022086045575682833,0.010526868453521576,0.0035417714647001386
2015-01-12,-0.008093661513783657,0.0,4.3069369372039645e-05,0.013566006112589957,-0.007843828211178683,-0.014195275823154052,-0.01434288317525001,-0.0019483555878838654,0.00445276850495091
2015-01-13,-0.0025785648782700177,-0.006397355930114035,0.006272475859119941,0.016108009260159983,-0.003321592564589526,-0.007240649887340411,-0.002037194218331928,-0.0019833936333584212,0.00788755397174623
2015-01-14,-0.005813062584341333,-0.017073674588344523,-0.02349974014857381,-0.014100821351304749,-0.00945327463861012,-0.011910817859765555,-0.008238681128278746,-0.0018152038974722506,-0.004268670633470473
2015-01-15,-0.00924788815027322,0.01861995384604409,0.017268637512013907,0.02190848860881589,-0.0041523491873498575,0.000355014686139965,0.007984742434129055,0.0002508282558029151,0.00988321458490593
2015-01-16,0.013424199691870697,-0.014293312759005694,0.007923025552488472,0.014214406972913984,-0.006026410492170231,0.00983541701373003,0.02061807371834301,-0.013588347769755593,-0.010159373920728187
2015-01-19,0.0,0.008902311173518251,0.005382984212864317,0.005827170980313934,0.001868193477664759,-0.0028121823070909047,-0.025675221333542164,0.0076742597172863025,-0.015144261087177258
2015-01-20,0.0015499499856392873,0.020689079591331705,0.005249387672670247,0.007457542922785443,-0.0002768811578980346,0.011313635414592627,0.002484399999078679,0.008246523215355683,0.00895886806616586
2015-01-21,0.004731650639044682,-0.0049417550082631045,0.016304889654234822,0.007645797122887377,0.016148903086798727,0.017629052225881736,0.02814356724132372,0.0015221731628360935,0.016759939810848445
2015-01-22,0.01526976753341347,0.002808949751395895,0.010194648069868917,0.01618482260003118,0.004924370246487397,0.014887477220429934,0.0044396969938289566,-0.00021340495411792393,0.006982833030422242
2015-01-23,-0.005491602646438665,0.010544739402458925,0.005326168998459613,0.018027779031796864,0.015107365599501987,-0.010935667957908457,-0.013496857569441079,0.007949729802896766,0.013368060440499319
2015-01-26,0.002568451423614171,-0.002468628206775403,0.0028641134054263606,0.009380496962350993,0.0,0.0020663676103851447,-0.004074808355868598,-0.00021176701496306016,0.002392310803224884
2015-01-27,-0.0133878439932138,0.01716115618266456,-0.005952658922421361,-0.012213409562191857,0.008252723644176063,-0.002574532878935165,0.00030220342943243494,0.00863779137047449,-0.004119647208539634
2015-01-28,-0.013495602473454604,0.001543760517325854,0.0021037610785115124,-0.004038451274691712,0.0010017621423323853,-0.011019798807445413,-0.018453741549658287,0.004701905347264779,0.0021981450606436415
2015-01-29,0.009534702521277083,-0.010649183821062613,-0.0022473095280648447,0.0038315430966726627,0.003008041734755551,-0.007015027016179731,0.0014194496896289266,-0.005383415410026626,-0.010697531676092886
2015-01-30,-0.012991960420531856,0.003871927080315807,-0.008985992423575118,-0.006047161333756379,0.0033820003106213026,-0.021779724157733216,-0.017891958166116106,-0.0009020922389314512,-0.003610365163228768
2015-02-02,0.0129624709898295,-0.006582971180334907,0.004911547693128293,0.005570739741723063,0.006624351034953069,0.0,0.01584068962694385,0.0017545119686446231,-0.0009103502869581837
2015-02-03,0.01443946854046585,-0.012654601538668486,0.013158767720105269,0.013076724498606751,0.014581518628207224,0.015180737366845554,0.027553198030754178,-0.00036872401007848055,0.002860557228706373
2015-02-04,-0.004156036740925795,0.01977924359059413,-0.0017142524520503688,0.00039540973235174803,0.012260647030521543,0.0033334744531448024,0.006890620513254175,0.005548269431750574,0.00508984401407786
2015-02-05,0.010291401952476242,-0.009849118206388119,0.0008615135232841187,-0.0019235667670903789,0.005821881411901986,0.017808808361954975,-0.0013630541337356084,-0.005069314598097674,0.0034736966647974654
2015-02-06,-0.0034181486724977894,0.00821954432601224,-0.0018191271976266687,-0.0031681216558716585,0.0015821780055229606,0.006166491259642193,-0.008969032484764106,0.001372360254808358,-0.0034766120113109977
2015-02-09,-0.004247203802536514,0.0035940731506927115,-0.0023769085306065696,-0.014834498669868412,-0.0009011762712813898,0.0022207431834351254,0.012098432805032644,-0.004356897398134496,-0.0064179057910264126
2015-02-10,0.010675513255225422,-0.003345202922549917,-0.0011744659690074988,0.01056829213650956,-0.00246950692063852,-0.004090138142021416,-0.017664123664660747,-0.005721623009758647,0.000289547734594775
2015-02-11,-2.9005264455483903e-05,0.0,-0.0016034276744294473,-0.0026573025570995057,-0.005427573791936924,-0.016463630160907017,-0.005578405236993045,0.0050830122012957,-0.008687179194474814
2015-02-12,0.009644530173601451,0.018526365401740685,0.0014578691936397714,0.01288328285133411,-0.0044220199293369955,0.026524291218951168,0.026804702436811878,-0.0020917921570642317,0.004405918646170237
2015-02-13,0.004074733777675421,-0.0036908249961623563,0.006650449392291646,0.008772212159959825,0.023312147910742542,0.0006251523097298151,0.022272146573012686,0.008173544908144148,0.010662042449170128
2015-02-16,0.0,0.005102895269229135,-0.002396152189853229,-0.0041449244254682105,0.0019047320895209108,-0.0026202381941855535,0.0,0.00037292464878668774,0.0017822314883313428
2015-02-17,0.0015975278852071728,-0.0009819620022916142,0.005990914460299868,0.0014971019136107433,-0.005171123762919283,0.006802443972889982,0.0,0.0016443420844334256,0.002359813528222565
2015-02-18,-0.00031423483816916953,0.01179067875904316,-7.248341217125365e-06,0.00795709682297785,0.009810674282643594,-0.004581082077759091,0.01272693376559575,0.0,0.001904386868122776
2015-02-19,-0.0010620666006249113,0.003605658939391354,-0.0013308050935912918,0.006428530209475314,-0.0019363779404037995,0.0041290343559721165,0.0002665737916036637,0.0,0.0
2015-02-20,0.0061264869245991616,0.003696182655261726,0.003817735777845499,0.0007023921469690997,-0.003843346862054342,0.007398322793930934,-0.0010981784819793505,0.0,0.0
2015-02-23,-0.0003032744159600087,0.007343322987295675,-0.00043961129106895314,0.00832251835681097,0.004495933630953797,0.002861226058672006,0.0008380547916866377,0.003538198781513735,0.00018846588767429395
2015-02-24,0.002758738374904146,0.0073948444028566485,0.0054208814610772205,0.007819114780740932,0.0032175125846736208,0.005625073982498785,0.011574153520704789,0.003927067298655107,-0.003490390856134118
2015-02-25,-0.0007657836519371353,-0.00098261185541626,-0.002050468873882494,-0.0014998167517126237,0.003022782731670448,-0.0027203047251292967,-0.0012173688754923973,0.007261704754772058,0.0011397947561360144
2015-02-26,-0.0014759728648067183,0.01079299657792232,0.002069100755834441,0.009362523928646116,-0.006125076851522415,0.014027190952391022,-0.0009743100985079023,0.001311248097183082,0.00499550412700156
2015-02-27,-0.002956309161715742,0.0006467654541011392,-0.0004417437799741908,0.006730182884188141,0.0034315016420432,-0.005095404882285881,-0.0034282872628454975,-0.003652638127922603,-0.003163192121454994
2015-03-02,0.0061249703017343116,0.00153953039535204,-0.0008666035188132915,-0.002197832731314242,0.005079470992872537,-0.006957655967379184,-0.010900471452950922,0.005544364991439288,0.0025842666302491324
2015-03-03,-0.004538606491954589,-0.0006225141924738331,-0.007421505797736261,-0.01169004396993667,-0.004192397164434536,-0.006433969096256709,0.005552440268980385,0.0022886503973840178,-0.007419806938761098
2015-03-04,-0.0043885035440131,-0.005929261297804578,0.0043706534787411044,0.009672847558965358,-0.005444480021570941,-0.006968289489286406,-0.016295968548322604,-0.0015439346850674163,-0.00961025439242047
2015-03-05,0.0011960753479816066,0.0025791826172503196,0.006055578358316938,0.009702966981447902,0.00043530619614062793,0.005109875960093824,-0.0020379230027711692,4.5038507924255455e-05,-0.011131648067595923
2015-03-06,-0.014173932909416154,0.01168738641114686,-0.007087919507437035,-0.00016306405653632172,-0.0008978412177714779,-0.005445589033818199,-0.007624510574761878,0.007285901580279974,-0.0012003452232542955
2015-03-09,0.003944458928381467,-0.009511886563702499,-0.005111548366561469,-0.002028958265378855,-0.013139994314156467,-0.0006795159332737555,-0.016009622820104874,-0.009995330213518616,-0.001694669756662881
2015-03-10,-0.016961378839393415,-0.006675696028056621,-0.02524987384515598,-0.011918743144576083,0.00048803112680029237,-0.006456438404305986,-0.018047819676741073,-0.004039501811503254,-0.009371534693995986
2015-03-11,-0.0019176581089542788,0.0031293681098047976,0.002785386492889508,0.023068189782045057,-0.005321769152144884,0.005935239451598129,0.012676266322106056,-0.0019851166633917394,-0.0074909047084610325
2015-03-12,0.012601458651923192,0.014291650287979962,0.005885582257558086,-0.0022523386508984666,0.009834467882667841,0.019170568530925136,-0.0005148696733583424,-0.005169550138073409,0.003372548325172753
2015-03-13,-0.006074687189912553,0.01385595681347751,-0.003030585395506935,0.004089176452495291,-0.006089738604132644,-0.0012166364134285068,-0.005822170031341889,0.007713425928275397,0.0010610153139176681
2015-03-16,0.01353365150482122,-0.0004253606346650285,0.009420554314317098,0.013823057209514822,-0.002903925553564446,0.0,0.005193863421558476,0.0007755099985395919,0.00530323159641366
2015-03-17,-0.003320215838054086,0.009920991621142239,0.004927925597582483,-0.009331624738652455,0.007669131225056747,-0.005475396848664049,0.02941581687435435,0.021425732012297916,-0.002006718289070064
2015-03-18,0.012158435698169878,0.005529659926943431,0.01573503022254852,-0.0009912422116683528,3.8684580480286e-05,0.013699528533848149,0.024680660998720905,-0.0007192437103122895,0.00914545494862451
2015-03-19,-0.004872588711598014,-0.0034751500167821137,0.0024650118067153226,0.0006024227753971267,0.01856548404262881,-0.005471037876398799,-0.011113959716408384,0.004653799699277705,0.0144613948212442
2015-03-20,0.009012717360609157,0.00429541972504377,0.008645106803479408,0.015076020301139081,0.004146996385199886,-0.0034004130271041433,0.019881841356231833,-0.00031895735294840133,-0.0038273088807868616
2015-03-23,-0.0017456477396706749,0.009925246239561591,0.0021587722908191775,-0.007254292055704825,-0.0032388970211820745,-0.0003511632852417623,-0.0011184111019043597,-0.00031905911920049324,0.00489308002710942
2015-03-24,-0.006139458853270718,-0.002070935226451298,-0.002556243756811516,0.008734698732644208,0.0021735564511025096,0.002241044977658868,-0.007751915583702584,0.0023470605276467715,-0.003874745810387714
2015-03-25,-0.014558928998326448,0.0016613023088296597,-0.004089930025300337,-0.012679057177697017,0.0007089866232383724,-0.009540033066061104,0.006838611449097254,0.0007054086226407907,0.005271807734553047
2015-03-26,-0.0023774289803740745,-0.01393078161874195,-0.013680504994299847,-0.0038680361776745054,-0.015779680127366413,-0.009209057054898495,-0.02465275568231129,-0.009912816169883598,-0.0012699652604365452
2015-03-27,0.002368504243367431,-0.009526416559499262,-0.005845985616351856,0.0025178552451230463,0.006953154740096057,0.009456811096953954,-0.009592555138063785,-0.0013646072304406287,-0.0004441345662422602
2015-03-30,0.012236659518102488,0.006521435908497741,0.005311435998727854,0.013256211555763286,-0.012474121341852218,0.0065278013619789466,0.02293238440983525,0.005069808891969396,0.015066445589760669
2015-03-31,-0.008795728200015285,-0.010530409965278098,-0.01717930821324465,-0.008160309029454416,0.0077684401027011685,-0.004509044613017932,-0.0018205253549476996,0.005413686429823983,0.001841471696777175
2015-04-01,-0.003965394677666545,-0.008962882783819959,0.005383107142435284,0.004735785880812804,-0.005219718900349002,0.010935675376754439,0.02290510919222921,-0.006163554675825411,0.007303353414275682
2015-04-02,0.0035296573756244953,0.014602171596924451,0.0035186137014464602,0.00010229105034076369,0.006454631341740624,0.0,0.01531408729369943,0.0003056520988931055,0.007690145618004296
2015-04-03,0.0,0.006332073201230859,0.0,0.0,0.0,0.0,0.0,0.008057878732621315,0.0
2015-04-06,0.006608739404729613,-0.0019089193355521505,0.0,0.0,0.0,0.014639750206660418,0.011562595650623786,0.0004937861172766844,0.0
2015-04-07,-0.0020618853995443276,0.01250439478749854,0.01877672511436379,0.014386572173758605,0.004642471699130457,0.003072682622944134,-0.00015073340174021066,0.0002931935126049279,0.0
2015-04-08,0.0026826178882932705,0.007600096535024026,-0.003499110140093742,-0.006922774841325308,0.005866554077427866,-0.00016248824405340478,-0.0012665375747545893,0.005974509411195816,0.038029501923591225
2015-04-09,0.004457466737115112,0.007474048512845721,0.011236181802718903,0.010463230402150359,-0.0047836414694775176,-0.001495979596519037,0.0026378507638027404,-0.00018938842108351395,0.02696702273061624
2015-04-10,0.005202804158417784,-0.001509199647702908,0.010606725813073092,0.009246943907514682,0.006093674590798015,-0.0006960081062901136,0.007647391411502724,0.014031968992699984,0.012173220473723934
2015-04-13,-0.004581220326727142,-0.00010900343235242804,-0.0035925001798365885,0.003149267965499636,-0.0013563176252930909,0.0025076862644966003,0.000473308516915516,0.005345442004828005,0.027278504010832982
2015-04-14,0.0016296841471401535,0.0001617646615552637,0.001551462989963559,-0.011557206211900373,-0.0023017409778850473,0.00022136009330897544,-0.0047538918398805086,0.006098374402073281,-0.016235168476681716
2015-04-15,0.005148293762882616,-0.0019549261929973083,0.0030415843375366514,0.005025723141314664,-0.006412791816165053,0.005742089905636183,0.01735432900497047,0.00390203246642562,0.002080076222294114
2015-04-16,-0.0007784945624055295,0.000805747024624548,-0.00511922308427204,-0.01362674343705228,0.006610060425650266,0.004800616133198599,-0.004452578482317726,0.009405837845997134,0.004377087797378776
2015-04-17,-0.01131121763048748,-0.011711389601710143,-0.009322351974732412,-0.020702504451291626,-0.011702953506472435,-0.010287107167224141,-0.013158306265422026,0.0016823216038133193,-0.0031215178529263587
2015-04-20,0.009235145446333526,-0.0009357407158645525,0.008220592082783584,0.011973163130605036,-0.0076136423568400335,0.0014538225825477813,-0.0035867065741522763,0.0014975507347796402,-0.020185425731345963
2015-04-21,-0.0014806703485050754,0.013985593717993128,0.0015314521995482,0.00036040494454070426,0.006724533945652977,0.004860484571011847,0.0,-0.0008943918833936859,0.027885659789488315
2015-04-22,0.00508751770141469,0.011291826999626942,-0.004911559367004936,0.001373884894794175,-0.005934598847512684,-0.0014321065167580693,0.015923916975919772,-0.0004196215014057314,0.002993125076075742
2015-04-23,0.002357729748192483,0.0026696268482508945,0.0036182600480347826,-0.0071446023482408805,0.0012469393967580178,0.004129594862402941,0.0195448846300883,0.013769363166953541,-0.003800049044438869
2015-04-24,0.00225279588060201,-0.008302600847547859,0.0024143460071139877,0.004348437483098433,0.01514498769156436,0.007804692459052687,0.016330653669714534,-0.00626204903814731,0.008383014047154358
2015-04-27,-0.004141304912428145,-0.0018341621695061594,0.0047067475638904455,0.015479434350396781,0.008326407722122564,-0.0057004835350557,-0.018724880385311504,-0.0010463931845542396,0.013278581147201596
2015-04-28,0.0027691899171140566,0.0037846564034405006,-0.010339274603813564,-0.014856354982831443,-0.005708297967437548,-0.003823575036067006,0.004997434027496306,-0.004574654467588091,0.00032215418454017986
2015-04-29,-0.003740377158637509,0.0,-0.011983449327433338,-0.026459996447238843,-0.01848519881254962,-0.008737192964191842,-0.008721058882825039,-0.0023467292461132327,-0.0014910653857309608
2015-04-30,-0.010128865367728945,-0.026867807138459487,0.002065853953483021,-0.00042022498624594284,-0.008323937503329049,-0.008006723297887208,0.0163413513060664,-0.007215431502405889,-0.009413267587641605
2015-05-01,0.010922987662490113,0.0005952865802836271,0.003637601768805343,0.0,0.0042171108274409175,0.0,0.0,0.0,0.0
2015-05-04,0.0029407719051932624,0.0,0.0,0.004798663565282579,0.0022595624656025493,0.014716124460801616,0.020000220525284274,0.0023787473497651757,-0.0003263071837343867
2015-05-05,-0.011837369767650707,0.0,-0.008355341793170545,-0.02377688593811078,-0.00017468783558327594,-0.0032525414763142635,0.012163584811376582,0.0,-0.013094949405877299
2015-05-06,-0.0044556966871822645,0.0,0.0008891994029660566,0.0032341198231526924,-0.02306007702711066,-0.005279728941239958,-0.016338392681960134,-0.012967644203486506,-0.00412998630183381
2015-05-07,0.0037737663149290945,-0.012269329287929343,-0.00674816188665861,-0.000511519014735673,-0.008163860467731099,-0.0018830292380085378,-0.0031828372310174213,-0.0064525938667097105,-0.012696398201072157
2015-05-08,0.01345785440613012,0.004520010636538618,0.023213468952148597,0.02622736002654502,-0.001971946741673669,0.007977654080520313,0.004004470024361773,-0.002620755619320958,0.010530242429727776
2015-05-11,-0.005089551533481451,0.012473173543373184,-0.002408178440771791,-0.006869471815162731,-0.0016542560488783664,0.0011970939115963919,0.0008358803156571781,0.0056868311020752405,0.0051078167800084895
2015-05-12,-0.002949656348410934,0.00020029652039577073,-0.0136631649323955,-0.01415678689772959,0.008799630806600733,-0.005079241973821702,-0.007081652741135369,-0.0002908390468108202,-0.011220786342547528
2015-05-13,-0.00030488966805131135,0.007127701423298216,0.0022830194121550296,-0.005507822339145263,0.007121388554463204,0.0019499231265331929,-0.007395577373945805,0.008293708895110052,-0.00576126401913668
2015-05-14,0.010779230681254859,-0.00983975487636557,0.003368524655269489,0.013733248532399767,-0.0032508344490815855,0.0051804981289191865,0.00504736035807829,0.002918416770727017,0.0013677425605373994
2015-05-15,0.0007684691905143204,0.008312621613224769,-0.0017997889012539847,-0.008092232012481104,0.006833235935525206,0.0013549375257613239,0.01044997958753946,-0.006522569600015071,0.019633482429988414
2015-05-18,0.003047961822747025,0.007973984590217809,0.001203938228486745,0.004519922643552832,-0.013308180026309846,0.001666343133448489,-0.01824323132274075,0.0034274863517682608,-0.008303776685447684
2015-05-19,-0.0006434341536727395,0.006843044362897066,0.003763881375316247,0.02265116097647968,-0.007716508050832904,-0.002127142282673078,-0.0125508346969615,0.0033731998561776777,0.0037073347528655543
2015-05-20,-0.0009305254649102368,0.008497791413126121,0.0017383597089390967,0.003530834868084032,-0.0009252965498868226,-0.0006241206751007589,-0.010771400184724667,0.008812504420397493,-0.0039175201147994
2015-05-21,0.002337888374062347,0.00031242944342979584,0.0008862237165454534,0.0014225677891559485,0.009263317600962884,-0.004109225728505361,0.0038438265809999095,-0.007819437823083475,-0.0022233057398843847
2015-05-22,-0.0022338817919862475,0.0030461018657250705,0.002602135604771849,-0.0025971068554945242,0.000436573947096619,-0.0049526147743804705,-0.013332111579953954,0.010971306899816735,0.017043844364061256
2015-05-25,0.0,0.007370557543989742,0.0,-0.006449876873399818,0.010015105716181472,-0.0004846900345946148,0.004265751382608318,0.0,0.0
2015-05-26,-0.01028192995494015,0.0011614709090970177,-0.011765258002309653,-0.009878508840321487,0.009072309313191251,-0.010052775454720386,-0.017935972385630716,-0.0012114999301057194,0.009181994103490076
2015-05-27,0.00916262712669913,0.001717432873328928,0.012137015595072187,0.017564169867101187,-0.008336533363540899,0.006332908421806449,0.01130845586165008,-0.01679496151154658,-0.005969941089973618
2015-05-28,-0.0012667884792887385,0.0038529584449051857,0.00107914743087556,-0.008732320174211883,-0.002125146259911892,0.0027912437484041153,-0.004793288621540048,0.0016085409252668548,-0.022324536585139998
2015-05-29,-0.006318400218786491,0.0005688160354544447,-0.00802309925407474,-0.021894371231897303,0.011215304653211966,-0.0023141313325882873,-0.02252470900180592,0.0018522992671339278,-0.0010970955015807693
2015-06-01,0.0020594194714789182,0.00032679818023972906,-0.004416967454752951,0.0011930166518239194,-0.007228119006570721,0.0012634323573794681,0.005133387717473292,-0.005877624361641853,0.006307205427033669
2015-06-02,-0.0010086516742198182,-0.0012970427134444407,-0.0036398517022885324,-0.0036782805227354443,-0.0173290381389134,0.003828856503895306,0.022724495637672204,-0.011287261519142722,-0.004726573314065563
2015-06-03,0.0021188850967008843,-0.003391878281805316,0.0032028197515396872,0.0061568436981491725,-0.009303562642598462,-0.004423624594604991,-0.013155733148365378,-0.007447177000346361,0.0069447680684116
2015-06-04,-0.008623177094419732,0.0007170240960148178,-0.013124311196669014,-0.007656634540797236,-0.014198601685156076,-0.003836341720333536,0.0,0.004701525814769791,-0.003817413523362845
2015-06-05,-0.0014361783342240475,-0.0013319868665800927,-0.00796589709647122,-0.01303853918872555,-0.0010613522266867959,1.8626106935037967e-05,-0.010267192123896263,-0.0022963441814691787,-0.010588384317736454
2015-06-08,-0.00647448669982742,-0.0001813214472482505,-0.0021397290068483343,-0.011880308033310527,0.0,-0.0004014636705672592,-0.0030909864539510057,-0.0014070886320777243,0.0020586819739869533
2015-06-09,0.00041841406640763523,-0.017641230296047472,-0.005337229235762964,-0.003321502403187737,-0.0049370214225555875,-0.0005576502361146485,0.00012024319802206307,-0.000561691660331376,-0.011962097328040211
2015-06-10,0.012042400788404573,-0.0024850345586002742,0.011322514732446942,0.020160322148582877,0.0013378877567005176,0.001326842951615781,0.020078389139349673,-0.006157856232709813,-0.011185082209687391
2015-06-11,0.001738552156564932,0.016791577124225965,0.0024113248817396737,0.007211156734193924,0.014240601347307313,0.0010422115882442462,-0.003488165979755542,0.0025788272916951183,0.008251385285472868
2015-06-12,-0.006994300238043261,0.0011828501930779556,-0.009029114585919706,-0.013834810003631848,-0.002051055941979407,0.0015184402194836633,-0.006351264665146239,-0.0021588925464721687,0.013850604934991129
2015-06-15,-0.004622488789987278,-0.0009452601744101008,-0.010965494066252801,-0.018471095732805698,-0.0011694687329865117,-0.0066395927728365445,-0.003936452165639204,-0.004799797287749152,-0.015349036346054667
2015-06-16,0.005689804886707783,-0.006369008117113384,-6.258829420080492e-05,0.004659590991457518,-0.0005371230569687357,0.007354756400160589,0.010625635026694003,-0.006659093579850284,-0.010986229148370885
2015-06-17,0.001979687924857698,-0.001908881159683462,-0.004403809183171625,-0.007333335263412288,0.010772982299013023,0.0015598489164685425,-0.008446775408433416,0.0030265389013761634,0.00704227472738439
2015-06-18,0.009902687056045245,-0.011298627497431935,0.004090980533040023,0.0063259020753856365,-0.012606359118066068,0.00733947371006094,0.018592998042763265,0.0034498687870418987,-0.0022101541501222677
2015-06-19,-0.005303501725405946,0.009175211422042917,0.00038313148118329643,0.0015505223956295833,0.013050390849268956,-0.003266343519251258,-0.00901903976486107,0.002487903304797534,0.0024675347054430308
2015-06-22,0.006094815615239835,0.012587834783367224,0.017170234485019753,0.04058973320215298,0.0023537634666037643,0.005593749729006614,0.002125976824675746,0.004005940516668582,0.011969867562413805
2015-06-23,0.0006359375368019116,0.01866195683513805,0.0013478530312773795,0.008314632362551144,0.01321119082351907,0.005067332257526758,-0.0016940914545756636,0.012670546332159027,0.009327993766813147
2015-06-24,-0.0073533565577629245,0.002816512906174351,0.0014528440189791603,-0.0041423398428558356,0.00043717019818689806,-0.0006426255908426048,0.0013038280025656768,0.002080530463194563,0.0026162073883073678
2015-06-25,-0.002973565148109092,-0.00463052813322562,-0.00540264142122493,-1.107741730010936e-05,-0.009505220010656346,-0.0010527256612776759,-0.012385559819429126,-0.00022536237790882208,-0.009458868227186557
2015-06-26,-0.0003900471386237836,-0.0031413385713047193,-0.00794968139580654,0.0028967767127954236,-0.01541476616254045,0.004169722538583276,0.015821145271888604,0.00249393302830625,-0.01775158173931468
2015-06-29,-0.020866147352592623,-0.028793377812872056,-0.019725483808875177,-0.042102850578648376,-0.02225107642796309,-0.018785361910867104,-0.018563795784917292,-0.014242247375924721,-0.026136116025168077
2015-06-30,0.0026583853346553443,0.006254615252648588,-0.01502912175552229,-0.01285710167488252,0.0067354702740642924,0.007679429930653514,0.0012575873525229042,0.0066537571160258935,0.010900381946610693
2015-07-01,0.0069361304050681305,0.00462498758384311,0.013435097178644995,0.021020354525012497,0.010378072214558998,-0.0027784621462831893,-0.00609145892080154,0.011421270851412535,0.0
2015-07-02,-0.0003080744384861278,0.009502531319296459,0.0033108424035990236,-0.00944718386399268,0.015257093252960985,0.005498957009935079,0.006608534059776128,0.004499759281945126,0.001230093832273793
2015-07-03,0.0,0.0008424899500547589,-0.006740095347690378,-0.006205154118241518,-0.010987144758480505,-0.0024373787785347822,-0.011049182778881339,-0.0013856396482753164,-0.008302539501840012
2015-07-06,-0.003861747512976854,-0.020821537123797418,-0.007607299363173281,-0.022244433080749526,-0.011428615795016972,-0.006023680658384323,-0.0070457760283293425,-0.023987721023944975,-0.03176129934994909
2015-07-07,0.006080937373112327,0.013149782320312386,-0.015831558460634554,-0.021101271841198033,0.019438370365932656,0.004994864268682342,0.0037266030251179583,-0.006640927392851714,-0.010341064530905442
2015-07-08,-0.016652733335255188,-0.0313570621973549,0.00909329763798139,0.010111742188519734,-0.020047403698807198,-0.011551221462645311,-0.010735960443002623,-0.011802243798675671,-0.05840768342815361
2015-07-09,0.002262200246252455,0.005971331932287827,0.01400927480857228,0.027807663410969186,0.00026437381799682136,0.0014962557648996455,0.0,0.00575336894470313,0.0372601264810839
2015-07-10,0.012338456888524973,-0.003811034725894502,0.013940315696871375,0.03180673853738125,0.0038501371053856204,0.007891066216201725,0.015622685598690733,0.0016569599715949845,0.020845913895048307
2015-07-13,0.011066059269389639,0.01566949766504555,0.00967575651319108,0.017461977267124063,-0.0034355188365411404,0.0016566487027556143,0.010054055164105069,0.014942126951461354,0.01296037794041105
2015-07-14,0.004453229186511587,0.014711965343555455,0.002344926869448427,0.0046679645613478815,0.01904435637847901,0.0032518055522523515,0.0022535992923122805,-0.0011108308432612457,-0.004087375480742339
2015-07-15,-0.0007349628962278754,0.003826280957924144,0.0,0.00462409798208574,0.010546485523818205,-0.0006548995949858805,-0.006328046374869056,0.006643259859267614,-0.002593457004543276
2015-07-16,0.008014615165606864,0.006684640280931742,0.006322413473995869,0.014498312577437833,0.005922758583981169,0.00527122873922603,0.0031656480590249725,0.007226555904501497,0.004271273351915905
2015-07-17,0.0011062519712468077,0.0024660050523976906,-0.003144288562411224,-0.00165106720958752,8.836591319294484e-05,-0.0004304783999965478,-0.013716853763207748,-0.005316372031093586,0.010034264894419609
2015-07-20,0.0007711695444458933,0.0,0.002008832368030955,0.004424658206051646,0.0029599083474247667,0.005352630248218526,-0.01417070104581808,-0.0016756629221057473,-0.0004115635993636735
2015-07-21,-0.0042616573007311365,0.00925140381154943,-0.0028901010356932044,-0.010475833970780446,0.003485911722239887,-0.0036595864772616116,-0.002437980716309074,0.004972724773429915,0.0051809086546996674
2015-07-22,-0.002387682202330099,-0.011913461155543481,-0.015028652385039587,-0.0033936775622539495,-0.016146942680684062,-0.01609670046384215,-0.010849884641417007,-0.009065952524932475,-0.009939134013642548
2015-07-23,-0.005676040016082129,0.004383871354644464,-0.0018493132193648787,-0.0002585557187574361,-0.0043249980541695265,0.0037140908905715087,-0.021784204860614054,0.00016467044117152163,0.004597229242855327
2015-07-24,-0.010703327545608099,-0.006740492024009059,-0.011299757626209384,-0.009530517465278554,-0.004325717861304423,-0.013088493192908612,-0.011259143612005085,-0.009253923595810343,-0.010643788990446379
2015-07-27,-0.0057750102180655905,-0.009463832952128826,-0.011349871804808953,-0.024138888888888932,0.004272647438855026,-0.012107936159264088,-0.010362497550554961,-0.0034946919783378494,-0.030903145471020688
2015-07-28,0.012386102029366963,-0.0010422553206126395,0.007709300198458724,0.011673450798440177,-0.0009304304238046956,0.011649660564234665,0.017770604367982834,0.00014223983598271595,0.006240976085703176
2015-07-29,0.007318762689597635,-0.0012779841890039334,0.01155099400788373,0.006026825281153281,0.007067900875340261,0.00561518143173112,0.012974178252314505,-0.0007258104065519522,0.004713935799712354
2015-07-30,2.845530383144279e-05,0.010831944780329561,0.005711054139647009,0.0023101470271540414,0.008066275532493172,-0.002203219200522466,-0.0069208683665723525,-0.009123389051933106,-0.00493390388493653
2015-07-31,-0.0022716171163267296,0.0030410036042787247,0.0041101415982016665,0.004715678094977749,0.005228129421116945,0.008555142719801623,0.01938718249848681,0.005512548104783077,0.005645363413636417
2015-08-03,-0.002756863639820639,-0.0018037195582855103,-0.0011439187130765083,0.009639819034685138,-0.0034777030455694913,0.003374527656624826,-0.014287295509249232,-0.010674035543996596,-0.009127189656880086
2015-08-04,-0.0022497187851517886,-0.0013504891690768739,-0.00030649072603916583,-0.00442592286956045,0.003267278756137859,0.006102581176043564,-0.001586818793311795,0.009708786202569986,-0.00021711149945391472
2015-08-05,0.003114669520188018,0.004566196694405056,0.009846602966842477,0.01587042834131358,-0.0041989153898803755,-0.0053205123380903885,0.0045702537172016555,0.0008727853687642284,0.00442675853433494
2015-08-06,-0.007752971654983343,0.0024439630038914917,-0.0007878668505022501,-0.002251988848847586,-0.01125736366480301,-0.0003647278971889989,-0.005487472276780925,-0.008114259813968183,-0.005665297118073842
2015-08-07,-0.0028748872122712488,0.0029093457166031733,-0.004238864458603664,-0.008360433641272702,-0.024121312610949297,-0.001315191350546585,-0.028673508317716867,-0.0015199002627539482,0.007269249830155866
2015-08-10,0.012808232694927035,0.004059434796203076,0.002638985843545383,0.010209467260432037,0.006279158716572475,0.010221313561947776,0.015967945535076966,-0.0035120359361864306,-0.0012768572774960463
2015-08-11,-0.009557167162504987,-0.004226118991632721,-0.010640982628239648,-0.018955411516922704,-0.006521145257303407,-0.02076093722315353,-0.005686787024091866,-0.008246928618140248,-0.0009342966389789265
2015-08-12,0.0009500640573494312,-0.015828577633531626,-0.014006968222863181,-0.03352582878444954,-0.016653058002871868,-0.007828112751322225,-0.01394451538280006,-0.005627563989630824,-0.023764593413151403
2015-08-13,-0.0012751372210638712,0.00994372024987289,-0.00043523319216154377,0.009109146168218007,0.001074862650761954,-0.003675704106841371,-0.007821765911211642,0.004044607106157061,0.004297537801021933
2015-08-14,0.0039118935964941315,-0.003694972943184216,-0.0026780018665323313,-0.007144177580592381,-0.005815101632037023,-0.0028221678653072013,-0.010438752107131855,0.0,-0.0011561776608323138
2015-08-17,0.005211470973541132,0.004912899712224084,-6.716798407502278e-05,0.0019679005909429836,0.0020757814237071237,0.004726297194395324,-0.006124810323056562,-0.007532292055297374,-0.0073519144446902995
2015-08-18,-0.0026255208234241545,-0.0031905514285464065,-0.0036654809703372537,-0.0007204322593555856,-0.012017722447191015,-0.0018510479716281614,0.004937795216723995,-0.006228029179281891,-0.014263489070803104
2015-08-19,-0.008254964424012301,-0.01614442016748674,-0.018822332443087952,-0.01875046489938148,0.014527594830920254,-0.009080482092043929,-0.018170273155776018,-0.008628709885189045,-0.013082870819430381
2015-08-20,-0.021100110116800797,-0.00935140483705632,-0.005553256447696109,-0.022263429197863505,-0.017026718939903818,-0.010055495570429396,0.0013059047543819702,-0.01280306077199933,-0.01771333982221046
2015-08-21,-0.031850982202944356,-0.029834497382387082,-0.028304509028893476,-0.031674558965611777,-0.013989377875060605,-0.02027972011723045,-0.01992723138195429,-0.02009871771434546,-0.015285091005283191
2015-08-24,-0.03941366590728046,-0.046056690143924994,-0.046670383748272704,-0.053543602914457256,-0.04090821923062182,-0.01642047613332942,-0.03025330033219853,-0.024657928542112018,-0.05167646751707522
2015-08-25,-0.013522007595565322,-0.03958754479339488,0.030933043108256397,0.047055531514061055,0.027187440015356223,0.013007014219655,0.004700193768245375,0.009192211213186141,0.007217819671675896
2015-08-26,0.03903384539598753,0.03201772366581124,-0.01679564043450954,-0.014692309843661211,0.006914786348810376,0.007430216308200066,0.03352171271836979,0.025700871316939322,-0.015163307943579452
2015-08-27,0.024297736162143035,0.01075321478187452,0.03559506288466685,0.03470809561205157,0.011705322578306587,0.026683338436936488,0.03643049406056886,0.0073438960133891396,0.035964704637817535
2015-08-28,0.0006087560246721413,0.030250171741382337,0.009029349018011779,0.0017709203299214327,0.00577739883867312,-0.0037167141209361043,-0.011765625553412873,0.015550314465408777,-0.01035554574619002
2015-08-31,-0.008391699809439435,-0.012846775137539512,0.0,-0.005160363781305244,-0.010749950746253734,0.009958222128181315,-0.011204806731663908,0.0019714399252710457,0.002692437069662379
2015-09-01,-0.029576407832956453,-0.038368003354070424,-0.030313991491595527,-0.024742860812997258,-0.021234205803906114,-0.018536451705275736,-0.0246315751545505,-0.014040762507146587,-0.02238749493553016
2015-09-02,0.018292969668469272,-0.003869382335600635,0.0040884437504746796,0.0031768133394800557,0.0009916784560111136,0.0013614062986830877,0.02170105103540121,0.0005171792313358736,-0.011823692037405076
2015-09-03,0.0011647835144650287,0.004807299092586925,0.018212124649245265,0.02226730772837815,-0.014439972525533862,0.007296730527603934,0.019410958514943788,0.00016186130052942005,0.0
2015-09-04,-0.015329578244401953,-0.021461975020885538,-0.024407097076249995,-0.02747324997171341,0.0025466411843433345,-0.012489987517174561,-0.018328598207950186,-0.015395216989553817,-0.004505864358818279
2015-09-07,0.0,0.0038393314808320422,0.005229260026609728,0.0055718890024367695,-0.002019996417095271,0.00031350265284069145,0.0,-0.0014951962842781885,-0.012336011277980785
2015-09-08,0.025083020164270664,-0.024265318885785203,0.011783647102980854,0.011216490461136486,0.016863200913004972,0.007663906992800618,0.005685224995978233,-0.002410764541583066,0.03281848779994867
2015-09-09,-0.013897563229596788,0.0770886459464235,0.01348985535542857,0.011175568364544919,0.02069849958457537,-0.007642290839695809,-0.0022447680352901678,0.029552664636872672,0.041030545123392326
2015-09-10,0.005277955139955992,-0.025086691837355457,-0.011751466123830268,-0.0149358711674078,-0.024154167451937658,0.003130183643053952,-0.003281601299695014,0.014429738393133995,-0.02570159651642856
2015-09-11,0.0044870382986135215,-0.0019344663987557187,-0.006181152439727722,-0.010306909975971168,-0.004697139322035415,-0.0025130273819258253,-0.002225400444133885,-0.01057025345164131,-0.002695884057971054
2015-09-14,-0.0040896458529868784,-0.01634452497834571,-0.0054219191338006345,-0.0038645645777524162,0.005006030268873474,0.0010897429754002097,0.018987295395523685,-0.005104642597753006,0.002675270189268719
2015-09-15,0.012831344116577714,0.003383113377157576,0.008712172882642921,0.01007047442704101,-0.01531138219198791,0.01032681218894016,0.0017459252579021811,0.003158232632309188,-0.004947152152639744
2015-09-16,0.008705367298757816,0.008050379219903148,0.01492602971845658,0.013776655443322072,0.01602590926734937,0.0,0.02510405039093988,0.01955552344185474,0.02383707841864191
2015-09-17,-0.0025610055580335134,0.014344911840454388,-0.006777745492606679,0.0012300917340910544,0.009405826124697203,0.0120479449553752,-4.160393466112744e-05,0.0005264623250398337,-0.005100001547800104
2015-09-18,-0.016164204602552523,-0.019642724417556878,-0.013395851617668653,-0.030250722558887277,0.004601287785467756,-0.005158145762147459,-0.026508164185019112,0.009845736634134239,0.0030291064181824368
2015-09-21,0.004565813598361723,0.0,0.0007535906135374137,0.008684635606372337,-0.020163999549753675,0.0012186374169200764,-0.01425776191983441,-0.015666725118364644,-0.0074769066682238705
2015-09-22,-0.01231843902042229,0.0,-0.02829893709146447,-0.0341223090255971,0.007364035368213617,-0.008851363217230346,-0.006988379530459166,0.008846224321517937,0.0018224078489015305
2015-09-23,-0.002048652933485662,0.0,0.01624032992803026,0.0012808634450023337,-0.020656201798276985,-0.004387947278015392,-0.019982876760443857,-0.018879347749311215,-0.022648966030450746
2015-09-24,-0.0033629742722152134,-0.02758019967670533,-0.011728644748882688,-0.019691622375397233,0.014712296513977652,-0.010357238775940747,-0.0010619736035047955,0.0012650156327134177,-0.0097136963917136
2015-09-25,-0.0004657806483666649,0.01756675314978562,0.02474549147947913,0.031073015957129524,-0.005827670828481346,-0.003787395038472474,-0.010167367453296383,-0.002182733295670536,0.004282332463341421
2015-09-28,-0.02566611782492978,-0.013165172581766305,-0.024578450518169204,-0.02368011923576041,0.014157564987673732,-0.012765808032618176,-0.01951375217313922,0.0,0.0
2015-09-29,0.0012328818080848958,-0.04047977031596861,-0.00832709612241267,-0.003151896401968779,-0.03814710645988817,0.00544237042921436,0.003985519363063128,0.0,-0.02972295330194208
2015-09-30,0.0190755218699743,0.027010473195659523,0.025785041731254843,0.023370716798795987,0.02098230959519798,0.012132281107681164,0.021017034874156515,0.010273567182232268,0.01409279744704861
2015-10-01,0.001973927490716232,0.019224011755131887,0.0017916032209266408,-0.010197795960227962,0.01802442992104747,0.0014824357169429536,0.005635457598802018,0.00841141017215108,0.0
2015-10-02,0.014315268580220586,0.000152913654004605,0.009470610805816904,0.006233199198449002,-0.011761021458523868,0.0009230429077937696,0.037962168698043586,-0.0048703595174099945,0.03165022090251024
2015-10-05,0.01828980813381431,0.015817091327397836,0.027559633147253404,0.03309716402541296,0.01950052820487347,0.019449329182183783,0.012004432589054703,0.004350960562121697,0.016200527385498598
2015-10-06,-0.0035882338139452408,0.01003082948589551,0.004324550875388189,0.009309206711405338,0.0032750002232779796,-0.00011247220329835272,0.0028791083335941714,0.00626816630860616,-0.0010469239744675951
2015-10-07,0.008035678209220576,0.00752662747922872,0.0016107717794049403,0.001959572558530853,0.005896967180025747,0.006212148272485063,0.02470320064204312,0.007630673398136167,0.03133711561487429
2015-10-08,0.008818386335509576,-0.00992251260439081,0.006071318661374336,-0.0004463178775105936,0.002409831404147189,0.005587466517065431,0.003930137432146541,0.006825070793283539,-0.0071438849943328275
2015-10-09,0.0007251307470337309,0.01639916278828757,0.006484888985100801,0.007860562611629263,0.013298211269768379,0.006776332476800873,0.004721365129221056,0.0,0.004647301196918141
2015-10-12,0.0012755038736604885,0.0,-0.007010423680207434,-0.0009168356249096288,-0.008868325388105225,-0.0013829665929174784,0.0,0.0010398459047402664,0.012116853972607755
2015-10-13,-0.006825414134604912,-0.011059908333952317,-0.004536051406489938,-0.008021974976365143,-0.005735479231557039,8.891045205561277e-05,-0.04004527101704336,-0.0012761979195007322,-0.0057397563584068445
2015-10-14,-0.004716298429397803,-0.018850830886538605,-0.011458024558991364,-0.00922304177221478,-0.001076908942668764,-0.00572586560958388,-0.013770347261047866,-0.004705183130680246,-0.007103837709497962
2015-10-15,0.01485277599486512,0.011508579732826707,0.011015039212965538,0.014801492682284811,0.0063098742008034225,0.000525593999513907,0.00964902064720441,0.011803637630315222,0.019976015946588044
2015-10-16,0.004570474242289402,0.010769800352546488,0.006211082135526791,0.008064690426422105,0.007297069145676627,0.006273193885172779,0.0015894438536803168,-0.0014803739788615822,0.007829372116687328
2015-10-19,0.00027052151629769483,-0.008778250363550844,-0.004031018933716268,0.002177688342476003,0.00028472674489554706,0.00358059298316471,0.004471155647660208,4.925477524952981e-06,0.0003572145415797756
2015-10-20,-0.001421083170244808,0.004187250396139763,-0.0011334423746877098,-0.004987714086624906,-0.00647758728233383,0.002938929780353927,-0.007814141623624038,0.004477237017736613,-0.003743779687730875
2015-10-21,-0.005825376581296671,0.01906558687109161,0.0005185078950313837,0.005071074908161721,0.002431634048148501,-0.005101238728298041,-0.0010765444791515089,0.0017750666875884225,0.0
2015-10-22,0.016627537222502875,-0.006381815947587244,0.004388493514921876,0.02471708895768332,0.0029607654280763285,0.0045446288631878495,0.015869350210852007,-0.009779831422725649,-0.006257280586292269
2015-10-23,0.011030396928638497,0.02112349457877505,0.010633159146085314,0.021681364464631203,0.016664817574380875,0.008565704422585085,-0.0036747359444229133,0.008601087493821158,0.01341934930360078
2015-10-26,-0.0019131147145990957,0.0064710788141491005,-0.004199202989410344,-0.0032722188329183943,-0.0006674683013285776,0.0005838671377891291,-0.00813650725818793,0.0037639678494412188,-0.0015415554808797527
2015-10-27,-0.0025540995953997614,-0.008976562137147925,-0.008064490994262097,-0.009837169800269385,-0.00034424128827403866,-0.00751634451329708,-0.0035240922766945904,-0.0016747392679972162,0.0011455145190071292
2015-10-28,0.011839933394323987,0.00670925768917785,0.011394646260095787,0.01185444586085227,-0.0020442740872314014,0.000977000989529575,-0.006421791150427403,-0.0010466338982222378,-0.008043994809601163
2015-10-29,-0.00044968545937285054,0.0017293532991025096,-0.006523967815092124,-0.002250744645712399,-0.01281408480957591,-0.0023886005174593716,-0.023801449909447547,-0.004088107279768494,-0.005951673094020671
2015-10-30,-0.0048099702786910115,0.007783706024226067,-0.005426998968072749,0.0014179452098939116,-0.0052057612348312965,-0.0020622917404599095,0.005270188380688712,-0.0023056200102253843,-0.007883456310577408
2015-11-02,0.011873845798707316,-0.020953618646865402,0.00011161609095289293,0.0047597733329822756,-0.014064101137545415,0.0,0.0,0.002843106820992647,-0.011925773982731425
2015-11-03,0.002728072051519481,0.0,0.003428275016504667,0.002381714951230185,0.014221552684207994,0.018225857580446148,0.04763257480789784,0.006466067883885929,0.008868558125063597
2015-11-04,-0.0035453765540646165,0.013042170415837884,0.004585179859045274,-0.0010224592468658367,0.0005873016115387486,0.0004096608524077894,-0.00714971405930076,0.0021333723882053235,0.021496400059729526
2015-11-05,-0.0011320880364932284,0.010012199561365343,-0.007481817841593852,0.002422103071680226,-0.009408478312829871,-0.003912444292519024,0.007056367519665763,-0.0016368126969900088,-0.00010974439099886713
2015-11-06,-0.00034763063530685034,0.0078042896129555395,-0.001739226067966504,0.006010169717678648,0.004243620848258134,0.0010664743177717373,-0.02348212449705256,-0.004069463894486702,-0.007969705488342305
2015-11-09,-0.00982278963414629,0.019575824267087594,-0.009233800715473972,-0.014373408761291784,-0.018315216390847322,-0.016899976460889032,-0.01542248135704194,-0.007530363975757792,-0.006146760465694956
2015-11-10,0.0015106466914911465,0.001451935931545023,-0.003157981687518685,0.0020594671128846276,-0.003957617686435322,-0.0026830500438070892,0.0002521922323925896,-0.014370341116651142,-0.01430339639112821
2015-11-11,-0.0032280998405164185,0.0010233203160348037,0.003493071225507016,0.006720383020961007,0.004587160461190898,-0.0002700637896080327,0.01857831040044733,0.0003405806900766972,-0.002210992915716359
2015-11-12,-0.01399036144578314,0.0003239994738817309,-0.018821063329733767,-0.01760806398292558,0.0005989118076985545,-0.005127411866760023,-0.003854880727742316,-0.001957672222583917,0.02401332845983184
2015-11-13,-0.011207397957936904,-0.00512037657054587,-0.009775550764888341,-0.007984768426956279,-0.014522331813928702,-0.0113958312368031,-0.007818088976993653,-0.010068427178231643,-0.021529194037988586
2015-11-16,0.014903313824738973,-0.010370002209532103,0.004592794053230653,0.00047014714415372083,-0.00939113151088189,0.0,0.007090734922084341,-0.015339863882146032,-0.017204750461463414
2015-11-17,-0.0013393792099123392,0.012217375857817903,0.019910906907805836,0.026681696374132757,0.02286753834771771,0.012997466855794615,0.00855809394350282,0.01058146596535292,0.0115138827176815
2015-11-18,0.016162384658902518,0.0009449518431146053,0.0016287112602810794,-0.00579963730539923,0.0029052938674463125,0.007263608515627018,0.003974364943976294,-0.00035649171411389347,-0.0034130949841113534
2015-11-19,-0.0011230670288638889,0.010719531298507112,0.00811598080576914,0.00495640924030849,0.02132292821139914,0.002584169763843125,0.014826634353369395,0.013261126507988275,0.014059687420284517
2015-11-20,0.0038102285176147,0.001007058979919817,0.0007425042615005761,0.0010206063909676821,0.0025899530878581434,0.006150074180983678,0.0,0.00047764856127208155,0.011311000514661718
2015-11-23,-0.0012349401915593416,0.0,-0.00460011081941647,-0.002082579038074295,0.0038579612735114566,-0.0025811326066899065,0.00023639930210261895,0.0069552631843448065,-0.0039033659829696976
2015-11-24,0.0012220896294909966,0.0022676273062971486,-0.00448180870955317,-0.01035045250576161,-0.009482372713933707,-0.0045313509817294095,0.0027812928151806915,0.006283375754853493,-0.0034532050348762278
2015-11-25,-0.0001292397828771552,-0.003880071608927227,0.009623671587627225,0.015385969028625102,-0.0062582406322989614,-0.009814199181940708,-0.02935867827543559,-0.0034072479653224352,-0.003968101124376511
2015-11-26,0.0,0.0048786804235074754,0.008755625122285338,0.010560186709646757,0.0032762890135147327,0.0053415649514314545,0.005953062978925505,0.010580167411491814,-0.00040270246244111796
2015-11-27,0.0005936223891387371,-0.003031927241768595,-0.00281239392910837,-0.0027525138483173173,-0.001556989400842257,-0.0028516364796733473,-0.02699550308268217,-0.0008322335375342549,-0.01870341599026004
2015-11-30,-0.004640904067250151,-0.0068633278917556995,-0.0029897335748961806,0.005004313569256347,-0.0069323243987987615,-0.018745036496581324,-0.016405107066458258,-0.018245531027752726,-0.003258064048373477
2015-12-01,0.010680586999677999,0.013415895808425171,0.006223952146681366,-0.0076459096807312,0.01928203869608125,0.013043963927860336,-0.0016314142883612215,0.016044418339633548,0.017499665854716406
2015-12-02,-0.010995752937987158,-0.003711199056584902,0.00395268659166792,-0.0031554988447081156,-0.0014811610555665045,-0.012910112334005519,-0.0029351729037055962,-0.007233451749813491,0.004393836832898845
2015-12-03,-0.014373578391063457,8.877462430034733e-05,-0.02272723733166382,-0.03612922569522514,-0.0058235119493057486,-0.008976888111928427,0.032923198795579145,-0.007574814984397493,-0.0027882946784408835
2015-12-04,0.020525755993794137,-0.021836619040215943,-0.005850199203187301,-0.0037656953824618533,-0.014558936530037814,-0.0007685818073641659,-0.022255387959371653,-0.00986424749381909,-0.008079578855520797
2015-12-07,-0.00698956346303703,0.009929513629689302,-0.0023676360028147547,0.008844854762440901,0.0007939270212189431,-0.007884546368198797,-0.003043599798592589,-0.005434562398703435,-0.0014692463400385325
2015-12-08,-0.006489911269239812,-0.01043499008790183,-0.014188112193742497,-0.01867442808633979,-0.0091339735442173,-0.009811221317709173,-0.017235591859840138,-0.007450335341477987,-0.013425530170849131
2015-12-09,-0.007738940390290883,-0.009825780039604659,-0.0013919631243867192,-0.006141090415046735,-0.00551070204096793,0.0038194235634663176,0.03745832326431486,-0.0004104584821245094,-0.004627683104368785
2015-12-10,0.00225139430167709,-0.01318683368331397,-0.0063052093466609005,-0.0022091962370431872,-0.008411848313526482,0.0011724593059210253,-0.010352209799464385,0.001965876894017171,-0.004547380818721081
2015-12-11,-0.01942277425044958,0.009656866991659907,-0.022218937098085645,-0.020416089444245555,-0.0016410211212737336,-0.010533886703588902,-0.008064524965752162,-0.0017673546542901208,-0.011083359710218343
2015-12-14,0.00475558669628362,-0.018047391432767235,-0.01322407345811527,-0.019970591999900145,-0.020052292000119265,-0.002349250475528586,-0.011387075279612136,-0.010674220730568229,-0.007184105515967376
2015-12-15,0.010618514891638675,-0.016814750717825344,0.024468595826395934,0.03257794880289522,-0.0038637762706553724,0.02394255543177448,0.002797039643277044,0.0026714112313390714,-0.0016649577542778848
2015-12-16,0.014514952946300674,0.026069837713226907,0.007211949901874126,0.0016257855135415333,0.024216451389178717,0.012225091597289017,0.0031950547852612754,0.018846645317827093,0.020063578850983532
2015-12-17,-0.015040495497016582,0.01593970785163812,0.0068220926913693525,0.01838436851280334,0.014628969938432324,0.0016992971633249532,0.005456745892112869,0.004346501472529685,0.007872832897336313
2015-12-18,-0.017797236873680844,-0.018950518664266558,-0.00821297361426554,-0.013836508421367855,0.0009116018634232059,-0.013030899568586607,-0.029846129644899078,-0.0013347084875326987,-0.005326430157927553
2015-12-21,0.007778414898656383,-0.003727853034739881,-0.0029046232746570144,-0.014631737775705811,0.0004680163684318561,0.0052165249112472445,-0.01618401934840341,0.0029716704128952554,0.0016602652379438254
2015-12-22,0.008816762734086936,-0.001550008934226077,0.007996898012209153,0.00040771737405109754,0.001495777394188158,0.0038949866556565738,0.0062400535185804795,0.005738975060443519,0.0017593870688261681
2015-12-23,0.012418034595898853,0.0,0.02595387220331724,0.02251175987456122,0.00490316886440878,0.005791770446945899,0.01254695243931847,0.0033424338539367326,0.00964589130014537
2015-12-24,-0.0015986125980361754,-0.005136418749702276,0.002188758816724423,-0.0006724110652694959,0.012810741185103502,-0.0011794490412616598,0.0,-0.004286671802002706,0.004425471368960654
2015-12-25,0.0,-0.0010979425418938815,0.0,0.0,0.0,0.0,0.0,0.0,0.0
2015-12-28,-0.0021785646703768036,0.0055564849811335915,0.0,-0.008518878236062455,0.0,-0.0030350390677137407,-0.005693295434072154,-0.013357446060332179,-0.009870300698387902
2015-12-29,0.010629710673474513,0.005768981129476325,0.009581686555900859,0.017746100863199388,0.011462946139419117,-0.0001009305892504253,-0.00252191624505238,0.0011455861837215142,0.00364969830681372
2015-12-30,-0.007217228968994793,0.0027120101273665487,-0.006416905664201944,-0.007935358509238877,0.009985677791311875,-0.00874382198656054,-0.00696408596972975,-0.0025428340393935933,-0.005339637684650844
2015-12-31,-0.009411833126550917,0.0,-0.005057339358149893,-0.006222665587990228,-0.004526929052985795,-0.0008106970157655269,0.0,0.0,0.0014738039909241163
2016-01-01,0.0,0.0,0.0,0.0,0.0,0.0,0.0,0.0,0.0
2016-01-04,-0.01530377604039257,-0.030615681335903533,-0.023851708979994557,-0.031448927627068746,-0.004793178972476442,-0.020098888953522298,-0.027887453644709237,-0.02169468365531202,-0.026798817216077242
2016-01-05,0.002012262379140095,-0.004172136114179326,0.007189710885330491,0.00418673137931469,-0.016325094038013632,-0.0017101323322338269,0.006603538972934642,0.00613416998478189,-0.0064893900348474975
2016-01-06,-0.013115420660382515,-0.009942309785566539,-0.010405328779712009,-0.012174285165874266,-0.011823855796023297,-0.00833672679112718,-0.015233153195289284,-0.0026417615887864843,-0.009812296353909011
2016-01-07,-0.023700421050516063,-0.02330671990817601,-0.019643098241835744,-0.01740504313035951,-0.022016601556781423,-0.024696344719352004,-0.025816110543760873,-0.010958591067969259,-0.03086010501977765
2016-01-08,-0.01083840686741222,-0.003904917674789843,-0.006993523768575538,-0.016601397875954715,-0.003892151031666513,-0.009743844126038348,-0.00202753575893877,0.006978832450257988,0.005919834124644474
2016-01-11,0.0008532645172032449,0.0,-0.0068685686450939976,-0.001971339752824375,-0.011741913533976911,0.010965253765208072,-0.016293622041253175,-0.011879308726442162,-0.027633617568646462
2016-01-12,0.007802793618448156,-0.02706526627927741,0.009777190415934944,0.01227749720065141,-0.0014405228297018624,0.007759128737174326,-0.010930028642952672,-0.002100441198201408,-0.008886542474294323
2016-01-13,-0.024965440402748285,0.028844366907176955,0.005351444704549069,0.0027278719335914747,0.01265103148504454,-0.0003402990633974978,-0.014409891422825893,0.013443618247781508,0.01131913132059248
2016-01-14,0.01669593922593471,-0.026794418262291564,-0.007169974014296421,-0.015951734775562776,-0.01565071459506273,0.008387715996428069,0.014268275522770324,-0.00849040849980165,-0.005892686587529061
2016-01-15,-0.02159909253631931,-0.0054428555271026635,-0.019284482015737625,-0.0236507936507937,-0.0033776138467908057,-0.01221321435696543,-0.023569048288726413,-0.0111262572302252,-0.014968656348130271
2016-01-18,0.0,-0.011170395477721917,-0.00416602057166493,-0.0057883541971495145,-0.006969218654100162,-0.005946724050558405,-0.01638253183310079,-0.0002235386162958708,-0.014513771741585968
2016-01-19,0.0005318215419634065,0.0054731277096553566,0.016761477667510905,0.015364227581343481,0.009131451157119885,0.005035366517103013,0.0031565265502762063,0.005957039048151369,0.020707526205396176
2016-01-20,-0.011693854879261001,-0.037081550904866534,-0.034580043561121765,-0.03284694798506271,-0.012551934308899337,0.0008615693745903652,-0.010813773648067904,-0.0233854067441418,-0.038170566938669825
2016-01-21,0.005195419855539507,-0.024301010161310144,0.017662569312497656,0.02127600525915918,0.004642751066502582,0.007895082827735544,0.0019027516716481063,-0.0026660164187597424,-0.018222203396112358
2016-01-22,0.020283682630725774,0.05876598119778276,0.021860857426404534,0.026933476453164573,0.010680295493178171,0.011038728220355898,0.008328050584999858,0.021135216486555475,0.029034389215921497
2016-01-25,-0.015637946405160252,0.008985448620841607,-0.003899993389841705,-0.007088492033302307,0.018432031388420533,-0.0034828312708081732,0.0,0.007449067004357657,0.013607078636787007
2016-01-26,0.014144309246276299,-0.02349436704418395,0.005863535817594023,0.010347193998227588,0.0,0.010995181591437087,-0.0140342592217656,-0.011481808147119299,-0.024784722344305732
2016-01-27,-0.010863455608495332,0.02723219362136331,0.013348648218883374,0.003504965642763702,-0.012008834801672474,0.004233004605747492,0.02343864174339183,0.013987359017785916,0.010161286901934297
2016-01-28,0.005528558910220527,-0.0071353164079066556,-0.009780698020322665,-0.02104505712229776,0.006008966851115849,0.006723598660552055,0.006613965833662805,0.004779041767876802,0.007525541334579167
2016-01-29,0.02476021464486422,0.027981773851403435,0.025626371847910834,0.02204120265018017,0.005900127085843643,0.029197023472260275,0.04596922769471212,0.0026849297827933327,0.025384679901832685
2016-02-01,-0.00044324413474616797,0.019803862246907444,-0.003893954262063515,-0.007907812248570623,0.007604598439643784,0.0,0.004060041592843122,0.0066734307500810885,-0.004451024253789182
2016-02-02,-0.018743103466056232,-0.006411896180457788,-0.02278675269385,-0.022893005981443393,-0.00996651392490544,-0.01233716480364655,-0.04865339053153517,-0.00946582018058828,-0.007586435661248725
2016-02-03,0.004992039011471272,-0.0315159757260004,-0.014331282790809197,-0.018706912614123272,-0.023344178484784428,0.003830133742561692,0.025718873142076104,-0.00835518724430917,-0.023409973034179354
2016-02-04,0.0015267734362336416,-0.008507816476405083,0.01055653967525183,0.002993133399847414,0.02124403573932443,0.011428990182983156,0.031142883268559185,0.01353488445894846,0.010083410604378118
2016-02-05,-0.018481296823200877,-0.013223827060033555,-0.008595026751385015,-0.008918184008536278,-0.000839899292400359,-0.011936844843187577,-0.0056254352767510785,0.0007984302756409711,0.005477741072996922
2016-02-08,-0.014153878886199789,0.010981837250491733,-0.027137204474646404,-0.03272220852333296,-0.00015734974004144586,-0.010521014849292132,0.0,0.0,0.0
2016-02-09,-0.0006636308701657434,-0.05403692007315786,-0.01004858191431024,-0.017474696338105056,-0.02880516172290315,-0.008782263409456648,0.0,0.0,0.0
2016-02-10,-0.0001889634544679497,-0.023129612867288762,0.007121563725655644,0.019203361958706422,-0.011671174046103516,0.003220580393163086,-0.005309162450122584,0.0,0.0
2016-02-11,-0.01230114587495812,0.0,-0.023858047000334892,-0.038973844140478,0.00950587141517012,-0.004148981538818819,-0.026210243661052957,-0.029330635783897052,-0.03848835840828857
2016-02-12,0.01951800905373191,-0.048416032441121803,0.030816493497346054,0.02828361967653481,-0.011559865150463366,0.001349881938447428,0.012456031924065858,-0.014106599911900886,-0.01219791003893056
2016-02-15,0.0,0.07155740703462476,0.020442918214310657,0.028195024962266446,0.016392094089285436,0.018612358792958528,0.0071553366718539735,0.014668061549191425,0.032673238141922356
2016-02-16,0.01651669365823305,0.001987819689463377,0.0065055251464558594,-0.004449745401165051,0.013745752003732958,-0.0024438786267898527,0.021320737916373567,0.014015680378047346,0.010780129547619532
2016-02-17,0.01648044398020665,-0.013583166764562837,0.02868391738895326,0.02710136605630087,-0.005689773824514965,0.01125072853287401,0.016682744085748435,-0.0023089551448391976,-0.010328897274773596
2016-02-18,-0.004665718645228911,0.022760280771591423,-0.009679419997612015,-0.0008869041867398675,0.022510190286966658,-0.0015732393748982831,-0.0036797257416500972,0.013216981432529584,0.02317146439787021
2016-02-19,-2.60711324778784e-05,-0.014177491850241974,-0.0036370029889735145,-0.008324266445607242,-0.007852769142289162,-0.003248181271265027,0.0015859151065287236,0.0038766999853314665,-0.004006593992278207
2016-02-22,0.01445421268341529,0.009010989423924087,0.014705313912235285,0.02189442886748738,0.009777911305048681,0.003951787318638322,0.04071524220086875,6.262263599543516e-05,0.009260325114723411
2016-02-23,-0.012454381906964795,-0.0036620828561763075,-0.012491449601091609,-0.015859382189637672,-0.004326140960692948,-0.007581282815330326,-0.016512601174145103,-0.0011167004111961587,-0.0025333832714502513
2016-02-24,0.0044397716094042305,-0.008488635407938427,-0.01595522540760208,-0.023252914406832637,-0.02099952847504638,-0.000991517607362713,-0.010262708209178961,-0.0008828661282402894,-0.011451584823520933
2016-02-25,0.011348326251425123,0.014108630485825557,0.0248211236062299,0.020274870223810915,0.0012629694366319555,0.006041173648883236,-0.004672972700676792,0.0031581203954971215,-0.01582393076444122
2016-02-26,-0.0018701644719988364,0.0029782520070829044,0.013837124406059775,0.01798138610282818,-0.00024953003128769247,0.0008937585401482817,-0.007038309392449871,0.0008287422403143729,0.025168420356032062
2016-02-29,-0.008120941454274777,-0.009985539036878821,0.00017716506370568652,0.005663739775225718,0.00019836236295489584,0.005556505051253158,0.028869706210744583,-0.001822764769602525,-0.013025100507897402
2016-03-01,0.023868794087660294,0.0036657440430878374,0.00915026676660502,0.017190868199949083,0.008466836006118417,0.01142790346456013,0.031030853491599064,0.0,0.015463116493205975
2016-03-02,0.00409432102509677,0.041095370927001884,-0.0009458985060654124,0.008593674388180483,0.020108275642937157,0.009075077180562996,0.017489997572627924,0.016048751473918266,0.030711386240136695
2016-03-03,0.003498703717687457,0.012755463065526884,-0.0027004779520617417,-0.0030673628620778715,0.011927356444536574,0.0028346491989936773,0.05123037911073047,0.005520124061578979,-0.0030859614997184037
2016-03-04,0.0033059095013543427,0.0032204884859576843,0.011250379253759046,0.00812514313594681,0.0017525663633213284,0.0023870071713025798,0.04007934161966342,-0.001297129462712654,0.011781307166468968
2016-03-07,0.0008850044250221512,-0.0060805958114062975,-0.0027470267427812667,-0.005353350782754673,0.010371068904376779,0.0026341712706321463,0.0032847188960671847,0.0011454109417423641,-0.0008415647752110234
2016-03-08,-0.011240108704340224,-0.007578947119444179,-0.00921325051759836,-0.00631560132270137,-0.006777223520041842,-0.010293511976295688,-0.00292327717321772,-0.0060014199104128085,-0.007348316345663464
2016-03-09,0.005052393318714987,-0.00839830425158572,0.003408734719465123,0.00472017081888465,0.009638290041425579,-0.0002649182809117967,-0.008900834057334439,0.0035095472016115625,-0.0007655567426462229
2016-03-10,0.00015583684385145347,0.012627537224645602,-0.017835062281169822,-0.01505215205989019,-0.0013804023584926828,-0.0034940720346126053,0.018617452469521956,0.008387311503110562,-0.0005921107247055524
2016-03-11,0.016395502545776264,0.005134002082795686,0.017077211059022268,0.03467776139599699,0.003168887120629016,0.00898706814888861,0.0013630923334175815,0.001056196777584395,0.010767387795092453
2016-03-14,-0.0012610091039911842,0.017408481203291748,0.0056646888574365395,0.00591450322076903,0.0036901954613208776,-0.000976852834996711,-0.015539091692204576,0.00043623599352748954,0.011670528129269941
2016-03-15,-0.0018369610425620353,-0.0067704359178937246,-0.005603629078623995,-0.008011047936920646,-0.014277234527788951,-0.010770655914507765,-0.03555176115581493,-0.001166168932245526,-0.007172378830007209
2016-03-16,0.005600392870784177,-0.008332033461334154,0.0057850445523348615,-0.0016823106340940752,0.001487452420304125,0.012236023889379943,0.013439629348767523,0.002502576181363292,-0.0015313890393552354
2016-03-17,0.0065952387999328455,-0.00224278253492749,0.004150277953652193,-0.006188664456818205,0.009596745631542891,0.015277510871168243,0.06595757465491903,0.006628183705503998,0.012148960642126339
2016-03-18,0.004405588579773578,-0.012492043754332327,-0.001851278478726348,0.0054779665472708405,0.0028967795651559936,0.001041045588332734,-0.0019470167119752801,0.002077475238809079,0.008184820284620198
2016-03-21,0.0009855677748611402,0.0,-0.0008174950400993142,-0.003595041457364445,-0.003194212602283808,0.0,0.007023366878770698,-0.0011846675903057768,0.0006056609952866943
2016-03-22,-0.0008773640085785184,0.01935687161767441,0.0013194105339409123,0.0008068827756768648,1.06453645822846e-05,0.0032955612051168703,-0.003153119262559123,0.0035431408813122456,-0.0008412238356423352
2016-03-23,-0.006385988876963622,-0.002790266620914972,0.0010286238401742143,-0.0028873601793375503,-0.004714297907937204,0.00033506982337949687,-0.025880118094028126,-0.0008463499281353704,-0.002492893173817845
2016-03-24,-0.00037806069592627445,-0.006390808059300035,-0.014942467547760852,-0.018304507595926944,-0.011290547785742566,0.0,-0.0006572744442802092,-0.004586190304342486,-0.013078680179653523
2016-03-25,0.0,0.00653669446429217,0.0,0.0,0.0,0.0,0.0,-0.0010876297225034248,0.0
2016-03-28,0.0005452027073489241,0.0077411007042977875,0.0,0.0,0.0,-0.0005277389355007323,0.02377974355881385,-0.0006401822755203179,0.0
2016-03-29,0.008816671166638201,-0.0017998910960834724,-9.498106929028971e-05,0.0060735319228721885,-0.015674224121874025,0.006009405683214064,0.006230744067997618,0.0062394705781472215,0.0010169269930957459
2016-03-30,0.004350343793947387,-0.013130038068164818,0.01593049345714803,0.013055473281706087,0.0011493618963354102,0.006402506446408385,0.0018363799895182442,0.0036242236491872415,0.02146143383923449
2016-03-31,-0.0020397780953995692,-0.007126623915217567,-0.0045573472917880276,-0.012867514207811848,0.01447367685720602,-0.006720499070067221,-0.023291413108527448,-0.003141638446861994,-0.0012829639784669444
2016-04-01,0.006330896132521691,-0.035474772162707335,-0.004672140439521244,-0.017188420362537427,-0.01640832732448838,0.003963289443055684,0.010114019962333742,-0.011163163564396061,-0.013369784421972786
2016-04-04,-0.0032082517199124583,-0.0025296705798506514,0.0030377234158525113,0.0030474590963267545,-0.0008133000359044074,-0.008352488292101334,-0.035235286590417525,0.002736158332362182,0.0
2016-04-05,-0.010144569799577008,-0.02421655160522651,-0.011921060486121182,-0.02428197199454485,-0.014200094128122842,-0.010774728765463037,0.0056096783967520825,-0.008201235996503242,-0.015704241979577427
2016-04-06,0.010507683957812652,-0.0011097819716998636,0.011557600024953985,0.006577058141747694,0.0043715103510386655,0.002123666152421988,-0.01951701016153351,0.004371439925817899,0.0014704861971550631
2016-04-07,-0.011975845083371128,0.0021940318261879366,-0.004015171310189025,-0.012989111007231768,0.0036731344997644744,-0.005075088385067983,0.008667205586133209,0.001303694986100723,0.002938633629390841
2016-04-08,0.0027866066574921966,0.004551157345090484,0.011002315505084681,0.014072441208119457,-0.005330696791892242,-0.004276598502713447,0.03668761633455708,-0.0009321694724631069,0.005149005356248626
2016-04-11,-0.002739792928306284,-0.004449003635554671,-0.0006914436666822787,0.004206759661810944,-0.0012323758606631596,-0.0022059992211235224,-0.002534352243943605,-0.0008519053776527841,0.0034564858814751798
2016-04-12,0.00966214330138726,0.011279190762821578,0.006817609981742301,0.0061075907161884935,0.008945293267893062,0.007375694613088735,0.03660665393945273,0.005557331871678839,0.0031128903404511465
2016-04-13,0.010040160642570406,0.028403287380899478,0.01930350394640512,0.03300374903554948,0.01587914413525393,0.0071107836720989415,0.02207574882898422,0.0,0.03190869879889435
2016-04-14,0.00017287578874580767,0.032343744849284706,0.0003473264507165563,0.0071301892938580025,0.012655067457620905,-0.00017088257768449466,-0.013900700359587126,0.01746815254476819,0.008464599212334
2016-04-15,-0.00098426141983321,-0.0037265574875599006,-0.0033542285274387185,-0.0021301202929895346,0.007592668495544297,0.0029288465172538913,0.015582982357527086,-0.0006051797433442863,-0.0010001026347127295
2016-04-18,0.006540973600611455,-0.033955305160306426,0.0015400985221676322,0.0031725348193063496,-0.003961426167710336,-0.011285227768832562,-0.006268535917549722,-0.0027845198564557805,-0.007269965430486414
2016-04-19,0.0030845039487379378,0.036771432696708795,0.00815768267039374,0.015978955819623053,0.010075422591348415,0.01682598284462733,0.015426490072234955,0.001124881787865295,0.012981593932377189
2016-04-20,0.0007616146230007281,0.0019022853499139902,0.0007665467148554317,0.009486056813545973,0.0052304833494674075,-0.0028359434148140794,-0.0014730948863388438,-0.0027493835017102786,-0.009325342492912614
2016-04-21,-0.005194063926940662,0.027035691513461524,-0.004495917482286282,0.0029180402988684406,0.010881999895320904,-0.0020525581950631144,0.0,0.008111355399011977,0.018173590421311392
2016-04-22,4.7813031919918814e-05,0.012029173640059065,-0.01112601544478986,-0.0033537562387164765,-0.006893415211486009,0.0012415311485809433,-0.013481959011339195,-0.003268878888284421,-0.007178253881996555
2016-04-25,-0.0018120272712495167,-0.007579460850454467,-0.007847313341066475,-0.00748140790546048,0.0,-0.0007017703862544078,-0.01977342505502011,-0.000466387826285497,-0.007574402432752869
2016-04-26,0.001872793719674748,-0.004932537429828021,0.0037694140797199793,0.001177180028355096,-0.0030024639224989214,-0.0036045562644246854,0.023539331811465614,0.0025216549601649874,0.004826693402877558
2016-04-27,0.001649376105560263,-0.003618336130114752,0.00563129721919875,0.0029282764498010927,-0.006309183311484223,0.011551206709396578,0.026285122215419454,-0.002094443041547267,-0.002133387395964137
2016-04-28,-0.00923084266043006,-0.0361146503077705,0.00039399295243125465,-0.0015972246624266218,0.007271422089069723,-0.008980765111820332,-0.0030438097881374526,-0.007179716185372609,0.0012372668713953594
2016-04-29,-0.00506308380824827,0.0,-0.012734088320890735,-0.031106119797915777,0.005126661395009169,0.005619284266069835,-0.007391557955190642,-0.0033884243826620697,-0.015007459780073229
2016-05-02,0.007810003389338016,-0.031121351490005167,0.0,0.0014497013086938182,-0.0017607802571750764,-0.0016795978225946362,-0.006473134830295657,-0.008023468645788956,0.0
2016-05-03,-0.008676727057840061,0.0,-0.009019703967868775,-0.019257402888610442,0.021146606054699202,-0.0013137781305495588,-0.024296351449192843,0.004175618633571743,-0.01851754279787632
2016-05-04,-0.005936889651395494,0.0,-0.011893772461478935,-0.011919171541927231,-0.015447417180939338,-0.006546205273329608,0.0055990994292214324,-0.004883181216365218,-0.007308141340062746
2016-05-05,-0.00023889387261577522,0.0,0.0008556909172416916,0.0005444491705657306,0.001502332418982899,-0.004432953317603405,-0.016778554139836532,0.0,-0.0037031389230058886
2016-05-06,0.003174634136826171,-0.0025180555607163813,0.0013813396542563527,-0.0011937354396585054,0.0024606672101983307,0.001370604259726349,0.000905342721957858,0.0,-0.016623618202996404
2016-05-09,0.0007534732687128898,0.006786608322489007,-0.0017777560115577185,0.006466133667479168,0.00541397410377753,0.0008956012904266508,-0.014071552126520448,-0.004502430806744617,0.002334177197565346
2016-05-10,0.012483666797817872,0.02153178058994709,0.006842403934055108,0.007828596367179363,0.004151711702433003,0.009415840853350677,0.040808730013510486,0.007465151615247523,0.0042600986961724985
2016-05-11,-0.0095615503816463,0.0008342795947404724,0.0009485678087921556,-0.007472381393568872,0.005522585871381214,-0.003711762811481889,-0.005774349827429082,-0.0012105926860025429,-0.009257173457269507
2016-05-12,-0.00016953585925616466,0.004061159261017577,-0.00946046159912639,-0.0071870423545088435,-0.0024181480794140953,0.003932373287813373,0.009037522605177761,-0.0013181152467046653,-0.006972225283204625
2016-05-13,-0.008478230326872227,-0.014064953617431875,0.005620729367860511,0.007211816887302103,-0.005656147013174517,-0.006202143247073133,-0.02699050286506799,-0.005309761364153509,-0.009850136527099984
2016-05-16,0.009796688181920254,0.0033018100548312113,0.0021014905921641347,-0.00177228804415841,0.005621516576596486,0.00970585961512671,-2.6831744308508654e-05,0.00046771971387760125,0.008350199221168753
2016-05-17,-0.009411320681679491,0.011320021376864275,0.0026611828201712484,-0.0045063512446676945,0.006890907279155201,0.0006334644616403651,-0.018598758525581238,7.622299800291721e-05,0.011811033522011405
2016-05-18,0.00020515726281145064,-0.0004870051883166804,-0.0003194023123430645,0.0062421505127479016,-0.007359697428071854,-0.006997269368929082,-0.005463277041746095,-0.0057569383047264555,-0.01453317295266121
2016-05-19,-0.0037067243593813526,0.00011835606430654622,-0.018237698271108327,-0.012586125834198714,-0.006127521908411371,-0.010975122499517043,-0.008488045299109737,-0.005085014284035072,-0.0066618212777803665
2016-05-20,0.006019489813925416,0.005387867596262419,0.017010415720220884,0.014709408677660463,0.00525309100936977,0.002322687018590397,-0.008173934170088715,0.00045716516504179516,0.008016012730567512
2016-05-23,-0.002085444764948985,-0.004884577581133254,-0.0032308262078643013,-0.009867799173576053,-0.006047682565713752,0.001777176010847814,-0.007890352001850287,0.003891829724747886,-0.0021745700728383888
2016-05-24,0.013681373410675546,-0.009357174594406326,0.013498076243027235,0.026318391506104932,-0.004394106122212693,0.005776352369431859,0.0002994095732411495,-0.008986063163278324,0.0010803153915159847
2016-05-25,0.006974750248066153,0.015673299084294934,0.007008872438200031,0.017102308213626127,0.014528933707054437,0.004692130066161981,0.0027899375805422455,0.011782131208455393,0.02711085942160607
2016-05-26,-0.0002104719354808493,0.0009016938835795241,0.0004470808018712802,0.0031388816305200073,0.0028997619362272076,0.007191932609567964,0.0,-0.0017597461884918397,0.001426744337332364
2016-05-27,0.004286876226017977,0.003719192056502285,0.0008203458539817188,0.0023671451968443336,0.0033080374136358337,0.0018345040985288108,-0.008717564021158086,0.006187853208384109,0.008808110560760696
2016-05-30,0.0,0.013851037491297902,0.0,0.0037453548504458034,0.0003892034518500065,-0.0023185251110319216,-0.0017767044385400554,-0.0010359694693703458,0.002557252668907717
2016-05-31,-0.0010004478195001498,0.00978203681504941,-0.006378781620816509,-0.008585732732256601,-0.005446913351048854,-0.012120682675025307,-0.010060995410129059,0.008270932780243268,0.009001720361096588
2016-06-01,0.001130207538531991,-0.01620251372499415,-0.006236769334225678,-0.008065990311671656,-0.010298109531175603,0.0021592870129314434,0.011159911626802632,-0.00034284561863473506,-0.0025995563795304655
2016-06-02,0.002824710741046177,-0.023188621191774117,-0.0010206833733586995,-0.0016157853341977058,-0.00831872581211468,-0.0010821463197916437,0.01784416880131956,0.0012054147837314844,0.004731953886569995
2016-06-03,-0.0029117543676315805,0.004810853401197246,0.0038832063450493504,-0.011968251666194196,0.007577162543103144,0.009227325734574743,0.014678302507815655,0.00036773780798049494,0.004219716748756763
2016-06-06,0.004897266962979874,-0.003737479893019202,0.010269532967342565,0.001451185134526467,0.007808775067269735,-0.0015350036350192386,-0.003708057171643242,0.0,0.003961381069773395
2016-06-07,0.0012894600859958416,0.005755116245266256,0.0017741575541174726,0.012921816183083967,0.0019782024624181993,0.005820174701189895,0.0011116002204958342,0.01298694758892971,0.014171035776135543
2016-06-08,0.003309455383901483,0.009323286627946903,0.002703463902630876,-0.006883306091709396,-0.00019549337500879282,0.0030181271914808683,0.022608009133284757,0.007680338829705091,-0.001423464852233547
2016-06-09,-0.0017176941371889187,-0.009655443671528263,-0.01104971498939944,-0.010176305401753738,-0.0014972133953671252,-0.012993517183182313,-0.009894189906543338,-0.0014355624839670345,0.0
2016-06-10,-0.009175222644506098,-0.004022579238211588,-0.01863479618542696,-0.02606865772508138,-0.009201900209178215,-0.010625957154097976,-0.03318370702090778,-0.0032309539218543515,-0.011984291394260937
2016-06-13,-0.008115186992800894,-0.035068211279076,-0.011575012753934133,-0.019782831978180204,0.0,-0.005472857063803849,0.004828400863094551,-0.019116488156897038,-0.025170320834267845
2016-06-14,-0.0017988898829277566,-0.009999263383019596,-0.020089429724217123,-0.019744035436934038,-0.02058014575171907,-0.008004851964990234,-0.020388318429892083,-0.0035521914444230918,-0.006116124465521788
2016-06-15,-0.0018406799915194894,0.0038199129831641976,0.007304765908166422,0.011840496500046704,-0.01080206993228483,0.00988611548557028,0.005477068155941289,-0.0016226933667338184,0.003923476752701438
2016-06-16,0.0031329954139511784,-0.030493266782163908,-0.002735134410404294,-0.003886513797124014,-0.00020808011414674699,0.004758369135517748,0.010158083228082315,-0.008553303230852793,-0.02096492393802485
2016-06-17,-0.003257956005563112,0.010724277478369348,0.011866269611863434,0.010594828503529108,0.003241167628743602,0.001787048870767416,0.002473507243842432,0.000722339766084934,0.006565387889863716
2016-06-20,0.005808171029634712,0.023438972387859636,0.030378220554750035,0.032890280327253274,0.01822586168691198,0.010449779301826556,0.01606013182099364,0.014190641957612327,0.016867641911395115
2016-06-21,0.0027121084843393373,0.012765810852285897,0.003634751773049727,0.008311585929429599,0.003348832112872735,-0.0016216808949652828,0.010102254429621205,0.000797528670650971,0.0077151856149622056
2016-06-22,-0.001651586959643958,-0.006394291337000091,0.005563273401803404,0.0036969137341860137,-0.0006474716752471465,0.002204114960545178,-0.013405379461739142,0.004983103848287707,0.006129151498613261
2016-06-23,0.013364022153492305,0.010745238931090695,0.012283607429258714,0.01999456067367067,0.0018472961310367353,0.00741734299491581,0.0279829253752768,-0.0029459293980668155,0.0035210183927767424
2016-06-24,-0.03591978498287063,-0.07921556069428237,-0.03146211009608568,-0.08616921122105692,-0.03171994385575816,-0.02730685616409856,-0.02821111477891114,-0.030940600288919873,-0.029193026373923292
2016-06-27,-0.01809650487628911,0.023889079870144547,-0.025492409618338763,-0.028331214045654196,0.004703334382256452,-0.013451686969292331,-0.01715847797217307,0.0008362593754545067,-0.0015711434795078194
2016-06-28,0.01777020204544777,0.0009099097863312089,0.02644344889839867,0.022699300077110074,-0.006609787765001651,0.009767167404023835,0.015453788394601542,0.004862859070503767,-0.0027111873557024158
2016-06-29,0.01703264590465059,0.015903398389625067,0.03577460063611593,0.026646898686685905,0.0076660590828552255,0.01681399383735127,0.01990438854422316,0.010401710549420962,0.01307029484752964
2016-06-30,0.013565002390415248,0.0005839339158968393,0.02268374826652564,0.01149644443502873,0.017691947489069326,0.010999778517616354,0.010294124278874994,0.007151035596720368,0.01753023568074563
2016-07-01,0.0019486769007937,0.006841329436720223,0.011300164659542089,0.006394995706416662,0.0025287696754008326,0.005368693585261708,0.013703707944564103,0.00861268302585838,0.0
2016-07-04,0.0,0.005950589447587307,-0.008448074821027607,-0.007231899440178102,0.006702805564508418,-0.00025836734773354575,0.00642543493543557,0.004015458003743699,0.01273565873839888
2016-07-05,-0.006847523716683512,-0.006748944586011496,0.003543250345739102,-0.017234933844826217,-0.010181234493851998,-0.008262316257995228,-0.013817928781140854,-0.002731418834260535,-0.014648229752317277
2016-07-06,0.005352996097771179,-0.018529190463153156,-0.012494328051737336,-0.01831219248599303,-0.005825171035736321,-0.01123645776043436,0.0011484836601483028,-0.018458677789783162,-0.012309452394904885
2016-07-07,-0.0008715406266519565,-0.006681192978212458,0.010860837398411594,0.006782865027142426,0.005843333403238171,0.001978159023060533,0.002174297967643346,0.010731547472761616,0.010325787046682411
2016-07-08,0.015253348586681925,-0.011079951611129402,0.008700922435523673,0.020830185964533676,0.0005009642461875075,0.007708444901867839,0.021649281183420133,-0.005562084616631546,-0.00689383066144067
2016-07-11,0.0034086107328981097,0.039838538212137786,0.013992571282910315,0.016670131535829746,0.02037419867214396,0.009472657680335672,0.015418866955936306,0.01295909530844086,0.015382580478570329
2016-07-12,0.007009302064421963,0.024625019574990414,-0.0003247112763098414,0.016677526236257956,0.0030186777288436772,0.005524105730027928,0.005491093328015895,0.0013527512647470985,0.016486195253945235
2016-07-13,0.00013474959807435738,0.00843581961585893,-0.001540260062957599,-0.002488545871059289,0.00659771621395433,-0.003461569109700635,0.006301190956054636,0.007191534880450767,0.004599820775189611
2016-07-14,0.005259172191430128,0.009516105481772064,-0.0023881626289277147,0.012620722180073596,0.004281683240435541,0.004895836507501139,0.016164975130173564,0.0016055446136971074,0.011194346594679772
2016-07-15,-0.0009289428076257877,0.006832707896855084,0.002219560686275379,-0.0014916961124780137,0.0033193467300931534,0.004622083589345127,0.001755019342703168,0.00422646694245743,0.0045540432613238035
2016-07-18,0.0023823401519147414,0.0,0.00392548476288157,-0.003204164061311743,0.005322336759632895,0.005305112469797146,0.016300804055688012,0.0019085293913525536,0.006645197779239886
2016-07-19,-0.001435236675604079,0.013666023148471096,0.0002912438652094007,-0.006127147638149144,-0.0013217994499555852,0.002114935185924649,0.0037860138258107856,-0.0020879615656742567,-0.005961515705507181
2016-07-20,0.004270304744474762,-0.0024767824073106404,0.004721256254320627,0.012230903073931154,0.0068736490491270175,0.00944909932030158,-0.002116650904810391,-0.0007090123903633616,0.009656165217872603
2016-07-21,-0.0036124840084306165,0.0076927734207576925,-0.004324571741078476,0.000519051551256311,0.004313207279726061,-0.002956304829466294,0.001121282900347298,-0.0016075734571759925,0.00539289879392113
2016-07-22,0.004553914935085945,-0.01088445005478822,0.004565746601809861,0.0012598998143837914,-0.0025778259439587226,0.0036413109226027807,0.006366181398123505,-0.0009342914790629875,-0.0016463269681721293
2016-07-25,-0.0030114527155947757,-0.00041858996526777936,-0.0030235584980564667,0.00033308324052971905,0.006434120920223441,-0.008558966773025145,-0.002269215439155925,0.0009849080255082132,0.0013280659908112558
2016-07-26,0.0003228067586511507,-0.014274720838204358,0.0020714948890705465,0.0019103867187764134,0.0007067778933753655,-0.004315897103377653,-0.0015821290801408816,0.007464021626778949,0.006196847787340198
2016-07-27,-0.001198609612849011,0.017199494110982982,0.003926216866968257,0.006908590419282268,0.00040072422913417505,-0.0024491231061010144,0.0012343537429939655,-0.0011295589294345598,0.0040334879820043135
2016-07-28,0.0016062180948777094,-0.011280049829521133,-0.004350833946874522,-0.011128595623241422,0.0030440315013844366,0.0004656918610947969,-0.0032666793778463044,-0.0019505691217500676,-0.002009542287925825
2016-07-29,0.0016312913007012764,0.005609692149708412,0.0005014090039368035,0.008313947607970107,0.0010441719655125414,-0.0036981782628684456,0.01131326243507691,-0.0024293701449704663,-0.012761146442239135
2016-08-01,-0.0012697828487301388,0.004013453821441804,-0.004532726193893111,-0.007840816381120663,0.004500609273980549,0.003141189357118046,-0.009639980030784367,0.006656118718969761,0.010861357694835982
2016-08-02,-0.006361592747507805,-0.01468642569595513,-0.007252817842977599,-0.02033154608045673,-0.008385665441050238,-0.00531712615398805,-0.010454974085449709,-0.005212824138627559,0.0
2016-08-03,0.00313393879547319,-0.018811026480268667,-0.0016552803442982933,0.0014035184280594137,-0.013504284240988818,0.006146479386301307,0.01628367601230596,-0.012005765144648683,-0.01762472468428511
2016-08-04,0.00021258994634409945,0.010680770074941837,0.015941155191125045,0.00731005200854673,0.0018466012784783548,0.002069185025444842,0.009057603153359128,0.002626842925821826,0.004283062055869813
2016-08-05,0.008603442301027941,-2.7068777457062154e-05,0.007909307790913145,0.014108186635928943,0.003944621891555755,0.005383087786362095,0.0011676585832280928,0.008954865677014867,0.014375993657083974
2016-08-08,-0.0009070627201803738,0.024369941769792236,0.0023051548030681435,0.003097141281429572,0.007354736139381979,0.00369749216799109,-0.0004458808826880434,0.00653141322338624,0.015744088459858974
2016-08-09,0.0003897491391129382,0.00687063565992041,0.006193155366397862,0.015508293886527191,0.002655547052443863,0.005525173294995689,0.0009365766855562452,0.006233014297530426,-0.0012958573463329737
2016-08-10,-0.002864685984581117,-0.0017804982651327128,0.0022068804460466662,-0.003538911520609478,-0.0015915215861257437,0.0035130946914749828,-0.01334092340344617,0.00042078893031538556,0.0011938246947222897
2016-08-11,0.0047345655461528136,0.0,0.007032776905578242,0.010127681002895628,-0.006439188478620239,0.01138653115108057,0.02424095806413873,0.0020345879959309254,0.003917762553890203
2016-08-12,-0.0007960508557545154,0.011042645645803484,0.00018945118450375276,-0.0013414102189877042,0.004157033733029669,0.00045385012396059743,-1.989723080286776e-05,0.0008151112846541686,0.008253120495293587
2016-08-15,0.002792976351273957,-0.002976373410748856,0.0036393764043480825,0.000561587420441878,0.001636800881446021,0.0068441558361000965,0.014538475406104645,0.0,0.007273714351222926
2016-08-16,-0.005479076775563363,-0.016185958614214124,-0.006810071471894497,-0.009997866509116604,-0.0014404425732729154,-0.007042626640572314,-0.00491242177405804,-0.0013216482074840386,-0.0009449467153834767
2016-08-17,0.001868558180106783,0.008985624086027766,-0.00504357462807814,-0.01181954717706779,0.0005540507709349551,-0.0019240171442894693,0.007958484034523261,-0.0019582372934328074,-0.004847487041068854
2016-08-18,0.002199594907937863,-0.015504334262530506,0.0014302063666782328,0.004952122769699585,-0.004919378310833444,0.003691959187656968,-0.00266014517269042,0.0057345565749233884,0.00979746295797601
2016-08-19,-0.001440316046492529,0.0036279245250974146,-0.001457280286972118,-0.009047507762160789,0.003424766967693227,-0.0028829141298715166,-0.0011340969022421987,0.0003746101864781082,-0.0037327630090743247
2016-08-22,-0.0005632203382069934,0.0031651498686677826,-0.004433623222213301,-0.002637962401455418,-0.002103974481619364,-8.282009033189208e-05,-0.022296177324391042,-0.006847449714041054,0.0026459178575257702
2016-08-23,0.0019517648352453953,-0.006074758753815801,0.005853374220550878,0.011268861662562468,0.007020419560638924,-0.012992235387565998,0.004132829271230598,0.0038047949230226585,4.4351856320901106e-05
2016-08-24,-0.005240294480771901,0.006057938967204413,-0.0047652256457368924,0.004963707481970614,0.0014226364671368064,0.0016277843209901999,-0.005207855768455283,-0.003009858873229687,-0.007746012531887447
2016-08-25,-0.001365241054683275,-0.0024913690781029896,-0.002761937920763957,-0.006946775732153632,-0.0035570225798923216,-0.0001970944383972162,7.380728467509812e-05,-0.00041100716326769593,-0.0002554689191166526
2016-08-26,-0.0015788480393283955,-0.011792739166281652,0.003102583285657712,0.007587801947323891,-0.004767506253731679,-0.007638757955511943,-0.00010204056883544865,-0.002653065220370898,0.004145965693547415
2016-08-29,0.005228119352340244,0.02302956289794289,0.0,-0.003939728138827259,-0.00838604869575954,0.004845938014636841,0.015491997487709241,-0.0025276073619632244,-0.0038499245292572537
2016-08-30,-0.0019537878718389745,-0.0007247203732460017,-0.0025241114060294834,0.010755377688844492,0.0016589211947524163,0.0010809023360094372,-0.0005966518905606844,0.0036361847122790003,0.00853455581486462
2016-08-31,-0.0023757880999210057,0.009688281746999872,-0.005758863709335649,-0.0025142291512001425,-0.008261154484337174,-0.0022927322800125882,-0.011511825267321973,-0.002495416082441859,-0.0017044583120258139
2016-09-01,-4.145650521647504e-05,0.0023354690479291396,-0.005240720724440373,-0.0018656160998701266,-0.0032153311051119626,0.0004631760329749657,0.005788490065216312,-0.0009485660924483108,0.008071591965488789
2016-09-02,0.004201100024874949,-6.853021591746167e-05,0.02203241342608986,0.020629728681785142,-0.007895761180183647,0.0047231754540366655,0.023698804885683877,0.002750009839033396,0.00450558967703607
2016-09-05,0.0,0.006614209886988354,-0.002201723087633889,-0.0006753816880645802,0.010567480220756265,0.001135013211478464,-0.0008397018270140943,0.010680416619650579,0.016454847485891877
2016-09-06,0.002981678730997528,0.00260306157605239,-0.007757921452680616,-0.0024369163585321596,-0.00293724322374056,-0.004499163187000277,0.009453325485500708,0.0031309463710147423,0.00584070310005913
2016-09-07,-0.00014635395704520882,-0.004070956645541135,0.0030075959009969733,0.00700289235740148,0.001961159908697274,-0.004793081568472468,0.0,-0.00225014880016261,-0.0019283091079078662
2016-09-08,-0.002223076078603392,-0.003154750288612229,0.00177022688700057,-0.002626420757780523,-0.007097571092777755,0.000385453609487163,0.0016999992017221466,0.0008972394125748018,0.007477525934206364
2016-09-09,-0.024522073992573334,0.0004121761189046502,-0.011919168355519316,-0.00983934049825852,-0.008646704981348119,-0.02019951928602781,-0.03705576103995811,-0.012530708959020864,0.007540341832174224
2016-09-12,0.014677062331693191,-0.017260647327322798,-0.011221862342204125,-0.013205816847897234,-0.022395565463024014,0.00563484022637506,0.010110047064012084,-0.022763964335310805,-0.033573032029444394
2016-09-13,-0.014830665480954464,0.003365937100400007,-0.00526347207091582,-0.012639069594540753,-0.0022660705554901073,-0.012130743888824291,-0.03013239827665648,0.003956856207443682,-0.0032133135256283696
2016-09-14,-0.0005876766556026647,-0.006862318459397554,0.001152179163860012,-0.003327954820492196,0.003823510209724823,-0.008376919110286818,0.004200752647315342,0.0,-0.0010820235908709508
2016-09-15,0.01010927804983619,-0.01259341384258339,0.00853998990006466,0.002991669196262814,0.0023276046102180814,0.0033941063508506897,0.014897266816054744,0.0,0.006250366527185136
2016-09-16,-0.0037722492851356426,0.006966164604593539,-0.002974607372628335,-0.012953254622919741,0.010847236376544611,0.0,-0.014328048822395023,0.0,0.0
2016-09-19,-1.8698928551330596e-05,0.0,0.01538981979887577,0.01126309513670054,-0.00036532194208549473,-0.0011295015929958518,0.004741085106174214,0.008212628040973113,0.00920739522763303
2016-09-20,0.00029918845132592686,-0.0016429277529481645,0.0025302522180066234,-0.0011622775249214845,0.0016629639513610073,0.01025243813961918,0.006731951906857603,0.004926132812112405,-0.0008318312388935212
2016-09-21,0.010917112199498868,0.01912849446554854,0.0005826558860688724,0.00584175981327939,0.006785809100590345,0.012685436520704085,0.01138725858842049,0.005074763909937774,0.005908836311125043
2016-09-22,0.006499870557343135,0.0,0.011211789131162941,0.023308452206104224,0.006535935471800425,0.022285916292184016,0.010279323600813184,0.006733824822322321,0.0037980726576791746
2016-09-23,-0.005736778768866024,-0.003189029737702187,-0.0002850363168097614,-0.006350579514957322,0.010576140171209891,-0.004097338095530922,-0.00503727741232729,0.002132019319900591,-0.0030858845613178643
2016-09-26,-0.00858783474770064,-0.01250207412907467,-0.013226850840083793,-0.018609574878557855,2.2646524393765688e-05,-0.011007884721322303,-0.010962570489122081,-0.0033883947479882437,-0.015559931235033742
2016-09-27,0.006444247705139627,0.00842391698540168,-0.0015209649694046812,-0.0016936166780918693,-0.004700060021136321,0.010143370070688107,0.00566649435443467,0.007674233431520738,0.010892052121287188
2016-09-28,0.005296467941090732,-0.01309823285041345,0.0061269127322565176,0.006822986091475913,0.001194622460086281,0.006593502366554427,0.0166707517956155,-0.00473138713023924,0.00202571706141641
2016-09-29,-0.00932130406149101,0.013866046376036945,0.010225743059955716,0.0001571323020550519,0.0108841815477565,-0.0077943145149205195,-0.016935169066124467,0.007627638744118537,0.005072894814275308
2016-09-30,0.007967905240501505,-0.014608496253978198,-0.002903422541195688,0.0035633344252870014,-0.00645884247117523,-0.008941713670079676,0.0002824308314384183,-0.0121282725550097,-0.018632260956120694
2016-10-03,-0.003260664031693561,0.009047504413416618,0.012202634168825055,-0.0012457365167340972,0.007835470750954698,0.007537812884954809,0.018746535930803443,0.0,0.012331122047117393
2016-10-04,-0.004955580233203749,0.00825246842066285,0.013004902971567311,0.010338502584625653,0.0010020965539194737,0.006456460904000982,-0.0020517570860878465,0.005495123872716778,0.004452513798298252
2016-10-05,0.004296695171798204,0.004994726825668483,-0.005808315687399812,-0.001062881663640769,-0.005667209578986365,0.00484561756002555,0.015421669610475197,-0.0009051711552126029,0.004173589582531445
2016-10-06,0.0004815416741907885,0.004748133684993938,-0.004733231436391372,-0.0015530618449053346,0.005521073552267719,-0.004084840040032067,0.006470903174775389,0.005991232342912989,0.006902129659484002
2016-10-07,-0.0032534698278855467,-0.0023084069565834087,0.0063471791267379896,-0.006953315814904659,-0.002852619290315772,-0.007261897387347949,0.007663382375638683,-0.00556819832469857,-0.004203319068990741
2016-10-10,0.004605941292820992,0.0,0.007539332717240166,0.011727771723372582,0.0014707200327759296,0.014042179483408468,0.009153319201204102,0.0014704450287272852,0.0
2016-10-11,-0.012446502685264704,0.00976685177837111,-0.0037506164142303566,-0.004964160539700169,0.0007982933215668897,-0.005191343782321556,-0.010483176697017815,-0.012101204772415719,-0.012674085248001954
2016-10-12,0.0011466118788989732,-0.01085242905039474,-0.0066285950263615945,-0.004191095411975376,-0.0009463845591500819,-0.0020677130194274307,0.0,0.0008858572883907456,-0.006049804836786521
2016-10-13,-0.0030993184304264343,-0.0039049881235153627,-0.006587405200163543,-0.010967310831341504,-0.007137121580764849,-0.0036226560634722293,0.0015851699022564336,-0.008993327531186535,-0.01605285587034677
2016-10-14,0.00020163653841631657,0.004896197979759265,0.00513203415432506,0.016856916209530004,-0.0002779851065476402,-0.0008397299291141858,0.010612812012321005,0.0035823443019886714,0.00877110714549345
2016-10-17,-0.0030380031692749387,0.0025954579782005993,-0.009410355668669879,-0.005444286144010824,-0.008345920671795848,-0.0009249194730976962,0.01503855928759612,0.0024472724036663784,-0.008426263842732706
2016-10-18,0.006160357394780158,0.0037567780583807053,0.007558060035552039,0.012719694753915212,0.004096364972497879,0.009417019375613345,0.017323243818476053,0.006322714920522277,0.01548993512328134
2016-10-19,0.0021919985043934442,0.0020809249917912442,0.0031228303757395715,0.002937325032245086,0.004548164636573926,0.008034112915362934,-0.004336632424621234,0.00024994731502681056,-0.0038222838894280686
2016-10-20,-0.0013757467506726462,0.013917951209812873,0.0007092077380543849,0.0067704208852268355,0.0012475707694223903,-0.004502954161469175,0.0052316637852938275,-0.0001665899046519037,0.0029791928502804765
2016-10-21,-8.405951413614776e-05,-0.002953787241449346,-0.00091505500291722,0.0003315315783827266,-0.0021730406251654344,0.002986063998922761,0.004233068626214642,-0.003724394785847296,0.0
2016-10-24,0.004749761811354558,0.002899690944037525,-0.004852951440573183,0.005267005669910452,-0.004020390702717647,0.0002653949738116168,-0.000751699317777188,0.007250368912936622,0.009826134574577372
2016-10-25,-0.0037976507555791406,0.007591204113628569,0.0044715447154473065,-0.002084774359538022,0.006349836164871281,-0.006973183636598268,-0.0030235768434819787,-0.005161788117632127,-0.0016509857617835744
2016-10-26,-0.0017404206872095873,0.001531218957400604,-0.008485758745105265,-0.0020826518019958495,-0.015255118248249211,-0.0059902028401740415,-0.000634294822613457,-0.011427617724588557,-0.010170968860319318
2016-10-27,-0.0029867768517781723,-0.0031865518542030236,0.004093077266893674,0.001359956896831438,-0.011987951784750095,0.0064685106966904105,0.0066401162290608,0.005079721335325971,-0.008277660904858042
2016-10-28,-0.003108239882983921,0.006344447123454611,0.001386946670540734,-0.001922098296042174,-0.0022107261858789196,-0.002233622302719729,0.0009047541226001599,-0.002321996719562014,-0.007674966010802975
2016-10-31,-0.00012227181023405365,-0.0012260401996743164,-0.006008924768376223,-0.007790883464750986,0.0064146554076791595,4.332683430829931e-05,0.009592796375795576,-0.005561002664131287,-0.0008830393281408222
2016-11-01,-0.006786915316417175,0.0009974163587760376,-0.0053320142302084594,-0.01050650519597407,-0.0051266216499815664,-0.01470486539269078,-0.02461473723640928,-0.00039836868025433514,0.009266808926623238
2016-11-02,-0.00652548633341532,-0.017642067605375455,-0.010368447074947218,-0.014216959132031137,-0.01162013960952435,0.0,0.0,-0.014172632124300755,-0.014540501238385684
2016-11-03,-0.0044233867508127744,0.0,-0.008021421622047997,-0.0022414828684270693,-0.0006580615697779901,-0.013096546520740215,-0.024890874930242335,0.002455860207990046,-0.0055671730124285945
2016-11-04,-0.0016661400132141901,-0.01338338387410798,-0.014321457445758856,-0.006376345640980663,-0.00856043369955295,0.000235841983728724,-0.002457968941623978,-0.0008972678697448666,-0.0018026310742913498
2016-11-07,0.022223501088635134,0.01608069866598516,0.016978273666344856,0.01853086616145383,0.013507321234862424,0.029027637118557825,0.03982669027550889,0.007850576684392596,0.007012439373182078
2016-11-08,0.003771956162738288,-0.0003394031976088341,0.0053225403634546975,0.004702121437685891,0.0013314164187203659,0.00875624996748181,0.0016553828043461838,0.0029035132510337736,0.004739621251326653
2016-11-09,0.011077043878180648,-0.053568204768632444,0.010040726977275094,0.010868450733107826,-0.019254097253789237,-0.02228817690746554,-0.014018742572985854,-0.02246203915383005,-0.021575357264921546
2016-11-10,0.0019507595018628532,0.06724778082569394,-0.012132804000092645,-0.0031737825926203556,0.03340970213452543,-0.04571111691628704,-0.03252238798184015,0.02257988745800099,0.01891217518120536
2016-11-11,-0.0013979367745031723,0.0017509954210057632,-0.014286802246052166,-0.0054388677176778755,0.007863444824244059,-0.005442418447748731,-0.03296435219316818,-0.009073204833716098,-0.01348651501744158
2016-11-14,-0.00011550278361704969,0.01714150214189636,0.003380170360586243,0.003227701467317212,-0.0046559709298796825,0.007297527138116822,0.008008142808697771,-0.005054348099958195,-0.013708613298335726
2016-11-15,0.007480824323075508,-0.00025293363406209135,0.0058579809808119165,0.0032633725903019606,-0.0036535688657792775,-0.006242594878260288,0.0,-0.0034795380875203286,0.004576050457604897
2016-11-16,-0.0015822857378724464,0.010983606093450504,-0.006333232245014475,-0.007659719580813906,0.00027618184142874647,-0.00271146386399157,0.018469777291892697,0.006160007725422245,-0.0019432079774556188
2016-11-17,0.004676288735564471,2.351332785810456e-05,0.0066654616784103116,0.005098534212717443,0.002039539971679938,0.0004035493636413978,-0.01627486943566847,0.0004546258176949536,-0.00079217146091215
2016-11-18,-0.002386700318226631,0.005865877533151487,-0.00278746259958107,-0.0068906795012148025,0.003910621222514621,-0.012366959789793852,0.003200409834488438,-0.003014314205650015,0.003653166167180366
2016-11-21,0.007461386864659136,0.007714523128263817,0.0003232104985853024,0.004018763055186669,-0.00150744064417474,0.0,0.018486949015505738,-0.004319906005327723,0.0006073161682600414
2016-11-22,0.0021654277629676866,0.003143705795089158,0.00616114583148919,0.003745503582297305,0.011585144345262588,0.011374043513042054,0.014478403321288802,0.008860405381348357,0.014325662029056607
2016-11-23,0.0008080111124224576,0.0,-0.0002947335081205926,-0.004004165120075731,0.013120569734130338,0.007027382297308371,0.0005074694368301103,0.002258667890111754,-6.08517391471608e-05
2016-11-24,0.0,0.009385595063354346,0.00168531662391036,0.002790108636144817,0.00013146479496772834,0.0018108147825517396,-0.009524422566354218,-0.0083955833899243,-0.003007493598051414
2016-11-25,0.003914329257229898,0.0026078072764423865,0.001691266912669187,0.002558705518647786,0.0041395939785005,0.0020313304275403343,0.0026638747153091558,0.0016233272120369513,0.005084815483033189
2016-11-28,-0.005254478505433036,-0.0013236335781847686,-0.006034426049775221,-0.010359600837165917,-0.007877032237097126,0.0024860084858520093,0.02105976892442185,0.0018587360594795044,0.004714072907062938
2016-11-29,0.00133531965917566,-0.002715601607897522,-0.004040020766324481,0.0071665340758420015,-0.0012629016909450064,-0.002164475031234403,-0.029734549880281014,0.00013143726650932663,-0.004095386142352164
2016-11-30,-0.0026534703763845258,7.86582647986922e-05,0.001740992321323187,0.004341072004528712,-0.003119927278044443,-0.0012393053983068558,0.015082677286718527,0.0025727990942128187,0.0023178008424129537
2016-12-01,-0.0035155379500729778,0.011177334218897439,-0.004549079496859343,-0.006760365839671545,0.010985995332758014,-0.009513204619299609,-0.038765322335217234,0.00013612438744026178,0.0038815661588511574
2016-12-02,0.0003970644613615626,-0.004701530590197511,-0.0032889427256020953,-0.00522933176728313,-0.010222097540816932,-0.007343233330793453,0.013605059208618098,-0.006623818525519853,-0.013699049270857078
2016-12-05,0.005821300668354734,-0.008199790731398093,0.002393503221052029,0.012477073957010143,-0.008004383527825176,0.008574520718765966,-0.00803101923150562,-0.003679063843175512,-0.002626655120670174
2016-12-06,0.0034108794353906458,0.004681261111497248,0.004892668112283838,0.015726803701580527,0.0052312394487783465,0.003692255653988896,0.02100089701568053,0.013497269986146199,0.007535918917778162
2016-12-07,0.013163188276083426,0.007415359243246433,0.018052048425921452,0.01337736554909097,0.009101639953049467,0.01123378774287076,0.005338997270342594,0.001020172273426434,0.005546600573755667
2016-12-08,0.002159412853860454,0.014531248563932397,0.004247902489485478,0.013859539691430278,0.011962719934751176,0.016451033657166603,-0.01201395763859947,0.019669760880369758,0.0026718220141994653
2016-12-09,0.005938945503274562,0.012304514621802598,0.0032691100836033105,0.0036882531491404524,0.003064054541830341,0.011933504212554569,-0.002899801356602727,-0.0031412014356964058,-0.004411718391870489
2016-12-12,-0.0011374046815045835,0.008352122010678809,-0.009172860756290091,0.000491002458139711,0.0003972577882938033,0.0,-0.02185101574165682,0.0012594520642665863,-0.014408869916848865
2016-12-13,0.006539770310506121,0.004985113570691535,0.011341834024631181,0.01175326887790673,-0.0031965744054734957,-0.0009214837444342372,0.0017227505474104454,0.004311280361476655,0.0006098153525473382
2016-12-14,-0.008117197541950394,0.00016051514452586346,-0.0027810583807007516,-0.0077238924710585355,0.007136457610466218,-0.013861674273483504,-0.018023612121138455,0.00043713592471439355,0.00044193578566109615
2016-12-15,0.003883228005396644,0.0010481151326946492,0.007169180868561664,0.011841044178957594,-0.008244607511343593,-0.007541668704000415,0.003161540929964346,-0.00010800885672612726,-0.017688325313426345
2016-12-16,-0.0017506399119374683,0.006607937515143547,0.001804540927931253,0.002923310787940059,-0.0010199370704786492,-0.016362283189992333,-0.00012192582525982765,0.002744703311811092,-0.0017520875454455354
2016-12-19,0.001975138060378967,-0.0004922388621294571,0.0007872623237930032,-0.000426479792835055,0.005269181164114345,-0.0050109271899646535,-0.021888354389796416,-0.0018851848950172112,-0.008540581042880024
2016-12-20,0.0036375208284531446,0.005307968398688079,0.0038192089107274008,0.006617861473057429,0.005212616426726546,0.0007791463202486693,0.008262681444905606,0.0017415705532306536,-0.004746096219062412
2016-12-21,-0.002457327062305281,-0.0025668738871876817,-0.00036059262119603197,-0.0026407189098038852,0.00400584860693165,0.0011742640317986552,0.001105015743391835,-0.001949126810777968,0.003715761289259545
2016-12-22,-0.00186298660592088,-0.0008650265447951444,0.0031612941707781506,-0.00037911793931044713,0.00542836946545755,0.0005568766710468687,-0.006787920589135243,-0.0010942314863883196,-0.00795972452750593
2016-12-23,0.0012516807020026555,0.0,0.0006356460088792204,0.0013641187823250078,-0.0028343654720883737,0.003676228801584136,0.011909656447045336,8.35081273056204e-05,-0.0028396853421581714
2016-12-26,0.0,-0.0015972064586231571,0.0,0.0,0.0,-0.004072295418955374,0.011791233632468145,0.0009086890318776852,0.0
2016-12-27,0.002248441772426002,0.0003309851603165992,0.0,0.0013928044545308271,0.0,0.00689248488205485,0.0013038154385531797,0.002169059011164265,0.0
2016-12-28,-0.00835654596100277,-6.906127177874755e-05,0.005363481636689427,5.79528020179243e-05,0.010141531183573749,0.005817040168283771,0.018483836141356402,-0.008657457508434718,0.008342155370442361
2016-12-29,-0.00029334376333378653,-0.013224600705504574,0.0019954742980659024,-0.0021227796213154626,0.0024705265044662195,0.0075967041808757685,0.007454631129997669,0.0009730845793261,0.0016626261679062448
2016-12-30,-0.004637080639855018,-0.001607196395534305,0.003169828068076086,0.005733916913220893,-0.005839024907230428,-0.005802962405664469,0.0,0.0,0.009620984162662438
2017-01-02,0.0,0.0,0.0,0.0055158455198571765,0.0,0.0011436608979709106,-0.010602836455506526,-0.00014804141211766098,0.0
2017-01-03,0.008486575577422162,0.0,0.004908418651990987,0.0019192001619985355,0.011894543939231061,0.009372120861974365,0.037341475816723646,0.00879002645398197,0.0068107357267268576
2017-01-04,0.00572230858833489,0.02510101039165824,0.001650902981238156,0.0007541432630873146,0.0005626891728380823,0.010068217059641782,-0.0036362412748086603,0.0008170374320561891,-0.0007191743715688759
2017-01-05,-0.0007706704833204681,-0.0037495866115210275,0.0007747150801002967,-0.00031650148303552506,0.002953241304795462,0.0028387296743734858,0.007824766281544271,-0.0018038364521616446,0.014557384929478667
2017-01-06,0.00351696782723665,-0.003399469998242699,0.0020485566292487434,0.0014171694602997942,0.0003877740794493434,-0.013878855710371507,-0.006534615693195134,0.0035113494453831162,0.0020626370137362127
2017-01-09,-0.0035485599346501973,0.0,0.003844633532361197,-0.0036734042521160415,0.009011079854492454,-0.011244678659746099,0.0005662821775009874,-0.00016592488482847223,0.0024743356555412266
2017-01-10,0.0,-0.00785891881139078,0.005208786684296474,-0.0008340964106654525,-0.008048806316719226,0.007304815808924392,0.00699364622111176,-0.0017864289967689517,0.00825225223627779
2017-01-11,0.002829564987438804,0.003275921382031477,0.0020644714362094696,0.0005232577482978673,0.001871299713125163,0.0010325528747490154,0.005061176402421985,0.014693514317008383,0.008375522370998256
2017-01-12,-0.002144753265474808,-0.011875751045589578,0.0002578701843085618,-0.006420914526865773,-0.000801873764831873,0.0027720418473167197,0.024143479529438627,0.005768202123199506,-0.0046360748800431395
2017-01-13,0.0018498617008155804,0.007973994888866631,0.006231170387679175,0.011452216508960555,-0.007931014032954598,0.002636722015032955,-0.004728560074416133,-0.004958939026610487,0.004746590085776825
2017-01-16,0.0,-0.009956821283249706,-0.0014554751349517003,-0.008967193488030656,0.004775990422849263,-0.009571822011098186,0.002824127373548979,-0.006076685654302971,-0.00955776117411844
2017-01-17,-0.0029675025498540064,-0.014752891296469839,-0.014569142351780306,-0.002880532276227643,-0.008527703424284883,0.005731915650897479,0.008194415026613777,0.003730312910273703,0.005406250068777485
2017-01-18,0.0017637539739581154,0.004296907597882926,0.0037712696561675862,0.002727516255509821,-0.0036259829947609123,0.007783697255109301,-0.003181914382153539,-0.0006419321675587009,0.011264407772524354
2017-01-19,-0.0036093296770529637,0.009414444620275741,-0.0054045402553393185,-0.0011141469338190602,0.0023649554109934634,-0.0020571333909826794,-0.00309760455136332,0.0010866730418150894,-0.0020910665998217226
2017-01-20,0.003366185299223723,0.0034426981609405605,-0.001387262708713699,0.0027687192470056132,-0.006576386146336821,0.0014339052671485941,0.008918097426680482,-0.003463930258250869,-0.007117149010236856
2017-01-23,-0.0026900775323491777,-0.012900050214469605,-0.006565311373019633,-0.00800135780617317,-0.0077418099827578635,0.016935309810151233,0.01902398561216656,0.0001839650272799087,0.0005509940395640456
2017-01-24,0.006564541762317022,-0.005454440546650785,-0.00011746313195870606,0.002593918803314388,0.0069734798177572,0.02193235283630446,0.0013910556007021846,-0.00011132677312064576,0.0022420662994813156
2017-01-25,0.008026069375062894,0.014344802184799832,0.00197053566683536,0.013597315886187289,0.003790021415550182,0.002621412717569216,0.0,0.0005712183409494198,0.004325080850166252
2017-01-26,-0.0007353037152416642,0.018097337006427905,-0.00041036062882893187,-0.002110548231438747,0.0,-0.013762373427862351,0.0053241117987536946,0.008055386223112526,0.014102490680772073
2017-01-27,-0.000866468119198105,0.003350618145496531,0.003211622162426986,-0.004760283568284507,0.007489887180037069,-0.0039973586180127585,-0.002366649176779423,0.0,-0.0005728545655310224
2017-01-30,-0.006009526341248739,-0.005062309296567702,-0.009187847710832697,-0.012293655190368513,-0.009184120456570355,-0.006944163275772519,-0.026232706252144578,0.0,0.0
2017-01-31,-0.0008899995615766487,-0.016909109214021445,-0.0027154673469617086,-0.009820027461749703,-0.007171931894554784,-0.0019272986263857428,0.0057393479149006055,-0.007688652757980252,0.0
2017-02-01,0.00029839350204285964,0.005605697918318775,0.0011973264404894213,0.008741193804400416,0.0057382157447432025,0.0001797831793581839,0.0025567961295658304,0.006244044941646321,-0.001814579821392881
2017-02-02,0.0005702879954376794,-0.012194434115587516,0.004656954126891488,-0.0016293741484908475,-0.001367552512618997,0.001820057260754293,-0.003978028916901688,-0.004551834192109472,-0.005740962390628157
2017-02-03,0.007264835478001608,0.0001913867503269273,0.006658964394496314,0.005993342779251343,-0.0042250073245032604,0.0027610108658930876,0.005818061541191799,0.0010381408105222256,-0.0023856435242136653
2017-02-06,-0.002115416423640437,0.003092788954551562,-0.002246706453542635,-0.01063208996947862,-0.0010680267583039749,0.0,-0.014795101697464674,0.0021705994713383525,0.00946984354415914
2017-02-07,0.00022682067208701362,-0.0034742587097552624,0.001961754843387453,-0.0008028879261096078,0.0011300706712646935,-0.01050606563035339,0.0032186368087849804,-0.0011792112280160083,-0.0007139724450323515
2017-02-08,0.0006933905489561187,0.005119831122777585,0.0003618035629300298,0.0007200892539813708,0.005237530781276867,0.004125065938781036,0.0099145000926808,-0.004881433686229397,0.006581640241098308
2017-02-09,0.0057524611382027135,-0.005257370735916145,0.00565878683845189,0.012275944707291986,0.0023438568601696907,0.006616553403531178,0.0019972113999451313,0.0003873941929610769,0.0017036311913112279
2017-02-10,0.0035660587468098193,0.02492427676175879,0.004045922954561076,-0.002123381912813249,0.009885049557648573,0.011959433580968293,0.01785010334043524,0.004453308033380399,0.002118584629039466
2017-02-13,0.005245887483269263,0.004139547436313729,0.002778715343550786,0.010517208170403247,0.007005896224353769,-0.0028317653143373755,0.012750489530963582,0.0017204155984349434,0.005768827799641718
2017-02-14,0.004007301621389514,-0.011314471598194209,-0.0014232880702081951,0.0011073359493891655,-0.0009453731915354258,-0.00567436865960913,-0.0038042254438113154,-0.001962812402280245,-0.0003361311932278399
2017-02-15,0.004992342508064018,0.010343583703501968,0.004657043485917445,0.004478843358346696,0.009353559763429553,-0.004842667125823263,0.018927379540502498,0.004478036412364883,0.012313204103613806
2017-02-16,-0.0008641055656061214,-0.004653261295669675,-0.0033536873443150705,-0.0038120052591832376,0.001246153862044297,0.0028012113208715217,-0.0023734994243520546,-0.0009693549470694007,0.004702255107029263
2017-02-17,0.0016785814708464297,-0.00583588706155258,0.0030283377668345324,-0.0006735043974098742,-0.0018044077063940067,-0.00273058759225564,-0.0009705926070985305,-0.0006052338316105965,-0.0030678994678048355
2017-02-20,0.0,0.0008557486448914631,-1.3698705198406103e-05,0.0010819599795697243,-0.0018471126721506526,-0.0017152655025336472,0.011578720212220395,0.0018312201405377149,0.004674262099864546
2017-02-21,0.00604807839534538,0.006771568140592432,-0.0034288328817264624,0.008133100268990168,-0.000701455403484319,0.011281584901476682,0.007575344148777807,0.008894688613934942,-0.007556091920510544
2017-02-22,-0.0010822785345272479,-8.100533293708967e-05,0.0037691602415452774,-1.7967676150587586e-05,0.002429620020897749,-0.00880626038144705,-0.006697414499966858,0.0017499393703073185,0.009945488225281407
2017-02-23,0.00041899086684549225,-0.0004339554393295586,-0.0042288335786915265,-0.0015901679109505684,-0.003520870186710101,0.0002262918979025752,-0.0164479866102053,0.0004841902392944686,-0.0035988820740138205
2017-02-24,0.001493351834538359,-0.00453863570427826,-0.0038053351706762717,-0.00895931564865804,-0.0078958832498367,-0.003361623306690098,-0.011848110452512106,-0.006410043508585539,-0.0061853977174239905
2017-02-27,0.001018020225231675,-0.009130584944465614,0.0012838742631529065,0.0015768335608292716,-0.002579375969792519,0.006409031520583142,0.0,-0.0041067369587224345,-0.001696174115506821
2017-02-28,-0.0025783310475788745,0.0006029055652057025,0.0014394043843926063,0.0031154624845133316,-0.0020895562020915026,-0.010399542125315686,0.0,0.0029345199278836276,-0.007704059134672647
2017-03-01,0.013673825117192173,0.014360068183518093,0.01644675250294636,0.021264546136443574,-0.001299844666373895,0.012748632588788,0.0049020357894515865,0.0,0.0015062721323229056
2017-03-02,-0.0058598641045760624,0.00883077560878509,-7.449647157609096e-05,-0.001619373488289666,0.01258449907761805,-0.0034873662261361016,-0.016927436314803423,0.005263812128282197,-0.0020364654328709486
2017-03-03,0.0005037952576072424,-0.0048878598298987,-0.0010958570103015708,0.005518936629725912,-0.00813404037123644,0.0026625833762259354,0.014131060499191328,-0.01136660880317697,-0.007389981570350979
2017-03-06,-0.0032772164221692712,-0.004624234109620429,-0.0032735488035410265,-0.00468062725694085,0.0029511653603804255,0.009891896098604303,-0.006650542415400529,0.0012555622369212482,0.0018494679170812933
2017-03-07,-0.0029133039476952893,-0.001805549678674967,-0.0015142609916573013,-0.0006907830645971336,0.0025893977388014022,-0.00969914745322964,-0.009029659773381105,0.006096975054771914,0.003593363021628937
2017-03-08,-0.0022842521713062336,-0.004658772807282996,-0.0005968123679144233,0.0013293472609539059,-0.0003004483293095328,0.0025318879541518235,-0.015580676863749754,0.0006494591819679041,0.00427345554909464
2017-03-09,0.0007998374933346764,0.0033525448957960613,-0.002679079051237876,0.005980021359326404,-0.003204356369014061,-0.005791007929873526,-0.002051824205993813,-0.0020759660400589963,-0.011803330800634226
2017-03-10,0.0032686786165836423,0.014805953646696457,0.0038441768649453145,0.0018710280976805826,0.005993865745558713,-0.003419310120700958,0.001397068648667732,0.0030080437672759253,0.0028555551205962093
2017-03-13,0.00036668633566550035,0.001486385090037512,0.0032683832942035362,-0.00022831919022803238,-0.003162953209311925,-2.4839546085897446e-05,0.013279225227002645,0.009650272963501738,0.01107402326902629
2017-03-14,-0.0033790189048102937,-0.001235118100210042,-0.0012528708796428756,-0.004702107164711311,0.000311080780783346,-0.00027961106673846103,-0.012738977909278137,0.007645483781090867,-7.217892652300328e-05
2017-03-15,0.008374727853051489,-0.001637981590555504,0.0014664609906427373,0.002909311266888981,0.0025800736151835313,0.008119695964807994,0.02373157364837364,-0.0003655484632906214,-0.0014730599988669324
2017-03-16,-0.001626657052061442,0.0006517726069574792,0.006420452077995353,0.008987129398237759,0.002042605841326095,0.012349824553494537,-0.006824651905461221,0.008007501172058173,0.020822642096260058
2017-03-17,-0.0013143639402364293,-0.0034992092961050325,0.0012149488602268832,0.002456423911905814,0.002394659606612004,0.01117183585341941,-0.02391063932316706,0.006743935109391197,0.0008913764169387051
2017-03-20,-0.00200988121517931,0.0,0.0006532021721330494,-0.0031695767034661815,-0.003575907908861975,0.0,0.010501956550652336,-0.0034972142401757944,0.00790047523789661
2017-03-21,-0.012407993359932812,-0.003366016804983607,-0.006927498818946942,-0.0022865587581600844,-0.0007425279555459685,-9.034141233876802e-05,-0.02934301333743905,0.009907232697113022,0.003719289739323006
2017-03-22,0.0018899156150544716,-0.02130461330970379,-0.007267217287357353,-0.002600871233547797,-0.01560311542793491,-0.00209409321647569,0.008589501776505859,-0.004627291840725634,-0.011088873636203922
2017-03-23,-0.0010602737976110888,0.0023070806842782066,0.0021830186000284524,0.00920279474961272,0.004123483555498186,0.003910508524912704,0.00014876890191550807,0.0020384633122720874,0.0002997482361521975
2017-03-24,-0.0008440041603438031,0.00928567573699346,-0.0005299214926076656,-0.0023260664275905896,0.007987625688644195,0.008360021209234514,0.005083834153486677,-0.0017351522515556272,0.0012565922795824136
2017-03-27,-0.0010196332733214408,-0.014377135298426436,-0.0059044654223491255,-0.0020353352786609546,-0.001190743727304211,0.0046683379563745575,0.007119704913272962,-0.006127388828695901,-0.006756226940583199
2017-03-28,0.007251482966702083,0.011444469200061702,0.006844450538150415,0.008125941916826251,0.012970583444817718,0.0005323141022273159,0.005163556419310211,0.0035487971201395574,0.006289653918168714
2017-03-29,0.0010854034436120763,0.000760823772696595,0.004126142859866455,0.0029436634757737945,0.008981429023468213,-0.006135481616660554,0.013735052896444833,0.0016964743841614283,0.0018968309614730838
2017-03-30,0.0029350353432466836,-0.008027067024396484,-0.0005695903831444138,0.00181568626322548,0.0038668484316977114,-0.0035324692698420757,-0.004003003893432888,-0.0010798438379681086,-0.0037290838613400767
2017-03-31,-0.002255010430479043,-0.008076285118673643,-0.0063233426328987985,0.005557821448882283,-0.0053125480709790285,-0.00658449183743226,-0.004319401930377831,-0.002037290265355818,-0.007798004122448798
2017-04-03,-0.0016421751202002621,0.003911840019122925,-0.005493710159335419,-0.00799501846652173,0.0013263641951575256,0.005716956768591741,0.0034994730246966643,0.003370011526550476,0.0062165124738766675
2017-04-04,0.0005595970900948988,-0.009112253288823813,0.005373014641567808,0.002510840958956928,-0.002746784945350411,0.010727365351285822,0.008548034793873782,-0.002957310462235574,0.0
2017-04-05,-0.0030548776354145657,0.002712350978854694,0.0013466597102906874,-0.002607951379514306,0.0033541914501584724,-0.002739205764086483,-0.015115652669323687,-0.0001156818286983663,0.0057424361580580285
2017-04-06,0.0019294927644020188,-0.01400807050638686,-0.003884512144556318,0.004892615864861449,-0.0033885861893330205,-0.003966662879989591,-0.008522608416826394,-0.003748524886040161,-0.005208025966361718
2017-04-07,-0.0008271509105022279,0.0036333700057966656,0.0063218862964180556,0.0017853202543580693,0.0010559595374883823,0.006757878921302085,0.005767273637740544,-0.0004738125653234171,-0.0002644835649419086
2017-04-10,0.0006877403907383783,0.007139171791779475,-5.850841636767523e-05,-0.00439384404142118,0.008599619034232786,0.003984708059640463,0.0008779574168205073,-0.00855590617781965,-0.00021098350455139858
2017-04-11,-0.0014339289653649834,-0.002660406386252201,0.002253386202636154,-0.002988127937846974,0.0027719129954182353,0.001971527803850792,-0.004486168716324346,-0.004439090244314103,-0.007160115043248427
2017-04-12,-0.0037599095922304926,-0.010415049816325683,-0.0022415314642590944,-0.0004409171075836493,0.0007899786719249846,-0.013741709213095699,-0.007273330133612976,0.00238246580502377,0.009342232753775104
2017-04-13,-0.006814702357852864,-0.006779100083492362,-0.0029119647733906184,-0.005838241781052966,-0.007416297857180676,0.0,-0.01667509760269259,0.009253561681799694,-0.0021321488062188143
2017-04-14,0.0,-0.004949844900156486,0.0,0.0,0.0,0.0,0.0,-0.006390177835903232,0.0
2017-04-17,0.008613323600764389,0.0010705931566026283,0.0,0.0,0.0,0.0011385775991494818,0.024013040402837804,0.005096305178745375,0.0
2017-04-18,-0.0029033507733046138,0.0034502371527289633,-0.024576975513095012,-0.01115925133255613,-0.009034032546965554,-0.0050810461858386,-0.002737082328371332,0.0012582954291253667,-0.013895174526392662
2017-04-19,-0.0017163423974997372,0.0007389273554598841,-0.004636586218957683,0.0032876021326888605,-0.005607582314785198,0.0022826953400489902,-0.011718883944909164,-0.004682423689526427,-0.004123799245460913
2017-04-20,0.007557192163101911,-9.277243085470399e-05,0.000587544065804968,0.005565640355569723,0.002994309106979509,0.005547343936961102,0.005577462540790057,0.005027123082678608,0.009699536806195619
2017-04-21,-0.0030350108666123976,0.010323111322596334,-0.0005605081940959211,6.976683342863055e-05,0.005625976893143481,-0.003604235307140269,0.0,0.007393620733778361,-0.0006218569413117825
2017-04-24,0.010840085324159476,0.013701381523300693,0.021101826538572288,0.03985443003020106,0.003013764617860293,0.009096380215337208,0.009855613072771163,0.00401840150759325,0.004053735917364687
2017-04-25,0.006090600846618832,0.010778305435296343,0.001508669342627611,0.0016157075848803881,0.0,0.00798955583986971,0.011792849153473783,0.010631446263122513,0.013109644449673219
2017-04-26,-0.0004856380907726221,0.0110119170851386,0.0017977799891144564,-0.001241920539412078,0.006855328270816585,-0.004876520963980724,-0.004396581033901836,0.005002617383981667,0.005008599137878322
2017-04-27,0.0005528911600243269,-0.00194718039879882,-0.007072572413263312,-0.004308815187595516,0.0015975883773373667,-0.0025057923751280464,-0.002857917249443065,0.0007337488223784217,0.004884364054172696
2017-04-28,-0.0019131184668260692,-0.002863617923869133,-0.004591573778148117,-0.0010383662289624729,0.0004362084417732781,-0.0036332223322523838,0.01123591162484705,-0.0018194490961592757,-0.003374701601070118
2017-05-01,0.00173223722842053,0.005927048030029969,0.0,0.0,0.005479177807667046,0.0,0.0,0.0,0.0
2017-05-02,0.001189115406999841,0.007000329354155177,0.00640066408104456,0.005230939518315214,-0.0010338245986795114,0.006648419764549551,0.020159548646282888,0.00645222721996519,0.0032906590377543843
2017-05-03,-0.0012713441536987835,0.0,-0.0021406748918973983,0.0022469335226271703,-0.009751166525078792,-0.009858266497058454,-0.009411773522127409,0.0,0.0
2017-05-04,0.000582045366039452,0.0,0.00187572655030821,0.011608225862669963,-0.00271063695895446,-0.002074746262625826,-0.018627622750582606,0.009717660733352229,-0.0004960291349291879
2017-05-05,0.004088687267735702,0.0,0.006805921551854999,0.008520127457358084,-0.006775271128264593,0.009950587890022566,0.01306022067258783,0.0,-0.008407511298872072
2017-05-08,3.751109703298283e-05,0.023141362871997417,0.00047002848948185516,-0.004558884221286252,0.005883092700558423,0.0004079969009209705,-0.002795476408136155,0.02298727490139396,0.00414931147822295
2017-05-09,-0.0010252648600889147,-0.002648813562729724,0.005663716329309176,0.001913725834749691,-0.00527858368394718,0.008758761084041389,0.011470706912854789,0.0,0.012658521412113544
2017-05-10,0.0011306176259533451,0.002877085118177636,0.0058606332425794605,-0.0009152991987021464,0.006085032576739646,-0.00017881647522488553,0.016175281961481103,-0.009874561663671844,0.005078140851612067
2017-05-11,-0.002162833436821554,0.003088428243289254,0.0001882132469628317,-0.006086555815828731,0.0004932397391923526,-0.008011329338717399,0.0027897661950537778,0.011563265378041754,0.004402484547531227
2017-05-12,-0.0014784250179582514,-0.003889978483634704,0.006601115799762525,0.0038553352375432226,-0.007048762260482899,-0.0021088003701958957,0.010132426934795769,-0.004507113400714968,0.001225445811136483
2017-05-15,0.004776444016897363,-0.0007066018235860616,0.0025526569554521483,0.0011986188392092423,0.0002569856406704485,0.005116327250714647,0.0036974908658415906,0.0020253541088879334,0.008556491127087673
2017-05-16,-0.0006868360584768585,0.002514865487157847,0.009076555094528427,2.745834568829153e-06,0.002075225378451062,-0.004415148787333623,0.0030713762367979847,0.0020430882064041977,-0.0014051149336719027
2017-05-17,-0.01817825856948263,-0.005268119892649525,-0.0024674190344893265,-0.015667689029597254,-0.011022955574190196,-0.014388909579167941,-0.016659508331574036,-0.000980251205708993,-0.0016699597488784024
2017-05-18,0.0036868431882495223,-0.013172928627374958,-0.008935865672815346,-0.006307133113704122,-0.008246762718742473,-0.008732880049314828,-0.08799493635276734,-0.0027299527273360047,-0.006211445332283239
2017-05-19,0.00676749573068669,0.0018870954379339722,0.004611089744796626,0.00695914345548565,-0.0019000361081795702,0.015422091360003165,0.016920615516489823,0.0007258988464329263,0.0015256686287521415
2017-05-22,0.005160114706536767,0.004467412188194908,0.0034307314833530445,-0.0029216534105006575,0.00764673869109056,-0.002527336339126607,-0.015418752218055998,0.006794903167167909,0.008598654134063022
2017-05-23,0.0018379127993919386,-0.0033031342170148914,-0.0014740526710368407,0.005172611441816466,-0.0019084402650746402,0.0020239680643745483,0.01603590132486432,0.0033463105949138594,0.0004651192099354162
2017-05-24,0.0024891386829661855,0.006612866384408944,0.003955758561124512,-0.002339340700912129,0.001524949433100442,0.009214045281523253,0.009493400197374768,0.0024224177459404306,0.0009979077397881397
2017-05-25,0.004441875070184231,0.0035531616807595867,0.00037392380470802067,-0.000577145055790651,0.0035798387061827253,-0.0016866554600116768,-0.000483263923755306,0.011042833593689183,0.007954853805768991
2017-05-26,0.0003105500047617671,-0.006374055992162786,0.003979935379257782,-0.001542732002622449,-0.006557071811362003,0.005342948481833476,0.013580003033524246,0.0052797138625568785,0.0003312423578214485
2017-05-29,0.0,-0.00021689616007447565,0.0,-1.9558426608501378e-05,-0.007752886816754234,-0.004518175368978805,-0.00506308690230739,-0.0009892582685858686,0.0024322065331814358
2017-05-30,-0.0012045599423798903,-0.000239806082234284,-0.0027982293779637013,-0.0049539669456125646,0.001894842048602241,-0.003488944900029378,0.003157575782289257,-0.003948201634529913,0.0
2017-05-31,-0.00046002544645251664,-0.0013863303155577933,-0.000871585901035199,-0.001861721544863748,0.0011693132741714685,-0.009933651866605553,-0.019555278447747293,0.0015787138175862303,-0.0015944514024985867
2017-06-01,0.007571108715482167,0.01065923278561387,0.00316757425248837,0.0034968871234093424,0.0023680372960632745,0.0064195534843909385,-0.006744380254521287,-0.0011800390222290735,0.005789798777505517
2017-06-02,0.003707727381216941,0.015974296111335162,0.0005116804992728596,0.006952582267551133,0.008711203375038057,0.0043937432639724605,0.003566949415397813,0.011562690596730318,0.004449185213656115
2017-06-05,-0.0012176772294358873,-0.00032016208329366247,-0.0028975983189425403,-0.0034160954613537964,-0.005744012643842056,0.005578357974409753,-0.0009638349914494748,-0.0013070682879935402,-0.0023553418543783566
2017-06-06,-0.0027790320594393014,-0.009465158084797642,-0.00010763032570804132,-0.0070874830635137,-0.015185928710428898,-0.007538843078861213,0.008074241258469783,0.0,0.005186948608803421
2017-06-07,0.001568333655781684,0.00023623741860556713,-0.006156851540541797,-0.0015024562627665716,-5.3286525884432834e-05,0.001144891912857382,0.0034316744312457015,-0.0035801437123725854,-0.0008839433876187686
2017-06-08,0.0002671445128517025,-0.003770899821963103,-0.0038295835327908367,0.004238004531057937,0.0016630869858900166,-0.0038053802975426265,-0.006572031065653405,0.0014533036175821135,0.0034226323392172464
2017-06-09,-0.0008299812227020587,0.005223699926566905,0.010382578208263604,0.006226360034569112,0.00021262738926153268,-0.00011673042361526331,-0.008684647434482717,0.007666369094209147,-0.0012573350941907924
2017-06-12,-0.000978710980068076,-0.005230532157179613,-0.002053849107186756,-0.011745448359903876,0.0,0.0009581976837409467,-0.008203269669972313,-0.010001301596765377,-0.012379808292569905
2017-06-13,0.004511420562363311,-0.0004937569630782956,-0.0015215918273346896,0.00392782065209718,0.016725128236198206,-0.0020747521411084158,0.0020868641818676537,0.007137798097435422,0.005603694408441884
2017-06-14,-0.0009957588050893973,-0.000765374709466693,-0.003471796321282472,-0.00301303870012104,0.010590763595822228,0.005388886044641161,0.0015193520062353194,-0.0008674779972206448,0.0009206215355812564
2017-06-15,-0.002239614097263254,-0.002600143234195995,-0.007363801776731238,-0.006114768194184106,-0.012121214198931085,-0.003070132638737788,0.0,-0.004631971137635582,-0.01200190138314039
2017-06-16,0.00028366345181418673,0.005619252292527799,0.005954691509779897,0.005224850090484567,0.0018815968239811465,0.0016550772593240115,-0.00478853310074312,7.621789850320582e-05,0.002391910297300903
2017-06-19,0.00834720424141544,0.006242209147351074,0.008075256513665252,0.010073704527241212,0.005393109912411376,-0.001045488076945933,0.006289835802539834,0.0038402425238057702,0.011630933459868986
2017-06-20,-0.006696665117833511,0.00810554247486639,-0.006791771722039819,-0.005285536291967263,-0.008254877459314747,-0.0027765140105963093,-0.020122381983560755,-0.0007043738664642696,-0.0031441240060097186
2017-06-21,-0.0005826764545369123,-0.004528825663938529,-0.0033348008955251807,-0.0017721433666791908,-0.015898554397383635,-0.001011562609301353,-7.273785277872591e-05,-0.004938313291660057,-0.005744680192423135
2017-06-22,-0.00045573798760889517,-0.0014042551712393214,-0.0011412781509683168,0.00039669700507838357,0.0071007732290384595,0.0006937036897156634,0.00840117481823266,0.0054463782009135375,-0.0007803202076080984
2017-06-23,0.0015608954610804027,0.0011019113886221454,-0.002037828878831194,-0.003397304654982447,0.0017390612469225797,-0.0007476932185143115,-0.0030204557661621667,0.0034720317925049926,-0.00017449199654284708
2017-06-26,0.00031579379075585834,0.0010271861606037103,0.0030535564436506846,0.005102040816326703,0.0007500164016882582,0.003774745930954948,0.018022614907163614,0.004229378626082525,0.007862859636035058
2017-06-27,-0.008072749039592986,0.0035597059545933174,-0.001670516194875682,-0.006581016126858685,-0.0010433270945822137,-0.0015850490799779182,-0.008243218275396424,0.001377341270837995,-0.001232998439619104
2017-06-28,0.0088080417296994,-0.004681314149899918,-0.006262812131777262,-0.0007404644011848038,0.007263316576231027,0.005141202263538869,0.005553424327925605,-0.003925667342544736,-0.0060561168947821375
2017-06-29,-0.008600027041533398,0.004465383467102679,-0.005073228836730892,-0.018205730124162045,0.01084177800850572,-0.002877577694901823,0.003563160806456578,0.005498287556241932,0.010976697101251709
2017-06-30,0.0015332479232963436,-0.009241702645361283,-0.00511542354618566,-0.0084837799921067,-0.016604389749230952,0.013402135406366034,0.010620680458137688,-0.001615421220039548,-0.007734902805346389
2017-07-03,0.0023107934687074394,0.001116633547026069,0.008802470216280556,0.014506606854393533,-0.0064682406378473445,0.005047787203086296,0.006035138013579244,0.0011246806784876995,0.0007603461806866552
2017-07-04,0.0,-0.0011692378264641645,-0.0026921184369447237,-0.003533983807824659,0.017474227221247585,-0.001348655615061256,-0.000758380507582479,-0.005830075841101179,-0.015325682385742834
2017-07-05,0.0014532669688471778,0.0024600209161682596,0.0014094978680836423,-0.00030464409809538573,-0.0035557827027060673,0.00518009223529714,-0.001224387999732346,0.0032891973182329615,0.0052369115613410955
2017-07-06,-0.00936880791271677,-0.004360701795621202,-0.004115315706607392,-0.00470042346934374,-0.0007789005235239177,-0.0056682995101470235,-0.010828105254173992,-0.00022609751502078446,-0.0022235744341052577
2017-07-07,0.006403153854134258,-0.003249465091132109,0.0018589995202582532,0.0005141447577454716,-0.00958469726918787,0.0008665282567386079,-0.0023680041389247952,-0.003325222693597918,-0.004883916180578929
2017-07-10,0.0009277661864273146,0.00762152210662892,0.002599674598553703,0.004105270451290943,0.0036589383450742474,0.011142647219222424,0.011281176591402042,0.0009370259720069551,0.0062827411077373
2017-07-11,-0.0007827208199616686,0.005701912954447552,-0.005464021177661316,-0.00390447548345918,0.0007843567471101931,-0.0021056245938848583,0.012799269882477704,0.005835187439654055,0.014807023983473
2017-07-12,0.007305619802682184,-0.004808006544038457,0.011892613127851392,0.014648663002817086,-0.009616985801527256,0.005930283825672511,0.015719351455340425,-0.0017654424040066674,0.006414804441208677
2017-07-13,0.00187455233807432,7.115001308566349e-05,-0.00047054509075872275,0.0035844027275597767,0.011092505222661808,0.003129122607719026,0.005287222827599969,0.007408739134615594,0.011616271765390707
2017-07-14,0.0046735271648765675,0.0009477701530511418,-0.004727899598566787,-0.0005357401008551088,0.004941981268895557,0.003795854558753309,0.00395576138395648,0.0021332315137230218,0.0016343931584743565
2017-07-17,-5.286121491343554e-05,0.0,0.003488565933760679,-0.002719842084664026,-0.001673686180632128,0.003323936427321428,-0.003421196041700547,0.004336068051833841,0.0030826969941906146
2017-07-18,0.0005977699520971491,-0.005912362827714901,-0.001878681222506895,-0.010712813002118682,-0.011828226018031573,-0.004530871309267548,0.0019223364423066602,0.0003876128819431113,0.0020536006388978123
2017-07-19,0.0053726514969865136,0.0010475047137712412,0.005505925398702649,0.006209251785159964,0.007865290828328542,-0.0002500992667081592,-0.0024143805556580133,0.0016075579957461894,0.005550248181522832
2017-07-20,-0.00015360796821128897,0.00618005420346579,0.007665279218830534,-0.0002256962300160037,0.005116251806049021,0.001119855900520994,-0.0037112656781413955,0.004897240261076519,0.002551349422019067
2017-07-21,-0.0003679071741898854,-0.0022259077995631094,-0.004668884475825585,-0.013653418069490053,-0.006701781651260563,0.008221469751959809,-0.003908958111134231,0.0033663139272024356,-0.0012759810038888153
2017-07-24,-0.0010636834995592093,-0.006173211109591015,-0.010087335014108634,0.00042297875545749264,-0.006075653683196958,0.001959483071920287,0.0064215083193448486,0.0005999853064824201,0.005269959024327475
2017-07-25,0.002923183435833865,-0.001024746604243898,0.007738152521168384,0.00589892765198341,0.006773122206104709,0.000923630899130945,0.008726327601342954,-0.004743976210774492,0.00019443636362281858
2017-07-26,0.0002825850883885206,0.004758659397049447,0.0023537893318197334,0.005081271555819056,0.008736078337623576,-0.002187441625358777,-0.010005843061490216,-0.002209106930611826,0.0033133410670693753
2017-07-27,-0.0009726252406339064,0.001470312456359535,-0.0012492753934344458,0.0005585488042758602,0.001451539610066499,-0.006645315353062231,0.004104101840669783,0.0035859372111839427,0.007058010424252581
2017-07-28,-0.0013411865461215866,-0.005966242422672852,-0.01002820095633361,-0.007274257544787721,-0.014207754178471643,-0.0008537310544280974,0.0033664034922971098,-0.0172926114503692,-0.005594303526165634
2017-07-31,-0.0007281258848751415,-0.001736486865626219,0.0004926462704777368,-0.005297413581795585,0.003116529407040547,-0.003938797506912284,0.006461809853347766,0.0007163711635618242,0.01277271280040071
2017-08-01,0.002449095251588762,0.003041879671852321,0.0070075963103635175,0.0081261451399679,0.009051687142115128,0.0035897520342320632,0.009039240683758276,0.008427983402075068,0.007913924723292443
2017-08-02,0.0004926605689827834,0.00471585061185964,-0.001647435362072014,-0.005196426055173453,-0.0048799696208075005,0.0001002050981540048,0.009317425235916277,0.0019273945917390733,0.0024382512419105495
2017-08-03,-0.0021835911800677232,-0.0025288794245430513,0.008546258954075014,0.0020379727807775527,-0.0015807240795634447,0.0018152297660181116,-0.005345270100284516,-0.016798276508364185,-0.002766289303802183
2017-08-04,0.0018890363083294837,-0.0038408807914019905,0.0049419580803153895,0.011839474724279375,-0.0025352551287914915,0.0006866424645668445,0.0018097513325294745,0.003603075182772253,0.0011503391993248346
2017-08-07,0.001647266869345021,0.005190371249873982,0.002693128462094352,-0.00045902817178478106,0.009260419785885432,0.001188038798876745,0.015571172702075753,0.001377611722223504,0.004632350700294774
2017-08-08,-0.002414436638168982,-0.0029856565826797965,0.0014325658462495117,0.00280392492441095,-0.005162154775270267,-0.0011776777525736026,-0.0005993553691614473,-0.0016758728504429055,0.005942501289257329
2017-08-09,-0.0003636481179190021,-0.012867567079632325,-0.005922258916864154,-0.013420069802567491,0.0038138820012139085,-0.0017777561308233158,-0.003356164323036648,-0.010999152305270377,-0.003511768661252135
2017-08-10,-0.01447441815345063,-0.0004544369920829183,-0.014419729903468514,-0.010065014631896019,-0.0008198541016986027,-0.006453476457672691,-0.010033387980031616,-0.0037662716022277554,-0.011279640625151965
2017-08-11,0.0012755258980974293,0.0,-0.010822821294895424,-0.007921853247668587,-0.011767711931383262,-0.005141548758477166,0.005470795134171702,-0.016851242016215462,-0.020423043288150478
2017-08-14,0.01004374682548792,-0.009763940122880621,0.006009608807709066,0.013011032369052877,0.006545948281616143,0.010314324584214551,0.013748357856065763,0.006255092231356452,0.01364107588629615
2017-08-15,-0.0004988158193557357,0.011066637320789718,0.00407403428661568,0.00326024586600826,0.004724969797084144,0.003357992881023897,0.0010320033811401785,0.0,-0.0027621785210620864
2017-08-16,0.0014201029777529683,-0.0012165049806843742,0.006660481997873724,0.006545519669777677,0.0047970614937116185,-0.0035571197030578317,0.0034989327062942,0.006014857211402713,0.008614916084513036
2017-08-17,-0.015436913265616137,-0.0013507842151360139,-0.006075584250298971,-0.006485735686182381,-0.0010189967264189193,-0.003176320898135021,-0.009002205722632883,0.005710611261103837,-0.0023660051216621847
2017-08-18,-0.0018353833934839914,-0.011786243765426252,-0.008647959425382434,-0.004604314884299909,-0.005553530095046,0.0015939073831563455,0.010854585682174012,-0.0013973163058345062,-0.010848727811581416
2017-08-21,0.0011626229102676966,-0.003969099777559881,-0.0006963426989149424,-0.006529252502154637,-0.0036990752920771364,0.003243240491617616,-0.0011643803520240414,-0.001428953048079773,0.00396005999799609
2017-08-22,0.009940824503679613,-0.0004790356172521548,0.00858874581903235,0.009364603201958088,0.004238844413225307,0.0017928963677797949,0.020056924600038162,0.004386411889596653,0.00909566969671527
2017-08-23,-0.003453604674394928,0.002620739750224921,0.0001232771677137645,-0.004907989663125556,-0.0022547339848670855,-0.0010285785083975485,0.0066615008302237655,0.0004523681685009162,0.0
2017-08-24,-0.002074434133647607,-0.004161126730415354,0.0033064008181344917,0.0017739623047550168,0.001449672215812825,0.0037027951149937177,0.009296141201115882,0.0039891818796484735,0.004267258163462406
2017-08-25,0.0016728373042720346,0.00510701532569624,-0.0007560354580630202,-0.0017940448162845346,-0.0002810907225092585,-0.0018812878788172505,-0.0008315432543075651,0.0011238130513839817,0.011975899936770062
2017-08-28,0.00048709604797259054,-0.00013931292510360738,0.0,-0.005095170929606985,-0.005913966232817924,-0.002073453430901706,-0.0008028291779020869,-0.0034517407957082025,0.0005433033995783099
2017-08-29,0.0008427977612674997,-0.004491025660800396,-0.008650995884595725,-0.009590678830644683,-0.007159504943350936,0.0009157989658397092,0.004411081973944464,-0.0023456946378097587,-0.003527221659753832
2017-08-30,0.004615133058087695,0.007436520499624288,0.0037928811586618316,0.004571722025134228,0.0001250658844962338,-0.0023412869009930004,-0.006218855079605623,0.0031927400052438326,0.011871056412369407
2017-08-31,0.005721051924853171,0.00716170063988808,0.008874092700053904,0.0052178358320773555,0.00790179975346228,0.000331291929134947,-0.0007224249099895275,-0.0038359559750282823,-0.004424692138456532
2017-09-01,0.0019824813383773066,0.0023022216973833665,0.0010604767839021978,0.006549816307026113,0.0017621771339755288,-0.0025313178083862242,0.01536047479319902,-0.0023273625903968975,-0.0006127928552785988
2017-09-04,0.0,-0.009304536431256838,-0.0036337971365194566,-0.004036145278000447,-0.003946132754963028,-0.0049936522199611755,0.002860276759445002,-0.01189299695888768,-0.0076163124312242925
2017-09-05,-0.007550826754961659,-0.0062763189932464325,-0.00520139729365432,-0.0026589076321144045,0.0007420200834724611,-0.010317207196270606,0.00030570300391685734,-0.0013006245573370379,3.929307079308941e-05
2017-09-06,0.003128750737433128,-0.0014361019735569247,-0.0025485153778963543,0.0037826745321352107,-0.002892100620497051,0.004258530430272467,0.01748461002831836,-0.002922694724535879,-0.004599271484624912
2017-09-07,-0.00017845989113951521,0.001991427820169145,0.00582665794594317,0.004036344574523731,2.6714800175131614e-05,-0.0052752021157820295,0.0,0.011367261253028227,-0.003289664283313787
2017-09-08,-0.001488783416494277,-0.006274321373112346,-0.0026199881573290007,8.701554097712005e-06,-0.003034333576689141,-0.0032900078648143705,-0.004543645958496656,-0.0010527706622226463,0.005288319698636634
2017-09-11,0.01083922760346634,0.01405720001535693,0.004878280199522855,0.013777340770196878,0.0071452029988980925,0.005501180022282615,0.01697303665834915,0.006553683887153827,0.010360529512474015
2017-09-12,0.003363999180100441,0.01181073961271406,-0.0017400476692129851,0.00496968691258548,0.005827259187533684,0.002415441669982865,0.002951188131414817,0.00270868304593308,0.0006120522422896624
2017-09-13,0.0007570659488558285,0.004510376393944027,-0.0028362220279459782,0.003012048192771122,-0.00038023534914910506,-0.006261370623696583,0.0033408216285399917,-0.0022363420377345955,-0.002794198819972893
2017-09-14,-0.0011007176679195263,-0.0029387158446014805,-0.01142458365516208,0.0009480179612504358,-0.0009710570002451346,-0.001136651777099762,-0.0017501571450979636,0.007406214780228737,-0.0041901364017025156
2017-09-15,0.0018472363580994688,0.005152609322557566,-0.010954863276671944,-0.003099407908168983,-0.0076071527275096695,-0.0037123916287784553,0.01473197040104135,0.003537091089558686,0.001094062756505254
2017-09-18,0.0014558660603223306,0.0,0.005240129887588596,0.003183001237359706,0.004490938842564907,0.0067421393121729345,0.003087391025881292,0.013469847908904597,0.012664887536100844
2017-09-19,0.0011102812845715793,0.019582611316205867,0.003028974477753632,0.0012589530274418337,-0.0012274938341246822,0.00014007603104126964,-0.00021357958195000748,-0.0008932226729687631,-0.0038480427929631356
2017-09-20,0.0006343127281429606,0.0005458294785356532,-0.000453592660046076,-0.001594367888354542,-0.0007851473779034723,0.0019593971685527567,0.00039447612333565196,-0.001593510068086501,0.002723214269799712
2017-09-21,-0.003045960514145296,0.0018227061327020788,-0.0011069933099100426,0.003982357362680933,-0.009400971187882634,0.003609724813085524,-0.005260370650813084,-0.0023629881436032507,-0.0006210937222248525
2017-09-22,0.0006478445173156988,-0.0025079272715834433,0.006434559947135821,0.0005170090321195975,0.004724140735789639,-0.00459464940177956,-0.0028383291223756935,-0.00739247870351134,-0.00817493071052533
2017-09-25,-0.002222026840165925,0.004982644748219522,-0.001278957793025004,-0.0010193651134291493,0.00028035226887346276,0.0010863881291525157,-0.012551706299596455,-0.003478865161530731,-0.013636397873354578
2017-09-26,7.209632068461147e-05,-0.0033038232966853265,-0.002129760631340516,-0.0004042048611994087,-0.002242717370459113,-0.00017272813366053796,-0.0016759023087045133,-0.002554192572676861,0.0004607215765330963
2017-09-27,0.004085163646849521,-0.003105726016333299,0.0038115551749033916,0.005313343023091388,-0.0011814530214602215,-0.003779626751433285,-0.007023936903111316,-0.0007370531352134391,0.004703956419163324
2017-09-28,0.0012046078243665992,0.0047397129824025,0.00127298656869268,0.0023824458464714038,0.001077276682679873,-0.0006404336690709611,-0.0031093527069161464,0.00024024580939641105,-0.00798880561513593
2017-09-29,0.0037050907149631662,-0.00033541045547569315,0.006819777080414369,0.008757899226633503,0.0019795833968945242,0.004169774817001315,0.009872055840064675,0.008988091726573222,0.004839250809580697
2017-10-02,0.0038739997459671383,0.002186057570440214,0.008962722236991238,0.002180897673060178,0.008399027740376486,0.003080678011347926,0.0008926755513369855,0.0,0.0
2017-10-03,0.002158853672423522,0.010454992407153085,0.003934753267982538,0.0008438139279260959,-0.004867584865944186,0.0022599480883211953,0.0323169108912702,0.0,0.022461466994262214
2017-10-04,0.0012467548864110167,0.0006107479017971595,-7.096842440723616e-05,-0.0030007793151456408,-0.008661668398976974,-0.0009878437918660055,-0.002233761070287721,0.0,0.007310846012932082
2017-10-05,0.005646756562926125,9.211379835627476e-05,0.005411391642272223,0.005182327234896089,-5.166259794231465e-05,-0.001668535867192733,0.00034063858833310867,0.0,0.0
2017-10-06,-0.0010736382622734686,0.0030128133034976745,0.001981888627981654,-0.002828251520669456,0.010423113766564462,-0.0035252923282697024,-0.007345707960045189,0.0,0.002778797696057378
2017-10-09,-0.001804395664743219,0.0,-0.0019912613138336477,0.001992606818156606,0.0050051876529482175,-0.004592572683595475,-0.004311632466729165,0.0,-0.004619081285991644
2017-10-10,0.002322446782173193,0.006418339438327703,0.004046409843511345,-0.0032433180999861255,-0.00020002585700107378,-0.0017776423282181986,0.015455690719798021,0.016429523025972337,0.005798085826779875
2017-10-11,0.001803468933287311,0.002773787896469093,-0.0005916476857422692,0.002389692090952744,0.005931395529189976,0.0031360706545213723,-0.0030873681893011096,0.010004889453161914,-0.0035541260117729623
2017-10-12,-0.0016867300136190755,0.003517506358569289,0.0029772452451015674,-0.0005128361502360068,0.003867019972644492,-0.003527944334706601,0.0,0.006753018517916098,0.0024466731972341282
2017-10-13,0.0008781111202582625,0.009566341139370937,-0.0027526918149768376,-0.00027457745580405923,0.003397724656594825,0.00038328524087627436,0.0043046029340017,-0.00046065072976786414,0.000611405237634699
2017-10-16,0.0017507647356032052,0.004744937173779773,-0.0011240219549222275,0.0004771746819991485,0.005608554572169799,-0.005220285567146932,-0.001272246618674977,0.002599429176672441,0.007598213680577226
2017-10-17,0.0006724949562879612,0.0037900671636033056,-0.0014348403142300237,0.000415942233942479,0.00732867058233766,0.008437075506495972,-0.008981317133261446,0.0017419003649119524,0.00016345564043951377
2017-10-18,0.0007423730932734074,0.001262178877884157,0.003552341152475158,0.0032928928396211976,0.0001468687580776784,-0.004019503587118667,0.005115926576007457,-0.0005876741387152995,0.0004972560317992869
2017-10-19,0.0003279635804251946,0.004000833214358401,-0.0026289727915236316,-0.004854060475460331,0.0009595148236722917,0.0012268973054714305,-0.0040204415422210316,-0.0039671192270359645,-0.019248907068044496
2017-10-20,0.005116896296007312,0.00042520416327085364,2.5255747676311557e-05,0.0008356283036468071,0.0018417168281088525,-0.00023079884600574196,0.001407387947746308,0.006663809208025784,0.011653430561854083
2017-10-23,-0.0039724915637947555,0.01113868999573131,0.0001621643894975655,0.0010485175127388224,-0.0022051847743722597,-0.008813590108646574,-0.012794650435682287,0.00020485712219930896,-0.006366359113764597
2017-10-24,0.0016179463387628878,0.005001693809873808,0.000277761165268009,0.0005043129843969041,0.0006194474955896201,0.012292895816653493,0.012425820278245903,0.0001767032790505052,-0.005331401108179645
2017-10-25,-0.004663057143858063,-0.004473709675274273,-0.010540035660476121,-0.005325851845492169,0.0013537680414092979,-0.02553490803517422,0.004203394359150403,0.0008070700946400944,0.005253779350501864
2017-10-26,0.0012709461705413538,0.0014815074153684549,0.005275801273228575,0.012735767626536276,0.0018118405302629537,0.0022583468606358625,-0.010105237786374066,-0.004762286860581666,-0.0035512274541574795
2017-10-27,0.008072957350414134,0.012358450729492265,0.002475121886061471,0.004132299571098619,-0.0022209838349899202,0.0045469354626672676,0.001045636581996412,0.006449974401664171,0.008384753343511964
2017-10-30,-0.0031924744388955872,0.00014630744100552207,-0.0022944611813675575,0.0027243629234741107,0.0026972008367724953,-0.007200020808956431,-0.01547033913865381,0.0021228616174602255,-0.0036098506092897553
2017-10-31,0.0009444852555358096,-2.725826799943043e-06,0.0007038105934844552,0.003213932684903442,-0.0016999266270985025,-0.004702460962757948,-0.006575504870699689,0.0085933659215085,-0.0031990892212395705
2017-11-01,0.001592072256781707,0.018557025133554506,-0.0006832971221446549,0.00638277603124715,0.004865276237993488,-0.005986155832131801,-0.0065234806951399715,0.013093289689034338,0.012338939174113772
2017-11-02,0.00018996960486306058,0.005309526103385753,0.008995774550077718,-0.0023259587818467153,-0.0010204174431931445,0.0,0.0,-0.003954671871760573,-0.002637610748526198
2017-11-03,0.0030970792875555375,0.0,0.0006657560500415993,0.00031446540880497587,0.004748885944636072,0.004145904215316465,0.0012418769355222459,0.0045594495672252044,0.0029794548407637844
2017-11-06,0.0012713305304810074,0.00040951022045221386,0.00025527918681000905,-0.00205964292295846,-0.0010228400725116327,0.008904325222870879,0.005348951544887237,-0.0033464035934744896,-0.00023808183652351822
2017-11-07,-0.00018910668318461443,0.01726290393753871,-0.006502007331122384,-0.006406217751659282,0.010171857206682233,0.0007660259427724192,-0.02551325318974529,-0.0015572230437629342,0.013901555418788236
2017-11-08,0.0014436587098169973,-0.0010367257254463302,0.002210802184448246,-0.0010194682912563202,0.0003199020474562442,-0.0034451924026598357,0.026904000945662032,0.002734301338864764,-0.002991618364135973
2017-11-09,-0.003761977813581785,-0.0019686809095995628,-0.006058658223678903,-0.011638723516021687,0.005511725298004588,-0.0025018587840163198,-0.019262771752614483,-0.0007169722614009943,0.007920754403686336
2017-11-10,-0.0008976174447306029,-0.008189792952903785,-0.006829144452906943,-0.005187543252595073,-0.0033148605032709,-0.014066118413557094,-0.010490096830291895,-0.0029875674849152434,-0.0005371256808883729
2017-11-13,0.0009836192541532451,-0.01324564335037215,-0.00239607479627979,-0.005353724233115198,-0.0012604961180037177,-0.000538640759718767,0.004289160326160779,-0.004954875243319723,0.0021036423299813922
2017-11-14,-0.002309620711533511,-4.3787160442954054e-05,-0.00010249245466731338,-0.005074807246847057,-0.008805713667006998,-0.002682780850886024,-0.022746824878092764,-0.0014662003280179192,-0.0010300806862270084
2017-11-15,-0.005525675974360822,-0.015714470190138385,-0.005639011547767803,-0.002997429970925558,-0.005781951518794792,-0.0038194288507351626,0.0,-0.0033206155210080412,-0.010305596985742405
2017-11-16,0.008196146017733552,0.01465386375356803,0.001943680731789632,0.005381135566260298,0.0015631332429539846,0.0011928925495063858,0.02379332394796929,0.0065680532115557355,0.005790648658709374
2017-11-17,-0.0026260422951377427,0.0020437454588404513,-0.0008474415657903078,-0.004864228007181337,0.002312269633218289,0.0022922574893151637,0.012763303733089648,-0.0003156079990848104,0.006212532858054676
2017-11-20,0.001275762452255913,-0.006029432776110899,0.0011895922868894182,0.003932391062901219,-0.0019443522132848168,0.0,0.0,-0.002494090347633482,0.0020983566583010482
2017-11-21,0.006541086075890767,0.0069500344986201945,0.0029609741442542248,0.005028907090169454,0.003002184278275699,0.006865642200933886,0.01575957061590505,0.0011987324294704393,0.019061999001377616
2017-11-22,-0.0007502799121211767,0.004758552636274782,0.0010362498549520982,-0.004657309209570526,0.003838671818209294,0.00023201899484304178,-0.0010165612479827724,0.003876397834591483,0.006218376977450424
2017-11-23,0.0,0.0,-0.0002399238713469698,0.002644099195823424,-3.641579690538688e-05,-0.001258379949411692,-0.00043223997598451636,-0.0013225690904582477,-0.009850520722756051
2017-11-24,0.002056155374497548,0.0012298457364976478,-0.0010246398930059408,0.0025643394446357437,-0.0006087339286473537,-0.004037706310256017,-0.004419588065393776,0.0028299469877617334,0.005331234680021613
2017-11-27,-0.0003842577293442506,-0.0024327242653823244,-0.003473852980711678,-0.004805611479854699,0.0010400245647717021,-0.013903501489720416,-0.001327851658189716,-0.01435348402133374,-0.006031208397954679
2017-11-28,0.00984846737551015,-0.0004334105767294094,0.0103942361082896,0.005462932306777191,-0.0007549125672320356,-0.0009764079862388808,0.0010911583764869892,0.002544052380363704,-0.00017988162172377642
2017-11-29,-0.00036923685973555553,0.004934573321284441,-0.00899251405708612,0.0017915495787625968,0.004488948660584358,0.008337433907357195,-0.019412940863547945,-0.000513087714134608,-0.0019211040115090228
2017-11-30,0.008190946928299692,0.005653797815658557,-0.009047062578784848,-0.005565599137582811,-0.006857795933034039,-0.011139171823321359,-0.010033775581856696,-0.014536989136058054,-0.015071650087108979
2017-12-01,-0.00202449028924534,0.0041395012356457705,-0.003573246781962358,-0.011871381231564615,0.003327363376087966,0.0036704397414024648,0.00407747621645882,-0.00038766420203772967,-0.003533905580869967
2017-12-04,-0.0010521455442770167,-0.004902487090818419,0.005270879077979851,0.01379711130954897,-0.0006960216743386871,-0.002199922564756873,0.011426365245982062,0.010608343668321751,0.0022026371110646092
2017-12-05,-0.003739429575970621,-0.0037336241079906074,-0.001562889615300267,-0.001579880432411751,-0.0023000250434921377,0.0063923147189264284,-0.007442861331421136,0.003377743667230204,-0.010140612280477801
2017-12-06,-0.00011408709408766704,-0.019685815550795294,0.0028017741385193418,-0.0025206059536713177,-0.004372871251980048,-0.010313131613206905,0.009954763979959314,-0.014242346979427278,-0.021426491186708696
2017-12-07,0.0029323728639507607,0.014473978493072082,-0.0037125596928699878,0.003245759594785458,0.005384894577700194,0.00029186793348556783,-0.010658080876667864,-0.005007335200475249,0.002777344746464072
2017-12-08,0.005506298872194781,0.013914551629631733,0.010000341495065346,0.005127157422204043,0.0027845050699071283,0.012468339653874505,0.0033714801665667427,0.0008204778267897339,0.011894772285385491
2017-12-11,0.0032019611540636816,0.005595964767998618,0.008049813631666902,-0.0025727770120702598,0.0006531130554547904,0.002652352622902976,0.0009376911129981291,0.003039772727272627,0.011363188005523828
2017-12-12,0.0015488780033008354,-0.003163209122737043,0.006296387727611874,0.005063913059256686,0.0024873784714725122,0.0,0.013921558284858193,-0.00424440317379382,-0.005917772616811368
2017-12-13,-0.0004729534441145766,-0.004727507929836894,-0.0005199715748871458,-0.005166164400683293,0.0014345100273513989,0.012110935565998737,-0.012181912990748445,0.007943925233644844,0.014871910280934708
2017-12-14,-0.004070826370242253,-0.0027954918848566157,-0.006455003728401687,-0.007127800656103966,-0.0017552806630676265,-0.001125594282295972,-0.006657263852350659,-0.004462719961298989,-0.0019067760359453567
2017-12-15,0.008974325134520456,-0.006223107411723938,0.00569942482129715,0.0012119610147853788,-0.002376706776400783,-0.002920428232700112,0.0024682126327146836,0.005098239305440844,-0.010912221537263123
2017-12-18,0.005362862086620401,0.015454555934806713,0.006199795209176351,0.013731101830345427,0.0069965309159356615,0.01150108513556658,0.006993059964714554,-7.654900949616295e-05,0.007012591119487599
2017-12-19,-0.003230291135099761,-0.0014745585166561215,0.0009393645490718416,-0.0075358367826410255,0.00544103011626218,-0.004760197176739034,-0.005950589102576842,-0.0013497832288426048,0.0069964589140050215
2017-12-20,-0.0008279040973793172,0.0010372573027812582,-0.002501295716249352,-0.008254657726214365,0.0006311155791343115,-0.000261140676523719,0.00944766791913687,-0.002485344135435219,-0.0006689761212784751
2017-12-21,0.0019856303069889503,-0.0011191819574939421,0.010466139195930424,0.0051032327980522485,-0.0025120070050463905,0.0023335211805484146,0.024076209708911334,-0.017206162508038858,0.004548456955561164
2017-12-22,-0.0004581739347455649,0.0016032467276885232,-0.001488694078627173,-0.004870084407328501,0.0015433081676032856,-0.0023788067247368927,0.0007067426576958802,0.004407715766123532,0.007183218204341868
2017-12-25,0.0,0.0015902013556445826,0.0,0.0,0.0,0.0,0.0,0.0,0.0
2017-12-26,-0.0010583824636460903,-0.002026663551181973,0.0,0.0,0.0,0.0013102441042631696,0.006932092756508412,-0.005408639071680765,0.0
2017-12-27,0.00079089722066783,0.000808991865962394,0.00369040626078343,-0.0009061769183792423,2.6689903357635103e-05,0.004153239962659372,0.004818662506457461,0.0038437136948263895,0.0006643448967662557
2017-12-28,0.0018340279279212002,-0.005553176807335802,0.0002886881485641979,-0.00728415822340911,0.0030099476545886183,0.004303781753724811,0.004331917929912832,0.012648409509699698,0.008988886283577857
2017-12-29,-0.005183178668968558,-0.0008356748908663336,0.008512530697059484,-0.005774179910393751,-0.0037801345993351276,0.010078803649874901,0.0,0.0,0.0018564337786564078
2018-01-01,0.0,0.0,0.0,0.0,0.0,0.0,0.0,0.0,0.0
2018-01-02,0.008303380074131894,0.0,-0.005160143968927278,-0.003929839381728084,-0.000634776275986737,0.013768371708146931,0.01948847465932846,0.004928084814933564,0.019925699760855453
2018-01-03,0.006398818907860759,0.0,0.003008590368849706,0.005641526679063258,0.0015019932261819413,-0.005030983961889723,0.001336739116591712,0.002701994233057059,0.0014956426790355692
2018-01-04,0.004028661363921104,0.03256718445117812,0.0032289981502025,0.01680969149942446,0.0011028958139873701,-0.0007554904631632553,0.008362826616420849,-0.007999678243207908,0.0057436041746083966
2018-01-05,0.007033799683552555,0.008857188680665873,0.0036824898517129334,0.01085774808903639,0.007449303760787673,0.002877296077445024,0.0053917852613600825,0.012592946976638597,0.002542906669859457
2018-01-08,0.0016623225124401397,0.0,-0.003587417240834667,0.0024448183433445347,0.0013107716189930674,0.0021612520107641142,0.0038833222652872035,0.006310259777699612,0.002754859378529151
2018-01-09,0.0013029031448006378,0.005712109833085677,0.004483850472486894,0.001775221557051898,0.000886406096333836,-0.005884521368593187,-0.006487774464959295,-0.0012135536032595873,0.0036207670472658826
2018-01-10,-0.0011122055472160275,-0.0025907767676213167,0.0022623146751656886,-0.0035993563114326,-0.006377156256707539,-0.018432489889111725,-0.00840654629503046,-0.004174916242734694,0.002009260462520146
2018-01-11,0.007033618001404562,-0.003269267956381716,0.0018622935248195915,-0.004041741577858304,-0.004765874136701931,0.00028984170420365274,0.014895927229174877,-0.004736473647364847,0.0015019122267947438
2018-01-12,0.006749627831013516,-0.0023875568684330606,0.0020224296464999014,0.004831388168801132,0.0004006511941581081,0.006895987839192319,-0.00020563106561255484,0.003420541739854066,0.00938773582207686
2018-01-15,0.0,0.0025814012282161514,-0.0012212931823557538,-0.00022144654418831955,0.0011579800044581035,0.005116013929527208,0.005082097948912567,0.0029281931726232724,-0.0023452417410372295
2018-01-16,-0.0035244630756861017,0.009990773725188529,-0.0017003168947914427,0.0028240688186809138,-0.004680535822949361,0.0021145116486447346,0.000995456185759025,0.007193267644673984,0.018056809323373946
2018-01-17,0.009415002053003496,-0.0034849140837373005,-0.003932474893404092,-0.002548308811958,-0.005426676220332549,0.004861015135461111,0.017003130457961868,-0.0025022405164687456,0.002465463606516227
2018-01-18,-0.001616379310344751,-0.004397876014838098,-0.0031674612286953785,0.002250344609967758,-0.0002074532224567438,0.0036127426240089022,-0.002789904465078985,0.00015106761070682317,0.004331308012497592
2018-01-19,0.004385228178396927,0.001880625517340473,0.0038735430387899505,0.007777050520449302,-0.0014564641904337705,-0.0043358336687573384,0.0031724505064989472,0.001768814020136844,0.004138915644571917
2018-01-22,0.008066754439027823,0.00034736135577606575,-0.0019855668049449937,0.0044422277456996895,-0.002313261533922306,0.005612573839594681,0.005613430272286779,-0.00720163792624573,0.004294542625939757
2018-01-23,0.002174396481431362,0.01292474533229937,0.0021243117696463365,0.0019125414702285681,0.007518300082127505,0.005718318629828634,-0.012207834376609328,0.013784365995100023,0.01658639828286046
2018-01-24,-0.0005600307136341964,-0.007601096826209575,-0.011433257068507618,-0.00791604148909808,0.0029312756979420485,0.00968319894946812,0.037205277153694594,0.0005519198927699254,0.0008499667483534701
2018-01-25,0.0006026346765155566,-0.01133171099688468,-0.0036096359880315454,-0.0035874857955324746,-0.0007655263104869858,0.00061028322304435,0.0,0.00954688731284481,-0.009230949409700484
2018-01-26,0.011841155234656897,-0.0015889653727224617,0.006525872392277199,0.004754624464553769,0.0,0.005663684398133695,0.02211806883365197,0.004890271365178167,0.015301742947745334
2018-01-29,-0.006731944014173874,-0.00010748192695630987,0.0007814191824710992,-0.0011981104400108356,0.004196017106050665,-0.008404305921670407,-0.009737072616146314,0.00909987727011452,-0.005647261939089376
2018-01-30,-0.010898781509218525,-0.014277588794270102,-0.010890917457143545,-0.009961460758048268,-0.008659663900817183,-0.0050054980298726015,-0.002545041784920099,-0.011719697173801835,-0.010907913970653493
2018-01-31,0.0004889403811609849,-0.00831531210112324,-0.007173187066913611,0.0007042351147155124,0.00247144267498256,0.0014550583273755802,0.005092654735669333,-0.0004984928380598053,0.008586423465427373
2018-02-01,-0.0006480605989779287,0.01678998748392191,-0.005729038766584149,-0.008849385890299821,0.008676175943652664,0.002675193142880339,0.006860457858482993,0.0008104548677945189,-0.007455164262646252
2018-02-02,-0.021208513171602883,-0.00900872898917704,-0.006269366481585048,-0.015114540092526552,0.005143128967218358,-0.0038605566388588697,-0.01700562510848569,-0.016799426911786486,-0.0012349086715954805
2018-02-05,-0.040979244278871785,-0.02545486417985654,-0.014569895867899696,-0.012633114597761286,-0.01554516466769229,0.0,-0.025942589682649064,-0.013320714820285184,-0.01093682614875624
2018-02-06,0.017440938639606607,-0.047254925474206955,-0.0263913466703386,-0.024103346872601517,-0.03200856389341855,-0.02164662797564232,0.02483414281436991,-0.015426908799036854,-0.051164172550226095
2018-02-07,-0.0050015954644285765,0.0016256182254337226,0.019326742655501716,0.017555641959162482,0.007451648626687346,-0.0066624155713403965,-0.013437307346266802,-0.023132013483823877,-0.008897410135242367
2018-02-08,-0.037536451302551344,0.011341455470615713,-0.014936629566641324,-0.022353322603429704,0.0023636981163923654,-0.022752771995520282,-0.014911788831091899,0.004614948092265481,0.0042234988391727235
2018-02-09,0.014936071290197583,-0.02321699558628587,-0.010913873002458496,-0.015192609480946473,-0.008951059967586161,-0.0013164905008347105,-0.007773952310813903,-0.018213007035994044,-0.03099542317939452
2018-02-12,0.013914603653299107,0.0,0.011932440644461861,0.012705991298831432,-0.002959247313835567,0.0006569162718370603,0.0,0.009142175423158871,-0.0016195926312770892
2018-02-13,0.0026129518072288693,-0.006451033596444167,-0.0012609620095136442,-0.00811103688859205,0.006048246815887115,0.002012105667326569,0.0,0.004112552297746985,0.012895613420806695
2018-02-14,0.013402479965752168,-0.0042603607114817255,0.00641182141207941,0.00865028599821005,-0.0025041411226284227,0.009890514124372807,0.03268457960387505,0.011122290924728162,0.022656858201184793
2018-02-15,0.0120690869070601,0.01469261143311229,0.00288883929375916,0.005875667318529398,0.011599257417437059,0.008422183540544248,0.008950138635459348,0.0,0.019656503558835636
2018-02-16,0.0003734622144111466,0.011892394029717313,0.008278033562733489,0.010965798626988876,-0.000837875846802949,0.0015241232091449675,0.002776348858045452,0.0,0.0
2018-02-19,0.0,0.01974931227771326,-0.006448517416754673,-0.005547449515583169,0.006359883462829341,0.000934889545971096,0.003172213337232943,0.008666999748124349,0.0
2018-02-20,-0.005841403693699454,-0.010118193831743949,-0.00012279825488492602,0.00800812256623784,-0.00012353599744707733,-0.004972359656380099,0.011926025244387128,-0.011339353697775612,-0.007771064066927513
2018-02-21,-0.00549652831466807,0.0020848251547314067,0.004802139435914121,-0.001432281053134199,0.00048309552801661937,-0.003072803043389749,0.002888794746628953,0.0060162642021930335,0.018082097893898474
2018-02-22,0.0009735944886408721,-0.010667335432785752,-0.0040073775298458125,0.0005335028103645723,0.0012041272441318807,0.008942922090779293,0.007374974753584507,-0.006326014034943261,-0.014832388380081496
2018-02-23,0.016028343614550522,0.007192530147531073,-0.0011003269267096938,0.002759332049335983,0.008217942855855975,-0.0066614743338934135,0.006999825232201884,0.015424888579617768,0.009736262856168354
2018-02-26,0.011756997779638123,0.011914887008411146,0.006235152345049455,0.006311274865899774,0.007065586516850075,-0.0037001913721955715,0.004117157296487095,0.00250048949223336,0.007401693213680671
2018-02-27,-0.012706864297021059,0.010663263763094344,-0.0009781084781290694,-0.001487072574916537,0.0024302498917194715,-0.010177981587770168,-0.008182297760797597,-0.0006144080727524814,-0.007300006984437335
2018-02-28,-0.011095806550352139,-0.014364538232932156,-0.006939972124765714,-0.005514700566507602,-0.006753002916857431,-0.01109543470547747,-0.018195686362201702,-0.011717573102510315,-0.013557984256440725
2018-03-01,-0.013324342350110263,-0.015577590238279093,-0.007780793732222846,-0.011573266336334265,-0.007083991097678766,0.0034042379167893433,0.0002835264456948483,0.0,0.006468854312828842
2018-03-02,0.005071573420174946,-0.02498703075379982,-0.014735967802175232,-0.021890702408830398,-0.0074407258114469466,-0.0010779543112079404,0.0044923861346142235,-0.010381649199129983,-0.014843328474677286
2018-03-05,0.011032048304691067,-0.006588252845388665,0.006517772528607191,0.009194676291450543,-0.0057116873023239645,0.00363421385203333,0.0030490428437801587,-0.011281513304692403,-0.02279206564334635
2018-03-06,0.0026387939462098053,0.017853264575904637,0.004324070612902187,0.0007570067832576299,0.011434204258772507,0.003430781181666287,-0.004298975051157949,0.01530487650838297,0.020890445450253425
2018-03-07,-0.00048384968403136774,-0.007705754476658444,0.0015517542939098572,0.005807270106555906,-0.010138304186694036,-0.004646793762424273,-0.0019785642117464697,-0.003976926362584399,-0.010285234079945083
2018-03-08,0.00446310693853591,0.005427540568924805,0.006342695561789569,0.010635525972949367,0.006926310253426493,0.012124513135378656,-0.005836678518849614,0.013015130192936875,0.015153863374145482
2018-03-09,0.017378795678667736,0.004732762481590491,0.002952837889616422,0.0021269863591617533,0.0034269654696967855,0.006559908789386393,0.016318248680555314,0.010838114653032305,0.01114648019280673
2018-03-12,-0.001273967637633433,0.01652739738788589,-0.001349572496958218,0.0026136224104966743,0.005515129125425844,0.002365082290818332,0.006124943427460394,0.010030697920266674,0.019296552707573023
2018-03-13,-0.00636359063175973,0.006601438872655407,-0.010531188840654515,-0.009368767276671686,-0.003570141429767748,-0.0023479961184509346,-0.00594461960660031,0.004174516528992145,0.00022535689156888417
2018-03-14,-0.005724493818052956,-0.008685776193662509,-0.0008530869420265708,-0.0018749908016542083,-0.006594792654510351,-0.008249478293659296,-0.0038534985247239417,-0.003371430633115291,-0.005266846932656666
2018-03-15,-0.0007819660444884358,0.0012242110932993988,0.0009912108895802074,0.006826934986346123,-0.002436097714829444,-0.0070476555160639,-0.013047617365337993,0.0025341099240572262,0.003374899514903884
2018-03-16,0.0017034720983646334,-0.005844812522501797,0.003414680605510645,0.0068157920172928765,0.004825318243840915,-0.0070993505454644,-0.0004912384814467208,0.0006379444546977808,-0.0012406035299973306
2018-03-19,-0.014204163502312905,-0.009024054148938032,-0.016918988182810457,-0.01239599697445748,0.0016826841863488706,0.0,-0.011467314936371431,-0.007594317493794911,0.0003742623080396079
2018-03-20,0.001481798210046792,-0.004652039719006185,0.0026040298568918985,0.005093098542177765,-0.003867984778420319,-0.008447566198614198,0.002988092675919596,0.00423833246465688,0.0011477526007688255
2018-03-21,-0.001843986249236318,0.0,-0.0031580721315004334,-0.003235563058310409,0.0023393032423952853,0.009459707187299937,0.009657239810940021,-0.00022128166339441258,-0.004291927113625915
2018-03-22,-0.02516289137256489,0.0098695241609712,-0.01227168179435345,-0.015539364429703828,-0.002204773901016366,-0.003383707364866262,-0.0024560882002913065,0.0044467337633855575,-0.010933479168231841
2018-03-23,-0.020966906104724736,-0.0451153413835409,-0.004408429089015842,-0.014969281910524712,-0.019609405251778123,-0.017843991601535825,-0.004608821171415478,-0.031754553248771966,-0.024516712502474114
2018-03-26,0.0271572407717926,0.007189882946144754,-0.0048035666301643465,-0.0058670677092967916,-0.005199006928172323,0.007363713893283386,0.008422417430301143,0.00840795114119719,0.007901207847494929
2018-03-27,-0.017276334844182117,0.0265442235181379,0.016178692900972624,0.011660038063634692,0.007224808370312141,-0.0013845952257073302,-0.015041041107391795,0.006146700149359141,0.007923723279202433
2018-03-28,-0.0029166124426820428,-0.013416789727789369,0.006371301145405628,0.004311189496374768,-0.007344443872914663,-0.014291063004796878,0.0007884684108507845,-0.013364273304894647,-0.0249522341554288
2018-03-29,0.01376967370441462,0.006075227838874486,0.0016849450795912713,0.009080675422138862,-0.005199098707739047,0.0,0.01778176417448374,0.007059922539257357,0.0023598943859828303
2018-03-30,0.0,0.013952402467404035,0.0,0.0,0.0,0.0,0.0,0.0038910346129692464,0.0
2018-04-02,-0.02233733580221664,-0.0030632553847013133,0.0,0.0,0.0,-0.006465278477870373,-0.008189719601206846,-0.0006909663307235192,0.0
2018-04-03,0.01261483879963432,-0.004501935144829661,-0.003705745393326243,-0.004334374535177821,-0.0012919827098993864,0.018710077806271652,-0.0005076391543095138,-0.0007078096360303432,0.0028816969047675833
2018-04-04,0.011566486259060316,0.0012802756302867646,0.0005049456223349402,-0.00196598076446175,0.0016391037155567556,0.016566682503621255,-0.00311698434453056,-0.014072051194916502,-0.02191543434249721
2018-04-05,0.00686280811739759,0.015285031813523142,0.023527120376570343,0.02682353645576052,0.004765200945888948,0.010415433105775085,0.01007554674513389,0.012233914437348004,0.0
2018-04-06,-0.02192020549488527,-0.003598913765590961,-0.0022029307590804015,-0.0063703552529920104,-1.1574062077746028e-05,-0.0005347041557398624,-0.004568026676787684,-0.0032574091699760777,0.01105231973370091
2018-04-09,0.003336571356168383,0.005134572727879538,0.0015465697056087357,0.0019805756873330083,0.0034428914483795037,0.002771975443030872,-0.017839925810317903,0.005968109714436176,0.012887946834538866
2018-04-10,0.01672687474169199,0.005353750716155403,0.01000729698738656,0.007007628446344727,0.008315157913112214,0.00567115892645198,0.014442083838341668,0.0027249517200744755,0.01651230351199051
2018-04-11,-0.005525298565605352,-0.004919630435819999,-0.0013224618983727066,-0.005545571394506288,-0.004829289688915828,0.004151122114744554,0.008699880109373614,-0.0026604209340852503,0.005498761094662408
2018-04-12,0.008250731400845313,-0.0012366798695998549,0.0001653543958088921,0.007094168803787326,-0.0022564270082234827,0.005159879617919083,0.002321996950223504,-0.0006177839965304521,-0.0021499975240883984
2018-04-13,-0.0028866474724003055,0.005468996707337137,0.0008569452519446852,0.0011701611802659162,0.002329107637959904,-0.00029231758234904426,-0.012980737102036843,0.005059953903656211,-0.0007427521659819636
2018-04-16,0.008109023830139561,0.002607588868777322,-0.009134758333608772,-0.002018561484918857,0.0021035920438174927,-0.006846865689392523,-0.017464164390312398,0.00098571527492064,-0.015995323350335267
2018-04-17,0.01066157798822931,0.0005523108438403312,0.003869022811258338,0.010714783902540992,3.5608274061793566e-05,0.010307139204189353,0.014778260322817927,-0.0015137396286454274,-0.008340263211106924
2018-04-18,0.0008313657676830566,0.014217128754246966,0.012633458113353813,0.0037321264782586017,0.0034021809633648648,0.003211085386914947,0.02010236408787036,0.010681522718103187,0.007367922096281898
2018-04-19,-0.005726120857699746,0.0014883880459604093,0.0015825422899578,-0.0012289129706177793,0.003340316281666089,-0.007037172387297508,0.0005572624470628895,0.002467761836788984,0.014006950807763152
2018-04-20,-0.008536535555283331,-0.001304121727641272,0.0053554957619950105,0.002179773991854539,-0.0020785580683557736,-0.006435494882786497,-0.0031945512842173063,-0.003929849965809917,-0.009447239911893779
2018-04-23,5.617682967939963e-05,-0.003348037021528527,0.00416657053243874,0.0053975158834640435,0.0029370689901948577,0.00021969136666610822,0.0006126235518864043,-0.0008964879478905452,-0.005389184744856168
2018-04-24,-0.01338056915166519,0.008605562105102882,0.003585682678571178,-0.0006205416360665073,0.0060380430692219544,-0.008162714260411597,-0.0015585993399724885,-0.004029731903593681,0.012620974139298857
2018-04-25,0.0018371189116968,-0.002818909315507767,-0.006205726290839486,-0.007134963314040954,0.0,0.00023747679345964556,-0.004968931454509606,-0.006221237429691495,-0.010056390732021914
2018-04-26,0.01043418958854292,0.0046945081142202305,0.005706487860670073,0.00579488959587815,-0.0018206372551254901,0.00498353975314525,0.01574248460127703,0.01095634206002094,-0.010566750692013849
2018-04-27,0.0011136358523251566,0.0066425891850259156,0.01088469472864384,0.003636591814673684,0.0072535364246835154,-0.00027123439185827714,0.0007114809361079555,0.006769966554103224,0.009097337748203094
2018-04-30,-0.008187541902161422,0.0,0.0009450548571687811,0.005041520072297745,0.004885409713644373,0.0015232596887497785,-0.0038077540012304567,0.009220028887819032,0.01742960112837677
2018-05-01,0.0025490455240648746,0.0017874413551439705,0.0014728403446393479,-7.351860020576861e-05,0.005432635123886698,0.0,0.0,0.0,0.0
2018-05-02,-0.007205815880669042,-0.0015661077402153722,0.00303708865001151,0.004957214684440547,0.005810414025456012,-0.011335832463435391,-0.01821286527976962,-0.0038841049861253474,-0.0027450261210804072
2018-05-03,-0.0022536964035709817,0.0,-0.005370399830310735,-0.006941884579561575,0.007948517276744393,-0.014972815299232667,-0.014890518408143927,-0.0073275569621769066,-0.013361268173160523
2018-05-04,0.012811201149927953,0.0,0.008590252296176493,0.00608366958335238,-0.005801968589478124,-0.002165025662433928,-0.002042427649362799,-0.010401045331189018,-0.01276235535672865
2018-05-07,0.003457960066380883,-0.00025008031939077746,0.0,0.003830349322225368,0.0035593568944727316,-0.011011834524772945,-0.004855865809139104,0.0,0.0022642139909443415
2018-05-08,-0.0002656559269333947,0.0018484757307999367,-0.0001836889498543215,-0.0017703882228500278,0.0012181827415456148,0.005267597208804098,0.002921256051846788,-0.004700615102097294,0.013620939473085958
2018-05-09,0.009682176113057217,-0.004434287379674107,0.012790536298450395,0.003333445759834408,0.0026492620921110266,-0.009098554329872055,0.015784743849303284,-0.002379776390822097,0.004385449897558846
2018-05-10,0.009370632999603501,0.003940402197700088,0.005017931437699241,-8.403973398518616e-06,0.001755723291198441,0.005554015893488806,0.018936696386622653,0.008257023379896644,0.008942846083362266
2018-05-11,0.0017076314600799058,0.011614789053561392,0.003061951935924956,-0.0011737648156292524,-0.00041854967715615476,0.003810184623283197,-0.00746518800109941,0.005498831244724389,0.010154103219750521
2018-05-14,0.0008835217690965624,0.0047182412885220515,-0.001756736638380274,6.170207992095555e-05,0.0031244957029599174,-0.004486086988528704,0.00014034226380288395,-0.0006457575745345556,0.013463761717572797
2018-05-15,-0.006842165025108815,-0.00209220208642924,0.001556222425683984,-0.0004066477084699871,-0.006108587734220405,-0.005596173114422065,-0.0011940324424375426,-0.00709580753682193,-0.01233470762573774
2018-05-16,0.004060558004020054,-0.004417122958083164,0.0014528070770609691,-0.0004040075302514934,0.0014990605657529965,0.0034762995104082872,0.01652229602532218,0.0005206341975318995,-0.001342769636521246
2018-05-17,-0.000855843612027285,0.0053325163323167946,0.006952238111246123,0.00823217368118212,-0.0020800856727406503,-0.013612088125382726,-0.033685256139659225,-0.004622289435812554,-0.005401765337413433
2018-05-18,-0.002632227136203147,0.004027870640505471,-0.001178741058324606,-0.005127805399506635,-0.001132049403233193,-0.0026454587347313208,-0.006458471729013593,0.004982744185096699,0.003417991316052582
2018-05-21,0.007386738519040259,0.003140378083902773,0.0103332266329339,-0.00033298262893988184,-0.0004713046283790767,-0.007921514922119566,-0.015244840391190118,0.001999471684311027,0.006004913052118477
2018-05-22,-0.0031357367883761977,-0.0018272030229927738,0.0023259453606423452,0.004109086735879064,-0.007004367992118898,0.0065301814236040645,0.01128847400321531,0.0,0.0
2018-05-23,0.003248373977771557,-0.011785539761170694,-0.011299341792077366,-0.012664297163565319,-0.0015500165428887769,0.0038556281930586245,-0.022620441562660853,0.0025714135068157784,-0.01820783848551355
2018-05-24,-0.002023202806873625,-0.011138514588532211,-0.009205951384359312,-0.005663754792733622,0.0007583912887942912,-0.007506003601396416,-0.009212377464361654,-0.0023868182903097335,0.003090429549163165
2018-05-25,-0.002357245505469785,0.0006141638302075147,0.0017546269538690762,-0.0018172731815910836,-0.0007051421042719719,-0.007507743805230893,-0.01528475651787864,-0.002112724603712035,-0.0056036314210375915
2018-05-28,0.0,0.0013496184321353244,0.0,-0.009307723817759794,-0.0047743809532649895,-0.005343299330989759,-0.0448913187032417,0.007379713914174246,0.006676465703588708
2018-05-29,-0.011564198388288038,-0.005456141139064008,-0.012630849076618156,-0.015649047848758424,0.0015884354834867498,-0.004541253772208265,0.009503443926840882,-0.008757704843966874,-0.00999212139674055
2018-05-30,0.01269582803565994,-0.015202766920575317,0.007458756079154805,0.0038067290134009557,-0.0047931690357022605,0.001534468883609419,0.008960460868771891,-0.019623562926035065,-0.014032996354222393
2018-05-31,-0.006879563584568427,0.008324810205227129,-0.001478626243079928,-0.010037225494669011,0.0045363753844362975,-0.001192641182505949,0.0,0.005803165589469694,0.013699733071961484
2018-06-01,0.01084919435028664,-0.001372410009629843,0.0030697298846085186,0.013764255206728082,-0.0035752525456665962,0.007849529415584033,0.006333642634705816,0.006582721491037891,0.0007991844708117313
2018-06-04,0.0044795986279628774,0.013737999715849547,0.005131288002627965,0.004641614111896786,0.0058692348693882845,0.005128503616611546,0.01755974093649959,0.0036080952537147493,0.016563522471289227
2018-06-05,0.0007026178887243884,0.002829692551234775,-0.007038878533164317,-0.003683453569174322,-0.005090325394470296,-0.002503758511077203,-0.02486549580220687,0.0024512207079125936,0.00307987810818644
2018-06-06,0.00856737485448189,0.003823946717634863,0.003326481760940858,0.0011658214702079395,0.005042639747677713,0.0011327101064242395,-0.00684353028043605,0.0,0.005327488586824414
2018-06-07,-0.0007141955380813858,0.008730326049148474,-0.0010334047770010901,-0.0003033963049220434,0.0053419807054018165,0.006523641588585871,-0.029766716418871186,0.006854786124152135,0.008110598193806107
2018-06-08,0.0031259362467830343,-0.0056416129860501485,-0.003028139764290505,-0.003604285834029386,-0.0019990781359063847,0.010180407185502283,-0.01231390519376252,-0.007690501825482254,-0.017593580732550795
2018-06-11,0.0010687182218256375,0.004826720130428175,0.007337519382065283,0.00954950250921005,0.0,0.007871215079646054,-0.008695941861808998,0.007574706923698216,0.003407496751265615
2018-06-12,0.0017433501078361058,0.0032586331193944496,-0.004345112007475338,-0.0013332490474740055,0.001530805601749341,0.007766763410145039,0.006173057197034204,-0.0005343805032084203,0.0012670737870892346
2018-06-13,-0.004026050917702695,0.003847742516396524,-1.2980590123667923e-05,0.0011451326109599425,-0.00510435569814327,0.002139485541917008,-0.0086867920762711,0.0,-0.012150251454358552
2018-06-14,0.002471510972283708,-0.009917540335046326,0.008058454952224237,0.013665520927933494,-0.0011451750990656429,0.009338207524371978,-0.009718653622681539,-0.01836902500374671,-0.009275137794282684
2018-06-15,-0.0010170746345898873,0.004975677932820055,-0.016982174382773718,-0.006262917799558343,0.012863336399831615,-0.005475320167026676,-0.00928953868039184,-0.008021522768910883,-0.004293011504206357
2018-06-18,-0.0021261593144484836,-0.0075013948603498415,-0.0003379657344663167,-0.01094715579369021,0.0016570318257429495,-0.005921750908949086,-0.013327165809304486,-0.01156386748972571,0.0
2018-06-19,-0.004023433979269853,-0.01771799616672254,-0.0036009450515178676,-0.009043312708234108,-0.00032813865111269713,-0.0036964599452303792,0.022625741014826062,-0.015204693128640034,-0.02775830276260005
2018-06-20,0.0017121614137458607,0.012431278974148974,0.003097115277129303,0.0012517101854276902,0.011546143605079218,0.005830059038409274,0.010211873938466454,0.01017046207229555,0.007737845775863006
2018-06-21,-0.006345489498865264,0.006100969921655208,-0.009303301255998098,-0.010492499127805477,0.009648153608377674,-0.00646928607525199,-0.028402844513314207,-0.01103256892182869,-0.013473791401382718
2018-06-22,0.0018619806819504259,-0.007764935856985233,0.01665202132221011,0.01119138771444761,-0.0011086090254156522,0.0060428039660838095,0.008073504207640747,0.008294016245834701,0.0014558276627736344
2018-06-25,-0.013724735741665661,-0.007935397655886689,-0.022445188726769594,-0.021033821478382064,-0.0023801549341589956,0.00021845347775362178,0.004421250370714391,0.000279990836663746,-0.012860488024350136
2018-06-26,0.0022045806696182613,0.00017235088850231506,0.0037390943082675765,-0.00014543468646954771,-0.002060412133953249,0.0034459338771730685,0.006365061251135673,-0.002951804163061733,-0.0027619530692414296
2018-06-27,-0.008604290761129008,-0.0031434070360755184,0.01111314527084395,0.0084334702795128,-0.00028285087869317493,-0.0007356806612982547,-0.011142000815353659,-0.003781498307045661,-0.018182636575789335
2018-06-28,0.006178624478169192,-6.196184676843242e-05,-0.0007950992496413845,-0.009304913265020809,0.003151943903177745,0.003345960686881977,0.016393377614751792,-0.011865774563092901,0.004974562936014948
2018-06-29,0.0007583817752760957,0.0015320791418560464,0.0027968795752946196,0.008937697592051208,-0.0033392927360287317,0.01343637966825062,0.01387819835767412,0.005137755807522293,0.016064317627061175
2018-07-02,0.0030680150237090142,-0.02208432285667783,-0.011664372987574834,-0.006888326069030448,-0.002718643703347623,-0.021183638530354654,0.001061398239285749,-0.023468163860145497,0.0
2018-07-03,-0.00494735413740377,-0.0012098883500909485,0.006020257424299569,0.010120959252241102,0.005246858424498457,0.008581774751401428,0.01136755842346493,0.0005370805708904136,-0.01414396284455488
2018-07-04,0.0,-0.0031442874493815554,-0.0026602434517843943,0.0016704145798716041,-0.004318536293321129,0.005623977103699662,0.014597432390700105,-0.003211953747866092,-0.010646135284739455
2018-07-05,0.00862075320099387,-0.007830256793743495,0.003978560930874897,0.008467100230654445,0.005196504763489651,0.02629266511294115,-0.002542709287852829,-0.003491564627051358,-0.0021096486149720928
2018-07-06,0.008481296202235589,0.011191818439605594,0.0019044562698435907,0.002199993025121083,0.009133911423969465,0.008623087908093963,0.006134288787073228,0.006786117693960092,0.004738115590433356
2018-07-09,0.008823039183714743,0.012118519524842553,0.009227194560037733,0.003465284805813651,0.0021920220219373565,0.005193603042460415,0.0,0.005688842740676048,0.013168703351718936
2018-07-10,0.0034732074550045677,0.006562163015175759,0.0005267956904211335,0.0037191802198563995,-0.004445246928113766,-0.00497361675853758,-0.001973193313619559,0.0036573628488929533,-0.00021785732959200832
2018-07-11,-0.007094178621538827,-0.011924192983791881,-0.013010852777676662,-0.0146718835923082,-0.006790882276193511,0.0006987009021264257,-0.006195768822738534,-0.005901942323116027,-0.012919488533849388
2018-07-12,0.008749035695488905,0.011660931570507405,0.0078201149637247,0.006761435855479281,0.008479633258194452,-0.0067077816182101735,0.019592720557053855,0.001946839017460178,0.005974210652914147
2018-07-13,0.0010792305300737493,0.018450997748328257,0.0013775382841936246,0.002626622047952498,1.3719817398616385e-05,-0.005961233194308413,0.009730645687328066,0.01130823698283634,0.001566316711977711
2018-07-16,-0.001028090429120665,0.0,-0.008016319775720593,-0.0015805288113612814,-0.00428706505385501,0.0009957441235086684,0.0007602388426821705,-0.003855640659483406,0.0004985023894461538
2018-07-17,0.00397365665748306,0.004425740186349447,0.003405061542408605,0.002441230704999686,-0.006068715975825034,0.005168178368814669,0.019278150846325115,-0.0017680354823433886,-0.012543246836157151
2018-07-18,0.0021604883344306103,0.004266134916131037,0.00654967723662625,0.007976861894432474,0.006684946257358604,0.006121389280649536,-0.009825509437439761,-0.003398725804205527,-0.002280204728745794
2018-07-19,-0.003952948196134454,-0.001294628148664101,0.001001787324068415,-0.0038564394504574384,0.0028164431344774865,-0.0052033793191690325,0.001605555550528548,-0.00341468313749127,-0.003789821398976101
2018-07-20,-0.0009484790461010695,-0.0029343702612995015,-0.0006741306902552369,-0.0033442407622908954,0.003696648410429937,0.0032914312628324893,0.013995279714594133,0.003023279250226718,0.007626327788579079
2018-07-23,0.00183808439484201,-0.013256304112983175,-0.002995263576683338,-0.0017283087140862463,-0.009274002835892858,-0.0011717861857224454,-0.007320358364995672,-0.008684294444759932,0.0011210126811902477
2018-07-24,0.004780938945058377,0.005067198761976366,0.006956826140738004,0.008471214950565242,0.006147837129043987,0.012524633614958702,0.014857918573385476,0.004798815498984199,0.014384494403336445
2018-07-25,0.009101545880016992,0.0046098528329916455,-0.006588360433516405,-0.004266057284594282,-0.0029039991752105587,0.0028482027998029125,0.013430108882599656,-0.0031444610121917904,0.009012799619852796
2018-07-26,-0.003032251490652005,-0.0012107410150680176,0.0006411378041486504,0.011766062650463649,-0.0005038697775130441,-0.0033346336408712762,-0.010131137584513339,0.007052260638882757,-0.004832491381665194
2018-07-27,-0.006562253298748155,0.005573149356240981,0.004977052577458174,0.005106489687284332,0.008924496412682004,0.00416074682270251,0.005802632417416964,0.002590583034083771,0.0008039987297236983
2018-07-30,-0.005754180827438504,-0.007392763976180827,-5.973009786641725e-05,-0.004215832478070225,-0.0034657481389163136,0.0012355989472228046,0.005127206662150607,-0.00064488298423937,-0.002470119023978312
2018-07-31,0.00488474987511589,0.0003938817041948539,0.006221391145133204,0.0037525161503397797,0.0002881311010844989,-0.00014626212748414247,-0.013144219805796498,0.0007630226159902609,-0.005224630939963837
2018-08-01,-0.0010403758135703045,0.00855645986560094,-0.012369721090858432,-0.004612124839384002,-0.000713989886629518,-0.0050016087163248235,0.001025240585035947,0.0051453865792980835,-0.008476014247624564
2018-08-02,0.004926493587738445,-0.010294680107444276,-0.010058918764234703,-0.011404211180230384,-0.0055539470629411,-0.00795560071054402,0.004224880566797928,-0.015981309626496132,-0.022094694775083523
2018-08-03,0.0046441380578801095,0.0005619093011759446,0.010978190136392563,0.0038020183269389385,-0.000975025565378651,0.005025476985097033,0.022581174581715935,0.007699762135494614,-0.0013797801588768532
2018-08-06,0.0035382963367192044,-0.0007928904452706442,0.0006110378504000646,0.00025844245348038974,0.006127244005679877,0.0003577906790659391,-0.004718119903756368,-0.0005158064064902934,0.0051755435693763285
2018-08-07,0.002824165029469361,0.006905309028351736,0.007137470021321146,0.006048861711595244,-0.0030357187549967524,0.013050633807114798,-0.008688875958720033,0.005974196369997742,0.015432307340590645
2018-08-08,-0.00026237996116773576,-0.000813229115279146,0.007536457955452436,-0.0030733056155599625,0.0023332506120945506,-0.0013870022478242872,-0.014870836969665957,0.0005608305509181566,0.0039031635944504206
2018-08-09,-0.001441718864821362,-0.002027882501167033,-0.004485221785730298,0.00015170597664315721,0.0046460668278103245,-0.013030876907046185,-0.004847779643393557,0.000981989615242762,0.008750617966553298
2018-08-10,-0.0071138709971333425,-0.013288999791577938,-0.009656706412099592,-0.01941828151785996,-0.0030581238849018977,-0.017480363249425368,-0.02861111474343825,-0.009081004119442126,-0.008413237180719624
2018-08-13,-0.004005957759204981,-0.01976179114973131,-0.0032033348071803802,-0.004844904677959838,-0.0041765464506602346,0.007924794336261476,0.012835500791681387,-0.015042995632537415,-0.015160424470733513
2018-08-14,0.00638924424064391,0.022813752577498958,-0.004031429711676138,-7.038783698165574e-05,0.007591602980788537,0.00674861822600592,0.014267234176533306,0.004652093664524459,-0.0065734626691823506
2018-08-15,-0.00760221974957398,-0.006792782992367186,-0.014946844569632911,-0.014770754141442577,0.004664397223013816,-0.01098742405969666,-0.019390319165732306,0.0,-0.015470078294435918
2018-08-16,0.007919471183698512,-0.0005485443757988762,0.007803549541403054,0.005501506364838038,-0.00011470972041649485,-0.010248433326077278,-0.003363735873237017,-0.008017141010487228,-0.008180843000498816
2018-08-17,0.0033231362802699227,0.0035300945744509704,0.0002924680865705742,-0.0013678513483106336,0.0017287442284990018,0.00427744529335361,-0.010286815505387237,0.002789182434844717,0.004182647566093989
2018-08-20,0.002427959426412052,-0.003205154110527131,0.004322234702504035,0.006145973542369676,0.0009087850217841531,0.010791546521748963,0.003937865405736041,0.0003693731781668763,0.014133105700461668
2018-08-21,0.0020685672284348477,0.0009338258480111605,-0.00336702997921301,0.0053010457705080505,-0.009553358127682987,0.011449513256813315,-0.015033692140579369,0.009867074754880134,0.005608011009485381
2018-08-22,-0.0003981892866123937,0.006427620857679228,0.0011287785664246819,0.002497318021139172,-0.0029278951711688705,0.010868382307491764,0.022903575932024856,0.0014404905597209527,0.006298105523804942
2018-08-23,-0.001691231454109654,0.002158519489056543,-0.0014549314518683687,-0.00026899169049565685,-0.0034484640705728653,-0.002621874670461377,-0.016495345392790628,0.004077718589030166,-0.004909841812287485
2018-08-24,0.0061988533346399866,0.008520437895623623,0.0018867625164942226,0.00239233050426102,0.0004735465707510489,-0.002327457770480823,0.00830925127757065,0.004648208183650304,-0.004267291725289946
2018-08-27,0.007670392285776817,0.008754624084750917,0.0,0.008335667436920824,0.0034485148608356386,0.015765475804074613,0.021864689768447576,0.0026556660750651773,0.021660986409664407
2018-08-28,0.0002692682118519141,0.0006065885250821079,0.005243160993944063,-0.0024421225633027843,0.005707885837816784,-0.007781019896949792,-0.005857845175291421,0.0016613752011480631,0.002842107906719349
2018-08-29,0.005701427427593275,0.001523222902960475,-0.007090513336886706,0.002482908251319138,0.007547282935317812,0.0032684324597922476,0.011818928821561325,0.0025660842682970753,0.0022862891079944436
2018-08-30,-0.004430275493816138,0.0009313635810579424,-0.006238092027062603,-0.007274031937456127,-7.461939386388394e-05,-0.010646878464509513,-0.025319168560112515,-0.0007275782471428682,-0.00888183037706336
2018-08-31,0.00013443037712890238,-0.00019020966789817795,-0.011124223825610069,-0.011101751972462659,-0.005079535410804192,-0.002123934156027185,0.003578866000498282,0.006730665048648943,-0.009781973828337898
2018-09-03,0.0,-0.006900020336625845,0.009711507153793875,0.0006159922190456246,-0.0013645071174956946,-0.0011948087175827071,-0.006322582378436081,-0.00682342609174813,-0.006311192227634543
2018-09-04,-0.001654305329620409,-0.0004615239626940548,-0.006228180049569709,-0.01049487627356771,-0.002821161883257095,-0.01221112469002894,-0.019436631290150608,0.0037667477232630198,0.009410902068161198
2018-09-05,-0.002803170482476691,-0.005113914234983641,-0.010000187721410647,-0.013020337207087174,-0.00995126226924814,-0.0059078429683881994,0.005092502121485598,-0.010342355725217134,-0.026078044309331694
2018-09-06,-0.0036522883057535926,-0.004113666326702958,-0.008711575343207878,-0.005932525440189185,-0.01123948249619977,0.0023969361690217017,0.017628179305273273,-0.0018151908786657733,-0.009874889195176095
2018-09-07,-0.0022133041469051262,-0.008043422385509591,-0.005637412965776578,-0.0007858128915789742,-0.0026955954301817187,0.005322934768439369,0.0,-0.0026359388182427557,-5.004667315666733e-05
2018-09-10,0.001897843770893859,0.0029600494193318116,0.00021984967778276854,0.004833968955717083,-0.0003445742335298485,-0.0024994312976990285,0.0002661745882834854,0.0031031127551959248,-0.013348301126996365
2018-09-11,0.0037398379635260603,0.013033514816236824,-0.0007912848762930969,0.0007191896726779223,0.006183795781524282,0.0009633820647165781,-0.0232852562949436,-0.0023856754607499697,-0.007171945582341466
2018-09-12,0.00035666178420923345,-0.002650819402339022,0.005474638209180149,0.0045113326851187185,-0.0006076370346924653,0.007345825203800782,0.0062727282590628874,-0.000122634898388152,-0.002933479168361841
2018-09-13,0.005282250806529776,0.009586982478352768,-0.0043468392093374275,0.0021282991643118976,-0.007643232483058093,0.008897171412920901,-0.005832161172853567,0.0014498974996932645,0.02541085532608789
2018-09-14,0.00027546501938591206,0.011977834761530026,0.0030858729642095906,0.0032846583955270514,0.005973844117781901,-0.001635635934969737,0.009940461932497424,0.014005589988758782,0.010065709180517413
2018-09-17,-0.005569745746958565,0.0,-0.00026560643150908003,0.00044250036625870237,0.0031862046615842576,-0.004300578510047948,0.018026997276515022,-0.00657392429634418,-0.012957365956166478
2018-09-18,0.005369011354195541,0.014110182132933913,-0.00025609071363041913,0.003690852960601898,-0.0038027651858786315,0.005329304066899132,0.019861086603067957,0.0025922596949208287,0.005636611053045026
2018-09-19,0.00125330973621951,0.010758932116851305,0.004231373532066929,0.003007330740875336,0.0046268307167156575,-0.001430474873761245,-0.0018553524812179312,-0.0002252076674549297,0.011914862508888735
2018-09-20,0.007840574975498171,0.00010180580690177798,0.004937853970470973,0.01025957679245737,-0.0033132680480539856,-0.0016134044244909829,-0.000673543591511061,0.006493506493506329,0.0025650035008830674
2018-09-21,-0.00036850635502849727,0.008236560783917879,0.016683135794291593,0.008136651073132883,0.004069567280854169,-0.0033627020216606684,0.017003940677461582,0.006765800856485038,0.017319881925942138
2018-09-24,-0.0035157543341060027,0.0,-0.004248200656054579,-0.005937373389957479,-0.0012406048598455621,0.0014779825588735473,-0.018379042722894257,0.0,-0.01624800830519746
2018-09-25,-0.0013050760951849316,0.002946384844865424,0.006589876394566652,0.0027386495584147408,-0.0001609859841982253,0.004741869332188342,0.00828321846815605,0.0,0.0
2018-09-26,-0.00328924803468289,0.003906808029653819,0.0005234723398812591,0.003909608220411753,0.0010342913326126801,-0.0009159834889344021,0.00033091636362336807,0.0,0.011544983361449157
2018-09-27,0.0027632769780832067,-0.009863196774208327,0.004519742421277284,0.004846860754700533,-0.0017862575892934052,0.0008232863437882543,0.017086137945203417,0.006951183539460448,-0.0036380800571739202
2018-09-28,-6.863417982172493e-06,0.01358589453849568,-0.004670370448906835,-0.014664660747465863,0.004262268825788951,-0.002875304827631764,-0.00822086575152603,-0.005247449510280333,0.0026284769590632084
2018-10-01,0.0036410682297065566,0.005212263329579692,-0.0019347021384250596,0.004401035537773712,-0.005686774564116148,0.006813770802292174,-0.009058962406238602,-0.0017882521648947547,0.0
2018-10-02,-0.00039663679353352244,0.0010253339140533502,-0.002817626709820442,-0.007372237973615747,-0.007460152359103467,-0.00932897845910241,0.03801171301361439,-0.0125316390751129,-0.023827825303398664
2018-10-03,0.0007114930065028613,-0.00657832391591151,0.0047802208828624515,0.004865756464315307,0.0032413167414655497,-0.007516733668850639,0.020353799697790498,0.0,-0.001294680676153681
2018-10-04,-0.008169515742554312,-0.005613214903097963,-0.012241887120054029,-0.0089267885878056,0.004917938631037622,-0.006572547691221398,-0.003849848811265044,-0.015188974571024194,-0.017252427535670134
2018-10-05,-0.005527965508803745,-0.008003964026790489,-0.01345314450402657,-0.008761273806842995,0.0014877846709768772,-0.012949214986835433,-0.007610230443067523,-0.003064423233340108,-0.0019268423411021862
2018-10-08,-0.00039506925841348295,0.0,-0.011643032626726058,-0.010697920496426705,-0.013770623682601513,0.0008376194127923675,0.04570360216866742,-0.006037432966412681,-0.013924133043962228
2018-10-09,-0.0014179577940874877,-0.01321618317067308,0.0005889403635670476,0.0036468341732835974,-0.009710657232388953,0.008569212631333922,4.2284324678121266e-05,0.0,-0.0011319500339088684
2018-10-10,-0.032864175757028824,0.001561608546281068,-0.012690688475031076,-0.016524223385584236,0.0014462669692620889,-0.0076082532972739925,-0.027976635413599293,-0.011189841292377767,0.0007702620763223589
2018-10-11,-0.020573073719881707,-0.038933822966352505,-0.019425559844046925,-0.01766506474027363,-0.02744649540059696,-0.012006561384804493,-0.009058772255106429,-0.044395385464482406,-0.03537958704344324
2018-10-12,0.014206284338267983,0.004594778596299642,-0.001572728712860072,-0.00460552351216359,0.0020242154635443654,-0.00240084628885473,0.0,0.015110322256499664,0.021179140493866155
2018-10-15,-0.005905035180855278,-0.01865460861718138,0.00476135341935513,0.004996227785412755,-0.009934577421297774,0.006218693387263441,0.00529033148145186,-0.007738742280916866,-0.013814318475405929
2018-10-16,0.021495643069809,0.01247973849752837,0.004293506249626544,0.014630712347798003,0.005615973685562992,0.0094781865343474,0.028284630378014652,0.0,0.0006759661796826855
2018-10-17,-0.0002526762327753618,0.012944116963587105,-0.0006799444712014546,-0.004377805203018448,0.011791380438547217,-0.006300272018529451,0.0005411959929797483,0.01043764451405993,0.0
2018-10-18,-0.014391946490294405,-0.008010115090678505,-0.003913758398775391,-0.009709905398571639,0.0005588393517865775,-0.018031467206259588,-0.022350066665539514,-0.008858090620112558,-0.0003028010867849318
2018-10-19,-0.00036116990154511086,-0.005564441243242957,0.003246055565754302,-0.00023975663145048287,-0.0004915510767171671,0.008782450665036912,0.004444040534725691,0.0037005832491587842,0.004197677821843326
2018-10-22,-0.0042994746692295305,0.0036720977379804953,-0.0009929359698147566,-0.0064562946537021215,-0.005818005004804339,-0.010007072471222567,0.01634949241116157,0.0025275245100311317,0.023150140446141387
2018-10-23,-0.00551185102399232,-0.02670991854014315,-0.012436814903163507,-0.015407088828214954,-0.01047445552763726,-0.010938671806627998,-0.003465788221483801,-0.025725004741616653,-0.030841409161038058
2018-10-24,-0.030864490329077787,0.0036527556042993403,0.0011171481522482818,-0.003377969652397117,-0.002406433860463575,-0.010548982400708895,-0.026218865339203257,-0.004045391956697175,-0.0038178765946450532
2018-10-25,0.018625051767629408,-0.03722979035071916,0.005905517465223387,0.010883836528417179,-0.028299586980670033,0.00689026576708307,0.012279151050111459,-0.016342642473707647,-0.010111771270878367
2018-10-26,-0.01732721755489608,-0.003955572335536783,-0.00921460287545861,-0.009325622550878543,0.0001929709152399539,-0.010207947106592119,0.019461128585141152,-0.017520476905927396,-0.011075654365007237
2018-10-29,-0.006559621467715271,-0.0016427027180121456,0.012502233571004329,0.0063925687982673285,0.01111989972390881,-0.042010045994472556,-0.022435405000030828,-0.015341735934686684,0.003819540951134792
2018-10-30,0.015666824420255576,0.014538671760489619,0.0013563287752338393,-0.0024723210974568754,0.013433121135863146,-0.007771576145652714,0.03686302242653672,0.009338443425765952,-0.009129035742325153
2018-10-31,0.010851291456518197,0.021585670883881303,0.013111422216221191,0.016008236075408355,0.00434187030649924,0.00928910113711856,0.006190200897247644,0.007445314167440209,0.016032194546955036
2018-11-01,0.0105577968389301,-0.010620671281533212,-0.0018854954335658647,0.0020953804679264554,0.0017990476316256387,0.034232879065962285,0.011387091922027803,-0.0025767481733663944,0.0174665898576003
2018-11-02,-0.006316665267828814,0.0256371713855581,-0.0028869967082053583,0.003183311955208934,0.0014400434461330214,0.0,0.0,0.035337818479989735,0.04211323575700332
2018-11-05,0.005600317290107348,-0.015495201778843892,0.0013701487992874295,0.0009208532825619731,-0.0053106344159131735,0.030156778811635476,0.013335474651672952,-0.009103053435114417,-0.020839413509222693
2018-11-06,0.006259335137365651,0.011359427991884496,-0.00889096601274797,-0.0030925880455153765,0.009803126220320424,-0.010445057132653424,-0.010371195122757082,0.006114823873813124,0.007193922818311993
2018-11-07,0.02120887695294771,-0.002797123861340345,0.010879630944738317,0.012078243572715808,0.0036914613679921437,0.012714676866324881,-0.010765553476911549,-0.005230616092878004,0.0010233161415200698
2018-11-08,-0.0025089822274502183,0.018161895878799905,0.0032877728570466225,-0.002636961825664752,0.005319433977494459,-0.058126622532365446,-0.023875454814406116,0.006706146659675172,0.003060691020889461
2018-11-09,-0.009198989607493102,-0.010524785075056942,-0.00494910848826724,-0.002504941932295557,-0.001077386257901991,0.0016630365295511318,0.00024620378408668486,-0.0031252538671432406,-0.02386025167265793
2018-11-12,-0.019701475363267495,0.0008822372782328891,-0.0073550315678068134,-0.010964579546615671,0.0032844471380475415,-0.021546529958832994,-0.0013604431791658378,-0.002708416223652921,0.0012210021748368938
2018-11-13,-0.001481905348797996,-0.020626963414261845,9.64117803854414e-05,0.009624054500826595,-0.018021816441152083,-0.020519043980825713,-0.007139341032473601,-0.0044269481455846416,0.0062298161991605205
2018-11-14,-0.007567464311691308,0.001648745651181116,-0.0028311141859094224,-0.006034445333382932,-0.017389796007216574,-0.001823846635643056,0.012470836707821453,-0.0015353195927056973,-0.005367374782255685
2018-11-15,0.010593800664796094,-0.00196187211852894,0.0005999610451834503,-0.004695260438765114,0.00056656729643767,-0.02109627913874834,0.0,0.009675781533328376,0.017498342391548016
2018-11-16,0.0022232803457622463,-0.005654106978565943,-0.0034285259611737118,-0.0029997084922782635,-0.0009531002169099745,0.02095527550104137,0.029569844321000183,0.0020784843347414483,0.0030720206686194462
2018-11-19,-0.016643094431470606,0.006495285590539579,-0.0018520419511026676,-0.006416745788715761,-0.006437600851994962,0.0,-0.006941627133939754,0.0038998279487669762,0.007198036322833445
2018-11-20,-0.018151208036480848,-0.01090867763216996,-0.007566180871289241,-0.014004866580388686,-0.003841817038600759,-0.012332443352638056,0.0,-0.008559622195985828,-0.020160018201122343
2018-11-21,0.00304327583661701,-0.0035018106742675803,0.01472527029672177,0.012143501269226809,-0.00511531993625991,-0.007116237217796306,-0.007190262025967176,-0.0028954469936327554,0.005074623631113218
2018-11-22,0.0,0.006463314725905445,-0.012752775441368547,-0.008636898326204512,0.008596482615905288,-0.005513503275788589,0.00239077425150791,-0.0031783487033784086,0.0018458716429989863
2018-11-23,-0.006554890129173208,0.0,-0.0010717898027676753,0.003370998538381187,0.004379330417879634,-0.003072124042187374,-0.014257618878650291,-0.0060243001038671196,-0.003525445042758424
2018-11-26,0.015532409517731827,0.007643250310095606,0.011957669218134681,0.011315786957200924,-0.007808327378041935,-0.04173260325298789,-0.007928890822730184,0.01241324338511185,0.01729811537322279
2018-11-27,0.003261703042884756,0.0064368237667340455,-0.002721716884593439,-0.0019825322831270586,0.009999345860256525,0.009638252914797363,0.027408131553233517,0.00787318412689264,-0.0016765126716605794
2018-11-28,0.02297393528374414,0.010232138627211507,-0.0017571987430257119,0.0005905723182646483,-0.0005595044797891413,0.02969808537533858,0.01546958409251098,0.004191633879833345,0.013314618433265313
2018-11-29,-0.0021976900564546487,0.003858949489155883,0.004915397486194628,0.0018527344403447277,0.005823152103779261,0.02254163751284466,0.0051398967538895945,0.0027890827333010293,-0.008677203386781573
2018-11-30,0.00818552393197347,0.003973480186501233,-0.008340732637680315,-0.0003244952995437034,-0.01584793457089584,-0.004310549477554271,-0.0022910601724052126,-0.008154770351449736,0.002106534225699397
2018-12-03,0.010941355061463431,0.01000847387103776,0.011771801542640459,0.013192021757696626,0.018352235521267524,0.008362730687962783,0.003531237643712881,0.016725007868908515,0.025476152300829114
2018-12-04,-0.03236488351007216,-0.023863376620615218,-0.005614230836215928,-0.00800624574259945,-0.010053261370933653,-0.0051497346357497475,-0.013311498574539393,-0.008246049354340923,0.0028842573993710374
2018-12-05,0.0,-0.005296775057235692,-0.014370418467952728,-0.01222230932037316,-0.007840167837563361,0.0007213650902768709,0.004686517095451537,-0.0061673800458769135,-0.016168484441190234
2018-12-06,-0.0015221883958135285,-0.01905669561980239,-0.03146417715520733,-0.033117796252384646,-0.0018873213744172723,0.0021895073119233555,-0.0021710518409803203,-0.01552364953291041,-0.02473183870948492
2018-12-07,-0.02332016543333515,0.008234728360002608,0.011047053646676241,0.004133370979073847,0.004213407927279977,-0.0027834806011385327,-0.008232290125618769,0.0034176217799670727,-0.003541009879807655
2018-12-10,0.001762194844060927,-0.021181178927868305,-0.008345984352570168,-0.013581687935053877,-0.022703899381341985,-0.012278204056208941,-0.024971437916351924,-0.010584075230277268,-0.011946856478113554
2018-12-11,-0.00035636837875119287,-0.003368599637126213,0.012705421674199524,0.012704715627164909,0.00421125694934843,-0.011079155547774944,0.005876292895593771,-0.00039926185247773915,0.0007490569803643155
2018-12-12,0.005419488922094429,0.021502249383157368,0.01076107619576483,0.01723223753976666,0.01391295583371388,0.0,0.006455597962359727,0.014418135676605326,0.016104505451140838
2018-12-13,-0.00019991927787654795,0.00988022358264562,-0.00039097757474715333,0.0013513643954092824,0.0014417721964552488,0.015029151899182969,0.009889113800287896,0.006232683655291282,0.01289356318529511
2018-12-14,-0.019086676677205427,-0.020230846907732136,-0.004700836059614688,-0.006288216903318267,-0.010533046253627498,-0.0048260150976175975,-0.004418267850928026,-0.012488368208823486,-0.01619493031874475
2018-12-17,-0.020773476413007863,0.00617782691137192,-0.01050813931575112,-0.009361055422621667,0.010049489680070023,-0.023519945817418897,-0.012004871382912508,0.0008263344576635578,-0.0002609716345677304
2018-12-18,8.641209140813899e-05,-0.018200222440446945,-0.01057839379676484,-0.007677117164166969,-0.012159894017132133,0.014304727431556863,0.0024399395923691003,-0.004335881106084294,-0.010492571674771245
2018-12-19,-0.015395733182517968,-0.00603965342912427,0.009602198881160984,0.0037004996496861065,-0.001587449541271324,0.011503860077712424,-0.010818204584687185,0.00811304925537426,0.0019810763434924272
2018-12-20,-0.015772090500047797,-0.02836584092182537,-0.00798263064703486,-0.01681861977203758,-0.0133989272830356,0.007127380021590524,-0.004718260671442098,-0.009005022031517651,-0.009350719242972927
2018-12-21,-0.020588306814405377,-0.011101586949763265,0.0013766532130101705,0.00018332966673995088,-0.0069350225997135695,-0.005150987434527021,0.005017750235753127,0.0006650098052540798,0.005069168845978744
2018-12-24,-0.02711224768478282,0.0,-0.005234207734665319,-0.008941515225237562,0.004784697746138766,-0.002132941196896998,0.0,-0.0031433574744478276,-0.0039621922059283055
2018-12-25,0.0,-0.050106143004702286,0.0,0.0,0.0,0.0,0.0,0.0,0.0
2018-12-26,0.049593807154098,0.008943533374330626,0.0,0.0,0.0,0.0046761596332149935,-0.0065468921661920865,-0.01313862219648576,0.0
2018-12-27,0.008562629168861635,0.038834670146416395,-0.0151525802461564,-0.012247039121925707,0.01882813353234547,-0.003746607523378409,0.0038068457446369663,0.00021203051267004724,-0.0067247843975645205
2018-12-28,-0.0012415472330372657,-0.0031303511073522694,0.02267232424354715,0.016739521202712604,0.010198958843629535,0.0009971546084599492,0.028399886730899215,0.006211670051862406,0.0009937642470940755
2018-12-31,0.008492440882795549,0.0,-0.0008672447308200049,0.004985719212597939,-0.001401405366936892,0.004368637562516264,0.0,0.0,0.01338995145897548
2019-01-01,0.0,0.0,0.0,0.0,0.0,0.0,0.0,0.0,0.0
2019-01-02,0.0012685242435728217,0.0,0.0009066412212606068,-0.0027453671928621137,-0.015699383678095646,0.015150478130905531,0.035557485806247735,-0.015207933210520164,-0.027677718150408093
2019-01-03,-0.02475667621502542,0.0,-0.006172940336163113,-0.012869256108887561,0.013611611163140358,-0.0053658358870851686,0.006064454357877613,-0.008109452736318357,-0.002625908513013031
2019-01-04,0.0343356931888279,-0.022623792329364845,0.02162966593252902,0.029509317484922137,-0.00249405111118417,0.009770879871525917,0.0030201743584421514,0.008301148618147236,0.022409109987248765
2019-01-07,0.00701043468644591,0.02438457087122159,-0.003881581064202555,-0.0026990154018113888,0.01135966672331623,0.008928720745879248,-0.0015433229613986965,0.01335654769307304,0.008181915029366715
2019-01-08,0.009695296290921585,0.008237449329980606,0.007446908475850389,0.0070212681794807885,0.006906333750294147,0.016544490150393942,0.00362937238717298,-0.005807275047862159,0.0015385687246716184
2019-01-09,0.0040980263439003295,0.011038386382129506,0.00656260930395236,0.005008281668379633,0.009759824438495546,0.0024160097852989892,0.017180789348384184,0.019473946683651988,0.022680571738848965
2019-01-10,0.004518445159692908,-0.012887806664297341,0.005247132103500585,0.0017881338266716451,0.002938759207094188,0.0004783716668341764,0.002060503536686742,-0.0006925912113564525,0.002233742166219743
2019-01-11,-0.00014634296629478794,0.00971543062319613,-0.0035561662540130046,-0.0018499673248302262,-0.0035696352370123696,-0.0025839870205259796,-0.0015736745001088126,0.005956535225466242,0.005498949340212889
2019-01-14,-0.005257562801876614,0.0,-0.00912956875941362,-0.004840327813318446,-0.00020971211254550148,-0.0036304894996361803,0.008710599198298752,-0.005323838752728238,-0.013834936984550628
2019-01-15,0.010721711756711327,0.009606723085310742,0.005835139795361544,0.00421251775672804,0.007134825194011318,0.004738469394197642,-0.004428831469525107,0.015819657838141543,0.020227900402801202
2019-01-16,0.002221966823736654,-0.005474989649866369,-0.004690341724897129,0.0029888691514152743,0.003541968065017276,0.004951653096692432,0.0035867037113745948,0.004253330663080979,0.0026764526212723627
2019-01-17,0.007591452926111408,-0.0019801641168629702,-0.004045066941777864,-0.002557503200941058,0.0025526296712738983,0.00256871764713118,0.010149262016798444,0.0004558188120222795,-0.0054445563729225155
2019-01-18,0.013183052853609212,0.01292993377697682,0.019518882444856667,0.02136282926352484,0.0050495260385630125,0.007043826050616042,0.007820151819974086,0.008172524750125865,0.012527456838056228
2019-01-21,0.0,0.0025771711796196417,0.000324324479466398,-0.0031420259528153194,0.0018346504877717607,-0.004804986444866155,-0.0009051294658768416,0.00015534675278217058,0.0039027995102398627
2019-01-22,-0.014157284018107563,-0.004653625382674109,-0.00992742364706567,-0.003926312050610115,-0.00536349006965775,-0.0059251910560684795,-0.009440601722095598,-0.003219414386640418,-0.00702626142884355
2019-01-23,0.0022028941471379238,-0.00141541615610985,-0.00847800225751627,-0.00021524029812391987,-0.002571521618464412,-0.0020199652349384145,0.01529956138257127,0.004726670034989722,0.00010183129701601956
2019-01-24,0.001375677416909804,-0.0009269816235241146,-0.00349706556303786,0.004556364933341328,0.0037595902063787268,-0.0025998364914386896,0.011586457193479394,0.008107041141471427,0.0041757688405743565
2019-01-25,0.0084887201825663,0.009668703641329213,-0.0014269059019349495,0.011812648137900617,0.006804482744746876,0.0016643670963507606,0.0,0.015244542034376973,0.016526320214092616
2019-01-28,-0.0078468605052614,-0.005996083483042924,-0.009122924505303054,-0.008209936647235017,0.0,-0.0002857560573639173,-0.022864191731969297,-0.00019745331147558165,0.0002818363542780311
2019-01-29,-0.001456209694195909,0.0007574216669088418,0.01286923270738538,0.005147787726271558,-0.00532358666046906,0.0016950842556584522,0.002047800236117725,0.002783263675194103,-0.0016419503817679537
2019-01-30,0.015549242424242493,-0.005231158152283255,0.015759599527650936,0.0026384052869581343,0.002133749710171662,-0.0015729941121416235,0.014187468690966432,0.010460940935072438,0.004037893800886705
2019-01-31,0.008597377892989533,0.010553818881971377,0.003921269211986322,-0.0007306103601181224,-0.003745052406271654,0.008172562120456472,0.004098407556336392,-0.0006119118846885652,0.010838969209036042
2019-02-01,0.000898635405495396,0.0007172603159122382,0.007371374043062984,0.0037000344998940893,-0.00031084527748781454,-0.005675873887251992,0.0048004111968591445,-0.0006304283738122196,-0.0004197910921975856
2019-02-04,0.006776204217207926,0.004588137898124955,0.0019814193857172757,-0.0018668483059612884,0.004838959199062742,0.0,0.007432562442731383,0.0,0.0021291952880588827
2019-02-05,0.004708481505539597,-0.0018828018121248569,0.020363570192760028,0.01574624036395811,0.0194720906653838,0.013691213667115898,-0.002814016180162082,0.0,0.0
2019-02-06,-0.002224495014062744,0.0014205220094558602,-0.0005963187072701714,-0.0007122772967054214,0.0033685125413862593,-0.010855694215453848,-0.037387703537338446,0.0,0.0
2019-02-07,-0.009357119061652264,-0.005881941510180733,-0.011084483813809665,-0.01929499649832689,0.011005043687955851,-0.00527273593748967,-0.0024301644719846305,-1.815326804210926e-05,0.0
2019-02-08,0.0006762624489569102,-0.020148636614223392,-0.003157784926651974,-0.004805189858954728,-0.003447866085051987,-0.010180047702497919,0.009930661944912433,-0.011967759210681495,-0.0015680482568726228
2019-02-11,0.0007090417596054,0.0,0.008192409187716798,0.009564296694114738,-0.001747356236343811,0.0024249399902041002,-0.009756238259507,0.0016903608093519207,0.007067835765138364
2019-02-12,0.012890250202966858,0.026116931103217,0.0005652879531947708,0.007941597354064411,0.003007664437771007,-0.003959093601594743,0.01859374952006032,0.004466394280814079,0.0009767679179528699
2019-02-13,0.003023976857468691,0.013433051143561192,0.008089004281424339,0.003641777011674341,-0.0025512092458758184,-0.019245118557194907,-0.0033898869067178206,0.005026318552639575,0.011581277845241988
2019-02-14,-0.0026516238471793185,-0.0002255907924905154,0.0008580360569836465,-0.006154816588963774,-0.000690022658272782,0.01043324600334028,0.022669403103428243,0.01106982575358395,-0.0022998436008098144
2019-02-15,0.010878709851296353,-0.011309521275362777,0.0055120112380002695,0.018409129470317254,0.0011085283407474833,0.006167317570278108,-0.004990864161834585,-0.013370173192263524,-0.01868349274850034
2019-02-18,0.0,0.018239641580181987,-0.002378162361746039,0.001092171230235195,0.003912561971427531,-0.00017237079866538885,-0.010417949445434616,0.006739250212878245,0.015991274814665113
2019-02-19,0.0014987750396311394,0.0009773586412835655,-0.005582127219865174,-0.0016580425851904224,0.0027985975320188317,-0.000740089122458043,0.01190820961457928,-0.00237913238560028,-0.004193740362740117
2019-02-20,0.0017771318387196366,0.006048073831190104,0.006887982872671783,0.00619865963246391,-0.0017011963066567715,0.005320201632149413,-0.011410502753710139,0.010940184890484872,0.010128903331534822
2019-02-21,-0.003526412180845262,0.0015276585995653846,-0.008470496443304443,0.001291613105117717,0.00701370788765332,0.009255639446014152,0.0040132659642708735,-0.0004933266360507282,0.004063610746281254
2019-02-22,0.006411088047050706,-0.0018039314711033594,0.0015640281887827623,0.0020988448693202155,0.0045712431601976355,0.0036950142320695267,0.009835011601399657,0.0008256082130069231,0.006509972783717233
2019-02-25,0.0012317960947767492,0.004794284943508975,0.0007160170506783636,0.0028924798581277944,0.0030822174908262667,-0.0016994119161400922,-0.0065964758861365436,0.0009235597399686046,0.00496246915808074
2019-02-26,-0.0007903837831845228,-0.0036621682321306137,-0.004540810218632618,0.0028384059804695827,-0.009364368683039803,-0.0009387525240855954,0.003728921975444388,-0.0026695811086824284,-0.006465625895653471
2019-02-27,-0.0005440423780378456,0.004994081416767493,-0.006141695286892124,-0.0019912930332105505,0.003570105105891619,-0.007155802375517273,-0.003024410235393571,0.0036782538399353637,-0.0005081318473547647
2019-02-28,-0.0028255466662847617,-0.007948874841057219,-0.004568606483566051,0.004718576080566139,0.003044093999125197,-0.011252983640713476,-0.017706377866164358,-0.0176079184173904,-0.004320968764952582
2019-03-01,0.0068953381050032014,0.010172007130178073,0.004523140812440873,0.004196151910401236,0.0038484407177055147,-0.004777016518851651,-0.010259001604342233,0.0,0.006251139412387863
2019-03-04,-0.0038806002090102654,0.010153828064930925,0.0038920853894830465,0.0015156547205701365,0.003984508939752551,-0.004710080402672845,0.0,-0.002177240097657074,0.0051165878862995395
2019-03-05,-0.0011314768996100177,-0.0043882240157200325,0.006873748141046354,0.0030357659656570224,-0.002913754413414682,-0.0068267399428879605,0.0,-0.005217605653090818,6.940705997560137e-05
2019-03-06,-0.0065241159285216455,-0.005959142568354947,0.0017498604427133024,-0.0007573958806079695,0.007472304901914528,-0.005240107090356716,-0.004089478482618314,-0.001665725967428866,0.0026241644108060402
2019-03-07,-0.008125710368218741,-0.006519481349329004,-0.00534324624791549,-0.004758366995822216,0.0029252523570537647,-0.006354611215241057,0.0013086828293065178,-0.004509100937672317,-0.0088901975369865
2019-03-08,-0.0021317385309919112,-0.020061977972605227,-0.0074382994180969275,-0.007631050062710587,-0.009598515936994345,-0.0013241489809288076,0.010861544981316085,-0.013089911764298412,-0.0191466480422664
2019-03-11,0.014666049353461608,0.00473376214474186,0.003703385691221195,0.006346692654403796,-0.003799469386393306,0.006960638858096502,0.027911436970749604,0.0003087805973500668,0.009737704058534025
2019-03-12,0.0029533287823806376,0.017921817137820373,0.002879132529850059,-0.00014828533730382176,-0.0008684199029478368,-0.0032369244847366696,-0.0020258782767373917,0.008923810860109516,0.014649882645167311
2019-03-13,0.006949618845646821,-0.009926203363236574,0.0011242946938603282,0.005902026362384349,-0.00220848435655574,0.004598398394657144,0.010997359345782609,-0.004065492912042612,-0.003921735411140714
2019-03-14,-0.0008680432029370966,-0.0001512430108819851,0.0036652191099832976,0.005590576058012164,0.0029867626135617886,-0.003690449617194891,-0.003025260485230774,0.003383897859347229,0.0015252998790242778
2019-03-15,0.004984902865607044,0.007696239304515018,0.005963456605937223,0.013180611783855767,-0.000714448924426625,0.010355976055231197,0.005395991893690333,0.00947728790915181,0.005575814544810376
2019-03-18,0.0037059607153993035,0.006230522333613875,0.009810079299639618,0.0005493077540992264,0.002486570011884792,0.0,0.008646441268897798,0.0015532303054530683,0.013675253151598676
2019-03-19,-0.0001306063665308388,-0.0008177164168733375,0.0033990072871099564,0.006216166756199959,-0.0009267383977586974,0.003983609749810935,-0.0040557465893926725,-0.000857998889648437,0.0019473623899615156
2019-03-20,-0.0029443226469249018,0.001950678935495942,-0.004504369197160019,-0.010742153124083331,-0.0031435177033467543,0.018348879304913357,-0.015533942366965148,-0.00023879281049954404,-0.004931399552301707
2019-03-21,0.010852515552911779,0.0,0.008819079935427299,-0.0014767019137819082,0.0002947116213534162,0.0022008420109180804,-0.013385063876606318,0.003573561159340599,-0.008506198805837584
2019-03-22,-0.018974527826038257,0.0008524257575113214,-0.020083449915775153,-0.018313832630516114,0.004550874745385514,-0.02217349395473278,-0.03095170552640436,0.0009474204532970987,0.0014378313375684737
2019-03-25,-0.0008390729493592541,-0.030065186009930023,-0.004163666357270612,-0.0015881514824259702,-0.011141148547786361,0.009723315148717715,-0.000780283596921727,-0.019245981846864213,-0.02026595350038618
2019-03-26,0.007182778484540853,0.0215129729500394,0.002606728173005335,0.005771887725421809,0.0007146343334623051,0.002875182245527297,0.01756112216682104,0.0018369497309846938,0.0015271698450567417
2019-03-27,-0.004644380264399728,-0.0023174862880506186,-0.00029181703349923094,0.0007561311390467118,0.0008780560690100359,0.002834482475197353,-0.03571014120500515,-0.0014798957557707881,0.0056477931984944
2019-03-28,0.0035895443381801506,-0.01613613156628113,0.00557950234842286,-0.0005267847467218534,0.006536373786642846,-0.00012387202529595687,0.02704513652378493,-0.008165471984787565,0.0016346279359167326
2019-03-29,0.006734293751598397,0.00817970728961459,0.006200988895999959,0.009463028831818932,0.0007533907440935295,0.007895491221578288,0.010865785758373825,0.005906677317795372,0.009596802247490155
2019-04-01,0.01156858594411525,0.014298911477562015,0.005246462861939305,0.010045618505180931,0.005861442602824729,0.00902884572729823,0.006706524319403995,0.01289783105289466,0.01757783456609263
2019-04-02,1.7438676892522764e-05,-0.00017295061655486776,0.010077377421973344,0.003048402247310511,0.004085759613341455,-0.007956345544496868,-0.006951161554722418,0.004104635932628442,0.0021192733108224004
2019-04-03,0.0021484075277968806,0.009667379823866673,0.0036746798861335694,0.011738375003681245,0.006838118916563607,0.00034991675628104346,-0.009385788971131848,0.011983391359465134,0.012210093817078826
2019-04-04,0.0020846384074615365,0.0005406846799713705,-0.0022026669254867626,0.001854137316769311,-0.00832054371598867,0.01378965037869384,0.0192777168904541,0.0014796189300450013,-0.0016697575133252096
2019-04-05,0.004636398681665099,0.003799778595577896,0.006070030289356598,0.0016095620770903984,-0.008261520474666884,0.023953857978364246,0.008255474387377948,0.0013958568430973983,0.0
2019-04-08,0.0010474498226595852,-0.0021024876762580913,0.0006741087195023532,-0.0027295378930055625,0.006486219069610222,0.009922680355084479,0.0026889601564934473,0.0004480428672932746,0.004704319034537274
2019-04-09,-0.0060674708281390766,0.001881291170476418,-0.0035319898710260977,-0.006061557971646869,7.458185937725403e-05,-0.006264817454245897,-0.011066117458594982,0.0013390029856148455,0.0026711307421081187
2019-04-10,0.0034778681120144483,-0.005275520018493185,-0.0004928914547973617,0.0021742820187169443,0.0002777324176734819,-0.005370570231905236,-0.0035136951966516783,0.004892571242703925,-0.0012577306665774168
2019-04-11,3.808587325715429e-05,0.0010978638916210315,-0.000533555378602002,0.003121486867271095,-0.003996436756934729,-0.007327906969494369,-0.012493036988247996,2.2478072640330637e-05,-0.009299936652461094
2019-04-12,0.006609378462220095,0.00733163898379563,0.0025761834469093525,0.003635739111703673,0.008493916116226297,0.002377969517755041,-0.019837538401789034,0.004050457643271832,0.0023562766740001795
2019-04-15,-0.0006294261903205811,0.01365077071643328,-2.5547729882613446e-05,0.0007627986298628375,1.8236139773808446e-05,-0.0013489665457191435,0.0022392462987887995,0.004222167498712848,-0.0033112937047973245
2019-04-16,0.000509364739569973,0.0023704154113539655,0.004444073918194125,0.0037386319505225973,0.004160803348094211,0.008595480011778012,0.013432532288129684,0.002563668140961539,0.01070588030077757
2019-04-17,-0.002273774879087531,0.0025340141105569813,0.00018741833915214556,0.0041491499584218605,-0.0033567781047330048,0.011462726863923356,-0.011115479781214077,-0.0012185197208968157,-0.00017225431108724987
2019-04-18,0.0015790653174507785,-0.008432096820311874,-0.0015311885985340723,0.00618219355729166,0.0005496792392272187,0.0,0.013866253594504885,-0.014301679957611446,-0.005358397168036322
2019-04-19,0.0,0.00499952014746885,0.0,0.0,0.0,0.0,0.0,0.0010750891013973085,0.0
2019-04-22,0.001012037741434657,0.0007810613786318754,0.0,0.0,0.0,-0.003164614657040099,0.0001036178927378284,0.00022561649707819598,0.0
2019-04-23,0.008841219132246891,0.0018831662758407308,0.008470645640412444,0.0013202904639020296,0.0095213676442516,-0.005132078864340861,0.014115735114981875,0.001741366476439632,-6.674841120934971e-07
2019-04-24,-0.0021917864252406494,-0.002683768992809532,-0.006821683169238035,-0.0003481884213079045,0.009926073876751484,-0.002281148002849176,-0.009151171290711302,-0.008772759411126319,-0.005253437211730105
2019-04-25,-0.00036894696387390624,0.004845945945946006,-0.005034965034965033,-0.0030577023550875104,0.0,-0.00041402738086282476,0.01585136707782797,-0.004784123796586215,-0.00858993022506005
2019-04-26,0.004685305365033532,-0.0021898386109117096,-0.0007990175044020331,0.002431327178171294,0.00054871842440396,-0.0011484302195942098,-0.0032727432038457405,-0.005108422734535489,0.0018683713595353257
2019-04-29,0.0010714723049920494,0.0,0.0016787400429985055,0.00043709165497762825,-0.0040955918946962155,-0.0004055589142137883,-0.0005017870643887479,0.017032914087486306,0.009721327572596694
2019-04-30,0.0009514004274504551,0.0,-0.0030158614961575125,0.003620850157341371,-0.005350583765089456,-0.007994576117969499,0.0017214250255359609,-0.0057930997144054475,-0.006479819060168701
2019-05-01,-0.007502130129708795,0.0,-0.004443114385930813,0.0,0.007971428508191991,0.0,0.0,0.0,0.0
2019-05-02,-0.0021239991380873624,0.0,-0.004596994554017075,-0.00730946731083304,-0.005878552779071233,-0.0063880520174754984,-0.008569605222777499,0.004156853135111271,0.00825176242655079
2019-05-03,0.00963832295922562,0.0,0.00398976508948734,0.0038837121982957523,-0.00041145978611667466,-0.0007941338355852423,0.005027551194094482,-0.00742514970059871,0.004587535875084869
2019-05-06,-0.004471014787957861,0.0,0.0,-0.011286288572668557,-0.008219167271694139,-0.0036257905867664864,-0.010407790443056286,0.0,-0.02897889237755369
2019-05-07,-0.016511677868827124,-0.01505072391821094,-0.01628178586138873,-0.017843168396887044,0.0019023747856565798,-0.012084086071714406,-0.006524984143550738,-0.008801085452029067,0.005244811505171976
2019-05-08,-0.0016053813214057522,-0.014647605424626842,0.00145031933194395,0.004733679097719712,-0.004214477898253799,-0.003965942227338259,0.012796866744578583,-0.004124961529450966,-0.012254189112700264
2019-05-09,-0.0030214418181440106,-0.009279442881617417,-0.008745702104249742,-0.0194746668383442,0.004176485920091899,-0.0050075165730876225,-0.008250920194764144,-0.030442664009852405,-0.023863918464169465
2019-05-10,0.0037203210344445292,-0.00267309842525032,-0.0005716339156507377,0.0030859131348282,0.0024657964659193787,0.004375209522945012,-0.005804266207914299,0.002868682832146252,0.008447932204611153
2019-05-13,-0.024130630943291487,-0.0071979656049308005,-0.0054988762079549725,-0.011981374867972794,-0.0021011426032491176,-0.005529438937595277,-0.02685216973577509,-0.013771085937648087,0.0
2019-05-14,0.008016017810211773,-0.0058538228931900305,0.010877091104013692,0.013129445491721903,-0.009158897559575219,0.0067003596920527375,0.003989030873725374,0.0013612248137333527,-0.01499882312723122
2019-05-15,0.00583895766667486,0.005759181439610295,0.007643338488731777,0.006360755919367023,0.007098015629384502,-0.0021346243155605515,-0.005092709021500608,0.005254966760173785,0.005216197129509048
2019-05-16,0.008895249319527565,-0.005926783132029767,0.0077511837137433925,0.015588726969856248,0.0069429636593592026,0.0023918510010194627,-0.017451538601912397,-0.0119888378138171,0.00022498373643520253
2019-05-17,-0.005837319908772343,0.008883358385185725,-0.0006649885564853353,-0.0037573868130845733,0.005920508357123655,7.227948312338306e-05,-0.00035257080658190887,-0.005750378441642501,-0.011621898725626467
2019-05-20,-0.006749360908960611,0.0024301073548393948,-0.005135658123565978,-0.016306442007916644,0.017407037752664944,0.0016940718074687222,0.021706864543391546,-4.377857768267379e-05,-0.0056840830645454865
2019-05-21,0.008495790833841,-0.0013745362465864552,0.0024675552053925465,0.004964715797470376,0.003712265097821188,-0.007562635543559848,0.027607886743322485,0.0026949326510061766,-0.004691659340259835
2019-05-22,-0.002824365652362215,0.0005133400243035879,0.0007190691125020798,6.201074262279782e-05,0.0016261185718895454,-0.005739046679678839,-0.0013120652533644694,0.0017513644633111447,0.0017608409226661514
2019-05-23,-0.011914139769699683,-0.0062128318964524976,-0.014064266128911207,-0.017574526385411238,-0.002905519842610227,-0.0030194053732189863,-0.004775613057390715,-0.00255223114400005,-0.015838119912192083
2019-05-24,0.001353534780883292,-0.0016036960655547716,0.006456885869805751,0.007062995912479053,-0.005507106356116731,-0.004554036349604829,-0.003005323286554118,-0.006933418787234413,0.0031833199900392906
2019-05-27,0.0,0.0030951043745341966,0.0,0.003981257647655667,-0.0006428086058286597,-0.002960513966060896,0.013206013598525246,-0.0005378157834263764,-0.0024069667502987224
2019-05-28,-0.008375618352052028,0.003661499213032382,-0.0012064201337504965,-0.004512431481195178,0.005105788332199657,-0.006677111125702351,0.016112603009036608,0.00226004177652972,0.00376427958131198
2019-05-29,-0.0069119572935958384,-0.012077531004029196,-0.011507851890575571,-0.015243993478377793,-0.006909813433957912,0.015329900627160331,0.001802936237119912,-0.012451008624434379,-0.005662483146719688
2019-05-30,0.0020984398243635294,-0.0028966780092909428,0.0045732258917512425,0.006167729493209206,-0.007438013449013958,0.011458939790804923,0.009224829922990896,0.007650791767985332,-0.004436454933614664
2019-05-31,-0.013195355808466647,-0.016298890344194294,-0.00782055260620429,-0.011367780238988656,0.0007396601286739912,-0.013765110453556884,-0.004381813749110286,0.0014420247204238734,-0.007884600632567795
2019-06-03,-0.0027652013400870645,-0.00923781587374306,0.003224090335967267,0.006032745707117648,-0.011928209074055562,0.008403907819475087,-0.00010141160000309846,0.012788112100463378,-0.0002687623438306641
2019-06-04,0.021432345278653342,-0.00011464473849243095,0.004104498385480326,0.01008114610541111,0.0018689829207900743,0.0030945230653316447,0.0037084953609793914,-0.00042556278260030833,-0.004920825794437866
2019-06-05,0.008161896642135735,0.01801010753341492,0.0008219797097150927,0.0019379089182809395,0.004130843415009355,0.004129335906768006,-0.014186958591616228,0.0010353319109617232,0.0050042000603851555
2019-06-06,0.006135555437609463,-9.915239144964172e-05,0.005488752420286458,-0.0004610847467776402,0.0038441329359453213,-0.006277006327443324,0.012563705256579016,0.0,0.0025967227158210093
2019-06-07,0.010497663083042452,0.005327321984553768,0.009929957230521147,0.011972765478176717,0.009545408684742629,0.0033257755952036394,0.006341350251556355,0.0015562246569780225,0.0
2019-06-10,0.0046600819951694294,0.011956594082465077,0.0059465843964898735,0.0023887188534148507,0.0,0.00734188577712902,-0.003624672182713562,0.013106020759241943,0.022746287077308303
2019-06-11,-0.00034987685027698667,0.0033055082656634482,0.003106213239979727,0.00432606416749115,0.01589117260189954,0.0023960556919566667,0.015321234362221547,0.005868091774669182,0.007639970643947613
2019-06-12,-0.002037619727485618,-0.003516271243352631,-0.004167089052436679,-0.004254505895151528,-0.0003896861933920803,0.0019787864937412802,-0.006458367016976552,-0.0014489939909366756,-0.017304477184416744
2019-06-13,0.004097449858325275,-0.004624765496182737,0.00012894258933004998,0.001142728907497892,-0.00020508143505670873,-0.007236503245650394,0.004605532415901781,-0.0026556016597509835,-0.0005035069718322127
2019-06-14,-0.0016115422390061696,0.004036230505895855,-0.003092866051350507,-0.0033357911812417207,0.0017725910980681547,-0.008107728961989857,-0.007427483226810416,-0.003680193994722303,-0.0064613252897722795
2019-06-17,0.0009317695307899942,0.0003366973072265189,0.0015696086732792658,0.0011896342022792439,-0.003522125506008167,-0.0038473799954324983,-0.004251425386724517,-0.0022334531189599494,0.004012412259595477
2019-06-18,0.009717372571954597,-0.007161995834122359,0.011652356635781125,0.020595824675382124,0.005984768132725193,0.004569796933343806,0.018245038963566662,0.0038168486605156815,0.009975700734119908
2019-06-19,0.002985176934281464,0.01722047365361945,-0.005306971345041767,0.000524198569893608,0.01189193483895501,0.004972538897918266,0.009043966770481582,0.012421916320025206,0.025578234953781642
2019-06-20,0.009472195075278522,0.006046254148919239,0.0028229738746599065,0.0038729846296350345,0.005909030946902538,0.0062117772474754585,0.0,0.003063846610001919,0.012349772038575901
2019-06-21,-0.0012592326804730103,-0.009515041331863539,-0.0022816535657907977,-0.0003344790200917602,-0.005477454435668827,-0.0027123313470855948,0.01704029973061738,-0.00266036062666275,-0.0026871749392216593
2019-06-24,-0.001731933325650914,0.001286535733236116,0.0012406344920687928,-0.003273799222364482,0.0022033495905668943,0.0049852125349181264,0.0004871947190836501,0.0003340201917558794,0.0013798693601922984
2019-06-25,-0.009496324715228988,-0.004330547933171114,0.0007739301494333883,-0.0032440378866583908,-0.00111155502632454,0.0011075875577111205,-0.019295077614359113,-0.0022056783283874726,-0.01146915442079055
2019-06-26,-0.0012339839170762978,-0.0050590243094564835,-0.0008137496749717199,-0.0004093648747518497,-0.0026348642571044634,-2.055161915870407e-06,0.00595076578781728,9.898003431318969e-05,0.0012772307366994973
2019-06-27,0.003823212459416858,0.011930805312760251,-0.0018958010568485006,-0.00016555570077980697,0.0038894749404598805,-0.010858584474635724,0.00035098302559077865,0.005876947003794042,0.014153507301755575
2019-06-28,0.005757422425228809,-0.0029173073417261275,0.0031476575618758496,0.009095451402808541,-0.007131528327577796,-0.003587311642475721,0.0024148174461351424,-0.0017335732223847655,-0.002753182756131567
2019-07-01,0.007672277820080398,0.021341027791042855,0.009678640061516752,0.006880291563150509,0.004425443269536977,0.006419427462230454,0.003689316926685171,-0.00041302531657461117,0.0
2019-07-02,0.0029281490252435205,0.0011182712171253772,0.008228076025341702,0.002970616910501267,0.0007745113125432468,8.195543834199626e-05,-0.007247899885237441,-0.003624855616178424,0.011664661478168581
2019-07-03,0.007672358989710748,-0.00533734296761057,0.006631662916264824,0.009307350669045977,0.004846831876092139,0.0009536897642363762,0.014292501779232136,-0.01225247641398286,-0.0007071724323268747
2019-07-04,0.0,0.002971139875109552,-0.0007543381011706485,0.0009941733533298525,0.004870570592086398,-0.0005001928329610994,0.015612030602754956,0.006063873436322087,-0.0020575190416680655
2019-07-05,-0.0018058494836139527,0.002024195424940478,-0.006633717275283391,-0.004562447977653372,0.004951309321599373,-0.001292178729302429,0.004373954274664582,0.0008820474882986762,-0.0007271901393850477
2019-07-08,-0.004835457345313876,-0.009750128527138857,-0.0005123696899567154,-0.0011961519056229442,-0.011706513901651894,0.004233812813728699,0.00423385644085128,-0.021993850060883502,-0.015400264745265346
2019-07-09,0.0012365799156572876,0.0014302730289050825,-0.0016955281768965547,-0.003975866687856211,-0.0009830267151260674,-0.01767483560679961,0.0,-0.005881298536457691,-0.007603146864871069
2019-07-10,0.004510627158405667,-0.0014685731376782307,-0.0007669373061924833,-0.00234489636013957,0.0036153791107329525,-0.00030477366643433257,0.0123112746364209,0.003289425593193007,0.003144441583310398
2019-07-11,0.002285278994477169,0.00511064630519531,-0.0027713263990417625,-0.0013679773355571578,0.003938688658388312,0.0017850463992918897,-0.006338295039270747,0.010588795305957799,0.008052206920196703
2019-07-12,0.004620138604158219,0.0019576289080387443,-0.0005126620877730081,0.00025738332670810493,-0.002917152250720312,-0.005473389546481244,-0.011796885104958355,0.0029222620615405592,0.0014005444607798623
2019-07-15,0.00017585947169163063,0.0,0.003430602573684771,0.0013123171976452408,-0.0065045462982639135,0.009769432116585985,-0.0009941678055165326,-0.0020032012881829875,0.0029243155113760633
2019-07-16,-0.0034037753375577573,-0.006946910204326362,0.006038461334197276,0.005465104990548975,-0.0018020471700763707,-0.0018340166194693586,-0.00026299893933401375,0.004509046905612379,0.0022672131698679987
2019-07-17,-0.006531204644412147,-0.0030679931739822086,-0.005508631156627697,-0.005617147920121801,0.004857099834362444,-0.010083291904123715,0.0007718592267531577,-0.00905888033195168,-0.0009241911667590141
2019-07-18,0.0035819355184592006,-0.019699867437880658,-0.005622748976173986,-0.005354725581023456,-0.0036175743894735213,-0.021936456353871092,0.00829132785456732,-0.0030729598826775284,-0.0045993501245227275
2019-07-19,-0.0061767347442999165,0.019991694478443733,0.0020832527034908566,-0.0007608754949279817,0.00770508556401861,-0.00027800397471200444,-0.012077359272550936,0.013457211294185978,0.010671900374047194
2019-07-22,0.0028287212634507952,-0.002338474094412013,0.000829704209783344,0.0027987058140670484,-0.001359481829821596,-0.009547056784822816,0.004809964824232349,-0.0004870222884317821,-0.013701877950593522
2019-07-23,0.006847502370160408,0.009529439285719254,0.005579559623309693,0.01230687236383643,0.004989958509920012,-0.006648496019832528,-0.0023588377048470166,0.0038741914834663493,0.0033562132947215773
2019-07-24,0.00468811866363672,0.004102053200424782,-0.0073310872505246705,8.49167956928909e-06,0.007739760138368856,0.005677246115459278,0.004003691264489406,-0.00911275547835999,0.0020220273107178777
2019-07-25,-0.00526235610486292,0.0021640225946437663,-0.0016543446209137391,-0.0064394689914800685,0.006102551192517236,-0.005691592494511455,-0.014069410629132806,-0.0037554627095039983,0.0024631854393697417
2019-07-26,0.007387629133693174,-0.004522775899671538,0.00801303236057982,0.004079597737988383,-0.0036140943372344747,-0.006343226062414109,0.001600512787541808,-0.003962438779838706,-0.006874097285123226
2019-07-29,-0.00161606948107329,-0.0019092120056423134,0.018220811597735143,-0.00025252023708521865,0.004770815386961447,0.0148225711994312,0.006455038908216304,-0.01780027682866636,-0.010258914969994204
2019-07-30,-0.002578641959370631,0.004279541837829859,-0.005183039077044316,-0.01723531181355331,0.00282531068162295,-0.002844221687456905,-0.0053129704897249,0.00453318091333732,0.0014263650178019116
2019-07-31,-0.010885509660889747,-0.008649745201482761,-0.007845142458842158,0.0011551178942201812,-0.004751293738877838,-0.007195948810559627,-0.010887685946559311,-0.006930955324033206,-0.013101096051018724
2019-08-01,-0.008998852495319398,0.0009042108065737686,-0.0002517537084243404,0.006686184865223543,-0.003469180454924392,-0.0126346294418751,0.003082148389041972,-0.0035612852238768866,-0.00763380763380761
2019-08-02,-0.0072827367651240316,-0.021068205314611843,-0.023442722156081675,-0.03263868791958813,-0.0029982651158666496,-0.009152646554373756,0.005363967416688542,-0.009522440441373181,-0.023475551137827066
2019-08-05,-0.02977780051499812,-0.017397790883172504,-0.02473451004852123,-0.019309147779107416,-0.018950824332048755,-0.011892683688232708,-0.025088216359203885,-0.02559893500422905,-0.028502989385027044
2019-08-06,0.013017006826634425,-0.006514387588204551,-0.007220526450577025,-0.005820117006400061,-0.024428260104474186,0.007178103026473481,0.020638815238696484,-0.015141398473533352,-0.006694881940949804
2019-08-07,0.0007668897934256513,-0.0033397602465058407,0.0037661973677054483,0.005568618873152076,0.006385832861229179,0.01625536657330806,0.006055967041131094,-0.004062581486310335,0.0008003467784405416
2019-08-08,0.01876226603513209,0.003742830182057677,0.012113298234403436,0.019755346692890363,0.007468565638432123,0.00017461261227391667,0.012967200610221274,0.005707672892742766,0.0047597744819312116
2019-08-09,-0.006616543400644659,0.004441725120002404,-0.004398907478828873,-0.012336388791780561,0.0024793895509982455,-0.00044857220998717473,-0.0011429647160068335,0.008924248025367065,-0.006947344967242586
2019-08-12,-0.011957583129186489,0.0,-0.0037400828525542273,-0.0021567368781008067,0.0008857253334151327,-0.014103214940249242,-0.020010346531892487,0.0023429234937426546,-0.004417235623166316
2019-08-13,0.014762028608582556,-0.011089291567439319,0.0033459162663005415,0.009201725511415626,-0.003296983763629635,-0.009402725789254607,0.013582861045261296,-0.008474532639307197,-0.021042628922985473
2019-08-14,-0.02929276360753441,0.009762195288881781,-0.014207891434166675,-0.02039223629496356,0.004165310454168125,-0.020934226691829427,-0.02944351134323009,0.006511478167854801,0.0008298623884055445
2019-08-15,0.002464268112370549,-0.012078355352883263,-0.011313844104825499,-0.0018001033843159098,-0.028472847821479408,-0.0019640316490853182,-0.011979991621616226,0.0,0.00763488507755028
2019-08-16,0.014426183452732166,0.0006449194218267618,0.007094938311959398,0.014103899743509896,-0.0004004310798186861,0.01984151056483907,0.007559997581188416,-0.005778050630168563,0.00936480455736044
2019-08-19,0.012105875347909967,0.0070694619324043195,0.010186661795803076,0.012048373724872885,0.0096646209336686,0.0055102307982677345,-0.0033776600914295907,0.00660554076703157,0.021668424378123774
2019-08-20,-0.007914764079147596,0.00554681284394043,-0.008992092800066742,-0.005627465355174444,0.011986513973468504,0.0036335533740248227,-0.0024773629726827506,0.010490231455229537,-0.0022934872568827203
2019-08-21,0.008246825558263726,-0.002836454803885724,0.011083508771929873,0.013330428060162935,-0.009425883164702276,0.009470768928502515,0.019951674145667786,0.002244611656676554,0.001467698808381046
2019-08-22,-0.0005060815269983809,0.00045783970469326363,-0.01052058795358668,-0.006250570710685688,0.00286013297312393,0.0017017649448398675,-0.01176460125748624,-0.0069427124424198405,-0.008424806357356096
2019-08-23,-0.025946389777450785,0.004018807437072391,-0.004657570375607878,-0.011684604599738635,0.003279549319204822,-0.007028903772994588,-0.023435451793947237,-0.0013890241464677988,0.005014065950265545
2019-08-26,0.010983067039910699,-0.021721401908462723,0.0,0.004375796655919695,-0.012735908569059928,0.00551050158709776,-0.012674534791464409,-0.01641944259097672,-0.01906083921933832
2019-08-27,-0.0032031906836484936,0.00962635679116186,-0.0007611015112092279,0.00645895295087251,0.00483893533174351,0.014152083754867872,0.008779358205364352,0.004326022407648011,-0.0006331694335703908
2019-08-28,0.006545469754213773,0.001140981067731195,0.0035446387515198907,-0.0015101751387788243,0.004546904322155321,0.007207808709544183,0.009430262431125103,0.008568014132806834,-0.0018933084269174838
2019-08-29,0.012687244194824032,-0.0009028576004592725,0.009783954651700455,0.013653733010833724,0.0010391284550443913,0.021721969343920122,0.023737511015236912,-0.003956539882230992,0.0034362034207440217
2019-08-30,0.0006428273461489553,0.011897797411945632,0.003181929535432726,0.004523162520190249,0.014878457508726628,0.018914066739498914,0.006070168038804669,0.01778205347029327,0.0008259575544187214
2019-09-02,0.0,-0.00406580832935266,0.010372989158033974,0.001686724486103408,-0.0037562374937823995,-0.012065693002522027,-0.005031907972148142,0.0007114580315989993,-0.003816560951271364
2019-09-03,-0.006899120439028739,0.00024102590713281913,-0.0018882330807449277,-0.0034376875433352883,-0.0009136080328200347,-0.006689428646133977,-0.00938994710098906,-0.001777380547331675,-0.0038514743498442305
2019-09-04,0.010842075925499017,0.0011626576472618666,0.005925821972182943,0.00879634231189752,-0.0031020490623036023,0.011904400434652018,0.015249371418757152,0.011619329599275474,0.03899192450598066
2019-09-05,0.013009823744460025,0.021153423338695854,-0.005483322984000005,0.009815030007273684,0.00918021439321115,0.009616422840026173,0.010297339252911764,0.008156779128300817,-0.00029031154953607086
2019-09-06,0.0009106182795699524,0.005388898953520682,0.00153620393966869,0.0030103021780929495,0.005166210909029356,-0.000557434472197027,0.006772101757577476,0.0021848110736999438,0.006608579952955829
2019-09-09,-9.400042300200528e-05,0.005606245787060704,-0.006389429771199828,-4.863827145307198e-05,9.552709065552278e-05,-0.0010581239993013858,0.0023820765256656884,0.005186324428981592,-0.0003506831577668734
2019-09-10,0.00032231746255573235,0.0034561660760976665,0.004441797117392454,0.0011359019404753035,-0.005100508967858519,-0.0017432183368661924,-0.0014450390868051555,0.0062043524547548135,8.545278733484984e-05
2019-09-11,0.0072296678179091245,0.00961382940431288,0.009642333808020043,0.0050957562039333215,0.0036263678444816705,0.003782042401515806,0.004019159189180055,0.00842486516278873,0.017815383785145134
2019-09-12,0.0028791074766822966,0.007493832693761027,0.0009048750141387174,0.0062670253240142415,0.0025346333353468697,-0.0018423749513731824,0.008944798038775792,0.0,-0.002630061570613962
2019-09-13,-0.0007243559711188619,0.010509379533916396,0.003102930424375705,0.0031789898441871856,0.002150606789077303,0.004008632680117197,-0.008332782413488782,0.0,0.009785278372452577
2019-09-16,-0.0031356092824674775,0.0,-0.006250458095463096,-0.008918033525721847,0.0006450570070253292,0.0,0.00173138089220215,0.006353699004489455,-0.008340678741286522
2019-09-17,0.002581755593803692,0.0005925881457811144,-0.00013795156943818832,0.0007986471315495347,0.003262615606849817,0.014179722166331565,0.009032565460781461,5.334057472050624e-05,-0.012324997096725965
2019-09-18,0.0003426822370828919,-0.0018457983430085756,-0.0008674389377628655,0.0019254471410801166,-0.002040102144011513,-0.008713676329042963,-0.0008124882308689907,0.0040730629918588335,-0.0013482521993084529
2019-09-19,1.9955233758972568e-05,0.0038131736177928754,0.0057929601246915485,0.006975544494960406,0.0053702754163151845,-0.0012277590564643281,-0.0018434563994340625,0.004645704654880012,-0.010658919074893802
2019-09-20,-0.004895586322955614,0.0015713705717312898,-0.0015632603902441256,0.005274935611444986,0.0019763375410646322,0.012599302701740145,0.004583128871986641,0.005369288821592599,-0.0012573222587221045
2019-09-23,-9.69228661094057e-05,0.0,-0.0025650381488158125,-0.009637704087204213,0.0028187043587402094,-0.001277793911539149,-0.0017134559720045628,8.606181150550007e-05,-0.008067508786423705
2019-09-24,-0.00841639425358831,0.0008945115038707652,-0.004729678081593414,-0.0013910211282537333,-0.0001266718461377936,-0.00929735087448702,-0.0072832188750145965,0.004465267485777247,0.002234730611995861
2019-09-25,0.006158565361019441,-0.003560820386952379,-0.00019749212431585672,-0.005384974731388326,-0.005726292805505628,-0.0019777574216948146,0.005827156880771955,-0.013160149259414444,-0.012771584034093175
2019-09-26,-0.0024289165022262083,0.0012756498025672247,0.00837998406033491,0.005451134775393163,-0.004864517915425415,-0.0006818697505561744,0.00802442549363036,0.0005450011816396927,0.0037224396664528037
2019-09-27,-0.005316326462073695,-0.007680431635359586,0.01022026695397149,0.003878624532158703,0.005770952085792702,-0.0029584910927712427,-0.0022958733148877863,-0.011853344388099485,-0.0033453741715763208
2019-09-30,0.005047623227845355,-0.005624597214668126,-0.0024238474268839516,0.006647151059821388,-0.004134680798443591,0.003586063422152952,-0.0031624247223005497,0.006400218544047931,0.005296128155050983
2019-10-01,-0.012258376613342059,0.0059478282612852595,-0.006464449576888409,-0.014343946546386599,0.008148648963839822,-0.0017230367761750243,-0.006605546979196242,0.00454181915125651,0.0
2019-10-02,-0.01790323952044892,-0.004872233523598557,-0.03230566062345108,-0.029827328927733987,-0.01526164978631439,-0.01663500799773443,-0.02904277995721427,-0.019547196031692415,-0.00190017963174538
2019-10-03,0.007971990677411389,-0.02005959057993134,-0.006303930901054855,0.0011894612560827689,-0.022131518618686785,0.005220153044911635,0.0047965286039786115,0.0,0.0025965059677015567
2019-10-04,0.014216853396000317,0.0032077984269323068,0.01098388728446209,0.008585549706353168,0.003710155105737023,0.022938597390260274,0.01019839237164577,-0.005521898115566137,-0.011079148428341234
2019-10-07,-0.004478304612789308,-0.001632399510513749,0.005939586716568579,0.007116931798729631,0.0071323353403671685,-0.010701132508308953,-0.01929278322166561,0.0005146756800895602,0.0
2019-10-08,-0.015560826054260457,0.009942807686459831,-0.0076036277348331405,-0.011085375831115019,0.004549816090714254,-0.009711938525280073,-0.005880317541124502,0.012128226815647958,0.0028027541891242347
2019-10-09,0.009104546742895181,-0.006086776870988908,0.0032688659764950057,0.008549971451543348,-0.007082965226722027,-0.0007810013085651768,0.012676357802551275,0.0,-0.008132960522758692
2019-10-10,0.00641570185654583,0.00445555121600183,0.0027712272378426217,0.009199592156228453,5.376734989903653e-05,0.010066368766399325,0.005612906029503595,-0.008845448992058635,0.0009780861206385438
2019-10-11,0.010938930544257763,0.01145555999959158,0.008449340138818595,0.021740374818257857,0.00912330939796635,0.006634791342881918,0.01978842453772489,0.008115770529793176,0.023358940218057178
2019-10-14,-0.001387079289088211,0.0,-0.0046404896868808,-0.003826416278235878,0.0054154752817814344,0.0019655398790086043,0.004523657950976645,0.01114637999422885,0.008111845476204582
2019-10-15,0.009955666436289423,0.018732163639674893,-0.00025092015609717855,0.011919825884496582,0.0014182729436997832,-0.0012679121459285847,0.0018024651587320584,0.0003724484860210264,-0.0006756693066282127
2019-10-16,-0.0019995460129251796,0.011965032978028312,-0.0060582613663466844,0.00016672919011284648,0.012708345015271405,0.006795294583396894,0.00893103237068571,0.007088392153449696,0.006050046162965117
2019-10-17,0.002762828253096483,-0.0009371278854727327,0.0020047572876484843,-0.002953393068000354,-0.007698162098868755,-0.0013438683794498862,-0.0038606449458751246,-0.002347767220560404,0.006908493310151309
2019-10-18,-0.003919344885671916,0.0018181121742251172,-0.004420577195112463,-0.0025664461547892925,-0.0052358495928902515,-0.006930775957118773,-0.0027319698559645778,-0.00830149089964094,-0.004801387340591545
2019-10-21,0.006871609403255041,0.0024994798307715893,0.0018278263131470407,0.005774694712257,0.0004246818345050585,0.005252598333944425,0.012349981714693925,0.002013888551892773,0.0002282970016744823
2019-10-22,-0.0035686728395061262,0.0,0.006819158975046147,0.0013166374080577636,0.002957380885524774,-0.0009650866262584934,0.012816171692181744,0.011632862594680438,0.0022644886865366143
2019-10-23,0.002847139009142241,0.0033917397300977647,0.006689783971970842,0.000574231168269046,0.00013638716689690078,0.004218751513368257,0.0015133016890309658,-0.003944735405915334,-0.008193398093047977
2019-10-24,0.001920439870594981,0.005534492680343783,0.009297950346658812,0.004014538840940496,0.0030802812249555167,0.005284468457611213,-0.005183944000386798,0.0024223548749890966,0.008703366955586933
2019-10-25,0.004072697314876805,0.002163019876398886,-0.0005158120970217839,0.0009140187277190126,0.006808545476031158,-0.008850390391213492,0.0035303651595861574,0.0010692059108388108,-0.00487201446379304
2019-10-28,0.00558137996062924,0.0029587965864628085,0.0009297601055093807,0.00027864528730825455,0.00022050026256748012,0.008673364499335756,0.007668320234567094,0.0027348184051843027,0.008394897288410919
2019-10-29,-0.0008323956544341593,0.004673054544770849,-0.0034127737584704887,-0.0009929144521456656,0.0006988881136651415,0.001955193464074023,-0.005830639697339213,-0.0004346580053495863,-0.003886020959969927
2019-10-30,0.0032533282404039188,-0.005702501030506957,0.0033560262021881115,-0.0004969506555607683,-0.008292443848550213,-0.002495720741984231,0.007913994810159863,-0.005934944975127698,-0.004444359825525712
2019-10-31,-0.0030228734036372717,0.00367375384798585,-0.011240277296549528,-0.004386388935692986,-0.0039028432993766238,-0.009243827732031917,-0.010955884048612807,0.0015430689285524934,0.008962524341235234
2019-11-01,0.009662360578885698,-0.0033266396359931116,0.007455459012910559,0.005362874922664185,0.0008585740497233374,0.011012920054050523,0.009100930984762279,0.008025035037533268,0.007211581344734652
2019-11-04,0.00370405391746087,0.0,0.009212014647199007,0.011443977768824443,0.0026646793905320543,2.761639683623862e-05,0.005394858940659386,0.014303399676221407,0.016477028688494322
2019-11-05,-0.001185730946278274,0.01755827046528413,0.002495355978338276,0.003085771347344446,0.0015340519759181603,-0.004654033160671034,-0.0005543334071832495,0.005820940363527205,0.004940593088977874
2019-11-06,0.0007025258405917167,0.00222905652376415,0.0011599766109733345,0.003323795328190826,-0.005519682777263668,0.004738850734112621,-0.0033002511060624684,0.0007047380801254999,0.00018928310828858486
2019-11-07,0.0027301269509030224,0.001137152621329962,0.0013195162674994876,0.004863449307893841,0.009981144591464597,0.006878143506020562,0.011262437684685045,6.529393932330763e-05,0.00572761970252067
2019-11-08,0.002560628553277322,0.0026381978472647116,-0.006349905014710222,-0.0018965759115974201,-0.00037507615250065296,-0.009466703233688145,-0.01780972179382123,-0.003292465104999809,-0.007041633943483783
2019-11-11,-0.001962445200253349,-0.0025662762318702237,-0.004190570401310989,-0.0007649372237914509,0.007200059606392584,-0.002439921258022837,0.006860604483921673,-0.006148145028845642,-0.026204706207411332
2019-11-12,0.001564620781921544,0.008064944727891099,0.005035109312359509,0.004160332393787103,-0.002887254015304541,-0.011350457385607804,-0.01491500211318153,0.007923393076564533,0.005152163942280019
2019-11-13,0.0007115504036430131,-0.008509350123575565,-0.0019319959160619682,-0.003421151877592732,-0.008087255224404122,-4.8955041870302196e-05,-0.006473937973472954,-0.008627132260897286,-0.01824551602643676
2019-11-14,0.0008370932502488326,-0.007646697858950335,-0.007951072000391801,-0.0028895796729287992,0.005478208241482374,0.002088696029064474,0.004685083914765187,0.007905957737520453,-0.009324666390179592
2019-11-15,0.007695462486638771,0.006990456559737845,0.0013959049797331868,0.0061808550725031,0.008710844591720335,0.0047160505947392295,0.0,0.010728159197468168,0.00011282612734020425
2019-11-18,0.0005031309486422941,0.004867975893563692,0.0006517922918716224,-0.0018024523050643726,-0.0039595385209371114,0.0,-0.0026990274679536963,-0.0006891193147655628,0.013462778795335195
2019-11-19,-0.000592563172038818,-0.005300050049622418,0.0022031555756256704,-0.0022564589788713896,0.007004470784730321,0.0048370266102142345,-0.003812013441323203,-0.003447972638370267,0.015468258605626728
2019-11-20,-0.0037561935529359936,-0.006185642251955059,-0.008371337283923697,-0.0034302162010084736,-0.0134713897513421,5.618976084953431e-05,0.0,-0.012966506288198065,-0.007536410544109695
2019-11-21,-0.0015827773238195064,-0.004751481409002722,-0.003296390081087841,-0.0011455313419547197,-0.007364905089266793,-0.008009916362226921,0.015420699348788425,-0.01351325917979418,-0.01572094202928187
2019-11-22,0.0021749357185665286,0.003225025153460015,0.012193049712994952,0.002081714071408891,0.0055245745785348355,0.006159457899274079,0.011122201890848782,0.0025565200801298538,0.00484378967222443
2019-11-25,0.007507338543994324,0.007784836852871679,0.00948298099718703,0.005521625462395319,0.0032238031159605995,0.0003044447089348701,-0.0024693561549439247,0.010247578450588879,0.014963669972039906
2019-11-26,0.0021955297992111156,0.0034564314052274447,0.0009261399972149142,-0.0005744832347990281,0.008337334477422687,-0.015682744341291466,-0.012584863669357071,-0.0010124793972215995,-0.0029311259495040654
2019-11-27,0.00417446792250975,0.002757417431498821,0.0035984730803415577,0.0019700179460537814,0.009292187290516507,0.004289145335286237,0.006056450904824873,0.003064086548659972,0.0014891922098305699
2019-11-28,0.0,-0.0012215325946112188,-0.0017968230553259135,-0.0022543329248421173,0.0019555948448901628,0.0014861920766164882,0.0054062936946071005,-0.00434711093357143,-0.00223603175780962
2019-11-29,-0.004011250527170329,-0.0049224362791627785,-0.00942501985456623,-0.0002429490778732557,-0.002622669761850105,-0.0064951095263772185,-0.0005245170149441591,-0.014462380817520937,-0.020348237302895478
2019-12-02,-0.008631064190157245,0.010113802277075923,-0.008247431100124825,-0.020769093687729168,0.0023767177193791955,-0.00644649321885149,0.006416694307574522,0.0018965880572425764,0.0037283903852087796
2019-12-03,-0.006638042050567283,-0.006361801143245693,-0.01745553765197072,-0.004320780001433877,-0.021854731096880964,-0.0058673180372197375,0.00025888707933141575,-0.0037525335576885643,-0.002020062984217752
2019-12-04,0.006323548428811776,-0.010461162858038664,0.004154350753482472,0.013577993846562997,-0.015759440811144443,-0.002425846185274083,0.012343514813319079,-0.0072838244396782326,-0.01245637766991392
2019-12-05,0.001500276282141666,0.0071259287242875224,-0.0070459762120052005,-0.0032486161277807124,0.011570402051793716,0.0005714364266902194,0.0029138474844720985,-0.003939310451498201,0.005927276522337044
2019-12-06,0.009135730393304842,0.002330892284107211,0.0142633986424483,0.0121185374424706,0.003600803956095966,-0.006569542422629415,0.004551523517410061,0.010243892970486446,0.010730807139173626
2019-12-09,-0.00316283682622831,0.0032670503202822943,-0.0007956174737487887,-0.005459952225418063,0.003430586716954398,0.000307591868033974,-0.0013372232190904665,0.003266325623844324,-0.00013736693992871807
2019-12-10,-0.0010969527672547441,-0.0008753473007636625,-0.002784113686946088,-0.00010892712230869961,-0.0034353512802701713,0.016253019253859025,-0.0027501144379205034,0.0044765757786129345,-0.0021932663590080725
2019-12-11,0.0029082017034209873,-0.0007829923635818137,0.00034517366810082883,0.0042676848830811576,0.006818644367260207,0.01317651429875566,0.0026375234928437408,0.003632030505243078,0.007898513501347848
2019-12-12,0.008575166394515055,0.001408609661651461,0.007929326173566675,0.005125493227026823,-0.00648724342801188,0.0,0.011136955352146094,0.015069195771316712,0.013087047197211543
2019-12-13,7.258794976916505e-05,0.025540868848028975,0.010994752160935484,0.006669634546116798,0.004597820395237262,0.024522174806963504,0.0032549106637540515,0.015392893068519431,0.02569520644110157
2019-12-16,0.007147816208028068,-0.0029450820252173715,0.022521432146043185,0.011168377972002652,0.01632645006578226,0.0023001087122802577,-0.0059423497022605964,-0.0009676304573205119,-0.0064891489958016635
2019-12-17,0.00033527080167328194,0.004749847092247794,0.0008285621188846015,-0.007278529662791411,-0.00035446745790201906,0.0010131611755916925,0.006431865303496043,0.012697460969028684,0.012200774390370261
2019-12-18,-0.000432260408705365,-0.005472007951427105,0.0020557374609317947,-0.001676777170198318,0.0006040351181577641,0.01588089140013449,0.015086706382857917,-0.0004190045908327722,0.0014545475441312128
2019-12-19,0.004459221469443442,-0.00290710913107195,0.004385505420548386,4.5466702326857344e-05,-0.002671854885556657,-0.01012852087813032,0.007143438245475142,0.0008201352311869581,-0.0030024160627106777
2019-12-20,0.0049448269622538454,-0.0020205448599088793,0.001143412439165381,0.009999545353647887,-0.002457591077801413,-0.0032204218508500304,-8.859450036602379e-05,0.0034690607131149243,0.002548875937078643
2019-12-23,0.0008661314657181229,0.00018810385852230382,0.00542170899230876,2.647912385866924e-05,-0.0045743150887407324,-0.005140472083987491,0.006447123941657917,-0.00021323122431005093,0.0012579225620574785
2019-12-24,-0.0001954088231737039,0.0003975465458998517,0.0011346360441732983,-0.0006010601960462214,0.0013351233231557735,-0.0026851497599422736,0.0,-0.006185024345308654,-0.0015121973768751351
2019-12-25,0.0,-0.002002049467533018,0.0,0.0,0.0,0.0,0.0,0.0,0.0
2019-12-26,0.005128157399996169,0.005972786295346255,0.0,0.0,0.0,0.003220256728287074,0.011564490222529367,0.0035843439509057884,0.0
2019-12-27,3.395156038288327e-05,-0.003644735280201483,0.0016587528694065323,0.0020877545775608297,0.004040652321097404,-0.000872682881352338,-0.005709741713536776,0.0028572338518515483,0.012963224150263075
2019-12-30,-0.005780828513404224,-0.007597203088214877,-0.007567136260775098,-0.008936432354115453,-0.0024624530154202517,-0.01364684575831232,-0.007626100537182268,-0.0029670494190662255,0.003329268439584032
2019-12-31,0.002946024729223451,0.0,-0.005879755636248651,-0.0008856946967695789,-0.01774909237595801,-0.00266758411158885,0.0,0.0,-0.0045777822191791495
