Date,EUR1M BGN Curncy
2005-10-05,
2005-10-06,0.017222704452387827
2005-10-07,-0.0040182172296433505
2005-10-10,-0.0053265648430260715
2005-10-11,-0.00609066913790679
2005-10-12,0.0025474334607882287
2005-10-13,0.00018268343700600376
2005-10-14,0.0040897011097651426
2005-10-17,-0.004030874431026565
2005-10-18,-0.005534892988194651
2005-10-19,0.0027164816303566486
2005-10-20,0.00265833671210447
2005-10-21,-0.00577919489836598
2005-10-24,0.0027911405091201047
2005-10-25,0.009965003806106765
2005-10-26,-0.0031137979346349542
2005-10-27,0.005925265387863865
2005-10-28,-0.0059290130208032865
2005-10-31,-0.006373857999874333
2005-11-01,0.002363589892593554
2005-11-02,0.00441037959165369
2005-11-03,-0.010630222081092211
2005-11-04,-0.011069570966364184
2005-11-07,-0.0006795195019562161
2005-11-08,-0.001853034333148762
2005-11-09,-0.0015446613014469257
2005-11-10,-0.0066218533891279074
2005-11-11,0.0040211247872827816
2005-11-14,-0.0038408032162686734
2005-11-15,0.002684578662938142
2005-11-16,-0.00423032888549657
2005-11-17,0.006799334096419196
2005-11-18,0.0020902619285130264
2005-11-21,-0.004255748525030079
2005-11-22,0.0076861044666436396
2005-11-23,0.0007461847817176182
2005-11-24,-0.0029664695212779923
2005-11-25,-0.0054119382784953984
2005-11-28,0.010659668083925045
2005-11-29,-0.005847406287731283
2005-11-30,0.0007551417013655914
2005-12-01,-0.004391930230470353
2005-12-02,-0.0016280826392290892
2005-12-05,0.006092687922487849
2005-12-06,-0.0007198186395767081
2005-12-07,-0.004722869348637082
2005-12-08,0.007945982306310162
2005-12-09,-0.0005127719930189123
2005-12-12,0.012186061843122875
2005-12-13,-0.0008091364785278721
2005-12-14,0.004548706171799699
2005-12-15,-0.0018019262141997228
2005-12-16,0.0028386148293040314
2005-12-19,-0.00044710862828234443
2005-12-20,-0.012328424301329743
2005-12-21,-0.0019075342552241636
2005-12-22,0.0026230227174011134
2005-12-23,0.00020020777866092132
2005-12-26,-0.0020378417884564515
2005-12-27,-0.0015582598729120267
2005-12-28,0.0005013796380781699
2005-12-29,0.0005348744015354345
2005-12-30,0.0007630955201654022
2006-01-02,-0.002256366357055173
2006-01-03,0.016689945667319295
2006-01-04,0.008327588354998028
2006-01-05,-0.0007257145116541519
2006-01-06,0.0033937985071241794
2006-01-09,-0.005065674672941056
2006-01-10,-0.0019536830145181483
2006-01-11,0.005164311480292616
2006-01-12,-0.007556040634707384
2006-01-13,0.008808683781439175
2006-01-16,-0.001058894425430723
2006-01-17,-0.001784252000905262
2006-01-18,0.000491381449690742
2006-01-19,-0.0013234413099926234
2006-01-20,0.003146306988135228
2006-01-23,0.014296995171545701
2006-01-24,-0.0022480092710107646
2006-01-25,-0.0033170259095405275
2006-01-26,-0.002775154578474992
2006-01-27,-0.0093160565407433
2006-01-30,-0.00032770836102069545
2006-01-31,0.005453137205357894
2006-02-01,-0.007484088202685424
2006-02-02,0.0021554987559337935
2006-02-03,-0.005541877005338813
2006-02-06,-0.004740831762742426
2006-02-07,0.0011704151094500403
2006-02-08,-0.0016689955946181945
2006-02-09,0.0015841484993155408
2006-02-10,-0.006339904901426552
2006-02-13,-0.0006306555631031552
2006-02-14,0.0015893821885137882
2006-02-15,-0.002268857996970297
2006-02-16,0.00140572568699171
2006-02-17,0.0028544642512733365
2006-02-20,-0.0003411593732701723
2006-02-21,-0.002102024735804009
2006-02-22,0.00024476090129010863
2006-02-23,0.0003226366030808503
2006-02-24,-0.003348474211638308
2006-02-27,-0.0023258335637872385
2006-02-28,0.006184946845348538
2006-03-01,0.00010717978991081623
2006-03-02,0.009728035311955985
2006-03-03,0.0005024867288776491
2006-03-06,-0.002200383223051605
2006-03-07,-0.010786965936377957
2006-03-08,0.0030580218075073606
2006-03-09,-0.0012447597873107563
2006-03-10,0.0002539558016327881
2006-03-13,0.004475358296799792
2006-03-14,0.00404249373313359
2006-03-15,0.004609462691849808
2006-03-16,0.00940240282708893
2006-03-17,0.0005833540893778189
2006-03-20,-0.0019218171694344033
2006-03-21,-0.0058044471499958394
2006-03-22,-0.0014581397536594931
2006-03-23,-0.0086847579151621
2006-03-24,0.0052561727726079255
2006-03-27,-0.0017199528630083005
2006-03-28,-0.001387304749317364
2006-03-29,0.0019291192185695305
2006-03-30,0.012016552337967834
2006-03-31,-0.00402659786117765
2006-04-03,0.0017314847687825985
2006-04-04,0.01001489200214789
2006-04-05,0.002381402104426833
2006-04-06,-0.004837584359235425
2006-04-07,-0.011201098236504281
2006-04-10,0.0014906979949864674
2006-04-11,0.0029563536052761297
2006-04-12,-0.003475206794937402
2006-04-13,0.00033479648744050294
2006-04-14,0.00015827441321003555
2006-04-17,0.011555500607858926
2006-04-18,0.008065705474233908
2006-04-19,0.0027715944306230256
2006-04-20,-0.00529492037468271
2006-04-21,0.0019496715702878031
2006-04-24,0.0038141144881356226
2006-04-25,0.0036715179797224273
2006-04-26,0.0018671737844304648
2006-04-27,0.006315406563311532
2006-04-28,0.008196244887299642
2006-05-01,-0.003716529712099348
2006-05-02,0.002020563934717501
2006-05-03,0.0014635172829524645
2006-05-04,0.0046021574686712086
2006-05-05,0.0027568224672380737
2006-05-08,-0.0008868779699825469
2006-05-09,0.0034682516448492073
2006-05-10,0.0018145583896731488
2006-05-11,0.004218233260570248
2006-05-12,0.007168007363922646
2006-05-15,-0.010021682898607498
2006-05-16,0.004771900058323286
2006-05-17,-0.009080200026695184
2006-05-18,0.007904132342726022
2006-05-19,-0.005151435098133761
2006-05-22,0.006997867837143401
2006-05-23,-0.004026835227052494
2006-05-24,-0.00482495144678452
2006-05-25,0.0035032340554728147
2006-05-26,-0.004761240105767395
2006-05-29,0.0008751634565586919
2006-05-30,0.009543230654820212
2006-05-31,-0.004725346045915124
2006-06-01,-0.0005414682906039747
2006-06-02,0.00889892208921994
2006-06-05,-0.0009410724826697248
2006-06-06,-0.005508681025482409
2006-06-07,-0.003731938127125356
2006-06-08,-0.010523538631580953
2006-06-09,-0.0010239451708127234
2006-06-12,-0.004119720645509806
2006-06-13,-0.004081257220701073
2006-06-14,0.004980158982917038
2006-06-15,0.003135697756130096
2006-06-16,0.0004067297584815499
2006-06-19,-0.005158236442064257
2006-06-20,0.000327731479203619
2006-06-21,0.006372407862661245
2006-06-22,-0.006509414925147117
2006-06-23,-0.005735635521745386
2006-06-26,0.005912362335482868
2006-06-27,-0.00010947636976355035
2006-06-28,-0.001715317579704334
2006-06-29,0.008682721820693295
2006-06-30,0.010065625514607657
2006-07-03,0.0009469977674567698
2006-07-04,-0.0002930265906045948
2006-07-05,-0.006004908074937032
2006-07-06,0.004477362614610403
2006-07-07,0.002279842909454155
2006-07-10,-0.00619610348131594
2006-07-11,0.003467747751137562
2006-07-12,-0.005548438500835862
2006-07-13,-0.0011892446411332358
2006-07-14,-0.002926319812702971
2006-07-17,-0.01046660388281817
2006-07-18,-0.0010959913022131618
2006-07-19,0.0064052180144063
2006-07-20,0.0033237553360863092
2006-07-21,0.005293120997363676
2006-07-24,-0.0046033610195311825
2006-07-25,-0.004649131535595541
2006-07-26,0.011144337659308334
2006-07-27,-0.0015818998020271646
2006-07-28,0.004772866415540644
2006-07-31,0.0008455392913737647
2006-08-01,0.004542985647354003
2006-08-02,-0.00312828699640888
2006-08-03,0.001176106082115158
2006-08-04,0.005507251799503399
2006-08-07,-0.0022947177303381805
2006-08-08,-0.0008795929007838765
2006-08-09,0.002120036365700795
2006-08-10,-0.005211271868522327
2006-08-11,-0.0057019685794929
2006-08-14,-0.0004307473584360677
2006-08-15,0.005441215717672199
2006-08-16,0.004236825012178702
2006-08-17,-0.0008496982521712937
2006-08-18,-0.000321339261122211
2006-08-21,0.0054038151261681655
2006-08-22,-0.0069183821343637986
2006-08-23,-0.0013259653004000782
2006-08-24,-0.001703953828549376
2006-08-25,-0.001031310718516365
2006-08-28,0.0021383242175392336
2006-08-29,0.0033857453482124544
2006-08-30,0.0008266502063123404
2006-08-31,-0.0016231581976487996
2006-09-01,0.001637482296962256
2006-09-04,0.003033956042246766
2006-09-05,-0.0042367065964374895
2006-09-06,-0.0009242986193144231
2006-09-07,-0.00590165467681969
2006-09-08,-0.004561498693018362
2006-09-11,0.0022841120317569352
2006-09-12,-0.0010011473116758873
2006-09-13,1.730558356793921e-05
2006-09-14,0.002761766019973466
2006-09-15,-0.004719175336660886
2006-09-18,0.0030714472057082887
2006-09-19,-0.0019486438067699563
2006-09-20,0.0005723508108959052
2006-09-21,0.007332443169434599
2006-09-22,0.00030072345471121587
2006-09-25,-0.0029758767357653815
2006-09-26,-0.004220641907238365
2006-09-27,0.0007015716936271676
2006-09-28,0.0001603366440754428
2006-09-29,-0.002294646793349009
2006-10-02,0.005145686814896466
2006-10-03,-0.0005477455451595725
2006-10-04,-0.001402652102292512
2006-10-05,-0.0016448763084421225
2006-10-06,-0.007342966143082941
2006-10-09,-0.0004476240275070875
2006-10-10,-0.0045812841069863275
2006-10-11,-0.0018919080322485904
2006-10-12,0.0032700464858768097
2006-10-13,-0.0033460613009880236
2006-10-16,0.0017041782685356388
2006-10-17,0.0008976317495617003
2006-10-18,-0.0010098253057924111
2006-10-19,0.007386584503227489
2006-10-20,-0.0006049071012930174
2006-10-23,-0.005123064312457126
2006-10-24,0.0004175225879718969
2006-10-25,0.0033713796025574005
2006-10-26,0.0072945048380463895
2006-10-27,0.0037321356940041017
2006-10-30,-0.0012490841486206827
2006-10-31,0.003026972062883937
2006-11-01,-0.0004529102416382935
2006-11-02,0.0016676840243541324
2006-11-03,-0.004769713840607981
2006-11-06,0.00047179957388898686
2006-11-07,0.0042763645722418975
2006-11-08,-0.0016212242078854633
2006-11-09,0.005586850124665199
2006-11-10,0.0008513877074867171
2006-11-13,-0.0027292767416633446
2006-11-14,0.0005559259129308547
2006-11-15,0.0012772178314881533
2006-11-16,-0.0025597382513927736
2006-11-17,0.002495302775887609
2006-11-20,-0.0009402197685874913
2006-11-21,0.0023878192393567144
2006-11-22,0.007702094487834099
2006-11-23,-9.486546457460054e-05
2006-11-24,0.01151220640981121
2006-11-27,0.0030471832999714454
2006-11-28,0.004893676384837509
2006-11-29,-0.0032115102949898944
2006-11-30,0.006538586769665011
2006-12-01,0.007166458801156406
2006-12-04,0.00048514541634903097
2006-12-05,-0.0020204590183562354
2006-12-06,-0.002228504157825051
2006-12-07,-1.8787697515065815e-05
2006-12-08,-0.00640597369823237
2006-12-11,0.0027781370522399484
2006-12-12,0.0035850539530630776
2006-12-13,-0.005388809764493296
2006-12-14,-0.00541725072070065
2006-12-15,-0.0047948785743155975
2006-12-18,0.0014642506784947606
2006-12-19,0.007506462479503373
2006-12-20,-0.0018613097264782441
2006-12-21,0.0003168611041621805
2006-12-22,-0.0036904899030620886
2006-12-25,-0.0005362285109276055
2006-12-26,-0.0018256771329182575
2006-12-27,0.0013441249616890083
2006-12-28,0.0026671295883879953
2006-12-29,0.0036616295846305658
2007-01-01,0.00030641844502854454
2007-01-02,0.005376185495039376
2007-01-03,-0.007842104669227079
2007-01-04,-0.006453540348086206
2007-01-05,-0.006267267038083002
2007-01-08,0.0017817536141950807
2007-01-09,-0.001880546577451292
2007-01-10,-0.0048166027243644605
2007-01-11,-0.003480015188888741
2007-01-12,0.002324239549247764
2007-01-15,0.0012950325148974873
2007-01-16,-0.0015873726320597692
2007-01-17,0.0014986918329409349
2007-01-18,0.0018861896037305481
2007-01-19,-0.00046295654370975825
2007-01-22,-0.00037377357952561585
2007-01-23,0.005747472037449963
2007-01-24,-0.004344803215215687
2007-01-25,-0.00305186241366584
2007-01-26,-0.0012054845298726802
2007-01-29,0.003132166444762996
2007-01-30,0.0010043124544765192
2007-01-31,0.004779365338474895
2007-02-01,-0.0007701651065395998
2007-02-02,-0.004679770843079578
2007-02-05,-0.0024703191843478134
2007-02-06,0.004326426191215482
2007-02-07,0.0020812134720502584
2007-02-08,0.0023025399317986306
2007-02-09,-0.002605081977381185
2007-02-12,-0.0032337638108663747
2007-02-13,0.005631231730847119
2007-02-14,0.007049599955882613
2007-02-15,0.0007354674819934903
2007-02-16,-0.00022800216146046104
2007-02-19,0.001363763866643053
2007-02-20,-0.001374052871428999
2007-02-21,6.61365103185041e-05
2007-02-22,-0.0010109855360654896
2007-02-23,0.0030428741654731084
2007-02-26,0.001744781018603092
2007-02-27,0.004177151827655434
2007-02-28,-0.0010346650498139764
2007-03-01,-0.0032642313769334352
2007-03-02,0.0006006042396751177
2007-03-05,-0.007769863677306477
2007-03-06,0.002850026509213288
2007-03-07,0.0036840075429731556
2007-03-08,-0.0034059800946458774
2007-03-09,-0.0013019506445113294
2007-03-12,0.005633403846065921
2007-03-13,0.0005709370333688568
2007-03-14,0.0019305428374665201
2007-03-15,0.00113600228408961
2007-03-16,0.00604325339791556
2007-03-19,-0.0011256472846852272
2007-03-20,0.0011652054049915428
2007-03-21,0.005058844879588076
2007-03-22,-0.0041014674852192234
2007-03-23,-0.0035999115942625393
2007-03-26,0.003614421594796857
2007-03-27,0.0016145260897677538
2007-03-28,-0.0029515779647426577
2007-03-29,0.0013023587998493014
2007-03-30,0.0017262280269303432
2007-04-02,0.0008967798199859267
2007-04-03,-0.002610960204154189
2007-04-04,0.0027743833683846475
2007-04-05,0.004567346127580807
2007-04-06,-0.003722498692848797
2007-04-09,-0.0018715631396871713
2007-04-10,0.006523487021461882
2007-04-11,-0.0007118775808349076
2007-04-12,0.0037619564255539917
2007-04-13,0.003338919188821121
2007-04-16,0.0005906914412503461
2007-04-17,0.0024041707713935434
2007-04-18,0.003092602121756105
2007-04-19,0.00025025612723883484
2007-04-20,-0.0016904570617303216
2007-04-23,-0.0009304438128793224
2007-04-24,0.004734528735632182
2007-04-25,-0.00018011276816498611
2007-04-26,-0.0027519744574588945
2007-04-27,0.003829470695920989
2007-04-30,-0.0003335718079152672
2007-05-01,-0.003227066969323178
2007-05-02,-0.0009191311421011816
2007-05-03,-0.0031662777095223804
2007-05-04,0.0030996723414136174
2007-05-07,0.0008120223398000448
2007-05-08,-0.004296922325712882
2007-05-09,-0.0011415483023154982
2007-05-10,-0.0031915718288231254
2007-05-11,0.002877389862996127
2007-05-14,0.001693416943179482
2007-05-15,0.0032815771624052914
2007-05-16,-0.005628261382366939
2007-05-17,-0.0015777976162323348
2007-05-18,0.001105833605350659
2007-05-21,-0.0029012703039014154
2007-05-22,-0.0015972273201506626
2007-05-23,0.0007753820650564514
2007-05-24,-0.0022545839372397625
2007-05-25,0.0009684336738224886
2007-05-28,0.0007051876995647355
2007-05-29,-0.00033563774885081443
2007-05-30,-0.0013511726752625242
2007-05-31,0.0017628432802572203
2007-06-01,-0.0003348705699259824
2007-06-04,0.003046783200058245
2007-06-05,0.0025836023814458375
2007-06-06,-0.0015170662567978166
2007-06-07,-0.00532445677300053
2007-06-08,-0.004482860939839073
2007-06-11,-0.0011982229845164394
2007-06-12,-0.004048480043678526
2007-06-13,0.0006435711968473257
2007-06-14,3.82742371607403e-05
2007-06-15,0.005710897984300578
2007-06-18,0.0019393351490504251
2007-06-19,0.0010374239712709343
2007-06-20,-0.001746839247639076
2007-06-21,-0.0011536793278251745
2007-06-22,0.0060518740589414755
2007-06-25,-0.0005206336304108827
2007-06-26,-0.0005253570090268944
2007-06-27,-0.00014105974474121208
2007-06-28,-0.00033190842891483996
2007-06-29,0.0068438918228344026
2007-07-02,0.006093584473605862
2007-07-03,-0.001023622509136457
2007-07-04,0.0002583698623299657
2007-07-05,-0.0010383492082129964
2007-07-06,0.0020582887995153065
2007-07-09,-6.59762617416515e-06
2007-07-10,0.008848941220627626
2007-07-11,-0.00017802787262510833
2007-07-12,0.0031999848831056887
2007-07-13,-0.000508567773175872
2007-07-16,-0.0006646637359610796
2007-07-17,0.0006085319221775798
2007-07-18,0.0015773065026924993
2007-07-19,6.87537407462191e-05
2007-07-20,0.00166589716015908
2007-07-23,-0.0013777508055542453
2007-07-24,0.0011228208268794226
2007-07-25,-0.007337122457607315
2007-07-26,0.0018148965661837213
2007-07-27,-0.008062494322826796
2007-07-30,0.004577188779733898
2007-07-31,-0.0009757321272565456
2007-08-01,-0.0012788881264872431
2007-08-02,0.002596865343067023
2007-08-03,0.005100088136171577
2007-08-06,0.0015296608417703084
2007-08-07,-0.004168459046121065
2007-08-08,0.004518976939691388
2007-08-09,-0.008631698742637472
2007-08-10,0.0011859372957563341
2007-08-13,-0.005848264594221053
2007-08-14,-0.005951634168190778
2007-08-15,-0.006813912722576032
2007-08-16,-0.0012425286647349543
2007-08-17,0.0036459120025653657
2007-08-20,-5.930885903837613e-06
2007-08-21,-0.0006916936708916133
2007-08-22,0.005682787681852819
2007-08-23,0.001626598012673508
2007-08-24,0.008148505481313517
2007-08-27,-0.00208860079818296
2007-08-28,-0.0032064421669106835
2007-08-29,0.005641074602311891
2007-08-30,-0.0037449764514887462
2007-08-31,0.00026976050691507325
2007-09-03,-0.00021618991294503065
2007-09-04,-0.0013633904735655955
2007-09-05,0.0029022611800180176
2007-09-06,0.003276636854662618
2007-09-07,0.005500369487685175
2007-09-10,0.002476861945054809
2007-09-11,0.002726935215748405
2007-09-12,0.004616975776214227
2007-09-13,-0.0014878557634835365
2007-09-14,-0.0007835293355828998
2007-09-17,-0.0006048491621398755
2007-09-18,0.008455000806953716
2007-09-19,-0.002373414895357584
2007-09-20,0.007889145192211844
2007-09-21,0.0019227421457832516
2007-09-24,-0.00028083692239611047
2007-09-25,0.0036639650983383287
2007-09-26,-0.0006021882332984951
2007-09-27,0.001707228066999189
2007-09-28,0.008075391025994083
2007-10-01,-0.0024673632900044096
2007-10-02,-0.005467883905057702
2007-10-03,-0.004521615865259343
2007-10-04,0.003308928860157101
2007-10-05,-0.00014065691728104568
2007-10-08,-0.006211689456528391
2007-10-09,0.004174123846567568
2007-10-10,0.0027775573929356145
2007-10-11,0.0035956662684824003
2007-10-12,-0.0012789623019350271
2007-10-15,0.001945215404414613
2007-10-16,-0.0022825975326845604
2007-10-17,0.002422480278571282
2007-10-18,0.006095017853914975
2007-10-19,0.0003460369679333386
2007-10-22,-0.008369101411761726
2007-10-23,0.005758977083894168
2007-10-24,0.00014293982373558833
2007-10-25,0.004015754761527823
2007-10-26,0.004807725854958589
2007-10-29,0.0022673611111112546
2007-10-30,0.0005057976185938173
2007-10-31,0.0037624784019334445
2007-11-01,-0.004321014910709575
2007-11-02,0.00549486718427894
2007-11-05,-0.002403702031913757
2007-11-06,0.006098340226318166
2007-11-07,0.005468833143943863
2007-11-08,0.0026393062004916867
2007-11-09,0.0001328098129425026
2007-11-12,-0.010012530133609476
2007-11-13,0.004932048478528461
2007-11-14,0.003388944142999506
2007-11-15,-0.0026693899492318263
2007-11-16,0.003437154788247465
2007-11-19,0.0002045003715089866
2007-11-20,0.011998309809240215
2007-11-21,0.001101087955713842
2007-11-22,-0.0005960189165371554
2007-11-23,-0.0008003263231298741
2007-11-26,0.002394818300318846
2007-11-27,-0.0027519976344244634
2007-11-28,0.0008861693560615613
2007-11-29,-0.0066151370494805795
2007-11-30,-0.007499635693250406
2007-12-03,0.0023191335345615904
2007-12-04,0.006201387715502049
2007-12-05,-0.010073549028397188
2007-12-06,0.001852306593677966
2007-12-07,0.001246698059425011
2007-12-10,0.00365838274252539
2007-12-11,-0.003918850977674526
2007-12-12,0.0033476753164194406
2007-12-13,-0.004921821889870892
2007-12-14,-0.013847215390501044
2007-12-17,-0.0018399837615891146
2007-12-18,0.0009910919709752442
2007-12-19,-0.002347006059227774
2007-12-20,-0.003647286288344209
2007-12-21,0.003762477068699921
2007-12-24,0.0008867121048710125
2007-12-25,0.0004936471568424139
2007-12-26,0.006040203718084003
2007-12-27,0.009684662157734225
2007-12-28,0.006432087337020276
2007-12-31,-0.009124540955897986
2008-01-01,0.00020140738548546366
2008-01-02,0.00829919001220536
2008-01-03,0.0022898652912530792
2008-01-04,-0.000557773244505344
2008-01-07,-0.0032447563449057304
2008-01-08,0.0007027679396314213
2008-01-09,-0.0032836257210550057
2008-01-10,0.009768740983763013
2008-01-11,-0.001977132273323745
2008-01-14,0.0062470389170896645
2008-01-15,-0.004382100314112236
2008-01-16,-0.010289045848069445
2008-01-17,-0.0006976180643488705
2008-01-18,-0.0014891086728283653
2008-01-21,-0.011460661397758809
2008-01-22,0.011664809727133685
2008-01-23,-3.4886441213632935e-05
2008-01-24,0.008626828609247905
2008-01-25,-0.005004591555065496
2008-01-28,0.0067992804691265896
2008-01-29,-0.00026539529681612883
2008-01-30,0.005662817864761527
2008-01-31,-4.848445669125567e-05
2008-02-01,-0.0038701900413484758
2008-02-04,0.001907120977451937
2008-02-05,-0.012438478988727408
2008-02-06,-0.0011007256180052272
2008-02-07,-0.01000910416021139
2008-02-08,0.001294101715151097
2008-02-11,0.0010398776159958878
2008-02-12,0.004507429434844612
2008-02-13,-0.0007857238438021552
2008-02-14,0.004854715646482655
2008-02-15,0.0026326238963243487
2008-02-18,-0.0016502718756454815
2008-02-19,0.004550016728002593
2008-02-20,-0.0007442529399690478
2008-02-21,0.0068188975628138415
2008-02-22,0.0008769061561784142
2008-02-25,0.00019507229824866634
2008-02-26,0.009735516007318035
2008-02-27,0.009732545479699928
2008-02-28,0.004755824644107509
2008-02-29,-0.0009512742067664393
2008-03-03,0.0015641072982881532
2008-03-04,0.0008749799195730823
2008-03-05,0.0031383594885217025
2008-03-06,0.0074865966509989335
2008-03-07,-0.001739771115633837
2008-03-10,-0.0008652075715769314
2008-03-11,-0.0003386824274720368
2008-03-12,0.013934420878783715
2008-03-13,0.005276725494387069
2008-03-14,0.0024003606945419698
2008-03-17,0.0035395289998594315
2008-03-18,-0.006596337985127709
2008-03-19,0.0001294573876908789
2008-03-20,-0.01270440565924702
2008-03-21,0.0002589673110560131
2008-03-24,-0.0005833366858429834
2008-03-25,0.014743204770700569
2008-03-26,0.012619142220797519
2008-03-27,-0.00402295872913172
2008-03-28,0.001018842237418216
2008-03-31,-0.00045820249001038427
2008-04-01,-0.011099543362782516
2008-04-02,0.004645836699416872
2008-04-03,-0.00015763388349887553
2008-04-04,0.003357428949846142
2008-04-07,-0.0016546485700744684
2008-04-08,-3.568392706720935e-05
2008-04-09,0.0075722720894577655
2008-04-10,-0.005630040204634423
2008-04-11,0.004138631103399515
2008-04-14,0.001537909987927355
2008-04-15,-0.0027068152295037784
2008-04-16,0.01014132666714862
2008-04-17,-0.0024244996252132944
2008-04-18,-0.005609662161651818
2008-04-21,0.005917234657907944
2008-04-22,0.00485693434330714
2008-04-23,-0.006398697721011759
2008-04-24,-0.013010245875814452
2008-04-25,-0.0033351784071458113
2008-04-28,0.0017590059374457123
2008-04-29,-0.005505625521547763
2008-04-30,0.003190494102215391
2008-05-01,-0.009504508055661831
2008-05-02,-0.0033143994543728406
2008-05-05,0.004580407412793752
2008-05-06,0.002397708023790912
2008-05-07,-0.009075312326525586
2008-05-08,5.335259231786793e-05
2008-05-09,0.0057734834846752126
2008-05-12,0.004574678456123582
2008-05-13,-0.005088948745406441
2008-05-14,1.6827716543543758e-05
2008-05-15,-0.0017416393544479325
2008-05-16,0.00838236390571856
2008-05-19,-0.00445756345582371
2008-05-20,0.008766462951134812
2008-05-21,0.009602586469053653
2008-05-22,-0.003937287488569918
2008-05-23,0.0018570569117595248
2008-05-26,0.00041177315366125455
2008-05-27,-0.004910025217076508
2008-05-28,-0.0032439678284182927
2008-05-29,-0.0075176847144893255
2008-05-30,0.0022422551860619144
2008-06-02,-0.0012740994067936828
2008-06-03,-0.005870654783967977
2008-06-04,-0.000270398555799245
2008-06-05,0.00993286205100552
2008-06-06,0.011880685777408084
2008-06-09,-0.008398262463473305
2008-06-10,-0.011543001103478723
2008-06-11,0.005546209345605568
2008-06-12,-0.007137139593125896
2008-06-13,-0.0037982072669251465
2008-06-16,0.006329089199725857
2008-06-17,0.0020509237243999667
2008-06-18,0.0015360130164028263
2008-06-19,-0.0019249687659956827
2008-06-20,0.0065927833986132445
2008-06-23,-0.00569809710507152
2008-06-24,0.003131261959232745
2008-06-25,0.006434047634211959
2008-06-26,0.005834230382743888
2008-06-27,0.00228787142162612
2008-06-30,-0.002631387058014245
2008-07-01,0.0024946518199706613
2008-07-02,0.005691586408428151
2008-07-03,-0.01132820973299098
2008-07-04,0.00018240970878857787
2008-07-07,0.0011446353587107883
2008-07-08,-0.003487942521560816
2008-07-09,0.004672407357219965
2008-07-10,0.0028330324071423885
2008-07-11,0.009543433948690172
2008-07-14,-0.0020084081668562126
2008-07-15,0.00022038720142258938
2008-07-16,-0.005230839351725969
2008-07-17,0.0022864845537304834
2008-07-18,-0.0010140374095195526
2008-07-21,0.0046329010556440675
2008-07-22,-0.008645529515090344
2008-07-23,-0.005381564334443922
2008-07-24,-0.001341185628513264
2008-07-25,0.0020822045940116496
2008-07-28,0.0021256966374589847
2008-07-29,-0.00964459609317192
2008-07-30,-0.0010098920597558791
2008-07-31,0.00176395310701416
2008-08-01,-0.0025022901282794052
2008-08-04,0.0007304319845549134
2008-08-05,-0.007810239162449162
2008-08-06,-0.002936096158769552
2008-08-07,-0.005401944309919471
2008-08-08,-0.020900965670495597
2008-08-11,-0.006495795189199738
2008-08-12,0.0011932957740801164
2008-08-13,-0.0004187663706444189
2008-08-14,-0.006255257753276844
2008-08-15,-0.009374725534574191
2008-08-18,0.0003778284277018429
2008-08-19,0.0056359709522861845
2008-08-20,-0.001928689338652756
2008-08-21,0.010334521990151169
2008-08-22,-0.007114789255545539
2008-08-25,-0.002713825478271148
2008-08-26,-0.006799631197237588
2008-08-27,0.005057220142201002
2008-08-28,-0.0013256185823294908
2008-08-29,-0.0022440795800336977
2008-09-01,-0.00381634838735212
2008-09-02,-0.00673143203268145
2008-09-03,-0.0014748916596186712
2008-09-04,-0.011889793154905792
2008-09-05,-0.004058730991085557
2008-09-08,-0.009772227077914475
2008-09-09,0.0003537689867247895
2008-09-10,-0.00968162129063721
2008-09-11,0.0001073450492106165
2008-09-12,0.01615441144375751
2008-09-15,0.0016773596584440664
2008-09-16,-0.007260604961366601
2008-09-17,0.015793018129183878
2008-09-18,0.0010840429573806265
2008-09-19,0.00726392757660177
2008-09-22,0.02125023592552977
2008-09-23,-0.008333513858951758
2008-09-24,-0.0016506719422633154
2008-09-25,-0.0010544022318863533
2008-09-26,0.0009364103448701311
2008-09-29,-0.011768720602133964
2008-09-30,-0.021713330339218406
2008-10-01,-0.007573142436760882
2008-10-02,-0.014208388751323908
2008-10-03,-0.004410573808422025
2008-10-06,-0.019314567083533185
2008-10-07,0.007115218703368509
2008-10-08,0.006549491048587708
2008-10-09,-0.004178659614569757
2008-10-10,-0.01484220256173252
2008-10-13,0.011939015926630825
2008-10-14,0.002685179121095116
2008-10-15,-0.00981219589164739
2008-10-16,-0.003075851232564042
2008-10-17,-0.003892734207141646
2008-10-20,-0.004858064506498505
2008-10-21,-0.021198882493015603
2008-10-22,-0.015738739981303596
2008-10-23,0.006062186653380319
2008-10-24,-0.02368709602284924
2008-10-27,-0.010202140610733434
2008-10-28,0.014977290635029394
2008-10-29,0.021814113771056798
2008-10-30,-0.0037315334262933986
2008-10-31,-0.014904541033599616
2008-11-03,-0.0065360042734201595
2008-11-04,0.026445096432149207
2008-11-05,-0.0019649745409660024
2008-11-06,-0.018498005261070816
2008-11-07,-1.0238453584054952e-05
2008-11-10,0.0022351560592577258
2008-11-11,-0.017751000355192836
2008-11-12,-0.0011592380230072141
2008-11-13,0.021355856180567123
2008-11-14,-0.012754347841430036
2008-11-17,0.003488735087285866
2008-11-18,-0.0026232861368747917
2008-11-19,-0.010088199322691338
2008-11-20,-0.002632937697831128
2008-11-21,0.010872256413224424
2008-11-24,0.02936501057242169
2008-11-25,0.008599058746457944
2008-11-26,-0.014009153055167256
2008-11-27,0.0020904461715935962
2008-11-28,-0.01654604426749029
2008-12-01,-0.006305216958109261
2008-12-02,0.008176051237751336
2008-12-03,0.00023132484617693905
2008-12-04,0.004535750302461894
2008-12-05,-0.004866092404071987
2008-12-08,0.01905434904067249
2008-12-09,-0.0029166023166022903
2008-12-10,0.007475083699717278
2008-12-11,0.025297588161814266
2008-12-12,0.0012453290787712845
2008-12-15,0.023956808404689056
2008-12-16,0.02295314303098217
2008-12-17,0.029734241238182024
2008-12-18,-0.012382516741668015
2008-12-19,-0.02305034085908586
2008-12-22,0.0022499785939038563
2008-12-23,-0.00097134217520356
2008-12-24,0.006060083431244756
2008-12-25,0.0008192868846954582
2008-12-26,0.0002476545967762256
2008-12-29,-0.0074013979387680395
2008-12-30,0.009190443089340361
2008-12-31,-0.006154979257841031
2009-01-01,0.005274991166539955
2009-01-02,-0.008794950603262519
2009-01-05,-0.020518784970297466
2009-01-06,-0.007213459052990312
2009-01-07,0.0078982970360304
2009-01-08,0.004245513222737252
2009-01-09,-0.016501023092662992
2009-01-12,-0.008544976296978812
2009-01-13,-0.013354367767851816
2009-01-14,0.0008157988486146017
2009-01-15,-0.005578430070394491
2009-01-16,0.011671277833959826
2009-01-19,-0.014951147363632566
2009-01-20,-0.012550365742793668
2009-01-21,0.009501966940507867
2009-01-22,-0.0017409837249523497
2009-01-23,-0.0019064155462529264
2009-01-26,0.016504218010209515
2009-01-27,-0.0022515158664352386
2009-01-28,0.0005109275387662482
2009-01-29,-0.016070040359381643
2009-01-30,-0.010842768655679014
2009-02-02,0.0024415553183665395
2009-02-03,0.015209507519464704
2009-02-04,-0.014591892710958732
2009-02-05,-0.004539947803446909
2009-02-06,0.011617111638620559
2009-02-09,0.004874756262186919
2009-02-10,-0.006919273095468803
2009-02-11,-0.000534589489505799
2009-02-12,-0.003461186648268999
2009-02-13,0.00010579088409290449
2009-02-16,-0.004720418825363115
2009-02-17,-0.017068321738763492
2009-02-18,-0.004149370995427781
2009-02-19,0.01150202544864043
2009-02-20,0.01194899007000183
2009-02-23,-0.010297884421593295
2009-02-24,0.012022176601085288
2009-02-25,-0.009545539496635835
2009-02-26,0.0017037476157752973
2009-02-27,-0.0058411279137943195
2009-03-02,-0.007177330026914008
2009-03-03,-0.0012937999389281973
2009-03-04,0.00797908128694047
2009-03-05,-0.009498945439321282
2009-03-06,0.009017429550085554
2009-03-09,-0.003227127153394127
2009-03-10,0.005648906654275754
2009-03-11,0.012085128125066458
2009-03-12,0.005919381729226014
2009-03-13,0.001147014586679873
2009-03-16,0.003106774485769348
2009-03-17,0.003765785566930857
2009-03-18,0.03507027731380408
2009-03-19,0.014185676408324133
2009-03-20,-0.0060857122991402335
2009-03-23,0.003773932253313461
2009-03-24,-0.012083998165978826
2009-03-25,0.008578304878836596
2009-03-26,-0.004203341910830938
2009-03-27,-0.017651068838650752
2009-03-30,-0.006626409447977322
2009-03-31,0.003858862465232038
2009-04-01,-6.490997137920118e-05
2009-04-02,0.01594398056801416
2009-04-03,0.0018707989678659054
2009-04-06,-0.005194046276252973
2009-04-07,-0.010754676051445311
2009-04-08,0.0006887529803258907
2009-04-09,-0.008547008547008517
2009-04-10,0.0014993164210845844
2009-04-13,0.013584372208158335
2009-04-14,-0.00818340034987275
2009-04-15,-0.0024133396803891483
2009-04-16,-0.0031232275872499216
2009-04-17,-0.010822927887606082
2009-04-20,-0.009419051146782098
2009-04-21,0.002099605859386733
2009-04-22,0.004364241495755206
2009-04-23,0.010766658051494016
2009-04-24,0.007518859933837163
2009-04-27,-0.015540343029619152
2009-04-28,0.00877978416907399
2009-04-29,0.009257076099539185
2009-04-30,-0.003095823577243695
2009-05-01,0.003258139111200764
2009-05-04,0.010015439087187605
2009-05-05,-0.005628736171549353
2009-05-06,0.00037887370226385997
2009-05-07,0.004061037810774604
2009-05-08,0.0181533262922966
2009-05-11,-0.0038338461267589663
2009-05-12,0.004842786192756909
2009-05-13,-0.003476069864387088
2009-05-14,0.00292190576210416
2009-05-15,-0.010599089830476083
2009-05-18,0.004936082914334339
2009-05-19,0.004917000268454874
2009-05-20,0.010945452543896561
2009-05-21,0.008039991607918351
2009-05-22,0.007782140398282067
2009-05-25,0.001331313376733867
2009-05-26,-0.002279421052744257
2009-05-27,-0.011386663748293113
2009-05-28,0.008427632911758742
2009-05-29,0.015573610529155513
2009-06-01,8.195134633348644e-05
2009-06-02,0.010149831519013386
2009-06-03,-0.009882108425562253
2009-06-04,0.0014415603036246338
2009-06-05,-0.015162201276846643
2009-06-08,-0.004868337188567384
2009-06-09,0.011861925830399578
2009-06-10,-0.0057565315723780985
2009-06-11,0.008891521294227767
2009-06-12,-0.006516632621733964
2009-06-15,-0.015194119326291777
2009-06-16,0.002455232587632583
2009-06-17,0.00762308627642061
2009-06-18,-0.003002490237422606
2009-06-19,0.0027172153148471434
2009-06-22,-0.005142690647709225
2009-06-23,0.015323876768416955
2009-06-24,-0.01044965190325331
2009-06-25,0.004294936182647424
2009-06-26,0.004866366167781244
2009-06-29,0.0018831922777022836
2009-06-30,-0.003497275675506839
2009-07-01,0.007774453899839884
2009-07-02,-0.00978204301440222
2009-07-03,-0.00165739543984178
2009-07-06,0.00025606747592576973
2009-07-07,-0.004251920193188541
2009-07-08,-0.0028661073292921557
2009-07-09,0.00978400996766271
2009-07-10,-0.005993973218265669
2009-07-13,0.003031561968355412
2009-07-14,-0.0007725896633226093
2009-07-15,0.010019215129265291
2009-07-16,0.0029103827514811442
2009-07-17,-0.003272983503626037
2009-07-20,0.009128644828070298
2009-07-21,-0.0003583574580511284
2009-07-22,-0.0004252627139492704
2009-07-23,-0.005411221163887259
2009-07-24,0.004167992363983464
2009-07-27,0.002115832127555395
2009-07-28,-0.004563499033901186
2009-07-29,-0.008254779407872226
2009-07-30,0.0017920942877884816
2009-07-31,0.012924328172222
2009-08-03,0.010871318655884199
2009-08-04,-0.00026712552124175115
2009-08-05,-0.00027066698591482474
2009-08-06,-0.004097202697683877
2009-08-07,-0.011304948511529078
2009-08-10,-0.0030288181898298072
2009-08-11,0.0006109983954221132
2009-08-12,0.002754174549787436
2009-08-13,0.0073165402723351924
2009-08-14,-0.006224369779061489
2009-08-17,-0.00851847288472718
2009-08-18,0.0038452634733345814
2009-08-19,0.006213741678403606
2009-08-20,0.0020943107720967635
2009-08-21,0.005044183964686422
2009-08-24,-0.0015335817405349728
2009-08-25,-0.0004809853488227933
2009-08-26,-0.0029355624116516044
2009-08-27,0.006027308082990679
2009-08-28,-0.0026441596983203253
2009-08-31,0.0021715541783891013
2009-09-01,-0.007673965305305286
2009-09-02,0.0028114098668605703
2009-09-03,-0.0008433718891460718
2009-09-04,0.003153210675730156
2009-09-07,0.002460642312975825
2009-09-08,0.010170761624475055
2009-09-09,0.005470357500295453
2009-09-10,0.0017077424757319104
2009-09-11,-0.0007708085740796289
2009-09-14,0.0032263045738580853
2009-09-15,0.002749376447715335
2009-09-16,0.003488185672719135
2009-09-17,0.002172792772948684
2009-09-18,-0.0019659266515342777
2009-09-21,-0.0021798294743941016
2009-09-22,0.00748633012467903
2009-09-23,-0.003718731385213947
2009-09-24,-0.004695625853834873
2009-09-25,0.0015594103287921435
2009-09-28,-0.004555211601867337
2009-09-29,-0.0023916409515679637
2009-09-30,0.003632053385288936
2009-10-01,-0.006503517473293696
2009-10-02,0.0021251931993817585
2009-10-05,0.004924712547863086
2009-10-06,0.005069210944033786
2009-10-07,-0.0021356519376422023
2009-10-08,0.007033327297505831
2009-10-09,-0.0042032314454167885
2009-10-12,0.00277981427174967
2009-10-13,0.005479906445574834
2009-10-14,0.004778127124977383
2009-10-15,0.0014667580626464005
2009-10-16,-0.0028000877829192916
2009-10-19,0.00402506422725013
2009-10-20,-0.0013345273020094472
2009-10-21,0.004751029333925905
2009-10-22,0.0011321913296786779
2009-10-23,-0.0016604433303861743
2009-10-26,-0.008799127350459957
2009-10-27,-0.004848364248490111
2009-10-28,-0.0066169019793285155
2009-10-29,0.007874165677777434
2009-10-30,-0.006943601037458058
2009-11-02,0.0037960501238964994
2009-11-03,-0.0034567951373376538
2009-11-04,0.009306697874646996
2009-11-05,0.0006763236259021976
2009-11-06,-0.0016214071473724667
2009-11-09,0.010235293879907292
2009-11-10,-0.0004027300295246228
2009-11-11,-0.0004035593265562243
2009-11-12,-0.009143474880801916
2009-11-13,0.0035612952932040365
2009-11-16,0.004494205581887956
2009-11-17,-0.006302619254722197
2009-11-18,0.005837015363680642
2009-11-19,-0.0025513239212183736
2009-11-20,-0.004221088825138164
2009-11-23,0.006652220435136691
2009-11-24,0.0004840041314166932
2009-11-25,0.011101318406846472
2009-11-26,-0.007591232579056362
2009-11-27,-0.002012377922176567
2009-11-30,0.001114978207547468
2009-12-01,0.005058802750015801
2009-12-02,-0.0024503546216870786
2009-12-03,0.0006029582848594561
2009-12-04,-0.012946822158751536
2009-12-07,-0.0020892930462350634
2009-12-08,-0.008286983513718815
2009-12-09,0.0015133171912833365
2009-12-10,0.00039049103398625107
2009-12-11,-0.007942542156569976
2009-12-14,0.0028083044793278944
2009-12-15,-0.008037617606197034
2009-12-16,-0.00048152823303204695
2009-12-17,-0.013277999731590717
2009-12-18,5.579921211529282e-06
2009-12-21,-0.004320927377730821
2009-12-22,-0.0018563597835414836
2009-12-23,0.006166856741819604
2009-12-24,0.0029944296493873424
2009-12-25,0.002162793689649556
2009-12-28,-0.002289973040771942
2009-12-29,-0.0016671709215344555
2009-12-30,-0.0010631419956415034
2009-12-31,-0.001253973589837587
2010-01-01,0.00020669755957203328
2010-01-04,0.006213608500775125
2010-01-05,-0.0033339346673698644
2010-01-06,0.0029900413175676377
2010-01-07,-0.006948560799039383
2010-01-08,0.0070558928762392
2010-01-11,0.007218141966971459
2010-01-12,-0.0018446624688019941
2010-01-13,0.0016451081332407025
2010-01-14,-0.0007650318418658264
2010-01-15,-0.007727219428752763
2010-01-18,-0.00020714482829564673
2010-01-19,-0.006678676139828088
2010-01-20,-0.012740926560663723
2010-01-21,-0.0015717830556540857
2010-01-22,0.003916116291966976
2010-01-25,0.0008544360651236982
2010-01-26,-0.005585135328048052
2010-01-27,-0.003407710736172076
2010-01-28,-0.003780196647241496
2010-01-29,-0.007730813088266619
2010-02-01,0.004906193663716918
2010-02-02,0.002368256320135931
2010-02-03,-0.005083409307552023
2010-02-04,-0.0122350200725736
2010-02-05,-0.003265530399092831
2010-02-08,-0.0021173754195817907
2010-02-09,0.010859188106987272
2010-02-10,-0.004373553987370826
2010-02-11,-0.003204666203657003
2010-02-12,-0.004455821562641571
2010-02-15,-0.0024898779930437875
2010-02-16,0.012654029307396675
2010-02-17,-0.011837920709171335
2010-02-18,-0.005862721046338004
2010-02-19,0.006346781956065639
2010-02-22,-0.001248862249759286
2010-02-23,-0.006549278836429084
2010-02-24,0.0022922551244415335
2010-02-25,0.0007409152926247664
2010-02-26,0.006125187675218857
2010-03-01,-0.005208241626021959
2010-03-02,0.0040599351147880824
2010-03-03,0.006025246834597153
2010-03-04,-0.008466452157901316
2010-03-05,0.0033128504578272544
2010-03-08,0.0006172277739289189
2010-03-09,-0.0023544340006675935
2010-03-10,0.004032569338504377
2010-03-11,0.0017610532636234133
2010-03-12,0.006442676334823094
2010-03-15,-0.00664328528505409
2010-03-16,0.0065027359161005105
2010-03-17,-0.002023788596176468
2010-03-18,-0.009470535142374614
2010-03-19,-0.005729595709674018
2010-03-22,0.0020827297506635922
2010-03-23,-0.0043507762658111515
2010-03-24,-0.013641976634707453
2010-03-25,-0.003161013416845937
2010-03-26,0.010299655096035254
2010-03-29,0.005471302322078264
2010-03-30,-0.0051092681783593275
2010-03-31,0.0071475162977236995
2010-04-01,0.005851078397048903
2010-04-02,-0.0062541484600474595
2010-04-05,-0.0014809998822604697
2010-04-06,-0.006305809903154658
2010-04-07,-0.004100195830248676
2010-04-08,0.0012761888489720707
2010-04-09,0.01040680465069288
2010-04-12,0.006811599570386351
2010-04-13,0.0016288442268728165
2010-04-14,0.0028866070248116937
2010-04-15,-0.0058583994316643295
2010-04-16,-0.005158425243721232
2010-04-19,-0.0010359977754559324
2010-04-20,-0.004017820739961042
2010-04-21,-0.0033433315718570666
2010-04-22,-0.007092193285230697
2010-04-23,0.006693086017324212
2010-04-26,-7.844719383165444e-05
2010-04-27,-0.015534510133557444
2010-04-28,0.003541330192230463
2010-04-29,0.0008795613537531111
2010-04-30,0.004634229828481384
2010-05-03,-0.007464954202411889
2010-05-04,-0.01573254745112429
2010-05-05,-0.013303204348428466
2010-05-06,-0.0149612080703444
2010-05-07,0.010609098333580258
2010-05-10,0.002410252390656842
2010-05-11,-0.009750757501710505
2010-05-12,-0.0038076286811882243
2010-05-13,-0.006264352008548024
2010-05-14,-0.01407855274073122
2010-05-17,0.0029975000606781155
2010-05-18,-0.015571876247746586
2010-05-19,0.017461878190473845
2010-05-20,0.005809585090610803
2010-05-21,0.00666236974110368
2010-05-24,-0.0156831117431655
2010-05-25,-0.002066973830721297
2010-05-26,-0.01351578947368437
2010-05-27,0.01493218463639745
2010-05-28,-0.007100687424181129
2010-05-31,0.002670804417945538
2010-06-01,-0.006238022939092591
2010-06-02,0.0016185462511852933
2010-06-03,-0.0070619440137109635
2010-06-04,-0.016140260897368086
2010-06-07,-0.0036465860769751
2010-06-08,0.004184816102025257
2010-06-09,0.00047677257530676087
2010-06-10,0.01207387371297286
2010-06-11,-0.0009780039812844477
2010-06-14,0.009005454449404482
2010-06-15,0.009100963843199805
2010-06-16,-0.0017040622671808947
2010-06-17,0.006326024974399491
2010-06-18,-9.683580923680601e-05
2010-06-21,-0.006170652518660891
2010-06-22,-0.003324549614477146
2010-06-23,0.0032696433212664466
2010-06-24,0.0017582128436435251
2010-06-25,0.0028917033973256956
2010-06-28,-0.007432729553729089
2010-06-29,-0.007235925371833596
2010-06-30,0.0040729572048274765
2010-07-01,0.02359105247548765
2010-07-02,0.0031104931452616835
2010-07-05,-0.00221761953223909
2010-07-06,0.006987430281203855
2010-07-07,0.0009226056601261412
2010-07-08,0.004701347345068108
2010-07-09,-0.004492709682754059
2010-07-12,-0.0035391929627489604
2010-07-13,0.010144833192553993
2010-07-14,0.0014680514132352496
2010-07-15,0.016190027018691877
2010-07-16,-0.0015668752229843763
2010-07-19,0.0009242751787641446
2010-07-20,-0.004758519434356012
2010-07-21,-0.009780719939251892
2010-07-22,0.010899011639987632
2010-07-23,0.0012503441936946302
2010-07-26,0.006575476601978325
2010-07-27,0.0001462275223287346
2010-07-28,-8.31066496862487e-05
2010-07-29,0.006482087874116749
2010-07-30,-0.0020438123638031325
2010-08-02,0.009713625048556551
2010-08-03,0.003934423741610349
2010-08-04,-0.005287821985729857
2010-08-05,0.002107072407913302
2010-08-06,0.006887233027781825
2010-08-09,-0.004375329467580458
2010-08-10,-0.0033931124204857888
2010-08-11,-0.02383417172382596
2010-08-12,-0.0026278961281293034
2010-08-13,-0.005846494441932637
2010-08-16,0.005720132986230864
2010-08-17,0.0045259099573915496
2010-08-18,-0.0024797814377297556
2010-08-19,-0.002334221634344269
2010-08-20,-0.008656826999941414
2010-08-23,-0.004326875798997043
2010-08-24,-0.0023656296296296064
2010-08-25,0.0025415184642227917
2010-08-26,0.004495038867471379
2010-08-27,0.0037041988785164737
2010-08-30,-0.00783551683069017
2010-08-31,0.0013504548900682423
2010-09-01,0.010169959383256488
2010-09-02,0.001319441462471982
2010-09-03,0.005434549544456768
2010-09-06,-0.0015471052845859035
2010-09-07,-0.015052310273318215
2010-09-08,0.003004423836672876
2010-09-09,-0.0019033916694183306
2010-09-10,-0.0013461791434393744
2010-09-13,0.01607890772276588
2010-09-14,0.008917128229809945
2010-09-15,0.0010064000270835205
2010-09-16,0.005149924288426533
2010-09-17,-0.002133533176823299
2010-09-20,0.0008429764732931222
2010-09-21,0.015516845329249573
2010-09-22,0.010717315167029229
2010-09-23,-0.0068475522555743185
2010-09-24,0.013370389844512998
2010-09-27,-0.002749981469127527
2010-09-28,0.009673031611651561
2010-09-29,0.00306315352428288
2010-09-30,0.00038089925985174133
2010-10-01,0.011512863477232571
2010-10-04,-0.007653159285366584
2010-10-05,0.011275192311206217
2010-10-06,0.006587639088441399
2010-10-07,-0.00035038165034073643
2010-10-08,0.0009085822597336701
2010-10-11,-0.004542375411181854
2010-10-12,0.0035574900483992256
2010-10-13,0.0025945498649928567
2010-10-14,0.008754364106748902
2010-10-15,-0.007613744513416454
2010-10-18,-0.003156177089446488
2010-10-19,-0.014854435150949419
2010-10-20,0.017257462686567138
2010-10-21,-0.0031156866116459625
2010-10-22,0.0024498900819336367
2010-10-25,0.0007634955910817975
2010-10-26,-0.007604775191355051
2010-10-27,-0.006466240636835985
2010-10-28,0.011703796377628306
2010-10-29,0.0012294434470376814
2010-11-01,-0.0038681348317185504
2010-11-02,0.010142430367096056
2010-11-03,0.007483044112038817
2010-11-04,0.0048011784324781814
2010-11-05,-0.012311037474589503
2010-11-08,-0.007952491792643568
2010-11-09,-0.010560885343681492
2010-11-10,0.0007175778986006076
2010-11-11,-0.008388479956337513
2010-11-12,0.001770495738806721
2010-11-15,-0.007571401538536748
2010-11-16,-0.007205854204396678
2010-11-17,0.002995805871779611
2010-11-18,0.008460052994546885
2010-11-19,0.002186160912293067
2010-11-22,-0.0033708432301865487
2010-11-23,-0.019074301476282085
2010-11-24,-0.0023735017831193472
2010-11-25,0.0018796174760922213
2010-11-26,-0.008774806177175964
2010-11-29,-0.008853995551477256
2010-11-30,-0.0107779247617944
2010-12-01,0.012006920521843156
2010-12-02,0.005286373791155929
2010-12-03,0.015464526387521715
2010-12-06,-0.007913511353163427
2010-12-07,-0.003512936007293521
2010-12-08,0.00011539880090838395
2010-12-09,-0.001678745691898187
2010-12-10,-0.0009586300881425647
2010-12-13,0.012484735292004778
2010-12-14,-0.0009215791415422281
2010-12-15,-0.012218823536447099
2010-12-16,0.002302815291964855
2010-12-17,-0.004240189842117714
2010-12-20,-0.00429919028125203
2010-12-21,-0.0024223584983965596
2010-12-22,1.7557225103326246e-05
2010-12-23,0.0010877655006584774
2010-12-24,0.0005894239200883167
2010-12-27,0.0033088888092953628
2010-12-28,-0.003825865035148257
2010-12-29,0.008367339469687263
2010-12-30,0.00496861252383729
2010-12-31,0.006969519356724518
2011-01-03,-0.0017305071372211156
2011-01-04,-0.004011915989281634
2011-01-05,-0.011975260397096177
2011-01-06,-0.011028922398220176
2011-01-07,-0.007416408698494581
2011-01-10,0.0034000164266974053
2011-01-11,0.0017413530815386657
2011-01-12,0.012071922758195353
2011-01-13,0.017701474234224523
2011-01-14,0.0017977359902703327
2011-01-17,-0.007050287368129182
2011-01-18,0.006942344009811086
2011-01-19,0.006463341644767251
2011-01-20,-6.08775122181715e-05
2011-01-21,0.010973468410443221
2011-01-24,0.0012594874657130273
2011-01-25,0.0030219014508059416
2011-01-26,0.002370749542961681
2011-01-27,0.0015830841981934185
2011-01-28,-0.008927738995653023
2011-01-31,0.006063991239513289
2011-02-01,0.00988672706526228
2011-02-02,-0.0012933653540116996
2011-02-03,-0.012802646865394007
2011-02-04,-0.003880479186720742
2011-02-07,0.00017087885499389444
2011-02-08,0.003007543159790904
2011-02-09,0.007934637442061465
2011-02-10,-0.009426650446893614
2011-02-11,-0.0035841687691976487
2011-02-14,-0.004797065671829026
2011-02-15,-0.00015647073218660879
2011-02-16,0.006082546407136791
2011-02-17,0.0029561698065221353
2011-02-18,0.006189658910911167
2011-02-21,-0.0011023320642026269
2011-02-22,-0.0020791176292062064
2011-02-23,0.00722794973339469
2011-02-24,0.003692447834624968
2011-02-25,-0.0033475848530846175
2011-02-28,0.0037464978863670506
2011-03-01,-0.0020658896332338417
2011-03-02,0.006479163278109601
2011-03-03,0.007394811511665544
2011-03-04,0.0012819071340637311
2011-03-07,-0.0013825441816919248
2011-03-08,-0.004469945151674537
2011-03-09,0.0003072002118027495
2011-03-10,-0.007950949367088622
2011-03-11,0.007610133795388441
2011-03-14,0.006338850027557186
2011-03-15,0.00045472354810205395
2011-03-16,-0.006982122336502639
2011-03-17,0.008669912876263508
2011-03-18,0.011380135776792422
2011-03-21,0.003088503472626458
2011-03-22,-0.0021098634004106387
2011-03-23,-0.007591129140816055
2011-03-24,0.00630982258639512
2011-03-25,-0.006287195476098462
2011-03-28,-9.800454229746958e-05
2011-03-29,0.0018430921332992511
2011-03-30,0.0009719578463796008
2011-03-31,0.002182833944555096
2011-04-01,0.005595728080689311
2011-04-04,-0.0011504463338218862
2011-04-05,7.73945341165927e-05
2011-04-06,0.00757633852282158
2011-04-07,-0.0016122410220030803
2011-04-08,0.012200503686027764
2011-04-11,-0.003239816928578887
2011-04-12,0.002796310866031604
2011-04-13,-0.002357862895560725
2011-04-14,0.0031401612208104
2011-04-15,-0.0040103055043273494
2011-04-18,-0.013503804533261499
2011-04-19,0.006932200673184674
2011-04-20,0.01316714524980922
2011-04-21,0.001968008831232826
2011-04-22,0.0006196404709817305
2011-04-25,0.0014385176326658922
2011-04-26,0.004162483022353891
2011-04-27,0.009806387411080975
2011-04-28,0.0023391242903436638
2011-04-29,-0.0010074736719848376
2011-05-02,0.0014877250851672574
2011-05-03,-0.0002807697681151966
2011-05-04,0.00017418015493930739
2011-05-05,-0.019416355098236138
2011-05-06,-0.015353289489081767
2011-05-09,0.0034164934068037223
2011-05-10,0.0031359275859210722
2011-05-11,-0.015007619103182268
2011-05-12,0.0037900315471650625
2011-05-13,-0.008927561642603998
2011-05-16,0.002575733949505832
2011-05-17,0.005761777709909044
2011-05-18,0.0009187119194964399
2011-05-19,0.004135676016941536
2011-05-20,-0.010332624629329157
2011-05-23,-0.008002453595803982
2011-05-24,0.0036602167634791627
2011-05-25,-0.0008041848844471122
2011-05-26,0.004103009986879735
2011-05-27,0.012325232769470285
2011-05-30,-0.002576618947618514
2011-05-31,0.00790957206055265
2011-06-01,-0.004722821013147249
2011-06-02,0.011409789258342684
2011-06-03,0.009916517562111204
2011-06-06,-0.004050055762628402
2011-06-07,0.007804186125067281
2011-06-08,-0.007322059577911988
2011-06-09,-0.0050077377337189866
2011-06-10,-0.011210140649226763
2011-06-13,0.004592649946463467
2011-06-14,0.0017449219853920006
2011-06-15,-0.017848577520357845
2011-06-16,0.0016309771324445332
2011-06-17,0.007145308130403816
2011-06-20,-0.00016860291843967534
2011-06-21,0.0075457281340767235
2011-06-22,-0.00374946959485023
2011-06-23,-0.006991798056238285
2011-06-24,-0.004783405919798311
2011-06-27,0.006987403487635602
2011-06-28,0.005868590641636251
2011-06-29,0.004404663581196955
2011-06-30,0.004616921687051967
2011-07-01,0.001636343810258678
2011-07-04,0.0008695454454630269
2011-07-05,-0.007538921722847869
2011-07-06,-0.007601738015765247
2011-07-07,0.0030761488377946122
2011-07-08,-0.006908993607351865
2011-07-11,-0.01657134477196065
2011-07-12,-0.0038264669074470348
2011-07-13,0.013715888442197288
2011-07-14,-0.001678040839628081
2011-07-15,0.0009936544828397231
2011-07-18,-0.003231120569582191
2011-07-19,0.003163569300610014
2011-07-20,0.0042524005486968
2011-07-21,0.014754899406734134
2011-07-22,-0.004514893528444475
2011-07-25,0.0011465627859872374
2011-07-26,0.009365288004188344
2011-07-27,-0.009734311845608468
2011-07-28,-0.0024009077060987982
2011-07-29,0.00459343973859494
2011-08-01,-0.010336111267487236
2011-08-02,-0.0031756353904268675
2011-08-03,0.00840328438227611
2011-08-04,-0.01612647437111081
2011-08-05,0.013481598250360438
2011-08-08,-0.006971321594421709
2011-08-09,0.013905763388239567
2011-08-10,-0.013753318464755582
2011-08-11,0.004472680242522564
2011-08-12,0.0004622052387943665
2011-08-15,0.013755838086652039
2011-08-16,-0.002588201072125984
2011-08-17,0.0013248868325830276
2011-08-18,-0.006431207096102676
2011-08-19,0.0044969244610215675
2011-08-22,-0.0027536131183990564
2011-08-23,0.005836666696859005
2011-08-24,-0.0019451182933941658
2011-08-25,-0.0024007395860373704
2011-08-26,0.008345931775695092
2011-08-29,0.0008141620030592822
2011-08-30,-0.00480723159853369
2011-08-31,-0.004991860344290111
2011-09-01,-0.007624914365917945
2011-09-02,-0.0037477409723079003
2011-09-05,-0.007511003133692573
2011-09-06,-0.0070952983714871465
2011-09-07,0.007135282381390828
2011-09-08,-0.015359355853577172
2011-09-09,-0.016231637172286595
2011-09-12,0.0017198983003918755
2011-09-13,-0.00015721603311047438
2011-09-14,0.005595576781025846
2011-09-15,0.008853940527178139
2011-09-16,-0.005824871769917417
2011-09-19,-0.007952431883690103
2011-09-20,0.0011826551704980925
2011-09-21,-0.009414291617447668
2011-09-22,-0.007905921960804196
2011-09-23,0.0026090108936605017
2011-09-26,0.002418465696909511
2011-09-27,0.003792649754597699
2011-09-28,-0.00307582191896838
2011-09-29,0.00407509340140666
2011-09-30,-0.015421329737499767
2011-10-03,-0.01579213202748364
2011-10-04,0.013107590650839773
2011-10-05,-6.144540575714341e-05
2011-10-06,0.006577310564163552
2011-10-07,-0.004404364758232693
2011-10-10,0.019724862913773178
2011-10-11,-0.00015619557445878396
2011-10-12,0.011082083695768574
2011-10-13,-0.0010032120193939065
2011-10-14,0.007607525183544128
2011-10-17,-0.01043334635279669
2011-10-18,0.001109826185489382
2011-10-19,0.0005986708488761039
2011-10-20,0.0014547067141150727
2011-10-21,0.008428091897416667
2011-10-24,0.002348205300234829
2011-10-25,-0.0014880695887987683
2011-10-26,-0.00013018435831335662
2011-10-27,0.020327949041653692
2011-10-28,-0.0029427233515744167
2011-10-31,-0.020404598936531237
2011-11-01,-0.011113894136134284
2011-11-02,0.003154046829675572
2011-11-03,0.00564284399337267
2011-11-04,-0.0022553257379189784
2011-11-07,-0.001129124076739818
2011-11-08,0.004221758865330605
2011-11-09,-0.02104897111992965
2011-11-10,0.00474341401740519
2011-11-11,0.010567353001923685
2011-11-14,-0.008516330057430244
2011-11-15,-0.006855299267374271
2011-11-16,-0.005591527469394397
2011-11-17,-0.0003357439551231467
2011-11-18,0.004949428300535352
2011-11-21,-0.0026462635483296415
2011-11-22,0.0011676232528277097
2011-11-23,-0.012060995106144556
2011-11-24,0.0003957484029526448
2011-11-25,-0.008045948592539487
2011-11-28,0.006167058165970518
2011-11-29,0.00011034917632213315
2011-11-30,0.009582806042564451
2011-12-01,0.0010482889470941892
2011-12-02,-0.005157230929423107
2011-12-05,0.0007502715535099291
2011-12-06,4.625070868025105e-05
2011-12-07,0.0006661285919100646
2011-12-08,-0.005188318828155625
2011-12-09,0.0034327077627454017
2011-12-12,-0.014645701279071832
2011-12-13,-0.011181643733459534
2011-12-14,-0.004115794072336754
2011-12-15,0.0022849710626771103
2011-12-16,0.002212190621571075
2011-12-19,-0.003783299239202842
2011-12-20,0.006534017497877187
2011-12-21,-0.002648292134281971
2011-12-22,0.00024975063242083095
2011-12-23,-0.0004281464551924019
2011-12-26,0.0013194704647800926
2011-12-27,0.0007522243419184615
2011-12-28,-0.01013936658780501
2011-12-29,0.0014221553416957633
2011-12-30,7.713936383213493e-06
2012-01-02,-0.0020549768005152513
2012-01-03,0.008853668660687486
2012-01-04,-0.008185234703924071
2012-01-05,-0.01190833019176929
2012-01-06,-0.005649474573846347
2012-01-09,0.003770941264995109
2012-01-10,0.0010136085168181985
2012-01-11,-0.005565289247144389
2012-01-12,0.008409603646181152
2012-01-13,-0.010460430621710759
2012-01-16,-0.0010022939994054347
2012-01-17,0.005423027738747255
2012-01-18,0.009972599298102347
2012-01-19,0.008160809457770313
2012-01-20,-0.002837557541503277
2012-01-23,0.0063485435466783535
2012-01-24,0.001761153201887078
2012-01-25,0.00534934095873929
2012-01-26,0.0002082878736784366
2012-01-27,0.008471660822344518
2012-01-30,-0.005742531569930431
2012-01-31,-0.004566849223985536
2012-02-01,0.005886264109991046
2012-02-02,-0.001297702731861694
2012-02-03,0.0010627906127516074
2012-02-06,-0.0021218046586987116
2012-02-07,0.009981196723096941
2012-02-08,-7.917507116328437e-05
2012-02-09,0.0019591725926986214
2012-02-10,-0.006694674666658518
2012-02-13,-0.0008380229024234076
2012-02-14,-0.003933517711446566
2012-02-15,-0.005168712123519104
2012-02-16,0.0049093473514396635
2012-02-17,0.0007592684825139528
2012-02-20,0.007840329106622468
2012-02-21,-0.0006871004812722958
2012-02-22,0.0011507401609072154
2012-02-23,0.009376469318553182
2012-02-24,0.005599490968960952
2012-02-27,-0.003713942414932614
2012-02-28,0.004483792894740546
2012-02-29,-0.009874103325173023
2012-03-01,-0.001005511554002969
2012-03-02,-0.008419495010572264
2012-03-05,0.0014097352788335904
2012-03-06,-0.007952543444730509
2012-03-07,0.0027984206842177617
2012-03-08,0.009569439839893557
2012-03-09,-0.011447538579613448
2012-03-12,0.002459409833067916
2012-03-13,-0.005409891634960862
2012-03-14,-0.004004218184041175
2012-03-15,0.0036858015314029657
2012-03-16,0.007281085841135404
2012-03-19,0.00479696199995594
2012-03-20,-0.0009878930235720507
2012-03-21,-0.000698559485666661
2012-03-22,-0.0011340613316105363
2012-03-23,0.005207911238287677
2012-03-26,0.0067006988528264255
2012-03-27,-0.0034466808575611685
2012-03-28,0.00028990666657646713
2012-03-29,-0.0011164929357607711
2012-03-30,0.003091639719114081
2012-04-02,-0.0016373480207573232
2012-04-03,-0.006608921481058849
2012-04-04,-0.006880319761840892
2012-04-05,-0.005767742789560715
2012-04-06,0.002294922398106136
2012-04-09,0.0007642405655226003
2012-04-10,-0.0017981412849271683
2012-04-11,0.0021055592113057298
2012-04-12,0.00592970082276012
2012-04-13,-0.008339076446714833
2012-04-16,0.0049045392409012845
2012-04-17,-0.0011556718074662298
2012-04-18,-0.00032371875923542515
2012-04-19,0.0011398590262585717
2012-04-20,0.006160103322909283
2012-04-23,-0.004760849388782296
2012-04-24,0.0031085192427982022
2012-04-25,0.0015138324737524744
2012-04-26,0.00015281878793493853
2012-04-27,0.0027389716867027847
2012-04-30,-0.0012024289970958835
2012-05-01,-0.00015482728827165282
2012-05-02,-0.005968194305854824
2012-05-03,-0.0004749420570689944
2012-05-04,-0.005181228973827778
2012-05-07,-0.0025074321174466396
2012-05-08,-0.003526584223917717
2012-05-09,-0.005847953216374324
2012-05-10,0.0005297675209974262
2012-05-11,-0.0014632393010772793
2012-05-14,-0.007257247958681212
2012-05-15,-0.007328235227149538
2012-05-16,-0.0010125377148697545
2012-05-17,-0.0014185177904462165
2012-05-18,0.006460904636890197
2012-05-21,0.0029605265731513786
2012-05-22,-0.010456848436153243
2012-05-23,-0.008040803134336638
2012-05-24,-0.003979083388300331
2012-05-25,-0.0011976162569424798
2012-05-28,0.001914808974438742
2012-05-29,-0.003028976598185684
2012-05-30,-0.010856352265638858
2012-05-31,-0.0001439145567957434
2012-06-01,0.005614284201001629
2012-06-04,0.005229935429917676
2012-06-05,-0.0037844548577170567
2012-06-06,0.010437752884052465
2012-06-07,-0.0016727829864061627
2012-06-08,-0.003492064250161464
2012-06-11,-0.0027989679604437656
2012-06-12,0.0017318361468328103
2012-06-13,0.004324504137386276
2012-06-14,0.006071868759733645
2012-06-15,0.0004044058873899914
2012-06-18,-0.00491735971957763
2012-06-19,0.008656649259029425
2012-06-20,0.001718204932982026
2012-06-21,-0.013142179132708987
2012-06-22,0.002408624166130524
2012-06-25,-0.005216088267857688
2012-06-26,-0.0010354151974965031
2012-06-27,-0.0018248598739726285
2012-06-28,-0.0019340390063273816
2012-06-29,0.017909263054552982
2012-07-02,-0.007095439581819019
2012-07-03,0.002520625649333308
2012-07-04,-0.006438353557586929
2012-07-05,-0.01068653676724074
2012-07-06,-0.008139190646625938
2012-07-09,0.0018136111926647658
2012-07-10,-0.005135486405898337
2012-07-11,-0.0009416603086916941
2012-07-12,-0.0029403573024180396
2012-07-13,0.003764107210292744
2012-07-16,0.001957830342044886
2012-07-17,0.0017226844555218168
2012-07-18,-0.0008334349717445955
2012-07-19,-0.00024739080015467874
2012-07-20,-0.010093437556215945
2012-07-23,-0.003249676635795229
2012-07-24,-0.0046437419204748975
2012-07-25,0.00800802294163483
2012-07-26,0.010268031132986133
2012-07-27,0.0032058533885681584
2012-07-30,-0.004984468157085309
2012-07-31,0.0035589509859477175
2012-08-01,-0.006410204330340785
2012-08-02,-0.0037090338195853167
2012-08-03,0.016962075599298743
2012-08-06,0.0011314746051744873
2012-08-07,-0.00017493045103855742
2012-08-08,-0.002762288393873602
2012-08-09,-0.004770182317985205
2012-08-10,-0.0013818595393800814
2012-08-13,0.00351596787957531
2012-08-14,-0.0008276783419842726
2012-08-15,-0.0026076021256744575
2012-08-16,0.005397222565677762
2012-08-17,-0.0017751225554645256
2012-08-20,0.0009912650341190599
2012-08-21,0.010287449392712533
2012-08-22,0.004473813922361458
2012-08-23,0.0027990396453485555
2012-08-24,-0.004130347431363202
2012-08-27,-0.001049852828850062
2012-08-28,0.005269977365251366
2012-08-29,-0.002791835968299239
2012-08-30,-0.0018869128828679083
2012-08-31,0.00581132769253534
2012-09-03,0.0011086606663885945
2012-09-04,-0.0021076948724666478
2012-09-05,0.00278835176986747
2012-09-06,0.0023482372354264314
2012-09-07,0.014618355652641801
2012-09-10,-0.004526697609111174
2012-09-11,0.007615110171477202
2012-09-12,0.003476259171841578
2012-09-13,0.0070291823441199774
2012-09-14,0.010693355805156957
2012-09-17,-0.0009670296200410267
2012-09-18,-0.005214819783084246
2012-09-19,6.129385192021886e-05
2012-09-20,-0.006204089888053765
2012-09-21,0.0009135271398506006
2012-09-24,-0.0037701553119138254
2012-09-25,-0.0024469253011303316
2012-09-26,-0.0019530417462674254
2012-09-27,0.0030323620197627577
2012-09-28,-0.0040946674098847335
2012-10-01,0.002191402147558419
2012-10-02,0.002479037550127572
2012-10-03,-0.0011846122658050184
2012-10-04,0.008738258932894372
2012-10-05,0.0020696460866793664
2012-10-08,-0.005868873816913922
2012-10-09,-0.006399206902293453
2012-10-10,-0.000792153874920376
2012-10-11,0.004107557439803733
2012-10-12,0.0017631228927585951
2012-10-15,-0.0001389489285492651
2012-10-16,0.00810107623179901
2012-10-17,0.004974141357515727
2012-10-18,-0.0039535209807901595
2012-10-19,-0.0032982418557679916
2012-10-22,0.002768760521021374
2012-10-23,-0.005600311094372534
2012-10-24,-0.001019983988175932
2012-10-25,-0.0030746350315746795
2012-10-26,0.00030995768034181026
2012-10-29,-0.0026102558792575614
2012-10-30,0.004271941540874069
2012-10-31,6.865895937702149e-05
2012-11-01,-0.0013144588155522552
2012-11-02,-0.008345131916267512
2012-11-05,-0.003040091350733687
2012-11-06,0.0014219416535150575
2012-11-07,-0.00336958556984146
2012-11-08,-0.0018873670095135298
2012-11-09,-0.002589742986439658
2012-11-12,-0.00031453266736281016
2012-11-13,-0.0004538561252486195
2012-11-14,0.0025134743155819095
2012-11-15,0.0035331195616763456
2012-11-16,-0.0029700120302305066
2012-11-19,0.0055552548191699636
2012-11-20,0.0002340586550988455
2012-11-21,0.0009360155378579371
2012-11-22,0.004286838680517047
2012-11-23,0.0071341497954189315
2012-11-26,-0.0002950863878883325
2012-11-27,-0.002213415827772791
2012-11-28,0.0007600392377982157
2012-11-29,0.002076943381489116
2012-11-30,0.000535296858693135
2012-12-03,0.005250800591205751
2012-12-04,0.0030684735971133748
2012-12-05,-0.0020040187255510045
2012-12-06,-0.0074989883288723025
2012-12-07,-0.0033134480207175354
2012-12-10,0.0010934615792088653
2012-12-11,0.0049244721159007465
2012-12-12,0.005286218320739833
2012-12-13,0.00023168556216646152
2012-12-14,0.006583544197353408
2012-12-17,0.00011619764840276048
2012-12-18,0.0049397247271001365
2012-12-19,-0.00013223715032717465
2012-12-20,0.0013202791706499184
2012-12-21,-0.004224303974785348
2012-12-24,-0.00021222491293093615
2012-12-25,-0.00015162140136082414
2012-12-26,0.0031102265188134304
2012-12-27,0.000857157758600513
2012-12-28,-0.0016108921381968733
2012-12-31,-0.0017534331131078273
2013-01-01,0.0008327902641589446
2013-01-02,-0.001372695548544467
2013-01-03,-0.010388598168537544
2013-01-04,0.0015238530113910187
2013-01-07,0.0036963571146075846
2013-01-08,-0.002748339449646142
2013-01-09,-0.0013129949046932765
2013-01-10,0.01589833027355847
2013-01-11,0.005350594644433659
2013-01-14,0.0029461591660242537
2013-01-15,-0.005688240492891183
2013-01-16,-0.001288565875019021
2013-01-17,0.006527878714014612
2013-01-18,-0.004107933409024156
2013-01-21,-0.0005906621345044272
2013-01-22,0.0006683608487731973
2013-01-23,-0.00031519557885661964
2013-01-24,0.004423888547736343
2013-01-25,0.006488143685364323
2013-01-28,-0.0005933197689097502
2013-01-29,0.0026637223309093905
2013-01-30,0.005543015430035769
2013-01-31,0.0008791931173843803
2013-02-01,0.00450770514218557
2013-02-04,-0.009221244633462855
2013-02-05,0.005097431974437461
2013-02-06,-0.004414998038351325
2013-02-07,-0.009235867282095356
2013-02-08,-0.0024625744648936188
2013-02-11,0.0030656190598019606
2013-02-12,0.0035738284189463787
2013-02-13,-0.00015011321657698584
2013-02-14,-0.006610432651107501
2013-02-15,-0.0002267022307349542
2013-02-18,-0.0006735256523469069
2013-02-19,0.0027775447971769562
2013-02-20,-0.007845049628060208
2013-02-21,-0.006997070503614422
2013-02-22,0.00030850628382572687
2013-02-25,-0.009934324340913236
2013-02-26,-0.00014159351639453366
2013-02-27,0.005992933100219533
2013-02-28,-0.006251707311134336
2013-03-01,-0.002683032347232106
2013-03-04,0.00032246151767290065
2013-03-05,0.0019679162115924242
2013-03-06,-0.006511089918151858
2013-03-07,0.010789034399540487
2013-03-08,-0.007782095231121056
2013-03-11,0.0031689263781984334
2013-03-12,-0.000925757043953479
2013-03-13,-0.005603411906387468
2013-03-14,0.0033971913774284435
2013-03-15,0.005459078437447307
2013-03-18,-0.00907200256906271
2013-03-19,-0.005775440681170196
2013-03-20,0.003942507683233565
2013-03-21,-0.002625231910946324
2013-03-22,0.0069810665600169575
2013-03-25,-0.010468661364474219
2013-03-26,0.0006214948545826271
2013-03-27,-0.006322250543956076
2013-03-28,0.0027967356032656543
2013-03-29,0.0002340365611914752
2013-04-01,0.002342937766300457
2013-04-02,-0.0022464216378569324
2013-04-03,0.002333365567884549
2013-04-04,0.0066873628682133646
2013-04-05,0.004244679658848893
2013-04-08,0.0013837720023981426
2013-04-09,0.0056926783717416996
2013-04-10,-0.0009942287352737722
2013-04-11,0.0022138059179146463
2013-04-12,0.0010731636574576875
2013-04-15,-0.005875486351655357
2013-04-16,0.010825673297056193
2013-04-17,-0.01100488633949448
2013-04-18,0.0014515257899001544
2013-04-19,7.047928981385176e-05
2013-04-22,0.0010754994484618585
2013-04-23,-0.005334225049049346
2013-04-24,0.0014509109736104975
2013-04-25,-0.00031956760045459554
2013-04-26,0.0014738620025620541
2013-04-29,0.005299782622206983
2013-04-30,0.005258867565075764
2013-05-01,0.0009141586779017885
2013-05-02,-0.008729675891438915
2013-05-03,0.0037398010643165946
2013-05-06,-0.0028841733370641442
2013-05-07,0.00022020739254569044
2013-05-08,0.005646158762095288
2013-05-09,-0.008364676799956228
2013-05-10,-0.004144027571657993
2013-05-13,-0.0010622558928261583
2013-05-14,-0.004241212814257378
2013-05-15,-0.0025575784027399573
2013-05-16,-0.00038326274523203807
2013-05-17,-0.003338147944916159
2013-05-20,0.00334465610393897
2013-05-21,0.0018580710056324001
2013-05-22,-0.003727067995943578
2013-05-23,0.00590739150990327
2013-05-24,-0.00015924391607069488
2013-05-27,-8.195409488265248e-05
2013-05-28,-0.005799887265222847
2013-05-29,0.006611448125680486
2013-05-30,0.00842616980130595
2013-05-31,-0.003907426178376361
2013-06-03,0.005914897773798833
2013-06-04,0.0003945566475531681
2013-06-05,0.0009126256484495165
2013-06-06,0.011675386233139795
2013-06-07,-0.0021074942859128365
2013-06-10,0.0029515795716201776
2013-06-11,0.004233331774650573
2013-06-12,0.0017956934899163723
2013-06-13,0.002842770501757963
2013-06-14,-0.0021021124286276782
2013-06-17,0.0014960034160118596
2013-06-18,0.0018789920165280805
2013-06-19,-0.007246533706535496
2013-06-20,-0.005643407914458387
2013-06-21,-0.007412707260459728
2013-06-24,-0.0001569657753652809
2013-06-25,-0.0032830811579490637
2013-06-26,-0.005001246297426154
2013-06-27,0.0020210046160360484
2013-06-28,-0.002148833977651199
2013-07-01,0.0041447599489994325
2013-07-02,-0.006513316709450989
2013-07-03,0.002324266357689009
2013-07-04,-0.0073009643667744095
2013-07-05,-0.006588146755633906
2013-07-08,0.0031916062703567505
2013-07-09,-0.006916065596186294
2013-07-10,0.015412526227345902
2013-07-11,0.009170636397325849
2013-07-12,-0.0022796503416421254
2013-07-15,-0.00037035223251991045
2013-07-16,0.007645554892144579
2013-07-17,-0.0028236784850437235
2013-07-18,-0.0012234782893548735
2013-07-19,0.002591062854440551
2013-07-22,0.0032766755779256584
2013-07-23,0.002807205920156264
2013-07-24,-0.001669627078810465
2013-07-25,0.005755001162664808
2013-07-26,0.00014459562553037486
2013-07-29,-0.001276323705811544
2013-07-30,7.841138533315473e-05
2013-07-31,0.002935673026035035
2013-08-01,-0.007141804777138994
2013-08-02,0.005226996558994834
2013-08-05,-0.0013541818083222523
2013-08-06,0.003539373169696214
2013-08-07,0.002325207382345429
2013-08-08,0.003371751961419367
2013-08-09,-0.0029075828055821207
2013-08-12,-0.003134897259606584
2013-08-13,-0.0027816390770671884
2013-08-14,-0.0006038670105417143
2013-08-15,0.006938483008335661
2013-08-16,-0.0013492172891594878
2013-08-19,0.00045534778593681047
2013-08-20,0.0061507707396373235
2013-08-21,-0.00462418871757575
2013-08-22,7.561849942949728e-05
2013-08-23,0.0020220804295405514
2013-08-26,-0.001114718921980118
2013-08-27,0.001861683428549199
2013-08-28,-0.003965803900254694
2013-08-29,-0.007425013435631511
2013-08-30,-0.0014393237443863782
2013-09-02,-0.0022672152954602565
2013-09-03,-0.0016614506313435973
2013-09-04,0.002809123120829593
2013-09-05,-0.006585975408017752
2013-09-06,0.004417218310878823
2013-09-09,0.005837166352791634
2013-09-10,0.0009814223759776475
2013-09-11,0.0032322778628530724
2013-09-12,-0.0009014307960311108
2013-09-13,-0.00037668691452819036
2013-09-16,0.0030078615074959902
2013-09-17,0.0018859930334491626
2013-09-18,0.012123979251962957
2013-09-19,0.0006507778274078557
2013-09-20,-0.0004485968599697854
2013-09-23,-0.0022957469162684374
2013-09-24,-0.0014243409644018046
2013-09-25,0.0038620411228713625
2013-09-26,-0.0027183113793527447
2013-09-27,0.002447737251492166
2013-09-30,0.000374915976670831
2013-10-01,-8.352983789294832e-05
2013-10-02,0.003917359172083579
2013-10-03,0.0029462531553847704
2013-10-04,-0.004473578135634537
2013-10-07,0.0017139856509016393
2013-10-08,-0.0005632338605888743
2013-10-09,-0.0036037814658669287
2013-10-10,-0.0003201310689050496
2013-10-11,0.001769789769979102
2013-10-14,0.0012698122080632146
2013-10-15,-0.0027281085875697775
2013-10-16,0.0007430403733388324
2013-10-17,0.010398535413385313
2013-10-18,0.0008781608489425441
2013-10-21,-0.00043029385636805806
2013-10-22,0.007290371666436313
2013-10-23,-0.0003627873094096401
2013-10-24,0.001799352262219056
2013-10-25,7.245342512707253e-05
2013-10-28,-0.0012345169191848582
2013-10-29,-0.002905135888547239
2013-10-30,-0.0006591065832087795
2013-10-31,-0.011060784082487896
2013-11-01,-0.007141027377496112
2013-11-04,0.0020114369429717893
2013-11-05,-0.0029618941916389474
2013-11-06,0.0028883181187044915
2013-11-07,-0.006959506108159763
2013-11-08,-0.003875605074278088
2013-11-11,0.0029922582797656805
2013-11-12,0.0021696277473686187
2013-11-13,0.003797001098466035
2013-11-14,-0.0019358033917707962
2013-11-15,0.0025962294873729252
2013-11-18,0.0007409174632764248
2013-11-19,0.0023684401463561766
2013-11-20,-0.007313810634201001
2013-11-21,0.003195743968452014
2013-11-22,0.005619052563655691
2013-11-25,-0.0030254173409074436
2013-11-26,0.004078434969934985
2013-11-27,0.0005164828768613461
2013-11-28,0.00193157667615651
2013-11-29,-0.0010980603139394418
2013-12-02,-0.0036112478450606167
2013-12-03,0.0033917229553848127
2013-12-04,0.0003679793225057626
2013-12-05,0.0054301125896802915
2013-12-06,0.002831003919795405
2013-12-09,0.002391789405788325
2013-12-10,0.0015977580433834682
2013-12-11,0.001824861282199386
2013-12-12,-0.002396797692574393
2013-12-13,-0.0008158801397903925
2013-12-16,0.001360182813227917
2013-12-17,0.0005043791594019353
2013-12-18,-0.005970320555147568
2013-12-19,-0.0017260732053807626
2013-12-20,0.0008594046243872722
2013-12-23,0.001653701336126412
2013-12-24,-0.0011712329417296052
2013-12-25,7.676038988435607e-05
2013-12-26,0.0007222232781041171
2013-12-27,0.004233790557390593
2013-12-30,0.003864612716779847
2013-12-31,-0.00421565182107031
2014-01-01,0.0014611319260964262
2014-01-02,-0.0066163621633601455
2014-01-03,-0.006054071924744164
2014-01-06,0.002939137627290256
2014-01-07,-0.000978064357074926
2014-01-08,-0.002938534610591015
2014-01-09,0.0023571667445023703
2014-01-10,0.004564354383793656
2014-01-13,8.339594125117422e-05
2014-01-14,0.0005647043677541319
2014-01-15,-0.005440619245112188
2014-01-16,0.0010886367929834329
2014-01-17,-0.005782371367018757
2014-01-20,0.0008153480406167812
2014-01-21,0.0006744755288619064
2014-01-22,-0.0010265176347913352
2014-01-23,0.01100654117782529
2014-01-24,-0.0013099107084836303
2014-01-27,-0.0003706777114488302
2014-01-28,-0.00014554678049061298
2014-01-29,-0.0005771513884915702
2014-01-30,-0.007895218368258128
2014-01-31,-0.005070517298999655
2014-02-03,0.0028777778601671855
2014-02-04,-0.0004517590135536542
2014-02-05,0.0010489096665384778
2014-02-06,0.004190503495904219
2014-02-07,0.0033105979606598
2014-02-10,0.0007950314932216873
2014-02-11,-0.0005811431151030444
2014-02-12,-0.0032835713641485853
2014-02-13,0.006480632040027023
2014-02-14,0.000873480545870553
2014-02-17,0.0010224314149354097
2014-02-18,0.0037922644517158766
2014-02-19,-0.0018904223687624677
2014-02-20,-0.0010194555815919992
2014-02-21,0.0019680992971697897
2014-02-24,-0.0007907858534449419
2014-02-25,0.0007222450755191012
2014-02-26,-0.004219756170847799
2014-02-27,0.0016840957793855527
2014-02-28,0.00669734032000191
2014-03-03,-0.004850113101681375
2014-03-04,0.0005831901447419519
2014-03-05,-0.0007298361834298106
2014-03-06,0.009295277431080828
2014-03-07,0.0009949186280655553
2014-03-10,0.00015784671138274753
2014-03-11,-0.001216452958654246
2014-03-12,0.0031047228874283572
2014-03-13,-0.002511048324912779
2014-03-14,0.0033105825428245694
2014-03-17,0.000569228867378202
2014-03-18,0.0008547941741825493
2014-03-19,-0.007249497250487624
2014-03-20,-0.003905332202652323
2014-03-21,0.0010756004891732118
2014-03-24,0.0032552342934946132
2014-03-25,-0.0009351014989806838
2014-03-26,-0.0032723019602710623
2014-03-27,-0.0029644648832464204
2014-03-28,0.0008814298524497666
2014-03-31,0.0012333513924289718
2014-04-01,0.0017373481182239026
2014-04-02,-0.0018822464858327947
2014-04-03,-0.0034330785765290806
2014-04-04,-0.0011028653359874685
2014-04-07,0.0027094911731739835
2014-04-08,0.004012863870470396
2014-04-09,0.004196159017682666
2014-04-10,0.0022376467463174343
2014-04-11,-6.914015573822319e-05
2014-04-14,-0.00460318009086802
2014-04-15,-0.0004305363904552051
2014-04-16,8.903997532927477e-05
2014-04-17,-0.00014911058431799074
2014-04-18,-6.94987906485478e-05
2014-04-21,-0.0014501640937054638
2014-04-22,0.0008468554690332919
2014-04-23,0.0008562809876644373
2014-04-24,0.0010068255680133475
2014-04-25,0.00020174104692749495
2014-04-28,0.00124273444955314
2014-04-29,-0.002779865685554661
2014-04-30,0.003976514525645625
2014-05-01,0.00021347164757568038
2014-05-02,-8.003478268392428e-05
2014-05-05,0.00043409725797638465
2014-05-06,0.0037985048162445523
2014-05-07,-0.0012838758690215668
2014-05-08,-0.005048638621869772
2014-05-09,-0.005934900364779949
2014-05-12,-6.469739429426635e-05
2014-05-13,-0.0038297519675821734
2014-05-14,0.000804216370692723
2014-05-15,-0.0003609502836560141
2014-05-16,-0.0011612936168969856
2014-05-19,0.0010888830951445438
2014-05-20,-0.0005091976562318079
2014-05-21,-0.0011035803591891158
2014-05-22,-0.002258555255324146
2014-05-23,-0.00196853421097154
2014-05-26,0.001254774195678765
2014-05-27,-0.0007643797567616906
2014-05-28,-0.0032439481261669068
2014-05-29,0.0007990940657331969
2014-05-30,0.002422571454829603
2014-06-02,-0.0027775740417479433
2014-06-03,0.00228958844040994
2014-06-04,-0.002103106521684883
2014-06-05,0.004529811453951815
2014-06-06,-0.001247401247401192
2014-06-09,-0.0036017520610759357
2014-06-10,-0.0034463176261674278
2014-06-11,-0.001069580294920769
2014-06-12,0.0015318247113695893
2014-06-13,-0.0008713545690042235
2014-06-16,0.0025417595888288513
2014-06-17,-0.001999820273979047
2014-06-18,0.0035286554722944175
2014-06-19,0.0009340378086737378
2014-06-20,-0.00062088616988909
2014-06-23,0.00037202791238688526
2014-06-24,9.77496271916678e-05
2014-06-25,0.001688772090726376
2014-06-26,-0.001253072154359769
2014-06-27,0.002725986563258953
2014-06-30,0.0031610494244544984
2014-07-01,-0.0009508035823824201
2014-07-02,-0.0013873599665512604
2014-07-03,-0.0036620679155126012
2014-07-04,-0.0011012625214429361
2014-07-07,0.0007450359132314954
2014-07-08,0.0005100394729395941
2014-07-09,0.0022036576309358846
2014-07-10,-0.002418693421813556
2014-07-11,-7.42061594050103e-05
2014-07-14,0.0008097154092809866
2014-07-15,-0.003744289957814395
2014-07-16,-0.003170289187559794
2014-07-17,7.688486196211208e-05
2014-07-18,-0.00016041088842488893
2014-07-21,5.175374974353275e-06
2014-07-22,-0.004312543713208772
2014-07-23,-0.00016410082770679235
2014-07-24,-1.485319105820615e-06
2014-07-25,-0.002504251732256102
2014-07-28,0.0007355908328108285
2014-07-29,-0.002296659688154068
2014-07-30,-0.0008993027048430635
2014-07-31,-0.0005261849797698614
2014-08-01,0.0027697128280492755
2014-08-04,-0.0003678778585933795
2014-08-05,-0.0034134345692569124
2014-08-06,0.00052251485878263
2014-08-07,-0.001427760261793365
2014-08-08,0.0034461886545125164
2014-08-11,-0.0018484067837051255
2014-08-12,-0.0011892347364111933
2014-08-13,-0.00038591442272883913
2014-08-14,8.82858186042057e-05
2014-08-15,0.0026947241162096347
2014-08-18,-0.0027344869162448937
2014-08-19,-0.003296367038424397
2014-08-20,-0.004581085513846395
2014-08-21,0.0016476713163422474
2014-08-22,-0.0029368387689819864
2014-08-25,-0.0037662394536989163
2014-08-26,-0.0018917546479108038
2014-08-27,0.0019819061836992002
2014-08-28,-0.0008412124372121355
2014-08-29,-0.0037886430210845035
2014-09-01,-0.0002961735744647642
2014-09-02,0.0003922225691721515
2014-09-03,0.0012934463608023083
2014-09-04,-0.015601667827414567
2014-09-05,0.0005337044806461577
2014-09-08,-0.004319079213997101
2014-09-09,0.003254717712549038
2014-09-10,-0.001549437488504668
2014-09-11,0.0006114489560087311
2014-09-12,0.0029285204319606795
2014-09-15,-0.0017677151356366716
2014-09-16,0.0015668737546328249
2014-09-17,-0.00734383738645783
2014-09-18,0.004474648451008534
2014-09-19,-0.007270051827260926
2014-09-22,0.0015555274999492497
2014-09-23,-0.00017040653240596448
2014-09-24,-0.005215017319834314
2014-09-25,-0.0022906460591969324
2014-09-26,-0.0052465510454680064
2014-09-29,0.00012454448642329474
2014-09-30,-0.004274181281087919
2014-10-01,-0.0006348161012159625
2014-10-02,0.0036434027480760633
2014-10-03,-0.01207349371348121
2014-10-06,0.011123474965591074
2014-10-07,0.0010926052037396605
2014-10-08,0.005123247564444933
2014-10-09,-0.003369824057811499
2014-10-10,-0.004953657931327959
2014-10-13,0.009830754577907719
2014-10-14,-0.007372829664427982
2014-10-15,0.014211469958691936
2014-10-16,-0.0022623148192135734
2014-10-17,-0.003752796254696822
2014-10-20,0.0030657254557848734
2014-10-21,-0.00658682494417262
2014-10-22,-0.005269489326571564
2014-10-23,-0.00023712640734518953
2014-10-24,0.0019599192946504473
2014-10-27,0.0021186323656008366
2014-10-28,0.0028385558561652147
2014-10-29,-0.008007116739176645
2014-10-30,-0.0014896087521243384
2014-10-31,-0.00697403246991557
2014-11-03,-0.0034308822508121173
2014-11-04,0.005144015616276754
2014-11-05,-0.004780601547738739
2014-11-06,-0.00888487457401288
2014-11-07,0.006462438841527751
2014-11-10,-0.0027396776443749937
2014-11-11,0.004353831516620943
2014-11-12,-0.0029621009759064343
2014-11-13,0.0031316641306295967
2014-11-14,0.0038438639607105696
2014-11-17,-0.0059843864746640385
2014-11-18,0.006927050751527997
2014-11-19,0.0014435089549393876
2014-11-20,-0.001200128374713949
2014-11-21,-0.011781290264967326
2014-11-24,0.0040995113827801966
2014-11-25,0.002548017391765578
2014-11-26,0.002572799815335536
2014-11-27,-0.0031833640051227574
2014-11-28,-0.0012021852664535482
2014-12-01,0.001479046440612919
2014-12-02,-0.006970596653889105
2014-12-03,-0.005819732024270552
2014-12-04,0.005515143295458547
2014-12-05,-0.007756063993383355
2014-12-08,0.0027862680857124733
2014-12-09,0.004621948328987768
2014-12-10,0.005949216332348239
2014-12-11,-0.002949385745438682
2014-12-12,0.004131042999742984
2014-12-15,-0.0019511240223319959
2014-12-16,0.005960471982566329
2014-12-17,-0.01346204864140954
2014-12-18,-0.00451645354718988
2014-12-19,-0.004655738185108338
2014-12-22,0.00010381762757916135
2014-12-23,-0.00475795021521519
2014-12-24,0.001979295420107441
2014-12-25,0.002374560968512629
2014-12-26,-0.0034336076512455627
2014-12-29,-0.00254776965536585
2014-12-30,0.00031424603984175903
2014-12-31,-0.004763197065765223
2015-01-01,0.0004900024624068244
2015-01-02,-0.008432504040746913
2015-01-05,-0.005749716179083153
2015-01-06,-0.0036199041952688082
2015-01-07,-0.0042989615397226455
2015-01-08,-0.003897000955884078
2015-01-09,0.004158934715914775
2015-01-12,-0.0006441346182255447
2015-01-13,-0.005151329816890371
2015-01-14,0.0013501189633124966
2015-01-15,-0.013212478291544594
2015-01-16,-0.0056596169231655225
2015-01-19,0.0033817389553338906
2015-01-20,-0.004864729847288252
2015-01-21,0.005174135898532217
2015-01-22,-0.02104207208913844
2015-01-23,-0.014235163422033348
2015-01-26,0.0029927216367351406
2015-01-27,0.012744723874694719
2015-01-28,-0.008249304505713706
2015-01-29,0.002901662344288125
2015-01-30,-0.002566493918486956
2015-02-02,0.004429872018048897
2015-02-03,0.012356518665245675
2015-02-04,-0.011834747186950989
2015-02-05,0.011629290266979453
2015-02-06,-0.014019985993080186
2015-02-09,0.0008163200398618731
2015-02-10,-0.0003513315731443756
2015-02-11,0.0013351759703648103
2015-02-12,0.005910329142367221
2015-02-13,-0.0008004215144185034
2015-02-16,-0.003420967662686847
2015-02-17,0.004935567339327651
2015-02-18,-0.001221261158025344
2015-02-19,-0.0025455046230470346
2015-02-20,0.0011871816044892736
2015-02-23,-0.004077305429878164
2015-02-24,0.00042157065938774885
2015-02-25,0.0018909791040198076
2015-02-26,-0.014337277096433065
2015-02-27,-0.00012944302007533715
2015-03-02,-0.0010892477851217608
2015-03-03,-0.0007275528928272212
2015-03-04,-0.008774558253317188
2015-03-05,-0.004331367674461739
2015-03-06,-0.016846188355031377
2015-03-09,0.0007494420666533941
2015-03-10,-0.014198338276745104
2015-03-11,-0.014147743518537648
2015-03-12,0.008330292446437015
2015-03-13,-0.01304690305248668
2015-03-16,0.006883027579730694
2015-03-17,0.0027478218427716694
2015-03-18,0.0251880472330126
2015-03-19,-0.01875492267263401
2015-03-20,0.015101859014932995
2015-03-23,0.011582127054215574
2015-03-24,-0.0020163131421975233
2015-03-25,0.0041908387167615135
2015-03-26,-0.007840064149292947
2015-03-27,0.0004536955060265857
2015-03-30,-0.0051178247179457514
2015-03-31,-0.00942556205046352
2015-04-01,0.0029528475883526806
2015-04-02,0.010865506961019955
2015-04-03,0.008182585774281659
2015-04-06,-0.004286827392316783
2015-04-07,-0.0098854944715
2015-04-08,-0.0030596870060360937
2015-04-09,-0.01132498840982843
2015-04-10,-0.0051543394548930754
2015-04-13,-0.003478539578993023
2015-04-14,0.008357771260997238
2015-04-15,0.0027159254551167855
2015-04-16,0.007196654285527293
2015-04-17,0.004188488484211383
2015-04-20,-0.006306017126243457
2015-04-21,-0.0001694262037171823
2015-04-22,-0.0010306955472464407
2015-04-23,0.009200083882843879
2015-04-24,0.004543792182460704
2015-04-27,0.001638295290314895
2015-04-28,0.008267110173676206
2015-04-29,0.013395478400189287
2015-04-30,0.008632615296167767
2015-05-01,-0.002233641780144735
2015-05-04,-0.00470043433941314
2015-05-05,0.003488614024766523
2015-05-06,0.014473441971283751
2015-05-07,-0.007039654104644133
2015-05-08,-0.006037350840615852
2015-05-11,-0.0039041545238296393
2015-05-12,0.005175761735743967
2015-05-13,0.012551849926944136
2015-05-14,0.004936491208608507
2015-05-15,0.003599857722829336
2015-05-18,-0.011844164732358387
2015-05-19,-0.014591311645575145
2015-05-20,-0.0050355997267490515
2015-05-21,0.0016182498213708207
2015-05-22,-0.008889592555843318
2015-05-25,-0.0031540587517189245
2015-05-26,-0.009561314054703618
2015-05-27,0.002846166362836522
2015-05-28,0.004076544058668308
2015-05-29,0.0033798280323047436
2015-06-01,-0.005378408478795782
2015-06-02,0.020514804965268807
2015-06-03,0.011105852064205779
2015-06-04,-0.0032901065405827046
2015-06-05,-0.011030798351918225
2015-06-08,0.015924411885070988
2015-06-09,-0.0006817055032227737
2015-06-10,0.003619047619047633
2015-06-11,-0.005811084579837367
2015-06-12,0.0007085448016963536
2015-06-15,0.0014923916418969618
2015-06-16,-0.003082219694311883
2015-06-17,0.007896890743681606
2015-06-18,0.0019309802413989274
2015-06-19,-0.0006151387494290894
2015-06-22,-0.0009703864815123753
2015-06-23,-0.015317383087944836
2015-06-24,0.0033952468334601527
2015-06-25,-1.6057908386102326e-05
2015-06-26,-0.003362401587974184
2015-06-29,0.0062193641711632
2015-06-30,-0.007964565556211833
2015-07-01,-0.008440112594617188
2015-07-02,0.002804459280173699
2015-07-03,0.0027244688142562534
2015-07-06,-0.005181403071067292
2015-07-07,-0.004076484947111547
2015-07-08,0.005972271015286079
2015-07-09,-0.0037106220164777604
2015-07-10,0.011391611672575186
2015-07-13,-0.014309062495802216
2015-07-14,0.000625989749758471
2015-07-15,-0.005359805183838717
2015-07-16,-0.006845632314962935
2015-07-17,-0.004137161471546413
2015-07-20,-0.00043287925622281787
2015-07-21,0.010144287859172874
2015-07-22,-0.0005685765475886839
2015-07-23,0.005032295593860425
2015-07-24,-7.280404790477313e-06
2015-07-27,0.009485526449903192
2015-07-28,-0.0025422468233183837
2015-07-29,-0.00687433062041598
2015-07-30,-0.004731400427182009
2015-07-31,0.004749321068368673
2015-08-03,-0.0030569044724179095
2015-08-04,-0.00630782361828075
2015-08-05,0.0022846801493725533
2015-08-06,0.001717624069467405
2015-08-07,0.0038484201896575865
2015-08-10,0.00475881442537851
2015-08-11,0.0020792076513389546
2015-08-12,0.010598070855984076
2015-08-13,-0.0008044129845511394
2015-08-14,-0.0036729768594389034
2015-08-17,-0.0027552150678411547
2015-08-18,-0.004885927356230502
2015-08-19,0.008696401207757942
2015-08-20,0.010970272216284549
2015-08-21,0.012817149995776544
2015-08-24,0.020506900305509612
2015-08-25,-0.008783256583786425
2015-08-26,-0.017639722659297696
2015-08-27,-0.006024362490105295
2015-08-28,-0.005417368465493677
2015-08-31,0.0023226302290457745
2015-09-01,0.009314463676088236
2015-09-02,-0.007777137829539038
2015-09-03,-0.009261666334292373
2015-09-04,0.002313922444508565
2015-09-07,0.001888105117069605
2015-09-08,0.003015632969727511
2015-09-09,0.00034794090357559426
2015-09-10,0.0064783682788265295
2015-09-11,0.005156246954012955
2015-09-14,-0.001838052175998084
2015-09-15,-0.004185404868812026
2015-09-16,0.0018536108605631263
2015-09-17,0.01273969364892058
2015-09-18,-0.01193433623831952
2015-09-21,-0.009538579404559822
2015-09-22,-0.006246120179532411
2015-09-23,0.005925855352684195
2015-09-24,0.0039073424620814645
2015-09-25,-0.0031418328366923376
2015-09-28,0.004363322732313213
2015-09-29,0.0004649281494881752
2015-09-30,-0.006408228691662243
2015-10-01,0.0016088126086550858
2015-10-02,0.0018526537591014858
2015-10-05,-0.0024721724638844256
2015-10-06,0.007499222739601796
2015-10-07,-0.0031187095973255197
2015-10-08,0.0034647075724540954
2015-10-09,0.007265390643283132
2015-10-12,3.344234363944487e-05
2015-10-13,0.0018392673907572377
2015-10-14,0.008320362048186425
2015-10-15,-0.007668022204334268
2015-10-16,-0.0033281186077910307
2015-10-19,-0.0018171552491829113
2015-10-20,0.0016580952817968342
2015-10-21,-0.000634301435899931
2015-10-22,-0.02025851847738047
2015-10-23,-0.008207621697201462
2015-10-26,0.003625200039191201
2015-10-27,-0.0006571573200273573
2015-10-28,-0.011594197654929195
2015-10-29,0.004932577431856711
2015-10-30,0.002626294820716968
2015-11-02,0.0009218816558265175
2015-11-03,-0.004685015934317027
2015-11-04,-0.008950997437232378
2015-11-05,0.001637469722908902
2015-11-06,-0.013141713575117508
2015-11-09,0.0010572221488041045
2015-11-10,-0.002603077209129334
2015-11-11,0.0017560702800951677
2015-11-12,0.006591398429750761
2015-11-13,-0.003782521644121295
2015-11-16,-0.008054923050942353
2015-11-17,-0.004059698141799517
2015-11-18,0.0017046975453294255
2015-11-19,0.0069393916663540445
2015-11-20,-0.008164473923128357
2015-11-23,-0.0008196005644260929
2015-11-24,0.0006201375577856716
2015-11-25,-0.001792589253854615
2015-11-26,-0.001252080136891598
2015-11-27,-0.0011406235283036859
2015-11-30,-0.0026629224819870734
2015-12-01,0.0063867103477943665
2015-12-02,-0.0017098513744573385
2015-12-03,0.030468661773009664
2015-12-04,-0.005413817289146028
2015-12-07,-0.0039649308386774385
2015-12-08,0.005061167295087321
2015-12-09,0.012214965786721876
2015-12-10,-0.00755932968264772
2015-12-11,0.004161815932322677
2015-12-14,0.0006592389381980812
2015-12-15,-0.005512150174742381
2015-12-16,-0.0017598491244612546
2015-12-17,-0.007968980838198525
2015-12-18,0.003841185480448095
2015-12-21,0.004378905880179307
2015-12-22,0.0038958293485811257
2015-12-23,-0.004279994603286985
2015-12-24,0.004659108699413883
2015-12-25,-0.00025515829838584914
2015-12-28,0.0006900147482675756
2015-12-29,-0.004545309632139505
2015-12-30,0.001165764586926743
2015-12-31,-0.006485583378042059
2016-01-01,-0.0005455266355910426
2016-01-04,-0.0022661377171101504
2016-01-05,-0.007687496309854325
2016-01-06,0.003049361539927631
2016-01-07,0.014002029816992057
2016-01-08,-0.0009204568098264421
2016-01-11,-0.005681532275403356
2016-01-12,-0.00010673487884216293
2016-01-13,0.0017226639820591139
2016-01-14,-0.0011235015768523704
2016-01-15,0.004681157101103839
2016-01-18,-0.0021502561267194853
2016-01-19,0.0014476015041111623
2016-01-20,-0.0016845950696969814
2016-01-21,-0.0014846515656741222
2016-01-22,-0.007176070575261817
2016-01-25,0.004951910928543413
2016-01-26,0.001905611006676411
2016-01-27,0.0020950349785349154
2016-01-28,0.004261119963599347
2016-01-29,-0.009953102762862986
2016-02-01,0.005268315006486057
2016-02-02,0.0028452165485137737
2016-02-03,0.017076862814007887
2016-02-04,0.009311558372258943
2016-02-05,-0.004537937244518231
2016-02-08,0.0031525258269782253
2016-02-09,0.008938607337835913
2016-02-10,-3.893471091409584e-05
2016-02-11,0.0026998733687710885
2016-02-12,-0.005921786526214667
2016-02-15,-0.008893868397736315
2016-02-16,-0.0010471382401627816
2016-02-17,-0.0013791161640843708
2016-02-18,-0.0019377391307472402
2016-02-19,0.002075553008472397
2016-02-22,-0.008971842796578922
2016-02-23,-0.0007809208887279429
2016-02-24,-0.0006799865453327447
2016-02-25,0.00044183837425237904
2016-02-26,-0.007560533236601108
2016-02-29,-0.0054926930095406945
2016-03-01,-0.0004695172150186444
2016-03-02,-1.19502758215706e-05
2016-03-03,0.008197987181797206
2016-03-04,0.004391171702472496
2016-03-07,0.0008805677755769903
2016-03-08,-0.00032198611922384934
2016-03-09,-0.0011141586151770522
2016-03-10,0.016137895579177775
2016-03-11,-0.001860168264331663
2016-03-14,-0.00466938614677137
2016-03-15,0.0005020599754728128
2016-03-16,0.010320338783376348
2016-03-17,0.008349244072971329
2016-03-18,-0.004238922702776593
2016-03-21,-0.0025070188549448646
2016-03-22,-0.002167605014197438
2016-03-23,-0.0032580252697356205
2016-03-24,-0.0006380081279017125
2016-03-25,-0.0006250033530222909
2016-03-28,0.0025964149432537997
2016-03-29,0.008482978269618746
2016-03-30,0.004168646574692625
2016-03-31,0.0037010470438327836
2016-04-01,0.0009622357582961261
2016-04-04,-1.0525300190300513e-05
2016-04-05,-0.0005631094870791609
2016-04-06,0.0012830684115929802
2016-04-07,-0.0018826944618280939
2016-04-08,0.0018476075063444952
2016-04-11,0.0007923749686644666
2016-04-12,-0.0018462433152504065
2016-04-13,-0.00987215597497515
2016-04-14,-0.0005751409715718525
2016-04-15,0.001417842290537985
2016-04-18,0.002573118263384133
2016-04-19,0.004037888322183214
2016-04-20,-0.005387708284404047
2016-04-21,-0.0008295584591084815
2016-04-22,-0.005853331256240102
2016-04-25,0.004100889357008031
2016-04-26,0.0026547801560059536
2016-04-27,0.0021737380955118013
2016-04-28,0.002623476808305991
2016-04-29,0.008724680998625223
2016-05-02,0.007308167156000911
2016-05-03,-0.003309683661457563
2016-05-04,-0.0008021413611200012
2016-05-05,-0.0071372223628329845
2016-05-06,-8.847689220092825e-05
2016-05-09,-0.0017837118026352572
2016-05-10,-0.001008421946912641
2016-05-11,0.004702812638644138
2016-05-12,-0.004284684961979868
2016-05-13,-0.005968167431861349
2016-05-16,0.0011105103576956044
2016-05-17,-0.0007377540331583443
2016-05-18,-0.00859199546423195
2016-05-19,-0.0011606942430276712
2016-05-20,0.0018737163348645502
2016-05-23,-0.0002839589034022705
2016-05-24,-0.007056468667053117
2016-05-25,0.0012168679236483904
2016-05-26,0.003497489957591249
2016-05-27,-0.007030399314542635
2016-05-30,0.0021500292572960156
2016-05-31,-0.00040630171265587656
2016-06-01,0.005019372228533214
2016-06-02,-0.003329238373110499
2016-06-03,0.019336281640027764
2016-06-06,-0.001044876983091414
2016-06-07,0.0003430851625345621
2016-06-08,0.0032221356498001175
2016-06-09,-0.006965299728786345
2016-06-10,-0.005737730965739485
2016-06-13,0.0036702558347656566
2016-06-14,-0.007398587863980621
2016-06-15,0.004688438512033377
2016-06-16,-0.0030779247159129497
2016-06-17,0.004602669423701133
2016-06-20,0.0032610447742686954
2016-06-21,-0.006251942145258371
2016-06-22,0.004841492210083453
2016-06-23,0.00776918071743804
2016-06-24,-0.023348047764587654
2016-06-27,-0.008469346785124454
2016-06-28,0.003581911077291
2016-06-29,0.005386186017038774
2016-06-30,-0.0017426811432204037
2016-07-01,0.002684690518590438
2016-07-04,0.001680054177935153
2016-07-05,-0.00701699086071883
2016-07-06,0.002253621214881374
2016-07-07,-0.0033750801930211294
2016-07-08,-0.001113187616803235
2016-07-11,0.0006878182063039251
2016-07-12,0.00023844835154496202
2016-07-13,0.0025744476811913053
2016-07-14,0.0027173496968762034
2016-07-15,-0.007589217544395344
2016-07-18,0.0037326637950618746
2016-07-19,-0.004960481169378639
2016-07-20,-0.0005827104463761446
2016-07-21,0.0010346193987964547
2016-07-22,-0.004447616856377512
2016-07-25,0.0017214836058712102
2016-07-26,-0.0008292883198418588
2016-07-27,0.00657708737299223
2016-07-28,0.0016274318908011676
2016-07-29,0.00870821266144195
2016-08-01,-0.000854543471770719
2016-08-02,0.0054501373269992825
2016-08-03,-0.006699221078744433
2016-08-04,-0.0017673937794546735
2016-08-05,-0.003959223231271847
2016-08-08,0.00027298576149537013
2016-08-09,0.002539966187825815
2016-08-10,0.005251237342451809
2016-08-11,-0.0034873037833046405
2016-08-12,0.0022268778687981605
2016-08-15,0.0020349047916907725
2016-08-16,0.008464230632870384
2016-08-17,0.0008421526164734683
2016-08-18,0.005746770483100239
2016-08-19,-0.0025741293838716928
2016-08-22,-0.00035104152609577444
2016-08-23,-0.001319073807252713
2016-08-24,-0.0036488095869160464
2016-08-25,0.0018523674657235922
2016-08-26,-0.007696699075528612
2016-08-29,-0.0007447783013525555
2016-08-30,-0.003931968465702207
2016-08-31,0.0012635552142263862
2016-09-01,0.0034574141978629402
2016-09-02,-0.003672050318773712
2016-09-05,-0.0007985282730034182
2016-09-06,0.00978530913495601
2016-09-07,-0.001488796319709551
2016-09-08,0.0017860205241302385
2016-09-09,-0.0023859849549898726
2016-09-12,0.0001822664522146411
2016-09-13,-0.0012391860130213095
2016-09-14,0.0026469954732284418
2016-09-15,-0.0005450452369791803
2016-09-16,-0.007860392326835997
2016-09-19,0.001785957273098271
2016-09-20,-0.0020669447018568654
2016-09-21,0.003386673591647016
2016-09-22,0.0016590629997714768
2016-09-23,0.0015823644766301825
2016-09-26,0.0025557155781226193
2016-09-27,-0.0033238096928180916
2016-09-28,0.0001014890400738988
2016-09-29,0.0002358935648234528
2016-09-30,0.0012895440140328063
2016-10-03,-0.0019669327758727873
2016-10-04,-0.0008718582157275501
2016-10-05,-1.5152730611145415e-05
2016-10-06,-0.004727723588613175
2016-10-07,0.004461802865691977
2016-10-10,-0.005555600135880967
2016-10-11,-0.00767568633779836
2016-10-12,-0.004270048492065692
2016-10-13,0.004498876188350209
2016-10-14,-0.007583483813620617
2016-10-17,0.0026578895628681654
2016-10-18,-0.0018347108038230253
2016-10-19,-0.0007257745460499399
2016-10-20,-0.004048358221452886
2016-10-21,-0.004138836063161788
2016-10-24,-8.992970800369982e-05
2016-10-25,0.0005873488723819875
2016-10-26,0.0016619553473320448
2016-10-27,-0.0010081549756704167
2016-10-28,0.00807612881109221
2016-10-31,-0.00034915312182892677
2016-11-01,0.006759018391515603
2016-11-02,0.00380719717468736
2016-11-03,0.0005769239423436545
2016-11-04,0.003271548412979497
2016-11-07,-0.008977507367688764
2016-11-08,-0.0012919218694869006
2016-11-09,-0.010625037367447354
2016-11-10,-0.0016151287387621283
2016-11-11,-0.003494101754479173
2016-11-14,-0.010834723757338294
2016-11-15,-0.0012820679812360902
2016-11-16,-0.0029344691126165223
2016-11-17,-0.006129134128999514
2016-11-18,-0.0035610272454308367
2016-11-21,0.004000188688145778
2016-11-22,-0.0001766601828621095
2016-11-23,-0.006966152319262564
2016-11-24,5.1107809083905664e-05
2016-11-25,0.003299124397621256
2016-11-28,0.002452529406770765
2016-11-29,0.004085703800589036
2016-11-30,-0.0058449664127632195
2016-12-01,0.006796532919822518
2016-12-02,0.00035859912269620153
2016-12-05,0.009469987682838799
2016-12-06,-0.0043586458064839295
2016-12-07,0.0031857484087556287
2016-12-08,-0.012842696232871043
2016-12-09,-0.005011138475368826
2016-12-12,0.0071949585200670185
2016-12-13,-0.0008660852103986594
2016-12-14,-0.008541574316861755
2016-12-15,-0.011536454115148698
2016-12-16,0.0035533646760286253
2016-12-19,-0.004577808419577001
2016-12-20,-0.0013689142313360048
2016-12-21,0.0033669386794492606
2016-12-22,0.0012915146815253298
2016-12-23,0.0019907081164860507
2016-12-26,-9.828797613598006e-05
2016-12-27,0.00023095173108811373
2016-12-28,-0.0037468513853902152
2016-12-29,0.006275900179379734
2016-12-30,0.0026087221354023082
2017-01-02,-0.005991758484290233
2017-01-03,-0.004881892019653611
2017-01-04,0.007971033268939554
2017-01-05,0.011240287567038543
2017-01-06,-0.007068781275449965
2017-01-09,0.0040478766426423896
2017-01-10,-0.001992641392544736
2017-01-11,0.0025804656761159173
2017-01-12,0.002906995950026081
2017-01-13,0.0028214001033322056
2017-01-16,-0.0037903848662385053
2017-01-17,0.010520445536346568
2017-01-18,-0.00777556119024525
2017-01-19,0.003180258159922289
2017-01-20,0.0036421905964239
2017-01-23,0.0058731697667062654
2017-01-24,-0.003229286783116514
2017-01-25,0.001530993070046005
2017-01-26,-0.006198245348295828
2017-01-27,0.001534446500554898
2017-01-30,-0.00043040588862486295
2017-01-31,0.009606574128472989
2017-02-01,-0.002662581205026049
2017-02-02,-0.0009480273239657055
2017-02-03,0.0022478983403992903
2017-02-06,-0.0030543983057677027
2017-02-07,-0.006259466793045565
2017-02-08,0.0013755454023494096
2017-02-09,-0.004017313106694176
2017-02-10,-0.001124171755442438
2017-02-13,-0.004213583338652294
2017-02-14,-0.0018918345705196682
2017-02-15,0.0021702421831617524
2017-02-16,0.006904669015026732
2017-02-17,-0.005428205893721172
2017-02-20,-0.00018537809132079808
2017-02-21,-0.007312968707646972
2017-02-22,0.002083953557606266
2017-02-23,0.002253709822087613
2017-02-24,-0.001663353176513671
2017-02-27,0.0026372425166234503
2017-02-28,-0.0010845649432772442
2017-03-01,-0.0027587300778053603
2017-03-02,-0.0037945166961572685
2017-03-03,0.010947937425695109
2017-03-06,-0.0036323538950510104
2017-03-07,-0.0015322070102244956
2017-03-08,-0.0024237327374004858
2017-03-09,0.003393892319933478
2017-03-10,0.009206053414367643
2017-03-13,-0.0018857776260342574
2017-03-14,-0.004571529250571138
2017-03-15,0.01225520424869675
2017-03-16,0.002939048232013741
2017-03-17,-0.002563203745022391
2017-03-20,0.00019896353017090362
2017-03-21,0.006620263471985188
2017-03-22,-0.0013094347637385706
2017-03-23,-0.0012824875264909608
2017-03-24,0.0013202420135078885
2017-03-27,0.005985958793599089
2017-03-28,-0.00462681697234868
2017-03-29,-0.004489501565600462
2017-03-30,-0.008616011924582612
2017-03-31,-0.002044310548081185
2017-04-03,0.0016809874043135498
2017-04-04,0.00045768175300531233
2017-04-05,-0.0011132763348321584
2017-04-06,-0.0017944661884545798
2017-04-07,-0.004935208962939974
2017-04-10,0.0005167125390481697
2017-04-11,0.0009358221994366644
2017-04-12,0.005562606629180955
2017-04-13,-0.0048501872659175715
2017-04-14,0.0004695056547672216
2017-04-17,0.0023755806112746303
2017-04-18,0.008246039527323612
2017-04-19,-0.0018536543604613653
2017-04-20,0.0005099557914010067
2017-04-21,0.0010734362726416702
2017-04-24,0.012984704111636658
2017-04-25,0.0054709631890734745
2017-04-26,-0.0019922412256851985
2017-04-27,-0.0029219872443491113
2017-04-28,0.0021536008757672143
2017-05-01,0.0003546492500590137
2017-05-02,0.00279130015774931
2017-05-03,-0.004086226411474825
2017-05-04,0.0090507989506321
2017-05-05,0.001179949583972384
2017-05-08,-0.006661854368976039
2017-05-09,-0.00462062434643995
2017-05-10,-0.0005822106188237974
2017-05-11,-0.0006284921976003055
2017-05-12,0.006453451755414452
2017-05-15,0.004120936843970746
2017-05-16,0.009779241515150305
2017-05-17,0.006849179305783881
2017-05-18,-0.005016482985478521
2017-05-19,0.00926693707224513
2017-05-22,0.002875565622955989
2017-05-23,-0.004841657625766049
2017-05-24,0.003167879770569648
2017-05-25,-0.0007725581643733825
2017-05-26,-0.0023942879131213513
2017-05-29,-0.0017446677809682676
2017-05-30,0.002253070132286261
2017-05-31,0.005112672448951194
2017-06-01,-0.0028128046539129814
2017-06-02,0.005869416174729025
2017-06-05,-0.0022103174111403057
2017-06-06,0.0021486774810259845
2017-06-07,-0.0018182993147295434
2017-06-08,-0.003844540442170863
2017-06-09,-0.001667500565329938
2017-06-12,0.0007134162382453901
2017-06-13,0.0008234083223055411
2017-06-14,0.0005912265190024524
2017-06-15,-0.0065405832064519
2017-06-16,0.0047420152041870445
2017-06-19,-0.004357683046312899
2017-06-20,-0.0012320817615187885
2017-06-21,0.002983594711650106
2017-06-22,-0.001481996601597646
2017-06-23,0.003774047693005933
2017-06-26,-0.001059466574632184
2017-06-27,0.014137632116243415
2017-06-28,0.0033284417593117954
2017-06-29,0.005421373847552147
2017-06-30,-0.001224336279710525
2017-07-03,-0.005445932108020579
2017-07-04,-0.001638421106729293
2017-07-05,0.0005077321356603548
2017-07-06,0.006258558684541837
2017-07-07,-0.00192462497345125
2017-07-10,-6.3051868043007e-05
2017-07-11,0.005935131300658147
2017-07-12,-0.004878019052394933
2017-07-13,-0.0012292009144205807
2017-07-14,0.006325255296448784
2017-07-17,0.0008269246671628316
2017-07-18,0.006589057954313304
2017-07-19,-0.0034647789237758353
2017-07-20,0.010066319793367251
2017-07-21,0.002758890640974343
2017-07-24,-0.001695807563079188
2017-07-25,0.00038329814764970216
2017-07-26,0.0073990199212954355
2017-07-27,-0.00484398093038807
2017-07-28,0.0063296225995654876
2017-07-31,0.007904956995980594
2017-08-01,-0.003447732294124539
2017-08-02,0.004519551309976277
2017-08-03,0.0011132256597672363
2017-08-04,-0.008180091549734092
2017-08-07,0.001977717601941098
2017-08-08,-0.003692860328963432
2017-08-09,0.0005411577207150575
2017-08-10,0.0011089006684821268
2017-08-11,0.004188969245553009
2017-08-14,-0.003323513413987289
2017-08-15,-0.0038871135449002336
2017-08-16,0.0026483113930986235
2017-08-17,-0.003736703267239627
2017-08-18,0.0032388698447847197
2017-08-21,0.004691938219559377
2017-08-22,-0.004546664357142571
2017-08-23,0.003777191535016655
2017-08-24,-0.0006739535961385323
2017-08-25,0.010595907688167872
2017-08-28,0.004557485185870513
2017-08-29,-0.0006201333286657285
2017-08-30,-0.007167651655799245
2017-08-31,0.00211776842147704
2017-09-01,-0.004213173502106149
2017-09-04,0.0030364534358560125
2017-09-05,0.0016558875909982174
2017-09-06,0.00018684870031226986
2017-09-07,0.008792814286982864
2017-09-08,0.001092013107478973
2017-09-11,-0.0068833766205756985
2017-09-12,0.0012804717615466643
2017-09-13,-0.00690887492617287
2017-09-14,0.0028081440377127898
2017-09-15,0.0021670133162006167
2017-09-18,0.0007714836893470967
2017-09-19,0.003471923522469833
2017-09-20,-0.008551148753699556
2017-09-21,0.004058085866209149
2017-09-22,0.0009063272342972883
2017-09-25,-0.008572240042769352
2017-09-26,-0.004540560033297836
2017-09-27,-0.004071202883867642
2017-09-28,0.0033025710932395036
2017-09-29,0.0023734800452333005
2017-10-02,-0.006741048906195646
2017-10-03,0.0008397355726281752
2017-10-04,0.0012130671216303845
2017-10-05,-0.004070355854723706
2017-10-06,0.0016129719775956897
2017-10-09,0.0009643521647280107
2017-10-10,0.005756729293418861
2017-10-11,0.004289029705314196
2017-10-12,-0.002473359610323911
2017-10-13,-0.0008608176079397678
2017-10-16,-0.0019401976518287345
2017-10-17,-0.0025947801418919614
2017-10-18,0.001725868598100977
2017-10-19,0.00557442119110152
2017-10-20,-0.005769269647020625
2017-10-23,-0.0028602824867851595
2017-10-24,0.0009584281777883508
2017-10-25,0.004357181965188195
2017-10-26,-0.013709571090984585
2017-10-27,-0.0037301826015646578
2017-10-30,0.0036942613799593182
2017-10-31,-0.00032307574969436814
2017-11-01,-0.00236941635548793
2017-11-02,0.003294471062960991
2017-11-03,-0.004301123156692177
2017-11-06,0.00015740852242429604
2017-11-07,-0.001876564699771044
2017-11-08,0.0006479513278261351
2017-11-09,0.003981631452821821
2017-11-10,0.0019726284931607108
2017-11-13,0.0001763310641407223
2017-11-14,0.011343106285778726
2017-11-15,-0.0006380546272922727
2017-11-16,-0.0018095401803444044
2017-11-17,0.0017042379452101297
2017-11-20,-0.0048211646843124845
2017-11-21,0.0006526870795191542
2017-11-22,0.007129803411658475
2017-11-23,0.0022882850781014152
2017-11-24,0.006936797969339548
2017-11-27,-0.0029065365279021815
2017-11-28,-0.00486841763001522
2017-11-29,0.0012504627049285677
2017-11-30,0.004752224104884073
2017-12-01,-0.00064873726727388
2017-12-04,-0.0023173445227887557
2017-12-05,-0.0033441217267033974
2017-12-06,-0.0024351114904873628
2017-12-07,-0.0017874581989286709
2017-12-08,4.235238710847966e-06
2017-12-11,-0.00020667877375124544
2017-12-12,-0.0021612563244917116
2017-12-13,0.007194885976255394
2017-12-14,-0.003831385326089287
2017-12-15,-0.0019124827580370152
2017-12-18,0.002612234516087941
2017-12-19,0.004288259673530748
2017-12-20,0.002544623535494006
2017-12-21,0.0006097642916655932
2017-12-22,-0.0009208041297686931
2017-12-25,0.0006897693179517272
2017-12-26,-0.0010024566063904228
2017-12-27,0.002217870709651404
2017-12-28,0.0032838051217631836
2017-12-29,0.005307434169010472
2018-01-01,0.0005803198410356813
2018-01-02,0.0038106063816438773
2018-01-03,-0.003677770061147112
2018-01-04,0.004428285862884129
2018-01-05,-0.0032267510149252
2018-01-08,-0.00504126367676172
2018-01-09,-0.0025571735975579157
2018-01-10,0.0008788257349610085
2018-01-11,0.007052837802274725
2018-01-12,0.014105609142804232
2018-01-15,0.005271553734017109
2018-01-16,-0.00036538107863093305
2018-01-17,-0.006076986010314256
2018-01-18,0.00419594738480189
2018-01-19,-0.0013033587996701401
2018-01-22,0.0034170025276347715
2018-01-23,0.002953650717169687
2018-01-24,0.008786978263021883
2018-01-25,-0.001031287758244237
2018-01-26,0.0024633120313344303
2018-01-29,-0.0035473213145331695
2018-01-30,0.0015381303976647054
2018-01-31,0.0009795754100010434
2018-02-01,0.00774128492302939
2018-02-02,-0.003759917460555595
2018-02-05,-0.007730032751117943
2018-02-06,0.0008160754760844213
2018-02-07,-0.009137270368515416
2018-02-08,-0.0013837585813379905
2018-02-09,0.00045482777677241515
2018-02-12,0.0032353046612505487
2018-02-13,0.0048523307835923735
2018-02-14,0.008019609776440229
2018-02-15,0.004439313217319496
2018-02-16,-0.007992484047758541
2018-02-19,7.563633086560273e-05
2018-02-20,-0.005644940030557932
2018-02-21,-0.004279586719282968
2018-02-22,0.0037535207032795004
2018-02-23,-0.0028189835305625355
2018-02-26,0.0019087207673855744
2018-02-27,-0.006238726291786789
2018-02-28,-0.0031939867918819864
2018-03-01,0.006006789643748123
2018-03-02,0.004119392450599335
2018-03-05,0.0016714458897737483
2018-03-06,0.005454664518324881
2018-03-07,0.0005339036882774373
2018-03-08,-0.00798419073978529
2018-03-09,-0.0003896633098373625
2018-03-12,0.002343753798874637
2018-03-13,0.004543139204890023
2018-03-14,-0.0017819931762700358
2018-03-15,-0.005048318235144733
2018-03-16,-0.0013768746646957153
2018-03-19,0.003791423041497044
2018-03-20,-0.007645560328135792
2018-03-21,0.007572486496614905
2018-03-22,-0.002896265660816688
2018-03-23,0.004163210164265907
2018-03-26,0.007442359266649934
2018-03-27,-0.0034379852076057427
2018-03-28,-0.007910756054322454
2018-03-29,-0.000629150589950167
2018-03-30,0.0019446177410469279
2018-04-02,-0.0017861914285484115
2018-04-03,-0.0024407376884290066
2018-04-04,0.0006285498225342412
2018-04-05,-0.0032000962141675027
2018-04-06,0.0033155341784536496
2018-04-09,0.003224136824306445
2018-04-10,0.0029716081429675967
2018-04-11,0.000820443911837998
2018-04-12,-0.003248424602822486
2018-04-13,0.00032298695747901007
2018-04-16,0.003951468873382158
2018-04-17,-0.0007093193275007348
2018-04-18,0.0002395652012590066
2018-04-19,-0.002394271811542059
2018-04-20,-0.004591479571957602
2018-04-23,-0.006400063667680755
2018-04-24,0.0021446441517172232
2018-04-25,-0.0059773092240101855
2018-04-26,-0.004809617265393529
2018-04-27,0.002379330984231709
2018-04-30,-0.004339415313957873
2018-05-01,-0.0070488271504993705
2018-05-02,-0.0036372016176063893
2018-05-03,0.0030668366661072977
2018-05-04,-0.0023382534603487715
2018-05-07,-0.0030295824416047834
2018-05-08,-0.004946086816795647
2018-05-09,-0.001170757308402104
2018-05-10,0.005403416353565671
2018-05-11,0.002346735633781849
2018-05-14,-0.0011940163820048921
2018-05-15,-0.007485535883390404
2018-05-16,-0.0026095223967148584
2018-05-17,-0.0011036669461045312
2018-05-18,-0.001934820164091633
2018-05-21,0.001792775496191945
2018-05-22,-0.00109404746795283
2018-05-23,-0.007038203153257427
2018-05-24,0.001978250336106324
2018-05-25,-0.005865140089922449
2018-05-28,-0.002307999294325902
2018-05-29,-0.007370923009177077
2018-05-30,0.011194262173165548
2018-05-31,0.002406483651903102
2018-06-01,-0.0029893657408789354
2018-06-04,0.003416760007906472
2018-06-05,0.0017575666613227625
2018-06-06,0.004736508314853394
2018-06-07,0.0021817060348106043
2018-06-08,-0.002603893666451307
2018-06-11,0.001253640558620095
2018-06-12,-0.0031974792654857476
2018-06-13,0.003802232930717464
2018-06-14,-0.019047449834721286
2018-06-15,0.00358969493630501
2018-06-18,0.001198014424300009
2018-06-19,-0.0027305049159389583
2018-06-20,-0.0016956373918171064
2018-06-21,0.0027288364293198697
2018-06-22,0.004084264832330264
2018-06-25,0.0045300792121600875
2018-06-26,-0.00464860533315159
2018-06-27,-0.008067921276958323
2018-06-28,0.0011759962078008446
2018-06-29,0.009907471050745631
2018-07-02,-0.003794991874584097
2018-07-03,0.001617558438263167
2018-07-04,-0.00015233726443353302
2018-07-05,0.0029222396647385906
2018-07-06,0.0047290423454549035
2018-07-09,0.0005963115328520008
2018-07-10,-0.0007148078126286705
2018-07-11,-0.006048779327447074
2018-07-12,-0.00016923409605495987
2018-07-13,0.0011164502012772637
2018-07-16,0.002383259968320006
2018-07-17,-0.0043215808143278744
2018-07-18,-0.0019652584738403256
2018-07-19,0.00023660401232383776
2018-07-20,0.007044160777248898
2018-07-23,-0.002571912704754986
2018-07-24,-0.0005017154744240138
2018-07-25,0.0035009659456151088
2018-07-26,-0.007323741888502933
2018-07-27,0.0012152032380283728
2018-07-30,0.004441492389375634
2018-07-31,-0.0013753845367238116
2018-08-01,-0.0027417576603667726
2018-08-02,-0.006503157882126853
2018-08-03,-0.0014684818997762195
2018-08-06,-0.0010738701936763295
2018-08-07,0.0038286419373585456
2018-08-08,0.0008756635215607655
2018-08-09,-0.007160751655472586
2018-08-10,-0.0098568860134709
2018-08-13,-0.00012851380343148477
2018-08-14,-0.005858184714684467
2018-08-15,7.915574244066192e-06
2018-08-16,0.002808247611274517
2018-08-17,0.0053604583753215085
2018-08-20,0.003982332923032406
2018-08-21,0.0076767476656951494
2018-08-22,0.002166915435112049
2018-08-23,-0.004915567196053128
2018-08-24,0.007121407195595841
2018-08-27,0.004752955357763655
2018-08-28,0.0013671883344654745
2018-08-29,0.0009608451341214241
2018-08-30,-0.002820945413129161
2018-08-31,-0.005915181815539405
2018-09-03,0.0014766297752892843
2018-09-04,-0.0029437526835551786
2018-09-05,0.00408329543732
2018-09-06,-0.0007659890565639982
2018-09-07,-0.006021014318579709
2018-09-10,0.003546056415633103
2018-09-11,0.0012039462587305483
2018-09-12,0.0016580554937164482
2018-09-13,0.005455060325741723
2018-09-14,-0.00555519046306352
2018-09-17,0.004976879267551748
2018-09-18,-0.0011904487411046327
2018-09-19,0.00044887409551863655
2018-09-20,0.00882475100801794
2018-09-21,-0.0023635174561437156
2018-09-24,-8.151800104261309e-05
2018-09-25,0.0017774071425780136
2018-09-26,-0.0022854217052331594
2018-09-27,-0.008518592469550557
2018-09-28,-0.003188711566856295
2018-10-01,-0.0021122619514307717
2018-10-02,-0.0026724077773787602
2018-10-03,-0.0061460770924519625
2018-10-04,0.003145495917547869
2018-10-05,0.0008673026886383273
2018-10-08,-0.0025226073752937506
2018-10-09,-0.00015187808095540323
2018-10-10,0.002443438521263941
2018-10-11,0.006254329454142615
2018-10-12,-0.0028379584253719337
2018-10-15,0.0017828711474319192
2018-10-16,-0.0005263289374960456
2018-10-17,-0.006372709565097612
2018-10-18,-0.004096746716444111
2018-10-19,0.005253700976272091
2018-10-22,-0.004196937206229379
2018-10-23,0.0005263931800325583
2018-10-24,-0.006955169679008333
2018-10-25,-0.0014808159462246229
2018-10-26,0.0024626243261327563
2018-10-29,-0.0027094059340976306
2018-10-30,-0.0023211381471948123
2018-10-31,-0.0030000562730368996
2018-11-01,0.00838962871505422
2018-11-02,-0.0017508984067874378
2018-11-05,0.0016768718717445896
2018-11-06,0.001909343362560989
2018-11-07,-0.00015626254901746073
2018-11-08,-0.005592279598263916
2018-11-09,-0.0023706586216465375
2018-11-12,-0.010409039062719838
2018-11-13,0.006555513755372999
2018-11-14,0.0016911593188708718
2018-11-15,0.0015162982211942566
2018-11-16,0.00766425254161307
2018-11-19,0.003407035904984035
2018-11-20,-0.007225603462017838
2018-11-21,0.001228386969972739
2018-11-22,0.0016852071586690442
2018-11-23,-0.00585374474313427
2018-11-26,-0.0007946579274829002
2018-11-27,-0.003240167865179444
2018-11-28,0.006745270181911955
2018-11-29,0.0029138398616803673
2018-11-30,-0.006436453693413058
2018-12-03,0.0035328157272396243
2018-12-04,-0.0011102665868563122
2018-12-05,-6.414193467885188e-05
2018-12-06,0.0026545919784046745
2018-12-07,0.00042154193202925683
2018-12-10,-0.0017485304810209712
2018-12-11,-0.0036076150426401776
2018-12-12,0.004423901929060836
2018-12-13,-0.000812839888955863
2018-12-14,-0.00476165820841945
2018-12-17,0.0039035599373242746
2018-12-18,0.001053999929733429
2018-12-19,0.0013257642227915145
2018-12-20,0.005887502179663828
2018-12-21,-0.00643930484777222
2018-12-24,0.0029020882760895095
2018-12-25,-0.0012177978577949666
2018-12-26,-0.0034399002166349835
2018-12-27,0.006636540496862242
2018-12-28,0.001261668910506275
2018-12-31,0.0019171328058893433
2019-01-01,-0.00017221179963955446
2019-01-02,-0.010645044273884685
2019-01-03,0.0044279845811878715
2019-01-04,9.016516858273427e-05
2019-01-07,0.007108401148057775
2019-01-08,-0.002985471574138643
2019-01-09,0.00881586070364726
2019-01-10,-0.003707064160725748
2019-01-11,-0.002685262281432177
2019-01-14,0.0002756847766343107
2019-01-15,-0.004954002891718767
2019-01-16,-0.001933624177903881
2019-01-17,-0.0003528062542130783
2019-01-18,-0.002286606058323759
2019-01-21,0.00034671750686410263
2019-01-22,-0.0005027855018773231
2019-01-23,0.0017487827874824724
2019-01-24,-0.006773467009035472
2019-01-25,0.008938174829993706
2019-01-28,0.0018487569864038544
2019-01-29,0.0003544040817573535
2019-01-30,0.00411259774291417
2019-01-31,-0.002783513397015991
2019-02-01,0.000699781525244747
2019-02-04,-0.0015840752971338912
2019-02-05,-0.002804223343523926
2019-02-06,-0.003866103370157581
2019-02-07,-0.0018571365851515198
2019-02-08,-0.001586121655443029
2019-02-11,-0.00415002837174383
2019-02-12,0.0044354118040526025
2019-02-13,-0.005741542500011021
2019-02-14,0.00300695391315986
2019-02-15,8.391403316454493e-05
2019-02-18,0.0013283801710994858
2019-02-19,0.0026497075971809725
2019-02-20,-0.0002753551025147516
2019-02-21,-0.000183913952909176
2019-02-22,-7.217090069300269e-05
2019-02-25,0.002038535001012143
2019-02-26,0.00281089855642791
2019-02-27,-0.0014680814907859219
2019-02-28,0.00010877670073239365
2019-03-01,-0.0005385615319708492
2019-03-04,-0.0020448282519789363
2019-03-05,-0.0029064398969333993
2019-03-06,-0.00017374815337467542
2019-03-07,-0.010064148027395192
2019-03-08,0.0037702088451538884
2019-03-11,0.0010599671534468058
2019-03-12,0.0037272401573544833
2019-03-13,0.0033732474442216276
2019-03-14,-0.002021722955272809
2019-03-15,0.0022834575500123577
2019-03-18,0.0009040835172458017
2019-03-19,0.0012295687538259603
2019-03-20,0.005317195809491082
2019-03-21,-0.003481193776841862
2019-03-22,-0.006337843537337462
2019-03-25,0.001059809057881722
2019-03-26,-0.004115745082967193
2019-03-27,-0.0020084000513386213
2019-03-28,-0.0021667674809265902
2019-03-29,-0.0003537642561218801
2019-04-01,-0.00044814141351257053
2019-04-02,-0.0006387099127245222
2019-04-03,0.0024941629288344203
2019-04-04,-0.001150746964416527
2019-04-05,-0.0004400277706416711
2019-04-08,0.004225236874729976
2019-04-09,0.00016383497832506144
2019-04-10,0.0008677404216510531
2019-04-11,-0.001953377272526202
2019-04-12,0.004104979692272748
2019-04-15,0.0004519881741531506
2019-04-16,-0.0018750799666458207
2019-04-17,0.0011713639096149198
2019-04-18,-0.005827891760155746
2019-04-19,0.001336726219818063
2019-04-22,0.0010670664100267402
2019-04-23,-0.0024100805161826333
2019-04-24,-0.006517609002080871
2019-04-25,-0.0022243380850845984
2019-04-26,0.0018126476752322596
2019-04-29,0.003226094967220483
2019-04-30,0.0025256825271444683
2019-05-01,-0.0016922926430178453
2019-05-02,-0.002184201595037183
2019-05-03,0.002313965477991786
2019-05-06,0.00023602824144708379
2019-05-07,-0.0008405965385942515
2019-05-08,-1.782423168728009e-06
2019-05-09,0.0020533551502319725
2019-05-10,0.0016026752759321639
2019-05-13,-0.0008018313365986129
2019-05-14,-0.0016813757421558773
2019-05-15,-0.00035339872545014916
2019-05-16,-0.0024132219629913187
2019-05-17,-0.0014282271238184041
2019-05-20,0.0008760402978535975
2019-05-21,-0.0005269503862814773
2019-05-22,-0.0010678605257983254
2019-05-23,0.0027874564459928752
2019-05-24,0.001970595398137709
2019-05-27,-0.00088408906774462
2019-05-28,-0.0031162086514220366
2019-05-29,-0.0027040314650934594
2019-05-30,7.529074327194962e-05
2019-05-31,0.003666562402812934
2019-06-03,0.006326740188418167
2019-06-04,0.0011446977864739694
2019-06-05,-0.0028629041193024563
2019-06-06,0.004811576940342066
2019-06-07,0.005164506974473015
2019-06-10,-0.0019212388866496344
2019-06-11,0.0013905753031355772
2019-06-12,-0.0035310485717305884
2019-06-13,-0.0010427436529607537
2019-06-14,-0.006023265071431805
2019-06-17,0.0008961937131166664
2019-06-18,-0.0020086284775325813
2019-06-19,0.002786912558836674
2019-06-20,0.0058701912099059506
2019-06-21,0.006746610795284047
2019-06-24,0.0026259868288291965
2019-06-25,-0.002622609395714681
2019-06-26,0.00027549707920448974
2019-06-27,-0.0002210386712417911
2019-06-28,0.0003588285869697838
2019-07-01,-0.007488846538721505
2019-07-02,-0.00025625392112693657
2019-07-03,-0.0006337281244475079
2019-07-04,0.0005899089311505179
2019-07-05,-0.005271578203031813
2019-07-08,-0.0007872854291771647
2019-07-09,-0.0006607381058248984
2019-07-10,0.003726784349285639
2019-07-11,0.000261537574970383
2019-07-12,0.0014154789761045006
2019-07-15,-0.000906325425702903
2019-07-16,-0.004249596700250713
2019-07-17,0.0010800557999175453
2019-07-18,0.004643495107666817
2019-07-19,-0.004930757969136335
2019-07-22,-0.0009067625819976222
2019-07-23,-0.005173237615683779
2019-07-24,-0.0011555864825003592
2019-07-25,0.0005874162193140187
2019-07-26,-0.0017021489854671668
2019-07-29,0.0014674915218073625
2019-07-30,0.0011377205844178562
2019-07-31,-0.007145814128361794
2019-08-01,0.0006889254114414989
2019-08-02,0.0020680531682251146
2019-08-05,0.008689810756828953
2019-08-06,-0.0004603067762144475
2019-08-07,-0.00011312549715092324
2019-08-08,-0.0016863842069628765
2019-08-09,0.0018007776003967635
2019-08-12,0.0014269871597878403
2019-08-13,-0.003886156689766662
2019-08-14,-0.0029565720551701924
2019-08-15,-0.0028820482783390444
2019-08-16,-0.0015412956763780628
2019-08-19,-0.0009697445110032898
2019-08-20,0.001876539207873451
2019-08-21,-0.001417351000639
2019-08-22,-0.0004320190952440406
2019-08-23,0.005787055795970053
2019-08-26,-0.003610534919593289
2019-08-27,-0.0011824154339356019
2019-08-28,-0.0011532303042297576
2019-08-29,-0.0018705341784510665
2019-08-30,-0.006758994172160748
2019-09-02,-0.0010864726882930942
2019-09-03,0.0005110884364876167
2019-09-04,0.00548457701313243
2019-09-05,-9.943862376926571e-05
2019-09-06,-0.0005397342012477546
2019-09-09,0.0017458116350657082
2019-09-10,-0.000232971204578436
2019-09-11,-0.003107909770361572
2019-09-12,0.004807317705171732
2019-09-13,0.0006861790377263866
2019-09-16,-0.006388532718928919
2019-09-17,0.00666085674306327
2019-09-18,-0.0039241263503823065
2019-09-19,0.0009333453920594703
2019-09-20,-0.0023212485046063547
2019-09-23,-0.0021409882417723347
2019-09-24,0.0027373413844087313
2019-09-25,-0.007108882482587564
2019-09-26,-0.0020429167490915168
2019-09-27,0.0016232461268637088
2019-09-30,-0.0035476613251107514
2019-10-01,0.003016638187381071
2019-10-02,0.0022620615145683143
2019-10-03,0.0005580936322699959
2019-10-04,0.0012465934785872435
2019-10-07,-0.0005998009751311262
2019-10-08,-0.0013276287731710523
2019-10-09,0.0012192179340675402
2019-10-10,0.003034784063791429
2019-10-11,0.0033103005564314447
2019-10-14,-0.0012470946309864894
2019-10-15,0.0004994607271859852
2019-10-16,0.0034727748918372825
2019-10-17,0.004744120318966427
2019-10-18,0.0037709176497602304
2019-10-21,-0.0013895690280701922
2019-10-22,-0.0023275230269073077
2019-10-23,0.00036685036093042633
2019-10-24,-0.002288163327520132
2019-10-25,-0.0022098345275188835
2019-10-28,0.0017319736934542362
2019-10-29,0.0009881165276199866
2019-10-30,0.003599157831199795
2019-10-31,3.579985375767869e-05
2019-11-01,0.0012413154901314005
2019-11-04,-0.0034181005586590985
2019-11-05,-0.004655914383555615
2019-11-06,-0.0008659725069498636
2019-11-07,-0.0015133832503285705
2019-11-08,-0.0029067036643616317
2019-11-11,0.001353410431225388
2019-11-12,-0.002048179255490501
2019-11-13,-0.00025382827429409893
2019-11-14,0.0012875987914706677
2019-11-15,0.0026180713028234326
2019-11-18,0.0018922646569219381
2019-11-19,0.0006518011528677814
2019-11-20,-0.000523443700972348
2019-11-21,-0.0012042806045921006
2019-11-22,-0.00348633623334893
2019-11-25,-0.0006846728377787326
2019-11-26,0.0007585500004076984
2019-11-27,-0.0019777986666159597
2019-11-28,0.001401902231610519
2019-11-29,0.0008608043174320734
2019-12-02,0.005668274231849679
2019-12-03,0.00014403644121951942
2019-12-04,-0.0005193566098703473
2019-12-05,0.0023414711463212168
2019-12-06,-0.00392987323598204
2019-12-09,0.0005448121525581939
2019-12-10,0.002536865231513863
2019-12-11,0.0034018040442169717
2019-12-12,-8.424146831087498e-05
2019-12-13,-0.0008702697567366524
2019-12-16,0.0023071920342669916
2019-12-17,0.0004895524845907051
2019-12-18,-0.003291904241368049
2019-12-19,0.0005564460687086381
2019-12-20,-0.0038202997038123687
2019-12-23,0.000957161830583031
2019-12-24,6.746800667123409e-05
2019-12-25,0.00035710655537890545
2019-12-26,0.00044060389709654757
2019-12-27,0.006749056264605313
2019-12-30,0.0017908971359037462
2019-12-31,0.0012004117225061783
