Date,IMMBENCN Index,IMMBENCN Index.1,IMM6ANCN Index,IMM6MNCN Index,IMMPFNCN Index,IMM3CNCN Index,IMM6ZNCN Index,IMM4SNCN Index
2005-10-05,,,,,,,,
2005-10-06,,,,,,,,
2005-10-07,,,,,,,,
2005-10-10,-1898.0,-1898.0,28870.0,56274.0,-2797.0,38031.0,5465.0,-47126.0
2005-10-11,-1898.0,-1898.0,28870.0,56274.0,-2797.0,38031.0,5465.0,-47126.0
2005-10-12,-1898.0,-1898.0,28870.0,56274.0,-2797.0,38031.0,5465.0,-47126.0
2005-10-13,-1898.0,-1898.0,28870.0,56274.0,-2797.0,38031.0,5465.0,-47126.0
2005-10-14,4792.0,4792.0,16928.0,47934.0,3390.0,43591.0,5084.0,-25287.0
2005-10-17,4792.0,4792.0,16928.0,47934.0,3390.0,43591.0,5084.0,-25287.0
2005-10-18,4792.0,4792.0,16928.0,47934.0,3390.0,43591.0,5084.0,-25287.0
2005-10-19,4792.0,4792.0,16928.0,47934.0,3390.0,43591.0,5084.0,-25287.0
2005-10-20,4792.0,4792.0,16928.0,47934.0,3390.0,43591.0,5084.0,-25287.0
2005-10-21,855.0,855.0,11062.0,20310.0,-1041.0,42812.0,5700.0,-30982.0
2005-10-24,855.0,855.0,11062.0,20310.0,-1041.0,42812.0,5700.0,-30982.0
2005-10-25,855.0,855.0,11062.0,20310.0,-1041.0,42812.0,5700.0,-30982.0
2005-10-26,855.0,855.0,11062.0,20310.0,-1041.0,42812.0,5700.0,-30982.0
2005-10-27,855.0,855.0,11062.0,20310.0,-1041.0,42812.0,5700.0,-30982.0
2005-10-28,-2558.0,-2558.0,7914.0,14671.0,-4016.0,36945.0,5700.0,-20843.0
2005-10-31,-2558.0,-2558.0,7914.0,14671.0,-4016.0,36945.0,5700.0,-20843.0
2005-11-01,-2558.0,-2558.0,7914.0,14671.0,-4016.0,36945.0,5700.0,-20843.0
2005-11-02,-2558.0,-2558.0,7914.0,14671.0,-4016.0,36945.0,5700.0,-20843.0
2005-11-03,-2558.0,-2558.0,7914.0,14671.0,-4016.0,36945.0,5700.0,-20843.0
2005-11-04,6998.0,6998.0,4036.0,43921.0,5228.0,37160.0,5700.0,-21779.0
2005-11-07,6998.0,6998.0,4036.0,43921.0,5228.0,37160.0,5700.0,-21779.0
2005-11-08,6998.0,6998.0,4036.0,43921.0,5228.0,37160.0,5700.0,-21779.0
2005-11-09,6998.0,6998.0,4036.0,43921.0,5228.0,37160.0,5700.0,-21779.0
2005-11-10,6998.0,6998.0,4036.0,43921.0,5228.0,37160.0,5700.0,-21779.0
2005-11-11,-6627.0,-6627.0,4071.0,62154.0,-7280.0,26340.0,5700.0,-34670.0
2005-11-14,-6627.0,-6627.0,4071.0,62154.0,-7280.0,26340.0,5700.0,-34670.0
2005-11-15,-6627.0,-6627.0,4071.0,62154.0,-7280.0,26340.0,5700.0,-34670.0
2005-11-16,-6627.0,-6627.0,4071.0,62154.0,-7280.0,26340.0,5700.0,-34670.0
2005-11-17,-6627.0,-6627.0,4071.0,62154.0,-7280.0,26340.0,5700.0,-34670.0
2005-11-18,-13222.0,-13222.0,193.0,79837.0,-13879.0,20169.0,5700.0,-45034.0
2005-11-21,-13222.0,-13222.0,193.0,79837.0,-13879.0,20169.0,5700.0,-45034.0
2005-11-22,-13222.0,-13222.0,193.0,79837.0,-13879.0,20169.0,5700.0,-45034.0
2005-11-23,-13222.0,-13222.0,193.0,79837.0,-13879.0,20169.0,5700.0,-45034.0
2005-11-24,-13222.0,-13222.0,193.0,79837.0,-13879.0,20169.0,5700.0,-45034.0
2005-11-25,-11127.0,-11127.0,749.0,86294.0,-10793.0,15725.0,5700.0,-48207.0
2005-11-28,-11127.0,-11127.0,749.0,86294.0,-10793.0,15725.0,5700.0,-48207.0
2005-11-29,-11127.0,-11127.0,749.0,86294.0,-10793.0,15725.0,5700.0,-48207.0
2005-11-30,-11127.0,-11127.0,749.0,86294.0,-10793.0,15725.0,5700.0,-48207.0
2005-12-01,-11127.0,-11127.0,749.0,86294.0,-10793.0,15725.0,5700.0,-48207.0
2005-12-02,-18132.0,-18132.0,5742.0,85720.0,-17837.0,29010.0,5700.0,-48416.0
2005-12-05,-18132.0,-18132.0,5742.0,85720.0,-17837.0,29010.0,5700.0,-48416.0
2005-12-06,-18132.0,-18132.0,5742.0,85720.0,-17837.0,29010.0,5700.0,-48416.0
2005-12-07,-18132.0,-18132.0,5742.0,85720.0,-17837.0,29010.0,5700.0,-48416.0
2005-12-08,-18132.0,-18132.0,5742.0,85720.0,-17837.0,29010.0,5700.0,-48416.0
2005-12-09,-22572.0,-22572.0,15712.0,82590.0,-22587.0,37317.0,6711.0,-49359.0
2005-12-12,-22572.0,-22572.0,15712.0,82590.0,-22587.0,37317.0,6711.0,-49359.0
2005-12-13,-22572.0,-22572.0,15712.0,82590.0,-22587.0,37317.0,6711.0,-49359.0
2005-12-14,-22572.0,-22572.0,15712.0,82590.0,-22587.0,37317.0,6711.0,-49359.0
2005-12-15,-22572.0,-22572.0,15712.0,82590.0,-22587.0,37317.0,6711.0,-49359.0
2005-12-16,-1063.0,-1063.0,20282.0,67590.0,-1488.0,56183.0,6007.0,-39861.0
2005-12-19,-1063.0,-1063.0,20282.0,67590.0,-1488.0,56183.0,6007.0,-39861.0
2005-12-20,-1063.0,-1063.0,20282.0,67590.0,-1488.0,56183.0,6007.0,-39861.0
2005-12-21,-1063.0,-1063.0,20282.0,67590.0,-1488.0,56183.0,6007.0,-39861.0
2005-12-22,-1063.0,-1063.0,20282.0,67590.0,-1488.0,56183.0,6007.0,-39861.0
2005-12-23,4504.0,4504.0,7909.0,36289.0,3247.0,48111.0,6007.0,-34067.0
2005-12-26,4504.0,4504.0,7909.0,36289.0,3247.0,48111.0,6007.0,-34067.0
2005-12-27,4504.0,4504.0,7909.0,36289.0,3247.0,48111.0,6007.0,-34067.0
2005-12-28,4504.0,4504.0,7909.0,36289.0,3247.0,48111.0,6007.0,-34067.0
2005-12-29,4504.0,4504.0,7909.0,36289.0,3247.0,48111.0,6007.0,-34067.0
2005-12-30,4578.0,4578.0,904.0,30635.0,3405.0,42292.0,4441.0,-38326.0
2006-01-02,4578.0,4578.0,904.0,30635.0,3405.0,42292.0,4441.0,-38326.0
2006-01-03,4578.0,4578.0,904.0,30635.0,3405.0,42292.0,4441.0,-38326.0
2006-01-04,4578.0,4578.0,904.0,30635.0,3405.0,42292.0,4441.0,-38326.0
2006-01-05,4578.0,4578.0,904.0,30635.0,3405.0,42292.0,4441.0,-38326.0
2006-01-06,11231.0,11231.0,7110.0,35814.0,10522.0,36687.0,4837.0,-16511.0
2006-01-09,11231.0,11231.0,7110.0,35814.0,10522.0,36687.0,4837.0,-16511.0
2006-01-10,11231.0,11231.0,7110.0,35814.0,10522.0,36687.0,4837.0,-16511.0
2006-01-11,11231.0,11231.0,7110.0,35814.0,10522.0,36687.0,4837.0,-16511.0
2006-01-12,11231.0,11231.0,7110.0,35814.0,10522.0,36687.0,4837.0,-16511.0
2006-01-13,21961.0,21961.0,21734.0,40139.0,21218.0,23317.0,3744.0,-240.0
2006-01-16,21961.0,21961.0,21734.0,40139.0,21218.0,23317.0,3744.0,-240.0
2006-01-17,21961.0,21961.0,21734.0,40139.0,21218.0,23317.0,3744.0,-240.0
2006-01-18,21961.0,21961.0,21734.0,40139.0,21218.0,23317.0,3744.0,-240.0
2006-01-19,21961.0,21961.0,21734.0,40139.0,21218.0,23317.0,3744.0,-240.0
2006-01-20,21211.0,21211.0,22709.0,44070.0,20810.0,26933.0,4827.0,1460.0
2006-01-23,21211.0,21211.0,22709.0,44070.0,20810.0,26933.0,4827.0,1460.0
2006-01-24,21211.0,21211.0,22709.0,44070.0,20810.0,26933.0,4827.0,1460.0
2006-01-25,21211.0,21211.0,22709.0,44070.0,20810.0,26933.0,4827.0,1460.0
2006-01-26,21211.0,21211.0,22709.0,44070.0,20810.0,26933.0,4827.0,1460.0
2006-01-27,37464.0,37464.0,19376.0,44557.0,37512.0,27133.0,3849.0,4363.0
2006-01-30,37464.0,37464.0,19376.0,44557.0,37512.0,27133.0,3849.0,4363.0
2006-01-31,37464.0,37464.0,19376.0,44557.0,37512.0,27133.0,3849.0,4363.0
2006-02-01,37464.0,37464.0,19376.0,44557.0,37512.0,27133.0,3849.0,4363.0
2006-02-02,37464.0,37464.0,19376.0,44557.0,37512.0,27133.0,3849.0,4363.0
2006-02-03,36382.0,36382.0,29258.0,66098.0,34785.0,37484.0,3774.0,983.0
2006-02-06,36382.0,36382.0,29258.0,66098.0,34785.0,37484.0,3774.0,983.0
2006-02-07,36382.0,36382.0,29258.0,66098.0,34785.0,37484.0,3774.0,983.0
2006-02-08,36382.0,36382.0,29258.0,66098.0,34785.0,37484.0,3774.0,983.0
2006-02-09,36382.0,36382.0,29258.0,66098.0,34785.0,37484.0,3774.0,983.0
2006-02-10,18965.0,18965.0,20781.0,60973.0,16305.0,44845.0,4101.0,-14690.0
2006-02-13,18965.0,18965.0,20781.0,60973.0,16305.0,44845.0,4101.0,-14690.0
2006-02-14,18965.0,18965.0,20781.0,60973.0,16305.0,44845.0,4101.0,-14690.0
2006-02-15,18965.0,18965.0,20781.0,60973.0,16305.0,44845.0,4101.0,-14690.0
2006-02-16,18965.0,18965.0,20781.0,60973.0,16305.0,44845.0,4101.0,-14690.0
2006-02-17,11956.0,11956.0,8051.0,66476.0,8932.0,40464.0,4011.0,-31188.0
2006-02-20,11956.0,11956.0,8051.0,66476.0,8932.0,40464.0,4011.0,-31188.0
2006-02-21,11956.0,11956.0,8051.0,66476.0,8932.0,40464.0,4011.0,-31188.0
2006-02-22,11956.0,11956.0,8051.0,66476.0,8932.0,40464.0,4011.0,-31188.0
2006-02-23,11956.0,11956.0,8051.0,66476.0,8932.0,40464.0,4011.0,-31188.0
2006-02-24,10085.0,10085.0,4001.0,64703.0,6760.0,35197.0,3623.0,-36975.0
2006-02-27,10085.0,10085.0,4001.0,64703.0,6760.0,35197.0,3623.0,-36975.0
2006-02-28,10085.0,10085.0,4001.0,64703.0,6760.0,35197.0,3623.0,-36975.0
2006-03-01,10085.0,10085.0,4001.0,64703.0,6760.0,35197.0,3623.0,-36975.0
2006-03-02,10085.0,10085.0,4001.0,64703.0,6760.0,35197.0,3623.0,-36975.0
2006-03-03,18402.0,18402.0,1375.0,62905.0,15139.0,40634.0,2900.0,-68262.0
2006-03-06,18402.0,18402.0,1375.0,62905.0,15139.0,40634.0,2900.0,-68262.0
2006-03-07,18402.0,18402.0,1375.0,62905.0,15139.0,40634.0,2900.0,-68262.0
2006-03-08,18402.0,18402.0,1375.0,62905.0,15139.0,40634.0,2900.0,-68262.0
2006-03-09,18402.0,18402.0,1375.0,62905.0,15139.0,40634.0,2900.0,-68262.0
2006-03-10,13878.0,13878.0,-2896.0,34560.0,11133.0,41323.0,2846.0,-46223.0
2006-03-13,13878.0,13878.0,-2896.0,34560.0,11133.0,41323.0,2846.0,-46223.0
2006-03-14,13878.0,13878.0,-2896.0,34560.0,11133.0,41323.0,2846.0,-46223.0
2006-03-15,13878.0,13878.0,-2896.0,34560.0,11133.0,41323.0,2846.0,-46223.0
2006-03-16,13878.0,13878.0,-2896.0,34560.0,11133.0,41323.0,2846.0,-46223.0
2006-03-17,27984.0,27984.0,1634.0,29930.0,24879.0,14021.0,2603.0,-48378.0
2006-03-20,27984.0,27984.0,1634.0,29930.0,24879.0,14021.0,2603.0,-48378.0
2006-03-21,27984.0,27984.0,1634.0,29930.0,24879.0,14021.0,2603.0,-48378.0
2006-03-22,27984.0,27984.0,1634.0,29930.0,24879.0,14021.0,2603.0,-48378.0
2006-03-23,27984.0,27984.0,1634.0,29930.0,24879.0,14021.0,2603.0,-48378.0
2006-03-24,41452.0,41452.0,-11327.0,21010.0,37626.0,-3742.0,1737.0,-46865.0
2006-03-27,41452.0,41452.0,-11327.0,21010.0,37626.0,-3742.0,1737.0,-46865.0
2006-03-28,41452.0,41452.0,-11327.0,21010.0,37626.0,-3742.0,1737.0,-46865.0
2006-03-29,41452.0,41452.0,-11327.0,21010.0,37626.0,-3742.0,1737.0,-46865.0
2006-03-30,41452.0,41452.0,-11327.0,21010.0,37626.0,-3742.0,1737.0,-46865.0
2006-03-31,40811.0,40811.0,-13332.0,11222.0,36614.0,-7811.0,899.0,-45335.0
2006-04-03,40811.0,40811.0,-13332.0,11222.0,36614.0,-7811.0,899.0,-45335.0
2006-04-04,40811.0,40811.0,-13332.0,11222.0,36614.0,-7811.0,899.0,-45335.0
2006-04-05,40811.0,40811.0,-13332.0,11222.0,36614.0,-7811.0,899.0,-45335.0
2006-04-06,40811.0,40811.0,-13332.0,11222.0,36614.0,-7811.0,899.0,-45335.0
2006-04-07,52392.0,52392.0,-5850.0,-3206.0,49364.0,-4146.0,388.0,-38128.0
2006-04-10,52392.0,52392.0,-5850.0,-3206.0,49364.0,-4146.0,388.0,-38128.0
2006-04-11,52392.0,52392.0,-5850.0,-3206.0,49364.0,-4146.0,388.0,-38128.0
2006-04-12,52392.0,52392.0,-5850.0,-3206.0,49364.0,-4146.0,388.0,-38128.0
2006-04-13,52392.0,52392.0,-5850.0,-3206.0,49364.0,-4146.0,388.0,-38128.0
2006-04-14,41630.0,41630.0,6937.0,-4624.0,36975.0,13942.0,2336.0,-28651.0
2006-04-17,41630.0,41630.0,6937.0,-4624.0,36975.0,13942.0,2336.0,-28651.0
2006-04-18,41630.0,41630.0,6937.0,-4624.0,36975.0,13942.0,2336.0,-28651.0
2006-04-19,41630.0,41630.0,6937.0,-4624.0,36975.0,13942.0,2336.0,-28651.0
2006-04-20,41630.0,41630.0,6937.0,-4624.0,36975.0,13942.0,2336.0,-28651.0
2006-04-21,55342.0,55342.0,11161.0,-6967.0,52373.0,6918.0,4472.0,-22168.0
2006-04-24,55342.0,55342.0,11161.0,-6967.0,52373.0,6918.0,4472.0,-22168.0
2006-04-25,55342.0,55342.0,11161.0,-6967.0,52373.0,6918.0,4472.0,-22168.0
2006-04-26,55342.0,55342.0,11161.0,-6967.0,52373.0,6918.0,4472.0,-22168.0
2006-04-27,55342.0,55342.0,11161.0,-6967.0,52373.0,6918.0,4472.0,-22168.0
2006-04-28,65525.0,65525.0,7757.0,-13050.0,61916.0,15623.0,4808.0,-24429.0
2006-05-01,65525.0,65525.0,7757.0,-13050.0,61916.0,15623.0,4808.0,-24429.0
2006-05-02,65525.0,65525.0,7757.0,-13050.0,61916.0,15623.0,4808.0,-24429.0
2006-05-03,65525.0,65525.0,7757.0,-13050.0,61916.0,15623.0,4808.0,-24429.0
2006-05-04,65525.0,65525.0,7757.0,-13050.0,61916.0,15623.0,4808.0,-24429.0
2006-05-05,74474.0,74474.0,21773.0,-6657.0,71459.0,32152.0,6203.0,-12629.0
2006-05-08,74474.0,74474.0,21773.0,-6657.0,71459.0,32152.0,6203.0,-12629.0
2006-05-09,74474.0,74474.0,21773.0,-6657.0,71459.0,32152.0,6203.0,-12629.0
2006-05-10,74474.0,74474.0,21773.0,-6657.0,71459.0,32152.0,6203.0,-12629.0
2006-05-11,74474.0,74474.0,21773.0,-6657.0,71459.0,32152.0,6203.0,-12629.0
2006-05-12,72911.0,72911.0,28854.0,-3305.0,69099.0,28873.0,6886.0,-11013.0
2006-05-15,72911.0,72911.0,28854.0,-3305.0,69099.0,28873.0,6886.0,-11013.0
2006-05-16,72911.0,72911.0,28854.0,-3305.0,69099.0,28873.0,6886.0,-11013.0
2006-05-17,72911.0,72911.0,28854.0,-3305.0,69099.0,28873.0,6886.0,-11013.0
2006-05-18,72911.0,72911.0,28854.0,-3305.0,69099.0,28873.0,6886.0,-11013.0
2006-05-19,73376.0,73376.0,30585.0,-11072.0,69596.0,19528.0,7366.0,-1581.0
2006-05-22,73376.0,73376.0,30585.0,-11072.0,69596.0,19528.0,7366.0,-1581.0
2006-05-23,73376.0,73376.0,30585.0,-11072.0,69596.0,19528.0,7366.0,-1581.0
2006-05-24,73376.0,73376.0,30585.0,-11072.0,69596.0,19528.0,7366.0,-1581.0
2006-05-25,73376.0,73376.0,30585.0,-11072.0,69596.0,19528.0,7366.0,-1581.0
2006-05-26,72076.0,72076.0,16310.0,-18521.0,67647.0,15702.0,7267.0,8382.0
2006-05-29,72076.0,72076.0,16310.0,-18521.0,67647.0,15702.0,7267.0,8382.0
2006-05-30,72076.0,72076.0,16310.0,-18521.0,67647.0,15702.0,7267.0,8382.0
2006-05-31,72076.0,72076.0,16310.0,-18521.0,67647.0,15702.0,7267.0,8382.0
2006-06-01,72076.0,72076.0,16310.0,-18521.0,67647.0,15702.0,7267.0,8382.0
2006-06-02,79884.0,79884.0,26788.0,-28860.0,75965.0,31707.0,2828.0,10531.0
2006-06-05,79884.0,79884.0,26788.0,-28860.0,75965.0,31707.0,2828.0,10531.0
2006-06-06,79884.0,79884.0,26788.0,-28860.0,75965.0,31707.0,2828.0,10531.0
2006-06-07,79884.0,79884.0,26788.0,-28860.0,75965.0,31707.0,2828.0,10531.0
2006-06-08,79884.0,79884.0,26788.0,-28860.0,75965.0,31707.0,2828.0,10531.0
2006-06-09,88196.0,88196.0,13918.0,-27896.0,83064.0,22862.0,2158.0,9320.0
2006-06-12,88196.0,88196.0,13918.0,-27896.0,83064.0,22862.0,2158.0,9320.0
2006-06-13,88196.0,88196.0,13918.0,-27896.0,83064.0,22862.0,2158.0,9320.0
2006-06-14,88196.0,88196.0,13918.0,-27896.0,83064.0,22862.0,2158.0,9320.0
2006-06-15,88196.0,88196.0,13918.0,-27896.0,83064.0,22862.0,2158.0,9320.0
2006-06-16,61846.0,61846.0,11952.0,-26231.0,60870.0,33351.0,2313.0,-2882.0
2006-06-19,61846.0,61846.0,11952.0,-26231.0,60870.0,33351.0,2313.0,-2882.0
2006-06-20,61846.0,61846.0,11952.0,-26231.0,60870.0,33351.0,2313.0,-2882.0
2006-06-21,61846.0,61846.0,11952.0,-26231.0,60870.0,33351.0,2313.0,-2882.0
2006-06-22,61846.0,61846.0,11952.0,-26231.0,60870.0,33351.0,2313.0,-2882.0
2006-06-23,52490.0,52490.0,-2412.0,-29043.0,51945.0,23978.0,2313.0,-5472.0
2006-06-26,52490.0,52490.0,-2412.0,-29043.0,51945.0,23978.0,2313.0,-5472.0
2006-06-27,52490.0,52490.0,-2412.0,-29043.0,51945.0,23978.0,2313.0,-5472.0
2006-06-28,52490.0,52490.0,-2412.0,-29043.0,51945.0,23978.0,2313.0,-5472.0
2006-06-29,52490.0,52490.0,-2412.0,-29043.0,51945.0,23978.0,2313.0,-5472.0
2006-06-30,64670.0,64670.0,2706.0,-27818.0,64466.0,30309.0,2313.0,-15889.0
2006-07-03,64670.0,64670.0,2706.0,-27818.0,64466.0,30309.0,2313.0,-15889.0
2006-07-04,64670.0,64670.0,2706.0,-27818.0,64466.0,30309.0,2313.0,-15889.0
2006-07-05,64670.0,64670.0,2706.0,-27818.0,64466.0,30309.0,2313.0,-15889.0
2006-07-06,64670.0,64670.0,2706.0,-27818.0,64466.0,30309.0,2313.0,-15889.0
2006-07-07,68545.0,68545.0,5061.0,-11636.0,70358.0,36447.0,2313.0,-4314.0
2006-07-10,68545.0,68545.0,5061.0,-11636.0,70358.0,36447.0,2313.0,-4314.0
2006-07-11,68545.0,68545.0,5061.0,-11636.0,70358.0,36447.0,2313.0,-4314.0
2006-07-12,68545.0,68545.0,5061.0,-11636.0,70358.0,36447.0,2313.0,-4314.0
2006-07-13,68545.0,68545.0,5061.0,-11636.0,70358.0,36447.0,2313.0,-4314.0
2006-07-14,77895.0,77895.0,16936.0,-4357.0,78580.0,11621.0,-943.0,-7259.0
2006-07-17,77895.0,77895.0,16936.0,-4357.0,78580.0,11621.0,-943.0,-7259.0
2006-07-18,77895.0,77895.0,16936.0,-4357.0,78580.0,11621.0,-943.0,-7259.0
2006-07-19,77895.0,77895.0,16936.0,-4357.0,78580.0,11621.0,-943.0,-7259.0
2006-07-20,77895.0,77895.0,16936.0,-4357.0,78580.0,11621.0,-943.0,-7259.0
2006-07-21,51694.0,51694.0,28215.0,6426.0,50061.0,9284.0,3568.0,-15417.0
2006-07-24,51694.0,51694.0,28215.0,6426.0,50061.0,9284.0,3568.0,-15417.0
2006-07-25,51694.0,51694.0,28215.0,6426.0,50061.0,9284.0,3568.0,-15417.0
2006-07-26,51694.0,51694.0,28215.0,6426.0,50061.0,9284.0,3568.0,-15417.0
2006-07-27,51694.0,51694.0,28215.0,6426.0,50061.0,9284.0,3568.0,-15417.0
2006-07-28,50301.0,50301.0,33392.0,8071.0,49856.0,-5419.0,5445.0,-20960.0
2006-07-31,50301.0,50301.0,33392.0,8071.0,49856.0,-5419.0,5445.0,-20960.0
2006-08-01,50301.0,50301.0,33392.0,8071.0,49856.0,-5419.0,5445.0,-20960.0
2006-08-02,50301.0,50301.0,33392.0,8071.0,49856.0,-5419.0,5445.0,-20960.0
2006-08-03,50301.0,50301.0,33392.0,8071.0,49856.0,-5419.0,5445.0,-20960.0
2006-08-04,73429.0,73429.0,38113.0,17675.0,75802.0,-7416.0,8203.0,-9394.0
2006-08-07,73429.0,73429.0,38113.0,17675.0,75802.0,-7416.0,8203.0,-9394.0
2006-08-08,73429.0,73429.0,38113.0,17675.0,75802.0,-7416.0,8203.0,-9394.0
2006-08-09,73429.0,73429.0,38113.0,17675.0,75802.0,-7416.0,8203.0,-9394.0
2006-08-10,73429.0,73429.0,38113.0,17675.0,75802.0,-7416.0,8203.0,-9394.0
2006-08-11,92108.0,92108.0,33057.0,21909.0,93942.0,9830.0,6945.0,-14853.0
2006-08-14,92108.0,92108.0,33057.0,21909.0,93942.0,9830.0,6945.0,-14853.0
2006-08-15,92108.0,92108.0,33057.0,21909.0,93942.0,9830.0,6945.0,-14853.0
2006-08-16,92108.0,92108.0,33057.0,21909.0,93942.0,9830.0,6945.0,-14853.0
2006-08-17,92108.0,92108.0,33057.0,21909.0,93942.0,9830.0,6945.0,-14853.0
2006-08-18,90204.0,90204.0,39092.0,35634.0,91378.0,8597.0,13262.0,-15247.0
2006-08-21,90204.0,90204.0,39092.0,35634.0,91378.0,8597.0,13262.0,-15247.0
2006-08-22,90204.0,90204.0,39092.0,35634.0,91378.0,8597.0,13262.0,-15247.0
2006-08-23,90204.0,90204.0,39092.0,35634.0,91378.0,8597.0,13262.0,-15247.0
2006-08-24,90204.0,90204.0,39092.0,35634.0,91378.0,8597.0,13262.0,-15247.0
2006-08-25,81470.0,81470.0,30075.0,24841.0,82786.0,15493.0,11491.0,-10465.0
2006-08-28,81470.0,81470.0,30075.0,24841.0,82786.0,15493.0,11491.0,-10465.0
2006-08-29,81470.0,81470.0,30075.0,24841.0,82786.0,15493.0,11491.0,-10465.0
2006-08-30,81470.0,81470.0,30075.0,24841.0,82786.0,15493.0,11491.0,-10465.0
2006-08-31,81470.0,81470.0,30075.0,24841.0,82786.0,15493.0,11491.0,-10465.0
2006-09-01,79637.0,79637.0,33241.0,22805.0,80877.0,30605.0,10516.0,-12635.0
2006-09-04,79637.0,79637.0,33241.0,22805.0,80877.0,30605.0,10516.0,-12635.0
2006-09-05,79637.0,79637.0,33241.0,22805.0,80877.0,30605.0,10516.0,-12635.0
2006-09-06,79637.0,79637.0,33241.0,22805.0,80877.0,30605.0,10516.0,-12635.0
2006-09-07,79637.0,79637.0,33241.0,22805.0,80877.0,30605.0,10516.0,-12635.0
2006-09-08,75016.0,75016.0,47946.0,27671.0,76043.0,27466.0,11043.0,-19146.0
2006-09-11,75016.0,75016.0,47946.0,27671.0,76043.0,27466.0,11043.0,-19146.0
2006-09-12,75016.0,75016.0,47946.0,27671.0,76043.0,27466.0,11043.0,-19146.0
2006-09-13,75016.0,75016.0,47946.0,27671.0,76043.0,27466.0,11043.0,-19146.0
2006-09-14,75016.0,75016.0,47946.0,27671.0,76043.0,27466.0,11043.0,-19146.0
2006-09-15,66717.0,66717.0,24534.0,8074.0,66758.0,14782.0,9511.0,-33241.0
2006-09-18,66717.0,66717.0,24534.0,8074.0,66758.0,14782.0,9511.0,-33241.0
2006-09-19,66717.0,66717.0,24534.0,8074.0,66758.0,14782.0,9511.0,-33241.0
2006-09-20,66717.0,66717.0,24534.0,8074.0,66758.0,14782.0,9511.0,-33241.0
2006-09-21,66717.0,66717.0,24534.0,8074.0,66758.0,14782.0,9511.0,-33241.0
2006-09-22,51114.0,51114.0,33632.0,2462.0,51218.0,855.0,12882.0,-44034.0
2006-09-25,51114.0,51114.0,33632.0,2462.0,51218.0,855.0,12882.0,-44034.0
2006-09-26,51114.0,51114.0,33632.0,2462.0,51218.0,855.0,12882.0,-44034.0
2006-09-27,51114.0,51114.0,33632.0,2462.0,51218.0,855.0,12882.0,-44034.0
2006-09-28,51114.0,51114.0,33632.0,2462.0,51218.0,855.0,12882.0,-44034.0
2006-09-29,49942.0,49942.0,30089.0,-4267.0,49744.0,6510.0,12673.0,-29020.0
2006-10-02,49942.0,49942.0,30089.0,-4267.0,49744.0,6510.0,12673.0,-29020.0
2006-10-03,49942.0,49942.0,30089.0,-4267.0,49744.0,6510.0,12673.0,-29020.0
2006-10-04,49942.0,49942.0,30089.0,-4267.0,49744.0,6510.0,12673.0,-29020.0
2006-10-05,49942.0,49942.0,30089.0,-4267.0,49744.0,6510.0,12673.0,-29020.0
2006-10-06,56217.0,56217.0,21581.0,5664.0,56190.0,9279.0,7775.0,-30127.0
2006-10-09,56217.0,56217.0,21581.0,5664.0,56190.0,9279.0,7775.0,-30127.0
2006-10-10,56217.0,56217.0,21581.0,5664.0,56190.0,9279.0,7775.0,-30127.0
2006-10-11,56217.0,56217.0,21581.0,5664.0,56190.0,9279.0,7775.0,-30127.0
2006-10-12,56217.0,56217.0,21581.0,5664.0,56190.0,9279.0,7775.0,-30127.0
2006-10-13,36528.0,36528.0,35250.0,9772.0,36194.0,1859.0,10109.0,-60420.0
2006-10-16,36528.0,36528.0,35250.0,9772.0,36194.0,1859.0,10109.0,-60420.0
2006-10-17,36528.0,36528.0,35250.0,9772.0,36194.0,1859.0,10109.0,-60420.0
2006-10-18,36528.0,36528.0,35250.0,9772.0,36194.0,1859.0,10109.0,-60420.0
2006-10-19,36528.0,36528.0,35250.0,9772.0,36194.0,1859.0,10109.0,-60420.0
2006-10-20,26592.0,26592.0,39689.0,52477.0,26457.0,-24498.0,13802.0,-67208.0
2006-10-23,26592.0,26592.0,39689.0,52477.0,26457.0,-24498.0,13802.0,-67208.0
2006-10-24,26592.0,26592.0,39689.0,52477.0,26457.0,-24498.0,13802.0,-67208.0
2006-10-25,26592.0,26592.0,39689.0,52477.0,26457.0,-24498.0,13802.0,-67208.0
2006-10-26,26592.0,26592.0,39689.0,52477.0,26457.0,-24498.0,13802.0,-67208.0
2006-10-27,27151.0,27151.0,56424.0,67083.0,27281.0,-14233.0,15235.0,-70223.0
2006-10-30,27151.0,27151.0,56424.0,67083.0,27281.0,-14233.0,15235.0,-70223.0
2006-10-31,27151.0,27151.0,56424.0,67083.0,27281.0,-14233.0,15235.0,-70223.0
2006-11-01,27151.0,27151.0,56424.0,67083.0,27281.0,-14233.0,15235.0,-70223.0
2006-11-02,27151.0,27151.0,56424.0,67083.0,27281.0,-14233.0,15235.0,-70223.0
2006-11-03,60048.0,60048.0,71353.0,82181.0,60918.0,-23678.0,12257.0,-47069.0
2006-11-06,60048.0,60048.0,71353.0,82181.0,60918.0,-23678.0,12257.0,-47069.0
2006-11-07,60048.0,60048.0,71353.0,82181.0,60918.0,-23678.0,12257.0,-47069.0
2006-11-08,60048.0,60048.0,71353.0,82181.0,60918.0,-23678.0,12257.0,-47069.0
2006-11-09,60048.0,60048.0,71353.0,82181.0,60918.0,-23678.0,12257.0,-47069.0
2006-11-10,68925.0,68925.0,85615.0,58060.0,69572.0,-20342.0,13919.0,-55701.0
2006-11-13,68925.0,68925.0,85615.0,58060.0,69572.0,-20342.0,13919.0,-55701.0
2006-11-14,68925.0,68925.0,85615.0,58060.0,69572.0,-20342.0,13919.0,-55701.0
2006-11-15,68925.0,68925.0,85615.0,58060.0,69572.0,-20342.0,13919.0,-55701.0
2006-11-16,68925.0,68925.0,85615.0,58060.0,69572.0,-20342.0,13919.0,-55701.0
2006-11-17,60475.0,60475.0,64950.0,34160.0,60022.0,-47375.0,10295.0,-42545.0
2006-11-20,60475.0,60475.0,64950.0,34160.0,60022.0,-47375.0,10295.0,-42545.0
2006-11-21,60475.0,60475.0,64950.0,34160.0,60022.0,-47375.0,10295.0,-42545.0
2006-11-22,60475.0,60475.0,64950.0,34160.0,60022.0,-47375.0,10295.0,-42545.0
2006-11-23,60475.0,60475.0,64950.0,34160.0,60022.0,-47375.0,10295.0,-42545.0
2006-11-24,65306.0,65306.0,67461.0,12139.0,64899.0,-58893.0,12846.0,-38797.0
2006-11-27,65306.0,65306.0,67461.0,12139.0,64899.0,-58893.0,12846.0,-38797.0
2006-11-28,65306.0,65306.0,67461.0,12139.0,64899.0,-58893.0,12846.0,-38797.0
2006-11-29,65306.0,65306.0,67461.0,12139.0,64899.0,-58893.0,12846.0,-38797.0
2006-11-30,65306.0,65306.0,67461.0,12139.0,64899.0,-58893.0,12846.0,-38797.0
2006-12-01,89594.0,89594.0,79758.0,3289.0,87904.0,-40282.0,12923.0,-13903.0
2006-12-04,89594.0,89594.0,79758.0,3289.0,87904.0,-40282.0,12923.0,-13903.0
2006-12-05,89594.0,89594.0,79758.0,3289.0,87904.0,-40282.0,12923.0,-13903.0
2006-12-06,89594.0,89594.0,79758.0,3289.0,87904.0,-40282.0,12923.0,-13903.0
2006-12-07,89594.0,89594.0,79758.0,3289.0,87904.0,-40282.0,12923.0,-13903.0
2006-12-08,98265.0,98265.0,75311.0,25349.0,95808.0,-46479.0,14470.0,-6468.0
2006-12-11,98265.0,98265.0,75311.0,25349.0,95808.0,-46479.0,14470.0,-6468.0
2006-12-12,98265.0,98265.0,75311.0,25349.0,95808.0,-46479.0,14470.0,-6468.0
2006-12-13,98265.0,98265.0,75311.0,25349.0,95808.0,-46479.0,14470.0,-6468.0
2006-12-14,98265.0,98265.0,75311.0,25349.0,95808.0,-46479.0,14470.0,-6468.0
2006-12-15,96683.0,96683.0,80914.0,47636.0,97265.0,-52008.0,16567.0,-9772.0
2006-12-18,96683.0,96683.0,80914.0,47636.0,97265.0,-52008.0,16567.0,-9772.0
2006-12-19,96683.0,96683.0,80914.0,47636.0,97265.0,-52008.0,16567.0,-9772.0
2006-12-20,96683.0,96683.0,80914.0,47636.0,97265.0,-52008.0,16567.0,-9772.0
2006-12-21,96683.0,96683.0,80914.0,47636.0,97265.0,-52008.0,16567.0,-9772.0
2006-12-22,91970.0,91970.0,88900.0,60003.0,92595.0,-57392.0,17889.0,-10838.0
2006-12-25,91970.0,91970.0,88900.0,60003.0,92595.0,-57392.0,17889.0,-10838.0
2006-12-26,91970.0,91970.0,88900.0,60003.0,92595.0,-57392.0,17889.0,-10838.0
2006-12-27,91970.0,91970.0,88900.0,60003.0,92595.0,-57392.0,17889.0,-10838.0
2006-12-28,91970.0,91970.0,88900.0,60003.0,92595.0,-57392.0,17889.0,-10838.0
2006-12-29,79970.0,79970.0,85035.0,54781.0,79403.0,-66294.0,17589.0,-12285.0
2007-01-01,79970.0,79970.0,85035.0,54781.0,79403.0,-66294.0,17589.0,-12285.0
2007-01-02,79970.0,79970.0,85035.0,54781.0,79403.0,-66294.0,17589.0,-12285.0
2007-01-03,79970.0,79970.0,85035.0,54781.0,79403.0,-66294.0,17589.0,-12285.0
2007-01-04,79970.0,79970.0,85035.0,54781.0,79403.0,-66294.0,17589.0,-12285.0
2007-01-05,77456.0,77456.0,88823.0,67873.0,76948.0,-74268.0,18352.0,-22798.0
2007-01-08,77456.0,77456.0,88823.0,67873.0,76948.0,-74268.0,18352.0,-22798.0
2007-01-09,77456.0,77456.0,88823.0,67873.0,76948.0,-74268.0,18352.0,-22798.0
2007-01-10,77456.0,77456.0,88823.0,67873.0,76948.0,-74268.0,18352.0,-22798.0
2007-01-11,77456.0,77456.0,88823.0,67873.0,76948.0,-74268.0,18352.0,-22798.0
2007-01-12,75172.0,75172.0,49878.0,27866.0,73457.0,-84906.0,14618.0,-40371.0
2007-01-15,75172.0,75172.0,49878.0,27866.0,73457.0,-84906.0,14618.0,-40371.0
2007-01-16,75172.0,75172.0,49878.0,27866.0,73457.0,-84906.0,14618.0,-40371.0
2007-01-17,75172.0,75172.0,49878.0,27866.0,73457.0,-84906.0,14618.0,-40371.0
2007-01-18,75172.0,75172.0,49878.0,27866.0,73457.0,-84906.0,14618.0,-40371.0
2007-01-19,53542.0,53542.0,66756.0,26500.0,51597.0,-78967.0,13401.0,-42248.0
2007-01-22,53542.0,53542.0,66756.0,26500.0,51597.0,-78967.0,13401.0,-42248.0
2007-01-23,53542.0,53542.0,66756.0,26500.0,51597.0,-78967.0,13401.0,-42248.0
2007-01-24,53542.0,53542.0,66756.0,26500.0,51597.0,-78967.0,13401.0,-42248.0
2007-01-25,53542.0,53542.0,66756.0,26500.0,51597.0,-78967.0,13401.0,-42248.0
2007-01-26,61010.0,61010.0,77248.0,18105.0,59627.0,-77857.0,10195.0,-44081.0
2007-01-29,61010.0,61010.0,77248.0,18105.0,59627.0,-77857.0,10195.0,-44081.0
2007-01-30,61010.0,61010.0,77248.0,18105.0,59627.0,-77857.0,10195.0,-44081.0
2007-01-31,61010.0,61010.0,77248.0,18105.0,59627.0,-77857.0,10195.0,-44081.0
2007-02-01,61010.0,61010.0,77248.0,18105.0,59627.0,-77857.0,10195.0,-44081.0
2007-02-02,62579.0,62579.0,64205.0,10515.0,61393.0,-70876.0,8121.0,-59580.0
2007-02-05,62579.0,62579.0,64205.0,10515.0,61393.0,-70876.0,8121.0,-59580.0
2007-02-06,62579.0,62579.0,64205.0,10515.0,61393.0,-70876.0,8121.0,-59580.0
2007-02-07,62579.0,62579.0,64205.0,10515.0,61393.0,-70876.0,8121.0,-59580.0
2007-02-08,62579.0,62579.0,64205.0,10515.0,61393.0,-70876.0,8121.0,-59580.0
2007-02-09,45330.0,45330.0,61245.0,16714.0,44731.0,-80646.0,10121.0,-42925.0
2007-02-12,45330.0,45330.0,61245.0,16714.0,44731.0,-80646.0,10121.0,-42925.0
2007-02-13,45330.0,45330.0,61245.0,16714.0,44731.0,-80646.0,10121.0,-42925.0
2007-02-14,45330.0,45330.0,61245.0,16714.0,44731.0,-80646.0,10121.0,-42925.0
2007-02-15,45330.0,45330.0,61245.0,16714.0,44731.0,-80646.0,10121.0,-42925.0
2007-02-16,83795.0,83795.0,64868.0,21407.0,82251.0,-56695.0,12473.0,-63406.0
2007-02-19,83795.0,83795.0,64868.0,21407.0,82251.0,-56695.0,12473.0,-63406.0
2007-02-20,83795.0,83795.0,64868.0,21407.0,82251.0,-56695.0,12473.0,-63406.0
2007-02-21,83795.0,83795.0,64868.0,21407.0,82251.0,-56695.0,12473.0,-63406.0
2007-02-22,83795.0,83795.0,64868.0,21407.0,82251.0,-56695.0,12473.0,-63406.0
2007-02-23,99326.0,99326.0,69617.0,17618.0,97899.0,-65426.0,15868.0,-55553.0
2007-02-26,99326.0,99326.0,69617.0,17618.0,97899.0,-65426.0,15868.0,-55553.0
2007-02-27,99326.0,99326.0,69617.0,17618.0,97899.0,-65426.0,15868.0,-55553.0
2007-02-28,99326.0,99326.0,69617.0,17618.0,97899.0,-65426.0,15868.0,-55553.0
2007-03-01,99326.0,99326.0,69617.0,17618.0,97899.0,-65426.0,15868.0,-55553.0
2007-03-02,102598.0,102598.0,83075.0,182.0,102017.0,-56424.0,16506.0,-44685.0
2007-03-05,102598.0,102598.0,83075.0,182.0,102017.0,-56424.0,16506.0,-44685.0
2007-03-06,102598.0,102598.0,83075.0,182.0,102017.0,-56424.0,16506.0,-44685.0
2007-03-07,102598.0,102598.0,83075.0,182.0,102017.0,-56424.0,16506.0,-44685.0
2007-03-08,102598.0,102598.0,83075.0,182.0,102017.0,-56424.0,16506.0,-44685.0
2007-03-09,88679.0,88679.0,27010.0,-15595.0,87051.0,-74925.0,14289.0,-21867.0
2007-03-12,88679.0,88679.0,27010.0,-15595.0,87051.0,-74925.0,14289.0,-21867.0
2007-03-13,88679.0,88679.0,27010.0,-15595.0,87051.0,-74925.0,14289.0,-21867.0
2007-03-14,88679.0,88679.0,27010.0,-15595.0,87051.0,-74925.0,14289.0,-21867.0
2007-03-15,88679.0,88679.0,27010.0,-15595.0,87051.0,-74925.0,14289.0,-21867.0
2007-03-16,96155.0,96155.0,48107.0,-14528.0,95768.0,-74139.0,14762.0,-24891.0
2007-03-19,96155.0,96155.0,48107.0,-14528.0,95768.0,-74139.0,14762.0,-24891.0
2007-03-20,96155.0,96155.0,48107.0,-14528.0,95768.0,-74139.0,14762.0,-24891.0
2007-03-21,96155.0,96155.0,48107.0,-14528.0,95768.0,-74139.0,14762.0,-24891.0
2007-03-22,96155.0,96155.0,48107.0,-14528.0,95768.0,-74139.0,14762.0,-24891.0
2007-03-23,87956.0,87956.0,63165.0,-19016.0,87114.0,-51153.0,18856.0,-15002.0
2007-03-26,87956.0,87956.0,63165.0,-19016.0,87114.0,-51153.0,18856.0,-15002.0
2007-03-27,87956.0,87956.0,63165.0,-19016.0,87114.0,-51153.0,18856.0,-15002.0
2007-03-28,87956.0,87956.0,63165.0,-19016.0,87114.0,-51153.0,18856.0,-15002.0
2007-03-29,87956.0,87956.0,63165.0,-19016.0,87114.0,-51153.0,18856.0,-15002.0
2007-03-30,93741.0,93741.0,80597.0,3544.0,91941.0,-31982.0,22788.0,-11559.0
2007-04-02,93741.0,93741.0,80597.0,3544.0,91941.0,-31982.0,22788.0,-11559.0
2007-04-03,93741.0,93741.0,80597.0,3544.0,91941.0,-31982.0,22788.0,-11559.0
2007-04-04,93741.0,93741.0,80597.0,3544.0,91941.0,-31982.0,22788.0,-11559.0
2007-04-05,93741.0,93741.0,80597.0,3544.0,91941.0,-31982.0,22788.0,-11559.0
2007-04-06,95078.0,95078.0,81831.0,1783.0,92638.0,-35165.0,22525.0,-27265.0
2007-04-09,95078.0,95078.0,81831.0,1783.0,92638.0,-35165.0,22525.0,-27265.0
2007-04-10,95078.0,95078.0,81831.0,1783.0,92638.0,-35165.0,22525.0,-27265.0
2007-04-11,95078.0,95078.0,81831.0,1783.0,92638.0,-35165.0,22525.0,-27265.0
2007-04-12,95078.0,95078.0,81831.0,1783.0,92638.0,-35165.0,22525.0,-27265.0
2007-04-13,104394.0,104394.0,74355.0,13744.0,103568.0,-15564.0,20067.0,-23206.0
2007-04-16,104394.0,104394.0,74355.0,13744.0,103568.0,-15564.0,20067.0,-23206.0
2007-04-17,104394.0,104394.0,74355.0,13744.0,103568.0,-15564.0,20067.0,-23206.0
2007-04-18,104394.0,104394.0,74355.0,13744.0,103568.0,-15564.0,20067.0,-23206.0
2007-04-19,104394.0,104394.0,74355.0,13744.0,103568.0,-15564.0,20067.0,-23206.0
2007-04-20,106770.0,106770.0,78317.0,9759.0,105493.0,-15991.0,23097.0,-22372.0
2007-04-23,106770.0,106770.0,78317.0,9759.0,105493.0,-15991.0,23097.0,-22372.0
2007-04-24,106770.0,106770.0,78317.0,9759.0,105493.0,-15991.0,23097.0,-22372.0
2007-04-25,106770.0,106770.0,78317.0,9759.0,105493.0,-15991.0,23097.0,-22372.0
2007-04-26,106770.0,106770.0,78317.0,9759.0,105493.0,-15991.0,23097.0,-22372.0
2007-04-27,111282.0,111282.0,76477.0,5729.0,110325.0,-1631.0,21103.0,-16851.0
2007-04-30,111282.0,111282.0,76477.0,5729.0,110325.0,-1631.0,21103.0,-16851.0
2007-05-01,111282.0,111282.0,76477.0,5729.0,110325.0,-1631.0,21103.0,-16851.0
2007-05-02,111282.0,111282.0,76477.0,5729.0,110325.0,-1631.0,21103.0,-16851.0
2007-05-03,111282.0,111282.0,76477.0,5729.0,110325.0,-1631.0,21103.0,-16851.0
2007-05-04,106688.0,106688.0,63845.0,26567.0,105578.0,8851.0,17523.0,-31170.0
2007-05-07,106688.0,106688.0,63845.0,26567.0,105578.0,8851.0,17523.0,-31170.0
2007-05-08,106688.0,106688.0,63845.0,26567.0,105578.0,8851.0,17523.0,-31170.0
2007-05-09,106688.0,106688.0,63845.0,26567.0,105578.0,8851.0,17523.0,-31170.0
2007-05-10,106688.0,106688.0,63845.0,26567.0,105578.0,8851.0,17523.0,-31170.0
2007-05-11,105270.0,105270.0,73626.0,48327.0,103486.0,17819.0,15255.0,-34352.0
2007-05-14,105270.0,105270.0,73626.0,48327.0,103486.0,17819.0,15255.0,-34352.0
2007-05-15,105270.0,105270.0,73626.0,48327.0,103486.0,17819.0,15255.0,-34352.0
2007-05-16,105270.0,105270.0,73626.0,48327.0,103486.0,17819.0,15255.0,-34352.0
2007-05-17,105270.0,105270.0,73626.0,48327.0,103486.0,17819.0,15255.0,-34352.0
2007-05-18,119538.0,119538.0,75138.0,63062.0,119189.0,43097.0,19239.0,-34745.0
2007-05-21,119538.0,119538.0,75138.0,63062.0,119189.0,43097.0,19239.0,-34745.0
2007-05-22,119538.0,119538.0,75138.0,63062.0,119189.0,43097.0,19239.0,-34745.0
2007-05-23,119538.0,119538.0,75138.0,63062.0,119189.0,43097.0,19239.0,-34745.0
2007-05-24,119538.0,119538.0,75138.0,63062.0,119189.0,43097.0,19239.0,-34745.0
2007-05-25,95287.0,95287.0,47300.0,69238.0,92475.0,38967.0,15807.0,-65869.0
2007-05-28,95287.0,95287.0,47300.0,69238.0,92475.0,38967.0,15807.0,-65869.0
2007-05-29,95287.0,95287.0,47300.0,69238.0,92475.0,38967.0,15807.0,-65869.0
2007-05-30,95287.0,95287.0,47300.0,69238.0,92475.0,38967.0,15807.0,-65869.0
2007-05-31,95287.0,95287.0,47300.0,69238.0,92475.0,38967.0,15807.0,-65869.0
2007-06-01,94319.0,94319.0,39338.0,86137.0,91381.0,52020.0,14911.0,-59208.0
2007-06-04,94319.0,94319.0,39338.0,86137.0,91381.0,52020.0,14911.0,-59208.0
2007-06-05,94319.0,94319.0,39338.0,86137.0,91381.0,52020.0,14911.0,-59208.0
2007-06-06,94319.0,94319.0,39338.0,86137.0,91381.0,52020.0,14911.0,-59208.0
2007-06-07,94319.0,94319.0,39338.0,86137.0,91381.0,52020.0,14911.0,-59208.0
2007-06-08,84965.0,84965.0,77256.0,91056.0,84243.0,43858.0,19918.0,-58252.0
2007-06-11,84965.0,84965.0,77256.0,91056.0,84243.0,43858.0,19918.0,-58252.0
2007-06-12,84965.0,84965.0,77256.0,91056.0,84243.0,43858.0,19918.0,-58252.0
2007-06-13,84965.0,84965.0,77256.0,91056.0,84243.0,43858.0,19918.0,-58252.0
2007-06-14,84965.0,84965.0,77256.0,91056.0,84243.0,43858.0,19918.0,-58252.0
2007-06-15,50638.0,50638.0,73374.0,56330.0,48464.0,62005.0,26396.0,-79181.0
2007-06-18,50638.0,50638.0,73374.0,56330.0,48464.0,62005.0,26396.0,-79181.0
2007-06-19,50638.0,50638.0,73374.0,56330.0,48464.0,62005.0,26396.0,-79181.0
2007-06-20,50638.0,50638.0,73374.0,56330.0,48464.0,62005.0,26396.0,-79181.0
2007-06-21,50638.0,50638.0,73374.0,56330.0,48464.0,62005.0,26396.0,-79181.0
2007-06-22,46341.0,46341.0,65213.0,64573.0,45626.0,58796.0,24316.0,-79331.0
2007-06-25,46341.0,46341.0,65213.0,64573.0,45626.0,58796.0,24316.0,-79331.0
2007-06-26,46341.0,46341.0,65213.0,64573.0,45626.0,58796.0,24316.0,-79331.0
2007-06-27,46341.0,46341.0,65213.0,64573.0,45626.0,58796.0,24316.0,-79331.0
2007-06-28,46341.0,46341.0,65213.0,64573.0,45626.0,58796.0,24316.0,-79331.0
2007-06-29,67433.0,67433.0,66975.0,41980.0,67231.0,68863.0,23874.0,-58831.0
2007-07-02,67433.0,67433.0,66975.0,41980.0,67231.0,68863.0,23874.0,-58831.0
2007-07-03,67433.0,67433.0,66975.0,41980.0,67231.0,68863.0,23874.0,-58831.0
2007-07-04,67433.0,67433.0,66975.0,41980.0,67231.0,68863.0,23874.0,-58831.0
2007-07-05,67433.0,67433.0,66975.0,41980.0,67231.0,68863.0,23874.0,-58831.0
2007-07-06,76524.0,76524.0,58097.0,48780.0,76779.0,65253.0,22894.0,-33575.0
2007-07-09,76524.0,76524.0,58097.0,48780.0,76779.0,65253.0,22894.0,-33575.0
2007-07-10,76524.0,76524.0,58097.0,48780.0,76779.0,65253.0,22894.0,-33575.0
2007-07-11,76524.0,76524.0,58097.0,48780.0,76779.0,65253.0,22894.0,-33575.0
2007-07-12,76524.0,76524.0,58097.0,48780.0,76779.0,65253.0,22894.0,-33575.0
2007-07-13,102896.0,102896.0,65158.0,52212.0,103976.0,67378.0,23250.0,-38072.0
2007-07-16,102896.0,102896.0,65158.0,52212.0,103976.0,67378.0,23250.0,-38072.0
2007-07-17,102896.0,102896.0,65158.0,52212.0,103976.0,67378.0,23250.0,-38072.0
2007-07-18,102896.0,102896.0,65158.0,52212.0,103976.0,67378.0,23250.0,-38072.0
2007-07-19,102896.0,102896.0,65158.0,52212.0,103976.0,67378.0,23250.0,-38072.0
2007-07-20,99185.0,99185.0,68256.0,58167.0,101051.0,67272.0,24386.0,-35554.0
2007-07-23,99185.0,99185.0,68256.0,58167.0,101051.0,67272.0,24386.0,-35554.0
2007-07-24,99185.0,99185.0,68256.0,58167.0,101051.0,67272.0,24386.0,-35554.0
2007-07-25,99185.0,99185.0,68256.0,58167.0,101051.0,67272.0,24386.0,-35554.0
2007-07-26,99185.0,99185.0,68256.0,58167.0,101051.0,67272.0,24386.0,-35554.0
2007-07-27,96415.0,96415.0,66843.0,47728.0,98165.0,76964.0,27844.0,-42877.0
2007-07-30,96415.0,96415.0,66843.0,47728.0,98165.0,76964.0,27844.0,-42877.0
2007-07-31,96415.0,96415.0,66843.0,47728.0,98165.0,76964.0,27844.0,-42877.0
2007-08-01,96415.0,96415.0,66843.0,47728.0,98165.0,76964.0,27844.0,-42877.0
2007-08-02,96415.0,96415.0,66843.0,47728.0,98165.0,76964.0,27844.0,-42877.0
2007-08-03,78453.0,78453.0,35773.0,22606.0,79671.0,49698.0,14264.0,-14633.0
2007-08-06,78453.0,78453.0,35773.0,22606.0,79671.0,49698.0,14264.0,-14633.0
2007-08-07,78453.0,78453.0,35773.0,22606.0,79671.0,49698.0,14264.0,-14633.0
2007-08-08,78453.0,78453.0,35773.0,22606.0,79671.0,49698.0,14264.0,-14633.0
2007-08-09,78453.0,78453.0,35773.0,22606.0,79671.0,49698.0,14264.0,-14633.0
2007-08-10,79029.0,79029.0,30719.0,16370.0,80509.0,51938.0,16660.0,-2304.0
2007-08-13,79029.0,79029.0,30719.0,16370.0,80509.0,51938.0,16660.0,-2304.0
2007-08-14,79029.0,79029.0,30719.0,16370.0,80509.0,51938.0,16660.0,-2304.0
2007-08-15,79029.0,79029.0,30719.0,16370.0,80509.0,51938.0,16660.0,-2304.0
2007-08-16,79029.0,79029.0,30719.0,16370.0,80509.0,51938.0,16660.0,-2304.0
2007-08-17,64674.0,64674.0,23320.0,11715.0,63882.0,47810.0,14037.0,-13990.0
2007-08-20,64674.0,64674.0,23320.0,11715.0,63882.0,47810.0,14037.0,-13990.0
2007-08-21,64674.0,64674.0,23320.0,11715.0,63882.0,47810.0,14037.0,-13990.0
2007-08-22,64674.0,64674.0,23320.0,11715.0,63882.0,47810.0,14037.0,-13990.0
2007-08-23,64674.0,64674.0,23320.0,11715.0,63882.0,47810.0,14037.0,-13990.0
2007-08-24,38463.0,38463.0,4976.0,-24134.0,39256.0,40033.0,8885.0,-17279.0
2007-08-27,38463.0,38463.0,4976.0,-24134.0,39256.0,40033.0,8885.0,-17279.0
2007-08-28,38463.0,38463.0,4976.0,-24134.0,39256.0,40033.0,8885.0,-17279.0
2007-08-29,38463.0,38463.0,4976.0,-24134.0,39256.0,40033.0,8885.0,-17279.0
2007-08-30,38463.0,38463.0,4976.0,-24134.0,39256.0,40033.0,8885.0,-17279.0
2007-08-31,42826.0,42826.0,11959.0,-20202.0,42553.0,45094.0,3825.0,-18123.0
2007-09-03,42826.0,42826.0,11959.0,-20202.0,42553.0,45094.0,3825.0,-18123.0
2007-09-04,42826.0,42826.0,11959.0,-20202.0,42553.0,45094.0,3825.0,-18123.0
2007-09-05,42826.0,42826.0,11959.0,-20202.0,42553.0,45094.0,3825.0,-18123.0
2007-09-06,42826.0,42826.0,11959.0,-20202.0,42553.0,45094.0,3825.0,-18123.0
2007-09-07,46645.0,46645.0,26520.0,-15920.0,47221.0,51345.0,6343.0,-34475.0
2007-09-10,46645.0,46645.0,26520.0,-15920.0,47221.0,51345.0,6343.0,-34475.0
2007-09-11,46645.0,46645.0,26520.0,-15920.0,47221.0,51345.0,6343.0,-34475.0
2007-09-12,46645.0,46645.0,26520.0,-15920.0,47221.0,51345.0,6343.0,-34475.0
2007-09-13,46645.0,46645.0,26520.0,-15920.0,47221.0,51345.0,6343.0,-34475.0
2007-09-14,58214.0,58214.0,30447.0,-13133.0,58757.0,58754.0,9674.0,2661.0
2007-09-17,58214.0,58214.0,30447.0,-13133.0,58757.0,58754.0,9674.0,2661.0
2007-09-18,58214.0,58214.0,30447.0,-13133.0,58757.0,58754.0,9674.0,2661.0
2007-09-19,58214.0,58214.0,30447.0,-13133.0,58757.0,58754.0,9674.0,2661.0
2007-09-20,58214.0,58214.0,30447.0,-13133.0,58757.0,58754.0,9674.0,2661.0
2007-09-21,86049.0,86049.0,23116.0,-28072.0,87923.0,79828.0,11172.0,5489.0
2007-09-24,86049.0,86049.0,23116.0,-28072.0,87923.0,79828.0,11172.0,5489.0
2007-09-25,86049.0,86049.0,23116.0,-28072.0,87923.0,79828.0,11172.0,5489.0
2007-09-26,86049.0,86049.0,23116.0,-28072.0,87923.0,79828.0,11172.0,5489.0
2007-09-27,86049.0,86049.0,23116.0,-28072.0,87923.0,79828.0,11172.0,5489.0
2007-09-28,83448.0,83448.0,39042.0,-12921.0,85054.0,59162.0,12722.0,6292.0
2007-10-01,83448.0,83448.0,39042.0,-12921.0,85054.0,59162.0,12722.0,6292.0
2007-10-02,83448.0,83448.0,39042.0,-12921.0,85054.0,59162.0,12722.0,6292.0
2007-10-03,83448.0,83448.0,39042.0,-12921.0,85054.0,59162.0,12722.0,6292.0
2007-10-04,83448.0,83448.0,39042.0,-12921.0,85054.0,59162.0,12722.0,6292.0
2007-10-05,94440.0,94440.0,54632.0,-2143.0,95049.0,69179.0,18494.0,-3078.0
2007-10-08,94440.0,94440.0,54632.0,-2143.0,95049.0,69179.0,18494.0,-3078.0
2007-10-09,94440.0,94440.0,54632.0,-2143.0,95049.0,69179.0,18494.0,-3078.0
2007-10-10,94440.0,94440.0,54632.0,-2143.0,95049.0,69179.0,18494.0,-3078.0
2007-10-11,94440.0,94440.0,54632.0,-2143.0,95049.0,69179.0,18494.0,-3078.0
2007-10-12,87166.0,87166.0,49051.0,10720.0,89124.0,83001.0,21085.0,-4091.0
2007-10-15,87166.0,87166.0,49051.0,10720.0,89124.0,83001.0,21085.0,-4091.0
2007-10-16,87166.0,87166.0,49051.0,10720.0,89124.0,83001.0,21085.0,-4091.0
2007-10-17,87166.0,87166.0,49051.0,10720.0,89124.0,83001.0,21085.0,-4091.0
2007-10-18,87166.0,87166.0,49051.0,10720.0,89124.0,83001.0,21085.0,-4091.0
2007-10-19,86604.0,86604.0,55589.0,30194.0,88732.0,76949.0,22385.0,-8189.0
2007-10-22,86604.0,86604.0,55589.0,30194.0,88732.0,76949.0,22385.0,-8189.0
2007-10-23,86604.0,86604.0,55589.0,30194.0,88732.0,76949.0,22385.0,-8189.0
2007-10-24,86604.0,86604.0,55589.0,30194.0,88732.0,76949.0,22385.0,-8189.0
2007-10-25,86604.0,86604.0,55589.0,30194.0,88732.0,76949.0,22385.0,-8189.0
2007-10-26,69016.0,69016.0,43653.0,45259.0,71421.0,71323.0,19451.0,2510.0
2007-10-29,69016.0,69016.0,43653.0,45259.0,71421.0,71323.0,19451.0,2510.0
2007-10-30,69016.0,69016.0,43653.0,45259.0,71421.0,71323.0,19451.0,2510.0
2007-10-31,69016.0,69016.0,43653.0,45259.0,71421.0,71323.0,19451.0,2510.0
2007-11-01,69016.0,69016.0,43653.0,45259.0,71421.0,71323.0,19451.0,2510.0
2007-11-02,68848.0,68848.0,46022.0,69765.0,71623.0,68831.0,14668.0,10790.0
2007-11-05,68848.0,68848.0,46022.0,69765.0,71623.0,68831.0,14668.0,10790.0
2007-11-06,68848.0,68848.0,46022.0,69765.0,71623.0,68831.0,14668.0,10790.0
2007-11-07,68848.0,68848.0,46022.0,69765.0,71623.0,68831.0,14668.0,10790.0
2007-11-08,68848.0,68848.0,46022.0,69765.0,71623.0,68831.0,14668.0,10790.0
2007-11-09,76048.0,76048.0,50637.0,53575.0,78225.0,63588.0,13381.0,2419.0
2007-11-12,76048.0,76048.0,50637.0,53575.0,78225.0,63588.0,13381.0,2419.0
2007-11-13,76048.0,76048.0,50637.0,53575.0,78225.0,63588.0,13381.0,2419.0
2007-11-14,76048.0,76048.0,50637.0,53575.0,78225.0,63588.0,13381.0,2419.0
2007-11-15,76048.0,76048.0,50637.0,53575.0,78225.0,63588.0,13381.0,2419.0
2007-11-16,69429.0,69429.0,32828.0,34239.0,71229.0,46723.0,10423.0,15503.0
2007-11-19,69429.0,69429.0,32828.0,34239.0,71229.0,46723.0,10423.0,15503.0
2007-11-20,69429.0,69429.0,32828.0,34239.0,71229.0,46723.0,10423.0,15503.0
2007-11-21,69429.0,69429.0,32828.0,34239.0,71229.0,46723.0,10423.0,15503.0
2007-11-22,69429.0,69429.0,32828.0,34239.0,71229.0,46723.0,10423.0,15503.0
2007-11-23,70028.0,70028.0,30496.0,16907.0,72092.0,32292.0,7054.0,13732.0
2007-11-26,70028.0,70028.0,30496.0,16907.0,72092.0,32292.0,7054.0,13732.0
2007-11-27,70028.0,70028.0,30496.0,16907.0,72092.0,32292.0,7054.0,13732.0
2007-11-28,70028.0,70028.0,30496.0,16907.0,72092.0,32292.0,7054.0,13732.0
2007-11-29,70028.0,70028.0,30496.0,16907.0,72092.0,32292.0,7054.0,13732.0
2007-11-30,66556.0,66556.0,25654.0,11769.0,68168.0,28999.0,6859.0,13202.0
2007-12-03,66556.0,66556.0,25654.0,11769.0,68168.0,28999.0,6859.0,13202.0
2007-12-04,66556.0,66556.0,25654.0,11769.0,68168.0,28999.0,6859.0,13202.0
2007-12-05,66556.0,66556.0,25654.0,11769.0,68168.0,28999.0,6859.0,13202.0
2007-12-06,66556.0,66556.0,25654.0,11769.0,68168.0,28999.0,6859.0,13202.0
2007-12-07,69117.0,69117.0,23519.0,10036.0,70825.0,15324.0,10999.0,7043.0
2007-12-10,69117.0,69117.0,23519.0,10036.0,70825.0,15324.0,10999.0,7043.0
2007-12-11,69117.0,69117.0,23519.0,10036.0,70825.0,15324.0,10999.0,7043.0
2007-12-12,69117.0,69117.0,23519.0,10036.0,70825.0,15324.0,10999.0,7043.0
2007-12-13,69117.0,69117.0,23519.0,10036.0,70825.0,15324.0,10999.0,7043.0
2007-12-14,63374.0,63374.0,32965.0,38903.0,64111.0,18664.0,11341.0,1933.0
2007-12-17,63374.0,63374.0,32965.0,38903.0,64111.0,18664.0,11341.0,1933.0
2007-12-18,63374.0,63374.0,32965.0,38903.0,64111.0,18664.0,11341.0,1933.0
2007-12-19,63374.0,63374.0,32965.0,38903.0,64111.0,18664.0,11341.0,1933.0
2007-12-20,63374.0,63374.0,32965.0,38903.0,64111.0,18664.0,11341.0,1933.0
2007-12-21,31149.0,31149.0,11037.0,66889.0,32179.0,23287.0,9626.0,-6984.0
2007-12-24,31149.0,31149.0,11037.0,66889.0,32179.0,23287.0,9626.0,-6984.0
2007-12-25,31149.0,31149.0,11037.0,66889.0,32179.0,23287.0,9626.0,-6984.0
2007-12-26,31149.0,31149.0,11037.0,66889.0,32179.0,23287.0,9626.0,-6984.0
2007-12-27,31149.0,31149.0,11037.0,66889.0,32179.0,23287.0,9626.0,-6984.0
2007-12-28,30641.0,30641.0,13540.0,71808.0,32445.0,14723.0,12247.0,-11497.0
2007-12-31,30641.0,30641.0,13540.0,71808.0,32445.0,14723.0,12247.0,-11497.0
2008-01-01,30641.0,30641.0,13540.0,71808.0,32445.0,14723.0,12247.0,-11497.0
2008-01-02,30641.0,30641.0,13540.0,71808.0,32445.0,14723.0,12247.0,-11497.0
2008-01-03,30641.0,30641.0,13540.0,71808.0,32445.0,14723.0,12247.0,-11497.0
2008-01-04,36655.0,36655.0,18024.0,56290.0,38246.0,22998.0,13965.0,-4619.0
2008-01-07,36655.0,36655.0,18024.0,56290.0,38246.0,22998.0,13965.0,-4619.0
2008-01-08,36655.0,36655.0,18024.0,56290.0,38246.0,22998.0,13965.0,-4619.0
2008-01-09,36655.0,36655.0,18024.0,56290.0,38246.0,22998.0,13965.0,-4619.0
2008-01-10,36655.0,36655.0,18024.0,56290.0,38246.0,22998.0,13965.0,-4619.0
2008-01-11,51902.0,51902.0,23396.0,55866.0,53398.0,16424.0,13503.0,-2171.0
2008-01-14,51902.0,51902.0,23396.0,55866.0,53398.0,16424.0,13503.0,-2171.0
2008-01-15,51902.0,51902.0,23396.0,55866.0,53398.0,16424.0,13503.0,-2171.0
2008-01-16,51902.0,51902.0,23396.0,55866.0,53398.0,16424.0,13503.0,-2171.0
2008-01-17,51902.0,51902.0,23396.0,55866.0,53398.0,16424.0,13503.0,-2171.0
2008-01-18,44982.0,44982.0,25460.0,29952.0,47243.0,7765.0,15749.0,5162.0
2008-01-21,44982.0,44982.0,25460.0,29952.0,47243.0,7765.0,15749.0,5162.0
2008-01-22,44982.0,44982.0,25460.0,29952.0,47243.0,7765.0,15749.0,5162.0
2008-01-23,44982.0,44982.0,25460.0,29952.0,47243.0,7765.0,15749.0,5162.0
2008-01-24,44982.0,44982.0,25460.0,29952.0,47243.0,7765.0,15749.0,5162.0
2008-01-25,23745.0,23745.0,5607.0,23963.0,25919.0,7677.0,11455.0,15376.0
2008-01-28,23745.0,23745.0,5607.0,23963.0,25919.0,7677.0,11455.0,15376.0
2008-01-29,23745.0,23745.0,5607.0,23963.0,25919.0,7677.0,11455.0,15376.0
2008-01-30,23745.0,23745.0,5607.0,23963.0,25919.0,7677.0,11455.0,15376.0
2008-01-31,23745.0,23745.0,5607.0,23963.0,25919.0,7677.0,11455.0,15376.0
2008-02-01,22456.0,22456.0,16309.0,41786.0,26473.0,4295.0,10722.0,9233.0
2008-02-04,22456.0,22456.0,16309.0,41786.0,26473.0,4295.0,10722.0,9233.0
2008-02-05,22456.0,22456.0,16309.0,41786.0,26473.0,4295.0,10722.0,9233.0
2008-02-06,22456.0,22456.0,16309.0,41786.0,26473.0,4295.0,10722.0,9233.0
2008-02-07,22456.0,22456.0,16309.0,41786.0,26473.0,4295.0,10722.0,9233.0
2008-02-08,12564.0,12564.0,32897.0,72055.0,15813.0,10240.0,14789.0,2786.0
2008-02-11,12564.0,12564.0,32897.0,72055.0,15813.0,10240.0,14789.0,2786.0
2008-02-12,12564.0,12564.0,32897.0,72055.0,15813.0,10240.0,14789.0,2786.0
2008-02-13,12564.0,12564.0,32897.0,72055.0,15813.0,10240.0,14789.0,2786.0
2008-02-14,12564.0,12564.0,32897.0,72055.0,15813.0,10240.0,14789.0,2786.0
2008-02-15,10295.0,10295.0,35868.0,106022.0,13117.0,20435.0,15979.0,3180.0
2008-02-18,10295.0,10295.0,35868.0,106022.0,13117.0,20435.0,15979.0,3180.0
2008-02-19,10295.0,10295.0,35868.0,106022.0,13117.0,20435.0,15979.0,3180.0
2008-02-20,10295.0,10295.0,35868.0,106022.0,13117.0,20435.0,15979.0,3180.0
2008-02-21,10295.0,10295.0,35868.0,106022.0,13117.0,20435.0,15979.0,3180.0
2008-02-22,14730.0,14730.0,40420.0,116507.0,18648.0,11947.0,15127.0,987.0
2008-02-25,14730.0,14730.0,40420.0,116507.0,18648.0,11947.0,15127.0,987.0
2008-02-26,14730.0,14730.0,40420.0,116507.0,18648.0,11947.0,15127.0,987.0
2008-02-27,14730.0,14730.0,40420.0,116507.0,18648.0,11947.0,15127.0,987.0
2008-02-28,14730.0,14730.0,40420.0,116507.0,18648.0,11947.0,15127.0,987.0
2008-02-29,31778.0,31778.0,36844.0,125334.0,36408.0,26184.0,15533.0,8772.0
2008-03-03,31778.0,31778.0,36844.0,125334.0,36408.0,26184.0,15533.0,8772.0
2008-03-04,31778.0,31778.0,36844.0,125334.0,36408.0,26184.0,15533.0,8772.0
2008-03-05,31778.0,31778.0,36844.0,125334.0,36408.0,26184.0,15533.0,8772.0
2008-03-06,31778.0,31778.0,36844.0,125334.0,36408.0,26184.0,15533.0,8772.0
2008-03-07,32010.0,32010.0,37386.0,112883.0,37123.0,36406.0,13631.0,167.0
2008-03-10,32010.0,32010.0,37386.0,112883.0,37123.0,36406.0,13631.0,167.0
2008-03-11,32010.0,32010.0,37386.0,112883.0,37123.0,36406.0,13631.0,167.0
2008-03-12,32010.0,32010.0,37386.0,112883.0,37123.0,36406.0,13631.0,167.0
2008-03-13,32010.0,32010.0,37386.0,112883.0,37123.0,36406.0,13631.0,167.0
2008-03-14,29099.0,29099.0,31692.0,73734.0,31832.0,28931.0,12396.0,-4248.0
2008-03-17,29099.0,29099.0,31692.0,73734.0,31832.0,28931.0,12396.0,-4248.0
2008-03-18,29099.0,29099.0,31692.0,73734.0,31832.0,28931.0,12396.0,-4248.0
2008-03-19,29099.0,29099.0,31692.0,73734.0,31832.0,28931.0,12396.0,-4248.0
2008-03-20,29099.0,29099.0,31692.0,73734.0,31832.0,28931.0,12396.0,-4248.0
2008-03-21,26521.0,26521.0,35565.0,89304.0,28695.0,20899.0,10378.0,11224.0
2008-03-24,26521.0,26521.0,35565.0,89304.0,28695.0,20899.0,10378.0,11224.0
2008-03-25,26521.0,26521.0,35565.0,89304.0,28695.0,20899.0,10378.0,11224.0
2008-03-26,26521.0,26521.0,35565.0,89304.0,28695.0,20899.0,10378.0,11224.0
2008-03-27,26521.0,26521.0,35565.0,89304.0,28695.0,20899.0,10378.0,11224.0
2008-03-28,42771.0,42771.0,35620.0,103851.0,45683.0,2178.0,9451.0,10781.0
2008-03-31,42771.0,42771.0,35620.0,103851.0,45683.0,2178.0,9451.0,10781.0
2008-04-01,42771.0,42771.0,35620.0,103851.0,45683.0,2178.0,9451.0,10781.0
2008-04-02,42771.0,42771.0,35620.0,103851.0,45683.0,2178.0,9451.0,10781.0
2008-04-03,42771.0,42771.0,35620.0,103851.0,45683.0,2178.0,9451.0,10781.0
2008-04-04,29072.0,29072.0,36968.0,120903.0,32381.0,723.0,7454.0,8881.0
2008-04-07,29072.0,29072.0,36968.0,120903.0,32381.0,723.0,7454.0,8881.0
2008-04-08,29072.0,29072.0,36968.0,120903.0,32381.0,723.0,7454.0,8881.0
2008-04-09,29072.0,29072.0,36968.0,120903.0,32381.0,723.0,7454.0,8881.0
2008-04-10,29072.0,29072.0,36968.0,120903.0,32381.0,723.0,7454.0,8881.0
2008-04-11,29435.0,29435.0,51689.0,115403.0,34265.0,6564.0,8372.0,917.0
2008-04-14,29435.0,29435.0,51689.0,115403.0,34265.0,6564.0,8372.0,917.0
2008-04-15,29435.0,29435.0,51689.0,115403.0,34265.0,6564.0,8372.0,917.0
2008-04-16,29435.0,29435.0,51689.0,115403.0,34265.0,6564.0,8372.0,917.0
2008-04-17,29435.0,29435.0,51689.0,115403.0,34265.0,6564.0,8372.0,917.0
2008-04-18,20093.0,20093.0,44645.0,114894.0,23794.0,5503.0,6594.0,5234.0
2008-04-21,20093.0,20093.0,44645.0,114894.0,23794.0,5503.0,6594.0,5234.0
2008-04-22,20093.0,20093.0,44645.0,114894.0,23794.0,5503.0,6594.0,5234.0
2008-04-23,20093.0,20093.0,44645.0,114894.0,23794.0,5503.0,6594.0,5234.0
2008-04-24,20093.0,20093.0,44645.0,114894.0,23794.0,5503.0,6594.0,5234.0
2008-04-25,18907.0,18907.0,58498.0,120857.0,23432.0,17370.0,7894.0,3009.0
2008-04-28,18907.0,18907.0,58498.0,120857.0,23432.0,17370.0,7894.0,3009.0
2008-04-29,18907.0,18907.0,58498.0,120857.0,23432.0,17370.0,7894.0,3009.0
2008-04-30,18907.0,18907.0,58498.0,120857.0,23432.0,17370.0,7894.0,3009.0
2008-05-01,18907.0,18907.0,58498.0,120857.0,23432.0,17370.0,7894.0,3009.0
2008-05-02,-21315.0,-21315.0,50465.0,90796.0,-16285.0,7428.0,5489.0,7001.0
2008-05-05,-21315.0,-21315.0,50465.0,90796.0,-16285.0,7428.0,5489.0,7001.0
2008-05-06,-21315.0,-21315.0,50465.0,90796.0,-16285.0,7428.0,5489.0,7001.0
2008-05-07,-21315.0,-21315.0,50465.0,90796.0,-16285.0,7428.0,5489.0,7001.0
2008-05-08,-21315.0,-21315.0,50465.0,90796.0,-16285.0,7428.0,5489.0,7001.0
2008-05-09,-12512.0,-12512.0,65421.0,101511.0,-6656.0,31712.0,6337.0,-4137.0
2008-05-12,-12512.0,-12512.0,65421.0,101511.0,-6656.0,31712.0,6337.0,-4137.0
2008-05-13,-12512.0,-12512.0,65421.0,101511.0,-6656.0,31712.0,6337.0,-4137.0
2008-05-14,-12512.0,-12512.0,65421.0,101511.0,-6656.0,31712.0,6337.0,-4137.0
2008-05-15,-12512.0,-12512.0,65421.0,101511.0,-6656.0,31712.0,6337.0,-4137.0
2008-05-16,-9499.0,-9499.0,57454.0,99028.0,-5073.0,29409.0,3444.0,-17436.0
2008-05-19,-9499.0,-9499.0,57454.0,99028.0,-5073.0,29409.0,3444.0,-17436.0
2008-05-20,-9499.0,-9499.0,57454.0,99028.0,-5073.0,29409.0,3444.0,-17436.0
2008-05-21,-9499.0,-9499.0,57454.0,99028.0,-5073.0,29409.0,3444.0,-17436.0
2008-05-22,-9499.0,-9499.0,57454.0,99028.0,-5073.0,29409.0,3444.0,-17436.0
2008-05-23,6841.0,6841.0,61301.0,90599.0,10788.0,31418.0,4541.0,-4943.0
2008-05-26,6841.0,6841.0,61301.0,90599.0,10788.0,31418.0,4541.0,-4943.0
2008-05-27,6841.0,6841.0,61301.0,90599.0,10788.0,31418.0,4541.0,-4943.0
2008-05-28,6841.0,6841.0,61301.0,90599.0,10788.0,31418.0,4541.0,-4943.0
2008-05-29,6841.0,6841.0,61301.0,90599.0,10788.0,31418.0,4541.0,-4943.0
2008-05-30,-3390.0,-3390.0,57292.0,94756.0,63.0,50125.0,4964.0,-9849.0
2008-06-02,-3390.0,-3390.0,57292.0,94756.0,63.0,50125.0,4964.0,-9849.0
2008-06-03,-3390.0,-3390.0,57292.0,94756.0,63.0,50125.0,4964.0,-9849.0
2008-06-04,-3390.0,-3390.0,57292.0,94756.0,63.0,50125.0,4964.0,-9849.0
2008-06-05,-3390.0,-3390.0,57292.0,94756.0,63.0,50125.0,4964.0,-9849.0
2008-06-06,-14454.0,-14454.0,53307.0,98835.0,-10474.0,45738.0,6328.0,-7271.0
2008-06-09,-14454.0,-14454.0,53307.0,98835.0,-10474.0,45738.0,6328.0,-7271.0
2008-06-10,-14454.0,-14454.0,53307.0,98835.0,-10474.0,45738.0,6328.0,-7271.0
2008-06-11,-14454.0,-14454.0,53307.0,98835.0,-10474.0,45738.0,6328.0,-7271.0
2008-06-12,-14454.0,-14454.0,53307.0,98835.0,-10474.0,45738.0,6328.0,-7271.0
2008-06-13,-7540.0,-7540.0,47497.0,84162.0,-7096.0,17579.0,3200.0,-3732.0
2008-06-16,-7540.0,-7540.0,47497.0,84162.0,-7096.0,17579.0,3200.0,-3732.0
2008-06-17,-7540.0,-7540.0,47497.0,84162.0,-7096.0,17579.0,3200.0,-3732.0
2008-06-18,-7540.0,-7540.0,47497.0,84162.0,-7096.0,17579.0,3200.0,-3732.0
2008-06-19,-7540.0,-7540.0,47497.0,84162.0,-7096.0,17579.0,3200.0,-3732.0
2008-06-20,-9290.0,-9290.0,36987.0,95847.0,-8047.0,-951.0,1566.0,-8914.0
2008-06-23,-9290.0,-9290.0,36987.0,95847.0,-8047.0,-951.0,1566.0,-8914.0
2008-06-24,-9290.0,-9290.0,36987.0,95847.0,-8047.0,-951.0,1566.0,-8914.0
2008-06-25,-9290.0,-9290.0,36987.0,95847.0,-8047.0,-951.0,1566.0,-8914.0
2008-06-26,-9290.0,-9290.0,36987.0,95847.0,-8047.0,-951.0,1566.0,-8914.0
2008-06-27,1432.0,1432.0,49382.0,98170.0,2945.0,-4489.0,2650.0,-2401.0
2008-06-30,1432.0,1432.0,49382.0,98170.0,2945.0,-4489.0,2650.0,-2401.0
2008-07-01,1432.0,1432.0,49382.0,98170.0,2945.0,-4489.0,2650.0,-2401.0
2008-07-02,1432.0,1432.0,49382.0,98170.0,2945.0,-4489.0,2650.0,-2401.0
2008-07-03,1432.0,1432.0,49382.0,98170.0,2945.0,-4489.0,2650.0,-2401.0
2008-07-04,27683.0,27683.0,51409.0,73935.0,31160.0,-9790.0,3166.0,6607.0
2008-07-07,27683.0,27683.0,51409.0,73935.0,31160.0,-9790.0,3166.0,6607.0
2008-07-08,27683.0,27683.0,51409.0,73935.0,31160.0,-9790.0,3166.0,6607.0
2008-07-09,27683.0,27683.0,51409.0,73935.0,31160.0,-9790.0,3166.0,6607.0
2008-07-10,27683.0,27683.0,51409.0,73935.0,31160.0,-9790.0,3166.0,6607.0
2008-07-11,24007.0,24007.0,49306.0,72190.0,25545.0,-5952.0,2141.0,-4697.0
2008-07-14,24007.0,24007.0,49306.0,72190.0,25545.0,-5952.0,2141.0,-4697.0
2008-07-15,24007.0,24007.0,49306.0,72190.0,25545.0,-5952.0,2141.0,-4697.0
2008-07-16,24007.0,24007.0,49306.0,72190.0,25545.0,-5952.0,2141.0,-4697.0
2008-07-17,24007.0,24007.0,49306.0,72190.0,25545.0,-5952.0,2141.0,-4697.0
2008-07-18,23049.0,23049.0,56068.0,72341.0,25384.0,12859.0,5327.0,15044.0
2008-07-21,23049.0,23049.0,56068.0,72341.0,25384.0,12859.0,5327.0,15044.0
2008-07-22,23049.0,23049.0,56068.0,72341.0,25384.0,12859.0,5327.0,15044.0
2008-07-23,23049.0,23049.0,56068.0,72341.0,25384.0,12859.0,5327.0,15044.0
2008-07-24,23049.0,23049.0,56068.0,72341.0,25384.0,12859.0,5327.0,15044.0
2008-07-25,4071.0,4071.0,53588.0,90137.0,5959.0,21889.0,4984.0,-1666.0
2008-07-28,4071.0,4071.0,53588.0,90137.0,5959.0,21889.0,4984.0,-1666.0
2008-07-29,4071.0,4071.0,53588.0,90137.0,5959.0,21889.0,4984.0,-1666.0
2008-07-30,4071.0,4071.0,53588.0,90137.0,5959.0,21889.0,4984.0,-1666.0
2008-07-31,4071.0,4071.0,53588.0,90137.0,5959.0,21889.0,4984.0,-1666.0
2008-08-01,-16218.0,-16218.0,28919.0,78768.0,-14849.0,-2246.0,1584.0,-4655.0
2008-08-04,-16218.0,-16218.0,28919.0,78768.0,-14849.0,-2246.0,1584.0,-4655.0
2008-08-05,-16218.0,-16218.0,28919.0,78768.0,-14849.0,-2246.0,1584.0,-4655.0
2008-08-06,-16218.0,-16218.0,28919.0,78768.0,-14849.0,-2246.0,1584.0,-4655.0
2008-08-07,-16218.0,-16218.0,28919.0,78768.0,-14849.0,-2246.0,1584.0,-4655.0
2008-08-08,-9447.0,-9447.0,14747.0,72293.0,-8411.0,-18772.0,-1381.0,-8983.0
2008-08-11,-9447.0,-9447.0,14747.0,72293.0,-8411.0,-18772.0,-1381.0,-8983.0
2008-08-12,-9447.0,-9447.0,14747.0,72293.0,-8411.0,-18772.0,-1381.0,-8983.0
2008-08-13,-9447.0,-9447.0,14747.0,72293.0,-8411.0,-18772.0,-1381.0,-8983.0
2008-08-14,-9447.0,-9447.0,14747.0,72293.0,-8411.0,-18772.0,-1381.0,-8983.0
2008-08-15,-19427.0,-19427.0,9053.0,50524.0,-20224.0,-25329.0,-1451.0,-8383.0
2008-08-18,-19427.0,-19427.0,9053.0,50524.0,-20224.0,-25329.0,-1451.0,-8383.0
2008-08-19,-19427.0,-19427.0,9053.0,50524.0,-20224.0,-25329.0,-1451.0,-8383.0
2008-08-20,-19427.0,-19427.0,9053.0,50524.0,-20224.0,-25329.0,-1451.0,-8383.0
2008-08-21,-19427.0,-19427.0,9053.0,50524.0,-20224.0,-25329.0,-1451.0,-8383.0
2008-08-22,-20364.0,-20364.0,5950.0,50315.0,-21573.0,-28085.0,-597.0,-13402.0
2008-08-25,-20364.0,-20364.0,5950.0,50315.0,-21573.0,-28085.0,-597.0,-13402.0
2008-08-26,-20364.0,-20364.0,5950.0,50315.0,-21573.0,-28085.0,-597.0,-13402.0
2008-08-27,-20364.0,-20364.0,5950.0,50315.0,-21573.0,-28085.0,-597.0,-13402.0
2008-08-28,-20364.0,-20364.0,5950.0,50315.0,-21573.0,-28085.0,-597.0,-13402.0
2008-08-29,-33778.0,-33778.0,1377.0,53868.0,-33367.0,-15764.0,-463.0,-13329.0
2008-09-01,-33778.0,-33778.0,1377.0,53868.0,-33367.0,-15764.0,-463.0,-13329.0
2008-09-02,-33778.0,-33778.0,1377.0,53868.0,-33367.0,-15764.0,-463.0,-13329.0
2008-09-03,-33778.0,-33778.0,1377.0,53868.0,-33367.0,-15764.0,-463.0,-13329.0
2008-09-04,-33778.0,-33778.0,1377.0,53868.0,-33367.0,-15764.0,-463.0,-13329.0
2008-09-05,-38623.0,-38623.0,1511.0,43577.0,-36669.0,-17574.0,-1814.0,-13263.0
2008-09-08,-38623.0,-38623.0,1511.0,43577.0,-36669.0,-17574.0,-1814.0,-13263.0
2008-09-09,-38623.0,-38623.0,1511.0,43577.0,-36669.0,-17574.0,-1814.0,-13263.0
2008-09-10,-38623.0,-38623.0,1511.0,43577.0,-36669.0,-17574.0,-1814.0,-13263.0
2008-09-11,-38623.0,-38623.0,1511.0,43577.0,-36669.0,-17574.0,-1814.0,-13263.0
2008-09-12,-36432.0,-36432.0,1586.0,25479.0,-38973.0,-9984.0,-2950.0,-14915.0
2008-09-15,-36432.0,-36432.0,1586.0,25479.0,-38973.0,-9984.0,-2950.0,-14915.0
2008-09-16,-36432.0,-36432.0,1586.0,25479.0,-38973.0,-9984.0,-2950.0,-14915.0
2008-09-17,-36432.0,-36432.0,1586.0,25479.0,-38973.0,-9984.0,-2950.0,-14915.0
2008-09-18,-36432.0,-36432.0,1586.0,25479.0,-38973.0,-9984.0,-2950.0,-14915.0
2008-09-19,-40654.0,-40654.0,-17026.0,17308.0,-43234.0,-10222.0,-3900.0,-13448.0
2008-09-22,-40654.0,-40654.0,-17026.0,17308.0,-43234.0,-10222.0,-3900.0,-13448.0
2008-09-23,-40654.0,-40654.0,-17026.0,17308.0,-43234.0,-10222.0,-3900.0,-13448.0
2008-09-24,-40654.0,-40654.0,-17026.0,17308.0,-43234.0,-10222.0,-3900.0,-13448.0
2008-09-25,-40654.0,-40654.0,-17026.0,17308.0,-43234.0,-10222.0,-3900.0,-13448.0
2008-09-26,-31057.0,-31057.0,-19462.0,6429.0,-35288.0,-18653.0,-4586.0,-8107.0
2008-09-29,-31057.0,-31057.0,-19462.0,6429.0,-35288.0,-18653.0,-4586.0,-8107.0
2008-09-30,-31057.0,-31057.0,-19462.0,6429.0,-35288.0,-18653.0,-4586.0,-8107.0
2008-10-01,-31057.0,-31057.0,-19462.0,6429.0,-35288.0,-18653.0,-4586.0,-8107.0
2008-10-02,-31057.0,-31057.0,-19462.0,6429.0,-35288.0,-18653.0,-4586.0,-8107.0
2008-10-03,-28932.0,-28932.0,-14347.0,12016.0,-32075.0,-18021.0,-4781.0,-11449.0
2008-10-06,-28932.0,-28932.0,-14347.0,12016.0,-32075.0,-18021.0,-4781.0,-11449.0
2008-10-07,-28932.0,-28932.0,-14347.0,12016.0,-32075.0,-18021.0,-4781.0,-11449.0
2008-10-08,-28932.0,-28932.0,-14347.0,12016.0,-32075.0,-18021.0,-4781.0,-11449.0
2008-10-09,-28932.0,-28932.0,-14347.0,12016.0,-32075.0,-18021.0,-4781.0,-11449.0
2008-10-10,-18662.0,-18662.0,-8347.0,9935.0,-22993.0,-17152.0,-4478.0,-11529.0
2008-10-13,-18662.0,-18662.0,-8347.0,9935.0,-22993.0,-17152.0,-4478.0,-11529.0
2008-10-14,-18662.0,-18662.0,-8347.0,9935.0,-22993.0,-17152.0,-4478.0,-11529.0
2008-10-15,-18662.0,-18662.0,-8347.0,9935.0,-22993.0,-17152.0,-4478.0,-11529.0
2008-10-16,-18662.0,-18662.0,-8347.0,9935.0,-22993.0,-17152.0,-4478.0,-11529.0
2008-10-17,-30100.0,-30100.0,-6973.0,3101.0,-34732.0,-17884.0,-4560.0,-13082.0
2008-10-20,-30100.0,-30100.0,-6973.0,3101.0,-34732.0,-17884.0,-4560.0,-13082.0
2008-10-21,-30100.0,-30100.0,-6973.0,3101.0,-34732.0,-17884.0,-4560.0,-13082.0
2008-10-22,-30100.0,-30100.0,-6973.0,3101.0,-34732.0,-17884.0,-4560.0,-13082.0
2008-10-23,-30100.0,-30100.0,-6973.0,3101.0,-34732.0,-17884.0,-4560.0,-13082.0
2008-10-24,-30620.0,-30620.0,-7234.0,429.0,-33785.0,-12395.0,-4171.0,-15922.0
2008-10-27,-30620.0,-30620.0,-7234.0,429.0,-33785.0,-12395.0,-4171.0,-15922.0
2008-10-28,-30620.0,-30620.0,-7234.0,429.0,-33785.0,-12395.0,-4171.0,-15922.0
2008-10-29,-30620.0,-30620.0,-7234.0,429.0,-33785.0,-12395.0,-4171.0,-15922.0
2008-10-30,-30620.0,-30620.0,-7234.0,429.0,-33785.0,-12395.0,-4171.0,-15922.0
2008-10-31,-29052.0,-29052.0,-9819.0,-2965.0,-32604.0,-9847.0,-2447.0,-14316.0
2008-11-03,-29052.0,-29052.0,-9819.0,-2965.0,-32604.0,-9847.0,-2447.0,-14316.0
2008-11-04,-29052.0,-29052.0,-9819.0,-2965.0,-32604.0,-9847.0,-2447.0,-14316.0
2008-11-05,-29052.0,-29052.0,-9819.0,-2965.0,-32604.0,-9847.0,-2447.0,-14316.0
2008-11-06,-29052.0,-29052.0,-9819.0,-2965.0,-32604.0,-9847.0,-2447.0,-14316.0
2008-11-07,-21433.0,-21433.0,-5513.0,-4559.0,-25492.0,-7494.0,-932.0,-7201.0
2008-11-10,-21433.0,-21433.0,-5513.0,-4559.0,-25492.0,-7494.0,-932.0,-7201.0
2008-11-11,-21433.0,-21433.0,-5513.0,-4559.0,-25492.0,-7494.0,-932.0,-7201.0
2008-11-12,-21433.0,-21433.0,-5513.0,-4559.0,-25492.0,-7494.0,-932.0,-7201.0
2008-11-13,-21433.0,-21433.0,-5513.0,-4559.0,-25492.0,-7494.0,-932.0,-7201.0
2008-11-14,-20621.0,-20621.0,-8604.0,-2335.0,-24072.0,-3245.0,-1366.0,-10156.0
2008-11-17,-20621.0,-20621.0,-8604.0,-2335.0,-24072.0,-3245.0,-1366.0,-10156.0
2008-11-18,-20621.0,-20621.0,-8604.0,-2335.0,-24072.0,-3245.0,-1366.0,-10156.0
2008-11-19,-20621.0,-20621.0,-8604.0,-2335.0,-24072.0,-3245.0,-1366.0,-10156.0
2008-11-20,-20621.0,-20621.0,-8604.0,-2335.0,-24072.0,-3245.0,-1366.0,-10156.0
2008-11-21,-17358.0,-17358.0,-5790.0,-935.0,-21555.0,-7177.0,-1641.0,-13589.0
2008-11-24,-17358.0,-17358.0,-5790.0,-935.0,-21555.0,-7177.0,-1641.0,-13589.0
2008-11-25,-17358.0,-17358.0,-5790.0,-935.0,-21555.0,-7177.0,-1641.0,-13589.0
2008-11-26,-17358.0,-17358.0,-5790.0,-935.0,-21555.0,-7177.0,-1641.0,-13589.0
2008-11-27,-17358.0,-17358.0,-5790.0,-935.0,-21555.0,-7177.0,-1641.0,-13589.0
2008-11-28,-21478.0,-21478.0,-8624.0,-2015.0,-25691.0,-6269.0,-2378.0,-16413.0
2008-12-01,-21478.0,-21478.0,-8624.0,-2015.0,-25691.0,-6269.0,-2378.0,-16413.0
2008-12-02,-21478.0,-21478.0,-8624.0,-2015.0,-25691.0,-6269.0,-2378.0,-16413.0
2008-12-03,-21478.0,-21478.0,-8624.0,-2015.0,-25691.0,-6269.0,-2378.0,-16413.0
2008-12-04,-21478.0,-21478.0,-8624.0,-2015.0,-25691.0,-6269.0,-2378.0,-16413.0
2008-12-05,-20197.0,-20197.0,-9878.0,-1898.0,-24824.0,-9707.0,-2562.0,-18240.0
2008-12-08,-20197.0,-20197.0,-9878.0,-1898.0,-24824.0,-9707.0,-2562.0,-18240.0
2008-12-09,-20197.0,-20197.0,-9878.0,-1898.0,-24824.0,-9707.0,-2562.0,-18240.0
2008-12-10,-20197.0,-20197.0,-9878.0,-1898.0,-24824.0,-9707.0,-2562.0,-18240.0
2008-12-11,-20197.0,-20197.0,-9878.0,-1898.0,-24824.0,-9707.0,-2562.0,-18240.0
2008-12-12,-16668.0,-16668.0,-4452.0,625.0,-16653.0,-8829.0,-2293.0,-14074.0
2008-12-15,-16668.0,-16668.0,-4452.0,625.0,-16653.0,-8829.0,-2293.0,-14074.0
2008-12-16,-16668.0,-16668.0,-4452.0,625.0,-16653.0,-8829.0,-2293.0,-14074.0
2008-12-17,-16668.0,-16668.0,-4452.0,625.0,-16653.0,-8829.0,-2293.0,-14074.0
2008-12-18,-16668.0,-16668.0,-4452.0,625.0,-16653.0,-8829.0,-2293.0,-14074.0
2008-12-19,-6626.0,-6626.0,-4199.0,2286.0,-7775.0,-6748.0,-1535.0,-5311.0
2008-12-22,-6626.0,-6626.0,-4199.0,2286.0,-7775.0,-6748.0,-1535.0,-5311.0
2008-12-23,-6626.0,-6626.0,-4199.0,2286.0,-7775.0,-6748.0,-1535.0,-5311.0
2008-12-24,-6626.0,-6626.0,-4199.0,2286.0,-7775.0,-6748.0,-1535.0,-5311.0
2008-12-25,-6626.0,-6626.0,-4199.0,2286.0,-7775.0,-6748.0,-1535.0,-5311.0
2008-12-26,-3645.0,-3645.0,-1436.0,1801.0,-6081.0,-10030.0,-1200.0,-4156.0
2008-12-29,-3645.0,-3645.0,-1436.0,1801.0,-6081.0,-10030.0,-1200.0,-4156.0
2008-12-30,-3645.0,-3645.0,-1436.0,1801.0,-6081.0,-10030.0,-1200.0,-4156.0
2008-12-31,-3645.0,-3645.0,-1436.0,1801.0,-6081.0,-10030.0,-1200.0,-4156.0
2009-01-01,-3645.0,-3645.0,-1436.0,1801.0,-6081.0,-10030.0,-1200.0,-4156.0
2009-01-02,-3204.0,-3204.0,-452.0,-640.0,-5574.0,-10355.0,-1009.0,-3847.0
2009-01-05,-3204.0,-3204.0,-452.0,-640.0,-5574.0,-10355.0,-1009.0,-3847.0
2009-01-06,-3204.0,-3204.0,-452.0,-640.0,-5574.0,-10355.0,-1009.0,-3847.0
2009-01-07,-3204.0,-3204.0,-452.0,-640.0,-5574.0,-10355.0,-1009.0,-3847.0
2009-01-08,-3204.0,-3204.0,-452.0,-640.0,-5574.0,-10355.0,-1009.0,-3847.0
2009-01-09,-2375.0,-2375.0,595.0,-414.0,-4210.0,-13872.0,248.0,-5867.0
2009-01-12,-2375.0,-2375.0,595.0,-414.0,-4210.0,-13872.0,248.0,-5867.0
2009-01-13,-2375.0,-2375.0,595.0,-414.0,-4210.0,-13872.0,248.0,-5867.0
2009-01-14,-2375.0,-2375.0,595.0,-414.0,-4210.0,-13872.0,248.0,-5867.0
2009-01-15,-2375.0,-2375.0,595.0,-414.0,-4210.0,-13872.0,248.0,-5867.0
2009-01-16,-9348.0,-9348.0,-4476.0,-4258.0,-9906.0,-12204.0,-193.0,-6234.0
2009-01-19,-9348.0,-9348.0,-4476.0,-4258.0,-9906.0,-12204.0,-193.0,-6234.0
2009-01-20,-9348.0,-9348.0,-4476.0,-4258.0,-9906.0,-12204.0,-193.0,-6234.0
2009-01-21,-9348.0,-9348.0,-4476.0,-4258.0,-9906.0,-12204.0,-193.0,-6234.0
2009-01-22,-9348.0,-9348.0,-4476.0,-4258.0,-9906.0,-12204.0,-193.0,-6234.0
2009-01-23,-7580.0,-7580.0,-6115.0,-8853.0,-9877.0,-14585.0,-1937.0,-6374.0
2009-01-26,-7580.0,-7580.0,-6115.0,-8853.0,-9877.0,-14585.0,-1937.0,-6374.0
2009-01-27,-7580.0,-7580.0,-6115.0,-8853.0,-9877.0,-14585.0,-1937.0,-6374.0
2009-01-28,-7580.0,-7580.0,-6115.0,-8853.0,-9877.0,-14585.0,-1937.0,-6374.0
2009-01-29,-7580.0,-7580.0,-6115.0,-8853.0,-9877.0,-14585.0,-1937.0,-6374.0
2009-01-30,-7489.0,-7489.0,-3415.0,-10902.0,-9615.0,-14966.0,-4297.0,-10188.0
2009-02-02,-7489.0,-7489.0,-3415.0,-10902.0,-9615.0,-14966.0,-4297.0,-10188.0
2009-02-03,-7489.0,-7489.0,-3415.0,-10902.0,-9615.0,-14966.0,-4297.0,-10188.0
2009-02-04,-7489.0,-7489.0,-3415.0,-10902.0,-9615.0,-14966.0,-4297.0,-10188.0
2009-02-05,-7489.0,-7489.0,-3415.0,-10902.0,-9615.0,-14966.0,-4297.0,-10188.0
2009-02-06,-9052.0,-9052.0,-5119.0,-9710.0,-10839.0,-12575.0,-5978.0,-11140.0
2009-02-09,-9052.0,-9052.0,-5119.0,-9710.0,-10839.0,-12575.0,-5978.0,-11140.0
2009-02-10,-9052.0,-9052.0,-5119.0,-9710.0,-10839.0,-12575.0,-5978.0,-11140.0
2009-02-11,-9052.0,-9052.0,-5119.0,-9710.0,-10839.0,-12575.0,-5978.0,-11140.0
2009-02-12,-9052.0,-9052.0,-5119.0,-9710.0,-10839.0,-12575.0,-5978.0,-11140.0
2009-02-13,-9994.0,-9994.0,-5848.0,-11647.0,-10790.0,-11471.0,-4339.0,-11521.0
2009-02-16,-9994.0,-9994.0,-5848.0,-11647.0,-10790.0,-11471.0,-4339.0,-11521.0
2009-02-17,-9994.0,-9994.0,-5848.0,-11647.0,-10790.0,-11471.0,-4339.0,-11521.0
2009-02-18,-9994.0,-9994.0,-5848.0,-11647.0,-10790.0,-11471.0,-4339.0,-11521.0
2009-02-19,-9994.0,-9994.0,-5848.0,-11647.0,-10790.0,-11471.0,-4339.0,-11521.0
2009-02-20,-15437.0,-15437.0,-7290.0,-11632.0,-15525.0,-12909.0,-4582.0,-11138.0
2009-02-23,-15437.0,-15437.0,-7290.0,-11632.0,-15525.0,-12909.0,-4582.0,-11138.0
2009-02-24,-15437.0,-15437.0,-7290.0,-11632.0,-15525.0,-12909.0,-4582.0,-11138.0
2009-02-25,-15437.0,-15437.0,-7290.0,-11632.0,-15525.0,-12909.0,-4582.0,-11138.0
2009-02-26,-15437.0,-15437.0,-7290.0,-11632.0,-15525.0,-12909.0,-4582.0,-11138.0
2009-02-27,-10081.0,-10081.0,-5583.0,-14280.0,-9739.0,-12965.0,-5930.0,-11188.0
2009-03-02,-10081.0,-10081.0,-5583.0,-14280.0,-9739.0,-12965.0,-5930.0,-11188.0
2009-03-03,-10081.0,-10081.0,-5583.0,-14280.0,-9739.0,-12965.0,-5930.0,-11188.0
2009-03-04,-10081.0,-10081.0,-5583.0,-14280.0,-9739.0,-12965.0,-5930.0,-11188.0
2009-03-05,-10081.0,-10081.0,-5583.0,-14280.0,-9739.0,-12965.0,-5930.0,-11188.0
2009-03-06,-19431.0,-19431.0,-2786.0,-17261.0,-16927.0,-19013.0,-6768.0,-12910.0
2009-03-09,-19431.0,-19431.0,-2786.0,-17261.0,-16927.0,-19013.0,-6768.0,-12910.0
2009-03-10,-19431.0,-19431.0,-2786.0,-17261.0,-16927.0,-19013.0,-6768.0,-12910.0
2009-03-11,-19431.0,-19431.0,-2786.0,-17261.0,-16927.0,-19013.0,-6768.0,-12910.0
2009-03-12,-19431.0,-19431.0,-2786.0,-17261.0,-16927.0,-19013.0,-6768.0,-12910.0
2009-03-13,-10232.0,-10232.0,-3945.0,-16155.0,-11683.0,-20290.0,-7979.0,-11453.0
2009-03-16,-10232.0,-10232.0,-3945.0,-16155.0,-11683.0,-20290.0,-7979.0,-11453.0
2009-03-17,-10232.0,-10232.0,-3945.0,-16155.0,-11683.0,-20290.0,-7979.0,-11453.0
2009-03-18,-10232.0,-10232.0,-3945.0,-16155.0,-11683.0,-20290.0,-7979.0,-11453.0
2009-03-19,-10232.0,-10232.0,-3945.0,-16155.0,-11683.0,-20290.0,-7979.0,-11453.0
2009-03-20,-9039.0,-9039.0,-419.0,-7470.0,-10684.0,-23950.0,-6080.0,-8438.0
2009-03-23,-9039.0,-9039.0,-419.0,-7470.0,-10684.0,-23950.0,-6080.0,-8438.0
2009-03-24,-9039.0,-9039.0,-419.0,-7470.0,-10684.0,-23950.0,-6080.0,-8438.0
2009-03-25,-9039.0,-9039.0,-419.0,-7470.0,-10684.0,-23950.0,-6080.0,-8438.0
2009-03-26,-9039.0,-9039.0,-419.0,-7470.0,-10684.0,-23950.0,-6080.0,-8438.0
2009-03-27,-5458.0,-5458.0,8413.0,-1130.0,-7757.0,-20672.0,-2885.0,-3148.0
2009-03-30,-5458.0,-5458.0,8413.0,-1130.0,-7757.0,-20672.0,-2885.0,-3148.0
2009-03-31,-5458.0,-5458.0,8413.0,-1130.0,-7757.0,-20672.0,-2885.0,-3148.0
2009-04-01,-5458.0,-5458.0,8413.0,-1130.0,-7757.0,-20672.0,-2885.0,-3148.0
2009-04-02,-5458.0,-5458.0,8413.0,-1130.0,-7757.0,-20672.0,-2885.0,-3148.0
2009-04-03,2265.0,2265.0,11287.0,-2966.0,231.0,-23346.0,-939.0,-4411.0
2009-04-06,2265.0,2265.0,11287.0,-2966.0,231.0,-23346.0,-939.0,-4411.0
2009-04-07,2265.0,2265.0,11287.0,-2966.0,231.0,-23346.0,-939.0,-4411.0
2009-04-08,2265.0,2265.0,11287.0,-2966.0,231.0,-23346.0,-939.0,-4411.0
2009-04-09,2265.0,2265.0,11287.0,-2966.0,231.0,-23346.0,-939.0,-4411.0
2009-04-10,3872.0,3872.0,18116.0,5572.0,2170.0,-23311.0,2968.0,-3541.0
2009-04-13,3872.0,3872.0,18116.0,5572.0,2170.0,-23311.0,2968.0,-3541.0
2009-04-14,3872.0,3872.0,18116.0,5572.0,2170.0,-23311.0,2968.0,-3541.0
2009-04-15,3872.0,3872.0,18116.0,5572.0,2170.0,-23311.0,2968.0,-3541.0
2009-04-16,3872.0,3872.0,18116.0,5572.0,2170.0,-23311.0,2968.0,-3541.0
2009-04-17,5575.0,5575.0,20789.0,12698.0,4227.0,-17729.0,4360.0,-5055.0
2009-04-20,5575.0,5575.0,20789.0,12698.0,4227.0,-17729.0,4360.0,-5055.0
2009-04-21,5575.0,5575.0,20789.0,12698.0,4227.0,-17729.0,4360.0,-5055.0
2009-04-22,5575.0,5575.0,20789.0,12698.0,4227.0,-17729.0,4360.0,-5055.0
2009-04-23,5575.0,5575.0,20789.0,12698.0,4227.0,-17729.0,4360.0,-5055.0
2009-04-24,1597.0,1597.0,17250.0,30107.0,-26.0,-12707.0,3505.0,-12085.0
2009-04-27,1597.0,1597.0,17250.0,30107.0,-26.0,-12707.0,3505.0,-12085.0
2009-04-28,1597.0,1597.0,17250.0,30107.0,-26.0,-12707.0,3505.0,-12085.0
2009-04-29,1597.0,1597.0,17250.0,30107.0,-26.0,-12707.0,3505.0,-12085.0
2009-04-30,1597.0,1597.0,17250.0,30107.0,-26.0,-12707.0,3505.0,-12085.0
2009-05-01,-2073.0,-2073.0,16692.0,29131.0,-3416.0,-7707.0,3648.0,-4922.0
2009-05-04,-2073.0,-2073.0,16692.0,29131.0,-3416.0,-7707.0,3648.0,-4922.0
2009-05-05,-2073.0,-2073.0,16692.0,29131.0,-3416.0,-7707.0,3648.0,-4922.0
2009-05-06,-2073.0,-2073.0,16692.0,29131.0,-3416.0,-7707.0,3648.0,-4922.0
2009-05-07,-2073.0,-2073.0,16692.0,29131.0,-3416.0,-7707.0,3648.0,-4922.0
2009-05-08,3368.0,3368.0,23064.0,18905.0,2060.0,2014.0,3809.0,-743.0
2009-05-11,3368.0,3368.0,23064.0,18905.0,2060.0,2014.0,3809.0,-743.0
2009-05-12,3368.0,3368.0,23064.0,18905.0,2060.0,2014.0,3809.0,-743.0
2009-05-13,3368.0,3368.0,23064.0,18905.0,2060.0,2014.0,3809.0,-743.0
2009-05-14,3368.0,3368.0,23064.0,18905.0,2060.0,2014.0,3809.0,-743.0
2009-05-15,10415.0,10415.0,28231.0,21468.0,8700.0,5449.0,6258.0,1619.0
2009-05-18,10415.0,10415.0,28231.0,21468.0,8700.0,5449.0,6258.0,1619.0
2009-05-19,10415.0,10415.0,28231.0,21468.0,8700.0,5449.0,6258.0,1619.0
2009-05-20,10415.0,10415.0,28231.0,21468.0,8700.0,5449.0,6258.0,1619.0
2009-05-21,10415.0,10415.0,28231.0,21468.0,8700.0,5449.0,6258.0,1619.0
2009-05-22,12250.0,12250.0,29295.0,21129.0,11053.0,5425.0,6819.0,4609.0
2009-05-25,12250.0,12250.0,29295.0,21129.0,11053.0,5425.0,6819.0,4609.0
2009-05-26,12250.0,12250.0,29295.0,21129.0,11053.0,5425.0,6819.0,4609.0
2009-05-27,12250.0,12250.0,29295.0,21129.0,11053.0,5425.0,6819.0,4609.0
2009-05-28,12250.0,12250.0,29295.0,21129.0,11053.0,5425.0,6819.0,4609.0
2009-05-29,15584.0,15584.0,32469.0,23804.0,12983.0,11532.0,12532.0,6674.0
2009-06-01,15584.0,15584.0,32469.0,23804.0,12983.0,11532.0,12532.0,6674.0
2009-06-02,15584.0,15584.0,32469.0,23804.0,12983.0,11532.0,12532.0,6674.0
2009-06-03,15584.0,15584.0,32469.0,23804.0,12983.0,11532.0,12532.0,6674.0
2009-06-04,15584.0,15584.0,32469.0,23804.0,12983.0,11532.0,12532.0,6674.0
2009-06-05,6793.0,6793.0,30744.0,25388.0,2526.0,6594.0,14132.0,8599.0
2009-06-08,6793.0,6793.0,30744.0,25388.0,2526.0,6594.0,14132.0,8599.0
2009-06-09,6793.0,6793.0,30744.0,25388.0,2526.0,6594.0,14132.0,8599.0
2009-06-10,6793.0,6793.0,30744.0,25388.0,2526.0,6594.0,14132.0,8599.0
2009-06-11,6793.0,6793.0,30744.0,25388.0,2526.0,6594.0,14132.0,8599.0
2009-06-12,15024.0,15024.0,31883.0,13808.0,15273.0,12966.0,14773.0,8474.0
2009-06-15,15024.0,15024.0,31883.0,13808.0,15273.0,12966.0,14773.0,8474.0
2009-06-16,15024.0,15024.0,31883.0,13808.0,15273.0,12966.0,14773.0,8474.0
2009-06-17,15024.0,15024.0,31883.0,13808.0,15273.0,12966.0,14773.0,8474.0
2009-06-18,15024.0,15024.0,31883.0,13808.0,15273.0,12966.0,14773.0,8474.0
2009-06-19,12485.0,12485.0,32203.0,12741.0,13200.0,15460.0,15460.0,7902.0
2009-06-22,12485.0,12485.0,32203.0,12741.0,13200.0,15460.0,15460.0,7902.0
2009-06-23,12485.0,12485.0,32203.0,12741.0,13200.0,15460.0,15460.0,7902.0
2009-06-24,12485.0,12485.0,32203.0,12741.0,13200.0,15460.0,15460.0,7902.0
2009-06-25,12485.0,12485.0,32203.0,12741.0,13200.0,15460.0,15460.0,7902.0
2009-06-26,17423.0,17423.0,29368.0,15247.0,18123.0,11347.0,16956.0,14408.0
2009-06-29,17423.0,17423.0,29368.0,15247.0,18123.0,11347.0,16956.0,14408.0
2009-06-30,17423.0,17423.0,29368.0,15247.0,18123.0,11347.0,16956.0,14408.0
2009-07-01,17423.0,17423.0,29368.0,15247.0,18123.0,11347.0,16956.0,14408.0
2009-07-02,17423.0,17423.0,29368.0,15247.0,18123.0,11347.0,16956.0,14408.0
2009-07-03,17219.0,17219.0,34990.0,28951.0,17494.0,9272.0,17683.0,10690.0
2009-07-06,17219.0,17219.0,34990.0,28951.0,17494.0,9272.0,17683.0,10690.0
2009-07-07,17219.0,17219.0,34990.0,28951.0,17494.0,9272.0,17683.0,10690.0
2009-07-08,17219.0,17219.0,34990.0,28951.0,17494.0,9272.0,17683.0,10690.0
2009-07-09,17219.0,17219.0,34990.0,28951.0,17494.0,9272.0,17683.0,10690.0
2009-07-10,10312.0,10312.0,31886.0,39020.0,10348.0,6552.0,15357.0,11054.0
2009-07-13,10312.0,10312.0,31886.0,39020.0,10348.0,6552.0,15357.0,11054.0
2009-07-14,10312.0,10312.0,31886.0,39020.0,10348.0,6552.0,15357.0,11054.0
2009-07-15,10312.0,10312.0,31886.0,39020.0,10348.0,6552.0,15357.0,11054.0
2009-07-16,10312.0,10312.0,31886.0,39020.0,10348.0,6552.0,15357.0,11054.0
2009-07-17,13899.0,13899.0,25593.0,13614.0,14232.0,5893.0,14969.0,10792.0
2009-07-20,13899.0,13899.0,25593.0,13614.0,14232.0,5893.0,14969.0,10792.0
2009-07-21,13899.0,13899.0,25593.0,13614.0,14232.0,5893.0,14969.0,10792.0
2009-07-22,13899.0,13899.0,25593.0,13614.0,14232.0,5893.0,14969.0,10792.0
2009-07-23,13899.0,13899.0,25593.0,13614.0,14232.0,5893.0,14969.0,10792.0
2009-07-24,34772.0,34772.0,38788.0,11215.0,35322.0,16506.0,16183.0,13197.0
2009-07-27,34772.0,34772.0,38788.0,11215.0,35322.0,16506.0,16183.0,13197.0
2009-07-28,34772.0,34772.0,38788.0,11215.0,35322.0,16506.0,16183.0,13197.0
2009-07-29,34772.0,34772.0,38788.0,11215.0,35322.0,16506.0,16183.0,13197.0
2009-07-30,34772.0,34772.0,38788.0,11215.0,35322.0,16506.0,16183.0,13197.0
2009-07-31,20287.0,20287.0,43495.0,30207.0,20595.0,29068.0,17567.0,14170.0
2009-08-03,20287.0,20287.0,43495.0,30207.0,20595.0,29068.0,17567.0,14170.0
2009-08-04,20287.0,20287.0,43495.0,30207.0,20595.0,29068.0,17567.0,14170.0
2009-08-05,20287.0,20287.0,43495.0,30207.0,20595.0,29068.0,17567.0,14170.0
2009-08-06,20287.0,20287.0,43495.0,30207.0,20595.0,29068.0,17567.0,14170.0
2009-08-07,27106.0,27106.0,46410.0,35931.0,27914.0,36592.0,18200.0,14512.0
2009-08-10,27106.0,27106.0,46410.0,35931.0,27914.0,36592.0,18200.0,14512.0
2009-08-11,27106.0,27106.0,46410.0,35931.0,27914.0,36592.0,18200.0,14512.0
2009-08-12,27106.0,27106.0,46410.0,35931.0,27914.0,36592.0,18200.0,14512.0
2009-08-13,27106.0,27106.0,46410.0,35931.0,27914.0,36592.0,18200.0,14512.0
2009-08-14,16811.0,16811.0,48846.0,48462.0,17551.0,33889.0,18811.0,-37.0
2009-08-17,16811.0,16811.0,48846.0,48462.0,17551.0,33889.0,18811.0,-37.0
2009-08-18,16811.0,16811.0,48846.0,48462.0,17551.0,33889.0,18811.0,-37.0
2009-08-19,16811.0,16811.0,48846.0,48462.0,17551.0,33889.0,18811.0,-37.0
2009-08-20,16811.0,16811.0,48846.0,48462.0,17551.0,33889.0,18811.0,-37.0
2009-08-21,5732.0,5732.0,44120.0,64413.0,6613.0,37458.0,17436.0,6755.0
2009-08-24,5732.0,5732.0,44120.0,64413.0,6613.0,37458.0,17436.0,6755.0
2009-08-25,5732.0,5732.0,44120.0,64413.0,6613.0,37458.0,17436.0,6755.0
2009-08-26,5732.0,5732.0,44120.0,64413.0,6613.0,37458.0,17436.0,6755.0
2009-08-27,5732.0,5732.0,44120.0,64413.0,6613.0,37458.0,17436.0,6755.0
2009-08-28,18171.0,18171.0,48287.0,70843.0,19243.0,39989.0,18649.0,16798.0
2009-08-31,18171.0,18171.0,48287.0,70843.0,19243.0,39989.0,18649.0,16798.0
2009-09-01,18171.0,18171.0,48287.0,70843.0,19243.0,39989.0,18649.0,16798.0
2009-09-02,18171.0,18171.0,48287.0,70843.0,19243.0,39989.0,18649.0,16798.0
2009-09-03,18171.0,18171.0,48287.0,70843.0,19243.0,39989.0,18649.0,16798.0
2009-09-04,9017.0,9017.0,41936.0,30047.0,9895.0,32889.0,17664.0,14252.0
2009-09-07,9017.0,9017.0,41936.0,30047.0,9895.0,32889.0,17664.0,14252.0
2009-09-08,9017.0,9017.0,41936.0,30047.0,9895.0,32889.0,17664.0,14252.0
2009-09-09,9017.0,9017.0,41936.0,30047.0,9895.0,32889.0,17664.0,14252.0
2009-09-10,9017.0,9017.0,41936.0,30047.0,9895.0,32889.0,17664.0,14252.0
2009-09-11,18033.0,18033.0,48384.0,4064.0,20034.0,36818.0,18123.0,18137.0
2009-09-14,18033.0,18033.0,48384.0,4064.0,20034.0,36818.0,18123.0,18137.0
2009-09-15,18033.0,18033.0,48384.0,4064.0,20034.0,36818.0,18123.0,18137.0
2009-09-16,18033.0,18033.0,48384.0,4064.0,20034.0,36818.0,18123.0,18137.0
2009-09-17,18033.0,18033.0,48384.0,4064.0,20034.0,36818.0,18123.0,18137.0
2009-09-18,37772.0,37772.0,48601.0,-1292.0,40322.0,38032.0,18995.0,18191.0
2009-09-21,37772.0,37772.0,48601.0,-1292.0,40322.0,38032.0,18995.0,18191.0
2009-09-22,37772.0,37772.0,48601.0,-1292.0,40322.0,38032.0,18995.0,18191.0
2009-09-23,37772.0,37772.0,48601.0,-1292.0,40322.0,38032.0,18995.0,18191.0
2009-09-24,37772.0,37772.0,48601.0,-1292.0,40322.0,38032.0,18995.0,18191.0
2009-09-25,38000.0,38000.0,51524.0,4301.0,41536.0,34552.0,18645.0,23791.0
2009-09-28,38000.0,38000.0,51524.0,4301.0,41536.0,34552.0,18645.0,23791.0
2009-09-29,38000.0,38000.0,51524.0,4301.0,41536.0,34552.0,18645.0,23791.0
2009-09-30,38000.0,38000.0,51524.0,4301.0,41536.0,34552.0,18645.0,23791.0
2009-10-01,38000.0,38000.0,51524.0,4301.0,41536.0,34552.0,18645.0,23791.0
2009-10-02,39766.0,39766.0,47698.0,-10859.0,43983.0,18209.0,17503.0,17593.0
2009-10-05,39766.0,39766.0,47698.0,-10859.0,43983.0,18209.0,17503.0,17593.0
2009-10-06,39766.0,39766.0,47698.0,-10859.0,43983.0,18209.0,17503.0,17593.0
2009-10-07,39766.0,39766.0,47698.0,-10859.0,43983.0,18209.0,17503.0,17593.0
2009-10-08,39766.0,39766.0,47698.0,-10859.0,43983.0,18209.0,17503.0,17593.0
2009-10-09,51045.0,51045.0,50165.0,-20553.0,55390.0,35775.0,18093.0,23470.0
2009-10-12,51045.0,51045.0,50165.0,-20553.0,55390.0,35775.0,18093.0,23470.0
2009-10-13,51045.0,51045.0,50165.0,-20553.0,55390.0,35775.0,18093.0,23470.0
2009-10-14,51045.0,51045.0,50165.0,-20553.0,55390.0,35775.0,18093.0,23470.0
2009-10-15,51045.0,51045.0,50165.0,-20553.0,55390.0,35775.0,18093.0,23470.0
2009-10-16,43367.0,43367.0,52647.0,7949.0,46661.0,44196.0,17630.0,22279.0
2009-10-19,43367.0,43367.0,52647.0,7949.0,46661.0,44196.0,17630.0,22279.0
2009-10-20,43367.0,43367.0,52647.0,7949.0,46661.0,44196.0,17630.0,22279.0
2009-10-21,43367.0,43367.0,52647.0,7949.0,46661.0,44196.0,17630.0,22279.0
2009-10-22,43367.0,43367.0,52647.0,7949.0,46661.0,44196.0,17630.0,22279.0
2009-10-23,36033.0,36033.0,53990.0,55184.0,40088.0,43537.0,17158.0,23853.0
2009-10-26,36033.0,36033.0,53990.0,55184.0,40088.0,43537.0,17158.0,23853.0
2009-10-27,36033.0,36033.0,53990.0,55184.0,40088.0,43537.0,17158.0,23853.0
2009-10-28,36033.0,36033.0,53990.0,55184.0,40088.0,43537.0,17158.0,23853.0
2009-10-29,36033.0,36033.0,53990.0,55184.0,40088.0,43537.0,17158.0,23853.0
2009-10-30,32869.0,32869.0,52887.0,66795.0,37601.0,35455.0,15028.0,17845.0
2009-11-02,32869.0,32869.0,52887.0,66795.0,37601.0,35455.0,15028.0,17845.0
2009-11-03,32869.0,32869.0,52887.0,66795.0,37601.0,35455.0,15028.0,17845.0
2009-11-04,32869.0,32869.0,52887.0,66795.0,37601.0,35455.0,15028.0,17845.0
2009-11-05,32869.0,32869.0,52887.0,66795.0,37601.0,35455.0,15028.0,17845.0
2009-11-06,22191.0,22191.0,50383.0,59927.0,28036.0,23369.0,13316.0,18665.0
2009-11-09,22191.0,22191.0,50383.0,59927.0,28036.0,23369.0,13316.0,18665.0
2009-11-10,22191.0,22191.0,50383.0,59927.0,28036.0,23369.0,13316.0,18665.0
2009-11-11,22191.0,22191.0,50383.0,59927.0,28036.0,23369.0,13316.0,18665.0
2009-11-12,22191.0,22191.0,50383.0,59927.0,28036.0,23369.0,13316.0,18665.0
2009-11-13,25173.0,25173.0,47434.0,40450.0,29815.0,21984.0,11255.0,23298.0
2009-11-16,25173.0,25173.0,47434.0,40450.0,29815.0,21984.0,11255.0,23298.0
2009-11-17,25173.0,25173.0,47434.0,40450.0,29815.0,21984.0,11255.0,23298.0
2009-11-18,25173.0,25173.0,47434.0,40450.0,29815.0,21984.0,11255.0,23298.0
2009-11-19,25173.0,25173.0,47434.0,40450.0,29815.0,21984.0,11255.0,23298.0
2009-11-20,11956.0,11956.0,46888.0,55308.0,16023.0,23606.0,12674.0,22199.0
2009-11-23,11956.0,11956.0,46888.0,55308.0,16023.0,23606.0,12674.0,22199.0
2009-11-24,11956.0,11956.0,46888.0,55308.0,16023.0,23606.0,12674.0,22199.0
2009-11-25,11956.0,11956.0,46888.0,55308.0,16023.0,23606.0,12674.0,22199.0
2009-11-26,11956.0,11956.0,46888.0,55308.0,16023.0,23606.0,12674.0,22199.0
2009-11-27,18467.0,18467.0,43564.0,89266.0,23028.0,24653.0,11584.0,22117.0
2009-11-30,18467.0,18467.0,43564.0,89266.0,23028.0,24653.0,11584.0,22117.0
2009-12-01,18467.0,18467.0,43564.0,89266.0,23028.0,24653.0,11584.0,22117.0
2009-12-02,18467.0,18467.0,43564.0,89266.0,23028.0,24653.0,11584.0,22117.0
2009-12-03,18467.0,18467.0,43564.0,89266.0,23028.0,24653.0,11584.0,22117.0
2009-12-04,22151.0,22151.0,48438.0,100385.0,27270.0,30809.0,8103.0,24725.0
2009-12-07,22151.0,22151.0,48438.0,100385.0,27270.0,30809.0,8103.0,24725.0
2009-12-08,22151.0,22151.0,48438.0,100385.0,27270.0,30809.0,8103.0,24725.0
2009-12-09,22151.0,22151.0,48438.0,100385.0,27270.0,30809.0,8103.0,24725.0
2009-12-10,22151.0,22151.0,48438.0,100385.0,27270.0,30809.0,8103.0,24725.0
2009-12-11,-511.0,-511.0,46682.0,106183.0,586.0,29459.0,7795.0,13348.0
2009-12-14,-511.0,-511.0,46682.0,106183.0,586.0,29459.0,7795.0,13348.0
2009-12-15,-511.0,-511.0,46682.0,106183.0,586.0,29459.0,7795.0,13348.0
2009-12-16,-511.0,-511.0,46682.0,106183.0,586.0,29459.0,7795.0,13348.0
2009-12-17,-511.0,-511.0,46682.0,106183.0,586.0,29459.0,7795.0,13348.0
2009-12-18,-16448.0,-16448.0,40983.0,91562.0,-14307.0,25625.0,9452.0,461.0
2009-12-21,-16448.0,-16448.0,40983.0,91562.0,-14307.0,25625.0,9452.0,461.0
2009-12-22,-16448.0,-16448.0,40983.0,91562.0,-14307.0,25625.0,9452.0,461.0
2009-12-23,-16448.0,-16448.0,40983.0,91562.0,-14307.0,25625.0,9452.0,461.0
2009-12-24,-16448.0,-16448.0,40983.0,91562.0,-14307.0,25625.0,9452.0,461.0
2009-12-25,-14327.0,-14327.0,32425.0,72998.0,-10419.0,22701.0,9746.0,-4568.0
2009-12-28,-14327.0,-14327.0,32425.0,72998.0,-10419.0,22701.0,9746.0,-4568.0
2009-12-29,-14327.0,-14327.0,32425.0,72998.0,-10419.0,22701.0,9746.0,-4568.0
2009-12-30,-14327.0,-14327.0,32425.0,72998.0,-10419.0,22701.0,9746.0,-4568.0
2009-12-31,-14327.0,-14327.0,32425.0,72998.0,-10419.0,22701.0,9746.0,-4568.0
2010-01-01,-33797.0,-33797.0,36531.0,64633.0,-30556.0,39989.0,8805.0,-7051.0
2010-01-04,-33797.0,-33797.0,36531.0,64633.0,-30556.0,39989.0,8805.0,-7051.0
2010-01-05,-33797.0,-33797.0,36531.0,64633.0,-30556.0,39989.0,8805.0,-7051.0
2010-01-06,-33797.0,-33797.0,36531.0,64633.0,-30556.0,39989.0,8805.0,-7051.0
2010-01-07,-33797.0,-33797.0,36531.0,64633.0,-30556.0,39989.0,8805.0,-7051.0
2010-01-08,-35788.0,-35788.0,47108.0,61987.0,-32524.0,40196.0,12973.0,-2780.0
2010-01-11,-35788.0,-35788.0,47108.0,61987.0,-32524.0,40196.0,12973.0,-2780.0
2010-01-12,-35788.0,-35788.0,47108.0,61987.0,-32524.0,40196.0,12973.0,-2780.0
2010-01-13,-35788.0,-35788.0,47108.0,61987.0,-32524.0,40196.0,12973.0,-2780.0
2010-01-14,-35788.0,-35788.0,47108.0,61987.0,-32524.0,40196.0,12973.0,-2780.0
2010-01-15,-17917.0,-17917.0,59352.0,75897.0,-15925.0,48695.0,15683.0,13926.0
2010-01-18,-17917.0,-17917.0,59352.0,75897.0,-15925.0,48695.0,15683.0,13926.0
2010-01-19,-17917.0,-17917.0,59352.0,75897.0,-15925.0,48695.0,15683.0,13926.0
2010-01-20,-17917.0,-17917.0,59352.0,75897.0,-15925.0,48695.0,15683.0,13926.0
2010-01-21,-17917.0,-17917.0,59352.0,75897.0,-15925.0,48695.0,15683.0,13926.0
2010-01-22,-25282.0,-25282.0,62851.0,79247.0,-23128.0,46803.0,16356.0,13971.0
2010-01-25,-25282.0,-25282.0,62851.0,79247.0,-23128.0,46803.0,16356.0,13971.0
2010-01-26,-25282.0,-25282.0,62851.0,79247.0,-23128.0,46803.0,16356.0,13971.0
2010-01-27,-25282.0,-25282.0,62851.0,79247.0,-23128.0,46803.0,16356.0,13971.0
2010-01-28,-25282.0,-25282.0,62851.0,79247.0,-23128.0,46803.0,16356.0,13971.0
2010-01-29,-39539.0,-39539.0,45318.0,58139.0,-36397.0,25809.0,8471.0,5705.0
2010-02-01,-39539.0,-39539.0,45318.0,58139.0,-36397.0,25809.0,8471.0,5705.0
2010-02-02,-39539.0,-39539.0,45318.0,58139.0,-36397.0,25809.0,8471.0,5705.0
2010-02-03,-39539.0,-39539.0,45318.0,58139.0,-36397.0,25809.0,8471.0,5705.0
2010-02-04,-39539.0,-39539.0,45318.0,58139.0,-36397.0,25809.0,8471.0,5705.0
2010-02-05,-43741.0,-43741.0,33271.0,42653.0,-38439.0,15355.0,5383.0,-1775.0
2010-02-08,-43741.0,-43741.0,33271.0,42653.0,-38439.0,15355.0,5383.0,-1775.0
2010-02-09,-43741.0,-43741.0,33271.0,42653.0,-38439.0,15355.0,5383.0,-1775.0
2010-02-10,-43741.0,-43741.0,33271.0,42653.0,-38439.0,15355.0,5383.0,-1775.0
2010-02-11,-43741.0,-43741.0,33271.0,42653.0,-38439.0,15355.0,5383.0,-1775.0
2010-02-12,-57152.0,-57152.0,27606.0,32274.0,-54396.0,8863.0,4723.0,-6896.0
2010-02-15,-57152.0,-57152.0,27606.0,32274.0,-54396.0,8863.0,4723.0,-6896.0
2010-02-16,-57152.0,-57152.0,27606.0,32274.0,-54396.0,8863.0,4723.0,-6896.0
2010-02-17,-57152.0,-57152.0,27606.0,32274.0,-54396.0,8863.0,4723.0,-6896.0
2010-02-18,-57152.0,-57152.0,27606.0,32274.0,-54396.0,8863.0,4723.0,-6896.0
2010-02-19,-59422.0,-59422.0,27003.0,34464.0,-56184.0,23455.0,7435.0,-4667.0
2010-02-22,-59422.0,-59422.0,27003.0,34464.0,-56184.0,23455.0,7435.0,-4667.0
2010-02-23,-59422.0,-59422.0,27003.0,34464.0,-56184.0,23455.0,7435.0,-4667.0
2010-02-24,-59422.0,-59422.0,27003.0,34464.0,-56184.0,23455.0,7435.0,-4667.0
2010-02-25,-59422.0,-59422.0,27003.0,34464.0,-56184.0,23455.0,7435.0,-4667.0
2010-02-26,-71623.0,-71623.0,38992.0,57345.0,-66134.0,28421.0,6392.0,-8819.0
2010-03-01,-71623.0,-71623.0,38992.0,57345.0,-66134.0,28421.0,6392.0,-8819.0
2010-03-02,-71623.0,-71623.0,38992.0,57345.0,-66134.0,28421.0,6392.0,-8819.0
2010-03-03,-71623.0,-71623.0,38992.0,57345.0,-66134.0,28421.0,6392.0,-8819.0
2010-03-04,-71623.0,-71623.0,38992.0,57345.0,-66134.0,28421.0,6392.0,-8819.0
2010-03-05,-66770.0,-66770.0,48761.0,79779.0,-61626.0,38289.0,5112.0,-6310.0
2010-03-08,-66770.0,-66770.0,48761.0,79779.0,-61626.0,38289.0,5112.0,-6310.0
2010-03-09,-66770.0,-66770.0,48761.0,79779.0,-61626.0,38289.0,5112.0,-6310.0
2010-03-10,-66770.0,-66770.0,48761.0,79779.0,-61626.0,38289.0,5112.0,-6310.0
2010-03-11,-66770.0,-66770.0,48761.0,79779.0,-61626.0,38289.0,5112.0,-6310.0
2010-03-12,-74551.0,-74551.0,61285.0,93474.0,-73213.0,61399.0,3247.0,-5145.0
2010-03-15,-74551.0,-74551.0,61285.0,93474.0,-73213.0,61399.0,3247.0,-5145.0
2010-03-16,-74551.0,-74551.0,61285.0,93474.0,-73213.0,61399.0,3247.0,-5145.0
2010-03-17,-74551.0,-74551.0,61285.0,93474.0,-73213.0,61399.0,3247.0,-5145.0
2010-03-18,-74551.0,-74551.0,61285.0,93474.0,-73213.0,61399.0,3247.0,-5145.0
2010-03-19,-46341.0,-46341.0,63494.0,103254.0,-44717.0,69640.0,2809.0,-5233.0
2010-03-22,-46341.0,-46341.0,63494.0,103254.0,-44717.0,69640.0,2809.0,-5233.0
2010-03-23,-46341.0,-46341.0,63494.0,103254.0,-44717.0,69640.0,2809.0,-5233.0
2010-03-24,-46341.0,-46341.0,63494.0,103254.0,-44717.0,69640.0,2809.0,-5233.0
2010-03-25,-46341.0,-46341.0,63494.0,103254.0,-44717.0,69640.0,2809.0,-5233.0
2010-03-26,-74917.0,-74917.0,74339.0,109862.0,-73443.0,73027.0,5489.0,-1088.0
2010-03-29,-74917.0,-74917.0,74339.0,109862.0,-73443.0,73027.0,5489.0,-1088.0
2010-03-30,-74917.0,-74917.0,74339.0,109862.0,-73443.0,73027.0,5489.0,-1088.0
2010-03-31,-74917.0,-74917.0,74339.0,109862.0,-73443.0,73027.0,5489.0,-1088.0
2010-04-01,-74917.0,-74917.0,74339.0,109862.0,-73443.0,73027.0,5489.0,-1088.0
2010-04-02,-85326.0,-85326.0,69340.0,109598.0,-83200.0,70296.0,5806.0,-6540.0
2010-04-05,-85326.0,-85326.0,69340.0,109598.0,-83200.0,70296.0,5806.0,-6540.0
2010-04-06,-85326.0,-85326.0,69340.0,109598.0,-83200.0,70296.0,5806.0,-6540.0
2010-04-07,-85326.0,-85326.0,69340.0,109598.0,-83200.0,70296.0,5806.0,-6540.0
2010-04-08,-85326.0,-85326.0,69340.0,109598.0,-83200.0,70296.0,5806.0,-6540.0
2010-04-09,-67223.0,-67223.0,73198.0,111210.0,-64017.0,69312.0,5503.0,-4152.0
2010-04-12,-67223.0,-67223.0,73198.0,111210.0,-64017.0,69312.0,5503.0,-4152.0
2010-04-13,-67223.0,-67223.0,73198.0,111210.0,-64017.0,69312.0,5503.0,-4152.0
2010-04-14,-67223.0,-67223.0,73198.0,111210.0,-64017.0,69312.0,5503.0,-4152.0
2010-04-15,-67223.0,-67223.0,73198.0,111210.0,-64017.0,69312.0,5503.0,-4152.0
2010-04-16,-55464.0,-55464.0,80674.0,112226.0,-51392.0,70475.0,7151.0,-4954.0
2010-04-19,-55464.0,-55464.0,80674.0,112226.0,-51392.0,70475.0,7151.0,-4954.0
2010-04-20,-55464.0,-55464.0,80674.0,112226.0,-51392.0,70475.0,7151.0,-4954.0
2010-04-21,-55464.0,-55464.0,80674.0,112226.0,-51392.0,70475.0,7151.0,-4954.0
2010-04-22,-55464.0,-55464.0,80674.0,112226.0,-51392.0,70475.0,7151.0,-4954.0
2010-04-23,-71424.0,-71424.0,78904.0,110152.0,-68318.0,69656.0,8752.0,-5382.0
2010-04-26,-71424.0,-71424.0,78904.0,110152.0,-68318.0,69656.0,8752.0,-5382.0
2010-04-27,-71424.0,-71424.0,78904.0,110152.0,-68318.0,69656.0,8752.0,-5382.0
2010-04-28,-71424.0,-71424.0,78904.0,110152.0,-68318.0,69656.0,8752.0,-5382.0
2010-04-29,-71424.0,-71424.0,78904.0,110152.0,-68318.0,69656.0,8752.0,-5382.0
2010-04-30,-89013.0,-89013.0,66068.0,98041.0,-83495.0,59198.0,12909.0,-13613.0
2010-05-03,-89013.0,-89013.0,66068.0,98041.0,-83495.0,59198.0,12909.0,-13613.0
2010-05-04,-89013.0,-89013.0,66068.0,98041.0,-83495.0,59198.0,12909.0,-13613.0
2010-05-05,-89013.0,-89013.0,66068.0,98041.0,-83495.0,59198.0,12909.0,-13613.0
2010-05-06,-89013.0,-89013.0,66068.0,98041.0,-83495.0,59198.0,12909.0,-13613.0
2010-05-07,-103402.0,-103402.0,56982.0,83043.0,-92825.0,52012.0,14976.0,-16592.0
2010-05-10,-103402.0,-103402.0,56982.0,83043.0,-92825.0,52012.0,14976.0,-16592.0
2010-05-11,-103402.0,-103402.0,56982.0,83043.0,-92825.0,52012.0,14976.0,-16592.0
2010-05-12,-103402.0,-103402.0,56982.0,83043.0,-92825.0,52012.0,14976.0,-16592.0
2010-05-13,-103402.0,-103402.0,56982.0,83043.0,-92825.0,52012.0,14976.0,-16592.0
2010-05-14,-113890.0,-113890.0,49198.0,41958.0,-105145.0,50454.0,16892.0,-17527.0
2010-05-17,-113890.0,-113890.0,49198.0,41958.0,-105145.0,50454.0,16892.0,-17527.0
2010-05-18,-113890.0,-113890.0,49198.0,41958.0,-105145.0,50454.0,16892.0,-17527.0
2010-05-19,-113890.0,-113890.0,49198.0,41958.0,-105145.0,50454.0,16892.0,-17527.0
2010-05-20,-113890.0,-113890.0,49198.0,41958.0,-105145.0,50454.0,16892.0,-17527.0
2010-05-21,-107143.0,-107143.0,38380.0,35702.0,-90682.0,44885.0,12553.0,-14558.0
2010-05-24,-107143.0,-107143.0,38380.0,35702.0,-90682.0,44885.0,12553.0,-14558.0
2010-05-25,-107143.0,-107143.0,38380.0,35702.0,-90682.0,44885.0,12553.0,-14558.0
2010-05-26,-107143.0,-107143.0,38380.0,35702.0,-90682.0,44885.0,12553.0,-14558.0
2010-05-27,-107143.0,-107143.0,38380.0,35702.0,-90682.0,44885.0,12553.0,-14558.0
2010-05-28,-106736.0,-106736.0,19523.0,28857.0,-92083.0,23872.0,7662.0,-12619.0
2010-05-31,-106736.0,-106736.0,19523.0,28857.0,-92083.0,23872.0,7662.0,-12619.0
2010-06-01,-106736.0,-106736.0,19523.0,28857.0,-92083.0,23872.0,7662.0,-12619.0
2010-06-02,-106736.0,-106736.0,19523.0,28857.0,-92083.0,23872.0,7662.0,-12619.0
2010-06-03,-106736.0,-106736.0,19523.0,28857.0,-92083.0,23872.0,7662.0,-12619.0
2010-06-04,-93325.0,-93325.0,15045.0,19773.0,-79806.0,22154.0,2204.0,-14724.0
2010-06-07,-93325.0,-93325.0,15045.0,19773.0,-79806.0,22154.0,2204.0,-14724.0
2010-06-08,-93325.0,-93325.0,15045.0,19773.0,-79806.0,22154.0,2204.0,-14724.0
2010-06-09,-93325.0,-93325.0,15045.0,19773.0,-79806.0,22154.0,2204.0,-14724.0
2010-06-10,-93325.0,-93325.0,15045.0,19773.0,-79806.0,22154.0,2204.0,-14724.0
2010-06-11,-111945.0,-111945.0,8435.0,17426.0,-100558.0,22510.0,-869.0,-11415.0
2010-06-14,-111945.0,-111945.0,8435.0,17426.0,-100558.0,22510.0,-869.0,-11415.0
2010-06-15,-111945.0,-111945.0,8435.0,17426.0,-100558.0,22510.0,-869.0,-11415.0
2010-06-16,-111945.0,-111945.0,8435.0,17426.0,-100558.0,22510.0,-869.0,-11415.0
2010-06-17,-111945.0,-111945.0,8435.0,17426.0,-100558.0,22510.0,-869.0,-11415.0
2010-06-18,-62360.0,-62360.0,12406.0,28297.0,-55099.0,27354.0,-2129.0,-16476.0
2010-06-21,-62360.0,-62360.0,12406.0,28297.0,-55099.0,27354.0,-2129.0,-16476.0
2010-06-22,-62360.0,-62360.0,12406.0,28297.0,-55099.0,27354.0,-2129.0,-16476.0
2010-06-23,-62360.0,-62360.0,12406.0,28297.0,-55099.0,27354.0,-2129.0,-16476.0
2010-06-24,-62360.0,-62360.0,12406.0,28297.0,-55099.0,27354.0,-2129.0,-16476.0
2010-06-25,-70974.0,-70974.0,11806.0,35639.0,-64509.0,26353.0,822.0,-10265.0
2010-06-28,-70974.0,-70974.0,11806.0,35639.0,-64509.0,26353.0,822.0,-10265.0
2010-06-29,-70974.0,-70974.0,11806.0,35639.0,-64509.0,26353.0,822.0,-10265.0
2010-06-30,-70974.0,-70974.0,11806.0,35639.0,-64509.0,26353.0,822.0,-10265.0
2010-07-01,-70974.0,-70974.0,11806.0,35639.0,-64509.0,26353.0,822.0,-10265.0
2010-07-02,-73670.0,-73670.0,12854.0,42496.0,-66809.0,15894.0,2486.0,-12848.0
2010-07-05,-73670.0,-73670.0,12854.0,42496.0,-66809.0,15894.0,2486.0,-12848.0
2010-07-06,-73670.0,-73670.0,12854.0,42496.0,-66809.0,15894.0,2486.0,-12848.0
2010-07-07,-73670.0,-73670.0,12854.0,42496.0,-66809.0,15894.0,2486.0,-12848.0
2010-07-08,-73670.0,-73670.0,12854.0,42496.0,-66809.0,15894.0,2486.0,-12848.0
2010-07-09,-38909.0,-38909.0,7246.0,22725.0,-38451.0,8094.0,2577.0,-7455.0
2010-07-12,-38909.0,-38909.0,7246.0,22725.0,-38451.0,8094.0,2577.0,-7455.0
2010-07-13,-38909.0,-38909.0,7246.0,22725.0,-38451.0,8094.0,2577.0,-7455.0
2010-07-14,-38909.0,-38909.0,7246.0,22725.0,-38451.0,8094.0,2577.0,-7455.0
2010-07-15,-38909.0,-38909.0,7246.0,22725.0,-38451.0,8094.0,2577.0,-7455.0
2010-07-16,-27050.0,-27050.0,23480.0,28135.0,-28007.0,22038.0,5452.0,14590.0
2010-07-19,-27050.0,-27050.0,23480.0,28135.0,-28007.0,22038.0,5452.0,14590.0
2010-07-20,-27050.0,-27050.0,23480.0,28135.0,-28007.0,22038.0,5452.0,14590.0
2010-07-21,-27050.0,-27050.0,23480.0,28135.0,-28007.0,22038.0,5452.0,14590.0
2010-07-22,-27050.0,-27050.0,23480.0,28135.0,-28007.0,22038.0,5452.0,14590.0
2010-07-23,-24251.0,-24251.0,32886.0,35886.0,-26160.0,16424.0,8973.0,15113.0
2010-07-26,-24251.0,-24251.0,32886.0,35886.0,-26160.0,16424.0,8973.0,15113.0
2010-07-27,-24251.0,-24251.0,32886.0,35886.0,-26160.0,16424.0,8973.0,15113.0
2010-07-28,-24251.0,-24251.0,32886.0,35886.0,-26160.0,16424.0,8973.0,15113.0
2010-07-29,-24251.0,-24251.0,32886.0,35886.0,-26160.0,16424.0,8973.0,15113.0
2010-07-30,-21339.0,-21339.0,40533.0,45318.0,-25347.0,23868.0,13674.0,6216.0
2010-08-02,-21339.0,-21339.0,40533.0,45318.0,-25347.0,23868.0,13674.0,6216.0
2010-08-03,-21339.0,-21339.0,40533.0,45318.0,-25347.0,23868.0,13674.0,6216.0
2010-08-04,-21339.0,-21339.0,40533.0,45318.0,-25347.0,23868.0,13674.0,6216.0
2010-08-05,-21339.0,-21339.0,40533.0,45318.0,-25347.0,23868.0,13674.0,6216.0
2010-08-06,-7297.0,-7297.0,48715.0,55141.0,-13604.0,34182.0,15059.0,16223.0
2010-08-09,-7297.0,-7297.0,48715.0,55141.0,-13604.0,34182.0,15059.0,16223.0
2010-08-10,-7297.0,-7297.0,48715.0,55141.0,-13604.0,34182.0,15059.0,16223.0
2010-08-11,-7297.0,-7297.0,48715.0,55141.0,-13604.0,34182.0,15059.0,16223.0
2010-08-12,-7297.0,-7297.0,48715.0,55141.0,-13604.0,34182.0,15059.0,16223.0
2010-08-13,-3731.0,-3731.0,54370.0,72369.0,-4331.0,41179.0,12544.0,10901.0
2010-08-16,-3731.0,-3731.0,54370.0,72369.0,-4331.0,41179.0,12544.0,10901.0
2010-08-17,-3731.0,-3731.0,54370.0,72369.0,-4331.0,41179.0,12544.0,10901.0
2010-08-18,-3731.0,-3731.0,54370.0,72369.0,-4331.0,41179.0,12544.0,10901.0
2010-08-19,-3731.0,-3731.0,54370.0,72369.0,-4331.0,41179.0,12544.0,10901.0
2010-08-20,-14627.0,-14627.0,57697.0,70553.0,-11477.0,29514.0,12139.0,11750.0
2010-08-23,-14627.0,-14627.0,57697.0,70553.0,-11477.0,29514.0,12139.0,11750.0
2010-08-24,-14627.0,-14627.0,57697.0,70553.0,-11477.0,29514.0,12139.0,11750.0
2010-08-25,-14627.0,-14627.0,57697.0,70553.0,-11477.0,29514.0,12139.0,11750.0
2010-08-26,-14627.0,-14627.0,57697.0,70553.0,-11477.0,29514.0,12139.0,11750.0
2010-08-27,-21603.0,-21603.0,47017.0,59370.0,-17594.0,16147.0,10683.0,13868.0
2010-08-30,-21603.0,-21603.0,47017.0,59370.0,-17594.0,16147.0,10683.0,13868.0
2010-08-31,-21603.0,-21603.0,47017.0,59370.0,-17594.0,16147.0,10683.0,13868.0
2010-09-01,-21603.0,-21603.0,47017.0,59370.0,-17594.0,16147.0,10683.0,13868.0
2010-09-02,-21603.0,-21603.0,47017.0,59370.0,-17594.0,16147.0,10683.0,13868.0
2010-09-03,-25569.0,-25569.0,43808.0,21004.0,-21593.0,-4764.0,6957.0,14281.0
2010-09-06,-25569.0,-25569.0,43808.0,21004.0,-21593.0,-4764.0,6957.0,14281.0
2010-09-07,-25569.0,-25569.0,43808.0,21004.0,-21593.0,-4764.0,6957.0,14281.0
2010-09-08,-25569.0,-25569.0,43808.0,21004.0,-21593.0,-4764.0,6957.0,14281.0
2010-09-09,-25569.0,-25569.0,43808.0,21004.0,-21593.0,-4764.0,6957.0,14281.0
2010-09-10,-23699.0,-23699.0,56966.0,14064.0,-21684.0,452.0,9377.0,16627.0
2010-09-13,-23699.0,-23699.0,56966.0,14064.0,-21684.0,452.0,9377.0,16627.0
2010-09-14,-23699.0,-23699.0,56966.0,14064.0,-21684.0,452.0,9377.0,16627.0
2010-09-15,-23699.0,-23699.0,56966.0,14064.0,-21684.0,452.0,9377.0,16627.0
2010-09-16,-23699.0,-23699.0,56966.0,14064.0,-21684.0,452.0,9377.0,16627.0
2010-09-17,-9644.0,-9644.0,56669.0,14957.0,-10052.0,17695.0,16839.0,14236.0
2010-09-20,-9644.0,-9644.0,56669.0,14957.0,-10052.0,17695.0,16839.0,14236.0
2010-09-21,-9644.0,-9644.0,56669.0,14957.0,-10052.0,17695.0,16839.0,14236.0
2010-09-22,-9644.0,-9644.0,56669.0,14957.0,-10052.0,17695.0,16839.0,14236.0
2010-09-23,-9644.0,-9644.0,56669.0,14957.0,-10052.0,17695.0,16839.0,14236.0
2010-09-24,5097.0,5097.0,64324.0,26376.0,2777.0,29815.0,18408.0,14462.0
2010-09-27,5097.0,5097.0,64324.0,26376.0,2777.0,29815.0,18408.0,14462.0
2010-09-28,5097.0,5097.0,64324.0,26376.0,2777.0,29815.0,18408.0,14462.0
2010-09-29,5097.0,5097.0,64324.0,26376.0,2777.0,29815.0,18408.0,14462.0
2010-09-30,5097.0,5097.0,64324.0,26376.0,2777.0,29815.0,18408.0,14462.0
2010-10-01,35330.0,35330.0,69533.0,66591.0,27451.0,27870.0,17270.0,19993.0
2010-10-04,35330.0,35330.0,69533.0,66591.0,27451.0,27870.0,17270.0,19993.0
2010-10-05,35330.0,35330.0,69533.0,66591.0,27451.0,27870.0,17270.0,19993.0
2010-10-06,35330.0,35330.0,69533.0,66591.0,27451.0,27870.0,17270.0,19993.0
2010-10-07,35330.0,35330.0,69533.0,66591.0,27451.0,27870.0,17270.0,19993.0
2010-10-08,48243.0,48243.0,69036.0,85764.0,37441.0,42678.0,16334.0,22599.0
2010-10-11,48243.0,48243.0,69036.0,85764.0,37441.0,42678.0,16334.0,22599.0
2010-10-12,48243.0,48243.0,69036.0,85764.0,37441.0,42678.0,16334.0,22599.0
2010-10-13,48243.0,48243.0,69036.0,85764.0,37441.0,42678.0,16334.0,22599.0
2010-10-14,48243.0,48243.0,69036.0,85764.0,37441.0,42678.0,16334.0,22599.0
2010-10-15,41511.0,41511.0,67691.0,86218.0,38955.0,43786.0,16573.0,19947.0
2010-10-18,41511.0,41511.0,67691.0,86218.0,38955.0,43786.0,16573.0,19947.0
2010-10-19,41511.0,41511.0,67691.0,86218.0,38955.0,43786.0,16573.0,19947.0
2010-10-20,41511.0,41511.0,67691.0,86218.0,38955.0,43786.0,16573.0,19947.0
2010-10-21,41511.0,41511.0,67691.0,86218.0,38955.0,43786.0,16573.0,19947.0
2010-10-22,46748.0,46748.0,59181.0,82125.0,45044.0,30740.0,15331.0,11235.0
2010-10-25,46748.0,46748.0,59181.0,82125.0,45044.0,30740.0,15331.0,11235.0
2010-10-26,46748.0,46748.0,59181.0,82125.0,45044.0,30740.0,15331.0,11235.0
2010-10-27,46748.0,46748.0,59181.0,82125.0,45044.0,30740.0,15331.0,11235.0
2010-10-28,46748.0,46748.0,59181.0,82125.0,45044.0,30740.0,15331.0,11235.0
2010-10-29,40505.0,40505.0,55115.0,80143.0,38367.0,19875.0,15871.0,12519.0
2010-11-01,40505.0,40505.0,55115.0,80143.0,38367.0,19875.0,15871.0,12519.0
2010-11-02,40505.0,40505.0,55115.0,80143.0,38367.0,19875.0,15871.0,12519.0
2010-11-03,40505.0,40505.0,55115.0,80143.0,38367.0,19875.0,15871.0,12519.0
2010-11-04,40505.0,40505.0,55115.0,80143.0,38367.0,19875.0,15871.0,12519.0
2010-11-05,38610.0,38610.0,51180.0,82272.0,35879.0,23365.0,19148.0,12465.0
2010-11-08,38610.0,38610.0,51180.0,82272.0,35879.0,23365.0,19148.0,12465.0
2010-11-09,38610.0,38610.0,51180.0,82272.0,35879.0,23365.0,19148.0,12465.0
2010-11-10,38610.0,38610.0,51180.0,82272.0,35879.0,23365.0,19148.0,12465.0
2010-11-11,38610.0,38610.0,51180.0,82272.0,35879.0,23365.0,19148.0,12465.0
2010-11-12,23283.0,23283.0,47616.0,88746.0,23401.0,37338.0,22250.0,12615.0
2010-11-15,23283.0,23283.0,47616.0,88746.0,23401.0,37338.0,22250.0,12615.0
2010-11-16,23283.0,23283.0,47616.0,88746.0,23401.0,37338.0,22250.0,12615.0
2010-11-17,23283.0,23283.0,47616.0,88746.0,23401.0,37338.0,22250.0,12615.0
2010-11-18,23283.0,23283.0,47616.0,88746.0,23401.0,37338.0,22250.0,12615.0
2010-11-19,8606.0,8606.0,36202.0,93217.0,10568.0,38441.0,23445.0,7803.0
2010-11-22,8606.0,8606.0,36202.0,93217.0,10568.0,38441.0,23445.0,7803.0
2010-11-23,8606.0,8606.0,36202.0,93217.0,10568.0,38441.0,23445.0,7803.0
2010-11-24,8606.0,8606.0,36202.0,93217.0,10568.0,38441.0,23445.0,7803.0
2010-11-25,8606.0,8606.0,36202.0,93217.0,10568.0,38441.0,23445.0,7803.0
2010-11-26,-8293.0,-8293.0,28471.0,87246.0,-7993.0,22499.0,21069.0,8511.0
2010-11-29,-8293.0,-8293.0,28471.0,87246.0,-7993.0,22499.0,21069.0,8511.0
2010-11-30,-8293.0,-8293.0,28471.0,87246.0,-7993.0,22499.0,21069.0,8511.0
2010-12-01,-8293.0,-8293.0,28471.0,87246.0,-7993.0,22499.0,21069.0,8511.0
2010-12-02,-8293.0,-8293.0,28471.0,87246.0,-7993.0,22499.0,21069.0,8511.0
2010-12-03,-7248.0,-7248.0,26643.0,78906.0,-5253.0,19155.0,18445.0,7824.0
2010-12-06,-7248.0,-7248.0,26643.0,78906.0,-5253.0,19155.0,18445.0,7824.0
2010-12-07,-7248.0,-7248.0,26643.0,78906.0,-5253.0,19155.0,18445.0,7824.0
2010-12-08,-7248.0,-7248.0,26643.0,78906.0,-5253.0,19155.0,18445.0,7824.0
2010-12-09,-7248.0,-7248.0,26643.0,78906.0,-5253.0,19155.0,18445.0,7824.0
2010-12-10,-15290.0,-15290.0,43352.0,59482.0,-14349.0,33722.0,18261.0,8987.0
2010-12-13,-15290.0,-15290.0,43352.0,59482.0,-14349.0,33722.0,18261.0,8987.0
2010-12-14,-15290.0,-15290.0,43352.0,59482.0,-14349.0,33722.0,18261.0,8987.0
2010-12-15,-15290.0,-15290.0,43352.0,59482.0,-14349.0,33722.0,18261.0,8987.0
2010-12-16,-15290.0,-15290.0,43352.0,59482.0,-14349.0,33722.0,18261.0,8987.0
2010-12-17,-10304.0,-10304.0,53778.0,77168.0,-9599.0,33396.0,12521.0,10716.0
2010-12-20,-10304.0,-10304.0,53778.0,77168.0,-9599.0,33396.0,12521.0,10716.0
2010-12-21,-10304.0,-10304.0,53778.0,77168.0,-9599.0,33396.0,12521.0,10716.0
2010-12-22,-10304.0,-10304.0,53778.0,77168.0,-9599.0,33396.0,12521.0,10716.0
2010-12-23,-10304.0,-10304.0,53778.0,77168.0,-9599.0,33396.0,12521.0,10716.0
2010-12-24,-14093.0,-14093.0,60550.0,78002.0,-11863.0,24948.0,7366.0,12527.0
2010-12-27,-14093.0,-14093.0,60550.0,78002.0,-11863.0,24948.0,7366.0,12527.0
2010-12-28,-14093.0,-14093.0,60550.0,78002.0,-11863.0,24948.0,7366.0,12527.0
2010-12-29,-14093.0,-14093.0,60550.0,78002.0,-11863.0,24948.0,7366.0,12527.0
2010-12-30,-14093.0,-14093.0,60550.0,78002.0,-11863.0,24948.0,7366.0,12527.0
2010-12-31,-26479.0,-26479.0,64316.0,82246.0,-24340.0,34787.0,8115.0,14002.0
2011-01-03,-26479.0,-26479.0,64316.0,82246.0,-24340.0,34787.0,8115.0,14002.0
2011-01-04,-26479.0,-26479.0,64316.0,82246.0,-24340.0,34787.0,8115.0,14002.0
2011-01-05,-26479.0,-26479.0,64316.0,82246.0,-24340.0,34787.0,8115.0,14002.0
2011-01-06,-26479.0,-26479.0,64316.0,82246.0,-24340.0,34787.0,8115.0,14002.0
2011-01-07,-24201.0,-24201.0,62513.0,74310.0,-23070.0,38348.0,10731.0,13032.0
2011-01-10,-24201.0,-24201.0,62513.0,74310.0,-23070.0,38348.0,10731.0,13032.0
2011-01-11,-24201.0,-24201.0,62513.0,74310.0,-23070.0,38348.0,10731.0,13032.0
2011-01-12,-24201.0,-24201.0,62513.0,74310.0,-23070.0,38348.0,10731.0,13032.0
2011-01-13,-24201.0,-24201.0,62513.0,74310.0,-23070.0,38348.0,10731.0,13032.0
2011-01-14,-45182.0,-45182.0,53497.0,83572.0,-42822.0,47757.0,9620.0,10818.0
2011-01-17,-45182.0,-45182.0,53497.0,83572.0,-42822.0,47757.0,9620.0,10818.0
2011-01-18,-45182.0,-45182.0,53497.0,83572.0,-42822.0,47757.0,9620.0,10818.0
2011-01-19,-45182.0,-45182.0,53497.0,83572.0,-42822.0,47757.0,9620.0,10818.0
2011-01-20,-45182.0,-45182.0,53497.0,83572.0,-42822.0,47757.0,9620.0,10818.0
2011-01-21,4109.0,4109.0,53508.0,90202.0,5455.0,44055.0,11247.0,6992.0
2011-01-24,4109.0,4109.0,53508.0,90202.0,5455.0,44055.0,11247.0,6992.0
2011-01-25,4109.0,4109.0,53508.0,90202.0,5455.0,44055.0,11247.0,6992.0
2011-01-26,4109.0,4109.0,53508.0,90202.0,5455.0,44055.0,11247.0,6992.0
2011-01-27,4109.0,4109.0,53508.0,90202.0,5455.0,44055.0,11247.0,6992.0
2011-01-28,22901.0,22901.0,45458.0,95245.0,24850.0,31719.0,8627.0,6594.0
2011-01-31,22901.0,22901.0,45458.0,95245.0,24850.0,31719.0,8627.0,6594.0
2011-02-01,22901.0,22901.0,45458.0,95245.0,24850.0,31719.0,8627.0,6594.0
2011-02-02,22901.0,22901.0,45458.0,95245.0,24850.0,31719.0,8627.0,6594.0
2011-02-03,22901.0,22901.0,45458.0,95245.0,24850.0,31719.0,8627.0,6594.0
2011-02-04,39934.0,39934.0,60077.0,103117.0,42042.0,33814.0,10270.0,10441.0
2011-02-07,39934.0,39934.0,60077.0,103117.0,42042.0,33814.0,10270.0,10441.0
2011-02-08,39934.0,39934.0,60077.0,103117.0,42042.0,33814.0,10270.0,10441.0
2011-02-09,39934.0,39934.0,60077.0,103117.0,42042.0,33814.0,10270.0,10441.0
2011-02-10,39934.0,39934.0,60077.0,103117.0,42042.0,33814.0,10270.0,10441.0
2011-02-11,34734.0,34734.0,71979.0,103812.0,38991.0,39790.0,10857.0,8181.0
2011-02-14,34734.0,34734.0,71979.0,103812.0,38991.0,39790.0,10857.0,8181.0
2011-02-15,34734.0,34734.0,71979.0,103812.0,38991.0,39790.0,10857.0,8181.0
2011-02-16,34734.0,34734.0,71979.0,103812.0,38991.0,39790.0,10857.0,8181.0
2011-02-17,34734.0,34734.0,71979.0,103812.0,38991.0,39790.0,10857.0,8181.0
2011-02-18,32464.0,32464.0,65514.0,109096.0,37397.0,72090.0,9810.0,10518.0
2011-02-21,32464.0,32464.0,65514.0,109096.0,37397.0,72090.0,9810.0,10518.0
2011-02-22,32464.0,32464.0,65514.0,109096.0,37397.0,72090.0,9810.0,10518.0
2011-02-23,32464.0,32464.0,65514.0,109096.0,37397.0,72090.0,9810.0,10518.0
2011-02-24,32464.0,32464.0,65514.0,109096.0,37397.0,72090.0,9810.0,10518.0
2011-02-25,45598.0,45598.0,66064.0,114276.0,49586.0,68348.0,8101.0,12291.0
2011-02-28,45598.0,45598.0,66064.0,114276.0,49586.0,68348.0,8101.0,12291.0
2011-03-01,45598.0,45598.0,66064.0,114276.0,49586.0,68348.0,8101.0,12291.0
2011-03-02,45598.0,45598.0,66064.0,114276.0,49586.0,68348.0,8101.0,12291.0
2011-03-03,45598.0,45598.0,66064.0,114276.0,49586.0,68348.0,8101.0,12291.0
2011-03-04,51308.0,51308.0,71853.0,97202.0,53757.0,72827.0,7411.0,18017.0
2011-03-07,51308.0,51308.0,71853.0,97202.0,53757.0,72827.0,7411.0,18017.0
2011-03-08,51308.0,51308.0,71853.0,97202.0,53757.0,72827.0,7411.0,18017.0
2011-03-09,51308.0,51308.0,71853.0,97202.0,53757.0,72827.0,7411.0,18017.0
2011-03-10,51308.0,51308.0,71853.0,97202.0,53757.0,72827.0,7411.0,18017.0
2011-03-11,62294.0,62294.0,73695.0,113165.0,65303.0,77544.0,4346.0,23661.0
2011-03-14,62294.0,62294.0,73695.0,113165.0,65303.0,77544.0,4346.0,23661.0
2011-03-15,62294.0,62294.0,73695.0,113165.0,65303.0,77544.0,4346.0,23661.0
2011-03-16,62294.0,62294.0,73695.0,113165.0,65303.0,77544.0,4346.0,23661.0
2011-03-17,62294.0,62294.0,73695.0,113165.0,65303.0,77544.0,4346.0,23661.0
2011-03-18,46316.0,46316.0,47951.0,121575.0,49134.0,56991.0,-2809.0,27640.0
2011-03-21,46316.0,46316.0,47951.0,121575.0,49134.0,56991.0,-2809.0,27640.0
2011-03-22,46316.0,46316.0,47951.0,121575.0,49134.0,56991.0,-2809.0,27640.0
2011-03-23,46316.0,46316.0,47951.0,121575.0,49134.0,56991.0,-2809.0,27640.0
2011-03-24,46316.0,46316.0,47951.0,121575.0,49134.0,56991.0,-2809.0,27640.0
2011-03-25,48353.0,48353.0,51734.0,87548.0,51444.0,45977.0,-1482.0,21301.0
2011-03-28,48353.0,48353.0,51734.0,87548.0,51444.0,45977.0,-1482.0,21301.0
2011-03-29,48353.0,48353.0,51734.0,87548.0,51444.0,45977.0,-1482.0,21301.0
2011-03-30,48353.0,48353.0,51734.0,87548.0,51444.0,45977.0,-1482.0,21301.0
2011-03-31,48353.0,48353.0,51734.0,87548.0,51444.0,45977.0,-1482.0,21301.0
2011-04-01,56630.0,56630.0,85565.0,88075.0,61211.0,51245.0,239.0,18957.0
2011-04-04,56630.0,56630.0,85565.0,88075.0,61211.0,51245.0,239.0,18957.0
2011-04-05,56630.0,56630.0,85565.0,88075.0,61211.0,51245.0,239.0,18957.0
2011-04-06,56630.0,56630.0,85565.0,88075.0,61211.0,51245.0,239.0,18957.0
2011-04-07,56630.0,56630.0,85565.0,88075.0,61211.0,51245.0,239.0,18957.0
2011-04-08,59857.0,59857.0,90938.0,119062.0,62687.0,65030.0,2695.0,10843.0
2011-04-11,59857.0,59857.0,90938.0,119062.0,62687.0,65030.0,2695.0,10843.0
2011-04-12,59857.0,59857.0,90938.0,119062.0,62687.0,65030.0,2695.0,10843.0
2011-04-13,59857.0,59857.0,90938.0,119062.0,62687.0,65030.0,2695.0,10843.0
2011-04-14,59857.0,59857.0,90938.0,119062.0,62687.0,65030.0,2695.0,10843.0
2011-04-15,64985.0,64985.0,90651.0,124846.0,67262.0,63741.0,6336.0,14657.0
2011-04-18,64985.0,64985.0,90651.0,124846.0,67262.0,63741.0,6336.0,14657.0
2011-04-19,64985.0,64985.0,90651.0,124846.0,67262.0,63741.0,6336.0,14657.0
2011-04-20,64985.0,64985.0,90651.0,124846.0,67262.0,63741.0,6336.0,14657.0
2011-04-21,64985.0,64985.0,90651.0,124846.0,67262.0,63741.0,6336.0,14657.0
2011-04-22,62195.0,62195.0,84961.0,134129.0,65080.0,65035.0,9339.0,17374.0
2011-04-25,62195.0,62195.0,84961.0,134129.0,65080.0,65035.0,9339.0,17374.0
2011-04-26,62195.0,62195.0,84961.0,134129.0,65080.0,65035.0,9339.0,17374.0
2011-04-27,62195.0,62195.0,84961.0,134129.0,65080.0,65035.0,9339.0,17374.0
2011-04-28,62195.0,62195.0,84961.0,134129.0,65080.0,65035.0,9339.0,17374.0
2011-04-29,68279.0,68279.0,80867.0,131806.0,67631.0,59063.0,11457.0,17841.0
2011-05-02,68279.0,68279.0,80867.0,131806.0,67631.0,59063.0,11457.0,17841.0
2011-05-03,68279.0,68279.0,80867.0,131806.0,67631.0,59063.0,11457.0,17841.0
2011-05-04,68279.0,68279.0,80867.0,131806.0,67631.0,59063.0,11457.0,17841.0
2011-05-05,68279.0,68279.0,80867.0,131806.0,67631.0,59063.0,11457.0,17841.0
2011-05-06,99516.0,99516.0,73421.0,124260.0,96219.0,54041.0,12800.0,18381.0
2011-05-09,99516.0,99516.0,73421.0,124260.0,96219.0,54041.0,12800.0,18381.0
2011-05-10,99516.0,99516.0,73421.0,124260.0,96219.0,54041.0,12800.0,18381.0
2011-05-11,99516.0,99516.0,73421.0,124260.0,96219.0,54041.0,12800.0,18381.0
2011-05-12,99516.0,99516.0,73421.0,124260.0,96219.0,54041.0,12800.0,18381.0
2011-05-13,61447.0,61447.0,60321.0,118065.0,63267.0,37203.0,13714.0,16336.0
2011-05-16,61447.0,61447.0,60321.0,118065.0,63267.0,37203.0,13714.0,16336.0
2011-05-17,61447.0,61447.0,60321.0,118065.0,63267.0,37203.0,13714.0,16336.0
2011-05-18,61447.0,61447.0,60321.0,118065.0,63267.0,37203.0,13714.0,16336.0
2011-05-19,61447.0,61447.0,60321.0,118065.0,63267.0,37203.0,13714.0,16336.0
2011-05-20,41645.0,41645.0,50919.0,104912.0,44322.0,26291.0,12624.0,15661.0
2011-05-23,41645.0,41645.0,50919.0,104912.0,44322.0,26291.0,12624.0,15661.0
2011-05-24,41645.0,41645.0,50919.0,104912.0,44322.0,26291.0,12624.0,15661.0
2011-05-25,41645.0,41645.0,50919.0,104912.0,44322.0,26291.0,12624.0,15661.0
2011-05-26,41645.0,41645.0,50919.0,104912.0,44322.0,26291.0,12624.0,15661.0
2011-05-27,19129.0,19129.0,53043.0,108681.0,22309.0,21277.0,13876.0,14725.0
2011-05-30,19129.0,19129.0,53043.0,108681.0,22309.0,21277.0,13876.0,14725.0
2011-05-31,19129.0,19129.0,53043.0,108681.0,22309.0,21277.0,13876.0,14725.0
2011-06-01,19129.0,19129.0,53043.0,108681.0,22309.0,21277.0,13876.0,14725.0
2011-06-02,19129.0,19129.0,53043.0,108681.0,22309.0,21277.0,13876.0,14725.0
2011-06-03,21970.0,21970.0,60015.0,108268.0,22455.0,26402.0,15724.0,21119.0
2011-06-06,21970.0,21970.0,60015.0,108268.0,22455.0,26402.0,15724.0,21119.0
2011-06-07,21970.0,21970.0,60015.0,108268.0,22455.0,26402.0,15724.0,21119.0
2011-06-08,21970.0,21970.0,60015.0,108268.0,22455.0,26402.0,15724.0,21119.0
2011-06-09,21970.0,21970.0,60015.0,108268.0,22455.0,26402.0,15724.0,21119.0
2011-06-10,51836.0,51836.0,65205.0,90198.0,52622.0,13522.0,16004.0,16865.0
2011-06-13,51836.0,51836.0,65205.0,90198.0,52622.0,13522.0,16004.0,16865.0
2011-06-14,51836.0,51836.0,65205.0,90198.0,52622.0,13522.0,16004.0,16865.0
2011-06-15,51836.0,51836.0,65205.0,90198.0,52622.0,13522.0,16004.0,16865.0
2011-06-16,51836.0,51836.0,65205.0,90198.0,52622.0,13522.0,16004.0,16865.0
2011-06-17,49894.0,49894.0,67670.0,48163.0,51873.0,18855.0,19218.0,13287.0
2011-06-20,49894.0,49894.0,67670.0,48163.0,51873.0,18855.0,19218.0,13287.0
2011-06-21,49894.0,49894.0,67670.0,48163.0,51873.0,18855.0,19218.0,13287.0
2011-06-22,49894.0,49894.0,67670.0,48163.0,51873.0,18855.0,19218.0,13287.0
2011-06-23,49894.0,49894.0,67670.0,48163.0,51873.0,18855.0,19218.0,13287.0
2011-06-24,29771.0,29771.0,54571.0,41423.0,31845.0,2204.0,18849.0,11813.0
2011-06-27,29771.0,29771.0,54571.0,41423.0,31845.0,2204.0,18849.0,11813.0
2011-06-28,29771.0,29771.0,54571.0,41423.0,31845.0,2204.0,18849.0,11813.0
2011-06-29,29771.0,29771.0,54571.0,41423.0,31845.0,2204.0,18849.0,11813.0
2011-06-30,29771.0,29771.0,54571.0,41423.0,31845.0,2204.0,18849.0,11813.0
2011-07-01,32987.0,32987.0,46897.0,46077.0,34756.0,-1863.0,18364.0,9948.0
2011-07-04,32987.0,32987.0,46897.0,46077.0,34756.0,-1863.0,18364.0,9948.0
2011-07-05,32987.0,32987.0,46897.0,46077.0,34756.0,-1863.0,18364.0,9948.0
2011-07-06,32987.0,32987.0,46897.0,46077.0,34756.0,-1863.0,18364.0,9948.0
2011-07-07,32987.0,32987.0,46897.0,46077.0,34756.0,-1863.0,18364.0,9948.0
2011-07-08,43194.0,43194.0,63336.0,82944.0,44541.0,6821.0,18986.0,5291.0
2011-07-11,43194.0,43194.0,63336.0,82944.0,44541.0,6821.0,18986.0,5291.0
2011-07-12,43194.0,43194.0,63336.0,82944.0,44541.0,6821.0,18986.0,5291.0
2011-07-13,43194.0,43194.0,63336.0,82944.0,44541.0,6821.0,18986.0,5291.0
2011-07-14,43194.0,43194.0,63336.0,82944.0,44541.0,6821.0,18986.0,5291.0
2011-07-15,12416.0,12416.0,67623.0,98447.0,11608.0,15334.0,19584.0,8081.0
2011-07-18,12416.0,12416.0,67623.0,98447.0,11608.0,15334.0,19584.0,8081.0
2011-07-19,12416.0,12416.0,67623.0,98447.0,11608.0,15334.0,19584.0,8081.0
2011-07-20,12416.0,12416.0,67623.0,98447.0,11608.0,15334.0,19584.0,8081.0
2011-07-21,12416.0,12416.0,67623.0,98447.0,11608.0,15334.0,19584.0,8081.0
2011-07-22,9246.0,9246.0,77795.0,89266.0,8956.0,27764.0,21438.0,11494.0
2011-07-25,9246.0,9246.0,77795.0,89266.0,8956.0,27764.0,21438.0,11494.0
2011-07-26,9246.0,9246.0,77795.0,89266.0,8956.0,27764.0,21438.0,11494.0
2011-07-27,9246.0,9246.0,77795.0,89266.0,8956.0,27764.0,21438.0,11494.0
2011-07-28,9246.0,9246.0,77795.0,89266.0,8956.0,27764.0,21438.0,11494.0
2011-07-29,17038.0,17038.0,81438.0,91913.0,16441.0,36141.0,23291.0,7877.0
2011-08-01,17038.0,17038.0,81438.0,91913.0,16441.0,36141.0,23291.0,7877.0
2011-08-02,17038.0,17038.0,81438.0,91913.0,16441.0,36141.0,23291.0,7877.0
2011-08-03,17038.0,17038.0,81438.0,91913.0,16441.0,36141.0,23291.0,7877.0
2011-08-04,17038.0,17038.0,81438.0,91913.0,16441.0,36141.0,23291.0,7877.0
2011-08-05,1763.0,1763.0,75598.0,88484.0,979.0,41037.0,24126.0,12341.0
2011-08-08,1763.0,1763.0,75598.0,88484.0,979.0,41037.0,24126.0,12341.0
2011-08-09,1763.0,1763.0,75598.0,88484.0,979.0,41037.0,24126.0,12341.0
2011-08-10,1763.0,1763.0,75598.0,88484.0,979.0,41037.0,24126.0,12341.0
2011-08-11,1763.0,1763.0,75598.0,88484.0,979.0,41037.0,24126.0,12341.0
2011-08-12,-8273.0,-8273.0,29016.0,41293.0,-7811.0,23704.0,20427.0,4655.0
2011-08-15,-8273.0,-8273.0,29016.0,41293.0,-7811.0,23704.0,20427.0,4655.0
2011-08-16,-8273.0,-8273.0,29016.0,41293.0,-7811.0,23704.0,20427.0,4655.0
2011-08-17,-8273.0,-8273.0,29016.0,41293.0,-7811.0,23704.0,20427.0,4655.0
2011-08-18,-8273.0,-8273.0,29016.0,41293.0,-7811.0,23704.0,20427.0,4655.0
2011-08-19,6726.0,6726.0,29723.0,22634.0,8651.0,4121.0,18417.0,9008.0
2011-08-22,6726.0,6726.0,29723.0,22634.0,8651.0,4121.0,18417.0,9008.0
2011-08-23,6726.0,6726.0,29723.0,22634.0,8651.0,4121.0,18417.0,9008.0
2011-08-24,6726.0,6726.0,29723.0,22634.0,8651.0,4121.0,18417.0,9008.0
2011-08-25,6726.0,6726.0,29723.0,22634.0,8651.0,4121.0,18417.0,9008.0
2011-08-26,2539.0,2539.0,43574.0,21835.0,4273.0,8804.0,16876.0,9637.0
2011-08-29,2539.0,2539.0,43574.0,21835.0,4273.0,8804.0,16876.0,9637.0
2011-08-30,2539.0,2539.0,43574.0,21835.0,4273.0,8804.0,16876.0,9637.0
2011-08-31,2539.0,2539.0,43574.0,21835.0,4273.0,8804.0,16876.0,9637.0
2011-09-01,2539.0,2539.0,43574.0,21835.0,4273.0,8804.0,16876.0,9637.0
2011-09-02,-384.0,-384.0,47569.0,20880.0,1539.0,13939.0,16565.0,9342.0
2011-09-05,-384.0,-384.0,47569.0,20880.0,1539.0,13939.0,16565.0,9342.0
2011-09-06,-384.0,-384.0,47569.0,20880.0,1539.0,13939.0,16565.0,9342.0
2011-09-07,-384.0,-384.0,47569.0,20880.0,1539.0,13939.0,16565.0,9342.0
2011-09-08,-384.0,-384.0,47569.0,20880.0,1539.0,13939.0,16565.0,9342.0
2011-09-09,-36443.0,-36443.0,48041.0,13246.0,-32547.0,2081.0,17670.0,7549.0
2011-09-12,-36443.0,-36443.0,48041.0,13246.0,-32547.0,2081.0,17670.0,7549.0
2011-09-13,-36443.0,-36443.0,48041.0,13246.0,-32547.0,2081.0,17670.0,7549.0
2011-09-14,-36443.0,-36443.0,48041.0,13246.0,-32547.0,2081.0,17670.0,7549.0
2011-09-15,-36443.0,-36443.0,48041.0,13246.0,-32547.0,2081.0,17670.0,7549.0
2011-09-16,-54459.0,-54459.0,36934.0,-1209.0,-52263.0,-6303.0,17664.0,5493.0
2011-09-19,-54459.0,-54459.0,36934.0,-1209.0,-52263.0,-6303.0,17664.0,5493.0
2011-09-20,-54459.0,-54459.0,36934.0,-1209.0,-52263.0,-6303.0,17664.0,5493.0
2011-09-21,-54459.0,-54459.0,36934.0,-1209.0,-52263.0,-6303.0,17664.0,5493.0
2011-09-22,-54459.0,-54459.0,36934.0,-1209.0,-52263.0,-6303.0,17664.0,5493.0
2011-09-23,-79460.0,-79460.0,23095.0,-16890.0,-75885.0,-5458.0,13565.0,4221.0
2011-09-26,-79460.0,-79460.0,23095.0,-16890.0,-75885.0,-5458.0,13565.0,4221.0
2011-09-27,-79460.0,-79460.0,23095.0,-16890.0,-75885.0,-5458.0,13565.0,4221.0
2011-09-28,-79460.0,-79460.0,23095.0,-16890.0,-75885.0,-5458.0,13565.0,4221.0
2011-09-29,-79460.0,-79460.0,23095.0,-16890.0,-75885.0,-5458.0,13565.0,4221.0
2011-09-30,-82473.0,-82473.0,5167.0,-20626.0,-79643.0,-20550.0,9591.0,2424.0
2011-10-03,-82473.0,-82473.0,5167.0,-20626.0,-79643.0,-20550.0,9591.0,2424.0
2011-10-04,-82473.0,-82473.0,5167.0,-20626.0,-79643.0,-20550.0,9591.0,2424.0
2011-10-05,-82473.0,-82473.0,5167.0,-20626.0,-79643.0,-20550.0,9591.0,2424.0
2011-10-06,-82473.0,-82473.0,5167.0,-20626.0,-79643.0,-20550.0,9591.0,2424.0
2011-10-07,-82697.0,-82697.0,12911.0,-25431.0,-78897.0,-15682.0,5566.0,-1109.0
2011-10-10,-82697.0,-82697.0,12911.0,-25431.0,-78897.0,-15682.0,5566.0,-1109.0
2011-10-11,-82697.0,-82697.0,12911.0,-25431.0,-78897.0,-15682.0,5566.0,-1109.0
2011-10-12,-82697.0,-82697.0,12911.0,-25431.0,-78897.0,-15682.0,5566.0,-1109.0
2011-10-13,-82697.0,-82697.0,12911.0,-25431.0,-78897.0,-15682.0,5566.0,-1109.0
2011-10-14,-73795.0,-73795.0,10753.0,-24878.0,-69831.0,-24913.0,6838.0,13.0
2011-10-17,-73795.0,-73795.0,10753.0,-24878.0,-69831.0,-24913.0,6838.0,13.0
2011-10-18,-73795.0,-73795.0,10753.0,-24878.0,-69831.0,-24913.0,6838.0,13.0
2011-10-19,-73795.0,-73795.0,10753.0,-24878.0,-69831.0,-24913.0,6838.0,13.0
2011-10-20,-73795.0,-73795.0,10753.0,-24878.0,-69831.0,-24913.0,6838.0,13.0
2011-10-21,-77720.0,-77720.0,20353.0,-24129.0,-73386.0,-24795.0,8225.0,-2243.0
2011-10-24,-77720.0,-77720.0,20353.0,-24129.0,-73386.0,-24795.0,8225.0,-2243.0
2011-10-25,-77720.0,-77720.0,20353.0,-24129.0,-73386.0,-24795.0,8225.0,-2243.0
2011-10-26,-77720.0,-77720.0,20353.0,-24129.0,-73386.0,-24795.0,8225.0,-2243.0
2011-10-27,-77720.0,-77720.0,20353.0,-24129.0,-73386.0,-24795.0,8225.0,-2243.0
2011-10-28,-76512.0,-76512.0,23071.0,-27055.0,-71287.0,-17923.0,9219.0,-1203.0
2011-10-31,-76512.0,-76512.0,23071.0,-27055.0,-71287.0,-17923.0,9219.0,-1203.0
2011-11-01,-76512.0,-76512.0,23071.0,-27055.0,-71287.0,-17923.0,9219.0,-1203.0
2011-11-02,-76512.0,-76512.0,23071.0,-27055.0,-71287.0,-17923.0,9219.0,-1203.0
2011-11-03,-76512.0,-76512.0,23071.0,-27055.0,-71287.0,-17923.0,9219.0,-1203.0
2011-11-04,-60060.0,-60060.0,25866.0,-26588.0,-54530.0,-14820.0,10655.0,-1746.0
2011-11-07,-60060.0,-60060.0,25866.0,-26588.0,-54530.0,-14820.0,10655.0,-1746.0
2011-11-08,-60060.0,-60060.0,25866.0,-26588.0,-54530.0,-14820.0,10655.0,-1746.0
2011-11-09,-60060.0,-60060.0,25866.0,-26588.0,-54530.0,-14820.0,10655.0,-1746.0
2011-11-10,-60060.0,-60060.0,25866.0,-26588.0,-54530.0,-14820.0,10655.0,-1746.0
2011-11-11,-54257.0,-54257.0,27016.0,-18067.0,-48250.0,-15568.0,11550.0,2162.0
2011-11-14,-54257.0,-54257.0,27016.0,-18067.0,-48250.0,-15568.0,11550.0,2162.0
2011-11-15,-54257.0,-54257.0,27016.0,-18067.0,-48250.0,-15568.0,11550.0,2162.0
2011-11-16,-54257.0,-54257.0,27016.0,-18067.0,-48250.0,-15568.0,11550.0,2162.0
2011-11-17,-54257.0,-54257.0,27016.0,-18067.0,-48250.0,-15568.0,11550.0,2162.0
2011-11-18,-76147.0,-76147.0,24330.0,-15021.0,-70571.0,-17215.0,10614.0,-1904.0
2011-11-21,-76147.0,-76147.0,24330.0,-15021.0,-70571.0,-17215.0,10614.0,-1904.0
2011-11-22,-76147.0,-76147.0,24330.0,-15021.0,-70571.0,-17215.0,10614.0,-1904.0
2011-11-23,-76147.0,-76147.0,24330.0,-15021.0,-70571.0,-17215.0,10614.0,-1904.0
2011-11-24,-76147.0,-76147.0,24330.0,-15021.0,-70571.0,-17215.0,10614.0,-1904.0
2011-11-25,-85068.0,-85068.0,17960.0,-31582.0,-79704.0,-22144.0,7916.0,-5870.0
2011-11-28,-85068.0,-85068.0,17960.0,-31582.0,-79704.0,-22144.0,7916.0,-5870.0
2011-11-29,-85068.0,-85068.0,17960.0,-31582.0,-79704.0,-22144.0,7916.0,-5870.0
2011-11-30,-85068.0,-85068.0,17960.0,-31582.0,-79704.0,-22144.0,7916.0,-5870.0
2011-12-01,-85068.0,-85068.0,17960.0,-31582.0,-79704.0,-22144.0,7916.0,-5870.0
2011-12-02,-104302.0,-104302.0,12542.0,-36240.0,-96928.0,-26869.0,3718.0,-9327.0
2011-12-05,-104302.0,-104302.0,12542.0,-36240.0,-96928.0,-26869.0,3718.0,-9327.0
2011-12-06,-104302.0,-104302.0,12542.0,-36240.0,-96928.0,-26869.0,3718.0,-9327.0
2011-12-07,-104302.0,-104302.0,12542.0,-36240.0,-96928.0,-26869.0,3718.0,-9327.0
2011-12-08,-104302.0,-104302.0,12542.0,-36240.0,-96928.0,-26869.0,3718.0,-9327.0
2011-12-09,-95814.0,-95814.0,29824.0,-20862.0,-89935.0,-20171.0,3857.0,-11158.0
2011-12-12,-95814.0,-95814.0,29824.0,-20862.0,-89935.0,-20171.0,3857.0,-11158.0
2011-12-13,-95814.0,-95814.0,29824.0,-20862.0,-89935.0,-20171.0,3857.0,-11158.0
2011-12-14,-95814.0,-95814.0,29824.0,-20862.0,-89935.0,-20171.0,3857.0,-11158.0
2011-12-15,-95814.0,-95814.0,29824.0,-20862.0,-89935.0,-20171.0,3857.0,-11158.0
2011-12-16,-116457.0,-116457.0,34429.0,-22894.0,-115733.0,-13385.0,5383.0,-10481.0
2011-12-19,-116457.0,-116457.0,34429.0,-22894.0,-115733.0,-13385.0,5383.0,-10481.0
2011-12-20,-116457.0,-116457.0,34429.0,-22894.0,-115733.0,-13385.0,5383.0,-10481.0
2011-12-21,-116457.0,-116457.0,34429.0,-22894.0,-115733.0,-13385.0,5383.0,-10481.0
2011-12-22,-116457.0,-116457.0,34429.0,-22894.0,-115733.0,-13385.0,5383.0,-10481.0
2011-12-23,-113697.0,-113697.0,25742.0,-18802.0,-113061.0,-26868.0,612.0,-3136.0
2011-12-26,-113697.0,-113697.0,25742.0,-18802.0,-113061.0,-26868.0,612.0,-3136.0
2011-12-27,-113697.0,-113697.0,25742.0,-18802.0,-113061.0,-26868.0,612.0,-3136.0
2011-12-28,-113697.0,-113697.0,25742.0,-18802.0,-113061.0,-26868.0,612.0,-3136.0
2011-12-29,-113697.0,-113697.0,25742.0,-18802.0,-113061.0,-26868.0,612.0,-3136.0
2011-12-30,-127879.0,-127879.0,32637.0,-25685.0,-126939.0,-21812.0,1405.0,-10798.0
2012-01-02,-127879.0,-127879.0,32637.0,-25685.0,-126939.0,-21812.0,1405.0,-10798.0
2012-01-03,-127879.0,-127879.0,32637.0,-25685.0,-126939.0,-21812.0,1405.0,-10798.0
2012-01-04,-127879.0,-127879.0,32637.0,-25685.0,-126939.0,-21812.0,1405.0,-10798.0
2012-01-05,-127879.0,-127879.0,32637.0,-25685.0,-126939.0,-21812.0,1405.0,-10798.0
2012-01-06,-138909.0,-138909.0,46537.0,-25829.0,-137746.0,-23371.0,2436.0,-12355.0
2012-01-09,-138909.0,-138909.0,46537.0,-25829.0,-137746.0,-23371.0,2436.0,-12355.0
2012-01-10,-138909.0,-138909.0,46537.0,-25829.0,-137746.0,-23371.0,2436.0,-12355.0
2012-01-11,-138909.0,-138909.0,46537.0,-25829.0,-137746.0,-23371.0,2436.0,-12355.0
2012-01-12,-138909.0,-138909.0,46537.0,-25829.0,-137746.0,-23371.0,2436.0,-12355.0
2012-01-13,-155195.0,-155195.0,53526.0,-22332.0,-153142.0,-28649.0,5029.0,-12097.0
2012-01-16,-155195.0,-155195.0,53526.0,-22332.0,-153142.0,-28649.0,5029.0,-12097.0
2012-01-17,-155195.0,-155195.0,53526.0,-22332.0,-153142.0,-28649.0,5029.0,-12097.0
2012-01-18,-155195.0,-155195.0,53526.0,-22332.0,-153142.0,-28649.0,5029.0,-12097.0
2012-01-19,-155195.0,-155195.0,53526.0,-22332.0,-153142.0,-28649.0,5029.0,-12097.0
2012-01-20,-160030.0,-160030.0,54306.0,-17328.0,-158595.0,-28730.0,9455.0,-12822.0
2012-01-23,-160030.0,-160030.0,54306.0,-17328.0,-158595.0,-28730.0,9455.0,-12822.0
2012-01-24,-160030.0,-160030.0,54306.0,-17328.0,-158595.0,-28730.0,9455.0,-12822.0
2012-01-25,-160030.0,-160030.0,54306.0,-17328.0,-158595.0,-28730.0,9455.0,-12822.0
2012-01-26,-160030.0,-160030.0,54306.0,-17328.0,-158595.0,-28730.0,9455.0,-12822.0
2012-01-27,-171347.0,-171347.0,69486.0,7418.0,-169740.0,-18909.0,12932.0,-12514.0
2012-01-30,-171347.0,-171347.0,69486.0,7418.0,-169740.0,-18909.0,12932.0,-12514.0
2012-01-31,-171347.0,-171347.0,69486.0,7418.0,-169740.0,-18909.0,12932.0,-12514.0
2012-02-01,-171347.0,-171347.0,69486.0,7418.0,-169740.0,-18909.0,12932.0,-12514.0
2012-02-02,-171347.0,-171347.0,69486.0,7418.0,-169740.0,-18909.0,12932.0,-12514.0
2012-02-03,-157546.0,-157546.0,78044.0,21481.0,-155987.0,-19409.0,14797.0,-11222.0
2012-02-06,-157546.0,-157546.0,78044.0,21481.0,-155987.0,-19409.0,14797.0,-11222.0
2012-02-07,-157546.0,-157546.0,78044.0,21481.0,-155987.0,-19409.0,14797.0,-11222.0
2012-02-08,-157546.0,-157546.0,78044.0,21481.0,-155987.0,-19409.0,14797.0,-11222.0
2012-02-09,-157546.0,-157546.0,78044.0,21481.0,-155987.0,-19409.0,14797.0,-11222.0
2012-02-10,-140593.0,-140593.0,75095.0,34107.0,-137420.0,2184.0,23335.0,-9795.0
2012-02-13,-140593.0,-140593.0,75095.0,34107.0,-137420.0,2184.0,23335.0,-9795.0
2012-02-14,-140593.0,-140593.0,75095.0,34107.0,-137420.0,2184.0,23335.0,-9795.0
2012-02-15,-140593.0,-140593.0,75095.0,34107.0,-137420.0,2184.0,23335.0,-9795.0
2012-02-16,-140593.0,-140593.0,75095.0,34107.0,-137420.0,2184.0,23335.0,-9795.0
2012-02-17,-148641.0,-148641.0,73741.0,41239.0,-144309.0,9566.0,23870.0,-15863.0
2012-02-20,-148641.0,-148641.0,73741.0,41239.0,-144309.0,9566.0,23870.0,-15863.0
2012-02-21,-148641.0,-148641.0,73741.0,41239.0,-144309.0,9566.0,23870.0,-15863.0
2012-02-22,-148641.0,-148641.0,73741.0,41239.0,-144309.0,9566.0,23870.0,-15863.0
2012-02-23,-148641.0,-148641.0,73741.0,41239.0,-144309.0,9566.0,23870.0,-15863.0
2012-02-24,-142159.0,-142159.0,74700.0,49425.0,-137479.0,14112.0,24211.0,-19846.0
2012-02-27,-142159.0,-142159.0,74700.0,49425.0,-137479.0,14112.0,24211.0,-19846.0
2012-02-28,-142159.0,-142159.0,74700.0,49425.0,-137479.0,14112.0,24211.0,-19846.0
2012-02-29,-142159.0,-142159.0,74700.0,49425.0,-137479.0,14112.0,24211.0,-19846.0
2012-03-01,-142159.0,-142159.0,74700.0,49425.0,-137479.0,14112.0,24211.0,-19846.0
2012-03-02,-109674.0,-109674.0,78201.0,60750.0,-106120.0,22480.0,22114.0,-19391.0
2012-03-05,-109674.0,-109674.0,78201.0,60750.0,-106120.0,22480.0,22114.0,-19391.0
2012-03-06,-109674.0,-109674.0,78201.0,60750.0,-106120.0,22480.0,22114.0,-19391.0
2012-03-07,-109674.0,-109674.0,78201.0,60750.0,-106120.0,22480.0,22114.0,-19391.0
2012-03-08,-109674.0,-109674.0,78201.0,60750.0,-106120.0,22480.0,22114.0,-19391.0
2012-03-09,-116473.0,-116473.0,61720.0,66347.0,-111223.0,26032.0,16788.0,-19478.0
2012-03-12,-116473.0,-116473.0,61720.0,66347.0,-111223.0,26032.0,16788.0,-19478.0
2012-03-13,-116473.0,-116473.0,61720.0,66347.0,-111223.0,26032.0,16788.0,-19478.0
2012-03-14,-116473.0,-116473.0,61720.0,66347.0,-111223.0,26032.0,16788.0,-19478.0
2012-03-15,-116473.0,-116473.0,61720.0,66347.0,-111223.0,26032.0,16788.0,-19478.0
2012-03-16,-99336.0,-99336.0,66756.0,78892.0,-98308.0,26721.0,13223.0,-14798.0
2012-03-19,-99336.0,-99336.0,66756.0,78892.0,-98308.0,26721.0,13223.0,-14798.0
2012-03-20,-99336.0,-99336.0,66756.0,78892.0,-98308.0,26721.0,13223.0,-14798.0
2012-03-21,-99336.0,-99336.0,66756.0,78892.0,-98308.0,26721.0,13223.0,-14798.0
2012-03-22,-99336.0,-99336.0,66756.0,78892.0,-98308.0,26721.0,13223.0,-14798.0
2012-03-23,-82954.0,-82954.0,45191.0,24329.0,-81986.0,42315.0,4210.0,-11191.0
2012-03-26,-82954.0,-82954.0,45191.0,24329.0,-81986.0,42315.0,4210.0,-11191.0
2012-03-27,-82954.0,-82954.0,45191.0,24329.0,-81986.0,42315.0,4210.0,-11191.0
2012-03-28,-82954.0,-82954.0,45191.0,24329.0,-81986.0,42315.0,4210.0,-11191.0
2012-03-29,-82954.0,-82954.0,45191.0,24329.0,-81986.0,42315.0,4210.0,-11191.0
2012-03-30,-89129.0,-89129.0,59574.0,82833.0,-89180.0,23737.0,3984.0,-15096.0
2012-04-02,-89129.0,-89129.0,59574.0,82833.0,-89180.0,23737.0,3984.0,-15096.0
2012-04-03,-89129.0,-89129.0,59574.0,82833.0,-89180.0,23737.0,3984.0,-15096.0
2012-04-04,-89129.0,-89129.0,59574.0,82833.0,-89180.0,23737.0,3984.0,-15096.0
2012-04-05,-89129.0,-89129.0,59574.0,82833.0,-89180.0,23737.0,3984.0,-15096.0
2012-04-06,-79480.0,-79480.0,49319.0,84503.0,-78701.0,29487.0,5846.0,-14676.0
2012-04-09,-79480.0,-79480.0,49319.0,84503.0,-78701.0,29487.0,5846.0,-14676.0
2012-04-10,-79480.0,-79480.0,49319.0,84503.0,-78701.0,29487.0,5846.0,-14676.0
2012-04-11,-79480.0,-79480.0,49319.0,84503.0,-78701.0,29487.0,5846.0,-14676.0
2012-04-12,-79480.0,-79480.0,49319.0,84503.0,-78701.0,29487.0,5846.0,-14676.0
2012-04-13,-101364.0,-101364.0,39429.0,68600.0,-101378.0,27967.0,7170.0,-9919.0
2012-04-16,-101364.0,-101364.0,39429.0,68600.0,-101378.0,27967.0,7170.0,-9919.0
2012-04-17,-101364.0,-101364.0,39429.0,68600.0,-101378.0,27967.0,7170.0,-9919.0
2012-04-18,-101364.0,-101364.0,39429.0,68600.0,-101378.0,27967.0,7170.0,-9919.0
2012-04-19,-101364.0,-101364.0,39429.0,68600.0,-101378.0,27967.0,7170.0,-9919.0
2012-04-20,-118125.0,-118125.0,48421.0,46101.0,-117062.0,38028.0,11939.0,-13762.0
2012-04-23,-118125.0,-118125.0,48421.0,46101.0,-117062.0,38028.0,11939.0,-13762.0
2012-04-24,-118125.0,-118125.0,48421.0,46101.0,-117062.0,38028.0,11939.0,-13762.0
2012-04-25,-118125.0,-118125.0,48421.0,46101.0,-117062.0,38028.0,11939.0,-13762.0
2012-04-26,-118125.0,-118125.0,48421.0,46101.0,-117062.0,38028.0,11939.0,-13762.0
2012-04-27,-113367.0,-113367.0,46041.0,40208.0,-112128.0,44224.0,9486.0,-16641.0
2012-04-30,-113367.0,-113367.0,46041.0,40208.0,-112128.0,44224.0,9486.0,-16641.0
2012-05-01,-113367.0,-113367.0,46041.0,40208.0,-112128.0,44224.0,9486.0,-16641.0
2012-05-02,-113367.0,-113367.0,46041.0,40208.0,-112128.0,44224.0,9486.0,-16641.0
2012-05-03,-113367.0,-113367.0,46041.0,40208.0,-112128.0,44224.0,9486.0,-16641.0
2012-05-04,-106990.0,-106990.0,52280.0,42045.0,-104684.0,70223.0,8025.0,-14311.0
2012-05-07,-106990.0,-106990.0,52280.0,42045.0,-104684.0,70223.0,8025.0,-14311.0
2012-05-08,-106990.0,-106990.0,52280.0,42045.0,-104684.0,70223.0,8025.0,-14311.0
2012-05-09,-106990.0,-106990.0,52280.0,42045.0,-104684.0,70223.0,8025.0,-14311.0
2012-05-10,-106990.0,-106990.0,52280.0,42045.0,-104684.0,70223.0,8025.0,-14311.0
2012-05-11,-143984.0,-143984.0,25104.0,36928.0,-142833.0,60095.0,6224.0,-16494.0
2012-05-14,-143984.0,-143984.0,25104.0,36928.0,-142833.0,60095.0,6224.0,-16494.0
2012-05-15,-143984.0,-143984.0,25104.0,36928.0,-142833.0,60095.0,6224.0,-16494.0
2012-05-16,-143984.0,-143984.0,25104.0,36928.0,-142833.0,60095.0,6224.0,-16494.0
2012-05-17,-143984.0,-143984.0,25104.0,36928.0,-142833.0,60095.0,6224.0,-16494.0
2012-05-18,-173869.0,-173869.0,4734.0,14445.0,-172607.0,51005.0,2597.0,-26694.0
2012-05-21,-173869.0,-173869.0,4734.0,14445.0,-172607.0,51005.0,2597.0,-26694.0
2012-05-22,-173869.0,-173869.0,4734.0,14445.0,-172607.0,51005.0,2597.0,-26694.0
2012-05-23,-173869.0,-173869.0,4734.0,14445.0,-172607.0,51005.0,2597.0,-26694.0
2012-05-24,-173869.0,-173869.0,4734.0,14445.0,-172607.0,51005.0,2597.0,-26694.0
2012-05-25,-195361.0,-195361.0,-16898.0,-16116.0,-194312.0,38555.0,-1509.0,-34851.0
2012-05-28,-195361.0,-195361.0,-16898.0,-16116.0,-194312.0,38555.0,-1509.0,-34851.0
2012-05-29,-195361.0,-195361.0,-16898.0,-16116.0,-194312.0,38555.0,-1509.0,-34851.0
2012-05-30,-195361.0,-195361.0,-16898.0,-16116.0,-194312.0,38555.0,-1509.0,-34851.0
2012-05-31,-195361.0,-195361.0,-16898.0,-16116.0,-194312.0,38555.0,-1509.0,-34851.0
2012-06-01,-203415.0,-203415.0,-35527.0,-12995.0,-200127.0,34085.0,-5208.0,-30596.0
2012-06-04,-203415.0,-203415.0,-35527.0,-12995.0,-200127.0,34085.0,-5208.0,-30596.0
2012-06-05,-203415.0,-203415.0,-35527.0,-12995.0,-200127.0,34085.0,-5208.0,-30596.0
2012-06-06,-203415.0,-203415.0,-35527.0,-12995.0,-200127.0,34085.0,-5208.0,-30596.0
2012-06-07,-203415.0,-203415.0,-35527.0,-12995.0,-200127.0,34085.0,-5208.0,-30596.0
2012-06-08,-214418.0,-214418.0,-51172.0,-30396.0,-213060.0,14906.0,-5530.0,-33648.0
2012-06-11,-214418.0,-214418.0,-51172.0,-30396.0,-213060.0,14906.0,-5530.0,-33648.0
2012-06-12,-214418.0,-214418.0,-51172.0,-30396.0,-213060.0,14906.0,-5530.0,-33648.0
2012-06-13,-214418.0,-214418.0,-51172.0,-30396.0,-213060.0,14906.0,-5530.0,-33648.0
2012-06-14,-214418.0,-214418.0,-51172.0,-30396.0,-213060.0,14906.0,-5530.0,-33648.0
2012-06-15,-195187.0,-195187.0,-45459.0,-22004.0,-195052.0,9620.0,-3885.0,-33301.0
2012-06-18,-195187.0,-195187.0,-45459.0,-22004.0,-195052.0,9620.0,-3885.0,-33301.0
2012-06-19,-195187.0,-195187.0,-45459.0,-22004.0,-195052.0,9620.0,-3885.0,-33301.0
2012-06-20,-195187.0,-195187.0,-45459.0,-22004.0,-195052.0,9620.0,-3885.0,-33301.0
2012-06-21,-195187.0,-195187.0,-45459.0,-22004.0,-195052.0,9620.0,-3885.0,-33301.0
2012-06-22,-141066.0,-141066.0,-3458.0,-14674.0,-139639.0,8201.0,-2213.0,-7007.0
2012-06-25,-141066.0,-141066.0,-3458.0,-14674.0,-139639.0,8201.0,-2213.0,-7007.0
2012-06-26,-141066.0,-141066.0,-3458.0,-14674.0,-139639.0,8201.0,-2213.0,-7007.0
2012-06-27,-141066.0,-141066.0,-3458.0,-14674.0,-139639.0,8201.0,-2213.0,-7007.0
2012-06-28,-141066.0,-141066.0,-3458.0,-14674.0,-139639.0,8201.0,-2213.0,-7007.0
2012-06-29,-159880.0,-159880.0,-2159.0,-7647.0,-160369.0,9277.0,576.0,-23836.0
2012-07-02,-159880.0,-159880.0,-2159.0,-7647.0,-160369.0,9277.0,576.0,-23836.0
2012-07-03,-159880.0,-159880.0,-2159.0,-7647.0,-160369.0,9277.0,576.0,-23836.0
2012-07-04,-159880.0,-159880.0,-2159.0,-7647.0,-160369.0,9277.0,576.0,-23836.0
2012-07-05,-159880.0,-159880.0,-2159.0,-7647.0,-160369.0,9277.0,576.0,-23836.0
2012-07-06,-146177.0,-146177.0,9348.0,17475.0,-145337.0,8698.0,4320.0,-19060.0
2012-07-09,-146177.0,-146177.0,9348.0,17475.0,-145337.0,8698.0,4320.0,-19060.0
2012-07-10,-146177.0,-146177.0,9348.0,17475.0,-145337.0,8698.0,4320.0,-19060.0
2012-07-11,-146177.0,-146177.0,9348.0,17475.0,-145337.0,8698.0,4320.0,-19060.0
2012-07-12,-146177.0,-146177.0,9348.0,17475.0,-145337.0,8698.0,4320.0,-19060.0
2012-07-13,-165705.0,-165705.0,19065.0,25222.0,-166955.0,4338.0,5591.0,-17584.0
2012-07-16,-165705.0,-165705.0,19065.0,25222.0,-166955.0,4338.0,5591.0,-17584.0
2012-07-17,-165705.0,-165705.0,19065.0,25222.0,-166955.0,4338.0,5591.0,-17584.0
2012-07-18,-165705.0,-165705.0,19065.0,25222.0,-166955.0,4338.0,5591.0,-17584.0
2012-07-19,-165705.0,-165705.0,19065.0,25222.0,-166955.0,4338.0,5591.0,-17584.0
2012-07-20,-167249.0,-167249.0,13931.0,34989.0,-167895.0,-1208.0,6939.0,-23090.0
2012-07-23,-167249.0,-167249.0,13931.0,34989.0,-167895.0,-1208.0,6939.0,-23090.0
2012-07-24,-167249.0,-167249.0,13931.0,34989.0,-167895.0,-1208.0,6939.0,-23090.0
2012-07-25,-167249.0,-167249.0,13931.0,34989.0,-167895.0,-1208.0,6939.0,-23090.0
2012-07-26,-167249.0,-167249.0,13931.0,34989.0,-167895.0,-1208.0,6939.0,-23090.0
2012-07-27,-155066.0,-155066.0,26443.0,49662.0,-157811.0,-2432.0,7779.0,-25945.0
2012-07-30,-155066.0,-155066.0,26443.0,49662.0,-157811.0,-2432.0,7779.0,-25945.0
2012-07-31,-155066.0,-155066.0,26443.0,49662.0,-157811.0,-2432.0,7779.0,-25945.0
2012-08-01,-155066.0,-155066.0,26443.0,49662.0,-157811.0,-2432.0,7779.0,-25945.0
2012-08-02,-155066.0,-155066.0,26443.0,49662.0,-157811.0,-2432.0,7779.0,-25945.0
2012-08-03,-138994.0,-138994.0,37235.0,47556.0,-142637.0,12449.0,10347.0,-18808.0
2012-08-06,-138994.0,-138994.0,37235.0,47556.0,-142637.0,12449.0,10347.0,-18808.0
2012-08-07,-138994.0,-138994.0,37235.0,47556.0,-142637.0,12449.0,10347.0,-18808.0
2012-08-08,-138994.0,-138994.0,37235.0,47556.0,-142637.0,12449.0,10347.0,-18808.0
2012-08-09,-138994.0,-138994.0,37235.0,47556.0,-142637.0,12449.0,10347.0,-18808.0
2012-08-10,-131711.0,-131711.0,52894.0,69378.0,-133175.0,19122.0,14588.0,-17915.0
2012-08-13,-131711.0,-131711.0,52894.0,69378.0,-133175.0,19122.0,14588.0,-17915.0
2012-08-14,-131711.0,-131711.0,52894.0,69378.0,-133175.0,19122.0,14588.0,-17915.0
2012-08-15,-131711.0,-131711.0,52894.0,69378.0,-133175.0,19122.0,14588.0,-17915.0
2012-08-16,-131711.0,-131711.0,52894.0,69378.0,-133175.0,19122.0,14588.0,-17915.0
2012-08-17,-137810.0,-137810.0,66679.0,83511.0,-139632.0,28593.0,15247.0,-18854.0
2012-08-20,-137810.0,-137810.0,66679.0,83511.0,-139632.0,28593.0,15247.0,-18854.0
2012-08-21,-137810.0,-137810.0,66679.0,83511.0,-139632.0,28593.0,15247.0,-18854.0
2012-08-22,-137810.0,-137810.0,66679.0,83511.0,-139632.0,28593.0,15247.0,-18854.0
2012-08-23,-137810.0,-137810.0,66679.0,83511.0,-139632.0,28593.0,15247.0,-18854.0
2012-08-24,-123932.0,-123932.0,86882.0,97981.0,-125817.0,50867.0,16372.0,-15662.0
2012-08-27,-123932.0,-123932.0,86882.0,97981.0,-125817.0,50867.0,16372.0,-15662.0
2012-08-28,-123932.0,-123932.0,86882.0,97981.0,-125817.0,50867.0,16372.0,-15662.0
2012-08-29,-123932.0,-123932.0,86882.0,97981.0,-125817.0,50867.0,16372.0,-15662.0
2012-08-30,-123932.0,-123932.0,86882.0,97981.0,-125817.0,50867.0,16372.0,-15662.0
2012-08-31,-101561.0,-101561.0,78072.0,94626.0,-103977.0,60936.0,14229.0,-11461.0
2012-09-03,-101561.0,-101561.0,78072.0,94626.0,-103977.0,60936.0,14229.0,-11461.0
2012-09-04,-101561.0,-101561.0,78072.0,94626.0,-103977.0,60936.0,14229.0,-11461.0
2012-09-05,-101561.0,-101561.0,78072.0,94626.0,-103977.0,60936.0,14229.0,-11461.0
2012-09-06,-101561.0,-101561.0,78072.0,94626.0,-103977.0,60936.0,14229.0,-11461.0
2012-09-07,-102306.0,-102306.0,62439.0,90881.0,-105433.0,66555.0,11401.0,-13112.0
2012-09-10,-102306.0,-102306.0,62439.0,90881.0,-105433.0,66555.0,11401.0,-13112.0
2012-09-11,-102306.0,-102306.0,62439.0,90881.0,-105433.0,66555.0,11401.0,-13112.0
2012-09-12,-102306.0,-102306.0,62439.0,90881.0,-105433.0,66555.0,11401.0,-13112.0
2012-09-13,-102306.0,-102306.0,62439.0,90881.0,-105433.0,66555.0,11401.0,-13112.0
2012-09-14,-93658.0,-93658.0,68259.0,122243.0,-95080.0,101860.0,10032.0,-8967.0
2012-09-17,-93658.0,-93658.0,68259.0,122243.0,-95080.0,101860.0,10032.0,-8967.0
2012-09-18,-93658.0,-93658.0,68259.0,122243.0,-95080.0,101860.0,10032.0,-8967.0
2012-09-19,-93658.0,-93658.0,68259.0,122243.0,-95080.0,101860.0,10032.0,-8967.0
2012-09-20,-93658.0,-93658.0,68259.0,122243.0,-95080.0,101860.0,10032.0,-8967.0
2012-09-21,-73482.0,-73482.0,69246.0,118147.0,-77671.0,111881.0,16605.0,-4527.0
2012-09-24,-73482.0,-73482.0,69246.0,118147.0,-77671.0,111881.0,16605.0,-4527.0
2012-09-25,-73482.0,-73482.0,69246.0,118147.0,-77671.0,111881.0,16605.0,-4527.0
2012-09-26,-73482.0,-73482.0,69246.0,118147.0,-77671.0,111881.0,16605.0,-4527.0
2012-09-27,-73482.0,-73482.0,69246.0,118147.0,-77671.0,111881.0,16605.0,-4527.0
2012-09-28,-50238.0,-50238.0,89562.0,141256.0,-55296.0,105346.0,19965.0,-904.0
2012-10-01,-50238.0,-50238.0,89562.0,141256.0,-55296.0,105346.0,19965.0,-904.0
2012-10-02,-50238.0,-50238.0,89562.0,141256.0,-55296.0,105346.0,19965.0,-904.0
2012-10-03,-50238.0,-50238.0,89562.0,141256.0,-55296.0,105346.0,19965.0,-904.0
2012-10-04,-50238.0,-50238.0,89562.0,141256.0,-55296.0,105346.0,19965.0,-904.0
2012-10-05,-50265.0,-50265.0,63743.0,135865.0,-55833.0,101176.0,21381.0,-984.0
2012-10-08,-50265.0,-50265.0,63743.0,135865.0,-55833.0,101176.0,21381.0,-984.0
2012-10-09,-50265.0,-50265.0,63743.0,135865.0,-55833.0,101176.0,21381.0,-984.0
2012-10-10,-50265.0,-50265.0,63743.0,135865.0,-55833.0,101176.0,21381.0,-984.0
2012-10-11,-50265.0,-50265.0,63743.0,135865.0,-55833.0,101176.0,21381.0,-984.0
2012-10-12,-72570.0,-72570.0,39814.0,136392.0,-75505.0,95628.0,16710.0,-306.0
2012-10-15,-72570.0,-72570.0,39814.0,136392.0,-75505.0,95628.0,16710.0,-306.0
2012-10-16,-72570.0,-72570.0,39814.0,136392.0,-75505.0,95628.0,16710.0,-306.0
2012-10-17,-72570.0,-72570.0,39814.0,136392.0,-75505.0,95628.0,16710.0,-306.0
2012-10-18,-72570.0,-72570.0,39814.0,136392.0,-75505.0,95628.0,16710.0,-306.0
2012-10-19,-53495.0,-53495.0,38444.0,135456.0,-57036.0,93750.0,16284.0,-1192.0
2012-10-22,-53495.0,-53495.0,38444.0,135456.0,-57036.0,93750.0,16284.0,-1192.0
2012-10-23,-53495.0,-53495.0,38444.0,135456.0,-57036.0,93750.0,16284.0,-1192.0
2012-10-24,-53495.0,-53495.0,38444.0,135456.0,-57036.0,93750.0,16284.0,-1192.0
2012-10-25,-53495.0,-53495.0,38444.0,135456.0,-57036.0,93750.0,16284.0,-1192.0
2012-10-26,-55219.0,-55219.0,45651.0,132402.0,-59354.0,89088.0,16349.0,2361.0
2012-10-29,-55219.0,-55219.0,45651.0,132402.0,-59354.0,89088.0,16349.0,2361.0
2012-10-30,-55219.0,-55219.0,45651.0,132402.0,-59354.0,89088.0,16349.0,2361.0
2012-10-31,-55219.0,-55219.0,45651.0,132402.0,-59354.0,89088.0,16349.0,2361.0
2012-11-01,-55219.0,-55219.0,45651.0,132402.0,-59354.0,89088.0,16349.0,2361.0
2012-11-02,-58204.0,-58204.0,52090.0,126009.0,-62104.0,78771.0,16745.0,2366.0
2012-11-05,-58204.0,-58204.0,52090.0,126009.0,-62104.0,78771.0,16745.0,2366.0
2012-11-06,-58204.0,-58204.0,52090.0,126009.0,-62104.0,78771.0,16745.0,2366.0
2012-11-07,-58204.0,-58204.0,52090.0,126009.0,-62104.0,78771.0,16745.0,2366.0
2012-11-08,-58204.0,-58204.0,52090.0,126009.0,-62104.0,78771.0,16745.0,2366.0
2012-11-09,-67141.0,-67141.0,60317.0,114422.0,-70413.0,74762.0,19388.0,-303.0
2012-11-12,-67141.0,-67141.0,60317.0,114422.0,-70413.0,74762.0,19388.0,-303.0
2012-11-13,-67141.0,-67141.0,60317.0,114422.0,-70413.0,74762.0,19388.0,-303.0
2012-11-14,-67141.0,-67141.0,60317.0,114422.0,-70413.0,74762.0,19388.0,-303.0
2012-11-15,-67141.0,-67141.0,60317.0,114422.0,-70413.0,74762.0,19388.0,-303.0
2012-11-16,-83646.0,-83646.0,68146.0,96994.0,-85637.0,66119.0,19194.0,-8888.0
2012-11-19,-83646.0,-83646.0,68146.0,96994.0,-85637.0,66119.0,19194.0,-8888.0
2012-11-20,-83646.0,-83646.0,68146.0,96994.0,-85637.0,66119.0,19194.0,-8888.0
2012-11-21,-83646.0,-83646.0,68146.0,96994.0,-85637.0,66119.0,19194.0,-8888.0
2012-11-22,-83646.0,-83646.0,68146.0,96994.0,-85637.0,66119.0,19194.0,-8888.0
2012-11-23,-91400.0,-91400.0,64711.0,86787.0,-94855.0,61446.0,17858.0,-12488.0
2012-11-26,-91400.0,-91400.0,64711.0,86787.0,-94855.0,61446.0,17858.0,-12488.0
2012-11-27,-91400.0,-91400.0,64711.0,86787.0,-94855.0,61446.0,17858.0,-12488.0
2012-11-28,-91400.0,-91400.0,64711.0,86787.0,-94855.0,61446.0,17858.0,-12488.0
2012-11-29,-91400.0,-91400.0,64711.0,86787.0,-94855.0,61446.0,17858.0,-12488.0
2012-11-30,-66693.0,-66693.0,76806.0,93858.0,-72346.0,62379.0,18710.0,-3367.0
2012-12-03,-66693.0,-66693.0,76806.0,93858.0,-72346.0,62379.0,18710.0,-3367.0
2012-12-04,-66693.0,-66693.0,76806.0,93858.0,-72346.0,62379.0,18710.0,-3367.0
2012-12-05,-66693.0,-66693.0,76806.0,93858.0,-72346.0,62379.0,18710.0,-3367.0
2012-12-06,-66693.0,-66693.0,76806.0,93858.0,-72346.0,62379.0,18710.0,-3367.0
2012-12-07,-32795.0,-32795.0,92229.0,118962.0,-39812.0,57071.0,21088.0,636.0
2012-12-10,-32795.0,-32795.0,92229.0,118962.0,-39812.0,57071.0,21088.0,636.0
2012-12-11,-32795.0,-32795.0,92229.0,118962.0,-39812.0,57071.0,21088.0,636.0
2012-12-12,-32795.0,-32795.0,92229.0,118962.0,-39812.0,57071.0,21088.0,636.0
2012-12-13,-32795.0,-32795.0,92229.0,118962.0,-39812.0,57071.0,21088.0,636.0
2012-12-14,-31623.0,-31623.0,103376.0,149271.0,-30970.0,62533.0,24600.0,3209.0
2012-12-17,-31623.0,-31623.0,103376.0,149271.0,-30970.0,62533.0,24600.0,3209.0
2012-12-18,-31623.0,-31623.0,103376.0,149271.0,-30970.0,62533.0,24600.0,3209.0
2012-12-19,-31623.0,-31623.0,103376.0,149271.0,-30970.0,62533.0,24600.0,3209.0
2012-12-20,-31623.0,-31623.0,103376.0,149271.0,-30970.0,62533.0,24600.0,3209.0
2012-12-21,-9736.0,-9736.0,97496.0,147749.0,-8338.0,74278.0,14230.0,4280.0
2012-12-24,-9736.0,-9736.0,97496.0,147749.0,-8338.0,74278.0,14230.0,4280.0
2012-12-25,-9736.0,-9736.0,97496.0,147749.0,-8338.0,74278.0,14230.0,4280.0
2012-12-26,-9736.0,-9736.0,97496.0,147749.0,-8338.0,74278.0,14230.0,4280.0
2012-12-27,-9736.0,-9736.0,97496.0,147749.0,-8338.0,74278.0,14230.0,4280.0
2012-12-28,-2549.0,-2549.0,75433.0,149355.0,-1299.0,63352.0,14739.0,11435.0
2012-12-31,-2549.0,-2549.0,75433.0,149355.0,-1299.0,63352.0,14739.0,11435.0
2013-01-01,-2549.0,-2549.0,75433.0,149355.0,-1299.0,63352.0,14739.0,11435.0
2013-01-02,-2549.0,-2549.0,75433.0,149355.0,-1299.0,63352.0,14739.0,11435.0
2013-01-03,-2549.0,-2549.0,75433.0,149355.0,-1299.0,63352.0,14739.0,11435.0
2013-01-04,5126.0,5126.0,79522.0,141752.0,6205.0,65926.0,17082.0,11631.0
2013-01-07,5126.0,5126.0,79522.0,141752.0,6205.0,65926.0,17082.0,11631.0
2013-01-08,5126.0,5126.0,79522.0,141752.0,6205.0,65926.0,17082.0,11631.0
2013-01-09,5126.0,5126.0,79522.0,141752.0,6205.0,65926.0,17082.0,11631.0
2013-01-10,5126.0,5126.0,79522.0,141752.0,6205.0,65926.0,17082.0,11631.0
2013-01-11,-8035.0,-8035.0,80315.0,139523.0,-8321.0,64005.0,19220.0,10261.0
2013-01-14,-8035.0,-8035.0,80315.0,139523.0,-8321.0,64005.0,19220.0,10261.0
2013-01-15,-8035.0,-8035.0,80315.0,139523.0,-8321.0,64005.0,19220.0,10261.0
2013-01-16,-8035.0,-8035.0,80315.0,139523.0,-8321.0,64005.0,19220.0,10261.0
2013-01-17,-8035.0,-8035.0,80315.0,139523.0,-8321.0,64005.0,19220.0,10261.0
2013-01-18,7315.0,7315.0,89057.0,151665.0,6575.0,68668.0,22262.0,12770.0
2013-01-21,7315.0,7315.0,89057.0,151665.0,6575.0,68668.0,22262.0,12770.0
2013-01-22,7315.0,7315.0,89057.0,151665.0,6575.0,68668.0,22262.0,12770.0
2013-01-23,7315.0,7315.0,89057.0,151665.0,6575.0,68668.0,22262.0,12770.0
2013-01-24,7315.0,7315.0,89057.0,151665.0,6575.0,68668.0,22262.0,12770.0
2013-01-25,21381.0,21381.0,97011.0,150037.0,20410.0,57952.0,23532.0,6384.0
2013-01-28,21381.0,21381.0,97011.0,150037.0,20410.0,57952.0,23532.0,6384.0
2013-01-29,21381.0,21381.0,97011.0,150037.0,20410.0,57952.0,23532.0,6384.0
2013-01-30,21381.0,21381.0,97011.0,150037.0,20410.0,57952.0,23532.0,6384.0
2013-01-31,21381.0,21381.0,97011.0,150037.0,20410.0,57952.0,23532.0,6384.0
2013-02-01,27472.0,27472.0,85296.0,148871.0,23969.0,35057.0,21816.0,4148.0
2013-02-04,27472.0,27472.0,85296.0,148871.0,23969.0,35057.0,21816.0,4148.0
2013-02-05,27472.0,27472.0,85296.0,148871.0,23969.0,35057.0,21816.0,4148.0
2013-02-06,27472.0,27472.0,85296.0,148871.0,23969.0,35057.0,21816.0,4148.0
2013-02-07,27472.0,27472.0,85296.0,148871.0,23969.0,35057.0,21816.0,4148.0
2013-02-08,37952.0,37952.0,80940.0,141502.0,30767.0,27761.0,22700.0,3876.0
2013-02-11,37952.0,37952.0,80940.0,141502.0,30767.0,27761.0,22700.0,3876.0
2013-02-12,37952.0,37952.0,80940.0,141502.0,30767.0,27761.0,22700.0,3876.0
2013-02-13,37952.0,37952.0,80940.0,141502.0,30767.0,27761.0,22700.0,3876.0
2013-02-14,37952.0,37952.0,80940.0,141502.0,30767.0,27761.0,22700.0,3876.0
2013-02-15,24181.0,24181.0,54114.0,124579.0,24258.0,26565.0,21338.0,4552.0
2013-02-18,24181.0,24181.0,54114.0,124579.0,24258.0,26565.0,21338.0,4552.0
2013-02-19,24181.0,24181.0,54114.0,124579.0,24258.0,26565.0,21338.0,4552.0
2013-02-20,24181.0,24181.0,54114.0,124579.0,24258.0,26565.0,21338.0,4552.0
2013-02-21,24181.0,24181.0,54114.0,124579.0,24258.0,26565.0,21338.0,4552.0
2013-02-22,19103.0,19103.0,43981.0,116165.0,20488.0,19379.0,24693.0,-675.0
2013-02-25,19103.0,19103.0,43981.0,116165.0,20488.0,19379.0,24693.0,-675.0
2013-02-26,19103.0,19103.0,43981.0,116165.0,20488.0,19379.0,24693.0,-675.0
2013-02-27,19103.0,19103.0,43981.0,116165.0,20488.0,19379.0,24693.0,-675.0
2013-02-28,19103.0,19103.0,43981.0,116165.0,20488.0,19379.0,24693.0,-675.0
2013-03-01,-9394.0,-9394.0,25695.0,104804.0,-4758.0,-21433.0,20297.0,-8191.0
2013-03-04,-9394.0,-9394.0,25695.0,104804.0,-4758.0,-21433.0,20297.0,-8191.0
2013-03-05,-9394.0,-9394.0,25695.0,104804.0,-4758.0,-21433.0,20297.0,-8191.0
2013-03-06,-9394.0,-9394.0,25695.0,104804.0,-4758.0,-21433.0,20297.0,-8191.0
2013-03-07,-9394.0,-9394.0,25695.0,104804.0,-4758.0,-21433.0,20297.0,-8191.0
2013-03-08,-26116.0,-26116.0,7149.0,93521.0,-18535.0,-46663.0,19044.0,-11450.0
2013-03-11,-26116.0,-26116.0,7149.0,93521.0,-18535.0,-46663.0,19044.0,-11450.0
2013-03-12,-26116.0,-26116.0,7149.0,93521.0,-18535.0,-46663.0,19044.0,-11450.0
2013-03-13,-26116.0,-26116.0,7149.0,93521.0,-18535.0,-46663.0,19044.0,-11450.0
2013-03-14,-26116.0,-26116.0,7149.0,93521.0,-18535.0,-46663.0,19044.0,-11450.0
2013-03-15,-24787.0,-24787.0,23266.0,113770.0,-23124.0,-53397.0,19350.0,-13488.0
2013-03-18,-24787.0,-24787.0,23266.0,113770.0,-23124.0,-53397.0,19350.0,-13488.0
2013-03-19,-24787.0,-24787.0,23266.0,113770.0,-23124.0,-53397.0,19350.0,-13488.0
2013-03-20,-24787.0,-24787.0,23266.0,113770.0,-23124.0,-53397.0,19350.0,-13488.0
2013-03-21,-24787.0,-24787.0,23266.0,113770.0,-23124.0,-53397.0,19350.0,-13488.0
2013-03-22,-44884.0,-44884.0,54055.0,109376.0,-42191.0,-65331.0,12477.0,-10996.0
2013-03-25,-44884.0,-44884.0,54055.0,109376.0,-42191.0,-65331.0,12477.0,-10996.0
2013-03-26,-44884.0,-44884.0,54055.0,109376.0,-42191.0,-65331.0,12477.0,-10996.0
2013-03-27,-44884.0,-44884.0,54055.0,109376.0,-42191.0,-65331.0,12477.0,-10996.0
2013-03-28,-44884.0,-44884.0,54055.0,109376.0,-42191.0,-65331.0,12477.0,-10996.0
2013-03-29,-49095.0,-49095.0,85515.0,128162.0,-47379.0,-62645.0,16916.0,-12198.0
2013-04-01,-49095.0,-49095.0,85515.0,128162.0,-47379.0,-62645.0,16916.0,-12198.0
2013-04-02,-49095.0,-49095.0,85515.0,128162.0,-47379.0,-62645.0,16916.0,-12198.0
2013-04-03,-49095.0,-49095.0,85515.0,128162.0,-47379.0,-62645.0,16916.0,-12198.0
2013-04-04,-49095.0,-49095.0,85515.0,128162.0,-47379.0,-62645.0,16916.0,-12198.0
2013-04-05,-65701.0,-65701.0,83971.0,142755.0,-63390.0,-64544.0,18387.0,-12015.0
2013-04-08,-65701.0,-65701.0,83971.0,142755.0,-63390.0,-64544.0,18387.0,-12015.0
2013-04-09,-65701.0,-65701.0,83971.0,142755.0,-63390.0,-64544.0,18387.0,-12015.0
2013-04-10,-65701.0,-65701.0,83971.0,142755.0,-63390.0,-64544.0,18387.0,-12015.0
2013-04-11,-65701.0,-65701.0,83971.0,142755.0,-63390.0,-64544.0,18387.0,-12015.0
2013-04-12,-50858.0,-50858.0,77879.0,142542.0,-52302.0,-71133.0,25150.0,-10014.0
2013-04-15,-50858.0,-50858.0,77879.0,142542.0,-52302.0,-71133.0,25150.0,-10014.0
2013-04-16,-50858.0,-50858.0,77879.0,142542.0,-52302.0,-71133.0,25150.0,-10014.0
2013-04-17,-50858.0,-50858.0,77879.0,142542.0,-52302.0,-71133.0,25150.0,-10014.0
2013-04-18,-50858.0,-50858.0,77879.0,142542.0,-52302.0,-71133.0,25150.0,-10014.0
2013-04-19,-29764.0,-29764.0,53175.0,151288.0,-30256.0,-75913.0,30808.0,-3253.0
2013-04-22,-29764.0,-29764.0,53175.0,151288.0,-30256.0,-75913.0,30808.0,-3253.0
2013-04-23,-29764.0,-29764.0,53175.0,151288.0,-30256.0,-75913.0,30808.0,-3253.0
2013-04-24,-29764.0,-29764.0,53175.0,151288.0,-30256.0,-75913.0,30808.0,-3253.0
2013-04-25,-29764.0,-29764.0,53175.0,151288.0,-30256.0,-75913.0,30808.0,-3253.0
2013-04-26,-34275.0,-34275.0,31257.0,146911.0,-34342.0,-71679.0,27705.0,1179.0
2013-04-29,-34275.0,-34275.0,31257.0,146911.0,-34342.0,-71679.0,27705.0,1179.0
2013-04-30,-34275.0,-34275.0,31257.0,146911.0,-34342.0,-71679.0,27705.0,1179.0
2013-05-01,-34275.0,-34275.0,31257.0,146911.0,-34342.0,-71679.0,27705.0,1179.0
2013-05-02,-34275.0,-34275.0,31257.0,146911.0,-34342.0,-71679.0,27705.0,1179.0
2013-05-03,-30149.0,-30149.0,30234.0,138551.0,-30394.0,-67848.0,29050.0,-8264.0
2013-05-06,-30149.0,-30149.0,30234.0,138551.0,-30394.0,-67848.0,29050.0,-8264.0
2013-05-07,-30149.0,-30149.0,30234.0,138551.0,-30394.0,-67848.0,29050.0,-8264.0
2013-05-08,-30149.0,-30149.0,30234.0,138551.0,-30394.0,-67848.0,29050.0,-8264.0
2013-05-09,-30149.0,-30149.0,30234.0,138551.0,-30394.0,-67848.0,29050.0,-8264.0
2013-05-10,-33533.0,-33533.0,6630.0,138444.0,-33201.0,-51916.0,28536.0,-6235.0
2013-05-13,-33533.0,-33533.0,6630.0,138444.0,-33201.0,-51916.0,28536.0,-6235.0
2013-05-14,-33533.0,-33533.0,6630.0,138444.0,-33201.0,-51916.0,28536.0,-6235.0
2013-05-15,-33533.0,-33533.0,6630.0,138444.0,-33201.0,-51916.0,28536.0,-6235.0
2013-05-16,-33533.0,-33533.0,6630.0,138444.0,-33201.0,-51916.0,28536.0,-6235.0
2013-05-17,-46921.0,-46921.0,-13450.0,140319.0,-46235.0,-44417.0,23216.0,-15410.0
2013-05-20,-46921.0,-46921.0,-13450.0,140319.0,-46235.0,-44417.0,23216.0,-15410.0
2013-05-21,-46921.0,-46921.0,-13450.0,140319.0,-46235.0,-44417.0,23216.0,-15410.0
2013-05-22,-46921.0,-46921.0,-13450.0,140319.0,-46235.0,-44417.0,23216.0,-15410.0
2013-05-23,-46921.0,-46921.0,-13450.0,140319.0,-46235.0,-44417.0,23216.0,-15410.0
2013-05-24,-80949.0,-80949.0,-32409.0,136863.0,-79813.0,-33852.0,17782.0,-19930.0
2013-05-27,-80949.0,-80949.0,-32409.0,136863.0,-79813.0,-33852.0,17782.0,-19930.0
2013-05-28,-80949.0,-80949.0,-32409.0,136863.0,-79813.0,-33852.0,17782.0,-19930.0
2013-05-29,-80949.0,-80949.0,-32409.0,136863.0,-79813.0,-33852.0,17782.0,-19930.0
2013-05-30,-80949.0,-80949.0,-32409.0,136863.0,-79813.0,-33852.0,17782.0,-19930.0
2013-05-31,-84644.0,-84644.0,-42307.0,120864.0,-82730.0,-33359.0,14011.0,-28972.0
2013-06-03,-84644.0,-84644.0,-42307.0,120864.0,-82730.0,-33359.0,14011.0,-28972.0
2013-06-04,-84644.0,-84644.0,-42307.0,120864.0,-82730.0,-33359.0,14011.0,-28972.0
2013-06-05,-84644.0,-84644.0,-42307.0,120864.0,-82730.0,-33359.0,14011.0,-28972.0
2013-06-06,-84644.0,-84644.0,-42307.0,120864.0,-82730.0,-33359.0,14011.0,-28972.0
2013-06-07,-51621.0,-51621.0,-58550.0,82871.0,-52872.0,-39776.0,6013.0,-25803.0
2013-06-10,-51621.0,-51621.0,-58550.0,82871.0,-52872.0,-39776.0,6013.0,-25803.0
2013-06-11,-51621.0,-51621.0,-58550.0,82871.0,-52872.0,-39776.0,6013.0,-25803.0
2013-06-12,-51621.0,-51621.0,-58550.0,82871.0,-52872.0,-39776.0,6013.0,-25803.0
2013-06-13,-51621.0,-51621.0,-58550.0,82871.0,-52872.0,-39776.0,6013.0,-25803.0
2013-06-14,-7533.0,-7533.0,-63277.0,63774.0,-7714.0,-35907.0,2653.0,-20738.0
2013-06-17,-7533.0,-7533.0,-63277.0,63774.0,-7714.0,-35907.0,2653.0,-20738.0
2013-06-18,-7533.0,-7533.0,-63277.0,63774.0,-7714.0,-35907.0,2653.0,-20738.0
2013-06-19,-7533.0,-7533.0,-63277.0,63774.0,-7714.0,-35907.0,2653.0,-20738.0
2013-06-20,-7533.0,-7533.0,-63277.0,63774.0,-7714.0,-35907.0,2653.0,-20738.0
2013-06-21,20030.0,20030.0,-63521.0,20949.0,18673.0,-26087.0,2126.0,5791.0
2013-06-24,20030.0,20030.0,-63521.0,20949.0,18673.0,-26087.0,2126.0,5791.0
2013-06-25,20030.0,20030.0,-63521.0,20949.0,18673.0,-26087.0,2126.0,5791.0
2013-06-26,20030.0,20030.0,-63521.0,20949.0,18673.0,-26087.0,2126.0,5791.0
2013-06-27,20030.0,20030.0,-63521.0,20949.0,18673.0,-26087.0,2126.0,5791.0
2013-06-28,17357.0,17357.0,-61644.0,4981.0,19048.0,-10638.0,-711.0,2464.0
2013-07-01,17357.0,17357.0,-61644.0,4981.0,19048.0,-10638.0,-711.0,2464.0
2013-07-02,17357.0,17357.0,-61644.0,4981.0,19048.0,-10638.0,-711.0,2464.0
2013-07-03,17357.0,17357.0,-61644.0,4981.0,19048.0,-10638.0,-711.0,2464.0
2013-07-04,17357.0,17357.0,-61644.0,4981.0,19048.0,-10638.0,-711.0,2464.0
2013-07-05,-16090.0,-16090.0,-70515.0,2847.0,-12223.0,-16250.0,-1174.0,-116.0
2013-07-08,-16090.0,-16090.0,-70515.0,2847.0,-12223.0,-16250.0,-1174.0,-116.0
2013-07-09,-16090.0,-16090.0,-70515.0,2847.0,-12223.0,-16250.0,-1174.0,-116.0
2013-07-10,-16090.0,-16090.0,-70515.0,2847.0,-12223.0,-16250.0,-1174.0,-116.0
2013-07-11,-16090.0,-16090.0,-70515.0,2847.0,-12223.0,-16250.0,-1174.0,-116.0
2013-07-12,-40900.0,-40900.0,-63255.0,8035.0,-40050.0,-23829.0,-1008.0,-1776.0
2013-07-15,-40900.0,-40900.0,-63255.0,8035.0,-40050.0,-23829.0,-1008.0,-1776.0
2013-07-16,-40900.0,-40900.0,-63255.0,8035.0,-40050.0,-23829.0,-1008.0,-1776.0
2013-07-17,-40900.0,-40900.0,-63255.0,8035.0,-40050.0,-23829.0,-1008.0,-1776.0
2013-07-18,-40900.0,-40900.0,-63255.0,8035.0,-40050.0,-23829.0,-1008.0,-1776.0
2013-07-19,-37165.0,-37165.0,-70686.0,11366.0,-38356.0,-20043.0,-2744.0,-4969.0
2013-07-22,-37165.0,-37165.0,-70686.0,11366.0,-38356.0,-20043.0,-2744.0,-4969.0
2013-07-23,-37165.0,-37165.0,-70686.0,11366.0,-38356.0,-20043.0,-2744.0,-4969.0
2013-07-24,-37165.0,-37165.0,-70686.0,11366.0,-38356.0,-20043.0,-2744.0,-4969.0
2013-07-25,-37165.0,-37165.0,-70686.0,11366.0,-38356.0,-20043.0,-2744.0,-4969.0
2013-07-26,-27900.0,-27900.0,-63982.0,19799.0,-31425.0,-16758.0,-1846.0,-5433.0
2013-07-29,-27900.0,-27900.0,-63982.0,19799.0,-31425.0,-16758.0,-1846.0,-5433.0
2013-07-30,-27900.0,-27900.0,-63982.0,19799.0,-31425.0,-16758.0,-1846.0,-5433.0
2013-07-31,-27900.0,-27900.0,-63982.0,19799.0,-31425.0,-16758.0,-1846.0,-5433.0
2013-08-01,-27900.0,-27900.0,-63982.0,19799.0,-31425.0,-16758.0,-1846.0,-5433.0
2013-08-02,-8504.0,-8504.0,-72573.0,24888.0,-11607.0,-11434.0,-520.0,-1261.0
2013-08-05,-8504.0,-8504.0,-72573.0,24888.0,-11607.0,-11434.0,-520.0,-1261.0
2013-08-06,-8504.0,-8504.0,-72573.0,24888.0,-11607.0,-11434.0,-520.0,-1261.0
2013-08-07,-8504.0,-8504.0,-72573.0,24888.0,-11607.0,-11434.0,-520.0,-1261.0
2013-08-08,-8504.0,-8504.0,-72573.0,24888.0,-11607.0,-11434.0,-520.0,-1261.0
2013-08-09,6061.0,6061.0,-76779.0,32125.0,1976.0,-10436.0,-1539.0,-325.0
2013-08-12,6061.0,6061.0,-76779.0,32125.0,1976.0,-10436.0,-1539.0,-325.0
2013-08-13,6061.0,6061.0,-76779.0,32125.0,1976.0,-10436.0,-1539.0,-325.0
2013-08-14,6061.0,6061.0,-76779.0,32125.0,1976.0,-10436.0,-1539.0,-325.0
2013-08-15,6061.0,6061.0,-76779.0,32125.0,1976.0,-10436.0,-1539.0,-325.0
2013-08-16,16057.0,16057.0,-62721.0,36320.0,15299.0,-9081.0,197.0,2136.0
2013-08-19,16057.0,16057.0,-62721.0,36320.0,15299.0,-9081.0,197.0,2136.0
2013-08-20,16057.0,16057.0,-62721.0,36320.0,15299.0,-9081.0,197.0,2136.0
2013-08-21,16057.0,16057.0,-62721.0,36320.0,15299.0,-9081.0,197.0,2136.0
2013-08-22,16057.0,16057.0,-62721.0,36320.0,15299.0,-9081.0,197.0,2136.0
2013-08-23,36746.0,36746.0,-63183.0,36131.0,37108.0,-9544.0,2390.0,291.0
2013-08-26,36746.0,36746.0,-63183.0,36131.0,37108.0,-9544.0,2390.0,291.0
2013-08-27,36746.0,36746.0,-63183.0,36131.0,37108.0,-9544.0,2390.0,291.0
2013-08-28,36746.0,36746.0,-63183.0,36131.0,37108.0,-9544.0,2390.0,291.0
2013-08-29,36746.0,36746.0,-63183.0,36131.0,37108.0,-9544.0,2390.0,291.0
2013-08-30,40081.0,40081.0,-71117.0,7198.0,41514.0,-24959.0,252.0,402.0
2013-09-02,40081.0,40081.0,-71117.0,7198.0,41514.0,-24959.0,252.0,402.0
2013-09-03,40081.0,40081.0,-71117.0,7198.0,41514.0,-24959.0,252.0,402.0
2013-09-04,40081.0,40081.0,-71117.0,7198.0,41514.0,-24959.0,252.0,402.0
2013-09-05,40081.0,40081.0,-71117.0,7198.0,41514.0,-24959.0,252.0,402.0
2013-09-06,22738.0,22738.0,-71506.0,688.0,25564.0,-34639.0,-797.0,1059.0
2013-09-09,22738.0,22738.0,-71506.0,688.0,25564.0,-34639.0,-797.0,1059.0
2013-09-10,22738.0,22738.0,-71506.0,688.0,25564.0,-34639.0,-797.0,1059.0
2013-09-11,22738.0,22738.0,-71506.0,688.0,25564.0,-34639.0,-797.0,1059.0
2013-09-12,22738.0,22738.0,-71506.0,688.0,25564.0,-34639.0,-797.0,1059.0
2013-09-13,12696.0,12696.0,-60032.0,8279.0,14066.0,-30942.0,-601.0,420.0
2013-09-16,12696.0,12696.0,-60032.0,8279.0,14066.0,-30942.0,-601.0,420.0
2013-09-17,12696.0,12696.0,-60032.0,8279.0,14066.0,-30942.0,-601.0,420.0
2013-09-18,12696.0,12696.0,-60032.0,8279.0,14066.0,-30942.0,-601.0,420.0
2013-09-19,12696.0,12696.0,-60032.0,8279.0,14066.0,-30942.0,-601.0,420.0
2013-09-20,31907.0,31907.0,-27360.0,-10201.0,33283.0,-18764.0,5657.0,616.0
2013-09-23,31907.0,31907.0,-27360.0,-10201.0,33283.0,-18764.0,5657.0,616.0
2013-09-24,31907.0,31907.0,-27360.0,-10201.0,33283.0,-18764.0,5657.0,616.0
2013-09-25,31907.0,31907.0,-27360.0,-10201.0,33283.0,-18764.0,5657.0,616.0
2013-09-26,31907.0,31907.0,-27360.0,-10201.0,33283.0,-18764.0,5657.0,616.0
2013-09-27,65844.0,65844.0,-34819.0,14023.0,66359.0,-5675.0,8055.0,5745.0
2013-09-30,65844.0,65844.0,-34819.0,14023.0,66359.0,-5675.0,8055.0,5745.0
2013-10-01,65844.0,65844.0,-34819.0,14023.0,66359.0,-5675.0,8055.0,5745.0
2013-10-02,65844.0,65844.0,-34819.0,14023.0,66359.0,-5675.0,8055.0,5745.0
2013-10-03,65844.0,65844.0,-34819.0,14023.0,66359.0,-5675.0,8055.0,5745.0
2013-10-04,68276.0,68276.0,-28804.0,14601.0,67747.0,-955.0,10891.0,6636.0
2013-10-07,68276.0,68276.0,-28804.0,14601.0,67747.0,-955.0,10891.0,6636.0
2013-10-08,68276.0,68276.0,-28804.0,14601.0,67747.0,-955.0,10891.0,6636.0
2013-10-09,68276.0,68276.0,-28804.0,14601.0,67747.0,-955.0,10891.0,6636.0
2013-10-10,68276.0,68276.0,-28804.0,14601.0,67747.0,-955.0,10891.0,6636.0
2013-10-11,68683.0,68683.0,-26404.0,10933.0,69330.0,-8663.0,10766.0,10415.0
2013-10-14,68683.0,68683.0,-26404.0,10933.0,69330.0,-8663.0,10766.0,10415.0
2013-10-15,68683.0,68683.0,-26404.0,10933.0,69330.0,-8663.0,10766.0,10415.0
2013-10-16,68683.0,68683.0,-26404.0,10933.0,69330.0,-8663.0,10766.0,10415.0
2013-10-17,68683.0,68683.0,-26404.0,10933.0,69330.0,-8663.0,10766.0,10415.0
2013-10-18,60374.0,60374.0,-32237.0,7761.0,60564.0,-10814.0,12668.0,10767.0
2013-10-21,60374.0,60374.0,-32237.0,7761.0,60564.0,-10814.0,12668.0,10767.0
2013-10-22,60374.0,60374.0,-32237.0,7761.0,60564.0,-10814.0,12668.0,10767.0
2013-10-23,60374.0,60374.0,-32237.0,7761.0,60564.0,-10814.0,12668.0,10767.0
2013-10-24,60374.0,60374.0,-32237.0,7761.0,60564.0,-10814.0,12668.0,10767.0
2013-10-25,72434.0,72434.0,-22111.0,7214.0,63543.0,-5364.0,13114.0,10931.0
2013-10-28,72434.0,72434.0,-22111.0,7214.0,63543.0,-5364.0,13114.0,10931.0
2013-10-29,72434.0,72434.0,-22111.0,7214.0,63543.0,-5364.0,13114.0,10931.0
2013-10-30,72434.0,72434.0,-22111.0,7214.0,63543.0,-5364.0,13114.0,10931.0
2013-10-31,72434.0,72434.0,-22111.0,7214.0,63543.0,-5364.0,13114.0,10931.0
2013-11-01,70617.0,70617.0,-23198.0,4896.0,68157.0,-15237.0,10625.0,11451.0
2013-11-04,70617.0,70617.0,-23198.0,4896.0,68157.0,-15237.0,10625.0,11451.0
2013-11-05,70617.0,70617.0,-23198.0,4896.0,68157.0,-15237.0,10625.0,11451.0
2013-11-06,70617.0,70617.0,-23198.0,4896.0,68157.0,-15237.0,10625.0,11451.0
2013-11-07,70617.0,70617.0,-23198.0,4896.0,68157.0,-15237.0,10625.0,11451.0
2013-11-08,33143.0,33143.0,-25067.0,5180.0,39988.0,-18002.0,9708.0,8095.0
2013-11-11,33143.0,33143.0,-25067.0,5180.0,39988.0,-18002.0,9708.0,8095.0
2013-11-12,33143.0,33143.0,-25067.0,5180.0,39988.0,-18002.0,9708.0,8095.0
2013-11-13,33143.0,33143.0,-25067.0,5180.0,39988.0,-18002.0,9708.0,8095.0
2013-11-14,33143.0,33143.0,-25067.0,5180.0,39988.0,-18002.0,9708.0,8095.0
2013-11-15,16826.0,16826.0,-35809.0,7017.0,21403.0,-16092.0,10366.0,3189.0
2013-11-18,16826.0,16826.0,-35809.0,7017.0,21403.0,-16092.0,10366.0,3189.0
2013-11-19,16826.0,16826.0,-35809.0,7017.0,21403.0,-16092.0,10366.0,3189.0
2013-11-20,16826.0,16826.0,-35809.0,7017.0,21403.0,-16092.0,10366.0,3189.0
2013-11-21,16826.0,16826.0,-35809.0,7017.0,21403.0,-16092.0,10366.0,3189.0
2013-11-22,8911.0,8911.0,-35762.0,9539.0,9049.0,-16335.0,12476.0,3669.0
2013-11-25,8911.0,8911.0,-35762.0,9539.0,9049.0,-16335.0,12476.0,3669.0
2013-11-26,8911.0,8911.0,-35762.0,9539.0,9049.0,-16335.0,12476.0,3669.0
2013-11-27,8911.0,8911.0,-35762.0,9539.0,9049.0,-16335.0,12476.0,3669.0
2013-11-28,8911.0,8911.0,-35762.0,9539.0,9049.0,-16335.0,12476.0,3669.0
2013-11-29,-431.0,-431.0,-33511.0,12463.0,-3641.0,-28780.0,10249.0,4652.0
2013-12-02,-431.0,-431.0,-33511.0,12463.0,-3641.0,-28780.0,10249.0,4652.0
2013-12-03,-431.0,-431.0,-33511.0,12463.0,-3641.0,-28780.0,10249.0,4652.0
2013-12-04,-431.0,-431.0,-33511.0,12463.0,-3641.0,-28780.0,10249.0,4652.0
2013-12-05,-431.0,-431.0,-33511.0,12463.0,-3641.0,-28780.0,10249.0,4652.0
2013-12-06,9312.0,9312.0,-44311.0,8933.0,6532.0,-41583.0,7639.0,6547.0
2013-12-09,9312.0,9312.0,-44311.0,8933.0,6532.0,-41583.0,7639.0,6547.0
2013-12-10,9312.0,9312.0,-44311.0,8933.0,6532.0,-41583.0,7639.0,6547.0
2013-12-11,9312.0,9312.0,-44311.0,8933.0,6532.0,-41583.0,7639.0,6547.0
2013-12-12,9312.0,9312.0,-44311.0,8933.0,6532.0,-41583.0,7639.0,6547.0
2013-12-13,15930.0,15930.0,-45850.0,22530.0,15115.0,-57514.0,8553.0,11998.0
2013-12-16,15930.0,15930.0,-45850.0,22530.0,15115.0,-57514.0,8553.0,11998.0
2013-12-17,15930.0,15930.0,-45850.0,22530.0,15115.0,-57514.0,8553.0,11998.0
2013-12-18,15930.0,15930.0,-45850.0,22530.0,15115.0,-57514.0,8553.0,11998.0
2013-12-19,15930.0,15930.0,-45850.0,22530.0,15115.0,-57514.0,8553.0,11998.0
2013-12-20,27923.0,27923.0,-51653.0,15650.0,27512.0,-65500.0,5673.0,11955.0
2013-12-23,27923.0,27923.0,-51653.0,15650.0,27512.0,-65500.0,5673.0,11955.0
2013-12-24,27923.0,27923.0,-51653.0,15650.0,27512.0,-65500.0,5673.0,11955.0
2013-12-25,27923.0,27923.0,-51653.0,15650.0,27512.0,-65500.0,5673.0,11955.0
2013-12-26,27923.0,27923.0,-51653.0,15650.0,27512.0,-65500.0,5673.0,11955.0
2013-12-27,32172.0,32172.0,-54239.0,20178.0,31138.0,-58432.0,6456.0,11920.0
2013-12-30,32172.0,32172.0,-54239.0,20178.0,31138.0,-58432.0,6456.0,11920.0
2013-12-31,32172.0,32172.0,-54239.0,20178.0,31138.0,-58432.0,6456.0,11920.0
2014-01-01,32172.0,32172.0,-54239.0,20178.0,31138.0,-58432.0,6456.0,11920.0
2014-01-02,32172.0,32172.0,-54239.0,20178.0,31138.0,-58432.0,6456.0,11920.0
2014-01-03,30589.0,30589.0,-57414.0,15605.0,27190.0,-57956.0,6707.0,10889.0
2014-01-06,30589.0,30589.0,-57414.0,15605.0,27190.0,-57956.0,6707.0,10889.0
2014-01-07,30589.0,30589.0,-57414.0,15605.0,27190.0,-57956.0,6707.0,10889.0
2014-01-08,30589.0,30589.0,-57414.0,15605.0,27190.0,-57956.0,6707.0,10889.0
2014-01-09,30589.0,30589.0,-57414.0,15605.0,27190.0,-57956.0,6707.0,10889.0
2014-01-10,14498.0,14498.0,-56852.0,17607.0,14370.0,-60542.0,7866.0,4727.0
2014-01-13,14498.0,14498.0,-56852.0,17607.0,14370.0,-60542.0,7866.0,4727.0
2014-01-14,14498.0,14498.0,-56852.0,17607.0,14370.0,-60542.0,7866.0,4727.0
2014-01-15,14498.0,14498.0,-56852.0,17607.0,14370.0,-60542.0,7866.0,4727.0
2014-01-16,14498.0,14498.0,-56852.0,17607.0,14370.0,-60542.0,7866.0,4727.0
2014-01-17,9246.0,9246.0,-51988.0,13717.0,7253.0,-67345.0,9614.0,-2941.0
2014-01-20,9246.0,9246.0,-51988.0,13717.0,7253.0,-67345.0,9614.0,-2941.0
2014-01-21,9246.0,9246.0,-51988.0,13717.0,7253.0,-67345.0,9614.0,-2941.0
2014-01-22,9246.0,9246.0,-51988.0,13717.0,7253.0,-67345.0,9614.0,-2941.0
2014-01-23,9246.0,9246.0,-51988.0,13717.0,7253.0,-67345.0,9614.0,-2941.0
2014-01-24,-3772.0,-3772.0,-64654.0,-3628.0,-4433.0,-70327.0,8556.0,-1921.0
2014-01-27,-3772.0,-3772.0,-64654.0,-3628.0,-4433.0,-70327.0,8556.0,-1921.0
2014-01-28,-3772.0,-3772.0,-64654.0,-3628.0,-4433.0,-70327.0,8556.0,-1921.0
2014-01-29,-3772.0,-3772.0,-64654.0,-3628.0,-4433.0,-70327.0,8556.0,-1921.0
2014-01-30,-3772.0,-3772.0,-64654.0,-3628.0,-4433.0,-70327.0,8556.0,-1921.0
2014-01-31,14347.0,14347.0,-65723.0,-35316.0,11750.0,-62789.0,9685.0,-441.0
2014-02-03,14347.0,14347.0,-65723.0,-35316.0,11750.0,-62789.0,9685.0,-441.0
2014-02-04,14347.0,14347.0,-65723.0,-35316.0,11750.0,-62789.0,9685.0,-441.0
2014-02-05,14347.0,14347.0,-65723.0,-35316.0,11750.0,-62789.0,9685.0,-441.0
2014-02-06,14347.0,14347.0,-65723.0,-35316.0,11750.0,-62789.0,9685.0,-441.0
2014-02-07,-13610.0,-13610.0,-55523.0,-34515.0,-11368.0,-60300.0,8032.0,2220.0
2014-02-10,-13610.0,-13610.0,-55523.0,-34515.0,-11368.0,-60300.0,8032.0,2220.0
2014-02-11,-13610.0,-13610.0,-55523.0,-34515.0,-11368.0,-60300.0,8032.0,2220.0
2014-02-12,-13610.0,-13610.0,-55523.0,-34515.0,-11368.0,-60300.0,8032.0,2220.0
2014-02-13,-13610.0,-13610.0,-55523.0,-34515.0,-11368.0,-60300.0,8032.0,2220.0
2014-02-14,-6929.0,-6929.0,-47403.0,-33940.0,-9038.0,-58928.0,7641.0,555.0
2014-02-17,-6929.0,-6929.0,-47403.0,-33940.0,-9038.0,-58928.0,7641.0,555.0
2014-02-18,-6929.0,-6929.0,-47403.0,-33940.0,-9038.0,-58928.0,7641.0,555.0
2014-02-19,-6929.0,-6929.0,-47403.0,-33940.0,-9038.0,-58928.0,7641.0,555.0
2014-02-20,-6929.0,-6929.0,-47403.0,-33940.0,-9038.0,-58928.0,7641.0,555.0
2014-02-21,8599.0,8599.0,-44398.0,-23312.0,5194.0,-65000.0,8906.0,-2828.0
2014-02-24,8599.0,8599.0,-44398.0,-23312.0,5194.0,-65000.0,8906.0,-2828.0
2014-02-25,8599.0,8599.0,-44398.0,-23312.0,5194.0,-65000.0,8906.0,-2828.0
2014-02-26,8599.0,8599.0,-44398.0,-23312.0,5194.0,-65000.0,8906.0,-2828.0
2014-02-27,8599.0,8599.0,-44398.0,-23312.0,5194.0,-65000.0,8906.0,-2828.0
2014-02-28,13900.0,13900.0,-38991.0,-21569.0,9910.0,-58591.0,10982.0,358.0
2014-03-03,13900.0,13900.0,-38991.0,-21569.0,9910.0,-58591.0,10982.0,358.0
2014-03-04,13900.0,13900.0,-38991.0,-21569.0,9910.0,-58591.0,10982.0,358.0
2014-03-05,13900.0,13900.0,-38991.0,-21569.0,9910.0,-58591.0,10982.0,358.0
2014-03-06,13900.0,13900.0,-38991.0,-21569.0,9910.0,-58591.0,10982.0,358.0
2014-03-07,23452.0,23452.0,-41108.0,-20750.0,20871.0,-61096.0,13432.0,2168.0
2014-03-10,23452.0,23452.0,-41108.0,-20750.0,20871.0,-61096.0,13432.0,2168.0
2014-03-11,23452.0,23452.0,-41108.0,-20750.0,20871.0,-61096.0,13432.0,2168.0
2014-03-12,23452.0,23452.0,-41108.0,-20750.0,20871.0,-61096.0,13432.0,2168.0
2014-03-13,23452.0,23452.0,-41108.0,-20750.0,20871.0,-61096.0,13432.0,2168.0
2014-03-14,36385.0,36385.0,-40850.0,-8247.0,34745.0,-52191.0,14449.0,8957.0
2014-03-17,36385.0,36385.0,-40850.0,-8247.0,34745.0,-52191.0,14449.0,8957.0
2014-03-18,36385.0,36385.0,-40850.0,-8247.0,34745.0,-52191.0,14449.0,8957.0
2014-03-19,36385.0,36385.0,-40850.0,-8247.0,34745.0,-52191.0,14449.0,8957.0
2014-03-20,36385.0,36385.0,-40850.0,-8247.0,34745.0,-52191.0,14449.0,8957.0
2014-03-21,52991.0,52991.0,-24463.0,-1270.0,51840.0,-69805.0,15751.0,15116.0
2014-03-24,52991.0,52991.0,-24463.0,-1270.0,51840.0,-69805.0,15751.0,15116.0
2014-03-25,52991.0,52991.0,-24463.0,-1270.0,51840.0,-69805.0,15751.0,15116.0
2014-03-26,52991.0,52991.0,-24463.0,-1270.0,51840.0,-69805.0,15751.0,15116.0
2014-03-27,52991.0,52991.0,-24463.0,-1270.0,51840.0,-69805.0,15751.0,15116.0
2014-03-28,39634.0,39634.0,-20527.0,-1654.0,40334.0,-33215.0,18213.0,14819.0
2014-03-31,39634.0,39634.0,-20527.0,-1654.0,40334.0,-33215.0,18213.0,14819.0
2014-04-01,39634.0,39634.0,-20527.0,-1654.0,40334.0,-33215.0,18213.0,14819.0
2014-04-02,39634.0,39634.0,-20527.0,-1654.0,40334.0,-33215.0,18213.0,14819.0
2014-04-03,39634.0,39634.0,-20527.0,-1654.0,40334.0,-33215.0,18213.0,14819.0
2014-04-04,33238.0,33238.0,-4880.0,21784.0,34606.0,-36994.0,18480.0,14231.0
2014-04-07,33238.0,33238.0,-4880.0,21784.0,34606.0,-36994.0,18480.0,14231.0
2014-04-08,33238.0,33238.0,-4880.0,21784.0,34606.0,-36994.0,18480.0,14231.0
2014-04-09,33238.0,33238.0,-4880.0,21784.0,34606.0,-36994.0,18480.0,14231.0
2014-04-10,33238.0,33238.0,-4880.0,21784.0,34606.0,-36994.0,18480.0,14231.0
2014-04-11,23300.0,23300.0,3310.0,56501.0,22546.0,-34307.0,19766.0,11335.0
2014-04-14,23300.0,23300.0,3310.0,56501.0,22546.0,-34307.0,19766.0,11335.0
2014-04-15,23300.0,23300.0,3310.0,56501.0,22546.0,-34307.0,19766.0,11335.0
2014-04-16,23300.0,23300.0,3310.0,56501.0,22546.0,-34307.0,19766.0,11335.0
2014-04-17,23300.0,23300.0,3310.0,56501.0,22546.0,-34307.0,19766.0,11335.0
2014-04-18,27688.0,27688.0,8097.0,54237.0,27775.0,-35426.0,19847.0,14066.0
2014-04-21,27688.0,27688.0,8097.0,54237.0,27775.0,-35426.0,19847.0,14066.0
2014-04-22,27688.0,27688.0,8097.0,54237.0,27775.0,-35426.0,19847.0,14066.0
2014-04-23,27688.0,27688.0,8097.0,54237.0,27775.0,-35426.0,19847.0,14066.0
2014-04-24,27688.0,27688.0,8097.0,54237.0,27775.0,-35426.0,19847.0,14066.0
2014-04-25,25774.0,25774.0,16370.0,53511.0,25781.0,-35455.0,20175.0,14023.0
2014-04-28,25774.0,25774.0,16370.0,53511.0,25781.0,-35455.0,20175.0,14023.0
2014-04-29,25774.0,25774.0,16370.0,53511.0,25781.0,-35455.0,20175.0,14023.0
2014-04-30,25774.0,25774.0,16370.0,53511.0,25781.0,-35455.0,20175.0,14023.0
2014-05-01,25774.0,25774.0,16370.0,53511.0,25781.0,-35455.0,20175.0,14023.0
2014-05-02,25734.0,25734.0,10706.0,49618.0,25262.0,-30295.0,18480.0,13703.0
2014-05-05,25734.0,25734.0,10706.0,49618.0,25262.0,-30295.0,18480.0,13703.0
2014-05-06,25734.0,25734.0,10706.0,49618.0,25262.0,-30295.0,18480.0,13703.0
2014-05-07,25734.0,25734.0,10706.0,49618.0,25262.0,-30295.0,18480.0,13703.0
2014-05-08,25734.0,25734.0,10706.0,49618.0,25262.0,-30295.0,18480.0,13703.0
2014-05-09,32551.0,32551.0,8637.0,47884.0,31350.0,-31600.0,20693.0,13184.0
2014-05-12,32551.0,32551.0,8637.0,47884.0,31350.0,-31600.0,20693.0,13184.0
2014-05-13,32551.0,32551.0,8637.0,47884.0,31350.0,-31600.0,20693.0,13184.0
2014-05-14,32551.0,32551.0,8637.0,47884.0,31350.0,-31600.0,20693.0,13184.0
2014-05-15,32551.0,32551.0,8637.0,47884.0,31350.0,-31600.0,20693.0,13184.0
2014-05-16,-2175.0,-2175.0,17127.0,68622.0,-2244.0,-26037.0,19340.0,6806.0
2014-05-19,-2175.0,-2175.0,17127.0,68622.0,-2244.0,-26037.0,19340.0,6806.0
2014-05-20,-2175.0,-2175.0,17127.0,68622.0,-2244.0,-26037.0,19340.0,6806.0
2014-05-21,-2175.0,-2175.0,17127.0,68622.0,-2244.0,-26037.0,19340.0,6806.0
2014-05-22,-2175.0,-2175.0,17127.0,68622.0,-2244.0,-26037.0,19340.0,6806.0
2014-05-23,-9220.0,-9220.0,19462.0,77266.0,-10605.0,-26534.0,17594.0,5019.0
2014-05-26,-9220.0,-9220.0,19462.0,77266.0,-10605.0,-26534.0,17594.0,5019.0
2014-05-27,-9220.0,-9220.0,19462.0,77266.0,-10605.0,-26534.0,17594.0,5019.0
2014-05-28,-9220.0,-9220.0,19462.0,77266.0,-10605.0,-26534.0,17594.0,5019.0
2014-05-29,-9220.0,-9220.0,19462.0,77266.0,-10605.0,-26534.0,17594.0,5019.0
2014-05-30,-16633.0,-16633.0,15848.0,83301.0,-17451.0,-21810.0,17944.0,-3872.0
2014-06-02,-16633.0,-16633.0,15848.0,83301.0,-17451.0,-21810.0,17944.0,-3872.0
2014-06-03,-16633.0,-16633.0,15848.0,83301.0,-17451.0,-21810.0,17944.0,-3872.0
2014-06-04,-16633.0,-16633.0,15848.0,83301.0,-17451.0,-21810.0,17944.0,-3872.0
2014-06-05,-16633.0,-16633.0,15848.0,83301.0,-17451.0,-21810.0,17944.0,-3872.0
2014-06-06,-33025.0,-33025.0,21527.0,86016.0,-32419.0,-22731.0,17531.0,-2012.0
2014-06-09,-33025.0,-33025.0,21527.0,86016.0,-32419.0,-22731.0,17531.0,-2012.0
2014-06-10,-33025.0,-33025.0,21527.0,86016.0,-32419.0,-22731.0,17531.0,-2012.0
2014-06-11,-33025.0,-33025.0,21527.0,86016.0,-32419.0,-22731.0,17531.0,-2012.0
2014-06-12,-33025.0,-33025.0,21527.0,86016.0,-32419.0,-22731.0,17531.0,-2012.0
2014-06-13,-57185.0,-57185.0,28247.0,90203.0,-56400.0,-24108.0,16855.0,-3030.0
2014-06-16,-57185.0,-57185.0,28247.0,90203.0,-56400.0,-24108.0,16855.0,-3030.0
2014-06-17,-57185.0,-57185.0,28247.0,90203.0,-56400.0,-24108.0,16855.0,-3030.0
2014-06-18,-57185.0,-57185.0,28247.0,90203.0,-56400.0,-24108.0,16855.0,-3030.0
2014-06-19,-57185.0,-57185.0,28247.0,90203.0,-56400.0,-24108.0,16855.0,-3030.0
2014-06-20,-61835.0,-61835.0,27029.0,69075.0,-61261.0,-21533.0,3733.0,3520.0
2014-06-23,-61835.0,-61835.0,27029.0,69075.0,-61261.0,-21533.0,3733.0,3520.0
2014-06-24,-61835.0,-61835.0,27029.0,69075.0,-61261.0,-21533.0,3733.0,3520.0
2014-06-25,-61835.0,-61835.0,27029.0,69075.0,-61261.0,-21533.0,3733.0,3520.0
2014-06-26,-61835.0,-61835.0,27029.0,69075.0,-61261.0,-21533.0,3733.0,3520.0
2014-06-27,-57503.0,-57503.0,33463.0,68969.0,-58619.0,-5320.0,6152.0,-5372.0
2014-06-30,-57503.0,-57503.0,33463.0,68969.0,-58619.0,-5320.0,6152.0,-5372.0
2014-07-01,-57503.0,-57503.0,33463.0,68969.0,-58619.0,-5320.0,6152.0,-5372.0
2014-07-02,-57503.0,-57503.0,33463.0,68969.0,-58619.0,-5320.0,6152.0,-5372.0
2014-07-03,-57503.0,-57503.0,33463.0,68969.0,-58619.0,-5320.0,6152.0,-5372.0
2014-07-04,-60776.0,-60776.0,38879.0,69562.0,-61860.0,2695.0,8985.0,-7260.0
2014-07-07,-60776.0,-60776.0,38879.0,69562.0,-61860.0,2695.0,8985.0,-7260.0
2014-07-08,-60776.0,-60776.0,38879.0,69562.0,-61860.0,2695.0,8985.0,-7260.0
2014-07-09,-60776.0,-60776.0,38879.0,69562.0,-61860.0,2695.0,8985.0,-7260.0
2014-07-10,-60776.0,-60776.0,38879.0,69562.0,-61860.0,2695.0,8985.0,-7260.0
2014-07-11,-59265.0,-59265.0,36603.0,68811.0,-61642.0,10295.0,14416.0,-6813.0
2014-07-14,-59265.0,-59265.0,36603.0,68811.0,-61642.0,10295.0,14416.0,-6813.0
2014-07-15,-59265.0,-59265.0,36603.0,68811.0,-61642.0,10295.0,14416.0,-6813.0
2014-07-16,-59265.0,-59265.0,36603.0,68811.0,-61642.0,10295.0,14416.0,-6813.0
2014-07-17,-59265.0,-59265.0,36603.0,68811.0,-61642.0,10295.0,14416.0,-6813.0
2014-07-18,-62846.0,-62846.0,39743.0,69637.0,-64341.0,15621.0,15453.0,-6262.0
2014-07-21,-62846.0,-62846.0,39743.0,69637.0,-64341.0,15621.0,15453.0,-6262.0
2014-07-22,-62846.0,-62846.0,39743.0,69637.0,-64341.0,15621.0,15453.0,-6262.0
2014-07-23,-62846.0,-62846.0,39743.0,69637.0,-64341.0,15621.0,15453.0,-6262.0
2014-07-24,-62846.0,-62846.0,39743.0,69637.0,-64341.0,15621.0,15453.0,-6262.0
2014-07-25,-88823.0,-88823.0,38793.0,79134.0,-90304.0,20581.0,15132.0,-7380.0
2014-07-28,-88823.0,-88823.0,38793.0,79134.0,-90304.0,20581.0,15132.0,-7380.0
2014-07-29,-88823.0,-88823.0,38793.0,79134.0,-90304.0,20581.0,15132.0,-7380.0
2014-07-30,-88823.0,-88823.0,38793.0,79134.0,-90304.0,20581.0,15132.0,-7380.0
2014-07-31,-88823.0,-88823.0,38793.0,79134.0,-90304.0,20581.0,15132.0,-7380.0
2014-08-01,-108075.0,-108075.0,39606.0,77115.0,-110335.0,22691.0,15289.0,-11764.0
2014-08-04,-108075.0,-108075.0,39606.0,77115.0,-110335.0,22691.0,15289.0,-11764.0
2014-08-05,-108075.0,-108075.0,39606.0,77115.0,-110335.0,22691.0,15289.0,-11764.0
2014-08-06,-108075.0,-108075.0,39606.0,77115.0,-110335.0,22691.0,15289.0,-11764.0
2014-08-07,-108075.0,-108075.0,39606.0,77115.0,-110335.0,22691.0,15289.0,-11764.0
2014-08-08,-128747.0,-128747.0,33300.0,32433.0,-133027.0,21455.0,14500.0,-18853.0
2014-08-11,-128747.0,-128747.0,33300.0,32433.0,-133027.0,21455.0,14500.0,-18853.0
2014-08-12,-128747.0,-128747.0,33300.0,32433.0,-133027.0,21455.0,14500.0,-18853.0
2014-08-13,-128747.0,-128747.0,33300.0,32433.0,-133027.0,21455.0,14500.0,-18853.0
2014-08-14,-128747.0,-128747.0,33300.0,32433.0,-133027.0,21455.0,14500.0,-18853.0
2014-08-15,-126017.0,-126017.0,29546.0,-41.0,-131135.0,17998.0,13429.0,-17359.0
2014-08-18,-126017.0,-126017.0,29546.0,-41.0,-131135.0,17998.0,13429.0,-17359.0
2014-08-19,-126017.0,-126017.0,29546.0,-41.0,-131135.0,17998.0,13429.0,-17359.0
2014-08-20,-126017.0,-126017.0,29546.0,-41.0,-131135.0,17998.0,13429.0,-17359.0
2014-08-21,-126017.0,-126017.0,29546.0,-41.0,-131135.0,17998.0,13429.0,-17359.0
2014-08-22,-138825.0,-138825.0,36574.0,12407.0,-142758.0,7281.0,12032.0,-15492.0
2014-08-25,-138825.0,-138825.0,36574.0,12407.0,-142758.0,7281.0,12032.0,-15492.0
2014-08-26,-138825.0,-138825.0,36574.0,12407.0,-142758.0,7281.0,12032.0,-15492.0
2014-08-27,-138825.0,-138825.0,36574.0,12407.0,-142758.0,7281.0,12032.0,-15492.0
2014-08-28,-138825.0,-138825.0,36574.0,12407.0,-142758.0,7281.0,12032.0,-15492.0
2014-08-29,-150657.0,-150657.0,41938.0,36670.0,-153650.0,5663.0,11841.0,-13039.0
2014-09-01,-150657.0,-150657.0,41938.0,36670.0,-153650.0,5663.0,11841.0,-13039.0
2014-09-02,-150657.0,-150657.0,41938.0,36670.0,-153650.0,5663.0,11841.0,-13039.0
2014-09-03,-150657.0,-150657.0,41938.0,36670.0,-153650.0,5663.0,11841.0,-13039.0
2014-09-04,-150657.0,-150657.0,41938.0,36670.0,-153650.0,5663.0,11841.0,-13039.0
2014-09-05,-161423.0,-161423.0,49047.0,39164.0,-165183.0,9191.0,10172.0,-13167.0
2014-09-08,-161423.0,-161423.0,49047.0,39164.0,-165183.0,9191.0,10172.0,-13167.0
2014-09-09,-161423.0,-161423.0,49047.0,39164.0,-165183.0,9191.0,10172.0,-13167.0
2014-09-10,-161423.0,-161423.0,49047.0,39164.0,-165183.0,9191.0,10172.0,-13167.0
2014-09-11,-161423.0,-161423.0,49047.0,39164.0,-165183.0,9191.0,10172.0,-13167.0
2014-09-12,-157505.0,-157505.0,41229.0,38518.0,-159454.0,11630.0,9522.0,-13825.0
2014-09-15,-157505.0,-157505.0,41229.0,38518.0,-159454.0,11630.0,9522.0,-13825.0
2014-09-16,-157505.0,-157505.0,41229.0,38518.0,-159454.0,11630.0,9522.0,-13825.0
2014-09-17,-157505.0,-157505.0,41229.0,38518.0,-159454.0,11630.0,9522.0,-13825.0
2014-09-18,-157505.0,-157505.0,41229.0,38518.0,-159454.0,11630.0,9522.0,-13825.0
2014-09-19,-137149.0,-137149.0,22140.0,22046.0,-141258.0,7544.0,1120.0,-11396.0
2014-09-22,-137149.0,-137149.0,22140.0,22046.0,-141258.0,7544.0,1120.0,-11396.0
2014-09-23,-137149.0,-137149.0,22140.0,22046.0,-141258.0,7544.0,1120.0,-11396.0
2014-09-24,-137149.0,-137149.0,22140.0,22046.0,-141258.0,7544.0,1120.0,-11396.0
2014-09-25,-137149.0,-137149.0,22140.0,22046.0,-141258.0,7544.0,1120.0,-11396.0
2014-09-26,-141965.0,-141965.0,8347.0,10504.0,-143263.0,3064.0,1841.0,-13375.0
2014-09-29,-141965.0,-141965.0,8347.0,10504.0,-143263.0,3064.0,1841.0,-13375.0
2014-09-30,-141965.0,-141965.0,8347.0,10504.0,-143263.0,3064.0,1841.0,-13375.0
2014-10-01,-141965.0,-141965.0,8347.0,10504.0,-143263.0,3064.0,1841.0,-13375.0
2014-10-02,-141965.0,-141965.0,8347.0,10504.0,-143263.0,3064.0,1841.0,-13375.0
2014-10-03,-137525.0,-137525.0,-2017.0,-7314.0,-132517.0,-4566.0,64.0,-12557.0
2014-10-06,-137525.0,-137525.0,-2017.0,-7314.0,-132517.0,-4566.0,64.0,-12557.0
2014-10-07,-137525.0,-137525.0,-2017.0,-7314.0,-132517.0,-4566.0,64.0,-12557.0
2014-10-08,-137525.0,-137525.0,-2017.0,-7314.0,-132517.0,-4566.0,64.0,-12557.0
2014-10-09,-137525.0,-137525.0,-2017.0,-7314.0,-132517.0,-4566.0,64.0,-12557.0
2014-10-10,-146212.0,-146212.0,-26486.0,-7583.0,-144000.0,-7452.0,-100.0,-12419.0
2014-10-13,-146212.0,-146212.0,-26486.0,-7583.0,-144000.0,-7452.0,-100.0,-12419.0
2014-10-14,-146212.0,-146212.0,-26486.0,-7583.0,-144000.0,-7452.0,-100.0,-12419.0
2014-10-15,-146212.0,-146212.0,-26486.0,-7583.0,-144000.0,-7452.0,-100.0,-12419.0
2014-10-16,-146212.0,-146212.0,-26486.0,-7583.0,-144000.0,-7452.0,-100.0,-12419.0
2014-10-17,-155342.0,-155342.0,-30271.0,-5763.0,-155622.0,-16167.0,-2384.0,-17553.0
2014-10-20,-155342.0,-155342.0,-30271.0,-5763.0,-155622.0,-16167.0,-2384.0,-17553.0
2014-10-21,-155342.0,-155342.0,-30271.0,-5763.0,-155622.0,-16167.0,-2384.0,-17553.0
2014-10-22,-155342.0,-155342.0,-30271.0,-5763.0,-155622.0,-16167.0,-2384.0,-17553.0
2014-10-23,-155342.0,-155342.0,-30271.0,-5763.0,-155622.0,-16167.0,-2384.0,-17553.0
2014-10-24,-159371.0,-159371.0,-31509.0,-21124.0,-159344.0,-21534.0,-2332.0,-17862.0
2014-10-27,-159371.0,-159371.0,-31509.0,-21124.0,-159344.0,-21534.0,-2332.0,-17862.0
2014-10-28,-159371.0,-159371.0,-31509.0,-21124.0,-159344.0,-21534.0,-2332.0,-17862.0
2014-10-29,-159371.0,-159371.0,-31509.0,-21124.0,-159344.0,-21534.0,-2332.0,-17862.0
2014-10-30,-159371.0,-159371.0,-31509.0,-21124.0,-159344.0,-21534.0,-2332.0,-17862.0
2014-10-31,-165707.0,-165707.0,-33851.0,-26843.0,-163419.0,-21405.0,-3898.0,-20283.0
2014-11-03,-165707.0,-165707.0,-33851.0,-26843.0,-163419.0,-21405.0,-3898.0,-20283.0
2014-11-04,-165707.0,-165707.0,-33851.0,-26843.0,-163419.0,-21405.0,-3898.0,-20283.0
2014-11-05,-165707.0,-165707.0,-33851.0,-26843.0,-163419.0,-21405.0,-3898.0,-20283.0
2014-11-06,-165707.0,-165707.0,-33851.0,-26843.0,-163419.0,-21405.0,-3898.0,-20283.0
2014-11-07,-179021.0,-179021.0,-38268.0,-26590.0,-169718.0,-19415.0,-4109.0,-20221.0
2014-11-10,-179021.0,-179021.0,-38268.0,-26590.0,-169718.0,-19415.0,-4109.0,-20221.0
2014-11-11,-179021.0,-179021.0,-38268.0,-26590.0,-169718.0,-19415.0,-4109.0,-20221.0
2014-11-12,-179021.0,-179021.0,-38268.0,-26590.0,-169718.0,-19415.0,-4109.0,-20221.0
2014-11-13,-179021.0,-179021.0,-38268.0,-26590.0,-169718.0,-19415.0,-4109.0,-20221.0
2014-11-14,-163893.0,-163893.0,-38027.0,-29674.0,-162216.0,-21846.0,-989.0,-22675.0
2014-11-17,-163893.0,-163893.0,-38027.0,-29674.0,-162216.0,-21846.0,-989.0,-22675.0
2014-11-18,-163893.0,-163893.0,-38027.0,-29674.0,-162216.0,-21846.0,-989.0,-22675.0
2014-11-19,-163893.0,-163893.0,-38027.0,-29674.0,-162216.0,-21846.0,-989.0,-22675.0
2014-11-20,-163893.0,-163893.0,-38027.0,-29674.0,-162216.0,-21846.0,-989.0,-22675.0
2014-11-21,-168730.0,-168730.0,-37602.0,-29034.0,-167128.0,-19517.0,-1247.0,-22116.0
2014-11-24,-168730.0,-168730.0,-37602.0,-29034.0,-167128.0,-19517.0,-1247.0,-22116.0
2014-11-25,-168730.0,-168730.0,-37602.0,-29034.0,-167128.0,-19517.0,-1247.0,-22116.0
2014-11-26,-168730.0,-168730.0,-37602.0,-29034.0,-167128.0,-19517.0,-1247.0,-22116.0
2014-11-27,-168730.0,-168730.0,-37602.0,-29034.0,-167128.0,-19517.0,-1247.0,-22116.0
2014-11-28,-165080.0,-165080.0,-44088.0,-32552.0,-160314.0,-16341.0,-2294.0,-23424.0
2014-12-01,-165080.0,-165080.0,-44088.0,-32552.0,-160314.0,-16341.0,-2294.0,-23424.0
2014-12-02,-165080.0,-165080.0,-44088.0,-32552.0,-160314.0,-16341.0,-2294.0,-23424.0
2014-12-03,-165080.0,-165080.0,-44088.0,-32552.0,-160314.0,-16341.0,-2294.0,-23424.0
2014-12-04,-165080.0,-165080.0,-44088.0,-32552.0,-160314.0,-16341.0,-2294.0,-23424.0
2014-12-05,-159279.0,-159279.0,-41110.0,-43004.0,-151500.0,-18389.0,-1680.0,-22922.0
2014-12-08,-159279.0,-159279.0,-41110.0,-43004.0,-151500.0,-18389.0,-1680.0,-22922.0
2014-12-09,-159279.0,-159279.0,-41110.0,-43004.0,-151500.0,-18389.0,-1680.0,-22922.0
2014-12-10,-159279.0,-159279.0,-41110.0,-43004.0,-151500.0,-18389.0,-1680.0,-22922.0
2014-12-11,-159279.0,-159279.0,-41110.0,-43004.0,-151500.0,-18389.0,-1680.0,-22922.0
2014-12-12,-136912.0,-136912.0,-45013.0,-48594.0,-133297.0,-14362.0,-2295.0,-22097.0
2014-12-15,-136912.0,-136912.0,-45013.0,-48594.0,-133297.0,-14362.0,-2295.0,-22097.0
2014-12-16,-136912.0,-136912.0,-45013.0,-48594.0,-133297.0,-14362.0,-2295.0,-22097.0
2014-12-17,-136912.0,-136912.0,-45013.0,-48594.0,-133297.0,-14362.0,-2295.0,-22097.0
2014-12-18,-136912.0,-136912.0,-45013.0,-48594.0,-133297.0,-14362.0,-2295.0,-22097.0
2014-12-19,-126655.0,-126655.0,-34253.0,-52756.0,-122141.0,-15694.0,-639.0,-3655.0
2014-12-22,-126655.0,-126655.0,-34253.0,-52756.0,-122141.0,-15694.0,-639.0,-3655.0
2014-12-23,-126655.0,-126655.0,-34253.0,-52756.0,-122141.0,-15694.0,-639.0,-3655.0
2014-12-24,-126655.0,-126655.0,-34253.0,-52756.0,-122141.0,-15694.0,-639.0,-3655.0
2014-12-25,-126655.0,-126655.0,-34253.0,-52756.0,-122141.0,-15694.0,-639.0,-3655.0
2014-12-26,-146604.0,-146604.0,-39236.0,-63370.0,-139107.0,-12187.0,-1408.0,-16846.0
2014-12-29,-146604.0,-146604.0,-39236.0,-63370.0,-139107.0,-12187.0,-1408.0,-16846.0
2014-12-30,-146604.0,-146604.0,-39236.0,-63370.0,-139107.0,-12187.0,-1408.0,-16846.0
2014-12-31,-146604.0,-146604.0,-39236.0,-63370.0,-139107.0,-12187.0,-1408.0,-16846.0
2015-01-01,-146604.0,-146604.0,-39236.0,-63370.0,-139107.0,-12187.0,-1408.0,-16846.0
2015-01-02,-152219.0,-152219.0,-40697.0,-63805.0,-143301.0,-14033.0,-1846.0,-16545.0
2015-01-05,-152219.0,-152219.0,-40697.0,-63805.0,-143301.0,-14033.0,-1846.0,-16545.0
2015-01-06,-152219.0,-152219.0,-40697.0,-63805.0,-143301.0,-14033.0,-1846.0,-16545.0
2015-01-07,-152219.0,-152219.0,-40697.0,-63805.0,-143301.0,-14033.0,-1846.0,-16545.0
2015-01-08,-152219.0,-152219.0,-40697.0,-63805.0,-143301.0,-14033.0,-1846.0,-16545.0
2015-01-09,-161040.0,-161040.0,-48652.0,-64451.0,-153137.0,-17087.0,-907.0,-24171.0
2015-01-12,-161040.0,-161040.0,-48652.0,-64451.0,-153137.0,-17087.0,-907.0,-24171.0
2015-01-13,-161040.0,-161040.0,-48652.0,-64451.0,-153137.0,-17087.0,-907.0,-24171.0
2015-01-14,-161040.0,-161040.0,-48652.0,-64451.0,-153137.0,-17087.0,-907.0,-24171.0
2015-01-15,-161040.0,-161040.0,-48652.0,-64451.0,-153137.0,-17087.0,-907.0,-24171.0
2015-01-16,-167851.0,-167851.0,-45365.0,-54295.0,-167233.0,-21179.0,-1776.0,-26444.0
2015-01-19,-167851.0,-167851.0,-45365.0,-54295.0,-167233.0,-21179.0,-1776.0,-26444.0
2015-01-20,-167851.0,-167851.0,-45365.0,-54295.0,-167233.0,-21179.0,-1776.0,-26444.0
2015-01-21,-167851.0,-167851.0,-45365.0,-54295.0,-167233.0,-21179.0,-1776.0,-26444.0
2015-01-22,-167851.0,-167851.0,-45365.0,-54295.0,-167233.0,-21179.0,-1776.0,-26444.0
2015-01-23,-180730.0,-180730.0,-46580.0,-46263.0,-176490.0,-29080.0,-1817.0,-9809.0
2015-01-26,-180730.0,-180730.0,-46580.0,-46263.0,-176490.0,-29080.0,-1817.0,-9809.0
2015-01-27,-180730.0,-180730.0,-46580.0,-46263.0,-176490.0,-29080.0,-1817.0,-9809.0
2015-01-28,-180730.0,-180730.0,-46580.0,-46263.0,-176490.0,-29080.0,-1817.0,-9809.0
2015-01-29,-180730.0,-180730.0,-46580.0,-46263.0,-176490.0,-29080.0,-1817.0,-9809.0
2015-01-30,-184745.0,-184745.0,-48943.0,-44573.0,-177296.0,-23963.0,-3659.0,-7373.0
2015-02-02,-184745.0,-184745.0,-48943.0,-44573.0,-177296.0,-23963.0,-3659.0,-7373.0
2015-02-03,-184745.0,-184745.0,-48943.0,-44573.0,-177296.0,-23963.0,-3659.0,-7373.0
2015-02-04,-184745.0,-184745.0,-48943.0,-44573.0,-177296.0,-23963.0,-3659.0,-7373.0
2015-02-05,-184745.0,-184745.0,-48943.0,-44573.0,-177296.0,-23963.0,-3659.0,-7373.0
2015-02-06,-196309.0,-196309.0,-56159.0,-48237.0,-188728.0,-27321.0,-4497.0,-5350.0
2015-02-09,-196309.0,-196309.0,-56159.0,-48237.0,-188728.0,-27321.0,-4497.0,-5350.0
2015-02-10,-196309.0,-196309.0,-56159.0,-48237.0,-188728.0,-27321.0,-4497.0,-5350.0
2015-02-11,-196309.0,-196309.0,-56159.0,-48237.0,-188728.0,-27321.0,-4497.0,-5350.0
2015-02-12,-196309.0,-196309.0,-56159.0,-48237.0,-188728.0,-27321.0,-4497.0,-5350.0
2015-02-13,-194641.0,-194641.0,-53182.0,-49235.0,-186893.0,-33333.0,-6200.0,-5486.0
2015-02-16,-194641.0,-194641.0,-53182.0,-49235.0,-186893.0,-33333.0,-6200.0,-5486.0
2015-02-17,-194641.0,-194641.0,-53182.0,-49235.0,-186893.0,-33333.0,-6200.0,-5486.0
2015-02-18,-194641.0,-194641.0,-53182.0,-49235.0,-186893.0,-33333.0,-6200.0,-5486.0
2015-02-19,-194641.0,-194641.0,-53182.0,-49235.0,-186893.0,-33333.0,-6200.0,-5486.0
2015-02-20,-185582.0,-185582.0,-53831.0,-45445.0,-179174.0,-32842.0,-5753.0,-6044.0
2015-02-23,-185582.0,-185582.0,-53831.0,-45445.0,-179174.0,-32842.0,-5753.0,-6044.0
2015-02-24,-185582.0,-185582.0,-53831.0,-45445.0,-179174.0,-32842.0,-5753.0,-6044.0
2015-02-25,-185582.0,-185582.0,-53831.0,-45445.0,-179174.0,-32842.0,-5753.0,-6044.0
2015-02-26,-185582.0,-185582.0,-53831.0,-45445.0,-179174.0,-32842.0,-5753.0,-6044.0
2015-02-27,-177736.0,-177736.0,-63154.0,-48344.0,-173501.0,-36245.0,-4330.0,-5085.0
2015-03-02,-177736.0,-177736.0,-63154.0,-48344.0,-173501.0,-36245.0,-4330.0,-5085.0
2015-03-03,-177736.0,-177736.0,-63154.0,-48344.0,-173501.0,-36245.0,-4330.0,-5085.0
2015-03-04,-177736.0,-177736.0,-63154.0,-48344.0,-173501.0,-36245.0,-4330.0,-5085.0
2015-03-05,-177736.0,-177736.0,-63154.0,-48344.0,-173501.0,-36245.0,-4330.0,-5085.0
2015-03-06,-172389.0,-172389.0,-61545.0,-43407.0,-172974.0,-38863.0,-1367.0,-6062.0
2015-03-09,-172389.0,-172389.0,-61545.0,-43407.0,-172974.0,-38863.0,-1367.0,-6062.0
2015-03-10,-172389.0,-172389.0,-61545.0,-43407.0,-172974.0,-38863.0,-1367.0,-6062.0
2015-03-11,-172389.0,-172389.0,-61545.0,-43407.0,-172974.0,-38863.0,-1367.0,-6062.0
2015-03-12,-172389.0,-172389.0,-61545.0,-43407.0,-172974.0,-38863.0,-1367.0,-6062.0
2015-03-13,-181073.0,-181073.0,-76851.0,-35647.0,-185661.0,-39030.0,-2480.0,-8380.0
2015-03-16,-181073.0,-181073.0,-76851.0,-35647.0,-185661.0,-39030.0,-2480.0,-8380.0
2015-03-17,-181073.0,-181073.0,-76851.0,-35647.0,-185661.0,-39030.0,-2480.0,-8380.0
2015-03-18,-181073.0,-181073.0,-76851.0,-35647.0,-185661.0,-39030.0,-2480.0,-8380.0
2015-03-19,-181073.0,-181073.0,-76851.0,-35647.0,-185661.0,-39030.0,-2480.0,-8380.0
2015-03-20,-193774.0,-193774.0,-28807.0,-55939.0,-201135.0,-32822.0,-1141.0,2235.0
2015-03-23,-193774.0,-193774.0,-28807.0,-55939.0,-201135.0,-32822.0,-1141.0,2235.0
2015-03-24,-193774.0,-193774.0,-28807.0,-55939.0,-201135.0,-32822.0,-1141.0,2235.0
2015-03-25,-193774.0,-193774.0,-28807.0,-55939.0,-201135.0,-32822.0,-1141.0,2235.0
2015-03-26,-193774.0,-193774.0,-28807.0,-55939.0,-201135.0,-32822.0,-1141.0,2235.0
2015-03-27,-220963.0,-220963.0,-28368.0,-41100.0,-220835.0,-32656.0,-866.0,-3955.0
2015-03-30,-220963.0,-220963.0,-28368.0,-41100.0,-220835.0,-32656.0,-866.0,-3955.0
2015-03-31,-220963.0,-220963.0,-28368.0,-41100.0,-220835.0,-32656.0,-866.0,-3955.0
2015-04-01,-220963.0,-220963.0,-28368.0,-41100.0,-220835.0,-32656.0,-866.0,-3955.0
2015-04-02,-220963.0,-220963.0,-28368.0,-41100.0,-220835.0,-32656.0,-866.0,-3955.0
2015-04-03,-226560.0,-226560.0,-24356.0,-30289.0,-225776.0,-29618.0,4031.0,706.0
2015-04-06,-226560.0,-226560.0,-24356.0,-30289.0,-225776.0,-29618.0,4031.0,706.0
2015-04-07,-226560.0,-226560.0,-24356.0,-30289.0,-225776.0,-29618.0,4031.0,706.0
2015-04-08,-226560.0,-226560.0,-24356.0,-30289.0,-225776.0,-29618.0,4031.0,706.0
2015-04-09,-226560.0,-226560.0,-24356.0,-30289.0,-225776.0,-29618.0,4031.0,706.0
2015-04-10,-215258.0,-215258.0,-40281.0,-22925.0,-212431.0,-30019.0,5778.0,120.0
2015-04-13,-215258.0,-215258.0,-40281.0,-22925.0,-212431.0,-30019.0,5778.0,120.0
2015-04-14,-215258.0,-215258.0,-40281.0,-22925.0,-212431.0,-30019.0,5778.0,120.0
2015-04-15,-215258.0,-215258.0,-40281.0,-22925.0,-212431.0,-30019.0,5778.0,120.0
2015-04-16,-215258.0,-215258.0,-40281.0,-22925.0,-212431.0,-30019.0,5778.0,120.0
2015-04-17,-212347.0,-212347.0,-42433.0,8361.0,-210427.0,-30578.0,6003.0,170.0
2015-04-20,-212347.0,-212347.0,-42433.0,8361.0,-210427.0,-30578.0,6003.0,170.0
2015-04-21,-212347.0,-212347.0,-42433.0,8361.0,-210427.0,-30578.0,6003.0,170.0
2015-04-22,-212347.0,-212347.0,-42433.0,8361.0,-210427.0,-30578.0,6003.0,170.0
2015-04-23,-212347.0,-212347.0,-42433.0,8361.0,-210427.0,-30578.0,6003.0,170.0
2015-04-24,-214645.0,-214645.0,-34663.0,-13675.0,-214505.0,-27051.0,8488.0,335.0
2015-04-27,-214645.0,-214645.0,-34663.0,-13675.0,-214505.0,-27051.0,8488.0,335.0
2015-04-28,-214645.0,-214645.0,-34663.0,-13675.0,-214505.0,-27051.0,8488.0,335.0
2015-04-29,-214645.0,-214645.0,-34663.0,-13675.0,-214505.0,-27051.0,8488.0,335.0
2015-04-30,-214645.0,-214645.0,-34663.0,-13675.0,-214505.0,-27051.0,8488.0,335.0
2015-05-01,-197766.0,-197766.0,-27405.0,-23391.0,-196176.0,-20909.0,10180.0,1335.0
2015-05-04,-197766.0,-197766.0,-27405.0,-23391.0,-196176.0,-20909.0,10180.0,1335.0
2015-05-05,-197766.0,-197766.0,-27405.0,-23391.0,-196176.0,-20909.0,10180.0,1335.0
2015-05-06,-197766.0,-197766.0,-27405.0,-23391.0,-196176.0,-20909.0,10180.0,1335.0
2015-05-07,-197766.0,-197766.0,-27405.0,-23391.0,-196176.0,-20909.0,10180.0,1335.0
2015-05-08,-190127.0,-190127.0,626.0,-50116.0,-186537.0,-10080.0,9064.0,5331.0
2015-05-11,-190127.0,-190127.0,626.0,-50116.0,-186537.0,-10080.0,9064.0,5331.0
2015-05-12,-190127.0,-190127.0,626.0,-50116.0,-186537.0,-10080.0,9064.0,5331.0
2015-05-13,-190127.0,-190127.0,626.0,-50116.0,-186537.0,-10080.0,9064.0,5331.0
2015-05-14,-190127.0,-190127.0,626.0,-50116.0,-186537.0,-10080.0,9064.0,5331.0
2015-05-15,-178976.0,-178976.0,4487.0,-27039.0,-174978.0,-3982.0,1770.0,10550.0
2015-05-18,-178976.0,-178976.0,4487.0,-27039.0,-174978.0,-3982.0,1770.0,10550.0
2015-05-19,-178976.0,-178976.0,4487.0,-27039.0,-174978.0,-3982.0,1770.0,10550.0
2015-05-20,-178976.0,-178976.0,4487.0,-27039.0,-174978.0,-3982.0,1770.0,10550.0
2015-05-21,-178976.0,-178976.0,4487.0,-27039.0,-174978.0,-3982.0,1770.0,10550.0
2015-05-22,-168339.0,-168339.0,7323.0,-31331.0,-162114.0,4348.0,-2231.0,9405.0
2015-05-25,-168339.0,-168339.0,7323.0,-31331.0,-162114.0,4348.0,-2231.0,9405.0
2015-05-26,-168339.0,-168339.0,7323.0,-31331.0,-162114.0,4348.0,-2231.0,9405.0
2015-05-27,-168339.0,-168339.0,7323.0,-31331.0,-162114.0,4348.0,-2231.0,9405.0
2015-05-28,-168339.0,-168339.0,7323.0,-31331.0,-162114.0,4348.0,-2231.0,9405.0
2015-05-29,-171740.0,-171740.0,6422.0,-32516.0,-168742.0,7333.0,-5087.0,8330.0
2015-06-01,-171740.0,-171740.0,6422.0,-32516.0,-168742.0,7333.0,-5087.0,8330.0
2015-06-02,-171740.0,-171740.0,6422.0,-32516.0,-168742.0,7333.0,-5087.0,8330.0
2015-06-03,-171740.0,-171740.0,6422.0,-32516.0,-168742.0,7333.0,-5087.0,8330.0
2015-06-04,-171740.0,-171740.0,6422.0,-32516.0,-168742.0,7333.0,-5087.0,8330.0
2015-06-05,-165512.0,-165512.0,-13256.0,-45127.0,-162336.0,-1025.0,-10539.0,8359.0
2015-06-08,-165512.0,-165512.0,-13256.0,-45127.0,-162336.0,-1025.0,-10539.0,8359.0
2015-06-09,-165512.0,-165512.0,-13256.0,-45127.0,-162336.0,-1025.0,-10539.0,8359.0
2015-06-10,-165512.0,-165512.0,-13256.0,-45127.0,-162336.0,-1025.0,-10539.0,8359.0
2015-06-11,-165512.0,-165512.0,-13256.0,-45127.0,-162336.0,-1025.0,-10539.0,8359.0
2015-06-12,-137974.0,-137974.0,-14027.0,-51132.0,-137375.0,-13745.0,-11795.0,10129.0
2015-06-15,-137974.0,-137974.0,-14027.0,-51132.0,-137375.0,-13745.0,-11795.0,10129.0
2015-06-16,-137974.0,-137974.0,-14027.0,-51132.0,-137375.0,-13745.0,-11795.0,10129.0
2015-06-17,-137974.0,-137974.0,-14027.0,-51132.0,-137375.0,-13745.0,-11795.0,10129.0
2015-06-18,-137974.0,-137974.0,-14027.0,-51132.0,-137375.0,-13745.0,-11795.0,10129.0
2015-06-19,-89357.0,-89357.0,-4048.0,-52490.0,-87985.0,-12281.0,-9168.0,5358.0
2015-06-22,-89357.0,-89357.0,-4048.0,-52490.0,-87985.0,-12281.0,-9168.0,5358.0
2015-06-23,-89357.0,-89357.0,-4048.0,-52490.0,-87985.0,-12281.0,-9168.0,5358.0
2015-06-24,-89357.0,-89357.0,-4048.0,-52490.0,-87985.0,-12281.0,-9168.0,5358.0
2015-06-25,-89357.0,-89357.0,-4048.0,-52490.0,-87985.0,-12281.0,-9168.0,5358.0
2015-06-26,-99306.0,-99306.0,-9052.0,-27867.0,-98353.0,-17579.0,-13563.0,7072.0
2015-06-29,-99306.0,-99306.0,-9052.0,-27867.0,-98353.0,-17579.0,-13563.0,7072.0
2015-06-30,-99306.0,-99306.0,-9052.0,-27867.0,-98353.0,-17579.0,-13563.0,7072.0
2015-07-01,-99306.0,-99306.0,-9052.0,-27867.0,-98353.0,-17579.0,-13563.0,7072.0
2015-07-02,-99306.0,-99306.0,-9052.0,-27867.0,-98353.0,-17579.0,-13563.0,7072.0
2015-07-03,-100035.0,-100035.0,-12031.0,-38759.0,-99189.0,-23450.0,-16066.0,6855.0
2015-07-06,-100035.0,-100035.0,-12031.0,-38759.0,-99189.0,-23450.0,-16066.0,6855.0
2015-07-07,-100035.0,-100035.0,-12031.0,-38759.0,-99189.0,-23450.0,-16066.0,6855.0
2015-07-08,-100035.0,-100035.0,-12031.0,-38759.0,-99189.0,-23450.0,-16066.0,6855.0
2015-07-09,-100035.0,-100035.0,-12031.0,-38759.0,-99189.0,-23450.0,-16066.0,6855.0
2015-07-10,-99266.0,-99266.0,-22197.0,-72415.0,-100014.0,-32268.0,-18348.0,6121.0
2015-07-13,-99266.0,-99266.0,-22197.0,-72415.0,-100014.0,-32268.0,-18348.0,6121.0
2015-07-14,-99266.0,-99266.0,-22197.0,-72415.0,-100014.0,-32268.0,-18348.0,6121.0
2015-07-15,-99266.0,-99266.0,-22197.0,-72415.0,-100014.0,-32268.0,-18348.0,6121.0
2015-07-16,-99266.0,-99266.0,-22197.0,-72415.0,-100014.0,-32268.0,-18348.0,6121.0
2015-07-17,-107781.0,-107781.0,-33541.0,-72718.0,-107535.0,-40726.0,-19654.0,3081.0
2015-07-20,-107781.0,-107781.0,-33541.0,-72718.0,-107535.0,-40726.0,-19654.0,3081.0
2015-07-21,-107781.0,-107781.0,-33541.0,-72718.0,-107535.0,-40726.0,-19654.0,3081.0
2015-07-22,-107781.0,-107781.0,-33541.0,-72718.0,-107535.0,-40726.0,-19654.0,3081.0
2015-07-23,-107781.0,-107781.0,-33541.0,-72718.0,-107535.0,-40726.0,-19654.0,3081.0
2015-07-24,-112976.0,-112976.0,-40850.0,-81424.0,-113786.0,-43568.0,-15954.0,3417.0
2015-07-27,-112976.0,-112976.0,-40850.0,-81424.0,-113786.0,-43568.0,-15954.0,3417.0
2015-07-28,-112976.0,-112976.0,-40850.0,-81424.0,-113786.0,-43568.0,-15954.0,3417.0
2015-07-29,-112976.0,-112976.0,-40850.0,-81424.0,-113786.0,-43568.0,-15954.0,3417.0
2015-07-30,-112976.0,-112976.0,-40850.0,-81424.0,-113786.0,-43568.0,-15954.0,3417.0
2015-07-31,-104008.0,-104008.0,-50659.0,-88843.0,-103877.0,-56067.0,-12765.0,124.0
2015-08-03,-104008.0,-104008.0,-50659.0,-88843.0,-103877.0,-56067.0,-12765.0,124.0
2015-08-04,-104008.0,-104008.0,-50659.0,-88843.0,-103877.0,-56067.0,-12765.0,124.0
2015-08-05,-104008.0,-104008.0,-50659.0,-88843.0,-103877.0,-56067.0,-12765.0,124.0
2015-08-06,-104008.0,-104008.0,-50659.0,-88843.0,-103877.0,-56067.0,-12765.0,124.0
2015-08-07,-113394.0,-113394.0,-49412.0,-82048.0,-112008.0,-64180.0,-11899.0,-1466.0
2015-08-10,-113394.0,-113394.0,-49412.0,-82048.0,-112008.0,-64180.0,-11899.0,-1466.0
2015-08-11,-113394.0,-113394.0,-49412.0,-82048.0,-112008.0,-64180.0,-11899.0,-1466.0
2015-08-12,-113394.0,-113394.0,-49412.0,-82048.0,-112008.0,-64180.0,-11899.0,-1466.0
2015-08-13,-113394.0,-113394.0,-49412.0,-82048.0,-112008.0,-64180.0,-11899.0,-1466.0
2015-08-14,-115210.0,-115210.0,-51270.0,-70569.0,-110192.0,-67405.0,-10572.0,-7012.0
2015-08-17,-115210.0,-115210.0,-51270.0,-70569.0,-110192.0,-67405.0,-10572.0,-7012.0
2015-08-18,-115210.0,-115210.0,-51270.0,-70569.0,-110192.0,-67405.0,-10572.0,-7012.0
2015-08-19,-115210.0,-115210.0,-51270.0,-70569.0,-110192.0,-67405.0,-10572.0,-7012.0
2015-08-20,-115210.0,-115210.0,-51270.0,-70569.0,-110192.0,-67405.0,-10572.0,-7012.0
2015-08-21,-92732.0,-92732.0,-49883.0,-60427.0,-89184.0,-66794.0,-9957.0,-9868.0
2015-08-24,-92732.0,-92732.0,-49883.0,-60427.0,-89184.0,-66794.0,-9957.0,-9868.0
2015-08-25,-92732.0,-92732.0,-49883.0,-60427.0,-89184.0,-66794.0,-9957.0,-9868.0
2015-08-26,-92732.0,-92732.0,-49883.0,-60427.0,-89184.0,-66794.0,-9957.0,-9868.0
2015-08-27,-92732.0,-92732.0,-49883.0,-60427.0,-89184.0,-66794.0,-9957.0,-9868.0
2015-08-28,-66078.0,-66078.0,-63727.0,-83053.0,-59250.0,-59712.0,-6063.0,-12597.0
2015-08-31,-66078.0,-66078.0,-63727.0,-83053.0,-59250.0,-59712.0,-6063.0,-12597.0
2015-09-01,-66078.0,-66078.0,-63727.0,-83053.0,-59250.0,-59712.0,-6063.0,-12597.0
2015-09-02,-66078.0,-66078.0,-63727.0,-83053.0,-59250.0,-59712.0,-6063.0,-12597.0
2015-09-03,-66078.0,-66078.0,-63727.0,-83053.0,-59250.0,-59712.0,-6063.0,-12597.0
2015-09-04,-67857.0,-67857.0,-55732.0,-76937.0,-59691.0,-55119.0,-8279.0,-8503.0
2015-09-07,-67857.0,-67857.0,-55732.0,-76937.0,-59691.0,-55119.0,-8279.0,-8503.0
2015-09-08,-67857.0,-67857.0,-55732.0,-76937.0,-59691.0,-55119.0,-8279.0,-8503.0
2015-09-09,-67857.0,-67857.0,-55732.0,-76937.0,-59691.0,-55119.0,-8279.0,-8503.0
2015-09-10,-67857.0,-67857.0,-55732.0,-76937.0,-59691.0,-55119.0,-8279.0,-8503.0
2015-09-11,-81241.0,-81241.0,-53316.0,-70951.0,-74147.0,-48640.0,-11820.0,-6896.0
2015-09-14,-81241.0,-81241.0,-53316.0,-70951.0,-74147.0,-48640.0,-11820.0,-6896.0
2015-09-15,-81241.0,-81241.0,-53316.0,-70951.0,-74147.0,-48640.0,-11820.0,-6896.0
2015-09-16,-81241.0,-81241.0,-53316.0,-70951.0,-74147.0,-48640.0,-11820.0,-6896.0
2015-09-17,-81241.0,-81241.0,-53316.0,-70951.0,-74147.0,-48640.0,-11820.0,-6896.0
2015-09-18,-84202.0,-84202.0,-40729.0,-55285.0,-77478.0,-47083.0,-2094.0,3782.0
2015-09-21,-84202.0,-84202.0,-40729.0,-55285.0,-77478.0,-47083.0,-2094.0,3782.0
2015-09-22,-84202.0,-84202.0,-40729.0,-55285.0,-77478.0,-47083.0,-2094.0,3782.0
2015-09-23,-84202.0,-84202.0,-40729.0,-55285.0,-77478.0,-47083.0,-2094.0,3782.0
2015-09-24,-84202.0,-84202.0,-40729.0,-55285.0,-77478.0,-47083.0,-2094.0,3782.0
2015-09-25,-81033.0,-81033.0,-52832.0,-12356.0,-74849.0,-38394.0,-3529.0,-1876.0
2015-09-28,-81033.0,-81033.0,-52832.0,-12356.0,-74849.0,-38394.0,-3529.0,-1876.0
2015-09-29,-81033.0,-81033.0,-52832.0,-12356.0,-74849.0,-38394.0,-3529.0,-1876.0
2015-09-30,-81033.0,-81033.0,-52832.0,-12356.0,-74849.0,-38394.0,-3529.0,-1876.0
2015-10-01,-81033.0,-81033.0,-52832.0,-12356.0,-74849.0,-38394.0,-3529.0,-1876.0
2015-10-02,-87660.0,-87660.0,-48865.0,-44451.0,-80111.0,-42235.0,-3062.0,-2715.0
2015-10-05,-87660.0,-87660.0,-48865.0,-44451.0,-80111.0,-42235.0,-3062.0,-2715.0
2015-10-06,-87660.0,-87660.0,-48865.0,-44451.0,-80111.0,-42235.0,-3062.0,-2715.0
2015-10-07,-87660.0,-87660.0,-48865.0,-44451.0,-80111.0,-42235.0,-3062.0,-2715.0
2015-10-08,-87660.0,-87660.0,-48865.0,-44451.0,-80111.0,-42235.0,-3062.0,-2715.0
2015-10-09,-88810.0,-88810.0,-40839.0,-5243.0,-81441.0,-35010.0,-971.0,-3970.0
2015-10-12,-88810.0,-88810.0,-40839.0,-5243.0,-81441.0,-35010.0,-971.0,-3970.0
2015-10-13,-88810.0,-88810.0,-40839.0,-5243.0,-81441.0,-35010.0,-971.0,-3970.0
2015-10-14,-88810.0,-88810.0,-40839.0,-5243.0,-81441.0,-35010.0,-971.0,-3970.0
2015-10-15,-88810.0,-88810.0,-40839.0,-5243.0,-81441.0,-35010.0,-971.0,-3970.0
2015-10-16,-80576.0,-80576.0,-33705.0,-4143.0,-72673.0,-33949.0,692.0,-2352.0
2015-10-19,-80576.0,-80576.0,-33705.0,-4143.0,-72673.0,-33949.0,692.0,-2352.0
2015-10-20,-80576.0,-80576.0,-33705.0,-4143.0,-72673.0,-33949.0,692.0,-2352.0
2015-10-21,-80576.0,-80576.0,-33705.0,-4143.0,-72673.0,-33949.0,692.0,-2352.0
2015-10-22,-80576.0,-80576.0,-33705.0,-4143.0,-72673.0,-33949.0,692.0,-2352.0
2015-10-23,-62566.0,-62566.0,-38412.0,-616.0,-56140.0,-27112.0,3759.0,625.0
2015-10-26,-62566.0,-62566.0,-38412.0,-616.0,-56140.0,-27112.0,3759.0,625.0
2015-10-27,-62566.0,-62566.0,-38412.0,-616.0,-56140.0,-27112.0,3759.0,625.0
2015-10-28,-62566.0,-62566.0,-38412.0,-616.0,-56140.0,-27112.0,3759.0,625.0
2015-10-29,-62566.0,-62566.0,-38412.0,-616.0,-56140.0,-27112.0,3759.0,625.0
2015-10-30,-105934.0,-105934.0,-36352.0,-83.0,-96589.0,-18895.0,5589.0,1499.0
2015-11-02,-105934.0,-105934.0,-36352.0,-83.0,-96589.0,-18895.0,5589.0,1499.0
2015-11-03,-105934.0,-105934.0,-36352.0,-83.0,-96589.0,-18895.0,5589.0,1499.0
2015-11-04,-105934.0,-105934.0,-36352.0,-83.0,-96589.0,-18895.0,5589.0,1499.0
2015-11-05,-105934.0,-105934.0,-36352.0,-83.0,-96589.0,-18895.0,5589.0,1499.0
2015-11-06,-134334.0,-134334.0,-38625.0,-735.0,-122620.0,-19491.0,6618.0,-7035.0
2015-11-09,-134334.0,-134334.0,-38625.0,-735.0,-122620.0,-19491.0,6618.0,-7035.0
2015-11-10,-134334.0,-134334.0,-38625.0,-735.0,-122620.0,-19491.0,6618.0,-7035.0
2015-11-11,-134334.0,-134334.0,-38625.0,-735.0,-122620.0,-19491.0,6618.0,-7035.0
2015-11-12,-134334.0,-134334.0,-38625.0,-735.0,-122620.0,-19491.0,6618.0,-7035.0
2015-11-13,-142939.0,-142939.0,-52830.0,-18835.0,-138410.0,-17907.0,5564.0,-9310.0
2015-11-16,-142939.0,-142939.0,-52830.0,-18835.0,-138410.0,-17907.0,5564.0,-9310.0
2015-11-17,-142939.0,-142939.0,-52830.0,-18835.0,-138410.0,-17907.0,5564.0,-9310.0
2015-11-18,-142939.0,-142939.0,-52830.0,-18835.0,-138410.0,-17907.0,5564.0,-9310.0
2015-11-19,-142939.0,-142939.0,-52830.0,-18835.0,-138410.0,-17907.0,5564.0,-9310.0
2015-11-20,-164177.0,-164177.0,-66464.0,-38263.0,-156581.0,-28352.0,5248.0,-15329.0
2015-11-23,-164177.0,-164177.0,-66464.0,-38263.0,-156581.0,-28352.0,5248.0,-15329.0
2015-11-24,-164177.0,-164177.0,-66464.0,-38263.0,-156581.0,-28352.0,5248.0,-15329.0
2015-11-25,-164177.0,-164177.0,-66464.0,-38263.0,-156581.0,-28352.0,5248.0,-15329.0
2015-11-26,-164177.0,-164177.0,-66464.0,-38263.0,-156581.0,-28352.0,5248.0,-15329.0
2015-11-27,-175484.0,-175484.0,-57145.0,-29261.0,-166319.0,-38617.0,4010.0,-22209.0
2015-11-30,-175484.0,-175484.0,-57145.0,-29261.0,-166319.0,-38617.0,4010.0,-22209.0
2015-12-01,-175484.0,-175484.0,-57145.0,-29261.0,-166319.0,-38617.0,4010.0,-22209.0
2015-12-02,-175484.0,-175484.0,-57145.0,-29261.0,-166319.0,-38617.0,4010.0,-22209.0
2015-12-03,-175484.0,-175484.0,-57145.0,-29261.0,-166319.0,-38617.0,4010.0,-22209.0
2015-12-04,-182845.0,-182845.0,-46648.0,-25465.0,-172030.0,-38980.0,4757.0,-24789.0
2015-12-07,-182845.0,-182845.0,-46648.0,-25465.0,-172030.0,-38980.0,4757.0,-24789.0
2015-12-08,-182845.0,-182845.0,-46648.0,-25465.0,-172030.0,-38980.0,4757.0,-24789.0
2015-12-09,-182845.0,-182845.0,-46648.0,-25465.0,-172030.0,-38980.0,4757.0,-24789.0
2015-12-10,-182845.0,-182845.0,-46648.0,-25465.0,-172030.0,-38980.0,4757.0,-24789.0
2015-12-11,-172331.0,-172331.0,-33579.0,-24381.0,-166435.0,-40138.0,8881.0,-25540.0
2015-12-14,-172331.0,-172331.0,-33579.0,-24381.0,-166435.0,-40138.0,8881.0,-25540.0
2015-12-15,-172331.0,-172331.0,-33579.0,-24381.0,-166435.0,-40138.0,8881.0,-25540.0
2015-12-16,-172331.0,-172331.0,-33579.0,-24381.0,-166435.0,-40138.0,8881.0,-25540.0
2015-12-17,-172331.0,-172331.0,-33579.0,-24381.0,-166435.0,-40138.0,8881.0,-25540.0
2015-12-18,-159961.0,-159961.0,-10452.0,-60372.0,-152940.0,-51009.0,1119.0,1951.0
2015-12-21,-159961.0,-159961.0,-10452.0,-60372.0,-152940.0,-51009.0,1119.0,1951.0
2015-12-22,-159961.0,-159961.0,-10452.0,-60372.0,-152940.0,-51009.0,1119.0,1951.0
2015-12-23,-159961.0,-159961.0,-10452.0,-60372.0,-152940.0,-51009.0,1119.0,1951.0
2015-12-24,-159961.0,-159961.0,-10452.0,-60372.0,-152940.0,-51009.0,1119.0,1951.0
2015-12-25,-161047.0,-161047.0,-20854.0,-56719.0,-151764.0,-56027.0,-221.0,2752.0
2015-12-28,-161047.0,-161047.0,-20854.0,-56719.0,-151764.0,-56027.0,-221.0,2752.0
2015-12-29,-161047.0,-161047.0,-20854.0,-56719.0,-151764.0,-56027.0,-221.0,2752.0
2015-12-30,-161047.0,-161047.0,-20854.0,-56719.0,-151764.0,-56027.0,-221.0,2752.0
2015-12-31,-161047.0,-161047.0,-20854.0,-56719.0,-151764.0,-56027.0,-221.0,2752.0
2016-01-01,-160550.0,-160550.0,-17545.0,-57387.0,-152020.0,-60787.0,-146.0,3564.0
2016-01-04,-160550.0,-160550.0,-17545.0,-57387.0,-152020.0,-60787.0,-146.0,3564.0
2016-01-05,-160550.0,-160550.0,-17545.0,-57387.0,-152020.0,-60787.0,-146.0,3564.0
2016-01-06,-160550.0,-160550.0,-17545.0,-57387.0,-152020.0,-60787.0,-146.0,3564.0
2016-01-07,-160550.0,-160550.0,-17545.0,-57387.0,-152020.0,-60787.0,-146.0,3564.0
2016-01-08,-160643.0,-160643.0,-13761.0,-61988.0,-155847.0,-60130.0,1579.0,3620.0
2016-01-11,-160643.0,-160643.0,-13761.0,-61988.0,-155847.0,-60130.0,1579.0,3620.0
2016-01-12,-160643.0,-160643.0,-13761.0,-61988.0,-155847.0,-60130.0,1579.0,3620.0
2016-01-13,-160643.0,-160643.0,-13761.0,-61988.0,-155847.0,-60130.0,1579.0,3620.0
2016-01-14,-160643.0,-160643.0,-13761.0,-61988.0,-155847.0,-60130.0,1579.0,3620.0
2016-01-15,-146451.0,-146451.0,-23043.0,-74015.0,-142941.0,-59214.0,1541.0,3324.0
2016-01-18,-146451.0,-146451.0,-23043.0,-74015.0,-142941.0,-59214.0,1541.0,3324.0
2016-01-19,-146451.0,-146451.0,-23043.0,-74015.0,-142941.0,-59214.0,1541.0,3324.0
2016-01-20,-146451.0,-146451.0,-23043.0,-74015.0,-142941.0,-59214.0,1541.0,3324.0
2016-01-21,-146451.0,-146451.0,-23043.0,-74015.0,-142941.0,-59214.0,1541.0,3324.0
2016-01-22,-137015.0,-137015.0,-36267.0,-76003.0,-133455.0,-66386.0,-2954.0,906.0
2016-01-25,-137015.0,-137015.0,-36267.0,-76003.0,-133455.0,-66386.0,-2954.0,906.0
2016-01-26,-137015.0,-137015.0,-36267.0,-76003.0,-133455.0,-66386.0,-2954.0,906.0
2016-01-27,-137015.0,-137015.0,-36267.0,-76003.0,-133455.0,-66386.0,-2954.0,906.0
2016-01-28,-137015.0,-137015.0,-36267.0,-76003.0,-133455.0,-66386.0,-2954.0,906.0
2016-01-29,-127215.0,-127215.0,-32798.0,-76607.0,-125057.0,-66819.0,-5400.0,-4503.0
2016-02-01,-127215.0,-127215.0,-32798.0,-76607.0,-125057.0,-66819.0,-5400.0,-4503.0
2016-02-02,-127215.0,-127215.0,-32798.0,-76607.0,-125057.0,-66819.0,-5400.0,-4503.0
2016-02-03,-127215.0,-127215.0,-32798.0,-76607.0,-125057.0,-66819.0,-5400.0,-4503.0
2016-02-04,-127215.0,-127215.0,-32798.0,-76607.0,-125057.0,-66819.0,-5400.0,-4503.0
2016-02-05,-87073.0,-87073.0,-26168.0,-78594.0,-84984.0,-52420.0,-8436.0,-4695.0
2016-02-08,-87073.0,-87073.0,-26168.0,-78594.0,-84984.0,-52420.0,-8436.0,-4695.0
2016-02-09,-87073.0,-87073.0,-26168.0,-78594.0,-84984.0,-52420.0,-8436.0,-4695.0
2016-02-10,-87073.0,-87073.0,-26168.0,-78594.0,-84984.0,-52420.0,-8436.0,-4695.0
2016-02-11,-87073.0,-87073.0,-26168.0,-78594.0,-84984.0,-52420.0,-8436.0,-4695.0
2016-02-12,-63314.0,-63314.0,-5626.0,-46522.0,-54277.0,-51935.0,-9139.0,-7268.0
2016-02-15,-63314.0,-63314.0,-5626.0,-46522.0,-54277.0,-51935.0,-9139.0,-7268.0
2016-02-16,-63314.0,-63314.0,-5626.0,-46522.0,-54277.0,-51935.0,-9139.0,-7268.0
2016-02-17,-63314.0,-63314.0,-5626.0,-46522.0,-54277.0,-51935.0,-9139.0,-7268.0
2016-02-18,-63314.0,-63314.0,-5626.0,-46522.0,-54277.0,-51935.0,-9139.0,-7268.0
2016-02-19,-48205.0,-48205.0,2807.0,-77385.0,-38453.0,-45085.0,-8317.0,-4366.0
2016-02-22,-48205.0,-48205.0,2807.0,-77385.0,-38453.0,-45085.0,-8317.0,-4366.0
2016-02-23,-48205.0,-48205.0,2807.0,-77385.0,-38453.0,-45085.0,-8317.0,-4366.0
2016-02-24,-48205.0,-48205.0,2807.0,-77385.0,-38453.0,-45085.0,-8317.0,-4366.0
2016-02-25,-48205.0,-48205.0,2807.0,-77385.0,-38453.0,-45085.0,-8317.0,-4366.0
2016-02-26,-46857.0,-46857.0,9575.0,-52859.0,-36018.0,-36940.0,-6615.0,-2321.0
2016-02-29,-46857.0,-46857.0,9575.0,-52859.0,-36018.0,-36940.0,-6615.0,-2321.0
2016-03-01,-46857.0,-46857.0,9575.0,-52859.0,-36018.0,-36940.0,-6615.0,-2321.0
2016-03-02,-46857.0,-46857.0,9575.0,-52859.0,-36018.0,-36940.0,-6615.0,-2321.0
2016-03-03,-46857.0,-46857.0,9575.0,-52859.0,-36018.0,-36940.0,-6615.0,-2321.0
2016-03-04,-68541.0,-68541.0,16861.0,-56473.0,-60167.0,-30478.0,-4157.0,-1507.0
2016-03-07,-68541.0,-68541.0,16861.0,-56473.0,-60167.0,-30478.0,-4157.0,-1507.0
2016-03-08,-68541.0,-68541.0,16861.0,-56473.0,-60167.0,-30478.0,-4157.0,-1507.0
2016-03-09,-68541.0,-68541.0,16861.0,-56473.0,-60167.0,-30478.0,-4157.0,-1507.0
2016-03-10,-68541.0,-68541.0,16861.0,-56473.0,-60167.0,-30478.0,-4157.0,-1507.0
2016-03-11,-71907.0,-71907.0,29195.0,-57554.0,-71494.0,-25781.0,-2000.0,-129.0
2016-03-14,-71907.0,-71907.0,29195.0,-57554.0,-71494.0,-25781.0,-2000.0,-129.0
2016-03-15,-71907.0,-71907.0,29195.0,-57554.0,-71494.0,-25781.0,-2000.0,-129.0
2016-03-16,-71907.0,-71907.0,29195.0,-57554.0,-71494.0,-25781.0,-2000.0,-129.0
2016-03-17,-71907.0,-71907.0,29195.0,-57554.0,-71494.0,-25781.0,-2000.0,-129.0
2016-03-18,-77555.0,-77555.0,12782.0,-45037.0,-75447.0,-16826.0,1290.0,5262.0
2016-03-21,-77555.0,-77555.0,12782.0,-45037.0,-75447.0,-16826.0,1290.0,5262.0
2016-03-22,-77555.0,-77555.0,12782.0,-45037.0,-75447.0,-16826.0,1290.0,5262.0
2016-03-23,-77555.0,-77555.0,12782.0,-45037.0,-75447.0,-16826.0,1290.0,5262.0
2016-03-24,-77555.0,-77555.0,12782.0,-45037.0,-75447.0,-16826.0,1290.0,5262.0
2016-03-25,-66053.0,-66053.0,18030.0,-45696.0,-61969.0,-15009.0,1017.0,4186.0
2016-03-28,-66053.0,-66053.0,18030.0,-45696.0,-61969.0,-15009.0,1017.0,4186.0
2016-03-29,-66053.0,-66053.0,18030.0,-45696.0,-61969.0,-15009.0,1017.0,4186.0
2016-03-30,-66053.0,-66053.0,18030.0,-45696.0,-61969.0,-15009.0,1017.0,4186.0
2016-03-31,-66053.0,-66053.0,18030.0,-45696.0,-61969.0,-15009.0,1017.0,4186.0
2016-04-01,-63811.0,-63811.0,23466.0,-40796.0,-61281.0,-6180.0,1874.0,4647.0
2016-04-04,-63811.0,-63811.0,23466.0,-40796.0,-61281.0,-6180.0,1874.0,4647.0
2016-04-05,-63811.0,-63811.0,23466.0,-40796.0,-61281.0,-6180.0,1874.0,4647.0
2016-04-06,-63811.0,-63811.0,23466.0,-40796.0,-61281.0,-6180.0,1874.0,4647.0
2016-04-07,-63811.0,-63811.0,23466.0,-40796.0,-61281.0,-6180.0,1874.0,4647.0
2016-04-08,-53487.0,-53487.0,26845.0,-31878.0,-49523.0,97.0,2903.0,5649.0
2016-04-11,-53487.0,-53487.0,26845.0,-31878.0,-49523.0,97.0,2903.0,5649.0
2016-04-12,-53487.0,-53487.0,26845.0,-31878.0,-49523.0,97.0,2903.0,5649.0
2016-04-13,-53487.0,-53487.0,26845.0,-31878.0,-49523.0,97.0,2903.0,5649.0
2016-04-14,-53487.0,-53487.0,26845.0,-31878.0,-49523.0,97.0,2903.0,5649.0
2016-04-15,-52051.0,-52051.0,35122.0,-46591.0,-46253.0,2385.0,4292.0,8238.0
2016-04-18,-52051.0,-52051.0,35122.0,-46591.0,-46253.0,2385.0,4292.0,8238.0
2016-04-19,-52051.0,-52051.0,35122.0,-46591.0,-46253.0,2385.0,4292.0,8238.0
2016-04-20,-52051.0,-52051.0,35122.0,-46591.0,-46253.0,2385.0,4292.0,8238.0
2016-04-21,-52051.0,-52051.0,35122.0,-46591.0,-46253.0,2385.0,4292.0,8238.0
2016-04-22,-46917.0,-46917.0,44106.0,-14409.0,-41532.0,7308.0,5351.0,9410.0
2016-04-25,-46917.0,-46917.0,44106.0,-14409.0,-41532.0,7308.0,5351.0,9410.0
2016-04-26,-46917.0,-46917.0,44106.0,-14409.0,-41532.0,7308.0,5351.0,9410.0
2016-04-27,-46917.0,-46917.0,44106.0,-14409.0,-41532.0,7308.0,5351.0,9410.0
2016-04-28,-46917.0,-46917.0,44106.0,-14409.0,-41532.0,7308.0,5351.0,9410.0
2016-04-29,-39667.0,-39667.0,59540.0,-19315.0,-33284.0,11999.0,7384.0,9265.0
2016-05-02,-39667.0,-39667.0,59540.0,-19315.0,-33284.0,11999.0,7384.0,9265.0
2016-05-03,-39667.0,-39667.0,59540.0,-19315.0,-33284.0,11999.0,7384.0,9265.0
2016-05-04,-39667.0,-39667.0,59540.0,-19315.0,-33284.0,11999.0,7384.0,9265.0
2016-05-05,-39667.0,-39667.0,59540.0,-19315.0,-33284.0,11999.0,7384.0,9265.0
2016-05-06,-23619.0,-23619.0,52395.0,-12420.0,-17980.0,18943.0,9200.0,6829.0
2016-05-09,-23619.0,-23619.0,52395.0,-12420.0,-17980.0,18943.0,9200.0,6829.0
2016-05-10,-23619.0,-23619.0,52395.0,-12420.0,-17980.0,18943.0,9200.0,6829.0
2016-05-11,-23619.0,-23619.0,52395.0,-12420.0,-17980.0,18943.0,9200.0,6829.0
2016-05-12,-23619.0,-23619.0,52395.0,-12420.0,-17980.0,18943.0,9200.0,6829.0
2016-05-13,-21872.0,-21872.0,38158.0,-45220.0,-17612.0,25874.0,9352.0,6917.0
2016-05-16,-21872.0,-21872.0,38158.0,-45220.0,-17612.0,25874.0,9352.0,6917.0
2016-05-17,-21872.0,-21872.0,38158.0,-45220.0,-17612.0,25874.0,9352.0,6917.0
2016-05-18,-21872.0,-21872.0,38158.0,-45220.0,-17612.0,25874.0,9352.0,6917.0
2016-05-19,-21872.0,-21872.0,38158.0,-45220.0,-17612.0,25874.0,9352.0,6917.0
2016-05-20,-22587.0,-22587.0,24893.0,-45691.0,-19422.0,22706.0,6688.0,4147.0
2016-05-23,-22587.0,-22587.0,24893.0,-45691.0,-19422.0,22706.0,6688.0,4147.0
2016-05-24,-22587.0,-22587.0,24893.0,-45691.0,-19422.0,22706.0,6688.0,4147.0
2016-05-25,-22587.0,-22587.0,24893.0,-45691.0,-19422.0,22706.0,6688.0,4147.0
2016-05-26,-22587.0,-22587.0,24893.0,-45691.0,-19422.0,22706.0,6688.0,4147.0
2016-05-27,-37895.0,-37895.0,124.0,-47460.0,-32267.0,20047.0,4576.0,3954.0
2016-05-30,-37895.0,-37895.0,124.0,-47460.0,-32267.0,20047.0,4576.0,3954.0
2016-05-31,-37895.0,-37895.0,124.0,-47460.0,-32267.0,20047.0,4576.0,3954.0
2016-06-01,-37895.0,-37895.0,124.0,-47460.0,-32267.0,20047.0,4576.0,3954.0
2016-06-02,-37895.0,-37895.0,124.0,-47460.0,-32267.0,20047.0,4576.0,3954.0
2016-06-03,-37654.0,-37654.0,-4758.0,-55615.0,-32536.0,26259.0,5504.0,129.0
2016-06-06,-37654.0,-37654.0,-4758.0,-55615.0,-32536.0,26259.0,5504.0,129.0
2016-06-07,-37654.0,-37654.0,-4758.0,-55615.0,-32536.0,26259.0,5504.0,129.0
2016-06-08,-37654.0,-37654.0,-4758.0,-55615.0,-32536.0,26259.0,5504.0,129.0
2016-06-09,-37654.0,-37654.0,-4758.0,-55615.0,-32536.0,26259.0,5504.0,129.0
2016-06-10,-67112.0,-67112.0,-15808.0,-59309.0,-70336.0,21537.0,8536.0,-9645.0
2016-06-13,-67112.0,-67112.0,-15808.0,-59309.0,-70336.0,21537.0,8536.0,-9645.0
2016-06-14,-67112.0,-67112.0,-15808.0,-59309.0,-70336.0,21537.0,8536.0,-9645.0
2016-06-15,-67112.0,-67112.0,-15808.0,-59309.0,-70336.0,21537.0,8536.0,-9645.0
2016-06-16,-67112.0,-67112.0,-15808.0,-59309.0,-70336.0,21537.0,8536.0,-9645.0
2016-06-17,-56489.0,-56489.0,-6778.0,-65619.0,-57257.0,18440.0,-3818.0,7130.0
2016-06-20,-56489.0,-56489.0,-6778.0,-65619.0,-57257.0,18440.0,-3818.0,7130.0
2016-06-21,-56489.0,-56489.0,-6778.0,-65619.0,-57257.0,18440.0,-3818.0,7130.0
2016-06-22,-56489.0,-56489.0,-6778.0,-65619.0,-57257.0,18440.0,-3818.0,7130.0
2016-06-23,-56489.0,-56489.0,-6778.0,-65619.0,-57257.0,18440.0,-3818.0,7130.0
2016-06-24,-61346.0,-61346.0,-7043.0,-68880.0,-62330.0,2595.0,-3045.0,6381.0
2016-06-27,-61346.0,-61346.0,-7043.0,-68880.0,-62330.0,2595.0,-3045.0,6381.0
2016-06-28,-61346.0,-61346.0,-7043.0,-68880.0,-62330.0,2595.0,-3045.0,6381.0
2016-06-29,-61346.0,-61346.0,-7043.0,-68880.0,-62330.0,2595.0,-3045.0,6381.0
2016-06-30,-61346.0,-61346.0,-7043.0,-68880.0,-62330.0,2595.0,-3045.0,6381.0
2016-07-01,-61934.0,-61934.0,-1952.0,-65327.0,-66066.0,7949.0,-2826.0,10867.0
2016-07-04,-61934.0,-61934.0,-1952.0,-65327.0,-66066.0,7949.0,-2826.0,10867.0
2016-07-05,-61934.0,-61934.0,-1952.0,-65327.0,-66066.0,7949.0,-2826.0,10867.0
2016-07-06,-61934.0,-61934.0,-1952.0,-65327.0,-66066.0,7949.0,-2826.0,10867.0
2016-07-07,-61934.0,-61934.0,-1952.0,-65327.0,-66066.0,7949.0,-2826.0,10867.0
2016-07-08,-75327.0,-75327.0,4903.0,-44857.0,-81673.0,11517.0,-1403.0,8678.0
2016-07-11,-75327.0,-75327.0,4903.0,-44857.0,-81673.0,11517.0,-1403.0,8678.0
2016-07-12,-75327.0,-75327.0,4903.0,-44857.0,-81673.0,11517.0,-1403.0,8678.0
2016-07-13,-75327.0,-75327.0,4903.0,-44857.0,-81673.0,11517.0,-1403.0,8678.0
2016-07-14,-75327.0,-75327.0,4903.0,-44857.0,-81673.0,11517.0,-1403.0,8678.0
2016-07-15,-87660.0,-87660.0,16216.0,-37172.0,-93993.0,17175.0,1011.0,6718.0
2016-07-18,-87660.0,-87660.0,16216.0,-37172.0,-93993.0,17175.0,1011.0,6718.0
2016-07-19,-87660.0,-87660.0,16216.0,-37172.0,-93993.0,17175.0,1011.0,6718.0
2016-07-20,-87660.0,-87660.0,16216.0,-37172.0,-93993.0,17175.0,1011.0,6718.0
2016-07-21,-87660.0,-87660.0,16216.0,-37172.0,-93993.0,17175.0,1011.0,6718.0
2016-07-22,-99891.0,-99891.0,33431.0,-39366.0,-108396.0,22068.0,2173.0,4687.0
2016-07-25,-99891.0,-99891.0,33431.0,-39366.0,-108396.0,22068.0,2173.0,4687.0
2016-07-26,-99891.0,-99891.0,33431.0,-39366.0,-108396.0,22068.0,2173.0,4687.0
2016-07-27,-99891.0,-99891.0,33431.0,-39366.0,-108396.0,22068.0,2173.0,4687.0
2016-07-28,-99891.0,-99891.0,33431.0,-39366.0,-108396.0,22068.0,2173.0,4687.0
2016-07-29,-112600.0,-112600.0,31510.0,-46562.0,-121554.0,23180.0,215.0,946.0
2016-08-01,-112600.0,-112600.0,31510.0,-46562.0,-121554.0,23180.0,215.0,946.0
2016-08-02,-112600.0,-112600.0,31510.0,-46562.0,-121554.0,23180.0,215.0,946.0
2016-08-03,-112600.0,-112600.0,31510.0,-46562.0,-121554.0,23180.0,215.0,946.0
2016-08-04,-112600.0,-112600.0,31510.0,-46562.0,-121554.0,23180.0,215.0,946.0
2016-08-05,-104103.0,-104103.0,31363.0,-52123.0,-116265.0,17758.0,217.0,-1715.0
2016-08-08,-104103.0,-104103.0,31363.0,-52123.0,-116265.0,17758.0,217.0,-1715.0
2016-08-09,-104103.0,-104103.0,31363.0,-52123.0,-116265.0,17758.0,217.0,-1715.0
2016-08-10,-104103.0,-104103.0,31363.0,-52123.0,-116265.0,17758.0,217.0,-1715.0
2016-08-11,-104103.0,-104103.0,31363.0,-52123.0,-116265.0,17758.0,217.0,-1715.0
2016-08-12,-98399.0,-98399.0,34884.0,-54362.0,-110812.0,15366.0,-613.0,107.0
2016-08-15,-98399.0,-98399.0,34884.0,-54362.0,-110812.0,15366.0,-613.0,107.0
2016-08-16,-98399.0,-98399.0,34884.0,-54362.0,-110812.0,15366.0,-613.0,107.0
2016-08-17,-98399.0,-98399.0,34884.0,-54362.0,-110812.0,15366.0,-613.0,107.0
2016-08-18,-98399.0,-98399.0,34884.0,-54362.0,-110812.0,15366.0,-613.0,107.0
2016-08-19,-92508.0,-92508.0,41113.0,-45723.0,-105737.0,12473.0,-695.0,-1545.0
2016-08-22,-92508.0,-92508.0,41113.0,-45723.0,-105737.0,12473.0,-695.0,-1545.0
2016-08-23,-92508.0,-92508.0,41113.0,-45723.0,-105737.0,12473.0,-695.0,-1545.0
2016-08-24,-92508.0,-92508.0,41113.0,-45723.0,-105737.0,12473.0,-695.0,-1545.0
2016-08-25,-92508.0,-92508.0,41113.0,-45723.0,-105737.0,12473.0,-695.0,-1545.0
2016-08-26,-76658.0,-76658.0,42757.0,-28541.0,-89425.0,16734.0,-878.0,1885.0
2016-08-29,-76658.0,-76658.0,42757.0,-28541.0,-89425.0,16734.0,-878.0,1885.0
2016-08-30,-76658.0,-76658.0,42757.0,-28541.0,-89425.0,16734.0,-878.0,1885.0
2016-08-31,-76658.0,-76658.0,42757.0,-28541.0,-89425.0,16734.0,-878.0,1885.0
2016-09-01,-76658.0,-76658.0,42757.0,-28541.0,-89425.0,16734.0,-878.0,1885.0
2016-09-02,-81925.0,-81925.0,42566.0,-33234.0,-93103.0,22400.0,1893.0,8208.0
2016-09-05,-81925.0,-81925.0,42566.0,-33234.0,-93103.0,22400.0,1893.0,8208.0
2016-09-06,-81925.0,-81925.0,42566.0,-33234.0,-93103.0,22400.0,1893.0,8208.0
2016-09-07,-81925.0,-81925.0,42566.0,-33234.0,-93103.0,22400.0,1893.0,8208.0
2016-09-08,-81925.0,-81925.0,42566.0,-33234.0,-93103.0,22400.0,1893.0,8208.0
2016-09-09,-92630.0,-92630.0,38959.0,-58399.0,-102285.0,20905.0,6128.0,1451.0
2016-09-12,-92630.0,-92630.0,38959.0,-58399.0,-102285.0,20905.0,6128.0,1451.0
2016-09-13,-92630.0,-92630.0,38959.0,-58399.0,-102285.0,20905.0,6128.0,1451.0
2016-09-14,-92630.0,-92630.0,38959.0,-58399.0,-102285.0,20905.0,6128.0,1451.0
2016-09-15,-92630.0,-92630.0,38959.0,-58399.0,-102285.0,20905.0,6128.0,1451.0
2016-09-16,-81475.0,-81475.0,36467.0,-65747.0,-88388.0,17058.0,5129.0,1348.0
2016-09-19,-81475.0,-81475.0,36467.0,-65747.0,-88388.0,17058.0,5129.0,1348.0
2016-09-20,-81475.0,-81475.0,36467.0,-65747.0,-88388.0,17058.0,5129.0,1348.0
2016-09-21,-81475.0,-81475.0,36467.0,-65747.0,-88388.0,17058.0,5129.0,1348.0
2016-09-22,-81475.0,-81475.0,36467.0,-65747.0,-88388.0,17058.0,5129.0,1348.0
2016-09-23,-85025.0,-85025.0,6848.0,-89342.0,-92466.0,16303.0,-7916.0,8413.0
2016-09-26,-85025.0,-85025.0,6848.0,-89342.0,-92466.0,16303.0,-7916.0,8413.0
2016-09-27,-85025.0,-85025.0,6848.0,-89342.0,-92466.0,16303.0,-7916.0,8413.0
2016-09-28,-85025.0,-85025.0,6848.0,-89342.0,-92466.0,16303.0,-7916.0,8413.0
2016-09-29,-85025.0,-85025.0,6848.0,-89342.0,-92466.0,16303.0,-7916.0,8413.0
2016-09-30,-76030.0,-76030.0,15008.0,-85873.0,-82521.0,-11615.0,-6793.0,-5956.0
2016-10-03,-76030.0,-76030.0,15008.0,-85873.0,-82521.0,-11615.0,-6793.0,-5956.0
2016-10-04,-76030.0,-76030.0,15008.0,-85873.0,-82521.0,-11615.0,-6793.0,-5956.0
2016-10-05,-76030.0,-76030.0,15008.0,-85873.0,-82521.0,-11615.0,-6793.0,-5956.0
2016-10-06,-76030.0,-76030.0,15008.0,-85873.0,-82521.0,-11615.0,-6793.0,-5956.0
2016-10-07,-82059.0,-82059.0,23938.0,-85892.0,-88879.0,-14077.0,-7830.0,-2936.0
2016-10-10,-82059.0,-82059.0,23938.0,-85892.0,-88879.0,-14077.0,-7830.0,-2936.0
2016-10-11,-82059.0,-82059.0,23938.0,-85892.0,-88879.0,-14077.0,-7830.0,-2936.0
2016-10-12,-82059.0,-82059.0,23938.0,-85892.0,-88879.0,-14077.0,-7830.0,-2936.0
2016-10-13,-82059.0,-82059.0,23938.0,-85892.0,-88879.0,-14077.0,-7830.0,-2936.0
2016-10-14,-93472.0,-93472.0,26104.0,-51792.0,-97043.0,-11704.0,-7736.0,-9408.0
2016-10-17,-93472.0,-93472.0,26104.0,-51792.0,-97043.0,-11704.0,-7736.0,-9408.0
2016-10-18,-93472.0,-93472.0,26104.0,-51792.0,-97043.0,-11704.0,-7736.0,-9408.0
2016-10-19,-93472.0,-93472.0,26104.0,-51792.0,-97043.0,-11704.0,-7736.0,-9408.0
2016-10-20,-93472.0,-93472.0,26104.0,-51792.0,-97043.0,-11704.0,-7736.0,-9408.0
2016-10-21,-109268.0,-109268.0,29980.0,-30719.0,-112074.0,-14298.0,-153.0,-16377.0
2016-10-24,-109268.0,-109268.0,29980.0,-30719.0,-112074.0,-14298.0,-153.0,-16377.0
2016-10-25,-109268.0,-109268.0,29980.0,-30719.0,-112074.0,-14298.0,-153.0,-16377.0
2016-10-26,-109268.0,-109268.0,29980.0,-30719.0,-112074.0,-14298.0,-153.0,-16377.0
2016-10-27,-109268.0,-109268.0,29980.0,-30719.0,-112074.0,-14298.0,-153.0,-16377.0
2016-10-28,-123856.0,-123856.0,31923.0,-25343.0,-125292.0,-13324.0,-420.0,-18700.0
2016-10-31,-123856.0,-123856.0,31923.0,-25343.0,-125292.0,-13324.0,-420.0,-18700.0
2016-11-01,-123856.0,-123856.0,31923.0,-25343.0,-125292.0,-13324.0,-420.0,-18700.0
2016-11-02,-123856.0,-123856.0,31923.0,-25343.0,-125292.0,-13324.0,-420.0,-18700.0
2016-11-03,-123856.0,-123856.0,31923.0,-25343.0,-125292.0,-13324.0,-420.0,-18700.0
2016-11-04,-137385.0,-137385.0,40867.0,-36472.0,-143673.0,-15960.0,-965.0,-19970.0
2016-11-07,-137385.0,-137385.0,40867.0,-36472.0,-143673.0,-15960.0,-965.0,-19970.0
2016-11-08,-137385.0,-137385.0,40867.0,-36472.0,-143673.0,-15960.0,-965.0,-19970.0
2016-11-09,-137385.0,-137385.0,40867.0,-36472.0,-143673.0,-15960.0,-965.0,-19970.0
2016-11-10,-137385.0,-137385.0,40867.0,-36472.0,-143673.0,-15960.0,-965.0,-19970.0
2016-11-11,-129314.0,-129314.0,41108.0,-32996.0,-134647.0,-21312.0,2505.0,-23291.0
2016-11-14,-129314.0,-129314.0,41108.0,-32996.0,-134647.0,-21312.0,2505.0,-23291.0
2016-11-15,-129314.0,-129314.0,41108.0,-32996.0,-134647.0,-21312.0,2505.0,-23291.0
2016-11-16,-129314.0,-129314.0,41108.0,-32996.0,-134647.0,-21312.0,2505.0,-23291.0
2016-11-17,-129314.0,-129314.0,41108.0,-32996.0,-134647.0,-21312.0,2505.0,-23291.0
2016-11-18,-119182.0,-119182.0,41518.0,-45153.0,-120940.0,-18599.0,2043.0,-22194.0
2016-11-21,-119182.0,-119182.0,41518.0,-45153.0,-120940.0,-18599.0,2043.0,-22194.0
2016-11-22,-119182.0,-119182.0,41518.0,-45153.0,-120940.0,-18599.0,2043.0,-22194.0
2016-11-23,-119182.0,-119182.0,41518.0,-45153.0,-120940.0,-18599.0,2043.0,-22194.0
2016-11-24,-119182.0,-119182.0,41518.0,-45153.0,-120940.0,-18599.0,2043.0,-22194.0
2016-11-25,-119348.0,-119348.0,30705.0,-48314.0,-119342.0,-17462.0,-533.0,-22900.0
2016-11-28,-119348.0,-119348.0,30705.0,-48314.0,-119342.0,-17462.0,-533.0,-22900.0
2016-11-29,-119348.0,-119348.0,30705.0,-48314.0,-119342.0,-17462.0,-533.0,-22900.0
2016-11-30,-119348.0,-119348.0,30705.0,-48314.0,-119342.0,-17462.0,-533.0,-22900.0
2016-12-01,-119348.0,-119348.0,30705.0,-48314.0,-119342.0,-17462.0,-533.0,-22900.0
2016-12-02,-119240.0,-119240.0,20957.0,-54500.0,-122057.0,-18576.0,-1872.0,-24334.0
2016-12-05,-119240.0,-119240.0,20957.0,-54500.0,-122057.0,-18576.0,-1872.0,-24334.0
2016-12-06,-119240.0,-119240.0,20957.0,-54500.0,-122057.0,-18576.0,-1872.0,-24334.0
2016-12-07,-119240.0,-119240.0,20957.0,-54500.0,-122057.0,-18576.0,-1872.0,-24334.0
2016-12-08,-119240.0,-119240.0,20957.0,-54500.0,-122057.0,-18576.0,-1872.0,-24334.0
2016-12-09,-114556.0,-114556.0,20871.0,-54066.0,-116607.0,-18158.0,-3952.0,-25397.0
2016-12-12,-114556.0,-114556.0,20871.0,-54066.0,-116607.0,-18158.0,-3952.0,-25397.0
2016-12-13,-114556.0,-114556.0,20871.0,-54066.0,-116607.0,-18158.0,-3952.0,-25397.0
2016-12-14,-114556.0,-114556.0,20871.0,-54066.0,-116607.0,-18158.0,-3952.0,-25397.0
2016-12-15,-114556.0,-114556.0,20871.0,-54066.0,-116607.0,-18158.0,-3952.0,-25397.0
2016-12-16,-87513.0,-87513.0,13473.0,-57659.0,-86386.0,-21869.0,-3702.0,-25288.0
2016-12-19,-87513.0,-87513.0,13473.0,-57659.0,-86386.0,-21869.0,-3702.0,-25288.0
2016-12-20,-87513.0,-87513.0,13473.0,-57659.0,-86386.0,-21869.0,-3702.0,-25288.0
2016-12-21,-87513.0,-87513.0,13473.0,-57659.0,-86386.0,-21869.0,-3702.0,-25288.0
2016-12-22,-87513.0,-87513.0,13473.0,-57659.0,-86386.0,-21869.0,-3702.0,-25288.0
2016-12-23,-78045.0,-78045.0,3941.0,-66681.0,-71742.0,-11754.0,-6953.0,7110.0
2016-12-26,-78045.0,-78045.0,3941.0,-66681.0,-71742.0,-11754.0,-6953.0,7110.0
2016-12-27,-78045.0,-78045.0,3941.0,-66681.0,-71742.0,-11754.0,-6953.0,7110.0
2016-12-28,-78045.0,-78045.0,3941.0,-66681.0,-71742.0,-11754.0,-6953.0,7110.0
2016-12-29,-78045.0,-78045.0,3941.0,-66681.0,-71742.0,-11754.0,-6953.0,7110.0
2016-12-30,-69408.0,-69408.0,-1510.0,-61657.0,-64133.0,-1598.0,-11001.0,-10091.0
2017-01-02,-69408.0,-69408.0,-1510.0,-61657.0,-64133.0,-1598.0,-11001.0,-10091.0
2017-01-03,-69408.0,-69408.0,-1510.0,-61657.0,-64133.0,-1598.0,-11001.0,-10091.0
2017-01-04,-69408.0,-69408.0,-1510.0,-61657.0,-64133.0,-1598.0,-11001.0,-10091.0
2017-01-05,-69408.0,-69408.0,-1510.0,-61657.0,-64133.0,-1598.0,-11001.0,-10091.0
2017-01-06,-70056.0,-70056.0,-3256.0,-65636.0,-63147.0,-3871.0,-11413.0,-13439.0
2017-01-09,-70056.0,-70056.0,-3256.0,-65636.0,-63147.0,-3871.0,-11413.0,-13439.0
2017-01-10,-70056.0,-70056.0,-3256.0,-65636.0,-63147.0,-3871.0,-11413.0,-13439.0
2017-01-11,-70056.0,-70056.0,-3256.0,-65636.0,-63147.0,-3871.0,-11413.0,-13439.0
2017-01-12,-70056.0,-70056.0,-3256.0,-65636.0,-63147.0,-3871.0,-11413.0,-13439.0
2017-01-13,-65823.0,-65823.0,-3848.0,-71776.0,-60431.0,-7935.0,-13960.0,-14246.0
2017-01-16,-65823.0,-65823.0,-3848.0,-71776.0,-60431.0,-7935.0,-13960.0,-14246.0
2017-01-17,-65823.0,-65823.0,-3848.0,-71776.0,-60431.0,-7935.0,-13960.0,-14246.0
2017-01-18,-65823.0,-65823.0,-3848.0,-71776.0,-60431.0,-7935.0,-13960.0,-14246.0
2017-01-19,-65823.0,-65823.0,-3848.0,-71776.0,-60431.0,-7935.0,-13960.0,-14246.0
2017-01-20,-66500.0,-66500.0,4845.0,-73321.0,-62359.0,-5456.0,-12288.0,-13683.0
2017-01-23,-66500.0,-66500.0,4845.0,-73321.0,-62359.0,-5456.0,-12288.0,-13683.0
2017-01-24,-66500.0,-66500.0,4845.0,-73321.0,-62359.0,-5456.0,-12288.0,-13683.0
2017-01-25,-66500.0,-66500.0,4845.0,-73321.0,-62359.0,-5456.0,-12288.0,-13683.0
2017-01-26,-66500.0,-66500.0,4845.0,-73321.0,-62359.0,-5456.0,-12288.0,-13683.0
2017-01-27,-52348.0,-52348.0,10294.0,-64654.0,-46218.0,2519.0,-9883.0,-13644.0
2017-01-30,-52348.0,-52348.0,10294.0,-64654.0,-46218.0,2519.0,-9883.0,-13644.0
2017-01-31,-52348.0,-52348.0,10294.0,-64654.0,-46218.0,2519.0,-9883.0,-13644.0
2017-02-01,-52348.0,-52348.0,10294.0,-64654.0,-46218.0,2519.0,-9883.0,-13644.0
2017-02-02,-52348.0,-52348.0,10294.0,-64654.0,-46218.0,2519.0,-9883.0,-13644.0
2017-02-03,-45713.0,-45713.0,12056.0,-63208.0,-39280.0,3472.0,-1022.0,-17140.0
2017-02-06,-45713.0,-45713.0,12056.0,-63208.0,-39280.0,3472.0,-1022.0,-17140.0
2017-02-07,-45713.0,-45713.0,12056.0,-63208.0,-39280.0,3472.0,-1022.0,-17140.0
2017-02-08,-45713.0,-45713.0,12056.0,-63208.0,-39280.0,3472.0,-1022.0,-17140.0
2017-02-09,-45713.0,-45713.0,12056.0,-63208.0,-39280.0,3472.0,-1022.0,-17140.0
2017-02-10,-44951.0,-44951.0,16748.0,-58488.0,-37837.0,8550.0,1845.0,-14621.0
2017-02-13,-44951.0,-44951.0,16748.0,-58488.0,-37837.0,8550.0,1845.0,-14621.0
2017-02-14,-44951.0,-44951.0,16748.0,-58488.0,-37837.0,8550.0,1845.0,-14621.0
2017-02-15,-44951.0,-44951.0,16748.0,-58488.0,-37837.0,8550.0,1845.0,-14621.0
2017-02-16,-44951.0,-44951.0,16748.0,-58488.0,-37837.0,8550.0,1845.0,-14621.0
2017-02-17,-46764.0,-46764.0,24218.0,-60213.0,-39194.0,19340.0,2876.0,-11484.0
2017-02-20,-46764.0,-46764.0,24218.0,-60213.0,-39194.0,19340.0,2876.0,-11484.0
2017-02-21,-46764.0,-46764.0,24218.0,-60213.0,-39194.0,19340.0,2876.0,-11484.0
2017-02-22,-46764.0,-46764.0,24218.0,-60213.0,-39194.0,19340.0,2876.0,-11484.0
2017-02-23,-46764.0,-46764.0,24218.0,-60213.0,-39194.0,19340.0,2876.0,-11484.0
2017-02-24,-58251.0,-58251.0,33522.0,-56481.0,-50795.0,24584.0,3158.0,-8936.0
2017-02-27,-58251.0,-58251.0,33522.0,-56481.0,-50795.0,24584.0,3158.0,-8936.0
2017-02-28,-58251.0,-58251.0,33522.0,-56481.0,-50795.0,24584.0,3158.0,-8936.0
2017-03-01,-58251.0,-58251.0,33522.0,-56481.0,-50795.0,24584.0,3158.0,-8936.0
2017-03-02,-58251.0,-58251.0,33522.0,-56481.0,-50795.0,24584.0,3158.0,-8936.0
2017-03-03,-51164.0,-51164.0,51915.0,-45783.0,-44542.0,30090.0,2937.0,-11814.0
2017-03-06,-51164.0,-51164.0,51915.0,-45783.0,-44542.0,30090.0,2937.0,-11814.0
2017-03-07,-51164.0,-51164.0,51915.0,-45783.0,-44542.0,30090.0,2937.0,-11814.0
2017-03-08,-51164.0,-51164.0,51915.0,-45783.0,-44542.0,30090.0,2937.0,-11814.0
2017-03-09,-51164.0,-51164.0,51915.0,-45783.0,-44542.0,30090.0,2937.0,-11814.0
2017-03-10,-59501.0,-59501.0,50978.0,-42758.0,-58766.0,29220.0,-4425.0,-10016.0
2017-03-13,-59501.0,-59501.0,50978.0,-42758.0,-58766.0,29220.0,-4425.0,-10016.0
2017-03-14,-59501.0,-59501.0,50978.0,-42758.0,-58766.0,29220.0,-4425.0,-10016.0
2017-03-15,-59501.0,-59501.0,50978.0,-42758.0,-58766.0,29220.0,-4425.0,-10016.0
2017-03-16,-59501.0,-59501.0,50978.0,-42758.0,-58766.0,29220.0,-4425.0,-10016.0
2017-03-17,-41027.0,-41027.0,43265.0,-5467.0,-38707.0,21458.0,-5605.0,-8997.0
2017-03-20,-41027.0,-41027.0,43265.0,-5467.0,-38707.0,21458.0,-5605.0,-8997.0
2017-03-21,-41027.0,-41027.0,43265.0,-5467.0,-38707.0,21458.0,-5605.0,-8997.0
2017-03-22,-41027.0,-41027.0,43265.0,-5467.0,-38707.0,21458.0,-5605.0,-8997.0
2017-03-23,-41027.0,-41027.0,43265.0,-5467.0,-38707.0,21458.0,-5605.0,-8997.0
2017-03-24,-19662.0,-19662.0,44955.0,-3281.0,-18245.0,-24403.0,-12610.0,-11979.0
2017-03-27,-19662.0,-19662.0,44955.0,-3281.0,-18245.0,-24403.0,-12610.0,-11979.0
2017-03-28,-19662.0,-19662.0,44955.0,-3281.0,-18245.0,-24403.0,-12610.0,-11979.0
2017-03-29,-19662.0,-19662.0,44955.0,-3281.0,-18245.0,-24403.0,-12610.0,-11979.0
2017-03-30,-19662.0,-19662.0,44955.0,-3281.0,-18245.0,-24403.0,-12610.0,-11979.0
2017-03-31,-7923.0,-7923.0,53138.0,-4737.0,-7155.0,-28217.0,-12629.0,-16392.0
2017-04-03,-7923.0,-7923.0,53138.0,-4737.0,-7155.0,-28217.0,-12629.0,-16392.0
2017-04-04,-7923.0,-7923.0,53138.0,-4737.0,-7155.0,-28217.0,-12629.0,-16392.0
2017-04-05,-7923.0,-7923.0,53138.0,-4737.0,-7155.0,-28217.0,-12629.0,-16392.0
2017-04-06,-7923.0,-7923.0,53138.0,-4737.0,-7155.0,-28217.0,-12629.0,-16392.0
2017-04-07,-11405.0,-11405.0,49593.0,-9688.0,-10347.0,-30225.0,-14724.0,-13825.0
2017-04-10,-11405.0,-11405.0,49593.0,-9688.0,-10347.0,-30225.0,-14724.0,-13825.0
2017-04-11,-11405.0,-11405.0,49593.0,-9688.0,-10347.0,-30225.0,-14724.0,-13825.0
2017-04-12,-11405.0,-11405.0,49593.0,-9688.0,-10347.0,-30225.0,-14724.0,-13825.0
2017-04-13,-11405.0,-11405.0,49593.0,-9688.0,-10347.0,-30225.0,-14724.0,-13825.0
2017-04-14,-18956.0,-18956.0,45151.0,-12675.0,-14332.0,-32334.0,-15153.0,-10128.0
2017-04-17,-18956.0,-18956.0,45151.0,-12675.0,-14332.0,-32334.0,-15153.0,-10128.0
2017-04-18,-18956.0,-18956.0,45151.0,-12675.0,-14332.0,-32334.0,-15153.0,-10128.0
2017-04-19,-18956.0,-18956.0,45151.0,-12675.0,-14332.0,-32334.0,-15153.0,-10128.0
2017-04-20,-18956.0,-18956.0,45151.0,-12675.0,-14332.0,-32334.0,-15153.0,-10128.0
2017-04-21,-21649.0,-21649.0,43262.0,14244.0,-20923.0,-33252.0,-15006.0,-13802.0
2017-04-24,-21649.0,-21649.0,43262.0,14244.0,-20923.0,-33252.0,-15006.0,-13802.0
2017-04-25,-21649.0,-21649.0,43262.0,14244.0,-20923.0,-33252.0,-15006.0,-13802.0
2017-04-26,-21649.0,-21649.0,43262.0,14244.0,-20923.0,-33252.0,-15006.0,-13802.0
2017-04-27,-21649.0,-21649.0,43262.0,14244.0,-20923.0,-33252.0,-15006.0,-13802.0
2017-04-28,-20895.0,-20895.0,42702.0,16038.0,-27946.0,-42642.0,-15404.0,-17317.0
2017-05-01,-20895.0,-20895.0,42702.0,16038.0,-27946.0,-42642.0,-15404.0,-17317.0
2017-05-02,-20895.0,-20895.0,42702.0,16038.0,-27946.0,-42642.0,-15404.0,-17317.0
2017-05-03,-20895.0,-20895.0,42702.0,16038.0,-27946.0,-42642.0,-15404.0,-17317.0
2017-05-04,-20895.0,-20895.0,42702.0,16038.0,-27946.0,-42642.0,-15404.0,-17317.0
2017-05-05,-1653.0,-1653.0,42675.0,15115.0,-6930.0,-47704.0,-11970.0,-17708.0
2017-05-08,-1653.0,-1653.0,42675.0,15115.0,-6930.0,-47704.0,-11970.0,-17708.0
2017-05-09,-1653.0,-1653.0,42675.0,15115.0,-6930.0,-47704.0,-11970.0,-17708.0
2017-05-10,-1653.0,-1653.0,42675.0,15115.0,-6930.0,-47704.0,-11970.0,-17708.0
2017-05-11,-1653.0,-1653.0,42675.0,15115.0,-6930.0,-47704.0,-11970.0,-17708.0
2017-05-12,22399.0,22399.0,25784.0,69903.0,24928.0,-86215.0,-10786.0,-15196.0
2017-05-15,22399.0,22399.0,25784.0,69903.0,24928.0,-86215.0,-10786.0,-15196.0
2017-05-16,22399.0,22399.0,25784.0,69903.0,24928.0,-86215.0,-10786.0,-15196.0
2017-05-17,22399.0,22399.0,25784.0,69903.0,24928.0,-86215.0,-10786.0,-15196.0
2017-05-18,22399.0,22399.0,25784.0,69903.0,24928.0,-86215.0,-10786.0,-15196.0
2017-05-19,37604.0,37604.0,6344.0,70054.0,39291.0,-98000.0,-11954.0,-21162.0
2017-05-22,37604.0,37604.0,6344.0,70054.0,39291.0,-98000.0,-11954.0,-21162.0
2017-05-23,37604.0,37604.0,6344.0,70054.0,39291.0,-98000.0,-11954.0,-21162.0
2017-05-24,37604.0,37604.0,6344.0,70054.0,39291.0,-98000.0,-11954.0,-21162.0
2017-05-25,37604.0,37604.0,6344.0,70054.0,39291.0,-98000.0,-11954.0,-21162.0
2017-05-26,64845.0,64845.0,2635.0,54298.0,65580.0,-99109.0,-9217.0,-19785.0
2017-05-29,64845.0,64845.0,2635.0,54298.0,65580.0,-99109.0,-9217.0,-19785.0
2017-05-30,64845.0,64845.0,2635.0,54298.0,65580.0,-99109.0,-9217.0,-19785.0
2017-05-31,64845.0,64845.0,2635.0,54298.0,65580.0,-99109.0,-9217.0,-19785.0
2017-06-01,64845.0,64845.0,2635.0,54298.0,65580.0,-99109.0,-9217.0,-19785.0
2017-06-02,72869.0,72869.0,3067.0,75002.0,73218.0,-98187.0,-5539.0,-18512.0
2017-06-05,72869.0,72869.0,3067.0,75002.0,73218.0,-98187.0,-5539.0,-18512.0
2017-06-06,72869.0,72869.0,3067.0,75002.0,73218.0,-98187.0,-5539.0,-18512.0
2017-06-07,72869.0,72869.0,3067.0,75002.0,73218.0,-98187.0,-5539.0,-18512.0
2017-06-08,72869.0,72869.0,3067.0,75002.0,73218.0,-98187.0,-5539.0,-18512.0
2017-06-09,74009.0,74009.0,-114.0,84821.0,71335.0,-94501.0,-1785.0,-16555.0
2017-06-12,74009.0,74009.0,-114.0,84821.0,71335.0,-94501.0,-1785.0,-16555.0
2017-06-13,74009.0,74009.0,-114.0,84821.0,71335.0,-94501.0,-1785.0,-16555.0
2017-06-14,74009.0,74009.0,-114.0,84821.0,71335.0,-94501.0,-1785.0,-16555.0
2017-06-15,74009.0,74009.0,-114.0,84821.0,71335.0,-94501.0,-1785.0,-16555.0
2017-06-16,79053.0,79053.0,-1511.0,95814.0,79922.0,-88595.0,1595.0,-14460.0
2017-06-19,79053.0,79053.0,-1511.0,95814.0,79922.0,-88595.0,1595.0,-14460.0
2017-06-20,79053.0,79053.0,-1511.0,95814.0,79922.0,-88595.0,1595.0,-14460.0
2017-06-21,79053.0,79053.0,-1511.0,95814.0,79922.0,-88595.0,1595.0,-14460.0
2017-06-22,79053.0,79053.0,-1511.0,95814.0,79922.0,-88595.0,1595.0,-14460.0
2017-06-23,44852.0,44852.0,15033.0,48985.0,48449.0,-82881.0,21455.0,-2982.0
2017-06-26,44852.0,44852.0,15033.0,48985.0,48449.0,-82881.0,21455.0,-2982.0
2017-06-27,44852.0,44852.0,15033.0,48985.0,48449.0,-82881.0,21455.0,-2982.0
2017-06-28,44852.0,44852.0,15033.0,48985.0,48449.0,-82881.0,21455.0,-2982.0
2017-06-29,44852.0,44852.0,15033.0,48985.0,48449.0,-82881.0,21455.0,-2982.0
2017-06-30,58695.0,58695.0,19749.0,81007.0,60155.0,-49495.0,25233.0,-4669.0
2017-07-03,58695.0,58695.0,19749.0,81007.0,60155.0,-49495.0,25233.0,-4669.0
2017-07-04,58695.0,58695.0,19749.0,81007.0,60155.0,-49495.0,25233.0,-4669.0
2017-07-05,58695.0,58695.0,19749.0,81007.0,60155.0,-49495.0,25233.0,-4669.0
2017-07-06,58695.0,58695.0,19749.0,81007.0,60155.0,-49495.0,25233.0,-4669.0
2017-07-07,77464.0,77464.0,32414.0,84859.0,77868.0,-39372.0,29133.0,-113.0
2017-07-10,77464.0,77464.0,32414.0,84859.0,77868.0,-39372.0,29133.0,-113.0
2017-07-11,77464.0,77464.0,32414.0,84859.0,77868.0,-39372.0,29133.0,-113.0
2017-07-12,77464.0,77464.0,32414.0,84859.0,77868.0,-39372.0,29133.0,-113.0
2017-07-13,77464.0,77464.0,32414.0,84859.0,77868.0,-39372.0,29133.0,-113.0
2017-07-14,83788.0,83788.0,36806.0,97859.0,85333.0,-8604.0,31905.0,208.0
2017-07-17,83788.0,83788.0,36806.0,97859.0,85333.0,-8604.0,31905.0,208.0
2017-07-18,83788.0,83788.0,36806.0,97859.0,85333.0,-8604.0,31905.0,208.0
2017-07-19,83788.0,83788.0,36806.0,97859.0,85333.0,-8604.0,31905.0,208.0
2017-07-20,83788.0,83788.0,36806.0,97859.0,85333.0,-8604.0,31905.0,208.0
2017-07-21,91321.0,91321.0,51356.0,112539.0,93799.0,8043.0,35981.0,-3667.0
2017-07-24,91321.0,91321.0,51356.0,112539.0,93799.0,8043.0,35981.0,-3667.0
2017-07-25,91321.0,91321.0,51356.0,112539.0,93799.0,8043.0,35981.0,-3667.0
2017-07-26,91321.0,91321.0,51356.0,112539.0,93799.0,8043.0,35981.0,-3667.0
2017-07-27,91321.0,91321.0,51356.0,112539.0,93799.0,8043.0,35981.0,-3667.0
2017-07-28,90842.0,90842.0,56374.0,112890.0,93250.0,26613.0,34805.0,-1550.0
2017-07-31,90842.0,90842.0,56374.0,112890.0,93250.0,26613.0,34805.0,-1550.0
2017-08-01,90842.0,90842.0,56374.0,112890.0,93250.0,26613.0,34805.0,-1550.0
2017-08-02,90842.0,90842.0,56374.0,112890.0,93250.0,26613.0,34805.0,-1550.0
2017-08-03,90842.0,90842.0,56374.0,112890.0,93250.0,26613.0,34805.0,-1550.0
2017-08-04,82637.0,82637.0,60713.0,113549.0,81438.0,40638.0,34938.0,1440.0
2017-08-07,82637.0,82637.0,60713.0,113549.0,81438.0,40638.0,34938.0,1440.0
2017-08-08,82637.0,82637.0,60713.0,113549.0,81438.0,40638.0,34938.0,1440.0
2017-08-09,82637.0,82637.0,60713.0,113549.0,81438.0,40638.0,34938.0,1440.0
2017-08-10,82637.0,82637.0,60713.0,113549.0,81438.0,40638.0,34938.0,1440.0
2017-08-11,93685.0,93685.0,58010.0,106437.0,93982.0,62821.0,33485.0,-1402.0
2017-08-14,93685.0,93685.0,58010.0,106437.0,93982.0,62821.0,33485.0,-1402.0
2017-08-15,93685.0,93685.0,58010.0,106437.0,93982.0,62821.0,33485.0,-1402.0
2017-08-16,93685.0,93685.0,58010.0,106437.0,93982.0,62821.0,33485.0,-1402.0
2017-08-17,93685.0,93685.0,58010.0,106437.0,93982.0,62821.0,33485.0,-1402.0
2017-08-18,79267.0,79267.0,59612.0,94849.0,85344.0,51349.0,24839.0,-1181.0
2017-08-21,79267.0,79267.0,59612.0,94849.0,85344.0,51349.0,24839.0,-1181.0
2017-08-22,79267.0,79267.0,59612.0,94849.0,85344.0,51349.0,24839.0,-1181.0
2017-08-23,79267.0,79267.0,59612.0,94849.0,85344.0,51349.0,24839.0,-1181.0
2017-08-24,79267.0,79267.0,59612.0,94849.0,85344.0,51349.0,24839.0,-1181.0
2017-08-25,87976.0,87976.0,60484.0,97618.0,91848.0,51099.0,21882.0,-1987.0
2017-08-28,87976.0,87976.0,60484.0,97618.0,91848.0,51099.0,21882.0,-1987.0
2017-08-29,87976.0,87976.0,60484.0,97618.0,91848.0,51099.0,21882.0,-1987.0
2017-08-30,87976.0,87976.0,60484.0,97618.0,91848.0,51099.0,21882.0,-1987.0
2017-08-31,87976.0,87976.0,60484.0,97618.0,91848.0,51099.0,21882.0,-1987.0
2017-09-01,86519.0,86519.0,66527.0,97010.0,90779.0,53167.0,18804.0,-1778.0
2017-09-04,86519.0,86519.0,66527.0,97010.0,90779.0,53167.0,18804.0,-1778.0
2017-09-05,86519.0,86519.0,66527.0,97010.0,90779.0,53167.0,18804.0,-1778.0
2017-09-06,86519.0,86519.0,66527.0,97010.0,90779.0,53167.0,18804.0,-1778.0
2017-09-07,86519.0,86519.0,66527.0,97010.0,90779.0,53167.0,18804.0,-1778.0
2017-09-08,96309.0,96309.0,64904.0,113612.0,100437.0,53644.0,14723.0,-2171.0
2017-09-11,96309.0,96309.0,64904.0,113612.0,100437.0,53644.0,14723.0,-2171.0
2017-09-12,96309.0,96309.0,64904.0,113612.0,100437.0,53644.0,14723.0,-2171.0
2017-09-13,96309.0,96309.0,64904.0,113612.0,100437.0,53644.0,14723.0,-2171.0
2017-09-14,96309.0,96309.0,64904.0,113612.0,100437.0,53644.0,14723.0,-2171.0
2017-09-15,86058.0,86058.0,63033.0,116998.0,91720.0,50499.0,12350.0,-1314.0
2017-09-18,86058.0,86058.0,63033.0,116998.0,91720.0,50499.0,12350.0,-1314.0
2017-09-19,86058.0,86058.0,63033.0,116998.0,91720.0,50499.0,12350.0,-1314.0
2017-09-20,86058.0,86058.0,63033.0,116998.0,91720.0,50499.0,12350.0,-1314.0
2017-09-21,86058.0,86058.0,63033.0,116998.0,91720.0,50499.0,12350.0,-1314.0
2017-09-22,62753.0,62753.0,72512.0,76952.0,66556.0,58846.0,6670.0,-1569.0
2017-09-25,62753.0,62753.0,72512.0,76952.0,66556.0,58846.0,6670.0,-1569.0
2017-09-26,62753.0,62753.0,72512.0,76952.0,66556.0,58846.0,6670.0,-1569.0
2017-09-27,62753.0,62753.0,72512.0,76952.0,66556.0,58846.0,6670.0,-1569.0
2017-09-28,62753.0,62753.0,72512.0,76952.0,66556.0,58846.0,6670.0,-1569.0
2017-09-29,88167.0,88167.0,77194.0,83727.0,93905.0,74605.0,8053.0,-1862.0
2017-10-02,88167.0,88167.0,77194.0,83727.0,93905.0,74605.0,8053.0,-1862.0
2017-10-03,88167.0,88167.0,77194.0,83727.0,93905.0,74605.0,8053.0,-1862.0
2017-10-04,88167.0,88167.0,77194.0,83727.0,93905.0,74605.0,8053.0,-1862.0
2017-10-05,88167.0,88167.0,77194.0,83727.0,93905.0,74605.0,8053.0,-1862.0
2017-10-06,90833.0,90833.0,71812.0,89116.0,95308.0,75128.0,8118.0,-3293.0
2017-10-09,90833.0,90833.0,71812.0,89116.0,95308.0,75128.0,8118.0,-3293.0
2017-10-10,90833.0,90833.0,71812.0,89116.0,95308.0,75128.0,8118.0,-3293.0
2017-10-11,90833.0,90833.0,71812.0,89116.0,95308.0,75128.0,8118.0,-3293.0
2017-10-12,90833.0,90833.0,71812.0,89116.0,95308.0,75128.0,8118.0,-3293.0
2017-10-13,98079.0,98079.0,69182.0,82749.0,98246.0,76392.0,5729.0,-4262.0
2017-10-16,98079.0,98079.0,69182.0,82749.0,98246.0,76392.0,5729.0,-4262.0
2017-10-17,98079.0,98079.0,69182.0,82749.0,98246.0,76392.0,5729.0,-4262.0
2017-10-18,98079.0,98079.0,69182.0,82749.0,98246.0,76392.0,5729.0,-4262.0
2017-10-19,98079.0,98079.0,69182.0,82749.0,98246.0,76392.0,5729.0,-4262.0
2017-10-20,90452.0,90452.0,61800.0,71067.0,90330.0,75086.0,6977.0,-4931.0
2017-10-23,90452.0,90452.0,61800.0,71067.0,90330.0,75086.0,6977.0,-4931.0
2017-10-24,90452.0,90452.0,61800.0,71067.0,90330.0,75086.0,6977.0,-4931.0
2017-10-25,90452.0,90452.0,61800.0,71067.0,90330.0,75086.0,6977.0,-4931.0
2017-10-26,90452.0,90452.0,61800.0,71067.0,90330.0,75086.0,6977.0,-4931.0
2017-10-27,83504.0,83504.0,57250.0,55701.0,85553.0,72332.0,611.0,-11597.0
2017-10-30,83504.0,83504.0,57250.0,55701.0,85553.0,72332.0,611.0,-11597.0
2017-10-31,83504.0,83504.0,57250.0,55701.0,85553.0,72332.0,611.0,-11597.0
2017-11-01,83504.0,83504.0,57250.0,55701.0,85553.0,72332.0,611.0,-11597.0
2017-11-02,83504.0,83504.0,57250.0,55701.0,85553.0,72332.0,611.0,-11597.0
2017-11-03,72097.0,72097.0,51608.0,55246.0,70356.0,57839.0,-5707.0,-20671.0
2017-11-06,72097.0,72097.0,51608.0,55246.0,70356.0,57839.0,-5707.0,-20671.0
2017-11-07,72097.0,72097.0,51608.0,55246.0,70356.0,57839.0,-5707.0,-20671.0
2017-11-08,72097.0,72097.0,51608.0,55246.0,70356.0,57839.0,-5707.0,-20671.0
2017-11-09,72097.0,72097.0,51608.0,55246.0,70356.0,57839.0,-5707.0,-20671.0
2017-11-10,85455.0,85455.0,45437.0,56975.0,79507.0,50889.0,-11187.0,-25110.0
2017-11-13,85455.0,85455.0,45437.0,56975.0,79507.0,50889.0,-11187.0,-25110.0
2017-11-14,85455.0,85455.0,45437.0,56975.0,79507.0,50889.0,-11187.0,-25110.0
2017-11-15,85455.0,85455.0,45437.0,56975.0,79507.0,50889.0,-11187.0,-25110.0
2017-11-16,85455.0,85455.0,45437.0,56975.0,79507.0,50889.0,-11187.0,-25110.0
2017-11-17,84586.0,84586.0,44032.0,62533.0,81418.0,47335.0,-11891.0,-27983.0
2017-11-20,84586.0,84586.0,44032.0,62533.0,81418.0,47335.0,-11891.0,-27983.0
2017-11-21,84586.0,84586.0,44032.0,62533.0,81418.0,47335.0,-11891.0,-27983.0
2017-11-22,84586.0,84586.0,44032.0,62533.0,81418.0,47335.0,-11891.0,-27983.0
2017-11-23,84586.0,84586.0,44032.0,62533.0,81418.0,47335.0,-11891.0,-27983.0
2017-11-24,95437.0,95437.0,39817.0,80386.0,88240.0,45125.0,-13394.0,-29740.0
2017-11-27,95437.0,95437.0,39817.0,80386.0,88240.0,45125.0,-13394.0,-29740.0
2017-11-28,95437.0,95437.0,39817.0,80386.0,88240.0,45125.0,-13394.0,-29740.0
2017-11-29,95437.0,95437.0,39817.0,80386.0,88240.0,45125.0,-13394.0,-29740.0
2017-11-30,95437.0,95437.0,39817.0,80386.0,88240.0,45125.0,-13394.0,-29740.0
2017-12-01,89681.0,89681.0,38882.0,89566.0,83970.0,45658.0,-14022.0,-30184.0
2017-12-04,89681.0,89681.0,38882.0,89566.0,83970.0,45658.0,-14022.0,-30184.0
2017-12-05,89681.0,89681.0,38882.0,89566.0,83970.0,45658.0,-14022.0,-30184.0
2017-12-06,89681.0,89681.0,38882.0,89566.0,83970.0,45658.0,-14022.0,-30184.0
2017-12-07,89681.0,89681.0,38882.0,89566.0,83970.0,45658.0,-14022.0,-30184.0
2017-12-08,93106.0,93106.0,40328.0,96523.0,86790.0,42466.0,-12893.0,-29567.0
2017-12-11,93106.0,93106.0,40328.0,96523.0,86790.0,42466.0,-12893.0,-29567.0
2017-12-12,93106.0,93106.0,40328.0,96523.0,86790.0,42466.0,-12893.0,-29567.0
2017-12-13,93106.0,93106.0,40328.0,96523.0,86790.0,42466.0,-12893.0,-29567.0
2017-12-14,93106.0,93106.0,40328.0,96523.0,86790.0,42466.0,-12893.0,-29567.0
2017-12-15,113889.0,113889.0,40720.0,86176.0,104754.0,41960.0,-13428.0,-28765.0
2017-12-18,113889.0,113889.0,40720.0,86176.0,104754.0,41960.0,-13428.0,-28765.0
2017-12-19,113889.0,113889.0,40720.0,86176.0,104754.0,41960.0,-13428.0,-28765.0
2017-12-20,113889.0,113889.0,40720.0,86176.0,104754.0,41960.0,-13428.0,-28765.0
2017-12-21,113889.0,113889.0,40720.0,86176.0,104754.0,41960.0,-13428.0,-28765.0
2017-12-22,86224.0,86224.0,-12660.0,53894.0,81235.0,45901.0,-16619.0,-17395.0
2017-12-25,86224.0,86224.0,-12660.0,53894.0,81235.0,45901.0,-16619.0,-17395.0
2017-12-26,86224.0,86224.0,-12660.0,53894.0,81235.0,45901.0,-16619.0,-17395.0
2017-12-27,86224.0,86224.0,-12660.0,53894.0,81235.0,45901.0,-16619.0,-17395.0
2017-12-28,86224.0,86224.0,-12660.0,53894.0,81235.0,45901.0,-16619.0,-17395.0
2017-12-29,92148.0,92148.0,-13639.0,36384.0,88314.0,17346.0,-17586.0,-13902.0
2018-01-01,92148.0,92148.0,-13639.0,36384.0,88314.0,17346.0,-17586.0,-13902.0
2018-01-02,92148.0,92148.0,-13639.0,36384.0,88314.0,17346.0,-17586.0,-13902.0
2018-01-03,92148.0,92148.0,-13639.0,36384.0,88314.0,17346.0,-17586.0,-13902.0
2018-01-04,92148.0,92148.0,-13639.0,36384.0,88314.0,17346.0,-17586.0,-13902.0
2018-01-05,127868.0,127868.0,-20026.0,35058.0,130255.0,14739.0,-16985.0,-16232.0
2018-01-08,127868.0,127868.0,-20026.0,35058.0,130255.0,14739.0,-16985.0,-16232.0
2018-01-09,127868.0,127868.0,-20026.0,35058.0,130255.0,14739.0,-16985.0,-16232.0
2018-01-10,127868.0,127868.0,-20026.0,35058.0,130255.0,14739.0,-16985.0,-16232.0
2018-01-11,127868.0,127868.0,-20026.0,35058.0,130255.0,14739.0,-16985.0,-16232.0
2018-01-12,144691.0,144691.0,5458.0,29797.0,142468.0,17461.0,-11017.0,-21922.0
2018-01-15,144691.0,144691.0,5458.0,29797.0,142468.0,17461.0,-11017.0,-21922.0
2018-01-16,144691.0,144691.0,5458.0,29797.0,142468.0,17461.0,-11017.0,-21922.0
2018-01-17,144691.0,144691.0,5458.0,29797.0,142468.0,17461.0,-11017.0,-21922.0
2018-01-18,144691.0,144691.0,5458.0,29797.0,142468.0,17461.0,-11017.0,-21922.0
2018-01-19,139490.0,139490.0,10074.0,46795.0,138348.0,17556.0,-7991.0,-21106.0
2018-01-22,139490.0,139490.0,10074.0,46795.0,138348.0,17556.0,-7991.0,-21106.0
2018-01-23,139490.0,139490.0,10074.0,46795.0,138348.0,17556.0,-7991.0,-21106.0
2018-01-24,139490.0,139490.0,10074.0,46795.0,138348.0,17556.0,-7991.0,-21106.0
2018-01-25,139490.0,139490.0,10074.0,46795.0,138348.0,17556.0,-7991.0,-21106.0
2018-01-26,144717.0,144717.0,16679.0,61155.0,143097.0,22557.0,-1466.0,-22115.0
2018-01-29,144717.0,144717.0,16679.0,61155.0,143097.0,22557.0,-1466.0,-22115.0
2018-01-30,144717.0,144717.0,16679.0,61155.0,143097.0,22557.0,-1466.0,-22115.0
2018-01-31,144717.0,144717.0,16679.0,61155.0,143097.0,22557.0,-1466.0,-22115.0
2018-02-01,144717.0,144717.0,16679.0,61155.0,143097.0,22557.0,-1466.0,-22115.0
2018-02-02,148742.0,148742.0,13151.0,80045.0,147318.0,33465.0,3470.0,-20327.0
2018-02-05,148742.0,148742.0,13151.0,80045.0,147318.0,33465.0,3470.0,-20327.0
2018-02-06,148742.0,148742.0,13151.0,80045.0,147318.0,33465.0,3470.0,-20327.0
2018-02-07,148742.0,148742.0,13151.0,80045.0,147318.0,33465.0,3470.0,-20327.0
2018-02-08,148742.0,148742.0,13151.0,80045.0,147318.0,33465.0,3470.0,-20327.0
2018-02-09,140823.0,140823.0,13748.0,92855.0,143602.0,40164.0,3332.0,-20241.0
2018-02-12,140823.0,140823.0,13748.0,92855.0,143602.0,40164.0,3332.0,-20241.0
2018-02-13,140823.0,140823.0,13748.0,92855.0,143602.0,40164.0,3332.0,-20241.0
2018-02-14,140823.0,140823.0,13748.0,92855.0,143602.0,40164.0,3332.0,-20241.0
2018-02-15,140823.0,140823.0,13748.0,92855.0,143602.0,40164.0,3332.0,-20241.0
2018-02-16,127289.0,127289.0,9081.0,96778.0,130328.0,32529.0,2220.0,-19925.0
2018-02-19,127289.0,127289.0,9081.0,96778.0,130328.0,32529.0,2220.0,-19925.0
2018-02-20,127289.0,127289.0,9081.0,96778.0,130328.0,32529.0,2220.0,-19925.0
2018-02-21,127289.0,127289.0,9081.0,96778.0,130328.0,32529.0,2220.0,-19925.0
2018-02-22,127289.0,127289.0,9081.0,96778.0,130328.0,32529.0,2220.0,-19925.0
2018-02-23,126126.0,126126.0,11875.0,94821.0,129357.0,23127.0,944.0,-15788.0
2018-02-26,126126.0,126126.0,11875.0,94821.0,129357.0,23127.0,944.0,-15788.0
2018-02-27,126126.0,126126.0,11875.0,94821.0,129357.0,23127.0,944.0,-15788.0
2018-02-28,126126.0,126126.0,11875.0,94821.0,129357.0,23127.0,944.0,-15788.0
2018-03-01,126126.0,126126.0,11875.0,94821.0,129357.0,23127.0,944.0,-15788.0
2018-03-02,137977.0,137977.0,9574.0,92507.0,139850.0,22220.0,-991.0,-15999.0
2018-03-05,137977.0,137977.0,9574.0,92507.0,139850.0,22220.0,-991.0,-15999.0
2018-03-06,137977.0,137977.0,9574.0,92507.0,139850.0,22220.0,-991.0,-15999.0
2018-03-07,137977.0,137977.0,9574.0,92507.0,139850.0,22220.0,-991.0,-15999.0
2018-03-08,137977.0,137977.0,9574.0,92507.0,139850.0,22220.0,-991.0,-15999.0
2018-03-09,132972.0,132972.0,3135.0,83295.0,126566.0,19565.0,30.0,-8477.0
2018-03-12,132972.0,132972.0,3135.0,83295.0,126566.0,19565.0,30.0,-8477.0
2018-03-13,132972.0,132972.0,3135.0,83295.0,126566.0,19565.0,30.0,-8477.0
2018-03-14,132972.0,132972.0,3135.0,83295.0,126566.0,19565.0,30.0,-8477.0
2018-03-15,132972.0,132972.0,3135.0,83295.0,126566.0,19565.0,30.0,-8477.0
2018-03-16,146380.0,146380.0,-779.0,86940.0,138287.0,19420.0,-2816.0,-6572.0
2018-03-19,146380.0,146380.0,-779.0,86940.0,138287.0,19420.0,-2816.0,-6572.0
2018-03-20,146380.0,146380.0,-779.0,86940.0,138287.0,19420.0,-2816.0,-6572.0
2018-03-21,146380.0,146380.0,-779.0,86940.0,138287.0,19420.0,-2816.0,-6572.0
2018-03-22,146380.0,146380.0,-779.0,86940.0,138287.0,19420.0,-2816.0,-6572.0
2018-03-23,132739.0,132739.0,17925.0,66845.0,126029.0,24560.0,19626.0,-8246.0
2018-03-26,132739.0,132739.0,17925.0,66845.0,126029.0,24560.0,19626.0,-8246.0
2018-03-27,132739.0,132739.0,17925.0,66845.0,126029.0,24560.0,19626.0,-8246.0
2018-03-28,132739.0,132739.0,17925.0,66845.0,126029.0,24560.0,19626.0,-8246.0
2018-03-29,132739.0,132739.0,17925.0,66845.0,126029.0,24560.0,19626.0,-8246.0
2018-03-30,141064.0,141064.0,8074.0,89787.0,132335.0,-27050.0,18239.0,-9445.0
2018-04-02,141064.0,141064.0,8074.0,89787.0,132335.0,-27050.0,18239.0,-9445.0
2018-04-03,141064.0,141064.0,8074.0,89787.0,132335.0,-27050.0,18239.0,-9445.0
2018-04-04,141064.0,141064.0,8074.0,89787.0,132335.0,-27050.0,18239.0,-9445.0
2018-04-05,141064.0,141064.0,8074.0,89787.0,132335.0,-27050.0,18239.0,-9445.0
2018-04-06,134381.0,134381.0,-75.0,99080.0,128259.0,-31872.0,18377.0,-9911.0
2018-04-09,134381.0,134381.0,-75.0,99080.0,128259.0,-31872.0,18377.0,-9911.0
2018-04-10,134381.0,134381.0,-75.0,99080.0,128259.0,-31872.0,18377.0,-9911.0
2018-04-11,134381.0,134381.0,-75.0,99080.0,128259.0,-31872.0,18377.0,-9911.0
2018-04-12,134381.0,134381.0,-75.0,99080.0,128259.0,-31872.0,18377.0,-9911.0
2018-04-13,147463.0,147463.0,-2796.0,102218.0,142822.0,-31672.0,22827.0,-10744.0
2018-04-16,147463.0,147463.0,-2796.0,102218.0,142822.0,-31672.0,22827.0,-10744.0
2018-04-17,147463.0,147463.0,-2796.0,102218.0,142822.0,-31672.0,22827.0,-10744.0
2018-04-18,147463.0,147463.0,-2796.0,102218.0,142822.0,-31672.0,22827.0,-10744.0
2018-04-19,147463.0,147463.0,-2796.0,102218.0,142822.0,-31672.0,22827.0,-10744.0
2018-04-20,151476.0,151476.0,-10155.0,101841.0,144819.0,-30324.0,27603.0,-10521.0
2018-04-23,151476.0,151476.0,-10155.0,101841.0,144819.0,-30324.0,27603.0,-10521.0
2018-04-24,151476.0,151476.0,-10155.0,101841.0,144819.0,-30324.0,27603.0,-10521.0
2018-04-25,151476.0,151476.0,-10155.0,101841.0,144819.0,-30324.0,27603.0,-10521.0
2018-04-26,151476.0,151476.0,-10155.0,101841.0,144819.0,-30324.0,27603.0,-10521.0
2018-04-27,130594.0,130594.0,-3396.0,88783.0,124453.0,-25144.0,24434.0,-10225.0
2018-04-30,130594.0,130594.0,-3396.0,88783.0,124453.0,-25144.0,24434.0,-10225.0
2018-05-01,130594.0,130594.0,-3396.0,88783.0,124453.0,-25144.0,24434.0,-10225.0
2018-05-02,130594.0,130594.0,-3396.0,88783.0,124453.0,-25144.0,24434.0,-10225.0
2018-05-03,130594.0,130594.0,-3396.0,88783.0,124453.0,-25144.0,24434.0,-10225.0
2018-05-04,120568.0,120568.0,-5672.0,86041.0,114115.0,-27535.0,16573.0,-19456.0
2018-05-07,120568.0,120568.0,-5672.0,86041.0,114115.0,-27535.0,16573.0,-19456.0
2018-05-08,120568.0,120568.0,-5672.0,86041.0,114115.0,-27535.0,16573.0,-19456.0
2018-05-09,120568.0,120568.0,-5672.0,86041.0,114115.0,-27535.0,16573.0,-19456.0
2018-05-10,120568.0,120568.0,-5672.0,86041.0,114115.0,-27535.0,16573.0,-19456.0
2018-05-11,120505.0,120505.0,-16766.0,76188.0,112480.0,-23861.0,12546.0,-32602.0
2018-05-14,120505.0,120505.0,-16766.0,76188.0,112480.0,-23861.0,12546.0,-32602.0
2018-05-15,120505.0,120505.0,-16766.0,76188.0,112480.0,-23861.0,12546.0,-32602.0
2018-05-16,120505.0,120505.0,-16766.0,76188.0,112480.0,-23861.0,12546.0,-32602.0
2018-05-17,120505.0,120505.0,-16766.0,76188.0,112480.0,-23861.0,12546.0,-32602.0
2018-05-18,115114.0,115114.0,-23106.0,52778.0,99933.0,-23656.0,1953.0,-36393.0
2018-05-21,115114.0,115114.0,-23106.0,52778.0,99933.0,-23656.0,1953.0,-36393.0
2018-05-22,115114.0,115114.0,-23106.0,52778.0,99933.0,-23656.0,1953.0,-36393.0
2018-05-23,115114.0,115114.0,-23106.0,52778.0,99933.0,-23656.0,1953.0,-36393.0
2018-05-24,115114.0,115114.0,-23106.0,52778.0,99933.0,-23656.0,1953.0,-36393.0
2018-05-25,109744.0,109744.0,-21112.0,31540.0,91823.0,-26212.0,-1363.0,-37311.0
2018-05-28,109744.0,109744.0,-21112.0,31540.0,91823.0,-26212.0,-1363.0,-37311.0
2018-05-29,109744.0,109744.0,-21112.0,31540.0,91823.0,-26212.0,-1363.0,-37311.0
2018-05-30,109744.0,109744.0,-21112.0,31540.0,91823.0,-26212.0,-1363.0,-37311.0
2018-05-31,109744.0,109744.0,-21112.0,31540.0,91823.0,-26212.0,-1363.0,-37311.0
2018-06-01,93037.0,93037.0,-23235.0,18336.0,74659.0,-15690.0,1401.0,-43431.0
2018-06-04,93037.0,93037.0,-23235.0,18336.0,74659.0,-15690.0,1401.0,-43431.0
2018-06-05,93037.0,93037.0,-23235.0,18336.0,74659.0,-15690.0,1401.0,-43431.0
2018-06-06,93037.0,93037.0,-23235.0,18336.0,74659.0,-15690.0,1401.0,-43431.0
2018-06-07,93037.0,93037.0,-23235.0,18336.0,74659.0,-15690.0,1401.0,-43431.0
2018-06-08,89236.0,89236.0,-20208.0,-11110.0,71710.0,-16039.0,4383.0,-39216.0
2018-06-11,89236.0,89236.0,-20208.0,-11110.0,71710.0,-16039.0,4383.0,-39216.0
2018-06-12,89236.0,89236.0,-20208.0,-11110.0,71710.0,-16039.0,4383.0,-39216.0
2018-06-13,89236.0,89236.0,-20208.0,-11110.0,71710.0,-16039.0,4383.0,-39216.0
2018-06-14,89236.0,89236.0,-20208.0,-11110.0,71710.0,-16039.0,4383.0,-39216.0
2018-06-15,88225.0,88225.0,-15235.0,-21700.0,77137.0,-14988.0,7006.0,-37245.0
2018-06-18,88225.0,88225.0,-15235.0,-21700.0,77137.0,-14988.0,7006.0,-37245.0
2018-06-19,88225.0,88225.0,-15235.0,-21700.0,77137.0,-14988.0,7006.0,-37245.0
2018-06-20,88225.0,88225.0,-15235.0,-21700.0,77137.0,-14988.0,7006.0,-37245.0
2018-06-21,88225.0,88225.0,-15235.0,-21700.0,77137.0,-14988.0,7006.0,-37245.0
2018-06-22,36118.0,36118.0,-43099.0,-11265.0,27783.0,-14014.0,-15940.0,-31957.0
2018-06-25,36118.0,36118.0,-43099.0,-11265.0,27783.0,-14014.0,-15940.0,-31957.0
2018-06-26,36118.0,36118.0,-43099.0,-11265.0,27783.0,-14014.0,-15940.0,-31957.0
2018-06-27,36118.0,36118.0,-43099.0,-11265.0,27783.0,-14014.0,-15940.0,-31957.0
2018-06-28,36118.0,36118.0,-43099.0,-11265.0,27783.0,-14014.0,-15940.0,-31957.0
2018-06-29,33904.0,33904.0,-40978.0,-12510.0,26395.0,-32799.0,-17562.0,-38031.0
2018-07-02,33904.0,33904.0,-40978.0,-12510.0,26395.0,-32799.0,-17562.0,-38031.0
2018-07-03,33904.0,33904.0,-40978.0,-12510.0,26395.0,-32799.0,-17562.0,-38031.0
2018-07-04,33904.0,33904.0,-40978.0,-12510.0,26395.0,-32799.0,-17562.0,-38031.0
2018-07-05,33904.0,33904.0,-40978.0,-12510.0,26395.0,-32799.0,-17562.0,-38031.0
2018-07-06,36747.0,36747.0,-39230.0,5915.0,29889.0,-49448.0,-26404.0,-40494.0
2018-07-09,36747.0,36747.0,-39230.0,5915.0,29889.0,-49448.0,-26404.0,-40494.0
2018-07-10,36747.0,36747.0,-39230.0,5915.0,29889.0,-49448.0,-26404.0,-40494.0
2018-07-11,36747.0,36747.0,-39230.0,5915.0,29889.0,-49448.0,-26404.0,-40494.0
2018-07-12,36747.0,36747.0,-39230.0,5915.0,29889.0,-49448.0,-26404.0,-40494.0
2018-07-13,24357.0,24357.0,-40973.0,28132.0,27193.0,-52887.0,-26574.0,-40121.0
2018-07-16,24357.0,24357.0,-40973.0,28132.0,27193.0,-52887.0,-26574.0,-40121.0
2018-07-17,24357.0,24357.0,-40973.0,28132.0,27193.0,-52887.0,-26574.0,-40121.0
2018-07-18,24357.0,24357.0,-40973.0,28132.0,27193.0,-52887.0,-26574.0,-40121.0
2018-07-19,24357.0,24357.0,-40973.0,28132.0,27193.0,-52887.0,-26574.0,-40121.0
2018-07-20,21407.0,21407.0,-40525.0,29078.0,22964.0,-47484.0,-25067.0,-42143.0
2018-07-23,21407.0,21407.0,-40525.0,29078.0,22964.0,-47484.0,-25067.0,-42143.0
2018-07-24,21407.0,21407.0,-40525.0,29078.0,22964.0,-47484.0,-25067.0,-42143.0
2018-07-25,21407.0,21407.0,-40525.0,29078.0,22964.0,-47484.0,-25067.0,-42143.0
2018-07-26,21407.0,21407.0,-40525.0,29078.0,22964.0,-47484.0,-25067.0,-42143.0
2018-07-27,29640.0,29640.0,-45486.0,19584.0,30437.0,-44511.0,-24370.0,-45808.0
2018-07-30,29640.0,29640.0,-45486.0,19584.0,30437.0,-44511.0,-24370.0,-45808.0
2018-07-31,29640.0,29640.0,-45486.0,19584.0,30437.0,-44511.0,-24370.0,-45808.0
2018-08-01,29640.0,29640.0,-45486.0,19584.0,30437.0,-44511.0,-24370.0,-45808.0
2018-08-02,29640.0,29640.0,-45486.0,19584.0,30437.0,-44511.0,-24370.0,-45808.0
2018-08-03,22825.0,22825.0,-51476.0,26515.0,22156.0,-31569.0,-23680.0,-44422.0
2018-08-06,22825.0,22825.0,-51476.0,26515.0,22156.0,-31569.0,-23680.0,-44422.0
2018-08-07,22825.0,22825.0,-51476.0,26515.0,22156.0,-31569.0,-23680.0,-44422.0
2018-08-08,22825.0,22825.0,-51476.0,26515.0,22156.0,-31569.0,-23680.0,-44422.0
2018-08-09,22825.0,22825.0,-51476.0,26515.0,22156.0,-31569.0,-23680.0,-44422.0
2018-08-10,10565.0,10565.0,-54540.0,33260.0,9124.0,-24898.0,-24527.0,-46108.0
2018-08-13,10565.0,10565.0,-54540.0,33260.0,9124.0,-24898.0,-24527.0,-46108.0
2018-08-14,10565.0,10565.0,-54540.0,33260.0,9124.0,-24898.0,-24527.0,-46108.0
2018-08-15,10565.0,10565.0,-54540.0,33260.0,9124.0,-24898.0,-24527.0,-46108.0
2018-08-16,10565.0,10565.0,-54540.0,33260.0,9124.0,-24898.0,-24527.0,-46108.0
2018-08-17,-1789.0,-1789.0,-51783.0,31074.0,-4925.0,-26198.0,-26693.0,-45849.0
2018-08-20,-1789.0,-1789.0,-51783.0,31074.0,-4925.0,-26198.0,-26693.0,-45849.0
2018-08-21,-1789.0,-1789.0,-51783.0,31074.0,-4925.0,-26198.0,-26693.0,-45849.0
2018-08-22,-1789.0,-1789.0,-51783.0,31074.0,-4925.0,-26198.0,-26693.0,-45849.0
2018-08-23,-1789.0,-1789.0,-51783.0,31074.0,-4925.0,-26198.0,-26693.0,-45849.0
2018-08-24,-4841.0,-4841.0,-50207.0,25670.0,-5828.0,-27021.0,-25143.0,-47218.0
2018-08-27,-4841.0,-4841.0,-50207.0,25670.0,-5828.0,-27021.0,-25143.0,-47218.0
2018-08-28,-4841.0,-4841.0,-50207.0,25670.0,-5828.0,-27021.0,-25143.0,-47218.0
2018-08-29,-4841.0,-4841.0,-50207.0,25670.0,-5828.0,-27021.0,-25143.0,-47218.0
2018-08-30,-4841.0,-4841.0,-50207.0,25670.0,-5828.0,-27021.0,-25143.0,-47218.0
2018-08-31,-7219.0,-7219.0,-44633.0,19337.0,-4938.0,-24789.0,-23927.0,-44744.0
2018-09-03,-7219.0,-7219.0,-44633.0,19337.0,-4938.0,-24789.0,-23927.0,-44744.0
2018-09-04,-7219.0,-7219.0,-44633.0,19337.0,-4938.0,-24789.0,-23927.0,-44744.0
2018-09-05,-7219.0,-7219.0,-44633.0,19337.0,-4938.0,-24789.0,-23927.0,-44744.0
2018-09-06,-7219.0,-7219.0,-44633.0,19337.0,-4938.0,-24789.0,-23927.0,-44744.0
2018-09-07,7963.0,7963.0,-44031.0,12519.0,10422.0,-26307.0,-24894.0,-40394.0
2018-09-10,7963.0,7963.0,-44031.0,12519.0,10422.0,-26307.0,-24894.0,-40394.0
2018-09-11,7963.0,7963.0,-44031.0,12519.0,10422.0,-26307.0,-24894.0,-40394.0
2018-09-12,7963.0,7963.0,-44031.0,12519.0,10422.0,-26307.0,-24894.0,-40394.0
2018-09-13,7963.0,7963.0,-44031.0,12519.0,10422.0,-26307.0,-24894.0,-40394.0
2018-09-14,11170.0,11170.0,-44312.0,14536.0,14096.0,-26942.0,-22647.0,-35350.0
2018-09-17,11170.0,11170.0,-44312.0,14536.0,14096.0,-26942.0,-22647.0,-35350.0
2018-09-18,11170.0,11170.0,-44312.0,14536.0,14096.0,-26942.0,-22647.0,-35350.0
2018-09-19,11170.0,11170.0,-44312.0,14536.0,14096.0,-26942.0,-22647.0,-35350.0
2018-09-20,11170.0,11170.0,-44312.0,14536.0,14096.0,-26942.0,-22647.0,-35350.0
2018-09-21,1666.0,1666.0,-68003.0,40513.0,5595.0,-30111.0,-31989.0,-18438.0
2018-09-24,1666.0,1666.0,-68003.0,40513.0,5595.0,-30111.0,-31989.0,-18438.0
2018-09-25,1666.0,1666.0,-68003.0,40513.0,5595.0,-30111.0,-31989.0,-18438.0
2018-09-26,1666.0,1666.0,-68003.0,40513.0,5595.0,-30111.0,-31989.0,-18438.0
2018-09-27,1666.0,1666.0,-68003.0,40513.0,5595.0,-30111.0,-31989.0,-18438.0
2018-09-28,3696.0,3696.0,-72061.0,51398.0,7529.0,-19532.0,-31835.0,-16083.0
2018-10-01,3696.0,3696.0,-72061.0,51398.0,7529.0,-19532.0,-31835.0,-16083.0
2018-10-02,3696.0,3696.0,-72061.0,51398.0,7529.0,-19532.0,-31835.0,-16083.0
2018-10-03,3696.0,3696.0,-72061.0,51398.0,7529.0,-19532.0,-31835.0,-16083.0
2018-10-04,3696.0,3696.0,-72061.0,51398.0,7529.0,-19532.0,-31835.0,-16083.0
2018-10-05,-7101.0,-7101.0,-71718.0,73829.0,-6714.0,-18484.0,-30596.0,-13402.0
2018-10-08,-7101.0,-7101.0,-71718.0,73829.0,-6714.0,-18484.0,-30596.0,-13402.0
2018-10-09,-7101.0,-7101.0,-71718.0,73829.0,-6714.0,-18484.0,-30596.0,-13402.0
2018-10-10,-7101.0,-7101.0,-71718.0,73829.0,-6714.0,-18484.0,-30596.0,-13402.0
2018-10-11,-7101.0,-7101.0,-71718.0,73829.0,-6714.0,-18484.0,-30596.0,-13402.0
2018-10-12,-16142.0,-16142.0,-73284.0,74449.0,-18727.0,-12145.0,-33820.0,-12803.0
2018-10-15,-16142.0,-16142.0,-73284.0,74449.0,-18727.0,-12145.0,-33820.0,-12803.0
2018-10-16,-16142.0,-16142.0,-73284.0,74449.0,-18727.0,-12145.0,-33820.0,-12803.0
2018-10-17,-16142.0,-16142.0,-73284.0,74449.0,-18727.0,-12145.0,-33820.0,-12803.0
2018-10-18,-16142.0,-16142.0,-73284.0,74449.0,-18727.0,-12145.0,-33820.0,-12803.0
2018-10-19,-29344.0,-29344.0,-71491.0,68575.0,-27335.0,-11019.0,-35412.0,-16524.0
2018-10-22,-29344.0,-29344.0,-71491.0,68575.0,-27335.0,-11019.0,-35412.0,-16524.0
2018-10-23,-29344.0,-29344.0,-71491.0,68575.0,-27335.0,-11019.0,-35412.0,-16524.0
2018-10-24,-29344.0,-29344.0,-71491.0,68575.0,-27335.0,-11019.0,-35412.0,-16524.0
2018-10-25,-29344.0,-29344.0,-71491.0,68575.0,-27335.0,-11019.0,-35412.0,-16524.0
2018-10-26,-30304.0,-30304.0,-70368.0,58027.0,-31344.0,-7228.0,-33048.0,-17105.0
2018-10-29,-30304.0,-30304.0,-70368.0,58027.0,-31344.0,-7228.0,-33048.0,-17105.0
2018-10-30,-30304.0,-30304.0,-70368.0,58027.0,-31344.0,-7228.0,-33048.0,-17105.0
2018-10-31,-30304.0,-30304.0,-70368.0,58027.0,-31344.0,-7228.0,-33048.0,-17105.0
2018-11-01,-30304.0,-30304.0,-70368.0,58027.0,-31344.0,-7228.0,-33048.0,-17105.0
2018-11-02,-32662.0,-32662.0,-70412.0,33809.0,-35169.0,-9655.0,-35031.0,-14522.0
2018-11-05,-32662.0,-32662.0,-70412.0,33809.0,-35169.0,-9655.0,-35031.0,-14522.0
2018-11-06,-32662.0,-32662.0,-70412.0,33809.0,-35169.0,-9655.0,-35031.0,-14522.0
2018-11-07,-32662.0,-32662.0,-70412.0,33809.0,-35169.0,-9655.0,-35031.0,-14522.0
2018-11-08,-32662.0,-32662.0,-70412.0,33809.0,-35169.0,-9655.0,-35031.0,-14522.0
2018-11-09,-46843.0,-46843.0,-66445.0,7036.0,-46849.0,-2632.0,-25726.0,-19948.0
2018-11-12,-46843.0,-46843.0,-66445.0,7036.0,-46849.0,-2632.0,-25726.0,-19948.0
2018-11-13,-46843.0,-46843.0,-66445.0,7036.0,-46849.0,-2632.0,-25726.0,-19948.0
2018-11-14,-46843.0,-46843.0,-66445.0,7036.0,-46849.0,-2632.0,-25726.0,-19948.0
2018-11-15,-46843.0,-46843.0,-66445.0,7036.0,-46849.0,-2632.0,-25726.0,-19948.0
2018-11-16,-37019.0,-37019.0,-59780.0,7287.0,-43877.0,-2791.0,-20868.0,-18602.0
2018-11-19,-37019.0,-37019.0,-59780.0,7287.0,-43877.0,-2791.0,-20868.0,-18602.0
2018-11-20,-37019.0,-37019.0,-59780.0,7287.0,-43877.0,-2791.0,-20868.0,-18602.0
2018-11-21,-37019.0,-37019.0,-59780.0,7287.0,-43877.0,-2791.0,-20868.0,-18602.0
2018-11-22,-37019.0,-37019.0,-59780.0,7287.0,-43877.0,-2791.0,-20868.0,-18602.0
2018-11-23,-47229.0,-47229.0,-59180.0,14083.0,-52332.0,-6289.0,-19347.0,-19625.0
2018-11-26,-47229.0,-47229.0,-59180.0,14083.0,-52332.0,-6289.0,-19347.0,-19625.0
2018-11-27,-47229.0,-47229.0,-59180.0,14083.0,-52332.0,-6289.0,-19347.0,-19625.0
2018-11-28,-47229.0,-47229.0,-59180.0,14083.0,-52332.0,-6289.0,-19347.0,-19625.0
2018-11-29,-47229.0,-47229.0,-59180.0,14083.0,-52332.0,-6289.0,-19347.0,-19625.0
2018-11-30,-55071.0,-55071.0,-53903.0,15327.0,-59896.0,-8630.0,-20540.0,-21068.0
2018-12-03,-55071.0,-55071.0,-53903.0,15327.0,-59896.0,-8630.0,-20540.0,-21068.0
2018-12-04,-55071.0,-55071.0,-53903.0,15327.0,-59896.0,-8630.0,-20540.0,-21068.0
2018-12-05,-55071.0,-55071.0,-53903.0,15327.0,-59896.0,-8630.0,-20540.0,-21068.0
2018-12-06,-55071.0,-55071.0,-53903.0,15327.0,-59896.0,-8630.0,-20540.0,-21068.0
2018-12-07,-60776.0,-60776.0,-50755.0,4523.0,-62455.0,-12936.0,-21297.0,-19795.0
2018-12-10,-60776.0,-60776.0,-50755.0,4523.0,-62455.0,-12936.0,-21297.0,-19795.0
2018-12-11,-60776.0,-60776.0,-50755.0,4523.0,-62455.0,-12936.0,-21297.0,-19795.0
2018-12-12,-60776.0,-60776.0,-50755.0,4523.0,-62455.0,-12936.0,-21297.0,-19795.0
2018-12-13,-60776.0,-60776.0,-50755.0,4523.0,-62455.0,-12936.0,-21297.0,-19795.0
2018-12-14,-56287.0,-56287.0,-45531.0,11442.0,-55765.0,-11669.0,-15241.0,-18267.0
2018-12-17,-56287.0,-56287.0,-45531.0,11442.0,-55765.0,-11669.0,-15241.0,-18267.0
2018-12-18,-56287.0,-56287.0,-45531.0,11442.0,-55765.0,-11669.0,-15241.0,-18267.0
2018-12-19,-56287.0,-56287.0,-45531.0,11442.0,-55765.0,-11669.0,-15241.0,-18267.0
2018-12-20,-56287.0,-56287.0,-45531.0,11442.0,-55765.0,-11669.0,-15241.0,-18267.0
2018-12-21,-53124.0,-53124.0,-35069.0,-769.0,-51796.0,-7457.0,3411.0,-22926.0
2018-12-24,-53124.0,-53124.0,-35069.0,-769.0,-51796.0,-7457.0,3411.0,-22926.0
2018-12-25,-53124.0,-53124.0,-35069.0,-769.0,-51796.0,-7457.0,3411.0,-22926.0
2018-12-26,-53124.0,-53124.0,-35069.0,-769.0,-51796.0,-7457.0,3411.0,-22926.0
2018-12-27,-53124.0,-53124.0,-35069.0,-769.0,-51796.0,-7457.0,3411.0,-22926.0
2018-12-28,-58455.0,-58455.0,-31261.0,3429.0,-54811.0,-44692.0,1940.0,-23329.0
2018-12-31,-58455.0,-58455.0,-31261.0,3429.0,-54811.0,-44692.0,1940.0,-23329.0
2019-01-01,-58455.0,-58455.0,-31261.0,3429.0,-54811.0,-44692.0,1940.0,-23329.0
2019-01-02,-58455.0,-58455.0,-31261.0,3429.0,-54811.0,-44692.0,1940.0,-23329.0
2019-01-03,-58455.0,-58455.0,-31261.0,3429.0,-54811.0,-44692.0,1940.0,-23329.0
2019-01-04,-46648.0,-46648.0,-26291.0,9772.0,-43539.0,-50649.0,1962.0,-25530.0
2019-01-07,-46648.0,-46648.0,-26291.0,9772.0,-43539.0,-50649.0,1962.0,-25530.0
2019-01-08,-46648.0,-46648.0,-26291.0,9772.0,-43539.0,-50649.0,1962.0,-25530.0
2019-01-09,-46648.0,-46648.0,-26291.0,9772.0,-43539.0,-50649.0,1962.0,-25530.0
2019-01-10,-46648.0,-46648.0,-26291.0,9772.0,-43539.0,-50649.0,1962.0,-25530.0
2019-01-11,-40533.0,-40533.0,-37775.0,30982.0,-37493.0,-66002.0,-1538.0,-23186.0
2019-01-14,-40533.0,-40533.0,-37775.0,30982.0,-37493.0,-66002.0,-1538.0,-23186.0
2019-01-15,-40533.0,-40533.0,-37775.0,30982.0,-37493.0,-66002.0,-1538.0,-23186.0
2019-01-16,-40533.0,-40533.0,-37775.0,30982.0,-37493.0,-66002.0,-1538.0,-23186.0
2019-01-17,-40533.0,-40533.0,-37775.0,30982.0,-37493.0,-66002.0,-1538.0,-23186.0
2019-01-18,-32661.0,-32661.0,-37969.0,57265.0,-31652.0,-59524.0,-2940.0,-15294.0
2019-01-21,-32661.0,-32661.0,-37969.0,57265.0,-31652.0,-59524.0,-2940.0,-15294.0
2019-01-22,-32661.0,-32661.0,-37969.0,57265.0,-31652.0,-59524.0,-2940.0,-15294.0
2019-01-23,-32661.0,-32661.0,-37969.0,57265.0,-31652.0,-59524.0,-2940.0,-15294.0
2019-01-24,-32661.0,-32661.0,-37969.0,57265.0,-31652.0,-59524.0,-2940.0,-15294.0
2019-01-25,-41006.0,-41006.0,-36063.0,63519.0,-41746.0,-56096.0,-4589.0,-16402.0
2019-01-28,-41006.0,-41006.0,-36063.0,63519.0,-41746.0,-56096.0,-4589.0,-16402.0
2019-01-29,-41006.0,-41006.0,-36063.0,63519.0,-41746.0,-56096.0,-4589.0,-16402.0
2019-01-30,-41006.0,-41006.0,-36063.0,63519.0,-41746.0,-56096.0,-4589.0,-16402.0
2019-01-31,-41006.0,-41006.0,-36063.0,63519.0,-41746.0,-56096.0,-4589.0,-16402.0
2019-02-01,-46474.0,-46474.0,-32112.0,69443.0,-44110.0,-56390.0,-2816.0,-18080.0
2019-02-04,-46474.0,-46474.0,-32112.0,69443.0,-44110.0,-56390.0,-2816.0,-18080.0
2019-02-05,-46474.0,-46474.0,-32112.0,69443.0,-44110.0,-56390.0,-2816.0,-18080.0
2019-02-06,-46474.0,-46474.0,-32112.0,69443.0,-44110.0,-56390.0,-2816.0,-18080.0
2019-02-07,-46474.0,-46474.0,-32112.0,69443.0,-44110.0,-56390.0,-2816.0,-18080.0
2019-02-08,-51964.0,-51964.0,-35617.0,71467.0,-50794.0,-42037.0,547.0,-18114.0
2019-02-11,-51964.0,-51964.0,-35617.0,71467.0,-50794.0,-42037.0,547.0,-18114.0
2019-02-12,-51964.0,-51964.0,-35617.0,71467.0,-50794.0,-42037.0,547.0,-18114.0
2019-02-13,-51964.0,-51964.0,-35617.0,71467.0,-50794.0,-42037.0,547.0,-18114.0
2019-02-14,-51964.0,-51964.0,-35617.0,71467.0,-50794.0,-42037.0,547.0,-18114.0
2019-02-15,-63900.0,-63900.0,-34495.0,76411.0,-66591.0,-37537.0,-1123.0,-20680.0
2019-02-18,-63900.0,-63900.0,-34495.0,76411.0,-66591.0,-37537.0,-1123.0,-20680.0
2019-02-19,-63900.0,-63900.0,-34495.0,76411.0,-66591.0,-37537.0,-1123.0,-20680.0
2019-02-20,-63900.0,-63900.0,-34495.0,76411.0,-66591.0,-37537.0,-1123.0,-20680.0
2019-02-21,-63900.0,-63900.0,-34495.0,76411.0,-66591.0,-37537.0,-1123.0,-20680.0
2019-02-22,-74934.0,-74934.0,-37068.0,95095.0,-77054.0,-36437.0,-740.0,-23350.0
2019-02-25,-74934.0,-74934.0,-37068.0,95095.0,-77054.0,-36437.0,-740.0,-23350.0
2019-02-26,-74934.0,-74934.0,-37068.0,95095.0,-77054.0,-36437.0,-740.0,-23350.0
2019-02-27,-74934.0,-74934.0,-37068.0,95095.0,-77054.0,-36437.0,-740.0,-23350.0
2019-02-28,-74934.0,-74934.0,-37068.0,95095.0,-77054.0,-36437.0,-740.0,-23350.0
2019-03-01,-72455.0,-72455.0,-35743.0,91947.0,-72964.0,-39177.0,914.0,-25349.0
2019-03-04,-72455.0,-72455.0,-35743.0,91947.0,-72964.0,-39177.0,914.0,-25349.0
2019-03-05,-72455.0,-72455.0,-35743.0,91947.0,-72964.0,-39177.0,914.0,-25349.0
2019-03-06,-72455.0,-72455.0,-35743.0,91947.0,-72964.0,-39177.0,914.0,-25349.0
2019-03-07,-72455.0,-72455.0,-35743.0,91947.0,-72964.0,-39177.0,914.0,-25349.0
2019-03-08,-78166.0,-78166.0,-40741.0,88418.0,-79828.0,-40444.0,1421.0,-24104.0
2019-03-11,-78166.0,-78166.0,-40741.0,88418.0,-79828.0,-40444.0,1421.0,-24104.0
2019-03-12,-78166.0,-78166.0,-40741.0,88418.0,-79828.0,-40444.0,1421.0,-24104.0
2019-03-13,-78166.0,-78166.0,-40741.0,88418.0,-79828.0,-40444.0,1421.0,-24104.0
2019-03-14,-78166.0,-78166.0,-40741.0,88418.0,-79828.0,-40444.0,1421.0,-24104.0
2019-03-15,-75745.0,-75745.0,-43699.0,75096.0,-79758.0,-41053.0,4597.0,-23305.0
2019-03-18,-75745.0,-75745.0,-43699.0,75096.0,-79758.0,-41053.0,4597.0,-23305.0
2019-03-19,-75745.0,-75745.0,-43699.0,75096.0,-79758.0,-41053.0,4597.0,-23305.0
2019-03-20,-75745.0,-75745.0,-43699.0,75096.0,-79758.0,-41053.0,4597.0,-23305.0
2019-03-21,-75745.0,-75745.0,-43699.0,75096.0,-79758.0,-41053.0,4597.0,-23305.0
2019-03-22,-77704.0,-77704.0,-51902.0,122887.0,-77172.0,-47774.0,-1124.0,-27189.0
2019-03-25,-77704.0,-77704.0,-51902.0,122887.0,-77172.0,-47774.0,-1124.0,-27189.0
2019-03-26,-77704.0,-77704.0,-51902.0,122887.0,-77172.0,-47774.0,-1124.0,-27189.0
2019-03-27,-77704.0,-77704.0,-51902.0,122887.0,-77172.0,-47774.0,-1124.0,-27189.0
2019-03-28,-77704.0,-77704.0,-51902.0,122887.0,-77172.0,-47774.0,-1124.0,-27189.0
2019-03-29,-80278.0,-80278.0,-53670.0,146334.0,-82700.0,-39571.0,-202.0,-27295.0
2019-04-01,-80278.0,-80278.0,-53670.0,146334.0,-82700.0,-39571.0,-202.0,-27295.0
2019-04-02,-80278.0,-80278.0,-53670.0,146334.0,-82700.0,-39571.0,-202.0,-27295.0
2019-04-03,-80278.0,-80278.0,-53670.0,146334.0,-82700.0,-39571.0,-202.0,-27295.0
2019-04-04,-80278.0,-80278.0,-53670.0,146334.0,-82700.0,-39571.0,-202.0,-27295.0
2019-04-05,-99184.0,-99184.0,-55743.0,142723.0,-107652.0,-44323.0,-405.0,-26266.0
2019-04-08,-99184.0,-99184.0,-55743.0,142723.0,-107652.0,-44323.0,-405.0,-26266.0
2019-04-09,-99184.0,-99184.0,-55743.0,142723.0,-107652.0,-44323.0,-405.0,-26266.0
2019-04-10,-99184.0,-99184.0,-55743.0,142723.0,-107652.0,-44323.0,-405.0,-26266.0
2019-04-11,-99184.0,-99184.0,-55743.0,142723.0,-107652.0,-44323.0,-405.0,-26266.0
2019-04-12,-102198.0,-102198.0,-54416.0,155437.0,-104880.0,-43202.0,-1483.0,-28146.0
2019-04-15,-102198.0,-102198.0,-54416.0,155437.0,-104880.0,-43202.0,-1483.0,-28146.0
2019-04-16,-102198.0,-102198.0,-54416.0,155437.0,-104880.0,-43202.0,-1483.0,-28146.0
2019-04-17,-102198.0,-102198.0,-54416.0,155437.0,-104880.0,-43202.0,-1483.0,-28146.0
2019-04-18,-102198.0,-102198.0,-54416.0,155437.0,-104880.0,-43202.0,-1483.0,-28146.0
2019-04-19,-98023.0,-98023.0,-46880.0,156030.0,-101566.0,-49162.0,-3221.0,-32584.0
2019-04-22,-98023.0,-98023.0,-46880.0,156030.0,-101566.0,-49162.0,-3221.0,-32584.0
2019-04-23,-98023.0,-98023.0,-46880.0,156030.0,-101566.0,-49162.0,-3221.0,-32584.0
2019-04-24,-98023.0,-98023.0,-46880.0,156030.0,-101566.0,-49162.0,-3221.0,-32584.0
2019-04-25,-98023.0,-98023.0,-46880.0,156030.0,-101566.0,-49162.0,-3221.0,-32584.0
2019-04-26,-105418.0,-105418.0,-50449.0,150705.0,-111509.0,-47493.0,-5450.0,-37536.0
2019-04-29,-105418.0,-105418.0,-50449.0,150705.0,-111509.0,-47493.0,-5450.0,-37536.0
2019-04-30,-105418.0,-105418.0,-50449.0,150705.0,-111509.0,-47493.0,-5450.0,-37536.0
2019-05-01,-105418.0,-105418.0,-50449.0,150705.0,-111509.0,-47493.0,-5450.0,-37536.0
2019-05-02,-105418.0,-105418.0,-50449.0,150705.0,-111509.0,-47493.0,-5450.0,-37536.0
2019-05-03,-105544.0,-105544.0,-59005.0,144739.0,-110615.0,-46745.0,-11460.0,-39746.0
2019-05-06,-105544.0,-105544.0,-59005.0,144739.0,-110615.0,-46745.0,-11460.0,-39746.0
2019-05-07,-105544.0,-105544.0,-59005.0,144739.0,-110615.0,-46745.0,-11460.0,-39746.0
2019-05-08,-105544.0,-105544.0,-59005.0,144739.0,-110615.0,-46745.0,-11460.0,-39746.0
2019-05-09,-105544.0,-105544.0,-59005.0,144739.0,-110615.0,-46745.0,-11460.0,-39746.0
2019-05-10,-106105.0,-106105.0,-57049.0,144689.0,-109147.0,-46115.0,-12742.0,-39579.0
2019-05-13,-106105.0,-106105.0,-57049.0,144689.0,-109147.0,-46115.0,-12742.0,-39579.0
2019-05-14,-106105.0,-106105.0,-57049.0,144689.0,-109147.0,-46115.0,-12742.0,-39579.0
2019-05-15,-106105.0,-106105.0,-57049.0,144689.0,-109147.0,-46115.0,-12742.0,-39579.0
2019-05-16,-106105.0,-106105.0,-57049.0,144689.0,-109147.0,-46115.0,-12742.0,-39579.0
2019-05-17,-95301.0,-95301.0,-64046.0,148207.0,-98341.0,-47588.0,-11438.0,-40010.0
2019-05-20,-95301.0,-95301.0,-64046.0,148207.0,-98341.0,-47588.0,-11438.0,-40010.0
2019-05-21,-95301.0,-95301.0,-64046.0,148207.0,-98341.0,-47588.0,-11438.0,-40010.0
2019-05-22,-95301.0,-95301.0,-64046.0,148207.0,-98341.0,-47588.0,-11438.0,-40010.0
2019-05-23,-95301.0,-95301.0,-64046.0,148207.0,-98341.0,-47588.0,-11438.0,-40010.0
2019-05-24,-101102.0,-101102.0,-66111.0,146485.0,-106757.0,-42236.0,-10864.0,-37495.0
2019-05-27,-101102.0,-101102.0,-66111.0,146485.0,-106757.0,-42236.0,-10864.0,-37495.0
2019-05-28,-101102.0,-101102.0,-66111.0,146485.0,-106757.0,-42236.0,-10864.0,-37495.0
2019-05-29,-101102.0,-101102.0,-66111.0,146485.0,-106757.0,-42236.0,-10864.0,-37495.0
2019-05-30,-101102.0,-101102.0,-66111.0,146485.0,-106757.0,-42236.0,-10864.0,-37495.0
2019-05-31,-99691.0,-99691.0,-66393.0,142467.0,-104777.0,-39423.0,-16148.0,-34675.0
2019-06-03,-99691.0,-99691.0,-66393.0,142467.0,-104777.0,-39423.0,-16148.0,-34675.0
2019-06-04,-99691.0,-99691.0,-66393.0,142467.0,-104777.0,-39423.0,-16148.0,-34675.0
2019-06-05,-99691.0,-99691.0,-66393.0,142467.0,-104777.0,-39423.0,-16148.0,-34675.0
2019-06-06,-99691.0,-99691.0,-66393.0,142467.0,-104777.0,-39423.0,-16148.0,-34675.0
2019-06-07,-87551.0,-87551.0,-63291.0,124229.0,-90870.0,-41759.0,-20396.0,-36065.0
2019-06-10,-87551.0,-87551.0,-63291.0,124229.0,-90870.0,-41759.0,-20396.0,-36065.0
2019-06-11,-87551.0,-87551.0,-63291.0,124229.0,-90870.0,-41759.0,-20396.0,-36065.0
2019-06-12,-87551.0,-87551.0,-63291.0,124229.0,-90870.0,-41759.0,-20396.0,-36065.0
2019-06-13,-87551.0,-87551.0,-63291.0,124229.0,-90870.0,-41759.0,-20396.0,-36065.0
2019-06-14,-86792.0,-86792.0,-63226.0,101315.0,-87671.0,-32840.0,-16122.0,-24788.0
2019-06-17,-86792.0,-86792.0,-63226.0,101315.0,-87671.0,-32840.0,-16122.0,-24788.0
2019-06-18,-86792.0,-86792.0,-63226.0,101315.0,-87671.0,-32840.0,-16122.0,-24788.0
2019-06-19,-86792.0,-86792.0,-63226.0,101315.0,-87671.0,-32840.0,-16122.0,-24788.0
2019-06-20,-86792.0,-86792.0,-63226.0,101315.0,-87671.0,-32840.0,-16122.0,-24788.0
2019-06-21,-52330.0,-52330.0,-64863.0,116806.0,-56201.0,-38071.0,-24468.0,-15484.0
2019-06-24,-52330.0,-52330.0,-64863.0,116806.0,-56201.0,-38071.0,-24468.0,-15484.0
2019-06-25,-52330.0,-52330.0,-64863.0,116806.0,-56201.0,-38071.0,-24468.0,-15484.0
2019-06-26,-52330.0,-52330.0,-64863.0,116806.0,-56201.0,-38071.0,-24468.0,-15484.0
2019-06-27,-52330.0,-52330.0,-64863.0,116806.0,-56201.0,-38071.0,-24468.0,-15484.0
2019-06-28,-56295.0,-56295.0,-66320.0,115035.0,-53407.0,-14790.0,-24053.0,-16481.0
2019-07-01,-56295.0,-56295.0,-66320.0,115035.0,-53407.0,-14790.0,-24053.0,-16481.0
2019-07-02,-56295.0,-56295.0,-66320.0,115035.0,-53407.0,-14790.0,-24053.0,-16481.0
2019-07-03,-56295.0,-56295.0,-66320.0,115035.0,-53407.0,-14790.0,-24053.0,-16481.0
2019-07-04,-56295.0,-56295.0,-66320.0,115035.0,-53407.0,-14790.0,-24053.0,-16481.0
2019-07-05,-31733.0,-31733.0,-58735.0,108267.0,-30725.0,6293.0,-24032.0,-10742.0
2019-07-08,-31733.0,-31733.0,-58735.0,108267.0,-30725.0,6293.0,-24032.0,-10742.0
2019-07-09,-31733.0,-31733.0,-58735.0,108267.0,-30725.0,6293.0,-24032.0,-10742.0
2019-07-10,-31733.0,-31733.0,-58735.0,108267.0,-30725.0,6293.0,-24032.0,-10742.0
2019-07-11,-31733.0,-31733.0,-58735.0,108267.0,-30725.0,6293.0,-24032.0,-10742.0
2019-07-12,-35865.0,-35865.0,-54007.0,126382.0,-39192.0,9226.0,-22205.0,-10428.0
2019-07-15,-35865.0,-35865.0,-54007.0,126382.0,-39192.0,9226.0,-22205.0,-10428.0
2019-07-16,-35865.0,-35865.0,-54007.0,126382.0,-39192.0,9226.0,-22205.0,-10428.0
2019-07-17,-35865.0,-35865.0,-54007.0,126382.0,-39192.0,9226.0,-22205.0,-10428.0
2019-07-18,-35865.0,-35865.0,-54007.0,126382.0,-39192.0,9226.0,-22205.0,-10428.0
2019-07-19,-31351.0,-31351.0,-52576.0,128121.0,-37366.0,20964.0,-17319.0,-11732.0
2019-07-22,-31351.0,-31351.0,-52576.0,128121.0,-37366.0,20964.0,-17319.0,-11732.0
2019-07-23,-31351.0,-31351.0,-52576.0,128121.0,-37366.0,20964.0,-17319.0,-11732.0
2019-07-24,-31351.0,-31351.0,-52576.0,128121.0,-37366.0,20964.0,-17319.0,-11732.0
2019-07-25,-31351.0,-31351.0,-52576.0,128121.0,-37366.0,20964.0,-17319.0,-11732.0
2019-07-26,-39004.0,-39004.0,-47980.0,124755.0,-46139.0,30750.0,-12225.0,-13193.0
2019-07-29,-39004.0,-39004.0,-47980.0,124755.0,-46139.0,30750.0,-12225.0,-13193.0
2019-07-30,-39004.0,-39004.0,-47980.0,124755.0,-46139.0,30750.0,-12225.0,-13193.0
2019-07-31,-39004.0,-39004.0,-47980.0,124755.0,-46139.0,30750.0,-12225.0,-13193.0
2019-08-01,-39004.0,-39004.0,-47980.0,124755.0,-46139.0,30750.0,-12225.0,-13193.0
2019-08-02,-53983.0,-53983.0,-53442.0,128268.0,-60042.0,21722.0,-12319.0,-14488.0
2019-08-05,-53983.0,-53983.0,-53442.0,128268.0,-60042.0,21722.0,-12319.0,-14488.0
2019-08-06,-53983.0,-53983.0,-53442.0,128268.0,-60042.0,21722.0,-12319.0,-14488.0
2019-08-07,-53983.0,-53983.0,-53442.0,128268.0,-60042.0,21722.0,-12319.0,-14488.0
2019-08-08,-53983.0,-53983.0,-53442.0,128268.0,-60042.0,21722.0,-12319.0,-14488.0
2019-08-09,-44010.0,-44010.0,-55511.0,122069.0,-47625.0,24166.0,-11564.0,-16431.0
2019-08-12,-44010.0,-44010.0,-55511.0,122069.0,-47625.0,24166.0,-11564.0,-16431.0
2019-08-13,-44010.0,-44010.0,-55511.0,122069.0,-47625.0,24166.0,-11564.0,-16431.0
2019-08-14,-44010.0,-44010.0,-55511.0,122069.0,-47625.0,24166.0,-11564.0,-16431.0
2019-08-15,-44010.0,-44010.0,-55511.0,122069.0,-47625.0,24166.0,-11564.0,-16431.0
2019-08-16,-46649.0,-46649.0,-62912.0,117562.0,-50551.0,14200.0,-13447.0,-12952.0
2019-08-19,-46649.0,-46649.0,-62912.0,117562.0,-50551.0,14200.0,-13447.0,-12952.0
2019-08-20,-46649.0,-46649.0,-62912.0,117562.0,-50551.0,14200.0,-13447.0,-12952.0
2019-08-21,-46649.0,-46649.0,-62912.0,117562.0,-50551.0,14200.0,-13447.0,-12952.0
2019-08-22,-46649.0,-46649.0,-62912.0,117562.0,-50551.0,14200.0,-13447.0,-12952.0
2019-08-23,-37977.0,-37977.0,-62781.0,110359.0,-45611.0,13037.0,-18260.0,-11117.0
2019-08-26,-37977.0,-37977.0,-62781.0,110359.0,-45611.0,13037.0,-18260.0,-11117.0
2019-08-27,-37977.0,-37977.0,-62781.0,110359.0,-45611.0,13037.0,-18260.0,-11117.0
2019-08-28,-37977.0,-37977.0,-62781.0,110359.0,-45611.0,13037.0,-18260.0,-11117.0
2019-08-29,-37977.0,-37977.0,-62781.0,110359.0,-45611.0,13037.0,-18260.0,-11117.0
2019-08-30,-38804.0,-38804.0,-61032.0,93314.0,-46629.0,10905.0,-26047.0,-3800.0
2019-09-02,-38804.0,-38804.0,-61032.0,93314.0,-46629.0,10905.0,-26047.0,-3800.0
2019-09-03,-38804.0,-38804.0,-61032.0,93314.0,-46629.0,10905.0,-26047.0,-3800.0
2019-09-04,-38804.0,-38804.0,-61032.0,93314.0,-46629.0,10905.0,-26047.0,-3800.0
2019-09-05,-38804.0,-38804.0,-61032.0,93314.0,-46629.0,10905.0,-26047.0,-3800.0
2019-09-06,-49136.0,-49136.0,-59318.0,91791.0,-63970.0,5349.0,-30676.0,-5839.0
2019-09-09,-49136.0,-49136.0,-59318.0,91791.0,-63970.0,5349.0,-30676.0,-5839.0
2019-09-10,-49136.0,-49136.0,-59318.0,91791.0,-63970.0,5349.0,-30676.0,-5839.0
2019-09-11,-49136.0,-49136.0,-59318.0,91791.0,-63970.0,5349.0,-30676.0,-5839.0
2019-09-12,-49136.0,-49136.0,-59318.0,91791.0,-63970.0,5349.0,-30676.0,-5839.0
2019-09-13,-49842.0,-49842.0,-53014.0,95637.0,-58798.0,11523.0,-29790.0,-2892.0
2019-09-16,-49842.0,-49842.0,-53014.0,95637.0,-58798.0,11523.0,-29790.0,-2892.0
2019-09-17,-49842.0,-49842.0,-53014.0,95637.0,-58798.0,11523.0,-29790.0,-2892.0
2019-09-18,-49842.0,-49842.0,-53014.0,95637.0,-58798.0,11523.0,-29790.0,-2892.0
2019-09-19,-49842.0,-49842.0,-53014.0,95637.0,-58798.0,11523.0,-29790.0,-2892.0
2019-09-20,-68559.0,-68559.0,-40082.0,81626.0,-75380.0,19823.0,-36043.0,-4556.0
2019-09-23,-68559.0,-68559.0,-40082.0,81626.0,-75380.0,19823.0,-36043.0,-4556.0
2019-09-24,-68559.0,-68559.0,-40082.0,81626.0,-75380.0,19823.0,-36043.0,-4556.0
2019-09-25,-68559.0,-68559.0,-40082.0,81626.0,-75380.0,19823.0,-36043.0,-4556.0
2019-09-26,-68559.0,-68559.0,-40082.0,81626.0,-75380.0,19823.0,-36043.0,-4556.0
2019-09-27,-60722.0,-60722.0,-47155.0,92414.0,-72522.0,4592.0,-39598.0,-10552.0
2019-09-30,-60722.0,-60722.0,-47155.0,92414.0,-72522.0,4592.0,-39598.0,-10552.0
2019-10-01,-60722.0,-60722.0,-47155.0,92414.0,-72522.0,4592.0,-39598.0,-10552.0
2019-10-02,-60722.0,-60722.0,-47155.0,92414.0,-72522.0,4592.0,-39598.0,-10552.0
2019-10-03,-60722.0,-60722.0,-47155.0,92414.0,-72522.0,4592.0,-39598.0,-10552.0
2019-10-04,-65978.0,-65978.0,-52302.0,115812.0,-78997.0,6327.0,-42474.0,-11535.0
2019-10-07,-65978.0,-65978.0,-52302.0,115812.0,-78997.0,6327.0,-42474.0,-11535.0
2019-10-08,-65978.0,-65978.0,-52302.0,115812.0,-78997.0,6327.0,-42474.0,-11535.0
2019-10-09,-65978.0,-65978.0,-52302.0,115812.0,-78997.0,6327.0,-42474.0,-11535.0
2019-10-10,-65978.0,-65978.0,-52302.0,115812.0,-78997.0,6327.0,-42474.0,-11535.0
2019-10-11,-75413.0,-75413.0,-46944.0,115396.0,-81758.0,5313.0,-38217.0,-11047.0
2019-10-14,-75413.0,-75413.0,-46944.0,115396.0,-81758.0,5313.0,-38217.0,-11047.0
2019-10-15,-75413.0,-75413.0,-46944.0,115396.0,-81758.0,5313.0,-38217.0,-11047.0
2019-10-16,-75413.0,-75413.0,-46944.0,115396.0,-81758.0,5313.0,-38217.0,-11047.0
2019-10-17,-75413.0,-75413.0,-46944.0,115396.0,-81758.0,5313.0,-38217.0,-11047.0
2019-10-18,-76866.0,-76866.0,-47605.0,113042.0,-78758.0,12961.0,-40016.0,-12766.0
2019-10-21,-76866.0,-76866.0,-47605.0,113042.0,-78758.0,12961.0,-40016.0,-12766.0
2019-10-22,-76866.0,-76866.0,-47605.0,113042.0,-78758.0,12961.0,-40016.0,-12766.0
2019-10-23,-76866.0,-76866.0,-47605.0,113042.0,-78758.0,12961.0,-40016.0,-12766.0
2019-10-24,-76866.0,-76866.0,-47605.0,113042.0,-78758.0,12961.0,-40016.0,-12766.0
2019-10-25,-51050.0,-51050.0,-43986.0,112950.0,-52422.0,33393.0,-40142.0,-11335.0
2019-10-28,-51050.0,-51050.0,-43986.0,112950.0,-52422.0,33393.0,-40142.0,-11335.0
2019-10-29,-51050.0,-51050.0,-43986.0,112950.0,-52422.0,33393.0,-40142.0,-11335.0
2019-10-30,-51050.0,-51050.0,-43986.0,112950.0,-52422.0,33393.0,-40142.0,-11335.0
2019-10-31,-51050.0,-51050.0,-43986.0,112950.0,-52422.0,33393.0,-40142.0,-11335.0
2019-11-01,-53355.0,-53355.0,-40287.0,128907.0,-53150.0,43589.0,-40403.0,-12484.0
2019-11-04,-53355.0,-53355.0,-40287.0,128907.0,-53150.0,43589.0,-40403.0,-12484.0
2019-11-05,-53355.0,-53355.0,-40287.0,128907.0,-53150.0,43589.0,-40403.0,-12484.0
2019-11-06,-53355.0,-53355.0,-40287.0,128907.0,-53150.0,43589.0,-40403.0,-12484.0
2019-11-07,-53355.0,-53355.0,-40287.0,128907.0,-53150.0,43589.0,-40403.0,-12484.0
2019-11-08,-60746.0,-60746.0,-26794.0,140402.0,-61291.0,54002.0,-38965.0,-14153.0
2019-11-11,-60746.0,-60746.0,-26794.0,140402.0,-61291.0,54002.0,-38965.0,-14153.0
2019-11-12,-60746.0,-60746.0,-26794.0,140402.0,-61291.0,54002.0,-38965.0,-14153.0
2019-11-13,-60746.0,-60746.0,-26794.0,140402.0,-61291.0,54002.0,-38965.0,-14153.0
2019-11-14,-60746.0,-60746.0,-26794.0,140402.0,-61291.0,54002.0,-38965.0,-14153.0
2019-11-15,-57669.0,-57669.0,-40809.0,142037.0,-58403.0,42373.0,-36235.0,-15120.0
2019-11-18,-57669.0,-57669.0,-40809.0,142037.0,-58403.0,42373.0,-36235.0,-15120.0
2019-11-19,-57669.0,-57669.0,-40809.0,142037.0,-58403.0,42373.0,-36235.0,-15120.0
2019-11-20,-57669.0,-57669.0,-40809.0,142037.0,-58403.0,42373.0,-36235.0,-15120.0
2019-11-21,-57669.0,-57669.0,-40809.0,142037.0,-58403.0,42373.0,-36235.0,-15120.0
2019-11-22,-62503.0,-62503.0,-47240.0,139821.0,-60204.0,28865.0,-35099.0,-16192.0
2019-11-25,-62503.0,-62503.0,-47240.0,139821.0,-60204.0,28865.0,-35099.0,-16192.0
2019-11-26,-62503.0,-62503.0,-47240.0,139821.0,-60204.0,28865.0,-35099.0,-16192.0
2019-11-27,-62503.0,-62503.0,-47240.0,139821.0,-60204.0,28865.0,-35099.0,-16192.0
2019-11-28,-62503.0,-62503.0,-47240.0,139821.0,-60204.0,28865.0,-35099.0,-16192.0
2019-11-29,-61416.0,-61416.0,-45355.0,135649.0,-60784.0,20344.0,-35826.0,-20975.0
2019-12-02,-61416.0,-61416.0,-45355.0,135649.0,-60784.0,20344.0,-35826.0,-20975.0
2019-12-03,-61416.0,-61416.0,-45355.0,135649.0,-60784.0,20344.0,-35826.0,-20975.0
2019-12-04,-61416.0,-61416.0,-45355.0,135649.0,-60784.0,20344.0,-35826.0,-20975.0
2019-12-05,-61416.0,-61416.0,-45355.0,135649.0,-60784.0,20344.0,-35826.0,-20975.0
2019-12-06,-69049.0,-69049.0,-36433.0,130127.0,-66946.0,21471.0,-26992.0,-22287.0
2019-12-09,-69049.0,-69049.0,-36433.0,130127.0,-66946.0,21471.0,-26992.0,-22287.0
2019-12-10,-69049.0,-69049.0,-36433.0,130127.0,-66946.0,21471.0,-26992.0,-22287.0
2019-12-11,-69049.0,-69049.0,-36433.0,130127.0,-66946.0,21471.0,-26992.0,-22287.0
2019-12-12,-69049.0,-69049.0,-36433.0,130127.0,-66946.0,21471.0,-26992.0,-22287.0
2019-12-13,-67643.0,-67643.0,-36808.0,130641.0,-69035.0,20741.0,-25340.0,-20865.0
2019-12-16,-67643.0,-67643.0,-36808.0,130641.0,-69035.0,20741.0,-25340.0,-20865.0
2019-12-17,-67643.0,-67643.0,-36808.0,130641.0,-69035.0,20741.0,-25340.0,-20865.0
2019-12-18,-67643.0,-67643.0,-36808.0,130641.0,-69035.0,20741.0,-25340.0,-20865.0
2019-12-19,-67643.0,-67643.0,-36808.0,130641.0,-69035.0,20741.0,-25340.0,-20865.0
2019-12-20,-65694.0,-65694.0,-46578.0,152260.0,-67861.0,11191.0,-8217.0,-11074.0
2019-12-23,-65694.0,-65694.0,-46578.0,152260.0,-67861.0,11191.0,-8217.0,-11074.0
2019-12-24,-65694.0,-65694.0,-46578.0,152260.0,-67861.0,11191.0,-8217.0,-11074.0
2019-12-25,-65694.0,-65694.0,-46578.0,152260.0,-67861.0,11191.0,-8217.0,-11074.0
2019-12-26,-65694.0,-65694.0,-46578.0,152260.0,-67861.0,11191.0,-8217.0,-11074.0
2019-12-27,-72943.0,-72943.0,-46164.0,158216.0,-77882.0,8497.0,-7796.0,-9679.0
2019-12-30,-72943.0,-72943.0,-46164.0,158216.0,-77882.0,8497.0,-7796.0,-9679.0
2019-12-31,-72943.0,-72943.0,-46164.0,158216.0,-77882.0,8497.0,-7796.0,-9679.0
