Date,JPEASIGL INDEX,JPEASIUS INDEX,JPEASIEU INDEX,JPEASICN INDEX,JPEASISE INDEX,JPEASIAU INDEX,JPEASINO INDEX,JPEASICA INDEX,JPEASIJP INDEX,JPEASIUK INDEX,JPEASINZ INDEX,JPEASISZ INDEX
2005-10-05,,-9.091,23.53,100.0,33.33,0.0,33.33,-66.67,-50.0,0.0,100.0,60.0
2005-10-06,,-12.121,27.27,100.0,33.33,0.0,33.33,-66.67,-50.0,0.0,100.0,60.0
2005-10-07,,-12.5,25.0,100.0,33.33,0.0,33.33,-66.67,-50.0,0.0,100.0,50.0
2005-10-10,,-12.5,28.57,100.0,20.0,0.0,33.33,-66.67,0.0,0.0,100.0,50.0
2005-10-11,,-12.5,28.57,25.0,0.0,25.0,33.33,-66.67,0.0,0.0,100.0,50.0
2005-10-12,,-12.5,33.33,25.0,-20.0,20.0,0.0,-50.0,0.0,0.0,100.0,40.0
2005-10-13,,-10.714,39.39,25.0,-20.0,11.11,0.0,-50.0,0.0,0.0,100.0,25.0
2005-10-14,,-25.0,39.39,25.0,-20.0,11.11,0.0,-50.0,0.0,0.0,100.0,25.0
2005-10-17,,-25.0,39.39,25.0,-20.0,12.5,0.0,-50.0,0.0,0.0,100.0,25.0
2005-10-18,,-25.0,37.5,25.0,-20.0,0.0,0.0,-50.0,0.0,0.0,100.0,25.0
2005-10-19,,-20.69,40.63,25.0,-20.0,0.0,0.0,-50.0,0.0,0.0,100.0,25.0
2005-10-20,,-19.355,40.0,20.0,-50.0,0.0,0.0,-50.0,0.0,14.29,100.0,33.33
2005-10-21,,-19.355,43.33,20.0,-50.0,0.0,0.0,-66.67,0.0,14.29,100.0,33.33
2005-10-24,,-19.355,45.16,-33.33,-50.0,0.0,0.0,-66.67,0.0,14.29,100.0,33.33
2005-10-25,,-16.129,48.48,-33.33,-50.0,0.0,0.0,-66.67,0.0,14.29,100.0,33.33
2005-10-26,,-16.129,47.06,-33.33,-50.0,0.0,0.0,-66.67,0.0,20.0,100.0,33.33
2005-10-27,,-9.375,51.52,-33.33,-33.33,0.0,0.0,-66.67,50.0,50.0,100.0,33.33
2005-10-28,,-6.25,48.65,-33.33,-33.33,0.0,0.0,-66.67,50.0,50.0,100.0,25.0
2005-10-31,,0.0,44.74,-33.33,-33.33,0.0,50.0,-25.0,50.0,50.0,100.0,25.0
2005-11-01,,2.778,48.65,-33.33,-14.29,0.0,50.0,-25.0,50.0,50.0,100.0,20.0
2005-11-02,,2.778,45.95,-33.33,-14.29,0.0,50.0,-33.33,50.0,50.0,100.0,20.0
2005-11-03,,0.0,44.44,-33.33,-14.29,0.0,50.0,-33.33,50.0,50.0,100.0,20.0
2005-11-04,,2.778,42.11,-33.33,-14.29,0.0,50.0,-33.33,50.0,50.0,100.0,20.0
2005-11-07,,2.778,43.59,-33.33,-14.29,0.0,50.0,-33.33,50.0,50.0,100.0,33.33
2005-11-08,,2.778,38.89,-33.33,-14.29,12.5,50.0,-33.33,50.0,50.0,100.0,33.33
2005-11-09,,0.0,38.89,-33.33,-14.29,10.0,50.0,-33.33,50.0,33.33,100.0,40.0
2005-11-10,,3.03,36.11,-20.0,-14.29,0.0,50.0,-33.33,100.0,33.33,100.0,40.0
2005-11-11,,3.03,37.93,-20.0,-14.29,0.0,100.0,0.0,100.0,33.33,100.0,40.0
2005-11-14,,0.0,33.33,-20.0,-14.29,0.0,100.0,0.0,100.0,33.33,100.0,25.0
2005-11-15,,3.333,30.0,-20.0,-14.29,12.5,100.0,0.0,100.0,33.33,100.0,25.0
2005-11-16,,3.333,27.59,-20.0,-14.29,12.5,100.0,0.0,100.0,0.0,100.0,25.0
2005-11-17,,3.226,27.59,-20.0,-14.29,12.5,100.0,0.0,100.0,0.0,100.0,25.0
2005-11-18,,3.226,27.59,-20.0,-14.29,12.5,100.0,0.0,100.0,0.0,100.0,33.33
2005-11-21,,6.25,23.08,-20.0,-14.29,14.29,100.0,33.33,100.0,0.0,100.0,33.33
2005-11-22,,6.25,21.43,0.0,-14.29,14.29,100.0,33.33,100.0,0.0,100.0,33.33
2005-11-23,,17.241,24.14,0.0,-14.29,20.0,100.0,33.33,100.0,0.0,100.0,33.33
2005-11-24,,17.241,12.9,0.0,-14.29,20.0,100.0,33.33,100.0,0.0,100.0,33.33
2005-11-25,,17.241,12.5,0.0,-14.29,20.0,100.0,33.33,100.0,0.0,100.0,50.0
2005-11-28,,16.667,12.5,0.0,-14.29,20.0,100.0,33.33,0.0,0.0,100.0,50.0
2005-11-29,,24.242,9.38,0.0,-14.29,16.67,100.0,33.33,0.0,0.0,100.0,50.0
2005-11-30,,21.212,2.7,0.0,-14.29,16.67,100.0,0.0,0.0,0.0,100.0,50.0
2005-12-01,,20.0,-5.26,0.0,-14.29,12.5,100.0,0.0,0.0,-33.33,100.0,40.0
2005-12-02,,16.216,-5.41,0.0,-14.29,12.5,100.0,33.33,0.0,-33.33,100.0,40.0
2005-12-05,,15.789,-8.11,0.0,-14.29,11.11,100.0,33.33,0.0,-33.33,100.0,40.0
2005-12-06,,18.919,-11.11,0.0,-12.5,0.0,50.0,33.33,0.0,-33.33,100.0,40.0
2005-12-07,,18.919,-11.43,0.0,-12.5,-8.33,50.0,33.33,0.0,-33.33,100.0,33.33
2005-12-08,,20.0,-11.43,0.0,-14.29,-8.33,50.0,33.33,-100.0,-33.33,100.0,33.33
2005-12-09,,18.75,-18.75,-25.0,-14.29,-8.33,50.0,33.33,-100.0,-33.33,100.0,40.0
2005-12-12,,18.75,-16.13,-25.0,-14.29,-9.09,33.33,0.0,-100.0,-33.33,100.0,40.0
2005-12-13,,16.129,-15.15,-25.0,-33.33,-10.0,33.33,0.0,-100.0,-33.33,100.0,50.0
2005-12-14,,16.129,-15.63,-25.0,-33.33,-10.0,33.33,0.0,-100.0,-40.0,100.0,50.0
2005-12-15,,20.69,-18.18,-25.0,-33.33,-10.0,33.33,0.0,-100.0,-16.67,100.0,50.0
2005-12-16,,20.69,-12.12,-25.0,-33.33,-10.0,33.33,0.0,-100.0,-16.67,100.0,50.0
2005-12-19,,20.69,-18.18,-25.0,-33.33,-10.0,33.33,0.0,-100.0,-16.67,100.0,33.33
2005-12-20,,23.333,-18.18,-25.0,-33.33,-22.22,33.33,0.0,-100.0,-16.67,100.0,33.33
2005-12-21,,23.333,-21.21,-25.0,-33.33,-28.57,33.33,0.0,-100.0,-16.67,0.0,33.33
2005-12-22,,15.625,-21.21,-50.0,-40.0,-28.57,33.33,0.0,-100.0,-14.29,0.0,33.33
2005-12-23,,12.121,-23.53,-50.0,-16.67,-28.57,33.33,0.0,-100.0,-14.29,0.0,33.33
2005-12-26,,12.121,-23.53,-50.0,-16.67,-28.57,33.33,0.0,-100.0,-14.29,0.0,33.33
2005-12-27,,12.121,-23.53,-50.0,-16.67,-28.57,33.33,0.0,-100.0,-14.29,0.0,33.33
2005-12-28,,11.765,-18.75,-50.0,0.0,-28.57,33.33,0.0,-100.0,0.0,0.0,33.33
2005-12-29,,9.375,-18.75,-50.0,0.0,-28.57,33.33,0.0,-100.0,0.0,0.0,33.33
2005-12-30,,9.375,-18.75,-50.0,0.0,-28.57,0.0,0.0,-100.0,0.0,0.0,50.0
2006-01-02,,9.375,-18.75,-50.0,0.0,-28.57,0.0,0.0,-100.0,0.0,0.0,50.0
2006-01-03,,5.882,-21.88,-50.0,0.0,-28.57,0.0,-33.33,-100.0,0.0,0.0,20.0
2006-01-04,,8.824,-25.81,-50.0,0.0,-28.57,0.0,-33.33,-100.0,0.0,0.0,20.0
2006-01-05,,5.556,-13.89,-50.0,16.67,-25.0,0.0,-33.33,-100.0,0.0,0.0,20.0
2006-01-06,,-9.091,-13.89,-50.0,16.67,-25.0,0.0,-33.33,-100.0,0.0,0.0,0.0
2006-01-09,,-9.091,-18.42,-50.0,16.67,-25.0,0.0,-33.33,-100.0,0.0,0.0,0.0
2006-01-10,,-9.091,-10.26,-25.0,20.0,-28.57,0.0,-33.33,-100.0,0.0,0.0,0.0
2006-01-11,,-9.091,-9.09,-25.0,0.0,-22.22,-33.33,0.0,-100.0,0.0,0.0,0.0
2006-01-12,,-10.345,-3.23,-25.0,20.0,-28.57,-33.33,0.0,-100.0,0.0,0.0,0.0
2006-01-13,,-7.407,-3.23,-25.0,20.0,-28.57,-33.33,0.0,-100.0,0.0,0.0,0.0
2006-01-16,,-7.407,-3.33,-25.0,20.0,-28.57,-33.33,0.0,-100.0,0.0,0.0,0.0
2006-01-17,,-7.407,-10.0,-25.0,20.0,-16.67,-100.0,0.0,-100.0,0.0,0.0,0.0
2006-01-18,,-7.407,-6.45,-25.0,20.0,0.0,-100.0,0.0,-100.0,-16.67,0.0,0.0
2006-01-19,,-10.345,-6.45,-25.0,20.0,0.0,-100.0,0.0,-100.0,-16.67,0.0,0.0
2006-01-20,,-13.793,-10.34,0.0,20.0,0.0,-100.0,0.0,-100.0,-14.29,0.0,0.0
2006-01-23,,-17.241,-10.34,0.0,20.0,0.0,-100.0,0.0,-100.0,-14.29,0.0,0.0
2006-01-24,,-17.241,-11.11,33.33,20.0,0.0,-100.0,0.0,-100.0,-14.29,0.0,0.0
2006-01-25,,-20.0,-12.9,33.33,20.0,0.0,-100.0,0.0,-100.0,0.0,0.0,0.0
2006-01-26,,-24.138,-10.0,33.33,20.0,0.0,-100.0,0.0,-100.0,-25.0,0.0,0.0
2006-01-27,,-22.581,-16.67,33.33,20.0,0.0,-100.0,0.0,-100.0,-25.0,0.0,-25.0
2006-01-30,,-18.182,-13.79,33.33,20.0,20.0,-100.0,0.0,0.0,-25.0,0.0,-25.0
2006-01-31,,-20.588,-8.33,33.33,20.0,20.0,0.0,0.0,0.0,-25.0,0.0,-25.0
2006-02-01,,-16.667,-5.71,33.33,20.0,16.67,0.0,0.0,0.0,-25.0,0.0,-20.0
2006-02-02,,-12.121,-5.88,33.33,20.0,16.67,0.0,0.0,0.0,-33.33,0.0,-20.0
2006-02-03,,-17.647,-2.94,33.33,20.0,16.67,0.0,0.0,0.0,-33.33,0.0,-20.0
2006-02-06,,-17.647,-5.71,33.33,20.0,16.67,0.0,0.0,100.0,-33.33,0.0,-20.0
2006-02-07,,-17.647,-5.71,33.33,20.0,16.67,0.0,0.0,100.0,-33.33,0.0,0.0
2006-02-08,,-17.647,-2.7,33.33,20.0,25.0,0.0,0.0,100.0,-33.33,0.0,0.0
2006-02-09,,-18.75,0.0,33.33,20.0,22.22,0.0,0.0,100.0,-33.33,0.0,0.0
2006-02-10,,-18.75,-2.7,33.33,20.0,22.22,100.0,0.0,100.0,-33.33,0.0,-20.0
2006-02-13,,-18.75,0.0,66.67,20.0,22.22,100.0,0.0,100.0,-33.33,0.0,-20.0
2006-02-14,,-12.903,2.7,66.67,20.0,22.22,100.0,0.0,100.0,-33.33,0.0,0.0
2006-02-15,,-16.129,2.7,66.67,20.0,22.22,100.0,0.0,100.0,-20.0,0.0,0.0
2006-02-16,,-6.25,0.0,66.67,20.0,25.0,100.0,0.0,100.0,-33.33,0.0,0.0
2006-02-17,,-3.226,0.0,66.67,20.0,25.0,100.0,0.0,100.0,-33.33,0.0,0.0
2006-02-20,,-3.226,7.41,66.67,20.0,25.0,100.0,0.0,100.0,-33.33,0.0,0.0
2006-02-21,,0.0,0.0,100.0,20.0,25.0,100.0,0.0,100.0,-33.33,0.0,0.0
2006-02-22,,0.0,6.9,100.0,20.0,42.86,100.0,0.0,100.0,-33.33,0.0,0.0
2006-02-23,,3.125,12.9,100.0,20.0,42.86,100.0,0.0,100.0,-33.33,0.0,0.0
2006-02-24,,0.0,12.5,100.0,20.0,42.86,100.0,0.0,100.0,-33.33,0.0,0.0
2006-02-27,,0.0,15.15,100.0,20.0,57.14,100.0,0.0,100.0,-33.33,0.0,0.0
2006-02-28,,-2.857,20.51,100.0,20.0,57.14,50.0,25.0,100.0,-33.33,0.0,0.0
2006-03-01,,-5.128,15.0,100.0,20.0,33.33,50.0,25.0,100.0,-25.0,0.0,20.0
2006-03-02,,-2.703,17.07,100.0,20.0,33.33,50.0,25.0,0.0,-25.0,0.0,20.0
2006-03-03,,0.0,20.0,100.0,20.0,33.33,50.0,25.0,0.0,-33.33,0.0,20.0
2006-03-06,,2.778,19.51,100.0,20.0,33.33,50.0,33.33,0.0,-33.33,0.0,20.0
2006-03-07,,2.778,19.05,100.0,-12.5,33.33,50.0,33.33,0.0,-33.33,0.0,33.33
2006-03-08,,2.778,23.68,100.0,-12.5,18.18,50.0,33.33,0.0,-33.33,0.0,33.33
2006-03-09,,2.857,23.68,100.0,-14.29,16.67,50.0,33.33,0.0,-33.33,0.0,33.33
2006-03-10,,-3.03,28.21,100.0,-14.29,16.67,50.0,33.33,0.0,-33.33,0.0,60.0
2006-03-13,,-3.03,27.5,16.67,-14.29,9.09,50.0,33.33,-100.0,-33.33,0.0,60.0
2006-03-14,,-10.0,26.47,16.67,-14.29,9.09,0.0,50.0,-100.0,-33.33,0.0,60.0
2006-03-15,,-10.0,24.24,16.67,-14.29,10.0,0.0,50.0,-100.0,-20.0,0.0,75.0
2006-03-16,,-9.375,23.53,16.67,-14.29,10.0,0.0,50.0,-100.0,-16.67,0.0,75.0
2006-03-17,,-3.333,20.59,16.67,-14.29,10.0,0.0,50.0,-100.0,-16.67,0.0,75.0
2006-03-20,,0.0,24.24,16.67,-14.29,10.0,0.0,50.0,-100.0,-16.67,0.0,75.0
2006-03-21,,0.0,26.47,16.67,-14.29,10.0,0.0,33.33,-100.0,-16.67,0.0,66.67
2006-03-22,,0.0,24.24,16.67,-14.29,0.0,0.0,33.33,-100.0,-16.67,0.0,66.67
2006-03-23,,3.125,24.24,16.67,0.0,0.0,0.0,33.33,-100.0,-16.67,-100.0,66.67
2006-03-24,,0.0,28.13,16.67,0.0,0.0,0.0,33.33,-100.0,-16.67,-100.0,66.67
2006-03-27,,0.0,25.0,-66.67,0.0,0.0,0.0,33.33,-100.0,-16.67,-100.0,66.67
2006-03-28,,3.03,34.29,-66.67,0.0,0.0,0.0,33.33,-100.0,-16.67,-100.0,66.67
2006-03-29,,3.03,34.29,-66.67,0.0,0.0,0.0,33.33,-100.0,0.0,-100.0,50.0
2006-03-30,,-3.226,35.14,-66.67,0.0,11.11,0.0,33.33,0.0,25.0,-100.0,50.0
2006-03-31,,2.941,40.91,-66.67,0.0,11.11,25.0,0.0,0.0,25.0,-100.0,50.0
2006-04-03,,-2.857,40.91,-66.67,12.5,11.11,25.0,0.0,0.0,25.0,-100.0,60.0
2006-04-04,,-2.857,37.78,-66.67,12.5,11.11,25.0,0.0,0.0,25.0,-100.0,60.0
2006-04-05,,-2.778,35.71,-66.67,12.5,0.0,25.0,0.0,0.0,25.0,-100.0,60.0
2006-04-06,,-5.556,32.5,-66.67,12.5,0.0,25.0,0.0,0.0,25.0,-100.0,60.0
2006-04-07,,3.448,36.59,-66.67,28.57,0.0,25.0,0.0,0.0,25.0,-100.0,60.0
2006-04-10,,3.448,31.71,-66.67,12.5,-10.0,25.0,0.0,0.0,25.0,-100.0,60.0
2006-04-11,,3.448,31.43,0.0,14.29,-10.0,33.33,-50.0,0.0,25.0,-100.0,60.0
2006-04-12,,3.448,38.24,0.0,16.67,0.0,33.33,-50.0,0.0,-16.67,-100.0,50.0
2006-04-13,,3.226,36.36,0.0,16.67,0.0,33.33,-50.0,100.0,-16.67,-100.0,50.0
2006-04-14,,3.226,36.36,0.0,16.67,0.0,33.33,-50.0,100.0,-16.67,-100.0,50.0
2006-04-17,,3.226,36.36,0.0,16.67,0.0,33.33,-50.0,100.0,-16.67,-100.0,50.0
2006-04-18,,0.0,38.71,0.0,16.67,0.0,33.33,-50.0,100.0,-16.67,-100.0,33.33
2006-04-19,,0.0,38.71,14.29,16.67,16.67,33.33,-50.0,100.0,-16.67,-100.0,33.33
2006-04-20,,-3.03,34.38,14.29,16.67,20.0,33.33,-50.0,100.0,-16.67,-100.0,33.33
2006-04-21,,0.0,30.0,14.29,16.67,20.0,33.33,-33.33,100.0,-16.67,-100.0,33.33
2006-04-24,,0.0,33.33,75.0,16.67,20.0,33.33,-33.33,100.0,0.0,-100.0,33.33
2006-04-25,,9.375,41.94,75.0,16.67,20.0,33.33,-33.33,100.0,0.0,-100.0,33.33
2006-04-26,,14.706,40.63,75.0,16.67,20.0,33.33,-33.33,100.0,0.0,-100.0,33.33
2006-04-27,,12.5,42.42,75.0,16.67,16.67,100.0,-33.33,50.0,0.0,-100.0,33.33
2006-04-28,,12.5,50.0,75.0,16.67,16.67,100.0,-25.0,50.0,0.0,-100.0,50.0
2006-05-01,,12.5,50.0,75.0,16.67,16.67,100.0,-25.0,50.0,0.0,-100.0,50.0
2006-05-02,,17.143,47.5,75.0,16.67,16.67,50.0,-33.33,50.0,0.0,-100.0,20.0
2006-05-03,,21.622,45.0,75.0,16.67,16.67,50.0,-33.33,50.0,0.0,-100.0,20.0
2006-05-04,,19.444,41.46,75.0,16.67,14.29,50.0,-33.33,50.0,0.0,0.0,20.0
2006-05-05,,20.0,41.46,75.0,16.67,14.29,50.0,-33.33,50.0,0.0,0.0,20.0
2006-05-08,,20.0,43.9,75.0,16.67,14.29,50.0,-33.33,50.0,0.0,0.0,16.67
2006-05-09,,20.0,37.84,75.0,16.67,14.29,50.0,-33.33,50.0,0.0,0.0,16.67
2006-05-10,,16.667,35.0,75.0,16.67,11.11,50.0,-33.33,50.0,-33.33,-100.0,20.0
2006-05-11,,16.667,33.33,42.86,16.67,0.0,50.0,-33.33,0.0,-33.33,-100.0,20.0
2006-05-12,,16.129,25.81,42.86,16.67,0.0,0.0,0.0,0.0,-33.33,-100.0,20.0
2006-05-15,,16.129,25.81,50.0,16.67,0.0,0.0,0.0,0.0,-33.33,-100.0,0.0
2006-05-16,,15.625,27.27,50.0,16.67,0.0,0.0,0.0,0.0,-33.33,-100.0,0.0
2006-05-17,,15.625,28.13,50.0,16.67,0.0,0.0,0.0,0.0,-40.0,-100.0,0.0
2006-05-18,,9.375,28.13,50.0,16.67,0.0,0.0,0.0,0.0,-33.33,-100.0,0.0
2006-05-19,,9.375,23.33,50.0,16.67,0.0,0.0,0.0,0.0,-33.33,-100.0,0.0
2006-05-22,,9.375,27.59,50.0,16.67,0.0,0.0,0.0,0.0,-33.33,-100.0,0.0
2006-05-23,,9.375,25.0,40.0,16.67,0.0,0.0,0.0,0.0,-33.33,-100.0,0.0
2006-05-24,,8.824,27.27,40.0,16.67,0.0,0.0,0.0,0.0,0.0,-100.0,0.0
2006-05-25,,9.091,26.47,40.0,16.67,0.0,0.0,0.0,0.0,0.0,-100.0,0.0
2006-05-26,,5.882,26.47,40.0,16.67,0.0,0.0,0.0,0.0,0.0,-100.0,0.0
2006-05-29,,5.882,26.47,40.0,16.67,0.0,0.0,0.0,0.0,0.0,-100.0,0.0
2006-05-30,,8.824,28.57,40.0,16.67,0.0,0.0,0.0,0.0,0.0,-100.0,0.0
2006-05-31,,11.429,30.23,25.0,16.67,0.0,0.0,-25.0,0.0,0.0,-100.0,25.0
2006-06-01,,11.429,31.82,25.0,16.67,0.0,0.0,-25.0,0.0,0.0,-100.0,20.0
2006-06-02,,10.526,32.56,25.0,16.67,0.0,0.0,-33.33,0.0,0.0,-100.0,20.0
2006-06-05,,5.405,30.95,25.0,16.67,-11.11,0.0,-33.33,0.0,-33.33,-100.0,20.0
2006-06-06,,5.405,27.5,25.0,16.67,-10.0,-25.0,-33.33,0.0,-33.33,-100.0,20.0
2006-06-07,,0.0,27.5,25.0,37.5,-8.33,-25.0,-33.33,0.0,-33.33,-100.0,20.0
2006-06-08,,-6.897,26.32,25.0,28.57,-9.09,-25.0,-33.33,0.0,-33.33,-100.0,16.67
2006-06-09,,-6.897,15.15,25.0,28.57,-9.09,-25.0,-50.0,0.0,-33.33,-100.0,0.0
2006-06-12,,-6.897,11.76,14.29,28.57,-9.09,-25.0,-50.0,0.0,-33.33,-100.0,0.0
2006-06-13,,-14.286,8.82,14.29,50.0,-9.09,-33.33,-50.0,0.0,-33.33,-100.0,25.0
2006-06-14,,-14.286,12.12,25.0,50.0,-9.09,-33.33,-50.0,0.0,-40.0,-100.0,25.0
2006-06-15,,-13.333,15.63,25.0,50.0,-10.0,-33.33,-50.0,0.0,-33.33,-100.0,25.0
2006-06-16,,-10.345,12.12,25.0,50.0,-10.0,-33.33,-50.0,0.0,-33.33,-100.0,25.0
2006-06-19,,-10.345,9.38,25.0,50.0,-10.0,-33.33,-50.0,0.0,-33.33,-100.0,33.33
2006-06-20,,-3.448,9.38,25.0,50.0,-10.0,-33.33,-50.0,0.0,-33.33,-100.0,33.33
2006-06-21,,-3.448,10.0,25.0,60.0,-12.5,-33.33,0.0,0.0,-33.33,0.0,33.33
2006-06-22,,-6.667,10.0,40.0,60.0,-14.29,-33.33,0.0,0.0,-33.33,0.0,33.33
2006-06-23,,-3.333,10.0,40.0,60.0,-14.29,-33.33,0.0,0.0,-33.33,0.0,33.33
2006-06-26,,0.0,6.45,25.0,60.0,-14.29,-33.33,0.0,0.0,-33.33,0.0,33.33
2006-06-27,,0.0,16.13,25.0,42.86,-14.29,-33.33,0.0,0.0,-33.33,0.0,33.33
2006-06-28,,0.0,16.13,25.0,50.0,-14.29,-33.33,0.0,0.0,-25.0,0.0,25.0
2006-06-29,,6.897,14.29,25.0,50.0,-12.5,-25.0,-25.0,50.0,-33.33,0.0,25.0
2006-06-30,,6.25,16.67,25.0,50.0,-12.5,-25.0,-33.33,50.0,0.0,0.0,25.0
2006-07-03,,0.0,15.91,25.0,55.56,-11.11,-25.0,-33.33,50.0,0.0,0.0,20.0
2006-07-04,,0.0,17.5,25.0,55.56,-11.11,-25.0,-33.33,50.0,0.0,0.0,20.0
2006-07-05,,3.03,10.26,25.0,55.56,-11.11,-25.0,-33.33,50.0,0.0,0.0,20.0
2006-07-06,,0.0,7.69,25.0,55.56,-11.11,-25.0,-33.33,50.0,0.0,0.0,20.0
2006-07-07,,3.226,7.69,25.0,55.56,-11.11,-25.0,-33.33,50.0,0.0,0.0,16.67
2006-07-10,,3.226,7.14,28.57,44.44,11.11,-25.0,-33.33,100.0,0.0,0.0,16.67
2006-07-11,,3.226,4.76,28.57,37.5,0.0,-25.0,-33.33,100.0,0.0,0.0,16.67
2006-07-12,,3.226,-2.94,28.57,37.5,10.0,-33.33,0.0,100.0,-16.67,0.0,0.0
2006-07-13,,6.897,-3.13,28.57,28.57,11.11,-33.33,0.0,100.0,-16.67,0.0,0.0
2006-07-14,,0.0,-3.13,28.57,28.57,11.11,-33.33,0.0,100.0,-16.67,0.0,0.0
2006-07-17,,3.448,-3.03,37.5,28.57,25.0,-33.33,0.0,100.0,-16.67,0.0,0.0
2006-07-18,,3.448,-5.88,37.5,28.57,28.57,0.0,0.0,100.0,-16.67,0.0,0.0
2006-07-19,,0.0,-6.06,37.5,28.57,40.0,0.0,0.0,100.0,-16.67,0.0,0.0
2006-07-20,,-6.452,-6.06,37.5,28.57,40.0,0.0,0.0,100.0,0.0,0.0,0.0
2006-07-21,,-6.452,-3.13,37.5,28.57,40.0,0.0,0.0,100.0,0.0,0.0,0.0
2006-07-24,,-6.452,0.0,60.0,28.57,40.0,0.0,-33.33,100.0,0.0,0.0,0.0
2006-07-25,,-3.125,3.13,60.0,28.57,40.0,0.0,-33.33,100.0,0.0,0.0,0.0
2006-07-26,,-3.125,2.94,50.0,28.57,40.0,0.0,-33.33,100.0,20.0,0.0,0.0
2006-07-27,,-3.125,2.94,50.0,28.57,40.0,0.0,-33.33,0.0,25.0,0.0,0.0
2006-07-28,,-9.375,5.71,50.0,28.57,40.0,0.0,-33.33,0.0,25.0,0.0,0.0
2006-07-31,,-9.375,12.2,50.0,28.57,33.33,50.0,-50.0,0.0,25.0,0.0,0.0
2006-08-01,,-8.333,6.82,50.0,28.57,28.57,50.0,-50.0,0.0,25.0,0.0,0.0
2006-08-02,,-8.333,6.98,50.0,28.57,28.57,50.0,-100.0,0.0,25.0,0.0,20.0
2006-08-03,,-10.811,6.98,50.0,28.57,28.57,50.0,-100.0,0.0,25.0,0.0,20.0
2006-08-04,,-14.286,4.55,50.0,28.57,28.57,50.0,-100.0,0.0,25.0,0.0,20.0
2006-08-07,,-14.286,6.98,50.0,28.57,28.57,50.0,-100.0,0.0,25.0,0.0,16.67
2006-08-08,,-14.286,0.0,50.0,28.57,25.0,50.0,-100.0,0.0,25.0,0.0,16.67
2006-08-09,,-14.286,0.0,28.57,28.57,20.0,50.0,-100.0,0.0,25.0,100.0,20.0
2006-08-10,,-14.286,0.0,28.57,28.57,22.22,100.0,-100.0,-100.0,25.0,100.0,20.0
2006-08-11,,-6.452,-6.06,37.5,28.57,22.22,100.0,-100.0,-100.0,0.0,100.0,20.0
2006-08-14,,-6.452,-6.45,37.5,28.57,25.0,100.0,-100.0,-100.0,0.0,100.0,25.0
2006-08-15,,-6.452,-6.45,33.33,28.57,25.0,100.0,-100.0,-100.0,0.0,100.0,25.0
2006-08-16,,-12.5,-3.33,33.33,28.57,25.0,100.0,-100.0,-100.0,-20.0,100.0,25.0
2006-08-17,,-11.765,0.0,33.33,28.57,25.0,100.0,-100.0,-100.0,-33.33,100.0,25.0
2006-08-18,,-18.182,0.0,33.33,28.57,25.0,100.0,-100.0,-100.0,-33.33,100.0,33.33
2006-08-21,,-18.182,0.0,33.33,28.57,14.29,100.0,-66.67,-100.0,-33.33,100.0,33.33
2006-08-22,,-18.182,-3.57,33.33,28.57,14.29,100.0,-66.67,-100.0,-33.33,100.0,33.33
2006-08-23,,-20.588,-3.57,33.33,28.57,0.0,100.0,-66.67,-100.0,-25.0,100.0,33.33
2006-08-24,,-21.875,-3.23,33.33,28.57,0.0,100.0,-66.67,-100.0,-25.0,100.0,33.33
2006-08-25,,-21.875,-3.23,33.33,28.57,0.0,100.0,-66.67,-100.0,-25.0,100.0,33.33
2006-08-28,,-21.875,-3.23,20.0,28.57,0.0,100.0,-66.67,-100.0,-25.0,100.0,33.33
2006-08-29,,-21.875,-3.23,20.0,28.57,0.0,100.0,-66.67,-50.0,-25.0,100.0,33.33
2006-08-30,,-21.875,-3.23,20.0,28.57,0.0,100.0,-66.67,-50.0,-25.0,100.0,0.0
2006-08-31,,-18.182,-10.26,20.0,28.57,0.0,100.0,-75.0,-50.0,-66.67,100.0,0.0
2006-09-01,,-25.714,-12.82,20.0,28.57,0.0,100.0,-75.0,-50.0,-66.67,100.0,20.0
2006-09-04,,-25.714,-12.82,20.0,28.57,12.5,100.0,-66.67,-50.0,-66.67,100.0,20.0
2006-09-05,,-25.714,-10.53,20.0,28.57,0.0,50.0,-66.67,-50.0,-66.67,100.0,20.0
2006-09-06,,-25.714,-10.81,20.0,28.57,9.09,50.0,-66.67,-50.0,-66.67,100.0,20.0
2006-09-07,,-28.571,-10.81,20.0,28.57,8.33,50.0,-66.67,0.0,-66.67,100.0,20.0
2006-09-08,,-28.571,-8.11,20.0,28.57,8.33,50.0,-66.67,0.0,-66.67,100.0,20.0
2006-09-11,,-28.571,-21.88,50.0,28.57,9.09,33.33,-50.0,0.0,-66.67,100.0,20.0
2006-09-12,,-28.571,-17.24,50.0,28.57,10.0,33.33,-50.0,0.0,-66.67,100.0,20.0
2006-09-13,,-28.571,-17.24,33.33,28.57,10.0,33.33,-50.0,0.0,-20.0,100.0,0.0
2006-09-14,,-18.519,-17.86,30.0,28.57,10.0,33.33,-50.0,0.0,-16.67,100.0,0.0
2006-09-15,,-19.231,-17.86,30.0,28.57,10.0,33.33,-50.0,0.0,-16.67,100.0,0.0
2006-09-18,,-19.231,-20.69,30.0,28.57,10.0,33.33,-50.0,0.0,-16.67,100.0,0.0
2006-09-19,,-22.222,-21.43,30.0,28.57,11.11,33.33,-50.0,0.0,-16.67,100.0,0.0
2006-09-20,,-22.222,-21.43,42.86,-22.22,14.29,33.33,-50.0,0.0,-16.67,0.0,0.0
2006-09-21,,-28.571,-22.22,42.86,-22.22,14.29,33.33,-33.33,0.0,-16.67,0.0,0.0
2006-09-22,,-28.571,-17.86,33.33,-22.22,14.29,33.33,-33.33,0.0,-16.67,0.0,0.0
2006-09-25,,-27.586,-20.69,33.33,-22.22,14.29,33.33,-33.33,0.0,-16.67,0.0,0.0
2006-09-26,,-26.667,-12.9,40.0,-22.22,14.29,33.33,-33.33,0.0,-16.67,0.0,0.0
2006-09-27,,-23.333,-6.06,40.0,-33.33,14.29,33.33,-33.33,0.0,-20.0,0.0,0.0
2006-09-28,,-22.222,0.0,40.0,-30.0,0.0,33.33,-33.33,0.0,0.0,0.0,0.0
2006-09-29,,-17.241,7.32,40.0,-30.0,0.0,33.33,-25.0,0.0,0.0,0.0,0.0
2006-10-02,,-12.903,7.14,40.0,-27.27,-11.11,50.0,-33.33,0.0,0.0,0.0,-20.0
2006-10-03,,-12.903,11.9,40.0,-27.27,-11.11,50.0,-33.33,0.0,0.0,0.0,-20.0
2006-10-04,,-12.5,11.63,40.0,-27.27,-11.11,50.0,-33.33,0.0,0.0,0.0,-20.0
2006-10-05,,-10.0,12.5,40.0,-27.27,-11.11,50.0,-33.33,0.0,0.0,0.0,-20.0
2006-10-06,,-9.677,14.63,40.0,-27.27,-11.11,50.0,-33.33,0.0,0.0,0.0,0.0
2006-10-09,,-9.677,16.67,40.0,-27.27,-11.11,50.0,-33.33,0.0,0.0,0.0,0.0
2006-10-10,,-9.677,18.6,40.0,-27.27,-10.0,50.0,-33.33,0.0,0.0,0.0,0.0
2006-10-11,,-9.677,18.6,25.0,-22.22,-10.0,50.0,-33.33,0.0,0.0,0.0,20.0
2006-10-12,,-10.345,31.43,25.0,-22.22,-10.0,33.33,0.0,0.0,0.0,0.0,20.0
2006-10-13,,-3.704,33.33,11.11,-12.5,-10.0,33.33,0.0,0.0,0.0,0.0,0.0
2006-10-16,,-3.704,33.33,11.11,-12.5,-22.22,33.33,0.0,0.0,0.0,0.0,0.0
2006-10-17,,-7.143,29.41,11.11,-12.5,-12.5,100.0,0.0,0.0,0.0,0.0,0.0
2006-10-18,,-3.448,30.3,9.09,-12.5,-33.33,100.0,0.0,0.0,-16.67,0.0,0.0
2006-10-19,,-13.333,30.3,9.09,0.0,-40.0,100.0,0.0,0.0,-28.57,0.0,0.0
2006-10-20,,-13.333,29.03,9.09,0.0,-40.0,100.0,0.0,0.0,-28.57,0.0,0.0
2006-10-23,,-13.333,33.33,-25.0,0.0,-40.0,100.0,0.0,0.0,-28.57,0.0,0.0
2006-10-24,,-13.333,25.0,-25.0,0.0,-40.0,100.0,0.0,0.0,-28.57,0.0,0.0
2006-10-25,,-13.333,25.0,-14.29,0.0,-40.0,100.0,0.0,0.0,-60.0,0.0,0.0
2006-10-26,,-9.375,25.0,-16.67,0.0,-40.0,100.0,0.0,0.0,-75.0,0.0,0.0
2006-10-27,,-9.375,30.56,-16.67,0.0,-40.0,100.0,0.0,0.0,-75.0,0.0,-25.0
2006-10-30,,-8.824,34.29,-16.67,0.0,-33.33,100.0,0.0,-50.0,-75.0,0.0,-25.0
2006-10-31,,-11.429,35.0,-16.67,0.0,-33.33,100.0,0.0,-50.0,-75.0,0.0,-25.0
2006-11-01,,-13.514,35.0,-16.67,0.0,-14.29,100.0,0.0,-50.0,-75.0,0.0,-40.0
2006-11-02,,-13.889,32.56,-16.67,0.0,-14.29,100.0,0.0,-50.0,-75.0,0.0,-40.0
2006-11-03,,-8.571,30.23,-16.67,0.0,-14.29,100.0,0.0,-50.0,-75.0,0.0,-40.0
2006-11-06,,-8.571,30.23,-16.67,0.0,-14.29,100.0,0.0,-50.0,-75.0,0.0,-40.0
2006-11-07,,-8.571,26.19,-16.67,0.0,0.0,100.0,0.0,-50.0,-75.0,0.0,-33.33
2006-11-08,,-8.571,26.19,-11.11,0.0,-20.0,100.0,0.0,-50.0,-66.67,0.0,-40.0
2006-11-09,,-12.903,23.08,-11.11,0.0,-11.11,100.0,0.0,-100.0,-66.67,0.0,-40.0
2006-11-10,,-12.903,11.76,-11.11,0.0,-11.11,100.0,0.0,-100.0,-66.67,0.0,-40.0
2006-11-13,,-12.903,12.12,0.0,0.0,0.0,100.0,0.0,-100.0,-66.67,0.0,-25.0
2006-11-14,,-12.5,9.09,0.0,0.0,0.0,100.0,0.0,-100.0,-66.67,0.0,-25.0
2006-11-15,,-12.903,6.06,-9.09,0.0,0.0,100.0,0.0,-100.0,-60.0,0.0,-25.0
2006-11-16,,-9.677,6.06,-9.09,0.0,0.0,100.0,0.0,-100.0,-33.33,0.0,-25.0
2006-11-17,,-9.677,3.13,-9.09,0.0,0.0,100.0,0.0,-100.0,-33.33,0.0,-66.67
2006-11-20,,-9.375,3.33,-9.09,0.0,0.0,100.0,0.0,-100.0,-33.33,0.0,-66.67
2006-11-21,,-9.375,0.0,-9.09,0.0,0.0,100.0,-33.33,-100.0,-33.33,0.0,-66.67
2006-11-22,,-9.375,0.0,-12.5,0.0,0.0,100.0,-33.33,-100.0,-33.33,0.0,-66.67
2006-11-23,,-10.0,5.88,-12.5,0.0,0.0,100.0,-33.33,-100.0,-33.33,0.0,-66.67
2006-11-24,,-10.0,5.71,0.0,0.0,0.0,100.0,-33.33,-100.0,-33.33,0.0,-66.67
2006-11-27,,-10.0,5.71,0.0,0.0,0.0,100.0,-33.33,-100.0,-33.33,0.0,-66.67
2006-11-28,,-12.5,2.94,0.0,0.0,0.0,100.0,-33.33,-100.0,-33.33,0.0,-66.67
2006-11-29,,-18.75,2.94,0.0,0.0,0.0,100.0,-33.33,-100.0,-25.0,0.0,-75.0
2006-11-30,,-15.152,-2.33,0.0,0.0,0.0,0.0,-50.0,-100.0,0.0,0.0,-75.0
2006-12-01,,-20.0,-4.44,0.0,11.11,0.0,0.0,-50.0,-50.0,0.0,0.0,-40.0
2006-12-04,,-20.0,-4.44,0.0,11.11,-12.5,0.0,-66.67,-50.0,0.0,0.0,-40.0
2006-12-05,,-18.919,0.0,0.0,11.11,-11.11,25.0,-66.67,-50.0,0.0,0.0,-40.0
2006-12-06,,-18.919,-4.88,0.0,11.11,-9.09,25.0,-66.67,-50.0,0.0,0.0,-40.0
2006-12-07,,-26.471,-4.88,0.0,11.11,-8.33,25.0,-66.67,-50.0,0.0,0.0,-16.67
2006-12-08,,-21.875,-4.76,0.0,0.0,-8.33,25.0,-66.67,-50.0,0.0,0.0,0.0
2006-12-11,,-21.875,-6.98,25.0,0.0,-9.09,25.0,-66.67,0.0,0.0,0.0,0.0
2006-12-12,,-21.875,-10.53,25.0,0.0,-9.09,0.0,-100.0,0.0,0.0,0.0,0.0
2006-12-13,,-16.129,-10.53,22.22,0.0,-20.0,0.0,-100.0,0.0,40.0,0.0,25.0
2006-12-14,,-13.333,-8.33,20.0,0.0,-20.0,0.0,-100.0,0.0,50.0,0.0,25.0
2006-12-15,,-17.857,-11.11,20.0,0.0,-20.0,0.0,-100.0,0.0,50.0,0.0,25.0
2006-12-18,,-17.857,-8.57,20.0,0.0,-20.0,0.0,-100.0,0.0,50.0,0.0,25.0
2006-12-19,,-13.793,-2.78,20.0,0.0,-33.33,0.0,-100.0,0.0,50.0,0.0,33.33
2006-12-20,,-13.793,-8.82,28.57,0.0,-14.29,0.0,-100.0,0.0,50.0,0.0,33.33
2006-12-21,,-16.667,-5.71,28.57,0.0,-14.29,0.0,-100.0,0.0,42.86,0.0,33.33
2006-12-22,,-18.75,-2.7,28.57,0.0,-14.29,0.0,-100.0,0.0,42.86,0.0,33.33
2006-12-25,,-18.75,-2.7,16.67,0.0,-14.29,0.0,-100.0,0.0,42.86,0.0,33.33
2006-12-26,,-18.75,-2.7,16.67,0.0,-14.29,0.0,-100.0,0.0,42.86,0.0,33.33
2006-12-27,,-15.625,0.0,40.0,0.0,-14.29,0.0,-100.0,50.0,80.0,0.0,33.33
2006-12-28,,-9.375,0.0,40.0,-11.11,-14.29,0.0,-100.0,50.0,75.0,0.0,33.33
2006-12-29,,-9.375,2.78,40.0,-11.11,-14.29,0.0,-100.0,50.0,75.0,0.0,25.0
2007-01-01,,-9.375,2.78,40.0,-11.11,-14.29,0.0,-100.0,50.0,75.0,0.0,25.0
2007-01-02,,-9.375,5.41,40.0,0.0,-14.29,0.0,-100.0,50.0,75.0,0.0,25.0
2007-01-03,,-5.882,2.78,40.0,0.0,-14.29,0.0,-100.0,50.0,75.0,0.0,20.0
2007-01-04,,-8.333,-3.13,40.0,0.0,-14.29,0.0,-100.0,50.0,75.0,0.0,20.0
2007-01-05,,2.941,-2.63,40.0,0.0,-14.29,0.0,-100.0,50.0,75.0,0.0,20.0
2007-01-08,,2.941,-5.0,40.0,0.0,-12.5,0.0,-100.0,50.0,75.0,0.0,0.0
2007-01-09,,2.941,-4.88,40.0,0.0,-12.5,0.0,-100.0,50.0,75.0,0.0,0.0
2007-01-10,,2.941,-7.14,0.0,12.5,-12.5,0.0,-100.0,50.0,75.0,0.0,20.0
2007-01-11,,9.677,-3.03,0.0,12.5,-12.5,33.33,-100.0,50.0,75.0,0.0,20.0
2007-01-12,,17.857,0.0,0.0,12.5,-12.5,33.33,-100.0,100.0,75.0,0.0,0.0
2007-01-15,,17.857,-6.06,0.0,12.5,0.0,33.33,-100.0,100.0,75.0,0.0,0.0
2007-01-16,,17.857,-3.03,0.0,12.5,0.0,0.0,-100.0,100.0,75.0,0.0,0.0
2007-01-17,,20.69,0.0,0.0,12.5,0.0,0.0,-100.0,100.0,50.0,0.0,0.0
2007-01-18,,29.032,0.0,0.0,12.5,0.0,0.0,-100.0,100.0,50.0,0.0,-33.33
2007-01-19,,34.483,-3.33,0.0,12.5,0.0,0.0,-100.0,100.0,57.14,0.0,-33.33
2007-01-22,,34.483,0.0,-33.33,12.5,0.0,0.0,-100.0,100.0,57.14,0.0,-33.33
2007-01-23,,34.483,0.0,-33.33,12.5,0.0,0.0,-100.0,100.0,57.14,0.0,-33.33
2007-01-24,,34.483,-3.45,-42.86,12.5,0.0,0.0,-100.0,100.0,40.0,0.0,-33.33
2007-01-25,,33.333,-12.9,-50.0,12.5,0.0,0.0,-100.0,100.0,25.0,0.0,-33.33
2007-01-26,,32.258,-6.45,-50.0,12.5,0.0,0.0,-100.0,100.0,25.0,0.0,-33.33
2007-01-29,,32.258,-9.38,-50.0,12.5,0.0,0.0,-100.0,0.0,25.0,0.0,-33.33
2007-01-30,,29.032,-16.67,-50.0,12.5,-20.0,0.0,-100.0,0.0,25.0,0.0,-33.33
2007-01-31,,26.471,-20.0,-50.0,12.5,-20.0,0.0,-100.0,0.0,25.0,0.0,0.0
2007-02-01,,25.714,-25.0,-50.0,12.5,-20.0,0.0,-100.0,0.0,33.33,0.0,-20.0
2007-02-02,,28.571,-25.0,-50.0,12.5,-20.0,0.0,-100.0,0.0,33.33,0.0,-20.0
2007-02-05,,31.429,-21.62,-50.0,12.5,-16.67,0.0,-100.0,-100.0,33.33,0.0,-20.0
2007-02-06,,31.429,-23.08,-50.0,12.5,-16.67,0.0,-100.0,-100.0,33.33,0.0,-20.0
2007-02-07,,31.429,-23.08,-50.0,12.5,-25.0,0.0,-100.0,-100.0,33.33,0.0,0.0
2007-02-08,,28.125,-21.95,-50.0,12.5,-22.22,0.0,-100.0,-100.0,33.33,0.0,0.0
2007-02-09,,28.125,-19.05,-50.0,12.5,-22.22,0.0,-100.0,-100.0,33.33,0.0,0.0
2007-02-12,,28.125,-19.05,-11.11,12.5,-22.22,0.0,-100.0,-100.0,33.33,0.0,0.0
2007-02-13,,28.125,-18.6,-11.11,12.5,-22.22,0.0,-100.0,-100.0,33.33,0.0,0.0
2007-02-14,,22.581,-16.67,-20.0,12.5,-22.22,0.0,-100.0,-100.0,40.0,0.0,0.0
2007-02-15,,15.625,-16.67,-20.0,12.5,-22.22,0.0,-100.0,-100.0,16.67,0.0,0.0
2007-02-16,,9.677,-20.0,-20.0,12.5,-22.22,0.0,-100.0,-100.0,16.67,0.0,0.0
2007-02-19,,9.677,-18.18,-20.0,12.5,-25.0,0.0,-100.0,-100.0,16.67,0.0,33.33
2007-02-20,,9.677,-16.13,-20.0,12.5,-25.0,0.0,-100.0,-100.0,16.67,0.0,33.33
2007-02-21,,6.25,-12.9,0.0,12.5,-33.33,0.0,-33.33,-100.0,16.67,0.0,33.33
2007-02-22,,3.226,-8.82,0.0,12.5,-33.33,-33.33,-33.33,-100.0,16.67,0.0,33.33
2007-02-23,,3.226,-5.41,0.0,16.67,-33.33,-33.33,-33.33,-100.0,16.67,0.0,33.33
2007-02-26,,3.226,0.0,0.0,16.67,-40.0,-33.33,-33.33,-100.0,16.67,0.0,33.33
2007-02-27,,5.882,0.0,0.0,16.67,-16.67,-33.33,-33.33,-100.0,16.67,0.0,33.33
2007-02-28,,-2.857,4.55,0.0,0.0,-16.67,-50.0,-33.33,-100.0,25.0,0.0,50.0
2007-03-01,,-5.556,2.08,0.0,11.11,-28.57,-50.0,-33.33,0.0,25.0,0.0,40.0
2007-03-02,,-5.556,0.0,0.0,11.11,-28.57,-50.0,-50.0,0.0,0.0,0.0,40.0
2007-03-05,,-8.108,0.0,0.0,11.11,-25.0,-50.0,-50.0,0.0,-25.0,0.0,40.0
2007-03-06,,-13.514,-3.77,0.0,11.11,-11.11,-50.0,-33.33,0.0,-25.0,0.0,16.67
2007-03-07,,-13.514,-3.77,25.0,11.11,-11.11,-50.0,-33.33,0.0,-25.0,0.0,14.29
2007-03-08,,-13.889,0.0,25.0,0.0,-11.11,-50.0,-33.33,0.0,-25.0,0.0,14.29
2007-03-09,,-19.444,-3.85,25.0,0.0,-11.11,-50.0,-33.33,0.0,-25.0,0.0,14.29
2007-03-12,,-19.444,-3.85,37.5,0.0,-10.0,-50.0,-33.33,100.0,-25.0,0.0,14.29
2007-03-13,,-21.212,-3.77,37.5,-12.5,0.0,-50.0,-33.33,100.0,-25.0,0.0,14.29
2007-03-14,,-21.212,0.0,37.5,-12.5,9.09,-66.67,0.0,100.0,-16.67,0.0,0.0
2007-03-15,,-19.355,2.27,22.22,0.0,9.09,-66.67,0.0,100.0,-16.67,0.0,20.0
2007-03-16,,-20.69,2.27,22.22,0.0,9.09,-66.67,0.0,100.0,-16.67,0.0,20.0
2007-03-19,,-20.69,0.0,22.22,0.0,10.0,-66.67,0.0,100.0,-16.67,0.0,20.0
2007-03-20,,-16.667,2.44,22.22,0.0,10.0,-66.67,0.0,100.0,-16.67,0.0,20.0
2007-03-21,,-16.667,4.76,22.22,0.0,25.0,-66.67,0.0,100.0,-16.67,0.0,0.0
2007-03-22,,-19.355,5.0,22.22,-16.67,28.57,-66.67,0.0,100.0,0.0,0.0,0.0
2007-03-23,,-15.625,0.0,22.22,-16.67,28.57,-66.67,0.0,100.0,0.0,0.0,0.0
2007-03-26,,-18.182,2.5,0.0,-16.67,28.57,-66.67,0.0,100.0,0.0,0.0,0.0
2007-03-27,,-17.647,4.88,0.0,-16.67,28.57,-66.67,0.0,100.0,0.0,0.0,0.0
2007-03-28,,-17.647,7.14,20.0,-28.57,28.57,-66.67,0.0,100.0,-33.33,0.0,0.0
2007-03-29,,-9.677,6.98,20.0,-22.22,28.57,-66.67,0.0,50.0,-20.0,0.0,0.0
2007-03-30,,5.882,13.46,20.0,-22.22,28.57,-25.0,-25.0,50.0,-20.0,0.0,0.0
2007-04-02,,5.714,8.93,20.0,-30.0,37.5,-25.0,-25.0,50.0,-20.0,0.0,-16.67
2007-04-03,,5.714,8.93,20.0,-30.0,37.5,-25.0,-25.0,50.0,-20.0,0.0,-16.67
2007-04-04,,2.778,8.2,20.0,-30.0,37.5,-25.0,-66.67,50.0,-16.67,0.0,-16.67
2007-04-05,,2.778,6.9,20.0,-30.0,37.5,0.0,-66.67,50.0,-16.67,0.0,-16.67
2007-04-06,,2.778,6.9,20.0,-30.0,37.5,0.0,-66.67,50.0,-16.67,0.0,-16.67
2007-04-09,,2.778,6.9,20.0,-30.0,37.5,0.0,-66.67,50.0,-16.67,0.0,-16.67
2007-04-10,,9.091,7.02,-25.0,-37.5,25.0,0.0,-66.67,50.0,-16.67,0.0,-14.29
2007-04-11,,9.091,4.17,-25.0,-25.0,10.0,100.0,-66.67,50.0,-16.67,0.0,-33.33
2007-04-12,,-3.448,4.44,-22.22,-50.0,22.22,100.0,-66.67,0.0,-16.67,0.0,-40.0
2007-04-13,,-6.667,6.67,-22.22,-50.0,22.22,100.0,-50.0,0.0,-16.67,0.0,-40.0
2007-04-16,,-3.333,7.32,-22.22,-50.0,25.0,100.0,-50.0,0.0,0.0,0.0,-40.0
2007-04-17,,-3.226,12.2,-22.22,-50.0,14.29,100.0,-50.0,0.0,0.0,0.0,-25.0
2007-04-18,,-3.226,15.0,-22.22,-50.0,14.29,100.0,-50.0,0.0,0.0,0.0,-33.33
2007-04-19,,-3.226,15.0,0.0,-40.0,14.29,100.0,-50.0,0.0,0.0,0.0,-33.33
2007-04-20,,-3.226,18.42,0.0,-40.0,14.29,100.0,0.0,0.0,0.0,0.0,-33.33
2007-04-23,,-3.226,21.62,-28.57,-40.0,16.67,100.0,0.0,0.0,0.0,0.0,-33.33
2007-04-24,,-6.25,18.92,-28.57,-40.0,16.67,100.0,0.0,0.0,0.0,0.0,-33.33
2007-04-25,,-5.882,26.32,-28.57,-40.0,0.0,100.0,0.0,0.0,0.0,0.0,-33.33
2007-04-26,,-6.061,28.95,-16.67,-16.67,0.0,100.0,0.0,0.0,0.0,0.0,-33.33
2007-04-27,,-12.5,30.0,-16.67,0.0,0.0,100.0,0.0,0.0,0.0,0.0,-50.0
2007-04-30,,-13.889,19.15,-16.67,0.0,20.0,50.0,25.0,0.0,0.0,0.0,-50.0
2007-05-01,,-13.889,19.15,-16.67,0.0,20.0,50.0,25.0,0.0,0.0,0.0,-50.0
2007-05-02,,-10.811,15.09,-16.67,-12.5,20.0,50.0,33.33,0.0,0.0,0.0,-60.0
2007-05-03,,-2.703,15.09,-16.67,-12.5,20.0,50.0,33.33,0.0,-16.67,0.0,-60.0
2007-05-04,,-2.778,10.53,-16.67,-12.5,20.0,50.0,33.33,0.0,-16.67,0.0,-60.0
2007-05-07,,-2.778,10.53,-16.67,-12.5,20.0,50.0,33.33,0.0,-16.67,0.0,-60.0
2007-05-08,,-2.778,7.41,-16.67,-12.5,0.0,50.0,33.33,0.0,-16.67,0.0,-66.67
2007-05-09,,0.0,1.82,-16.67,0.0,0.0,50.0,33.33,0.0,0.0,0.0,-80.0
2007-05-10,,0.0,1.79,-16.67,0.0,0.0,50.0,33.33,0.0,0.0,0.0,-80.0
2007-05-11,,-16.129,-6.38,0.0,0.0,0.0,0.0,100.0,0.0,0.0,0.0,-80.0
2007-05-14,,-16.129,-2.27,0.0,0.0,-12.5,0.0,100.0,0.0,0.0,0.0,-75.0
2007-05-15,,-16.129,-2.27,0.0,0.0,-12.5,0.0,100.0,0.0,0.0,0.0,-75.0
2007-05-16,,-6.452,0.0,0.0,0.0,-12.5,0.0,100.0,0.0,16.67,0.0,-75.0
2007-05-17,,-6.061,0.0,0.0,0.0,-12.5,0.0,100.0,0.0,16.67,0.0,-75.0
2007-05-18,,-6.25,0.0,0.0,0.0,-12.5,0.0,66.67,0.0,0.0,0.0,-75.0
2007-05-21,,-6.25,0.0,0.0,0.0,-12.5,0.0,66.67,0.0,0.0,0.0,-75.0
2007-05-22,,-6.25,-5.26,37.5,0.0,-14.29,0.0,66.67,0.0,0.0,0.0,-100.0
2007-05-23,,-6.25,-5.26,37.5,0.0,0.0,0.0,66.67,0.0,0.0,0.0,-100.0
2007-05-24,,0.0,-11.9,42.86,0.0,0.0,0.0,66.67,0.0,0.0,0.0,-100.0
2007-05-25,,0.0,-11.9,42.86,0.0,0.0,0.0,66.67,0.0,0.0,0.0,-75.0
2007-05-28,,0.0,-11.9,42.86,0.0,0.0,0.0,66.67,0.0,0.0,0.0,-75.0
2007-05-29,,6.25,-14.63,42.86,-28.57,0.0,0.0,66.67,50.0,0.0,0.0,-75.0
2007-05-30,,6.25,-16.67,42.86,-25.0,28.57,0.0,66.67,50.0,0.0,0.0,-75.0
2007-05-31,,12.5,-12.0,20.0,-25.0,28.57,0.0,25.0,50.0,0.0,0.0,-40.0
2007-06-01,,13.514,-12.73,20.0,-22.22,28.57,0.0,0.0,50.0,0.0,0.0,-50.0
2007-06-04,,10.526,-12.73,20.0,-22.22,37.5,0.0,0.0,50.0,0.0,0.0,-50.0
2007-06-05,,17.143,-10.17,20.0,-22.22,44.44,0.0,0.0,50.0,0.0,0.0,-50.0
2007-06-06,,17.143,-13.79,20.0,-22.22,36.36,0.0,0.0,50.0,0.0,0.0,-50.0
2007-06-07,,24.138,-15.79,20.0,-37.5,33.33,0.0,0.0,100.0,0.0,0.0,-42.86
2007-06-08,,24.138,-17.54,20.0,-57.14,33.33,0.0,0.0,100.0,0.0,0.0,-33.33
2007-06-11,,24.138,-17.31,25.0,-57.14,27.27,0.0,-50.0,100.0,0.0,0.0,-33.33
2007-06-12,,24.138,-18.87,22.22,-57.14,27.27,0.0,-50.0,100.0,0.0,0.0,-33.33
2007-06-13,,24.138,-21.74,22.22,-57.14,27.27,0.0,-50.0,100.0,0.0,0.0,-20.0
2007-06-14,,17.857,-21.74,20.0,-57.14,27.27,0.0,-50.0,100.0,0.0,0.0,-20.0
2007-06-15,,10.714,-19.51,20.0,-57.14,27.27,0.0,-50.0,100.0,0.0,0.0,-20.0
2007-06-18,,10.714,-22.5,20.0,-57.14,40.0,0.0,-50.0,100.0,0.0,0.0,0.0
2007-06-19,,10.345,-24.39,20.0,-57.14,40.0,0.0,-50.0,100.0,0.0,0.0,0.0
2007-06-20,,10.345,-20.51,20.0,-66.67,50.0,0.0,-50.0,100.0,0.0,0.0,0.0
2007-06-21,,20.0,-25.64,20.0,-66.67,50.0,0.0,-66.67,100.0,0.0,0.0,0.0
2007-06-22,,20.0,-29.27,14.29,-66.67,50.0,0.0,-66.67,100.0,0.0,0.0,0.0
2007-06-25,,19.355,-29.27,16.67,-66.67,57.14,0.0,-66.67,100.0,0.0,0.0,0.0
2007-06-26,,18.182,-28.57,16.67,-37.5,57.14,0.0,-66.67,100.0,0.0,0.0,0.0
2007-06-27,,12.5,-28.57,20.0,-37.5,57.14,0.0,-66.67,100.0,-20.0,0.0,0.0
2007-06-28,,13.333,-26.67,20.0,-44.44,62.5,0.0,-66.67,100.0,-20.0,0.0,0.0
2007-06-29,,9.091,-26.42,20.0,-44.44,62.5,0.0,-100.0,100.0,0.0,0.0,0.0
2007-07-02,,8.824,-26.32,20.0,-30.0,44.44,25.0,-100.0,100.0,0.0,0.0,16.67
2007-07-03,,11.429,-26.79,20.0,-30.0,44.44,25.0,-100.0,100.0,0.0,0.0,16.67
2007-07-04,,11.429,-21.31,20.0,-30.0,44.44,50.0,-100.0,100.0,16.67,0.0,16.67
2007-07-05,,11.765,-16.07,20.0,-30.0,44.44,50.0,-100.0,100.0,16.67,0.0,16.67
2007-07-06,,11.765,-14.29,20.0,-30.0,44.44,50.0,-100.0,100.0,16.67,0.0,16.67
2007-07-09,,11.765,-17.24,12.5,-12.5,40.0,50.0,-100.0,100.0,16.67,0.0,16.67
2007-07-10,,11.765,-16.67,12.5,0.0,40.0,50.0,-100.0,100.0,16.67,0.0,16.67
2007-07-11,,11.765,-15.25,22.22,0.0,30.0,50.0,-100.0,100.0,16.67,0.0,16.67
2007-07-12,,9.375,-19.23,22.22,0.0,30.0,100.0,-100.0,100.0,16.67,0.0,0.0
2007-07-13,,10.714,-19.57,22.22,0.0,30.0,100.0,-100.0,100.0,16.67,0.0,25.0
2007-07-16,,10.714,-19.57,22.22,0.0,22.22,100.0,-100.0,100.0,16.67,0.0,25.0
2007-07-17,,7.143,-23.81,22.22,0.0,12.5,100.0,-100.0,100.0,20.0,0.0,25.0
2007-07-18,,6.897,-24.39,36.36,0.0,16.67,100.0,-100.0,100.0,42.86,0.0,25.0
2007-07-19,,0.0,-24.39,36.36,0.0,20.0,100.0,-100.0,100.0,37.5,0.0,33.33
2007-07-20,,0.0,-25.64,36.36,0.0,20.0,100.0,-100.0,100.0,37.5,0.0,33.33
2007-07-23,,0.0,-21.62,37.5,0.0,20.0,100.0,-100.0,100.0,37.5,0.0,33.33
2007-07-24,,0.0,-15.79,42.86,0.0,20.0,100.0,-33.33,100.0,37.5,0.0,33.33
2007-07-25,,-3.226,-17.5,42.86,20.0,20.0,100.0,-33.33,100.0,50.0,0.0,33.33
2007-07-26,,-6.061,-13.95,50.0,16.67,20.0,100.0,-33.33,100.0,60.0,0.0,33.33
2007-07-27,,0.0,-13.64,50.0,28.57,20.0,100.0,-33.33,100.0,60.0,0.0,50.0
2007-07-30,,0.0,-13.64,50.0,28.57,42.86,100.0,-33.33,100.0,60.0,0.0,50.0
2007-07-31,,0.0,-15.09,50.0,28.57,42.86,50.0,-50.0,100.0,60.0,0.0,50.0
2007-08-01,,-2.703,-14.04,50.0,25.0,42.86,50.0,-50.0,100.0,60.0,0.0,50.0
2007-08-02,,-11.111,-10.91,50.0,25.0,42.86,50.0,-33.33,100.0,66.67,0.0,40.0
2007-08-03,,-14.286,-8.62,50.0,25.0,42.86,50.0,-33.33,100.0,57.14,0.0,40.0
2007-08-06,,-14.286,-8.47,50.0,25.0,42.86,50.0,-33.33,100.0,57.14,0.0,40.0
2007-08-07,,-14.286,-8.62,50.0,25.0,37.5,50.0,-33.33,100.0,57.14,0.0,40.0
2007-08-08,,-14.286,-8.47,50.0,25.0,20.0,50.0,-33.33,100.0,57.14,0.0,40.0
2007-08-09,,-16.129,-8.93,50.0,25.0,11.11,50.0,-33.33,100.0,57.14,0.0,40.0
2007-08-10,,-16.129,-8.16,60.0,25.0,11.11,50.0,0.0,100.0,66.67,0.0,40.0
2007-08-13,,-20.0,-6.67,60.0,25.0,25.0,0.0,0.0,100.0,66.67,0.0,25.0
2007-08-14,,-20.0,-6.67,60.0,25.0,25.0,0.0,0.0,100.0,66.67,0.0,25.0
2007-08-15,,-19.355,-12.5,54.55,25.0,25.0,0.0,0.0,100.0,42.86,0.0,25.0
2007-08-16,,-25.0,-12.5,54.55,25.0,25.0,0.0,0.0,100.0,50.0,0.0,25.0
2007-08-17,,-29.032,-15.38,54.55,25.0,25.0,0.0,0.0,100.0,50.0,0.0,33.33
2007-08-20,,-28.125,-10.81,75.0,25.0,28.57,0.0,0.0,100.0,50.0,0.0,33.33
2007-08-21,,-28.125,-13.89,75.0,25.0,28.57,0.0,0.0,100.0,50.0,0.0,33.33
2007-08-22,,-28.125,-13.89,71.43,25.0,20.0,0.0,0.0,100.0,50.0,0.0,33.33
2007-08-23,,-28.125,-13.89,71.43,25.0,20.0,33.33,0.0,100.0,50.0,0.0,33.33
2007-08-24,,-25.806,-13.89,71.43,25.0,20.0,33.33,0.0,100.0,50.0,0.0,33.33
2007-08-27,,-25.806,-13.89,71.43,25.0,20.0,33.33,0.0,100.0,50.0,0.0,33.33
2007-08-28,,-21.875,-2.63,71.43,25.0,20.0,33.33,0.0,100.0,50.0,0.0,33.33
2007-08-29,,-21.875,-5.13,60.0,14.29,33.33,33.33,0.0,100.0,33.33,0.0,25.0
2007-08-30,,-16.667,-2.38,60.0,14.29,28.57,33.33,0.0,100.0,40.0,0.0,25.0
2007-08-31,,-11.765,2.0,60.0,14.29,28.57,50.0,25.0,100.0,40.0,0.0,25.0
2007-09-03,,-11.765,1.85,60.0,0.0,33.33,50.0,25.0,100.0,40.0,0.0,40.0
2007-09-04,,-11.429,0.0,60.0,0.0,33.33,50.0,0.0,100.0,50.0,0.0,33.33
2007-09-05,,-11.429,1.82,60.0,0.0,27.27,50.0,0.0,100.0,57.14,0.0,33.33
2007-09-06,,-8.824,-1.89,60.0,0.0,27.27,50.0,0.0,100.0,57.14,0.0,28.57
2007-09-07,,-10.345,-3.7,60.0,-14.29,27.27,50.0,0.0,100.0,57.14,0.0,16.67
2007-09-10,,-10.345,-1.82,60.0,-14.29,0.0,50.0,0.0,0.0,57.14,0.0,16.67
2007-09-11,,-10.345,4.44,37.5,-14.29,0.0,66.67,50.0,0.0,57.14,0.0,16.67
2007-09-12,,-10.345,7.14,33.33,-16.67,0.0,66.67,50.0,0.0,44.44,0.0,16.67
2007-09-13,,-7.143,9.3,30.0,-16.67,0.0,66.67,50.0,0.0,37.5,0.0,20.0
2007-09-14,,0.0,10.26,30.0,-16.67,0.0,66.67,50.0,0.0,42.86,0.0,20.0
2007-09-17,,0.0,10.81,30.0,-16.67,0.0,66.67,50.0,0.0,42.86,0.0,20.0
2007-09-18,,0.0,10.53,30.0,-14.29,0.0,66.67,50.0,0.0,42.86,0.0,20.0
2007-09-19,,0.0,8.33,30.0,-14.29,14.29,66.67,50.0,0.0,42.86,0.0,25.0
2007-09-20,,0.0,5.41,30.0,-14.29,14.29,66.67,50.0,0.0,50.0,0.0,25.0
2007-09-21,,0.0,8.33,0.0,-14.29,14.29,66.67,0.0,0.0,50.0,0.0,25.0
2007-09-24,,0.0,8.33,0.0,-14.29,14.29,66.67,0.0,0.0,50.0,0.0,25.0
2007-09-25,,-3.125,7.69,0.0,-14.29,14.29,66.67,0.0,0.0,50.0,0.0,25.0
2007-09-26,,-3.125,7.14,0.0,-33.33,14.29,66.67,0.0,0.0,57.14,0.0,40.0
2007-09-27,,3.226,4.44,0.0,-37.5,25.0,66.67,0.0,-33.33,50.0,0.0,40.0
2007-09-28,,8.824,-9.43,0.0,-44.44,25.0,66.67,-25.0,-33.33,50.0,0.0,40.0
2007-10-01,,8.824,-10.53,0.0,-30.0,25.0,75.0,-25.0,-33.33,50.0,0.0,16.67
2007-10-02,,8.824,-8.77,0.0,-30.0,25.0,75.0,-33.33,-33.33,28.57,0.0,16.67
2007-10-03,,8.571,-8.06,0.0,-30.0,22.22,75.0,-33.33,-33.33,25.0,0.0,16.67
2007-10-04,,5.556,-8.2,0.0,-30.0,22.22,100.0,-33.33,-33.33,25.0,0.0,16.67
2007-10-05,,2.778,-8.2,0.0,-30.0,22.22,100.0,-33.33,-33.33,25.0,0.0,16.67
2007-10-08,,2.778,-8.06,0.0,-30.0,22.22,100.0,-33.33,-33.33,25.0,0.0,28.57
2007-10-09,,0.0,-9.84,0.0,-44.44,20.0,100.0,-33.33,-33.33,25.0,0.0,28.57
2007-10-10,,0.0,-4.84,0.0,-37.5,0.0,100.0,-33.33,-33.33,25.0,0.0,33.33
2007-10-11,,0.0,-6.78,0.0,-37.5,0.0,100.0,-33.33,-100.0,25.0,0.0,33.33
2007-10-12,,-3.125,-9.62,11.11,-37.5,0.0,100.0,-100.0,-100.0,25.0,0.0,33.33
2007-10-15,,-3.125,-10.42,11.11,-28.57,-12.5,100.0,-100.0,-100.0,25.0,0.0,20.0
2007-10-16,,-3.226,-10.2,11.11,-28.57,-12.5,100.0,-100.0,-100.0,14.29,0.0,25.0
2007-10-17,,-6.25,-11.36,11.11,-28.57,-16.67,100.0,-100.0,-100.0,12.5,0.0,25.0
2007-10-18,,-6.452,-9.3,11.11,-33.33,-16.67,100.0,-100.0,-100.0,22.22,0.0,33.33
2007-10-19,,-6.452,-7.32,11.11,-33.33,-16.67,100.0,-100.0,-100.0,22.22,0.0,33.33
2007-10-22,,-6.452,-10.0,11.11,-33.33,0.0,100.0,-100.0,-100.0,22.22,0.0,33.33
2007-10-23,,-6.452,-9.52,16.67,-33.33,0.0,100.0,-66.67,-100.0,22.22,0.0,33.33
2007-10-24,,-9.375,-11.9,14.29,-33.33,0.0,100.0,-66.67,-100.0,28.57,0.0,33.33
2007-10-25,,-12.903,-13.64,16.67,-33.33,0.0,100.0,-66.67,-100.0,28.57,0.0,33.33
2007-10-26,,-12.903,-13.33,16.67,-33.33,0.0,100.0,-66.67,-100.0,28.57,0.0,33.33
2007-10-29,,-12.903,-13.33,16.67,-33.33,0.0,100.0,-66.67,-100.0,28.57,0.0,33.33
2007-10-30,,-15.625,-10.87,16.67,-16.67,28.57,100.0,-66.67,-100.0,28.57,0.0,33.33
2007-10-31,,-11.765,-12.96,16.67,0.0,28.57,0.0,-25.0,-100.0,28.57,0.0,25.0
2007-11-01,,-14.286,-11.32,16.67,12.5,28.57,0.0,-25.0,-100.0,16.67,0.0,40.0
2007-11-02,,-7.895,-12.28,16.67,12.5,28.57,0.0,0.0,-100.0,0.0,0.0,40.0
2007-11-05,,-2.778,-12.28,16.67,12.5,28.57,0.0,0.0,-100.0,-12.5,0.0,40.0
2007-11-06,,-2.778,-10.17,16.67,12.5,12.5,0.0,0.0,-100.0,-12.5,0.0,40.0
2007-11-07,,-2.778,-10.71,16.67,12.5,20.0,0.0,0.0,-100.0,-14.29,0.0,25.0
2007-11-08,,-10.0,-10.91,16.67,12.5,11.11,0.0,0.0,-100.0,-14.29,0.0,20.0
2007-11-09,,-10.0,-2.04,16.67,12.5,11.11,0.0,50.0,-100.0,-14.29,0.0,20.0
2007-11-12,,-10.0,0.0,10.0,12.5,11.11,-100.0,50.0,-100.0,-14.29,0.0,50.0
2007-11-13,,-10.0,-4.35,10.0,12.5,11.11,-100.0,50.0,-100.0,0.0,0.0,50.0
2007-11-14,,-10.0,-4.88,10.0,12.5,12.5,-100.0,50.0,-100.0,0.0,0.0,50.0
2007-11-15,,-10.0,-4.88,18.18,12.5,12.5,-100.0,50.0,-100.0,0.0,0.0,50.0
2007-11-16,,-13.793,-4.88,18.18,12.5,12.5,-100.0,50.0,-100.0,0.0,0.0,50.0
2007-11-19,,-13.793,-5.0,18.18,12.5,12.5,-100.0,50.0,-100.0,0.0,0.0,33.33
2007-11-20,,-10.0,-10.53,18.18,12.5,14.29,33.33,50.0,-100.0,0.0,0.0,33.33
2007-11-21,,-13.793,-16.22,18.18,12.5,40.0,33.33,33.33,-100.0,0.0,0.0,33.33
2007-11-22,,-13.793,-15.79,25.0,12.5,40.0,33.33,33.33,-100.0,0.0,0.0,33.33
2007-11-23,,-13.793,-21.05,14.29,12.5,40.0,33.33,33.33,-100.0,0.0,0.0,33.33
2007-11-26,,-13.793,-21.05,14.29,12.5,40.0,33.33,33.33,-100.0,0.0,0.0,33.33
2007-11-27,,-17.241,-12.2,14.29,0.0,40.0,33.33,33.33,-100.0,0.0,0.0,33.33
2007-11-28,,-13.333,-9.3,14.29,-14.29,16.67,33.33,33.33,-100.0,-16.67,0.0,25.0
2007-11-29,,-17.241,-13.04,14.29,-12.5,14.29,33.33,33.33,-50.0,-40.0,0.0,25.0
2007-11-30,,-18.182,-13.46,14.29,-12.5,14.29,25.0,25.0,-50.0,-40.0,0.0,20.0
2007-12-03,,-17.647,-10.53,14.29,-22.22,12.5,25.0,25.0,-50.0,-40.0,0.0,33.33
2007-12-04,,-17.647,-10.91,14.29,-22.22,11.11,25.0,33.33,-50.0,-50.0,0.0,33.33
2007-12-05,,-11.429,-10.17,20.0,-22.22,11.11,25.0,33.33,-50.0,-57.14,0.0,33.33
2007-12-06,,-9.091,-8.77,20.0,-22.22,11.11,25.0,33.33,-66.67,-57.14,0.0,28.57
2007-12-07,,-9.375,-7.27,20.0,-22.22,11.11,25.0,33.33,-66.67,-57.14,0.0,28.57
2007-12-10,,-9.375,-8.47,11.11,-20.0,0.0,25.0,33.33,-50.0,-57.14,0.0,28.57
2007-12-11,,-9.375,-10.34,11.11,-33.33,-25.0,25.0,33.33,-50.0,-57.14,0.0,28.57
2007-12-12,,-9.375,-7.84,11.11,-50.0,0.0,66.67,0.0,-50.0,-22.22,0.0,33.33
2007-12-13,,-3.333,-5.77,10.0,-71.43,0.0,66.67,0.0,-66.67,-22.22,0.0,20.0
2007-12-14,,-14.815,-4.17,10.0,-71.43,0.0,66.67,0.0,-66.67,-12.5,0.0,20.0
2007-12-17,,-14.815,-4.17,10.0,-71.43,0.0,66.67,0.0,-66.67,0.0,0.0,20.0
2007-12-18,,-14.286,-7.14,10.0,-71.43,11.11,66.67,0.0,-66.67,0.0,0.0,20.0
2007-12-19,,-14.286,-11.36,10.0,-71.43,0.0,66.67,0.0,-66.67,0.0,0.0,20.0
2007-12-20,,-20.0,-8.89,10.0,-66.67,0.0,66.67,0.0,-66.67,0.0,0.0,25.0
2007-12-21,,-22.581,-4.35,10.0,-50.0,0.0,66.67,25.0,-66.67,0.0,0.0,25.0
2007-12-24,,-22.581,-4.35,16.67,-50.0,0.0,66.67,25.0,-66.67,0.0,0.0,25.0
2007-12-25,,-22.581,-4.35,16.67,-50.0,0.0,66.67,25.0,-66.67,0.0,0.0,25.0
2007-12-26,,-22.581,-4.35,16.67,-50.0,0.0,66.67,25.0,-66.67,0.0,0.0,25.0
2007-12-27,,-15.625,0.0,0.0,-50.0,0.0,66.67,25.0,-25.0,0.0,0.0,25.0
2007-12-28,,-12.121,2.22,0.0,-55.56,0.0,66.67,25.0,-25.0,0.0,0.0,20.0
2007-12-31,,-15.152,2.22,0.0,-55.56,12.5,66.67,25.0,-25.0,0.0,0.0,20.0
2008-01-01,,-15.152,2.22,0.0,-55.56,12.5,66.67,25.0,-25.0,0.0,0.0,20.0
2008-01-02,,-15.152,4.17,0.0,-55.56,12.5,0.0,33.33,-25.0,0.0,0.0,20.0
2008-01-03,,-11.429,2.0,0.0,-55.56,12.5,0.0,33.33,-25.0,14.29,0.0,16.67
2008-01-04,,-8.571,0.0,0.0,-55.56,12.5,50.0,33.33,-25.0,25.0,0.0,16.67
2008-01-07,,-8.571,0.0,0.0,-55.56,22.22,50.0,33.33,-25.0,25.0,0.0,14.29
2008-01-08,,-8.571,-5.26,0.0,-42.86,22.22,50.0,33.33,-25.0,25.0,0.0,14.29
2008-01-09,,-8.571,-10.34,0.0,-33.33,37.5,50.0,33.33,-25.0,25.0,0.0,16.67
2008-01-10,,3.448,-8.93,0.0,-16.67,42.86,50.0,33.33,-33.33,25.0,0.0,16.67
2008-01-11,,3.448,-8.0,-11.11,-16.67,42.86,100.0,50.0,-33.33,25.0,0.0,20.0
2008-01-14,,3.448,-10.64,-11.11,0.0,50.0,100.0,50.0,-33.33,25.0,0.0,0.0
2008-01-15,,0.0,-10.42,-11.11,0.0,66.67,100.0,50.0,-33.33,42.86,0.0,0.0
2008-01-16,,0.0,-11.63,-11.11,0.0,37.5,100.0,50.0,-33.33,50.0,0.0,0.0
2008-01-17,,-3.226,-14.29,-11.11,0.0,37.5,100.0,50.0,0.0,50.0,0.0,0.0
2008-01-18,,0.0,-14.29,-11.11,0.0,37.5,100.0,50.0,0.0,33.33,0.0,0.0
2008-01-21,,0.0,-13.16,-20.0,0.0,57.14,100.0,50.0,0.0,33.33,0.0,0.0
2008-01-22,,0.0,-13.51,-20.0,0.0,57.14,100.0,66.67,0.0,33.33,0.0,0.0
2008-01-23,,0.0,-10.81,-28.57,-20.0,40.0,100.0,66.67,0.0,14.29,0.0,0.0
2008-01-24,,0.0,-15.38,-33.33,-20.0,40.0,100.0,66.67,100.0,14.29,0.0,0.0
2008-01-25,,0.0,-14.63,-33.33,-20.0,40.0,100.0,66.67,100.0,14.29,0.0,0.0
2008-01-28,,-3.333,-16.67,-33.33,-20.0,40.0,100.0,66.67,100.0,14.29,0.0,0.0
2008-01-29,,0.0,-18.18,-33.33,-16.67,40.0,100.0,66.67,100.0,14.29,0.0,0.0
2008-01-30,,-3.125,-14.29,-33.33,-16.67,33.33,100.0,66.67,100.0,14.29,0.0,-25.0
2008-01-31,,0.0,-22.92,-33.33,-16.67,33.33,100.0,50.0,100.0,16.67,0.0,-25.0
2008-02-01,,-5.714,-18.37,-33.33,-16.67,33.33,100.0,50.0,100.0,20.0,0.0,0.0
2008-02-04,,-5.556,-18.37,-33.33,-16.67,14.29,100.0,50.0,100.0,16.67,0.0,0.0
2008-02-05,,-8.108,-24.07,-33.33,-16.67,14.29,100.0,50.0,100.0,14.29,0.0,0.0
2008-02-06,,-8.108,-24.07,-33.33,-16.67,14.29,100.0,50.0,100.0,14.29,100.0,0.0
2008-02-07,,-12.5,-23.64,-33.33,-16.67,14.29,100.0,50.0,100.0,14.29,100.0,0.0
2008-02-08,,-12.5,-25.0,-33.33,-16.67,14.29,100.0,50.0,100.0,14.29,100.0,0.0
2008-02-11,,-12.5,-25.86,-33.33,-16.67,14.29,100.0,50.0,100.0,14.29,100.0,0.0
2008-02-12,,-12.5,-23.73,-33.33,-16.67,14.29,100.0,50.0,100.0,14.29,100.0,0.0
2008-02-13,,-6.452,-28.57,-33.33,-16.67,0.0,100.0,50.0,100.0,33.33,100.0,0.0
2008-02-14,,-10.0,-28.3,-14.29,-16.67,0.0,100.0,50.0,100.0,25.0,100.0,0.0
2008-02-15,,-10.714,-26.53,20.0,-16.67,0.0,100.0,50.0,100.0,14.29,100.0,0.0
2008-02-18,,-13.793,-30.23,20.0,-16.67,-12.5,100.0,50.0,100.0,14.29,100.0,0.0
2008-02-19,,-13.793,-31.71,20.0,-16.67,-12.5,100.0,50.0,100.0,14.29,100.0,0.0
2008-02-20,,-10.0,-28.95,20.0,-16.67,-12.5,100.0,50.0,100.0,14.29,100.0,0.0
2008-02-21,,-18.75,-26.32,28.57,-16.67,-12.5,33.33,50.0,100.0,25.0,100.0,0.0
2008-02-22,,-18.75,-30.0,50.0,-16.67,-12.5,33.33,0.0,100.0,25.0,100.0,0.0
2008-02-25,,-18.182,-31.58,50.0,-16.67,-12.5,33.33,0.0,100.0,25.0,100.0,0.0
2008-02-26,,-18.182,-26.83,50.0,-16.67,-28.57,33.33,0.0,100.0,25.0,100.0,0.0
2008-02-27,,-23.529,-25.58,50.0,-14.29,-16.67,33.33,0.0,100.0,33.33,100.0,0.0
2008-02-28,,-25.0,-23.91,50.0,-12.5,-14.29,33.33,0.0,100.0,33.33,100.0,0.0
2008-02-29,,-33.333,-28.3,50.0,-11.11,-14.29,25.0,0.0,100.0,60.0,100.0,0.0
2008-03-03,,-31.429,-24.56,50.0,0.0,-14.29,25.0,-25.0,100.0,60.0,100.0,0.0
2008-03-04,,-31.429,-24.56,50.0,0.0,-12.5,25.0,-66.67,100.0,50.0,100.0,16.67
2008-03-05,,-27.027,-22.95,100.0,11.11,-22.22,25.0,-66.67,100.0,57.14,100.0,16.67
2008-03-06,,-30.556,-22.03,100.0,11.11,-22.22,25.0,-66.67,100.0,57.14,100.0,14.29
2008-03-07,,-32.353,-22.81,100.0,11.11,-22.22,25.0,-66.67,100.0,57.14,100.0,14.29
2008-03-10,,-32.353,-13.33,42.86,10.0,-22.22,25.0,-66.67,100.0,57.14,100.0,14.29
2008-03-11,,-32.353,-10.17,42.86,11.11,-22.22,25.0,-66.67,100.0,57.14,100.0,14.29
2008-03-12,,-32.353,-8.33,37.5,11.11,-20.0,25.0,-66.67,100.0,57.14,100.0,33.33
2008-03-13,,-33.333,-1.92,33.33,11.11,-20.0,0.0,-100.0,100.0,57.14,100.0,33.33
2008-03-14,,-27.586,-6.25,33.33,12.5,-20.0,0.0,-100.0,100.0,57.14,100.0,20.0
2008-03-17,,-31.034,-6.25,33.33,12.5,-11.11,0.0,-100.0,100.0,66.67,100.0,20.0
2008-03-18,,-24.138,2.33,33.33,12.5,-11.11,0.0,-100.0,100.0,80.0,100.0,20.0
2008-03-19,,-24.138,2.33,33.33,12.5,-11.11,0.0,-100.0,100.0,57.14,0.0,20.0
2008-03-20,,-22.581,4.65,33.33,12.5,-11.11,0.0,-100.0,100.0,62.5,0.0,25.0
2008-03-21,,-22.581,4.65,33.33,12.5,-11.11,0.0,-100.0,100.0,62.5,0.0,25.0
2008-03-24,,-22.581,4.65,33.33,12.5,-11.11,0.0,-100.0,100.0,62.5,0.0,25.0
2008-03-25,,-21.212,5.0,33.33,0.0,-25.0,0.0,-33.33,100.0,62.5,0.0,25.0
2008-03-26,,-27.273,13.95,33.33,0.0,-16.67,0.0,-33.33,100.0,50.0,0.0,25.0
2008-03-27,,-27.273,13.64,25.0,0.0,-16.67,0.0,-33.33,33.33,50.0,0.0,25.0
2008-03-28,,-23.529,15.22,-20.0,14.29,-16.67,0.0,-33.33,33.33,42.86,0.0,20.0
2008-03-31,,-17.647,9.62,-20.0,33.33,-28.57,0.0,0.0,0.0,42.86,0.0,20.0
2008-04-01,,-11.111,3.33,-20.0,30.0,-28.57,0.0,0.0,0.0,42.86,0.0,0.0
2008-04-02,,-13.889,3.33,-20.0,30.0,-28.57,0.0,0.0,0.0,25.0,0.0,0.0
2008-04-03,,-11.429,1.56,-20.0,30.0,-28.57,0.0,0.0,0.0,0.0,0.0,0.0
2008-04-04,,-11.429,3.17,-20.0,30.0,-28.57,0.0,33.33,0.0,0.0,0.0,0.0
2008-04-07,,-3.03,3.17,-20.0,30.0,-25.0,0.0,33.33,0.0,0.0,0.0,0.0
2008-04-08,,-3.03,1.69,-20.0,30.0,-25.0,0.0,33.33,0.0,0.0,0.0,0.0
2008-04-09,,-3.03,1.69,-20.0,50.0,-22.22,0.0,33.33,0.0,0.0,0.0,0.0
2008-04-10,,3.03,1.72,-20.0,50.0,-25.0,0.0,33.33,-33.33,0.0,0.0,0.0
2008-04-11,,6.452,9.8,-33.33,57.14,-25.0,0.0,33.33,-33.33,0.0,0.0,0.0
2008-04-14,,6.667,8.33,-33.33,50.0,-33.33,0.0,100.0,-33.33,0.0,0.0,0.0
2008-04-15,,6.667,6.12,-33.33,50.0,-37.5,0.0,100.0,-33.33,0.0,0.0,-25.0
2008-04-16,,3.333,4.55,-18.18,50.0,-28.57,0.0,100.0,-33.33,-12.5,0.0,-25.0
2008-04-17,,3.333,4.65,-18.18,50.0,-28.57,0.0,100.0,-33.33,-12.5,0.0,-33.33
2008-04-18,,3.333,4.65,-18.18,50.0,-28.57,0.0,100.0,-33.33,-12.5,0.0,-33.33
2008-04-21,,3.333,-5.13,-12.5,60.0,-28.57,0.0,100.0,-33.33,-12.5,0.0,-33.33
2008-04-22,,3.226,-7.89,-12.5,60.0,-28.57,0.0,100.0,-100.0,-12.5,0.0,-33.33
2008-04-23,,3.226,-13.16,-14.29,60.0,-40.0,0.0,33.33,-100.0,-12.5,0.0,-33.33
2008-04-24,,10.0,-17.07,-16.67,60.0,-40.0,0.0,33.33,-100.0,-11.11,0.0,-33.33
2008-04-25,,10.0,-19.05,-16.67,60.0,-40.0,0.0,33.33,-100.0,-11.11,0.0,-33.33
2008-04-28,,10.0,-18.18,-16.67,60.0,-40.0,0.0,33.33,-100.0,-11.11,0.0,-33.33
2008-04-29,,6.667,-17.78,-16.67,42.86,-33.33,0.0,33.33,-33.33,-11.11,0.0,-33.33
2008-04-30,,6.25,-18.87,-16.67,42.86,-42.86,0.0,0.0,-33.33,-14.29,0.0,-50.0
2008-05-01,,6.25,-18.87,-16.67,42.86,-42.86,0.0,0.0,-33.33,-14.29,0.0,-50.0
2008-05-02,,8.108,-21.82,-16.67,25.0,-42.86,0.0,0.0,-33.33,-28.57,0.0,-20.0
2008-05-05,,8.108,-21.82,-16.67,25.0,-42.86,0.0,0.0,-33.33,-28.57,0.0,-20.0
2008-05-06,,11.429,-20.34,-16.67,25.0,-42.86,0.0,-33.33,-33.33,-37.5,0.0,-20.0
2008-05-07,,11.429,-28.07,-16.67,25.0,-11.11,0.0,-33.33,-33.33,-37.5,0.0,-20.0
2008-05-08,,6.25,-27.59,-16.67,22.22,-11.11,0.0,-33.33,0.0,-37.5,0.0,-33.33
2008-05-09,,6.25,-29.82,-16.67,12.5,-11.11,0.0,-33.33,0.0,-42.86,0.0,-40.0
2008-05-12,,6.25,-28.85,-11.11,12.5,-11.11,0.0,-100.0,100.0,-42.86,0.0,-40.0
2008-05-13,,0.0,-27.27,0.0,12.5,-11.11,0.0,-100.0,100.0,-42.86,0.0,-25.0
2008-05-14,,0.0,-26.67,0.0,12.5,-11.11,0.0,-100.0,100.0,-37.5,0.0,-25.0
2008-05-15,,0.0,-27.5,0.0,12.5,-11.11,0.0,-100.0,100.0,-28.57,0.0,-25.0
2008-05-16,,0.0,-25.64,0.0,12.5,-11.11,0.0,-100.0,100.0,-28.57,0.0,-25.0
2008-05-19,,0.0,-25.64,0.0,12.5,-12.5,0.0,-100.0,100.0,-28.57,0.0,-33.33
2008-05-20,,0.0,-27.5,0.0,12.5,-12.5,0.0,-100.0,100.0,-28.57,0.0,-33.33
2008-05-21,,0.0,-22.5,0.0,12.5,-16.67,-66.67,-100.0,100.0,-28.57,0.0,-33.33
2008-05-22,,-3.125,-20.51,0.0,12.5,-16.67,-66.67,-100.0,100.0,-12.5,0.0,-33.33
2008-05-23,,0.0,-22.5,28.57,12.5,-16.67,-66.67,-100.0,100.0,-12.5,0.0,-33.33
2008-05-26,,0.0,-22.5,28.57,12.5,-16.67,-66.67,-100.0,100.0,-12.5,0.0,-33.33
2008-05-27,,0.0,-21.43,28.57,-16.67,0.0,-66.67,-100.0,100.0,-12.5,0.0,-33.33
2008-05-28,,0.0,-23.26,20.0,-28.57,-16.67,-66.67,-100.0,100.0,-16.67,0.0,-33.33
2008-05-29,,3.333,-13.73,20.0,-28.57,-28.57,-66.67,-100.0,0.0,-16.67,0.0,-33.33
2008-05-30,,3.03,-15.09,20.0,-37.5,-28.57,-66.67,-100.0,0.0,-16.67,0.0,-25.0
2008-06-02,,5.714,-14.04,20.0,-33.33,-12.5,-25.0,-100.0,0.0,-16.67,0.0,-16.67
2008-06-03,,8.571,-14.04,20.0,-33.33,0.0,-25.0,-100.0,0.0,-28.57,0.0,-16.67
2008-06-04,,8.333,-14.75,20.0,-33.33,0.0,-25.0,-100.0,0.0,-37.5,0.0,-16.67
2008-06-05,,8.824,-12.07,20.0,-33.33,0.0,-25.0,-100.0,0.0,-42.86,0.0,-16.67
2008-06-06,,9.091,-10.53,20.0,-33.33,0.0,-25.0,-100.0,0.0,-42.86,0.0,-16.67
2008-06-09,,9.091,-12.28,20.0,-33.33,0.0,-25.0,-100.0,0.0,-42.86,0.0,-14.29
2008-06-10,,9.091,-8.62,20.0,-42.86,0.0,-25.0,-100.0,0.0,-42.86,0.0,-14.29
2008-06-11,,9.091,-6.0,37.5,-42.86,10.0,-33.33,-100.0,0.0,-44.44,0.0,0.0
2008-06-12,,10.0,-1.92,44.44,-42.86,10.0,-33.33,-100.0,0.0,-44.44,0.0,0.0
2008-06-13,,3.704,0.0,44.44,-33.33,10.0,-33.33,-100.0,0.0,-50.0,0.0,-20.0
2008-06-16,,3.704,0.0,40.0,-33.33,10.0,-33.33,-100.0,0.0,-50.0,0.0,-20.0
2008-06-17,,0.0,-2.27,40.0,-33.33,10.0,-33.33,-100.0,0.0,-42.86,0.0,-20.0
2008-06-18,,0.0,0.0,40.0,-33.33,-12.5,-33.33,-100.0,0.0,-42.86,0.0,-20.0
2008-06-19,,0.0,2.44,40.0,-40.0,-12.5,-33.33,-100.0,0.0,-25.0,0.0,0.0
2008-06-20,,0.0,2.5,40.0,-40.0,-12.5,-33.33,-33.33,0.0,-25.0,0.0,0.0
2008-06-23,,0.0,2.44,57.14,-40.0,0.0,-33.33,-33.33,0.0,-25.0,0.0,0.0
2008-06-24,,-3.226,2.22,50.0,-40.0,0.0,-33.33,-33.33,0.0,-25.0,0.0,0.0
2008-06-25,,-3.03,2.27,60.0,-57.14,0.0,-33.33,-33.33,0.0,-16.67,0.0,0.0
2008-06-26,,0.0,-2.13,60.0,-57.14,0.0,-33.33,-33.33,0.0,-16.67,0.0,0.0
2008-06-27,,0.0,-9.43,60.0,-50.0,0.0,-33.33,-33.33,0.0,-28.57,0.0,0.0
2008-06-30,,-3.125,-9.43,60.0,-50.0,0.0,-25.0,0.0,25.0,-28.57,0.0,0.0
2008-07-01,,0.0,-8.33,60.0,-44.44,0.0,-25.0,0.0,25.0,-28.57,0.0,0.0
2008-07-02,,0.0,-12.07,60.0,-44.44,0.0,50.0,0.0,25.0,-37.5,0.0,0.0
2008-07-03,,-5.882,-12.9,60.0,-44.44,0.0,50.0,33.33,25.0,-62.5,0.0,0.0
2008-07-04,,-5.882,-12.9,60.0,-44.44,0.0,50.0,33.33,25.0,-62.5,0.0,0.0
2008-07-07,,-5.882,-12.9,60.0,-44.44,0.0,50.0,33.33,25.0,-62.5,0.0,0.0
2008-07-08,,-5.882,-12.07,60.0,-57.14,-10.0,50.0,33.33,25.0,-62.5,0.0,0.0
2008-07-09,,-5.882,-11.86,12.5,-57.14,0.0,50.0,33.33,25.0,-62.5,0.0,0.0
2008-07-10,,-2.941,-22.64,12.5,-57.14,10.0,50.0,33.33,66.67,-62.5,0.0,0.0
2008-07-11,,-6.667,-21.57,12.5,-50.0,10.0,50.0,100.0,66.67,-62.5,0.0,0.0
2008-07-14,,-6.667,-20.83,11.11,-60.0,0.0,0.0,100.0,66.67,-62.5,0.0,0.0
2008-07-15,,-13.333,-22.45,11.11,-60.0,-12.5,0.0,100.0,66.67,-57.14,0.0,0.0
2008-07-16,,-10.0,-20.45,18.18,-60.0,-12.5,0.0,100.0,66.67,-37.5,0.0,0.0
2008-07-17,,-6.667,-18.6,18.18,-60.0,-12.5,0.0,100.0,66.67,-37.5,0.0,0.0
2008-07-18,,-6.667,-18.6,18.18,-60.0,-12.5,0.0,100.0,66.67,-37.5,0.0,0.0
2008-07-21,,-6.452,-17.07,18.18,-60.0,-14.29,0.0,100.0,66.67,-37.5,0.0,0.0
2008-07-22,,-6.452,-25.0,18.18,-60.0,-14.29,0.0,66.67,50.0,-37.5,0.0,0.0
2008-07-23,,-6.452,-24.39,0.0,-60.0,-20.0,0.0,66.67,50.0,-33.33,0.0,0.0
2008-07-24,,-9.677,-37.21,-14.29,-60.0,-20.0,0.0,66.67,50.0,-42.86,0.0,0.0
2008-07-25,,-6.25,-38.64,-14.29,-60.0,-20.0,0.0,66.67,50.0,-42.86,0.0,0.0
2008-07-28,,-6.25,-40.0,-16.67,-60.0,-20.0,0.0,66.67,0.0,-42.86,0.0,0.0
2008-07-29,,-3.226,-37.78,-16.67,-33.33,-16.67,0.0,66.67,0.0,-42.86,0.0,0.0
2008-07-30,,-3.226,-44.0,-16.67,-33.33,-28.57,0.0,66.67,0.0,-42.86,0.0,0.0
2008-07-31,,-6.452,-42.31,-16.67,-42.86,-28.57,-50.0,25.0,0.0,-66.67,0.0,0.0
2008-08-01,,-5.714,-42.11,-16.67,-50.0,-28.57,-50.0,0.0,0.0,-66.67,0.0,0.0
2008-08-04,,2.632,-43.64,-16.67,-50.0,-28.57,-50.0,0.0,0.0,-57.14,0.0,0.0
2008-08-05,,5.556,-44.64,-16.67,-50.0,-37.5,-50.0,0.0,0.0,-37.5,0.0,0.0
2008-08-06,,5.556,-45.61,-16.67,-33.33,-30.0,-50.0,0.0,0.0,-37.5,0.0,0.0
2008-08-07,,3.125,-42.11,-16.67,-33.33,-30.0,-50.0,0.0,0.0,-37.5,0.0,0.0
2008-08-08,,3.125,-39.22,-16.67,-40.0,-30.0,-50.0,0.0,0.0,-28.57,0.0,0.0
2008-08-11,,3.125,-40.38,22.22,-40.0,-33.33,-100.0,-50.0,-100.0,-28.57,0.0,0.0
2008-08-12,,0.0,-45.45,22.22,-50.0,-37.5,-100.0,-50.0,-100.0,-28.57,0.0,0.0
2008-08-13,,0.0,-44.44,10.0,-50.0,-37.5,-100.0,-50.0,-100.0,-25.0,0.0,0.0
2008-08-14,,7.407,-50.0,18.18,-20.0,-37.5,-100.0,-50.0,-100.0,-14.29,0.0,0.0
2008-08-15,,10.345,-48.72,18.18,-20.0,-37.5,-100.0,-50.0,-100.0,-14.29,0.0,0.0
2008-08-18,,10.345,-48.72,18.18,-20.0,-37.5,-100.0,-50.0,-100.0,-14.29,0.0,0.0
2008-08-19,,10.345,-45.0,18.18,-20.0,-28.57,-100.0,-50.0,-100.0,-14.29,0.0,0.0
2008-08-20,,10.0,-44.74,50.0,0.0,-40.0,-100.0,0.0,-100.0,-14.29,0.0,0.0
2008-08-21,,3.226,-41.67,50.0,0.0,-40.0,0.0,0.0,-100.0,0.0,0.0,0.0
2008-08-22,,3.226,-41.67,50.0,0.0,-40.0,0.0,0.0,-100.0,0.0,0.0,0.0
2008-08-25,,3.226,-41.67,57.14,0.0,-40.0,0.0,0.0,-100.0,0.0,0.0,0.0
2008-08-26,,9.091,-44.74,57.14,0.0,-40.0,0.0,0.0,-100.0,0.0,0.0,0.0
2008-08-27,,6.061,-41.03,60.0,0.0,-16.67,0.0,0.0,-100.0,0.0,0.0,0.0
2008-08-28,,3.226,-38.1,60.0,0.0,-14.29,0.0,0.0,0.0,0.0,0.0,0.0
2008-08-29,,3.03,-31.25,60.0,0.0,-14.29,0.0,0.0,0.0,0.0,0.0,-25.0
2008-09-01,,3.03,-26.42,60.0,-12.5,-12.5,0.0,0.0,0.0,0.0,0.0,-20.0
2008-09-02,,2.857,-25.0,60.0,-12.5,-11.11,0.0,0.0,0.0,14.29,0.0,0.0
2008-09-03,,5.556,-21.05,60.0,-12.5,-11.11,0.0,0.0,0.0,25.0,0.0,0.0
2008-09-04,,5.556,-16.67,60.0,-12.5,-11.11,0.0,0.0,0.0,42.86,0.0,0.0
2008-09-05,,8.571,-15.09,60.0,-12.5,-11.11,0.0,0.0,0.0,42.86,0.0,0.0
2008-09-08,,8.571,-13.46,60.0,-12.5,-10.0,0.0,0.0,100.0,42.86,0.0,0.0
2008-09-09,,8.571,-11.32,33.33,-28.57,-11.11,0.0,0.0,100.0,42.86,0.0,0.0
2008-09-10,,8.571,0.0,33.33,-12.5,-10.0,0.0,0.0,100.0,42.86,0.0,0.0
2008-09-11,3.8,12.121,-4.26,20.0,0.0,-10.0,33.33,50.0,100.0,42.86,0.0,0.0
2008-09-12,1.9,3.571,-2.27,20.0,14.29,-10.0,33.33,50.0,100.0,42.86,0.0,0.0
2008-09-15,2.2,3.571,-2.27,20.0,14.29,-10.0,33.33,50.0,100.0,50.0,0.0,0.0
2008-09-16,2.2,0.0,2.5,20.0,14.29,0.0,33.33,50.0,100.0,40.0,0.0,0.0
2008-09-17,-0.1,-3.448,5.13,20.0,14.29,0.0,33.33,50.0,100.0,0.0,0.0,0.0
2008-09-18,1.7,0.0,5.56,20.0,14.29,0.0,33.33,50.0,100.0,12.5,0.0,0.0
2008-09-19,1.7,0.0,5.56,20.0,14.29,0.0,33.33,50.0,100.0,12.5,0.0,0.0
2008-09-22,1.8,0.0,8.57,-14.29,14.29,0.0,33.33,33.33,100.0,12.5,0.0,0.0
2008-09-23,2.4,0.0,10.81,-14.29,14.29,0.0,33.33,33.33,100.0,12.5,0.0,0.0
2008-09-24,1.3,0.0,2.5,0.0,22.22,0.0,33.33,33.33,100.0,33.33,0.0,0.0
2008-09-25,-3.0,-12.903,0.0,-20.0,12.5,0.0,33.33,33.33,100.0,33.33,100.0,0.0
2008-09-26,-2.4,-12.903,2.27,-20.0,12.5,0.0,33.33,33.33,100.0,33.33,100.0,0.0
2008-09-29,-10.4,-9.091,-2.0,-20.0,12.5,0.0,33.33,33.33,33.33,33.33,100.0,0.0
2008-09-30,-9.9,-2.857,-3.92,-20.0,22.22,0.0,0.0,50.0,25.0,28.57,100.0,0.0
2008-10-01,-12.5,-2.778,-7.02,-20.0,10.0,0.0,0.0,33.33,25.0,12.5,100.0,-16.67
2008-10-02,-14.5,-5.714,-7.02,-20.0,10.0,0.0,-50.0,33.33,25.0,0.0,100.0,-16.67
2008-10-03,-17.0,-14.706,-3.23,-20.0,10.0,0.0,-66.67,33.33,25.0,-11.11,100.0,-16.67
2008-10-06,-17.0,-14.706,-3.23,-20.0,10.0,0.0,-66.67,33.33,25.0,-11.11,100.0,-16.67
2008-10-07,-16.0,-14.706,1.69,-20.0,10.0,-10.0,-66.67,33.33,25.0,-11.11,100.0,-16.67
2008-10-08,-16.6,-14.706,0.0,-20.0,11.11,-18.18,-66.67,33.33,25.0,-11.11,100.0,-16.67
2008-10-09,-20.5,-17.241,0.0,-20.0,12.5,-20.0,-66.67,33.33,0.0,-11.11,100.0,-16.67
2008-10-10,-19.9,-17.241,0.0,-20.0,12.5,-20.0,-66.67,50.0,0.0,-11.11,100.0,-16.67
2008-10-13,-20.7,-17.241,-2.08,0.0,28.57,-22.22,-100.0,50.0,0.0,-11.11,100.0,-20.0
2008-10-14,-22.4,-17.241,-4.0,-11.11,28.57,-25.0,-100.0,50.0,0.0,-25.0,100.0,-50.0
2008-10-15,-26.2,-24.138,-6.82,-11.11,28.57,-25.0,-100.0,50.0,0.0,-44.44,100.0,-50.0
2008-10-16,-26.4,-26.667,-4.65,-11.11,28.57,-25.0,-100.0,50.0,0.0,-44.44,100.0,-50.0
2008-10-17,-29.5,-36.667,-4.65,-11.11,28.57,-25.0,-100.0,50.0,0.0,-44.44,100.0,-50.0
2008-10-20,-29.4,-33.333,-4.65,-18.18,28.57,-28.57,-100.0,33.33,0.0,-44.44,100.0,-66.67
2008-10-21,-30.2,-33.333,-7.32,-28.57,28.57,-28.57,-100.0,33.33,0.0,-44.44,100.0,-66.67
2008-10-22,-31.1,-33.333,-10.0,-28.57,16.67,-20.0,-100.0,25.0,0.0,-44.44,100.0,-66.67
2008-10-23,-36.2,-33.333,-7.32,-16.67,16.67,-20.0,-100.0,25.0,-50.0,-40.0,100.0,-66.67
2008-10-24,-34.4,-30.0,-4.88,-16.67,20.0,-20.0,-100.0,25.0,-50.0,-40.0,100.0,-66.67
2008-10-27,-32.8,-29.032,0.0,-16.67,20.0,-20.0,-100.0,25.0,-50.0,-40.0,100.0,-66.67
2008-10-28,-33.5,-29.032,-2.22,-16.67,16.67,-20.0,-100.0,25.0,-50.0,-40.0,100.0,-66.67
2008-10-29,-32.9,-29.032,-2.22,-16.67,0.0,-20.0,-100.0,25.0,-50.0,-25.0,100.0,-66.67
2008-10-30,-30.2,-29.032,-13.46,-16.67,0.0,0.0,-100.0,25.0,0.0,-42.86,100.0,-66.67
2008-10-31,-29.2,-27.273,-14.81,-16.67,0.0,0.0,-66.67,40.0,0.0,-42.86,100.0,-75.0
2008-11-03,-30.0,-31.429,-18.97,-16.67,-12.5,0.0,-66.67,50.0,0.0,-25.0,100.0,-40.0
2008-11-04,-31.9,-33.333,-21.43,-16.67,-12.5,-14.29,-50.0,50.0,0.0,-33.33,100.0,-40.0
2008-11-05,-33.8,-36.111,-22.81,-16.67,-33.33,-11.11,-50.0,50.0,0.0,-40.0,50.0,-40.0
2008-11-06,-32.1,-29.412,-23.21,-16.67,-42.86,-11.11,-50.0,50.0,0.0,-40.0,0.0,-40.0
2008-11-07,-36.4,-43.333,-23.21,-16.67,-42.86,-11.11,-50.0,50.0,0.0,-40.0,0.0,-40.0
2008-11-10,-30.0,-43.333,-23.08,-16.67,-42.86,-12.5,-50.0,60.0,50.0,-40.0,0.0,-40.0
2008-11-11,-13.1,-43.333,-21.57,-11.11,-66.67,-12.5,-33.33,50.0,100.0,-44.44,0.0,-40.0
2008-11-12,-10.8,-43.333,-19.57,-10.0,-60.0,-12.5,-33.33,50.0,100.0,-30.0,0.0,-25.0
2008-11-13,-9.9,-41.379,-19.57,-9.09,-60.0,-12.5,-33.33,50.0,100.0,-33.33,0.0,-25.0
2008-11-14,-8.3,-32.143,-26.83,-9.09,-60.0,-12.5,0.0,50.0,100.0,-25.0,0.0,-25.0
2008-11-17,-7.9,-31.034,-26.83,-9.09,-60.0,-12.5,0.0,50.0,100.0,-25.0,0.0,-25.0
2008-11-18,-8.4,-31.034,-30.0,-9.09,-60.0,0.0,0.0,50.0,100.0,-25.0,0.0,-25.0
2008-11-19,-8.2,-30.0,-30.0,-9.09,-75.0,0.0,0.0,50.0,100.0,-25.0,0.0,-25.0
2008-11-20,-9.0,-34.375,-31.58,-9.09,-75.0,0.0,0.0,60.0,100.0,-11.11,0.0,-25.0
2008-11-21,-9.5,-34.375,-35.14,-9.09,-75.0,0.0,0.0,60.0,100.0,-11.11,0.0,0.0
2008-11-24,-10.1,-33.333,-38.46,-25.0,-75.0,0.0,0.0,60.0,100.0,-11.11,0.0,0.0
2008-11-25,-5.0,-29.412,-34.15,-14.29,-75.0,0.0,0.0,66.67,100.0,-11.11,0.0,0.0
2008-11-26,-2.8,-25.641,-32.56,-14.29,-66.67,0.0,0.0,66.67,100.0,0.0,0.0,0.0
2008-11-27,-2.8,-25.0,-33.33,-14.29,-66.67,0.0,0.0,66.67,100.0,0.0,0.0,0.0
2008-11-28,-0.9,-20.588,-30.77,-14.29,-50.0,0.0,0.0,66.67,100.0,0.0,0.0,-25.0
2008-12-01,-4.8,-22.857,-36.84,0.0,-55.56,0.0,0.0,50.0,100.0,-12.5,0.0,-40.0
2008-12-02,-5.2,-22.857,-36.84,0.0,-55.56,0.0,0.0,50.0,100.0,-22.22,0.0,-40.0
2008-12-03,-7.2,-25.0,-40.32,0.0,-55.56,-11.11,0.0,60.0,100.0,-30.0,0.0,-40.0
2008-12-04,-6.6,-21.622,-41.67,0.0,-55.56,-11.11,0.0,60.0,100.0,-33.33,0.0,-33.33
2008-12-05,-9.7,-29.73,-44.07,0.0,-55.56,-11.11,0.0,60.0,100.0,-33.33,0.0,-33.33
2008-12-08,-19.9,-30.556,-50.0,0.0,-55.56,-11.11,0.0,33.33,33.33,-20.0,0.0,-33.33
2008-12-09,-18.8,-28.571,-47.37,0.0,-62.5,-10.0,0.0,33.33,33.33,-20.0,0.0,-42.86
2008-12-10,-20.0,-26.471,-47.46,-12.5,-62.5,-8.33,0.0,33.33,33.33,-20.0,0.0,-42.86
2008-12-11,-24.1,-30.303,-42.31,-12.5,-62.5,-18.18,0.0,33.33,0.0,-20.0,0.0,-42.86
2008-12-12,-23.5,-28.125,-41.18,-12.5,-62.5,-18.18,0.0,20.0,0.0,-20.0,0.0,-33.33
2008-12-15,-26.6,-25.806,-38.3,-10.0,-57.14,-18.18,0.0,20.0,-33.33,-33.33,0.0,-60.0
2008-12-16,-26.1,-25.806,-38.78,-10.0,-57.14,-10.0,0.0,20.0,-33.33,-25.0,0.0,-60.0
2008-12-17,-24.8,-23.333,-34.09,-10.0,-57.14,-12.5,0.0,0.0,-33.33,-22.22,0.0,-60.0
2008-12-18,-23.6,-18.75,-36.96,-10.0,-50.0,-12.5,-14.29,0.0,-33.33,-10.0,0.0,-60.0
2008-12-19,-25.6,-20.0,-42.22,-10.0,-50.0,-12.5,-14.29,0.0,-33.33,-10.0,0.0,-75.0
2008-12-22,-25.7,-20.0,-40.91,-10.0,-37.5,-14.29,-14.29,-16.67,-33.33,-10.0,0.0,-75.0
2008-12-23,-27.7,-21.875,-42.22,-14.29,-37.5,-14.29,-14.29,-16.67,-33.33,-18.18,0.0,-75.0
2008-12-24,-28.0,-22.222,-43.18,-16.67,-37.5,-14.29,-14.29,0.0,-33.33,-22.22,0.0,-75.0
2008-12-25,-22.8,-22.222,-43.18,-20.0,-37.5,-14.29,-14.29,0.0,-33.33,-22.22,0.0,-75.0
2008-12-26,-22.8,-22.222,-43.18,-20.0,-37.5,-14.29,-14.29,0.0,-33.33,-22.22,0.0,-75.0
2008-12-29,-22.9,-22.222,-43.48,-20.0,-37.5,-14.29,-14.29,0.0,14.29,-22.22,0.0,-80.0
2008-12-30,-22.5,-20.588,-44.68,-20.0,-22.22,-12.5,-14.29,0.0,14.29,-22.22,0.0,-80.0
2008-12-31,-23.3,-12.903,-44.68,-20.0,-22.22,-12.5,-14.29,0.0,14.29,-22.22,0.0,-80.0
2009-01-01,-21.2,-12.903,-44.68,-20.0,-22.22,-12.5,-14.29,0.0,14.29,-22.22,0.0,-80.0
2009-01-02,-24.9,-15.625,-46.0,-20.0,-20.0,-12.5,-14.29,-8.33,14.29,-20.0,0.0,-80.0
2009-01-05,-24.0,-15.625,-43.75,-20.0,-20.0,-12.5,-14.29,-8.33,14.29,-18.18,0.0,-50.0
2009-01-06,-24.4,-18.182,-41.67,-20.0,-20.0,-12.5,-20.0,-30.0,14.29,-8.33,0.0,-50.0
2009-01-07,-24.0,-18.519,-39.58,-20.0,-12.5,-25.0,-16.67,-30.0,14.29,-8.33,0.0,-50.0
2009-01-08,-26.2,-14.286,-46.94,-20.0,-12.5,-28.57,-20.0,-30.0,0.0,-8.33,0.0,-42.86
2009-01-09,-27.2,-16.667,-47.06,-20.0,-28.57,-28.57,0.0,-35.71,0.0,-8.33,0.0,-33.33
2009-01-12,-23.1,-17.857,-41.3,0.0,-16.67,-28.57,0.0,-30.77,0.0,0.0,0.0,-20.0
2009-01-13,-21.4,-17.857,-41.3,11.11,-16.67,-28.57,0.0,-30.77,0.0,9.09,0.0,-20.0
2009-01-14,-18.5,-17.857,-34.88,11.11,-16.67,0.0,0.0,-30.77,0.0,20.0,0.0,-20.0
2009-01-15,-18.7,-20.69,-34.88,11.11,-16.67,0.0,0.0,-25.0,0.0,20.0,0.0,-25.0
2009-01-16,-15.4,-10.345,-33.33,11.11,-16.67,0.0,0.0,-30.0,0.0,20.0,0.0,-25.0
2009-01-19,-8.8,-10.345,-33.33,11.11,-16.67,0.0,0.0,-22.22,20.0,11.11,0.0,-25.0
2009-01-20,-15.5,-10.345,-35.0,11.11,-16.67,0.0,0.0,-30.0,20.0,11.11,0.0,0.0
2009-01-21,-14.2,-10.345,-34.21,25.0,0.0,0.0,0.0,-27.27,20.0,9.09,0.0,0.0
2009-01-22,-15.9,-13.333,-35.9,25.0,0.0,0.0,0.0,-38.46,20.0,9.09,0.0,0.0
2009-01-23,-15.3,-17.857,-32.5,25.0,0.0,0.0,0.0,-38.46,20.0,16.67,0.0,0.0
2009-01-26,-10.3,-13.793,-32.5,33.33,0.0,0.0,0.0,-38.46,50.0,16.67,0.0,0.0
2009-01-27,-6.5,-10.345,-21.95,33.33,0.0,0.0,0.0,-41.67,50.0,16.67,0.0,0.0
2009-01-28,-7.9,-10.345,-18.18,33.33,0.0,0.0,-25.0,-36.36,20.0,30.0,0.0,-25.0
2009-01-29,-9.6,-17.241,-8.16,33.33,14.29,-16.67,-25.0,-44.44,0.0,22.22,0.0,-25.0
2009-01-30,-6.6,-12.903,-4.08,33.33,14.29,-16.67,0.0,-50.0,0.0,30.0,0.0,-25.0
2009-02-02,-3.5,-5.714,-1.96,33.33,33.33,-16.67,-16.67,-50.0,0.0,36.36,0.0,-20.0
2009-02-03,-2.2,-3.03,-2.0,33.33,33.33,-28.57,-14.29,-50.0,0.0,54.55,0.0,-20.0
2009-02-04,-0.1,3.333,0.0,33.33,33.33,-28.57,-14.29,-66.67,0.0,58.33,0.0,-20.0
2009-02-05,-6.5,-3.125,-1.79,33.33,33.33,-28.57,-14.29,-60.0,-50.0,58.33,0.0,-20.0
2009-02-06,-7.6,-5.882,-1.79,33.33,33.33,-28.57,-14.29,-66.67,-50.0,58.33,0.0,-16.67
2009-02-09,-4.2,-5.882,0.0,33.33,33.33,-28.57,-14.29,-69.23,-20.0,46.15,0.0,0.0
2009-02-10,-4.9,-3.125,0.0,22.22,0.0,-14.29,-14.29,-69.23,-20.0,46.15,0.0,0.0
2009-02-11,-5.7,-6.452,0.0,20.0,0.0,11.11,-14.29,-69.23,-20.0,46.67,0.0,0.0
2009-02-12,-4.7,-3.03,0.0,20.0,0.0,11.11,-14.29,-69.23,-20.0,46.67,0.0,0.0
2009-02-13,-3.8,-3.03,3.7,20.0,0.0,11.11,-14.29,-69.23,-20.0,46.15,0.0,0.0
2009-02-16,0.6,-3.125,3.7,20.0,0.0,11.11,-14.29,-71.43,-20.0,50.0,0.0,-25.0
2009-02-17,-4.2,-3.333,3.92,20.0,0.0,11.11,-14.29,-71.43,-20.0,45.45,0.0,-25.0
2009-02-18,-5.8,-9.375,2.04,20.0,0.0,25.0,-16.67,-73.33,-20.0,45.45,0.0,-25.0
2009-02-19,-1.4,-11.765,20.0,20.0,0.0,25.0,12.5,-73.33,-20.0,45.45,0.0,-33.33
2009-02-20,-0.2,-9.375,18.42,20.0,25.0,25.0,0.0,-81.82,-20.0,50.0,0.0,-33.33
2009-02-23,-0.3,-6.452,18.42,14.29,25.0,25.0,0.0,-84.62,-20.0,54.55,0.0,-33.33
2009-02-24,-1.9,-9.375,20.93,0.0,25.0,28.57,0.0,-84.62,-20.0,54.55,0.0,-33.33
2009-02-25,-1.2,-9.375,21.43,0.0,33.33,33.33,12.5,-84.62,-20.0,54.55,0.0,-33.33
2009-02-26,-2.8,-12.903,7.69,0.0,33.33,42.86,0.0,-84.62,12.5,54.55,0.0,-33.33
2009-02-27,-3.9,-15.625,9.43,0.0,25.0,42.86,0.0,-84.62,0.0,54.55,0.0,-50.0
2009-03-02,-2.0,-8.333,7.02,0.0,22.22,42.86,18.18,-85.71,0.0,38.46,0.0,-60.0
2009-03-03,-3.2,-8.333,5.36,0.0,22.22,25.0,8.33,-84.62,0.0,28.57,0.0,-33.33
2009-03-04,-3.6,-8.108,3.33,0.0,22.22,11.11,8.33,-91.67,0.0,38.46,0.0,-33.33
2009-03-05,-1.1,-2.632,5.0,0.0,22.22,11.11,8.33,-81.82,0.0,38.46,0.0,-33.33
2009-03-06,-2.4,-2.5,3.45,0.0,22.22,11.11,8.33,-81.82,0.0,33.33,0.0,-33.33
2009-03-09,-3.0,-7.895,3.45,0.0,22.22,11.11,8.33,-83.33,10.0,30.77,0.0,-28.57
2009-03-10,-4.7,-8.108,-1.72,-12.5,20.0,10.0,8.33,-83.33,10.0,30.77,0.0,-28.57
2009-03-11,-2.0,-8.108,-5.36,0.0,22.22,25.0,18.18,-83.33,30.0,30.77,0.0,-16.67
2009-03-12,1.5,-2.778,-6.12,0.0,12.5,36.36,30.0,-83.33,50.0,30.77,0.0,-16.67
2009-03-13,0.6,-5.714,-8.16,0.0,12.5,36.36,22.22,-84.62,57.14,25.0,0.0,-16.67
2009-03-16,-1.6,-12.5,-10.87,0.0,0.0,36.36,37.5,-84.62,57.14,18.18,0.0,-20.0
2009-03-17,0.5,-9.091,-8.7,0.0,0.0,50.0,42.86,-78.57,57.14,10.0,0.0,-20.0
2009-03-18,-1.6,-12.5,-9.52,0.0,0.0,50.0,42.86,-80.0,57.14,-9.09,0.0,-20.0
2009-03-19,1.4,-3.03,-7.32,0.0,0.0,50.0,42.86,-85.71,57.14,-9.09,0.0,-20.0
2009-03-20,2.9,0.0,-6.98,0.0,0.0,50.0,42.86,-57.14,57.14,-9.09,0.0,-25.0
2009-03-23,3.2,3.125,-7.32,0.0,0.0,50.0,42.86,-53.85,50.0,0.0,0.0,-25.0
2009-03-24,3.9,3.125,-7.32,0.0,16.67,44.44,42.86,-53.85,50.0,0.0,0.0,-25.0
2009-03-25,4.1,8.824,-9.09,0.0,16.67,28.57,50.0,-53.85,50.0,-12.5,0.0,-25.0
2009-03-26,2.3,6.061,-8.51,0.0,16.67,28.57,50.0,-53.85,42.86,-22.22,0.0,-25.0
2009-03-27,3.2,8.824,-6.25,0.0,14.29,28.57,50.0,-53.85,42.86,-30.0,0.0,-40.0
2009-03-30,1.8,8.824,-13.21,0.0,14.29,12.5,33.33,-50.0,33.33,-18.18,0.0,-40.0
2009-03-31,-0.1,5.556,-12.96,0.0,-11.11,22.22,30.0,-46.15,18.18,-18.18,0.0,-40.0
2009-04-01,3.9,11.111,-10.0,0.0,0.0,22.22,30.0,-41.67,18.18,-8.33,0.0,-33.33
2009-04-02,3.5,8.571,-10.0,0.0,0.0,22.22,10.0,-41.67,18.18,0.0,0.0,-33.33
2009-04-03,4.1,5.263,-3.17,0.0,0.0,22.22,10.0,-41.67,18.18,0.0,0.0,-33.33
2009-04-06,4.8,5.263,-3.13,0.0,0.0,22.22,10.0,-36.36,18.18,0.0,0.0,-33.33
2009-04-07,4.5,8.108,-8.33,0.0,0.0,10.0,10.0,-36.36,18.18,0.0,0.0,-33.33
2009-04-08,5.8,11.111,-9.68,0.0,-12.5,9.09,0.0,-25.0,25.0,0.0,0.0,-33.33
2009-04-09,7.4,17.647,-3.77,0.0,-11.11,0.0,12.5,-21.43,11.11,0.0,0.0,-28.57
2009-04-10,8.4,17.647,-3.77,12.5,-11.11,0.0,12.5,-21.43,11.11,0.0,0.0,-28.57
2009-04-13,10.4,17.647,-3.77,22.22,-11.11,0.0,12.5,-21.43,11.11,0.0,0.0,-28.57
2009-04-14,10.5,10.0,-2.04,22.22,-16.67,11.11,0.0,-15.38,25.0,27.27,0.0,-25.0
2009-04-15,9.9,6.667,0.0,27.27,-16.67,25.0,0.0,-15.38,25.0,20.0,0.0,-25.0
2009-04-16,10.6,9.677,0.0,27.27,-16.67,25.0,0.0,-15.38,25.0,20.0,0.0,-25.0
2009-04-17,11.8,13.333,0.0,27.27,-16.67,25.0,0.0,-15.38,25.0,20.0,0.0,-25.0
2009-04-20,10.1,9.677,0.0,27.27,-16.67,25.0,0.0,-8.33,14.29,22.22,0.0,-33.33
2009-04-21,12.9,9.677,2.33,57.14,-20.0,28.57,0.0,-15.38,14.29,22.22,0.0,-33.33
2009-04-22,10.5,9.677,4.76,50.0,-20.0,0.0,0.0,-15.38,0.0,27.27,0.0,-33.33
2009-04-23,10.0,6.452,4.76,50.0,-20.0,0.0,0.0,0.0,0.0,27.27,0.0,-33.33
2009-04-24,12.3,6.25,11.36,50.0,-20.0,0.0,0.0,15.38,0.0,33.33,0.0,-33.33
2009-04-27,11.2,6.452,13.04,50.0,-20.0,0.0,0.0,15.38,-14.29,33.33,0.0,-33.33
2009-04-28,11.6,6.452,14.89,50.0,-16.67,0.0,0.0,16.67,-14.29,33.33,0.0,-33.33
2009-04-29,12.4,3.125,17.31,50.0,-28.57,-16.67,16.67,27.27,-14.29,45.45,0.0,-25.0
2009-04-30,13.0,6.061,20.0,50.0,-28.57,-16.67,0.0,25.0,-10.0,45.45,0.0,-25.0
2009-05-01,13.2,6.061,20.0,50.0,-28.57,-16.67,0.0,25.0,-10.0,45.45,0.0,-25.0
2009-05-04,12.7,6.061,20.0,50.0,-28.57,-16.67,0.0,25.0,-10.0,45.45,0.0,-25.0
2009-05-05,13.5,5.556,21.43,50.0,-25.0,-14.29,0.0,10.0,-10.0,42.86,0.0,-20.0
2009-05-06,13.4,0.0,24.14,50.0,-25.0,-11.11,-11.11,18.18,-10.0,46.67,50.0,-20.0
2009-05-07,15.8,2.941,27.27,50.0,-33.33,-11.11,-11.11,18.18,-11.11,57.14,100.0,-20.0
2009-05-08,17.9,5.882,28.57,50.0,-37.5,-11.11,-10.0,21.43,-11.11,69.23,100.0,0.0
2009-05-11,20.4,5.882,33.96,62.5,-37.5,0.0,0.0,21.43,-14.29,69.23,100.0,0.0
2009-05-12,19.3,9.375,33.33,27.27,-16.67,-14.29,0.0,23.08,0.0,60.0,100.0,0.0
2009-05-13,19.4,6.452,32.61,27.27,-40.0,-14.29,0.0,23.08,16.67,57.14,100.0,0.0
2009-05-14,19.2,6.667,32.61,27.27,-40.0,-14.29,0.0,23.08,16.67,53.85,100.0,0.0
2009-05-15,18.4,10.345,28.57,27.27,-40.0,-14.29,0.0,14.29,16.67,50.0,100.0,0.0
2009-05-18,18.7,10.345,29.27,27.27,-40.0,-14.29,0.0,23.08,16.67,50.0,100.0,0.0
2009-05-19,19.3,6.667,34.15,27.27,-40.0,0.0,12.5,23.08,16.67,50.0,100.0,0.0
2009-05-20,18.2,6.667,39.47,27.27,-40.0,-25.0,12.5,16.67,0.0,50.0,100.0,0.0
2009-05-21,19.3,6.25,43.24,27.27,-50.0,-25.0,12.5,18.18,0.0,53.85,100.0,0.0
2009-05-22,20.1,6.25,41.67,25.0,-50.0,-25.0,12.5,15.38,0.0,53.85,100.0,0.0
2009-05-25,13.5,6.25,41.67,14.29,-50.0,-25.0,12.5,15.38,0.0,53.85,100.0,0.0
2009-05-26,19.2,12.5,34.15,14.29,-40.0,-25.0,12.5,15.38,0.0,50.0,100.0,0.0
2009-05-27,18.3,15.625,31.82,0.0,-16.67,-40.0,12.5,15.38,0.0,50.0,100.0,0.0
2009-05-28,13.7,9.375,23.53,0.0,0.0,-33.33,22.22,16.67,0.0,38.46,100.0,0.0
2009-05-29,11.9,3.125,24.53,0.0,12.5,-33.33,27.27,16.67,-11.11,42.86,100.0,0.0
2009-06-01,15.0,14.286,28.07,0.0,22.22,-28.57,27.27,15.38,-11.11,46.67,100.0,0.0
2009-06-02,15.7,14.286,28.07,0.0,22.22,-12.5,16.67,25.0,-11.11,47.06,100.0,33.33
2009-06-03,15.4,13.514,26.23,0.0,22.22,-12.5,15.38,25.0,-11.11,50.0,100.0,33.33
2009-06-04,14.4,13.889,24.59,0.0,22.22,-12.5,15.38,9.09,-11.11,50.0,100.0,33.33
2009-06-05,13.2,13.889,20.69,0.0,22.22,-12.5,14.29,0.0,-11.11,46.67,100.0,33.33
2009-06-08,14.7,13.889,19.3,0.0,22.22,-12.5,14.29,0.0,11.11,50.0,100.0,42.86
2009-06-09,13.1,11.429,12.28,0.0,25.0,-11.11,14.29,0.0,11.11,50.0,100.0,42.86
2009-06-10,14.1,14.706,5.66,11.11,42.86,10.0,7.69,0.0,20.0,53.33,100.0,50.0
2009-06-11,12.3,9.375,2.0,10.0,42.86,10.0,20.0,0.0,28.57,53.33,100.0,50.0
2009-06-12,11.9,6.452,0.0,10.0,42.86,10.0,20.0,0.0,37.5,61.54,100.0,50.0
2009-06-15,11.1,6.667,0.0,10.0,50.0,11.11,20.0,7.14,37.5,61.54,100.0,60.0
2009-06-16,11.3,6.667,2.13,10.0,50.0,11.11,22.22,7.14,37.5,58.33,100.0,60.0
2009-06-17,10.7,6.667,0.0,10.0,50.0,14.29,22.22,0.0,37.5,61.54,0.0,60.0
2009-06-18,9.5,6.897,-2.44,10.0,80.0,14.29,22.22,0.0,37.5,50.0,0.0,60.0
2009-06-19,7.8,6.897,-7.5,10.0,80.0,14.29,25.0,-23.08,37.5,50.0,0.0,75.0
2009-06-22,6.8,6.897,-2.5,-12.5,80.0,14.29,25.0,-23.08,37.5,46.15,0.0,75.0
2009-06-23,9.9,6.667,-2.33,20.0,80.0,14.29,25.0,-23.08,37.5,54.55,0.0,75.0
2009-06-24,11.0,12.903,0.0,20.0,80.0,14.29,33.33,-23.08,28.57,54.55,0.0,75.0
2009-06-25,10.6,12.5,0.0,20.0,57.14,14.29,33.33,-23.08,28.57,54.55,-100.0,75.0
2009-06-26,11.7,15.625,2.17,20.0,57.14,14.29,33.33,-16.67,28.57,54.55,-100.0,80.0
2009-06-29,12.9,15.625,7.84,20.0,57.14,0.0,33.33,-16.67,30.0,38.46,-100.0,80.0
2009-06-30,11.3,15.152,3.85,20.0,62.5,-11.11,33.33,-15.38,25.0,33.33,-100.0,80.0
2009-07-01,13.2,14.286,7.02,20.0,66.67,-11.11,33.33,-15.38,25.0,31.25,-100.0,66.67
2009-07-02,11.5,8.333,8.62,20.0,66.67,-11.11,36.36,-16.67,25.0,25.0,-100.0,66.67
2009-07-03,12.9,8.333,9.52,20.0,66.67,-11.11,36.36,-20.0,25.0,23.53,-100.0,66.67
2009-07-06,11.7,8.108,13.11,20.0,66.67,-11.11,36.36,-20.0,25.0,23.53,-100.0,66.67
2009-07-07,10.6,5.556,13.56,20.0,75.0,-10.0,33.33,-9.09,15.38,23.53,-100.0,66.67
2009-07-08,11.5,5.714,14.04,20.0,50.0,-9.09,33.33,-9.09,23.08,22.22,-100.0,42.86
2009-07-09,14.2,9.091,17.65,20.0,42.86,-10.0,27.27,0.0,27.27,29.41,-100.0,42.86
2009-07-10,15.0,9.091,19.61,12.5,33.33,-10.0,22.22,14.29,40.0,25.0,-100.0,50.0
2009-07-13,11.6,0.0,14.89,12.5,20.0,-11.11,22.22,15.38,27.27,25.0,-100.0,50.0
2009-07-14,10.1,0.0,8.33,22.22,20.0,-25.0,37.5,15.38,27.27,21.43,-100.0,25.0
2009-07-15,10.8,3.448,9.09,18.18,20.0,-25.0,42.86,7.14,27.27,13.33,-100.0,25.0
2009-07-16,11.0,3.333,9.3,18.18,20.0,-25.0,42.86,7.69,27.27,13.33,-100.0,25.0
2009-07-17,11.3,3.571,9.3,18.18,20.0,-25.0,50.0,18.18,27.27,13.33,-100.0,25.0
2009-07-20,11.6,6.897,9.52,18.18,20.0,-25.0,50.0,27.27,20.0,7.14,-100.0,0.0
2009-07-21,12.4,6.897,15.0,18.18,20.0,-28.57,50.0,27.27,20.0,7.14,-100.0,0.0
2009-07-22,12.1,6.897,20.51,14.29,20.0,-60.0,50.0,30.77,11.11,7.14,-100.0,0.0
2009-07-23,13.1,6.897,22.5,16.67,20.0,-60.0,50.0,30.77,11.11,13.33,-100.0,0.0
2009-07-24,13.0,7.143,26.19,16.67,20.0,-60.0,50.0,30.77,0.0,13.33,-100.0,0.0
2009-07-27,12.8,6.897,27.27,16.67,20.0,-60.0,50.0,25.0,0.0,13.33,-100.0,0.0
2009-07-28,11.6,6.897,27.27,16.67,16.67,-60.0,50.0,25.0,-11.11,13.33,-100.0,0.0
2009-07-29,10.2,3.333,28.89,16.67,16.67,-50.0,50.0,27.27,-11.11,0.0,-100.0,0.0
2009-07-30,9.1,-3.571,29.41,16.67,28.57,-42.86,42.86,27.27,-18.18,6.67,-100.0,0.0
2009-07-31,9.9,0.0,27.45,16.67,28.57,-42.86,33.33,40.0,-16.67,6.67,-100.0,25.0
2009-08-03,11.1,3.125,29.63,16.67,37.5,-42.86,33.33,40.0,-16.67,12.5,-100.0,20.0
2009-08-04,10.9,0.0,31.37,16.67,37.5,-42.86,30.0,40.0,-16.67,17.65,-100.0,20.0
2009-08-05,11.1,0.0,29.09,16.67,37.5,-33.33,22.22,40.0,-16.67,21.05,-100.0,20.0
2009-08-06,12.5,6.061,28.57,16.67,50.0,-33.33,22.22,36.36,-16.67,21.05,-100.0,20.0
2009-08-07,13.0,6.25,30.36,16.67,50.0,-33.33,10.0,30.77,-16.67,21.05,-100.0,0.0
2009-08-10,10.9,6.25,26.92,0.0,50.0,-22.22,10.0,30.77,-20.0,27.78,-100.0,0.0
2009-08-11,12.3,10.0,30.0,0.0,40.0,-12.5,0.0,23.08,-25.0,31.25,-100.0,0.0
2009-08-12,9.7,10.714,26.09,0.0,25.0,-12.5,-11.11,23.08,-22.22,23.53,-100.0,0.0
2009-08-13,10.0,15.385,24.44,0.0,0.0,-12.5,-28.57,23.08,-22.22,25.0,-100.0,0.0
2009-08-14,8.9,10.714,25.0,0.0,0.0,-12.5,-28.57,28.57,-22.22,26.67,-100.0,0.0
2009-08-17,9.2,11.111,25.0,0.0,0.0,-12.5,-28.57,28.57,-22.22,26.67,-100.0,0.0
2009-08-18,10.6,13.793,25.0,0.0,0.0,-14.29,-33.33,23.08,-12.5,26.67,-100.0,0.0
2009-08-19,8.4,9.375,25.64,0.0,25.0,0.0,-33.33,23.08,-28.57,28.57,-100.0,33.33
2009-08-20,9.5,9.375,29.73,0.0,25.0,0.0,-25.0,15.38,-28.57,26.67,-100.0,33.33
2009-08-21,9.4,12.903,25.71,0.0,25.0,0.0,-25.0,0.0,-28.57,26.67,-100.0,33.33
2009-08-24,10.6,12.903,25.71,0.0,25.0,0.0,-25.0,15.38,-16.67,21.43,-100.0,33.33
2009-08-25,11.9,16.129,32.35,-14.29,25.0,0.0,-25.0,15.38,-16.67,21.43,-100.0,33.33
2009-08-26,12.1,18.75,30.56,-20.0,16.67,16.67,-11.11,25.0,-16.67,25.0,-100.0,33.33
2009-08-27,10.5,19.355,30.77,-20.0,16.67,16.67,-10.0,25.0,-37.5,28.57,-100.0,33.33
2009-08-28,10.5,15.625,34.09,-20.0,28.57,16.67,-10.0,25.0,-37.5,28.57,-100.0,50.0
2009-08-31,11.8,15.625,34.09,-20.0,28.57,16.67,-10.0,25.0,-37.5,28.57,-100.0,50.0
2009-09-01,11.7,14.706,30.77,-20.0,12.5,33.33,8.33,8.33,-20.0,12.5,-100.0,66.67
2009-09-02,10.3,11.429,29.41,-20.0,12.5,33.33,0.0,0.0,-20.0,11.76,-100.0,66.67
2009-09-03,9.1,11.429,27.27,-20.0,12.5,33.33,0.0,0.0,-20.0,5.88,-100.0,66.67
2009-09-04,9.7,13.158,26.92,-20.0,12.5,33.33,0.0,8.33,-20.0,5.88,-100.0,66.67
2009-09-07,8.5,13.889,27.45,-20.0,12.5,33.33,0.0,8.33,-20.0,5.88,-100.0,66.67
2009-09-08,10.6,13.889,25.0,-20.0,14.29,18.18,0.0,0.0,-10.0,5.88,-100.0,71.43
2009-09-09,10.4,17.143,23.53,-20.0,12.5,8.33,0.0,7.14,-18.18,6.25,-100.0,71.43
2009-09-10,7.7,17.143,19.15,-30.0,0.0,9.09,0.0,7.14,-20.0,6.67,-100.0,71.43
2009-09-11,8.8,17.647,23.4,-30.0,0.0,9.09,0.0,15.38,-22.22,6.67,-100.0,66.67
2009-09-14,8.5,15.625,20.93,-30.0,-14.29,9.09,0.0,15.38,-20.0,6.67,-100.0,80.0
2009-09-15,9.6,22.581,20.45,-30.0,-14.29,9.09,0.0,15.38,-20.0,0.0,-100.0,80.0
2009-09-16,10.9,23.333,23.08,-30.0,-14.29,11.11,0.0,21.43,-20.0,0.0,0.0,80.0
2009-09-17,10.8,21.875,24.32,-30.0,-14.29,11.11,0.0,23.08,-20.0,0.0,0.0,80.0
2009-09-18,8.3,16.667,20.0,-30.0,-14.29,11.11,11.11,33.33,-20.0,0.0,0.0,100.0
2009-09-21,5.3,12.903,20.59,-40.0,-14.29,12.5,11.11,33.33,-33.33,0.0,0.0,100.0
2009-09-22,4.5,12.903,17.14,-40.0,-14.29,12.5,11.11,23.08,-33.33,0.0,100.0,100.0
2009-09-23,5.2,12.903,19.44,-40.0,-14.29,12.5,33.33,23.08,-37.5,8.33,100.0,100.0
2009-09-24,5.4,16.129,18.42,-40.0,-12.5,12.5,33.33,23.08,-44.44,8.33,100.0,100.0
2009-09-25,5.0,16.129,17.07,-40.0,-12.5,12.5,33.33,16.67,-44.44,8.33,100.0,100.0
2009-09-28,5.0,16.129,19.05,-40.0,-12.5,12.5,33.33,16.67,-44.44,8.33,100.0,100.0
2009-09-29,2.1,12.903,12.77,-40.0,-22.22,9.09,33.33,16.67,-44.44,20.0,100.0,100.0
2009-09-30,1.8,9.375,10.42,-40.0,-22.22,9.09,18.18,7.69,-25.0,20.0,100.0,100.0
2009-10-01,4.4,9.677,12.96,-40.0,-10.0,9.09,30.0,8.33,-7.14,20.0,100.0,100.0
2009-10-02,1.2,0.0,12.96,-40.0,-10.0,9.09,27.27,8.33,-7.14,17.65,100.0,100.0
2009-10-05,1.4,0.0,15.25,-40.0,-10.0,9.09,27.27,-10.0,-7.14,22.22,100.0,100.0
2009-10-06,1.2,-2.857,15.52,-40.0,-10.0,8.33,27.27,-9.09,-7.14,26.32,100.0,100.0
2009-10-07,-1.1,-9.091,13.79,-40.0,-12.5,0.0,18.18,-9.09,-7.14,26.32,100.0,85.71
2009-10-08,0.6,-6.061,12.73,-40.0,-22.22,0.0,20.0,-8.33,7.14,23.53,100.0,85.71
2009-10-09,-0.3,-6.452,9.26,-40.0,-37.5,0.0,20.0,7.14,7.14,23.53,100.0,83.33
2009-10-12,-2.7,-6.452,9.26,-40.0,-37.5,-9.09,0.0,15.38,0.0,27.78,100.0,83.33
2009-10-13,-0.5,-10.714,8.51,-12.5,-28.57,-20.0,0.0,15.38,0.0,43.75,100.0,75.0
2009-10-14,1.7,-3.571,6.25,0.0,-28.57,-20.0,14.29,15.38,0.0,47.06,100.0,75.0
2009-10-15,1.8,-3.571,4.65,0.0,-28.57,-20.0,14.29,14.29,0.0,50.0,100.0,75.0
2009-10-16,2.0,-3.571,4.65,0.0,-28.57,-20.0,14.29,8.33,0.0,50.0,100.0,75.0
2009-10-19,1.2,-3.571,2.38,0.0,-28.57,-20.0,16.67,8.33,0.0,50.0,100.0,75.0
2009-10-20,0.1,-6.897,2.5,0.0,-28.57,-12.5,16.67,8.33,0.0,50.0,100.0,66.67
2009-10-21,0.9,-6.897,2.5,0.0,-33.33,0.0,16.67,0.0,9.09,50.0,100.0,66.67
2009-10-22,6.7,-3.333,7.69,28.57,-33.33,0.0,16.67,7.69,27.27,43.75,100.0,66.67
2009-10-23,7.0,-3.333,7.32,28.57,-40.0,0.0,16.67,7.69,27.27,43.75,100.0,66.67
2009-10-26,6.4,-3.333,4.88,28.57,-40.0,0.0,16.67,7.69,30.0,40.0,100.0,66.67
2009-10-27,4.0,-10.0,0.0,28.57,-40.0,0.0,16.67,7.69,36.36,40.0,100.0,66.67
2009-10-28,2.5,-16.129,2.27,28.57,-28.57,0.0,0.0,0.0,36.36,38.46,100.0,66.67
2009-10-29,2.9,-20.0,6.0,28.57,-28.57,-14.29,0.0,0.0,38.46,35.71,100.0,66.67
2009-10-30,2.3,-18.182,3.85,28.57,-28.57,-14.29,0.0,-16.67,35.71,33.33,100.0,75.0
2009-11-02,3.9,-11.765,3.57,28.57,-12.5,-14.29,0.0,-16.67,35.71,37.5,100.0,60.0
2009-11-03,3.7,-11.429,5.45,28.57,-12.5,-22.22,-9.09,0.0,35.71,33.33,0.0,60.0
2009-11-04,4.6,-11.111,7.02,28.57,-12.5,-22.22,-20.0,0.0,35.71,36.84,0.0,60.0
2009-11-05,3.5,-13.889,5.36,28.57,0.0,-22.22,-20.0,0.0,46.15,36.84,0.0,60.0
2009-11-06,3.2,-13.889,5.56,28.57,0.0,-22.22,-9.09,-15.38,46.15,36.84,0.0,66.67
2009-11-09,3.8,-13.889,7.27,28.57,0.0,-10.0,-9.09,-14.29,46.15,40.0,0.0,66.67
2009-11-10,3.3,-11.429,5.77,15.38,16.67,-14.29,-9.09,-14.29,40.0,35.29,0.0,66.67
2009-11-11,10.2,-8.824,7.84,15.38,16.67,0.0,0.0,-7.69,41.67,42.11,0.0,60.0
2009-11-12,4.7,-6.667,4.35,15.38,0.0,0.0,-12.5,-7.69,36.36,44.44,0.0,50.0
2009-11-13,6.5,0.0,4.35,15.38,0.0,0.0,-14.29,-7.69,36.36,50.0,0.0,50.0
2009-11-16,6.0,3.571,0.0,15.38,0.0,0.0,-14.29,-7.14,36.36,46.67,0.0,50.0
2009-11-17,4.4,0.0,0.0,15.38,0.0,0.0,-14.29,-7.69,36.36,42.86,0.0,50.0
2009-11-18,2.8,-3.333,2.56,15.38,0.0,0.0,-16.67,-7.69,25.0,42.86,0.0,66.67
2009-11-19,2.4,-6.25,2.56,15.38,25.0,0.0,-16.67,-15.38,30.0,40.0,0.0,66.67
2009-11-20,2.1,-6.25,0.0,15.38,25.0,0.0,-16.67,-36.36,30.0,40.0,0.0,66.67
2009-11-23,4.8,-3.03,0.0,15.38,25.0,0.0,-16.67,-15.38,30.0,35.71,0.0,66.67
2009-11-24,5.6,-2.941,5.13,10.0,25.0,0.0,-25.0,-15.38,30.0,35.71,0.0,66.67
2009-11-25,6.9,0.0,10.0,0.0,50.0,-14.29,-11.11,-15.38,30.0,33.33,0.0,66.67
2009-11-26,7.9,0.0,7.14,0.0,50.0,-14.29,-10.0,-16.67,33.33,33.33,0.0,66.67
2009-11-27,7.4,0.0,12.5,0.0,37.5,-14.29,-10.0,-16.67,33.33,33.33,0.0,25.0
2009-11-30,6.4,2.857,12.5,0.0,37.5,-22.22,-8.33,-15.38,38.46,21.43,0.0,25.0
2009-12-01,7.8,2.778,14.55,0.0,33.33,-22.22,-8.33,-8.33,38.46,12.5,0.0,33.33
2009-12-02,8.0,2.778,14.55,0.0,33.33,-20.0,-8.33,-8.33,38.46,11.76,0.0,33.33
2009-12-03,6.6,0.0,11.86,0.0,33.33,-20.0,-8.33,-20.0,33.33,17.65,0.0,33.33
2009-12-04,8.1,5.263,10.71,0.0,33.33,-20.0,-8.33,0.0,33.33,17.65,0.0,33.33
2009-12-07,8.3,5.263,10.71,0.0,33.33,-20.0,-15.38,7.69,33.33,17.65,0.0,33.33
2009-12-08,8.2,8.108,15.09,0.0,33.33,-18.18,-15.38,7.14,7.69,22.22,0.0,33.33
2009-12-09,8.3,11.429,11.11,0.0,25.0,-15.38,-8.33,7.14,7.14,22.22,0.0,42.86
2009-12-10,4.6,8.824,4.0,0.0,25.0,-8.33,-10.0,7.14,0.0,25.0,0.0,42.86
2009-12-11,7.1,15.152,6.25,0.0,25.0,-8.33,-10.0,15.38,0.0,26.67,0.0,33.33
2009-12-14,6.5,12.903,6.67,0.0,14.29,-8.33,-11.11,15.38,7.69,20.0,0.0,40.0
2009-12-15,8.7,16.129,6.52,0.0,14.29,-9.09,0.0,15.38,7.69,23.08,0.0,40.0
2009-12-16,8.3,16.129,4.76,0.0,14.29,-9.09,0.0,21.43,7.69,21.43,0.0,40.0
2009-12-17,10.2,18.182,9.52,0.0,14.29,-9.09,0.0,23.08,7.69,6.25,0.0,40.0
2009-12-18,11.6,22.581,9.09,0.0,14.29,-9.09,-12.5,41.67,7.69,6.25,0.0,25.0
2009-12-21,10.2,22.581,4.76,0.0,14.29,-20.0,-12.5,38.46,14.29,0.0,0.0,25.0
2009-12-22,12.6,25.0,10.0,0.0,0.0,-20.0,-12.5,38.46,16.67,-6.25,-100.0,25.0
2009-12-23,9.0,17.143,9.52,0.0,0.0,-37.5,-11.11,28.57,16.67,-21.43,-100.0,25.0
2009-12-24,8.7,16.667,9.76,0.0,0.0,-37.5,-11.11,28.57,15.38,-21.43,-100.0,25.0
2009-12-25,7.1,16.667,9.76,0.0,0.0,-37.5,-11.11,28.57,15.38,-21.43,-100.0,25.0
2009-12-28,10.0,16.667,9.76,0.0,0.0,-37.5,-11.11,28.57,15.38,-21.43,-100.0,25.0
2009-12-29,11.8,20.588,11.63,0.0,-11.11,-37.5,-11.11,30.77,20.0,-21.43,-100.0,25.0
2009-12-30,13.5,26.471,9.09,0.0,-11.11,-33.33,-11.11,30.77,28.57,-21.43,-100.0,20.0
2009-12-31,16.1,31.25,9.09,0.0,-11.11,-33.33,-11.11,41.67,28.57,-21.43,-100.0,20.0
2010-01-01,13.4,31.25,9.09,0.0,-11.11,-33.33,-11.11,41.67,28.57,-21.43,-100.0,20.0
2010-01-04,13.8,30.303,5.88,0.0,0.0,-33.33,-11.11,30.0,28.57,-10.53,-100.0,0.0
2010-01-05,14.1,33.333,2.13,0.0,0.0,-30.0,0.0,30.0,28.57,-10.0,-100.0,0.0
2010-01-06,11.6,31.034,-4.0,0.0,-25.0,-10.0,-14.29,30.0,28.57,-9.52,-100.0,0.0
2010-01-07,10.9,30.0,-1.79,0.0,-25.0,-10.0,-16.67,30.0,18.18,-9.09,-100.0,0.0
2010-01-08,6.7,25.0,-11.11,0.0,-33.33,-10.0,-22.22,16.67,18.18,-9.09,-100.0,16.67
2010-01-11,8.9,22.581,-9.09,20.0,-33.33,-11.11,-28.57,23.08,10.0,-10.0,-100.0,16.67
2010-01-12,8.5,27.586,-14.58,20.0,-40.0,-11.11,-28.57,23.08,10.0,-5.56,-100.0,0.0
2010-01-13,6.9,27.586,-16.33,20.0,-40.0,-10.0,-28.57,23.08,0.0,-5.56,-100.0,0.0
2010-01-14,5.1,24.138,-18.6,20.0,-40.0,-10.0,-28.57,23.08,0.0,-5.88,-100.0,0.0
2010-01-15,0.6,10.714,-18.6,18.18,-40.0,-10.0,-28.57,9.09,0.0,-5.88,-100.0,0.0
2010-01-18,-1.1,10.714,-16.67,18.18,-40.0,-10.0,-16.67,0.0,-8.33,-5.88,-100.0,0.0
2010-01-19,2.2,10.714,-16.28,18.18,-40.0,-11.11,-16.67,0.0,10.0,-6.67,-100.0,0.0
2010-01-20,0.6,6.897,-14.63,6.67,-25.0,-14.29,-16.67,0.0,11.11,5.88,-100.0,-33.33
2010-01-21,3.5,9.677,-10.26,12.5,-25.0,-14.29,-16.67,9.09,10.0,5.88,-100.0,-33.33
2010-01-22,2.8,3.448,-4.88,12.5,-25.0,-14.29,-16.67,0.0,10.0,0.0,-100.0,-33.33
2010-01-25,1.4,0.0,-4.88,12.5,-25.0,-14.29,-16.67,0.0,0.0,5.88,-100.0,-33.33
2010-01-26,1.0,-3.333,-2.27,12.5,-25.0,0.0,-16.67,0.0,0.0,5.88,-100.0,-33.33
2010-01-27,0.7,-3.333,0.0,12.5,-25.0,0.0,-16.67,-8.33,-11.11,0.0,-100.0,-33.33
2010-01-28,1.3,-13.793,5.88,12.5,-16.67,14.29,-33.33,-8.33,0.0,14.29,-100.0,-33.33
2010-01-29,6.1,-6.452,10.0,12.5,-16.67,14.29,-28.57,0.0,8.33,20.0,-100.0,-25.0
2010-02-01,8.0,-5.882,14.81,12.5,0.0,14.29,-22.22,0.0,9.09,11.11,-100.0,-20.0
2010-02-02,7.8,-9.091,14.81,12.5,20.0,14.29,-22.22,0.0,9.09,22.22,0.0,-20.0
2010-02-03,7.9,-3.226,10.34,12.5,20.0,0.0,-11.11,11.11,9.09,15.79,-100.0,-20.0
2010-02-04,7.6,0.0,8.47,12.5,20.0,0.0,-11.11,10.0,0.0,15.0,-100.0,-20.0
2010-02-05,7.6,3.03,8.47,12.5,20.0,0.0,-20.0,25.0,-12.5,15.0,-100.0,-20.0
2010-02-08,7.6,3.03,8.47,12.5,20.0,0.0,-20.0,23.08,-14.29,19.05,-100.0,0.0
2010-02-09,7.6,3.125,8.47,-9.09,50.0,0.0,-20.0,23.08,0.0,19.05,-100.0,0.0
2010-02-10,6.8,0.0,6.67,-8.33,60.0,0.0,-20.0,23.08,0.0,22.73,-100.0,0.0
2010-02-11,6.4,0.0,6.67,-8.33,60.0,0.0,-20.0,23.08,0.0,23.81,-100.0,0.0
2010-02-12,5.8,0.0,4.92,-8.33,60.0,0.0,-20.0,23.08,0.0,23.81,-100.0,0.0
2010-02-15,-0.4,-3.226,5.26,-8.33,50.0,0.0,-20.0,23.08,-11.11,11.11,-100.0,25.0
2010-02-16,2.8,-6.667,5.36,-8.33,50.0,0.0,-22.22,21.43,-11.11,11.76,-100.0,25.0
2010-02-17,4.5,-3.333,9.8,-8.33,50.0,-11.11,-22.22,20.0,-11.11,5.56,-100.0,25.0
2010-02-18,3.6,-6.061,11.63,-8.33,50.0,-11.11,-36.36,20.0,-20.0,5.88,-100.0,25.0
2010-02-19,5.1,-3.226,15.0,-8.33,50.0,-11.11,-37.5,26.67,-20.0,0.0,-100.0,33.33
2010-02-22,2.9,-3.226,12.82,-33.33,50.0,0.0,-37.5,23.08,-20.0,5.88,-100.0,33.33
2010-02-23,0.8,-6.25,4.65,-33.33,50.0,0.0,-37.5,23.08,-20.0,5.88,-100.0,33.33
2010-02-24,2.3,-9.091,8.89,-33.33,50.0,14.29,-33.33,23.08,-11.11,6.25,-100.0,33.33
2010-02-25,3.9,-6.061,5.66,-33.33,66.67,25.0,-30.0,23.08,0.0,11.76,-100.0,33.33
2010-02-26,4.1,-3.03,5.66,-37.5,66.67,25.0,-30.0,23.08,0.0,5.56,-100.0,25.0
2010-03-01,3.9,-8.108,5.17,-37.5,37.5,20.0,-15.38,28.57,18.18,9.52,-100.0,40.0
2010-03-02,3.6,-8.108,5.26,-37.5,37.5,18.18,-15.38,28.57,18.18,9.09,-100.0,50.0
2010-03-03,4.0,-2.703,4.69,-50.0,37.5,18.18,-15.38,30.77,18.18,4.76,-100.0,50.0
2010-03-04,2.8,-2.857,3.08,-50.0,37.5,18.18,-15.38,15.38,20.0,0.0,-100.0,50.0
2010-03-05,3.6,0.0,1.56,-50.0,37.5,18.18,-14.29,27.27,20.0,4.76,-100.0,50.0
2010-03-08,4.6,2.778,1.59,-50.0,37.5,18.18,-14.29,25.0,27.27,0.0,-100.0,42.86
2010-03-09,8.7,2.857,0.0,0.0,37.5,8.33,-14.29,25.0,25.0,0.0,-100.0,42.86
2010-03-10,11.4,2.941,1.61,18.18,44.44,7.14,-14.29,25.0,33.33,-4.35,-100.0,42.86
2010-03-11,11.4,5.882,0.0,18.18,57.14,0.0,-7.69,25.0,36.36,-4.55,-100.0,42.86
2010-03-12,9.2,2.941,-1.82,18.18,57.14,0.0,-8.33,23.08,30.0,-9.52,-100.0,50.0
2010-03-15,8.1,3.125,-7.84,18.18,50.0,0.0,-10.0,23.08,30.0,-5.56,-100.0,60.0
2010-03-16,9.0,6.061,-7.84,18.18,50.0,0.0,-10.0,28.57,30.0,-11.76,-100.0,60.0
2010-03-17,11.0,6.25,-4.44,18.18,50.0,9.09,-22.22,33.33,30.0,5.56,0.0,60.0
2010-03-18,10.3,3.03,-2.27,18.18,50.0,9.09,-22.22,35.71,30.0,5.88,0.0,60.0
2010-03-19,10.1,0.0,-2.27,18.18,50.0,9.09,-12.5,28.57,36.36,5.88,0.0,60.0
2010-03-22,9.2,0.0,-2.27,18.18,50.0,9.09,-12.5,30.77,36.36,0.0,0.0,50.0
2010-03-23,10.1,0.0,-2.33,50.0,50.0,10.0,-12.5,30.77,30.0,0.0,0.0,50.0
2010-03-24,11.9,0.0,4.35,57.14,28.57,12.5,0.0,30.77,30.0,-6.67,0.0,50.0
2010-03-25,10.1,-3.03,0.0,57.14,28.57,12.5,0.0,30.77,30.0,0.0,0.0,50.0
2010-03-26,10.2,-3.125,0.0,57.14,28.57,12.5,0.0,30.77,30.0,0.0,0.0,50.0
2010-03-29,10.4,-5.882,3.64,57.14,12.5,12.5,0.0,30.77,33.33,0.0,0.0,50.0
2010-03-30,10.3,-5.714,3.64,57.14,12.5,-9.09,0.0,33.33,33.33,4.76,0.0,50.0
2010-03-31,7.1,-14.286,5.26,57.14,12.5,-9.09,0.0,41.67,21.43,10.53,0.0,40.0
2010-04-01,11.7,-5.714,9.68,57.14,11.11,-9.09,20.0,41.67,30.77,10.0,0.0,50.0
2010-04-02,17.8,-5.714,9.68,57.14,11.11,-9.09,20.0,41.67,30.77,10.0,0.0,50.0
2010-04-05,13.0,-5.714,9.68,57.14,11.11,-9.09,20.0,41.67,30.77,10.0,0.0,50.0
2010-04-06,15.5,2.778,17.54,57.14,11.11,-9.09,18.18,50.0,30.77,20.0,0.0,50.0
2010-04-07,0.0,2.778,19.67,57.14,11.11,-16.67,20.0,45.45,21.43,14.29,0.0,50.0
2010-04-08,15.0,2.857,20.75,57.14,-14.29,-27.27,22.22,45.45,21.43,18.18,0.0,42.86
2010-04-09,13.2,3.03,21.43,40.0,-25.0,-27.27,20.0,30.77,21.43,23.81,0.0,50.0
2010-04-12,13.9,10.345,23.08,36.36,-16.67,-30.0,14.29,23.08,16.67,15.79,0.0,40.0
2010-04-13,14.0,10.345,23.08,36.36,-16.67,-33.33,14.29,23.08,16.67,16.67,0.0,25.0
2010-04-14,13.5,10.345,28.26,20.0,-16.67,-33.33,14.29,23.08,16.67,11.76,0.0,25.0
2010-04-15,13.5,3.333,31.11,20.0,-16.67,-33.33,14.29,33.33,23.08,18.75,0.0,25.0
2010-04-16,10.1,-6.667,29.55,20.0,-16.67,-33.33,16.67,23.08,23.08,18.75,0.0,25.0
2010-04-19,10.7,-3.226,29.55,20.0,-16.67,-33.33,16.67,25.0,16.67,26.67,0.0,33.33
2010-04-20,10.4,-3.226,31.11,8.33,-16.67,-25.0,16.67,25.0,18.18,26.67,0.0,33.33
2010-04-21,7.6,-3.226,29.27,-12.5,-40.0,-33.33,16.67,15.38,20.0,31.25,0.0,33.33
2010-04-22,6.1,-3.125,29.27,-12.5,-40.0,-33.33,16.67,15.38,11.11,29.41,0.0,33.33
2010-04-23,4.7,-3.125,29.55,-12.5,-40.0,-33.33,16.67,-7.69,0.0,29.41,0.0,33.33
2010-04-26,4.1,-3.226,29.55,-12.5,-40.0,-33.33,16.67,-7.69,0.0,29.41,0.0,33.33
2010-04-27,6.0,0.0,30.43,-12.5,-40.0,-33.33,16.67,-16.67,9.09,29.41,0.0,33.33
2010-04-28,5.3,0.0,29.79,-12.5,-40.0,-33.33,16.67,-27.27,9.09,20.0,0.0,33.33
2010-04-29,7.2,0.0,35.19,-12.5,-14.29,-28.57,14.29,-27.27,7.69,23.53,0.0,33.33
2010-04-30,7.2,3.2,34.55,-12.5,-14.29,-28.57,0.0,-40.0,7.69,23.53,0.0,25.0
2010-05-03,8.6,3.2,34.55,-12.5,-14.29,-28.57,0.0,-40.0,7.69,23.53,0.0,25.0
2010-05-04,8.3,2.941,28.81,-12.5,0.0,-12.5,0.0,-40.0,7.69,15.0,0.0,40.0
2010-05-05,8.4,3.03,26.67,-12.5,0.0,-11.11,-20.0,-40.0,7.69,19.05,100.0,40.0
2010-05-06,10.2,3.03,33.33,-12.5,0.0,-11.11,-20.0,-27.27,7.69,9.52,100.0,40.0
2010-05-07,11.7,5.714,35.71,-12.5,0.0,-11.11,-22.22,-15.38,7.69,4.55,100.0,50.0
2010-05-10,13.1,9.091,36.36,-13.33,20.0,-11.11,-22.22,-14.29,10.0,9.52,100.0,50.0
2010-05-11,13.7,9.375,37.04,-13.33,20.0,14.29,-25.0,-14.29,10.0,10.53,100.0,50.0
2010-05-12,16.4,13.333,37.74,-13.33,20.0,22.22,-25.0,-23.08,25.0,14.29,100.0,60.0
2010-05-13,16.6,10.714,35.42,-13.33,25.0,22.22,-25.0,-23.08,33.33,15.0,100.0,50.0
2010-05-14,15.4,6.897,35.42,-13.33,25.0,22.22,-25.0,-21.43,33.33,15.0,100.0,50.0
2010-05-17,15.4,7.143,35.42,-13.33,25.0,22.22,-25.0,-21.43,30.0,15.0,100.0,50.0
2010-05-18,15.2,6.897,34.69,-13.33,25.0,22.22,-28.57,-21.43,30.0,10.53,100.0,50.0
2010-05-19,16.2,6.897,33.33,-13.33,25.0,28.57,-28.57,-14.29,30.0,16.67,100.0,50.0
2010-05-20,14.9,3.226,36.59,-13.33,25.0,28.57,-44.44,-14.29,22.22,5.88,100.0,66.67
2010-05-21,14.6,3.226,34.15,-16.67,66.67,28.57,-50.0,7.14,22.22,5.88,100.0,66.67
2010-05-24,16.1,6.25,35.0,-18.18,66.67,33.33,-50.0,7.69,20.0,12.5,100.0,66.67
2010-05-25,15.9,9.091,33.33,-18.18,66.67,33.33,-50.0,7.69,20.0,12.5,100.0,66.67
2010-05-26,15.2,11.765,27.27,-14.29,66.67,14.29,-50.0,7.69,20.0,11.76,100.0,66.67
2010-05-27,15.2,18.75,28.26,-14.29,66.67,14.29,-50.0,7.69,0.0,5.56,100.0,66.67
2010-05-28,15.5,19.355,28.26,-14.29,40.0,14.29,-30.0,16.67,0.0,5.56,100.0,75.0
2010-05-31,12.1,19.355,28.26,-14.29,40.0,14.29,-30.0,16.67,0.0,5.56,100.0,75.0
2010-06-01,12.6,21.212,18.97,-14.29,50.0,-9.09,-30.77,23.08,-7.69,5.26,100.0,50.0
2010-06-02,12.9,21.212,18.97,-14.29,50.0,-9.09,-30.77,33.33,-7.69,5.0,100.0,50.0
2010-06-03,11.4,17.647,14.06,-14.29,50.0,-9.09,-30.77,33.33,-7.69,4.76,100.0,50.0
2010-06-04,11.0,14.706,11.67,-14.29,50.0,-9.09,-30.77,46.15,0.0,0.0,100.0,50.0
2010-06-07,11.4,14.706,13.11,-14.29,50.0,-9.09,-28.57,46.15,0.0,0.0,100.0,50.0
2010-06-08,8.4,12.121,8.33,-14.29,50.0,-8.33,-28.57,35.71,-8.33,0.0,100.0,28.57
2010-06-09,11.1,12.121,8.47,10.0,44.44,-14.29,-28.57,35.71,0.0,0.0,100.0,28.57
2010-06-10,8.6,12.121,1.82,7.14,42.86,-15.38,-30.77,35.71,0.0,-5.0,100.0,28.57
2010-06-11,7.0,9.091,1.85,7.14,42.86,-15.38,-27.27,38.46,-10.0,-9.52,100.0,33.33
2010-06-14,6.8,10.0,3.92,7.14,33.33,-15.38,-30.0,38.46,-18.18,-4.55,100.0,20.0
2010-06-15,6.5,10.345,3.92,7.14,33.33,-25.0,-30.0,35.71,-18.18,0.0,100.0,20.0
2010-06-16,6.5,10.0,4.44,7.14,33.33,-27.27,-22.22,35.71,-18.18,5.0,0.0,20.0
2010-06-17,4.7,3.125,2.27,7.14,33.33,-27.27,-22.22,28.57,-18.18,15.0,0.0,20.0
2010-06-18,3.5,0.0,2.27,7.14,33.33,-27.27,-25.0,25.0,-18.18,21.05,0.0,0.0
2010-06-21,4.5,0.0,-2.5,28.57,33.33,-27.27,-25.0,27.27,-16.67,16.67,0.0,0.0
2010-06-22,3.6,-3.226,0.0,28.57,33.33,-30.0,-25.0,27.27,-16.67,11.76,0.0,0.0
2010-06-23,0.9,-6.25,-2.27,28.57,50.0,-50.0,-33.33,7.69,-16.67,6.25,0.0,0.0
2010-06-24,0.4,-6.667,0.0,28.57,50.0,-50.0,-33.33,7.69,-27.27,6.25,0.0,0.0
2010-06-25,0.6,-6.667,0.0,28.57,50.0,-50.0,-33.33,8.33,-27.27,6.25,0.0,0.0
2010-06-28,-1.8,-6.667,-2.04,28.57,50.0,-50.0,-33.33,8.33,-46.15,6.25,0.0,0.0
2010-06-29,-1.4,-10.0,0.0,28.57,55.56,-33.33,-30.0,8.33,-46.15,10.53,0.0,0.0
2010-06-30,-0.8,-9.677,0.0,28.57,55.56,-36.36,-27.27,-8.33,-35.71,10.0,0.0,0.0
2010-07-01,-0.7,-6.452,1.64,28.57,40.0,-36.36,-10.0,-8.33,-35.71,10.0,0.0,0.0
2010-07-02,-3.2,-15.152,3.39,28.57,40.0,-36.36,-9.09,-30.0,-35.71,9.52,0.0,0.0
2010-07-05,-6.5,-15.152,0.0,28.57,40.0,-36.36,-9.09,-30.0,-38.46,9.09,0.0,0.0
2010-07-06,-5.1,-18.182,0.0,28.57,40.0,-36.36,-9.09,-36.36,-38.46,9.09,0.0,0.0
2010-07-07,-7.1,-25.806,1.61,28.57,40.0,-25.0,-16.67,-36.36,-42.86,9.52,0.0,0.0
2010-07-08,-7.5,-25.806,3.23,28.57,40.0,-25.0,-16.67,-36.36,-45.45,9.09,0.0,0.0
2010-07-09,-5.9,-27.586,4.69,40.0,50.0,-25.0,-30.0,-14.29,-45.45,9.09,0.0,-16.67
2010-07-12,-5.6,-27.586,5.17,33.33,50.0,0.0,-37.5,-23.08,-40.0,4.17,0.0,-16.67
2010-07-13,-7.2,-33.333,7.69,33.33,40.0,0.0,-28.57,-23.08,-36.36,4.35,0.0,-25.0
2010-07-14,-9.1,-35.714,5.66,25.0,40.0,0.0,-28.57,-23.08,-36.36,9.09,0.0,-25.0
2010-07-15,-7.5,-32.143,8.7,25.0,40.0,0.0,-28.57,-21.43,-36.36,10.0,0.0,-25.0
2010-07-16,-8.9,-37.037,8.7,25.0,40.0,0.0,-28.57,-27.27,-36.36,15.79,0.0,-25.0
2010-07-19,-9.5,-37.037,6.67,25.0,40.0,0.0,-33.33,-27.27,-36.36,15.79,0.0,-25.0
2010-07-20,-8.6,-35.714,11.63,25.0,40.0,0.0,-33.33,-20.0,-40.0,15.79,0.0,0.0
2010-07-21,-10.3,-35.714,11.63,15.38,50.0,16.67,-33.33,-18.18,-55.56,15.79,0.0,0.0
2010-07-22,-5.2,-26.667,13.95,22.22,50.0,16.67,-33.33,-30.77,-40.0,20.0,0.0,0.0
2010-07-23,-3.8,-25.0,17.02,22.22,50.0,16.67,-33.33,-30.77,-40.0,20.0,0.0,0.0
2010-07-26,-3.6,-24.138,15.22,22.22,50.0,16.67,-33.33,-30.77,-33.33,15.79,0.0,0.0
2010-07-27,-1.6,-23.333,21.28,22.22,50.0,16.67,-33.33,-33.33,-33.33,15.79,0.0,0.0
2010-07-28,-3.0,-27.586,21.28,22.22,50.0,16.67,-33.33,-33.33,-30.0,5.88,0.0,0.0
2010-07-29,-1.6,-22.222,25.93,22.22,16.67,0.0,-33.33,-36.36,-25.0,-5.0,0.0,0.0
2010-07-30,-0.2,-17.241,25.0,22.22,16.67,0.0,-28.57,-41.67,-23.08,-5.0,0.0,0.0
2010-08-02,0.1,-16.129,25.0,22.22,28.57,-11.11,0.0,-41.67,-25.0,-4.76,0.0,20.0
2010-08-03,-0.6,-17.143,24.14,22.22,28.57,-11.11,0.0,-41.67,-25.0,-9.09,0.0,20.0
2010-08-04,-1.2,-14.286,19.67,22.22,0.0,-11.11,12.5,-30.0,-25.0,-8.7,-100.0,20.0
2010-08-05,-1.7,-17.647,20.34,22.22,0.0,-11.11,22.22,-18.18,-25.0,-8.7,-100.0,20.0
2010-08-06,-2.8,-20.588,20.34,22.22,0.0,-11.11,30.0,-30.77,-25.0,-8.33,-100.0,33.33
2010-08-09,1.0,-20.588,25.0,16.67,0.0,-20.0,30.0,-30.77,10.0,-12.0,-100.0,33.33
2010-08-10,-2.0,-18.182,23.64,0.0,-25.0,-33.33,33.33,-28.57,0.0,-18.18,-100.0,33.33
2010-08-11,-1.3,-18.75,24.53,0.0,-25.0,-11.11,37.5,-23.08,0.0,-21.74,-100.0,40.0
2010-08-12,-2.8,-20.0,22.45,0.0,0.0,-11.11,37.5,-23.08,-10.0,-22.73,-100.0,50.0
2010-08-13,-1.5,-13.793,20.83,0.0,0.0,-11.11,42.86,-23.08,-10.0,-23.81,-100.0,50.0
2010-08-16,0.1,-13.793,28.57,0.0,0.0,-11.11,42.86,-23.08,-10.0,-25.0,-100.0,50.0
2010-08-17,0.7,-10.0,25.58,0.0,0.0,-11.11,42.86,-15.38,-10.0,-25.0,-100.0,50.0
2010-08-18,2.4,-10.0,26.83,0.0,0.0,-14.29,66.67,-15.38,0.0,-25.0,-100.0,50.0
2010-08-19,1.7,-16.129,23.08,0.0,0.0,-14.29,62.5,-21.43,10.0,-15.79,-100.0,66.67
2010-08-20,-1.3,-16.129,21.62,-14.29,0.0,-14.29,62.5,-45.45,10.0,-15.79,-100.0,66.67
2010-08-23,-1.8,-16.129,21.62,-16.67,0.0,-33.33,62.5,-45.45,10.0,-11.76,-100.0,66.67
2010-08-24,-2.6,-18.75,21.05,-16.67,0.0,-33.33,62.5,-46.15,11.11,-11.11,-100.0,66.67
2010-08-25,-4.2,-24.242,25.64,-25.0,16.67,-42.86,66.67,-46.15,11.11,-18.75,-100.0,66.67
2010-08-26,-4.7,-25.806,21.43,-25.0,16.67,-42.86,66.67,-50.0,18.18,-18.75,-100.0,66.67
2010-08-27,-4.0,-23.333,21.43,-25.0,14.29,-42.86,66.67,-50.0,18.18,-18.75,-100.0,50.0
2010-08-30,-3.4,-23.333,21.43,-25.0,14.29,-42.86,66.67,-50.0,18.18,-18.75,-100.0,50.0
2010-08-31,-2.5,-18.182,22.0,-22.22,14.29,-27.27,63.64,-46.15,15.38,-10.53,-100.0,50.0
2010-09-01,-3.1,-14.286,18.18,-22.22,0.0,-27.27,50.0,-50.0,15.38,-15.0,-100.0,20.0
2010-09-02,-5.8,-20.588,16.98,-22.22,0.0,-27.27,50.0,-40.0,8.33,-23.81,-100.0,16.67
2010-09-03,-4.9,-17.647,16.36,-22.22,0.0,-27.27,53.85,-40.0,8.33,-23.81,-100.0,16.67
2010-09-06,-6.4,-17.647,16.36,-22.22,0.0,-27.27,53.85,-40.0,8.33,-23.81,-100.0,16.67
2010-09-07,-5.5,-17.647,11.11,-22.22,0.0,-25.0,57.14,-40.0,15.38,-23.81,-100.0,0.0
2010-09-08,-6.9,-17.647,7.14,-22.22,11.11,-28.57,57.14,-36.36,7.69,-17.39,-100.0,0.0
2010-09-09,-8.7,-20.0,0.0,-16.67,28.57,-23.08,57.14,-33.33,8.33,-15.79,-100.0,0.0
2010-09-10,-7.9,-20.0,0.0,-5.88,37.5,-23.08,61.54,-30.77,9.09,-15.79,-100.0,0.0
2010-09-13,-8.8,-20.0,-2.17,-5.88,28.57,-18.18,54.55,-30.77,9.09,-21.05,-100.0,-20.0
2010-09-14,-5.9,-10.714,-4.17,-5.88,28.57,-18.18,54.55,-30.77,16.67,-16.67,-100.0,-20.0
2010-09-15,-4.4,-10.714,0.0,-5.88,28.57,-18.18,54.55,-35.71,16.67,-16.67,0.0,-20.0
2010-09-16,-4.5,-6.897,-2.44,-5.88,28.57,-18.18,50.0,-46.15,16.67,-21.05,0.0,-20.0
2010-09-17,-5.1,-10.714,-2.5,-5.88,28.57,-18.18,44.44,-36.36,16.67,-22.22,0.0,-50.0
2010-09-20,-6.9,-10.714,-7.89,-7.14,28.57,-10.0,44.44,-33.33,9.09,-17.65,0.0,-50.0
2010-09-21,-2.7,-6.897,-5.41,11.11,28.57,-10.0,44.44,-36.36,20.0,-17.65,0.0,-50.0
2010-09-22,-3.4,-6.897,-5.26,11.11,28.57,-25.0,50.0,-46.15,18.18,-13.33,-100.0,-50.0
2010-09-23,0.8,0.0,0.0,11.11,28.57,-25.0,55.56,-46.15,30.0,-18.75,-100.0,-50.0
2010-09-24,2.1,0.0,4.76,11.11,33.33,-25.0,55.56,-46.15,30.0,-18.75,-100.0,-50.0
2010-09-27,2.6,0.0,6.98,11.11,33.33,-25.0,55.56,-46.15,30.0,-18.75,-100.0,-50.0
2010-09-28,0.7,-6.452,11.11,11.11,28.57,-25.0,55.56,-50.0,18.18,-17.65,-100.0,-50.0
2010-09-29,2.3,-6.452,17.31,11.11,44.44,-40.0,55.56,-50.0,16.67,-10.0,-100.0,-40.0
2010-09-30,6.3,3.333,18.87,20.0,44.44,-40.0,44.44,-41.67,14.29,-10.0,-100.0,-40.0
2010-10-01,7.6,5.882,18.64,20.0,50.0,-40.0,36.36,-41.67,14.29,-9.52,-100.0,-33.33
2010-10-04,8.3,5.714,18.64,20.0,50.0,-36.36,36.36,-41.67,14.29,-4.55,-100.0,-33.33
2010-10-05,9.0,8.571,17.46,20.0,50.0,-36.36,36.36,-40.0,14.29,0.0,-100.0,-33.33
2010-10-06,11.2,15.152,17.46,20.0,50.0,-16.67,30.0,-40.0,14.29,0.0,-100.0,-33.33
2010-10-07,10.7,15.152,20.0,20.0,50.0,-16.67,18.18,-45.45,8.33,-4.17,-100.0,-33.33
2010-10-08,7.6,6.897,19.35,20.0,37.5,-16.67,18.18,-35.71,0.0,-4.17,-100.0,-33.33
2010-10-11,8.2,6.897,20.34,20.0,37.5,-10.0,11.11,-35.71,0.0,-8.33,-100.0,-33.33
2010-10-12,7.8,6.897,19.64,16.67,37.5,-22.22,11.11,-38.46,8.33,-9.09,-100.0,-33.33
2010-10-13,10.3,6.897,23.08,21.43,57.14,-22.22,25.0,-38.46,8.33,0.0,-100.0,-20.0
2010-10-14,10.2,7.143,21.57,21.43,57.14,-22.22,25.0,-38.46,8.33,4.76,-100.0,-25.0
2010-10-15,8.8,7.407,20.0,21.43,57.14,-22.22,14.29,-28.57,0.0,10.0,-100.0,-25.0
2010-10-18,7.7,3.571,20.0,21.43,57.14,-22.22,14.29,-28.57,0.0,10.0,-100.0,-25.0
2010-10-19,6.8,3.448,22.22,21.43,57.14,-25.0,0.0,-28.57,-8.33,10.0,-100.0,0.0
2010-10-20,9.0,3.448,27.91,16.67,50.0,-16.67,0.0,-21.43,0.0,5.56,-100.0,0.0
2010-10-21,9.9,3.333,30.23,20.0,50.0,-16.67,0.0,-23.08,0.0,5.26,-100.0,0.0
2010-10-22,11.2,3.333,32.56,20.0,40.0,-16.67,0.0,-7.69,0.0,5.26,-100.0,0.0
2010-10-25,13.0,6.452,34.09,20.0,40.0,-16.67,0.0,-7.69,0.0,10.53,-100.0,0.0
2010-10-26,13.5,6.452,40.0,20.0,40.0,-16.67,0.0,-7.69,-10.0,10.53,-100.0,0.0
2010-10-27,11.7,6.25,36.73,20.0,40.0,-16.67,0.0,0.0,-18.18,11.76,-100.0,0.0
2010-10-28,12.9,6.452,37.04,20.0,14.29,-28.57,0.0,0.0,-7.69,16.67,-66.67,0.0
2010-10-29,13.5,12.5,33.93,20.0,14.29,-28.57,12.5,0.0,-7.14,10.0,-66.67,0.0
2010-11-01,12.4,5.714,33.93,27.27,12.5,-28.57,0.0,0.0,-7.14,14.29,-66.67,0.0
2010-11-02,12.6,5.714,35.0,27.27,12.5,-37.5,0.0,0.0,-7.14,13.64,-66.67,0.0
2010-11-03,14.2,8.108,35.59,27.27,12.5,-33.33,-10.0,20.0,-7.69,13.04,25.0,0.0
2010-11-04,12.1,5.714,30.65,27.27,12.5,-33.33,-10.0,20.0,-7.69,21.74,25.0,0.0
2010-11-05,13.4,14.706,24.59,27.27,12.5,-33.33,0.0,30.77,-7.69,21.74,25.0,0.0
2010-11-08,12.9,14.706,22.58,27.27,12.5,-33.33,0.0,21.43,-7.69,16.67,25.0,0.0
2010-11-09,13.1,14.706,22.03,21.43,14.29,-30.0,0.0,21.43,0.0,16.67,25.0,0.0
2010-11-10,11.1,12.121,14.81,21.05,-16.67,0.0,0.0,21.43,0.0,14.29,66.67,0.0
2010-11-11,9.8,12.121,13.21,16.67,-16.67,0.0,0.0,23.08,-11.11,10.0,66.67,0.0
2010-11-12,6.8,10.0,10.42,16.67,-40.0,0.0,0.0,23.08,-11.11,10.53,66.67,0.0
2010-11-15,8.6,13.793,10.42,16.67,-40.0,0.0,0.0,23.08,0.0,5.56,66.67,0.0
2010-11-16,8.2,10.345,13.95,16.67,-40.0,0.0,0.0,21.43,0.0,0.0,66.67,0.0
2010-11-17,6.8,6.667,12.2,16.67,-40.0,-14.29,0.0,21.43,0.0,5.26,66.67,0.0
2010-11-18,9.6,13.793,12.2,16.67,-40.0,-14.29,16.67,35.71,0.0,11.11,66.67,0.0
2010-11-19,11.2,13.793,12.82,16.67,-25.0,-14.29,16.67,45.45,10.0,11.11,66.67,0.0
2010-11-22,10.2,13.793,10.81,16.67,-25.0,-16.67,16.67,45.45,10.0,11.76,66.67,0.0
2010-11-23,8.7,13.333,9.76,20.0,-25.0,-16.67,0.0,38.46,0.0,11.11,66.67,0.0
2010-11-24,8.0,9.375,11.63,15.38,-25.0,0.0,-11.11,38.46,0.0,6.25,66.67,0.0
2010-11-25,11.2,9.375,15.56,15.38,0.0,0.0,-11.11,38.46,0.0,6.25,66.67,0.0
2010-11-26,9.7,9.375,12.77,15.38,0.0,0.0,-11.11,33.33,12.5,6.25,66.67,0.0
2010-11-29,7.3,12.903,11.54,15.38,12.5,11.11,-11.11,33.33,-10.0,5.26,50.0,0.0
2010-11-30,8.2,15.625,11.32,14.29,12.5,0.0,0.0,23.08,-18.18,5.26,50.0,0.0
2010-12-01,6.6,14.706,8.62,20.0,11.11,-9.09,8.33,16.67,-18.18,9.52,50.0,20.0
2010-12-02,5.3,12.121,6.9,20.0,11.11,-9.09,8.33,16.67,-20.0,9.52,50.0,33.33
2010-12-03,3.5,5.714,8.06,20.0,11.11,-9.09,7.69,16.67,-20.0,9.09,50.0,33.33
2010-12-06,3.1,5.714,6.56,20.0,11.11,-9.09,7.69,15.38,-20.0,9.52,50.0,33.33
2010-12-07,2.3,5.714,3.39,20.0,11.11,0.0,7.14,15.38,-18.18,9.09,50.0,28.57
2010-12-08,3.3,6.061,3.51,20.0,11.11,7.14,7.14,21.43,-9.09,9.09,50.0,28.57
2010-12-09,2.1,6.061,-1.89,30.77,28.57,15.38,7.14,21.43,-22.22,9.52,66.67,28.57
2010-12-10,1.7,6.897,-3.77,33.33,12.5,15.38,0.0,23.08,-25.0,15.79,66.67,33.33
2010-12-13,1.3,6.897,-3.77,29.41,14.29,15.38,10.0,23.08,-22.22,15.79,66.67,40.0
2010-12-14,-1.0,6.667,-9.8,29.41,14.29,25.0,10.0,23.08,-30.0,16.67,66.67,40.0
2010-12-15,-2.5,3.448,-9.8,29.41,14.29,27.27,11.11,21.43,-30.0,10.53,0.0,40.0
2010-12-16,-0.8,6.452,-8.7,29.41,14.29,27.27,11.11,21.43,-30.0,5.26,0.0,40.0
2010-12-17,-1.0,0.0,-2.13,29.41,14.29,27.27,0.0,9.09,-30.0,5.26,0.0,40.0
2010-12-20,-0.4,0.0,-2.22,29.41,14.29,27.27,0.0,9.09,-27.27,10.53,0.0,50.0
2010-12-21,0.0,0.0,-2.13,35.71,-11.11,30.0,0.0,7.69,-27.27,11.11,0.0,50.0
2010-12-22,0.2,0.0,0.0,44.44,-12.5,25.0,-10.0,7.69,-30.0,5.26,-50.0,50.0
2010-12-23,1.3,2.857,2.13,44.44,-12.5,25.0,-10.0,0.0,-30.0,5.0,-50.0,50.0
2010-12-24,6.3,2.941,4.35,44.44,-12.5,25.0,-10.0,0.0,-30.0,5.0,-50.0,50.0
2010-12-27,2.1,2.941,4.35,44.44,-12.5,25.0,-10.0,0.0,-30.0,5.0,-50.0,50.0
2010-12-28,1.8,2.941,4.35,44.44,-12.5,25.0,-10.0,0.0,-30.0,5.0,-50.0,50.0
2010-12-29,2.2,3.125,2.13,44.44,-12.5,25.0,-10.0,0.0,-23.08,0.0,-50.0,40.0
2010-12-30,3.4,6.452,2.08,44.44,-12.5,22.22,-10.0,-8.33,-25.0,0.0,-50.0,40.0
2010-12-31,2.7,6.452,2.08,30.0,-12.5,22.22,-10.0,-8.33,-25.0,5.56,-50.0,40.0
2011-01-03,4.9,6.452,2.08,30.0,-12.5,22.22,-10.0,-8.33,-25.0,5.56,-50.0,40.0
2011-01-04,5.5,9.091,6.0,30.0,-11.11,22.22,0.0,-10.0,-25.0,10.0,-50.0,16.67
2011-01-05,6.4,10.345,9.43,30.0,-11.11,11.11,14.29,-10.0,-25.0,4.76,-50.0,16.67
2011-01-06,4.9,10.0,6.9,30.0,-28.57,11.11,14.29,-10.0,-25.0,0.0,-50.0,16.67
2011-01-07,5.2,9.375,6.56,30.0,-28.57,11.11,30.0,0.0,-25.0,0.0,-50.0,0.0
2011-01-10,6.0,9.375,8.77,20.0,-50.0,0.0,30.0,-7.69,-10.0,-5.0,-100.0,0.0
2011-01-11,7.4,6.667,9.09,21.43,-50.0,25.0,25.0,-7.69,0.0,-5.0,-100.0,0.0
2011-01-12,8.2,7.143,13.46,21.43,-60.0,11.11,14.29,-7.69,-10.0,-11.11,-100.0,-20.0
2011-01-13,7.2,3.571,13.73,21.43,-60.0,11.11,14.29,-7.69,-10.0,-11.11,-100.0,-50.0
2011-01-14,7.5,7.407,11.11,21.43,-60.0,11.11,16.67,-18.18,-10.0,-11.76,-100.0,-50.0
2011-01-17,6.2,7.407,11.11,21.43,-60.0,11.11,16.67,-20.0,0.0,-5.56,-100.0,-50.0
2011-01-18,9.3,7.407,13.33,21.43,-60.0,0.0,20.0,-20.0,0.0,-5.88,-100.0,-66.67
2011-01-19,7.9,3.571,13.95,22.22,-60.0,-16.67,20.0,-40.0,0.0,-5.26,-100.0,-66.67
2011-01-20,9.7,9.677,16.67,13.33,-60.0,-16.67,20.0,-27.27,-10.0,-5.56,-100.0,-66.67
2011-01-21,10.7,10.0,23.81,0.0,-50.0,-16.67,20.0,-7.69,-10.0,-5.26,-100.0,-66.67
2011-01-24,9.9,10.0,23.26,0.0,-50.0,-16.67,20.0,-7.69,-11.11,-11.11,-100.0,-66.67
2011-01-25,12.7,13.333,25.58,0.0,-50.0,-16.67,20.0,-7.69,0.0,-11.11,-100.0,-66.67
2011-01-26,12.6,13.333,25.58,0.0,-50.0,-16.67,20.0,-8.33,0.0,-5.88,-100.0,-66.67
2011-01-27,9.3,3.448,27.08,0.0,-20.0,-16.67,20.0,-8.33,-9.09,-11.76,-100.0,-66.67
2011-01-28,7.1,3.571,23.4,0.0,-33.33,-16.67,0.0,-8.33,-9.09,-11.76,-100.0,-50.0
2011-01-31,5.3,3.125,20.41,-9.09,-33.33,-14.29,-14.29,8.33,-9.09,-12.5,-100.0,-50.0
2011-02-01,7.0,2.941,28.3,-9.09,0.0,-14.29,-12.5,10.0,-9.09,-15.0,-100.0,-40.0
2011-02-02,8.5,3.03,28.85,-9.09,0.0,0.0,0.0,10.0,-9.09,-5.0,-100.0,-40.0
2011-02-03,10.7,9.677,28.07,-9.09,0.0,0.0,0.0,22.22,-9.09,0.0,-100.0,-40.0
2011-02-04,8.8,3.03,28.07,-9.09,0.0,0.0,0.0,18.18,-9.09,4.76,-100.0,-40.0
2011-02-07,6.3,3.03,25.86,-9.09,0.0,0.0,-11.11,16.67,-28.57,9.09,-100.0,-40.0
2011-02-08,8.0,6.25,28.07,-9.09,0.0,0.0,-11.11,15.38,-25.0,9.09,-100.0,-33.33
2011-02-09,7.6,6.25,24.14,-9.09,0.0,0.0,-11.11,15.38,-22.22,9.09,-100.0,-40.0
2011-02-10,6.6,3.226,25.42,-9.09,-16.67,0.0,-11.11,15.38,-22.22,4.35,-100.0,-40.0
2011-02-11,6.9,3.125,25.42,0.0,-16.67,0.0,-11.11,15.38,-22.22,0.0,-100.0,-40.0
2011-02-14,6.1,3.333,21.43,7.69,-20.0,0.0,-11.11,15.38,-30.0,0.0,-100.0,-25.0
2011-02-15,4.5,3.333,21.82,-6.67,-20.0,0.0,-11.11,15.38,-30.0,-5.26,-100.0,-25.0
2011-02-16,3.7,3.226,18.37,-6.67,-20.0,0.0,-11.11,7.14,-30.0,0.0,-100.0,-25.0
2011-02-17,3.8,3.03,19.05,-6.67,-20.0,0.0,-9.09,6.67,-30.0,5.26,-100.0,-25.0
2011-02-18,4.0,3.226,21.05,-6.67,-20.0,0.0,-37.5,0.0,-30.0,10.0,-100.0,0.0
2011-02-21,1.4,3.226,20.51,-10.0,-25.0,0.0,-37.5,8.33,-30.0,15.79,-100.0,0.0
2011-02-22,3.8,6.25,19.51,-10.0,-25.0,-12.5,-37.5,15.38,-30.0,15.79,-100.0,0.0
2011-02-23,6.0,9.091,20.0,-10.0,-25.0,14.29,-22.22,15.38,-22.22,15.0,-100.0,0.0
2011-02-24,6.3,11.429,19.15,-10.0,-16.67,14.29,-22.22,15.38,-22.22,15.0,-100.0,0.0
2011-02-25,5.6,12.5,16.33,-10.0,-16.67,14.29,-20.0,15.38,-22.22,15.0,-100.0,25.0
2011-02-28,5.6,14.706,16.33,-9.09,-28.57,11.11,-27.27,21.43,-16.67,10.53,-100.0,25.0
2011-03-01,6.0,13.889,20.37,-9.09,-22.22,10.0,-16.67,21.43,-16.67,21.74,-100.0,50.0
2011-03-02,4.5,14.286,20.37,-28.57,-22.22,0.0,-15.38,30.77,-16.67,27.27,-100.0,50.0
2011-03-03,2.3,12.121,14.75,-28.57,-22.22,0.0,-15.38,25.0,-9.09,21.74,-100.0,50.0
2011-03-04,0.8,8.824,13.56,-28.57,-22.22,0.0,-15.38,10.0,-9.09,21.74,-100.0,50.0
2011-03-07,0.7,8.824,13.79,-28.57,-22.22,0.0,-14.29,0.0,-9.09,20.83,-100.0,50.0
2011-03-08,1.0,8.824,14.04,-28.57,-22.22,-8.33,-14.29,8.33,-8.33,20.83,-100.0,42.86
2011-03-09,-0.9,8.824,14.04,-50.0,-10.0,-14.29,-14.29,8.33,-7.69,21.74,-100.0,42.86
2011-03-10,2.1,12.121,8.77,-30.77,-22.22,-14.29,-14.29,8.33,0.0,30.43,-100.0,42.86
2011-03-11,1.7,8.571,10.91,-30.77,-12.5,-14.29,-7.69,0.0,0.0,30.43,-100.0,50.0
2011-03-14,0.5,9.375,12.96,-35.71,-12.5,-15.38,0.0,-7.69,-10.0,30.43,-100.0,50.0
2011-03-15,-0.6,10.0,4.08,-35.71,-14.29,-15.38,0.0,-7.69,-10.0,42.11,-100.0,60.0
2011-03-16,-1.8,6.452,4.08,-35.71,-14.29,-25.0,0.0,0.0,-10.0,35.0,0.0,60.0
2011-03-17,-5.3,-3.125,0.0,-35.71,-14.29,-25.0,0.0,6.67,-10.0,31.58,0.0,60.0
2011-03-18,-3.3,3.333,0.0,-35.71,-14.29,-25.0,0.0,7.69,-10.0,27.78,0.0,60.0
2011-03-21,-4.4,0.0,2.38,-35.71,-14.29,-27.27,12.5,8.33,-10.0,23.53,0.0,60.0
2011-03-22,-5.0,0.0,2.38,-35.71,-14.29,-27.27,12.5,-7.69,-10.0,23.53,0.0,75.0
2011-03-23,-5.3,-3.125,4.88,-35.71,0.0,-33.33,22.22,-7.69,-11.11,22.22,0.0,75.0
2011-03-24,-6.8,-9.091,4.88,-35.71,12.5,-33.33,22.22,-7.69,-11.11,22.22,0.0,75.0
2011-03-25,-6.1,-9.091,6.67,-35.71,12.5,-33.33,22.22,-7.69,-11.11,22.22,0.0,75.0
2011-03-28,-5.9,-8.571,6.82,-54.55,11.11,-37.5,22.22,-7.69,9.09,22.22,0.0,75.0
2011-03-29,-4.4,-9.091,10.87,-44.44,11.11,-37.5,22.22,-7.69,9.09,23.81,-50.0,75.0
2011-03-30,-4.2,-9.091,9.8,-44.44,11.11,-27.27,22.22,0.0,9.09,30.0,-50.0,60.0
2011-03-31,-3.9,-8.824,11.32,-50.0,11.11,-27.27,11.11,0.0,7.69,33.33,-50.0,60.0
2011-04-01,-4.1,-8.108,6.9,-50.0,0.0,-27.27,9.09,0.0,7.69,23.81,-50.0,33.33
2011-04-04,-4.0,-8.108,5.36,-50.0,0.0,-27.27,9.09,0.0,7.69,27.27,-50.0,33.33
2011-04-05,-5.0,-13.514,8.33,-50.0,0.0,-33.33,9.09,0.0,7.69,30.43,-50.0,33.33
2011-04-06,-6.2,-16.667,8.2,-50.0,0.0,-38.46,0.0,0.0,7.69,25.0,-50.0,33.33
2011-04-07,-5.9,-17.647,7.41,-50.0,0.0,-38.46,-9.09,9.09,7.69,26.09,-50.0,33.33
2011-04-08,-4.9,-17.647,11.11,-50.0,11.11,-38.46,-10.0,7.14,7.69,26.09,-50.0,16.67
2011-04-11,-2.9,-25.806,10.71,-16.67,25.0,-45.45,0.0,0.0,0.0,25.0,-50.0,16.67
2011-04-12,-4.2,-27.586,3.92,-16.67,33.33,-50.0,-12.5,0.0,0.0,15.0,-50.0,-25.0
2011-04-13,-4.4,-26.667,1.92,-16.67,33.33,-44.44,-14.29,0.0,0.0,14.29,-50.0,-25.0
2011-04-14,-2.6,-34.483,6.67,5.56,33.33,-44.44,-14.29,-7.14,0.0,20.0,-50.0,-25.0
2011-04-15,-1.1,-32.143,6.67,5.56,33.33,-44.44,-14.29,-7.14,9.09,21.05,-50.0,-25.0
2011-04-18,-1.1,-32.143,6.67,5.56,33.33,-44.44,-16.67,0.0,9.09,22.22,-50.0,-25.0
2011-04-19,-0.8,-31.034,6.82,5.56,33.33,-37.5,-16.67,-7.69,10.0,22.22,-50.0,-33.33
2011-04-20,1.7,-30.0,6.82,26.67,20.0,-33.33,-16.67,-7.69,11.11,22.22,-50.0,-33.33
2011-04-21,4.4,-21.875,9.76,25.0,20.0,-33.33,-16.67,-6.67,11.11,22.22,-50.0,-33.33
2011-04-22,0.4,-21.875,9.76,25.0,20.0,-33.33,-16.67,-6.67,11.11,22.22,-50.0,-33.33
2011-04-25,9.3,-21.875,9.76,50.0,20.0,-33.33,-16.67,-6.67,11.11,22.22,-50.0,-33.33
2011-04-26,7.1,-18.75,10.0,50.0,20.0,-33.33,-16.67,0.0,11.11,22.22,-50.0,-33.33
2011-04-27,6.5,-18.182,6.98,50.0,20.0,-33.33,-16.67,-8.33,9.09,22.22,-50.0,-33.33
2011-04-28,4.3,-20.588,2.17,50.0,16.67,-14.29,-16.67,-18.18,8.33,22.22,-50.0,-33.33
2011-04-29,2.3,-20.588,2.17,50.0,16.67,-14.29,-16.67,-18.18,8.33,22.22,-50.0,-33.33
2011-05-02,2.8,-20.588,2.17,36.36,16.67,-14.29,-16.67,-18.18,8.33,22.22,-50.0,-33.33
2011-05-03,4.7,-11.429,0.0,36.36,12.5,-14.29,-25.0,-10.0,9.09,15.79,-50.0,-40.0
2011-05-04,3.0,-13.889,-1.59,36.36,0.0,-11.11,-33.33,-10.0,9.09,4.55,0.0,-40.0
2011-05-05,2.4,-13.889,-4.84,36.36,0.0,-11.11,-33.33,0.0,9.09,4.55,0.0,-40.0
2011-05-06,3.8,-8.108,-6.9,36.36,0.0,-11.11,-30.0,15.38,9.09,4.55,0.0,-16.67
2011-05-09,2.2,-8.333,-3.33,28.57,0.0,-11.11,-18.18,14.29,0.0,0.0,0.0,-16.67
2011-05-10,0.3,-8.824,-6.78,15.79,0.0,-11.11,-18.18,14.29,0.0,-4.76,50.0,-16.67
2011-05-11,-0.3,-9.091,-7.41,15.79,0.0,-25.0,-18.18,14.29,0.0,-10.0,50.0,-20.0
2011-05-12,-1.1,-8.571,-11.32,22.22,0.0,-25.0,-11.11,15.38,0.0,-15.0,50.0,-20.0
2011-05-13,0.9,-3.03,-6.38,22.22,20.0,-25.0,-14.29,15.38,0.0,-10.53,50.0,0.0
2011-05-16,1.7,-3.448,-6.38,22.22,20.0,-33.33,-14.29,14.29,14.29,-16.67,50.0,0.0
2011-05-17,-1.1,-9.677,-11.9,22.22,20.0,-25.0,-14.29,14.29,14.29,-23.53,50.0,0.0
2011-05-18,-0.7,-6.667,-15.0,22.22,20.0,-16.67,-14.29,6.67,14.29,-17.65,50.0,0.0
2011-05-19,-5.0,-14.706,-15.0,22.22,20.0,-16.67,0.0,0.0,0.0,-11.11,50.0,0.0
2011-05-20,-7.1,-15.152,-18.42,22.22,0.0,-16.67,0.0,-15.38,0.0,-11.11,50.0,0.0
2011-05-23,-9.2,-15.152,-16.22,6.67,0.0,-16.67,0.0,-15.38,0.0,-11.76,50.0,0.0
2011-05-24,-9.5,-14.706,-17.07,6.67,0.0,-16.67,-25.0,-15.38,0.0,-11.76,50.0,0.0
2011-05-25,-9.1,-14.286,-14.63,6.67,0.0,-14.29,-25.0,-15.38,0.0,-25.0,50.0,0.0
2011-05-26,-11.8,-16.667,-16.67,-22.22,16.67,-14.29,-33.33,-8.33,11.11,-17.65,50.0,0.0
2011-05-27,-12.4,-13.514,-18.75,-22.22,14.29,-14.29,-33.33,-8.33,0.0,-16.67,50.0,0.0
2011-05-30,-13.8,-13.514,-18.75,-22.22,14.29,-14.29,-33.33,-8.33,0.0,-16.67,50.0,0.0
2011-05-31,-14.4,-21.622,-21.15,-20.0,25.0,-20.0,-36.36,0.0,9.09,-16.67,50.0,-20.0
2011-06-01,-16.3,-23.684,-26.32,-20.0,11.11,-9.09,-25.0,0.0,9.09,-19.05,50.0,0.0
2011-06-02,-16.5,-23.077,-27.27,-20.0,11.11,-9.09,-25.0,0.0,9.09,-23.81,33.33,0.0
2011-06-03,-16.9,-26.316,-25.42,-20.0,11.11,-9.09,-25.0,0.0,9.09,-22.73,33.33,0.0
2011-06-06,-17.3,-26.316,-25.42,-20.0,11.11,-9.09,-25.0,-9.09,9.09,-22.73,33.33,0.0
2011-06-07,-15.1,-27.027,-22.95,-20.0,11.11,0.0,-15.38,-9.09,20.0,-21.74,33.33,0.0
2011-06-08,-15.7,-27.778,-22.95,-20.0,11.11,-7.14,-21.43,-8.33,20.0,-23.81,33.33,14.29
2011-06-09,-14.3,-27.778,-20.34,-15.38,12.5,-15.38,-21.43,-8.33,22.22,-23.81,33.33,14.29
2011-06-10,-12.2,-26.471,-17.31,-15.38,12.5,-15.38,-23.08,7.69,22.22,-27.27,33.33,16.67
2011-06-13,-15.8,-29.032,-22.45,-5.88,0.0,-15.38,-16.67,7.69,10.0,-30.43,33.33,40.0
2011-06-14,-14.8,-26.667,-22.45,-5.88,0.0,-15.38,-16.67,7.69,9.09,-27.27,33.33,40.0
2011-06-15,-15.2,-30.0,-20.45,-5.88,0.0,-18.18,-20.0,7.14,9.09,-25.0,0.0,40.0
2011-06-16,-14.4,-28.125,-18.6,-5.88,0.0,-18.18,-20.0,0.0,9.09,-25.0,0.0,40.0
2011-06-17,-13.5,-24.242,-18.6,-5.88,0.0,-18.18,-22.22,-16.67,9.09,-25.0,0.0,25.0
2011-06-20,-16.2,-29.032,-24.39,-7.14,0.0,-18.18,-37.5,-18.18,9.09,-22.22,0.0,25.0
2011-06-21,-16.6,-28.125,-25.0,0.0,0.0,-18.18,-37.5,-23.08,0.0,-15.79,0.0,25.0
2011-06-22,-14.8,-28.125,-21.43,0.0,12.5,-11.11,-44.44,-23.08,0.0,-15.79,0.0,25.0
2011-06-23,-13.9,-26.471,-19.05,0.0,12.5,-11.11,-44.44,-23.08,0.0,-20.0,0.0,25.0
2011-06-24,-13.3,-27.273,-15.91,0.0,12.5,-11.11,-44.44,-23.08,0.0,-20.0,0.0,25.0
2011-06-27,-13.3,-26.471,-15.91,0.0,12.5,0.0,-44.44,-25.0,0.0,-20.0,0.0,25.0
2011-06-28,-13.4,-28.571,-13.33,0.0,0.0,0.0,-44.44,-25.0,0.0,-19.05,0.0,25.0
2011-06-29,-10.6,-24.242,-9.8,0.0,0.0,0.0,-40.0,-18.18,0.0,-13.64,0.0,20.0
2011-06-30,-10.6,-23.529,-10.91,-10.0,0.0,0.0,-27.27,-8.33,20.0,-18.18,0.0,20.0
2011-07-01,-6.3,-12.5,-13.11,-10.0,-10.0,0.0,-23.08,10.0,21.43,-21.74,0.0,0.0
2011-07-04,-8.3,-12.5,-15.0,-10.0,-10.0,-18.18,-23.08,10.0,21.43,-20.83,0.0,0.0
2011-07-05,-7.6,-12.121,-21.31,-10.0,-10.0,-18.18,-9.09,10.0,21.43,-20.0,0.0,0.0
2011-07-06,-6.7,-12.121,-19.67,-10.0,-10.0,-16.67,-9.09,18.18,20.0,-12.0,0.0,0.0
2011-07-07,-7.1,-12.121,-18.33,-10.0,-25.0,-16.67,9.09,18.18,14.29,-12.0,0.0,0.0
2011-07-08,-5.0,-11.765,-12.28,-10.0,-11.11,-16.67,9.09,15.38,20.0,-12.5,0.0,0.0
2011-07-11,-3.3,-12.5,-10.34,0.0,-25.0,-9.09,9.09,15.38,23.08,-12.0,0.0,0.0
2011-07-12,-3.0,-12.5,-7.41,0.0,-25.0,-10.0,22.22,15.38,16.67,-12.0,0.0,20.0
2011-07-13,1.0,-6.667,-2.0,0.0,-14.29,-22.22,12.5,15.38,23.08,-12.5,33.33,0.0
2011-07-14,1.6,-3.333,-2.0,0.0,-14.29,-22.22,12.5,15.38,23.08,-13.04,50.0,0.0
2011-07-15,0.8,-6.667,-2.22,0.0,-14.29,-22.22,12.5,14.29,23.08,-13.64,50.0,0.0
2011-07-18,1.2,-7.407,-2.22,0.0,-14.29,-22.22,12.5,23.08,23.08,-13.64,50.0,0.0
2011-07-19,1.7,-3.571,-4.55,0.0,-14.29,-37.5,0.0,23.08,23.08,-14.29,50.0,0.0
2011-07-20,2.0,-6.897,-2.44,0.0,-14.29,-33.33,16.67,30.77,27.27,-14.29,50.0,-33.33
2011-07-21,2.8,-3.226,-2.5,0.0,-14.29,-33.33,16.67,30.77,25.0,-13.64,50.0,-33.33
2011-07-22,3.1,-3.226,-2.33,0.0,0.0,-33.33,16.67,30.77,25.0,-9.52,50.0,-33.33
2011-07-25,4.6,0.0,-4.65,0.0,0.0,-33.33,16.67,30.77,36.36,-4.76,50.0,-33.33
2011-07-26,5.7,3.03,-4.55,0.0,0.0,-33.33,16.67,30.77,40.0,-4.76,50.0,-33.33
2011-07-27,4.2,-3.03,-6.67,0.0,0.0,-33.33,16.67,33.33,45.45,-5.0,50.0,-25.0
2011-07-28,1.3,-3.03,-13.73,0.0,0.0,-42.86,16.67,33.33,30.77,-4.76,33.33,-25.0
2011-07-29,1.1,-3.125,-11.54,0.0,0.0,-42.86,14.29,25.0,28.57,0.0,33.33,-25.0
2011-08-01,-0.4,-6.25,-14.04,9.09,-11.11,-50.0,14.29,25.0,28.57,-4.0,33.33,-25.0
2011-08-02,0.1,-8.824,-12.5,9.09,-11.11,-55.56,12.5,40.0,38.46,-8.0,33.33,-20.0
2011-08-03,0.5,-8.571,-11.67,9.09,-28.57,-55.56,28.57,40.0,38.46,-3.85,20.0,-20.0
2011-08-04,0.9,-8.333,-10.0,9.09,-28.57,-55.56,37.5,40.0,38.46,0.0,20.0,-20.0
2011-08-05,-0.1,-8.333,-13.56,9.09,-28.57,-55.56,37.5,46.15,38.46,0.0,20.0,-20.0
2011-08-08,0.6,-8.824,-13.56,9.09,-28.57,-50.0,22.22,46.15,38.46,3.85,20.0,-16.67
2011-08-09,0.1,-12.5,-13.56,11.76,-16.67,-50.0,22.22,50.0,38.46,0.0,20.0,-16.67
2011-08-10,0.2,-9.677,-18.52,11.76,-16.67,-36.36,25.0,50.0,42.86,-4.35,25.0,-20.0
2011-08-11,1.7,-9.375,-18.0,18.75,-16.67,-36.36,14.29,46.15,40.0,-4.55,25.0,-20.0
2011-08-12,-2.0,-15.625,-17.78,5.56,0.0,-36.36,16.67,46.15,36.36,0.0,25.0,0.0
2011-08-15,-3.0,-20.0,-17.78,5.56,-16.67,-22.22,16.67,46.15,36.36,0.0,25.0,0.0
2011-08-16,-0.3,-15.625,-7.69,5.56,-16.67,-22.22,16.67,42.86,36.36,0.0,25.0,0.0
2011-08-17,-2.4,-16.129,-10.53,5.56,-16.67,-28.57,16.67,38.46,40.0,-15.0,25.0,0.0
2011-08-18,-2.2,-17.647,-10.53,5.56,-16.67,-28.57,0.0,42.86,40.0,-20.0,25.0,0.0
2011-08-19,-5.3,-18.182,-17.14,5.56,-50.0,-28.57,0.0,50.0,30.0,-20.0,25.0,0.0
2011-08-22,-5.7,-12.903,-20.59,0.0,-50.0,-33.33,0.0,45.45,30.0,-21.05,25.0,0.0
2011-08-23,-5.7,-12.121,-22.86,0.0,-50.0,-33.33,0.0,38.46,30.0,-9.52,25.0,0.0
2011-08-24,-6.4,-8.824,-27.03,0.0,-50.0,-33.33,0.0,38.46,22.22,-5.26,0.0,0.0
2011-08-25,-5.9,-8.571,-26.32,0.0,-66.67,-33.33,0.0,38.46,22.22,-5.0,0.0,0.0
2011-08-26,-5.5,-9.091,-25.64,0.0,-66.67,-33.33,0.0,41.67,22.22,-5.0,0.0,-25.0
2011-08-29,-7.5,-9.091,-25.64,0.0,-66.67,-33.33,0.0,41.67,22.22,-5.0,0.0,-25.0
2011-08-30,-9.9,-8.824,-31.11,0.0,-71.43,-25.0,0.0,41.67,0.0,0.0,0.0,-25.0
2011-08-31,-8.0,-8.824,-29.17,0.0,-71.43,-20.0,0.0,41.67,7.69,0.0,0.0,-25.0
2011-09-01,-6.3,-2.778,-31.48,0.0,-62.5,-20.0,0.0,41.67,8.33,-4.17,0.0,-16.67
2011-09-02,-8.8,-11.429,-32.0,0.0,-62.5,-20.0,8.33,40.0,8.33,-4.0,0.0,-16.67
2011-09-05,-9.6,-11.429,-25.45,0.0,-62.5,-18.18,8.33,40.0,8.33,-8.0,0.0,-16.67
2011-09-06,-7.8,-8.333,-28.57,0.0,-62.5,-8.33,8.33,40.0,8.33,-8.0,0.0,-16.67
2011-09-07,-10.8,-11.429,-29.63,0.0,-62.5,-7.14,0.0,40.0,-8.33,-7.69,0.0,-20.0
2011-09-08,-8.5,-6.25,-27.45,0.0,-83.33,0.0,0.0,36.36,0.0,-4.17,0.0,-16.67
2011-09-09,-8.9,-6.25,-27.45,0.0,-50.0,0.0,0.0,15.38,0.0,-9.52,0.0,-16.67
2011-09-12,-10.1,-6.25,-27.66,-11.76,-42.86,8.33,0.0,15.38,0.0,-4.76,0.0,-16.67
2011-09-13,-8.5,-3.333,-27.66,-11.76,-42.86,18.18,0.0,15.38,0.0,-5.0,0.0,-20.0
2011-09-14,-9.5,0.0,-35.71,-11.76,-42.86,18.18,0.0,15.38,0.0,-4.76,0.0,-20.0
2011-09-15,-9.3,3.333,-39.02,-11.76,-42.86,18.18,-10.0,21.43,0.0,-4.55,0.0,-20.0
2011-09-16,-8.2,6.897,-37.5,-11.76,-42.86,18.18,-10.0,9.09,0.0,-4.76,0.0,-20.0
2011-09-19,-9.0,6.897,-37.5,-11.76,-42.86,20.0,0.0,9.09,-10.0,-10.0,0.0,-25.0
2011-09-20,-12.1,3.448,-41.03,-27.27,-37.5,20.0,0.0,0.0,-10.0,-5.26,0.0,-25.0
2011-09-21,-12.4,6.667,-39.47,-27.27,-37.5,12.5,10.0,0.0,-20.0,-5.26,-100.0,-25.0
2011-09-22,-11.3,9.375,-38.46,-27.27,-37.5,12.5,10.0,0.0,-20.0,-5.0,-100.0,-25.0
2011-09-23,-9.3,9.677,-35.9,-11.11,-37.5,12.5,11.11,0.0,-22.22,0.0,-100.0,-25.0
2011-09-26,-7.2,13.333,-30.95,-11.11,-28.57,12.5,11.11,0.0,-22.22,0.0,-100.0,-25.0
2011-09-27,-6.1,12.903,-27.27,-11.11,-28.57,12.5,11.11,0.0,-22.22,0.0,-100.0,-25.0
2011-09-28,-6.7,12.903,-30.43,-11.11,-22.22,12.5,11.11,0.0,-30.0,10.0,-100.0,-25.0
2011-09-29,-7.5,12.121,-32.69,-11.11,-20.0,11.11,10.0,-9.09,-25.0,17.39,0.0,-25.0
2011-09-30,-6.7,9.677,-32.73,-10.0,-20.0,11.11,25.0,-8.33,-16.67,17.39,0.0,-20.0
2011-10-03,-3.5,12.121,-27.12,-10.0,-18.18,20.0,23.08,-8.33,-15.38,20.83,0.0,-33.33
2011-10-04,-4.1,11.765,-25.86,-10.0,-18.18,18.18,27.27,-10.0,-15.38,8.7,0.0,-33.33
2011-10-05,-4.0,11.765,-26.23,-10.0,-18.18,18.18,30.0,-10.0,-15.38,8.0,0.0,-33.33
2011-10-06,-5.3,8.824,-27.87,-10.0,0.0,18.18,30.0,-18.18,-15.38,4.0,0.0,-33.33
2011-10-07,-5.2,8.824,-28.33,-10.0,0.0,18.18,36.36,0.0,-15.38,4.0,0.0,-16.67
2011-10-10,-3.3,8.824,-20.63,-10.0,0.0,20.0,36.36,0.0,0.0,3.85,0.0,-16.67
2011-10-11,0.6,9.677,-17.54,-10.0,0.0,20.0,36.36,7.14,8.33,0.0,0.0,-16.67
2011-10-12,0.7,13.333,-16.36,-8.33,0.0,10.0,40.0,0.0,0.0,0.0,0.0,-16.67
2011-10-13,0.2,10.0,-12.24,-8.33,0.0,10.0,50.0,0.0,0.0,4.17,0.0,-25.0
2011-10-14,-2.9,3.226,-12.24,-21.43,0.0,10.0,42.86,7.14,0.0,4.35,0.0,-25.0
2011-10-17,-1.1,10.0,-18.6,-16.67,0.0,11.11,42.86,7.14,0.0,9.09,0.0,-25.0
2011-10-18,0.1,10.0,-14.29,-16.67,0.0,0.0,42.86,7.14,0.0,9.09,0.0,-25.0
2011-10-19,2.0,10.0,-14.29,-16.67,0.0,0.0,66.67,7.14,8.33,15.0,0.0,-25.0
2011-10-20,4.2,11.765,-10.26,-16.67,0.0,0.0,66.67,7.14,9.09,19.05,0.0,-33.33
2011-10-21,4.2,12.121,-12.2,-25.0,-16.67,0.0,66.67,36.36,9.09,19.05,0.0,-33.33
2011-10-24,6.0,12.121,-7.32,-20.0,-16.67,0.0,66.67,36.36,9.09,20.0,0.0,-33.33
2011-10-25,4.5,8.824,-9.3,-20.0,-16.67,0.0,66.67,30.77,9.09,14.29,0.0,-33.33
2011-10-26,3.5,8.333,-6.98,-20.0,-16.67,0.0,66.67,30.77,0.0,5.0,0.0,-33.33
2011-10-27,6.1,8.333,0.0,-20.0,-16.67,0.0,66.67,25.0,15.38,0.0,0.0,-33.33
2011-10-28,4.6,2.778,0.0,-20.0,-22.22,0.0,71.43,25.0,15.38,0.0,0.0,-50.0
2011-10-31,2.7,2.857,-1.96,-27.27,-22.22,14.29,50.0,30.77,7.14,0.0,-33.33,-50.0
2011-11-01,1.7,0.0,-2.0,-27.27,-11.11,0.0,33.33,33.33,7.14,0.0,-33.33,-40.0
2011-11-02,0.6,0.0,-7.27,-27.27,-11.11,0.0,22.22,33.33,7.69,3.85,-50.0,-40.0
2011-11-03,0.7,0.0,-7.41,-27.27,-11.11,0.0,22.22,40.0,7.69,3.85,-50.0,-40.0
2011-11-04,-2.1,0.0,-16.95,-27.27,-11.11,0.0,20.0,7.69,7.69,0.0,-50.0,-40.0
2011-11-07,-2.7,0.0,-21.05,-27.27,-11.11,0.0,27.27,7.69,7.69,3.7,-50.0,-33.33
2011-11-08,-2.7,0.0,-21.05,-27.27,-11.11,0.0,27.27,14.29,7.69,3.7,-50.0,-33.33
2011-11-09,-0.5,0.0,-18.18,-17.65,0.0,-8.33,27.27,14.29,14.29,3.7,-50.0,-33.33
2011-11-10,-0.4,0.0,-17.65,-17.65,0.0,-9.09,30.0,14.29,16.67,-4.35,-100.0,-33.33
2011-11-11,-4.9,2.703,-16.67,-11.11,0.0,-9.09,12.5,15.38,9.09,-4.35,-100.0,-40.0
2011-11-14,0.8,5.882,-20.0,-11.11,0.0,-20.0,14.29,15.38,18.18,-9.09,-100.0,-25.0
2011-11-15,0.8,3.03,-19.57,-11.11,0.0,-22.22,14.29,21.43,18.18,-4.76,-100.0,-25.0
2011-11-16,3.2,6.061,-12.5,-11.11,0.0,-22.22,14.29,21.43,18.18,-4.76,-100.0,-25.0
2011-11-17,3.4,2.857,-10.26,-11.11,0.0,-22.22,14.29,30.77,18.18,4.76,-100.0,-25.0
2011-11-18,3.1,5.714,-10.26,-11.11,0.0,-22.22,0.0,18.18,18.18,4.76,-100.0,-33.33
2011-11-21,0.6,5.882,-20.0,-11.11,20.0,-22.22,0.0,16.67,16.67,5.0,-100.0,-33.33
2011-11-22,-0.6,2.778,-20.0,-11.11,20.0,-25.0,12.5,15.38,10.0,5.26,-100.0,-33.33
2011-11-23,-1.6,2.5,-25.0,-13.33,20.0,-16.67,0.0,15.38,10.0,11.11,-100.0,-33.33
2011-11-24,-4.3,2.5,-15.0,-13.33,0.0,-16.67,0.0,15.38,10.0,10.0,-100.0,-33.33
2011-11-25,1.5,2.564,-15.0,0.0,0.0,-16.67,0.0,8.33,10.0,10.0,-100.0,-33.33
2011-11-28,3.7,5.405,-11.63,0.0,0.0,-16.67,0.0,8.33,16.67,4.76,-100.0,-33.33
2011-11-29,3.6,8.108,-14.89,0.0,11.11,-12.5,0.0,8.33,16.67,16.0,-100.0,-33.33
2011-11-30,1.5,10.526,-14.0,-10.0,11.11,-20.0,0.0,0.0,16.67,16.0,-100.0,-50.0
2011-12-01,0.2,7.5,-12.73,-10.0,0.0,-20.0,-8.33,0.0,16.67,12.0,-100.0,-50.0
2011-12-02,-1.3,5.263,-13.46,-10.0,0.0,-20.0,-7.69,-14.29,16.67,11.54,-100.0,-50.0
2011-12-05,-1.2,7.895,-14.04,-10.0,0.0,-20.0,-7.69,-14.29,16.67,14.81,-100.0,-50.0
2011-12-06,-0.3,7.895,-10.53,-10.0,0.0,-9.09,-7.69,-7.69,16.67,14.81,-100.0,-50.0
2011-12-07,-0.7,7.895,-12.28,-10.0,0.0,-7.69,-7.14,-7.69,16.67,14.81,-100.0,-42.86
2011-12-08,-2.9,8.108,-19.23,-10.0,0.0,-7.69,-7.14,-14.29,9.09,20.0,-100.0,-42.86
2011-12-09,0.1,17.143,-20.0,-6.25,25.0,-7.69,-15.38,-14.29,9.09,20.0,-100.0,-33.33
2011-12-12,2.4,17.143,-18.87,0.0,25.0,-15.38,-8.33,-23.08,20.0,25.0,-100.0,-33.33
2011-12-13,2.5,18.182,-18.52,0.0,14.29,-8.33,0.0,-23.08,27.27,27.27,-100.0,-40.0
2011-12-14,2.8,18.182,-14.0,0.0,14.29,-9.09,0.0,-21.43,16.67,26.09,0.0,-40.0
2011-12-15,3.3,18.182,-14.0,0.0,14.29,-9.09,0.0,-21.43,16.67,25.0,0.0,-40.0
2011-12-16,6.8,18.182,-2.22,0.0,14.29,-9.09,0.0,0.0,16.67,25.0,0.0,-40.0
2011-12-19,7.2,19.355,0.0,0.0,14.29,-9.09,-12.5,8.33,15.38,22.73,0.0,-50.0
2011-12-20,8.2,21.875,0.0,0.0,14.29,-10.0,-12.5,0.0,15.38,26.09,0.0,-50.0
2011-12-21,8.2,18.182,0.0,0.0,12.5,0.0,-11.11,15.38,18.18,26.09,100.0,-50.0
2011-12-22,11.1,23.529,4.65,0.0,12.5,0.0,-10.0,15.38,18.18,29.17,100.0,-50.0
2011-12-23,7.4,20.0,0.0,-11.11,12.5,0.0,-10.0,7.14,18.18,23.08,100.0,-50.0
2011-12-26,6.2,20.0,0.0,-11.11,12.5,0.0,-10.0,7.14,18.18,23.08,100.0,-50.0
2011-12-27,5.8,20.0,0.0,-11.11,12.5,0.0,-10.0,7.14,18.18,23.08,100.0,-50.0
2011-12-28,5.8,22.857,-2.33,-11.11,22.22,0.0,-10.0,0.0,0.0,25.0,100.0,-60.0
2011-12-29,5.6,24.242,-4.44,-11.11,22.22,0.0,-10.0,0.0,0.0,21.74,100.0,-60.0
2011-12-30,6.4,24.242,-4.44,-11.11,22.22,0.0,-10.0,0.0,0.0,20.83,100.0,-60.0
2012-01-02,8.7,24.242,-4.44,0.0,22.22,0.0,-10.0,0.0,0.0,20.83,100.0,-60.0
2012-01-03,8.6,18.75,4.0,0.0,20.0,0.0,-33.33,-10.0,0.0,24.0,100.0,-33.33
2012-01-04,9.8,18.182,11.32,0.0,20.0,0.0,-25.0,-10.0,0.0,22.22,100.0,-33.33
2012-01-05,8.0,15.625,3.85,0.0,37.5,0.0,-25.0,-10.0,0.0,26.92,100.0,-33.33
2012-01-06,7.8,17.647,1.67,0.0,37.5,0.0,-20.0,-16.67,0.0,26.92,100.0,-33.33
2012-01-09,8.3,17.647,1.69,13.33,42.86,0.0,-27.27,-15.38,-10.0,30.77,0.0,-28.57
2012-01-10,9.6,18.182,7.27,13.33,14.29,0.0,-30.0,-7.14,-10.0,22.73,0.0,-28.57
2012-01-11,10.7,15.625,7.69,21.43,14.29,14.29,-33.33,0.0,-11.11,22.73,0.0,-16.67
2012-01-12,9.5,9.091,8.16,21.43,33.33,14.29,-25.0,0.0,-11.11,22.73,0.0,0.0
2012-01-13,11.9,15.625,8.16,21.43,33.33,14.29,-28.57,18.18,-11.11,23.81,0.0,0.0
2012-01-16,11.9,15.625,9.3,16.67,33.33,12.5,-28.57,18.18,0.0,20.0,0.0,0.0
2012-01-17,13.3,21.429,9.52,16.67,33.33,0.0,-28.57,10.0,-9.09,26.32,0.0,0.0
2012-01-18,13.7,20.69,12.2,16.67,33.33,-28.57,-33.33,10.0,0.0,25.0,0.0,0.0
2012-01-19,13.8,21.875,12.5,16.67,33.33,-28.57,-33.33,30.0,-10.0,25.0,0.0,0.0
2012-01-20,14.9,21.875,16.22,25.0,20.0,-28.57,-33.33,18.18,-10.0,23.81,0.0,0.0
2012-01-23,14.6,24.138,13.16,25.0,20.0,-33.33,-33.33,18.18,-10.0,20.0,0.0,0.0
2012-01-24,13.1,24.138,13.16,25.0,20.0,-33.33,-33.33,15.38,-22.22,20.0,0.0,0.0
2012-01-25,15.2,24.138,15.38,30.0,20.0,-33.33,-33.33,16.67,-12.5,23.81,0.0,0.0
2012-01-26,13.9,18.182,14.63,30.0,14.29,-33.33,-33.33,16.67,-11.11,20.0,0.0,0.0
2012-01-27,12.9,16.667,12.2,30.0,25.0,-33.33,-33.33,16.67,-11.11,20.0,0.0,0.0
2012-01-30,12.2,18.182,12.77,30.0,25.0,-28.57,-33.33,9.09,-20.0,23.81,-33.33,0.0
2012-01-31,10.3,11.429,10.64,36.36,25.0,-28.57,-12.5,0.0,-27.27,19.05,-33.33,0.0
2012-02-01,10.6,8.333,15.69,36.36,28.57,-25.0,-11.11,-20.0,-27.27,21.74,-100.0,-20.0
2012-02-02,10.8,11.111,15.69,36.36,28.57,-25.0,-11.11,-20.0,-27.27,17.39,-100.0,-20.0
2012-02-03,11.8,10.811,18.18,36.36,28.57,-25.0,-11.11,-27.27,-27.27,27.27,-100.0,-20.0
2012-02-06,10.7,9.091,17.86,36.36,28.57,-22.22,-11.11,-27.27,-27.27,26.09,-100.0,-20.0
2012-02-07,11.3,9.091,17.86,36.36,28.57,-22.22,-10.0,-16.67,-28.57,26.09,-100.0,-20.0
2012-02-08,9.0,6.25,13.79,36.36,16.67,-22.22,-10.0,-15.38,-33.33,26.09,-25.0,0.0
2012-02-09,8.9,6.061,16.07,28.57,16.67,-25.0,-10.0,-15.38,-33.33,29.17,-25.0,0.0
2012-02-10,5.5,0.0,15.52,12.5,28.57,-25.0,-10.0,-15.38,-33.33,30.43,-25.0,0.0
2012-02-13,1.9,0.0,11.11,6.67,33.33,-22.22,-10.0,-15.38,-40.0,29.17,-25.0,0.0
2012-02-14,1.1,-2.941,10.91,6.67,33.33,-22.22,0.0,-15.38,-40.0,26.09,-25.0,-25.0
2012-02-15,-1.0,-6.061,6.0,6.67,33.33,-18.18,0.0,-15.38,-40.0,22.73,-25.0,-25.0
2012-02-16,-0.6,-5.714,8.51,6.67,33.33,-18.18,0.0,-21.43,-40.0,19.05,-25.0,-25.0
2012-02-17,-0.7,-8.824,12.82,6.67,33.33,-18.18,0.0,-16.67,-40.0,22.73,-25.0,-25.0
2012-02-20,-5.9,-8.824,10.53,-10.0,33.33,-22.22,12.5,-18.18,-36.36,23.81,0.0,-33.33
2012-02-21,-4.2,-12.5,8.11,-10.0,60.0,-22.22,12.5,-23.08,-36.36,23.81,0.0,-33.33
2012-02-22,-3.5,-12.121,10.53,-10.0,60.0,-22.22,22.22,-23.08,-36.36,23.81,0.0,-33.33
2012-02-23,-1.4,-9.375,15.38,-10.0,28.57,-22.22,22.22,-23.08,-36.36,31.82,0.0,-33.33
2012-02-24,-3.5,-16.129,15.0,-10.0,28.57,-22.22,22.22,-23.08,-36.36,30.43,0.0,-33.33
2012-02-27,-3.8,-15.625,16.67,-16.67,28.57,-25.0,22.22,-23.08,-36.36,30.43,0.0,-33.33
2012-02-28,-2.7,-14.706,14.89,-16.67,25.0,-20.0,22.22,-23.08,-30.0,28.0,0.0,-33.33
2012-02-29,-1.3,-11.765,12.5,-14.29,11.11,-10.0,30.0,-23.08,-27.27,40.0,0.0,-25.0
2012-03-01,-5.9,-20.0,9.26,-14.29,10.0,-10.0,33.33,-33.33,-41.67,40.74,0.0,0.0
2012-03-02,-6.0,-20.588,7.27,-14.29,10.0,-10.0,33.33,-16.67,-41.67,44.44,0.0,0.0
2012-03-05,-5.7,-16.667,5.0,-14.29,10.0,-10.0,33.33,-16.67,-41.67,39.29,0.0,0.0
2012-03-06,-5.3,-16.667,6.67,-14.29,10.0,-18.18,33.33,-9.09,-41.67,34.48,0.0,0.0
2012-03-07,-6.7,-16.667,3.39,-14.29,10.0,-23.08,38.46,-16.67,-38.46,30.77,0.0,0.0
2012-03-08,-6.7,-15.152,5.17,-14.29,12.5,-23.08,38.46,-15.38,-38.46,36.0,0.0,0.0
2012-03-09,-6.4,-11.765,4.92,-20.0,12.5,-23.08,38.46,-13.33,-38.46,34.62,0.0,0.0
2012-03-12,-7.4,-15.625,3.64,-20.0,12.5,-23.08,38.46,-13.33,-33.33,30.77,33.33,0.0
2012-03-13,-5.9,-9.677,5.66,-28.57,12.5,-23.08,36.36,-7.14,-27.27,33.33,33.33,0.0
2012-03-14,-9.5,-10.345,-2.0,-28.57,0.0,-25.0,44.44,-7.14,-33.33,29.17,33.33,20.0
2012-03-15,-9.5,-10.0,-2.0,-28.57,0.0,-25.0,50.0,-7.14,-33.33,30.43,33.33,20.0
2012-03-16,-13.6,-24.138,-2.27,-28.57,0.0,-25.0,50.0,0.0,-33.33,27.27,33.33,20.0
2012-03-19,-13.9,-24.138,-2.33,-28.57,0.0,-27.27,50.0,-7.14,-33.33,28.57,33.33,20.0
2012-03-20,-13.9,-23.333,-2.33,-28.57,0.0,-27.27,57.14,-15.38,-33.33,27.27,33.33,20.0
2012-03-21,-13.2,-22.581,2.44,-28.57,0.0,-27.27,62.5,-16.67,-36.36,27.27,-50.0,25.0
2012-03-22,-13.7,-18.75,2.38,-36.36,0.0,-27.27,62.5,-28.57,-36.36,22.73,-50.0,25.0
2012-03-23,-10.1,-12.903,4.88,-22.22,-16.67,-27.27,62.5,-28.57,-36.36,17.39,-50.0,25.0
2012-03-26,-8.6,-12.903,6.82,-22.22,-16.67,-30.0,62.5,-28.57,-30.0,18.18,-50.0,25.0
2012-03-27,-8.2,-9.677,4.65,-22.22,-16.67,-30.0,62.5,-28.57,-30.0,17.39,-50.0,25.0
2012-03-28,-5.6,-6.452,6.52,-22.22,12.5,-37.5,62.5,-28.57,-18.18,13.64,-50.0,25.0
2012-03-29,-4.8,-6.897,5.77,-22.22,22.22,-33.33,71.43,-23.08,0.0,0.0,-66.67,25.0
2012-03-30,-3.7,-6.452,3.77,-22.22,22.22,-33.33,75.0,-21.43,7.14,-3.85,-66.67,20.0
2012-04-02,-5.0,-5.882,-3.45,-10.0,10.0,-36.36,66.67,-21.43,0.0,0.0,-66.67,33.33
2012-04-03,-4.7,-5.714,-3.45,-10.0,10.0,-36.36,66.67,-27.27,0.0,3.57,-66.67,33.33
2012-04-04,-4.4,-5.714,-3.13,-10.0,10.0,-36.36,62.5,-27.27,0.0,10.0,-66.67,33.33
2012-04-05,-4.9,-5.556,-6.56,-10.0,25.0,-36.36,62.5,0.0,0.0,0.0,-66.67,33.33
2012-04-06,-4.9,-5.556,-6.56,-10.0,25.0,-36.36,62.5,0.0,0.0,0.0,-66.67,33.33
2012-04-09,-5.1,-5.556,-6.56,0.0,25.0,-36.36,62.5,0.0,0.0,0.0,-66.67,33.33
2012-04-10,-4.5,-8.571,-7.27,0.0,12.5,-30.0,62.5,0.0,6.67,0.0,-100.0,28.57
2012-04-11,-3.8,-11.765,-5.56,0.0,28.57,-20.0,57.14,6.25,7.14,-8.0,-100.0,33.33
2012-04-12,0.6,-6.667,-2.04,5.88,33.33,-20.0,60.0,6.25,25.0,-13.04,-100.0,25.0
2012-04-13,0.8,-6.25,0.0,5.88,33.33,-20.0,60.0,0.0,25.0,-18.18,-100.0,25.0
2012-04-16,1.8,-6.452,4.65,5.88,33.33,-20.0,60.0,0.0,25.0,-14.29,-100.0,25.0
2012-04-17,-0.4,-12.121,4.65,5.88,33.33,-11.11,60.0,-6.67,15.38,-10.0,-100.0,25.0
2012-04-18,2.0,-12.121,7.14,5.88,33.33,0.0,50.0,0.0,16.67,-4.55,-100.0,33.33
2012-04-19,1.9,-11.111,4.88,5.88,33.33,0.0,50.0,0.0,18.18,-4.55,-100.0,33.33
2012-04-20,5.7,-11.765,7.69,33.33,20.0,0.0,50.0,0.0,18.18,0.0,-100.0,33.33
2012-04-23,6.4,-11.765,4.88,33.33,20.0,0.0,50.0,8.33,20.0,0.0,-100.0,33.33
2012-04-24,6.8,-11.429,2.5,33.33,20.0,0.0,50.0,7.14,20.0,0.0,-100.0,33.33
2012-04-25,8.5,-13.889,5.13,33.33,20.0,0.0,50.0,7.14,33.33,-4.76,-100.0,33.33
2012-04-26,3.3,-14.286,-8.89,33.33,28.57,0.0,20.0,7.14,15.38,-8.33,-100.0,33.33
2012-04-27,4.6,-9.091,-8.7,33.33,25.0,0.0,33.33,15.38,7.14,-8.33,-100.0,50.0
2012-04-30,3.4,-11.429,-6.25,30.0,25.0,0.0,33.33,15.38,7.14,-8.33,-33.33,50.0
2012-05-01,3.5,-11.429,-6.25,30.0,25.0,0.0,33.33,15.38,7.14,-8.33,-33.33,50.0
2012-05-02,2.2,-8.108,-14.81,30.0,22.22,0.0,0.0,15.38,15.38,-7.41,-25.0,20.0
2012-05-03,0.5,-13.514,-15.09,30.0,22.22,0.0,0.0,36.36,15.38,-10.71,-25.0,20.0
2012-05-04,-0.9,-13.158,-20.69,30.0,22.22,0.0,0.0,25.0,15.38,-10.71,-25.0,20.0
2012-05-07,-1.1,-13.158,-20.69,30.0,22.22,0.0,0.0,25.0,15.38,-10.71,-25.0,20.0
2012-05-08,-1.0,-13.514,-21.82,30.0,22.22,22.22,-12.5,35.71,15.38,-14.29,-25.0,16.67
2012-05-09,-3.4,-13.889,-22.22,23.08,0.0,18.18,-12.5,35.71,8.33,-11.11,-25.0,16.67
2012-05-10,-5.6,-13.889,-24.0,23.08,-28.57,20.0,-14.29,35.71,-10.0,4.35,0.0,16.67
2012-05-11,-7.9,-8.571,-22.45,0.0,-28.57,20.0,-33.33,40.0,-22.22,4.35,0.0,20.0
2012-05-14,-5.6,-9.091,-18.18,-5.88,-16.67,44.44,-40.0,40.0,-12.5,0.0,0.0,0.0
2012-05-15,-7.1,-9.091,-20.0,-5.88,-16.67,44.44,-40.0,40.0,-20.0,-4.76,0.0,0.0
2012-05-16,-7.4,-5.882,-26.32,-5.88,-16.67,44.44,-40.0,43.75,-20.0,-4.76,0.0,0.0
2012-05-17,-10.2,-11.429,-26.32,-5.88,-16.67,44.44,-40.0,30.77,-27.27,0.0,0.0,0.0
2012-05-18,-9.8,-9.091,-26.32,-5.88,-16.67,44.44,-40.0,30.77,-27.27,0.0,0.0,0.0
2012-05-21,-11.1,-9.091,-26.32,-14.29,-16.67,44.44,-40.0,30.77,-36.36,0.0,0.0,0.0
2012-05-22,-14.3,-8.824,-34.29,-14.29,0.0,37.5,0.0,30.77,-50.0,0.0,0.0,0.0
2012-05-23,-16.0,-8.571,-36.11,-14.29,0.0,50.0,0.0,14.29,-50.0,-4.76,0.0,0.0
2012-05-24,-19.8,-8.824,-41.03,-33.33,0.0,50.0,0.0,14.29,-50.0,-4.35,0.0,0.0
2012-05-25,-20.1,-8.824,-41.03,-33.33,0.0,50.0,0.0,14.29,-50.0,-4.35,0.0,0.0
2012-05-28,-22.7,-8.824,-42.5,-33.33,0.0,50.0,0.0,14.29,-46.15,-4.35,0.0,0.0
2012-05-29,-20.1,-9.375,-46.15,-33.33,25.0,42.86,12.5,15.38,-41.67,0.0,0.0,0.0
2012-05-30,-20.9,-9.375,-48.89,-33.33,33.33,20.0,12.5,15.38,-41.67,0.0,0.0,25.0
2012-05-31,-20.4,-13.333,-44.68,-40.0,33.33,20.0,30.0,15.38,-30.77,0.0,0.0,40.0
2012-06-01,-23.7,-19.444,-47.06,-40.0,30.0,20.0,27.27,7.14,-30.77,-7.69,0.0,16.67
2012-06-04,-25.0,-19.444,-47.06,-40.0,30.0,20.0,27.27,7.14,-30.77,-7.69,0.0,16.67
2012-06-05,-24.8,-19.444,-47.06,-40.0,30.0,20.0,27.27,7.14,-30.77,-7.69,0.0,16.67
2012-06-06,-23.6,-20.0,-40.35,-40.0,30.0,30.77,27.27,0.0,-30.77,-4.0,0.0,16.67
2012-06-07,-20.1,-20.0,-32.69,-40.0,25.0,28.57,45.45,7.69,-20.0,4.17,0.0,0.0
2012-06-08,-21.0,-20.588,-35.19,-40.0,25.0,28.57,27.27,6.25,-20.0,4.17,0.0,-16.67
2012-06-11,-15.5,-19.355,-35.85,-5.88,25.0,30.77,27.27,13.33,-9.09,4.0,-33.33,-16.67
2012-06-12,-15.7,-24.138,-35.19,-5.88,25.0,30.77,27.27,13.33,0.0,4.0,-33.33,-16.67
2012-06-13,-14.3,-24.138,-26.53,-5.88,28.57,30.77,40.0,13.33,0.0,0.0,0.0,0.0
2012-06-14,-13.4,-21.429,-26.53,-5.88,28.57,30.77,40.0,13.33,-7.69,5.0,0.0,0.0
2012-06-15,-14.7,-31.034,-23.26,-5.88,28.57,30.77,44.44,13.33,-7.69,10.53,0.0,0.0
2012-06-18,-15.8,-31.034,-26.19,-5.88,28.57,18.18,44.44,7.14,-7.69,16.67,0.0,0.0
2012-06-19,-15.6,-30.0,-27.27,-5.88,28.57,18.18,62.5,7.14,-7.69,16.67,0.0,0.0
2012-06-20,-16.1,-30.0,-30.95,-7.14,11.11,22.22,62.5,7.14,-7.14,10.0,50.0,0.0
2012-06-21,0.0,-30.0,-32.5,-7.14,25.0,22.22,62.5,-6.25,-7.14,9.52,50.0,0.0
2012-06-22,-13.6,-32.258,-30.23,22.22,25.0,22.22,62.5,-14.29,-7.14,9.52,50.0,0.0
2012-06-25,-12.8,-31.25,-28.57,22.22,25.0,12.5,62.5,-14.29,-7.14,9.52,50.0,0.0
2012-06-26,-11.3,-31.25,-26.19,22.22,25.0,12.5,62.5,-14.29,0.0,9.52,50.0,0.0
2012-06-27,-12.6,-35.484,-23.26,22.22,25.0,12.5,55.56,-23.08,0.0,0.0,50.0,0.0
2012-06-28,-10.1,-30.0,-26.53,22.22,22.22,11.11,40.0,-25.0,21.43,-4.17,0.0,0.0
2012-06-29,-10.0,-30.303,-23.08,22.22,22.22,11.11,45.45,-15.38,20.0,-4.0,0.0,20.0
2012-07-02,-7.7,-31.429,-19.3,20.0,20.0,20.0,30.77,-15.38,26.67,0.0,0.0,33.33
2012-07-03,-7.2,-28.571,-19.3,20.0,20.0,18.18,18.18,-15.38,26.67,-6.9,0.0,33.33
2012-07-04,-4.9,-28.571,-11.29,20.0,20.0,18.18,18.18,-9.09,26.67,-7.14,0.0,33.33
2012-07-05,-4.5,-29.412,-8.47,20.0,20.0,18.18,18.18,-9.09,26.67,-3.7,0.0,33.33
2012-07-06,-2.7,-25.0,-8.62,20.0,20.0,18.18,16.67,0.0,26.67,-3.7,0.0,33.33
2012-07-09,-2.7,-25.0,-3.39,15.38,22.22,18.18,16.67,0.0,21.43,-7.14,0.0,42.86
2012-07-10,-2.4,-22.857,-3.28,15.38,12.5,9.09,9.09,6.25,20.0,-7.14,0.0,42.86
2012-07-11,-0.9,-22.857,3.64,15.38,0.0,10.0,9.09,6.25,20.0,-12.0,0.0,33.33
2012-07-12,0.7,-17.647,3.7,16.67,0.0,10.0,-11.11,6.25,14.29,-12.5,0.0,20.0
2012-07-13,4.5,-13.333,10.42,16.67,0.0,10.0,-12.5,13.33,20.0,-8.7,0.0,50.0
2012-07-16,4.3,-13.333,10.42,16.67,0.0,10.0,-12.5,13.33,20.0,-8.7,0.0,50.0
2012-07-17,4.8,-13.333,14.29,16.67,0.0,0.0,-12.5,6.67,20.0,-8.7,0.0,50.0
2012-07-18,4.3,-12.903,12.2,16.67,0.0,-14.29,-12.5,6.67,20.0,-4.17,0.0,50.0
2012-07-19,0.3,-23.529,12.5,16.67,0.0,-16.67,-28.57,6.67,13.33,-8.7,0.0,100.0
2012-07-20,3.0,-23.529,18.92,16.67,0.0,-16.67,-16.67,8.33,21.43,-8.7,0.0,100.0
2012-07-23,0.7,-23.529,16.67,0.0,0.0,-16.67,-16.67,8.33,15.38,-9.09,0.0,100.0
2012-07-24,-1.1,-23.529,13.89,0.0,0.0,-16.67,-16.67,14.29,8.33,-9.09,0.0,100.0
2012-07-25,-2.4,-23.529,7.89,0.0,0.0,-16.67,-16.67,14.29,8.33,-4.17,0.0,100.0
2012-07-26,-0.9,-20.0,10.0,0.0,28.57,-16.67,-16.67,14.29,8.33,-4.17,0.0,100.0
2012-07-27,0.4,-12.5,7.32,0.0,12.5,-16.67,-16.67,23.08,8.33,-4.17,0.0,100.0
2012-07-30,-1.6,-12.5,0.0,0.0,12.5,0.0,-16.67,23.08,7.14,-14.29,0.0,100.0
2012-07-31,-1.4,-8.571,2.13,0.0,12.5,0.0,-16.67,7.69,0.0,-14.29,0.0,100.0
2012-08-01,-2.5,-8.108,1.96,0.0,42.86,0.0,-14.29,7.69,0.0,-17.86,-50.0,100.0
2012-08-02,-2.5,-11.429,1.96,0.0,42.86,0.0,-12.5,27.27,0.0,-18.52,-50.0,100.0
2012-08-03,-0.5,-7.895,5.56,0.0,42.86,0.0,-22.22,27.27,0.0,-17.86,-50.0,100.0
2012-08-06,-0.3,-8.108,5.56,0.0,42.86,0.0,-22.22,27.27,0.0,-17.24,-50.0,100.0
2012-08-07,-0.5,-8.333,5.45,0.0,42.86,0.0,-20.0,30.77,0.0,-13.33,-50.0,83.33
2012-08-08,-2.3,-8.571,3.57,0.0,42.86,-8.33,-22.22,30.77,-6.67,-14.29,-75.0,83.33
2012-08-09,-3.6,-8.571,10.0,-11.76,50.0,-9.09,-12.5,28.57,-21.43,-12.0,-75.0,83.33
2012-08-10,-4.2,-6.25,8.33,-15.79,50.0,-9.09,-12.5,6.67,-28.57,-12.5,-75.0,80.0
2012-08-13,-5.9,-3.333,6.98,-16.67,60.0,-20.0,0.0,6.67,-38.46,-16.67,-75.0,75.0
2012-08-14,-6.1,-3.333,4.44,-16.67,66.67,-22.22,0.0,6.67,-38.46,-9.52,-75.0,75.0
2012-08-15,-6.5,-3.226,-2.56,-16.67,66.67,-22.22,0.0,6.67,-38.46,4.55,-75.0,75.0
2012-08-16,-6.3,-3.125,-2.63,-16.67,66.67,-22.22,0.0,6.25,-38.46,0.0,-75.0,75.0
2012-08-17,-6.4,-3.03,-2.63,-16.67,66.67,-22.22,0.0,0.0,-38.46,0.0,-75.0,75.0
2012-08-20,-6.7,-3.03,-8.33,-20.0,66.67,-22.22,0.0,0.0,-27.27,4.76,-75.0,66.67
2012-08-21,-7.4,-3.03,-8.82,-20.0,60.0,-12.5,0.0,-8.33,-27.27,-4.76,-75.0,66.67
2012-08-22,-7.5,-2.941,-8.82,-20.0,60.0,0.0,14.29,-21.43,-27.27,-4.76,-75.0,66.67
2012-08-23,-10.7,-5.714,-11.76,-33.33,60.0,0.0,11.11,-21.43,-27.27,-4.35,-75.0,66.67
2012-08-24,-10.5,0.0,-11.76,-33.33,60.0,0.0,11.11,-21.43,-40.0,-4.17,-75.0,66.67
2012-08-27,-10.5,0.0,-11.76,-33.33,60.0,0.0,11.11,-21.43,-40.0,-4.17,-75.0,66.67
2012-08-28,-10.4,0.0,-10.81,-33.33,28.57,0.0,11.11,-15.38,-40.0,-4.17,-75.0,66.67
2012-08-29,-11.6,0.0,-10.26,-33.33,11.11,-12.5,11.11,-15.38,-45.45,-9.09,-60.0,75.0
2012-08-30,-9.5,9.375,-13.04,-33.33,11.11,-22.22,11.11,-25.0,-41.67,-8.33,-60.0,75.0
2012-08-31,-8.8,11.765,-12.24,-40.0,11.11,-22.22,9.09,-15.38,-38.46,-4.0,-60.0,75.0
2012-09-03,-11.6,11.765,-13.21,-40.0,0.0,-30.0,0.0,-15.38,-38.46,0.0,-60.0,40.0
2012-09-04,-9.1,11.111,-11.54,-40.0,0.0,-27.27,0.0,-27.27,-38.46,7.41,-60.0,16.67
2012-09-05,-9.3,11.429,-12.73,-40.0,0.0,-30.77,0.0,-27.27,-38.46,4.0,-60.0,16.67
2012-09-06,-10.2,8.571,-14.29,-40.0,-25.0,-30.77,0.0,-27.27,-33.33,0.0,-60.0,16.67
2012-09-07,-9.8,5.556,-12.28,-40.0,-14.29,-30.77,0.0,-13.33,-33.33,3.7,-60.0,0.0
2012-09-10,-5.2,5.556,-5.66,-17.65,-12.5,-41.67,0.0,-13.33,-30.77,16.67,-40.0,0.0
2012-09-11,-5.1,3.125,-5.88,-23.53,-12.5,-41.67,0.0,0.0,-23.08,16.67,-40.0,0.0
2012-09-12,-4.0,3.333,-4.08,-23.53,-28.57,-45.45,0.0,0.0,-23.08,25.0,-40.0,0.0
2012-09-13,-3.4,6.897,-4.08,-23.53,-28.57,-45.45,0.0,0.0,-23.08,21.74,-40.0,-20.0
2012-09-14,-9.3,-6.667,-9.3,-23.53,-37.5,-45.45,9.09,-6.25,-28.57,22.73,-40.0,-20.0
2012-09-17,-9.8,-6.667,-9.3,-23.53,-37.5,-45.45,9.09,-6.25,-28.57,23.81,-40.0,-20.0
2012-09-18,-10.1,-6.667,-9.52,-23.53,-37.5,-50.0,10.0,-14.29,-28.57,20.0,-40.0,-25.0
2012-09-19,-8.6,-3.125,-10.0,-23.53,-37.5,-50.0,10.0,-14.29,-25.0,20.0,25.0,-25.0
2012-09-20,-8.4,-2.941,-10.0,-18.18,-37.5,-50.0,10.0,-15.38,-25.0,22.73,66.67,-25.0
2012-09-21,-6.7,-2.941,-10.26,-11.11,-37.5,-50.0,0.0,0.0,-18.18,22.73,66.67,-25.0
2012-09-24,-7.2,-2.941,-12.2,-11.11,-37.5,-50.0,0.0,0.0,-18.18,23.81,66.67,-25.0
2012-09-25,-6.2,-2.941,-9.52,-11.11,-57.14,-50.0,0.0,7.14,-18.18,27.27,66.67,-25.0
2012-09-26,-6.9,-2.941,-9.52,-11.11,-55.56,-50.0,0.0,7.14,-18.18,19.05,66.67,-25.0
2012-09-27,-7.5,-6.061,-16.0,-11.11,-55.56,-44.44,0.0,7.69,0.0,22.73,50.0,-25.0
2012-09-28,-8.6,-12.121,-15.38,-11.11,-60.0,-44.44,-9.09,14.29,0.0,17.39,50.0,0.0
2012-10-01,-6.9,-8.824,-12.28,-10.0,-63.64,-44.44,-7.69,14.29,6.25,11.54,50.0,-16.67
2012-10-02,-6.9,-8.824,-12.28,-10.0,-63.64,-44.44,-7.69,15.38,6.67,11.11,50.0,-16.67
2012-10-03,-5.8,-5.882,-12.7,-10.0,-63.64,-36.36,-16.67,36.36,6.67,10.71,50.0,-16.67
2012-10-04,-6.4,-6.061,-12.9,-10.0,-63.64,-36.36,-20.0,33.33,6.67,11.11,50.0,-16.67
2012-10-05,-6.4,-5.882,-12.7,-10.0,-63.64,-36.36,-9.09,33.33,6.67,11.54,50.0,-16.67
2012-10-08,-4.9,-5.882,-9.52,-10.0,-66.67,-36.36,-9.09,33.33,6.67,14.81,40.0,0.0
2012-10-09,-5.3,-3.03,-11.48,-10.0,-66.67,-36.36,-9.09,37.5,6.67,10.71,40.0,0.0
2012-10-10,-3.3,-3.03,-8.2,-10.0,-50.0,-18.18,-9.09,37.5,13.33,10.71,50.0,-16.67
2012-10-11,-0.1,3.226,-5.56,-10.0,-50.0,-10.0,-9.09,37.5,15.38,12.0,50.0,-16.67
2012-10-12,3.3,6.452,-3.85,7.69,-50.0,-10.0,-11.11,33.33,16.67,8.33,50.0,-16.67
2012-10-15,4.3,9.375,-2.08,14.29,-42.86,0.0,0.0,33.33,7.69,4.35,50.0,0.0
2012-10-16,4.8,12.903,-2.04,14.29,-42.86,0.0,0.0,37.5,7.69,0.0,50.0,25.0
2012-10-17,7.0,15.625,2.33,11.11,-42.86,14.29,0.0,37.5,7.69,4.35,50.0,25.0
2012-10-18,7.7,18.182,2.5,11.11,-42.86,14.29,0.0,35.29,7.69,8.7,50.0,25.0
2012-10-19,8.8,21.875,2.63,11.11,-42.86,14.29,0.0,38.46,7.14,4.55,50.0,33.33
2012-10-22,8.0,21.875,0.0,9.09,-50.0,16.67,0.0,38.46,9.09,4.76,33.33,33.33
2012-10-23,8.6,21.875,-2.7,20.0,-50.0,16.67,0.0,28.57,10.0,4.55,33.33,33.33
2012-10-24,7.0,21.212,-7.89,20.0,-62.5,16.67,0.0,28.57,10.0,0.0,33.33,33.33
2012-10-25,6.5,21.212,-10.26,20.0,-66.67,16.67,0.0,28.57,10.0,4.55,33.33,33.33
2012-10-26,12.4,34.483,-7.32,20.0,-62.5,16.67,0.0,38.46,22.22,4.55,33.33,25.0
2012-10-29,9.9,32.258,-7.32,20.0,-44.44,16.67,0.0,38.46,0.0,4.17,33.33,25.0
2012-10-30,12.4,32.258,-10.87,20.0,-44.44,25.0,0.0,38.46,0.0,3.85,50.0,25.0
2012-10-31,6.6,30.0,-10.42,18.18,-44.44,25.0,0.0,28.57,0.0,3.85,33.33,25.0
2012-11-01,6.9,28.125,-10.42,18.18,-50.0,25.0,0.0,28.57,0.0,3.85,33.33,40.0
2012-11-02,6.4,25.0,-9.62,18.18,-50.0,25.0,0.0,26.67,0.0,7.41,33.33,40.0
2012-11-05,6.3,24.324,-8.0,18.18,-50.0,22.22,0.0,18.75,0.0,3.57,33.33,40.0
2012-11-06,4.2,22.222,-11.32,18.18,-50.0,22.22,0.0,13.33,0.0,-3.45,33.33,40.0
2012-11-07,4.0,22.857,-11.11,18.18,-50.0,9.09,0.0,13.33,0.0,-3.57,-20.0,40.0
2012-11-08,4.4,26.471,-4.17,18.18,-50.0,10.0,0.0,12.5,-18.18,-7.69,-20.0,33.33
2012-11-09,5.9,36.364,-6.25,17.65,-50.0,10.0,11.11,6.67,-18.18,-4.0,-20.0,20.0
2012-11-12,9.2,36.364,-9.3,11.11,-42.86,9.09,14.29,6.67,-18.18,4.35,-20.0,50.0
2012-11-13,4.7,35.484,-11.36,11.11,-42.86,9.09,14.29,6.67,-18.18,9.52,-20.0,50.0
2012-11-14,3.7,32.258,-12.82,11.11,-42.86,11.11,14.29,6.67,-18.18,9.09,-20.0,50.0
2012-11-15,2.5,25.0,-12.82,11.11,-42.86,11.11,14.29,6.67,-18.18,4.55,-20.0,50.0
2012-11-16,-0.3,16.667,-13.16,11.11,-42.86,11.11,0.0,0.0,-18.18,4.55,-20.0,50.0
2012-11-19,-1.7,16.129,-16.67,11.11,-42.86,11.11,0.0,0.0,-16.67,0.0,-25.0,33.33
2012-11-20,-1.7,15.625,-16.67,11.11,-42.86,11.11,12.5,-16.67,-16.67,5.0,-25.0,33.33
2012-11-21,-3.1,17.647,-23.53,11.11,-66.67,0.0,22.22,-16.67,-18.18,5.0,-25.0,33.33
2012-11-22,-2.4,17.647,-23.53,11.11,-66.67,0.0,22.22,-28.57,-18.18,4.76,-25.0,33.33
2012-11-23,-5.9,9.677,-18.92,7.14,-66.67,0.0,22.22,-28.57,-18.18,4.55,-25.0,33.33
2012-11-26,-7.0,6.667,-20.51,0.0,-66.67,0.0,22.22,-28.57,-10.0,4.55,-25.0,33.33
2012-11-27,-7.4,6.25,-21.05,0.0,-55.56,0.0,22.22,-38.46,-10.0,4.35,-25.0,33.33
2012-11-28,-8.1,3.125,-17.95,0.0,-55.56,0.0,22.22,-38.46,-9.09,-4.35,-25.0,33.33
2012-11-29,-7.0,0.0,-8.7,0.0,-45.45,-12.5,22.22,-41.67,-7.69,4.0,-20.0,50.0
2012-11-30,-7.9,-6.25,-8.16,0.0,-45.45,-12.5,9.09,-46.15,0.0,4.0,-20.0,20.0
2012-12-03,-9.3,-8.824,-9.43,0.0,-41.67,-20.0,7.69,-46.15,0.0,7.69,-20.0,33.33
2012-12-04,-9.0,-8.824,-7.69,0.0,-41.67,-18.18,7.69,-54.55,0.0,7.69,-20.0,33.33
2012-12-05,-7.1,-5.714,-3.64,0.0,-30.0,-23.08,7.69,-54.55,0.0,11.54,-20.0,33.33
2012-12-06,-5.2,-5.714,1.75,0.0,-22.22,-23.08,7.69,-46.15,0.0,11.54,-20.0,28.57
2012-12-07,-6.7,-10.526,0.0,0.0,-22.22,-23.08,0.0,-26.67,0.0,7.41,-20.0,33.33
2012-12-10,-8.4,-11.111,-1.69,-11.76,-33.33,-28.57,0.0,-25.0,9.09,3.85,-16.67,33.33
2012-12-11,-7.1,-11.111,3.64,-11.11,-33.33,-41.67,0.0,-25.0,8.33,4.17,-40.0,33.33
2012-12-12,-6.9,-11.429,1.85,-11.76,-33.33,-41.67,0.0,-20.0,9.09,7.69,-40.0,33.33
2012-12-13,-6.1,-9.091,1.85,-11.76,-25.0,-41.67,0.0,-20.0,15.38,4.0,-40.0,20.0
2012-12-14,-4.7,-3.226,2.0,-11.76,-25.0,-41.67,0.0,-28.57,15.38,0.0,-40.0,20.0
2012-12-17,-5.0,-3.333,2.0,-11.76,-25.0,-45.45,0.0,-23.08,15.38,4.35,-40.0,20.0
2012-12-18,-3.7,-3.333,6.82,-11.76,-25.0,-45.45,0.0,-25.0,14.29,9.52,-40.0,20.0
2012-12-19,-2.1,0.0,6.67,-11.76,-20.0,-44.44,0.0,-23.08,15.38,9.09,-25.0,20.0
2012-12-20,-0.2,5.882,6.98,-11.76,-20.0,-44.44,0.0,-14.29,16.67,4.17,-33.33,25.0
2012-12-21,-2.9,0.0,9.09,-27.27,-11.11,-44.44,-11.11,-13.33,18.18,3.85,-33.33,25.0
2012-12-24,-3.3,0.0,9.09,-22.22,-11.11,-50.0,-11.11,-13.33,10.0,0.0,-33.33,25.0
2012-12-25,-1.0,0.0,9.09,-22.22,-11.11,-50.0,-11.11,-13.33,10.0,0.0,-33.33,25.0
2012-12-26,-2.3,0.0,9.09,-22.22,-11.11,-50.0,-11.11,-13.33,10.0,0.0,-33.33,25.0
2012-12-27,0.0,6.061,13.95,-22.22,-11.11,-50.0,-11.11,-14.29,14.29,4.35,-33.33,25.0
2012-12-28,0.4,9.091,11.36,-22.22,-10.0,-50.0,-11.11,-14.29,14.29,4.35,-33.33,25.0
2012-12-31,-1.0,9.375,11.36,-20.0,-10.0,-55.56,-11.11,-14.29,15.38,4.35,-33.33,25.0
2013-01-01,2.9,9.375,11.36,-20.0,-10.0,-55.56,-11.11,-14.29,15.38,4.35,-33.33,25.0
2013-01-02,-2.4,3.333,12.5,-20.0,-9.09,-55.56,-50.0,-7.69,15.38,8.33,-33.33,25.0
2013-01-03,-1.7,3.333,12.0,-20.0,0.0,-55.56,-42.86,9.09,15.38,8.0,-33.33,0.0
2013-01-04,-1.6,5.882,7.69,-20.0,0.0,-55.56,-42.86,23.08,15.38,0.0,-33.33,0.0
2013-01-07,-1.1,5.882,10.0,-20.0,0.0,-55.56,-50.0,21.43,15.38,3.57,-33.33,0.0
2013-01-08,-0.8,6.25,6.67,-20.0,11.11,-50.0,-30.0,21.43,15.38,3.7,-33.33,0.0
2013-01-09,0.8,6.452,5.08,-6.67,11.11,-50.0,-27.27,20.0,16.67,8.0,-33.33,0.0
2013-01-10,0.2,6.25,0.0,-6.67,0.0,-44.44,-27.27,12.5,20.0,0.0,-50.0,-16.67
2013-01-11,2.0,13.793,0.0,-7.14,0.0,-44.44,-22.22,20.0,20.0,-4.35,-50.0,0.0
2013-01-14,3.5,18.519,-2.08,-7.14,0.0,-37.5,-28.57,20.0,20.0,-4.35,-50.0,-25.0
2013-01-15,4.7,21.429,-2.08,-7.14,0.0,-42.86,-28.57,20.0,27.27,-4.55,-50.0,-25.0
2013-01-16,4.0,18.519,-4.76,-7.14,0.0,-28.57,-28.57,20.0,27.27,-4.76,-50.0,-25.0
2013-01-17,3.6,20.69,-10.26,-5.56,0.0,-28.57,-28.57,23.08,25.0,-10.0,-50.0,-33.33
2013-01-18,3.1,18.519,-10.26,-5.56,0.0,-28.57,-16.67,8.33,25.0,-10.0,-50.0,-33.33
2013-01-21,7.3,18.519,-8.57,9.09,0.0,-16.67,-16.67,8.33,33.33,-5.26,-100.0,-33.33
2013-01-22,5.3,14.286,-8.82,10.0,0.0,-16.67,-16.67,0.0,36.36,-10.0,-100.0,-33.33
2013-01-23,5.0,14.286,-8.82,10.0,0.0,-16.67,-16.67,0.0,36.36,-5.0,-100.0,-33.33
2013-01-24,6.2,20.0,-8.82,10.0,0.0,-16.67,-16.67,0.0,33.33,-4.76,-100.0,-33.33
2013-01-25,6.3,17.241,-5.56,10.0,0.0,-16.67,-16.67,7.69,33.33,-4.55,-100.0,-33.33
2013-01-28,5.4,17.241,-10.53,10.0,11.11,-16.67,-16.67,7.69,33.33,-4.55,-100.0,-33.33
2013-01-29,3.9,9.677,-10.26,10.0,11.11,-16.67,-16.67,7.69,33.33,-4.55,-50.0,-33.33
2013-01-30,3.4,6.25,-9.3,10.0,11.11,0.0,-28.57,8.33,33.33,4.17,0.0,-50.0
2013-01-31,1.8,8.571,-8.89,0.0,11.11,0.0,-33.33,9.09,8.33,8.7,0.0,-50.0
2013-02-01,0.5,2.778,-4.26,0.0,20.0,0.0,-20.0,10.0,8.33,9.09,0.0,-20.0
2013-02-04,-0.4,0.0,-4.26,0.0,20.0,-12.5,-20.0,10.0,8.33,8.7,0.0,-20.0
2013-02-05,-0.7,0.0,-5.66,0.0,20.0,-22.22,-20.0,10.0,8.33,12.5,0.0,-20.0
2013-02-06,-0.3,0.0,-5.56,0.0,20.0,-27.27,-20.0,18.18,15.38,12.0,0.0,-20.0
2013-02-07,1.5,0.0,-5.66,21.43,20.0,-27.27,-20.0,8.33,11.11,16.0,0.0,-20.0
2013-02-08,4.3,2.941,-5.45,31.25,30.0,-27.27,-18.18,0.0,10.0,16.0,0.0,-16.67
2013-02-11,4.9,3.03,-5.36,33.33,30.0,-27.27,-18.18,0.0,10.0,11.54,0.0,-16.67
2013-02-12,4.2,3.03,-5.36,33.33,30.0,-27.27,-18.18,0.0,10.0,11.54,0.0,-16.67
2013-02-13,3.7,2.941,-5.66,33.33,33.33,-27.27,-23.08,0.0,10.0,8.0,0.0,-16.67
2013-02-14,3.6,6.061,-5.88,33.33,25.0,-27.27,-25.0,0.0,0.0,8.7,0.0,0.0
2013-02-15,1.4,3.226,-6.67,33.33,25.0,-27.27,-25.0,-21.43,0.0,14.29,0.0,0.0
2013-02-18,3.1,3.226,-6.67,33.33,25.0,-27.27,-18.18,-23.08,0.0,10.0,0.0,0.0
2013-02-19,1.7,3.226,-2.78,33.33,25.0,-30.0,-33.33,-21.43,0.0,10.0,0.0,0.0
2013-02-20,3.3,3.125,0.0,40.0,25.0,-33.33,-37.5,-23.08,0.0,9.09,0.0,0.0
2013-02-21,2.4,0.0,0.0,40.0,50.0,-33.33,-37.5,-16.67,0.0,8.7,0.0,0.0
2013-02-22,2.8,0.0,7.5,40.0,50.0,-33.33,-37.5,-28.57,-9.09,13.64,0.0,0.0
2013-02-25,3.9,0.0,13.16,40.0,50.0,-37.5,-37.5,-28.57,-9.09,4.55,0.0,0.0
2013-02-26,5.0,5.556,13.16,40.0,50.0,-37.5,-37.5,-28.57,-9.09,0.0,0.0,0.0
2013-02-27,5.8,5.405,21.74,40.0,44.44,-50.0,-44.44,-28.57,-9.09,-4.0,0.0,0.0
2013-02-28,7.0,5.263,19.15,57.14,40.0,-50.0,-30.0,-28.57,-7.69,-4.0,0.0,20.0
2013-03-01,5.0,0.0,14.81,57.14,41.67,-50.0,-41.67,-28.57,-7.69,-7.14,0.0,16.67
2013-03-04,4.3,-2.632,14.81,57.14,41.67,-40.0,-41.67,-30.77,-8.33,-10.34,0.0,16.67
2013-03-05,7.0,2.703,20.34,57.14,41.67,-36.36,-41.67,-27.27,-8.33,-6.9,0.0,16.67
2013-03-06,7.5,5.405,22.03,57.14,41.67,-36.36,-41.67,-33.33,-8.33,-14.29,0.0,16.67
2013-03-07,5.2,5.263,18.03,50.0,41.67,-36.36,-35.71,-30.77,-15.38,-15.38,0.0,14.29
2013-03-08,4.0,2.703,16.95,50.0,30.77,-36.36,-35.71,-12.5,-15.38,-16.0,0.0,14.29
2013-03-11,0.3,2.778,20.0,20.0,27.27,-36.36,-35.71,-12.5,-21.43,-19.23,0.0,14.29
2013-03-12,-0.3,0.0,20.34,20.0,27.27,-41.67,-35.71,-12.5,-14.29,-22.22,0.0,14.29
2013-03-13,0.2,5.714,18.18,20.0,33.33,-46.15,-30.77,-12.5,-14.29,-33.33,0.0,33.33
2013-03-14,2.3,8.571,18.87,28.57,33.33,-46.15,-27.27,-20.0,-8.33,-34.78,0.0,33.33
2013-03-15,1.7,2.941,16.67,28.57,25.0,-46.15,-33.33,-20.0,-8.33,-36.36,0.0,20.0
2013-03-18,1.3,3.333,16.67,28.57,25.0,-41.67,-33.33,-20.0,-8.33,-38.1,0.0,20.0
2013-03-19,3.8,9.375,22.73,28.57,25.0,-36.36,-33.33,-23.53,-8.33,-45.0,0.0,20.0
2013-03-20,4.0,9.677,23.26,28.57,25.0,-33.33,-33.33,-31.25,-18.18,-42.86,25.0,20.0
2013-03-21,3.0,14.286,23.26,9.09,25.0,-33.33,-33.33,-23.53,-16.67,-40.91,25.0,20.0
2013-03-22,-0.6,14.706,23.26,-11.11,14.29,-33.33,-44.44,-21.43,-18.18,-40.91,25.0,25.0
2013-03-25,0.0,14.706,23.26,-11.11,14.29,-25.0,-44.44,-21.43,-18.18,-40.91,33.33,25.0
2013-03-26,-0.7,11.111,23.26,-11.11,14.29,-25.0,-44.44,-21.43,-18.18,-43.48,33.33,25.0
2013-03-27,-0.9,11.111,18.37,-11.11,27.27,-22.22,-42.86,-21.43,-8.33,-40.0,25.0,20.0
2013-03-28,-1.6,8.108,18.87,-11.11,27.27,-22.22,-42.86,-13.33,-7.69,-37.04,25.0,20.0
2013-03-29,3.5,8.108,18.87,-11.11,27.27,-22.22,-42.86,-13.33,-7.69,-37.04,25.0,20.0
2013-04-01,-2.0,8.108,18.87,-10.0,27.27,-22.22,-42.86,-13.33,-7.69,-37.04,25.0,20.0
2013-04-02,-2.7,2.778,14.04,-10.0,33.33,-22.22,-42.86,-7.69,-7.14,-31.03,25.0,0.0
2013-04-03,-2.7,2.703,12.5,-10.0,33.33,-9.09,-33.33,-7.69,-7.14,-32.14,25.0,0.0
2013-04-04,-3.5,0.0,11.48,-10.0,33.33,-9.09,-30.0,-7.69,-7.14,-28.57,25.0,0.0
2013-04-05,-2.3,5.882,6.78,-10.0,30.0,-9.09,-30.0,0.0,-7.14,-27.59,25.0,0.0
2013-04-08,-2.1,5.882,6.78,-10.0,30.0,-9.09,-16.67,0.0,-7.14,-24.14,25.0,0.0
2013-04-09,-2.8,5.882,4.92,-7.69,30.0,-9.09,-16.67,6.25,-15.38,-17.24,0.0,0.0
2013-04-10,-3.2,0.0,-1.82,6.67,36.36,0.0,-9.09,6.25,-14.29,-14.81,0.0,0.0
2013-04-11,-3.8,0.0,0.0,7.14,40.0,0.0,-20.0,6.25,-18.18,-14.81,0.0,-20.0
2013-04-12,-6.3,-14.706,2.08,7.14,37.5,0.0,0.0,6.67,-18.18,-8.7,0.0,-25.0
2013-04-15,-6.6,-10.0,2.08,-5.56,37.5,0.0,0.0,6.67,-25.0,-4.55,0.0,-25.0
2013-04-16,-7.4,-3.125,-11.63,-5.56,37.5,0.0,0.0,12.5,-25.0,-4.76,0.0,-25.0
2013-04-17,-7.4,-3.226,-11.9,-5.56,37.5,0.0,0.0,20.0,-30.77,-4.55,0.0,-25.0
2013-04-18,-7.6,-6.061,-7.5,-13.33,37.5,0.0,0.0,21.43,-25.0,-4.35,0.0,-33.33
2013-04-19,-7.6,-6.25,-7.5,-13.33,57.14,0.0,0.0,8.33,-25.0,-4.35,0.0,-33.33
2013-04-22,-7.1,-12.903,-8.11,0.0,57.14,0.0,0.0,8.33,-18.18,0.0,0.0,-33.33
2013-04-23,-6.9,-12.5,-5.13,0.0,57.14,12.5,0.0,14.29,-30.0,0.0,0.0,-33.33
2013-04-24,-6.9,-11.765,-5.13,0.0,57.14,16.67,0.0,14.29,-30.0,-4.17,0.0,-33.33
2013-04-25,-6.7,-14.706,-5.13,0.0,57.14,16.67,0.0,14.29,-22.22,0.0,0.0,-33.33
2013-04-26,-8.2,-17.647,-7.5,0.0,40.0,16.67,0.0,14.29,-22.22,0.0,0.0,-25.0
2013-04-29,-8.9,-21.212,-10.87,0.0,27.27,14.29,0.0,14.29,-8.33,0.0,-25.0,-25.0
2013-04-30,-8.2,-20.0,-12.5,0.0,27.27,14.29,12.5,30.77,-7.69,0.0,-25.0,-25.0
2013-05-01,-9.5,-20.0,-12.5,0.0,27.27,14.29,12.5,30.77,-7.69,0.0,-25.0,-25.0
2013-05-02,-8.2,-18.919,-11.54,0.0,16.67,0.0,11.11,36.36,-8.33,0.0,-66.67,-20.0
2013-05-03,-10.4,-29.73,-10.2,0.0,16.67,0.0,20.0,36.36,-8.33,0.0,-66.67,-20.0
2013-05-06,-9.5,-29.73,-10.2,0.0,16.67,0.0,20.0,36.36,-8.33,0.0,-66.67,-20.0
2013-05-07,-8.4,-29.73,-3.57,7.14,21.43,-11.11,20.0,30.77,-8.33,7.69,-66.67,-16.67
2013-05-08,-9.7,-32.353,-4.08,7.14,10.0,-10.0,18.18,28.57,-18.18,12.0,0.0,-20.0
2013-05-09,-9.2,-31.429,-6.67,7.14,10.0,-10.0,18.18,23.08,-11.11,16.67,0.0,-20.0
2013-05-10,-9.1,-30.303,-6.25,12.5,10.0,-10.0,18.18,20.0,-22.22,16.67,0.0,-20.0
2013-05-13,-7.7,-25.0,-6.25,11.11,10.0,0.0,18.18,20.0,-12.5,16.0,0.0,-20.0
2013-05-14,-7.1,-25.806,-2.22,11.11,0.0,0.0,18.18,20.0,-12.5,18.18,0.0,0.0
2013-05-15,-9.4,-29.032,-2.22,11.11,0.0,-11.11,22.22,12.5,-22.22,21.74,0.0,0.0
2013-05-16,-8.7,-31.25,-2.5,11.11,0.0,-11.11,10.0,12.5,-9.09,18.18,0.0,0.0
2013-05-17,-6.1,-21.212,-2.63,11.11,0.0,-11.11,10.0,21.43,-9.09,19.05,0.0,0.0
2013-05-20,-6.3,-21.212,-2.63,11.11,0.0,-11.11,0.0,21.43,-9.09,20.0,0.0,0.0
2013-05-21,-5.3,-21.212,0.0,13.33,0.0,-11.11,0.0,16.67,-8.33,15.79,25.0,0.0
2013-05-22,-8.6,-20.588,-2.94,0.0,-14.29,-14.29,0.0,7.14,-9.09,9.52,25.0,0.0
2013-05-23,-7.9,-20.0,-2.94,0.0,-14.29,-14.29,0.0,7.14,-9.09,9.09,25.0,0.0
2013-05-24,-5.0,-9.091,2.56,0.0,-33.33,-14.29,0.0,7.14,-9.09,8.7,25.0,0.0
2013-05-27,1.0,-9.091,2.56,22.22,-33.33,-14.29,0.0,7.14,-9.09,8.7,25.0,0.0
2013-05-28,-0.6,-5.882,5.26,22.22,-30.0,-16.67,-11.11,0.0,0.0,8.7,25.0,0.0
2013-05-29,-1.0,-12.5,7.32,22.22,-16.67,-12.5,-11.11,0.0,10.0,4.55,40.0,0.0
2013-05-30,-1.4,-12.121,8.7,22.22,-16.67,-11.11,-10.0,0.0,0.0,8.7,40.0,25.0
2013-05-31,0.0,-9.091,6.12,30.0,-16.67,-11.11,-8.33,7.69,0.0,12.0,40.0,20.0
2013-06-03,1.3,-11.429,11.32,30.0,-7.69,-10.0,0.0,7.69,0.0,15.38,40.0,33.33
2013-06-04,1.4,-11.765,9.8,30.0,-7.69,-9.09,0.0,0.0,0.0,19.23,40.0,33.33
2013-06-05,1.5,-14.286,8.93,30.0,-7.69,-9.09,0.0,8.33,0.0,28.0,40.0,33.33
2013-06-06,1.7,-11.429,7.02,30.0,-7.69,-9.09,0.0,15.38,0.0,24.0,40.0,33.33
2013-06-07,0.3,-11.111,12.07,7.69,-10.0,-9.09,7.14,26.67,0.0,24.0,40.0,40.0
2013-06-10,2.6,-8.571,18.52,0.0,0.0,-18.18,7.14,31.25,7.69,24.0,75.0,33.33
2013-06-11,4.5,-3.03,20.0,0.0,0.0,-18.18,0.0,26.67,7.69,25.0,60.0,33.33
2013-06-12,4.6,-3.226,21.15,0.0,0.0,-16.67,0.0,26.67,7.69,25.0,60.0,33.33
2013-06-13,5.4,0.0,22.92,0.0,11.11,-16.67,0.0,26.67,7.69,21.74,60.0,40.0
2013-06-14,3.3,-9.091,22.92,0.0,11.11,-16.67,0.0,18.75,7.69,22.73,60.0,40.0
2013-06-17,4.2,-3.448,19.05,0.0,11.11,-9.09,0.0,21.43,7.69,22.73,60.0,40.0
2013-06-18,3.0,-3.333,19.51,-7.14,0.0,-9.09,0.0,21.43,7.69,22.73,60.0,50.0
2013-06-19,2.9,-3.333,19.51,-7.14,-11.11,-11.11,0.0,21.43,7.69,19.05,0.0,50.0
2013-06-20,3.5,-2.857,19.51,-7.14,-11.11,-11.11,0.0,21.43,7.69,13.64,0.0,50.0
2013-06-21,2.2,-2.941,21.05,-16.67,-11.11,-11.11,0.0,21.43,8.33,13.64,0.0,50.0
2013-06-24,1.5,-2.941,21.95,-22.22,-11.11,-25.0,0.0,21.43,8.33,14.29,0.0,50.0
2013-06-25,1.5,-2.778,20.0,-22.22,-11.11,-25.0,0.0,21.43,8.33,17.39,0.0,50.0
2013-06-26,2.5,-2.778,19.05,-22.22,-11.11,-25.0,11.11,30.77,18.18,14.29,0.0,50.0
2013-06-27,2.5,2.632,20.41,-22.22,-11.11,-22.22,28.57,30.77,0.0,13.04,25.0,50.0
2013-06-28,5.7,8.333,21.57,-22.22,-10.0,-22.22,25.0,30.77,7.14,12.0,25.0,40.0
2013-07-01,4.8,0.0,23.21,-20.0,8.33,-22.22,22.22,30.77,13.33,14.29,25.0,33.33
2013-07-02,4.4,0.0,23.21,-20.0,8.33,-20.0,22.22,30.77,14.29,13.79,25.0,33.33
2013-07-03,4.0,-2.703,19.35,-20.0,8.33,-18.18,10.0,45.45,14.29,21.43,25.0,33.33
2013-07-04,6.0,-2.703,19.35,-20.0,8.33,-18.18,10.0,45.45,14.29,21.43,25.0,33.33
2013-07-05,3.4,-2.632,15.79,-20.0,30.0,-18.18,0.0,35.71,14.29,22.22,25.0,33.33
2013-07-08,2.8,-2.778,15.25,-20.0,20.0,-18.18,10.0,40.0,6.67,25.0,40.0,28.57
2013-07-09,0.6,-5.714,15.25,-30.77,20.0,-18.18,10.0,43.75,7.14,20.69,40.0,28.57
2013-07-10,-0.3,-8.824,13.79,-30.77,12.5,-9.09,10.0,43.75,6.25,25.0,25.0,28.57
2013-07-11,-1.2,-11.429,13.21,-30.77,12.5,-9.09,11.11,43.75,14.29,23.08,25.0,16.67
2013-07-12,-1.2,-11.111,15.69,-35.71,12.5,-9.09,14.29,40.0,15.38,20.83,25.0,20.0
2013-07-15,-2.1,-14.706,10.64,-27.78,0.0,-10.0,0.0,40.0,15.38,17.39,25.0,0.0
2013-07-16,-2.1,-12.121,10.42,-27.78,0.0,-11.11,0.0,37.5,15.38,18.18,25.0,0.0
2013-07-17,-1.3,-14.706,17.07,-27.78,0.0,-11.11,0.0,33.33,15.38,17.39,25.0,0.0
2013-07-18,0.9,-8.824,20.0,-27.78,0.0,-11.11,0.0,33.33,15.38,17.39,25.0,0.0
2013-07-19,0.6,-9.091,15.79,-20.0,0.0,-11.11,-20.0,23.08,14.29,17.39,25.0,0.0
2013-07-22,-2.0,-12.5,13.89,-20.0,0.0,0.0,-20.0,16.67,0.0,18.18,25.0,0.0
2013-07-23,-1.2,-12.5,13.51,-20.0,0.0,0.0,-20.0,28.57,0.0,18.18,33.33,0.0
2013-07-24,-1.0,-12.121,11.43,-20.0,0.0,16.67,-20.0,28.57,0.0,19.05,33.33,0.0
2013-07-25,-0.6,-8.571,10.26,-20.0,0.0,16.67,-20.0,28.57,0.0,18.18,33.33,0.0
2013-07-26,-0.6,-9.091,10.26,-20.0,0.0,16.67,-20.0,38.46,0.0,18.18,33.33,0.0
2013-07-29,-0.7,-3.333,10.0,-20.0,0.0,0.0,-20.0,38.46,-7.69,12.0,33.33,0.0
2013-07-30,0.0,-3.226,11.11,-20.0,0.0,0.0,-20.0,38.46,-7.69,15.38,33.33,0.0
2013-07-31,2.8,0.0,10.42,-9.09,16.67,0.0,0.0,30.77,-7.14,15.38,100.0,0.0
2013-08-01,3.6,5.556,11.54,-9.09,0.0,0.0,-14.29,30.77,-7.14,20.0,100.0,0.0
2013-08-02,2.7,0.0,11.54,-9.09,0.0,0.0,-12.5,36.36,-7.14,25.93,100.0,20.0
2013-08-05,2.4,2.632,9.09,-9.09,0.0,-11.11,-12.5,36.36,-7.14,28.57,100.0,20.0
2013-08-06,2.3,2.632,10.71,-9.09,0.0,-10.0,-12.5,36.36,-7.14,28.57,50.0,20.0
2013-08-07,0.9,0.0,11.11,-7.14,0.0,-25.0,-12.5,15.38,-7.14,28.57,50.0,20.0
2013-08-08,1.3,0.0,8.16,-7.14,0.0,-27.27,-11.11,15.38,0.0,30.77,25.0,16.67
2013-08-09,-1.4,-3.03,4.17,5.26,0.0,-27.27,-12.5,0.0,-18.18,33.33,25.0,20.0
2013-08-12,-2.4,0.0,0.0,5.56,-50.0,-27.27,-14.29,0.0,-25.0,36.36,25.0,25.0
2013-08-13,-2.4,0.0,-2.22,5.56,-50.0,-30.0,-14.29,0.0,-25.0,38.1,25.0,25.0
2013-08-14,-1.7,0.0,0.0,5.56,-20.0,-33.33,0.0,0.0,-25.0,36.36,25.0,25.0
2013-08-15,-2.1,-3.226,0.0,5.56,-20.0,-33.33,0.0,0.0,-25.0,40.91,25.0,25.0
2013-08-16,-3.1,-9.375,2.63,5.56,-20.0,-33.33,20.0,0.0,-25.0,40.91,25.0,25.0
2013-08-19,-1.8,-9.375,2.78,5.56,0.0,-33.33,20.0,-8.33,-18.18,38.1,0.0,33.33
2013-08-20,-0.5,-9.375,2.78,20.0,0.0,-33.33,0.0,-25.0,-16.67,45.0,0.0,33.33
2013-08-21,-1.1,-6.061,2.94,20.0,0.0,-57.14,0.0,-25.0,-20.0,47.62,0.0,33.33
2013-08-22,0.6,-3.03,2.94,20.0,20.0,-66.67,0.0,-28.57,-20.0,47.62,0.0,33.33
2013-08-23,-0.7,-6.25,2.94,23.08,20.0,-66.67,0.0,-28.57,-20.0,39.13,0.0,33.33
2013-08-26,1.1,-6.25,2.94,33.33,20.0,-66.67,0.0,-28.57,-20.0,39.13,0.0,33.33
2013-08-27,2.6,-3.125,5.71,33.33,33.33,-66.67,0.0,-30.77,-20.0,39.13,0.0,33.33
2013-08-28,3.7,0.0,5.41,33.33,33.33,-42.86,0.0,-30.77,-27.27,40.91,0.0,33.33
2013-08-29,3.5,-3.333,7.32,33.33,14.29,-37.5,0.0,-41.67,-15.38,40.91,0.0,33.33
2013-08-30,4.0,-6.061,14.29,33.33,14.29,-37.5,0.0,-46.15,-15.38,34.62,0.0,25.0
2013-09-02,4.0,-6.061,13.21,30.0,12.5,-20.0,9.09,-46.15,-15.38,37.04,0.0,0.0
2013-09-03,4.4,0.0,13.46,30.0,12.5,-18.18,9.09,-72.73,-15.38,40.74,0.0,16.67
2013-09-04,3.9,0.0,10.17,30.0,12.5,-18.18,9.09,-72.73,-15.38,40.74,0.0,16.67
2013-09-05,5.5,5.556,10.53,30.0,14.29,-18.18,9.09,-72.73,-15.38,42.31,0.0,16.67
2013-09-06,5.3,2.778,8.47,30.0,14.29,-18.18,16.67,-42.86,-15.38,39.29,0.0,16.67
2013-09-09,4.0,2.778,8.62,23.08,16.67,-9.09,16.67,-33.33,-30.77,46.15,0.0,14.29
2013-09-10,2.4,2.778,5.66,16.67,12.5,-10.0,16.67,-37.5,-30.77,44.0,0.0,14.29
2013-09-11,1.5,2.857,5.88,11.76,12.5,-16.67,9.09,-33.33,-30.77,48.15,0.0,16.67
2013-09-12,-0.2,2.941,0.0,11.76,25.0,-16.67,20.0,-33.33,-30.77,46.15,0.0,16.67
2013-09-13,-3.7,-11.765,0.0,11.76,22.22,-16.67,22.22,-33.33,-30.77,41.67,0.0,0.0
2013-09-16,-3.6,-10.0,0.0,11.76,22.22,-9.09,22.22,-33.33,-30.77,39.13,0.0,0.0
2013-09-17,-4.4,-13.793,0.0,11.76,22.22,-10.0,22.22,-25.0,-30.77,38.1,0.0,0.0
2013-09-18,-3.2,-13.333,0.0,14.29,22.22,12.5,12.5,-14.29,-30.77,38.1,0.0,0.0
2013-09-19,0.9,2.857,0.0,14.29,22.22,12.5,14.29,-13.33,-30.77,34.78,0.0,0.0
2013-09-20,1.0,2.941,2.56,0.0,22.22,12.5,14.29,0.0,-25.0,34.78,0.0,0.0
2013-09-23,0.1,2.941,2.56,0.0,22.22,12.5,14.29,0.0,-30.0,31.82,0.0,0.0
2013-09-24,0.0,2.857,2.56,0.0,22.22,12.5,14.29,7.14,-30.0,30.43,0.0,0.0
2013-09-25,0.0,2.778,2.38,0.0,12.5,12.5,0.0,7.14,-30.0,31.82,0.0,0.0
2013-09-26,-0.2,5.405,2.33,0.0,0.0,12.5,0.0,7.14,-30.0,26.09,0.0,0.0
2013-09-27,2.0,11.111,6.0,0.0,0.0,12.5,0.0,7.69,-30.0,24.0,0.0,0.0
2013-09-30,0.8,17.647,5.88,-10.0,0.0,10.0,0.0,14.29,-40.0,21.43,0.0,0.0
2013-10-01,0.5,20.0,5.26,-10.0,9.09,0.0,11.11,23.08,-42.86,20.69,0.0,0.0
2013-10-02,0.9,20.0,5.26,-10.0,9.09,0.0,11.11,23.08,-42.86,17.24,0.0,0.0
2013-10-03,0.5,17.143,6.35,-10.0,0.0,0.0,11.11,36.36,-42.86,16.13,0.0,0.0
2013-10-04,0.4,15.152,6.45,-10.0,0.0,0.0,11.11,33.33,-42.86,20.69,0.0,0.0
2013-10-07,1.0,18.75,6.45,-10.0,0.0,0.0,10.0,23.08,-42.86,23.33,0.0,0.0
2013-10-08,1.8,22.581,3.17,-10.0,-11.11,0.0,10.0,28.57,-40.0,23.33,-20.0,0.0
2013-10-09,1.1,20.0,3.28,-10.0,-11.11,-16.67,10.0,28.57,-33.33,16.67,-20.0,0.0
2013-10-10,-0.9,16.129,0.0,-10.0,-10.0,-18.18,10.0,28.57,-35.71,17.24,-25.0,0.0
2013-10-11,-4.9,15.625,-7.84,-23.08,-10.0,-18.18,12.5,40.0,-38.46,20.0,-25.0,0.0
2013-10-14,-3.0,15.625,-8.33,-14.29,-11.11,-40.0,0.0,40.0,-38.46,16.67,-25.0,20.0
2013-10-15,-4.2,18.519,-8.16,-14.29,-11.11,-44.44,0.0,40.0,-42.86,13.04,-25.0,0.0
2013-10-16,-3.5,18.519,-7.14,-14.29,-11.11,-44.44,0.0,37.5,-42.86,16.67,-25.0,0.0
2013-10-17,0.0,18.519,-7.5,-11.11,-10.0,-44.44,0.0,37.5,-42.86,20.0,-25.0,0.0
2013-10-18,-4.5,12.5,-5.26,-11.11,-10.0,-44.44,-20.0,30.77,-42.86,21.74,-25.0,0.0
2013-10-21,-3.9,12.0,-5.26,-13.33,-10.0,-50.0,-20.0,23.08,-25.0,22.73,-33.33,0.0
2013-10-22,-4.6,10.714,-2.7,-20.0,-12.5,-50.0,-20.0,28.57,-25.0,22.73,-33.33,0.0
2013-10-23,-5.1,10.714,-2.7,-20.0,-12.5,-50.0,-20.0,28.57,-27.27,19.05,-33.33,0.0
2013-10-24,-5.5,7.143,0.0,-20.0,-14.29,-50.0,-20.0,28.57,-27.27,13.64,-33.33,0.0
2013-10-25,-3.8,19.231,-5.13,-20.0,-14.29,-50.0,-20.0,28.57,-27.27,12.5,-33.33,0.0
2013-10-28,-0.2,23.077,-2.5,-20.0,-12.5,-50.0,-20.0,28.57,-7.14,8.0,-33.33,0.0
2013-10-29,-2.8,17.857,-5.13,-20.0,-12.5,-50.0,-20.0,23.08,-7.14,7.14,-33.33,0.0
2013-10-30,-1.3,18.519,0.0,-20.0,-12.5,-25.0,0.0,23.08,-7.14,3.45,-50.0,25.0
2013-10-31,-2.8,8.0,-2.08,-18.18,-12.5,-25.0,0.0,30.77,0.0,3.57,-50.0,25.0
2013-11-01,-2.7,11.538,-2.08,-18.18,-22.22,-25.0,11.11,30.77,0.0,3.45,-50.0,20.0
2013-11-04,-3.4,7.407,-1.92,-18.18,-22.22,-11.11,11.11,30.77,0.0,3.33,-50.0,20.0
2013-11-05,-2.6,7.407,0.0,-18.18,-22.22,-11.11,11.11,27.27,0.0,6.67,0.0,20.0
2013-11-06,0.0,11.538,9.26,-18.18,-22.22,-9.09,25.0,23.08,0.0,3.23,0.0,20.0
2013-11-07,1.3,11.111,9.43,-7.14,-12.5,-9.09,11.11,23.08,0.0,3.45,0.0,20.0
2013-11-08,-1.2,6.452,4.08,-7.14,-25.0,-9.09,12.5,25.0,0.0,3.7,0.0,20.0
2013-11-11,7.1,6.667,4.08,-5.56,-25.0,-10.0,14.29,20.0,33.33,4.0,0.0,20.0
2013-11-12,0.3,3.448,4.65,-5.56,-42.86,0.0,16.67,20.0,18.18,4.17,0.0,25.0
2013-11-13,0.5,3.448,4.55,-5.56,-42.86,0.0,16.67,20.0,23.08,8.0,0.0,25.0
2013-11-14,-0.2,3.448,2.63,-5.56,-37.5,0.0,16.67,20.0,23.08,4.17,0.0,25.0
2013-11-15,-0.9,0.0,2.63,-5.56,-37.5,0.0,16.67,20.0,23.08,4.17,0.0,25.0
2013-11-18,-0.5,0.0,2.63,-5.56,-37.5,0.0,20.0,28.57,23.08,0.0,0.0,33.33
2013-11-19,0.1,0.0,5.56,-5.56,-37.5,0.0,14.29,23.08,23.08,0.0,33.33,33.33
2013-11-20,1.6,3.125,5.56,-5.56,-37.5,14.29,14.29,21.43,25.0,4.55,33.33,33.33
2013-11-21,3.1,3.03,8.82,-5.56,-33.33,14.29,14.29,21.43,18.18,22.0,33.33,33.33
2013-11-22,5.2,3.226,10.81,6.67,-33.33,14.29,14.29,16.67,18.18,22.0,33.33,33.33
2013-11-25,4.8,3.226,10.81,0.0,-33.33,33.33,14.29,21.43,18.18,23.0,33.33,33.33
2013-11-26,5.8,3.125,10.81,0.0,-33.33,33.33,14.29,21.43,30.0,23.0,33.33,33.33
2013-11-27,7.0,8.333,10.53,0.0,-28.57,42.86,25.0,23.08,27.27,24.0,33.33,33.33
2013-11-28,8.2,8.824,10.87,0.0,-28.57,37.5,25.0,23.08,7.14,-12.5,25.0,25.0
2013-11-29,4.4,8.824,10.2,0.0,-37.5,37.5,11.11,28.57,6.67,-14.29,25.0,20.0
2013-12-02,6.4,11.429,13.21,0.0,-22.22,30.0,18.18,30.77,7.14,-10.34,25.0,33.33
2013-12-03,6.7,12.5,13.21,0.0,-22.22,27.27,18.18,36.36,7.14,-6.67,25.0,33.33
2013-12-04,5.2,8.824,11.86,0.0,-22.22,27.27,18.18,36.36,7.14,-13.33,25.0,33.33
2013-12-05,7.1,13.889,15.25,0.0,-22.22,27.27,18.18,30.77,7.14,-10.34,25.0,33.33
2013-12-06,8.1,15.385,19.3,0.0,-25.0,27.27,8.33,26.67,7.14,-10.34,25.0,33.33
2013-12-09,5.5,13.158,18.97,15.38,-28.57,-9.09,8.33,25.0,-27.27,-6.9,20.0,28.57
2013-12-10,7.7,16.667,18.33,12.5,-37.5,25.0,8.33,25.0,-23.08,-7.41,20.0,28.57
2013-12-11,7.2,16.667,16.36,11.11,-37.5,16.67,0.0,25.0,-23.08,-3.85,20.0,16.67
2013-12-12,4.5,11.111,16.98,11.76,-33.33,16.67,0.0,20.0,-33.33,-4.0,20.0,16.67
2013-12-13,4.5,8.571,16.98,11.76,-25.0,16.67,-12.5,20.0,-33.33,-4.17,20.0,20.0
2013-12-16,5.8,14.286,18.37,11.76,-25.0,9.09,-12.5,20.0,-38.46,-4.35,20.0,20.0
2013-12-17,6.5,14.706,20.0,11.76,-25.0,9.09,-12.5,25.0,-38.46,-8.7,0.0,20.0
2013-12-18,5.0,11.765,11.11,11.76,-25.0,11.11,-12.5,33.33,-35.71,0.0,25.0,20.0
2013-12-19,3.1,5.556,11.11,7.14,-25.0,11.11,0.0,33.33,-35.71,-4.0,25.0,20.0
2013-12-20,5.9,12.903,13.64,7.14,-14.29,11.11,12.5,35.71,-35.71,-7.41,25.0,25.0
2013-12-23,7.0,9.091,11.36,22.22,-14.29,12.5,22.22,35.71,-35.71,-7.69,33.33,25.0
2013-12-24,0.0,11.429,11.11,22.22,-14.29,12.5,22.22,40.0,-33.33,-7.41,33.33,25.0
2013-12-25,7.3,11.429,11.11,22.22,-14.29,12.5,22.22,40.0,-33.33,-7.41,33.33,25.0
2013-12-26,9.4,11.429,11.11,22.22,-14.29,12.5,22.22,40.0,-33.33,-7.41,33.33,25.0
2013-12-27,10.6,14.706,11.36,22.22,-16.67,12.5,22.22,42.86,-25.0,-8.33,33.33,25.0
2013-12-30,0.0,14.706,11.11,22.22,-14.29,11.11,22.22,42.86,-25.0,-8.33,33.33,25.0
2013-12-31,10.3,13.889,11.36,20.0,-14.29,11.11,28.57,42.86,-26.67,-8.33,33.33,25.0
2014-01-01,9.3,13.889,11.36,20.0,-14.29,11.11,28.57,42.86,-26.67,-8.33,33.33,25.0
2014-01-02,9.5,14.286,12.5,20.0,-22.22,11.11,28.57,46.15,-26.67,-16.67,33.33,25.0
2014-01-03,9.5,14.286,10.87,20.0,-22.22,11.11,28.57,45.45,-26.67,-13.79,33.33,0.0
2014-01-06,8.0,10.811,8.0,20.0,-22.22,11.11,12.5,45.45,-26.67,-13.79,33.33,0.0
2014-01-07,7.6,11.111,8.0,20.0,-22.22,11.11,12.5,33.33,-26.67,-13.79,33.33,0.0
2014-01-08,5.6,6.25,7.41,20.0,-25.0,0.0,12.5,33.33,-28.57,-14.29,33.33,0.0
2014-01-09,3.8,6.061,7.84,7.69,-28.57,0.0,-11.11,28.57,-25.0,-11.11,50.0,0.0
2014-01-10,2.0,0.0,10.2,7.69,0.0,0.0,0.0,6.67,-27.27,-12.5,50.0,0.0
2014-01-13,0.5,-2.941,6.52,8.33,-16.67,0.0,-16.67,12.5,-27.27,-17.39,0.0,-25.0
2014-01-14,0.2,-2.857,8.51,0.0,-16.67,0.0,-16.67,12.5,-16.67,-22.73,0.0,-25.0
2014-01-15,2.1,0.0,10.0,0.0,-16.67,-11.11,-16.67,12.5,-7.69,-22.73,0.0,-25.0
2014-01-16,0.2,-6.452,7.69,0.0,-16.67,-11.11,-16.67,14.29,-7.69,-22.73,0.0,-25.0
2014-01-17,-2.7,-16.667,7.89,0.0,-16.67,-11.11,0.0,16.67,-7.69,-18.18,0.0,-25.0
2014-01-20,-6.9,-16.667,5.56,-12.5,-16.67,-12.5,0.0,18.18,-7.69,-18.18,0.0,-33.33
2014-01-21,-5.5,-16.667,5.71,-15.38,0.0,-12.5,0.0,15.38,-8.33,-23.81,0.0,-33.33
2014-01-22,-5.5,-16.667,5.88,-18.18,0.0,-16.67,0.0,15.38,-8.33,-21.74,0.0,-33.33
2014-01-23,-1.1,-16.129,21.43,-18.18,0.0,-16.67,0.0,20.0,0.0,-25.0,0.0,-33.33
2014-01-24,-1.4,-16.129,21.43,-18.18,0.0,-16.67,0.0,20.0,0.0,-24.0,0.0,-33.33
2014-01-27,-2.1,-22.581,22.73,-18.18,0.0,-16.67,0.0,20.0,10.0,-24.0,0.0,-33.33
2014-01-28,-1.5,-21.212,22.73,-18.18,-16.67,-16.67,0.0,14.29,10.0,-23.08,0.0,-33.33
2014-01-29,-1.5,-15.152,22.22,-18.18,-28.57,-16.67,-16.67,7.69,0.0,-33.33,0.0,-33.33
2014-01-30,-1.1,-16.129,20.0,-18.18,-28.57,0.0,-16.67,7.69,7.69,-19.23,0.0,-25.0
2014-01-31,-2.9,-21.212,20.0,-16.67,-14.29,0.0,-42.86,0.0,14.29,-20.83,0.0,-25.0
2014-02-03,-2.8,-21.875,22.0,-16.67,-12.5,-16.67,-57.14,-9.09,14.29,-16.0,0.0,-20.0
2014-02-04,-3.4,-25.806,22.45,-16.67,-12.5,-16.67,-57.14,-9.09,14.29,-12.0,25.0,-20.0
2014-02-05,-4.4,-25.0,19.61,-16.67,-12.5,-14.29,-57.14,-16.67,14.29,-11.54,25.0,-20.0
2014-02-06,-4.0,-25.0,19.23,-16.67,-12.5,-14.29,-57.14,-7.69,20.0,-11.11,25.0,-20.0
2014-02-07,-4.7,-26.471,16.67,-16.67,-11.11,-14.29,-37.5,0.0,20.0,-10.71,25.0,-20.0
2014-02-10,-6.3,-26.471,14.55,-16.67,-12.5,-28.57,-37.5,0.0,8.33,-10.71,25.0,-16.67
2014-02-11,-4.0,-28.125,14.55,7.14,-12.5,-28.57,-37.5,0.0,0.0,-10.71,0.0,-16.67
2014-02-12,-4.5,-28.125,12.5,7.14,-12.5,-44.44,-30.0,0.0,0.0,-13.79,0.0,-16.67
2014-02-13,-5.9,-32.258,11.54,7.14,-14.29,-44.44,-30.0,0.0,0.0,-10.71,0.0,-16.67
2014-02-14,-4.7,-30.303,18.18,7.14,-14.29,-44.44,-30.0,-5.88,0.0,-13.04,0.0,0.0
2014-02-17,-5.2,-29.032,22.0,17.65,-14.29,-44.44,-22.22,-5.88,-7.14,-9.09,0.0,0.0
2014-02-18,-2.8,-29.032,20.0,17.65,-14.29,-44.44,-22.22,0.0,-6.67,-9.09,0.0,0.0
2014-02-19,-3.6,-31.25,22.22,17.65,-14.29,-57.14,-12.5,-5.88,-6.67,-4.35,0.0,0.0
2014-02-20,-5.6,-32.353,8.33,28.57,-14.29,-57.14,-14.29,-6.67,-6.67,-4.17,0.0,0.0
2014-02-21,-4.1,-27.273,6.38,28.57,-33.33,-57.14,-14.29,-6.67,-6.67,0.0,0.0,0.0
2014-02-24,-4.0,-27.273,8.33,28.57,-33.33,-66.67,-14.29,-14.29,-6.67,0.0,25.0,0.0
2014-02-25,-1.8,-27.273,6.12,45.45,-33.33,-66.67,-14.29,-14.29,-14.29,7.69,25.0,0.0
2014-02-26,-1.8,-23.529,8.0,45.45,-28.57,-80.0,-25.0,-14.29,-23.08,7.69,25.0,0.0
2014-02-27,-1.0,-26.471,8.77,45.45,-12.5,-66.67,-25.0,-14.29,-11.76,7.41,0.0,-25.0
2014-02-28,-0.7,-25.0,10.0,41.67,0.0,-66.67,-22.22,-20.0,-5.88,3.85,0.0,-20.0
2014-03-03,2.8,-19.444,8.2,62.5,0.0,-57.14,-36.36,-20.0,-6.25,3.23,0.0,0.0
2014-03-04,2.8,-19.444,8.33,62.5,0.0,-50.0,-36.36,-23.08,-6.67,6.45,0.0,0.0
2014-03-05,2.5,-21.622,11.29,62.5,-8.33,-33.33,-36.36,-23.08,-6.67,6.67,0.0,0.0
2014-03-06,3.3,-16.667,3.64,62.5,-9.09,-33.33,-36.36,-15.38,-6.67,13.33,0.0,0.0
2014-03-07,-2.4,-18.421,3.64,27.27,-9.09,-33.33,-33.33,-20.0,-6.67,13.79,0.0,0.0
2014-03-10,-5.2,-16.216,0.0,7.14,-9.09,-33.33,-33.33,-18.75,-6.25,13.79,0.0,0.0
2014-03-11,-5.5,-17.143,0.0,7.14,0.0,-33.33,-33.33,-18.75,-6.25,14.29,0.0,0.0
2014-03-12,-5.3,-17.143,-1.85,7.14,11.11,-30.0,-27.27,-18.75,0.0,10.71,-20.0,0.0
2014-03-13,-7.1,-11.429,-2.04,-11.76,10.0,-16.67,-27.27,-18.75,-7.14,4.17,-20.0,0.0
2014-03-14,-7.6,-12.121,-2.13,-12.5,10.0,-16.67,-22.22,-20.0,-15.38,4.17,-20.0,0.0
2014-03-17,-6.5,-6.25,-2.17,-12.5,0.0,-16.67,-25.0,-20.0,-15.38,4.35,-20.0,0.0
2014-03-18,-7.3,-6.25,-4.26,-12.5,0.0,-16.67,-25.0,-12.5,-15.38,0.0,-66.67,0.0
2014-03-19,-5.9,-6.452,-2.22,-12.5,0.0,-18.18,-25.0,-6.67,-14.29,4.35,-50.0,0.0
2014-03-20,-4.0,0.0,-2.27,-12.5,0.0,-18.18,-25.0,-13.33,-14.29,4.35,-50.0,0.0
2014-03-21,-2.2,3.125,2.33,-12.5,0.0,-18.18,-42.86,-13.33,-14.29,4.55,-50.0,0.0
2014-03-24,-1.2,3.125,2.13,-12.5,0.0,-10.0,-42.86,-14.29,-8.33,4.55,-50.0,0.0
2014-03-25,-4.6,5.882,0.0,-38.46,0.0,-10.0,-42.86,-14.29,0.0,-4.17,-33.33,0.0
2014-03-26,-2.6,8.571,3.92,-38.46,0.0,12.5,-60.0,-14.29,0.0,0.0,-33.33,0.0
2014-03-27,-0.6,14.706,3.77,-38.46,0.0,12.5,-60.0,-14.29,0.0,4.0,-33.33,0.0
2014-03-28,-1.1,14.706,-1.89,-38.46,0.0,12.5,-50.0,-7.69,0.0,3.85,-33.33,0.0
2014-03-31,-4.9,11.429,0.0,-63.64,0.0,11.11,-28.57,0.0,-12.5,0.0,-25.0,0.0
2014-04-01,-4.3,10.811,5.45,-63.64,10.0,11.11,-25.0,0.0,-13.33,0.0,-25.0,-16.67
2014-04-02,-2.1,16.216,5.45,-63.64,10.0,11.11,-11.11,7.69,-13.33,-3.57,-25.0,-16.67
2014-04-03,2.0,19.444,18.75,-63.64,10.0,11.11,-11.11,7.69,-13.33,-3.57,-25.0,-16.67
2014-04-04,3.0,21.622,18.37,-63.64,18.18,11.11,-11.11,28.57,-13.33,-7.14,-25.0,-16.67
2014-04-07,2.5,21.622,17.02,-63.64,18.18,11.11,-10.0,26.67,-13.33,-7.14,-25.0,-16.67
2014-04-08,2.2,22.222,17.78,-63.64,18.18,11.11,-10.0,11.76,-6.25,-11.11,-40.0,-14.29
2014-04-09,2.6,20.0,15.22,-57.14,20.0,25.0,0.0,11.76,-11.76,-3.7,-40.0,-14.29
2014-04-10,3.0,26.471,14.63,-57.14,11.11,28.57,0.0,11.76,-23.08,-3.85,-25.0,0.0
2014-04-11,1.1,26.471,13.16,-61.54,0.0,28.57,0.0,18.75,-25.0,-4.0,-25.0,0.0
2014-04-14,3.7,25.806,15.79,-50.0,0.0,33.33,33.33,18.75,-25.0,-4.76,-25.0,-25.0
2014-04-15,5.1,25.806,15.38,-40.0,0.0,40.0,33.33,17.65,-25.0,-5.0,-25.0,-25.0
2014-04-16,5.9,31.25,10.81,-40.0,20.0,33.33,33.33,17.65,-25.0,0.0,-25.0,-25.0
2014-04-17,5.0,34.375,8.57,-40.0,20.0,33.33,33.33,6.67,-23.08,-5.0,-25.0,-25.0
2014-04-18,6.5,34.375,8.57,-35.29,20.0,33.33,33.33,6.67,-23.08,-5.0,-25.0,-25.0
2014-04-21,9.4,34.375,8.57,-28.57,20.0,33.33,33.33,6.67,-23.08,-5.0,-25.0,-25.0
2014-04-22,9.2,40.625,12.5,-28.57,16.67,37.5,40.0,15.38,-25.0,-5.26,-33.33,-33.33
2014-04-23,8.9,36.364,21.05,-28.57,16.67,33.33,40.0,13.33,-30.0,-5.26,-33.33,-33.33
2014-04-24,10.6,30.303,21.95,-9.09,20.0,33.33,40.0,13.33,-30.0,0.0,-33.33,-33.33
2014-04-25,10.6,34.375,21.95,-9.09,20.0,33.33,40.0,13.33,-36.36,-4.55,-33.33,-33.33
2014-04-28,10.3,32.258,23.81,-9.09,33.33,33.33,40.0,13.33,-33.33,-4.55,-33.33,-33.33
2014-04-29,8.3,32.258,14.58,-9.09,28.57,33.33,40.0,7.14,-30.77,-8.0,0.0,-33.33
2014-04-30,7.6,30.303,14.0,-8.33,28.57,28.57,33.33,7.14,-30.77,-13.04,0.0,-33.33
2014-05-01,6.1,30.303,14.0,-8.33,28.57,28.57,33.33,7.14,-30.77,-13.04,0.0,-33.33
2014-05-02,6.4,18.919,15.69,-8.33,25.0,28.57,28.57,0.0,-20.0,-7.14,0.0,-25.0
2014-05-05,6.5,18.919,15.69,-8.33,25.0,28.57,28.57,0.0,-20.0,-7.14,0.0,-25.0
2014-05-06,7.9,19.444,25.0,-8.33,0.0,12.5,22.22,0.0,-20.0,3.7,-20.0,-25.0
2014-05-07,6.3,17.143,18.18,-6.67,0.0,11.11,22.22,-7.14,-20.0,3.57,-20.0,-20.0
2014-05-08,5.4,14.286,19.05,-6.67,11.11,18.18,20.0,0.0,-25.0,-3.7,-16.67,-20.0
2014-05-09,4.1,15.152,12.2,-6.67,12.5,18.18,22.22,-5.88,-25.0,-3.7,-16.67,-20.0
2014-05-12,6.0,18.75,10.0,0.0,12.5,20.0,12.5,-12.5,-10.0,0.0,-20.0,-25.0
2014-05-13,4.3,20.0,2.56,0.0,0.0,10.0,14.29,-12.5,-10.0,0.0,-20.0,0.0
2014-05-14,4.6,17.241,2.5,0.0,0.0,11.11,0.0,-12.5,0.0,4.0,-20.0,0.0
2014-05-15,3.4,16.667,-2.38,0.0,0.0,11.11,0.0,-11.76,0.0,4.17,-20.0,0.0
2014-05-16,2.1,13.333,-2.38,0.0,-16.67,11.11,0.0,-21.43,0.0,8.7,-20.0,0.0
2014-05-19,2.3,13.333,-2.38,0.0,-28.57,11.11,0.0,-23.08,7.69,8.7,-20.0,0.0
2014-05-20,2.2,13.333,-2.38,0.0,-28.57,12.5,-14.29,-16.67,0.0,4.55,0.0,0.0
2014-05-21,3.3,13.333,0.0,5.88,-28.57,-16.67,-14.29,-16.67,8.33,4.55,0.0,0.0
2014-05-22,0.4,6.25,-4.26,5.88,-28.57,-16.67,0.0,-21.43,8.33,4.17,0.0,0.0
2014-05-23,-0.3,3.125,-4.08,5.88,-28.57,-16.67,0.0,-21.43,8.33,4.17,0.0,0.0
2014-05-26,2.2,3.125,-4.08,7.14,-28.57,-16.67,0.0,-21.43,8.33,4.17,0.0,0.0
2014-05-27,1.7,6.061,-2.04,10.0,-12.5,-16.67,0.0,-23.08,8.33,0.0,0.0,0.0
2014-05-28,0.3,3.226,-1.79,10.0,0.0,-16.67,0.0,-23.08,0.0,-8.33,0.0,0.0
2014-05-29,-1.0,0.0,-1.79,10.0,0.0,-28.57,0.0,-23.08,-6.67,-4.0,20.0,0.0
2014-05-30,-0.1,3.03,-3.51,10.0,0.0,-25.0,0.0,-21.43,0.0,-4.0,20.0,0.0
2014-06-02,-1.6,0.0,-3.45,9.09,0.0,-33.33,-10.0,-21.43,0.0,-3.45,20.0,-25.0
2014-06-03,-1.6,0.0,-3.39,9.09,0.0,-30.0,-18.18,-23.08,0.0,-3.23,20.0,-25.0
2014-06-04,-1.5,2.941,-9.26,9.09,9.09,-18.18,-18.18,-27.27,0.0,0.0,20.0,-25.0
2014-06-05,0.0,6.061,-5.56,9.09,9.09,-18.18,-18.18,-30.77,0.0,0.0,20.0,-25.0
2014-06-06,1.2,5.714,-3.57,9.09,9.09,-18.18,-16.67,-33.33,6.67,3.45,20.0,-25.0
2014-06-09,0.8,5.714,-5.45,7.14,0.0,-18.18,-16.67,-25.0,12.5,3.45,20.0,-25.0
2014-06-10,2.4,5.882,2.0,7.14,0.0,-18.18,-16.67,-25.0,13.33,7.41,20.0,-40.0
2014-06-11,2.5,6.25,2.08,7.69,0.0,-18.18,-18.18,-26.67,13.33,13.33,20.0,-40.0
2014-06-12,3.7,10.345,4.08,12.5,0.0,-23.08,-8.33,-26.67,7.69,8.0,20.0,-40.0
2014-06-13,1.3,7.407,0.0,10.53,11.11,-23.08,-9.09,-25.0,7.69,12.5,20.0,-50.0
2014-06-16,1.0,3.704,0.0,10.53,42.86,-16.67,-10.0,-25.0,7.69,12.5,20.0,-50.0
2014-06-17,0.0,3.571,-4.35,10.53,42.86,-18.18,-11.11,-26.67,7.69,8.7,66.67,-50.0
2014-06-18,0.6,3.571,0.0,12.5,42.86,-33.33,-11.11,-13.33,7.69,9.09,50.0,-66.67
2014-06-19,-0.2,0.0,0.0,12.5,42.86,-33.33,0.0,-21.43,7.14,17.39,66.67,-66.67
2014-06-20,0.6,0.0,0.0,12.5,42.86,-33.33,0.0,-7.14,7.14,18.18,66.67,-66.67
2014-06-23,-1.1,3.226,-12.77,7.69,42.86,-25.0,0.0,-7.14,15.38,18.18,66.67,-66.67
2014-06-24,0.2,6.061,-12.5,10.0,42.86,-25.0,0.0,-7.14,15.38,17.39,66.67,-66.67
2014-06-25,0.1,5.882,-10.0,10.0,42.86,-25.0,0.0,-7.14,8.33,13.64,66.67,-66.67
2014-06-26,0.2,5.882,-8.51,10.0,42.86,-25.0,12.5,-7.69,14.29,13.04,66.67,-66.67
2014-06-27,-1.0,6.25,-13.73,10.0,37.5,-25.0,22.22,-7.69,14.29,12.5,66.67,-66.67
2014-06-30,-2.6,6.061,-15.09,9.09,57.14,-22.22,9.09,-14.29,-6.67,14.81,50.0,-66.67
2014-07-01,-2.6,5.714,-14.29,9.09,50.0,-22.22,9.09,-7.69,-7.14,14.29,50.0,-25.0
2014-07-02,-2.7,5.556,-16.36,9.09,50.0,-18.18,9.09,-7.69,-7.14,17.24,50.0,-25.0
2014-07-03,-0.4,10.811,-14.29,9.09,50.0,-18.18,0.0,0.0,-7.14,17.86,50.0,-25.0
2014-07-04,0.7,11.111,-14.58,9.09,33.33,-18.18,0.0,0.0,-7.14,17.86,50.0,-25.0
2014-07-07,-0.9,11.111,-14.89,9.09,25.0,-18.18,0.0,0.0,-7.14,17.86,50.0,-25.0
2014-07-08,-2.2,8.824,-17.39,9.09,25.0,-18.18,0.0,0.0,-6.67,17.86,40.0,-25.0
2014-07-09,-4.1,8.824,-20.51,0.0,14.29,-16.67,-10.0,6.67,-6.67,20.69,40.0,-33.33
2014-07-10,-6.5,8.824,-35.14,0.0,0.0,-15.38,-10.0,6.67,7.69,17.86,25.0,-33.33
2014-07-11,-7.1,6.452,-33.33,0.0,0.0,-16.67,-10.0,-6.25,0.0,17.86,25.0,-33.33
2014-07-14,-3.9,6.897,-33.33,18.75,0.0,-10.0,0.0,-6.25,0.0,20.83,25.0,0.0
2014-07-15,-5.7,3.448,-34.29,15.0,0.0,-22.22,14.29,-6.25,0.0,22.73,25.0,0.0
2014-07-16,-6.0,3.448,-35.29,15.0,-16.67,-22.22,14.29,-5.88,0.0,26.09,25.0,0.0
2014-07-17,-8.3,3.226,-43.75,15.0,-16.67,-22.22,14.29,0.0,0.0,22.73,25.0,0.0
2014-07-18,-9.5,-3.226,-43.75,15.0,-16.67,-22.22,16.67,14.29,0.0,22.73,25.0,0.0
2014-07-21,-9.6,-3.226,-43.75,17.65,-16.67,-25.0,16.67,7.69,-9.09,22.73,25.0,0.0
2014-07-22,-10.4,-3.125,-46.67,17.65,-16.67,-25.0,16.67,7.69,-8.33,18.18,0.0,100.0
2014-07-23,-10.7,-3.125,-46.88,17.65,-16.67,-16.67,16.67,6.67,-9.09,14.29,0.0,100.0
2014-07-24,-8.1,-3.125,-30.77,14.29,-14.29,-16.67,16.67,6.67,-9.09,9.09,0.0,100.0
2014-07-25,-6.7,0.0,-30.23,18.18,-12.5,-16.67,16.67,7.14,-9.09,8.33,0.0,100.0
2014-07-28,-6.5,0.0,-29.55,18.18,-12.5,-16.67,16.67,7.14,-7.14,8.33,0.0,100.0
2014-07-29,-5.5,3.226,-27.91,18.18,-12.5,-16.67,16.67,7.14,-13.33,7.41,0.0,100.0
2014-07-30,-4.5,6.25,-25.0,18.18,-36.36,-12.5,28.57,0.0,-13.33,3.57,0.0,50.0
2014-07-31,-4.3,6.452,-24.0,16.67,-36.36,-12.5,28.57,0.0,-13.33,-3.7,0.0,50.0
2014-08-01,-5.6,5.405,-24.0,16.67,-33.33,-12.5,22.22,-8.33,-13.33,-7.14,0.0,50.0
2014-08-04,-3.1,2.778,-13.95,16.67,-33.33,-11.11,22.22,-8.33,-13.33,-6.9,0.0,33.33
2014-08-05,-2.2,5.556,-13.95,16.67,-33.33,-11.11,22.22,-8.33,-13.33,-3.45,25.0,33.33
2014-08-06,-3.1,5.714,-19.05,16.67,-33.33,-18.18,22.22,-8.33,-13.33,3.33,25.0,33.33
2014-08-07,-1.9,9.091,-19.05,20.0,-33.33,-16.67,22.22,0.0,-25.0,3.45,25.0,33.33
2014-08-08,0.3,9.091,-13.16,20.0,-30.77,-16.67,11.11,0.0,-15.38,3.57,25.0,25.0
2014-08-11,2.5,9.375,-11.11,21.43,-30.77,-18.18,28.57,6.25,0.0,0.0,0.0,25.0
2014-08-12,0.3,10.0,-11.43,0.0,-33.33,-18.18,33.33,6.25,7.69,0.0,0.0,0.0
2014-08-13,-1.1,10.0,-13.89,0.0,-33.33,-22.22,42.86,6.25,0.0,-8.0,0.0,0.0
2014-08-14,-3.2,3.704,-16.22,0.0,-33.33,-22.22,42.86,6.25,0.0,-8.33,0.0,0.0
2014-08-15,-3.9,0.0,-16.67,0.0,-20.0,-22.22,42.86,11.11,0.0,-8.0,0.0,0.0
2014-08-18,-3.5,0.0,-16.67,0.0,-20.0,-22.22,50.0,13.33,0.0,-8.0,0.0,0.0
2014-08-19,-1.7,3.333,-16.67,0.0,-20.0,-22.22,50.0,13.33,0.0,-4.17,0.0,0.0
2014-08-20,-0.3,3.333,-16.67,5.88,-20.0,-14.29,50.0,6.67,7.69,0.0,0.0,0.0
2014-08-21,1.7,9.091,-11.9,5.88,-9.09,-16.67,62.5,6.67,0.0,0.0,0.0,0.0
2014-08-22,1.6,9.091,-11.9,5.88,-9.09,-16.67,62.5,33.33,0.0,0.0,0.0,0.0
2014-08-25,-2.0,8.824,-13.95,-14.29,-9.09,-16.67,62.5,33.33,0.0,0.0,0.0,0.0
2014-08-26,-0.9,17.143,-14.29,-20.0,-9.09,-16.67,62.5,33.33,0.0,-4.0,0.0,0.0
2014-08-27,-1.4,17.647,-17.78,-20.0,0.0,-14.29,44.44,35.71,0.0,-8.7,0.0,0.0
2014-08-28,-2.4,18.75,-19.23,-20.0,-6.25,-12.5,44.44,35.71,-26.67,0.0,0.0,0.0
2014-08-29,-0.4,27.273,-20.37,-20.0,-6.25,-12.5,27.27,35.71,-31.25,3.85,0.0,0.0
2014-09-01,-1.4,27.273,-21.82,-18.18,-11.76,-11.11,30.77,35.71,-31.25,3.33,0.0,0.0
2014-09-02,0.3,32.353,-21.82,-18.18,-11.76,-10.0,30.77,35.71,-33.33,10.0,0.0,-25.0
2014-09-03,-0.5,28.571,-21.82,-18.18,-11.76,-9.09,30.77,41.67,-33.33,10.34,0.0,-25.0
2014-09-04,-1.5,31.429,-31.25,-18.18,-12.5,-9.09,30.77,41.67,-33.33,14.29,0.0,-25.0
2014-09-05,-3.2,27.778,-31.82,-18.18,-26.67,-9.09,28.57,20.0,-33.33,15.38,0.0,-25.0
2014-09-08,-3.3,27.778,-32.56,-14.29,-26.67,-8.33,28.57,25.0,-46.15,14.81,0.0,-20.0
2014-09-09,-3.4,25.714,-32.56,-14.29,-26.67,-8.33,28.57,23.53,-42.86,16.0,0.0,-20.0
2014-09-10,-3.4,23.529,-32.5,-14.29,-9.09,8.33,23.08,23.53,-42.86,16.0,0.0,-20.0
2014-09-11,-4.4,24.242,-34.21,-18.75,-16.67,8.33,23.08,25.0,-46.15,20.83,0.0,-20.0
2014-09-12,-1.2,31.034,-30.77,-18.75,-18.18,8.33,27.27,25.0,-46.15,26.09,0.0,-20.0
2014-09-15,-2.8,26.667,-30.77,-15.79,-18.18,9.09,27.27,25.0,-46.15,27.27,0.0,-25.0
2014-09-16,-3.9,21.429,-28.95,-15.79,-18.18,9.09,27.27,29.41,-46.15,23.81,-33.33,-25.0
2014-09-17,-3.0,21.429,-27.78,-15.79,-18.18,22.22,27.27,29.41,-46.15,28.57,-33.33,-25.0
2014-09-18,-5.9,16.667,-27.78,-25.0,-18.18,25.0,20.0,26.67,-46.15,21.74,-25.0,-25.0
2014-09-19,-7.6,12.903,-28.57,-25.0,-22.22,25.0,22.22,21.43,-53.85,21.74,-25.0,-33.33
2014-09-22,-9.0,9.375,-30.56,-25.0,-22.22,25.0,22.22,23.08,-58.33,21.74,0.0,-33.33
2014-09-23,-6.9,9.375,-25.58,-7.69,-22.22,25.0,22.22,6.67,-72.73,16.67,0.0,-33.33
2014-09-24,-5.8,12.5,-24.44,-10.0,-8.33,25.0,0.0,6.67,-70.0,19.05,0.0,-33.33
2014-09-25,-4.6,15.152,-23.26,-10.0,-7.69,25.0,0.0,6.67,-70.0,18.18,0.0,-33.33
2014-09-26,-3.2,19.355,-22.22,-10.0,-7.69,25.0,0.0,0.0,-70.0,19.05,0.0,-33.33
2014-09-29,-1.6,21.212,-20.41,-10.0,0.0,22.22,0.0,0.0,-50.0,16.0,0.0,-33.33
2014-09-30,-3.0,14.706,-17.65,-9.09,0.0,20.0,0.0,-7.14,-43.75,11.11,0.0,-33.33
2014-10-01,-5.0,8.333,-15.38,-9.09,6.67,20.0,-8.33,-7.69,-46.67,3.7,0.0,-50.0
2014-10-02,-7.2,0.0,-15.91,-9.09,0.0,20.0,-30.0,-7.69,-46.67,3.85,0.0,-50.0
2014-10-03,-6.3,2.703,-13.04,-9.09,-6.67,18.18,-27.27,-27.27,-46.67,3.57,0.0,-50.0
2014-10-06,-5.9,2.778,-13.33,-9.09,-6.67,18.18,-27.27,-16.67,-46.67,3.57,0.0,-50.0
2014-10-07,-7.5,-2.941,-13.33,-9.09,-6.67,18.18,-16.67,-23.08,-46.67,7.14,0.0,-50.0
2014-10-08,-6.6,-2.941,-9.52,-9.09,-18.18,20.0,-9.09,-21.43,-43.75,6.9,0.0,-40.0
2014-10-09,-4.8,-2.941,-5.71,-9.09,-10.0,0.0,-9.09,-21.43,-15.38,-3.57,-25.0,-40.0
2014-10-10,-5.4,-6.452,-2.86,-9.09,-10.0,0.0,0.0,-6.25,-15.38,-7.41,-25.0,-40.0
2014-10-13,-6.7,-6.452,0.0,-7.69,0.0,0.0,-14.29,-6.25,-15.38,-8.7,-25.0,-50.0
2014-10-14,-6.6,-13.793,0.0,-7.69,0.0,0.0,-14.29,-6.25,-15.38,-13.64,-25.0,-33.33
2014-10-15,-4.0,-10.345,2.94,0.0,0.0,0.0,-14.29,-6.25,-15.38,-17.39,-25.0,-33.33
2014-10-16,-3.9,-6.667,0.0,0.0,0.0,0.0,-14.29,-11.76,-15.38,-17.39,-25.0,-33.33
2014-10-17,-2.0,0.0,0.0,0.0,12.5,0.0,-16.67,0.0,-15.38,-17.39,-25.0,-33.33
2014-10-20,-2.0,0.0,0.0,0.0,12.5,0.0,-16.67,-7.14,-8.33,-18.18,-33.33,-50.0
2014-10-21,-0.9,0.0,0.0,0.0,12.5,0.0,-16.67,-7.69,9.09,-19.05,-33.33,-50.0
2014-10-22,-2.2,0.0,-3.13,0.0,12.5,-33.33,-16.67,-13.33,9.09,-15.0,-33.33,-50.0
2014-10-23,2.7,6.25,9.76,7.14,37.5,-33.33,-16.67,-13.33,9.09,-17.39,-33.33,-50.0
2014-10-24,1.2,3.226,12.2,7.14,37.5,-33.33,-16.67,-13.33,9.09,-20.0,-33.33,-50.0
2014-10-27,2.9,6.667,9.09,9.09,44.44,-33.33,-16.67,-13.33,16.67,-19.23,-33.33,-50.0
2014-10-28,2.7,6.25,9.09,9.09,40.0,-33.33,-16.67,-21.43,15.38,-19.23,-33.33,-50.0
2014-10-29,2.0,6.25,9.09,9.09,38.46,-33.33,-37.5,-21.43,15.38,-25.93,-50.0,-50.0
2014-10-30,3.0,9.677,12.24,9.09,38.46,-28.57,-37.5,-21.43,6.67,-22.22,-66.67,-50.0
2014-10-31,3.0,15.152,10.0,0.0,38.46,-28.57,-40.0,-21.43,6.67,-22.22,-66.67,-50.0
2014-11-03,4.1,17.647,10.0,0.0,35.71,-22.22,-27.27,-21.43,6.67,-17.86,-66.67,0.0
2014-11-04,5.0,17.143,14.29,0.0,35.71,-22.22,-27.27,-8.33,6.67,-17.86,-40.0,0.0
2014-11-05,4.7,14.286,17.07,0.0,30.77,-18.18,-20.0,-8.33,6.67,-20.69,-40.0,0.0
2014-11-06,4.3,14.706,14.63,0.0,33.33,-18.18,-20.0,-7.14,6.67,-23.33,-40.0,0.0
2014-11-07,4.5,13.889,15.0,0.0,33.33,-18.18,-27.27,6.25,6.67,-23.33,-40.0,0.0
2014-11-10,4.0,11.765,13.51,0.0,27.27,-18.18,-27.27,0.0,9.09,-26.92,-20.0,0.0
2014-11-11,5.0,15.625,11.43,0.0,27.27,-20.0,-33.33,6.25,-9.09,-25.0,-20.0,0.0
2014-11-12,6.0,23.333,8.57,0.0,20.0,-22.22,-25.0,6.25,0.0,-26.92,-20.0,33.33
2014-11-13,5.0,20.69,8.57,0.0,20.0,-22.22,-25.0,6.25,0.0,-28.0,-20.0,33.33
2014-11-14,4.1,21.429,8.57,-5.0,33.33,-22.22,-28.57,11.76,0.0,-29.17,-20.0,33.33
2014-11-17,3.3,17.241,11.76,-5.0,20.0,-22.22,-28.57,6.25,-7.69,-29.17,-20.0,33.33
2014-11-18,4.0,17.241,14.29,-5.0,20.0,-22.22,-50.0,13.33,-7.69,-30.43,-20.0,33.33
2014-11-19,3.7,16.667,14.29,-5.0,20.0,-14.29,-50.0,14.29,-16.67,-28.57,0.0,50.0
2014-11-20,3.2,24.242,-4.65,-5.0,20.0,0.0,-25.0,20.0,-16.67,-17.39,0.0,50.0
2014-11-21,4.3,24.242,-4.88,-5.0,20.0,0.0,-25.0,0.0,-9.09,-17.39,0.0,50.0
2014-11-24,5.0,24.242,0.0,-5.88,20.0,0.0,-25.0,0.0,-9.09,-17.39,0.0,50.0
2014-11-25,4.5,20.588,2.38,-5.88,20.0,0.0,-25.0,0.0,-9.09,-20.83,0.0,50.0
2014-11-26,0.3,10.256,0.0,-14.29,15.38,14.29,-22.22,0.0,-9.09,-20.83,0.0,50.0
2014-11-27,2.2,5.556,5.88,-14.29,21.43,12.5,-22.22,7.69,6.67,-20.0,0.0,50.0
2014-11-28,1.2,2.941,3.77,-14.29,25.0,12.5,-9.09,7.14,6.25,-19.23,0.0,50.0
2014-12-01,0.6,2.857,3.7,-18.18,23.53,22.22,-7.69,7.69,6.25,-13.33,0.0,33.33
2014-12-02,0.3,5.714,3.7,-18.18,23.53,10.0,-7.69,7.69,0.0,-16.13,0.0,33.33
2014-12-03,1.6,8.333,5.36,-18.18,23.53,9.09,-7.69,18.18,0.0,-12.5,0.0,50.0
2014-12-04,-0.7,5.714,-4.26,-18.18,18.75,9.09,-7.69,25.0,0.0,-10.0,0.0,50.0
2014-12-05,-0.3,5.405,-4.26,-18.18,11.11,9.09,0.0,21.43,0.0,-7.14,0.0,50.0
2014-12-08,-0.6,5.405,-2.27,-14.29,5.88,9.09,0.0,18.75,-13.33,-7.41,0.0,50.0
2014-12-09,-0.9,5.714,-2.33,-14.29,6.25,8.33,0.0,18.75,-14.29,-10.71,0.0,60.0
2014-12-10,-2.0,5.714,-4.55,-14.29,0.0,14.29,16.67,18.75,-25.0,-11.54,0.0,60.0
2014-12-11,-3.5,2.857,-10.0,-14.29,7.14,15.38,16.67,18.75,-21.43,-12.5,25.0,60.0
2014-12-12,-0.4,3.03,-7.5,5.26,7.14,15.38,30.0,26.67,-23.08,-12.5,25.0,60.0
2014-12-15,-0.5,6.25,-5.13,5.26,7.69,18.18,22.22,26.67,-28.57,-16.67,25.0,50.0
2014-12-16,0.8,6.25,2.13,5.26,7.69,18.18,22.22,25.0,-28.57,-13.04,50.0,50.0
2014-12-17,0.9,6.452,2.22,5.26,9.09,22.22,22.22,23.53,-28.57,-8.33,66.67,50.0
2014-12-18,3.0,6.667,4.55,5.26,9.09,22.22,22.22,26.67,-28.57,-4.55,66.67,50.0
2014-12-19,3.0,9.677,4.26,6.25,14.29,22.22,33.33,13.33,-26.67,0.0,66.67,66.67
2014-12-22,3.1,6.25,6.38,6.25,13.33,25.0,33.33,21.43,-26.67,0.0,50.0,66.67
2014-12-23,4.0,6.25,6.38,6.25,13.33,25.0,33.33,21.43,-15.38,0.0,50.0,66.67
2014-12-24,2.6,2.703,6.52,6.25,13.33,25.0,20.0,26.67,-25.0,8.33,50.0,66.67
2014-12-25,5.0,5.556,6.52,7.69,13.33,25.0,20.0,26.67,-17.65,8.33,50.0,66.67
2014-12-26,0.0,5.556,6.52,20.0,13.33,25.0,20.0,26.67,-17.65,8.33,50.0,66.67
2014-12-29,5.3,6.061,4.55,20.0,21.43,25.0,20.0,21.43,-12.5,8.33,50.0,66.67
2014-12-30,5.1,5.882,4.44,20.0,21.43,22.22,20.0,21.43,-13.33,8.0,50.0,66.67
2014-12-31,5.5,5.714,4.44,18.18,21.43,22.22,20.0,21.43,-13.33,8.0,50.0,66.67
2015-01-01,8.1,-3.226,24.32,18.18,21.43,22.22,12.5,15.38,-13.33,0.0,50.0,66.67
2015-01-02,2.9,-9.091,21.05,18.18,26.67,22.22,12.5,15.38,-13.33,3.7,50.0,66.67
2015-01-05,1.5,-9.091,16.67,18.18,26.67,22.22,12.5,15.38,-13.33,0.0,50.0,50.0
2015-01-06,0.4,-8.824,11.11,18.18,26.67,22.22,11.11,18.18,-13.33,0.0,50.0,50.0
2015-01-07,4.2,0.0,18.92,18.18,33.33,22.22,12.5,16.67,-13.33,0.0,50.0,50.0
2015-01-08,0.8,0.0,8.57,18.18,27.27,22.22,0.0,16.67,-36.36,3.85,50.0,50.0
2015-01-09,-0.5,0.0,8.82,18.18,27.27,22.22,-11.11,-6.67,-40.0,7.69,50.0,20.0
2015-01-12,-1.8,0.0,9.09,15.38,30.0,0.0,-14.29,-12.5,-40.0,4.55,50.0,25.0
2015-01-13,-2.0,-3.448,8.82,15.38,30.0,12.5,-14.29,-12.5,-36.36,9.52,33.33,25.0
2015-01-14,-4.3,-10.345,6.06,12.5,30.0,33.33,-14.29,-12.5,-33.33,4.76,33.33,0.0
2015-01-15,-5.2,-16.667,6.06,12.5,30.0,33.33,-14.29,-20.0,-33.33,5.0,33.33,0.0
2015-01-16,-5.2,-13.793,3.13,12.5,50.0,33.33,-33.33,-23.08,-33.33,5.0,33.33,0.0
2015-01-19,-5.7,-13.793,3.13,11.76,50.0,33.33,-33.33,-27.27,-25.0,5.0,50.0,0.0
2015-01-20,-3.7,-13.793,6.06,11.76,50.0,37.5,-33.33,-25.0,-25.0,10.53,50.0,-50.0
2015-01-21,-0.6,-10.0,9.38,11.76,50.0,33.33,-33.33,-23.08,-9.09,15.0,50.0,-50.0
2015-01-22,-0.2,-10.345,12.5,11.76,50.0,33.33,-33.33,-23.08,-9.09,14.29,50.0,-50.0
2015-01-23,-2.7,-10.0,10.26,0.0,50.0,33.33,-33.33,-6.67,-9.09,18.18,50.0,-50.0
2015-01-26,-1.8,-13.793,10.26,0.0,50.0,33.33,-33.33,-6.67,0.0,19.05,50.0,-50.0
2015-01-27,-2.4,-14.286,6.06,0.0,50.0,33.33,-33.33,-7.14,0.0,19.05,50.0,-50.0
2015-01-28,-3.2,-9.677,6.06,0.0,50.0,33.33,-33.33,-7.69,0.0,9.09,0.0,-50.0
2015-01-29,-3.7,-14.286,6.25,0.0,60.0,33.33,-14.29,-7.69,-10.0,10.0,0.0,-50.0
2015-01-30,-4.6,-12.903,5.13,0.0,25.0,28.57,-12.5,-16.67,-7.14,4.0,0.0,-50.0
2015-02-02,-4.6,-11.765,7.69,-8.33,25.0,25.0,10.0,-16.67,-7.14,3.85,0.0,-66.67
2015-02-03,-3.4,-9.677,7.69,-8.33,25.0,25.0,22.22,-27.27,-7.14,8.0,0.0,-66.67
2015-02-04,-3.4,-12.903,12.2,-8.33,22.22,22.22,22.22,-33.33,-7.14,11.54,0.0,-66.67
2015-02-05,-2.2,-9.375,14.29,-8.33,18.18,22.22,22.22,-33.33,-11.11,14.81,0.0,-66.67
2015-02-06,-1.3,-8.824,14.29,-8.33,18.18,22.22,30.0,-13.33,-11.11,14.81,0.0,-66.67
2015-02-09,-1.8,-8.824,14.63,-13.33,18.18,22.22,30.0,-6.25,-9.09,14.81,0.0,-66.67
2015-02-10,-1.8,-9.091,14.63,-13.33,18.18,22.22,30.0,-6.25,-9.09,14.81,-25.0,-25.0
2015-02-11,-1.6,-9.677,14.63,-14.29,18.18,9.09,33.33,-6.25,0.0,10.71,-25.0,-25.0
2015-02-12,-2.5,-15.152,14.29,-14.29,8.33,9.09,33.33,-6.25,0.0,10.71,-25.0,-25.0
2015-02-13,0.6,-9.677,20.45,-11.76,0.0,9.09,33.33,0.0,0.0,8.33,-25.0,-25.0
2015-02-16,-1.6,-12.5,20.45,-11.76,0.0,9.09,33.33,0.0,-7.69,13.04,-25.0,-33.33
2015-02-17,1.1,-10.0,22.73,-11.76,0.0,9.09,36.36,0.0,-7.69,18.18,-25.0,-33.33
2015-02-18,0.8,-9.375,19.05,-11.76,0.0,0.0,36.36,5.88,-7.69,25.0,-25.0,-33.33
2015-02-19,2.4,-11.765,27.03,-11.76,0.0,0.0,55.56,5.88,-7.14,25.0,-25.0,-33.33
2015-02-20,2.3,-12.5,27.91,-11.76,-16.67,0.0,62.5,13.33,-7.14,16.67,-25.0,0.0
2015-02-23,0.9,-15.152,24.44,-14.29,-16.67,12.5,62.5,21.43,-7.14,12.0,-25.0,0.0
2015-02-24,0.6,-17.647,24.44,-14.29,-16.67,12.5,62.5,21.43,-7.69,12.0,-33.33,0.0
2015-02-25,0.2,-14.706,25.0,-18.18,-16.67,-14.29,55.56,21.43,-8.33,12.0,-33.33,0.0
2015-02-26,-1.1,-11.765,20.75,-18.18,-23.08,-12.5,55.56,21.43,-18.75,14.81,-33.33,0.0
2015-02-27,-3.1,-18.182,20.75,-18.18,-6.67,-12.5,36.36,21.43,-17.65,14.81,-33.33,0.0
2015-03-02,-6.0,-18.919,20.0,-25.0,-12.5,0.0,38.46,21.43,-18.75,9.38,-33.33,0.0
2015-03-03,-6.0,-18.919,20.0,-25.0,-12.5,0.0,38.46,28.57,-20.0,9.09,-33.33,25.0
2015-03-04,-7.1,-21.622,19.3,-25.0,-11.76,0.0,38.46,30.77,-20.0,6.25,-33.33,25.0
2015-03-05,-9.2,-26.316,15.79,-25.0,-16.67,0.0,38.46,28.57,-20.0,6.25,-33.33,25.0
2015-03-06,-9.1,-26.316,18.37,-25.0,-16.67,0.0,28.57,7.69,-20.0,3.23,-33.33,25.0
2015-03-09,-6.9,-26.316,17.02,-9.09,-16.67,0.0,28.57,0.0,-12.5,3.23,0.0,25.0
2015-03-10,-8.5,-31.429,16.33,-9.09,-16.67,-8.33,28.57,0.0,-11.76,10.71,0.0,20.0
2015-03-11,-10.7,-31.429,16.67,-28.57,-16.67,0.0,23.08,0.0,-6.25,10.0,0.0,20.0
2015-03-12,-7.8,-33.333,17.07,-5.88,-12.5,0.0,23.08,0.0,0.0,7.41,0.0,20.0
2015-03-13,-8.1,-34.286,17.5,-5.88,-12.5,0.0,27.27,0.0,0.0,12.5,0.0,20.0
2015-03-16,-8.7,-34.375,15.38,0.0,-13.33,0.0,11.11,0.0,0.0,13.04,0.0,50.0
2015-03-17,-9.9,-34.375,12.5,0.0,-13.33,0.0,11.11,0.0,0.0,9.09,0.0,50.0
2015-03-18,-11.7,-35.484,7.89,0.0,-14.29,0.0,11.11,0.0,0.0,0.0,0.0,50.0
2015-03-19,-12.7,-36.364,5.41,0.0,-16.67,0.0,11.11,0.0,0.0,-4.55,0.0,50.0
2015-03-20,-14.0,-38.71,5.41,0.0,-16.67,0.0,0.0,-26.67,0.0,-4.55,0.0,50.0
2015-03-23,-12.2,-37.5,7.89,7.69,-16.67,0.0,0.0,-35.71,0.0,-8.7,0.0,50.0
2015-03-24,-9.3,-33.333,13.95,7.69,-16.67,0.0,0.0,-35.71,0.0,-9.09,50.0,33.33
2015-03-25,-10.6,-35.294,13.04,7.69,-14.29,12.5,-16.67,-35.71,-9.09,-4.55,50.0,33.33
2015-03-26,-10.0,-30.303,10.64,7.69,-7.14,12.5,-28.57,-35.71,-7.14,-4.17,50.0,33.33
2015-03-27,-9.6,-28.125,6.82,10.0,-6.67,12.5,-10.0,-46.15,-7.14,-4.0,50.0,33.33
2015-03-30,-8.3,-26.471,12.0,10.0,-6.67,11.11,-10.0,-46.15,-7.14,-3.45,50.0,60.0
2015-03-31,-6.2,-25.0,13.73,18.18,-6.67,10.0,-10.0,-35.71,-6.25,-6.67,50.0,60.0
2015-04-01,-5.9,-27.778,15.38,18.18,-6.25,10.0,-18.18,-46.15,-6.67,-13.79,50.0,50.0
2015-04-02,-4.5,-20.0,13.73,18.18,-6.25,10.0,-18.18,-46.15,-6.67,-20.69,50.0,50.0
2015-04-03,0.0,-20.0,13.73,18.18,-6.25,10.0,-18.18,-46.15,-6.67,-20.69,50.0,50.0
2015-04-06,-3.6,-21.622,16.67,18.18,0.0,10.0,-18.18,-30.77,-6.67,-14.81,50.0,50.0
2015-04-07,-2.6,-19.444,16.67,18.18,0.0,9.09,-18.18,-30.77,-6.67,-10.71,50.0,50.0
2015-04-08,-3.0,-20.0,13.64,18.18,0.0,10.0,-20.0,-30.77,0.0,-11.11,50.0,50.0
2015-04-09,-0.6,-17.647,17.14,18.18,7.14,11.11,-20.0,-28.57,16.67,-15.38,50.0,50.0
2015-04-10,0.5,-15.152,16.67,18.18,-8.33,0.0,-11.11,-5.88,18.18,-14.81,50.0,33.33
2015-04-13,-1.2,-13.793,17.14,0.0,0.0,-11.11,-28.57,-5.88,16.67,-13.64,33.33,40.0
2015-04-14,-2.8,-13.333,17.14,-10.0,0.0,-12.5,-28.57,-12.5,16.67,-14.29,33.33,25.0
2015-04-15,-2.1,-16.667,18.18,-10.0,0.0,-14.29,-28.57,-17.65,16.67,-15.0,33.33,25.0
2015-04-16,-0.3,-16.129,21.88,-10.0,0.0,11.11,-28.57,-18.75,16.67,-10.0,33.33,25.0
2015-04-17,-0.9,-19.355,21.88,-10.0,0.0,11.11,-16.67,0.0,15.38,-13.64,33.33,25.0
2015-04-20,-2.0,-19.355,21.88,-17.65,0.0,11.11,-16.67,6.25,8.33,-13.64,0.0,25.0
2015-04-21,-1.5,-19.355,22.58,-17.65,11.11,25.0,-16.67,0.0,9.09,-13.64,0.0,33.33
2015-04-22,0.7,-15.625,18.75,0.0,11.11,16.67,-16.67,0.0,9.09,-15.0,0.0,33.33
2015-04-23,-8.0,-18.75,2.56,-27.27,12.5,16.67,-16.67,0.0,0.0,-14.29,0.0,33.33
2015-04-24,-4.8,-12.5,2.44,-27.27,12.5,16.67,-16.67,6.67,9.09,-14.29,0.0,33.33
2015-04-27,-4.4,-12.903,2.44,-27.27,12.5,16.67,-16.67,6.67,0.0,-13.64,0.0,33.33
2015-04-28,-4.2,-12.903,5.0,-27.27,-16.67,16.67,-16.67,7.14,0.0,-20.0,0.0,33.33
2015-04-29,-2.8,-15.625,6.38,-27.27,-7.69,16.67,-14.29,15.38,7.69,-15.38,0.0,33.33
2015-04-30,-1.6,-15.152,4.08,-25.0,-7.69,14.29,-11.11,21.43,20.0,-15.38,0.0,0.0
2015-05-01,-1.4,-17.143,4.08,-25.0,-7.69,14.29,-11.11,41.67,20.0,-13.33,0.0,0.0
2015-05-04,-2.0,-17.143,2.04,-25.0,0.0,25.0,-18.18,41.67,20.0,-10.34,0.0,0.0
2015-05-05,-4.6,-17.143,-7.14,-25.0,0.0,25.0,-18.18,41.67,20.0,-13.33,-33.33,0.0
2015-05-06,-3.4,-14.706,-4.88,-25.0,0.0,22.22,-18.18,46.15,20.0,-10.0,-33.33,0.0
2015-05-07,-4.1,-11.765,-2.44,-40.0,0.0,18.18,-10.0,50.0,25.0,-10.71,-33.33,0.0
2015-05-08,-3.7,-11.111,-2.38,-40.0,0.0,18.18,-12.5,47.06,25.0,-7.14,-33.33,0.0
2015-05-11,-5.0,-11.765,-11.11,-40.0,0.0,20.0,-12.5,47.06,36.36,-8.33,-50.0,-20.0
2015-05-12,-6.8,-12.5,-14.71,-50.0,0.0,20.0,-12.5,43.75,44.44,-4.17,-50.0,-20.0
2015-05-13,-8.5,-9.677,-21.62,-50.0,0.0,20.0,0.0,43.75,40.0,-3.85,-50.0,-25.0
2015-05-14,-10.4,-16.667,-21.62,-50.0,0.0,20.0,0.0,43.75,40.0,0.0,-50.0,-25.0
2015-05-15,-10.6,-16.667,-21.62,-50.0,0.0,20.0,0.0,47.06,36.36,0.0,-50.0,-25.0
2015-05-18,-10.6,-17.241,-21.62,-50.0,0.0,22.22,0.0,53.33,33.33,0.0,-50.0,-25.0
2015-05-19,-10.1,-13.333,-24.32,-50.0,0.0,22.22,0.0,53.33,38.46,-4.17,-50.0,-25.0
2015-05-20,-10.8,-13.333,-22.86,-50.0,0.0,22.22,11.11,50.0,33.33,-4.17,-50.0,-25.0
2015-05-21,-11.3,-13.793,-22.86,-50.0,0.0,37.5,11.11,53.33,33.33,-4.35,-50.0,-25.0
2015-05-22,-11.4,-12.121,-17.78,-50.0,0.0,37.5,12.5,42.86,23.08,-4.17,-50.0,-33.33
2015-05-25,-10.6,-12.121,-18.18,-47.06,0.0,37.5,12.5,42.86,25.0,-4.17,-66.67,-33.33
2015-05-26,-13.2,-11.429,-20.93,-60.0,0.0,37.5,12.5,42.86,25.0,0.0,-66.67,-33.33
2015-05-27,-14.9,-8.824,-20.45,-60.0,7.69,16.67,12.5,53.85,15.38,-4.17,-66.67,-33.33
2015-05-28,-14.9,-6.25,-18.0,-60.0,7.69,0.0,11.11,53.85,12.5,-7.41,-66.67,-33.33
2015-05-29,-15.7,-9.677,-15.38,-60.0,7.69,-12.5,27.27,33.33,12.5,-4.0,-66.67,-20.0
2015-06-01,-14.3,-8.571,-13.21,-54.55,0.0,-11.11,15.38,33.33,12.5,-3.85,-66.67,0.0
2015-06-02,-13.5,-8.333,-13.21,-54.55,-6.67,-11.11,15.38,45.45,12.5,3.33,-66.67,0.0
2015-06-03,-13.7,-13.889,-9.09,-54.55,0.0,0.0,15.38,45.45,12.5,0.0,-66.67,0.0
2015-06-04,-11.1,-11.429,2.13,-54.55,0.0,0.0,15.38,50.0,12.5,0.0,-66.67,0.0
2015-06-05,-11.7,-11.111,2.17,-54.55,0.0,0.0,7.14,50.0,6.67,0.0,-66.67,0.0
2015-06-08,-9.3,-11.111,2.17,-42.86,0.0,0.0,7.14,56.25,13.33,0.0,-66.67,0.0
2015-06-09,-7.7,-8.571,2.17,-42.86,25.0,8.33,7.14,56.25,17.65,7.14,-50.0,0.0
2015-06-10,-9.1,-5.882,-4.88,-42.86,25.0,9.09,7.69,56.25,12.5,3.7,-50.0,0.0
2015-06-11,-8.7,-6.25,-2.56,-36.84,25.0,23.08,9.09,53.33,0.0,3.7,-50.0,16.67
2015-06-12,-7.9,-3.333,-2.56,-36.84,25.0,23.08,9.09,53.33,0.0,4.35,-50.0,16.67
2015-06-15,-8.8,-3.448,-2.63,-36.84,18.18,16.67,22.22,53.33,0.0,4.35,-50.0,20.0
2015-06-16,-11.8,-9.677,-7.5,-36.84,20.0,18.18,22.22,43.75,0.0,9.09,-50.0,20.0
2015-06-17,-12.9,-9.677,-10.53,-36.84,8.33,22.22,22.22,43.75,0.0,0.0,-66.67,20.0
2015-06-18,-8.8,-3.03,-11.11,-25.0,8.33,22.22,22.22,40.0,0.0,4.17,-66.67,20.0
2015-06-19,-10.1,-3.226,-11.43,-25.0,8.33,22.22,12.5,21.43,0.0,0.0,-66.67,25.0
2015-06-22,-9.4,-3.125,-11.11,-25.0,8.33,25.0,12.5,21.43,0.0,0.0,-50.0,25.0
2015-06-23,-6.4,-2.941,4.55,-25.0,8.33,25.0,12.5,21.43,0.0,-4.35,-50.0,25.0
2015-06-24,-3.7,-3.03,7.14,-10.0,8.33,25.0,11.11,21.43,0.0,-4.76,-50.0,25.0
2015-06-25,-3.5,-2.857,6.98,-10.0,8.33,25.0,11.11,21.43,6.67,-4.55,-50.0,25.0
2015-06-26,-2.2,3.03,6.98,-10.0,8.33,25.0,11.11,15.38,7.14,-4.55,-50.0,25.0
2015-06-29,-2.8,3.03,4.0,-10.0,7.14,25.0,0.0,15.38,6.67,-3.85,-50.0,25.0
2015-06-30,-3.2,0.0,6.12,-9.09,7.14,25.0,0.0,15.38,0.0,-3.85,-50.0,25.0
2015-07-01,-1.6,2.941,5.88,-9.09,7.69,20.0,-11.11,7.69,6.25,-3.7,-50.0,0.0
2015-07-02,0.3,3.125,11.36,-9.09,0.0,20.0,-20.0,7.69,13.33,-7.69,-50.0,0.0
2015-07-03,1.8,-2.778,9.3,-9.09,0.0,18.18,-18.18,0.0,13.33,-3.45,-50.0,0.0
2015-07-06,-0.9,-2.703,9.09,-9.09,0.0,18.18,-18.18,0.0,13.33,-3.45,-50.0,0.0
2015-07-07,-1.1,-2.941,9.09,-9.09,0.0,18.18,-18.18,0.0,13.33,-10.34,-50.0,0.0
2015-07-08,-0.2,-2.941,9.3,-9.09,-8.33,33.33,-18.18,-7.14,18.75,-3.23,-33.33,0.0
2015-07-09,1.5,-2.941,10.81,-9.09,-8.33,45.45,-20.0,0.0,23.08,0.0,-33.33,0.0
2015-07-10,1.3,0.0,8.57,-9.09,-9.09,45.45,-50.0,7.14,25.0,0.0,-33.33,0.0
2015-07-13,3.7,0.0,8.33,6.67,0.0,36.36,-50.0,12.5,23.08,0.0,-33.33,-25.0
2015-07-14,2.3,-3.448,5.41,10.53,0.0,30.0,-50.0,12.5,23.08,-8.7,-33.33,-25.0
2015-07-15,3.8,0.0,2.94,10.53,-12.5,33.33,-50.0,11.76,23.08,-13.04,-33.33,-25.0
2015-07-16,2.6,-3.333,2.94,10.53,-12.5,33.33,-50.0,6.25,23.08,-13.64,-33.33,-25.0
2015-07-17,1.6,-6.667,3.03,10.53,-12.5,33.33,-40.0,0.0,23.08,-13.64,-33.33,-25.0
2015-07-20,1.9,-6.667,3.03,17.65,-12.5,25.0,-40.0,-23.08,25.0,-13.64,-33.33,-25.0
2015-07-21,1.9,-6.667,3.03,17.65,-12.5,25.0,-40.0,-23.08,20.0,-13.64,-50.0,-33.33
2015-07-22,2.8,-6.452,12.5,17.65,-28.57,0.0,-40.0,-23.08,18.18,-10.0,-50.0,-33.33
2015-07-23,7.8,-6.897,12.5,36.36,-28.57,0.0,-40.0,-23.08,18.18,-10.0,-50.0,-33.33
2015-07-24,3.9,-6.452,-2.56,36.36,-12.5,0.0,-40.0,-13.33,18.18,-9.09,-50.0,-33.33
2015-07-27,6.1,-3.226,0.0,36.36,0.0,0.0,-40.0,-7.14,18.18,-13.04,-50.0,-33.33
2015-07-28,6.3,-3.226,0.0,36.36,0.0,0.0,-40.0,-7.14,16.67,-12.0,-50.0,-33.33
2015-07-29,6.6,-3.226,0.0,36.36,11.11,0.0,-33.33,-15.38,15.38,-3.7,0.0,-33.33
2015-07-30,2.7,-16.667,4.08,36.36,20.0,-14.29,-28.57,-15.38,0.0,-7.41,0.0,0.0
2015-07-31,3.5,-16.667,4.08,33.33,20.0,-14.29,-28.57,0.0,0.0,-7.41,0.0,0.0
2015-08-03,3.0,-17.241,4.17,33.33,20.0,-14.29,-28.57,0.0,0.0,-7.41,0.0,0.0
2015-08-04,0.1,-18.519,-10.0,33.33,20.0,-14.29,-28.57,0.0,0.0,-3.85,0.0,0.0
2015-08-05,0.5,-18.519,-7.89,33.33,20.0,-14.29,-33.33,0.0,0.0,-4.0,0.0,0.0
2015-08-06,1.0,-12.5,-11.63,33.33,27.27,-9.09,-25.0,-8.33,0.0,-10.0,0.0,-20.0
2015-08-07,-0.7,-8.824,-12.2,13.33,33.33,-8.33,-40.0,0.0,0.0,-10.0,0.0,-16.67
2015-08-10,0.0,-8.824,-10.81,16.67,20.0,-9.09,-33.33,0.0,0.0,-11.54,0.0,-16.67
2015-08-11,-1.8,-12.5,-13.89,17.65,20.0,-10.0,-37.5,6.25,-11.11,-12.0,0.0,0.0
2015-08-12,-2.3,-13.333,-16.67,15.0,33.33,-10.0,-28.57,6.25,-10.0,-3.7,0.0,0.0
2015-08-13,-1.2,-7.143,-16.67,15.0,33.33,-11.11,-28.57,6.25,-10.0,-4.0,0.0,0.0
2015-08-14,-2.0,-3.333,-25.0,15.0,44.44,-11.11,-33.33,0.0,-10.0,-8.33,0.0,0.0
2015-08-17,-2.3,-3.448,-25.71,15.0,44.44,-11.11,-33.33,0.0,-9.09,-8.33,0.0,0.0
2015-08-18,-2.2,-3.333,-25.71,15.0,44.44,-11.11,-33.33,0.0,-9.09,-4.35,0.0,0.0
2015-08-19,-2.7,-3.333,-25.71,15.0,44.44,-28.57,-33.33,7.14,-10.0,-14.29,0.0,0.0
2015-08-20,-1.2,0.0,-25.71,15.0,50.0,-16.67,-25.0,0.0,-10.0,-8.7,0.0,0.0
2015-08-21,-0.1,0.0,-21.43,15.0,50.0,-16.67,-25.0,0.0,-11.11,-8.7,0.0,0.0
2015-08-24,-1.4,0.0,-21.43,6.67,50.0,-16.67,-25.0,0.0,-11.11,-8.7,0.0,0.0
2015-08-25,0.5,5.882,-16.67,0.0,50.0,-16.67,-25.0,0.0,-11.11,-8.7,0.0,0.0
2015-08-26,0.8,8.824,-16.67,0.0,53.85,-16.67,-33.33,0.0,-11.11,0.0,0.0,0.0
2015-08-27,4.4,12.121,-11.36,0.0,57.14,-14.29,-33.33,0.0,8.33,4.0,0.0,0.0
2015-08-28,5.0,12.121,-8.0,0.0,53.33,-14.29,-36.36,0.0,8.33,3.85,0.0,25.0
2015-08-31,2.5,12.121,-8.0,-9.09,53.33,-14.29,-36.36,8.33,8.33,3.85,0.0,25.0
2015-09-01,0.4,8.333,-7.41,-9.09,43.75,-11.11,-38.46,15.38,-7.14,3.33,0.0,33.33
2015-09-02,-0.9,5.556,-9.43,-9.09,43.75,-20.0,-38.46,15.38,-7.69,3.23,0.0,33.33
2015-09-03,-2.2,0.0,-5.56,-9.09,31.25,-27.27,-38.46,9.09,-7.69,3.23,0.0,33.33
2015-09-04,0.5,2.703,6.12,-9.09,16.67,-27.27,-38.46,14.29,-7.69,0.0,0.0,33.33
2015-09-07,1.1,2.778,4.35,-7.14,11.76,-27.27,-42.86,14.29,-7.69,3.45,0.0,33.33
2015-09-08,1.2,5.714,6.82,-7.14,12.5,-27.27,-42.86,14.29,-15.38,3.7,0.0,28.57
2015-09-09,1.7,5.714,6.98,-7.14,14.29,-18.18,-46.15,25.0,-14.29,0.0,0.0,28.57
2015-09-10,2.2,8.824,0.0,-7.14,7.69,-16.67,-50.0,25.0,0.0,4.0,0.0,16.67
2015-09-11,0.7,6.061,2.63,-6.25,7.69,-16.67,-45.45,33.33,-9.09,4.0,0.0,16.67
2015-09-14,0.5,6.667,2.56,-5.26,7.69,-18.18,-45.45,33.33,-9.09,4.17,0.0,40.0
2015-09-15,-0.6,3.226,0.0,-5.26,7.69,-18.18,-60.0,33.33,-9.09,9.09,0.0,40.0
2015-09-16,0.6,0.0,8.11,-5.26,7.69,-22.22,-60.0,33.33,-9.09,9.52,0.0,40.0
2015-09-17,0.0,0.0,5.56,-5.26,7.69,-25.0,-60.0,31.25,-9.09,13.64,-33.33,40.0
2015-09-18,0.0,-6.452,5.71,6.25,7.69,-25.0,-50.0,33.33,-9.09,13.64,-33.33,50.0
2015-09-21,-1.7,-9.375,5.71,0.0,16.67,-25.0,-50.0,23.08,-9.09,13.64,-50.0,50.0
2015-09-22,-1.8,-9.375,8.57,0.0,16.67,-25.0,-50.0,25.0,-9.09,8.7,-50.0,50.0
2015-09-23,-1.5,-9.375,12.2,0.0,16.67,-25.0,-33.33,14.29,-10.0,5.0,-50.0,50.0
2015-09-24,0.2,-6.061,15.56,0.0,26.67,-25.0,-33.33,14.29,-9.09,4.76,-50.0,50.0
2015-09-25,-0.7,-9.677,16.28,0.0,21.43,-25.0,-33.33,23.08,-9.09,4.76,-50.0,50.0
2015-09-28,0.2,-9.091,20.0,0.0,13.33,-25.0,-33.33,23.08,-10.0,4.76,-50.0,50.0
2015-09-29,2.4,-6.061,26.53,0.0,13.33,-25.0,-40.0,23.08,-16.67,3.85,-50.0,50.0
2015-09-30,2.3,-8.824,25.49,0.0,13.33,-30.0,-36.36,28.57,-15.38,3.57,-50.0,40.0
2015-10-01,1.5,-9.375,23.08,0.0,6.67,-30.0,-30.0,30.77,-13.33,0.0,-50.0,16.67
2015-10-02,0.2,-17.143,25.58,0.0,6.67,-27.27,-27.27,27.27,-13.33,3.57,-50.0,16.67
2015-10-05,-0.3,-16.667,24.44,0.0,5.88,-27.27,-27.27,27.27,-13.33,0.0,-50.0,16.67
2015-10-06,-2.5,-20.0,20.45,0.0,5.88,-27.27,-27.27,25.0,-13.33,-3.33,-50.0,16.67
2015-10-07,-4.4,-23.529,20.45,0.0,-7.14,-30.0,-27.27,23.08,-18.75,-6.67,-50.0,16.67
2015-10-08,-5.8,-20.588,16.67,0.0,-15.38,-36.36,-27.27,28.57,-42.86,-10.71,0.0,14.29
2015-10-09,-5.8,-21.875,18.42,0.0,-16.67,-36.36,-22.22,23.53,-42.86,-11.11,0.0,0.0
2015-10-12,-7.4,-22.581,18.92,0.0,-16.67,-44.44,-25.0,23.53,-33.33,-11.11,0.0,0.0
2015-10-13,-4.3,-20.69,17.14,0.0,-9.09,-37.5,-14.29,18.75,-38.46,-13.04,0.0,-25.0
2015-10-14,-2.7,-17.241,16.67,0.0,-9.09,-33.33,-14.29,18.75,-38.46,-12.5,0.0,-25.0
2015-10-15,-1.2,-13.793,14.71,6.25,-9.09,-33.33,-14.29,18.75,-38.46,-8.7,0.0,-25.0
2015-10-16,0.0,-10.345,15.15,6.25,11.11,-33.33,-14.29,21.43,-38.46,-8.7,0.0,-25.0
2015-10-19,-1.1,-10.345,15.15,0.0,11.11,-33.33,0.0,21.43,-38.46,-8.7,0.0,-25.0
2015-10-20,0.2,-6.667,15.15,0.0,11.11,-37.5,0.0,20.0,-33.33,-8.7,0.0,-33.33
2015-10-21,-0.7,-6.667,15.15,0.0,11.11,-50.0,0.0,7.69,-36.36,-9.52,0.0,-33.33
2015-10-22,-0.2,-6.25,17.65,0.0,11.11,-50.0,0.0,13.33,-36.36,-9.52,0.0,-33.33
2015-10-23,2.2,-3.226,27.5,0.0,0.0,-50.0,0.0,13.33,-36.36,-9.52,0.0,-33.33
2015-10-26,0.1,-6.25,24.39,0.0,0.0,-50.0,0.0,13.33,-36.36,-17.39,0.0,-33.33
2015-10-27,0.4,-6.25,26.83,0.0,25.0,-50.0,0.0,13.33,-33.33,-24.0,0.0,-33.33
2015-10-28,1.6,-6.25,29.55,0.0,25.0,-50.0,-25.0,14.29,-23.08,-26.09,100.0,-33.33
2015-10-29,2.5,-6.452,32.65,0.0,15.38,-28.57,-25.0,14.29,-26.67,-28.57,100.0,-33.33
2015-10-30,3.1,-3.03,32.0,0.0,15.38,-28.57,-22.22,13.33,-31.25,-28.57,100.0,-25.0
2015-11-02,3.9,0.0,33.33,0.0,14.29,-25.0,-9.09,21.43,-31.25,-24.14,100.0,-20.0
2015-11-03,3.5,0.0,34.0,0.0,14.29,-22.22,-9.09,21.43,-31.25,-20.69,0.0,-20.0
2015-11-04,5.6,2.778,36.36,0.0,20.0,-22.22,-20.0,33.33,-23.53,-20.0,0.0,-20.0
2015-11-05,2.3,-2.941,28.57,0.0,15.38,-22.22,-20.0,30.77,-25.0,-20.0,0.0,-20.0
2015-11-06,4.0,0.0,31.71,0.0,15.38,-22.22,-9.09,31.25,-25.0,-19.35,0.0,-20.0
2015-11-09,3.9,0.0,28.21,0.0,25.0,-10.0,-9.09,29.41,-25.0,-19.35,0.0,-20.0
2015-11-10,1.9,-3.03,21.62,0.0,25.0,0.0,0.0,29.41,-20.0,-23.08,0.0,-16.67
2015-11-11,5.2,0.0,22.86,0.0,25.0,20.0,0.0,25.0,-14.29,-14.81,0.0,-20.0
2015-11-12,2.9,0.0,26.47,-10.0,27.27,22.22,-12.5,25.0,-16.67,-15.38,0.0,0.0
2015-11-13,5.6,13.793,23.68,-10.0,27.27,22.22,-14.29,25.0,-16.67,-20.0,0.0,0.0
2015-11-16,5.7,14.286,25.0,-10.0,33.33,22.22,-14.29,17.65,-15.38,-16.67,0.0,0.0
2015-11-17,5.9,10.345,30.56,-10.0,33.33,22.22,0.0,18.75,-15.38,-13.04,0.0,0.0
2015-11-18,6.1,6.667,30.56,-10.0,33.33,22.22,12.5,20.0,-8.33,-9.52,0.0,0.0
2015-11-19,5.4,6.25,30.56,-10.0,30.0,37.5,12.5,13.33,-8.33,-8.7,-33.33,0.0
2015-11-20,5.5,6.25,29.41,-10.0,30.0,37.5,12.5,16.67,-8.33,-8.7,-33.33,0.0
2015-11-23,5.4,6.25,31.43,-11.76,30.0,37.5,12.5,7.14,-8.33,-8.7,-33.33,0.0
2015-11-24,6.9,6.25,35.29,-11.76,30.0,37.5,12.5,7.14,0.0,-8.7,-33.33,0.0
2015-11-25,7.4,6.452,36.36,-11.76,30.0,66.67,12.5,7.14,0.0,-9.52,-33.33,0.0
2015-11-26,8.4,0.0,36.59,-21.43,0.0,42.86,11.11,7.14,0.0,-13.04,-33.33,0.0
2015-11-27,-0.2,-2.941,27.45,-21.43,0.0,42.86,9.09,0.0,0.0,-15.38,-33.33,0.0
2015-11-30,-1.0,-5.714,25.0,-18.18,6.67,44.44,16.67,0.0,0.0,-13.79,-33.33,-25.0
2015-12-01,-2.3,-11.111,27.78,-18.18,6.25,40.0,15.38,-7.69,0.0,-13.33,-33.33,-33.33
2015-12-02,-2.5,-11.111,27.78,-18.18,6.25,40.0,15.38,-7.69,0.0,-16.13,-33.33,-33.33
2015-12-03,-4.2,-13.889,25.93,-18.18,5.88,36.36,15.38,-18.18,0.0,-16.13,-33.33,-33.33
2015-12-04,-5.0,-13.158,18.75,-18.18,0.0,36.36,15.38,-21.43,6.25,-16.13,-33.33,-33.33
2015-12-07,-4.1,-10.811,19.57,-21.43,0.0,36.36,7.14,-21.43,6.25,-10.34,-33.33,-33.33
2015-12-08,-2.8,-8.571,20.0,-21.43,-20.0,33.33,7.14,-6.25,5.88,-3.45,-33.33,-33.33
2015-12-09,-3.5,-8.571,16.67,-21.43,-20.0,42.86,25.0,-6.25,0.0,-3.33,-25.0,-28.57
2015-12-10,-4.7,-11.765,13.16,-21.43,-14.29,38.46,25.0,-6.25,7.14,4.17,-25.0,-28.57
2015-12-11,-3.2,-12.121,15.38,-17.65,-14.29,38.46,27.27,-6.67,15.38,4.17,-25.0,-33.33
2015-12-14,-3.9,-12.903,15.38,-15.79,-15.38,41.67,22.22,-6.67,7.14,0.0,-25.0,-40.0
2015-12-15,-3.7,-13.333,15.0,-15.79,-15.38,45.45,22.22,-6.25,7.14,0.0,0.0,-40.0
2015-12-16,-4.7,-16.129,15.22,-15.79,-25.0,45.45,22.22,-6.25,0.0,4.35,0.0,-40.0
2015-12-17,-2.1,-12.121,21.28,-15.79,-25.0,45.45,22.22,-6.67,0.0,8.33,0.0,-40.0
2015-12-18,-3.7,-16.129,21.28,-15.79,-25.0,45.45,11.11,-23.08,0.0,8.7,0.0,-40.0
2015-12-21,-4.3,-16.129,21.28,-18.75,0.0,40.0,11.11,-25.0,0.0,8.0,0.0,-40.0
2015-12-22,-5.2,-18.75,19.57,-18.75,0.0,40.0,11.11,-25.0,0.0,8.0,0.0,-50.0
2015-12-23,-7.3,-16.667,19.57,-23.08,0.0,25.0,10.0,-33.33,-8.33,0.0,0.0,-60.0
2015-12-24,-5.8,-16.667,20.0,-10.0,0.0,25.0,10.0,-33.33,-14.29,-4.17,0.0,-60.0
2015-12-25,-5.8,-16.667,20.0,-10.0,0.0,25.0,10.0,-33.33,-14.29,-4.17,0.0,-60.0
2015-12-28,-6.5,-20.588,21.43,-10.0,0.0,25.0,10.0,-28.57,-15.38,-4.17,0.0,-60.0
2015-12-29,-6.1,-14.706,18.6,-10.0,0.0,25.0,0.0,-28.57,-18.75,-4.17,0.0,-60.0
2015-12-30,-5.0,-12.121,18.18,-10.0,0.0,11.11,0.0,-28.57,-13.33,0.0,0.0,-60.0
2015-12-31,-8.1,-21.875,18.18,-9.09,0.0,11.11,0.0,-30.77,-13.33,0.0,0.0,-60.0
2016-01-01,-7.0,-21.875,16.28,-9.09,0.0,11.11,0.0,-27.27,-13.33,0.0,0.0,-60.0
2016-01-04,-8.4,-24.242,21.62,-9.09,0.0,11.11,0.0,-27.27,-13.33,3.7,0.0,-33.33
2016-01-05,-8.8,-21.875,17.14,-9.09,0.0,11.11,0.0,-27.27,-13.33,11.11,0.0,-33.33
2016-01-06,-8.8,-24.138,19.44,-9.09,25.0,11.11,0.0,-27.27,-13.33,11.11,0.0,-33.33
2016-01-07,-9.1,-23.333,18.6,-9.09,36.36,10.0,0.0,-33.33,-15.38,14.81,0.0,-33.33
2016-01-08,-7.0,-18.75,21.62,-9.09,45.45,10.0,-14.29,-33.33,-15.38,20.0,0.0,-28.57
2016-01-11,-7.3,-16.129,25.0,-10.0,40.0,0.0,-33.33,-33.33,-20.0,22.73,0.0,-16.67
2016-01-12,-2.7,-13.793,20.59,7.69,44.44,0.0,-40.0,-28.57,-20.0,23.81,0.0,0.0
2016-01-13,-2.2,-13.793,20.59,7.69,44.44,0.0,-40.0,-28.57,-20.0,30.0,0.0,0.0
2016-01-14,-0.5,-11.538,25.0,6.25,50.0,0.0,-40.0,-28.57,-20.0,26.32,0.0,0.0
2016-01-15,-2.4,-14.286,18.18,6.25,83.33,22.22,-40.0,-30.77,-25.0,20.0,-33.33,0.0
2016-01-18,-0.5,-14.286,18.18,11.76,83.33,22.22,-25.0,-30.77,-25.0,20.0,-33.33,0.0
2016-01-19,-2.1,-14.286,17.65,11.76,83.33,25.0,-25.0,-54.55,-30.0,22.22,-33.33,0.0
2016-01-20,-3.2,-14.286,17.65,11.76,83.33,0.0,-25.0,-54.55,-30.0,23.53,-50.0,0.0
2016-01-21,-3.9,-14.286,15.15,11.76,83.33,0.0,-25.0,-38.46,-30.0,31.58,-50.0,0.0
2016-01-22,-2.8,-13.333,9.09,14.29,83.33,0.0,-25.0,-20.0,-30.0,23.81,-50.0,0.0
2016-01-25,-2.6,-13.333,6.25,18.18,83.33,0.0,-25.0,-20.0,-22.22,23.81,-50.0,0.0
2016-01-26,-2.7,-12.903,3.03,18.18,83.33,0.0,-25.0,-21.43,-30.0,18.18,-50.0,0.0
2016-01-27,-2.9,-10.0,3.45,18.18,77.78,0.0,-25.0,-21.43,-36.36,9.09,-100.0,0.0
2016-01-28,-5.8,-10.714,-13.33,18.18,40.0,0.0,-25.0,-21.43,-38.46,8.33,-100.0,0.0
2016-01-29,-4.3,-6.667,-15.15,18.18,45.45,0.0,-33.33,-14.29,-35.71,8.33,-100.0,25.0
2016-02-01,-7.3,-11.765,-16.22,16.67,22.22,0.0,-14.29,-14.29,-38.46,7.69,-100.0,20.0
2016-02-02,-5.8,-9.091,-13.51,16.67,25.0,12.5,-14.29,-14.29,-38.46,3.7,0.0,20.0
2016-02-03,-6.0,-13.333,-11.63,16.67,22.22,12.5,-14.29,0.0,-35.71,3.7,0.0,50.0
2016-02-04,-5.4,-12.5,-11.63,16.67,22.22,0.0,-14.29,0.0,-33.33,11.11,0.0,50.0
2016-02-05,-4.6,-8.824,-11.36,16.67,18.18,0.0,-12.5,-6.67,-36.36,11.11,0.0,50.0
2016-02-08,-4.9,-11.429,-11.36,16.67,0.0,0.0,-12.5,0.0,-33.33,11.11,0.0,50.0
2016-02-09,-5.6,-14.706,-11.9,16.67,0.0,0.0,-12.5,0.0,-33.33,11.11,0.0,60.0
2016-02-10,-6.3,-14.706,-16.28,16.67,0.0,12.5,-14.29,0.0,-33.33,7.14,0.0,60.0
2016-02-11,-2.6,-6.061,-16.28,18.18,0.0,11.11,-14.29,0.0,-33.33,7.14,0.0,60.0
2016-02-12,-3.1,-8.571,-15.22,18.18,0.0,11.11,-14.29,0.0,-33.33,7.14,0.0,60.0
2016-02-15,-8.9,-3.125,-17.78,17.65,18.18,11.11,-14.29,0.0,-45.45,4.17,0.0,50.0
2016-02-16,-3.3,-6.061,-18.18,17.65,0.0,11.11,-22.22,0.0,-41.67,0.0,0.0,50.0
2016-02-17,-4.1,-3.125,-20.45,17.65,18.18,0.0,-22.22,0.0,-41.67,0.0,0.0,50.0
2016-02-18,-4.8,0.0,-30.56,17.65,0.0,0.0,-22.22,11.76,-46.15,-4.35,0.0,50.0
2016-02-19,-5.8,-3.125,-30.56,17.65,9.09,0.0,-12.5,6.25,-46.15,0.0,0.0,66.67
2016-02-22,-6.4,-6.061,-34.88,17.65,-11.11,0.0,-12.5,14.29,-30.0,-4.0,0.0,66.67
2016-02-23,-8.8,-2.941,-30.43,7.14,9.09,0.0,-12.5,14.29,-63.64,0.0,0.0,66.67
2016-02-24,-8.0,-2.857,-28.89,7.14,9.09,0.0,0.0,14.29,-60.0,3.85,33.33,66.67
2016-02-25,-6.5,0.0,-25.0,9.09,14.29,-14.29,0.0,14.29,-60.0,0.0,33.33,66.67
2016-02-26,-4.9,5.714,-26.92,9.09,6.67,-14.29,0.0,14.29,-60.0,0.0,33.33,66.67
2016-02-29,-5.4,2.778,-26.42,0.0,12.5,-22.22,16.67,14.29,-42.86,3.23,33.33,75.0
2016-03-01,-4.0,7.895,-25.93,0.0,5.88,-10.0,15.38,20.0,-20.0,0.0,33.33,80.0
2016-03-02,-3.5,10.811,-24.56,0.0,0.0,-11.11,16.67,15.38,-38.46,-10.0,33.33,83.33
2016-03-03,-4.2,10.526,-20.37,0.0,0.0,-9.09,15.38,15.38,-38.46,-15.15,33.33,83.33
2016-03-04,-5.2,7.895,-16.39,0.0,0.0,-10.0,16.67,-8.33,-20.0,-12.5,33.33,83.33
2016-03-07,-7.5,7.895,-18.87,-18.18,0.0,-9.09,7.14,-8.33,-35.71,-9.68,33.33,83.33
2016-03-08,-7.5,8.108,-18.87,-18.18,0.0,-8.33,7.14,-7.14,-43.75,-9.68,50.0,85.71
2016-03-09,-8.3,5.556,-22.0,-18.18,-12.5,-8.33,7.14,-7.14,-40.0,-3.23,50.0,85.71
2016-03-10,-6.3,8.333,-12.5,-18.18,0.0,-9.09,7.14,-7.14,-38.46,-7.41,50.0,85.71
2016-03-11,-8.9,5.882,-8.7,-28.57,-7.69,-9.09,18.18,-13.33,-41.67,-7.41,50.0,83.33
2016-03-14,-4.1,13.333,-4.65,-25.0,-8.33,-9.09,10.0,-13.33,-30.77,-8.7,50.0,100.0
2016-03-15,-3.9,12.903,-7.14,-25.0,-8.33,-20.0,10.0,-13.33,-28.57,-4.55,50.0,100.0
2016-03-16,-3.8,12.5,-8.33,-25.0,-9.09,-8.33,11.11,-6.25,-30.77,0.0,66.67,100.0
2016-03-17,-3.8,12.5,-8.33,-25.0,-8.33,0.0,11.11,-5.88,-30.77,-4.55,66.67,100.0
2016-03-18,-5.7,6.452,-8.57,-25.0,-10.0,0.0,28.57,13.33,0.0,-4.55,66.67,100.0
2016-03-21,-6.5,3.125,-11.11,-25.0,-10.0,0.0,28.57,7.14,-25.0,-4.35,66.67,100.0
2016-03-22,-4.9,3.125,-2.17,-25.0,-10.0,0.0,11.11,7.14,-23.08,-4.35,100.0,100.0
2016-03-23,-3.6,3.03,2.27,-25.0,-7.69,0.0,11.11,7.14,-23.08,-4.76,100.0,100.0
2016-03-24,-5.1,0.0,0.0,-25.0,-7.69,0.0,11.11,7.14,-23.08,-4.17,100.0,100.0
2016-03-25,-4.2,3.226,0.0,-25.0,-7.69,0.0,11.11,7.14,-23.08,-4.17,100.0,100.0
2016-03-28,-8.6,0.0,1.96,-50.0,20.0,0.0,28.57,7.14,-20.0,-4.17,100.0,100.0
2016-03-29,-8.5,0.0,0.0,-50.0,-14.29,0.0,28.57,7.69,-21.43,-4.17,100.0,100.0
2016-03-30,-7.7,3.03,-4.08,-50.0,9.09,22.22,12.5,7.69,0.0,-4.35,100.0,80.0
2016-03-31,-5.7,-3.226,-5.88,-36.36,-14.29,22.22,11.11,7.69,-13.33,-3.7,100.0,80.0
2016-04-01,-6.2,-8.571,-1.96,-36.36,-14.29,22.22,9.09,27.27,-13.33,-3.57,100.0,83.33
2016-04-04,-4.2,-8.108,6.82,-36.36,-14.29,9.09,9.09,27.27,-13.33,0.0,100.0,83.33
2016-04-05,-5.5,-8.333,0.0,-36.36,-23.53,25.0,25.0,27.27,0.0,3.33,100.0,83.33
2016-04-06,-6.2,-8.571,-3.33,-36.36,9.09,0.0,0.0,16.67,0.0,-3.7,100.0,83.33
2016-04-07,-6.7,-11.765,-3.57,-36.36,-35.71,14.29,14.29,23.08,0.0,3.85,100.0,83.33
2016-04-08,-7.0,-15.625,2.7,-36.36,-30.77,14.29,16.67,37.5,-5.88,0.0,100.0,71.43
2016-04-11,-5.2,-12.903,2.7,-30.0,-41.67,11.11,-25.0,37.5,-7.14,-4.17,66.67,66.67
2016-04-12,-5.9,-20.69,2.86,-23.08,-36.36,0.0,-28.57,33.33,-14.29,0.0,100.0,60.0
2016-04-13,-6.5,-23.333,2.78,-23.08,-36.36,10.0,-28.57,33.33,-7.14,0.0,66.67,50.0
2016-04-14,-2.4,-17.857,-2.94,-5.0,-30.0,11.11,-25.0,33.33,-14.29,10.0,100.0,50.0
2016-04-15,-4.6,-25.0,-2.94,-5.0,-33.33,11.11,-28.57,33.33,0.0,10.0,66.67,50.0
2016-04-18,-2.5,-20.69,-3.03,5.88,0.0,25.0,-16.67,33.33,-16.67,14.29,100.0,50.0
2016-04-19,-2.1,-27.586,-2.94,5.88,-33.33,12.5,-16.67,38.46,16.67,10.0,50.0,33.33
2016-04-20,-2.7,-26.667,-9.3,5.88,0.0,33.33,-25.0,28.57,-16.67,0.0,100.0,33.33
2016-04-21,-4.2,-31.25,-2.94,5.88,-33.33,12.5,-16.67,28.57,16.67,-4.76,50.0,33.33
2016-04-22,-1.4,-32.258,-7.5,21.43,-33.33,12.5,-16.67,50.0,16.67,-4.76,50.0,33.33
2016-04-25,-0.6,-30.303,-9.76,27.27,-40.0,33.33,-25.0,50.0,9.09,0.0,100.0,33.33
2016-04-26,-1.2,-26.471,-16.33,27.27,-16.67,33.33,-25.0,50.0,10.0,-4.35,100.0,33.33
2016-04-27,-0.7,-29.032,-6.67,27.27,-53.85,0.0,-25.0,46.15,14.29,-12.5,0.0,33.33
2016-04-28,-2.1,-33.333,-4.0,27.27,-61.54,0.0,-12.5,50.0,20.0,-15.38,0.0,33.33
2016-04-29,-1.4,-31.25,-3.85,27.27,-50.0,0.0,0.0,45.45,9.09,-10.34,0.0,25.0
2016-05-02,0.1,-27.273,0.0,25.0,-57.14,12.5,0.0,45.45,20.0,-10.71,0.0,40.0
2016-05-03,-1.0,-27.273,-7.14,25.0,-43.75,12.5,0.0,45.45,21.43,-13.79,0.0,40.0
2016-05-04,-0.2,-22.857,-9.09,25.0,-57.14,11.11,0.0,45.45,21.43,-16.67,0.0,40.0
2016-05-05,-0.9,-25.714,-7.14,25.0,-57.14,11.11,0.0,41.67,21.43,-21.43,0.0,40.0
2016-05-06,-0.5,-24.324,-7.14,25.0,-57.14,11.11,0.0,40.0,21.43,-21.43,0.0,40.0
2016-05-09,0.3,-22.857,-4.65,20.0,-57.14,11.11,0.0,37.5,33.33,-20.69,25.0,40.0
2016-05-10,-0.3,-23.529,-7.14,20.0,-53.85,10.0,9.09,37.5,33.33,-20.69,25.0,33.33
2016-05-11,0.3,-23.529,-2.63,20.0,-53.85,11.11,20.0,37.5,33.33,-16.67,25.0,40.0
2016-05-12,-2.7,-27.273,-2.7,14.29,-50.0,0.0,27.27,33.33,36.36,-19.23,33.33,40.0
2016-05-13,-1.0,-16.129,-2.63,6.67,-58.33,0.0,33.33,33.33,40.0,-25.0,33.33,25.0
2016-05-16,-4.3,-17.241,-12.24,-10.0,-50.0,28.57,33.33,33.33,40.0,-26.09,33.33,25.0
2016-05-17,-0.4,-10.0,2.86,-10.0,-55.56,0.0,33.33,37.5,46.15,-27.27,33.33,25.0
2016-05-18,0.6,-10.0,2.86,-10.0,-55.56,33.33,33.33,46.67,50.0,-20.83,25.0,25.0
2016-05-19,0.7,-9.375,2.86,-10.0,-55.56,33.33,37.5,40.0,50.0,-20.83,25.0,25.0
2016-05-20,1.0,-9.091,5.88,-10.0,-55.56,33.33,37.5,14.29,50.0,-12.5,25.0,33.33
2016-05-23,-0.3,-12.121,4.88,-10.0,-60.0,37.5,33.33,14.29,41.67,-12.5,33.33,33.33
2016-05-24,0.1,-5.882,2.33,-11.76,-40.0,37.5,37.5,14.29,41.67,-12.0,33.33,33.33
2016-05-25,1.4,-3.03,6.67,-11.76,-40.0,28.57,37.5,14.29,41.67,-8.33,33.33,33.33
2016-05-26,-4.7,-6.061,6.67,-40.0,-53.85,28.57,37.5,14.29,41.67,-11.11,33.33,33.33
2016-05-27,-3.3,0.0,4.26,-40.0,-40.0,28.57,37.5,23.08,36.36,-11.11,33.33,33.33
2016-05-30,2.4,0.0,5.88,-40.0,-37.5,33.33,10.0,23.08,35.71,-11.11,33.33,25.0
2016-05-31,-3.1,0.0,3.77,-36.36,-40.0,40.0,18.18,14.29,40.0,-10.71,33.33,25.0
2016-06-01,-2.5,0.0,1.85,-36.36,-35.29,36.36,25.0,23.08,36.36,-13.33,33.33,16.67
2016-06-02,-1.5,3.03,0.0,-36.36,-40.0,33.33,0.0,33.33,43.75,-10.0,33.33,25.0
2016-06-03,-5.0,-5.405,-2.13,-36.36,-25.0,40.0,23.08,9.09,41.67,-6.45,33.33,16.67
2016-06-06,-5.7,-5.556,-4.35,-36.36,-21.05,36.36,23.08,9.09,43.75,-10.0,33.33,16.67
2016-06-07,-4.0,-5.714,-3.23,-28.57,-30.0,33.33,21.43,8.33,38.46,-6.67,33.33,16.67
2016-06-08,-5.5,-5.714,-7.14,-28.57,-6.25,33.33,21.43,7.14,35.71,-3.45,33.33,16.67
2016-06-09,-5.3,-2.941,-10.53,-28.57,0.0,36.36,25.0,20.0,30.77,0.0,0.0,14.29
2016-06-10,-3.8,0.0,-7.89,-28.57,0.0,36.36,20.0,6.67,30.77,-4.17,0.0,16.67
2016-06-13,-5.3,0.0,-10.81,-31.25,0.0,30.0,22.22,6.67,30.77,-4.17,0.0,0.0
2016-06-14,-4.3,0.0,-7.89,-31.25,-8.33,30.0,22.22,6.67,35.71,0.0,0.0,0.0
2016-06-15,-5.4,-6.897,-5.56,-31.58,0.0,27.27,22.22,6.25,35.71,8.33,33.33,0.0
2016-06-16,-4.3,-3.333,-5.56,-31.58,0.0,27.27,22.22,6.67,35.71,16.67,33.33,0.0
2016-06-17,-4.8,-3.448,0.0,-31.58,-16.67,33.33,0.0,0.0,20.0,16.0,33.33,0.0
2016-06-20,-6.1,-3.226,-8.57,-37.5,-16.67,33.33,0.0,0.0,38.46,17.39,0.0,0.0
2016-06-21,-5.2,-3.226,-2.94,-37.5,-16.67,30.0,12.5,0.0,35.71,20.83,0.0,0.0
2016-06-22,-5.0,-3.333,-2.86,-37.5,-11.11,40.0,22.22,7.14,18.18,18.18,0.0,0.0
2016-06-23,-4.7,0.0,-7.14,-37.5,0.0,30.0,14.29,7.14,38.46,18.18,0.0,0.0
2016-06-24,-5.7,-6.667,-7.14,-33.33,0.0,30.0,14.29,7.14,38.46,21.74,0.0,0.0
2016-06-27,-3.4,-6.667,-6.98,-20.0,0.0,30.0,14.29,7.14,38.46,21.74,0.0,0.0
2016-06-28,-5.9,-10.345,-8.89,-20.0,6.25,30.0,14.29,0.0,25.0,21.74,0.0,0.0
2016-06-29,-4.5,-9.677,-6.0,-20.0,6.25,22.22,25.0,0.0,18.18,23.08,0.0,0.0
2016-06-30,-2.5,-6.667,-5.77,-18.18,6.25,22.22,11.11,0.0,26.67,23.08,0.0,0.0
2016-07-01,-1.4,-6.452,-3.77,-18.18,5.88,40.0,27.27,9.09,31.25,21.43,0.0,-16.67
2016-07-04,2.1,-6.452,-4.44,-18.18,5.88,18.18,27.27,9.09,40.0,18.52,0.0,-16.67
2016-07-05,-1.1,-9.375,0.0,-18.18,-5.88,18.18,27.27,9.09,40.0,18.52,0.0,-16.67
2016-07-06,-0.8,-6.061,-4.65,-18.18,-5.88,20.0,27.27,9.09,40.0,18.52,0.0,-16.67
2016-07-07,0.7,-3.03,-4.65,-18.18,14.29,20.0,25.0,7.69,40.0,30.77,0.0,-16.67
2016-07-08,1.6,0.0,-2.38,-18.18,8.33,33.33,12.5,13.33,31.25,29.63,0.0,0.0
2016-07-11,0.3,-6.061,-7.69,-18.18,9.09,11.11,50.0,18.75,21.43,29.63,33.33,0.0
2016-07-12,1.3,3.226,-5.56,-20.0,-20.0,0.0,44.44,26.67,15.38,29.63,33.33,0.0
2016-07-13,1.9,3.448,6.38,-15.38,10.0,0.0,37.5,26.67,7.14,50.0,33.33,0.0
2016-07-14,5.4,6.897,-5.56,0.0,10.0,0.0,37.5,26.67,0.0,52.38,33.33,0.0
2016-07-15,10.8,21.429,0.0,0.0,0.0,0.0,42.86,25.0,0.0,50.0,33.33,0.0
2016-07-18,11.4,16.0,3.03,0.0,0.0,0.0,42.86,25.0,0.0,50.0,33.33,0.0
2016-07-19,10.8,20.69,0.0,0.0,0.0,0.0,50.0,26.67,0.0,52.63,33.33,0.0
2016-07-20,12.5,15.385,0.0,0.0,0.0,0.0,50.0,30.77,9.09,57.89,33.33,0.0
2016-07-21,13.6,21.875,2.86,0.0,0.0,0.0,50.0,35.71,8.33,55.0,100.0,0.0
2016-07-22,15.0,22.581,12.5,0.0,0.0,0.0,50.0,35.71,8.33,45.45,100.0,0.0
2016-07-25,16.2,17.857,11.9,7.14,0.0,0.0,50.0,35.71,8.33,43.48,100.0,0.0
2016-07-26,15.6,25.0,9.76,7.14,0.0,0.0,50.0,35.71,0.0,41.67,100.0,0.0
2016-07-27,19.1,29.032,13.33,18.18,-10.0,0.0,50.0,38.46,14.29,32.0,100.0,0.0
2016-07-28,19.4,30.0,18.0,18.18,-8.33,-14.29,50.0,38.46,10.0,26.92,100.0,0.0
2016-07-29,17.6,25.806,15.38,18.18,-15.38,0.0,33.33,28.57,9.09,31.03,100.0,0.0
2016-08-01,14.3,21.212,13.21,16.67,-7.14,-25.0,40.0,30.77,0.0,31.03,100.0,0.0
2016-08-02,13.4,20.0,11.54,16.67,-33.33,0.0,28.57,30.77,-6.67,33.33,100.0,-20.0
2016-08-03,13.6,20.0,13.21,16.67,-10.0,-22.22,33.33,27.27,-6.67,31.03,100.0,-20.0
2016-08-04,15.6,22.857,22.22,16.67,-50.0,0.0,16.67,27.27,0.0,32.26,100.0,-20.0
2016-08-05,15.2,27.027,17.78,16.67,-10.0,-22.22,20.0,15.38,-6.67,24.14,100.0,-20.0
2016-08-08,13.2,24.242,18.18,6.67,-10.0,-22.22,20.0,7.14,0.0,24.14,50.0,-20.0
2016-08-09,13.3,25.0,21.43,6.67,-22.22,-30.0,18.18,6.67,6.25,23.33,50.0,-16.67
2016-08-10,11.9,26.471,18.42,6.67,-30.0,-33.33,10.0,6.67,6.25,19.23,50.0,-16.67
2016-08-11,8.6,24.242,19.44,0.0,-30.0,-33.33,22.22,7.14,-8.33,16.0,50.0,-20.0
2016-08-12,3.4,21.875,16.67,-15.0,-33.33,-33.33,0.0,7.14,-18.18,12.5,50.0,0.0
2016-08-15,2.5,20.0,21.74,-15.0,-57.14,-42.86,0.0,7.14,-15.38,17.39,50.0,0.0
2016-08-16,3.1,25.0,14.29,-15.0,-25.0,0.0,0.0,6.67,-10.0,18.18,75.0,0.0
2016-08-17,3.0,22.581,14.71,-15.0,-50.0,-11.11,0.0,6.67,-10.0,20.83,75.0,0.0
2016-08-18,2.5,21.212,14.71,-15.0,-25.0,-11.11,0.0,7.69,-15.38,17.39,75.0,0.0
2016-08-19,2.1,19.355,15.15,-15.0,-50.0,0.0,0.0,-15.38,-7.69,20.83,75.0,-33.33
2016-08-22,3.2,19.355,18.75,-15.0,-25.0,-12.5,0.0,-15.38,0.0,17.39,66.67,-33.33
2016-08-23,3.2,21.875,12.5,-15.0,-25.0,-12.5,0.0,-15.38,0.0,20.83,66.67,-33.33
2016-08-24,2.6,18.182,15.0,-17.65,-25.0,-16.67,-14.29,-15.38,9.09,16.67,66.67,-33.33
2016-08-25,-6.4,15.152,6.98,-50.0,-50.0,-16.67,-14.29,-15.38,9.09,20.0,66.67,-33.33
2016-08-26,-8.5,9.677,6.67,-50.0,-50.0,-16.67,-14.29,-16.67,9.09,19.23,66.67,-33.33
2016-08-29,-7.6,9.091,4.26,-50.0,-53.85,0.0,-14.29,-16.67,28.57,19.23,66.67,-33.33
2016-08-30,-7.5,12.121,0.0,-50.0,-72.73,0.0,-20.0,-16.67,23.08,10.0,66.67,-50.0
2016-08-31,-5.2,8.824,1.96,-36.36,-72.73,0.0,-10.0,-7.69,26.67,10.34,66.67,-50.0
2016-09-01,-8.7,0.0,-1.96,-36.36,-57.14,0.0,-25.0,-16.67,28.57,13.79,66.67,-40.0
2016-09-02,-11.7,-2.703,-13.64,-36.36,-57.14,0.0,-23.08,-30.0,26.67,21.43,66.67,-40.0
2016-09-05,-6.0,-2.703,-11.36,-36.36,-47.06,0.0,-23.08,-30.0,26.67,25.0,66.67,-40.0
2016-09-06,-12.7,-8.333,-11.11,-36.36,-47.06,0.0,-23.08,-30.0,26.67,25.93,66.67,-16.67
2016-09-07,-12.3,-5.882,-17.07,-28.57,-50.0,0.0,-14.29,-36.36,26.67,29.63,66.67,-16.67
2016-09-08,-13.8,-8.824,-27.03,-28.57,-58.33,0.0,-14.29,-30.77,30.77,32.0,25.0,-16.67
2016-09-09,-13.3,-5.882,-27.78,-28.57,-54.55,0.0,-18.18,-21.43,33.33,27.27,25.0,-33.33
2016-09-12,-10.5,-3.125,-25.0,-25.0,-70.0,10.0,-30.0,-21.43,38.46,27.27,25.0,-33.33
2016-09-13,-10.0,-3.333,-23.68,-25.0,-70.0,10.0,-30.0,-21.43,50.0,23.81,25.0,-20.0
2016-09-14,-8.3,-3.448,-27.03,-5.26,-70.0,9.09,-30.0,-21.43,38.46,21.74,0.0,-20.0
2016-09-15,-8.5,-6.667,-27.78,-5.26,-72.73,9.09,-30.0,-21.43,38.46,25.0,0.0,-20.0
2016-09-16,-10.0,-13.793,-25.71,-5.26,-72.73,9.09,-22.22,-23.08,38.46,30.43,0.0,-20.0
2016-09-19,-9.6,-13.793,-25.71,0.0,-72.73,9.09,-22.22,-16.67,33.33,30.43,0.0,-20.0
2016-09-20,-10.7,-16.667,-25.71,0.0,-72.73,20.0,-25.0,-18.18,27.27,31.82,0.0,-25.0
2016-09-21,-10.0,-16.667,-23.53,0.0,-70.0,20.0,-33.33,-16.67,27.27,33.33,0.0,-25.0
2016-09-22,-8.9,-18.75,-19.44,7.69,-70.0,20.0,-33.33,-16.67,27.27,31.82,0.0,-25.0
2016-09-23,-1.3,-16.129,-11.9,40.0,-70.0,20.0,-33.33,-21.43,25.0,31.82,0.0,-25.0
2016-09-26,1.5,-15.625,-6.82,40.0,-70.0,20.0,-33.33,-21.43,30.0,30.43,0.0,-25.0
2016-09-27,1.3,-16.129,-6.82,40.0,-63.64,20.0,-33.33,-23.08,30.0,25.0,-100.0,-25.0
2016-09-28,1.1,-16.129,-6.38,40.0,-38.46,0.0,-30.0,-23.08,27.27,22.73,-100.0,-25.0
2016-09-29,-0.1,-20.0,0.0,40.0,-38.46,0.0,-30.0,-23.08,14.29,24.0,-100.0,-25.0
2016-09-30,0.7,-15.152,0.0,36.36,-38.46,0.0,-16.67,0.0,7.14,25.93,-100.0,-20.0
2016-10-03,1.4,-14.286,1.85,36.36,-38.46,10.0,-16.67,-9.09,0.0,28.57,-100.0,0.0
2016-10-04,1.1,-17.647,4.35,36.36,-28.57,9.09,-15.38,-9.09,6.25,28.57,-100.0,0.0
2016-10-05,3.3,-8.571,2.13,36.36,-29.41,9.09,-8.33,-9.09,6.25,28.57,-100.0,0.0
2016-10-06,4.9,-8.571,8.89,36.36,-7.69,9.09,-8.33,0.0,6.25,25.93,-100.0,0.0
2016-10-07,6.4,-5.556,11.36,36.36,-7.69,9.09,-15.38,13.33,6.25,25.0,-100.0,0.0
2016-10-10,6.5,-5.882,16.28,36.36,0.0,-9.09,-15.38,13.33,-15.38,25.0,-33.33,14.29
2016-10-11,7.0,-9.091,25.0,36.36,0.0,-10.0,-15.38,18.75,-13.33,37.5,-33.33,33.33
2016-10-12,1.3,-6.25,23.08,7.69,0.0,-12.5,-20.0,13.33,-14.29,33.33,-33.33,33.33
2016-10-13,3.7,0.0,26.32,7.69,9.09,-12.5,0.0,13.33,-14.29,30.43,-33.33,40.0
2016-10-14,3.3,0.0,26.32,7.69,9.09,-12.5,0.0,13.33,-15.38,27.27,-33.33,40.0
2016-10-17,2.4,0.0,25.0,7.69,12.5,-12.5,0.0,13.33,-15.38,23.81,-33.33,40.0
2016-10-18,4.9,3.571,25.71,15.0,12.5,-14.29,0.0,12.5,-15.38,23.81,-33.33,25.0
2016-10-19,5.1,0.0,25.71,17.65,12.5,-11.11,-16.67,20.0,-14.29,25.0,-33.33,25.0
2016-10-20,6.9,3.125,26.47,17.65,22.22,0.0,-16.67,23.08,-15.38,23.81,0.0,25.0
2016-10-21,7.4,3.125,29.41,17.65,22.22,0.0,-16.67,15.38,-15.38,23.81,0.0,66.67
2016-10-24,8.9,3.125,37.5,21.43,22.22,0.0,-16.67,14.29,-25.0,18.18,0.0,66.67
2016-10-25,8.8,0.0,36.59,21.43,22.22,0.0,-16.67,14.29,-25.0,18.18,0.0,66.67
2016-10-26,5.5,0.0,34.15,0.0,22.22,0.0,-16.67,14.29,-18.18,19.05,100.0,66.67
2016-10-27,6.3,0.0,31.82,0.0,50.0,0.0,-14.29,14.29,-7.69,21.74,100.0,66.67
2016-10-28,7.5,3.125,32.65,0.0,41.67,0.0,-22.22,23.08,-7.69,25.0,100.0,75.0
2016-10-31,8.4,0.0,30.0,8.33,41.67,0.0,-20.0,23.08,-6.25,22.22,100.0,75.0
2016-11-01,8.3,0.0,30.0,8.33,41.67,-12.5,-20.0,21.43,-6.25,21.43,100.0,60.0
2016-11-02,8.4,0.0,30.0,8.33,46.15,-12.5,-10.0,23.08,-6.25,21.43,100.0,60.0
2016-11-03,7.6,-2.778,30.0,8.33,50.0,-11.11,-10.0,23.08,-5.88,23.33,100.0,60.0
2016-11-04,7.9,-2.632,29.55,8.33,37.5,-11.11,-10.0,42.86,-6.25,23.33,100.0,60.0
2016-11-07,7.0,-2.703,25.0,6.67,37.5,-11.11,-10.0,42.86,-6.25,26.67,100.0,60.0
2016-11-08,5.9,-5.556,25.58,6.67,40.0,-11.11,0.0,37.5,-6.25,30.0,75.0,50.0
2016-11-09,7.0,-5.714,27.5,6.67,30.77,0.0,0.0,37.5,0.0,32.26,75.0,50.0
2016-11-10,6.6,-5.714,21.05,6.67,30.77,0.0,0.0,37.5,7.14,29.63,75.0,50.0
2016-11-11,9.7,-6.061,21.62,5.88,30.77,0.0,-12.5,33.33,15.38,28.0,75.0,60.0
2016-11-14,7.1,-6.452,18.92,5.0,25.0,-12.5,-14.29,33.33,30.77,25.0,75.0,50.0
2016-11-15,6.6,-6.25,17.95,5.0,25.0,-14.29,-11.11,33.33,25.0,21.74,75.0,50.0
2016-11-16,4.6,-16.129,21.62,5.0,44.44,0.0,-11.11,31.25,25.0,20.83,75.0,50.0
2016-11-17,6.8,-9.091,22.22,5.0,40.0,0.0,-11.11,26.67,25.0,24.0,75.0,50.0
2016-11-18,6.2,-9.375,20.0,5.0,40.0,0.0,0.0,16.67,25.0,26.09,75.0,50.0
2016-11-21,5.1,-9.375,17.65,5.0,40.0,12.5,0.0,7.69,23.08,26.09,66.67,33.33
2016-11-22,7.0,-6.061,20.59,5.0,40.0,12.5,0.0,-7.14,27.27,29.17,66.67,33.33
2016-11-23,12.1,-2.778,30.0,17.65,40.0,12.5,11.11,-7.14,27.27,30.43,66.67,33.33
2016-11-24,15.5,-2.857,29.55,17.65,50.0,12.5,11.11,-7.14,27.27,33.33,66.67,33.33
2016-11-25,13.2,0.0,29.55,17.65,42.86,12.5,11.11,-7.14,27.27,34.62,66.67,33.33
2016-11-28,12.8,0.0,25.53,17.65,40.0,12.5,20.0,-7.14,28.57,34.62,66.67,33.33
2016-11-29,10.7,3.03,21.57,10.0,37.5,0.0,20.0,-7.69,26.67,30.0,66.67,33.33
2016-11-30,14.5,11.429,22.64,18.18,37.5,0.0,18.18,0.0,26.67,32.14,66.67,0.0
2016-12-01,13.1,5.882,24.07,18.18,25.0,0.0,8.33,0.0,26.67,27.59,66.67,20.0
2016-12-02,13.6,5.556,24.53,18.18,25.0,0.0,7.69,21.43,26.67,26.67,66.67,0.0
2016-12-05,13.5,8.108,20.83,18.18,11.11,0.0,7.69,23.08,18.75,33.33,66.67,0.0
2016-12-06,13.8,10.811,23.91,18.18,11.11,-9.09,7.69,23.08,18.75,33.33,66.67,0.0
2016-12-07,16.0,11.111,26.09,28.57,11.11,-9.09,7.14,14.29,18.75,31.25,66.67,0.0
2016-12-08,15.5,11.429,27.91,28.57,-6.67,-8.33,7.69,18.75,14.29,25.0,25.0,0.0
2016-12-09,14.7,11.429,23.08,28.57,0.0,-8.33,18.18,18.75,14.29,25.0,25.0,-16.67
2016-12-12,15.0,15.625,26.32,18.75,0.0,-9.09,20.0,18.75,16.67,28.0,25.0,-16.67
2016-12-13,16.3,20.0,25.0,18.75,-7.69,0.0,22.22,20.0,15.38,29.17,-50.0,-20.0
2016-12-14,16.5,18.75,23.08,21.05,-7.69,0.0,22.22,20.0,16.67,29.17,-50.0,-20.0
2016-12-15,19.6,29.032,23.91,21.05,-9.09,0.0,22.22,12.5,16.67,29.17,-50.0,-20.0
2016-12-16,19.2,26.667,26.09,21.05,-9.09,0.0,22.22,0.0,16.67,32.0,-50.0,-20.0
2016-12-19,19.6,26.667,26.09,25.0,-9.09,0.0,12.5,0.0,16.67,29.17,-50.0,-20.0
2016-12-20,19.9,26.667,26.09,25.0,0.0,0.0,12.5,8.33,15.38,33.33,-100.0,-25.0
2016-12-21,20.3,29.032,27.66,25.0,0.0,-10.0,11.11,8.33,9.09,29.17,0.0,-25.0
2016-12-22,16.9,30.0,29.55,25.0,0.0,-10.0,11.11,8.33,9.09,29.17,0.0,-25.0
2016-12-23,17.0,11.429,28.89,30.77,0.0,-10.0,20.0,13.33,9.09,28.0,0.0,-20.0
2016-12-26,15.8,11.429,29.55,40.0,0.0,-10.0,20.0,13.33,-16.67,28.0,0.0,-20.0
2016-12-27,18.9,14.286,30.95,40.0,0.0,-10.0,25.0,13.33,-13.33,28.0,0.0,-20.0
2016-12-28,21.0,17.647,34.09,40.0,0.0,-25.0,25.0,14.29,-13.33,29.17,0.0,-20.0
2016-12-29,19.8,12.5,35.56,40.0,0.0,-22.22,22.22,14.29,-13.33,29.17,0.0,-20.0
2016-12-30,19.3,9.375,35.56,40.0,0.0,-22.22,22.22,14.29,-13.33,29.17,0.0,-20.0
2017-01-02,17.1,9.375,36.96,36.36,0.0,-22.22,30.0,23.08,-14.29,29.17,0.0,-20.0
2017-01-03,18.7,6.061,34.78,36.36,0.0,-22.22,30.0,36.36,-14.29,29.17,0.0,-16.67
2017-01-04,16.9,3.333,27.5,36.36,0.0,-22.22,22.22,36.36,-14.29,32.14,0.0,-16.67
2017-01-05,17.4,6.25,27.78,36.36,-27.27,-22.22,22.22,36.36,-14.29,32.14,0.0,-16.67
2017-01-06,16.7,2.857,27.91,36.36,-20.0,-22.22,22.22,38.46,-14.29,30.77,0.0,-16.67
2017-01-09,16.7,2.857,32.5,36.36,-22.22,-18.18,12.5,38.46,-27.27,33.33,0.0,-16.67
2017-01-10,19.2,0.0,40.54,36.36,-20.0,-11.11,12.5,46.67,-18.18,39.13,0.0,-14.29
2017-01-11,16.9,-6.452,40.0,30.0,-20.0,-12.5,14.29,42.86,-20.0,41.67,0.0,0.0
2017-01-12,17.5,-3.448,41.67,25.0,-11.11,-14.29,33.33,42.86,-20.0,50.0,-33.33,-20.0
2017-01-13,17.8,-3.448,41.67,25.0,-11.11,-14.29,40.0,33.33,-20.0,52.38,-33.33,0.0
2017-01-16,11.5,-7.143,38.24,25.0,14.29,-12.5,40.0,33.33,-20.0,50.0,-33.33,0.0
2017-01-17,15.6,-7.407,35.29,25.0,14.29,0.0,40.0,45.45,-20.0,50.0,-33.33,0.0
2017-01-18,15.2,-3.571,36.36,15.38,14.29,-11.11,50.0,45.45,-20.0,50.0,-33.33,0.0
2017-01-19,16.5,3.333,36.36,11.76,14.29,-12.5,50.0,40.0,-20.0,50.0,0.0,0.0
2017-01-20,15.8,0.0,40.63,11.76,14.29,-12.5,50.0,33.33,-20.0,42.86,0.0,0.0
2017-01-23,16.2,0.0,39.39,14.29,14.29,-12.5,50.0,30.77,-22.22,42.86,0.0,0.0
2017-01-24,15.9,0.0,39.47,14.29,14.29,-12.5,50.0,30.77,-25.0,42.86,0.0,0.0
2017-01-25,13.6,0.0,35.0,9.09,14.29,-16.67,50.0,30.77,-25.0,45.0,0.0,0.0
2017-01-26,10.7,-10.345,35.29,9.09,14.29,-16.67,60.0,41.67,-25.0,45.45,0.0,0.0
2017-01-27,10.5,-10.345,33.33,9.09,10.0,-16.67,60.0,41.67,-25.0,36.36,0.0,0.0
2017-01-30,10.4,-9.677,31.58,9.09,9.09,0.0,33.33,41.67,-25.0,39.13,0.0,0.0
2017-01-31,7.4,-12.121,29.27,8.33,0.0,0.0,33.33,41.67,-33.33,32.0,-25.0,0.0
2017-02-01,7.4,-11.765,26.83,8.33,0.0,0.0,28.57,41.67,-33.33,30.77,-66.67,-20.0
2017-02-02,10.5,0.0,26.83,8.33,12.5,0.0,28.57,30.0,-30.77,25.93,-66.67,-20.0
2017-02-03,12.3,9.091,23.81,8.33,0.0,0.0,14.29,44.44,-30.77,22.22,-66.67,-25.0
2017-02-06,13.3,8.824,25.58,8.33,18.18,-11.11,25.0,44.44,-18.18,22.22,-66.67,-25.0
2017-02-07,12.1,6.061,25.58,8.33,18.18,-11.11,25.0,40.0,-25.0,17.86,-66.67,-25.0
2017-02-08,11.9,6.061,21.95,8.33,18.18,-11.11,25.0,45.45,-11.11,17.86,-66.67,-25.0
2017-02-09,14.5,9.091,20.0,20.0,18.18,-11.11,33.33,45.45,-11.11,14.81,-66.67,-20.0
2017-02-10,15.5,9.091,23.26,20.0,18.18,-11.11,33.33,53.85,-11.11,17.86,-66.67,-20.0
2017-02-13,15.6,9.091,21.43,21.43,18.18,-11.11,25.0,53.85,-10.0,17.86,-25.0,-20.0
2017-02-14,13.6,9.677,15.91,17.65,18.18,-11.11,25.0,53.85,-10.0,14.81,-25.0,-25.0
2017-02-15,13.9,9.091,16.28,17.65,18.18,0.0,25.0,57.14,-10.0,12.0,-25.0,-25.0
2017-02-16,13.9,8.824,16.28,17.65,16.67,0.0,25.0,57.14,-10.0,8.33,-25.0,-25.0
2017-02-17,15.1,15.625,13.89,17.65,16.67,0.0,25.0,58.33,-10.0,4.0,-25.0,-25.0
2017-02-20,9.7,15.625,10.81,17.65,16.67,0.0,25.0,53.85,-10.0,4.0,-25.0,-25.0
2017-02-21,13.9,15.625,18.6,17.65,20.0,0.0,25.0,45.45,-22.22,4.0,-25.0,-33.33
2017-02-22,14.7,18.182,22.22,17.65,20.0,0.0,25.0,45.45,-22.22,4.0,-25.0,-33.33
2017-02-23,14.5,18.75,18.6,18.18,20.0,0.0,33.33,23.08,-18.18,0.0,0.0,-33.33
2017-02-24,14.3,19.355,17.78,18.18,16.67,0.0,33.33,23.08,-18.18,3.85,0.0,-33.33
2017-02-27,13.8,18.75,17.31,18.18,15.38,-10.0,33.33,23.08,-16.67,3.57,0.0,-33.33
2017-02-28,17.7,22.857,17.65,25.0,18.75,0.0,33.33,23.08,-7.69,3.57,0.0,0.0
2017-03-01,16.8,18.421,18.87,25.0,18.75,10.0,36.36,23.08,-7.69,3.33,0.0,20.0
2017-03-02,19.0,16.667,18.87,37.5,17.65,10.0,33.33,23.08,-6.67,3.23,0.0,0.0
2017-03-03,19.0,18.919,16.07,37.5,16.67,10.0,30.77,27.27,-6.25,3.23,0.0,0.0
2017-03-06,18.8,18.421,16.36,37.5,21.05,9.09,30.77,30.0,-6.67,3.23,0.0,0.0
2017-03-07,17.9,18.919,12.24,37.5,21.05,9.09,30.77,30.0,-6.67,3.13,0.0,0.0
2017-03-08,15.2,18.919,15.22,18.18,21.05,9.09,28.57,23.08,-6.67,3.13,0.0,0.0
2017-03-09,16.1,25.714,15.56,14.29,22.22,16.67,23.08,23.08,-6.67,0.0,0.0,0.0
2017-03-10,15.7,27.778,9.09,14.29,28.57,16.67,23.08,33.33,-6.67,0.0,0.0,0.0
2017-03-13,15.8,29.412,7.32,11.76,28.57,9.09,33.33,33.33,0.0,-3.57,0.0,0.0
2017-03-14,17.4,34.375,5.0,12.5,28.57,9.09,36.36,28.57,9.09,-4.0,50.0,0.0
2017-03-15,15.2,32.258,5.13,12.5,23.08,-8.33,40.0,28.57,9.09,0.0,0.0,20.0
2017-03-16,14.9,30.303,5.13,12.5,21.43,-8.33,40.0,28.57,10.0,4.35,0.0,20.0
2017-03-17,13.4,25.0,8.11,12.5,18.18,-8.33,44.44,28.57,10.0,9.09,0.0,20.0
2017-03-20,13.1,22.581,5.56,12.5,18.18,0.0,37.5,37.5,10.0,9.09,0.0,20.0
2017-03-21,13.5,22.581,5.56,12.5,18.18,0.0,37.5,47.06,10.0,13.64,0.0,20.0
2017-03-22,12.8,21.875,5.56,12.5,18.18,0.0,44.44,43.75,0.0,14.29,0.0,20.0
2017-03-23,8.2,15.152,2.56,0.0,18.18,0.0,42.86,43.75,0.0,18.18,0.0,25.0
2017-03-24,10.2,18.75,13.95,0.0,18.18,0.0,42.86,35.71,0.0,9.09,0.0,25.0
2017-03-27,10.8,18.182,17.39,0.0,18.18,0.0,42.86,35.71,0.0,8.7,-50.0,25.0
2017-03-28,12.8,20.588,23.26,0.0,15.38,0.0,42.86,35.71,0.0,8.7,-50.0,25.0
2017-03-29,11.8,21.875,24.44,0.0,0.0,-12.5,42.86,30.77,0.0,4.17,-50.0,25.0
2017-03-30,9.7,16.667,20.41,0.0,-6.67,-22.22,50.0,30.77,7.69,4.0,-50.0,40.0
2017-03-31,8.9,12.5,23.53,0.0,-6.67,-22.22,55.56,35.71,7.14,0.0,-50.0,40.0
2017-04-03,8.8,11.765,27.45,0.0,-6.67,-18.18,54.55,38.46,0.0,-3.85,-50.0,33.33
2017-04-04,7.7,11.429,20.0,0.0,0.0,-18.18,54.55,38.46,0.0,-3.7,-50.0,33.33
2017-04-05,5.3,5.714,13.64,0.0,0.0,-20.0,50.0,63.64,0.0,0.0,-50.0,33.33
2017-04-06,5.8,8.571,11.63,0.0,5.26,-20.0,50.0,58.33,0.0,0.0,-50.0,33.33
2017-04-07,3.4,8.824,12.2,0.0,6.25,-20.0,50.0,58.33,0.0,-4.0,-50.0,33.33
2017-04-10,4.1,2.857,10.53,0.0,0.0,-10.0,45.45,56.25,7.69,-7.69,-66.67,28.57
2017-04-11,-0.7,-3.03,10.0,-10.0,0.0,-22.22,40.0,56.25,0.0,-7.69,-66.67,16.67
2017-04-12,-1.4,-3.448,7.89,-10.0,0.0,-25.0,44.44,56.25,0.0,-8.7,-66.67,0.0
2017-04-13,3.8,0.0,7.89,15.38,0.0,-25.0,50.0,56.25,0.0,-9.09,-66.67,25.0
2017-04-14,5.2,-3.333,11.43,6.25,-10.0,-10.0,57.14,56.25,0.0,-4.76,-66.67,25.0
2017-04-17,4.6,-3.448,11.43,15.0,-10.0,-11.11,57.14,56.25,0.0,-4.76,-66.67,25.0
2017-04-18,5.7,-3.226,14.71,15.0,-10.0,-11.11,66.67,66.67,0.0,-5.0,-66.67,25.0
2017-04-19,7.3,-3.226,14.71,23.53,-10.0,-11.11,66.67,69.23,0.0,-5.26,-66.67,25.0
2017-04-20,9.5,0.0,17.14,28.57,-10.0,-25.0,66.67,69.23,0.0,-5.26,-100.0,33.33
2017-04-21,11.9,3.125,27.5,28.57,-10.0,-25.0,66.67,63.64,0.0,-10.53,-100.0,33.33
2017-04-24,14.2,3.125,31.71,36.36,-10.0,-25.0,66.67,66.67,0.0,-10.0,-100.0,33.33
2017-04-25,16.5,5.882,37.5,36.36,0.0,-25.0,66.67,66.67,0.0,-10.0,-100.0,33.33
2017-04-26,17.7,6.061,37.5,36.36,14.29,0.0,66.67,50.0,0.0,-15.79,-100.0,33.33
2017-04-27,17.4,3.125,42.55,36.36,15.38,-14.29,57.14,50.0,0.0,-9.52,-100.0,33.33
2017-04-28,16.3,3.448,42.55,36.36,15.38,-14.29,57.14,46.15,0.0,-9.52,-100.0,33.33
2017-05-01,12.6,-3.03,42.55,25.0,15.38,-14.29,57.14,41.67,0.0,-9.52,-100.0,33.33
2017-05-02,12.3,-2.857,39.22,25.0,6.67,-14.29,45.45,18.18,0.0,-12.0,33.33,0.0
2017-05-03,12.9,0.0,38.46,25.0,6.67,-14.29,40.0,18.18,0.0,-11.54,33.33,0.0
2017-05-04,15.1,5.714,43.14,25.0,6.67,-14.29,40.0,18.18,0.0,-7.14,33.33,0.0
2017-05-05,13.8,5.556,34.09,25.0,5.88,-14.29,40.0,23.08,0.0,-3.7,33.33,0.0
2017-05-08,10.6,5.556,30.95,13.33,6.25,-33.33,27.27,21.43,0.0,-3.57,33.33,0.0
2017-05-09,9.5,2.857,30.95,13.33,6.67,-33.33,27.27,13.33,0.0,-3.57,50.0,-16.67
2017-05-10,9.7,2.857,30.95,13.33,33.33,-33.33,27.27,13.33,0.0,-3.85,50.0,-16.67
2017-05-11,11.9,8.571,36.84,14.29,33.33,-25.0,20.0,13.33,-9.09,-7.69,50.0,-40.0
2017-05-12,11.3,8.824,30.77,17.65,33.33,-25.0,12.5,7.14,-10.0,0.0,50.0,-40.0
2017-05-15,11.2,9.375,28.95,15.0,27.27,-28.57,0.0,7.14,0.0,0.0,50.0,-50.0
2017-05-16,10.7,9.091,28.95,15.0,27.27,-28.57,0.0,7.14,0.0,0.0,50.0,-50.0
2017-05-17,12.9,12.5,32.43,15.0,25.0,0.0,0.0,6.67,0.0,0.0,50.0,-50.0
2017-05-18,12.3,8.824,33.33,15.0,25.0,0.0,0.0,7.14,0.0,4.35,50.0,-50.0
2017-05-19,14.8,15.625,36.11,15.0,25.0,0.0,0.0,0.0,0.0,13.64,50.0,-66.67
2017-05-22,15.0,15.625,37.14,15.0,25.0,0.0,0.0,-8.33,0.0,13.64,100.0,-66.67
2017-05-23,14.4,12.121,41.86,15.0,11.11,0.0,0.0,-7.69,0.0,8.7,100.0,-66.67
2017-05-24,13.9,11.765,40.91,15.0,8.33,-16.67,-11.11,-7.69,0.0,9.52,100.0,-66.67
2017-05-25,10.0,6.061,40.91,0.0,8.33,-16.67,-11.11,-8.33,0.0,13.04,100.0,-66.67
2017-05-26,10.1,6.061,34.78,7.14,8.33,-16.67,-11.11,-8.33,0.0,13.04,100.0,-66.67
2017-05-29,9.0,6.061,31.91,-10.0,8.33,-14.29,-11.11,-8.33,7.69,13.04,100.0,-66.67
2017-05-30,5.2,8.824,23.53,-9.09,7.14,-12.5,-10.0,-8.33,7.14,16.67,100.0,-75.0
2017-05-31,6.8,11.429,22.64,-9.09,7.14,0.0,-18.18,0.0,13.33,14.81,100.0,-75.0
2017-06-01,3.1,2.857,18.87,-9.09,0.0,0.0,-16.67,0.0,13.33,10.34,100.0,-83.33
2017-06-02,1.1,-2.778,15.22,-9.09,0.0,0.0,-15.38,0.0,12.5,17.24,100.0,-83.33
2017-06-05,0.3,-2.632,13.33,-9.09,0.0,0.0,-15.38,-8.33,12.5,13.79,100.0,-83.33
2017-06-06,-1.1,-5.556,11.11,-9.09,-7.14,0.0,-15.38,-8.33,12.5,13.79,100.0,-83.33
2017-06-07,-1.2,-5.556,8.7,-7.14,-33.33,0.0,-15.38,0.0,13.33,16.13,100.0,-83.33
2017-06-08,-1.8,-2.857,-2.56,-7.14,-33.33,9.09,-7.69,0.0,18.18,13.79,100.0,-57.14
2017-06-09,-1.9,-3.03,-5.26,-7.14,-27.27,9.09,-9.09,15.38,20.0,19.23,100.0,-50.0
2017-06-12,-0.6,3.448,-7.69,0.0,-27.27,9.09,-9.09,15.38,9.09,19.23,50.0,-50.0
2017-06-13,0.1,3.448,-7.69,0.0,-30.0,9.09,-22.22,15.38,9.09,16.0,0.0,-60.0
2017-06-14,-1.6,-3.448,-7.69,0.0,-30.0,9.09,-22.22,15.38,9.09,16.0,-33.33,-60.0
2017-06-15,-3.1,-7.407,-10.81,0.0,-30.0,23.08,-22.22,15.38,9.09,9.52,-33.33,-60.0
2017-06-16,-6.1,-16.667,-10.81,0.0,-37.5,23.08,-22.22,8.33,9.09,4.55,-33.33,-60.0
2017-06-19,-4.4,-16.667,-11.11,6.25,-37.5,45.45,-12.5,9.09,10.0,4.76,-33.33,-60.0
2017-06-20,-4.2,-16.667,-11.11,6.25,-33.33,45.45,-12.5,18.18,10.0,4.76,-100.0,-50.0
2017-06-21,-3.8,-16.129,-14.71,6.25,-16.67,45.45,-22.22,18.18,18.18,5.0,-100.0,-50.0
2017-06-22,-3.2,-18.75,-13.89,6.25,-16.67,45.45,-22.22,30.77,18.18,15.0,-100.0,-50.0
2017-06-23,-5.1,-19.355,-17.5,0.0,-16.67,45.45,-22.22,30.77,18.18,15.0,-100.0,-50.0
2017-06-26,-3.8,-18.75,-14.29,0.0,-16.67,50.0,-22.22,30.77,18.18,14.29,-100.0,-50.0
2017-06-27,-2.8,-16.129,-13.95,0.0,-16.67,50.0,-28.57,30.77,20.0,13.64,-100.0,-50.0
2017-06-28,-3.7,-16.129,-13.64,0.0,-16.67,37.5,-28.57,33.33,10.0,13.64,-100.0,-50.0
2017-06-29,-1.7,-17.241,-6.12,9.09,-15.38,33.33,-28.57,33.33,0.0,12.0,-100.0,-50.0
2017-06-30,-0.1,-12.5,-6.0,9.09,-15.38,33.33,0.0,36.36,0.0,8.0,-100.0,-20.0
2017-07-03,0.6,-8.824,-5.88,9.09,-15.38,27.27,0.0,36.36,-6.25,3.85,-100.0,0.0
2017-07-04,-4.1,-6.061,-19.51,9.09,0.0,27.27,0.0,40.0,-6.67,7.69,-100.0,0.0
2017-07-05,-1.9,-9.091,-21.43,9.09,15.38,27.27,10.0,40.0,-6.67,7.41,-100.0,0.0
2017-07-06,-2.0,-8.824,-20.93,9.09,15.38,27.27,10.0,45.45,-6.67,4.0,-100.0,0.0
2017-07-07,1.0,-8.824,-20.93,9.09,15.38,27.27,10.0,45.45,-6.67,4.0,-100.0,0.0
2017-07-10,-0.2,-2.857,-12.2,9.09,15.38,27.27,9.09,57.14,-23.08,-3.7,-100.0,0.0
2017-07-11,0.4,-6.25,-5.26,10.0,18.18,30.0,10.0,60.0,-25.0,-7.69,-100.0,16.67
2017-07-12,0.3,-9.677,-2.7,18.75,18.18,25.0,22.22,57.14,-36.36,-8.0,-100.0,16.67
2017-07-13,2.9,-9.677,-2.7,18.75,18.18,25.0,22.22,57.14,-36.36,-8.0,-100.0,16.67
2017-07-14,2.3,-3.333,0.0,18.75,30.0,25.0,28.57,57.14,-40.0,-9.09,-100.0,75.0
2017-07-17,1.3,-3.571,0.0,15.0,30.0,25.0,28.57,57.14,-40.0,-4.76,-100.0,75.0
2017-07-18,1.6,-3.571,0.0,15.0,30.0,28.57,28.57,57.14,-40.0,-4.76,-100.0,75.0
2017-07-19,3.4,0.0,2.94,17.65,44.44,22.22,28.57,57.14,-40.0,-10.53,-100.0,75.0
2017-07-20,5.5,6.452,2.86,17.65,44.44,25.0,16.67,61.54,-36.36,-5.0,-100.0,66.67
2017-07-21,6.7,6.452,6.06,17.65,44.44,25.0,16.67,53.85,-36.36,0.0,-100.0,66.67
2017-07-24,5.2,6.25,-2.56,17.65,44.44,25.0,16.67,50.0,-30.0,0.0,-100.0,66.67
2017-07-25,7.4,9.091,4.88,21.43,44.44,25.0,16.67,50.0,-30.0,0.0,-100.0,66.67
2017-07-26,8.9,12.121,4.76,27.27,44.44,0.0,16.67,50.0,-30.0,0.0,-100.0,66.67
2017-07-27,11.7,18.75,4.55,27.27,50.0,0.0,28.57,53.85,-7.69,8.7,-100.0,66.67
2017-07-28,13.7,25.806,4.08,27.27,50.0,0.0,12.5,57.14,-7.69,8.7,-100.0,50.0
2017-07-31,14.7,25.0,6.0,25.0,50.0,14.29,12.5,57.14,-6.67,11.54,-100.0,50.0
2017-08-01,12.4,16.667,5.77,25.0,53.33,25.0,22.22,61.54,-6.67,14.29,-66.67,50.0
2017-08-02,12.1,17.143,5.77,25.0,58.33,25.0,37.5,61.54,-13.33,10.34,-66.67,60.0
2017-08-03,11.4,13.889,9.62,25.0,58.33,25.0,37.5,54.55,-13.33,6.9,-66.67,60.0
2017-08-04,12.4,13.514,15.22,25.0,58.33,22.22,37.5,53.85,-13.33,6.9,-66.67,60.0
2017-08-07,10.2,13.889,13.64,13.33,58.33,22.22,33.33,53.85,-13.33,6.9,-66.67,60.0
2017-08-08,10.0,11.429,14.29,13.33,58.33,20.0,40.0,53.85,-13.33,7.14,-66.67,50.0
2017-08-09,10.5,11.429,16.67,13.33,58.33,20.0,40.0,60.0,-13.33,0.0,-75.0,50.0
2017-08-10,7.9,11.429,7.89,7.14,61.54,22.22,40.0,60.0,-8.33,-4.0,-75.0,50.0
2017-08-11,7.5,9.375,8.33,7.14,61.54,22.22,28.57,64.29,-9.09,-4.17,-75.0,40.0
2017-08-14,8.1,6.667,8.33,5.88,58.33,28.57,33.33,64.29,10.0,0.0,-75.0,25.0
2017-08-15,8.6,6.667,8.33,5.0,58.33,28.57,33.33,64.29,10.0,0.0,-75.0,25.0
2017-08-16,9.6,9.677,8.57,5.0,55.56,22.22,33.33,64.29,10.0,4.55,-75.0,25.0
2017-08-17,9.2,9.091,8.82,5.0,55.56,22.22,33.33,50.0,10.0,8.7,-75.0,25.0
2017-08-18,7.9,6.25,6.06,5.0,55.56,22.22,40.0,36.36,10.0,19.05,-75.0,33.33
2017-08-21,8.9,6.25,6.06,5.0,55.56,25.0,40.0,33.33,20.0,19.05,-66.67,33.33
2017-08-22,8.6,6.25,3.03,5.0,55.56,25.0,40.0,30.77,20.0,22.73,-66.67,33.33
2017-08-23,6.3,3.03,7.5,-7.14,55.56,25.0,33.33,30.77,20.0,25.0,-66.67,33.33
2017-08-24,5.6,0.0,9.76,-7.14,40.0,25.0,37.5,30.77,20.0,22.73,-66.67,33.33
2017-08-25,7.2,3.125,11.63,-7.14,40.0,25.0,37.5,30.77,20.0,22.73,-66.67,33.33
2017-08-28,5.9,3.125,10.87,-10.0,45.45,25.0,37.5,30.77,8.33,22.73,-66.67,33.33
2017-08-29,5.7,3.03,10.87,-10.0,33.33,25.0,37.5,30.77,8.33,21.74,-66.67,33.33
2017-08-30,5.6,0.0,10.87,-10.0,33.33,33.33,37.5,33.33,8.33,21.74,-66.67,33.33
2017-08-31,5.5,-6.061,10.64,0.0,33.33,33.33,37.5,38.46,8.33,18.18,-66.67,33.33
2017-09-01,6.0,-8.108,11.76,0.0,12.5,22.22,27.27,45.45,13.33,19.23,-66.67,0.0
2017-09-04,8.8,-8.333,22.73,0.0,12.5,22.22,27.27,50.0,13.33,19.23,-66.67,0.0
2017-09-05,6.4,-11.111,16.67,0.0,12.5,22.22,27.27,50.0,13.33,20.0,-66.67,-16.67
2017-09-06,6.5,-11.429,17.5,0.0,33.33,22.22,37.5,50.0,13.33,22.73,-66.67,33.33
2017-09-07,4.2,-17.143,19.51,0.0,0.0,18.18,16.67,45.45,0.0,25.0,-66.67,-16.67
2017-09-08,3.4,-17.647,21.62,-7.14,-9.09,25.0,27.27,41.67,0.0,24.0,-66.67,-16.67
2017-09-11,2.8,-18.182,21.62,-7.69,-9.09,18.18,27.27,38.46,9.09,22.73,-75.0,-16.67
2017-09-12,4.8,-13.793,25.0,-7.69,-9.09,10.0,20.0,38.46,9.09,20.0,-100.0,-16.67
2017-09-13,4.9,-13.793,24.32,-7.69,-9.09,10.0,20.0,38.46,10.0,30.0,-100.0,-40.0
2017-09-14,7.1,-7.407,20.0,-6.25,0.0,18.18,20.0,38.46,10.0,35.0,-100.0,-40.0
2017-09-15,6.4,-14.286,20.59,0.0,0.0,18.18,20.0,36.36,10.0,35.0,-100.0,-40.0
2017-09-18,7.9,-14.286,20.59,6.25,0.0,18.18,22.22,36.36,10.0,36.84,-100.0,-40.0
2017-09-19,8.3,-13.793,22.86,6.25,0.0,20.0,12.5,33.33,10.0,36.84,-100.0,-50.0
2017-09-20,8.3,-16.667,20.59,6.25,0.0,20.0,12.5,20.0,22.22,47.37,-50.0,-50.0
2017-09-21,11.9,-6.25,23.53,6.25,-10.0,20.0,12.5,27.27,20.0,50.0,-50.0,-50.0
2017-09-22,11.7,-6.25,19.35,6.25,-10.0,20.0,12.5,23.08,20.0,42.11,-50.0,-50.0
2017-09-25,10.6,-6.25,20.0,7.69,-10.0,20.0,12.5,23.08,11.11,43.75,-50.0,-50.0
2017-09-26,10.8,-9.091,22.86,10.0,-10.0,20.0,12.5,23.08,11.11,40.0,-50.0,-50.0
2017-09-27,13.1,-6.061,28.95,10.0,7.69,25.0,11.11,23.08,11.11,40.0,-50.0,-50.0
2017-09-28,13.9,-6.667,32.56,10.0,7.14,25.0,0.0,33.33,11.11,36.84,-50.0,-50.0
2017-09-29,11.6,-9.375,31.11,10.0,7.14,22.22,-8.33,23.08,0.0,36.0,-50.0,-40.0
2017-10-02,14.1,-5.882,28.57,18.18,13.33,22.22,-8.33,25.0,7.14,34.62,-50.0,-33.33
2017-10-03,13.8,-5.882,31.25,18.18,13.33,20.0,-15.38,20.0,6.67,26.92,-50.0,-33.33
2017-10-04,13.7,0.0,21.74,18.18,13.33,20.0,-16.67,20.0,6.67,25.93,-50.0,-33.33
2017-10-05,14.4,2.941,20.0,18.18,13.33,9.09,-30.0,20.0,6.67,28.0,-50.0,-33.33
2017-10-06,13.8,0.0,20.45,18.18,21.43,9.09,-36.36,23.08,6.67,30.77,-50.0,-33.33
2017-10-09,12.4,0.0,21.95,18.18,15.38,9.09,-36.36,23.08,15.38,30.77,-66.67,-33.33
2017-10-10,14.2,0.0,21.43,18.18,15.38,9.09,-36.36,13.33,15.38,40.0,-66.67,-14.29
2017-10-11,14.1,0.0,21.05,18.18,30.0,10.0,-40.0,13.33,7.69,34.78,-66.67,0.0
2017-10-12,13.4,0.0,24.32,10.0,30.0,11.11,-40.0,7.14,9.09,30.43,-66.67,0.0
2017-10-13,14.9,6.897,22.22,14.29,44.44,11.11,-50.0,7.14,10.0,27.27,-66.67,0.0
2017-10-16,13.8,6.897,22.22,12.5,44.44,11.11,-50.0,7.14,10.0,28.57,-66.67,0.0
2017-10-17,13.7,6.897,22.86,12.5,44.44,11.11,-50.0,7.14,10.0,30.0,-66.67,25.0
2017-10-18,13.0,3.448,23.53,12.5,42.86,12.5,-50.0,13.33,10.0,28.57,-66.67,25.0
2017-10-19,13.5,9.677,33.33,10.0,25.0,22.22,-66.67,14.29,9.09,19.05,-66.67,25.0
2017-10-20,14.1,9.375,24.24,17.65,25.0,12.5,-66.67,-7.14,9.09,20.0,-66.67,33.33
2017-10-23,12.9,9.375,21.21,17.65,25.0,12.5,-66.67,-7.14,0.0,14.29,-50.0,33.33
2017-10-24,12.9,9.375,20.0,17.65,25.0,12.5,-66.67,-7.14,0.0,14.29,-50.0,33.33
2017-10-25,14.7,11.765,24.39,17.65,25.0,12.5,-66.67,-7.14,0.0,13.04,-50.0,33.33
2017-10-26,13.2,8.824,22.22,21.43,25.0,0.0,-42.86,-7.14,0.0,4.35,-50.0,33.33
2017-10-27,15.3,18.75,22.22,18.18,41.67,0.0,-42.86,-7.14,0.0,4.35,-50.0,33.33
2017-10-30,12.6,17.647,26.0,8.33,41.67,-14.29,-50.0,-7.14,-7.14,3.7,-50.0,50.0
2017-10-31,12.6,22.857,24.0,8.33,41.67,-14.29,-33.33,-14.29,-6.67,3.7,0.0,50.0
2017-11-01,13.2,27.778,24.0,8.33,30.77,-12.5,-30.0,-14.29,-6.67,0.0,0.0,40.0
2017-11-02,11.6,20.588,25.49,8.33,30.77,-22.22,-30.0,-23.08,0.0,3.45,0.0,40.0
2017-11-03,11.2,18.421,25.49,8.33,30.77,-22.22,-18.18,-23.08,0.0,10.34,0.0,40.0
2017-11-06,11.6,18.421,27.45,8.33,26.67,-22.22,-18.18,-23.08,0.0,10.34,0.0,40.0
2017-11-07,11.4,19.444,27.45,7.14,26.67,-22.22,-25.0,-23.08,0.0,10.34,0.0,40.0
2017-11-08,10.0,20.0,22.92,6.67,16.67,-30.0,-27.27,-13.33,-6.25,6.9,0.0,40.0
2017-11-09,9.0,20.0,18.6,6.67,18.18,-30.0,-20.0,-13.33,-6.25,6.9,0.0,33.33
2017-11-10,8.3,18.182,16.28,6.67,18.18,-33.33,-12.5,-7.14,0.0,4.17,0.0,40.0
2017-11-13,4.2,16.129,17.95,-5.0,10.0,-33.33,-12.5,-7.14,-10.0,4.35,0.0,50.0
2017-11-14,5.3,16.129,19.05,-5.0,10.0,-37.5,0.0,-7.14,-10.0,9.09,0.0,50.0
2017-11-15,6.4,12.903,27.78,-5.0,10.0,-30.0,0.0,-7.14,-10.0,9.09,0.0,50.0
2017-11-16,6.5,12.5,27.78,-5.0,20.0,-22.22,0.0,0.0,-10.0,8.7,0.0,50.0
2017-11-17,7.6,19.355,25.71,-5.0,20.0,-22.22,14.29,-8.33,-10.0,4.55,0.0,50.0
2017-11-20,8.6,21.875,25.71,-5.0,20.0,-22.22,14.29,-8.33,-9.09,4.55,33.33,50.0
2017-11-21,9.0,21.212,27.27,-5.0,20.0,-22.22,14.29,-9.09,-9.09,9.09,33.33,33.33
2017-11-22,7.9,17.143,29.41,-5.0,20.0,-22.22,25.0,-9.09,-10.0,9.09,33.33,33.33
2017-11-23,13.1,17.647,39.02,-5.0,20.0,-25.0,25.0,-23.08,-10.0,13.04,33.33,33.33
2017-11-24,7.8,15.625,39.53,-12.5,20.0,-25.0,25.0,-23.08,-10.0,13.04,33.33,33.33
2017-11-27,7.7,18.182,35.56,-14.29,27.27,-25.0,25.0,-23.08,-10.0,12.5,33.33,33.33
2017-11-28,8.4,21.212,34.78,-14.29,25.0,-25.0,25.0,-23.08,-9.09,12.5,33.33,33.33
2017-11-29,9.0,25.0,32.0,-6.67,31.25,-18.18,25.0,-33.33,-16.67,11.11,33.33,33.33
2017-11-30,7.7,21.212,28.85,-9.09,40.0,-33.33,10.0,-33.33,-14.29,14.81,33.33,20.0
2017-12-01,9.0,23.529,28.3,-9.09,40.0,-33.33,25.0,7.69,-14.29,17.86,33.33,33.33
2017-12-04,10.1,25.714,28.85,-9.09,40.0,-30.0,25.0,8.33,-13.33,25.0,33.33,33.33
2017-12-05,8.6,22.222,28.26,-9.09,43.75,-27.27,25.0,8.33,-13.33,20.69,33.33,33.33
2017-12-06,7.2,20.588,24.44,-9.09,43.75,-27.27,25.0,8.33,-13.33,19.23,33.33,33.33
2017-12-07,11.6,20.588,26.19,14.29,40.0,-16.67,16.67,7.14,-13.33,23.08,33.33,42.86
2017-12-08,11.3,16.667,27.91,14.29,27.27,-16.67,16.67,13.33,-13.33,22.22,33.33,42.86
2017-12-11,14.5,17.647,23.68,31.25,27.27,-9.09,27.27,13.33,-9.09,26.09,50.0,33.33
2017-12-12,13.5,12.5,23.68,31.25,27.27,-9.09,20.0,21.43,-9.09,26.09,50.0,33.33
2017-12-13,11.7,10.0,22.5,26.32,40.0,0.0,22.22,21.43,-9.09,21.74,50.0,40.0
2017-12-14,14.1,16.129,31.11,26.32,45.45,9.09,22.22,21.43,-27.27,21.74,50.0,40.0
2017-12-15,14.2,17.857,31.11,26.32,45.45,9.09,12.5,15.38,-27.27,18.18,50.0,40.0
2017-12-18,14.6,17.857,32.56,26.32,55.56,9.09,12.5,15.38,-27.27,17.39,50.0,40.0
2017-12-19,15.9,20.69,29.55,29.41,55.56,9.09,28.57,15.38,-25.0,18.18,50.0,40.0
2017-12-20,18.0,23.333,29.55,31.25,55.56,20.0,28.57,16.67,-18.18,17.39,33.33,40.0
2017-12-21,17.2,21.875,26.09,31.25,41.67,20.0,28.57,28.57,-18.18,17.39,50.0,50.0
2017-12-22,18.4,25.714,29.79,31.25,46.15,20.0,12.5,20.0,-18.18,17.39,50.0,40.0
2017-12-25,18.4,25.714,29.79,60.0,46.15,20.0,12.5,20.0,-18.18,17.39,50.0,40.0
2017-12-26,24.4,25.714,29.55,60.0,46.15,20.0,14.29,20.0,0.0,17.39,50.0,40.0
2017-12-27,23.9,22.857,29.55,60.0,46.15,25.0,14.29,20.0,6.67,18.18,50.0,40.0
2017-12-28,25.3,26.471,29.55,60.0,50.0,33.33,25.0,14.29,6.67,19.05,50.0,40.0
2017-12-29,24.8,24.242,29.55,60.0,50.0,33.33,25.0,14.29,6.67,19.05,50.0,40.0
2018-01-01,26.8,21.875,28.89,54.55,50.0,33.33,25.0,14.29,7.14,19.05,50.0,40.0
2018-01-02,22.9,22.581,26.09,54.55,38.46,33.33,22.22,23.08,7.14,9.52,50.0,40.0
2018-01-03,24.3,29.032,23.91,54.55,38.46,33.33,11.11,23.08,7.14,9.09,50.0,33.33
2018-01-04,21.3,25.0,10.26,54.55,38.46,33.33,11.11,45.45,7.14,8.0,50.0,33.33
2018-01-05,19.0,16.667,10.53,54.55,38.46,33.33,11.11,53.85,7.14,8.33,50.0,33.33
2018-01-08,20.2,14.286,21.43,54.55,33.33,40.0,10.0,53.85,7.14,4.0,50.0,33.33
2018-01-09,20.0,11.765,22.5,54.55,36.36,40.0,10.0,50.0,7.14,4.0,50.0,28.57
2018-01-10,20.7,11.765,24.32,50.0,28.57,62.5,10.0,40.0,15.38,4.55,50.0,28.57
2018-01-11,18.6,9.677,27.78,38.46,28.57,62.5,25.0,40.0,20.0,4.76,50.0,40.0
2018-01-12,12.2,6.897,28.57,12.5,16.67,62.5,0.0,25.0,20.0,0.0,50.0,25.0
2018-01-15,16.0,3.448,25.0,12.5,16.67,71.43,0.0,25.0,22.22,-5.26,33.33,25.0
2018-01-16,13.1,7.143,26.47,12.5,16.67,85.71,0.0,25.0,30.0,0.0,33.33,25.0
2018-01-17,14.4,10.345,27.27,12.5,16.67,66.67,0.0,25.0,30.0,5.26,33.33,25.0
2018-01-18,11.5,9.677,28.13,-5.88,16.67,62.5,0.0,30.0,30.0,5.56,33.33,0.0
2018-01-19,9.8,6.897,25.81,-5.88,16.67,62.5,0.0,30.0,30.0,0.0,33.33,0.0
2018-01-22,6.5,6.897,25.81,-21.43,16.67,62.5,0.0,27.27,27.27,0.0,0.0,0.0
2018-01-23,7.4,6.897,28.13,-21.43,16.67,62.5,0.0,27.27,30.0,0.0,0.0,0.0
2018-01-24,5.3,3.333,24.32,-27.27,16.67,66.67,0.0,27.27,30.0,5.56,0.0,0.0
2018-01-25,0.0,-3.226,9.09,-27.27,-22.22,66.67,-16.67,23.08,44.44,-5.26,0.0,0.0
2018-01-26,0.5,-3.125,8.57,-27.27,-36.36,66.67,-16.67,33.33,44.44,4.76,0.0,0.0
2018-01-29,-0.9,-2.941,8.57,-27.27,-36.36,66.67,-16.67,33.33,25.0,5.0,0.0,0.0
2018-01-30,-2.7,-5.882,2.5,-25.0,-36.36,42.86,-28.57,33.33,33.33,4.17,0.0,-25.0
2018-01-31,-4.6,-8.824,0.0,-25.0,-36.36,25.0,-12.5,25.0,21.43,4.55,0.0,-25.0
2018-02-01,-3.9,-8.824,4.88,-25.0,-55.56,25.0,0.0,10.0,21.43,4.17,0.0,-20.0
2018-02-02,-6.1,-15.152,2.63,-25.0,-75.0,25.0,22.22,22.22,21.43,-4.17,0.0,-25.0
2018-02-05,-5.5,-11.765,5.0,-25.0,-75.0,22.22,22.22,22.22,8.33,-8.0,0.0,-25.0
2018-02-06,-5.0,-11.765,7.32,-25.0,-75.0,22.22,22.22,22.22,8.33,-8.0,33.33,-25.0
2018-02-07,-3.9,-9.091,7.32,-20.0,-75.0,22.22,30.0,20.0,0.0,-11.11,33.33,-25.0
2018-02-08,-4.5,-9.375,7.32,-20.0,-75.0,0.0,22.22,18.18,0.0,-11.11,33.33,-25.0
2018-02-09,-4.6,-9.375,9.52,-20.0,-75.0,0.0,20.0,0.0,0.0,-10.71,33.33,-20.0
2018-02-12,-2.9,-9.375,9.52,-11.76,-75.0,0.0,20.0,0.0,0.0,-10.71,50.0,-20.0
2018-02-13,-2.1,-9.375,12.2,-11.76,-71.43,0.0,22.22,0.0,0.0,-7.41,50.0,-20.0
2018-02-14,-4.3,-16.129,14.29,-11.76,-71.43,0.0,25.0,0.0,-9.09,-7.69,50.0,-25.0
2018-02-15,-4.1,-15.152,14.63,-11.76,-62.5,0.0,25.0,0.0,-9.09,-14.29,50.0,-25.0
2018-02-16,-1.4,-3.226,12.5,-11.76,-62.5,0.0,25.0,-16.67,-9.09,-18.18,50.0,-25.0
2018-02-19,-5.3,-3.226,2.94,-11.76,-62.5,-10.0,28.57,-16.67,-9.09,-14.29,50.0,-25.0
2018-02-20,-4.0,-3.226,0.0,-11.76,-62.5,-10.0,28.57,-25.0,-9.09,-13.64,50.0,-33.33
2018-02-21,-8.0,-6.25,-14.29,-11.76,-62.5,-22.22,25.0,-18.18,-9.09,-18.18,50.0,-33.33
2018-02-22,-7.5,0.0,-18.18,-14.29,-62.5,-22.22,25.0,-30.77,-9.09,-16.67,50.0,-33.33
2018-02-23,-2.9,0.0,-18.18,-14.29,-62.5,-22.22,25.0,-30.77,-9.09,-16.67,50.0,-33.33
2018-02-26,-2.9,-3.03,-16.28,9.09,-62.5,-22.22,25.0,-30.77,-9.09,-12.0,66.67,-33.33
2018-02-27,-5.3,-2.857,-10.0,0.0,-41.67,-44.44,25.0,-30.77,-33.33,-11.54,66.67,-33.33
2018-02-28,-6.7,-5.882,-9.62,0.0,-35.71,-50.0,11.11,-30.77,-38.46,-16.0,66.67,0.0
2018-03-01,-4.6,0.0,-11.32,0.0,-26.67,-50.0,10.0,-30.77,-26.67,-13.33,66.67,16.67
2018-03-02,-4.0,2.857,-12.96,0.0,-26.67,-50.0,9.09,-38.46,-26.67,-10.0,66.67,16.67
2018-03-05,-3.8,2.778,-14.29,0.0,-26.67,-30.0,9.09,-41.67,-28.57,-6.45,66.67,16.67
2018-03-06,-4.1,2.703,-16.67,0.0,-26.67,-27.27,9.09,-41.67,-28.57,-6.67,66.67,16.67
2018-03-07,-0.6,5.556,-19.15,18.18,-26.67,-27.27,9.09,-41.67,-28.57,-9.68,66.67,16.67
2018-03-08,-0.9,2.941,-22.22,16.67,-18.18,-27.27,9.09,-25.0,-20.0,-6.9,25.0,14.29
2018-03-09,0.5,8.824,-25.0,16.67,0.0,-27.27,9.09,-14.29,-20.0,-14.29,25.0,14.29
2018-03-12,0.8,9.375,-25.0,16.67,0.0,-25.0,9.09,-14.29,-16.67,-14.29,25.0,14.29
2018-03-13,3.6,9.677,-21.05,28.57,0.0,-18.18,20.0,-14.29,-25.0,-16.67,25.0,33.33
2018-03-14,3.0,6.452,-21.62,28.57,0.0,-10.0,11.11,-15.38,-20.0,-16.67,0.0,33.33
2018-03-15,1.3,6.667,-25.0,25.0,22.22,-10.0,0.0,-15.38,-20.0,-18.18,0.0,40.0
2018-03-16,3.2,6.667,-25.0,25.0,22.22,-10.0,0.0,-15.38,-20.0,-18.18,0.0,40.0
2018-03-19,1.6,10.345,-31.43,25.0,22.22,-11.11,-12.5,-14.29,-20.0,-10.0,0.0,40.0
2018-03-20,0.6,10.345,-36.11,25.0,22.22,-11.11,-12.5,-13.33,-20.0,-10.0,-33.33,40.0
2018-03-21,2.6,13.333,-36.11,30.77,22.22,-18.18,-25.0,-14.29,-20.0,-5.0,-33.33,40.0
2018-03-22,1.5,12.903,-41.3,30.77,22.22,-10.0,-25.0,-15.38,-18.18,-4.76,-33.33,40.0
2018-03-23,1.3,15.152,-45.45,30.77,22.22,-10.0,-37.5,-7.69,-18.18,-5.0,-33.33,50.0
2018-03-26,1.1,15.152,-45.45,30.0,22.22,-10.0,-37.5,-7.69,-18.18,-4.76,-100.0,50.0
2018-03-27,0.7,11.765,-41.18,30.0,15.38,-10.0,-37.5,-7.69,-20.0,-4.76,-100.0,50.0
2018-03-28,2.1,15.152,-44.0,30.0,14.29,-12.5,-44.44,-7.69,-10.0,-4.35,-100.0,50.0
2018-03-29,3.0,21.212,-43.14,30.0,15.38,0.0,-44.44,-14.29,-8.33,-7.14,-100.0,40.0
2018-03-30,3.0,16.129,-43.14,30.0,15.38,0.0,-44.44,-15.38,-7.69,-3.7,-100.0,40.0
2018-04-02,3.0,15.152,-43.14,36.36,15.38,0.0,-44.44,-15.38,-14.29,-3.7,-100.0,40.0
2018-04-03,1.5,15.152,-43.14,36.36,15.38,0.0,-50.0,-8.33,-15.38,-3.7,-100.0,16.67
2018-04-04,2.5,14.706,-36.36,36.36,15.38,0.0,-55.56,-8.33,-15.38,-3.7,-100.0,16.67
2018-04-05,1.1,9.091,-36.36,36.36,15.38,0.0,-40.0,10.0,-14.29,-7.69,-100.0,16.67
2018-04-06,0.1,5.714,-36.36,36.36,15.38,0.0,-40.0,8.33,-14.29,-7.69,-100.0,16.67
2018-04-09,0.9,8.824,-36.36,36.36,15.38,0.0,-45.45,8.33,-13.33,-7.69,-100.0,14.29
2018-04-10,2.9,9.375,-48.72,50.0,22.22,10.0,-45.45,14.29,7.14,-8.0,-100.0,14.29
2018-04-11,2.7,9.375,-51.35,50.0,28.57,10.0,-40.0,14.29,15.38,-11.11,-33.33,0.0
2018-04-12,-0.1,3.571,-51.35,50.0,16.67,10.0,-44.44,14.29,9.09,-13.64,-33.33,-25.0
2018-04-13,-6.0,0.0,-50.0,23.08,16.67,10.0,-50.0,15.38,9.09,-14.29,-33.33,-25.0
2018-04-16,-6.0,0.0,-50.0,5.0,16.67,0.0,-50.0,15.38,9.09,-20.0,-33.33,-25.0
2018-04-17,-7.8,6.667,-51.43,5.0,16.67,0.0,-50.0,21.43,9.09,-14.29,-33.33,-25.0
2018-04-18,-9.2,6.667,-51.43,-5.88,16.67,-11.11,-50.0,21.43,9.09,-10.53,-33.33,-25.0
2018-04-19,-9.3,9.375,-50.0,-6.25,16.67,-11.11,-42.86,8.33,0.0,-10.0,0.0,-33.33
2018-04-20,-11.0,3.333,-47.06,-6.25,16.67,-11.11,-42.86,-8.33,0.0,-10.53,0.0,-33.33
2018-04-23,-7.6,3.226,-29.27,-6.25,16.67,-12.5,-42.86,-15.38,0.0,-10.53,0.0,-33.33
2018-04-24,-9.6,9.091,-33.33,-23.08,14.29,-12.5,-42.86,-15.38,0.0,-10.0,0.0,-33.33
2018-04-25,-7.9,12.5,-31.82,-23.08,14.29,-12.5,-42.86,-15.38,0.0,-10.0,100.0,-33.33
2018-04-26,-7.6,15.625,-31.11,-27.27,11.11,-12.5,-25.0,-15.38,0.0,-13.04,100.0,-33.33
2018-04-27,-7.4,16.667,-27.45,-27.27,20.0,-12.5,-22.22,-16.67,-7.14,-19.23,100.0,-33.33
2018-04-30,-8.2,15.625,-28.85,-25.0,20.0,0.0,-10.0,-16.67,-7.14,-19.23,100.0,-25.0
2018-05-01,-9.8,8.824,-28.0,-25.0,20.0,0.0,-10.0,-8.33,-7.14,-16.67,33.33,-25.0
2018-05-02,-11.5,6.061,-29.41,-25.0,9.09,12.5,-10.0,-8.33,-13.33,-13.79,33.33,0.0
2018-05-03,-10.9,2.941,-21.95,-25.0,9.09,12.5,-10.0,-8.33,-14.29,-13.79,33.33,0.0
2018-05-04,-11.6,0.0,-23.26,-25.0,9.09,12.5,0.0,0.0,-14.29,-13.79,33.33,0.0
2018-05-07,-12.2,0.0,-25.0,-6.67,9.09,11.11,0.0,0.0,-20.0,-14.29,33.33,0.0
2018-05-08,-8.8,3.03,-27.03,-6.67,14.29,11.11,0.0,0.0,-20.0,-17.24,0.0,16.67
2018-05-09,-9.6,3.03,-29.73,-6.67,16.67,0.0,12.5,0.0,-21.43,-21.43,0.0,16.67
2018-05-10,-10.1,0.0,-27.03,-6.67,16.67,0.0,12.5,9.09,-25.0,-20.83,0.0,20.0
2018-05-11,-11.1,0.0,-27.03,-11.76,16.67,0.0,12.5,0.0,-27.27,-20.83,0.0,20.0
2018-05-14,-11.7,0.0,-27.03,-10.0,16.67,0.0,12.5,0.0,-20.0,-20.83,0.0,20.0
2018-05-15,-11.7,0.0,-26.32,-10.0,16.67,0.0,25.0,0.0,-27.27,-20.83,0.0,50.0
2018-05-16,-11.7,3.226,-26.32,-10.0,16.67,-11.11,25.0,0.0,-25.0,-17.39,0.0,50.0
2018-05-17,-11.7,9.091,-22.86,-10.0,16.67,-11.11,14.29,0.0,-27.27,-13.64,0.0,50.0
2018-05-18,-11.7,12.903,-22.86,-10.0,16.67,-11.11,14.29,-7.14,-27.27,-13.64,0.0,50.0
2018-05-21,-7.1,12.903,-22.86,-10.0,16.67,-11.11,33.33,-7.14,-30.0,-19.05,0.0,66.67
2018-05-22,-8.3,12.903,-21.21,-10.0,0.0,-11.11,33.33,-15.38,-44.44,-22.73,0.0,66.67
2018-05-23,-8.1,12.5,-29.27,-10.0,0.0,-12.5,33.33,-15.38,-40.0,-19.05,-33.33,66.67
2018-05-24,-7.5,9.091,-23.81,0.0,0.0,-12.5,33.33,-15.38,-40.0,-13.64,-33.33,66.67
2018-05-25,-4.0,12.121,-22.73,14.29,0.0,-12.5,28.57,-15.38,-40.0,-12.5,-33.33,66.67
2018-05-28,-4.0,12.5,-22.73,20.0,12.5,-12.5,28.57,-15.38,-36.36,-12.5,-33.33,66.67
2018-05-29,-3.5,6.452,-21.74,20.0,0.0,-11.11,28.57,-25.0,-25.0,-17.39,-33.33,66.67
2018-05-30,-1.1,6.452,-13.46,27.27,0.0,0.0,25.0,-25.0,-28.57,-16.67,-33.33,25.0
2018-05-31,2.4,9.677,-13.46,27.27,0.0,0.0,22.22,-15.38,-20.0,-14.81,-33.33,20.0
2018-06-01,2.6,11.429,-13.46,27.27,0.0,0.0,18.18,-9.09,-20.0,-14.29,-33.33,16.67
2018-06-04,-0.4,8.571,-24.44,27.27,0.0,0.0,18.18,0.0,-25.0,-13.79,-33.33,16.67
2018-06-05,-1.8,2.941,-21.43,27.27,0.0,0.0,18.18,0.0,-25.0,-10.34,-33.33,16.67
2018-06-06,-2.1,2.941,-21.43,27.27,0.0,0.0,18.18,0.0,-26.67,-10.34,-33.33,16.67
2018-06-07,-3.9,0.0,-23.81,27.27,-10.0,0.0,9.09,0.0,-33.33,-7.41,-33.33,14.29
2018-06-08,-5.5,-3.125,-29.73,21.43,-22.22,0.0,10.0,-14.29,-27.27,0.0,-33.33,14.29
2018-06-11,-5.5,-3.333,-27.78,23.08,-22.22,-9.09,0.0,-14.29,-16.67,-4.0,-50.0,16.67
2018-06-12,-4.0,3.571,-26.32,12.5,-22.22,-9.09,0.0,-23.08,-16.67,-4.55,-100.0,16.67
2018-06-13,-2.8,3.571,-23.68,5.26,-12.5,0.0,0.0,-23.08,-9.09,-9.09,-100.0,0.0
2018-06-14,-2.8,4.0,-23.68,5.26,-12.5,0.0,0.0,-23.08,-9.09,-9.52,-100.0,0.0
2018-06-15,-3.7,3.704,-22.22,5.26,-12.5,0.0,0.0,-28.57,-9.09,-4.55,-100.0,0.0
2018-06-18,-4.5,3.704,-20.0,-6.25,-12.5,0.0,0.0,-28.57,0.0,-4.55,-100.0,0.0
2018-06-19,-4.1,3.571,-20.0,-6.25,0.0,0.0,0.0,-30.77,0.0,0.0,-100.0,-25.0
2018-06-20,-3.5,3.448,-17.65,-6.25,-9.09,0.0,0.0,-33.33,0.0,9.52,-50.0,-25.0
2018-06-21,-5.2,-3.226,-17.14,-6.25,-9.09,0.0,0.0,-30.77,0.0,10.0,-50.0,-25.0
2018-06-22,-4.0,-3.333,-7.14,-7.69,-9.09,0.0,0.0,-38.46,0.0,10.0,-50.0,-25.0
2018-06-25,-3.9,-3.226,-6.82,-10.0,-9.09,0.0,0.0,-38.46,0.0,10.0,-50.0,-25.0
2018-06-26,-2.5,-3.226,-4.88,-10.0,-9.09,0.0,0.0,-38.46,10.0,15.0,-50.0,-25.0
2018-06-27,-2.2,-3.333,-2.27,-10.0,-9.09,12.5,14.29,-41.67,0.0,22.73,-50.0,-25.0
2018-06-28,-2.6,-7.143,-2.04,-10.0,-8.33,12.5,0.0,-41.67,16.67,17.39,-50.0,-25.0
2018-06-29,-2.4,-6.667,-3.92,-9.09,-15.38,0.0,10.0,-27.27,21.43,18.52,-50.0,0.0
2018-07-02,-1.6,-3.125,-1.92,-9.09,-14.29,0.0,10.0,-27.27,20.0,17.86,-50.0,0.0
2018-07-03,-1.7,0.0,-1.89,-9.09,-7.69,0.0,10.0,-30.0,20.0,21.43,-50.0,0.0
2018-07-04,-1.7,0.0,10.87,-9.09,-7.69,0.0,10.0,-30.0,21.43,25.0,-50.0,0.0
2018-07-05,2.3,3.125,11.11,-9.09,-7.69,0.0,10.0,-30.0,13.33,22.22,-50.0,0.0
2018-07-06,2.4,3.03,11.63,-9.09,-7.69,0.0,0.0,-33.33,13.33,23.08,-50.0,0.0
2018-07-09,2.3,3.03,11.63,-9.09,-16.67,0.0,0.0,-33.33,14.29,23.08,-33.33,-14.29
2018-07-10,1.6,3.125,9.3,-9.09,-12.5,0.0,0.0,-14.29,7.14,21.43,-33.33,-14.29
2018-07-11,-1.0,3.125,2.7,-20.0,-14.29,11.11,0.0,-14.29,16.67,25.0,-33.33,0.0
2018-07-12,-2.5,3.333,2.63,-20.0,-14.29,11.11,0.0,-23.08,9.09,29.17,-33.33,0.0
2018-07-13,-0.9,0.0,2.7,-7.69,-16.67,11.11,0.0,-23.08,9.09,30.43,-33.33,0.0
2018-07-16,0.7,3.704,2.7,-5.0,-16.67,12.5,0.0,-23.08,20.0,31.82,-33.33,0.0
2018-07-17,1.5,3.704,5.71,-5.0,-16.67,14.29,0.0,-14.29,20.0,27.27,-33.33,0.0
2018-07-18,0.8,0.0,5.71,-5.0,-16.67,22.22,0.0,-15.38,20.0,27.27,-33.33,0.0
2018-07-19,2.9,6.667,8.82,-5.88,-16.67,22.22,0.0,-15.38,20.0,22.73,-33.33,0.0
2018-07-20,4.0,6.667,12.12,-5.88,-16.67,22.22,0.0,16.67,18.18,22.73,-33.33,0.0
2018-07-23,4.0,6.452,15.15,-5.88,-16.67,25.0,0.0,15.38,10.0,28.57,0.0,0.0
2018-07-24,4.5,6.452,12.82,0.0,-16.67,25.0,0.0,15.38,10.0,28.57,0.0,0.0
2018-07-25,5.6,3.125,14.63,9.09,-16.67,16.67,0.0,15.38,10.0,31.82,0.0,0.0
2018-07-26,3.3,-3.125,13.64,9.09,-12.5,16.67,-16.67,15.38,10.0,28.57,0.0,0.0
2018-07-27,3.7,0.0,11.11,9.09,-22.22,16.67,-16.67,25.0,10.0,28.57,0.0,0.0
2018-07-30,2.1,0.0,10.2,9.09,-10.0,16.67,-28.57,25.0,-7.69,28.0,0.0,0.0
2018-07-31,2.1,0.0,9.8,8.33,-22.22,25.0,-28.57,30.77,-13.33,28.0,0.0,0.0
2018-08-01,-0.2,-5.882,7.69,8.33,0.0,25.0,-28.57,30.77,-13.33,26.92,0.0,0.0
2018-08-02,1.1,0.0,6.0,8.33,0.0,25.0,-28.57,33.33,-13.33,29.63,0.0,0.0
2018-08-03,-0.6,-2.778,0.0,8.33,0.0,22.22,-37.5,60.0,-14.29,25.0,0.0,0.0
2018-08-06,-1.2,-2.857,-2.22,8.33,0.0,22.22,-37.5,60.0,-13.33,25.0,0.0,0.0
2018-08-07,-1.5,-2.941,-2.22,6.67,0.0,10.0,-33.33,60.0,-13.33,25.0,0.0,0.0
2018-08-08,-2.7,-3.03,-4.76,6.67,0.0,10.0,-50.0,54.55,-13.33,18.52,0.0,0.0
2018-08-09,-3.3,-3.03,-5.41,6.67,0.0,22.22,-37.5,41.67,-21.43,23.08,0.0,0.0
2018-08-10,-3.9,-3.226,-2.78,7.14,16.67,22.22,-66.67,46.15,-33.33,16.0,0.0,-20.0
2018-08-13,-4.1,-6.897,-5.71,5.0,20.0,25.0,-66.67,46.15,-36.36,16.67,0.0,-25.0
2018-08-14,-5.2,-10.714,-2.7,5.0,20.0,28.57,-66.67,46.15,-36.36,20.83,0.0,-25.0
2018-08-15,-5.4,-10.0,-5.56,5.0,20.0,28.57,-66.67,46.15,-36.36,17.39,0.0,-25.0
2018-08-16,-7.8,-16.129,-8.57,5.0,20.0,22.22,-66.67,42.86,-30.0,20.83,0.0,-25.0
2018-08-17,-7.2,-16.129,-8.57,5.0,20.0,22.22,-60.0,58.33,-30.0,21.74,0.0,-25.0
2018-08-20,-7.3,-16.129,-8.57,5.0,20.0,22.22,-60.0,58.33,-30.0,21.74,0.0,0.0
2018-08-21,-7.3,-16.129,-3.13,5.0,20.0,12.5,-60.0,36.36,-33.33,22.73,0.0,0.0
2018-08-22,-7.1,-15.625,-3.13,5.0,20.0,12.5,-60.0,30.77,-30.0,19.05,0.0,0.0
2018-08-23,-7.1,-18.182,-2.5,5.88,0.0,12.5,-50.0,30.77,-30.0,22.73,0.0,0.0
2018-08-24,-8.5,-18.182,-2.5,0.0,0.0,12.5,-57.14,30.77,-30.0,17.39,0.0,0.0
2018-08-27,-8.5,-18.75,2.38,0.0,0.0,12.5,-57.14,30.77,-30.0,17.39,0.0,0.0
2018-08-28,-7.4,-15.625,-2.22,0.0,-12.5,12.5,-57.14,25.0,-30.0,18.18,0.0,0.0
2018-08-29,-6.6,-12.903,-2.17,0.0,-12.5,-12.5,-57.14,25.0,-25.0,18.18,0.0,0.0
2018-08-30,-9.1,-19.355,-1.96,0.0,18.18,0.0,-50.0,15.38,-28.57,16.0,0.0,0.0
2018-08-31,-8.6,-19.355,-1.92,0.0,18.18,0.0,-50.0,0.0,-21.43,11.54,0.0,0.0
2018-09-03,-8.6,-20.0,-3.85,0.0,18.18,0.0,-36.36,0.0,-21.43,7.41,0.0,20.0
2018-09-04,-7.5,-15.625,-4.55,0.0,18.18,0.0,-36.36,0.0,-21.43,3.7,0.0,20.0
2018-09-05,-7.5,-12.903,-6.98,0.0,18.18,9.09,-36.36,0.0,-21.43,0.0,0.0,20.0
2018-09-06,-4.3,-3.125,-9.76,0.0,22.22,9.09,-30.0,0.0,-13.33,0.0,0.0,33.33
2018-09-07,-3.6,-3.03,-4.88,0.0,37.5,8.33,-27.27,-15.38,-13.33,0.0,0.0,28.57
2018-09-10,-3.3,-3.03,-5.41,0.0,28.57,0.0,-20.0,-15.38,0.0,-8.0,25.0,33.33
2018-09-11,-3.7,-3.333,-5.56,0.0,28.57,0.0,-20.0,-30.77,10.0,-7.69,50.0,33.33
2018-09-12,-2.1,3.571,-5.26,-6.67,16.67,8.33,-20.0,-30.77,18.18,-12.0,50.0,33.33
2018-09-13,-1.9,3.704,-5.26,-5.56,16.67,9.09,-20.0,-30.77,18.18,-16.67,50.0,40.0
2018-09-14,-1.9,3.704,-5.26,-5.56,16.67,9.09,-20.0,-30.77,18.18,-16.67,50.0,40.0
2018-09-17,0.6,7.407,-2.94,-5.56,16.67,9.09,-11.11,-30.77,20.0,-13.04,50.0,40.0
2018-09-18,0.0,7.407,-2.94,-6.67,0.0,20.0,-12.5,-28.57,20.0,-18.18,50.0,40.0
2018-09-19,1.8,10.714,-2.94,-6.67,0.0,20.0,-12.5,-30.77,33.33,-19.05,66.67,40.0
2018-09-20,1.9,12.903,-5.71,-6.67,0.0,20.0,-14.29,-25.0,25.0,-13.64,100.0,50.0
2018-09-21,0.0,12.903,-14.63,-6.67,0.0,20.0,-14.29,-41.67,22.22,-10.53,100.0,50.0
2018-09-24,-0.4,12.903,-13.95,-11.11,0.0,20.0,-14.29,-30.77,22.22,-15.0,100.0,50.0
2018-09-25,-1.0,15.625,-19.51,-11.11,0.0,20.0,-14.29,-30.77,22.22,-21.05,100.0,50.0
2018-09-26,-1.3,16.129,-19.51,-11.11,0.0,25.0,-25.0,-30.77,22.22,-19.05,100.0,50.0
2018-09-27,2.5,26.667,-16.33,-11.11,18.18,33.33,-25.0,-33.33,16.67,-23.81,100.0,50.0
2018-09-28,3.1,23.333,-14.0,-11.11,16.67,33.33,-30.0,-23.08,15.38,-23.81,100.0,60.0
2018-10-01,0.1,21.875,-13.46,-20.0,23.08,33.33,-27.27,-23.08,14.29,-20.0,100.0,33.33
2018-10-02,0.4,21.875,-13.46,-20.0,23.08,20.0,-27.27,-16.67,13.33,-19.23,100.0,33.33
2018-10-03,1.1,25.0,-14.81,-20.0,23.08,20.0,-27.27,-20.0,14.29,-18.52,100.0,33.33
2018-10-04,0.7,25.0,-17.78,-20.0,33.33,18.18,-30.0,-20.0,20.0,-23.08,100.0,33.33
2018-10-05,0.0,21.212,-17.39,-20.0,33.33,18.18,-22.22,-8.33,20.0,-23.08,100.0,33.33
2018-10-08,0.0,21.212,-22.73,-20.0,36.36,18.18,-20.0,-8.33,20.0,-23.08,100.0,28.57
2018-10-09,-0.2,18.75,-19.51,-20.0,50.0,18.18,-20.0,-15.38,25.0,-23.08,100.0,28.57
2018-10-10,0.3,18.75,-16.67,-20.0,50.0,33.33,-20.0,-14.29,28.57,-20.69,100.0,28.57
2018-10-11,1.5,20.0,-18.92,0.0,28.57,11.11,-22.22,-7.69,41.67,-20.0,100.0,33.33
2018-10-12,4.4,16.129,-16.22,0.0,28.57,11.11,-14.29,-7.69,36.36,-16.67,100.0,33.33
2018-10-15,3.7,12.5,-13.89,0.0,28.57,12.5,-33.33,-7.69,36.36,-13.04,100.0,20.0
2018-10-16,2.2,9.677,-16.22,0.0,28.57,0.0,-33.33,-7.69,36.36,-8.7,100.0,20.0
2018-10-17,2.3,9.375,-17.14,0.0,28.57,11.11,-33.33,-7.14,36.36,-9.09,100.0,20.0
2018-10-18,0.6,3.125,-14.71,0.0,25.0,12.5,-33.33,-7.69,30.0,-13.04,100.0,0.0
2018-10-19,-0.9,0.0,-18.18,0.0,25.0,12.5,-40.0,-7.69,30.0,-13.64,100.0,0.0
2018-10-22,-0.9,0.0,-18.18,0.0,25.0,12.5,-40.0,-7.14,27.27,-10.0,100.0,0.0
2018-10-23,-0.3,0.0,-18.18,0.0,25.0,12.5,-40.0,0.0,27.27,-15.0,100.0,0.0
2018-10-24,-2.7,-3.125,-28.21,7.69,25.0,0.0,-40.0,0.0,20.0,-15.0,100.0,0.0
2018-10-25,-1.3,0.0,-26.83,10.0,-8.33,0.0,-33.33,0.0,20.0,-15.0,100.0,0.0
2018-10-26,0.2,3.226,-26.19,10.0,-7.69,0.0,-33.33,0.0,20.0,-15.0,100.0,0.0
2018-10-29,0.2,3.03,-26.19,10.0,-7.69,0.0,-33.33,0.0,25.0,-13.04,100.0,0.0
2018-10-30,0.2,2.941,-26.0,0.0,0.0,0.0,-37.5,0.0,15.38,-16.0,100.0,0.0
2018-10-31,0.2,0.0,-25.49,0.0,0.0,0.0,-37.5,7.69,13.33,-16.0,100.0,0.0
2018-11-01,-4.4,-3.448,-24.0,0.0,0.0,0.0,-37.5,7.69,13.33,-20.83,100.0,0.0
2018-11-02,-4.4,-2.857,-18.18,0.0,0.0,0.0,-30.0,15.38,14.29,-18.52,100.0,-20.0
2018-11-05,-4.4,0.0,-19.05,0.0,0.0,0.0,-30.0,8.33,6.67,-18.52,100.0,-20.0
2018-11-06,-4.4,-2.857,-18.6,0.0,0.0,0.0,-30.0,7.69,6.67,-18.52,100.0,-20.0
2018-11-07,-4.5,-2.941,-18.18,7.14,0.0,0.0,-20.0,7.69,0.0,-22.22,100.0,-20.0
2018-11-08,-5.7,-6.061,-22.22,7.14,-22.22,-11.11,-20.0,14.29,0.0,-23.08,100.0,-16.67
2018-11-09,-6.3,-3.125,-27.78,7.14,-25.0,-11.11,-12.5,7.69,0.0,-24.14,100.0,-40.0
2018-11-12,-6.3,-3.333,-28.57,15.38,-42.86,-11.11,-14.29,7.69,0.0,-28.0,50.0,-25.0
2018-11-13,-7.4,-3.333,-27.78,5.56,-42.86,0.0,-22.22,7.69,0.0,-33.33,50.0,-25.0
2018-11-14,-8.6,-6.897,-27.78,5.56,-42.86,10.0,-22.22,7.69,0.0,-34.78,50.0,-25.0
2018-11-15,-8.9,-6.667,-27.78,5.56,-25.0,11.11,-22.22,7.69,-10.0,-37.5,50.0,-25.0
2018-11-16,-8.9,-3.448,-28.57,5.56,-25.0,11.11,-22.22,0.0,-10.0,-34.78,50.0,-25.0
2018-11-19,-8.5,-3.448,-28.57,5.56,-25.0,11.11,-25.0,0.0,-10.0,-34.78,50.0,-33.33
2018-11-20,-9.2,-3.333,-28.57,5.56,-25.0,11.11,-25.0,9.09,-20.0,-29.17,33.33,-33.33
2018-11-21,-11.5,-8.824,-33.33,5.56,-25.0,11.11,-22.22,0.0,-20.0,-33.33,33.33,-33.33
2018-11-22,-11.5,-9.091,-31.43,-6.67,-25.0,25.0,-22.22,0.0,-20.0,-33.33,33.33,-33.33
2018-11-23,-15.2,-6.25,-43.9,-6.67,-25.0,25.0,-22.22,0.0,-20.0,-33.33,33.33,-33.33
2018-11-26,-13.5,-3.226,-41.86,-6.67,-25.0,25.0,-22.22,0.0,-20.0,-27.27,33.33,-33.33
2018-11-27,-13.2,-3.226,-38.64,-6.67,-25.0,25.0,-22.22,0.0,-20.0,-22.73,33.33,-33.33
2018-11-28,-13.4,-6.452,-34.78,-7.69,-33.33,14.29,-22.22,0.0,-9.09,-22.73,33.33,-33.33
2018-11-29,-13.1,-12.903,-25.49,-10.0,-41.67,12.5,-20.0,0.0,-7.69,-12.0,33.33,-50.0
2018-11-30,-11.8,-10.0,-25.0,-10.0,-41.67,12.5,-25.0,9.09,-6.67,-11.54,33.33,-40.0
2018-12-03,-11.5,-9.375,-24.53,-10.0,-30.77,12.5,-23.08,10.0,-7.14,-7.41,33.33,-16.67
2018-12-04,-11.9,-9.375,-25.0,-10.0,-30.77,0.0,-23.08,10.0,-7.14,-3.7,33.33,-16.67
2018-12-05,-11.9,-6.452,-13.33,-10.0,-30.77,0.0,-23.08,10.0,-7.14,-7.41,33.33,-16.67
2018-12-06,-9.6,-6.25,-13.64,-10.0,-11.11,0.0,-25.0,10.0,-13.33,-7.41,33.33,-16.67
2018-12-07,-11.6,-14.706,-11.36,-10.0,-12.5,0.0,-23.08,25.0,-13.33,-10.71,33.33,-16.67
2018-12-10,-11.9,-15.625,-11.11,-7.69,-12.5,9.09,-23.08,28.57,-23.08,-14.81,0.0,0.0
2018-12-11,-8.2,-16.129,-5.26,0.0,-12.5,10.0,-18.18,28.57,-15.38,-11.54,0.0,0.0
2018-12-12,-8.3,-16.129,-2.56,0.0,-12.5,10.0,-18.18,23.08,-18.18,-11.11,0.0,0.0
2018-12-13,-7.1,-10.345,-2.56,0.0,-12.5,11.11,-20.0,23.08,-25.0,-8.0,0.0,20.0
2018-12-14,-9.8,-10.714,-15.56,0.0,-12.5,11.11,-22.22,18.18,-25.0,-12.5,0.0,20.0
2018-12-17,-10.4,-14.815,-15.56,0.0,-12.5,11.11,-22.22,18.18,-18.18,-8.7,0.0,20.0
2018-12-18,-11.0,-14.286,-15.56,0.0,-12.5,11.11,-22.22,18.18,-18.18,-8.7,-100.0,20.0
2018-12-19,-10.3,-10.345,-15.91,-7.14,-18.18,9.09,-25.0,18.18,-10.0,-4.55,-100.0,20.0
2018-12-20,-10.0,-9.677,-15.91,-7.14,-18.18,10.0,-25.0,18.18,-9.09,-4.0,-100.0,25.0
2018-12-21,-9.6,-12.121,-12.5,-7.14,-16.67,10.0,-22.22,21.43,-9.09,0.0,-100.0,25.0
2018-12-24,-9.4,-12.121,-12.77,-7.14,-16.67,10.0,-22.22,21.43,-9.09,0.0,-100.0,25.0
2018-12-25,-9.4,-12.121,-13.04,0.0,-16.67,10.0,-14.29,21.43,-10.0,4.76,-100.0,25.0
2018-12-26,-9.4,-12.121,-11.36,0.0,-16.67,0.0,-14.29,21.43,-10.0,4.76,-100.0,25.0
2018-12-27,-10.4,-15.625,-11.36,0.0,-27.27,0.0,-14.29,21.43,-21.43,10.0,-100.0,25.0
2018-12-28,-10.5,-16.129,-11.36,0.0,-27.27,0.0,-12.5,23.08,-21.43,9.52,-100.0,0.0
2018-12-31,-11.0,-16.129,-11.36,-10.0,-27.27,0.0,-12.5,23.08,-21.43,9.52,-100.0,0.0
2019-01-01,-11.0,-16.667,-11.36,-10.0,-27.27,0.0,-12.5,23.08,-23.08,5.0,-100.0,0.0
2019-01-02,-11.0,-11.538,-8.89,-10.0,-33.33,0.0,-12.5,33.33,-23.08,9.52,-100.0,0.0
2019-01-03,-12.9,-17.857,-9.09,-10.0,-33.33,0.0,-11.11,33.33,-23.08,9.09,-100.0,0.0
2019-01-04,-9.1,-13.333,5.13,-10.0,-33.33,0.0,-11.11,41.67,-23.08,-3.7,-100.0,0.0
2019-01-07,-8.1,-12.903,10.0,-10.0,-33.33,0.0,-11.11,41.67,-23.08,-7.69,-100.0,0.0
2019-01-08,-9.5,-13.333,10.53,-10.0,-33.33,0.0,-11.11,41.67,-23.08,-12.0,-100.0,0.0
2019-01-09,-9.4,-10.345,0.0,-10.0,-25.0,-11.11,-10.0,46.15,-30.77,-7.69,-100.0,0.0
2019-01-10,-9.3,0.0,-11.11,-11.11,-14.29,-11.11,-11.11,42.86,-33.33,-13.64,-100.0,16.67
2019-01-11,-10.0,0.0,-13.89,-11.11,-14.29,-11.11,0.0,53.85,-40.0,-13.04,-100.0,20.0
2019-01-14,-10.1,0.0,-13.89,-25.0,-33.33,-12.5,0.0,53.85,-40.0,-18.18,-100.0,0.0
2019-01-15,-12.1,0.0,-13.89,-14.29,-33.33,0.0,0.0,53.85,-36.36,-19.05,-100.0,0.0
2019-01-16,-10.8,0.0,-17.65,-14.29,-33.33,0.0,0.0,53.85,-36.36,-19.05,-100.0,0.0
2019-01-17,-10.2,0.0,-18.18,-14.29,-33.33,0.0,0.0,53.85,-30.0,-19.05,-100.0,0.0
2019-01-18,-9.4,4.348,-21.88,-14.29,-33.33,0.0,0.0,45.45,-30.0,-19.05,-100.0,0.0
2019-01-21,-9.4,4.348,-22.58,-13.33,-33.33,-16.67,0.0,44.44,-30.0,-15.79,-100.0,-33.33
2019-01-22,-12.7,0.0,-25.81,-15.38,-33.33,-16.67,0.0,27.27,-33.33,-10.53,-100.0,-33.33
2019-01-23,-13.6,0.0,-32.26,-15.38,-33.33,0.0,0.0,23.08,-30.0,-15.79,-100.0,-33.33
2019-01-24,-14.5,0.0,-34.21,-20.0,-50.0,0.0,16.67,23.08,-22.22,-15.79,-100.0,-33.33
2019-01-25,-14.1,-4.348,-22.58,-20.0,-50.0,0.0,16.67,23.08,-22.22,-15.79,-100.0,-33.33
2019-01-28,-13.3,-4.348,-20.59,-20.0,-62.5,0.0,16.67,23.08,-22.22,-14.29,-100.0,-33.33
2019-01-29,-14.1,-8.696,-18.75,-20.0,-62.5,0.0,16.67,25.0,-20.0,-14.29,-100.0,-33.33
2019-01-30,-13.6,-13.636,-7.5,-18.18,-87.5,-14.29,0.0,25.0,-18.18,-8.33,-100.0,-50.0
2019-01-31,-13.6,-14.286,-9.52,-18.18,-87.5,-14.29,0.0,16.67,-7.69,-9.09,-100.0,-50.0
2019-02-01,-9.8,4.545,-13.16,-18.18,-87.5,-14.29,0.0,11.11,-7.69,-8.7,-100.0,-60.0
2019-02-04,-11.7,0.0,-13.16,-18.18,-87.5,-33.33,0.0,11.11,-7.69,-12.5,-100.0,-60.0
2019-02-05,-11.8,0.0,-12.5,-18.18,-87.5,-33.33,0.0,11.11,-7.69,-16.0,-100.0,-60.0
2019-02-06,-11.8,0.0,-14.63,-18.18,-87.5,-33.33,0.0,20.0,-7.69,-16.0,-66.67,-60.0
2019-02-07,-10.0,0.0,-14.63,-18.18,-87.5,-33.33,0.0,20.0,10.0,-19.23,-66.67,-60.0
2019-02-08,-10.5,0.0,-16.28,-18.18,-87.5,-33.33,0.0,15.38,10.0,-20.0,-66.67,-40.0
2019-02-11,-8.9,0.0,-16.28,-10.0,-87.5,-44.44,0.0,15.38,10.0,-28.57,-25.0,-40.0
2019-02-12,-9.3,0.0,-16.28,-10.0,-87.5,-44.44,0.0,15.38,10.0,-28.57,-25.0,-40.0
2019-02-13,-10.9,0.0,-20.93,7.69,-85.71,-44.44,0.0,15.38,9.09,-32.14,-25.0,-40.0
2019-02-14,-8.0,0.0,-23.26,7.69,-62.5,-44.44,0.0,7.14,9.09,-33.33,-25.0,-50.0
2019-02-15,-7.8,-4.348,-24.39,13.33,-62.5,-44.44,0.0,0.0,9.09,-21.74,-25.0,-50.0
2019-02-18,-7.8,-4.545,-31.58,13.33,-62.5,-44.44,0.0,0.0,8.33,-21.74,-25.0,-50.0
2019-02-19,-8.3,-4.545,-25.71,13.33,-62.5,-37.5,0.0,0.0,9.09,-26.09,-25.0,-66.67
2019-02-20,-7.8,-4.545,-25.0,13.33,-62.5,-20.0,0.0,-9.09,9.09,-20.83,-25.0,-66.67
2019-02-21,-7.8,-11.538,-13.95,13.33,-62.5,-22.22,0.0,-9.09,0.0,-20.83,-25.0,-66.67
2019-02-22,-7.8,-11.538,-11.36,13.33,-62.5,-22.22,0.0,-7.69,0.0,-21.74,-25.0,-66.67
2019-02-25,-4.3,-11.538,-11.63,33.33,-62.5,-22.22,0.0,-7.69,0.0,-21.74,-25.0,-66.67
2019-02-26,-4.3,-10.714,-11.36,30.0,-62.5,-22.22,0.0,-7.69,0.0,-16.67,0.0,-66.67
2019-02-27,-6.0,-13.793,-7.84,27.27,-36.36,-30.0,20.0,-7.69,-16.67,-8.33,0.0,-66.67
2019-02-28,-6.7,-13.793,-7.84,27.27,-23.08,-30.0,27.27,-7.69,-28.57,-8.0,0.0,-80.0
2019-03-01,-4.7,-10.0,-5.56,27.27,-21.43,-30.0,23.08,-14.29,-26.67,3.57,0.0,-50.0
2019-03-04,-2.8,-12.903,-5.56,42.86,-21.43,-27.27,23.08,-14.29,-26.67,3.45,0.0,-50.0
2019-03-05,-0.5,-6.25,-3.64,42.86,-20.0,-25.0,23.08,-8.33,-28.57,3.45,0.0,-50.0
2019-03-06,-0.4,-6.25,-1.89,42.86,-20.0,-36.36,23.08,-10.0,-28.57,7.14,0.0,-50.0
2019-03-07,-7.1,-9.677,4.35,0.0,-14.29,-36.36,15.38,-9.09,-20.0,10.34,0.0,-42.86
2019-03-08,-7.6,-14.706,8.51,0.0,-7.69,-36.36,15.38,-7.14,-20.0,11.11,0.0,-42.86
2019-03-11,-7.7,-14.286,6.52,0.0,0.0,-36.36,15.38,-7.14,-20.0,11.11,25.0,-42.86
2019-03-12,-7.0,-11.765,6.52,0.0,0.0,-36.36,15.38,-7.14,-26.67,13.79,25.0,-42.86
2019-03-13,-8.4,-8.333,0.0,-7.14,33.33,-30.0,25.0,-7.14,-30.77,7.69,25.0,-33.33
2019-03-14,-8.9,-8.333,2.63,-7.14,30.0,-30.0,27.27,-7.69,-45.45,8.0,25.0,-33.33
2019-03-15,-10.9,-17.647,5.41,-7.14,33.33,-30.0,33.33,-7.14,-45.45,8.33,25.0,-20.0
2019-03-18,-9.5,-15.152,5.41,-7.14,33.33,-12.5,33.33,-7.14,-45.45,13.04,25.0,-20.0
2019-03-19,-8.7,-15.152,8.33,-7.14,33.33,-12.5,33.33,-7.14,-45.45,21.74,25.0,-20.0
2019-03-20,-8.2,-15.152,11.43,-7.14,33.33,0.0,33.33,-15.38,-45.45,16.67,66.67,-20.0
2019-03-21,-5.0,-5.714,11.11,-7.14,33.33,0.0,37.5,-14.29,-50.0,25.0,66.67,-20.0
2019-03-22,-6.3,-2.778,0.0,-7.14,33.33,0.0,50.0,-23.08,-50.0,25.0,66.67,-25.0
2019-03-25,-3.1,-2.778,4.65,-7.14,33.33,11.11,50.0,-23.08,-36.36,42.86,50.0,-25.0
2019-03-26,-5.1,-7.895,0.0,-7.14,33.33,11.11,50.0,-23.08,-36.36,40.91,50.0,-25.0
2019-03-27,-9.1,-7.895,0.0,-27.27,16.67,11.11,28.57,-23.08,-40.0,36.36,50.0,-25.0
2019-03-28,-6.7,0.0,0.0,-27.27,8.33,20.0,25.0,-16.67,-30.77,34.78,50.0,-25.0
2019-03-29,-8.6,0.0,1.92,-44.44,8.33,20.0,10.0,-7.69,-21.43,30.77,50.0,0.0
2019-04-01,-6.4,0.0,1.92,-30.0,8.33,20.0,10.0,-7.69,-28.57,30.77,50.0,0.0
2019-04-02,-6.9,0.0,1.92,-30.0,15.38,27.27,18.18,-7.69,-28.57,34.62,50.0,-16.67
2019-04-03,-6.6,-2.326,3.77,-30.0,15.38,30.0,18.18,-7.69,-23.08,25.93,50.0,-16.67
2019-04-04,-6.5,2.564,-2.17,-30.0,15.38,30.0,18.18,-8.33,-21.43,25.93,50.0,-16.67
2019-04-05,-6.4,2.439,-2.27,-30.0,15.38,30.0,16.67,-8.33,-21.43,29.63,50.0,-16.67
2019-04-08,-6.4,2.439,-2.27,-30.0,15.38,30.0,16.67,-8.33,-21.43,29.63,50.0,-16.67
2019-04-09,-6.6,2.5,-2.33,-30.0,15.38,30.0,16.67,-14.29,-26.67,26.92,50.0,-16.67
2019-04-10,-5.8,5.128,-5.56,-33.33,10.0,50.0,0.0,-14.29,-14.29,24.0,50.0,-14.29
2019-04-11,-4.3,2.703,0.0,-33.33,0.0,50.0,-11.11,-14.29,0.0,29.63,50.0,20.0
2019-04-12,-4.3,2.778,0.0,-7.14,0.0,50.0,-14.29,-7.69,0.0,26.09,0.0,0.0
2019-04-15,1.6,5.714,0.0,-7.14,0.0,57.14,-14.29,-7.69,0.0,27.27,0.0,0.0
2019-04-16,0.7,0.0,-2.86,0.0,0.0,66.67,-14.29,-7.14,0.0,22.73,0.0,0.0
2019-04-17,0.5,0.0,-2.86,0.0,0.0,57.14,-14.29,-7.14,0.0,22.73,0.0,0.0
2019-04-18,3.3,0.0,-2.86,20.0,0.0,57.14,-16.67,-7.69,-10.0,19.05,0.0,0.0
2019-04-19,3.3,8.571,-7.32,20.0,-14.29,57.14,-16.67,8.33,-10.0,22.73,0.0,0.0
2019-04-22,6.0,8.571,-7.32,23.08,-14.29,57.14,-16.67,8.33,-10.0,22.73,-50.0,0.0
2019-04-23,6.2,11.111,-9.52,23.08,-14.29,57.14,-16.67,7.69,0.0,20.0,-50.0,0.0
2019-04-24,8.8,8.824,-10.0,40.0,-14.29,57.14,-16.67,7.69,0.0,26.32,-50.0,0.0
2019-04-25,6.9,8.824,-13.95,40.0,0.0,57.14,-16.67,7.69,-15.38,30.0,-50.0,0.0
2019-04-26,9.1,12.121,-13.95,40.0,0.0,57.14,-16.67,8.33,-7.14,27.27,-50.0,0.0
2019-04-29,4.5,5.714,-14.58,27.27,0.0,50.0,-16.67,8.33,-7.14,26.09,-50.0,0.0
2019-04-30,4.0,5.882,-17.02,27.27,0.0,50.0,-16.67,8.33,-7.14,22.73,-50.0,0.0
2019-05-01,5.2,5.714,-16.0,27.27,0.0,50.0,-12.5,0.0,-7.14,28.57,-66.67,0.0
2019-05-02,1.5,-5.556,-13.73,27.27,-9.09,42.86,-22.22,0.0,-7.14,19.23,-66.67,-20.0
2019-05-03,1.5,-5.556,-13.73,27.27,-9.09,42.86,-22.22,0.0,-7.14,19.23,-66.67,-20.0
2019-05-06,1.5,-10.526,-11.36,27.27,-9.09,37.5,-18.18,10.0,-15.38,18.52,-66.67,-20.0
2019-05-07,1.9,-5.556,-7.14,27.27,-9.09,37.5,-18.18,10.0,-15.38,19.23,-66.67,-20.0
2019-05-08,-1.1,-5.556,-4.88,6.25,0.0,37.5,-18.18,18.18,-15.38,25.93,-66.67,-16.67
2019-05-09,-1.6,-8.571,-2.78,6.25,0.0,28.57,-20.0,18.18,-20.0,26.92,-66.67,-16.67
2019-05-10,-2.9,-9.091,-5.56,6.25,0.0,28.57,-12.5,23.08,-27.27,24.0,-50.0,-40.0
2019-05-13,-4.2,-10.0,-5.71,0.0,-16.67,16.67,-33.33,23.08,-20.0,20.83,-50.0,-25.0
2019-05-14,-7.2,-10.345,-8.11,-11.11,-16.67,0.0,-33.33,23.08,-20.0,25.0,-50.0,-25.0
2019-05-15,-6.8,-7.143,-11.43,-11.11,-16.67,0.0,-33.33,23.08,-20.0,30.43,-50.0,-25.0
2019-05-16,-8.5,-12.5,-8.57,-11.11,-16.67,-14.29,-33.33,21.43,-22.22,30.43,-50.0,-25.0
2019-05-17,-7.8,-9.375,-8.57,-11.11,-16.67,-14.29,-37.5,25.0,-22.22,27.27,-50.0,-25.0
2019-05-20,-6.0,-9.677,-8.57,-11.11,-16.67,-14.29,-37.5,40.0,0.0,27.27,-50.0,-25.0
2019-05-21,-6.2,-9.677,-8.57,-11.11,-16.67,-14.29,-37.5,40.0,0.0,27.27,-50.0,-33.33
2019-05-22,-7.7,-12.5,-11.76,-11.11,-16.67,-14.29,-37.5,41.67,11.11,15.0,-50.0,-33.33
2019-05-23,-8.6,-16.129,-11.76,-11.11,-16.67,-14.29,-37.5,41.67,11.11,15.0,-33.33,-33.33
2019-05-24,-11.5,-12.121,-13.95,-30.77,0.0,-14.29,-22.22,38.46,0.0,9.09,-33.33,-33.33
2019-05-27,-11.5,-12.121,-13.95,-30.77,0.0,-14.29,-22.22,38.46,0.0,9.09,-33.33,-33.33
2019-05-28,-14.9,-9.375,-14.29,-55.56,0.0,-14.29,-22.22,41.67,0.0,9.52,-33.33,-33.33
2019-05-29,-12.7,-6.061,-5.88,-55.56,-8.33,-42.86,-9.09,41.67,0.0,13.64,-33.33,-20.0
2019-05-30,-16.2,-13.333,-4.55,-60.0,0.0,-50.0,-9.09,30.0,-7.69,13.64,-33.33,-20.0
2019-05-31,-16.2,-13.333,-4.55,-60.0,0.0,-50.0,-9.09,30.0,-7.69,13.64,-33.33,-20.0
2019-06-03,-15.6,-6.061,-4.55,-60.0,15.38,-55.56,-7.69,36.36,-20.0,14.81,-33.33,-16.67
2019-06-04,-15.8,-9.091,-2.33,-60.0,15.38,-50.0,-7.69,40.0,-20.0,10.71,-33.33,-16.67
2019-06-05,-14.9,-9.091,2.5,-60.0,15.38,-50.0,-7.69,40.0,-21.43,10.71,-33.33,-16.67
2019-06-06,-13.5,-6.25,2.38,-60.0,10.0,-50.0,-7.69,40.0,-9.09,7.14,-33.33,-16.67
2019-06-07,-13.5,-6.25,2.38,-60.0,10.0,-50.0,-7.69,40.0,-9.09,7.14,-33.33,-16.67
2019-06-10,-10.6,-9.375,2.5,-33.33,11.11,-55.56,0.0,50.0,-27.27,3.57,-33.33,-14.29
2019-06-11,-11.5,-9.677,2.7,-33.33,11.11,-55.56,0.0,61.54,-27.27,3.57,0.0,-16.67
2019-06-12,-9.0,-3.448,2.7,-35.71,11.11,-45.45,0.0,61.54,-16.67,8.0,-50.0,-16.67
2019-06-13,-9.4,-3.571,0.0,-35.71,25.0,-50.0,9.09,61.54,-16.67,8.33,-50.0,0.0
2019-06-14,-7.5,3.571,0.0,-35.29,25.0,-50.0,11.11,61.54,-16.67,8.7,-50.0,0.0
2019-06-17,-7.4,3.571,2.86,-35.29,25.0,-55.56,11.11,61.54,-16.67,8.7,-50.0,0.0
2019-06-18,-8.6,3.448,0.0,-35.71,25.0,-55.56,11.11,50.0,-16.67,8.7,-50.0,0.0
2019-06-19,-8.5,3.448,0.0,-33.33,-8.33,-55.56,25.0,46.15,-16.67,0.0,-33.33,0.0
2019-06-20,-10.4,-3.226,-2.78,-33.33,-8.33,-55.56,25.0,46.15,-9.09,0.0,-50.0,0.0
2019-06-21,-8.9,-3.125,7.32,-33.33,-8.33,-55.56,25.0,33.33,-9.09,0.0,-50.0,0.0
2019-06-24,-8.4,-3.125,6.98,-33.33,-8.33,-55.56,50.0,33.33,-9.09,0.0,-50.0,0.0
2019-06-25,-8.2,-8.824,7.14,-22.22,-8.33,-55.56,50.0,38.46,-9.09,-10.0,-50.0,0.0
2019-06-26,-6.1,-3.125,7.32,-22.22,-8.33,-57.14,50.0,38.46,-9.09,-10.0,-50.0,0.0
2019-06-27,-7.8,-6.452,-4.17,-22.22,-8.33,-50.0,50.0,41.67,0.0,-9.09,-50.0,0.0
2019-06-28,-8.7,-10.345,-4.17,-22.22,-8.33,-50.0,50.0,41.67,0.0,-9.09,-50.0,0.0
2019-07-01,-9.0,-9.375,-4.17,-20.0,-15.38,-50.0,44.44,46.15,-13.33,-9.09,-50.0,0.0
2019-07-02,-10.4,-9.091,-6.0,-20.0,-14.29,-50.0,30.0,46.15,-20.0,-12.0,-50.0,-16.67
2019-07-03,-10.0,-9.091,-7.84,-20.0,-14.29,-44.44,30.0,45.45,-20.0,-14.81,-50.0,-16.67
2019-07-04,-10.0,-8.824,-7.14,-20.0,-23.08,-40.0,22.22,50.0,-20.0,-17.86,-50.0,-16.67
2019-07-05,-10.1,-9.091,-9.3,-20.0,-23.08,-40.0,22.22,50.0,-6.67,-15.38,-50.0,-16.67
2019-07-08,-10.0,-5.714,-11.36,-20.0,-23.08,-40.0,30.0,41.67,-12.5,-14.81,-50.0,-16.67
2019-07-09,-12.4,-8.824,-18.42,-20.0,-11.11,-40.0,30.0,41.67,-12.5,-19.23,-50.0,-40.0
2019-07-10,-11.9,-8.824,-16.22,-20.0,-25.0,-25.0,25.0,42.86,-12.5,-17.24,-66.67,0.0
2019-07-11,-10.3,-9.091,-16.22,-11.11,-25.0,-14.29,25.0,42.86,-7.69,-21.43,-66.67,0.0
2019-07-12,-9.2,-9.677,-13.89,-11.11,-25.0,-14.29,28.57,38.46,9.09,-33.33,-66.67,0.0
2019-07-15,-7.3,-10.345,-13.89,0.0,-66.67,0.0,33.33,35.71,9.09,-30.43,-66.67,0.0
2019-07-16,-6.8,-10.0,-13.51,0.0,-66.67,0.0,33.33,35.71,9.09,-26.09,-66.67,0.0
2019-07-17,-7.8,-13.333,-14.29,0.0,-66.67,0.0,33.33,33.33,9.09,-27.27,-66.67,0.0
2019-07-18,-7.2,-13.793,-14.71,0.0,-66.67,0.0,33.33,33.33,20.0,-27.27,-66.67,0.0
2019-07-19,-5.4,-6.667,-15.15,0.0,-66.67,0.0,20.0,23.08,20.0,-22.73,-66.67,0.0
2019-07-22,-6.7,-6.452,-12.5,-6.67,-66.67,0.0,20.0,-7.14,18.18,-20.0,-66.67,0.0
2019-07-23,-6.7,-6.25,-12.12,-6.67,-66.67,0.0,20.0,-7.14,10.0,-25.0,-50.0,0.0
2019-07-24,-7.8,-6.061,-21.43,0.0,-66.67,0.0,20.0,-7.14,10.0,-30.0,-50.0,0.0
2019-07-25,-6.9,0.0,-26.19,0.0,-40.0,0.0,0.0,-7.14,10.0,-28.57,-50.0,0.0
2019-07-26,-3.9,0.0,-22.73,10.0,-36.36,0.0,0.0,-7.14,10.0,-28.57,-50.0,0.0
2019-07-29,-4.0,0.0,-22.73,10.0,-36.36,0.0,0.0,-7.14,10.0,-28.57,-50.0,0.0
2019-07-30,-2.5,2.941,-22.45,9.09,-41.67,-14.29,-14.29,0.0,7.69,-20.0,-50.0,25.0
2019-07-31,-3.2,0.0,-19.61,9.09,-25.0,-14.29,-14.29,7.14,0.0,-16.0,-100.0,25.0
2019-08-01,-3.0,6.25,-18.0,9.09,-25.0,-14.29,-14.29,7.14,-7.14,-16.67,-100.0,25.0
2019-08-02,-5.2,2.941,-29.55,9.09,-11.11,-12.5,-14.29,8.33,-7.14,-16.0,-100.0,25.0
2019-08-05,-6.1,0.0,-27.27,9.09,-11.11,-12.5,-25.0,8.33,-7.14,-15.38,-100.0,0.0
2019-08-06,-3.4,2.778,-22.73,9.09,-11.11,-12.5,-25.0,0.0,0.0,-7.69,33.33,0.0
2019-08-07,-3.5,2.857,-20.45,9.09,-11.11,-12.5,-42.86,0.0,0.0,-12.0,33.33,0.0
2019-08-08,-1.0,2.857,-10.53,14.29,-11.11,-14.29,-57.14,0.0,0.0,-11.54,33.33,0.0
2019-08-09,-1.5,3.125,-12.82,14.29,0.0,-14.29,-66.67,-21.43,8.33,-13.79,33.33,0.0
2019-08-12,-1.3,6.667,-13.89,6.67,0.0,-14.29,-60.0,-21.43,10.0,-8.0,0.0,25.0
2019-08-13,-1.2,6.667,-13.89,5.56,0.0,-16.67,-60.0,-21.43,18.18,-8.33,0.0,25.0
2019-08-14,-0.4,7.407,-13.51,5.56,0.0,0.0,-60.0,-21.43,18.18,-4.35,0.0,25.0
2019-08-15,0.7,9.677,-11.11,5.56,0.0,0.0,-60.0,-20.0,10.0,0.0,0.0,25.0
2019-08-16,0.1,6.897,-8.57,5.56,0.0,0.0,-100.0,-23.08,10.0,0.0,0.0,25.0
2019-08-19,-0.2,3.226,-8.57,5.56,0.0,0.0,-100.0,-23.08,22.22,0.0,0.0,25.0
2019-08-20,0.2,3.226,-8.57,5.56,0.0,0.0,-100.0,-33.33,22.22,4.17,0.0,0.0
2019-08-21,-1.1,3.125,-15.15,5.56,0.0,0.0,-100.0,-33.33,22.22,4.76,33.33,0.0
2019-08-22,1.7,3.03,2.44,5.56,-12.5,0.0,-100.0,-23.08,20.0,0.0,33.33,0.0
2019-08-23,0.0,3.03,0.0,0.0,-12.5,0.0,-100.0,-23.08,20.0,0.0,33.33,0.0
2019-08-26,0.1,2.857,-2.38,0.0,-12.5,0.0,-100.0,-14.29,20.0,0.0,33.33,0.0
2019-08-27,0.1,3.03,-2.44,0.0,-12.5,0.0,-100.0,-14.29,20.0,0.0,33.33,0.0
2019-08-28,1.7,6.061,2.17,0.0,0.0,0.0,-100.0,-15.38,20.0,0.0,33.33,0.0
2019-08-29,2.8,6.452,5.88,0.0,-7.69,-12.5,-71.43,-15.38,21.43,-9.09,33.33,0.0
2019-08-30,3.5,6.061,3.85,0.0,-7.69,-12.5,-55.56,8.33,21.43,-3.85,33.33,25.0
2019-09-02,3.5,6.061,3.77,0.0,0.0,-22.22,-40.0,18.18,21.43,-7.41,33.33,40.0
2019-09-03,2.3,2.941,3.85,0.0,0.0,-20.0,-40.0,18.18,21.43,-7.41,33.33,40.0
2019-09-04,4.7,3.03,16.28,0.0,0.0,-20.0,-40.0,18.18,21.43,-7.69,33.33,40.0
2019-09-05,3.1,-3.226,18.6,0.0,0.0,-20.0,-33.33,18.18,21.43,-7.69,33.33,40.0
2019-09-06,3.0,0.0,14.29,0.0,0.0,-20.0,-33.33,18.18,20.0,-7.69,33.33,33.33
2019-09-09,2.1,0.0,14.29,-7.69,0.0,-22.22,-30.0,23.08,25.0,-8.7,33.33,33.33
2019-09-10,3.3,-3.125,22.22,-8.33,12.5,-12.5,-22.22,23.08,25.0,-4.17,50.0,16.67
2019-09-11,4.8,0.0,16.67,-8.33,12.5,-12.5,-22.22,21.43,40.0,0.0,50.0,16.67
2019-09-12,6.4,3.571,17.14,-7.14,0.0,-14.29,-22.22,21.43,36.36,4.17,50.0,16.67
2019-09-13,9.8,14.286,14.29,-7.14,0.0,-14.29,-12.5,21.43,36.36,4.35,50.0,40.0
2019-09-16,10.4,18.519,11.76,-5.88,0.0,-14.29,-12.5,21.43,30.0,0.0,0.0,40.0
2019-09-17,9.4,18.519,9.09,-5.88,0.0,-14.29,-12.5,20.0,30.0,0.0,0.0,40.0
2019-09-18,10.3,24.138,11.76,-14.29,-12.5,-11.11,-12.5,12.5,30.0,5.0,0.0,40.0
2019-09-19,10.8,28.125,11.76,-14.29,-12.5,-11.11,0.0,12.5,20.0,4.76,0.0,40.0
2019-09-20,12.5,28.125,15.15,-14.29,-12.5,-11.11,0.0,33.33,20.0,11.11,0.0,50.0
2019-09-23,9.3,28.125,-4.88,-8.33,-12.5,-11.11,0.0,26.67,20.0,11.11,50.0,50.0
2019-09-24,9.0,28.125,-2.5,-11.11,-12.5,-11.11,0.0,26.67,11.11,17.65,50.0,50.0
2019-09-25,7.2,24.242,-2.44,-11.11,-12.5,-28.57,0.0,26.67,11.11,11.11,50.0,50.0
2019-09-26,7.6,26.667,-2.44,-11.11,-12.5,-28.57,-12.5,28.57,11.11,10.53,50.0,50.0
2019-09-27,7.6,28.125,-6.12,-11.11,-16.67,-28.57,-11.11,28.57,11.11,15.0,50.0,50.0
2019-09-30,6.5,24.242,-5.88,-10.0,-16.67,-33.33,-10.0,28.57,21.43,13.04,50.0,20.0
2019-10-01,4.5,20.0,-5.77,-10.0,-23.08,-33.33,-18.18,21.43,21.43,8.33,50.0,0.0
2019-10-02,4.7,20.588,-5.77,-10.0,-23.08,-33.33,-10.0,21.43,21.43,8.33,50.0,0.0
2019-10-03,0.5,14.286,-17.39,-10.0,-16.67,-30.0,-10.0,15.38,14.29,4.0,50.0,0.0
2019-10-04,0.2,14.706,-17.39,-10.0,-16.67,-30.0,-10.0,15.38,14.29,4.0,50.0,0.0
2019-10-07,0.3,14.286,-15.91,-10.0,-16.67,-30.0,-10.0,9.09,14.29,4.0,50.0,0.0
2019-10-08,-1.0,11.765,-18.18,-10.0,-27.27,-30.0,-18.18,9.09,13.33,4.17,50.0,0.0
2019-10-09,-1.8,11.765,-22.5,-10.0,-30.0,-33.33,-18.18,15.38,13.33,4.17,50.0,0.0
2019-10-10,-3.7,12.121,-31.43,-10.0,-28.57,-28.57,-22.22,15.38,8.33,12.5,50.0,0.0
2019-10-11,-2.5,18.75,-30.56,-11.11,-28.57,-28.57,-28.57,21.43,9.09,4.55,33.33,-16.67
2019-10-14,-2.5,18.75,-30.56,-8.33,-50.0,-16.67,-50.0,21.43,9.09,9.52,33.33,-40.0
2019-10-15,1.5,23.333,-29.73,0.0,-50.0,-20.0,-50.0,20.0,9.09,9.52,33.33,-40.0
2019-10-16,0.9,19.355,-28.57,0.0,-50.0,0.0,-50.0,20.0,9.09,10.0,33.33,-40.0
2019-10-17,-2.5,6.25,-26.47,0.0,-57.14,0.0,-50.0,18.75,10.0,9.52,33.33,-50.0
2019-10-18,-3.4,3.226,-26.47,0.0,-57.14,0.0,-60.0,14.29,10.0,9.52,33.33,-50.0
2019-10-21,-3.0,3.226,-26.47,6.67,-57.14,0.0,-60.0,14.29,9.09,0.0,0.0,-66.67
2019-10-22,-4.0,3.125,-25.0,6.67,-57.14,0.0,-60.0,0.0,9.09,-10.53,0.0,-66.67
2019-10-23,-5.1,3.125,-29.41,7.69,-57.14,0.0,-60.0,-6.67,10.0,-16.67,0.0,-66.67
2019-10-24,-5.6,0.0,-25.64,7.69,-57.14,0.0,-50.0,-6.67,10.0,-15.79,0.0,-66.67
2019-10-25,-6.4,-3.125,-23.81,7.69,-50.0,0.0,-50.0,-6.67,10.0,-15.79,0.0,-66.67
2019-10-28,-6.4,-3.125,-23.26,10.0,-50.0,0.0,-50.0,-7.14,10.0,-10.0,0.0,-66.67
2019-10-29,-6.8,-6.25,-26.19,10.0,-42.86,0.0,-50.0,0.0,10.0,-8.33,0.0,-66.67
2019-10-30,-6.2,-6.25,-22.0,0.0,-42.86,14.29,-42.86,0.0,25.0,-8.0,0.0,-50.0
2019-10-31,-9.3,-18.75,-21.57,0.0,-42.86,14.29,-25.0,-7.14,21.43,-8.33,0.0,-50.0
2019-11-01,-8.1,-13.889,-22.0,0.0,-37.5,14.29,-10.0,0.0,21.43,-4.0,0.0,-20.0
2019-11-04,-5.9,-13.514,-9.09,0.0,-37.5,12.5,-10.0,-9.09,21.43,-3.85,0.0,-20.0
2019-11-05,-4.5,-8.108,-9.76,0.0,-37.5,12.5,-10.0,-9.09,21.43,0.0,0.0,-20.0
2019-11-06,-4.4,-11.111,-4.55,0.0,-37.5,12.5,0.0,-9.09,21.43,-4.17,0.0,-20.0
2019-11-07,-5.5,-11.111,-9.52,0.0,-40.0,12.5,0.0,-9.09,26.67,-8.7,0.0,-20.0
2019-11-08,-4.1,-11.765,0.0,0.0,-50.0,12.5,0.0,-20.0,26.67,-8.7,0.0,-16.67
2019-11-11,-4.1,-9.091,0.0,-6.67,-50.0,33.33,0.0,-20.0,9.09,-13.04,-25.0,0.0
2019-11-12,-4.1,-6.452,2.78,-6.67,-33.33,33.33,12.5,-14.29,9.09,-9.09,-25.0,25.0
2019-11-13,-1.9,-6.452,5.41,-5.56,-33.33,0.0,12.5,-14.29,18.18,-4.55,-25.0,25.0
2019-11-14,-1.8,-6.897,5.56,-5.56,-33.33,0.0,12.5,-14.29,18.18,-4.55,-25.0,25.0
2019-11-15,-1.9,-7.407,5.56,-5.56,-33.33,0.0,12.5,-14.29,18.18,-4.55,-25.0,25.0
2019-11-18,-2.3,-10.345,5.71,-5.56,-33.33,0.0,28.57,-13.33,20.0,-4.55,-25.0,25.0
2019-11-19,-2.2,-10.0,5.71,-5.56,-33.33,0.0,28.57,-21.43,20.0,0.0,-25.0,33.33
2019-11-20,-2.1,-10.0,5.71,-5.56,-33.33,0.0,28.57,-21.43,20.0,-4.55,-25.0,33.33
2019-11-21,-2.8,-15.152,8.57,-5.56,-33.33,0.0,28.57,-21.43,20.0,0.0,-33.33,33.33
2019-11-22,-5.1,-18.75,4.76,-5.56,-33.33,0.0,28.57,-35.71,20.0,-4.55,-33.33,33.33
2019-11-25,-4.8,-18.75,4.65,-6.67,-33.33,0.0,28.57,-26.67,20.0,-4.35,-33.33,33.33
2019-11-26,-5.9,-17.647,4.65,-15.38,-33.33,0.0,28.57,-28.57,20.0,-4.35,-33.33,33.33
2019-11-27,-5.6,-13.158,2.22,-15.38,-33.33,-16.67,12.5,-28.57,9.09,-4.35,-33.33,33.33
2019-11-28,-5.6,-8.824,0.0,-22.22,16.67,-28.57,12.5,-30.77,0.0,0.0,-33.33,50.0
2019-11-29,-3.8,-6.061,-1.92,-10.0,14.29,-28.57,10.0,-28.57,6.67,7.41,-33.33,20.0
2019-12-02,-6.3,-11.429,-1.89,-10.0,0.0,-37.5,9.09,-28.57,7.14,7.41,-33.33,16.67
2019-12-03,-6.3,-11.765,-1.89,-10.0,0.0,-33.33,9.09,-25.0,7.14,11.11,-33.33,16.67
2019-12-04,-5.3,-11.429,0.0,-10.0,0.0,-40.0,9.09,-18.18,7.14,11.11,-33.33,16.67
2019-12-05,-4.9,-8.824,0.0,-10.0,0.0,-40.0,10.0,-18.18,0.0,11.54,-33.33,16.67
2019-12-06,-5.2,-2.703,0.0,-10.0,0.0,-40.0,9.09,-30.77,0.0,11.54,-33.33,16.67
2019-12-09,-5.2,-2.703,0.0,-15.38,0.0,-40.0,9.09,-30.77,0.0,8.0,-33.33,16.67
2019-12-10,-5.2,-2.778,2.17,-6.67,0.0,-40.0,9.09,-40.0,-7.14,8.7,0.0,14.29
2019-12-11,-4.6,-5.714,2.63,0.0,0.0,-62.5,10.0,-40.0,-21.43,4.35,0.0,16.67
2019-12-12,-3.8,0.0,2.7,0.0,0.0,-62.5,0.0,-35.71,-27.27,4.35,0.0,16.67
2019-12-13,-5.5,-10.345,2.56,0.0,-14.29,-62.5,-14.29,-35.71,-33.33,0.0,0.0,0.0
2019-12-16,-8.8,-10.714,-2.22,0.0,-14.29,-71.43,-14.29,-35.71,-33.33,-4.35,0.0,0.0
2019-12-17,-8.4,-10.345,-2.22,0.0,-14.29,-71.43,-14.29,-33.33,-33.33,0.0,0.0,0.0
2019-12-18,-7.8,-10.345,-2.27,0.0,-11.11,-33.33,-14.29,-33.33,-33.33,0.0,33.33,0.0
2019-12-19,-8.6,-18.75,0.0,0.0,-11.11,-33.33,-16.67,-37.5,-45.45,0.0,33.33,0.0
2019-12-20,-9.7,-15.152,0.0,0.0,-11.11,-33.33,-14.29,-42.86,-45.45,0.0,33.33,0.0
2019-12-23,-8.3,-17.143,0.0,8.33,-11.11,-40.0,-14.29,-46.67,-36.36,4.17,100.0,0.0
2019-12-24,-9.4,-17.143,-2.17,8.33,-11.11,-40.0,-16.67,-46.67,-36.36,0.0,100.0,0.0
2019-12-25,-9.4,-17.143,-4.44,11.11,-11.11,-25.0,-16.67,-46.67,-40.0,0.0,100.0,0.0
2019-12-26,-9.4,-14.286,-6.82,11.11,-11.11,-25.0,-16.67,-46.67,-28.57,4.76,100.0,0.0
2019-12-27,-9.4,-12.121,-6.82,11.11,-11.11,-25.0,-16.67,-50.0,-28.57,4.76,100.0,0.0
2019-12-30,-9.4,-11.765,-6.82,10.0,-11.11,-25.0,-14.29,-50.0,-28.57,9.09,100.0,20.0
2019-12-31,-7.1,-11.765,-6.82,10.0,-11.11,-25.0,-14.29,-53.85,-28.57,4.76,100.0,20.0
