Date,EURUSD25R3M CURNCY,GBPUSD25R3M CURNCY,USDJPY25R3M CURNCY,AUDUSD25R3M CURNCY,NZDUSD25R3M CURNCY,USDCAD25R3M CURNCY,USDCHF25R3M CURNCY,USDNOK25R3M CURNCY,USDSEK25R3M CURNCY,USDMXN25R3M CURNCY,USDBRL25R3M CURNCY,USDZAR25R3M CURNCY,USDTRY25R3M CURNCY,USDINR25R3M CURNCY,USDKRW25R3M CURNCY
2005-10-05,-0.2,-0.25,-0.55,-0.525,-0.55,-0.275,0.1,0.4,-0.2,1.3,,2.25,,0.5,0.35
2005-10-06,-0.2,-0.25,-0.55,-0.525,-0.55,-0.3,0.1,0.4,-0.2,1.3,,2.2,,0.5,0.3
2005-10-07,-0.3,-0.2,-0.65,-0.525,-0.53,-0.225,0.05,0.4,-0.2,1.22,,2.05,,0.5,0.3
2005-10-10,-0.1,-0.2,-0.6,-0.525,-0.55,-0.225,0.05,0.4,-0.2,1.22,,2.25,,0.5,0.3
2005-10-11,-0.1,-0.2,-0.55,-0.525,-0.6,-0.225,0.05,0.4,-0.2,1.3,,2.25,,0.15,0.3
2005-10-12,-0.1,-0.2,-0.55,-0.525,-0.6,-0.45,0.075,0.4,-0.2,1.3,,2.05,,0.5,0.3
2005-10-13,-0.15,-0.25,-0.6,-0.575,-0.525,-0.28,0.075,0.4,-0.2,1.3,,2.05,,0.5,0.3
2005-10-14,-0.2,-0.25,-0.55,-0.575,-0.65,-0.28,0.075,0.4,-0.2,1.22,,2.25,,0.5,0.3
2005-10-17,-0.3,-0.25,-0.55,-0.575,-0.65,-0.225,0.075,0.4,-0.2,1.3,,2.25,,0.5,0.3
2005-10-18,-0.2,-0.25,-0.4,-0.575,-0.65,-0.175,0.075,0.4,-0.2,1.3,,2.25,,0.5,0.3
2005-10-19,-0.3,-0.25,-0.4,-0.55,-0.55,-0.175,0.1,0.4,-0.2,1.3,,2.05,,0.5,0.525
2005-10-20,-0.2,-0.25,-0.4,-0.525,-0.65,-0.175,0.1,0.4,-0.2,1.3,,2.25,,0.5,1.05
2005-10-21,-0.15,-0.25,-0.4,-0.525,-0.55,-0.35,0.1,0.15,-0.2,1.22,,2.05,,0.5,0.6
2005-10-24,-0.15,-0.25,-0.4,-0.525,-0.65,-0.225,0.1,0.15,-0.2,1.3,,2.25,,0.5,0.6
2005-10-25,-0.15,-0.25,-0.4,-0.525,-0.65,-0.3,0.1,0.15,-0.2,1.3,,2.25,,0.5,0.6
2005-10-26,-0.1,-0.25,-0.4,-0.475,-0.55,-0.125,0.1,0.15,-0.2,1.3,,2.25,,0.5,0.6
2005-10-27,-0.1,-0.25,-0.45,-0.475,-0.55,-0.125,0.1,0.15,-0.2,1.3,,2.35,,0.5,0.6
2005-10-28,-0.1,-0.4,-0.5,-0.5,-0.525,-0.125,0.1,0.15,-0.2,1.22,,2.35,,0.5,0.6
2005-10-31,-0.1,-0.15,-0.5,-0.475,-0.6,-0.125,0.1,0.15,-0.2,1.2,,2.25,,0.5,0.5
2005-11-01,-0.1,-0.15,-0.45,-0.525,-0.6,-0.125,0.1,0.15,-0.2,1.3,,2.35,,0.5,0.6
2005-11-02,-0.1,-0.15,-0.45,-0.525,-0.65,-0.15,0.1,0.15,-0.2,1.25,,2.15,,0.5,0.6
2005-11-03,-0.1,-0.3,-0.45,-0.525,-0.65,-0.125,0.1,0.15,-0.2,1.3,,2.15,,0.5,0.6
2005-11-04,-0.15,-0.3,-0.4,-0.575,-0.65,-0.125,0.1,0.15,-0.2,1.3,,2.0,,0.5,0.5
2005-11-07,-0.2,-0.25,-0.45,-0.675,-0.65,-0.15,0.35,0.15,-0.2,1.3,,2.05,,0.5,0.6
2005-11-08,-0.25,-0.2,-0.4,-0.675,-0.7,-0.025,0.15,0.15,-0.2,1.3,,2.0,,0.5,0.6
2005-11-09,-0.25,-0.2,-0.4,-0.625,-0.65,-0.025,0.15,0.3,-0.2,1.3,,2.0,,0.5,0.6
2005-11-10,-0.25,-0.2,-0.45,-0.625,-0.65,-0.025,0.15,0.3,-0.2,1.3,,2.0,,0.5,0.6
2005-11-11,-0.25,-0.2,-0.45,-0.625,-0.65,-0.025,0.15,0.3,-0.2,1.2,,2.0,,0.5,0.6
2005-11-14,-0.25,-0.2,-0.45,-0.675,-0.65,-0.025,0.15,0.3,-0.2,1.3,,2.0,,0.5,0.6
2005-11-15,-0.25,-0.2,-0.4,-0.675,-0.7,-0.025,0.15,0.3,-0.2,1.3,,2.0,,0.5,0.6
2005-11-16,-0.25,-0.2,-0.4,-0.675,-0.7,0.025,0.15,0.3,-0.2,1.3,,2.0,,0.5,0.6
2005-11-17,-0.25,-0.35,-0.4,-0.625,-0.65,0.0,0.15,0.3,0.4,1.3,,2.0,,0.5,0.6
2005-11-18,-0.25,-0.3,-0.4,-0.625,-0.65,-0.025,0.15,0.3,0.4,1.3,,2.0,,0.5,0.6
2005-11-21,-0.35,-0.3,-0.4,-0.6,-0.6,-0.025,0.15,0.3,0.4,1.3,,1.9,,0.5,0.6
2005-11-22,-0.15,-0.3,-0.425,-0.6,-0.6,0.05,0.15,0.3,0.4,1.25,,1.9,,0.5,0.5
2005-11-23,-0.15,-0.3,-0.45,-0.625,-0.65,0.025,0.15,0.3,0.4,1.3,,1.8,,0.5,0.6
2005-11-24,-0.1,-0.22,-0.5,-0.55,-0.6,0.05,0.15,0.3,0.4,1.25,3.5,1.8,,0.5,0.4
2005-11-25,-0.1,-0.22,-0.5,-0.525,-0.6,0.025,0.15,0.3,0.4,1.3,3.5,1.8,,0.5,0.4
2005-11-28,-0.1,-0.1,-0.5,-0.525,-0.5,0.025,0.15,0.3,0.4,1.3,3.495,1.8,,0.5,0.4
2005-11-29,-0.1,-0.1,-0.5,-0.525,-0.5,0.025,0.15,0.3,0.4,1.3,3.375,1.8,,0.5,0.4
2005-11-30,-0.1,-0.1,-0.5,-0.525,-0.55,-0.075,0.15,0.3,0.4,1.3,3.375,1.8,,0.5,0.4
2005-12-01,-0.1,-0.1,-0.5,-0.525,-0.5,-0.075,0.3,0.3,0.4,1.2,3.375,1.8,,0.5,0.4
2005-12-02,0.0,-0.1,-0.5,-0.5,-0.5,-0.075,0.1,0.3,0.2,1.2,3.375,1.8,2.3,0.5,0.35
2005-12-05,0.0,-0.1,-0.5,-0.45,-0.5,-0.075,0.1,0.3,0.4,1.2,3.245,1.8,2.25,0.5,0.35
2005-12-06,0.0,-0.15,-0.45,-0.425,-0.45,-0.16,0.1,0.3,0.4,1.2,3.125,1.7,2.25,0.5,0.35
2005-12-07,0.0,-0.1,-0.5,-0.425,-0.55,-0.16,0.1,0.3,0.4,1.2,3.125,1.7,2.25,0.5,0.35
2005-12-08,0.0,-0.1,-0.5,-0.425,-0.6,-0.125,0.1,0.3,0.4,0.85,3.125,1.8,2.25,0.5,0.35
2005-12-09,0.0,-0.1,-0.5,-0.425,-0.55,-0.125,0.1,0.3,0.2,1.2,3.125,1.7,2.25,0.5,0.3
2005-12-12,0.025,-0.1,-0.5,-0.45,-0.55,-0.125,0.1,0.3,0.2,1.2,3.1248,1.8,2.25,0.55,0.3
2005-12-13,0.05,-0.0875,-0.5,-0.425,-0.55,-0.125,0.1,0.3,0.2,1.2,3.1248,1.7,2.25,0.5,0.35
2005-12-14,0.0,0.0,-0.85,-0.425,-0.55,-0.17,0.1,0.3,0.2,1.2,3.3748,1.8,1.95,0.5,0.35
2005-12-15,0.0,0.0,-0.9,-0.55,-0.55,-0.175,-0.1,0.3,0.2,1.2,3.3748,1.7,1.95,0.5,0.35
2005-12-16,0.0,0.0,-1.0,-0.55,-0.65,-0.125,-0.1,0.3,0.2,1.02,3.3748,1.9,1.95,0.5,0.225
2005-12-19,0.0,0.0,-0.95,-0.575,-0.7,-0.13,-0.1,0.3,0.2,1.02,3.4948,1.9,1.95,0.5,0.1
2005-12-20,0.0,-0.05,-0.85,-0.625,-0.65,-0.13,-0.1,0.3,0.2,1.2,3.3748,1.85,1.95,0.5,0.1
2005-12-21,0.05,-0.05,-0.85,-0.575,-0.7,-0.075,-0.1,0.3,0.2,1.2,3.2498,2.0,1.95,0.45,0.1
2005-12-22,0.075,-0.05,-0.85,-0.575,-0.7,-0.075,-0.1,0.3,0.2,1.2,3.2498,2.0,2.2,0.45,0.1
2005-12-23,0.0,-0.05,-0.85,-0.575,-0.7,-0.075,-0.1,0.3,0.2,1.2,3.2498,2.0,2.2,0.1,0.1
2005-12-26,0.0,-0.05,-0.85,-0.625,-0.7,-0.075,-0.1,0.3,0.2,1.2,3.2498,2.0,2.2,0.45,0.1
2005-12-27,0.0,-0.1,-0.85,-0.625,-0.8,-0.075,-0.1,0.3,0.2,1.2,3.2498,2.0,2.2,0.45,0.1
2005-12-28,0.0,-0.1,-0.85,-0.625,-0.75,-0.075,-0.1,0.3,0.2,1.2,3.2498,2.0,2.2,0.45,0.1
2005-12-29,0.0,-0.1,-0.85,-0.675,-0.8,-0.075,-0.1,0.3,0.2,1.2,3.2498,2.0,2.5,0.1,0.1
2005-12-30,0.0,-0.15,-0.85,-0.625,-0.75,-0.075,-0.1,0.3,0.2,1.2,3.2498,2.0,2.5,0.45,0.2
2006-01-02,0.0,-0.15,-0.85,-0.675,-0.8,-0.075,-0.1,0.3,0.2,1.2,3.2498,2.0,2.2,0.45,0.2
2006-01-03,0.05,-0.15,-0.75,-0.575,-0.75,-0.075,-0.1,0.3,0.2,1.2,3.1248,2.0,2.5,0.45,0.0
2006-01-04,0.1993,-0.1,-0.8,-0.575,-0.75,-0.1515,-0.2525,-0.1515,-0.1515,1.2,2.8748,1.75,2.4998,0.45,-0.15
2006-01-05,0.1,-0.1,-0.8,-0.575,-0.7575,-0.1111,-0.2525,-0.1515,-0.1515,1.1,2.8748,1.75,2.45,0.45,-0.4141
2006-01-06,0.17,-0.1,-0.9,-0.525,-0.75,-0.125,-0.2727,-0.1717,-0.1717,1.1,2.7498,1.75,2.4998,0.45,-0.3131
2006-01-09,0.12,-0.0808,-0.95,-0.475,-0.75,-0.0606,-0.2222,-0.1212,-0.1212,1.1,2.7498,1.75,2.5,-0.05,-0.4
2006-01-10,0.2391,-0.1,-0.9,-0.475,-0.7575,-0.0101,-0.2727,-0.1717,-0.1717,1.1,2.2498,1.75,2.6,0.45,-0.4
2006-01-11,0.2,-0.1,-0.9,-0.475,-0.75,-0.025,-0.25,-0.1515,-0.1515,0.9,2.3747,1.55,2.6,0.45,-0.2525
2006-01-12,0.15,-0.1,-1.0,-0.475,-0.7,-0.05,-0.25,-0.1818,-0.1818,0.9,2.3747,1.55,2.6,0.45,-0.5
2006-01-13,0.15,-0.1,-1.0,-0.475,-0.65,-0.05,-0.2323,-0.1313,-0.1313,0.9,2.3747,1.55,2.55,0.45,-0.5
2006-01-16,0.15,-0.1,-0.9797,-0.475,-0.75,-0.025,-0.25,-0.1515,-0.1515,0.9,2.3747,1.55,2.5,0.45,-0.5
2006-01-17,0.15,-0.075,-0.85,-0.425,-0.65,-0.025,-0.2222,-0.1212,-0.1212,1.0,2.3749,1.4,2.4998,0.45,-0.4
2006-01-18,0.1,-0.1,-0.8,-0.525,-0.7,-0.05,-0.2323,-0.1313,-0.1313,1.0,2.6249,1.55,2.4998,0.45,-0.3636
2006-01-19,0.15,-0.075,-0.8,-0.475,-0.75,-0.025,-0.2323,-0.1212,-0.1212,1.0,2.2498,1.55,2.5,0.45,-0.375
2006-01-20,0.1,-0.075,-0.8,-0.4875,-0.75,-0.0505,-0.2222,-0.1212,-0.1212,1.0,1.9998,1.55,2.5,-2.5,-0.375
2006-01-23,0.2,-0.075,-0.8,-0.4875,-0.75,-0.0707,-0.25,-0.202,-0.202,0.8,1.9998,1.4,2.4998,-2.5,-0.3636
2006-01-24,0.15,-0.075,-0.8,-0.45,-0.7,-0.0808,-0.2,-0.1515,-0.1515,1.0,1.8748,1.4,2.4998,0.2,-0.375
2006-01-25,0.15,-0.1,-0.75,-0.45,-0.7,-0.075,-0.2,-0.1515,-0.1515,1.0,1.8749,1.4,2.4947,0.2,-0.4141
2006-01-26,0.1,-0.075,-0.8,-0.425,-0.7,-0.075,-0.2,-0.1313,-0.1313,1.0,1.9998,1.35,2.4947,0.2,-0.35
2006-01-27,0.1,-0.075,-0.7,-0.475,-0.75,-0.075,-0.2,-0.101,-0.101,1.0,1.9998,1.6,2.4947,0.2,-0.4545
2006-01-30,0.08,-0.075,-0.65,-0.475,-0.7,-0.075,-0.2,-0.0808,-0.0808,1.0,1.9998,1.6,2.4947,0.2,-0.4646
2006-01-31,0.08,-0.075,-0.625,-0.475,-0.75,-0.075,-0.2,-0.0707,-0.0707,0.8,1.9998,1.35,2.4947,0.2,-0.4646
2006-02-01,0.05,-0.075,-0.625,-0.375,-0.7,-0.1111,-0.2,-0.0505,-0.0505,0.95,2.1248,1.35,2.4947,0.2,-0.35
2006-02-02,0.05,-0.075,-0.625,-0.4,-0.7,-0.075,-0.2,-0.0202,-0.0202,0.95,2.1248,1.35,2.75,0.15,-0.35
2006-02-03,0.05,-0.1,-0.55,-0.4,-0.7,-0.075,-0.2,-0.0303,-0.0303,0.8,2.1248,1.35,2.4998,0.15,-0.35
2006-02-06,0.05,-0.075,-0.5,-0.4,-0.7,-0.075,-0.2,-0.0303,-0.0303,0.95,2.1248,1.675,2.4998,0.15,-0.35
2006-02-07,0.0,-0.075,-0.65,-0.475,-0.7,-0.1111,-0.2,-0.0202,-0.0202,0.95,2.1248,1.35,2.4998,0.05,-0.35
2006-02-08,0.0,-0.075,-0.65,-0.475,-0.75,-0.0101,-0.1212,-0.0202,-0.0202,0.95,2.1248,1.6,2.4998,0.05,-0.4646
2006-02-09,0.0,-0.15,-0.7,-0.475,-0.85,-0.025,-0.1313,-0.0202,-0.0202,0.95,2.1248,1.5,2.65,0.05,-0.35
2006-02-10,0.0,-0.1,-0.7,-0.475,-0.6868,-0.025,-0.1212,-0.0202,-0.0202,0.95,2.1248,1.4,2.65,0.05,-0.35
2006-02-13,0.0,-0.1515,-0.7,-0.425,-0.8,-0.025,-0.1212,-0.0202,-0.0202,0.95,1.9998,1.4,2.4998,0.05,-0.3
2006-02-14,0.05,-0.125,-0.725,-0.475,-0.8,0.025,-0.1313,-0.0303,-0.0303,0.95,1.9998,1.3,2.4998,0.15,-0.3
2006-02-15,0.0948,-0.1515,-0.75,-0.425,-0.75,0.025,-0.1313,-0.0303,-0.0303,0.95,1.9998,1.4,2.4998,0.15,-0.3
2006-02-16,0.0,-0.1515,-0.75,-0.475,-0.75,-0.0101,-0.1313,-0.0404,-0.0404,0.95,1.9998,1.3,2.375,0.0,-0.3
2006-02-17,0.0,-0.125,-0.75,-0.475,-0.75,0.05,-0.1717,-0.0707,-0.0707,0.8749,1.6249,1.3,2.4998,0.15,-0.3
2006-02-20,0.0,-0.1515,-0.7,-0.425,-0.8,0.1,-0.1717,-0.0707,-0.0707,0.8699,1.6249,1.3,2.5,0.15,-0.3
2006-02-21,0.0,-0.175,-0.7,-0.475,-0.75,0.07,-0.1717,-0.0707,-0.0707,0.95,1.8748,1.3,2.5,0.0,-0.3
2006-02-22,0.0,-0.1515,-0.65,-0.425,-0.75,0.0,-0.1818,-0.0808,-0.0808,0.95,2.1248,1.3,2.5,0.1,-0.35
2006-02-23,0.0,-0.1515,-0.7,-0.425,-0.85,0.025,-0.1717,-0.0808,-0.0808,0.95,2.1248,1.2,2.5,0.15,-0.35
2006-02-24,0.07,-0.1515,-0.75,-0.425,-0.85,0.025,-0.1818,-0.0707,-0.0707,0.95,2.1248,1.2,2.4998,0.35,-0.2525
2006-02-27,0.1,-0.1515,-0.8,-0.475,-0.85,-0.0505,-0.1515,-0.0505,-0.0505,0.95,2.1248,1.3,2.4998,0.075,-0.2
2006-02-28,0.1,-0.1,-0.85,-0.425,-0.8282,-0.0505,-0.2222,-0.1313,-0.1313,0.8686,1.9998,1.3,2.4998,0.125,-0.2
2006-03-01,0.1,-0.1,-0.85,-0.375,-0.75,-0.025,-0.2323,-0.1212,-0.1212,1.0,2.0,1.3,2.4998,0.125,-0.2
2006-03-02,0.175,-0.1,-0.9,-0.4,-0.7272,-0.025,-0.25,-0.1515,-0.1515,0.95,2.0,1.25,2.2498,0.125,-0.2
2006-03-03,0.2,-0.1,-0.8,-0.375,-0.7,-0.025,-0.25,-0.1717,-0.1717,0.95,2.0,1.3,2.2498,0.2929,-0.25
2006-03-06,0.17,-0.1,-0.8,-0.375,-0.7,-0.025,-0.2727,-0.1818,-0.1818,1.1211,1.9998,1.3,2.275,0.1,-0.25
2006-03-07,0.2,-0.1,-0.825,-0.375,-0.7,-0.025,-0.2424,-0.1414,-0.1414,0.95,2.3747,1.575,2.2498,0.1,-0.2
2006-03-08,0.2,-0.1,-0.75,-0.375,-0.7,0.025,-0.2323,-0.1414,-0.1414,0.95,2.6248,1.55,2.2498,0.15,-0.15
2006-03-09,0.2,-0.1,-0.75,-0.475,-0.85,0.075,-0.25,-0.1818,-0.1818,1.35,2.3749,1.7,2.4998,0.15,-0.2
2006-03-10,0.2,-0.1,-0.7,-0.475,-0.7777,0.075,-0.25,-0.1717,-0.1717,1.5,2.3749,1.55,2.4998,0.075,-0.15
2006-03-13,0.2,-0.1,-0.65,-0.45,-0.7878,0.1,-0.25,-0.1818,-0.1818,1.35,2.3747,1.525,2.4,0.075,-0.15
2006-03-14,0.2,-0.1,-0.75,-0.45,-0.9,0.05,-0.25,-0.2323,-0.2323,1.35,2.3747,1.525,2.4,0.075,-0.15
2006-03-15,0.2,-0.0707,-0.75,-0.45,-0.9,0.125,-0.3,-0.2222,-0.2222,1.4,2.3747,1.5,2.4947,0.2929,-0.202
2006-03-16,0.3,-0.05,-0.75,-0.45,-0.9,0.0,-0.25,-0.303,-0.303,1.35,2.3747,1.45,2.4947,0.075,-0.2
2006-03-17,0.3,-0.05,-0.8,-0.45,-0.8585,0.0,-0.25,-0.303,-0.303,1.35,2.3749,1.45,2.4947,0.15,-0.25
2006-03-20,0.3,-0.05,-0.85,-0.6125,-0.9292,0.0,-0.25,-0.2525,-0.2525,1.4,2.3747,1.45,2.4998,0.25,-0.25
2006-03-21,0.25,-0.05,-0.85,-0.625,-0.975,0.1,-0.3535,-0.2525,-0.2525,1.625,2.3747,1.45,2.4998,0.2929,-0.25
2006-03-22,0.25,-0.05,-0.85,-0.675,-0.975,0.15,-0.3535,-0.2525,-0.2525,1.65,2.3749,1.45,2.4998,-0.125,-0.25
2006-03-23,0.1995,-0.05,-0.85,-0.675,-0.95,0.15,-0.202,-0.101,-0.101,1.65,2.2498,1.8,2.4998,0.2929,-0.202
2006-03-24,0.175,-0.05,-0.85,-0.8,-1.0,0.2457,-0.25,-0.1515,-0.1515,1.75,2.2498,1.45,2.4998,0.2929,-0.2121
2006-03-27,0.2,-0.05,-0.85,-0.825,-1.1,0.175,-0.25,-0.1515,-0.1515,1.65,2.2498,1.45,2.05,-0.125,-0.2
2006-03-28,0.225,-0.05,-0.8,-0.8375,-1.05,0.15,-0.25,-0.1515,-0.1515,1.65,3.2498,1.45,2.4998,0.2929,-0.2
2006-03-29,0.225,-0.075,-0.775,-0.9,-1.175,0.15,-0.25,-0.202,-0.202,1.65,2.9948,1.55,2.9997,-0.125,-0.2
2006-03-30,0.3,-0.075,-0.8,-0.8,-1.075,0.1745,-0.404,-0.303,-0.303,1.75,2.7547,1.475,2.9997,-0.125,-0.2
2006-03-31,0.225,-0.075,-0.8,-0.75,-1.0,0.1,-0.25,-0.2525,-0.2525,1.75,2.6248,1.475,2.9997,0.2929,-0.2121
2006-04-03,0.225,-0.075,-0.8,-0.75,-0.9375,0.15,-0.25,-0.2525,-0.2525,1.65,2.6248,1.45,2.75,0.15,-0.2
2006-04-04,0.3,0.025,-0.8,-0.825,-1.1,0.125,-0.3,-0.2828,-0.2828,1.75,2.6248,1.45,2.75,0.15,-0.25
2006-04-05,0.325,0.025,-0.825,-0.725,-0.9,0.125,-0.3,-0.2929,-0.2929,1.7499,2.6248,1.45,2.75,0.15,-0.65
2006-04-06,0.3,0.025,-0.875,-0.625,-0.9,0.125,-0.3,-0.303,-0.303,1.825,2.6248,1.25,3.1,0.15,-0.65
2006-04-07,0.3,0.025,-0.875,-0.625,-0.8,0.15,-0.3,-0.303,-0.303,1.825,2.6249,1.45,2.9997,0.2929,-0.4646
2006-04-10,0.3,0.025,-0.875,-0.625,-0.8,-0.025,-0.3,-0.303,-0.303,2.0,2.6249,1.35,2.9997,0.15,-0.65
2006-04-11,0.25,-0.05,-0.65,-0.525,-0.8,-0.025,-0.3,-0.303,-0.303,1.9999,2.6249,1.35,3.1,0.15,-0.4
2006-04-12,0.25,-0.05,-0.8,-0.575,-1.01,0.025,-0.3,-0.2525,-0.2525,2.0,2.6249,1.35,2.9997,0.35,-0.404
2006-04-13,0.25,-0.05,-0.7,-0.575,-0.8,0.025,-0.3,-0.2525,-0.2525,2.0,2.6249,1.35,2.7858,0.225,-0.404
2006-04-14,0.25,-0.05,-0.7,-0.575,-1.01,0.025,-0.3,-0.2525,-0.2525,1.8,2.6249,1.35,2.7858,0.225,-0.65
2006-04-17,0.25,-0.025,-0.8,-0.575,-0.85,0.025,-0.3,-0.303,-0.303,1.775,2.6249,1.35,2.9997,0.225,-0.65
2006-04-18,0.35,-0.025,-0.875,-0.525,-0.8,0.0,-0.4545,-0.3535,-0.3535,1.65,2.6249,1.45,2.9358,0.1,-0.404
2006-04-19,0.35,-0.025,-0.85,-0.425,-0.8,0.0,-0.4848,-0.3737,-0.3737,2.0,2.4998,1.5,2.9358,0.15,-0.5
2006-04-20,0.35,0.05,-0.85,-0.475,-0.6875,-0.025,-0.2,-0.3737,-0.3737,2.0,2.4998,1.5,2.9358,0.15,-0.4646
2006-04-21,0.38,0.05,-0.95,-0.45,-0.6875,-0.025,-0.4848,-0.3737,-0.3737,2.0,2.4998,1.5,2.7667,0.15,-0.5
2006-04-24,0.4,0.05,-1.1,-0.425,-0.625,-0.025,-0.4848,-0.3737,-0.3737,1.7499,2.5048,1.325,2.9998,0.3,-0.606
2006-04-25,0.4,0.15,-1.15,-0.375,-0.909,-0.025,-0.2,-0.3838,-0.3838,2.0,2.5048,1.5,2.5597,0.15,-0.7171
2006-04-26,0.4,0.1,-1.0,-0.425,-0.85,-0.025,-0.2,-0.3838,-0.3838,2.0,2.5048,1.6,2.4998,0.3,-0.6
2006-04-27,0.35,0.1,-1.15,-0.425,-0.775,-0.0505,-0.2,-0.3535,-0.3535,2.0,2.5048,1.6,2.4998,0.15,-0.6
2006-04-28,0.35,0.15,-1.15,-0.425,-0.775,-0.075,-0.2,-0.404,-0.404,2.0,2.3749,1.9,2.4998,0.3434,-0.6
2006-05-01,0.4,0.2,-1.25,-0.425,-0.775,-0.1818,-0.2,-0.404,-0.404,1.75,2.3749,1.5,2.4998,0.3434,-0.65
2006-05-02,0.35,0.2,-1.225,-0.425,-0.775,-0.2323,-0.2,-0.404,-0.404,2.0,2.3749,1.9,2.4998,0.3434,-0.5858
2006-05-03,0.35,0.2,-1.225,-0.375,-0.775,-0.125,-0.2,-0.404,-0.404,2.0,2.2498,1.75,2.4998,0.3434,-0.65
2006-05-04,0.4,0.2,-1.225,-0.375,-0.775,-0.125,-0.2,-0.3535,0.05,1.65,2.2498,1.5,2.4998,0.3434,-0.5
2006-05-05,0.35,0.2,-1.25,-0.303,-0.75,-0.125,-0.2,-0.3535,0.05,1.65,2.2548,1.5,2.091,0.3434,-0.5
2006-05-08,0.4,0.2,-1.3,-0.375,-0.775,-0.175,-0.2,-0.404,-0.404,2.0,2.2548,1.5,2.091,0.15,-0.5
2006-05-09,0.4,0.2,-1.275,-0.375,-0.85,-0.075,-0.2,-0.3333,-0.3333,1.7,2.2548,1.5,2.4998,0.15,-0.5
2006-05-10,0.375,0.3,-1.55,-0.325,-0.95,-0.1515,-0.5555,-0.4545,-0.4545,1.5,2.2498,1.5,2.9997,0.25,-0.5
2006-05-11,0.375,0.2,-1.5,-0.35,-0.95,-0.1515,-0.3,-0.3838,-0.3737,1.5,2.2498,1.45,2.9997,0.15,-0.5656
2006-05-12,0.4,0.225,-1.6,-0.325,-0.9,-0.1111,-0.3,-0.4343,-0.4242,2.0,2.8748,1.95,4.9996,0.15,-0.606
2006-05-15,0.4,0.225,-1.75,-0.5,-1.0,-0.101,-0.3,-0.4242,-0.4343,2.0,2.6248,2.425,4.9996,0.3434,-0.505
2006-05-16,0.4,0.225,-1.65,-0.5,-0.9,-0.125,-0.3,-0.404,-0.404,1.775,2.6248,2.85,2.091,0.4444,-0.4
2006-05-17,0.35,0.3,-1.7,-0.525,-1.0,-0.125,-0.505,-0.404,-0.404,2.2,3.1248,2.7,4.9996,0.4,-0.4
2006-05-18,0.425,0.25,-1.725,-0.65,-1.0605,-0.125,-0.3,-0.3838,-0.3737,2.2,3.1248,2.75,4.9996,0.25,-0.4
2006-05-19,0.35,0.25,-1.725,-0.625,-0.9,-0.125,-0.3,-0.3737,-0.3838,2.2,2.9998,2.75,5.4995,0.25,-0.4
2006-05-22,0.375,0.25,-1.55,-0.65,-0.9,-0.101,-0.3,-0.3737,-0.3838,2.2,3.4998,3.75,5.4995,0.4444,-0.3636
2006-05-23,0.4,0.25,-1.6,-0.675,-0.95,-0.101,-0.3,-0.4545,-0.4545,2.5,3.4998,3.75,5.4995,0.3,-0.35
2006-05-24,0.4,0.25,-1.6,-0.75,-0.95,-0.101,-0.3,-0.4545,-0.4545,2.75,4.4997,3.5,5.4995,0.3,-0.35
2006-05-25,0.4,0.25,-1.6,-0.675,-0.95,-0.101,-0.5252,-0.4343,-0.4343,2.75,3.749,3.75,5.4995,0.3,-0.35
2006-05-26,0.42,0.25,-1.6261,-0.675,-0.95,-0.101,-0.5252,-0.4242,-0.4343,2.35,3.7491,4.0,5.4995,0.3,-0.35
2006-05-29,0.42,0.4,-1.65,-0.707,-0.95,-0.125,-0.5252,-0.4242,-0.4343,2.35,3.7491,4.25,5.4995,0.3,-0.35
2006-05-30,0.4,0.25,-1.65,-0.575,-0.95,-0.101,-0.5858,-0.4848,-0.4747,2.675,4.499,4.0,5.4944,0.3,-0.35
2006-05-31,0.4,0.3125,-1.55,-0.6,-0.95,-0.101,-0.3,-0.4848,-0.4747,2.6,4.374,4.25,5.4944,0.3,-0.4
2006-06-01,0.35,0.275,-1.5,-0.675,-0.95,-0.101,-0.3,-0.4242,-0.4343,2.75,4.2441,3.8,5.4944,0.3,-0.4
2006-06-02,0.5228,0.3,-1.7,-0.675,-0.85,-0.1111,-0.5555,-0.4545,-0.4545,2.8,4.299,3.75,4.9995,0.3,-0.3
2006-06-05,0.45,0.35,-1.65,-0.725,-0.95,-0.101,-0.3,-0.4747,-0.4848,2.55,4.299,3.75,6.1994,0.25,-0.4
2006-06-06,0.45,0.3,-1.55,-0.725,-0.95,-0.125,-0.3,-0.4545,-0.4545,2.55,4.5041,4.2,5.7495,0.25,-0.4
2006-06-07,0.4,0.275,-1.5,-0.725,-0.95,-0.101,-0.3,-0.4242,-0.4343,2.55,4.5041,4.2,5.7495,0.3,-0.4
2006-06-08,0.35,0.2,-1.35,-0.65,-0.95,-0.101,-0.3,-0.3333,-0.3232,2.75,4.499,4.05,5.7495,0.5959,-0.4
2006-06-09,0.35,0.2,-1.35,-0.65,-0.95,-0.025,-0.45,-0.3232,-0.3333,2.75,4.2441,3.95,5.7469,0.3,-0.25
2006-06-12,0.35,0.2,-1.325,-0.65,-0.95,-0.101,-0.45,-0.3232,-0.3333,2.75,4.249,3.7,5.7469,0.5959,-0.2
2006-06-13,0.275,0.2,-1.3,-0.65,-0.95,-0.101,-0.45,-0.3333,-0.3232,2.925,4.2541,4.125,5.9994,0.25,-0.2
2006-06-14,0.3,0.2,-1.3,-0.65,-0.95,-0.025,-0.45,-0.303,-0.303,2.65,4.2541,4.125,5.9994,0.5959,-0.2
2006-06-15,0.3,0.2,-1.15,-0.65,-0.95,-0.101,-0.45,-0.3232,-0.3232,2.25,4.249,4.0,5.6964,0.3,-0.2
2006-06-16,0.3,0.2,-1.15,-0.65,-0.95,-0.025,-0.45,-0.3535,-0.3535,2.25,4.2541,4.0,5.6964,0.3,-0.2
2006-06-19,0.3,0.15,-1.15,-0.65,-0.95,-0.101,-0.45,-0.3232,-0.3333,2.25,4.2491,4.0,5.6964,0.5454,-0.2
2006-06-20,0.3,0.15,-1.15,-0.6,-0.95,-0.025,-0.45,-0.303,-0.303,2.5,3.9991,4.0,5.6964,0.3,-0.2
2006-06-21,0.35,0.175,-1.15,-0.6,-0.95,-0.025,-0.45,-0.3838,-0.3737,2.05,4.1242,4.0,5.6964,0.4,-0.2
2006-06-22,0.375,0.175,-1.15,-0.6,-0.95,-0.101,-0.45,-0.3737,-0.3838,2.05,3.9991,4.0,5.6964,0.4,-0.2
2006-06-23,0.375,0.175,-1.15,-0.625,-1.0,0.0,-0.45,-0.3232,-0.3333,2.05,4.2491,4.0,5.9893,0.3,-0.2
2006-06-26,0.3,0.15,-1.125,-0.675,-1.0,-0.025,-0.45,-0.3535,-0.3535,2.05,3.9991,4.0,5.9893,0.4949,-0.2
2006-06-27,0.325,0.15,-1.05,-0.675,-1.0,0.0,-0.45,-0.3535,-0.3535,2.3,3.9991,4.0,5.9893,0.3,-0.2
2006-06-28,0.325,0.125,-1.05,-0.675,-1.2,0.0,-0.45,-0.3535,-0.3535,2.3,3.9991,4.0,5.9994,0.525,-0.2
2006-06-29,0.35,0.225,-1.15,-0.675,-1.2,-0.025,-0.45,-0.3535,-0.3535,1.8,3.7491,4.0,5.9994,0.525,-0.2
2006-06-30,0.375,0.225,-1.175,-0.5,-1.05,0.0,-0.45,-0.404,-0.404,1.775,3.7491,3.925,5.9994,0.6,-0.2
2006-07-03,0.375,0.225,-1.275,-0.5,-0.85,0.0,-0.45,-0.404,-0.404,1.775,3.7441,3.7,5.9994,0.6,-0.25
2006-07-04,0.4,0.225,-1.25,-0.5,-0.85,0.0,-0.45,-0.404,-0.404,1.775,3.7441,3.75,5.9994,0.5,-0.425
2006-07-05,0.4,0.2,-1.2,-0.5,-0.75,-0.05,-0.45,-0.404,-0.404,1.775,3.6241,3.75,5.9994,0.5,-0.425
2006-07-06,0.4,0.2,-1.15,-0.525,-1.0,-0.025,-0.45,-0.404,-0.404,1.65,3.6241,3.75,5.9994,0.55,-0.425
2006-07-07,0.4,0.2,-1.2,-0.5,-0.75,-0.05,-0.45,-0.404,-0.404,1.6,3.6242,3.75,5.9995,0.55,-0.425
2006-07-10,0.4125,0.2,-1.25,-0.5,-0.75,-0.025,-0.45,-0.404,-0.404,2.5,3.6241,3.75,6.75,0.5,-0.425
2006-07-11,0.375,0.2,-1.225,-0.5,-0.75,-0.101,-0.45,-0.3535,-0.3535,1.6,3.4992,3.75,5.9995,0.45,-0.425
2006-07-12,0.3625,0.2,-1.05,-0.5,-0.75,0.0,-0.45,-0.3737,-0.3737,1.7,3.5045,3.4,5.9995,0.5,-0.425
2006-07-13,0.35,0.2,-1.05,-0.5,-0.8,0.0,-0.45,-0.3535,-0.3535,1.95,3.4945,3.675,5.9995,0.6,-0.425
2006-07-14,0.35,0.175,-1.075,-0.475,-0.85,-0.025,-0.45,-0.3535,-0.3535,1.9,3.4995,3.675,5.9995,0.5,-0.425
2006-07-17,0.3,0.175,-0.925,-0.475,-0.85,0.0,-0.45,-0.303,-0.303,1.9,3.5045,3.675,5.9995,0.4,-0.45
2006-07-18,0.3,0.175,-0.8,-0.55,-0.85,-0.0505,-0.45,-0.303,-0.303,1.775,3.5045,3.675,5.9995,0.65,-0.25
2006-07-19,0.2375,0.175,-0.775,-0.55,-0.85,0.0,-0.45,-0.2323,-0.2222,1.575,3.5045,3.675,5.9995,0.4949,-0.25
2006-07-20,0.275,0.175,-0.85,-0.55,-0.85,0.0,-0.45,-0.2525,-0.2525,1.625,3.5045,3.2,5.9995,0.4949,-0.25
2006-07-21,0.275,0.175,-0.825,-0.55,-0.75,0.0,-0.45,-0.2828,-0.2828,1.55,3.2446,3.2,5.9995,0.4,-0.35
2006-07-24,0.275,0.175,-0.825,-0.55,-0.75,0.025,-0.45,-0.2828,-0.2727,1.55,3.2545,3.2,5.7732,0.5,-0.35
2006-07-25,0.275,0.175,-0.7375,-0.45,-0.7,0.025,-0.45,-0.2727,-0.2828,1.7,3.2545,2.9,5.5232,0.55,-0.35
2006-07-26,0.28,0.175,-0.74,-0.425,-0.75,0.075,-0.3838,-0.2727,-0.2828,1.7,3.2545,2.9,5.4996,0.4,-0.35
2006-07-27,0.325,0.175,-0.85,-0.425,-0.75,0.0,-0.45,-0.3535,-0.3535,1.6,3.2545,2.9,5.4996,0.4,-0.35
2006-07-28,0.3625,0.175,-0.875,-0.425,-0.75,0.0,-0.45,-0.3535,-0.3535,1.6,3.2496,2.9,5.4995,0.6,-0.35
2006-07-31,0.3625,0.175,-0.975,-0.425,-0.75,0.0,-0.45,-0.3535,-0.3535,1.5,3.2545,2.8,4.8996,0.6,-0.35
2006-08-01,0.35,0.175,-1.1,-0.5,-0.75,0.0,-0.45,-0.3535,-0.3535,1.85,3.2446,2.8,4.8985,0.6,-0.25
2006-08-02,0.375,0.175,-1.05,-0.5,-0.75,0.0,-0.45,-0.404,-0.404,1.6,3.1247,3.025,4.8996,0.4949,-0.25
2006-08-03,0.35,0.175,-1.0,-0.45,-0.75,0.0,-0.45,-0.404,-0.404,1.55,3.1247,3.025,4.8996,0.6,-0.25
2006-08-04,0.4,0.35,-0.95,-0.45,-0.75,0.0,-0.45,-0.404,-0.404,1.45,2.9996,3.025,5.1372,0.6,-0.25
2006-08-07,0.4,0.35,-1.075,-0.45,-0.75,0.0,-0.45,-0.404,-0.404,1.45,2.9996,2.8,4.8996,0.375,-0.25
2006-08-08,0.4,0.35,-1.0201,-0.45,-0.75,0.0,-0.45,-0.404,-0.404,1.45,2.9945,2.8,4.8996,0.575,-0.25
2006-08-09,0.375,0.35,-1.025,-0.45,-0.75,0.0,-0.45,-0.404,-0.404,1.5,2.9945,2.8,4.8996,0.525,-0.25
2006-08-10,0.375,0.35,-0.975,-0.45,-0.675,0.0,-0.45,-0.404,-0.404,1.5,2.9945,2.8,4.8996,0.4949,-0.25
2006-08-11,0.35,0.35,-0.875,-0.45,-0.675,0.0,-0.45,-0.3535,-0.3535,1.6,2.9996,2.8,4.8996,0.475,-0.25
2006-08-14,0.35,0.3,-0.85,-0.45,-0.675,0.0,-0.45,-0.3333,-0.3232,1.55,2.9996,2.8,4.8996,0.45,-0.25
2006-08-15,0.35,0.35,-0.85,-0.45,-0.675,0.0,-0.45,-0.3535,-0.3535,1.575,2.9996,2.8,4.8996,0.4949,-0.25
2006-08-16,0.35,0.35,-0.85,-0.45,-0.675,0.0,-0.45,-0.404,-0.404,1.5,2.9996,2.8,5.4996,0.4949,-0.25
2006-08-17,0.375,0.35,-0.875,-0.45,-0.675,0.0,-0.45,-0.404,-0.404,1.5,2.9996,2.75,5.2496,0.45,-0.25
2006-08-18,0.325,0.325,-0.875,-0.45,-0.675,0.0,-0.45,-0.3737,-0.3737,1.6,2.9996,2.75,5.2496,0.45,-0.25
2006-08-21,0.375,0.325,-0.875,-0.45,-0.675,0.0,-0.45,-0.404,-0.404,1.6,2.7496,3.05,5.2496,0.45,-0.25
2006-08-22,0.375,0.325,-0.8625,-0.45,-0.675,0.0,-0.45,-0.3838,-0.3838,1.575,2.7496,3.05,5.2496,0.4949,-0.25
2006-08-23,0.3,0.325,-0.88,-0.45,-0.675,0.0,-0.45,-0.3737,-0.3636,1.6,2.7496,3.05,5.2496,0.45,-0.25
2006-08-24,0.35,0.325,-0.85,-0.45,-0.675,0.0,-0.45,-0.3535,-0.3535,1.675,2.7496,3.05,5.8496,0.4949,-0.25
2006-08-25,0.3625,0.325,-0.85,-0.45,-0.675,0.0,-0.45,-0.3535,-0.3535,1.675,2.7496,3.05,5.4,0.45,-0.25
2006-08-28,0.325,0.325,-0.85,-0.45,-0.65,0.0,-0.45,-0.3535,-0.3535,1.675,2.7496,3.05,5.4,0.45,-0.25
2006-08-29,0.35,0.325,-0.775,-0.45,-0.675,0.0,-0.45,-0.3535,-0.3535,1.65,2.7496,3.05,5.4,0.45,-0.25
2006-08-30,0.4,0.325,-0.775,-0.45,-0.675,0.0,-0.45,-0.3535,-0.3535,1.65,2.7496,3.025,5.4,0.45,-0.25
2006-08-31,0.375,0.3,-0.775,-0.45,-0.675,0.0,-0.45,-0.3535,-0.3535,1.6,2.7496,3.025,5.4,0.45,-0.25
2006-09-01,0.35,0.3,-0.775,-0.45,-0.675,0.0,-0.45,-0.3564,-0.3564,1.65,2.7225,3.025,5.2569,0.495,-0.1
2006-09-04,0.35,0.3,-0.775,-0.45,-0.675,-0.1,-0.45,-0.3564,-0.3564,1.65,2.7225,3.025,5.3,0.425,-0.1
2006-09-05,0.35,0.3,-0.95,-0.45,-0.675,-0.125,-0.45,-0.3465,-0.3465,1.5,2.7225,3.025,4.9203,0.35,-0.25
2006-09-06,0.35,0.3,-0.9,-0.4,-0.825,-0.125,-0.45,-0.3465,-0.35,1.5,2.8463,3.15,4.9203,0.4,-0.25
2006-09-07,0.3,0.275,-0.9,-0.35,-0.825,-0.13,-0.45,-0.3168,-0.3267,1.5,2.8463,3.4,4.9104,0.275,-0.25
2006-09-08,0.275,0.275,-0.9,-0.35,-0.875,0.1,-0.45,-0.297,-0.35,1.65,2.8463,3.4,5.2569,0.45,-0.25
2006-09-11,0.275,0.25,-0.9,-0.35,-0.875,-0.1,-0.375,-0.297,-0.297,1.75,2.8463,3.4,5.3064,0.495,-0.25
2006-09-12,0.3,0.25,-0.9,-0.35,-0.875,-0.075,-0.375,-0.297,-0.297,1.75,3.0938,3.4,5.5,0.35,-0.25
2006-09-13,0.3,0.25,-0.9,-0.35,-0.875,-0.05,-0.375,-0.297,-0.35,1.75,2.8463,3.4,5.3163,0.45,-0.25
2006-09-14,0.2875,0.25,-0.875,-0.525,-0.825,-0.05,-0.375,-0.297,-0.297,1.75,2.8463,3.4,5.3163,0.297,-0.25
2006-09-15,0.275,0.25,-0.925,-0.525,-0.825,-0.05,-0.375,-0.297,-0.297,1.45,2.8463,3.4,5.3163,0.2,-0.25
2006-09-18,0.275,0.25,-0.825,-0.525,-0.825,-0.05,-0.375,-0.297,-0.297,1.6,2.8463,3.25,5.5,0.1,-0.25
2006-09-19,0.2,0.2,-0.825,-0.5,-0.825,-0.05,-0.35,-0.2475,-0.35,1.6,2.8463,3.25,5.5,0.1,-0.25
2006-09-20,0.2,0.175,-0.825,-0.5,-0.825,-0.05,-0.35,-0.2475,-0.2475,1.55,3.0938,3.25,5.3064,0.1,-0.25
2006-09-21,0.225,0.175,-0.85,-0.5,-0.825,-0.05,-0.35,-0.2475,-0.35,1.55,3.2225,3.25,5.5,0.1,-0.25
2006-09-22,0.275,0.225,-0.95,-0.5,-0.825,0.0,-0.35,-0.297,-0.35,1.6,3.3412,3.25,6.9903,0.1,-0.25
2006-09-25,0.275,0.225,-0.9,-0.5,-0.825,0.0,-0.35,-0.297,-0.297,1.6,3.3412,3.25,6.3855,0.1,-0.25
2006-09-26,0.25,0.225,-0.9,-0.5,-0.792,0.0,-0.35,-0.2475,-0.35,1.65,3.3412,3.25,6.1875,0.1,-0.25
2006-09-27,0.25,0.225,-0.9,-0.5,-0.825,0.0,-0.35,-0.2475,-0.35,1.65,3.3412,3.25,5.8905,0.2772,-0.25
2006-09-28,0.2,0.175,-0.9,-0.5,-0.825,0.0,-0.35,-0.2178,-0.2277,1.65,3.3412,3.7,6.1986,0.2772,-0.25
2006-09-29,0.225,0.175,-0.75,-0.5,-0.825,0.0,-0.35,-0.198,-0.35,1.65,2.97,3.85,6.0885,0.2772,-0.25
2006-10-02,0.25,0.175,-0.775,-0.5,-0.825,0.0,-0.35,-0.198,-0.198,1.65,2.97,3.85,6.0885,0.2772,-0.25
2006-10-03,0.3,0.175,-0.825,-0.5,-0.825,0.0,-0.35,-0.198,-0.35,1.65,2.97,3.85,6.0984,-0.1,-0.25
2006-10-04,0.25,0.175,-0.825,-0.525,-0.825,0.15,-0.35,-0.198,-0.35,1.65,2.97,4.25,6.0984,-0.1,-0.25
2006-10-05,0.25,0.175,-0.7623,-0.525,-0.825,0.15,-0.35,-0.198,-0.35,1.55,2.97,4.25,5.8198,-0.1,-0.25
2006-10-06,0.175,0.15,-0.8,-0.5,-0.825,0.1,-0.25,-0.1485,-0.35,1.5,2.9749,4.25,6.0387,-0.1,-0.25
2006-10-09,0.099,0.099,-0.575,-0.5125,-0.825,0.1,-0.25,-0.099,-0.35,1.5,2.9749,4.25,6.0984,-0.1,-0.15
2006-10-10,0.0297,0.075,-0.575,-0.5125,-0.825,0.1683,-0.25,-0.0198,-0.35,1.45,2.7175,3.9,6.0984,-0.1,-0.15
2006-10-11,0.0,0.075,-0.45,-0.5,-0.85,0.2,-0.25,-0.0297,-0.35,1.35,2.7274,3.8,5.9004,-0.1,-0.15
2006-10-12,-0.1,0.075,-0.45,-0.5,-0.8,0.2,-0.25,0.0198,0.0198,1.35,2.7274,3.6,5.1084,-0.1,-0.15
2006-10-13,-0.0495,0.025,-0.4,-0.5,-0.8,0.2,-0.25,0.0495,0.0495,1.15,2.7274,3.6,5.1084,0.1485,-0.15
2006-10-16,-0.1287,0.0,-0.4,-0.4,-0.8,0.2,-0.25,0.1188,0.1188,1.15,2.5988,3.6,4.7124,0.1485,-0.15
2006-10-17,-0.125,0.0,-0.4,-0.5,-0.8,0.198,-0.25,0.1287,-0.35,1.15,2.5988,3.6,4.95,-0.1,-0.15
2006-10-18,-0.1,0.0,-0.4,-0.5,-0.8,0.2,-0.25,0.099,-0.35,1.2,2.5988,3.6,4.7124,-0.1,0.0792
2006-10-19,-0.1,0.0,-0.45,-0.5,-0.8,0.2,0.05,0.099,-0.35,1.2,2.7175,3.25,4.2669,-0.1,0.0792
2006-10-20,-0.025,0.0,-0.525,-0.5,-0.8,0.2,0.05,0.0693,-0.35,1.125,2.7175,3.25,4.2669,-0.1,0.0693
2006-10-23,-0.1,0.0,-0.525,-0.4,-0.8,0.2,0.05,0.0693,-0.35,1.125,2.7175,3.3,4.475,-0.1,0.1386
2006-10-24,-0.125,0.0,-0.525,-0.4,-0.8,0.1386,0.05,0.0792,-0.35,1.2,2.7175,3.3,4.3,-0.1,0.1
2006-10-25,-0.099,0.0,-0.475,-0.4,-0.7425,0.1386,0.05,0.099,0.099,1.225,2.7274,3.3,4.2669,-0.1,0.1386
2006-10-26,-0.0693,0.0,-0.475,-0.4,-0.8,0.2,0.05,0.0792,-0.35,1.125,2.7175,3.3,4.25,-0.1,0.1386
2006-10-27,0.075,0.0,-0.65,-0.4,-0.8,0.2,0.05,-0.099,-0.35,1.1,2.7175,3.3,4.1679,-0.1,0.1485
2006-10-30,0.15,0.0,-0.725,-0.4,-0.8,0.1485,0.05,-0.099,-0.35,1.1,2.7175,3.0,4.1679,-0.1,-0.1
2006-10-31,0.15,0.05,-0.725,-0.4,-0.8,0.2,0.05,-0.1188,-0.35,1.1,2.7274,3.0,4.2669,-0.1,0.1386
2006-11-01,0.125,0.15,-0.825,-0.4,-0.8,0.2,0.05,-0.1782,-0.1782,1.075,2.8463,3.0,4.2669,0.1386,0.0396
2006-11-02,0.2,0.2,-0.85,-0.4,-0.8,0.2,0.05,-0.1782,-0.35,1.275,2.8463,3.0,4.7619,-0.1,-0.05
2006-11-03,0.2,0.2,-0.825,-0.4,-0.8,0.297,0.05,-0.198,-0.35,1.05,2.8463,3.0,4.7619,0.1485,-0.1
2006-11-06,0.2,0.198,-0.825,-0.4,-0.8,0.2,-0.25,-0.198,-0.35,1.075,2.7175,3.0,4.4154,0.1485,-0.1
2006-11-07,0.3,0.2,-0.6732,-0.4,-0.8,0.2673,-0.2,-0.2772,-0.35,1.075,2.7175,3.0,4.1184,0.1485,-0.3
2006-11-08,0.325,0.175,-0.65,-0.4,-0.8,0.2,-0.2,-0.297,-0.2673,1.15,2.7175,3.0,4.1778,0.1485,-0.1
2006-11-09,0.3,0.25,-0.675,-0.4,-0.8,0.2,-0.2,-0.297,-0.2673,1.15,2.7225,3.0,4.1778,0.1485,-0.1
2006-11-10,0.45,0.35,-0.675,-0.4,-0.8,0.297,-0.35,-0.396,-0.3762,1.15,2.7225,3.0,4.1679,-0.025,-0.2
2006-11-13,0.375,0.35,-0.675,-0.4,-0.8,0.2,-0.35,-0.396,-0.3663,1.25,2.7175,3.0,4.1778,0.1386,-0.2
2006-11-14,0.4,0.35,-0.775,-0.4,-0.8,0.2,-0.35,-0.396,-0.3762,1.25,2.7274,3.0,4.1778,0.2475,-0.35
2006-11-15,0.35,0.35,-0.775,-0.4,-0.8,0.2,-0.35,-0.3267,-0.297,1.25,2.7274,3.0,4.3164,0.25,-0.35
2006-11-16,0.35,0.3,-0.7,-0.4,-0.8,0.2,-0.35,-0.3168,-0.297,1.25,2.5988,3.0,4.3164,0.25,-0.35
2006-11-17,0.35,0.275,-0.725,-0.4,-0.8,0.2,-0.35,-0.3267,-0.35,1.3,2.5988,3.0,4.0689,0.25,-0.35
2006-11-20,0.35,0.275,-0.7,-0.325,-0.8,0.2,-0.35,-0.3267,-0.35,1.35,2.5988,2.75,4.4154,0.25,-0.3
2006-11-21,0.35,0.275,-0.65,-0.325,-0.8,0.2,-0.35,-0.3267,-0.35,1.3,2.5988,3.0,4.4154,0.25,-0.35
2006-11-22,0.45,0.4,-0.725,-0.325,-0.8,0.2,-0.35,-0.396,-0.35,1.3,2.5988,3.0,4.4154,0.25,-0.35
2006-11-23,0.5,0.4,-0.875,-0.3,-0.8,0.3,-0.35,-0.4455,-0.4158,1.3,2.5988,2.4,4.6134,0.25,-0.2
2006-11-24,0.625,0.45,-0.975,-0.3,-0.8,0.3,-0.5,-0.6435,-0.6237,1.375,2.5988,2.4,4.7223,0.25,-0.2
2006-11-27,0.7125,0.45,-1.15,-0.3,-0.8,0.3,-0.5,-0.6732,-0.6435,1.4,2.5988,2.4,4.7124,0.25,-0.2
2006-11-28,0.7,0.45,-1.175,-0.3,-0.8,0.3,-0.5,-0.6435,-0.6138,1.3,2.8463,2.4,4.9203,0.25,-0.2
2006-11-29,0.675,0.45,-1.1375,-0.3,-0.8,0.3,-0.5,-0.6237,-0.594,1.3,2.8463,2.4,5.0094,0.25,-0.2
2006-11-30,0.675,0.5375,-1.175,-0.3,-0.8,0.3,-0.5,-0.5,-0.35,1.175,2.8463,2.4,4.8114,0.0,-0.2
2006-12-01,0.65,0.5375,-1.25,-0.3,-0.8,0.3,-0.5,-0.5,-0.35,1.05,2.8463,2.4,4.8213,0.3,-0.25
2006-12-04,0.7,0.5375,-1.325,-0.3,-0.8,0.3,-0.5,-0.6435,-0.6237,1.1,2.8463,2.4,4.8114,0.3,-0.25
2006-12-05,0.65,0.5375,-1.375,-0.3,-0.8,0.3,-0.5,-0.6435,-0.6237,1.0,2.8463,2.4,4.8114,0.3,-0.25
2006-12-06,0.625,0.5375,-1.375,-0.25,-0.8,0.3,-0.5,-0.594,-0.5643,1.05,2.8463,2.4,4.5738,0.297,-0.25
2006-12-07,0.625,0.5375,-1.375,-0.25,-0.8,0.45,-0.5,-0.5,-0.35,0.925,2.6581,2.4,4.5738,0.3,-0.25
2006-12-08,0.625,0.5375,-1.375,-0.25,-0.8,0.45,-0.5,-0.495,-0.4653,0.925,2.6582,2.4,4.5639,0.3,-0.25
2006-12-11,0.4,0.5375,-1.25,-0.25,-0.8,0.45,-0.5,-0.5,-0.35,1.15,2.6581,2.4,4.5738,0.3,-0.25
2006-12-12,0.4,0.475,-1.175,-0.25,-0.8,0.45,-0.5,-0.396,-0.3663,1.15,2.6581,2.2,4.2768,0.3,-0.25
2006-12-13,0.45,0.475,-1.125,-0.25,-0.8,0.45,-0.5,-0.5,-0.35,1.15,2.6581,2.2,4.2768,0.3366,-0.25
2006-12-14,0.4,0.475,-1.125,-0.25,-0.8,0.425,-0.5,-0.5,-0.35,0.9801,2.6581,2.2,4.2768,0.4,-0.45
2006-12-15,0.4,0.35,-0.95,-0.25,-0.8,0.425,-0.5,-0.5,-0.35,1.15,2.6581,2.2,4.0788,0.6,-0.45
2006-12-18,0.4,0.35,-0.95,-0.25,-0.8,0.425,-0.5,-0.2475,-0.2277,1.15,2.6582,2.2,4.0788,0.6,-0.425
2006-12-19,0.375,0.35,-0.95,-0.25,-0.8,0.425,-0.5,-0.5,-0.35,1.15,2.6631,2.2,3.9798,0.6,-0.425
2006-12-20,0.425,0.35,-0.925,-0.3,-0.8,0.425,-0.5,-0.396,-0.3663,1.15,2.5245,2.2,3.9798,0.6,-0.425
2006-12-21,0.425,0.35,-0.9,-0.3,-0.8,0.425,-0.5,-0.5,-0.35,1.15,2.5245,2.2,3.9798,0.6,-0.425
2006-12-22,0.425,0.35,-0.9,-0.3,-0.8,0.425,-0.5,-0.396,-0.3663,1.05,2.5245,2.2,3.9798,0.6,-0.4
2006-12-25,0.425,0.35,-0.9,-0.3,-0.8,0.425,-0.5,-0.5,-0.35,1.05,2.5245,2.2,3.9798,0.6,-0.4
2006-12-26,0.425,0.35,-0.8217,-0.3,-0.8,0.3,-0.5,-0.396,-0.3663,1.0,2.5245,2.2,3.9798,0.6,-0.4
2006-12-27,0.425,0.35,-0.7,-0.3,-0.8,0.3,-0.5,-0.396,-0.3762,1.0,2.5245,2.2,4.175,0.6,-0.4
2006-12-28,0.425,0.4,-0.8,-0.3,-0.8,0.3,-0.5,-0.5,-0.35,1.0,2.5245,2.2,3.9798,0.6,-0.4
2006-12-29,0.425,0.4,-0.8,-0.3,-0.8,0.4455,-0.5,-0.5,-0.35,1.15,2.5245,2.2,3.9798,0.6,-0.4
2007-01-01,0.425,0.4,-0.8,-0.3,-0.8,0.4455,-0.5,-0.5,-0.35,1.15,2.5245,2.2,3.9798,0.6,-0.4
2007-01-02,0.45,0.4,-0.8,-0.3,-0.8,0.4455,-0.5,-0.396,-0.3663,1.075,2.475,2.2,3.9798,0.5,-0.4
2007-01-03,0.475,0.4,-0.825,-0.3,-0.8,0.4,-0.5,-0.396,-0.3663,0.95,2.475,2.2,3.9798,0.5,-0.4
2007-01-04,0.35,0.4,-0.6435,-0.3,-0.8,0.4,-0.5,-0.5,-0.35,0.95,2.475,2.2,3.9798,0.5,-0.4
2007-01-05,0.3,0.4,-0.8,-0.3,-0.8,0.4,-0.4,-0.5,-0.35,1.05,2.475,2.8,4.3659,0.5,-0.4
2007-01-08,0.275,0.25,-0.75,-0.3,-0.8,0.4,-0.4,-0.2673,-0.35,1.2,2.475,2.925,4.4154,0.5,-0.4
2007-01-09,0.275,0.3,-0.725,-0.3,-0.8,0.25,-0.4,-0.2673,-0.35,1.2,2.475,2.925,4.3164,0.4,-0.4
2007-01-10,0.225,0.225,-0.725,-0.3875,-0.8,0.25,-0.4,-0.25,-0.35,1.1,2.475,2.925,4.0,0.55,-0.4
2007-01-11,0.2,0.225,-0.725,-0.3875,-0.575,0.25,-0.4,-0.1485,-0.1188,1.05,2.475,2.925,4.0788,0.4,-0.4
2007-01-12,0.15,0.225,-0.6,-0.3875,-0.575,0.25,-0.4,-0.25,-0.35,1.05,2.475,2.925,4.0,0.4,-0.4
2007-01-15,0.2,0.225,-0.5375,-0.3875,-0.575,0.25,-0.4,-0.1485,-0.1287,1.05,2.5988,2.925,3.9204,0.4,-0.4
2007-01-16,0.2,0.3125,-0.575,-0.3875,-0.575,0.25,-0.4,-0.25,-0.35,1.05,2.5988,2.925,3.9204,0.4356,-0.4
2007-01-17,0.2,0.3125,-0.575,-0.3875,-0.575,0.25,-0.4,-0.198,-0.1683,0.95,2.4799,2.925,3.9204,0.4356,-0.4
2007-01-18,0.175,0.3125,-0.5,-0.3875,-0.575,0.15,-0.4,-0.25,-0.35,0.95,2.3512,2.925,3.9303,0.5,-0.4
2007-01-19,0.175,0.3125,-0.45,-0.3875,-0.575,0.15,-0.4,-0.198,-0.1683,0.95,2.3512,2.925,3.9,0.5,-0.4
2007-01-22,0.1875,0.3125,-0.4,-0.3875,-0.575,0.1188,-0.4,-0.198,-0.1683,0.925,2.3512,2.925,3.9303,0.5,-0.4
2007-01-23,0.175,0.297,-0.475,-0.3875,-0.575,0.125,-0.4,-0.198,-0.35,1.1,2.3512,2.925,3.9303,0.5,-0.4
2007-01-24,0.175,0.3,-0.6,-0.396,-0.575,0.125,-0.4,-0.198,-0.35,1.1,2.3512,2.925,3.9303,0.5,-0.4
2007-01-25,0.1625,0.3,-0.875,-0.475,-0.575,0.125,-0.4,-0.198,-0.35,1.1,2.3512,2.925,3.9204,0.5,-0.4
2007-01-26,0.15,0.3,-0.9,-0.475,-0.575,0.125,-0.4,-0.099,-0.0693,1.1,2.4701,2.925,4.4253,0.5,-0.4
2007-01-29,0.1625,0.3,-0.8,-0.5,-0.575,0.125,-0.4,-0.1485,-0.1188,1.3,2.4701,2.925,4.3164,0.5,-0.4
2007-01-30,0.15,0.175,-0.825,-0.5,-0.575,0.08,-0.4,-0.1485,-0.35,1.2,2.4799,2.925,4.3263,0.5,-0.4
2007-01-31,0.1375,0.175,-1.075,-0.5,-0.575,0.0693,-0.4,-0.1485,-0.1188,1.2,2.4799,2.925,4.35,0.5,-0.4
2007-02-01,0.2,0.175,-1.2474,-0.4,-0.575,0.08,-0.4,-0.1485,-0.1188,1.1,2.3216,2.925,4.1283,0.5,-0.4
2007-02-02,0.2,0.175,-1.2,-0.4,-0.75,0.08,-0.4,-0.1485,-0.35,1.1,2.3314,2.925,3.6828,0.45,-0.4
2007-02-05,0.2,0.125,-1.27,-0.525,-0.9,-0.0495,-0.4,-0.1485,-0.35,1.15,2.3216,3.25,3.9303,0.45,-0.3
2007-02-06,0.2,0.175,-1.325,-0.4,-0.75,-0.0495,-0.4,-0.1485,-0.1188,1.1,2.1037,2.925,3.9303,0.3,-0.4
2007-02-07,0.15,0.175,-1.275,-0.4,-0.75,-0.0495,-0.4,-0.1485,-0.35,1.1,2.3216,2.925,4.2,0.3,-0.4
2007-02-08,0.2,0.175,-1.225,-0.4,-0.75,-0.0495,-0.4,-0.1485,-0.35,1.1,2.376,2.925,4.2,0.3,-0.4
2007-02-09,0.2,0.175,-1.175,-0.4,-0.75,-0.099,-0.4,-0.1485,-0.35,1.1,2.376,2.925,4.1778,0.3,-0.4
2007-02-12,0.2,0.175,-0.825,-0.4,-0.75,-0.1,-0.4,-0.1683,-0.35,1.25,2.376,2.925,4.1778,0.3,-0.4
2007-02-13,0.125,0.175,-0.95,-0.55,-0.75,-0.1089,-0.2,-0.1782,-0.1485,1.25,2.3711,2.925,4.2,0.3,-0.45
2007-02-14,0.2625,0.175,-0.975,-0.495,-0.75,-0.175,-0.2,-0.198,-0.1683,1.25,2.3513,2.925,3.9303,0.4,-0.45
2007-02-15,0.2125,0.175,-1.375,-0.475,-0.8,-0.175,-0.2,-0.2475,-0.2178,1.287,2.3513,2.925,3.9303,0.396,-0.45
2007-02-16,0.2,0.175,-1.375,-0.475,-0.8,-0.175,-0.2,-0.2475,-0.2178,1.25,2.3513,2.925,3.9303,0.396,-0.45
2007-02-19,0.2475,0.099,-1.3365,-0.4257,-0.7425,-0.1485,-0.297,-0.2475,-0.2277,1.287,2.3513,2.925,3.9303,0.425,-0.45
2007-02-20,0.2475,0.099,-1.1781,-0.4257,-0.7425,-0.1485,-0.297,-0.2475,-0.2277,1.287,2.3513,2.925,3.9303,0.4,-0.495
2007-02-21,0.2475,0.099,-0.9999,-0.4257,-0.7425,-0.1485,-0.297,-0.2475,-0.2178,1.287,2.3513,2.925,4.2,0.4,-0.495
2007-02-22,0.225,0.175,-0.825,-0.375,-0.825,-0.175,-0.2,-0.2178,-0.1881,1.25,2.183,2.925,4.0491,0.35,-0.45
2007-02-23,0.225,0.175,-0.775,-0.375,-0.825,-0.175,-0.2,-0.1485,-0.1287,1.25,2.178,2.925,4.0491,0.425,-0.45
2007-02-26,0.225,0.175,-0.775,-0.375,-0.825,-0.1485,-0.2,-0.198,-0.1683,1.25,2.178,2.925,4.3461,0.4,-0.45
2007-02-27,0.2475,0.175,-1.287,-0.375,-0.825,-0.175,-0.297,-0.2475,-0.2277,1.25,2.183,3.0,4.5936,0.35,-0.45
2007-02-28,0.25,0.175,-1.4,-0.375,-0.825,-0.175,-0.2,-0.2475,-0.2277,1.25,2.183,3.0,5.0292,0.4455,-0.45
2007-03-01,0.2277,0.175,-1.375,-0.6435,-0.891,-0.175,-0.2772,-0.2178,-0.198,1.75,2.6186,3.0,5.0,0.4,-0.45
2007-03-02,0.175,0.175,-1.5,-0.575,-0.825,-0.175,-0.2,-0.2277,-0.198,1.5,2.7274,3.0,5.0391,0.4,-0.45
2007-03-05,0.15,0.175,-1.95,-0.7425,-0.9405,-0.175,-0.2,-0.1485,-0.1287,1.35,2.7175,3.3,5.6727,0.9,-0.1
2007-03-06,0.15,0.175,-1.75,-0.575,-0.825,-0.175,-0.2,-0.1287,-0.099,1.35,2.7274,3.3,5.5836,0.9,-0.2
2007-03-07,0.125,-0.05,-1.75,-0.75,-0.825,-0.175,-0.2,-0.1287,-0.35,1.475,2.7274,3.3,5.2866,0.9,-0.225
2007-03-08,0.175,-0.05,-1.8,-0.75,-0.825,-0.175,-0.2,-0.1485,-0.1287,1.4,2.7225,3.3,5.2866,0.85,-0.225
2007-03-09,0.15,0.0,-1.7,-0.75,-0.825,-0.175,-0.2,-0.1485,-0.1287,1.4,2.7225,3.3,4.9401,0.4851,-0.2
2007-03-12,0.1125,0.05,-1.4355,-0.75,-0.825,-0.175,-0.2,-0.2743,-0.35,1.4,2.7225,3.3,4.9302,0.8,-0.3375
2007-03-13,0.225,0.0495,-1.6,-0.75,-0.825,-0.0792,-0.2,-0.1485,-0.1188,1.4,2.7225,3.3,5.0292,0.8,-0.2
2007-03-14,0.2375,-0.025,-1.782,-0.75,-0.825,-0.175,-0.2,-0.2277,-0.198,1.55,2.7175,3.3,5.4252,0.8,-0.2
2007-03-15,0.3,-0.025,-1.825,-0.7,-0.9,-0.1,-0.2,-0.2475,-0.35,1.55,2.7225,3.3,5.1876,0.8,-0.2
2007-03-16,0.475,-0.025,-1.7,-0.6,-0.825,-0.175,-0.2,-0.3465,-0.3168,1.75,2.7225,3.3,5.1777,0.7,-0.2
2007-03-19,0.475,-0.025,-1.75,-0.4,-0.825,-0.175,-0.2,-0.396,-0.35,1.75,2.7225,3.3,5.1876,0.75,-0.2
2007-03-20,0.4,-0.025,-1.75,-0.3,-0.825,-0.175,-0.2,-0.3465,-0.35,1.75,2.7225,3.3,4.9302,0.75,-0.2
2007-03-21,0.375,-0.025,-1.683,-0.2475,-0.55,-0.175,-0.2,-0.4257,-0.3267,1.75,2.5245,3.3,4.9302,0.594,-0.2
2007-03-22,0.45,-0.025,-1.75,-0.15,-0.55,-0.2178,-0.2,-0.4455,-0.35,1.75,2.5245,3.3,4.9302,0.6,-0.2
2007-03-23,0.45,-0.025,-1.575,-0.15,-0.55,-0.175,-0.2,-0.4455,-0.4158,1.75,2.5245,3.3,4.9302,0.594,-0.2
2007-03-26,0.375,-0.025,-1.5375,-0.15,-0.55,-0.175,-0.2,-0.396,-0.4158,1.75,2.5245,3.3,4.875,0.594,-0.2
2007-03-27,0.3625,-0.025,-1.5375,-0.125,-0.375,-0.175,-0.2,-0.3465,-0.3168,1.5,2.5245,3.3,4.875,0.5841,-0.2
2007-03-28,0.3625,-0.025,-1.75,-0.125,-0.375,-0.1125,-0.45,-0.3465,-0.3267,1.6,2.5245,2.95,4.9,0.35,-0.2
2007-03-29,0.325,-0.025,-1.78,-0.2,-0.375,-0.0495,-0.45,-0.3465,-0.3267,1.55,2.4255,2.95,4.9,0.75,-0.2
2007-03-30,0.35,-0.025,-1.8,-0.2,-0.375,-0.0495,-0.45,-0.3465,-0.3267,1.5,2.4255,2.95,4.9,0.75,-0.2
2007-04-02,0.425,-0.025,-1.85,-0.2,-0.375,-0.0495,-0.45,-0.4158,-0.396,1.6,2.4255,2.95,4.85,0.6831,-0.2
2007-04-03,0.4257,0.1485,-1.683,-0.2475,-0.4455,-0.0495,-0.5148,-0.4158,-0.396,1.5939,2.4255,2.95,4.85,0.55,-0.2
2007-04-04,0.4257,0.1485,-1.6137,-0.2475,-0.4455,-0.0495,-0.5247,-0.4158,-0.396,1.35,2.2919,2.95,5.1,0.575,-0.2
2007-04-05,0.45,-0.025,-1.65,-0.225,-0.375,-0.0495,-0.45,-0.4257,-0.396,1.55,2.2919,2.95,5.1,0.55,-0.2
2007-04-06,0.45,-0.025,-1.65,-0.225,-0.375,-0.0495,-0.45,-0.4158,-0.396,1.55,2.2919,2.95,5.1,0.55,-0.2
2007-04-09,0.45,-0.025,-1.6,-0.225,-0.375,-0.1,-0.45,-0.4158,-0.396,1.55,2.2919,2.95,5.1,0.55,-0.2
2007-04-10,0.425,-0.025,-1.575,-0.2875,-0.4455,-0.0792,-0.45,-0.4158,-0.396,1.55,2.2919,2.95,4.4946,0.35,-0.2
2007-04-11,0.425,-0.025,-1.584,-0.1485,-0.475,-0.1287,-0.45,-0.4158,-0.396,1.55,2.2919,2.95,4.4451,0.45,-0.2
2007-04-12,0.4,-0.025,-1.55,-0.2,-0.475,-0.1287,-0.5,-0.4158,-0.396,1.525,2.2919,2.95,4.6926,0.594,-0.2
2007-04-13,0.4,0.225,-1.55,-0.2,-0.475,-0.1287,-0.5,-0.4455,-0.4257,1.55,2.2919,2.95,4.6926,0.594,-0.2
2007-04-16,0.475,0.225,-1.55,-0.225,-0.5,-0.1485,-0.5,-0.4455,-0.4257,1.5,2.2919,2.95,4.5342,0.325,-0.2
2007-04-17,0.475,0.225,-1.5,-0.325,-0.5,-0.198,-0.5,-0.4455,-0.4257,1.45,2.2919,2.95,4.5342,0.275,-0.2
2007-04-18,0.475,0.225,-1.65,-0.325,-0.5,-0.198,-0.5,-0.4455,-0.4257,1.5,2.2919,2.95,4.5342,0.2376,-0.2
2007-04-19,0.3875,0.225,-1.8,-0.3625,-0.525,-0.198,-0.5,-0.4257,-0.396,1.5,2.2869,2.95,4.7322,0.3,-0.2
2007-04-20,0.375,0.225,-1.7,-0.35,-0.525,-0.1485,-0.5,-0.396,-0.3762,1.5,2.2869,2.95,4.1877,0.2376,-0.2
2007-04-23,0.375,0.225,-1.7,-0.3465,-0.525,-0.1485,-0.5,-0.3762,-0.3465,1.5,2.2869,2.95,4.1976,0.2,-0.45
2007-04-24,0.3375,0.225,-1.7,-0.075,-0.525,-0.1485,-0.5,-0.3762,-0.3465,1.45,2.2869,2.95,4.4352,0.05,-0.45
2007-04-25,0.3375,0.225,-1.65,-0.075,-0.525,-0.1485,-0.5,-0.3762,-0.3465,1.2969,2.2919,2.95,4.4352,0.198,-0.45
2007-04-26,0.3375,0.225,-1.65,-0.075,-0.525,-0.1485,-0.5,-0.297,-0.2673,1.3,2.2869,2.95,4.4352,0.0891,-0.45
2007-04-27,0.275,0.225,-1.625,-0.425,-0.525,-0.1485,-0.5,-0.297,-0.2673,1.3,2.4701,2.95,4.4451,0.0891,-0.45
2007-04-30,0.275,0.225,-1.625,-0.425,-0.6435,-0.1542,-0.5,-0.297,-0.2772,1.3,2.4701,2.8,5.0886,0.0891,-0.35
2007-05-01,0.297,0.225,-1.5345,-0.425,-0.6435,-0.179,-0.396,-0.297,-0.2673,1.3,2.4701,2.8,5.4252,0.0891,-0.175
2007-05-02,0.225,0.225,-1.45,-0.425,-0.65,-0.25,-0.5,-0.2475,-0.2277,1.3,2.4701,2.8,5.1876,0.0891,-0.1
2007-05-03,0.225,0.225,-1.35,-0.425,-0.65,-0.2,-0.5,-0.2178,-0.198,1.275,2.3512,2.45,5.1876,0.0891,-0.1
2007-05-04,0.224,0.225,-1.35,-0.425,-0.65,-0.2,-0.5,-0.198,-0.1683,1.25,2.3512,2.45,5.1777,0.0891,-0.1
2007-05-07,0.198,0.198,-1.386,-0.3762,-0.693,-0.1782,-0.297,-0.198,-0.1782,1.1088,2.3513,2.45,5.1777,0.0891,-0.396
2007-05-08,0.198,0.225,-1.3375,-0.425,-0.65,-0.2,-0.5,-0.1485,-0.1287,1.25,2.3513,2.45,4.4352,0.05,-0.1
2007-05-09,0.198,0.225,-1.4375,-0.3168,-0.65,-0.2,-0.5,-0.099,-0.1287,1.125,2.3513,2.45,4.725,0.0891,-0.1
2007-05-10,0.0875,0.225,-1.4,-0.325,-0.65,-0.2,-0.5,-0.099,-0.1287,1.2,2.3512,2.45,4.4352,0.0891,-0.1
2007-05-11,0.099,0.225,-1.375,-0.325,-0.65,-0.2,-0.5,-0.099,-0.0693,1.2,2.1037,2.45,4.6827,0.0891,-0.1
2007-05-14,0.075,0.225,-1.375,-0.325,-0.65,-0.2,-0.5,-0.099,-0.0693,1.2,2.1285,2.45,4.6926,0.1386,-0.1875
2007-05-15,0.0495,0.225,-1.35,-0.275,-0.65,-0.2,-0.5,-0.0495,-0.0198,1.2,1.975,2.45,4.6926,0.1386,-0.3375
2007-05-16,0.1123,0.225,-1.325,-0.3465,-0.55,-0.2277,-0.5,-0.0495,-0.0198,1.2,1.7275,2.45,4.6926,0.1386,-0.3375
2007-05-17,0.0495,0.225,-1.325,-0.3465,-0.55,-0.2178,-0.5,-0.0495,-0.0297,1.2,1.7275,2.45,4.6926,0.05,-0.3375
2007-05-18,0.0,0.225,-1.275,-0.375,-0.55,-0.25,-0.5,-0.0495,-0.0297,1.0989,1.8266,2.45,4.9401,0.05,-0.3375
2007-05-21,0.025,0.225,-1.275,-0.375,-0.55,-0.25,-0.5,-0.0495,-0.0198,1.2,1.7375,2.45,4.9302,-0.05,-0.3375
2007-05-22,0.025,0.225,-1.1682,-0.4,-0.55,-0.25,-0.5,-0.0495,-0.0198,1.05,1.975,2.45,4.5342,0.075,-0.3375
2007-05-23,-0.0495,0.225,-1.125,-0.4,-0.55,-0.25,-0.5,0.0495,0.0693,1.0,1.975,2.45,4.7916,0.1386,-0.3375
2007-05-24,-0.0495,0.05,-1.1583,-0.4,-0.55,-0.25,-0.1,0.0495,0.0693,1.175,2.3513,2.45,4.6332,0.1386,-0.3375
2007-05-25,0.0,0.05,-1.35,-0.4,-0.55,-0.25,-0.1,0.099,0.1188,1.175,2.173,2.45,4.6332,0.1386,-0.3375
2007-05-28,0.0,0.05,-1.35,-0.4,-0.55,-0.25,-0.1,0.099,0.1188,1.175,2.173,2.45,4.6332,-0.1,-0.3375
2007-05-29,0.0,0.05,-1.35,-0.4,-0.55,-0.25,-0.1,0.099,0.1188,1.1,1.975,2.45,4.8,-0.1,-0.3375
2007-05-30,0.0,0.05,-1.1875,-0.375,-0.55,-0.25,-0.1,0.099,0.1188,1.1,1.975,2.45,4.8312,-0.1,-0.3375
2007-05-31,-0.0495,0.05,-1.1875,-0.375,-0.55,-0.35,-0.1,0.0495,0.0891,1.1,1.975,2.45,4.8411,0.2,-0.3375
2007-06-01,-0.0495,-0.05,-1.1625,-0.375,-0.55,-0.35,-0.1,0.0495,0.0891,1.1,1.975,2.45,4.3857,0.2,-0.3375
2007-06-04,-0.0693,-0.05,-1.2,-0.375,-0.55,-0.35,-0.1,0.0693,0.0891,1.1,2.1285,2.45,4.3956,0.2,-0.3375
2007-06-05,-0.0693,-0.05,-1.1385,-0.2475,-0.55,-0.3267,-0.1,0.0693,0.0891,0.975,2.2275,2.45,4.6332,0.0891,-0.3375
2007-06-06,-0.1,-0.05,-1.2,-0.3,-0.4,-0.35,-0.1,0.0693,0.0891,1.0,2.3265,2.45,4.6332,0.0891,-0.3375
2007-06-07,-0.1,-0.05,-1.325,-0.3,-0.4,-0.35,-0.1287,0.0693,0.0297,1.0296,2.3314,2.45,5.75,0.05,-0.3375
2007-06-08,-0.2,-0.05,-1.35,-0.325,-0.4,-0.35,-0.1,0.0495,0.0297,1.0,2.3513,2.55,4.9401,0.1386,-0.3375
2007-06-11,-0.2,-0.05,-1.3625,-0.325,-0.4,-0.35,-0.1,0.0495,0.0297,1.05,2.3513,2.675,4.9302,0.075,-0.3375
2007-06-12,-0.2,-0.05,-1.3625,-0.35,-0.4,-0.35,-0.1,0.099,0.1287,1.2276,2.3513,2.675,4.9302,0.075,-0.3375
2007-06-13,-0.2,-0.05,-1.35,-0.325,-0.4,-0.225,-0.1,0.099,0.1287,1.05,2.3513,2.675,5.1876,0.35,-0.3375
2007-06-14,-0.2,-0.05,-1.3,-0.325,-0.4,-0.225,-0.1,0.1683,0.198,1.05,2.2275,2.675,4.9302,0.1386,-0.2
2007-06-15,-0.2,-0.05,-1.25,-0.425,-0.4,-0.225,-0.1,0.1782,0.198,1.05,2.1037,2.675,4.7817,0.1386,-0.2
2007-06-18,-0.0875,-0.05,-1.15,-0.425,-0.4,-0.225,-0.1,0.1782,0.198,1.05,2.1037,2.675,4.7916,0.2,-0.2
2007-06-19,-0.1287,-0.099,-1.15,-0.35,-0.7,-0.225,-0.1,0.1782,0.198,1.0,2.1037,2.675,4.9302,0.35,-0.2
2007-06-20,-0.1,-0.05,-1.15,-0.35,-0.7,-0.225,-0.1,0.099,0.1287,1.0,2.3265,2.625,4.9302,0.2,-0.2
2007-06-21,-0.099,-0.05,-1.125,-0.35,-0.7,-0.225,-0.1,0.099,0.1287,1.0,2.3265,2.625,4.7916,0.1386,-0.2
2007-06-22,-0.025,-0.05,-1.025,-0.35,-0.7,-0.225,-0.1,0.099,0.1287,1.0,2.475,2.625,4.7817,0.35,-0.2
2007-06-25,-0.025,-0.05,-1.0,-0.35,-0.7,-0.225,-0.1,0.099,0.1287,1.0,2.475,2.625,4.85,0.275,-0.2
2007-06-26,-0.025,-0.05,-1.3,-0.2875,-0.7,-0.099,-0.1,0.0198,0.0495,1.05,2.475,2.625,4.8,0.275,-0.2
2007-06-27,-0.025,-0.05,-1.7,-0.425,-0.7,-0.099,-0.1,0.0198,0.0495,1.15,2.47,2.625,4.8,0.275,-0.2
2007-06-28,-0.0297,0.025,-1.75,-0.4,-0.7,-0.099,-0.1,0.0198,0.0495,1.125,2.2275,2.625,4.8,0.275,-0.2
2007-06-29,-0.025,0.025,-1.75,-0.4,-0.7,-0.1,-0.1,0.0198,0.0495,1.125,2.2325,2.625,4.8,0.275,-0.2
2007-07-02,0.025,0.075,-1.75,-0.4,-0.7,-0.2,-0.025,0.0495,0.0495,1.05,2.2225,2.625,4.8,0.275,-0.25
2007-07-03,0.125,0.075,-1.8,-0.4,-0.7,-0.2,-0.025,0.0495,-0.0198,1.0,2.2225,2.625,4.8,0.275,-0.25
2007-07-04,0.1125,0.075,-1.8,-0.4,-0.7,-0.2,-0.025,-0.0495,-0.0198,1.0,2.2225,2.625,4.8,0.275,-0.25
2007-07-05,0.1125,0.099,-1.65,-0.3375,-0.7,-0.2,-0.025,-0.0495,-0.0693,1.0,2.1037,2.625,4.8,0.275,-0.25
2007-07-06,0.1125,0.1745,-1.65,-0.35,-0.7,-0.2,-0.025,-0.099,-0.0792,1.05,2.1037,2.625,4.8,0.275,-0.25
2007-07-09,0.1125,0.099,-1.475,-0.375,-0.7,-0.2,-0.025,-0.099,-0.0693,0.95,2.1037,2.625,4.8,0.275,-0.25
2007-07-10,0.15,0.275,-1.475,-0.375,-0.7,-0.25,-0.25,-0.0693,-0.0792,0.95,2.1037,2.625,4.8,0.275,-0.25
2007-07-11,0.2875,0.275,-1.8,-0.4,-0.7,-0.25,-0.25,-0.0693,-0.0792,0.95,2.1037,2.625,4.8,0.275,-0.25
2007-07-12,0.3,0.275,-1.75,-0.4,-0.7,-0.25,-0.25,-0.198,-0.1683,0.95,2.1037,2.625,4.8,0.275,-0.25
2007-07-13,0.2,0.275,-1.8,-0.4,-0.7,-0.25,-0.25,-0.198,-0.1782,0.95,2.1037,2.625,4.8,0.275,-0.25
2007-07-16,0.1875,0.275,-1.8,-0.4,-0.7,-0.35,-0.25,-0.198,-0.1683,0.95,2.1037,2.625,4.8,0.275,-0.25
2007-07-17,0.1875,0.275,-1.8,-0.3,-0.7,-0.35,-0.25,-0.198,-0.1683,0.95,2.1037,2.575,4.8,0.275,-0.25
2007-07-18,0.25,0.275,-1.875,-0.225,-0.575,-0.35,-0.25,-0.198,-0.1782,1.05,2.1037,2.575,4.8,0.275,-0.25
2007-07-19,0.25,0.275,-1.85,-0.225,-0.575,-0.35,-0.25,-0.198,-0.1683,1.05,2.1037,2.575,4.8,0.275,-0.25
2007-07-20,0.25,0.275,-1.85,-0.225,-0.575,-0.35,-0.25,-0.198,-0.1683,1.05,2.1037,2.575,4.8,0.275,-0.25
2007-07-23,0.275,0.275,-2.025,-0.225,-0.575,-0.35,-0.25,-0.2178,-0.198,1.05,2.1037,2.575,4.8,0.275,-0.25
2007-07-24,0.25,0.1683,-2.079,-0.225,-0.575,-0.35,-0.25,-0.2178,-0.198,1.05,2.1037,2.575,4.1,0.275,-0.25
2007-07-25,0.175,0.225,-2.2,-0.225,-0.575,-0.35,-0.25,-0.1485,-0.198,1.05,2.475,2.475,4.2,0.275,-0.25
2007-07-26,0.175,0.225,-2.2,-0.225,-0.891,-0.225,-0.3,-0.1485,-0.198,1.05,2.8463,2.475,4.575,0.275,-0.25
2007-07-27,0.0,0.0,-2.4,-0.575,-0.575,-0.225,-0.3,-0.0693,-0.0495,1.525,2.8463,2.55,4.75,0.275,-0.25
2007-07-30,-0.05,0.0,-2.4255,-1.0,-1.15,-0.225,-0.3,-0.0693,-0.0495,1.525,2.8463,2.55,4.85,0.275,-0.25
2007-07-31,-0.05,-0.099,-2.1285,-0.7722,-1.15,-0.225,-0.3,0.0198,0.0495,1.45,2.8463,2.55,4.7,0.275,-0.25
2007-08-01,-0.0198,-0.099,-2.4255,-0.975,-1.15,-0.225,-0.3,0.0198,0.0495,1.45,2.8463,2.55,4.7,0.275,-0.25
2007-08-02,-0.125,-0.099,-2.45,-0.1,-1.1,-0.2,-0.3,0.0198,0.0495,1.45,2.8463,2.55,4.7,0.75,-0.25
2007-08-03,0.0,0.0,-2.4255,-0.1,-1.1,-0.2,-0.3,0.0198,0.0495,1.45,2.8463,2.55,4.7,0.6,-0.25
2007-08-06,0.125,-0.1485,-2.475,-0.1,-1.1,-0.2,-0.3,0.0198,0.0495,1.45,2.97,2.55,4.7,0.6,-0.25
2007-08-07,0.099,-0.1485,-2.45,-0.1,-1.1,-0.2,-0.3,0.0198,0.0495,1.5,2.97,2.55,4.7,0.6,-0.25
2007-08-08,0.125,-0.1485,-2.3125,-0.1,-1.1,-0.2,-0.3,-0.0792,-0.0495,1.45,2.97,2.55,4.7,0.8,-0.2
2007-08-09,-0.1,-0.1485,-2.475,-0.7375,-1.1,-0.2,-0.3,-0.0792,-0.0495,1.5,2.97,2.65,4.7,0.8,-0.2
2007-08-10,-0.1,0.0,-2.7,-1.325,-1.1,-0.2,-0.3,-0.0792,-0.0495,1.5,2.97,2.65,4.7,0.8,0.0
2007-08-13,-0.1,-0.1485,-2.95,-1.325,-1.1,-0.2,-0.3,0.2475,0.2673,1.5,2.97,2.65,4.7,0.75,-0.4
2007-08-14,-0.1,-0.1485,-2.9205,-1.188,-1.1,-0.125,-0.3,0.198,0.2277,1.7721,3.2125,2.65,4.7,0.75,-0.2
2007-08-15,-0.35,-0.35,-3.5145,-1.325,-1.1,0.2,-0.3,0.198,0.2277,1.65,3.7076,2.95,4.7,0.75,-0.2
2007-08-16,-0.65,-0.65,-5.1975,-3.25,-1.1,0.2,-0.3,0.198,0.2277,1.9602,3.955,2.95,6.1,0.75,0.2079
2007-08-17,-0.425,-0.65,-6.5,-3.5,-6.5,0.3,-0.3,0.6435,0.6633,1.9,3.7125,2.95,6.1,1.0,0.2079
2007-08-20,-0.4,-0.65,-5.2,-3.25,-6.5,0.3,-0.3,0.6435,0.6633,1.9,4.3313,2.95,6.1,1.0,0.5346
2007-08-21,-0.4,-0.65,-5.5,-3.0,-3.5,0.0891,-0.3,0.3465,0.3663,1.9,4.4599,2.95,6.1,1.5,0.495
2007-08-22,-0.35,-0.65,-4.875,-3.0,-3.5,0.0693,-0.3,0.3465,0.3663,1.9,4.0837,2.95,5.7,1.5,0.4455
2007-08-23,-0.25,-0.3,-4.0,-2.75,-3.5,0.2,-0.25,0.3465,0.2673,1.9,3.955,3.2,5.45,1.5,0.396
2007-08-24,-0.25,-0.3,-4.25,-1.85,-3.5,0.105,-0.25,0.3465,0.2772,1.9,3.965,3.2,5.45,2.375,0.5485
2007-08-27,-0.25,-0.3,-4.25,-1.85,-3.5,0.2,-0.25,0.2475,0.2673,1.9,3.965,3.2,5.45,2.375,0.2475
2007-08-28,-0.25,-0.4,-4.5,-1.975,-1.85,0.099,-0.25,0.297,0.3267,2.0,4.0837,3.2,5.45,2.375,0.2475
2007-08-29,-0.25,-0.4,-4.5,-2.5,-1.85,0.2,-0.25,0.396,0.4257,2.0,4.0837,3.2,5.45,2.125,0.8
2007-08-30,-0.25,-0.6,-4.5,-2.5,-1.85,0.2,-0.25,0.396,0.4257,2.0,4.0837,3.2,5.45,2.125,0.45
2007-08-31,-0.25,-0.6,-4.5,-2.45,-1.85,0.2,-0.25,0.396,0.4257,1.75,4.0837,3.2,5.45,2.125,0.45
2007-09-03,-0.25,-0.6,-4.5,-2.75,-1.85,0.2,-0.25,0.396,0.4257,1.75,4.0837,3.2,5.45,2.0,0.45
2007-09-04,-0.3,-0.6,-4.5,-2.375,-1.85,0.2,-0.25,0.396,0.4257,1.75,4.2125,3.2,5.35,2.0,0.5
2007-09-05,-0.3,-0.6,-4.5,-2.5,-1.85,0.2,-0.25,0.396,0.4257,1.75,3.96,3.2,5.35,2.0,0.5
2007-09-06,-0.275,-0.6,-4.5,-2.7,-2.0,0.2,-0.25,0.396,0.4257,1.75,3.955,3.2,5.35,2.0,0.5
2007-09-07,0.0,-0.6,-4.75,-2.5,-2.0,0.2,-0.25,0.396,0.4257,1.75,3.955,3.2,5.35,1.9,0.3
2007-09-10,0.0,-0.6,-5.025,-2.5,-2.0,0.2,-0.25,0.396,0.4257,1.75,4.2075,3.2,5.35,1.9,0.3
2007-09-11,0.0,-0.6,-5.025,-2.1,-2.0,0.2,-0.25,0.396,0.4257,1.75,4.2025,3.2,5.15,1.8,0.3
2007-09-12,0.0,-0.6,-4.225,-1.625,-2.0,0.2,-0.25,0.396,0.4257,1.75,3.8857,3.2,5.15,1.8,0.3
2007-09-13,0.0,-0.5,-4.05,-1.5,-2.2,0.2,-0.25,0.396,0.4257,1.75,3.8857,3.2,5.15,1.8,0.05
2007-09-14,0.0,-0.5,-3.125,-1.5,-2.2,0.2,-0.25,0.396,0.4257,1.75,3.8362,3.2,5.15,1.15,0.0
2007-09-17,0.05,-0.5,-3.125,-1.5,-2.2,-0.1,-0.25,0.396,0.4257,1.7,3.8362,3.2,5.0,1.15,0.0
2007-09-18,0.075,-0.5,-3.125,-1.5,-2.1,-0.135,-0.25,0.396,0.4257,1.65,3.8362,3.2,5.0,1.15,0.0
2007-09-19,0.075,-0.5,-2.5,-1.5,-2.1,-0.185,-0.3,0.396,0.4257,1.6,3.5887,3.2,5.0,1.15,0.0
2007-09-20,0.075,-0.5,-2.25,-1.5,-2.1,-0.2,-0.3,0.396,0.4257,1.5,3.4601,3.2,4.4,0.1,0.025
2007-09-21,0.25,-0.5,-2.75,-1.5,-2.1,-0.2,-0.3,0.396,0.4257,1.5,3.4601,3.2,4.4,0.1,0.025
2007-09-24,0.25,-0.5,-2.6,-1.5,-2.1,0.025,-0.35,0.396,0.4257,1.475,3.465,2.7,4.4,0.1,0.025
2007-09-25,0.125,-0.5,-2.6,-0.9,-1.45,0.1,-0.35,0.396,0.4257,1.45,3.4699,2.7,4.4,0.45,0.025
2007-09-26,0.125,-0.5,-3.15,-0.9,-1.45,0.1,-0.35,0.396,0.4257,1.425,3.0938,2.7,4.4,0.45,0.025
2007-09-27,0.0375,-0.5,-2.95,-0.9,-1.45,0.1,-0.35,0.0198,0.0495,1.4,3.0938,2.7,4.025,-0.35,0.025
2007-09-28,0.1,-0.5,-2.95,-0.9,-1.45,0.1,-0.35,-0.0495,-0.0297,1.4,3.0938,2.7,4.025,0.0,0.025
2007-10-01,0.05,-0.5,-3.05,-0.9,-1.45,0.1,-0.35,-0.0495,-0.0297,1.4,2.8462,2.7,3.8,0.625,0.3
2007-10-02,0.05,-0.5,-3.05,-0.9,-1.45,0.1,-0.35,-0.0495,-0.0297,1.4,2.8463,2.7,3.8,0.625,0.3
2007-10-03,0.05,-0.5,-2.85,-0.975,-1.45,0.1,-0.35,-0.0495,-0.0297,1.25,2.8463,2.7,3.8,0.575,0.3
2007-10-04,-0.2,-0.5,-2.775,-1.025,-1.45,0.0399,-0.35,-0.0495,-0.0297,1.25,2.7225,2.5,3.5,-0.2,0.3
2007-10-05,-0.2,-0.5,-2.5,-1.025,-1.45,0.0018,-0.35,-0.0495,-0.0297,1.3,2.7868,2.5,3.5,-0.35,0.35
2007-10-08,-0.2,-0.5,-2.5,-0.9,-1.45,0.002,-0.35,-0.0495,-0.0297,1.3,2.7225,2.5,3.5,-0.35,0.35
2007-10-09,-0.2,-0.5,-2.1,-0.9,-1.45,-0.1489,-0.275,-0.0495,-0.0297,1.2,2.8463,2.5,3.5,-0.35,0.35
2007-10-10,-0.2,-0.5,-2.1,-0.925,-1.25,0.1,-0.27,-0.0495,-0.0297,1.2,2.8463,2.5,3.5,-0.35,0.35
2007-10-11,-0.2,-0.5,-1.8,-0.85,-1.25,-0.15,-0.2365,-0.0495,-0.0297,1.2,2.8463,2.5,3.5,-0.225,0.35
2007-10-12,-0.225,-0.5,-1.8,-0.875,-1.25,-0.15,-0.1625,-0.0495,-0.0297,1.125,2.8463,2.5,3.5,-0.1,-0.35
2007-10-15,-0.225,-0.5,-1.8,-0.875,-1.25,-0.1493,-0.1875,0.2277,0.2475,1.0791,2.8463,2.5,3.775,-0.1,-0.35
2007-10-16,-0.297,-0.7,-1.9,-0.875,-1.4355,-0.0748,-0.2125,0.297,0.3168,1.15,2.8958,2.5,3.775,-0.1,-0.0238
2007-10-17,-0.3,-0.6435,-2.6,-0.875,-1.275,-0.0594,-0.2365,0.297,0.3168,1.125,2.8958,2.5,3.775,1.0593,-0.1485
2007-10-18,-0.225,-0.7,-3.069,-1.65,-1.95,-0.0495,-0.2369,0.198,0.2178,1.125,2.8958,2.5,3.775,0.9,0.0258
2007-10-19,-0.2475,-0.7,-3.5,-1.65,-1.95,0.0,-0.2475,0.2475,0.2673,1.125,2.8958,2.5,3.775,1.35,-0.3
2007-10-22,-0.225,-0.7,-3.75,-1.925,-2.376,-0.055,-0.1683,0.3168,0.3465,1.125,2.8958,2.5,3.775,1.35,-0.3
2007-10-23,-0.3267,-0.7,-3.6,-1.55,-1.95,-0.1485,-0.1683,0.3168,0.3465,1.15,2.8958,2.5,3.775,1.35,-0.1782
2007-10-24,-0.45,-0.7,-3.3,-1.55,-1.881,-0.075,-0.187,0.396,0.4158,1.2,2.8958,2.45,3.775,1.35,-0.3
2007-10-25,-0.45,-0.7,-3.3,-1.55,-1.95,-0.0792,-0.1623,0.4455,0.4752,1.1,2.8958,2.45,3.9303,1.35,-0.3
2007-10-26,-0.3375,-0.7,-3.3,-1.55,-1.95,-0.1347,-0.2235,0.3663,0.396,1.1,2.8463,2.45,3.775,1.35,-0.35
2007-10-29,-0.2475,-0.5445,-2.9601,-1.25,-1.95,-0.1396,-0.2613,0.2475,0.2673,1.1,2.8463,2.45,3.775,1.0494,-0.35
2007-10-30,-0.3375,-0.594,-3.2,-1.15,-1.95,-0.1125,-0.2613,0.2475,0.2772,0.9801,2.8463,2.45,3.775,1.35,-0.4455
2007-10-31,-0.297,-0.5,-3.2,-1.2,-1.45,-0.1089,-0.198,0.297,0.3168,0.85,2.8463,2.45,3.775,1.35,-0.35
2007-11-01,-0.25,-0.594,-3.0,-1.025,-1.2,-0.1545,-0.198,0.297,0.3168,0.8,2.8463,2.45,3.9303,0.8,-0.5
2007-11-02,-0.25,-0.5,-3.0,-1.4,-1.2,-0.1625,-0.235,0.297,0.3267,0.8,2.8463,2.45,3.7,0.8,-0.5
2007-11-05,-0.25,-0.5,-3.0,-1.25,-1.2,-0.1545,-0.275,0.2475,0.2772,0.8,2.8463,2.45,4.4253,0.8,-0.5
2007-11-06,-0.25,-0.5,-3.0,-1.15,-1.2,-0.1675,-0.275,0.1782,0.198,0.9801,3.0938,2.45,3.7,1.15,-0.5
2007-11-07,0.025,-0.396,-3.35,-1.15,-1.2,-0.1584,-0.4,0.0495,0.0792,1.0,3.0938,2.45,4.4253,1.15,-0.45
2007-11-08,0.025,-0.3,-3.7,-1.15,-1.2,-0.1792,-0.4,0.0495,0.0693,1.225,3.0938,2.45,3.7,1.15,-0.45
2007-11-09,0.025,-0.3,-3.75,-1.15,-1.2,0.099,-0.4,-0.0792,-0.0495,1.4751,3.0938,2.45,3.7,1.15,-0.45
2007-11-12,-0.4,-0.3,-5.25,-1.9,-2.5,0.25,-0.4,0.4455,0.4752,1.5,3.465,2.45,3.7,1.2,-0.55
2007-11-13,-0.35,-0.3,-5.25,-1.95,-2.5,0.2,-0.4,0.3465,0.3762,1.5,3.465,2.45,3.7,1.2,-0.55
2007-11-14,-0.25,-0.3,-4.3659,-1.75,-2.5,0.1683,-0.4,0.3465,0.3663,1.4,3.465,2.45,3.7,1.2,-0.55
2007-11-15,-0.475,-0.3,-4.3,-1.75,-2.5,0.2,-0.4,0.3465,0.3762,1.3,3.465,2.8,4.0,1.2,-0.55
2007-11-16,-0.5,-0.3,-4.6134,-1.75,-2.475,0.2,-0.4,0.4455,0.4752,1.3,3.465,2.8,4.0,1.2,-0.55
2007-11-19,-0.425,-0.3,-4.5,-1.75,-2.3,0.2,-0.4,0.4455,0.4752,1.3,3.465,2.8,4.0,1.2,-0.55
2007-11-20,-0.425,-0.3,-4.5,-2.25,-2.3,0.2,-0.4,0.2772,0.3663,1.3,3.465,2.8,4.0,1.2,-0.55
2007-11-21,-0.425,-0.3,-4.75,-2.0,-2.3,0.325,-0.4,0.3465,0.3762,1.3,3.465,2.8,4.0,1.2,-0.55
2007-11-22,-0.425,-1.0395,-4.75,-2.178,-2.3,0.325,-0.4,0.3465,0.3762,1.3,3.465,2.8,4.0,1.2,-0.55
2007-11-23,-0.425,-0.3,-4.75,-2.079,-2.3,0.325,-0.3465,0.2475,0.2673,1.3,3.465,2.8,4.0,1.2,-0.55
2007-11-26,-0.325,-0.3,-4.75,-2.0,-2.3,0.325,-0.4,0.297,0.3267,1.375,4.455,2.8,4.0,1.5048,-0.55
2007-11-27,-0.325,-0.3,-4.75,-2.0,-2.3,0.375,-0.4,0.297,0.3168,1.375,4.455,2.8,4.0,1.2,-0.55
2007-11-28,-0.325,-1.1,-4.0,-1.98,-2.3,0.375,-0.4,0.5445,0.6237,1.375,3.96,2.8,4.0,1.2,-0.55
2007-11-29,-0.5445,-1.1,-3.5,-2.0,-2.3,0.1287,-0.4,0.5445,0.5643,1.375,3.96,2.8,4.0,1.2,-0.55
2007-11-30,-0.325,-1.1,-3.4,-1.65,-2.3,0.175,-0.3,0.5445,0.5643,1.2276,3.8363,3.25,4.0,1.2,-0.55
2007-12-03,-0.6,-1.2375,-3.0,-1.65,-2.3,0.175,-0.3,0.5445,0.5643,1.375,3.5838,3.25,4.0,1.2,0.3
2007-12-04,-0.6,-1.1,-3.0,-1.75,-1.95,0.175,-0.3,0.5445,0.5643,1.075,3.96,3.25,4.4253,1.2,0.3
2007-12-05,-0.575,-1.25,-3.125,-1.9,-1.95,0.175,-0.3,0.5445,0.5643,1.1,3.96,3.25,4.4,1.2,0.1188
2007-12-06,-0.575,-1.25,-3.125,-1.584,-1.584,0.175,-0.3,0.594,0.6237,0.925,3.96,3.25,4.4,1.2,0.3
2007-12-07,-0.65,-1.25,-3.0,-1.55,-1.95,0.175,-0.3,0.594,0.6237,0.875,3.96,3.25,4.4,1.2,0.3
2007-12-10,-0.5625,-1.25,-2.75,-1.4,-0.2,0.175,-0.1,0.594,0.6138,0.875,3.96,3.25,4.4,0.7,0.2891
2007-12-11,-0.5625,-1.25,-2.75,-1.1,-0.2,0.175,-0.1,0.594,0.6138,0.875,3.96,3.25,4.4,0.7,0.2891
2007-12-12,-0.5625,-1.287,-2.875,-0.99,-0.99,0.175,-0.1,0.594,0.6138,0.95,3.96,3.25,4.4,0.7,0.2891
2007-12-13,-0.5625,-1.25,-2.875,-1.089,-1.089,0.175,-0.1,0.594,0.6138,0.95,3.96,3.25,4.25,0.7,0.2891
2007-12-14,-0.5625,-1.25,-2.7,-1.2,-1.5,0.175,-0.1,0.6435,0.6732,0.95,3.96,3.25,4.25,0.7,0.2891
2007-12-17,-0.675,-1.25,-2.7,-1.287,-1.287,0.175,-0.1,0.7425,0.7722,1.025,3.96,3.25,4.25,0.7,0.3485
2007-12-18,-0.7,-1.25,-2.7324,-1.375,-1.287,0.175,-0.1,0.7425,0.7722,1.025,3.96,3.25,4.25,0.7,0.3683
2007-12-19,-0.7,-1.25,-2.775,-1.1385,-1.1385,0.175,-0.1,0.7425,0.7722,1.025,3.9105,3.25,4.25,0.7,0.3683
2007-12-20,-0.7,-1.485,-2.775,-1.375,-1.5,-0.0451,-0.1,0.7425,0.7623,1.025,3.9105,3.25,4.25,0.7,0.3683
2007-12-21,-0.7,-1.35,-2.9,-1.375,-1.5,0.0,-0.1,0.792,0.8118,1.025,3.564,3.25,4.25,0.7,0.4
2007-12-24,-0.7,-1.35,-2.9,-1.375,-1.5,-0.1,-0.1,0.792,0.8217,0.95,3.564,3.25,4.25,0.7,0.4
2007-12-25,-0.7,-1.35,-2.65,-1.375,-1.5,-0.1,-0.1,0.792,0.8217,0.95,3.564,3.25,4.25,0.7,0.4
2007-12-26,-0.7,-1.35,-2.65,-1.375,-1.5,-0.1,-0.1,0.792,0.8118,0.9801,3.564,3.25,4.25,0.7,0.4
2007-12-27,-0.7,-1.35,-2.65,-1.375,-1.5,-0.1,-0.1,0.693,0.7128,0.95,3.564,3.25,4.25,0.7,0.3485
2007-12-28,-0.7,-1.35,-3.0,-1.375,-1.5,0.0,-0.1,0.5445,0.5643,0.95,3.564,3.25,4.25,0.7,0.3436
2007-12-31,-0.7,-1.35,-3.0,-1.375,-1.5,-0.1089,-0.1485,0.5445,0.5643,0.95,3.564,3.25,4.25,0.7,0.3436
2008-01-01,-0.5445,-1.35,-3.0,-1.375,-1.1187,-0.1,-0.1,0.5445,0.5643,0.95,3.564,3.25,4.25,0.7,0.3436
2008-01-02,-0.55,-1.35,-3.2,-1.275,-1.0593,-0.1089,-0.1,0.5445,0.5643,0.95,3.366,3.25,4.25,1.1,0.25
2008-01-03,-0.55,-1.35,-3.2,-1.15,-1.5,-0.0649,-0.1,0.5445,0.5643,0.95,3.366,3.25,4.25,1.1,0.297
2008-01-04,-0.55,-1.35,-3.8,-1.15,-1.5,0.0,-0.1,0.495,0.5148,0.95,3.3462,3.25,4.25,1.1,0.25
2008-01-07,-0.425,-1.35,-3.9,-1.15,-1.1385,0.1881,-0.1,0.495,0.5247,0.825,3.465,3.25,4.25,1.1,0.25
2008-01-08,-0.495,-1.35,-3.4749,-1.0,-1.5,-0.0054,-0.1,0.495,0.5247,0.725,3.465,3.25,4.25,1.1,0.25
2008-01-09,-0.475,-1.35,-3.65,-0.875,-1.5,0.1287,-0.1,0.495,0.5247,0.725,3.5937,3.25,4.3263,1.1,0.25
2008-01-10,-0.475,-1.35,-3.35,-0.875,-1.5,0.1287,-0.1,0.495,0.5247,0.725,3.5937,3.25,4.3263,1.1,0.25
2008-01-11,-0.4455,-1.35,-3.525,-0.95,-1.5,0.0,-0.1,0.4455,0.4653,0.85,3.5937,3.25,4.25,1.1,0.25
2008-01-14,-0.475,-1.35,-3.75,-0.875,-1.5,0.0441,-0.1,0.297,0.3267,0.85,3.5838,3.25,4.25,1.1,0.25
2008-01-15,-0.275,-1.35,-3.75,-0.875,-1.5,0.2,-0.1,0.297,0.3267,0.75,3.7125,3.25,4.25,1.1,0.25
2008-01-16,-0.35,-1.35,-4.25,-1.1,-1.5,0.2,-0.45,0.297,0.4653,0.75,3.8412,3.25,4.5738,1.1,0.25
2008-01-17,-0.5,-0.85,-3.925,-1.2,-1.5,0.2,-0.45,0.4455,0.4752,0.75,3.8412,3.25,4.25,1.1,0.25
2008-01-18,-0.475,-0.85,-4.2,-1.2,-1.5,0.2,-0.45,0.4455,0.4653,1.0,3.8412,3.25,4.25,1.1,0.25
2008-01-21,-0.55,-0.85,-4.225,-1.45,-1.75,0.2079,-0.45,0.4455,0.4653,0.9801,4.455,3.925,4.425,0.6633,0.25
2008-01-22,-0.475,-0.85,-4.4,-1.95,-2.25,0.2,-0.45,0.495,0.5247,1.1,4.2075,3.925,4.425,1.1,0.25
2008-01-23,-0.6,-0.85,-4.2471,-1.6,-1.95,0.2,-0.45,0.495,0.5247,1.3,4.356,3.925,4.425,1.1,0.25
2008-01-24,-0.6,-0.775,-4.0,-1.625,-1.95,0.2,-0.45,0.495,0.5247,1.15,4.356,3.925,4.425,1.1,0.25
2008-01-25,-0.6,-0.775,-3.75,-1.625,-1.6,0.2,-0.45,0.495,0.5247,1.15,4.257,3.925,4.425,1.1,0.25
2008-01-28,-0.6,-0.775,-3.7323,-1.625,-1.95,0.2,-0.45,1.485,-1.5048,1.15,4.257,3.925,4.425,1.1,0.25
2008-01-29,-0.6,-0.775,-3.5,-1.625,-1.95,0.2,-0.45,1.485,-1.5048,1.15,4.257,3.925,4.425,1.1,0.25
2008-01-30,-0.425,-0.775,-3.15,-1.625,-1.95,0.2,-0.45,1.3365,-1.3662,0.95,4.257,3.925,4.375,1.1,0.693
2008-01-31,-0.425,-0.775,-3.45,-1.3,-1.525,0.2,-0.45,1.3365,0.5445,1.0,4.257,3.925,4.375,1.1,0.25
2008-02-01,-0.425,-0.775,-3.4,-1.3,-1.525,0.0396,-0.45,1.3365,0.5445,1.0,3.8115,3.925,4.375,1.65,0.6
2008-02-04,-0.425,-0.775,-3.0,-1.3,-1.525,0.2,-0.45,2.475,1.683,1.0,3.8115,3.925,4.4253,1.65,0.6
2008-02-05,-0.425,-0.775,-2.75,-1.0,-1.089,0.2673,-0.45,2.574,0.594,1.025,3.8115,3.925,4.4748,1.65,0.6
2008-02-06,-0.425,-0.775,-2.75,-1.089,-1.525,0.2,-0.45,1.683,0.594,1.1,3.8115,3.925,4.35,1.65,0.6
2008-02-07,-0.6,-0.775,-2.625,-1.0,-1.525,0.2,-0.45,1.683,0.594,1.1,3.8115,3.925,4.35,1.65,0.6
2008-02-08,-0.6,-0.775,-2.7,-1.2,-1.525,0.2,-0.45,1.782,0.693,1.1,3.8115,5.125,4.35,1.65,0.6
2008-02-11,-0.7,-0.775,-2.675,-1.175,-1.525,0.1188,-0.45,1.782,0.693,1.1,3.8115,5.125,4.35,1.65,0.6
2008-02-12,-0.7,-0.8,-2.7,-1.125,-1.525,0.2,-0.7425,1.7325,0.6435,0.95,3.7125,5.125,4.35,1.65,0.6
2008-02-13,-0.7,-0.8,-2.575,-0.925,-1.525,0.2,-0.45,1.7325,0.6435,1.0,3.55,5.125,4.35,1.65,0.6
2008-02-14,-0.7,-0.8,-2.575,-0.925,-1.525,0.2,-0.45,0.8415,0.6435,1.05,3.55,5.125,4.35,1.65,0.6
2008-02-15,-0.7,-0.8,-2.4,-1.1,-1.3,0.2,-0.45,0.8415,0.6435,1.1,3.55,4.975,4.35,1.65,0.6
2008-02-18,-0.65,-0.8,-2.45,-1.0,-1.3,0.2,-0.2475,0.8415,0.6435,1.1,3.55,4.975,4.35,1.65,0.6
2008-02-19,-0.6,-0.8,-2.425,-1.0,-1.3,0.2,-0.45,0.8415,0.6435,1.0,3.5,4.975,4.35,1.65,0.6
2008-02-20,-0.6633,-0.8,-2.575,-1.0,-1.3,0.2,-0.1188,0.8712,0.6633,1.225,3.675,4.975,4.35,1.65,0.6
2008-02-21,-0.6,-0.8,-2.575,-1.0,-1.3,0.2,-0.1188,0.8613,0.6683,1.125,3.45,5.3,4.35,1.65,0.6
2008-02-22,-0.6,-0.8,-2.575,-1.0,-1.3,0.2,-0.3762,0.8613,0.6732,1.125,3.4,5.3,4.35,1.2672,0.6
2008-02-25,-0.6732,-0.8,-2.45,-1.0,-1.3,0.2,-0.3663,0.8712,0.6683,1.125,3.4,5.3,4.35,1.65,0.6
2008-02-26,-0.6,-0.8,-2.4,-1.0,-1.3,0.2,-0.2772,0.7722,0.5643,1.15,3.4,5.3,4.35,1.65,0.6
2008-02-27,-0.375,-0.8,-2.45,-0.9,-1.3,0.2,-0.594,0.594,0.396,1.15,3.4,5.3,4.35,1.65,0.6
2008-02-28,-0.35,-0.7,-2.7225,-0.9,-1.3,0.2,-0.495,0.594,0.396,1.15,3.225,5.3,4.35,1.65,0.6
2008-02-29,-0.4,-0.7,-3.25,-0.8415,-1.188,0.2,-0.6435,0.594,0.396,1.15,3.225,5.3,5.1,1.65,0.6
2008-03-03,-0.4,-0.7,-3.25,-0.9,-1.3,0.2,-0.693,0.6435,0.4455,1.15,3.225,5.3,5.3658,1.65,0.6
2008-03-04,-0.45,-0.7,-3.65,-1.25,-1.3,0.2,-0.693,0.6435,0.4455,1.15,3.225,5.3,5.1,1.65,0.6
2008-03-05,-0.4455,-0.7,-3.6,-1.25,-1.3,0.2,-0.693,0.6435,0.4455,1.15,3.225,5.3,5.1,1.65,0.6
2008-03-06,-0.45,-0.7,-3.75,-1.25,-1.386,0.2,-0.8415,0.6435,0.4455,1.15,3.225,5.3,5.1,1.3167,0.6
2008-03-07,-0.35,-0.7,-4.025,-1.35,-1.3,0.2,-0.792,0.594,0.396,1.3,3.225,5.3,5.1,1.3167,0.9108
2008-03-10,-0.4,-0.7,-4.45,-1.35,-1.3,0.2,-1.089,0.594,0.396,1.3,3.225,5.3,5.1,1.65,1.5741
2008-03-11,-0.425,-0.594,-4.25,-1.6,-1.3,0.2,-1.089,0.594,0.396,1.3,3.275,5.3,5.1,1.65,0.6
2008-03-12,-0.425,-0.6435,-4.25,-1.25,-1.3,0.2,-1.1385,0.6435,0.4455,1.125,3.25,5.3,5.1,1.3563,1.5741
2008-03-13,-0.2475,-0.65,-4.75,-1.45,-1.3,0.2,-1.2375,0.4455,0.2475,1.175,3.2,5.3,5.1,1.65,0.6
2008-03-14,-0.325,-0.65,-4.75,-1.45,-1.3,0.2,-1.2375,0.4455,0.2475,1.175,3.2,5.3,5.6133,1.65,0.6
2008-03-17,-0.275,-0.65,-6.25,-1.45,-1.4,0.2,-1.485,0.396,0.198,1.175,3.5,5.3,5.1,1.65,0.6
2008-03-18,-0.2205,-0.6275,-5.6032,-1.5262,-1.8492,0.1407,-1.2862,0.2468,0.2228,1.175,3.375,5.3,5.8,1.65,0.6
2008-03-19,-0.6,-0.8,-5.15,-1.5262,-1.8492,0.1407,-1.1,0.2468,0.2228,1.25,3.375,5.3,5.8,2.0,3.0
2008-03-20,-0.5688,-0.6696,-5.0396,-1.5087,-1.8492,0.2894,-1.3006,0.2468,0.2228,1.25,3.375,5.3,5.8,2.0,3.0
2008-03-21,-0.5703,-0.6814,-5.0055,-1.5269,-1.8492,0.2886,-1.3045,0.2468,0.2228,1.25,3.375,5.3,5.8,2.0,3.6828
2008-03-24,-0.59,-0.6578,-4.8706,-1.5232,-1.8492,0.2741,-1.3303,0.2468,0.2228,1.25,3.375,5.3,5.8,2.0,3.0
2008-03-25,-0.52,-0.655,-4.835,-1.25,-1.585,0.285,-1.315,0.77,0.595,1.25,3.375,5.3,5.8,2.0,3.0
2008-03-26,-0.5975,-0.7075,-4.8875,-1.2775,-1.4375,0.205,-1.2925,0.7575,0.595,1.25,3.375,6.0,5.8,2.0,2.5
2008-03-27,-0.555,-0.6575,-4.9325,-1.165,-1.5025,0.185,-1.3825,0.7525,0.3075,1.25,3.375,6.0,5.8,2.0,2.5
2008-03-28,-0.5425,-0.6425,-5.0425,-1.1575,-1.475,0.2025,-1.2675,0.7225,0.5625,1.25,3.375,6.0,5.8,2.0,3.1878
2008-03-31,-0.535,-0.83,-5.0025,-1.135,-1.4025,0.2125,-1.3525,0.7475,0.5675,1.15,2.9875,6.0,5.81,2.0,2.5
2008-04-01,-0.66,-0.9075,-4.7675,-1.2675,-1.7125,0.205,-1.385,0.8325,0.6175,1.15,2.9475,5.725,5.8525,2.0,2.5
2008-04-02,-0.6175,-0.895,-4.3825,-1.1425,-1.605,0.2075,-0.995,0.8075,0.5975,0.8,2.9125,5.725,5.5875,1.45,2.6
2008-04-03,-0.625,-0.8675,-4.3025,-1.2475,-1.63,0.1875,-0.91,0.7925,0.645,0.7875,2.9225,5.235,5.435,1.31,2.3675
2008-04-04,-0.6275,-0.855,-4.2675,-1.2075,-1.5775,0.1825,-0.92,0.8125,0.6425,0.7675,2.8625,5.3975,5.36,1.3075,2.44
2008-04-07,-0.6425,-0.8475,-4.2,-1.145,-1.4875,0.17,-0.9175,0.8075,0.6425,0.745,2.79,5.345,5.2275,1.31,2.4625
2008-04-08,-0.65,-0.865,-3.7925,-1.07,-1.41,0.17,-0.905,0.8025,0.6425,0.695,2.745,5.335,5.2175,1.2225,2.44
2008-04-09,-0.64,-0.8825,-3.7225,-1.1025,-1.4175,0.1725,-0.9375,0.81,0.6425,0.6575,2.59,5.315,5.1975,1.23,2.425
2008-04-10,-0.5775,-0.9075,-4.07,-1.0875,-1.315,0.1825,-1.035,0.79,0.57,0.6475,2.6175,5.22,5.27,1.2275,2.445
2008-04-11,-0.5475,-0.85,-4.0225,-1.055,-1.355,0.18,-1.0125,0.74,0.555,0.455,2.5375,5.22,5.035,1.175,2.235
2008-04-14,-0.5275,-0.8425,-4.0475,-1.1,-1.46,0.1875,-1.015,0.71,0.5475,0.19,2.5625,5.2475,5.115,1.2,2.22
2008-04-15,-0.53,-0.9925,-4.13,-1.01,-1.3425,0.1975,-0.925,0.725,0.5475,0.3225,2.645,5.315,5.1675,1.1975,2.5875
2008-04-16,-0.4475,-0.985,-4.035,-1.0025,-1.345,0.145,-0.89,0.6175,0.43,0.285,2.6775,5.3675,5.33,1.1975,2.775
2008-04-17,-0.475,-0.9575,-3.9175,-0.9725,-1.255,0.07,-0.8625,0.6375,0.43,0.26,2.6425,5.2375,5.115,1.2025,2.76
2008-04-18,-0.5325,-0.985,-3.6375,-0.925,-1.1425,0.07,-0.8825,0.6575,0.445,0.25,2.4825,4.91,5.1275,1.2,3.255
2008-04-21,-0.4875,-0.9825,-3.4025,-0.87,-1.165,0.0675,-0.8775,0.6375,0.4375,0.2775,2.605,4.8625,4.855,1.205,2.9775
2008-04-22,-0.465,-0.95,-3.3775,-0.88,-1.0875,0.065,-0.9175,0.6125,0.435,0.3625,2.4875,4.8675,4.9725,1.185,2.9725
2008-04-23,-0.4625,-0.98,-3.3275,-0.8775,-1.1925,0.165,-0.8975,0.6125,0.425,0.3925,2.49,4.8825,4.83,1.1875,2.9775
2008-04-24,-0.525,-0.9425,-3.2475,-0.8925,-1.2025,0.13,-0.86,0.6775,0.4725,0.39,2.5325,5.0525,4.495,1.515,2.885
2008-04-25,-0.5575,-0.9575,-3.1275,-0.9925,-1.2825,0.135,-0.8925,0.6825,0.485,0.3725,2.5,5.0175,4.3025,1.5725,2.6925
2008-04-28,-0.5275,-0.9175,-3.0875,-0.95,-1.2975,0.09,-0.89,0.6625,0.4875,0.3325,2.5425,4.9025,4.3175,1.515,2.735
2008-04-29,-0.54,-0.925,-3.0725,-1.015,-1.36,0.12,-0.8675,0.6525,0.4675,0.3725,2.56,4.865,4.215,1.6275,2.725
2008-04-30,-0.5525,-0.945,-3.11,-0.855,-1.09,0.0625,-0.86,0.6825,0.5075,0.3475,2.5225,4.9,4.4525,1.785,2.955
2008-05-01,-0.555,-0.9275,-3.0925,-0.89,-1.215,0.1,-0.8725,0.6925,0.5125,0.3575,2.4825,4.615,4.325,1.785,2.9225
2008-05-02,-0.5425,-0.9475,-2.89,-0.9625,-1.23,0.09,-0.8425,0.6775,0.5175,0.3375,2.215,4.6275,4.265,1.995,3.0025
2008-05-05,-0.5375,-0.9575,-2.8575,-0.93,-1.22,0.095,-0.83,0.6975,0.5275,0.3625,2.2125,4.6275,4.37,1.83,3.035
2008-05-06,-0.4725,-0.94,-2.8725,-0.9525,-1.2025,0.0925,-0.88,0.4275,0.4825,0.335,2.165,4.585,4.2675,1.9875,3.1075
2008-05-07,-0.4975,-0.9425,-2.795,-0.9375,-1.175,0.0175,-0.825,0.4425,0.485,0.3375,2.1775,4.5475,4.1025,2.2075,3.3225
2008-05-08,-0.51,-1.01,-2.9775,-1.0125,-1.3525,0.1175,-0.865,0.4675,0.51,0.435,2.1875,4.6075,4.29,2.305,3.65
2008-05-09,-0.5,-1.02,-3.315,-0.97,-1.2975,0.1175,-0.9725,0.465,0.5225,0.42,2.185,4.6825,4.2725,2.3125,3.755
2008-05-12,-0.4975,-1.0175,-3.4475,-0.985,-1.345,0.125,-1.015,0.4475,0.5225,0.3475,2.18,4.585,4.04,2.41,3.8475
2008-05-13,-0.495,-1.0325,-3.3525,-1.0025,-1.385,0.0725,-1.0225,0.4475,0.5225,0.3225,2.1575,4.395,3.505,2.2725,3.775
2008-05-14,-0.4275,-1.005,-3.0225,-1.005,-1.4275,0.0425,-0.9175,0.3675,0.4425,0.325,2.17,4.4275,3.695,2.29,3.91
2008-05-15,-0.375,-1.005,-2.8125,-1.1125,-2.135,0.045,-0.875,0.275,0.3475,0.31,1.9775,4.3825,3.6225,2.285,3.94
2008-05-16,-0.355,-0.88,-2.9025,-0.975,-1.625,0.0425,-0.905,0.27,0.3475,0.265,1.8125,4.315,3.63,2.2575,3.72
2008-05-19,-0.3475,-0.905,-2.945,-0.955,-1.33,0.05,-0.895,0.27,0.3575,0.0875,1.865,4.2625,3.8525,2.275,3.5125
2008-05-20,-0.285,-0.8575,-3.0025,-0.975,-1.3925,0.045,-0.9075,0.225,0.2975,-0.035,1.875,4.5525,3.675,2.315,3.65
2008-05-21,-0.195,-0.7675,-3.2475,-0.9275,-1.295,-0.0125,-1.06,0.08,0.165,-0.005,1.815,4.6125,3.79,2.2725,3.5625
2008-05-22,-0.1825,-0.6875,-3.3475,-0.9225,-1.2875,-0.03,-1.1075,0.08,0.165,-0.005,1.8425,4.7225,4.1925,2.2375,3.5225
2008-05-23,-0.16,-0.6925,-3.2775,-0.9275,-1.2725,-0.0325,-1.21,0.11,0.195,0.03,1.8425,4.695,4.1275,2.24,3.51
2008-05-26,-0.1625,-0.6925,-3.3175,-0.9075,-1.295,-0.045,-1.2275,0.11,0.2,0.0375,1.7825,4.7425,4.0675,2.1275,3.515
2008-05-27,-0.155,-0.6725,-3.3225,-0.9475,-1.3275,0.035,-1.185,0.1175,0.2225,0.0675,1.8775,4.7475,4.115,2.2875,3.4275
2008-05-28,-0.19,-0.6425,-3.125,-0.9475,-1.3025,-0.025,-1.155,0.115,0.22,0.0375,1.87,4.7675,3.79,2.275,3.23
2008-05-29,-0.25,-0.59,-2.8575,-0.9175,-1.2375,-0.0225,-1.165,0.165,0.275,0.04,1.8125,4.7425,3.6925,2.18,2.9225
2008-05-30,-0.28,-0.5975,-2.8425,-0.9325,-1.205,-0.025,-1.1475,0.19,0.2825,0.06,1.68,4.6125,3.7125,1.51,2.745
2008-06-02,-0.2625,-0.66,-2.9525,-0.9375,-1.235,-0.035,-1.1575,0.18,0.28,0.07,1.7275,4.6475,3.735,1.3475,2.6475
2008-06-03,-0.27,-0.6475,-3.0725,-0.9325,-1.31,-0.015,-1.095,0.195,0.2825,0.11,1.5775,4.6425,3.7425,1.545,2.505
2008-06-04,-0.28,-0.6725,-3.0575,-0.9625,-1.335,0.02,-1.11,0.195,0.2825,0.185,1.81,4.6425,3.7125,1.55,2.38
2008-06-05,-0.2725,-0.73,-2.885,-1.0025,-1.62,0.12,-1.135,0.19,0.275,0.215,1.815,4.725,3.7825,1.5525,2.565
2008-06-06,-0.1175,-0.6975,-2.9725,-0.955,-1.54,0.1,-1.12,0.1,0.135,0.2725,1.8775,4.6675,3.8175,1.67,2.5425
2008-06-09,-0.1125,-0.67,-2.8975,-0.965,-1.565,0.135,-1.525,-0.035,0.13,0.325,1.8525,4.7525,3.9575,1.7625,2.8025
2008-06-10,-0.15,-0.7125,-2.6375,-1.0875,-2.0075,0.2025,-1.605,0.1,0.2,0.4625,1.9825,4.7725,3.99,1.82,2.8875
2008-06-11,-0.155,-0.7625,-2.5675,-1.095,-1.935,0.165,-1.4275,0.1,0.2,0.475,2.0525,4.925,4.3375,1.865,2.875
2008-06-12,-0.285,-0.8075,-2.5,-1.19,-1.985,0.1725,-1.3575,0.23,0.3175,0.475,2.0425,5.01,4.295,1.95,2.895
2008-06-13,-0.4325,-0.86,-2.4825,-1.155,-1.99,0.1725,-1.23,0.4525,0.5075,0.4525,2.0275,4.98,4.0375,1.92,3.0225
2008-06-16,-0.39,-0.8375,-2.4225,-1.1225,-1.9375,0.165,-1.2675,0.4275,0.4975,0.5025,2.0375,4.6825,3.9075,1.95,3.02
2008-06-17,-0.36,-0.8675,-2.425,-1.0275,-1.82,0.1775,-1.2175,0.3725,0.4325,0.42,2.0375,4.4725,3.7625,1.8325,2.9175
2008-06-18,-0.3225,-0.8775,-2.4725,-1.055,-1.75,0.1075,-1.1675,0.2975,0.3625,0.3975,2.035,4.3775,3.7725,1.8275,2.8625
2008-06-19,-0.2675,-0.8175,-2.6275,-0.9975,-1.745,0.06,-1.16,0.255,0.3125,0.4,1.9525,4.375,3.615,1.97,2.8175
2008-06-20,-0.2275,-0.8175,-2.6825,-0.9925,-1.695,0.05,-1.185,0.22,0.265,0.41,2.0025,4.3075,3.685,1.955,2.7975
2008-06-23,-0.24,-0.825,-2.765,-0.985,-1.6075,0.04,-1.13,0.205,0.27,0.4975,2.0775,4.515,3.7025,2.1,2.875
2008-06-24,-0.255,-0.8125,-2.755,-0.9475,-1.5925,0.015,-1.145,0.195,0.27,0.6375,1.9375,4.5,3.74,2.0925,2.8125
2008-06-25,-0.2625,-0.7875,-2.8275,-0.96,-1.625,0.05,-1.135,0.2525,0.2725,0.515,1.9925,4.3575,3.59,1.87,2.8975
2008-06-26,-0.22,-0.765,-2.9325,-0.9375,-1.6675,0.085,-1.21,0.225,0.23,0.565,1.98,4.29,3.625,1.865,2.8475
2008-06-27,-0.1725,-0.715,-3.2875,-0.9275,-1.6,0.075,-1.2825,0.215,0.2075,0.615,1.9775,4.2175,3.875,1.91,3.0475
2008-06-30,-0.1675,-0.7025,-3.6525,-0.9075,-1.5675,0.0225,-1.3225,0.1825,0.1825,0.72,2.0325,4.3775,3.8075,1.9875,3.0575
2008-07-01,-0.16,-0.7025,-3.6725,-0.9125,-1.62,0.0325,-1.3675,0.18,0.19,0.815,2.07,4.4225,3.92,2.15,3.465
2008-07-02,-0.1125,-0.7075,-3.6125,-0.9275,-1.615,0.06,-1.3825,0.1425,0.15,0.8075,2.0525,4.355,3.9675,2.665,3.375
2008-07-03,-0.1275,-0.6525,-3.5575,-0.8975,-1.535,0.0575,-1.345,0.1525,0.1625,0.81,1.985,4.4575,4.1375,2.675,3.3075
2008-07-04,-0.1375,-0.66,-3.3725,-0.8875,-1.545,0.0975,-1.335,0.135,0.155,0.8025,2.0225,4.1675,4.1225,2.765,3.3625
2008-07-07,-0.15,-0.74,-3.2625,-0.9125,-1.59,0.0475,-1.31,0.1175,0.1525,0.795,2.0825,4.3575,4.01,2.6925,3.1725
2008-07-08,-0.1575,-0.7225,-3.355,-0.94,-1.5525,0.0675,-1.315,0.1225,0.1625,0.75,2.09,4.15,3.95,2.9425,3.05
2008-07-09,-0.165,-0.7225,-3.3875,-0.9625,-1.57,0.0625,-1.315,0.13,0.1625,0.725,2.0525,4.1025,3.985,2.6925,2.6125
2008-07-10,-0.13,-0.705,-3.3875,-0.9275,-1.5325,0.07,-1.3375,0.145,0.16,0.735,2.0225,3.955,3.8775,2.4,2.345
2008-07-11,-0.0725,-0.665,-3.4975,-0.92,-1.5425,0.095,-1.49,0.0775,0.095,0.7175,2.0975,4.005,3.965,2.115,2.325
2008-07-14,0.085,-0.5725,-3.6725,-0.8875,-1.495,0.04,-1.5325,-0.0525,-0.005,0.705,2.1175,4.0325,3.9325,2.145,2.4125
2008-07-15,0.2725,-0.5025,-4.2375,-0.68,-1.33,-0.0025,-1.71,-0.3075,-0.2975,0.66,2.19,4.145,4.0075,2.3175,2.7625
2008-07-16,0.2425,-0.42,-4.3925,-0.685,-1.2175,0.02,-1.5925,-0.275,-0.23,0.6875,2.2,4.07,4.005,2.1775,2.725
2008-07-17,0.1225,-0.425,-4.1275,-0.6925,-1.2,0.005,-1.65,-0.15,-0.12,0.61,2.22,3.9725,3.8525,2.07,2.7925
2008-07-18,0.145,-0.4375,-3.9775,-0.725,-1.29,0.035,-1.715,-0.1175,-0.1375,0.635,2.1475,3.9775,3.865,2.0625,2.92
2008-07-21,0.16,-0.4575,-3.8375,-0.7225,-1.2875,0.04,-1.66,-0.145,-0.1325,0.265,2.1925,3.89,3.87,1.99,2.9275
2008-07-22,0.2075,-0.465,-3.8375,-0.7075,-1.2725,0.045,-1.57,-0.175,-0.12,0.155,2.155,3.955,4.04,1.97,2.975
2008-07-23,0.16,-0.465,-3.665,-0.8325,-1.4175,0.055,-1.555,-0.11,-0.0875,0.0925,2.1925,4.0,3.9925,1.4775,2.78
2008-07-24,0.075,-0.4625,-3.6275,-0.9225,-1.555,0.075,-1.5075,-0.06,-0.06,0.0925,2.0425,4.1075,4.07,1.33,2.495
2008-07-25,0.0725,-0.4575,-3.8975,-1.0225,-1.69,0.08,-1.565,-0.0675,-0.0825,0.1325,2.0575,4.2425,4.11,1.38,2.425
2008-07-28,0.18,-0.5225,-3.7,-1.065,-1.745,0.055,-1.4225,-0.2475,-0.21,0.1225,2.0625,4.1225,4.0275,1.53,2.4675
2008-07-29,0.115,-0.5175,-3.6325,-1.0975,-1.7975,0.0975,-1.5025,-0.0925,-0.2175,0.0875,2.0875,4.0675,3.985,1.62,2.46
2008-07-30,0.015,-0.51,-3.5875,-1.1175,-1.8075,0.12,-1.385,0.04,-0.0775,0.07,2.1025,4.1175,3.95,1.615,2.3875
2008-07-31,0.065,-0.5,-3.5975,-1.1675,-1.8725,0.14,-1.37,-0.005,-0.115,0.0775,2.08,3.9675,3.785,1.5975,2.3625
2008-08-01,-0.01,-0.5025,-3.6925,-1.2975,-1.9625,0.1475,-1.3625,0.05,0.055,0.0675,2.0775,3.9375,3.715,1.3975,2.325
2008-08-04,-0.025,-0.5125,-3.65,-1.3125,-2.0525,0.14,-1.33,-0.005,0.055,0.0325,2.01,3.945,3.75,1.51,2.3525
2008-08-05,-0.1075,-0.5525,-3.6125,-1.59,-2.25,0.215,-1.285,0.035,0.085,0.0125,2.1525,3.9725,3.715,1.4125,2.45
2008-08-06,-0.105,-0.58,-3.33,-1.7175,-2.27,0.2775,-1.2525,0.07,0.1175,-0.0075,2.3325,3.9575,3.7225,1.1725,2.4725
2008-08-07,-0.3125,-0.6625,-3.155,-1.7725,-2.2,0.29,-1.055,0.2875,0.27,0.165,2.37,4.0125,3.64,1.17,2.5075
2008-08-08,-0.7925,-0.8225,-3.0025,-2.1325,-2.48,0.3575,-0.7775,0.6125,0.5975,0.35,2.4525,4.085,3.7025,1.2675,2.8275
2008-08-11,-0.7425,-0.9125,-3.0725,-2.08,-2.51,0.3625,-0.7575,0.52,0.4975,0.3,2.5575,4.15,3.815,1.2675,2.8475
2008-08-12,-0.7325,-0.885,-3.1675,-2.14,-2.4525,0.2475,-0.7325,0.5325,0.555,0.3225,2.5275,4.1075,3.59,1.2625,2.8175
2008-08-13,-0.7125,-0.9975,-3.5025,-2.165,-2.3925,0.32,-0.6775,0.47,0.4975,0.35,2.6475,4.04,3.42,1.415,2.875
2008-08-14,-0.6425,-1.1325,-3.3225,-1.98,-2.1525,0.29,-0.66,0.4475,0.475,0.335,2.615,3.99,3.3275,1.9225,2.8725
2008-08-15,-0.7975,-1.1725,-3.1075,-2.0275,-2.2075,0.34,-0.6125,0.5875,0.6,0.435,2.8525,4.0125,3.3275,2.025,2.8825
2008-08-18,-0.6975,-1.145,-3.0975,-1.88,-1.985,0.2975,-0.5775,0.4775,0.485,0.385,2.82,3.895,3.385,2.015,2.8775
2008-08-19,-0.6325,-1.13,-3.0475,-1.8325,-1.9125,0.34,-0.605,0.6025,0.48,0.445,2.8325,3.8925,3.3725,2.0375,2.9925
2008-08-20,-0.555,-1.1025,-3.0675,-1.68,-1.84,0.33,-0.7775,0.56,0.4075,0.45,2.805,3.865,3.285,2.125,3.17
2008-08-21,-0.4425,-1.045,-3.1825,-1.55,-1.71,0.27,-0.955,0.445,0.3275,0.375,2.68,3.8525,3.29,2.005,3.255
2008-08-22,-0.4025,-0.9925,-3.0275,-1.42,-1.5125,0.2675,-1.005,0.4075,0.3075,0.36,2.6725,3.7825,3.2475,2.0175,3.595
2008-08-25,-0.435,-0.9375,-3.115,-1.4775,-1.585,0.2325,-0.99,0.38,0.28,0.37,2.6625,3.7025,3.3475,2.07,3.945
2008-08-26,-0.475,-1.025,-3.1125,-1.6275,-1.805,0.2025,-1.0275,0.46,0.405,0.4325,2.77,3.795,3.3325,2.285,3.81
2008-08-27,-0.4125,-0.97,-3.2075,-1.555,-1.725,0.215,-1.07,0.425,0.355,0.41,2.695,3.7525,3.28,2.4075,3.7175
2008-08-28,-0.37,-1.0075,-3.2025,-1.49,-1.635,0.2775,-1.0425,0.385,0.325,0.54,2.7175,3.695,2.9925,2.345,3.4675
2008-08-29,-0.33,-1.0025,-3.2225,-1.465,-1.6475,0.3175,-1.055,0.36,0.285,0.7725,2.75,3.6925,3.0,2.335,3.535
2008-09-01,-0.3825,-1.0725,-3.45,-1.5425,-1.6625,0.3125,-1.0625,0.3525,0.235,0.73,2.775,3.74,2.9925,2.56,3.8725
2008-09-02,-0.48,-1.14,-3.31,-1.8025,-1.9925,0.3625,-1.08,0.51,0.3075,0.945,2.8625,3.7675,3.0725,2.5375,3.845
2008-09-03,-0.5575,-1.125,-3.355,-1.7975,-2.0475,0.3275,-0.975,0.585,0.52,1.01,2.9175,3.775,3.75,2.535,5.1225
2008-09-04,-0.5375,-1.1425,-3.4775,-1.7925,-2.0075,0.31,-0.97,0.57,0.4325,1.315,3.28,3.83,4.22,2.535,4.9175
2008-09-05,-0.7825,-1.2525,-3.88,-2.035,-2.285,0.2725,-1.005,0.8375,0.6525,1.35,3.4475,3.995,4.26,2.6175,5.295
2008-09-08,-0.845,-1.3475,-3.3225,-1.8975,-2.1125,0.325,-0.9775,0.895,0.695,1.285,3.34,3.925,4.07,2.5975,4.3875
2008-09-09,-0.9,-1.3375,-3.475,-2.1925,-2.435,0.3275,-0.6875,0.9275,0.755,1.39,3.475,3.85,4.005,2.895,4.8425
2008-09-10,-0.95,-1.2525,-3.4925,-2.295,-2.51,0.37,-0.6575,0.9075,0.8425,1.565,3.44,4.065,4.1725,3.0425,5.0425
2008-09-11,-1.035,-1.3125,-3.6575,-2.415,-2.62,0.4075,-0.6,1.0175,0.815,1.535,3.6125,4.11,4.74,3.13,5.055
2008-09-12,-0.845,-1.245,-3.55,-2.3275,-2.59,0.35,-0.5775,0.8725,0.765,1.4,3.3775,4.155,4.395,3.5325,5.1225
2008-09-15,-0.6325,-0.87,-4.1925,-2.2375,-2.5175,0.3925,-0.9075,0.6625,0.5675,1.5025,3.4675,4.17,4.6275,3.88,5.2025
2008-09-16,-0.5625,-0.89,-4.59,-2.7075,-2.93,0.3975,-1.0375,0.58,0.545,1.8475,3.7225,4.315,4.745,4.35,6.1425
2008-09-17,-0.415,-0.815,-4.5325,-2.5375,-2.7525,0.3625,-1.1925,0.48,0.3675,1.8675,4.0375,4.3725,4.84,4.39,5.9475
2008-09-18,0.06,-0.53,-4.57,-2.44,-2.615,0.295,-1.4425,0.01,-0.0075,2.1475,4.66,4.4175,4.9325,4.2825,6.5125
2008-09-19,0.135,-0.4725,-4.1725,-2.295,-2.435,0.25,-1.395,-0.085,-0.0975,1.8925,4.1225,4.265,4.465,3.6425,6.3575
2008-09-22,0.4075,-0.4175,-4.175,-2.1,-2.2075,0.1325,-1.5525,-0.4175,-0.3675,1.895,3.9775,4.225,4.2525,3.55,6.6125
2008-09-23,0.5325,-0.375,-4.2675,-1.965,-2.1325,0.0575,-1.7475,-0.54,-0.4175,1.865,4.3125,4.1075,4.1675,3.7025,6.6175
2008-09-24,0.3675,-0.4775,-4.2125,-1.8675,-2.075,0.0425,-1.5675,-0.3375,-0.2425,1.87,4.4875,4.1575,4.14,3.5975,6.3425
2008-09-25,0.3125,-0.61,-4.2875,-1.8275,-1.9825,0.0375,-1.6375,-0.24,-0.1375,1.945,4.41,4.2525,4.1575,3.7125,6.625
2008-09-26,0.2075,-0.615,-4.5775,-1.8775,-1.98,0.025,-1.55,-0.1475,-0.0975,1.9675,4.5025,4.215,4.135,3.965,6.7675
2008-09-29,-0.025,-0.79,-4.7725,-1.965,-2.1225,0.0175,-1.4475,0.0375,0.0125,2.6375,4.9125,4.14,4.525,4.1375,6.5425
2008-09-30,-0.2775,-0.88,-5.0825,-2.385,-2.5175,0.1125,-1.2275,0.31,0.2775,2.47,4.8675,4.5975,4.7025,4.5375,7.7
2008-10-01,-0.3175,-0.96,-5.07,-2.4,-2.4575,0.0975,-1.17,0.34,0.315,2.61,4.9825,4.5425,4.63,4.485,7.7475
2008-10-02,-0.7025,-1.13,-5.2225,-2.4725,-2.5375,0.215,-0.7325,0.71,0.555,3.2325,6.0825,4.865,5.435,4.4775,7.835
2008-10-03,-0.6225,-1.15,-5.0925,-2.4475,-2.475,0.255,-0.7275,0.605,0.5025,3.345,6.145,4.82,5.4325,4.4775,8.2625
2008-10-06,-1.0325,-1.34,-5.6825,-2.8225,-3.0225,0.4325,-0.6525,1.045,0.83,4.3475,7.215,5.0125,5.5275,4.6025,8.3375
2008-10-07,-0.91,-1.3425,-5.935,-3.425,-3.395,0.5025,-0.6775,0.9025,0.775,5.77,9.18,5.345,5.515,4.58,10.5625
2008-10-08,-0.8325,-1.56,-6.5225,-4.4475,-4.42,0.6775,-0.6675,0.84,0.7,9.99,9.685,6.055,6.6375,7.09,11.0425
2008-10-09,-0.575,-1.655,-6.6225,-3.735,-3.7875,0.7425,-0.7325,0.555,0.4425,10.1925,10.2325,6.325,6.4475,7.045,11.6425
2008-10-10,-0.8075,-2.08,-7.48,-4.6225,-4.6575,1.005,-0.83,0.845,0.6975,11.1725,10.8,6.9675,7.31,8.6825,12.56
2008-10-13,-0.69,-2.0825,-6.8475,-4.84,-4.66,0.7475,-0.7875,0.7275,0.6975,11.145,10.64,6.6225,6.9925,8.5775,12.15
2008-10-14,-0.5375,-2.0175,-6.605,-4.1575,-3.8925,0.555,-0.8875,0.6275,0.46,11.395,9.9075,5.5125,6.565,7.4225,11.2075
2008-10-15,-0.5825,-2.0525,-6.8575,-4.57,-4.2975,0.7425,-1.0825,0.62,0.5725,12.685,12.715,6.7775,7.3375,8.805,13.07
2008-10-16,-0.86,-2.1125,-7.185,-5.3775,-5.225,0.9725,-0.82,0.8675,0.77,13.555,14.445,7.4675,8.4025,8.98,18.29
2008-10-17,-0.8525,-2.12,-7.0425,-5.1725,-4.7975,0.9675,-0.8175,0.9325,0.7675,13.4475,14.875,8.125,8.21,8.84,20.35
2008-10-20,-0.8125,-1.9475,-6.665,-5.1675,-4.67,1.115,-0.8075,0.8625,0.7575,13.8175,15.1175,8.02,8.3775,8.91,19.7675
2008-10-21,-1.0675,-2.2375,-6.715,-5.1675,-4.61,1.5575,-0.7725,1.1025,1.08,15.0275,17.3875,8.4,8.8925,8.5875,18.8425
2008-10-22,-1.69,-2.93,-7.5,-5.89,-5.515,2.0775,-0.3275,1.6875,1.5625,16.2225,18.67,9.4275,9.5125,9.21,20.18
2008-10-23,-1.6975,-2.96,-7.8175,-6.1775,-6.0125,2.315,-0.305,1.9575,2.0775,17.1875,21.255,10.12,9.815,11.2675,21.7775
2008-10-24,-2.5025,-3.345,-9.615,-6.7475,-6.665,2.37,-0.1625,2.67,2.9275,16.4025,21.155,10.27,10.0475,12.8425,22.06
2008-10-27,-2.595,-3.36,-9.81,-7.9,-7.635,2.8025,-0.52,2.92,3.035,16.85,19.65,9.9575,10.08,13.2625,22.26
2008-10-28,-2.31,-3.555,-9.5675,-7.61,-7.305,2.7275,-0.385,2.5,2.71,16.5475,17.115,9.2875,8.9775,12.44,22.3575
2008-10-29,-1.8975,-3.09,-9.3425,-7.02,-6.875,2.06,-0.265,2.175,2.315,15.065,16.37,9.1475,8.1425,12.69,20.3825
2008-10-30,-1.71,-2.985,-9.135,-6.825,-6.6375,2.0375,-0.6525,1.83,2.09,14.7375,15.65,9.3275,8.59,12.5925,17.345
2008-10-31,-1.78,-3.1225,-9.3975,-6.8925,-6.6775,2.1275,-0.54,1.9625,2.4225,15.1975,15.345,9.8775,9.325,14.93,17.005
2008-11-03,-1.5275,-2.8525,-9.005,-6.7525,-6.3625,1.7275,-0.6275,1.755,2.2275,15.6675,15.065,9.4675,8.4725,15.15,18.145
2008-11-04,-1.2675,-3.065,-8.9575,-6.535,-6.2375,0.8825,-0.5725,1.55,1.785,14.295,15.395,9.505,8.7725,14.9675,18.0475
2008-11-05,-1.01,-2.905,-9.1425,-6.0975,-5.8725,0.81,-0.6375,1.315,1.37,14.88,16.59,8.6775,7.6725,12.0975,17.425
2008-11-06,-1.0925,-3.075,-9.3775,-6.5375,-6.2925,1.2525,-0.5525,1.28,1.305,17.14,18.12,8.815,7.87,12.7625,18.005
2008-11-07,-1.1175,-3.005,-9.3725,-6.75,-6.5775,1.1575,-0.53,1.37,1.615,17.23,17.67,8.9425,8.415,13.0475,17.8375
2008-11-10,-1.0175,-2.72,-9.17,-6.765,-6.435,1.135,-0.5375,1.2325,1.7275,16.3325,16.855,8.7075,7.845,13.3425,17.73
2008-11-11,-1.2375,-2.9375,-9.5475,-6.8075,-6.5425,1.0925,-0.5925,1.34,1.87,16.7025,17.135,9.46,8.6825,10.3675,17.855
2008-11-12,-1.445,-3.3525,-9.7475,-6.945,-6.7475,1.5025,-0.5525,1.7,1.8,17.65,19.155,9.4425,8.8725,12.5375,17.84
2008-11-13,-1.5375,-3.56,-10.1875,-7.5175,-7.18,1.82,-0.585,1.7125,1.8875,18.1075,17.545,9.925,8.95,12.4575,17.965
2008-11-14,-1.4175,-3.69,-10.14,-7.41,-7.0975,1.8,-0.535,1.6375,1.4525,16.47,17.04,9.535,8.685,13.2575,18.9575
2008-11-17,-1.3225,-3.37,-10.0175,-7.315,-7.2,1.7975,-0.5725,1.5275,1.84,17.1925,18.3175,9.965,8.6725,12.9775,18.155
2008-11-18,-1.3125,-3.4075,-10.0675,-6.98,-6.89,1.6325,-0.545,1.5575,1.6175,18.26,17.565,10.4325,8.825,13.005,19.54
2008-11-19,-1.2425,-3.24,-9.93,-7.0875,-6.775,1.63,-0.55,1.37,1.45,18.6975,19.265,10.2775,9.1875,13.1475,19.0625
2008-11-20,-1.3675,-3.295,-10.355,-7.3775,-7.08,2.215,-0.47,1.4625,1.2375,18.45,19.78,10.4525,9.085,13.8025,20.5125
2008-11-21,-1.3775,-3.1325,-10.2325,-7.4925,-7.155,2.14,-0.425,1.52,1.675,19.1775,19.21,10.5275,9.0,14.4225,21.0825
2008-11-24,-1.175,-2.97,-9.87,-7.2075,-7.1,1.975,-0.435,1.3875,1.555,18.5025,19.49,10.145,8.585,13.945,20.855
2008-11-25,-0.9625,-2.8725,-9.9425,-6.9875,-6.88,1.34,-0.6075,1.1525,1.2675,18.2175,19.3125,9.4525,7.9775,13.4,20.1725
2008-11-26,-0.875,-2.8575,-9.69,-6.9225,-6.8675,1.3325,-0.4575,1.03,1.055,17.065,18.22,9.5075,7.995,13.735,20.2775
2008-11-27,-0.8425,-2.8875,-9.2975,-6.955,-6.8025,1.305,-0.52,1.09,1.245,17.4325,18.8575,9.2325,7.4525,13.525,20.8275
2008-11-28,-0.905,-2.8775,-9.0475,-6.9275,-6.7925,1.3075,-0.48,1.2925,1.4725,17.58,19.16,9.1225,7.3775,13.675,20.215
2008-12-01,-0.9925,-2.77,-9.0825,-6.8925,-6.8375,1.3975,-0.4325,1.275,1.3925,17.3875,19.4975,9.615,7.7075,13.3825,18.2025
2008-12-02,-1.2075,-3.15,-9.3925,-7.045,-6.865,1.4775,-0.33,1.3925,1.4825,18.2325,19.5925,9.735,7.86,13.3325,18.6275
2008-12-03,-1.2825,-3.26,-9.3725,-6.9475,-6.7925,1.6975,-0.375,1.385,1.275,15.9275,18.4575,9.4575,7.6125,13.41,18.1475
2008-12-04,-1.2825,-3.53,-9.2975,-6.7775,-6.7775,1.65,-0.5,1.375,1.7675,17.6625,19.6275,9.195,7.5825,13.4675,17.9225
2008-12-05,-1.2,-3.485,-9.2,-6.6475,-6.425,2.0275,-0.425,1.4075,1.5325,17.6725,20.21,9.375,7.7,12.825,17.09
2008-12-08,-1.135,-3.1975,-8.8775,-6.6775,-6.4575,1.6025,-0.3525,1.3525,1.6825,17.6575,19.09,8.99,7.5925,12.4,16.3825
2008-12-09,-1.085,-2.905,-8.5425,-6.61,-6.345,1.6675,-0.3675,1.35,1.665,17.775,19.95,8.9475,7.5075,12.3775,14.5375
2008-12-10,-0.99,-3.06,-8.5775,-6.5225,-6.2575,1.535,-0.3075,1.1675,1.505,16.1425,18.535,9.01,7.3725,11.3625,13.5625
2008-12-11,-0.675,-2.8,-8.4725,-6.54,-6.2325,1.305,-0.655,1.005,1.3225,15.0725,16.785,8.81,7.35,10.905,12.7475
2008-12-12,-0.4475,-2.885,-9.015,-6.535,-6.2775,1.21,-0.585,0.4775,1.01,16.015,17.715,8.625,7.3575,10.8775,12.4925
2008-12-15,-0.1425,-2.305,-8.5925,-6.2775,-6.08,1.0525,-0.7625,0.3025,0.675,15.99,17.725,8.64,7.4725,10.9425,12.6275
2008-12-16,0.1175,-2.275,-8.6325,-5.835,-5.7,0.66,-1.32,0.0775,0.575,14.4875,16.075,8.5575,7.41,10.89,11.8725
2008-12-17,0.38,-2.0675,-8.9425,-3.8925,-3.86,0.46,-1.59,-0.2275,0.425,13.6375,13.795,8.7075,7.32,10.1975,11.21
2008-12-18,0.475,-1.9425,-8.36,-3.5475,-3.4525,0.26,-2.0075,-0.2725,0.37,12.8425,13.3575,8.1625,6.885,9.435,9.0875
2008-12-19,0.2425,-2.02,-8.21,-3.9,-3.5325,0.2925,-1.87,-0.0125,0.44,12.6625,12.8875,8.0075,6.8675,9.7925,9.845
2008-12-22,0.25,-2.0075,-8.08,-4.025,-3.6275,0.33,-1.8375,-0.06,0.4675,11.0575,12.505,7.9675,6.8175,9.8425,9.1375
2008-12-23,0.22,-2.06,-8.0125,-3.7975,-3.69,0.2575,-1.9,-0.145,0.5275,10.6825,12.375,8.195,6.855,8.6125,9.5725
2008-12-24,0.235,-2.02,-7.94,-3.665,-3.585,0.3225,-1.9075,0.02,0.405,10.3925,12.1825,8.0425,6.8375,8.55,9.6175
2008-12-25,0.2325,-2.0,-7.9625,-3.795,-3.6875,0.3375,-1.8225,0.1625,0.5775,10.4275,12.1825,8.0425,6.8325,8.55,9.5275
2008-12-26,0.225,-1.94,-7.88,-3.7025,-3.5625,0.37,-1.8225,0.3075,0.345,10.5425,12.13,8.1975,6.8825,8.2725,9.3875
2008-12-29,0.205,-2.0425,-7.3975,-3.84,-3.9325,0.3525,-1.7525,0.0425,0.3075,10.8275,12.155,8.0725,6.765,8.6425,9.58
2008-12-30,0.2825,-2.1975,-7.5025,-3.73,-3.4675,0.3025,-1.755,-0.055,0.355,10.2975,11.44,8.0725,6.9375,8.45,12.3125
2008-12-31,0.1925,-2.305,-7.515,-3.865,-3.7025,0.3325,-1.745,0.0375,0.585,10.0475,11.575,7.9775,6.9,8.66,13.5075
2009-01-01,0.2125,-2.29,-7.5475,-3.79,-3.7575,0.3175,-1.6025,0.0875,0.5575,10.2525,11.505,8.06,6.9175,8.53,13.7225
2009-01-02,0.2325,-2.3,-7.5175,-3.75,-3.68,0.2875,-1.61,0.0175,0.6275,10.5375,11.5275,7.9375,6.8075,8.4675,13.1125
2009-01-05,0.035,-1.9875,-6.565,-3.5125,-3.8025,0.0925,-1.625,0.0375,0.64,10.0375,11.2125,7.8725,6.7925,8.405,12.21
2009-01-06,-0.165,-2.155,-6.39,-3.545,-3.3575,0.0375,-1.265,0.655,1.0475,8.3425,9.905,8.045,6.72,8.225,12.17
2009-01-07,-0.04,-2.0075,-6.2375,-3.6225,-3.4875,0.1025,-1.29,0.325,0.82,7.9925,9.7,7.65,6.765,7.965,11.69
2009-01-08,-0.06,-1.925,-6.6125,-3.68,-3.5025,0.1175,-1.285,0.35,0.915,8.1175,9.95,8.2025,7.265,7.71,11.125
2009-01-09,-0.075,-1.6975,-6.6775,-3.6,-3.4975,0.0975,-1.2875,0.4175,0.92,8.1925,9.555,8.4375,7.2925,7.5025,11.71
2009-01-12,-0.235,-1.5725,-6.84,-3.63,-3.5,0.2075,-1.285,0.4475,1.025,8.6375,9.58,8.64,7.3425,7.75,11.9
2009-01-13,-0.2875,-1.9075,-7.05,-4.02,-4.16,0.3,-1.3325,0.7725,1.0975,8.9275,9.55,9.005,7.5,7.66,12.4975
2009-01-14,-0.445,-1.805,-7.265,-4.4425,-4.365,0.48,-1.34,0.6675,1.2425,11.4275,9.755,9.0,7.52,6.9425,12.3025
2009-01-15,-0.4425,-1.8925,-7.2425,-4.55,-4.94,0.5375,-1.3225,0.8825,1.2175,11.5925,9.845,9.18,7.64,6.835,12.36
2009-01-16,-0.23,-1.7425,-6.9575,-4.23,-4.775,0.45,-1.2375,0.585,0.9375,11.6425,9.87,8.88,7.5675,6.7775,11.64
2009-01-19,-0.3025,-1.8425,-6.4825,-4.1375,-4.5825,0.5,-1.3075,0.8175,1.0575,11.0525,9.5625,8.935,7.71,7.09,11.4975
2009-01-20,-0.5075,-2.82,-6.85,-4.285,-4.8025,0.5625,-1.045,0.735,1.295,11.4875,10.4375,9.115,7.71,6.735,11.9075
2009-01-21,-0.5225,-2.865,-7.2325,-4.2775,-4.745,0.59,-1.0825,0.8675,1.265,11.4925,10.64,9.16,7.555,6.81,11.9975
2009-01-22,-0.4,-2.8675,-7.205,-4.2375,-4.7875,0.53,-1.005,0.79,1.235,11.4,10.5875,9.0275,7.4,6.6025,12.1
2009-01-23,-0.4575,-3.0275,-7.165,-4.1675,-4.715,0.4325,-0.9175,0.8,1.16,11.4975,10.4075,9.1925,7.4625,6.235,11.975
2009-01-26,-0.3225,-2.895,-6.9425,-4.2325,-4.6,0.365,-0.8775,0.66,1.005,11.03,9.8825,9.365,7.1825,6.2425,11.8875
2009-01-27,-0.1725,-2.8,-6.6425,-3.9825,-4.555,0.365,-0.95,0.4375,0.91,10.8675,9.2075,9.1525,7.1425,6.3025,11.96
2009-01-28,-0.14,-2.7025,-6.1675,-3.8275,-4.575,0.365,-0.965,0.595,0.8975,10.7575,8.64,8.7725,7.045,6.0475,11.715
2009-01-29,-0.2125,-2.6725,-6.0475,-3.9425,-4.8175,0.4175,-0.93,0.64,1.02,10.32,8.425,8.745,7.0075,6.04,11.1225
2009-01-30,-0.2525,-2.5625,-6.3125,-3.9275,-4.7475,0.3925,-0.975,0.755,1.04,10.52,8.8525,9.085,7.1075,5.995,10.7525
2009-02-02,-0.2975,-2.605,-6.3675,-4.0125,-4.8725,0.405,-0.9825,0.565,0.885,11.125,9.37,8.76,7.245,5.945,11.0125
2009-02-03,-0.2625,-2.5475,-6.3125,-4.0075,-4.8275,0.435,-0.9925,0.515,0.87,10.78,9.18,8.8875,6.98,5.635,10.15
2009-02-04,-0.3025,-2.495,-6.1375,-3.7575,-4.62,0.42,-0.98,0.5175,1.02,10.25,9.2125,8.905,7.0675,4.3975,7.985
2009-02-05,-0.245,-2.3325,-5.88,-3.725,-4.54,0.385,-0.99,0.5225,1.035,9.0375,9.1,8.8675,7.0,3.98,7.845
2009-02-06,-0.255,-2.2225,-5.2575,-3.54,-4.2625,0.435,-0.8825,0.5175,1.075,8.2775,8.5375,8.41,6.825,4.0775,6.465
2009-02-09,-0.24,-2.1825,-5.32,-3.63,-4.3775,0.455,-0.8975,0.635,1.09,7.765,7.8875,8.2475,6.4,3.595,6.825
2009-02-10,-0.21,-2.1775,-5.17,-3.69,-4.3175,0.49,-0.8625,0.5675,1.01,7.7,8.17,8.1325,6.265,3.805,6.4275
2009-02-11,-0.215,-2.36,-5.325,-3.635,-4.1925,0.425,-0.8825,0.4575,1.055,7.89,8.225,8.6575,6.575,3.985,6.9275
2009-02-12,-0.3025,-2.575,-5.22,-3.5675,-4.275,0.3675,-0.9025,0.5675,1.0,8.16,8.0475,8.505,6.7975,3.46,7.0575
2009-02-13,-0.295,-2.465,-4.75,-3.45,-4.0175,0.3925,-0.87,0.695,1.215,7.48,7.8525,8.43,6.6775,3.335,7.26
2009-02-16,-0.285,-2.61,-4.8275,-3.595,-4.2225,0.4025,-0.8925,0.695,1.13,7.8225,7.9025,8.4775,6.78,3.245,7.6725
2009-02-17,-0.475,-2.7,-4.4825,-3.52,-4.2075,0.4975,-0.82,0.7225,1.24,7.5625,8.0425,8.4275,7.18,3.215,8.43
2009-02-18,-0.4925,-2.66,-4.23,-3.285,-3.795,0.445,-0.8425,0.79,1.0975,7.9725,8.2775,8.725,7.385,4.14,8.6925
2009-02-19,-0.3325,-2.49,-3.615,-2.9475,-3.45,0.4225,-0.8075,0.58,0.955,7.35,7.9025,8.58,7.2975,4.3225,8.72
2009-02-20,-0.39,-2.465,-3.33,-2.8875,-3.3975,0.54,-0.7075,0.5075,1.095,8.01,8.4975,8.68,7.505,4.435,9.0225
2009-02-23,-0.2325,-2.2825,-3.5975,-2.92,-3.4675,0.53,-0.88,0.5025,0.8925,8.045,8.615,8.5375,7.1525,4.6025,9.0575
2009-02-24,-0.26,-2.185,-3.0125,-2.89,-3.3125,0.5225,-0.8875,0.59,1.0325,8.07,8.3,8.4475,7.31,5.2875,8.8
2009-02-25,-0.2375,-2.115,-2.84,-2.7,-3.095,0.465,-0.93,0.505,1.155,8.07,8.235,8.285,7.12,5.1375,8.41
2009-02-26,-0.2775,-2.09,-2.7,-2.635,-3.015,0.4375,-0.92,0.5025,1.125,7.965,8.11,8.145,7.245,5.5425,7.9975
2009-02-27,-0.26,-2.1725,-3.18,-2.61,-3.075,0.4825,-0.87,0.72,1.0975,8.2225,8.355,8.44,7.3825,5.6525,7.9125
2009-03-02,-0.2575,-2.1025,-3.255,-2.765,-3.305,0.685,-0.875,0.645,1.1525,8.0725,8.33,8.6225,7.6675,5.565,8.0125
2009-03-03,-0.27,-2.0275,-3.085,-2.705,-3.2825,0.7525,-0.8325,0.6375,1.1275,8.6125,8.615,9.0425,8.1875,6.295,8.155
2009-03-04,-0.2925,-2.0525,-3.105,-2.615,-3.1025,0.7875,-0.895,0.745,1.2075,8.2675,8.565,9.2525,8.0075,6.6525,8.11
2009-03-05,-0.2975,-2.0575,-3.2425,-2.6,-2.995,0.675,-0.815,0.775,1.2225,7.4975,8.6375,8.915,8.4525,6.395,6.7475
2009-03-06,-0.2675,-2.08,-3.4875,-2.3875,-3.0175,0.755,-0.83,0.715,1.2075,7.595,8.4375,9.245,8.825,6.1275,6.12
2009-03-09,-0.2875,-2.1275,-3.5925,-2.6425,-3.355,0.845,-0.745,0.695,1.2525,7.45,8.4525,9.195,8.885,5.44,5.605
2009-03-10,-0.23,-2.1525,-3.5825,-2.4725,-2.755,0.635,-0.7775,0.76,1.0975,7.02,7.9775,9.2175,8.6675,5.595,4.975
2009-03-11,-0.0675,-2.12,-3.7725,-2.2775,-2.58,0.685,-0.8075,0.5225,1.105,6.57,7.5225,8.81,7.6975,5.645,3.78
2009-03-12,-0.0375,-2.125,-4.315,-2.0475,-2.31,0.67,-0.3075,0.4325,0.945,6.03,6.895,8.9825,7.7275,5.3825,3.62
2009-03-13,0.075,-2.15,-4.28,-1.8425,-2.11,0.7125,-0.22,0.2425,0.92,5.65,6.725,8.035,7.52,5.7275,3.61
2009-03-16,0.1725,-2.11,-4.1875,-1.8675,-2.355,0.6,-0.455,0.54,0.8275,5.28,6.87,8.3475,7.28,5.2425,3.51
2009-03-17,0.2075,-2.0025,-3.84,-1.6525,-2.0,0.51,-0.485,0.4925,0.7075,5.285,6.6275,7.7375,6.91,5.24,3.265
2009-03-18,0.5175,-1.985,-4.1625,-1.5575,-1.81,0.4225,-0.46,0.09,0.3375,5.14,6.2125,7.485,7.045,5.2225,3.1425
2009-03-19,0.865,-1.46,-5.175,-0.8425,-1.02,0.325,-0.7975,-0.195,0.075,5.065,6.095,7.345,6.835,3.855,3.145
2009-03-20,0.81,-1.5775,-4.8175,-0.91,-1.0925,0.335,-0.8275,-0.045,0.15,5.145,6.03,7.355,7.065,3.545,3.235
2009-03-23,0.8325,-1.2625,-4.6725,-0.6425,-0.8775,0.2625,-0.7475,-0.36,-0.1325,5.0975,6.345,7.085,6.7775,3.78,3.27
2009-03-24,0.6,-1.1225,-4.2025,-0.92,-0.8725,0.295,-0.76,0.0425,0.3175,4.7825,5.8625,6.8625,6.3025,3.765,3.2725
2009-03-25,0.5825,-1.1125,-4.3,-0.8425,-1.0675,0.265,-0.79,0.15,0.1075,5.0825,5.59,6.8025,6.37,3.725,3.3775
2009-03-26,0.4425,-1.5275,-4.335,-1.445,-2.0025,0.34,-0.8525,0.32,0.51,4.94,5.3625,6.46,6.14,3.59,3.0675
2009-03-27,0.44,-1.235,-4.0625,-0.9,-1.3975,0.32,-0.6875,0.3075,0.6175,5.1025,5.41,6.9275,6.1075,3.725,2.81
2009-03-30,0.3475,-1.4625,-4.3475,-1.2725,-1.62,0.375,-0.6925,0.465,0.69,5.0875,5.38,6.8875,6.65,3.275,2.895
2009-03-31,0.3775,-1.2625,-3.9425,-1.0575,-1.3325,0.37,-0.6425,0.5275,0.715,3.7275,5.295,6.7825,6.3825,3.9575,3.825
2009-04-01,0.37,-1.2625,-3.58,-1.06,-1.32,0.375,-0.6475,0.5325,0.7375,3.6675,5.2775,6.405,6.21,3.9825,3.9075
2009-04-02,0.4875,-0.9025,-3.2775,-0.7825,-1.0075,0.2825,-0.66,0.38,0.605,3.6775,5.06,6.3225,5.8775,3.0575,3.355
2009-04-03,0.44,-0.8525,-3.24,-0.6025,-0.7975,0.3275,-0.715,0.3075,0.565,3.7125,4.7625,6.3975,5.57,3.1125,3.23
2009-04-06,0.4075,-0.8075,-3.095,-0.7525,-1.425,0.3075,-0.705,0.4225,0.6725,3.715,4.67,6.2825,5.4,3.4725,3.255
2009-04-07,0.2975,-0.8425,-3.11,-0.625,-0.9575,0.325,-0.79,0.3725,0.7075,3.4925,4.5425,6.245,5.62,3.35,3.1675
2009-04-08,0.295,-0.8025,-3.275,-0.7875,-1.005,0.37,-0.5875,0.5575,0.7125,3.7775,4.5525,6.21,5.4325,3.1875,3.53
2009-04-09,0.295,-0.7725,-3.2475,-0.7325,-0.925,0.295,-0.535,0.5775,0.8575,3.625,4.3325,5.9775,5.255,3.285,3.2675
2009-04-10,0.2125,-0.865,-3.245,-0.7375,-0.945,0.3075,-0.5225,0.58,0.8225,3.635,4.3525,5.97,5.255,3.37,3.2775
2009-04-13,0.305,-1.0225,-3.3875,-0.8425,-1.27,0.3325,-0.5675,0.605,0.835,3.85,4.6475,5.98,5.255,3.4775,3.2675
2009-04-14,0.285,-0.7875,-3.38,-0.675,-1.0125,0.1925,-0.5675,0.59,0.84,3.695,4.5125,6.0825,5.055,3.5225,3.085
2009-04-15,0.26,-0.745,-3.4075,-0.85,-1.16,0.16,-0.5275,0.61,0.8625,3.835,4.27,5.96,5.015,3.27,3.1175
2009-04-16,0.1675,-0.7275,-3.415,-0.9275,-1.4075,0.1175,-0.5375,0.6,0.8,3.9925,4.2875,5.895,4.975,3.2,3.1825
2009-04-17,0.06,-0.71,-3.4075,-0.9875,-1.45,0.115,-0.435,0.7225,0.9525,4.155,4.19,5.745,4.995,3.1225,2.9775
2009-04-20,-0.015,-0.88,-3.6525,-1.14,-1.645,0.1975,-0.4975,0.6575,0.8925,4.41,4.5325,5.64,5.5325,3.125,3.2125
2009-04-21,-0.0975,-0.805,-3.6825,-1.1225,-1.58,0.19,-0.4125,0.8425,1.1125,4.48,4.345,6.06,5.635,3.315,3.595
2009-04-22,-0.105,-0.8875,-3.5725,-1.135,-1.6475,0.1825,-0.39,0.8275,1.125,4.4425,4.57,5.87,5.675,3.255,3.67
2009-04-23,-0.03,-0.92,-3.5075,-1.1575,-1.65,0.1675,-0.355,0.7825,0.9975,4.425,4.2325,6.045,5.7475,3.0675,3.8175
2009-04-24,0.1975,-1.0425,-3.675,-1.09,-1.525,0.19,-0.52,0.715,0.9375,4.395,4.295,5.81,5.5675,3.1875,3.4775
2009-04-27,0.175,-1.1525,-3.765,-1.23,-1.855,0.1725,-0.52,0.7075,0.8975,4.92,4.5225,5.97,5.595,3.1975,3.845
2009-04-28,0.15,-1.185,-3.8475,-1.375,-2.14,0.21,-0.4925,0.7375,0.86,5.645,4.505,5.9575,5.3025,3.4275,3.7025
2009-04-29,0.255,-1.0225,-3.6525,-1.19,-1.7,0.085,-0.5125,0.7125,0.905,5.94,4.535,5.605,5.21,3.3475,3.6875
2009-04-30,0.3525,-0.825,-3.39,-1.0075,-1.565,-0.0325,-0.7525,0.55,0.775,6.145,4.64,5.5075,4.965,3.04,3.2325
2009-05-01,0.3625,-0.8025,-3.2075,-1.005,-1.535,-0.0275,-0.7725,0.5625,0.8425,5.975,4.735,5.515,5.015,3.125,3.12
2009-05-04,0.375,-0.8025,-3.045,-0.99,-1.66,-0.09,-0.735,0.525,0.7525,5.4,4.6675,5.6075,5.1,3.2125,3.0725
2009-05-05,0.375,-0.885,-2.8675,-1.045,-1.74,-0.195,-0.7725,0.535,0.725,5.29,4.4375,5.265,4.905,2.71,2.615
2009-05-06,0.365,-0.9025,-2.8225,-1.1675,-1.8025,-0.1975,-0.73,0.5425,0.7225,4.935,4.545,5.5075,4.755,2.3825,3.0975
2009-05-07,0.3425,-0.985,-2.725,-1.035,-1.7975,-0.15,-0.7325,0.5625,0.7725,4.89,4.5175,5.695,4.67,2.015,2.805
2009-05-08,0.3825,-0.74,-2.7025,-0.955,-1.4275,-0.205,-0.7675,0.5275,0.75,4.96,4.4375,5.5975,4.7675,1.6425,3.06
2009-05-11,0.3675,-0.8275,-3.0875,-1.0025,-1.575,-0.145,-0.785,0.4625,0.745,4.835,4.405,5.5875,4.815,1.7825,3.1275
2009-05-12,0.445,-0.72,-3.305,-1.1725,-1.6275,-0.2575,-0.7825,0.4175,0.6825,5.165,4.53,5.67,4.65,1.8125,3.3125
2009-05-13,0.425,-0.7325,-3.5775,-1.3425,-1.8425,-0.2675,-0.7575,0.4275,0.63,5.41,4.8125,5.6575,4.665,1.55,3.215
2009-05-14,0.405,-0.74,-3.6225,-1.53,-2.02,-0.1625,-0.735,0.4275,0.6775,5.395,4.8275,5.62,4.695,2.385,3.2975
2009-05-15,0.4025,-0.8825,-3.7175,-1.4675,-2.0775,-0.115,-0.7475,0.4825,0.7325,5.375,4.765,5.7225,4.665,2.6875,3.33
2009-05-18,0.3375,-0.7875,-3.5875,-1.5075,-2.0275,-0.135,-0.7275,0.52,0.69,5.4,4.5875,5.855,4.4975,1.615,3.59
2009-05-19,0.3575,-0.5675,-3.21,-1.3525,-1.9125,-0.175,-0.6875,0.475,0.7275,4.28,4.41,5.7975,4.455,1.76,3.5875
2009-05-20,0.4,-0.485,-3.2925,-1.375,-1.935,-0.25,-0.69,0.5075,0.76,4.3125,4.3175,5.7025,4.3175,1.8325,3.5025
2009-05-21,0.575,-0.34,-3.325,-1.3725,-1.845,-0.3275,-0.7075,0.255,0.5275,4.6875,4.625,5.5525,4.32,1.5675,3.3875
2009-05-22,0.76,-0.315,-3.5225,-1.2725,-1.75,-0.605,-0.8675,0.29,0.57,4.675,4.585,5.5575,4.4075,1.6575,4.1375
2009-05-25,0.6325,-0.3325,-3.8075,-1.4,-2.335,-0.145,-0.8025,0.62,0.685,4.49,4.625,5.525,4.41,1.9075,3.385
2009-05-26,0.8225,-0.28,-3.4925,-1.4125,-1.8925,-0.51,-1.04,0.2575,0.425,4.905,4.5725,5.7,4.375,1.955,3.685
2009-05-27,0.7025,-0.125,-3.24,-1.3575,-1.8825,-0.5875,-1.1275,0.225,0.51,4.805,4.71,5.6725,4.445,2.7975,3.935
2009-05-28,0.725,-0.155,-3.035,-1.3425,-1.8125,-0.4875,-1.11,0.25,0.505,4.855,4.8,5.2425,4.49,2.885,4.35
2009-05-29,0.9175,0.0725,-3.105,-1.325,-1.815,-0.6075,-1.31,0.1625,0.34,4.5425,4.7525,5.835,4.6,2.685,4.2675
2009-06-01,1.125,0.26,-3.1525,-1.2575,-1.7475,-0.425,-1.44,-0.035,0.17,4.76,4.73,5.65,4.52,2.3625,4.19
2009-06-02,1.045,0.3175,-3.095,-1.2525,-1.7125,-0.62,-1.3425,-0.0325,0.16,4.75,4.595,5.6375,4.42,2.3625,4.1925
2009-06-03,0.53,0.1225,-3.125,-1.21,-1.625,-0.2925,-1.1925,0.065,0.2325,4.72,4.6275,5.825,4.43,1.9525,4.445
2009-06-04,0.5025,-0.2575,-3.175,-1.3425,-1.745,-0.3125,-1.0175,0.3575,0.3375,4.775,4.735,5.6225,4.44,1.8925,4.3725
2009-06-05,0.375,-0.695,-3.055,-1.2725,-1.675,-0.23,-0.9475,0.4375,0.4525,4.73,4.98,5.68,4.48,1.8825,4.2875
2009-06-08,0.3475,-0.71,-2.87,-1.28,-1.68,-0.205,-0.8375,0.4725,0.4775,5.115,5.6375,5.78,4.5725,2.3925,4.4575
2009-06-09,0.565,-0.49,-2.935,-1.3175,-1.7025,-0.1675,-1.1325,0.225,0.215,5.025,5.4725,5.8525,4.48,2.5575,4.2575
2009-06-10,0.56,-0.4075,-2.975,-1.2925,-1.69,-0.19,-1.085,0.2775,0.3325,5.105,5.4675,5.695,4.4425,2.1575,4.3925
2009-06-11,0.56,-0.3025,-2.99,-1.285,-1.655,-0.23,-1.1225,0.2675,0.3825,5.225,5.45,5.8475,4.435,2.2475,4.975
2009-06-12,0.5425,-0.365,-3.085,-1.1475,-1.59,-0.1,-1.0975,0.4475,0.4225,5.16,5.44,5.725,4.3975,2.37,5.1625
2009-06-15,0.4925,-0.3525,-3.125,-1.1825,-1.5875,-0.0375,-1.0375,0.4775,0.4925,5.07,5.2875,5.6725,4.365,2.85,4.4175
2009-06-16,0.535,-0.3775,-3.3275,-1.385,-1.825,-0.0425,-1.0675,0.61,0.5375,4.715,5.36,5.7025,4.26,2.8825,4.8475
2009-06-17,0.5375,-0.4575,-3.4825,-1.405,-1.875,-0.0025,-1.08,0.6025,0.5375,4.83,5.375,5.61,4.29,2.97,5.0975
2009-06-18,0.5375,-0.4125,-3.4575,-1.3525,-1.835,0.025,-1.065,0.5425,0.585,4.7575,5.39,5.5625,4.35,2.9875,5.17
2009-06-19,0.51,-0.4075,-3.455,-1.37,-1.8675,0.005,-1.155,0.5325,0.4175,4.5725,5.22,5.5725,4.3225,3.005,5.1775
2009-06-22,0.53,-0.405,-3.4475,-1.435,-1.8675,0.07,-1.0625,0.4425,0.5075,4.755,5.22,5.6275,4.41,3.115,5.385
2009-06-23,0.6,-0.53,-3.6625,-1.615,-2.0675,0.085,-1.235,0.4175,0.3925,4.505,5.365,5.6625,4.64,3.25,5.5
2009-06-24,0.6475,-0.54,-3.575,-1.5275,-1.9725,0.075,-1.0875,0.5375,0.4125,4.48,5.35,5.6825,4.64,3.0475,5.4225
2009-06-25,0.59,-0.65,-3.44,-1.49,-1.9175,0.0425,-0.9475,0.4575,0.405,4.5025,5.285,5.595,4.4175,2.93,5.5225
2009-06-26,0.6125,-0.62,-3.4625,-1.4975,-1.945,0.05,-0.9725,0.4775,0.4875,4.6,5.185,5.25,4.48,2.985,5.4575
2009-06-29,0.6125,-0.67,-3.4275,-1.505,-1.9875,0.0125,-0.99,0.3875,0.4625,4.43,5.19,5.4125,4.35,3.0025,4.88
2009-06-30,0.6225,-0.555,-3.2275,-0.79,-1.58,0.0525,-1.035,0.4025,0.39,4.325,5.2625,5.0025,4.24,2.77,5.1775
2009-07-01,0.6725,-0.5975,-2.945,-1.4175,-1.9075,0.035,-1.0275,0.3775,0.3275,4.2575,4.9125,5.1925,4.18,2.76,4.985
2009-07-02,0.625,-0.5825,-2.855,-1.4175,-1.8625,0.095,-1.015,0.43,0.39,4.35,4.8575,4.9675,3.9225,2.6725,4.39
2009-07-03,0.54,-0.6375,-2.95,-1.5,-1.9675,0.07,-0.91,0.375,0.49,4.405,4.815,5.0875,3.9625,2.6175,4.3975
2009-07-06,0.4625,-0.665,-2.975,-1.6325,-2.07,0.0225,-0.76,0.525,0.445,4.39,4.835,5.0575,3.9825,2.58,4.4875
2009-07-07,0.435,-0.6825,-3.0625,-1.645,-2.1075,0.0575,-0.8125,0.5875,0.45,4.515,5.0275,5.1475,3.9625,2.36,4.73
2009-07-08,0.2275,-0.915,-3.5775,-1.96,-2.4075,0.15,-0.5625,0.6725,0.6575,4.4575,5.545,5.1225,4.07,2.4175,4.6375
2009-07-09,0.245,-0.8875,-3.6625,-2.1625,-2.6025,0.1175,-0.5925,0.6625,0.6125,4.38,5.5825,5.1725,4.155,2.69,4.7075
2009-07-10,0.23,-0.8425,-3.7675,-2.0925,-2.6075,0.09,-0.58,0.6725,0.685,4.6625,5.59,5.235,4.145,2.645,4.81
2009-07-13,0.2175,-0.985,-3.8425,-2.37,-2.8825,0.1125,-0.645,0.6775,0.7025,4.7625,5.6925,5.955,4.14,2.705,4.815
2009-07-14,0.2575,-0.9775,-3.7375,-2.38,-2.8475,0.07,-0.6275,0.6925,0.7025,4.6575,5.6075,5.75,4.165,5.5575,4.7
2009-07-15,0.3275,-0.9525,-3.5575,-2.36,-2.6225,-0.0225,-0.6475,0.5475,0.5825,4.5875,5.2225,5.69,3.8925,5.1325,4.6075
2009-07-16,0.3525,-0.955,-3.565,-2.2925,-2.7325,-0.055,-0.6925,0.5275,0.505,4.515,5.0075,5.495,3.9125,4.61,4.4525
2009-07-17,0.36,-0.9825,-3.5375,-2.2675,-2.7575,-0.06,-0.73,0.4675,0.54,4.42,4.85,5.4875,3.8625,5.4325,4.4275
2009-07-20,0.4625,-0.9375,-3.44,-2.17,-2.6825,-0.0925,-0.6975,0.4175,0.5,4.31,4.785,5.235,3.6225,3.47,4.6075
2009-07-21,0.5175,-0.875,-3.5325,-2.1375,-2.4925,-0.1075,-0.8225,0.4575,0.49,4.2375,4.8175,5.1975,3.705,2.145,3.7975
2009-07-22,0.52,-0.905,-3.5325,-2.1925,-2.5825,-0.1175,-0.8325,0.4025,0.4275,4.1675,4.88,5.3875,3.5675,2.0875,3.8275
2009-07-23,0.525,-0.9275,-3.3225,-2.0725,-2.635,-0.1075,-0.7425,0.3825,0.4125,4.135,4.7925,5.045,3.33,2.0875,4.28
2009-07-24,0.5275,-0.945,-3.29,-2.11,-2.6375,-0.2425,-0.755,0.3525,0.39,4.12,4.61,5.11,3.4025,2.0475,4.0375
2009-07-27,0.515,-0.935,-3.1825,-2.1325,-2.5975,-0.2625,-0.735,0.5375,0.52,4.035,4.4375,5.0325,3.5375,2.325,3.9675
2009-07-28,0.4075,-0.965,-3.185,-1.8375,-2.3125,-0.195,-0.7025,0.3275,0.4,4.0425,4.505,5.19,3.4525,2.2025,3.8725
2009-07-29,0.3425,-0.9775,-3.3175,-1.9875,-2.4325,-0.195,-0.6875,0.6075,0.6,3.875,4.395,5.23,3.455,2.0175,3.6275
2009-07-30,0.3375,-0.9525,-3.145,-2.1325,-2.5375,-0.1725,-0.69,0.58,0.6125,3.7125,4.335,5.3175,3.505,2.015,3.6575
2009-07-31,0.38,-0.8975,-3.115,-2.0775,-2.55,-0.1675,-0.6275,0.595,0.5825,3.6175,4.36,5.05,3.4475,1.9675,3.3175
2009-08-03,0.4125,-0.7975,-3.12,-2.0125,-2.455,-0.245,-0.92,0.47,0.3625,3.5375,4.175,5.045,3.425,1.7875,3.1575
2009-08-04,0.49,-0.73,-3.065,-1.8775,-2.23,-0.235,-0.8875,0.3675,0.325,3.435,4.2175,5.0175,3.4125,1.7575,3.165
2009-08-05,0.605,-0.665,-3.0275,-1.8825,-2.24,-0.22,-0.8575,0.415,0.345,3.505,4.285,5.005,3.44,1.7675,3.1725
2009-08-06,0.595,-0.68,-2.8325,-1.8925,-2.275,-0.1525,-0.8925,0.425,0.3475,3.145,4.2975,5.035,3.57,1.8025,3.12
2009-08-07,0.4275,-0.82,-2.3775,-1.9725,-2.3475,-0.1175,-0.8775,0.5425,0.5175,3.1275,4.2325,5.025,3.66,1.835,3.2475
2009-08-10,0.3175,-0.825,-2.28,-1.9675,-2.3575,-0.0225,-0.6725,0.52,0.515,3.0225,4.3475,5.07,3.4725,1.81,3.2025
2009-08-11,0.3125,-0.91,-2.465,-2.1925,-2.535,0.0675,-0.5975,0.66,0.6075,3.0425,4.445,5.12,3.5325,1.705,3.6775
2009-08-12,0.275,-0.9025,-2.69,-2.605,-2.93,0.1175,-0.6175,0.7225,0.705,3.3325,4.3875,5.075,3.8475,1.95,3.8
2009-08-13,0.31,-0.8875,-2.6225,-2.4975,-2.8075,0.065,-0.58,0.4675,0.5525,2.9175,4.24,5.095,3.6725,1.9125,3.75
2009-08-14,0.3,-0.925,-2.64,-2.4175,-2.76,0.1025,-0.575,0.555,0.675,2.72,4.2375,5.12,3.8325,2.065,3.6625
2009-08-17,0.205,-1.0325,-2.805,-2.735,-3.1025,0.1075,-0.6025,0.565,0.725,2.75,4.4125,5.105,4.1775,2.1275,3.94
2009-08-18,0.1675,-0.995,-2.7175,-2.77,-3.0775,0.135,-0.415,0.615,0.725,2.7125,4.33,5.165,3.96,2.245,3.8675
2009-08-19,0.1725,-1.0675,-2.8,-2.7,-3.02,0.1425,-0.405,0.7075,0.775,2.9475,4.3025,5.065,3.7775,2.1825,3.82
2009-08-20,0.16,-1.0775,-2.75,-2.64,-2.95,0.0975,-0.41,0.6225,0.735,2.735,4.305,4.94,3.73,2.2275,3.8975
2009-08-21,0.19,-1.0425,-2.835,-2.645,-2.98,0.03,-0.51,0.445,0.6675,2.6375,4.2825,4.78,3.7625,2.0875,3.8525
2009-08-24,0.21,-1.0525,-2.5875,-2.5075,-2.8425,-0.0625,-0.435,0.615,0.695,2.6125,4.4075,4.735,3.6125,1.8975,3.8425
2009-08-25,0.23,-1.075,-2.6275,-2.435,-2.7575,-0.06,-0.3975,0.625,0.7175,2.9125,4.3775,4.77,3.5675,1.9025,3.805
2009-08-26,0.2075,-1.1425,-2.635,-2.4775,-2.8075,-0.0075,-0.4725,0.595,0.69,3.3575,4.4325,4.755,3.405,2.1025,3.8325
2009-08-27,0.215,-1.15,-2.7,-2.51,-2.8425,-0.0075,-0.3875,0.7225,0.755,3.4525,4.4075,4.765,3.455,1.9925,3.7575
2009-08-28,0.2275,-1.145,-2.705,-2.45,-2.7675,-0.04,-0.51,0.715,0.72,3.48,4.54,4.6025,3.4775,2.0275,3.6275
2009-08-31,0.2325,-1.145,-2.445,-2.44,-2.7725,0.045,-0.5,0.47,0.535,3.1225,4.4975,4.0425,3.4125,2.1025,3.5275
2009-09-01,0.205,-1.26,-2.5325,-2.475,-2.82,0.08,-0.285,0.46,0.4325,2.3025,4.5325,3.405,3.4025,2.05,3.2725
2009-09-02,0.17,-1.3175,-2.3625,-2.5825,-2.905,0.1175,-0.2825,0.58,0.4425,2.865,4.83,3.7425,3.5175,2.1275,2.2475
2009-09-03,0.1375,-1.26,-2.65,-2.5425,-2.87,0.1025,-0.31,0.5825,0.5075,2.57,4.7425,3.3875,3.5025,1.895,1.895
2009-09-04,0.1425,-1.29,-2.1625,-2.485,-2.7875,0.09,-0.2225,0.545,0.3825,2.5075,4.665,2.5225,3.405,2.06,2.4375
2009-09-07,0.1375,-1.25,-2.5825,-2.445,-2.7325,0.0275,-0.4,0.72,0.6875,2.6275,4.7025,3.05,3.285,1.8925,1.8425
2009-09-08,0.355,-1.1925,-2.6325,-2.355,-2.67,0.0125,-0.4225,0.57,0.525,2.9875,4.6275,3.62,3.17,1.9275,2.205
2009-09-09,0.355,-1.15,-2.48,-2.295,-2.63,0.0075,-0.4225,0.3825,0.33,2.27,4.5525,2.525,3.1175,1.5675,1.8475
2009-09-10,0.345,-1.1225,-2.78,-2.2875,-2.6275,0.0075,-0.7075,0.6525,0.6525,3.41,4.5675,4.19,3.1325,1.565,2.3575
2009-09-11,0.3325,-1.1225,-2.935,-2.31,-2.6325,-0.0225,-0.7075,0.6825,0.6075,3.84,4.5725,4.3625,3.1275,1.6875,2.2475
2009-09-14,0.32,-1.13,-3.0875,-2.365,-2.6875,-0.005,-0.725,0.7125,0.6375,3.85,4.5875,4.26,3.1625,1.68,2.33
2009-09-15,0.275,-1.1325,-3.0575,-2.32,-2.625,0.0025,-0.705,0.78,0.67,3.84,4.6125,4.0425,2.9425,1.6475,2.0675
2009-09-16,0.3225,-1.15,-3.14,-2.225,-2.54,0.005,-0.705,0.74,0.695,3.6725,4.6575,4.135,2.9275,1.6375,2.0175
2009-09-17,0.305,-1.095,-3.14,-2.22,-2.52,-0.0075,-0.6775,0.5975,0.61,3.69,4.6075,3.75,2.905,1.6725,1.915
2009-09-18,0.29,-1.14,-3.135,-2.225,-2.53,-0.0025,-0.685,0.635,0.6675,3.6375,4.61,3.7975,2.89,1.7025,1.9525
2009-09-21,0.205,-1.165,-2.95,-2.1875,-2.5125,0.015,-0.6375,0.815,0.7025,3.725,4.6025,4.165,2.8475,1.6775,1.975
2009-09-22,0.2525,-1.125,-2.92,-2.1725,-2.485,-0.0075,-0.66,0.715,0.6775,3.675,4.6175,4.2,2.8475,1.715,1.8825
2009-09-23,0.25,-1.1275,-2.85,-2.16,-2.485,-0.0025,-0.62,0.6875,0.735,3.655,4.6175,4.1575,2.835,1.6125,1.8775
2009-09-24,0.1525,-1.1225,-2.7775,-2.1,-2.4375,0.045,-0.64,0.72,0.7875,3.6875,4.6525,3.98,2.89,1.635,2.05
2009-09-25,0.0475,-1.2325,-2.905,-2.125,-2.455,0.0775,-0.5525,0.7625,0.8275,4.0075,4.6575,3.985,2.8975,1.6275,2.255
2009-09-28,0.0375,-1.33,-2.91,-2.1375,-2.48,0.0225,-0.4675,1.025,1.0625,4.145,4.5575,3.985,2.8925,1.6275,2.34
2009-09-29,0.02,-1.3325,-3.085,-2.095,-2.445,0.005,-0.3675,1.21,1.285,4.0675,4.495,3.9175,2.8925,1.6075,2.5
2009-09-30,0.0075,-1.39,-2.9925,-2.075,-2.35,0.0025,-0.355,1.61,1.2325,3.75,4.5775,3.92,2.94,1.5075,2.3925
2009-10-01,-0.0775,-1.3825,-2.9575,-2.02,-2.34,0.0475,-0.285,0.8975,0.98,3.715,4.6425,4.3275,2.8475,1.6125,1.975
2009-10-02,-0.14,-1.42,-3.02,-2.1225,-2.47,0.1,-0.35,0.99,1.0475,3.815,4.5675,4.36,3.04,1.595,2.11
2009-10-05,-0.1725,-1.42,-2.79,-2.09,-2.455,0.045,-0.3,1.035,1.135,3.665,4.5525,4.375,2.8275,1.6575,2.0725
2009-10-06,-0.1625,-1.52,-2.8425,-2.005,-2.35,-0.0025,-0.2675,1.0,1.1375,3.625,4.5775,4.25,2.645,1.5825,2.055
2009-10-07,-0.1825,-1.52,-2.99,-1.9125,-2.1925,-0.0075,-0.2375,0.91,1.105,3.635,4.5375,4.34,2.695,1.2575,1.9
2009-10-08,-0.1525,-1.485,-3.1,-1.74,-2.08,-0.015,-0.23,0.915,1.0775,3.435,4.55,4.1775,2.695,1.2325,1.8725
2009-10-09,-0.1625,-1.4875,-2.9725,-1.7425,-2.065,-0.0475,-0.285,0.535,1.0075,3.395,4.445,4.135,2.7,1.205,1.83
2009-10-12,-0.15,-1.6075,-2.84,-1.605,-1.9375,-0.0775,-0.2325,0.59,1.0825,3.3575,4.4225,4.0575,2.69,1.4675,1.8075
2009-10-13,-0.0775,-1.605,-2.61,-1.5,-1.825,-0.095,-0.3425,0.5375,1.005,3.31,4.4325,4.0325,2.695,1.4575,1.7675
2009-10-14,0.0525,-1.5575,-2.6225,-1.345,-1.6725,-0.1075,-0.395,0.5475,0.9275,3.4625,4.4525,4.05,2.6875,1.3725,1.71
2009-10-15,0.0475,-1.0725,-2.485,-1.2475,-1.545,-0.0075,-0.1875,0.5625,0.9525,3.515,4.5025,4.005,2.81,1.3325,2.0625
2009-10-16,0.035,-1.1,-2.365,-1.1425,-1.3925,0.1025,-0.2375,0.5575,0.955,3.525,4.5725,4.075,2.91,1.3575,2.185
2009-10-19,0.0425,-1.1075,-2.24,-1.1475,-1.44,0.13,-0.4375,0.5475,0.9425,3.5975,4.7125,3.9975,2.8925,1.385,2.635
2009-10-20,-0.005,-1.09,-2.235,-1.155,-1.48,0.2075,-0.395,0.6725,0.92,3.5625,4.8275,3.945,2.88,1.3525,2.68
2009-10-21,-0.14,-1.065,-2.085,-1.1475,-1.505,0.15,-0.29,0.7425,0.98,3.6425,4.955,4.05,2.9425,1.4275,3.2975
2009-10-22,-0.1825,-1.0775,-1.965,-1.2175,-1.585,0.17,-0.2,0.765,0.985,3.6175,5.0475,4.075,2.92,1.6725,3.49
2009-10-23,-0.28,-1.075,-1.83,-1.1775,-1.525,0.205,-0.25,0.82,1.0375,3.6075,4.885,4.265,2.9225,1.85,3.4875
2009-10-26,-0.395,-1.0925,-1.7,-1.245,-1.545,0.235,-0.215,0.87,1.035,3.615,5.0125,4.27,3.2325,1.8,3.405
2009-10-27,-0.62,-1.105,-1.705,-1.4675,-1.8,0.2875,-0.3025,1.155,1.27,3.6925,5.2325,4.26,3.41,1.9425,3.8225
2009-10-28,-0.73,-1.1225,-1.8825,-1.8775,-2.3525,0.485,0.105,1.205,1.315,3.755,5.6925,4.285,3.85,2.1175,3.99
2009-10-29,-0.79,-1.105,-1.775,-2.22,-2.6375,0.525,0.0825,1.225,1.3425,3.7575,6.07,4.41,3.9825,2.245,4.15
2009-10-30,-0.805,-1.1,-1.745,-2.1975,-2.6275,0.64,0.1925,1.28,1.4425,3.63,5.9225,4.4625,3.9125,2.1475,4.1325
2009-11-02,-0.845,-1.21,-1.97,-2.4625,-2.915,0.61,0.225,1.2675,1.3925,3.75,6.3525,4.4575,3.4575,2.1775,4.1025
2009-11-03,-1.015,-1.5075,-2.0025,-2.685,-3.145,0.605,0.57,1.3675,1.5,4.105,6.5675,4.695,3.8475,2.2825,4.0
2009-11-04,-0.9425,-1.55,-1.9075,-2.435,-2.85,0.535,0.4875,1.3475,1.47,3.94,6.27,4.66,3.7525,2.2375,3.99
2009-11-05,-1.0,-1.5275,-1.735,-2.31,-2.7425,0.49,0.5425,1.315,1.4425,3.8425,6.3375,4.6925,3.8025,2.1825,3.895
2009-11-06,-1.01,-1.46,-1.705,-2.255,-2.6475,0.5,0.5625,1.3625,1.4975,3.7675,6.33,4.67,3.7875,2.1675,3.8275
2009-11-09,-0.935,-1.38,-1.6825,-2.0825,-2.4825,0.485,0.4075,1.3325,1.475,3.8775,5.9275,4.505,3.76,2.2,3.495
2009-11-10,-0.94,-1.53,-1.6775,-2.055,-2.4725,0.4875,0.505,1.33,1.4475,3.8475,6.005,4.605,3.855,2.1075,3.525
2009-11-11,-0.9525,-1.5875,-1.6,-2.0275,-2.43,0.4825,0.445,1.3275,1.445,3.985,6.255,4.565,3.7975,1.94,3.5425
2009-11-12,-1.1275,-1.6425,-1.57,-1.9275,-2.3175,0.535,0.5825,1.53,1.6275,3.9375,5.9875,4.685,3.7225,1.8425,3.535
2009-11-13,-1.155,-1.655,-1.49,-2.005,-2.4025,0.5475,0.6075,1.6125,1.6575,4.3325,6.3225,4.7075,3.8375,1.86,4.0925
2009-11-16,-1.1425,-1.45,-1.4875,-1.97,-2.3775,0.5075,0.5675,1.5775,1.6125,4.3725,6.305,4.695,3.7825,1.705,3.62
2009-11-17,-1.14,-1.43,-1.5225,-2.0775,-2.5,0.5975,0.5575,1.585,1.6375,4.35,5.985,4.775,3.9275,1.7325,3.7575
2009-11-18,-1.1175,-1.43,-1.4775,-2.08,-2.47,0.625,0.57,1.5625,1.6225,4.3325,6.285,4.8,3.765,1.705,3.7775
2009-11-19,-1.17,-1.4475,-1.4725,-2.1825,-2.625,0.8,0.6225,1.62,1.6825,4.405,6.03,4.71,3.7725,1.7175,3.765
2009-11-20,-1.235,-1.4525,-1.475,-2.5825,-3.0325,0.945,0.6625,1.6975,1.7575,4.34,6.01,4.7525,3.77,1.785,3.845
2009-11-23,-1.2575,-1.4525,-1.465,-2.5575,-2.975,0.935,0.64,1.105,1.2425,4.2975,6.015,4.685,3.8125,1.7775,3.7675
2009-11-24,-1.325,-1.535,-1.4725,-2.6175,-3.015,0.94,0.675,1.165,1.295,4.3775,5.925,4.675,3.75,1.8125,3.965
2009-11-25,-1.285,-1.5475,-1.755,-2.61,-3.0325,0.7575,0.655,1.1575,1.2725,4.3225,5.92,4.66,3.8,1.7925,3.885
2009-11-26,-1.3625,-1.5925,-2.395,-2.9075,-3.36,0.82,0.63,1.21,1.29,4.3075,6.005,4.69,3.95,1.8,3.98
2009-11-27,-1.58,-1.7625,-2.84,-3.385,-3.8775,0.9025,0.945,1.375,1.445,4.4675,6.055,5.1475,4.9825,1.81,4.1475
2009-11-30,-1.565,-1.73,-2.755,-3.2925,-3.7325,0.8625,0.93,1.335,1.415,4.465,6.065,5.12,4.885,2.1275,4.305
2009-12-01,-1.54,-1.7325,-2.2475,-3.0825,-3.46,0.835,0.88,1.3225,1.43,4.4075,6.02,5.0875,4.6,2.0225,4.4025
2009-12-02,-1.55,-1.705,-1.97,-2.68,-3.0525,0.815,0.8675,1.3475,1.435,4.4325,5.895,4.7725,4.5925,1.9325,4.345
2009-12-03,-1.575,-1.745,-1.78,-2.66,-3.04,0.8275,0.9075,1.3025,1.395,4.25,5.85,4.925,4.4525,1.89,4.285
2009-12-04,-1.58,-1.72,-1.48,-2.67,-3.075,0.825,0.885,1.365,1.435,4.1325,5.83,4.73,4.3725,2.215,4.205
2009-12-07,-1.64,-1.7475,-1.4475,-2.7575,-3.155,0.85,0.9475,1.34,1.49,4.1975,5.81,4.845,4.1525,2.295,4.18
2009-12-08,-1.625,-1.735,-1.6375,-2.8725,-3.26,0.91,0.85,1.2575,1.345,4.31,5.845,4.96,4.2175,2.215,4.0975
2009-12-09,-1.645,-1.7025,-1.6075,-2.94,-3.3425,0.9,0.8775,1.3425,1.4425,4.31,5.91,4.77,4.225,2.3075,4.2125
2009-12-10,-1.6275,-1.7,-1.5675,-3.02,-3.4075,0.815,0.8775,1.2575,1.3975,4.235,5.905,5.07,4.15,2.29,4.3275
2009-12-11,-1.6525,-1.685,-1.345,-2.765,-3.1775,0.85,0.8875,1.25,1.345,4.225,5.8375,5.205,4.0275,2.2675,4.17
2009-12-14,-1.6575,-1.6875,-1.425,-2.81,-3.18,0.8525,0.88,1.3925,1.4925,4.2775,5.6375,4.9875,3.9675,2.1475,4.1925
2009-12-15,-1.775,-1.7375,-1.2625,-2.6425,-2.9625,0.8675,0.975,1.3225,1.4,4.26,5.45,4.975,3.965,2.2475,4.0725
2009-12-16,-1.775,-1.7275,-1.1475,-2.73,-3.0725,0.87,0.9175,1.5325,1.475,4.27,5.3375,4.915,3.96,2.3575,4.0725
2009-12-17,-1.8175,-1.76,-1.085,-2.725,-3.1125,0.955,0.955,1.6675,1.6125,4.2825,5.43,4.905,4.065,2.39,4.1775
2009-12-18,-1.605,-1.7925,-1.06,-2.7425,-3.1325,1.005,0.835,1.5775,1.4575,4.31,5.4425,5.025,4.06,2.445,4.1425
2009-12-21,-1.4675,-1.7775,-1.0175,-2.735,-3.1275,0.98,0.78,1.4225,1.3025,4.315,5.3875,4.99,4.0625,2.38,4.165
2009-12-22,-1.5175,-1.885,-0.895,-2.8325,-3.14,0.9825,0.84,1.5025,1.3925,4.295,5.305,5.04,4.065,2.3675,4.055
2009-12-23,-1.515,-1.8875,-0.8525,-2.8875,-3.245,0.9575,0.785,1.5275,1.415,4.2925,5.3775,5.03,4.06,2.3675,4.08
2009-12-24,-1.51,-1.8775,-0.88,-2.8975,-3.195,0.9475,0.805,1.4375,1.3075,4.2475,5.305,5.02,4.02,2.355,4.08
2009-12-25,-1.51,-1.8625,-0.8675,-2.87,-3.185,0.935,0.755,1.3325,1.28,4.315,5.2775,5.015,4.035,2.34,4.085
2009-12-28,-1.5,-1.8875,-0.9,-2.895,-3.26,0.925,0.805,1.415,1.3025,4.2825,5.4,5.02,4.035,2.3575,4.14
2009-12-29,-1.445,-1.9475,-0.835,-2.7475,-3.085,0.9025,0.8375,1.37,1.255,4.2525,5.2725,5.02,4.05,2.3425,3.86
2009-12-30,-1.4375,-1.9475,-0.8075,-2.6925,-3.045,0.915,0.69,1.3375,1.305,4.235,5.2,5.03,4.11,2.425,3.75
2009-12-31,-1.465,-1.9325,-0.825,-2.6725,-3.0025,0.855,0.735,1.26,1.2775,4.23,5.2725,5.04,4.095,2.39,3.7975
2010-01-01,-1.4975,-1.9075,-0.855,-2.6775,-2.975,0.825,0.71,1.2625,1.235,4.275,5.2025,5.01,4.1,2.385,3.8125
2010-01-04,-1.42,-1.94,-0.85,-2.5675,-2.9525,0.885,0.74,1.295,1.2625,4.275,5.245,4.855,3.8825,2.27,3.8525
2010-01-05,-1.3225,-1.9075,-1.02,-2.33,-2.6275,0.86,0.66,1.24,1.19,4.0375,5.0775,4.83,3.3525,2.1275,3.39
2010-01-06,-1.3,-1.71,-1.035,-2.1125,-2.4125,0.72,0.645,1.2575,1.195,3.625,4.8825,4.6725,3.2825,2.1675,3.1625
2010-01-07,-1.235,-1.69,-0.9575,-1.9275,-2.2175,0.7325,0.6275,1.22,1.135,3.69,4.7525,4.58,3.345,1.7275,2.9275
2010-01-08,-1.1775,-1.64,-1.0475,-1.9325,-2.23,0.7275,0.59,1.185,1.125,3.73,4.6125,4.5125,3.27,1.555,2.965
2010-01-11,-0.895,-1.58,-1.055,-1.695,-1.945,0.7125,0.435,0.805,1.01,3.7,4.7325,4.575,3.31,1.1775,2.295
2010-01-12,-0.915,-1.3925,-1.305,-1.7175,-1.9875,0.7425,0.415,0.7425,1.02,3.6675,4.7375,4.5525,3.0,1.1775,2.22
2010-01-13,-0.8875,-1.34,-1.315,-1.8375,-2.15,0.74,0.435,0.8675,0.995,3.7,4.56,4.4925,2.95,1.3075,2.4775
2010-01-14,-0.945,-1.315,-1.29,-1.7825,-2.03,0.6625,0.405,0.85,1.005,3.6,4.565,4.4075,2.93,1.32,2.5475
2010-01-15,-1.1275,-1.3125,-1.445,-1.8625,-2.07,0.6875,0.46,0.9825,1.1325,3.52,4.62,4.4825,3.0125,1.2925,2.4125
2010-01-18,-1.125,-1.2975,-1.42,-1.8775,-2.18,0.685,0.46,0.9625,1.125,3.7375,4.575,4.245,2.9875,1.4225,2.4125
2010-01-19,-1.295,-1.275,-1.415,-1.8925,-2.1475,0.74,0.56,1.165,1.28,3.51,4.475,4.215,2.6275,1.3475,2.5025
2010-01-20,-1.205,-1.2875,-1.3975,-2.2,-2.55,0.9025,0.605,1.2675,1.4025,3.64,4.34,4.3875,3.1375,1.3175,2.62
2010-01-21,-1.4975,-1.2925,-1.46,-2.385,-2.6225,1.0975,0.745,1.57,1.435,3.6175,4.405,4.495,2.88,1.495,2.6875
2010-01-22,-1.4775,-1.345,-1.6325,-2.43,-2.6575,1.205,0.7075,1.5275,1.41,3.7025,4.38,4.4525,2.9075,1.575,3.005
2010-01-25,-1.3875,-1.33,-1.68,-2.3225,-2.5425,1.26,0.67,1.4775,1.2975,3.805,4.3725,4.4975,2.86,1.6425,3.38
2010-01-26,-1.4025,-1.3825,-1.8725,-2.4475,-2.6775,1.26,0.675,1.525,1.345,3.705,4.4875,4.525,3.045,1.6275,3.635
2010-01-27,-1.445,-1.3575,-2.0675,-2.355,-2.5675,1.285,0.71,1.5525,1.34,3.635,4.67,4.475,3.11,1.865,3.6225
2010-01-28,-1.38,-1.3725,-1.805,-2.305,-2.5375,1.175,0.685,1.475,1.3175,3.64,4.6425,4.385,3.11,1.8425,3.81
2010-01-29,-1.4075,-1.4125,-1.815,-2.5825,-2.82,1.205,0.7025,1.5025,1.3575,3.725,4.5625,4.435,3.17,2.3275,3.9025
2010-02-01,-1.365,-1.4325,-1.7575,-2.56,-2.7425,1.1525,0.68,1.4325,1.27,3.675,4.42,4.355,3.015,2.445,4.0275
2010-02-02,-1.295,-1.4275,-1.6325,-2.5825,-2.7475,1.115,0.6675,1.3975,1.2675,3.595,4.035,4.225,3.075,2.3825,3.9025
2010-02-03,-1.24,-1.455,-1.545,-2.415,-2.6125,1.1075,0.6625,1.41,1.25,3.5925,4.175,4.18,2.985,2.32,3.765
2010-02-04,-1.5075,-1.525,-1.9325,-2.9025,-3.1075,1.235,0.785,1.59,1.4325,3.585,4.0775,4.3575,3.27,2.2125,3.58
2010-02-05,-1.7225,-1.5825,-2.015,-2.9425,-3.1675,1.2675,0.9275,1.8025,1.595,3.5375,4.1275,4.5875,3.6275,2.9975,4.1925
2010-02-08,-1.725,-1.6775,-2.0025,-2.88,-3.0625,1.295,0.89,1.7575,1.56,3.57,4.1525,4.695,3.73,3.045,4.0775
2010-02-09,-1.64,-1.8025,-1.885,-2.93,-3.085,1.245,0.835,1.635,1.47,3.5525,3.9975,4.59,3.6975,2.795,3.7775
2010-02-10,-1.525,-1.79,-1.8025,-2.7625,-2.8725,1.1975,0.7525,1.54,1.39,3.5525,3.865,4.5525,3.8375,2.595,3.44
2010-02-11,-1.61,-1.8475,-1.8,-2.5375,-2.6975,1.17,0.8525,1.6075,1.4125,3.4025,3.8875,4.4875,3.5775,2.5175,3.4875
2010-02-12,-1.69,-1.84,-1.785,-2.5375,-2.6825,1.1925,0.8,1.645,1.4625,3.3075,3.9175,4.4575,3.795,2.3225,3.6575
2010-02-15,-1.695,-1.85,-1.7225,-2.57,-2.7225,1.205,0.81,1.675,1.4775,3.2825,3.9575,4.2775,3.41,2.41,3.705
2010-02-16,-1.6175,-1.795,-1.695,-2.4875,-2.635,1.085,0.7675,1.6075,1.435,3.2925,3.9175,4.2975,3.6125,1.9075,3.62
2010-02-17,-1.59,-1.7575,-1.5025,-2.4,-2.5225,1.09,0.735,1.5875,1.39,3.0725,3.96,4.3175,3.5325,1.905,3.17
2010-02-18,-1.6125,-1.78,-1.4175,-2.4575,-2.6075,1.0925,0.78,1.6375,1.3925,2.9725,3.8075,4.2225,3.535,1.9775,3.105
2010-02-19,-1.6475,-1.8725,-1.29,-2.6375,-2.7725,1.095,0.8275,1.64,1.45,2.86,3.7325,4.2675,3.56,2.2925,3.25
2010-02-22,-1.555,-1.87,-1.2725,-2.47,-2.635,1.0875,0.8025,1.64,1.3975,2.9275,3.7275,4.05,3.58,2.3025,3.345
2010-02-23,-1.5125,-1.8675,-1.33,-2.505,-2.6775,1.185,0.77,1.545,1.33,2.84,3.7775,4.0325,3.9625,2.2725,3.175
2010-02-24,-1.5475,-1.8725,-1.31,-2.595,-2.7575,1.2025,0.7625,1.555,1.37,2.8375,3.7075,4.1975,4.335,2.175,3.215
2010-02-25,-1.67,-1.96,-1.395,-2.7475,-2.8625,1.295,0.91,1.625,1.64,2.895,3.7025,4.1475,4.3,2.23,3.56
2010-02-26,-1.5725,-1.985,-1.37,-2.62,-2.725,1.2275,0.8425,1.5975,1.52,2.9075,3.6925,4.1575,3.9975,2.275,3.4825
2010-03-01,-1.59,-2.4725,-1.3725,-2.59,-2.695,1.185,0.8275,1.5625,1.5175,2.93,3.8875,3.9875,3.735,2.2325,3.3925
2010-03-02,-1.57,-2.495,-1.3225,-2.495,-2.6425,0.915,0.82,1.5875,1.4825,2.865,3.7225,3.9175,3.7125,2.1525,3.3775
2010-03-03,-1.5625,-2.465,-1.325,-2.47,-2.59,0.8275,0.8,1.565,1.485,3.0225,3.8675,4.0175,3.8025,2.075,3.305
2010-03-04,-1.5775,-2.4725,-1.2825,-2.4975,-2.64,0.8225,0.775,1.5825,1.485,2.8075,3.6625,3.935,3.7625,2.0275,3.3025
2010-03-05,-1.555,-2.43,-1.1975,-2.4425,-2.6,0.8225,0.8,1.5725,1.475,2.7575,3.625,4.175,3.8925,2.0475,3.1775
2010-03-08,-1.4225,-2.4025,-1.015,-2.3225,-2.5025,0.825,0.69,1.49,1.435,2.815,3.6375,3.9675,3.82,1.9225,3.1775
2010-03-09,-1.4375,-2.445,-1.0,-2.2975,-2.45,0.8275,0.725,1.485,1.4,2.9125,3.61,3.905,3.8525,1.805,3.1475
2010-03-10,-1.45,-2.495,-0.8425,-2.2425,-2.4275,0.815,0.7,1.49,1.44,2.83,3.6675,3.8825,3.7925,1.865,3.1975
2010-03-11,-1.405,-2.3775,-0.835,-2.2075,-2.3,0.785,0.695,1.48,1.4175,2.8175,3.645,3.87,3.7775,1.81,3.005
2010-03-12,-1.2725,-2.2725,-0.7825,-2.035,-2.175,0.705,0.605,1.3475,1.305,2.8775,3.675,3.875,3.7475,1.75,2.6775
2010-03-15,-1.2925,-2.2825,-0.805,-1.9925,-2.1125,0.655,0.635,1.335,1.2725,2.84,3.66,4.03,3.105,1.8275,2.805
2010-03-16,-1.2775,-2.315,-0.8675,-2.0475,-2.1825,0.715,0.675,1.345,1.3025,2.8,3.63,3.715,3.5775,1.83,2.9475
2010-03-17,-1.245,-2.1825,-0.8775,-1.98,-2.105,0.715,0.6,1.3775,1.3075,2.8025,3.58,4.05,3.475,1.5425,2.54
2010-03-18,-1.31,-2.3225,-0.8175,-1.945,-2.0675,0.71,0.615,1.3575,1.3475,2.8,3.7475,3.785,3.5325,1.55,2.5325
2010-03-19,-1.4,-2.3975,-0.7925,-1.995,-2.1725,0.7875,0.63,1.4625,1.42,2.8225,3.7775,3.745,3.51,1.535,2.5425
2010-03-22,-1.465,-2.45,-0.9075,-2.08,-2.2225,0.885,0.6125,1.49,1.48,2.885,3.6975,3.74,3.255,1.445,2.7675
2010-03-23,-1.46,-2.4625,-0.925,-2.07,-2.1775,0.885,0.665,1.4925,1.505,2.815,3.6825,4.075,3.8175,1.4975,2.8425
2010-03-24,-1.5825,-2.49,-0.7625,-2.13,-2.26,0.965,0.6975,1.5925,1.5275,2.875,3.6325,3.81,3.6825,1.515,2.8225
2010-03-25,-1.6025,-2.4075,-0.6975,-2.345,-2.46,0.995,0.7675,1.585,1.54,2.8425,3.7,3.57,3.54,1.48,2.78
2010-03-26,-1.5825,-2.43,-0.73,-2.34,-2.465,1.145,0.6725,1.565,1.5525,2.785,3.5725,4.0075,3.7025,1.425,2.65
2010-03-29,-1.5575,-2.4425,-0.685,-2.36,-2.525,1.11,0.7275,1.555,1.5575,2.8775,3.565,3.7725,3.47,1.4425,2.655
2010-03-30,-1.46,-2.3775,-0.7525,-2.225,-2.395,1.105,0.7075,1.535,1.51,2.835,3.525,3.455,3.405,1.22,2.5125
2010-03-31,-1.4375,-2.3675,-0.7125,-2.245,-2.41,1.055,0.6825,1.455,1.6,2.86,3.5125,3.235,3.395,1.2725,2.5025
2010-04-01,-1.365,-2.235,-0.7025,-2.26,-2.4225,1.035,0.6625,1.3625,1.4825,2.8675,3.58,3.505,3.275,1.2975,2.4375
2010-04-02,-1.355,-2.1825,-0.67,-2.2525,-2.4425,1.08,0.7075,1.3575,1.4725,2.875,3.5825,3.31,3.28,1.2975,2.3975
2010-04-05,-1.3575,-2.23,-0.7625,-2.205,-2.365,1.01,0.65,1.3275,1.4825,2.77,3.56,3.155,3.225,1.2975,2.245
2010-04-06,-1.42,-2.3125,-0.7925,-2.18,-2.37,0.975,0.6325,1.4175,1.5575,2.8175,3.6175,3.21,3.0625,1.175,2.155
2010-04-07,-1.465,-2.245,-0.925,-2.16,-2.355,0.985,0.6525,1.34,1.49,2.875,3.71,3.3775,3.065,1.1675,2.1875
2010-04-08,-1.4825,-2.265,-1.035,-2.18,-2.3875,1.055,0.6575,1.4525,1.5725,2.9125,3.605,3.65,3.085,1.205,2.1675
2010-04-09,-1.4275,-2.1875,-1.0475,-2.06,-2.265,1.06,0.6725,1.37,1.51,2.9225,3.715,3.485,2.8725,1.2075,2.08
2010-04-12,-1.2875,-2.14,-1.0825,-2.045,-2.25,1.0625,0.5825,1.2225,1.3675,2.9,3.63,3.4875,2.7,1.075,2.04
2010-04-13,-1.2075,-2.0625,-1.1375,-2.14,-2.3425,1.075,0.5575,1.195,1.34,2.9025,3.9275,3.47,2.76,1.11,2.1475
2010-04-14,-1.175,-2.03,-1.125,-2.155,-2.3725,1.04,0.4775,1.1675,1.31,2.9275,3.5675,3.645,2.6975,1.1575,2.03
2010-04-15,-1.23,-2.0375,-1.1375,-2.1275,-2.365,1.025,0.5175,1.1475,1.315,2.6625,3.515,3.7225,3.2575,1.1275,2.0125
2010-04-16,-1.2325,-2.035,-1.2725,-2.23,-2.54,1.1375,0.5725,1.1675,1.295,2.7975,3.66,3.705,2.845,1.1675,1.9675
2010-04-19,-1.3625,-2.155,-1.4375,-2.45,-2.64,1.185,0.6075,1.26,1.3725,2.905,3.47,4.045,2.9375,1.195,2.165
2010-04-20,-1.3225,-2.0675,-1.3075,-2.38,-2.525,0.9875,0.5675,1.26,1.38,2.94,3.47,3.88,2.94,1.1675,2.1525
2010-04-21,-1.335,-2.035,-1.285,-2.3575,-2.5,0.895,0.5675,1.2625,1.375,2.66,3.4675,3.9675,2.9125,1.1675,1.715
2010-04-22,-1.5275,-2.0425,-1.3125,-2.4275,-2.625,0.905,0.7075,1.3425,1.48,2.7675,3.51,3.92,3.095,1.175,1.9275
2010-04-23,-1.6225,-2.0625,-1.1725,-2.48,-2.6025,0.94,0.7275,1.425,1.56,2.7975,3.6,3.74,3.01,1.1875,1.9575
2010-04-26,-1.5775,-1.995,-1.1375,-2.41,-2.555,0.88,0.7075,1.42,1.5525,2.79,3.44,3.745,2.785,1.155,1.925
2010-04-27,-1.68,-2.0475,-1.2625,-2.475,-2.61,1.1275,0.83,1.395,1.5075,2.8075,3.2675,3.615,2.9825,1.1925,1.9275
2010-04-28,-2.0125,-2.1575,-1.2475,-2.525,-2.65,1.2025,1.005,1.79,1.945,3.0925,3.515,4.175,3.52,1.1625,2.3975
2010-04-29,-1.955,-2.19,-1.1975,-2.5,-2.5925,1.155,0.9225,1.6225,1.765,3.0525,3.69,3.915,3.5425,1.195,2.3475
2010-04-30,-1.9325,-2.1475,-1.16,-2.445,-2.57,1.18,0.9,1.63,1.785,3.0425,3.825,4.005,3.3075,1.18,2.09
2010-05-03,-2.0175,-2.1475,-1.1125,-2.3875,-2.5,1.19,0.995,1.63,1.7725,3.06,3.25,3.925,3.4475,1.1925,2.345
2010-05-04,-2.0325,-2.175,-1.1575,-2.61,-2.7275,1.48,0.985,1.695,1.8525,3.18,3.9725,4.145,3.675,1.1975,2.395
2010-05-05,-2.2725,-2.32,-1.2575,-2.9925,-3.0725,1.645,1.0825,1.795,1.945,3.5425,4.39,4.105,3.79,1.2775,2.8875
2010-05-06,-2.87,-2.6025,-2.365,-3.71,-3.9675,2.685,1.1375,2.255,2.4225,3.7525,4.7675,4.415,4.3725,1.605,3.5125
2010-05-07,-3.045,-3.04,-2.935,-4.52,-4.83,2.505,1.6775,2.185,2.335,4.0325,5.0425,4.8925,4.825,1.7675,4.2975
2010-05-10,-3.0,-3.0,-2.7175,-4.16,-4.16,2.0775,1.705,2.175,2.3175,3.93,4.98,4.26,4.275,1.8825,3.7625
2010-05-11,-3.15,-3.195,-2.5475,-3.9675,-4.0075,2.2525,1.6325,2.505,2.5975,3.935,5.115,4.4125,4.415,2.2525,3.655
2010-05-12,-2.6775,-3.05,-2.3175,-3.99,-3.985,2.1775,1.4625,1.36,2.2325,3.88,5.0825,4.395,4.28,2.095,3.99
2010-05-13,-2.485,-3.1275,-2.065,-3.5725,-3.5725,2.2025,1.1925,2.7,2.1025,3.88,5.075,4.3325,3.91,2.135,3.72
2010-05-14,-2.6175,-3.2725,-2.3025,-3.9225,-3.9475,2.4475,1.3475,2.46,2.07,4.26,5.21,4.365,4.02,2.375,3.8875
2010-05-17,-2.91,-3.56,-2.4625,-4.485,-4.625,2.525,1.48,2.65,2.8675,4.48,5.51,4.4825,4.2075,2.5975,4.2575
2010-05-18,-2.795,-3.4725,-2.475,-4.59,-4.6025,2.455,1.315,2.515,2.7175,4.4175,5.5,4.4425,4.21,2.6225,4.2025
2010-05-19,-3.155,-3.75,-2.92,-5.5275,-5.625,2.9875,1.285,2.8,3.03,4.855,5.6275,5.5225,4.7525,2.9725,4.81
2010-05-20,-3.125,-3.75,-3.62,-6.2525,-6.4425,3.605,1.37,2.8525,3.09,5.2125,6.235,5.1575,4.8825,3.325,6.045
2010-05-21,-2.985,-3.7325,-3.7275,-6.0125,-5.725,3.6425,1.2025,2.71,2.8875,5.02,6.565,5.28,5.3075,3.195,7.105
2010-05-24,-2.9975,-3.6075,-3.45,-5.2275,-4.7975,3.24,1.2725,2.735,2.9375,5.0425,6.2675,5.405,5.67,4.335,7.7825
2010-05-25,-3.17,-3.9975,-3.71,-5.625,-5.1325,3.5525,1.34,2.945,3.1575,5.6325,6.11,5.4025,5.6,2.6225,9.995
2010-05-26,-3.1875,-3.805,-3.47,-5.05,-4.7625,3.315,1.3675,2.7925,2.9975,5.355,6.1175,5.5575,5.38,4.09,8.365
2010-05-27,-3.21,-3.6725,-3.3575,-4.7725,-4.41,3.1375,1.3625,2.915,3.1175,4.8125,5.6575,5.0175,4.98,4.335,7.53
2010-05-28,-3.1825,-3.5425,-3.0825,-4.7875,-4.515,3.0675,1.375,2.755,3.055,4.815,5.805,5.0525,4.805,5.3875,6.84
2010-05-31,-3.205,-3.5,-3.075,-4.5825,-4.2325,3.175,1.4225,2.85,3.0725,4.6525,5.8025,5.1875,4.8475,4.97,7.105
2010-06-01,-3.3075,-3.505,-3.0525,-5.09,-4.74,3.17,1.4125,2.9575,3.165,4.6875,5.56,4.89,4.9125,5.3975,7.85
2010-06-02,-3.2925,-3.325,-2.715,-5.185,-4.8375,3.1325,1.4275,2.9775,3.1675,4.665,5.775,5.06,5.07,5.39,8.405
2010-06-03,-3.2175,-3.3375,-2.58,-4.5175,-4.2275,3.095,1.3875,2.88,3.0875,4.17,5.6175,4.9375,4.87,4.685,7.64
2010-06-04,-3.4025,-3.38,-2.635,-5.065,-4.7375,3.2975,1.455,2.955,3.165,4.5425,5.82,5.08,5.0975,4.85,7.6325
2010-06-07,-3.3725,-3.42,-2.905,-5.5,-5.1375,3.395,1.42,2.955,3.14,4.595,5.9375,5.075,4.9875,4.5425,8.6025
2010-06-08,-3.26,-3.35,-2.815,-5.34,-4.64,3.2525,1.4425,2.8125,3.015,4.625,5.89,5.02,5.1475,4.005,8.635
2010-06-09,-2.92,-3.035,-2.765,-5.0525,-4.61,2.9475,1.165,2.7325,2.925,4.2375,5.6675,4.8975,4.885,3.6,8.9225
2010-06-10,-2.685,-2.89,-2.665,-4.4225,-3.9925,2.87,1.2475,2.5675,2.7675,4.15,5.555,4.935,4.96,3.425,8.9275
2010-06-11,-2.6325,-2.64,-2.5675,-4.3875,-3.96,2.825,0.7825,2.575,2.7725,4.205,5.2875,4.84,4.4325,3.34,9.02
2010-06-14,-2.195,-2.3125,-2.3925,-4.2775,-3.935,2.71,0.6175,2.295,2.4875,4.1875,5.29,4.7875,4.3825,3.19,7.3825
2010-06-15,-2.16,-2.2925,-2.32,-4.4175,-4.12,2.39,0.6725,2.3,2.485,4.2125,5.2,4.7425,4.3,2.7275,8.0675
2010-06-16,-2.19,-2.2825,-2.0425,-4.17,-3.7525,2.3525,0.6875,2.2725,2.4575,4.115,5.435,4.675,4.24,2.7125,7.4775
2010-06-17,-2.2025,-2.4175,-2.0525,-4.315,-3.955,2.38,0.64,2.28,2.455,4.1925,5.5525,4.7925,4.235,2.5625,7.185
2010-06-18,-2.13,-2.3925,-2.03,-4.2025,-3.895,2.37,0.4975,2.275,2.455,4.13,5.5075,4.6675,4.19,2.565,6.7725
2010-06-21,-1.97,-2.2275,-1.965,-4.035,-3.75,2.2,0.2825,2.1475,2.32,4.0625,5.555,4.6425,4.0925,2.25,5.24
2010-06-22,-2.0425,-2.205,-1.915,-4.2375,-3.96,2.1725,0.345,2.165,2.35,4.2575,5.4425,4.8725,4.19,2.295,5.475
2010-06-23,-2.1075,-2.18,-1.99,-4.5275,-4.31,2.455,0.36,2.235,2.41,4.5,5.755,4.7875,4.185,2.32,5.6875
2010-06-24,-2.1775,-2.2225,-2.04,-4.5225,-4.255,2.5575,0.5275,2.2425,2.4125,4.645,5.805,4.7125,4.285,2.22,6.1125
2010-06-25,-2.225,-2.2225,-2.21,-4.79,-4.56,2.5225,0.4825,2.2725,2.4325,4.5725,5.7225,4.6725,4.425,2.3225,6.8175
2010-06-28,-2.2025,-2.2325,-2.16,-4.39,-4.2625,2.4075,0.2275,2.235,2.4275,4.5125,5.56,4.7025,4.38,2.42,5.9975
2010-06-29,-2.3125,-2.2075,-2.34,-4.69,-4.76,2.6675,0.2325,2.3175,2.4925,4.585,5.7175,4.95,4.435,2.465,6.4925
2010-06-30,-2.32,-2.2225,-2.4525,-4.7275,-4.9225,2.7275,0.22,2.3,2.4875,4.6325,5.995,4.7075,4.345,2.715,6.665
2010-07-01,-1.9825,-2.15,-2.7275,-4.825,-4.9325,2.8375,-0.05,2.0775,2.2625,4.675,5.98,5.035,4.515,2.7625,6.765
2010-07-02,-1.8575,-2.1025,-2.75,-4.6525,-4.655,2.6725,-0.175,2.1225,2.2875,4.7375,5.985,4.9225,4.27,2.765,6.8675
2010-07-05,-1.83,-2.07,-2.63,-4.6575,-4.6125,2.6925,0.015,2.04,2.2325,4.745,5.995,5.0075,4.2325,2.7625,6.735
2010-07-06,-1.785,-1.895,-2.56,-4.645,-4.5425,2.495,-0.0075,1.8475,2.21,4.535,5.8,5.1425,3.9575,2.6725,6.4475
2010-07-07,-1.7825,-1.8925,-2.6,-4.5625,-4.385,2.49,0.01,1.7825,2.2175,4.4575,5.795,5.0925,4.04,2.6575,6.2575
2010-07-08,-1.79,-1.8475,-2.4925,-4.3375,-4.1375,2.2525,-0.0125,1.945,2.1675,4.395,5.8025,4.9775,3.73,2.5975,6.0275
2010-07-09,-1.8625,-1.785,-2.2625,-4.115,-3.825,2.2,-0.03,2.0525,2.2375,4.2525,5.795,4.7475,3.71,2.57,5.6625
2010-07-12,-1.9625,-1.9175,-2.2175,-4.065,-3.8575,2.1275,0.055,2.0875,2.2875,4.09,5.79,4.7925,3.5375,2.5225,4.845
2010-07-13,-1.965,-1.94,-2.1175,-4.04,-3.81,2.0275,0.0475,2.1075,2.3125,4.1825,5.6925,4.7325,3.745,2.55,5.005
2010-07-14,-1.9325,-1.93,-2.025,-3.9,-3.635,2.0825,-0.0475,2.1,2.3075,4.1425,5.6075,4.915,3.3025,2.4975,4.845
2010-07-15,-1.8825,-1.885,-2.1875,-4.0625,-3.8425,2.0975,-0.035,2.0125,2.2275,4.2275,5.73,4.95,3.2625,2.4975,4.6475
2010-07-16,-1.835,-1.9,-2.395,-4.1775,-3.8875,2.3,-0.02,2.0225,2.245,4.2,5.79,4.7175,3.69,2.4225,4.6925
2010-07-19,-1.9025,-1.945,-2.4425,-4.2225,-3.9925,2.32,0.0125,2.06,2.2525,4.3375,5.81,4.5775,3.54,2.3975,4.8375
2010-07-20,-1.9875,-1.935,-2.2925,-4.0525,-3.8175,2.2725,0.06,2.095,2.2675,4.36,5.8225,4.425,3.7425,2.39,4.7825
2010-07-21,-2.0775,-1.945,-2.2325,-4.015,-3.7325,2.2,0.125,2.1675,2.3375,4.3925,5.7275,4.3825,3.6125,2.3975,4.5775
2010-07-22,-2.2025,-1.98,-2.21,-3.9975,-3.73,2.1375,0.0125,2.2075,2.3825,4.2175,5.615,4.3675,3.695,2.3925,4.6925
2010-07-23,-2.09,-2.025,-2.1475,-3.8425,-3.6025,2.0925,-0.0425,2.125,2.345,4.1275,5.495,4.35,3.365,2.4125,4.5375
2010-07-26,-2.0575,-1.98,-2.1125,-3.67,-3.3725,2.0525,-0.07,2.1275,2.345,4.215,5.5375,4.3575,3.22,1.875,4.18
2010-07-27,-1.9325,-1.99,-2.0025,-3.72,-3.5,1.95,-0.0275,2.03,2.21,4.08,5.46,4.245,3.075,1.86,3.895
2010-07-28,-1.795,-1.96,-1.9225,-3.8,-3.5425,1.8575,-0.0325,1.8725,2.145,4.19,5.395,4.285,3.68,1.825,3.4025
2010-07-29,-1.6875,-1.935,-1.8975,-3.7475,-3.4875,1.85,-0.015,1.835,2.095,4.185,5.2175,4.1525,3.22,1.815,3.4125
2010-07-30,-1.72,-1.915,-1.925,-3.7225,-3.4225,1.8125,-0.0025,1.8725,2.13,4.2425,5.2075,4.2625,3.595,1.78,3.3125
2010-08-02,-1.545,-1.82,-1.88,-3.595,-3.3925,1.5875,-0.07,1.7775,2.03,4.2175,5.21,4.03,3.245,1.7325,3.24
2010-08-03,-1.415,-1.7025,-2.0175,-3.5425,-3.2775,1.4775,-0.205,1.7025,1.955,4.2575,5.105,4.12,2.95,1.71,3.0275
2010-08-04,-1.4625,-1.71,-2.06,-3.3825,-3.125,1.4525,-0.2375,1.7125,1.97,4.27,5.2325,4.415,3.525,1.7325,2.885
2010-08-05,-1.5575,-1.8325,-2.0225,-3.465,-3.26,1.4125,-0.1725,1.735,2.0025,4.21,5.1525,4.3,3.4575,1.7925,2.8675
2010-08-06,-1.4675,-1.8325,-2.025,-3.4725,-3.2475,1.4225,-0.2075,1.6775,1.99,4.1225,5.1925,4.26,3.3875,1.7925,2.9725
2010-08-09,-1.3825,-1.8175,-2.045,-3.4475,-3.255,1.4325,-0.2925,1.65,1.8775,4.275,5.0725,4.18,3.3125,1.815,2.8
2010-08-10,-1.395,-1.835,-2.05,-3.5725,-3.3875,1.5575,-0.32,1.54,1.885,4.345,5.3375,4.175,3.3975,1.7975,3.0625
2010-08-11,-1.645,-1.9,-2.09,-3.72,-3.5425,1.6575,-0.29,1.775,2.0425,4.3325,5.3875,4.16,3.8125,1.94,3.6375
2010-08-12,-1.84,-2.1325,-2.0425,-3.905,-3.7575,1.6725,-0.1325,1.9075,2.185,4.3725,5.5475,4.1775,3.7775,2.0025,4.0325
2010-08-13,-1.93,-2.1125,-1.985,-3.7775,-3.55,1.7175,-0.1025,1.9675,2.245,4.3125,5.4125,4.1625,3.5075,1.755,3.96
2010-08-16,-1.9275,-2.1275,-1.9675,-3.8075,-3.575,1.625,-0.1725,1.9625,2.25,4.2625,5.5475,4.095,3.5075,1.6825,3.9725
2010-08-17,-1.8475,-1.97,-1.9175,-3.6525,-3.4775,1.58,-0.2175,1.9375,2.2075,4.26,5.4925,4.14,3.3925,1.7375,3.7875
2010-08-18,-1.83,-1.9975,-1.9175,-3.6525,-3.435,1.49,-0.2325,1.99,2.25,4.2725,4.975,4.135,3.2775,1.6875,3.7875
2010-08-19,-1.805,-1.94,-1.87,-3.6425,-3.435,1.61,-0.285,1.99,2.245,4.0975,4.8375,4.0025,3.3725,1.705,3.7625
2010-08-20,-1.8575,-1.9575,-1.8675,-3.7125,-3.4375,1.665,-0.3225,2.0075,2.265,4.145,4.8325,4.1375,3.6225,1.71,3.835
2010-08-23,-1.945,-1.965,-1.875,-3.5225,-3.2575,1.625,-0.2325,2.0225,2.2825,4.0625,4.8175,4.1475,3.7075,1.7525,3.81
2010-08-24,-2.0775,-2.2225,-2.1525,-3.585,-3.2875,1.7425,-0.1575,2.1225,2.3875,4.2075,4.8625,4.3175,3.8025,1.7375,3.915
2010-08-25,-2.0775,-2.1725,-2.12,-3.6,-3.2975,1.835,-0.5425,2.1625,2.39,4.21,4.87,4.2225,3.7975,1.7375,4.06
2010-08-26,-2.0275,-2.18,-2.0675,-3.54,-3.2225,1.805,-0.695,2.15,2.39,4.14,4.915,4.0925,3.7275,1.7375,3.9675
2010-08-27,-2.0125,-2.1875,-2.02,-3.5275,-3.225,1.7275,-0.6925,2.17,2.335,4.2275,4.85,4.065,3.6025,1.735,4.1175
2010-08-30,-2.0225,-2.1625,-1.9325,-3.5025,-3.1925,1.765,-0.685,2.0825,2.3375,4.2175,4.745,4.085,3.6025,1.7425,4.0825
2010-08-31,-2.0475,-2.215,-1.97,-3.5875,-3.2725,1.7925,-0.895,2.115,2.3625,4.3325,4.7025,4.235,3.5775,1.9325,4.0975
2010-09-01,-1.9575,-2.1975,-1.905,-3.5325,-3.2275,1.7225,-0.9525,2.06,2.31,4.32,4.635,3.93,3.5525,1.955,3.9525
2010-09-02,-1.9025,-2.22,-1.86,-3.465,-3.1425,1.7375,-0.9275,2.02,2.2775,4.2325,4.4225,3.8975,3.4925,1.805,3.9125
2010-09-03,-1.8225,-2.255,-1.7775,-3.3475,-3.0425,1.59,-0.905,1.98,2.2425,4.1925,4.2875,3.7075,3.3575,1.7975,3.8225
2010-09-06,-1.7675,-2.205,-1.7375,-3.285,-2.9675,1.605,-0.8725,1.97,2.245,4.225,4.3425,3.705,3.3375,1.8,3.79
2010-09-07,-1.8775,-2.165,-1.8425,-3.3275,-3.015,1.68,-0.8225,2.0225,2.25,4.23,4.195,3.735,3.505,1.735,3.885
2010-09-08,-1.905,-1.97,-1.9375,-3.2475,-2.9325,1.595,-0.8625,2.0425,2.2825,4.2125,4.2775,3.79,3.5575,1.695,3.8625
2010-09-09,-1.895,-1.9525,-1.935,-3.0975,-2.7975,1.52,-0.8675,1.9975,2.2625,4.265,4.2425,3.615,3.4375,1.6925,3.7975
2010-09-10,-1.78,-1.95,-1.915,-3.1175,-2.825,1.4925,-0.7725,1.915,2.185,4.28,4.21,3.6,3.4125,1.7025,3.7075
2010-09-13,-1.6925,-1.925,-1.8975,-3.05,-2.7575,1.455,-0.84,1.8875,2.135,4.2425,4.1425,3.455,3.2125,1.6075,3.6525
2010-09-14,-1.5425,-1.8775,-2.04,-2.96,-2.665,1.4575,-0.89,1.8025,2.035,4.005,4.16,3.385,3.2475,1.495,3.5175
2010-09-15,-1.51,-1.8525,-1.635,-2.8625,-2.55,1.4725,-0.895,1.7625,2.025,3.825,4.1175,3.41,3.2425,1.48,3.48
2010-09-16,-1.345,-1.84,-1.5125,-2.8475,-2.5725,1.42,-0.77,1.5275,1.8575,3.9075,4.1325,3.43,3.0725,1.4825,3.475
2010-09-17,-1.365,-1.78,-1.4625,-2.745,-2.48,1.445,-0.6775,1.56,1.865,3.8175,4.12,3.435,3.0825,1.4525,3.4875
2010-09-20,-1.3075,-1.8025,-1.4075,-2.58,-2.31,1.415,-0.6975,1.255,1.605,3.735,4.1675,3.44,2.9725,1.3825,3.4775
2010-09-21,-1.17,-1.8125,-1.42,-2.495,-2.2,1.435,-0.79,1.4775,1.8325,3.79,4.2175,3.45,2.9275,1.4225,3.4525
2010-09-22,-1.0275,-1.7325,-1.4375,-2.28,-2.05,1.32,-0.88,1.1825,1.785,3.795,4.2525,3.44,2.8175,1.1875,3.4575
2010-09-23,-1.07,-1.6925,-1.47,-2.3725,-2.1075,1.41,-0.85,1.1525,1.8175,3.77,4.35,3.425,2.8225,1.4975,3.4425
2010-09-24,-0.98,-1.68,-1.4325,-2.41,-2.1375,1.375,-0.93,1.1575,1.74,3.735,4.3275,3.425,2.8225,1.5,3.4525
2010-09-27,-0.845,-1.4275,-1.4925,-2.32,-2.0475,1.315,-0.94,1.2275,1.7825,3.6925,4.4,3.395,2.7125,1.37,3.37
2010-09-28,-0.895,-1.45,-1.4775,-2.34,-2.11,1.345,-0.8975,1.34,1.84,3.6675,4.41,3.405,2.7625,1.395,3.325
2010-09-29,-0.805,-1.415,-1.52,-2.22,-1.97,1.2925,-0.9525,1.2575,1.8525,3.7025,4.415,3.1975,2.5525,1.395,3.3875
2010-09-30,-0.8275,-1.44,-1.61,-2.24,-1.9525,1.205,-0.91,1.3025,1.8725,3.7,4.49,3.1325,2.505,1.2975,3.3975
2010-10-01,-0.8175,-1.43,-1.615,-2.245,-1.9925,1.16,-0.9725,1.27,1.8425,3.735,4.4775,3.12,2.465,1.365,3.2
2010-10-04,-0.925,-1.435,-1.65,-2.245,-1.9725,1.0975,-0.9025,1.3275,1.9075,3.73,4.4875,3.05,2.505,1.325,3.14
2010-10-05,-0.8025,-1.425,-1.64,-2.3575,-2.1425,0.8475,-0.975,1.2975,1.54,3.7225,4.3075,3.1325,2.42,1.355,3.395
2010-10-06,-0.7925,-1.2075,-1.6675,-2.31,-2.0475,0.4,-1.05,1.2825,1.5275,3.69,4.3,3.0225,2.09,1.4,3.135
2010-10-07,-0.695,-1.1925,-1.795,-2.045,-1.805,0.3675,-1.0825,1.1225,1.4375,3.685,4.3125,2.8775,2.225,1.31,2.755
2010-10-08,-0.67,-1.1575,-1.84,-2.1625,-1.915,0.435,-1.0775,1.2375,1.465,3.7575,4.2975,2.88,2.355,1.3325,2.49
2010-10-11,-0.71,-1.15,-1.895,-2.095,-1.875,0.415,-1.0425,1.1425,1.4575,3.74,4.34,2.8675,2.155,1.3325,2.53
2010-10-12,-0.7975,-1.1525,-1.855,-2.1775,-1.9225,0.425,-0.9975,1.19,1.5,3.6425,4.28,2.9375,2.135,1.335,2.61
2010-10-13,-0.7625,-1.16,-1.85,-2.2375,-1.9625,0.34,-1.045,1.185,1.4825,3.695,4.3175,2.925,1.91,1.33,2.635
2010-10-14,-0.6825,-1.0575,-1.92,-2.185,-1.925,0.315,-1.085,1.1375,1.4325,3.65,4.375,2.695,1.71,1.335,2.54
2010-10-15,-0.695,-1.0725,-1.8975,-2.235,-1.9625,0.35,-1.0275,1.1375,1.4325,3.7075,4.2825,2.665,1.765,1.335,2.58
2010-10-18,-0.845,-1.095,-1.9025,-2.3875,-2.13,0.39,-0.945,1.2875,1.5275,3.64,4.385,2.7,1.89,1.34,2.5925
2010-10-19,-0.94,-1.175,-1.865,-2.625,-2.36,0.615,-0.8275,1.27,1.5675,3.605,4.465,2.7025,2.125,1.505,2.61
2010-10-20,-0.91,-1.24,-1.835,-2.695,-2.44,0.56,-0.9375,1.3275,1.6175,3.605,4.4975,2.765,1.955,1.505,2.77
2010-10-21,-0.9275,-1.21,-1.805,-2.6625,-2.385,0.51,-0.905,1.3,1.5875,3.685,4.7625,2.8,2.055,1.51,2.7625
2010-10-22,-0.885,-1.18,-1.815,-2.675,-2.43,0.515,-0.9475,1.3275,1.6175,3.6875,5.0725,2.785,2.11,1.505,3.0025
2010-10-25,-0.875,-1.155,-1.895,-2.5975,-2.3475,0.5,-0.915,1.2725,1.5575,3.6575,5.1775,2.705,2.05,1.405,2.9275
2010-10-26,-0.97,-1.14,-1.825,-2.6075,-2.3325,0.52,-0.8625,1.39,1.61,3.6325,5.2225,2.72,2.13,1.495,3.005
2010-10-27,-1.185,-1.1975,-1.7425,-2.7575,-2.4975,0.645,-0.6625,1.5475,1.7675,3.6325,5.3425,2.835,2.365,1.6,3.13
2010-10-28,-1.12,-1.2025,-1.71,-2.7275,-2.4575,0.5275,-0.7025,1.4975,1.715,3.6475,5.2225,2.85,2.385,1.59,3.14
2010-10-29,-1.125,-1.2,-1.705,-2.7475,-2.465,0.535,-0.6825,1.4925,1.7175,3.675,5.2775,2.835,2.365,1.57,3.0975
2010-11-01,-1.105,-1.1825,-1.71,-2.72,-2.415,0.55,-0.6775,1.4225,1.7175,3.6525,5.4075,2.815,2.485,1.585,3.195
2010-11-02,-1.155,-1.1725,-1.705,-2.69,-2.395,0.545,-0.665,1.5175,1.7425,3.62,5.365,2.9375,2.245,1.59,3.195
2010-11-03,-1.24,-1.1675,-1.685,-2.6575,-2.3825,0.525,-0.6225,1.5775,1.8075,3.475,5.1025,2.945,2.24,1.625,3.085
2010-11-04,-1.25,-1.16,-1.625,-2.47,-2.1825,0.53,-0.6325,1.545,1.77,3.3625,4.985,2.77,2.11,1.3975,2.935
2010-11-05,-1.47,-1.16,-1.595,-2.5,-2.2125,0.56,-0.5975,1.6775,1.9325,3.37,4.9575,2.85,2.055,1.4575,2.995
2010-11-08,-1.605,-1.205,-1.59,-2.52,-2.27,0.555,-0.5325,1.7475,2.005,3.3775,4.9025,2.7575,2.08,1.445,2.98
2010-11-09,-1.715,-1.245,-1.535,-2.6775,-2.525,0.57,-0.4825,1.785,2.0175,3.32,4.9475,2.715,2.045,1.445,2.975
2010-11-10,-1.79,-1.31,-1.365,-2.705,-2.5275,0.67,-0.4525,1.8175,2.0675,3.3225,4.9475,2.695,2.075,1.445,3.05
2010-11-11,-1.785,-1.3175,-1.265,-2.7475,-2.5525,0.8,-0.4525,1.8075,2.0925,3.345,4.98,2.66,2.295,1.445,3.0825
2010-11-12,-1.835,-1.2925,-1.29,-2.9825,-2.6675,0.855,-0.4075,1.8275,2.0825,3.3425,4.965,2.7325,2.435,1.755,3.3625
2010-11-15,-1.84,-1.315,-1.075,-3.0225,-2.87,0.795,-0.3925,1.8925,2.1225,3.375,5.0175,2.7375,2.505,1.845,3.59
2010-11-16,-1.885,-1.33,-0.89,-3.1225,-2.965,0.935,-0.3325,1.84,2.06,3.455,5.1525,2.735,2.68,1.96,3.6425
2010-11-17,-1.82,-1.3025,-0.895,-3.0875,-2.9775,0.885,-0.3675,1.8575,2.0975,3.5075,5.1125,2.775,2.645,1.965,3.8275
2010-11-18,-1.495,-1.24,-0.85,-2.88,-2.8025,0.815,-0.3575,1.7175,1.9575,3.54,5.015,2.77,2.555,1.935,3.6975
2010-11-19,-1.43,-1.245,-0.83,-2.7925,-2.6675,0.835,-0.2825,1.6775,1.905,3.575,5.0925,2.875,2.4325,1.915,3.48
2010-11-22,-1.425,-1.25,-0.775,-2.56,-2.445,0.86,-0.2875,1.6575,1.8975,3.56,5.005,2.8425,2.45,1.945,3.35
2010-11-23,-1.675,-1.325,-0.88,-2.735,-2.665,0.94,-0.21,1.7525,1.9825,3.58,5.07,2.8175,2.805,2.145,4.58
2010-11-24,-1.795,-1.315,-0.88,-2.83,-2.7575,0.885,-0.1625,1.7975,2.0375,3.585,5.015,2.995,2.665,2.185,4.44
2010-11-25,-1.855,-1.395,-0.845,-2.765,-2.6975,0.875,-0.1775,1.5025,2.0775,3.4725,5.055,2.885,2.67,2.235,4.685
2010-11-26,-2.075,-1.575,-0.8,-2.975,-2.855,1.03,-0.14,1.7175,2.2225,3.505,5.01,2.985,2.79,2.49,5.505
2010-11-29,-2.3625,-1.7475,-0.765,-3.01,-2.98,1.135,-0.1225,1.7525,2.035,3.5675,5.1675,3.1425,2.925,2.445,5.595
2010-11-30,-2.44,-1.7775,-0.825,-3.135,-3.065,1.23,-0.095,1.6525,1.7,3.52,5.1825,3.4025,3.215,2.55,5.595
2010-12-01,-2.25,-1.7175,-0.79,-3.135,-3.0325,1.155,-0.2325,1.94,1.9825,3.5525,5.005,3.2975,3.035,2.5,5.605
2010-12-02,-2.275,-1.725,-0.8075,-3.025,-2.8475,1.08,-0.1925,1.98,1.7,3.405,4.935,3.1725,2.94,4.685,5.375
2010-12-03,-2.09,-1.66,-0.865,-2.96,-2.9275,0.94,-0.32,1.97,1.7,3.43,4.84,3.1575,2.725,4.83,5.255
2010-12-06,-2.2125,-1.6275,-0.9075,-3.045,-3.0225,0.96,-0.3,1.9025,1.7,3.445,4.785,2.8875,2.72,2.93,5.0
2010-12-07,-2.1525,-1.635,-0.88,-3.03,-2.9775,0.905,-0.355,2.04,1.7,3.455,4.74,2.8625,2.66,2.15,4.715
2010-12-08,-2.2125,-1.675,-0.74,-3.06,-2.9775,0.9,-0.2925,2.08,1.7,3.545,4.78,2.865,2.73,2.38,4.8775
2010-12-09,-2.2075,-1.595,-0.63,-2.97,-2.8925,0.985,-0.3075,2.055,1.7,3.515,4.82,2.85,2.855,2.38,4.91
2010-12-10,-2.1575,-1.595,-0.575,-2.935,-2.8675,0.925,-0.3775,1.895,1.7,3.535,4.82,2.8475,2.805,3.645,4.825
2010-12-13,-1.9975,-1.5975,-0.5725,-2.78,-2.7375,0.875,-0.4175,1.955,1.7,3.53,4.775,2.86,2.845,2.305,4.8
2010-12-14,-1.975,-1.5725,-0.68,-2.83,-2.7175,0.89,-0.4025,1.97,1.7,3.495,4.7225,3.005,2.805,2.295,4.7625
2010-12-15,-2.0975,-1.625,-0.6375,-2.82,-2.7125,0.895,-0.305,1.865,1.7,3.5025,4.7475,3.165,2.965,2.295,5.12
2010-12-16,-2.215,-1.635,-0.55,-2.87,-2.7775,0.88,-0.2925,1.885,2.05,3.4925,4.745,3.1675,3.04,2.3075,5.1875
2010-12-17,-2.2475,-1.67,-0.545,-2.87,-2.7775,0.895,-0.2575,1.95,2.045,3.4875,4.73,3.1875,3.22,2.3075,5.1525
2010-12-20,-2.23,-1.67,-0.5175,-2.855,-2.81,0.995,-0.2775,1.94,2.04,3.4975,4.74,3.1375,3.25,2.3025,5.515
2010-12-21,-2.2225,-1.6275,-0.55,-2.92,-2.905,1.02,-0.3,1.98,2.085,3.5,4.7275,3.0575,3.185,2.295,5.3325
2010-12-22,-2.1975,-1.6625,-0.535,-2.8,-2.7375,1.03,-0.3775,1.97,2.1075,3.4975,4.73,3.0725,3.11,2.3,5.3375
2010-12-23,-2.235,-1.6525,-0.57,-2.815,-2.765,1.025,-0.34,1.915,2.025,3.505,4.7525,3.1025,3.1,2.3,5.165
2010-12-24,-2.2,-1.685,-0.56,-2.805,-2.7475,1.045,-0.345,1.915,2.0075,3.5075,4.75,3.115,3.11,1.995,5.045
2010-12-27,-2.205,-1.6625,-0.585,-2.79,-2.74,1.0125,-0.345,1.9025,1.985,3.56,4.765,3.1025,3.0925,2.0,4.98
2010-12-28,-2.155,-1.6525,-0.6875,-2.81,-2.81,0.94,-0.4375,2.04,2.205,3.6375,4.715,3.08,3.1025,2.0,4.8525
2010-12-29,-2.155,-1.62,-0.735,-2.8925,-2.7475,0.94,-0.49,2.08,2.2675,3.6475,4.69,3.075,3.135,2.0,4.8425
2010-12-30,-2.025,-1.55,-0.775,-2.81,-2.7325,0.965,-0.49,2.055,2.235,3.605,4.7,3.0575,3.1025,1.8775,4.815
2010-12-31,-2.06,-1.6375,-0.6725,-2.805,-2.7175,1.01,-0.4,1.88,1.97,3.63,4.72,3.0925,3.13,1.8225,4.67
2011-01-03,-2.0625,-1.6675,-0.7625,-2.8175,-2.825,0.975,-0.425,1.88,1.96,3.6675,4.71,3.1,3.115,1.86,4.64
2011-01-04,-2.0225,-1.6175,-0.6875,-2.9,-2.92,0.98,-0.37,1.97,2.15,3.65,4.755,3.0875,3.0625,1.865,4.43
2011-01-05,-1.965,-1.5525,-0.5775,-2.87,-2.825,0.93,-0.3125,1.945,2.095,3.4375,4.625,3.0925,3.005,1.92,4.5175
2011-01-06,-2.0575,-1.6025,-0.63,-2.92,-2.9225,0.965,-0.2875,1.935,2.05,3.3275,4.595,3.21,2.915,2.005,4.45
2011-01-07,-2.0875,-1.61,-0.61,-2.815,-2.7925,0.92,-0.29,1.88,1.96,3.345,4.635,3.235,3.04,2.0075,4.52
2011-01-10,-2.0275,-1.62,-0.6,-2.75,-2.6975,0.945,-0.3525,1.83,1.94,3.34,4.63,3.23,3.18,1.975,4.5025
2011-01-11,-1.7725,-1.4975,-0.59,-2.91,-2.8775,0.945,-0.335,2.0525,2.205,3.3325,4.66,3.25,3.1525,1.96,4.57
2011-01-12,-1.4775,-1.3425,-0.605,-2.76,-2.7325,0.895,-0.3475,1.915,2.01,3.2325,4.595,3.22,2.96,1.9575,4.495
2011-01-13,-1.2475,-1.33,-0.6025,-2.42,-2.4025,0.98,-0.3775,1.845,2.0175,3.26,4.65,3.2275,2.83,2.095,4.12
2011-01-14,-1.2675,-1.3,-0.6275,-2.38,-2.3175,0.92,-0.225,2.065,2.275,3.275,4.765,3.3075,2.7725,2.115,4.135
2011-01-17,-1.3375,-1.265,-0.63,-2.375,-2.3625,0.9275,-0.2425,1.835,2.005,3.29,4.735,3.2675,2.775,2.14,4.2225
2011-01-18,-1.3525,-1.2525,-0.6725,-2.46,-2.3225,0.945,-0.2475,1.825,1.995,3.2425,4.665,3.265,2.745,2.1425,4.225
2011-01-19,-1.2825,-1.2275,-0.7875,-2.385,-2.2875,0.9825,-0.23,1.905,1.995,3.1725,4.655,3.15,2.825,2.1425,4.1175
2011-01-20,-1.4125,-1.245,-0.755,-2.55,-2.4125,1.03,-0.135,1.845,2.015,3.18,4.64,3.2075,2.9775,2.145,4.1975
2011-01-21,-1.3375,-1.2425,-0.755,-2.57,-2.4825,1.0375,-0.2475,1.825,1.995,3.1825,4.605,3.28,3.0775,2.145,4.1975
2011-01-24,-1.2925,-1.2475,-0.75,-2.5375,-2.4825,1.02,-0.2525,1.82,1.97,3.2,4.585,3.265,3.0775,2.1475,4.165
2011-01-25,-1.2975,-1.285,-0.76,-2.52,-2.4475,1.07,-0.2275,1.9,1.96,3.195,4.555,3.3,2.99,2.1475,4.1525
2011-01-26,-1.3325,-1.275,-0.74,-2.4725,-2.3775,1.04,-0.2075,1.9,1.965,3.2075,4.45,3.27,3.07,2.1475,4.0575
2011-01-27,-1.48,-1.275,-0.64,-2.425,-2.3125,1.0375,-0.0875,1.815,1.96,3.2125,4.35,3.165,2.835,2.145,3.9575
2011-01-28,-1.615,-1.3925,-0.64,-2.535,-2.4575,1.0825,-0.0725,1.81,1.965,3.225,4.315,3.3325,3.235,2.195,3.8825
2011-01-31,-1.68,-1.3975,-0.7,-2.6025,-2.4775,1.1275,-0.1725,1.81,1.9725,3.28,4.335,3.355,3.29,2.1225,4.11
2011-02-01,-1.64,-1.35,-0.715,-2.575,-2.4925,1.0175,-0.2375,1.81,1.96,3.2325,4.34,3.2275,3.1075,2.2375,3.975
2011-02-02,-1.5975,-1.3125,-0.79,-2.5525,-2.4225,0.9875,-0.2075,1.83,1.98,3.165,4.29,3.1975,2.995,2.23,3.81
2011-02-03,-1.6425,-1.33,-0.775,-2.6075,-2.5725,0.9725,-0.2125,1.905,1.96,3.195,4.31,3.265,3.09,2.155,3.8
2011-02-04,-1.6175,-1.3275,-0.775,-2.5825,-2.56,0.9175,-0.2325,1.9,1.96,3.165,4.28,3.355,3.1275,2.1625,3.795
2011-02-07,-1.6125,-1.3225,-0.75,-2.5125,-2.475,0.9525,-0.2375,1.81,1.965,3.1475,4.285,3.3325,2.995,2.1525,3.795
2011-02-08,-1.5075,-1.2875,-0.745,-2.3975,-2.3625,0.9675,-0.155,1.915,1.985,3.17,4.285,3.2525,2.995,2.105,3.615
2011-02-09,-1.4725,-1.2825,-0.725,-2.3825,-2.3625,0.99,-0.1825,1.905,1.97,3.1375,4.0,3.205,3.16,2.2025,3.635
2011-02-10,-1.4875,-1.275,-0.615,-2.4625,-2.3875,1.005,-0.15,1.895,1.96,3.18,4.015,3.235,3.205,2.205,3.855
2011-02-11,-1.5575,-1.35,-0.585,-2.5775,-2.5275,0.985,-0.09,1.82,1.975,3.1,3.8625,3.2925,3.215,2.2025,4.275
2011-02-14,-1.57,-1.345,-0.56,-2.56,-2.5575,0.9625,-0.03,1.9,1.965,3.0975,3.81,3.245,3.03,2.2,4.165
2011-02-15,-1.565,-1.3,-0.56,-2.4375,-2.455,0.9725,-0.02,1.83,1.9825,3.075,3.7475,3.28,2.975,2.2,4.13
2011-02-16,-1.54,-1.3275,-0.525,-2.4625,-2.4225,0.9625,-0.0775,2.05,2.265,3.0325,3.7425,3.31,2.935,2.1975,4.01
2011-02-17,-1.505,-1.255,-0.505,-2.33,-2.2175,0.955,-0.1825,1.935,2.03,3.035,3.7525,3.125,2.88,2.2075,3.855
2011-02-18,-1.5,-1.1925,-0.49,-2.395,-2.3575,0.9425,-0.1775,1.935,2.03,3.03,3.72,3.0975,2.885,2.0575,3.74
2011-02-21,-1.44,-1.1375,-0.53,-2.305,-2.255,0.9375,-0.1975,1.815,1.99,3.02,3.7225,3.1075,2.8975,2.0625,3.7125
2011-02-22,-1.51,-1.275,-0.615,-2.5525,-2.5775,0.9775,-0.195,1.8275,2.0025,3.0375,3.735,3.1425,3.1325,1.9875,4.1525
2011-02-23,-1.465,-1.2475,-0.825,-2.6125,-2.6425,1.0375,-0.255,1.82,1.99,3.155,3.74,3.0975,3.0575,1.99,4.155
2011-02-24,-1.515,-1.2975,-1.22,-2.705,-2.72,1.0125,-0.3875,1.875,2.0375,3.26,3.81,3.2,3.22,2.0,4.24
2011-02-25,-1.495,-1.3175,-1.27,-2.54,-2.5775,0.99,-0.3775,1.81,1.96,3.2625,3.765,3.1125,3.135,2.005,4.235
2011-02-28,-1.42,-1.285,-1.265,-2.5025,-2.55,0.865,-0.435,1.805,1.96,3.27,3.77,3.1125,3.18,2.065,4.255
2011-03-01,-1.385,-1.225,-1.255,-2.46,-2.51,0.915,-0.42,1.82,1.995,3.235,3.72,3.035,3.0,1.9925,4.0375
2011-03-02,-1.3775,-1.1925,-1.22,-2.53,-2.68,0.93,-0.46,1.825,1.99,3.245,3.73,3.0375,3.185,2.0,4.03
2011-03-03,-1.3325,-1.1525,-1.185,-2.5625,-2.6425,0.945,-0.4725,1.815,1.99,3.2475,3.755,3.0625,3.14,2.0,3.805
2011-03-04,-1.3025,-1.185,-1.125,-2.565,-2.66,0.86,-0.445,1.815,1.9925,3.245,3.715,3.0425,3.08,1.9925,3.695
2011-03-07,-1.2825,-1.145,-1.1075,-2.3675,-2.495,0.885,-0.46,1.825,2.0,3.2225,3.705,3.0625,3.12,1.9875,3.5925
2011-03-08,-1.4325,-1.155,-1.06,-2.41,-2.5525,0.9,-0.375,1.955,2.04,3.2175,3.705,3.0375,3.135,3.825,3.5575
2011-03-09,-1.4975,-1.145,-0.98,-2.4075,-2.59,0.88,-0.36,1.91,1.98,3.2175,3.745,3.03,3.09,3.465,3.505
2011-03-10,-1.6425,-1.1625,-0.945,-2.55,-2.6925,0.89,-0.2175,1.825,1.985,3.22,3.7875,2.97,2.975,3.335,3.4825
2011-03-11,-1.6575,-1.17,-1.155,-2.6475,-2.73,0.97,-0.3625,1.8975,1.9625,3.24,3.765,3.015,2.985,3.175,3.55
2011-03-14,-1.5725,-1.145,-1.415,-2.6125,-2.61,0.9925,-0.4075,1.8925,1.96,3.21,3.79,3.0075,2.91,2.6075,3.7275
2011-03-15,-1.71,-1.3075,-1.77,-3.1425,-3.0925,1.4825,-0.345,1.815,1.97,3.3375,3.955,3.3575,3.23,2.175,4.0225
2011-03-16,-1.715,-1.365,-1.885,-3.41,-3.225,1.455,-0.3275,1.895,1.975,3.4425,4.1075,3.275,3.14,1.9725,4.0025
2011-03-17,-1.7575,-1.2975,-2.37,-3.705,-3.535,1.5225,-0.9425,1.9125,2.0,3.5275,4.515,3.4575,3.37,1.94,4.2775
2011-03-18,-1.71,-1.2525,-1.475,-3.155,-2.88,1.395,-0.8475,1.82,1.995,3.575,4.46,3.4275,3.155,1.79,4.0875
2011-03-21,-1.705,-1.27,-1.65,-2.82,-2.59,1.3825,-0.84,1.885,1.985,3.4975,4.43,3.4225,3.045,1.79,3.89
2011-03-22,-1.7275,-1.23,-1.5575,-2.725,-2.515,1.4025,-0.7875,1.8,1.975,3.5175,4.43,3.405,2.915,1.8,3.68
2011-03-23,-1.815,-1.245,-1.44,-2.6775,-2.49,1.4175,-0.6525,1.815,1.97,3.4775,4.42,3.395,2.7975,1.7775,3.665
2011-03-24,-1.765,-1.3075,-1.425,-2.6,-2.43,1.4,-0.7,1.83,1.9825,3.45,4.31,3.3825,2.6075,1.77,3.6225
2011-03-25,-1.815,-1.3175,-1.44,-2.515,-2.35,1.3875,-0.6525,1.83,1.9875,3.4325,4.2825,3.35,2.525,1.7125,3.515
2011-03-28,-1.83,-1.3125,-1.435,-2.465,-2.335,1.395,-0.645,1.9,1.965,3.44,4.27,3.3575,2.5575,1.6475,3.5775
2011-03-29,-1.7825,-1.3425,-1.35,-2.535,-2.3675,1.3775,-0.6375,2.0675,2.2,3.4025,4.22,3.335,2.51,1.6025,3.5
2011-03-30,-1.78,-1.3375,-0.865,-2.545,-2.41,1.3625,-0.625,1.8975,1.96,3.4,4.035,3.325,2.415,1.6025,3.305
2011-03-31,-1.7225,-1.3275,-0.8475,-2.555,-2.4,1.3175,-0.685,1.815,1.975,3.4125,3.94,3.335,2.385,1.595,3.0825
2011-04-01,-1.685,-1.335,-0.8325,-2.6,-2.44,1.2725,-0.6325,1.8075,1.96,3.425,3.775,3.24,2.28,1.595,2.9175
2011-04-04,-1.6725,-1.315,-0.815,-2.51,-2.365,1.21,-0.6375,1.815,1.97,3.3725,3.795,3.285,2.3325,1.605,2.87
2011-04-05,-1.69,-1.3175,-0.755,-2.5625,-2.435,1.2,-0.6225,1.815,1.97,3.2625,3.775,3.21,2.365,1.5325,2.915
2011-04-06,-1.5525,-1.285,-0.6775,-2.58,-2.41,1.155,-0.6475,1.805,1.9575,3.2425,3.7875,3.1775,2.155,1.5325,2.845
2011-04-07,-1.5475,-1.2875,-0.68,-2.5875,-2.45,1.1325,-0.645,1.8175,1.975,3.25,3.635,3.1375,2.1475,1.5325,2.865
2011-04-08,-1.5075,-1.2825,-0.7825,-2.75,-2.595,1.12,-0.67,1.905,1.97,3.2675,3.3725,3.095,2.15,1.53,2.87
2011-04-11,-1.5225,-1.3,-0.775,-2.625,-2.49,1.135,-0.6425,1.905,1.965,3.21,3.32,3.03,2.205,1.565,2.8975
2011-04-12,-1.4875,-1.3475,-0.98,-2.745,-2.56,1.1775,-0.6875,1.92,1.99,3.125,3.295,3.015,2.4525,1.53,3.025
2011-04-13,-1.4775,-1.3125,-0.995,-2.775,-2.57,1.1725,-0.745,1.905,1.97,3.135,3.3575,3.025,2.2725,1.5975,3.1025
2011-04-14,-1.4925,-1.2825,-1.11,-2.78,-2.58,1.24,-0.755,1.91,1.975,3.1475,3.405,3.275,2.29,1.6425,3.0875
2011-04-15,-1.4775,-1.305,-1.215,-2.73,-2.535,1.25,-0.7225,1.915,1.985,3.16,3.54,3.27,2.3,1.625,3.11
2011-04-18,-1.73,-1.2975,-1.2825,-2.765,-2.545,1.3125,-0.6875,2.015,2.055,3.09,3.555,3.305,2.5825,1.64,3.1425
2011-04-19,-1.7675,-1.2625,-1.3,-2.83,-2.605,1.24,-0.67,1.985,2.08,3.0925,3.57,3.34,2.5975,1.675,3.1375
2011-04-20,-1.6375,-1.2275,-1.2225,-2.73,-2.575,1.135,-0.76,2.0,2.0925,2.8525,3.5,3.26,2.4675,1.63,3.0875
2011-04-21,-1.58,-1.1525,-1.2225,-2.7,-2.51,1.05,-0.7975,1.9,1.96,2.7275,3.505,3.325,2.3925,1.695,3.0375
2011-04-22,-1.5625,-1.1325,-1.225,-2.69,-2.53,1.0675,-0.8025,1.9,1.96,2.7275,3.46,3.1825,2.44,1.6975,3.0775
2011-04-25,-1.585,-1.1225,-1.22,-2.645,-2.485,1.145,-0.7925,1.905,1.9625,2.6925,3.4975,3.1725,2.425,1.6,3.07
2011-04-26,-1.6025,-1.155,-1.2275,-2.675,-2.48,1.1725,-0.8025,1.9175,1.985,2.685,3.545,3.16,2.43,1.595,3.13
2011-04-27,-1.635,-1.13,-1.165,-2.58,-2.445,1.1625,-0.86,2.05,2.2,2.68,3.605,3.1125,2.425,1.675,3.0875
2011-04-28,-1.5425,-1.125,-1.0275,-2.6,-2.455,1.165,-0.8875,1.9,1.975,2.6775,3.69,3.15,2.43,1.68,3.0675
2011-04-29,-1.5675,-1.1175,-1.0,-2.545,-2.435,1.13,-0.9025,1.87,1.94,2.675,3.75,3.1425,2.405,1.6775,3.13
2011-05-02,-1.58,-1.11,-0.9675,-2.615,-2.525,1.2,-0.8975,1.885,1.965,2.6125,3.6775,3.1475,2.405,1.6075,3.0875
2011-05-03,-1.6075,-1.175,-0.98,-2.75,-2.63,1.265,-0.8375,1.875,1.9425,2.6175,3.8075,3.08,2.47,1.6275,3.09
2011-05-04,-1.6275,-1.2275,-0.9775,-2.83,-2.8,1.425,-0.7925,1.8975,1.9525,2.6775,3.9425,3.0875,2.52,1.57,3.2575
2011-05-05,-1.7025,-1.305,-1.085,-3.135,-2.985,1.5575,-0.7625,1.8725,1.9275,2.725,4.225,3.0575,2.73,1.565,3.5425
2011-05-06,-1.855,-1.345,-1.06,-3.055,-2.875,1.46,-0.6,1.89,1.945,2.745,4.145,3.0475,2.7225,1.6,3.5425
2011-05-09,-1.9675,-1.3425,-1.065,-3.025,-2.865,1.515,-0.655,1.9,1.955,2.6975,4.2175,3.0825,2.6925,1.605,3.5975
2011-05-10,-1.8725,-1.295,-1.105,-2.9525,-2.765,1.52,-0.645,1.905,2.035,2.7,4.1625,3.0725,2.8,1.59,3.5975
2011-05-11,-1.9,-1.35,-0.975,-2.99,-2.835,1.4925,-0.7175,1.8875,2.0125,2.7175,4.17,3.0975,3.1025,1.7025,3.5475
2011-05-12,-1.9525,-1.4175,-0.975,-3.255,-3.03,1.5675,-0.7325,1.955,2.015,2.8775,4.235,3.36,3.2925,1.6375,3.6175
2011-05-13,-1.9825,-1.39,-1.04,-3.24,-3.0,1.565,-0.665,1.955,2.01,2.9525,4.2625,3.39,3.065,1.7275,3.5975
2011-05-16,-1.9575,-1.35,-0.9825,-3.295,-3.055,1.55,-0.6225,2.02,2.0,3.0775,4.2875,3.6075,3.1925,1.8525,3.7725
2011-05-17,-1.925,-1.3775,-0.945,-3.2725,-3.13,1.555,-0.6475,2.025,2.015,3.195,4.2425,3.49,3.1225,1.8625,3.7875
2011-05-18,-1.895,-1.3675,-0.945,-3.135,-2.9925,1.5175,-0.6825,2.0325,2.0275,3.195,4.1825,3.5025,3.16,1.7275,3.7975
2011-05-19,-1.8975,-1.34,-0.8125,-3.095,-2.915,1.3925,-0.6775,2.025,2.01,3.1925,4.105,3.4875,2.97,1.735,3.8325
2011-05-20,-1.9625,-1.3275,-0.725,-3.1,-2.935,1.39,-0.675,2.0175,1.9975,3.1825,4.09,3.475,2.9925,1.705,3.6675
2011-05-23,-2.0825,-1.38,-0.735,-3.205,-3.035,1.405,-0.6025,2.015,1.995,3.165,4.15,3.39,3.1,1.76,3.7875
2011-05-24,-2.0225,-1.3725,-0.735,-3.18,-3.0125,1.41,-0.6275,2.05,2.06,3.2375,4.225,3.3975,3.1575,1.73,3.91
2011-05-25,-2.075,-1.3575,-0.675,-3.21,-3.025,1.38,-0.6275,2.0125,1.9975,3.2175,4.2275,3.4325,3.2725,1.7375,3.98
2011-05-26,-2.185,-1.3325,-0.765,-3.19,-3.0,1.4375,-0.6425,2.02,2.0,3.23,4.015,3.36,3.1425,1.735,3.925
2011-05-27,-2.1475,-1.3325,-0.735,-3.09,-2.95,1.4325,-0.7125,2.015,1.995,3.23,4.0,3.33,3.1725,1.7275,3.835
2011-05-30,-2.1475,-1.3075,-0.775,-3.105,-2.925,1.4125,-0.71,2.02,2.0,3.22,4.015,3.2875,3.175,1.68,3.7575
2011-05-31,-2.0375,-1.3575,-0.775,-2.955,-2.775,1.455,-0.71,2.17,2.285,3.2275,3.97,3.315,3.0625,1.6475,3.74
2011-06-01,-1.9925,-1.34,-0.7525,-2.83,-2.645,1.415,-0.765,2.08,2.135,3.21,3.985,3.15,2.935,1.345,3.7075
2011-06-02,-1.9825,-1.3575,-0.81,-2.845,-2.63,1.41,-0.775,2.02,2.025,3.295,3.99,3.1325,2.865,1.355,3.7925
2011-06-03,-1.9275,-1.355,-0.7675,-2.815,-2.625,1.435,-0.8125,2.0725,1.975,3.2925,3.96,3.145,2.8225,1.3525,3.7225
2011-06-06,-1.9425,-1.335,-0.8,-2.8,-2.615,1.4425,-0.795,2.0275,1.9225,3.2925,3.985,3.0975,2.9175,1.3525,3.7875
2011-06-07,-1.8575,-1.3125,-0.8725,-2.785,-2.595,1.43,-0.83,2.03,1.93,3.28,3.975,3.06,2.9225,1.36,3.745
2011-06-08,-2.0025,-1.2925,-1.0075,-2.725,-2.5175,1.425,-0.8025,2.075,1.975,3.325,3.965,3.06,2.915,1.3125,3.69
2011-06-09,-2.0175,-1.32,-1.0625,-2.715,-2.55,1.4,-0.7825,2.025,1.9275,3.3775,3.98,3.115,2.965,1.325,3.68
2011-06-10,-2.055,-1.34,-1.025,-2.7225,-2.545,1.315,-0.8125,2.035,1.9375,3.375,4.03,3.0425,2.9675,1.33,3.75
2011-06-13,-2.1875,-1.3775,-1.0025,-2.8,-2.625,1.3125,-0.68,2.0275,1.9225,3.3825,4.135,3.145,2.9475,1.3175,3.8475
2011-06-14,-2.2175,-1.3675,-1.0175,-2.71,-2.535,1.2575,-0.67,2.0825,1.9825,3.2575,4.1075,3.1475,2.9675,1.3525,3.685
2011-06-15,-2.575,-1.4275,-0.8975,-2.8425,-2.685,1.435,-0.5025,2.0575,1.9575,3.3425,4.1175,3.2925,3.1,1.3475,3.6425
2011-06-16,-2.715,-1.53,-0.9275,-3.005,-2.845,1.5475,-0.4875,2.16,2.06,3.3525,4.36,3.4175,3.375,1.3075,3.785
2011-06-17,-2.7275,-1.465,-0.915,-2.96,-2.79,1.505,-0.445,2.025,1.925,3.2775,4.4625,3.31,3.34,1.355,3.74
2011-06-20,-2.7975,-1.43,-0.91,-2.95,-2.77,1.515,-0.375,2.215,2.0575,3.2675,4.4775,3.4825,3.39,1.3575,3.605
2011-06-21,-2.845,-1.4225,-0.9625,-2.935,-2.75,1.495,-0.335,2.24,2.635,3.2325,4.12,3.3975,3.2875,1.36,3.6475
2011-06-22,-2.7375,-1.4525,-0.9625,-2.8225,-2.63,1.4675,-0.475,2.2975,2.68,3.2175,4.085,3.3925,3.2425,1.3675,3.5
2011-06-23,-2.9175,-1.52,-0.955,-2.925,-2.73,1.54,-0.315,2.2675,2.635,3.255,4.205,3.5025,3.4,1.36,3.49
2011-06-24,-2.88,-1.5475,-0.9825,-2.935,-2.76,1.5425,-0.405,2.2325,2.595,3.2275,4.115,3.505,3.3875,1.3675,3.5175
2011-06-27,-2.99,-1.61,-0.82,-3.245,-3.07,1.5525,-0.36,2.2325,2.6,3.235,4.11,3.4575,3.4525,1.375,3.6275
2011-06-28,-2.9,-1.6175,-0.7875,-3.145,-3.005,1.56,-0.4425,2.23,2.595,3.185,3.945,3.4325,3.3075,1.365,3.4025
2011-06-29,-2.8725,-1.5975,-0.685,-3.08,-2.89,1.53,-0.445,2.325,2.635,2.9825,3.9,3.4525,3.3,1.13,3.3475
2011-06-30,-2.645,-1.5625,-0.6875,-2.8775,-2.72,1.4275,-0.4775,2.21,2.59,2.82,3.93,3.4075,3.115,1.13,3.165
2011-07-01,-2.405,-1.5275,-0.7,-2.755,-2.6,1.375,-0.435,2.215,2.595,2.8425,3.8675,3.2875,2.9225,1.135,3.035
2011-07-04,-2.36,-1.5075,-0.695,-2.73,-2.6075,1.385,-0.41,2.215,2.59,2.8325,3.885,3.4,2.97,1.09,3.0975
2011-07-05,-2.4675,-1.4575,-0.6775,-2.805,-2.6625,1.375,-0.4575,2.2075,2.59,2.78,3.8575,3.27,2.9825,1.1325,2.95
2011-07-06,-2.6025,-1.4675,-0.685,-2.815,-2.66,1.43,-0.47,2.215,2.59,2.7925,3.8675,3.2475,3.0625,1.13,2.9475
2011-07-07,-2.5575,-1.46,-0.675,-2.76,-2.59,1.365,-0.4325,2.3125,2.5925,2.7375,3.8175,3.205,2.9875,1.135,3.0125
2011-07-08,-2.6325,-1.4525,-0.6775,-2.665,-2.535,1.385,-0.44,2.32,2.595,2.7425,3.87,3.1975,2.945,1.135,2.8425
2011-07-11,-3.085,-1.455,-0.715,-2.94,-2.815,1.4575,-0.38,2.215,2.6,2.875,3.94,3.345,3.3125,1.14,2.925
2011-07-12,-3.2375,-1.57,-1.25,-3.42,-3.265,1.5875,-0.5425,2.25,2.645,3.07,4.1075,3.645,3.685,1.25,3.2525
2011-07-13,-3.145,-1.5525,-1.375,-3.23,-3.095,1.525,-0.5325,2.23,2.605,3.0425,4.11,3.785,3.27,1.205,3.255
2011-07-14,-3.1075,-1.55,-1.5125,-3.125,-3.02,1.5025,-0.6575,2.2225,2.5975,3.015,4.0275,3.83,3.26,1.2,3.2425
2011-07-15,-3.1775,-1.5375,-1.5675,-3.175,-3.005,1.485,-0.6525,2.215,2.585,2.9975,3.9925,3.79,3.18,1.21,3.1975
2011-07-18,-3.205,-1.54,-1.6125,-3.28,-3.12,1.5425,-0.6525,2.3175,2.5825,3.0025,3.99,3.8275,3.3425,1.2125,3.24
2011-07-19,-3.1375,-1.51,-1.51,-3.125,-2.95,1.47,-0.71,2.215,2.58,3.0225,4.0225,3.85,3.3175,1.1575,3.2175
2011-07-20,-3.1525,-1.5125,-1.635,-3.11,-2.98,1.4625,-0.5825,2.215,2.58,2.9925,3.975,3.7575,3.21,1.1725,3.0875
2011-07-21,-3.0425,-1.5175,-1.7775,-3.1025,-2.925,1.41,-0.61,2.215,2.575,2.9375,3.975,3.58,3.32,1.145,3.065
2011-07-22,-2.75,-1.49,-1.7675,-2.92,-2.74,1.415,-0.595,2.2225,2.575,2.9725,3.8525,3.5,3.325,1.13,2.9175
2011-07-25,-2.6275,-1.505,-1.8675,-2.865,-2.73,1.39,-0.755,2.22,2.575,2.8325,3.86,3.57,3.555,1.13,2.975
2011-07-26,-2.3725,-1.4525,-1.8525,-2.85,-2.69,1.315,-0.81,2.22,2.575,2.85,3.8075,3.4225,3.54,1.04,2.9225
2011-07-27,-2.38,-1.455,-1.93,-2.54,-2.3575,1.325,-0.75,2.235,2.43,2.8975,3.9475,3.3725,3.4925,1.0325,2.8775
2011-07-28,-2.4,-1.4125,-1.9775,-2.52,-2.335,1.305,-0.7,2.02,2.225,2.9725,4.0475,3.375,3.2275,1.0375,2.8875
2011-07-29,-2.4775,-1.4175,-2.0625,-2.59,-2.36,1.38,-0.76,2.03,2.235,3.0975,4.21,3.48,3.2275,1.035,2.8775
2011-08-01,-2.6375,-1.435,-1.925,-2.6175,-2.3475,1.4125,-0.97,2.025,2.225,3.14,4.085,3.4375,3.25,0.9975,2.91
2011-08-02,-2.8925,-1.455,-1.965,-2.73,-2.525,1.44,-1.2475,2.1025,2.2225,3.28,4.075,3.5125,3.425,0.9975,2.935
2011-08-03,-2.9075,-1.425,-1.98,-3.09,-2.9325,1.53,-1.1775,2.04,2.255,3.3075,4.065,3.4825,3.6375,1.06,3.175
2011-08-04,-3.19,-1.465,-1.265,-3.395,-3.25,1.7625,-1.23,2.46,2.68,3.5775,4.2225,3.6925,4.3225,1.195,3.19
2011-08-05,-3.4075,-1.5125,-1.675,-3.505,-3.42,1.83,-1.11,2.365,2.715,3.6525,4.52,4.1125,4.415,1.445,4.07
2011-08-08,-3.4875,-1.565,-1.9,-4.355,-4.195,2.2425,-1.285,2.4575,2.6825,4.51,5.2775,4.7675,4.5625,2.0075,4.1425
2011-08-09,-3.4175,-1.64,-2.345,-5.915,-5.73,2.305,-1.51,2.3975,2.6825,5.5625,5.955,6.3275,4.8875,2.34,4.8725
2011-08-10,-3.375,-1.705,-2.43,-5.6625,-5.515,2.22,-2.0825,2.93,2.6825,5.7325,6.69,5.4875,4.805,2.1675,4.8875
2011-08-11,-3.51,-1.755,-2.49,-6.0275,-5.825,2.45,-1.3375,2.8025,2.6975,7.7175,6.28,5.795,5.455,2.175,5.04
2011-08-12,-3.44,-1.77,-2.43,-5.245,-5.05,2.37,-1.3325,2.74,2.7,5.6875,5.8275,5.5025,4.875,2.1625,5.0
2011-08-15,-3.3675,-1.745,-2.26,-4.6,-4.41,2.2525,-1.3025,2.955,2.69,5.4475,5.92,4.99,4.275,2.0675,4.7925
2011-08-16,-3.3975,-1.715,-2.2825,-4.295,-4.17,2.1475,-1.475,2.8975,2.685,5.3125,5.915,5.0,4.3625,1.9275,4.21
2011-08-17,-3.325,-1.6825,-2.29,-4.1775,-3.995,2.0875,-1.545,3.0775,2.7875,4.7175,5.86,4.66,4.195,1.9325,4.275
2011-08-18,-3.4,-1.69,-2.2925,-4.46,-4.3525,2.2425,-1.54,3.0775,2.7875,5.7325,5.7475,4.73,4.5175,1.9275,4.325
2011-08-19,-3.46,-1.6775,-2.3,-4.8775,-4.7975,2.215,-1.5575,2.945,2.785,5.5075,5.7725,4.8675,4.6175,1.9325,4.825
2011-08-22,-3.4425,-1.675,-2.2525,-4.97,-4.8625,2.1725,-1.555,2.945,2.785,5.815,5.6575,5.1225,4.5525,1.97,4.725
2011-08-23,-3.41,-1.6625,-2.18,-4.885,-4.765,2.1025,-1.445,2.9275,2.8825,5.935,5.735,4.8425,4.4025,1.96,4.6425
2011-08-24,-3.4375,-1.695,-2.205,-5.025,-4.885,2.085,-1.4175,2.6675,2.9225,6.1575,6.105,4.9175,4.285,1.9675,4.7125
2011-08-25,-3.5025,-1.7275,-2.05,-5.28,-5.1075,2.1075,-1.5175,2.9175,2.8725,6.235,6.355,4.96,4.1725,2.375,5.0475
2011-08-26,-3.4325,-1.695,-1.9875,-5.15,-5.0575,2.105,-1.45,2.94,2.865,5.9825,6.0575,4.925,4.2,2.3625,4.97
2011-08-29,-3.345,-1.76,-1.97,-4.995,-4.8075,2.0175,-1.4675,2.97,2.87,5.7075,5.565,4.785,4.2025,2.305,4.8275
2011-08-30,-3.285,-1.7625,-1.8825,-4.7625,-4.49,1.9775,-1.39,3.075,2.8675,5.8675,5.535,4.68,4.03,2.25,4.7075
2011-08-31,-3.2275,-1.76,-1.785,-4.575,-4.4425,1.8125,-1.4275,2.895,2.88,5.5125,5.575,4.54,3.8925,2.2475,4.7925
2011-09-01,-3.305,-1.82,-1.7425,-4.54,-4.5,1.805,-1.4625,3.0775,2.8725,5.4075,5.92,4.4725,3.9175,2.1775,4.285
2011-09-02,-3.43,-1.8125,-1.73,-5.155,-5.01,1.885,-1.8775,3.0775,2.8725,5.4175,5.97,4.3825,4.1675,2.1875,4.2775
2011-09-05,-3.705,-1.925,-1.64,-5.595,-5.4625,1.9225,-1.915,2.935,2.885,5.4775,5.895,4.385,4.4775,2.2125,4.445
2011-09-06,-4.075,-2.07,-1.65,-5.485,-5.29,2.06,-0.5725,2.715,2.965,5.5825,6.3225,4.62,4.4925,2.23,4.7
2011-09-07,-3.8575,-2.2675,-1.465,-5.84,-5.6225,1.9525,-0.08,2.9075,2.8975,5.525,6.26,4.8775,4.5625,2.2225,4.6925
2011-09-08,-3.7775,-2.2625,-1.47,-5.48,-5.2325,2.0075,0.4125,3.0775,2.8825,5.675,6.15,4.9175,4.5775,2.1725,4.9125
2011-09-09,-4.0175,-2.2875,-1.47,-5.785,-5.5225,2.14,0.7025,3.0775,2.885,5.655,6.6225,5.265,4.605,2.205,5.1425
2011-09-12,-4.135,-2.415,-1.575,-6.565,-6.33,2.29,0.79,2.87,2.8825,5.8225,7.0075,5.5275,4.76,2.3925,5.55
2011-09-13,-3.6825,-2.3825,-1.57,-6.66,-6.435,2.2325,0.555,3.0875,2.8925,5.97,6.895,5.555,4.5725,2.4675,5.535
2011-09-14,-3.5,-2.3725,-1.61,-6.7,-6.39,2.18,0.5975,3.0975,2.8675,6.19,6.86,5.535,4.7475,3.455,5.91
2011-09-15,-3.26,-2.225,-1.645,-6.38,-6.1275,2.1075,0.5325,3.0975,2.8675,5.915,6.93,5.565,4.77,3.4425,6.0575
2011-09-16,-3.285,-2.205,-1.6175,-6.0075,-5.745,2.015,0.515,2.9525,2.8775,5.8875,7.04,5.445,4.62,3.5025,5.9075
2011-09-19,-3.53,-2.255,-1.69,-6.1325,-5.91,2.185,0.645,3.0975,2.865,6.365,7.38,5.6425,4.8975,3.52,6.535
2011-09-20,-3.6075,-2.2925,-1.71,-6.22,-5.9825,2.2,1.165,2.9525,2.8875,6.385,7.29,6.015,5.145,3.9375,7.0925
2011-09-21,-3.635,-2.3825,-1.735,-6.39,-6.155,2.5875,1.36,3.0975,2.8775,7.005,9.2575,6.35,5.2925,4.045,7.6075
2011-09-22,-4.035,-2.71,-1.67,-7.3025,-7.0225,3.665,1.41,3.0875,2.8825,8.2375,9.49,7.4875,6.575,4.145,9.9325
2011-09-23,-3.985,-2.745,-1.6925,-7.5125,-7.22,3.8825,1.585,2.9375,2.8825,8.6175,9.6175,7.8275,6.585,4.1,10.065
2011-09-26,-4.05,-2.695,-1.69,-7.4725,-7.1725,4.0675,1.565,3.49,3.18,8.2075,10.275,7.845,6.76,4.0975,9.7825
2011-09-27,-3.8,-2.715,-1.635,-6.805,-6.4425,3.4775,1.445,3.4875,3.1775,8.1725,10.685,7.56,6.6175,4.0825,9.3475
2011-09-28,-3.7775,-2.695,-1.74,-6.86,-6.575,3.6825,1.455,3.49,3.175,8.47,10.6175,7.505,6.2775,3.9975,8.6025
2011-09-29,-3.705,-2.64,-1.565,-6.87,-6.6275,3.8975,1.4975,3.5225,3.2175,9.015,10.6475,7.6525,6.27,3.8875,8.71
2011-09-30,-3.775,-2.6375,-1.545,-6.895,-6.5775,4.1,1.42,3.5,3.0375,8.66,11.1075,8.0425,6.4725,3.8825,8.44
2011-10-03,-3.865,-2.5925,-1.53,-6.865,-6.6475,4.165,1.485,3.495,3.055,9.4025,11.0875,8.175,6.38,3.8925,8.86
2011-10-04,-3.9,-2.7075,-1.535,-6.915,-6.5525,4.165,1.37,3.495,3.0525,9.125,11.2,8.25,6.6475,3.995,8.92
2011-10-05,-3.76,-2.705,-1.48,-6.42,-6.2025,3.9925,1.385,3.575,3.055,8.5925,10.775,8.2225,6.3025,3.8825,8.8925
2011-10-06,-3.6875,-2.645,-1.4075,-5.715,-5.505,3.89,1.275,3.56,3.05,8.2975,10.7775,8.225,5.85,3.7575,7.7375
2011-10-07,-3.625,-2.505,-1.395,-5.245,-5.035,3.3625,1.18,3.47,3.015,7.985,10.8775,8.225,5.685,3.875,6.6
2011-10-10,-3.415,-2.485,-1.285,-4.795,-4.635,3.415,1.3125,3.3725,3.0225,7.61,10.255,7.9625,5.21,2.4975,6.4
2011-10-11,-3.5475,-2.47,-1.37,-5.055,-4.91,3.2375,1.2,3.4675,3.0075,8.0225,10.1775,8.0225,5.1775,2.5,6.085
2011-10-12,-3.375,-2.415,-1.2725,-5.01,-4.75,2.9725,1.1175,3.5825,3.0675,7.9925,9.985,8.0275,4.9325,2.745,6.0275
2011-10-13,-3.5075,-2.385,-1.215,-5.0,-4.94,3.065,1.2625,3.5075,3.0675,7.77,9.9575,7.9725,4.9075,2.7475,5.785
2011-10-14,-3.4725,-2.38,-0.98,-5.34,-5.18,3.01,1.205,3.505,3.07,7.36,9.375,7.8175,4.915,2.4975,5.79
2011-10-17,-3.4525,-2.355,-0.925,-5.47,-5.3275,3.2125,1.2925,3.5675,3.1725,7.3075,9.2975,7.8925,4.985,2.495,5.43
2011-10-18,-3.7125,-2.365,-0.9875,-5.69,-5.505,3.29,1.3075,3.615,3.07,7.2475,9.99,7.8125,5.205,2.5,6.4125
2011-10-19,-3.76,-2.3975,-1.005,-5.735,-5.5525,3.2525,1.345,3.495,3.04,7.11,9.86,7.775,5.2175,2.4975,5.5575
2011-10-20,-3.865,-2.405,-1.05,-5.96,-5.745,3.2825,1.4,3.4975,3.05,7.7575,10.4075,8.03,5.48,2.4975,5.93
2011-10-21,-3.9525,-2.3925,-1.235,-6.265,-5.9725,3.2675,1.3925,3.485,3.03,7.5475,10.2475,8.085,5.2625,3.1975,6.15
2011-10-24,-3.895,-2.3675,-1.4175,-6.215,-5.9875,3.0675,1.415,3.5475,3.0275,7.5075,10.1525,7.9475,5.205,3.2,5.815
2011-10-25,-3.885,-2.395,-1.5225,-6.07,-5.95,3.01,1.3275,3.5925,3.08,7.54,10.2,8.0125,5.1525,3.2,5.6525
2011-10-26,-3.88,-2.355,-1.5925,-6.125,-6.0025,3.04,1.3275,3.4675,3.0075,7.0525,9.7375,7.9725,4.78,3.2,5.545
2011-10-27,-3.64,-2.185,-1.6275,-5.6825,-5.605,2.8225,1.3,3.465,3.01,6.21,8.495,7.22,4.72,3.1975,5.22
2011-10-28,-3.69,-2.1375,-1.5475,-5.34,-5.2125,2.845,1.2875,3.35,3.01,5.8175,8.12,6.9175,4.5675,3.15,4.9125
2011-10-31,-3.75,-2.1475,-1.175,-5.3375,-5.2,2.9825,1.48,3.4775,3.0725,6.19,8.915,6.985,4.585,2.76,4.9275
2011-11-01,-4.045,-2.2625,-1.2425,-5.8025,-5.685,3.2325,1.725,3.3175,3.06,6.9375,9.8075,7.1975,4.8975,2.76,5.595
2011-11-02,-4.0575,-2.26,-1.2775,-6.1125,-5.885,3.17,1.675,3.3575,3.0875,6.575,9.3375,7.17,4.93,2.66,5.6975
2011-11-03,-4.13,-2.245,-1.285,-6.335,-6.18,3.1975,1.905,3.31,3.0625,6.5575,9.105,7.1825,5.005,2.65,6.06
2011-11-04,-4.075,-2.2025,-1.265,-6.245,-6.05,3.16,1.805,3.355,3.075,6.3625,8.2725,6.7925,4.815,2.6625,5.67
2011-11-07,-4.155,-2.25,-1.24,-6.205,-5.965,3.2175,2.03,3.65,3.605,6.2375,8.22,6.7525,5.03,2.6475,5.62
2011-11-08,-4.165,-2.3025,-1.2325,-6.14,-5.93,3.135,2.125,3.735,3.605,5.54,7.6175,6.9225,5.0325,2.6475,5.6225
2011-11-09,-4.3,-2.435,-1.2475,-6.65,-6.42,3.4,2.245,3.73,3.605,6.045,7.9725,6.78,5.0225,2.65,5.4975
2011-11-10,-4.3175,-2.42,-1.3475,-6.5275,-6.19,3.3475,2.2375,3.73,3.605,5.8175,7.605,6.84,4.9725,3.2475,6.17
2011-11-11,-4.245,-2.3925,-1.445,-6.26,-5.9925,3.32,2.22,3.75,3.605,5.76,7.6025,6.68,5.005,3.25,5.89
2011-11-14,-4.2075,-2.4475,-1.4675,-6.25,-5.975,3.2475,2.2175,3.7575,3.6075,5.82,7.105,6.62,4.9275,3.25,5.715
2011-11-15,-4.3075,-2.475,-1.4325,-6.28,-5.7575,3.3025,2.2625,3.645,3.605,5.8675,7.0875,6.7525,5.0275,3.25,5.9125
2011-11-16,-4.385,-2.4875,-1.44,-6.205,-5.8125,3.3325,2.34,3.7275,3.605,5.695,6.97,7.0175,5.08,3.3975,6.0425
2011-11-17,-4.23,-2.4675,-1.465,-6.105,-5.7875,3.345,2.2775,3.735,3.605,5.8675,6.73,7.08,5.075,3.4,6.22
2011-11-18,-4.165,-2.3225,-1.4425,-5.83,-5.4875,3.325,2.32,3.7475,3.605,5.7125,6.675,7.0425,5.03,3.3975,6.145
2011-11-21,-4.1975,-2.505,-1.415,-5.78,-5.5475,3.335,2.175,3.7375,3.605,6.1,6.9875,7.115,5.305,3.3975,6.0675
2011-11-22,-4.0725,-2.5325,-1.27,-5.675,-5.3175,3.2525,2.0075,3.7375,3.605,6.05,6.945,7.1025,5.24,3.7925,6.09
2011-11-23,-4.0175,-2.6625,-1.215,-5.615,-5.33,3.3625,2.0925,3.7325,3.605,6.2775,7.4225,7.1,5.43,3.7375,6.1325
2011-11-24,-3.9975,-2.6375,-1.1575,-5.545,-5.24,3.395,2.0325,3.7325,3.605,6.22,7.425,7.205,5.495,3.7975,6.13
2011-11-25,-3.91,-2.635,-0.98,-5.54,-5.2375,3.465,2.015,3.7475,3.6075,6.53,7.9125,7.385,5.55,3.7975,6.1075
2011-11-28,-3.9525,-2.615,-0.71,-5.2,-4.8725,3.1925,1.9,3.7425,3.605,6.22,7.63,7.1325,5.3375,3.715,6.135
2011-11-29,-3.8825,-2.64,-0.5825,-5.025,-4.7925,3.225,1.9625,3.74,3.605,5.405,7.1625,6.79,5.285,3.6775,5.9575
2011-11-30,-3.715,-2.59,-0.65,-4.81,-4.3525,2.9825,1.8275,3.735,3.605,5.1125,6.6925,6.4275,5.295,3.6675,5.655
2011-12-01,-3.65,-2.47,-0.655,-4.67,-4.3575,2.8325,1.74,3.785,3.6075,5.0375,6.7275,6.1875,5.3925,3.5,5.165
2011-12-02,-3.5125,-2.4875,-0.615,-4.685,-4.5775,2.7375,1.5825,3.7375,3.6025,4.8875,6.8125,5.875,5.2525,3.4975,5.11
2011-12-05,-3.2875,-2.4675,-0.585,-4.61,-4.33,2.6275,1.455,3.74,3.6025,4.715,6.7275,5.635,5.205,3.4975,5.0675
2011-12-06,-3.3175,-2.49,-0.61,-4.6075,-4.425,2.495,1.64,3.735,3.6025,4.785,6.6925,5.675,5.295,3.495,5.0425
2011-12-07,-3.3425,-2.4825,-0.59,-4.5575,-4.395,2.445,1.6275,3.74,3.6025,4.8175,6.8375,5.68,5.2225,3.15,5.0225
2011-12-08,-3.405,-2.4675,-0.61,-4.7425,-4.4925,2.53,1.785,3.7425,3.6025,4.93,6.9275,5.545,5.2625,3.1475,4.825
2011-12-09,-3.575,-2.51,-0.61,-5.115,-5.0925,2.6475,1.815,3.74,3.605,4.5975,6.9925,5.7125,5.4,3.1475,5.0475
2011-12-12,-3.63,-2.4925,-0.6075,-5.1725,-4.78,2.775,1.88,3.7325,3.6,4.735,7.2525,5.96,5.48,3.15,5.0875
2011-12-13,-3.51,-2.4775,-0.585,-5.4075,-5.0125,2.765,1.835,3.7425,3.6025,4.9775,7.6875,6.28,5.5225,3.4975,5.2475
2011-12-14,-3.5275,-2.5125,-0.5375,-5.33,-5.07,2.85,1.9275,3.67,3.6025,5.145,8.075,6.42,5.57,3.75,5.2575
2011-12-15,-3.3975,-2.525,-0.525,-5.2,-4.73,2.8175,1.7775,3.7325,3.6,4.92,8.0775,6.415,5.585,3.915,5.3125
2011-12-16,-3.1225,-2.5175,-0.5125,-4.645,-4.515,2.575,1.4275,3.75,3.6,4.76,7.9975,6.255,5.465,3.91,5.2025
2011-12-19,-3.0075,-2.3625,-0.5,-4.64,-4.3,2.5175,1.385,3.6675,3.6,4.715,8.0775,6.215,5.425,3.9125,5.225
2011-12-20,-2.66,-2.1875,-0.3975,-3.8975,-3.735,2.4325,1.505,3.015,3.0525,4.68,8.0025,6.085,5.23,3.5,5.055
2011-12-21,-2.6625,-2.0,-0.4225,-3.7,-3.44,2.4325,1.055,2.9375,2.9925,4.625,7.9175,6.21,5.0625,3.4975,4.83
2011-12-22,-2.6625,-1.95,-0.345,-3.675,-3.465,2.355,1.0375,2.935,2.99,4.6075,7.8775,6.0,5.03,3.5,4.7575
2011-12-23,-2.65,-1.935,-0.1875,-3.625,-3.45,2.38,1.245,2.9575,3.005,4.65,7.5575,6.15,5.195,3.4975,4.7225
2011-12-26,-2.6575,-1.94,-0.18,-3.6425,-3.45,2.35,1.195,2.825,2.99,4.65,7.6125,6.195,5.1275,3.4975,4.7425
2011-12-27,-2.6625,-1.9525,-0.15,-3.6425,-3.415,2.365,1.015,2.9325,2.985,4.6925,7.34,6.1775,5.1475,3.4975,4.785
2011-12-28,-2.58,-1.955,-0.23,-3.595,-3.47,2.355,1.13,2.935,2.955,4.69,7.625,5.955,5.3125,3.5,4.8075
2011-12-29,-2.6025,-1.955,-0.2325,-3.92,-3.615,2.3675,1.1125,2.9425,2.965,4.67,7.5925,5.96,5.255,3.4975,4.825
2011-12-30,-2.57,-1.9625,-0.265,-3.8975,-3.595,2.3575,1.23,2.8725,2.9575,4.545,7.8475,5.91,5.2875,3.495,4.7825
2012-01-02,-2.555,-1.945,-0.255,-3.9325,-3.59,2.3675,1.215,2.8775,2.96,4.53,7.4725,5.885,5.32,3.4975,4.82
2012-01-03,-2.5,-1.9075,-0.2425,-3.79,-3.445,2.34,1.22,3.1225,3.0975,4.405,7.2575,5.72,5.26,3.1975,4.8375
2012-01-04,-2.435,-1.87,-0.2225,-3.83,-3.6825,2.2975,0.935,2.945,2.965,4.3675,7.1925,5.91,5.165,3.1425,4.8525
2012-01-05,-2.4475,-1.8125,-0.2975,-4.015,-3.89,2.3075,0.975,3.31,3.2475,4.325,6.7625,5.865,5.395,3.1375,4.6375
2012-01-06,-2.455,-1.7775,-0.24,-4.09,-3.9,2.265,0.98,2.935,2.96,4.245,6.7275,5.6575,5.305,3.135,4.6825
2012-01-09,-2.285,-1.6475,-0.1625,-4.0225,-3.775,1.915,0.805,2.94,2.96,4.1125,6.585,5.51,5.095,3.1325,4.74
2012-01-10,-1.82,-1.3875,-0.14,-3.5,-3.1225,1.48,0.515,2.6975,2.735,4.08,6.5925,5.205,4.7875,2.9975,4.25
2012-01-11,-1.7475,-1.3075,-0.1075,-3.395,-3.23,1.5175,0.51,2.3125,2.4075,3.8225,6.225,5.3,4.5125,2.6975,4.0925
2012-01-12,-1.585,-1.375,-0.0775,-3.4025,-3.1,1.51,0.57,2.4525,2.5275,3.85,5.9725,4.865,4.295,2.6975,3.825
2012-01-13,-1.6375,-1.335,-0.0525,-3.3,-3.0425,1.54,0.5225,2.35,2.4025,3.895,5.9475,4.87,4.565,2.7,3.5675
2012-01-16,-1.645,-1.27,-0.2575,-3.4,-3.1325,1.5125,0.555,2.3325,2.4,3.885,5.94,4.8575,4.38,2.6975,3.585
2012-01-17,-1.5425,-1.22,-0.255,-3.41,-3.0425,1.4425,0.405,2.3325,2.3925,3.93,5.82,4.8025,4.245,2.6475,3.405
2012-01-18,-1.5375,-1.2275,-0.0275,-3.295,-3.07,1.49,0.38,2.33,2.385,3.93,5.7475,4.495,4.265,2.6475,3.33
2012-01-19,-1.51,-1.1425,0.0325,-3.32,-3.08,1.47,0.4,2.3475,2.395,3.8825,5.745,4.13,3.965,2.65,3.3225
2012-01-20,-1.5875,-1.14,-0.075,-3.3125,-3.05,1.465,0.445,2.325,2.31,3.8575,5.875,4.2575,3.94,2.6475,3.3825
2012-01-23,-1.605,-1.065,0.0425,-3.24,-3.005,1.5,0.455,2.2875,2.3025,3.83,5.855,4.1475,3.875,2.65,3.3575
2012-01-24,-1.65,-1.055,0.2,-3.3225,-2.9575,1.5775,0.475,2.2925,2.415,3.865,5.855,4.055,3.93,2.3475,3.385
2012-01-25,-1.765,-1.06,0.3675,-3.43,-3.2275,1.53,0.525,2.2925,2.3125,3.8125,5.91,4.1825,4.04,2.35,3.4175
2012-01-26,-1.635,-1.01,0.3125,-3.175,-3.01,1.435,0.5325,2.7425,2.785,3.77,5.945,4.07,3.495,2.3475,3.3825
2012-01-27,-1.7225,-0.9675,0.1675,-3.305,-3.0525,1.3975,0.6025,2.31,2.31,3.7575,6.065,3.995,3.27,2.35,3.3625
2012-01-30,-1.86,-1.1075,0.1375,-3.405,-3.215,1.48,0.605,2.285,2.3125,3.765,6.035,4.0175,3.43,2.35,3.6575
2012-01-31,-1.9125,-1.11,0.135,-3.46,-3.09,1.57,0.6675,2.2825,2.3525,3.8125,6.1325,4.0125,3.33,2.35,3.755
2012-02-01,-1.93,-1.02,0.1175,-3.465,-3.175,1.5,0.4875,2.29,2.3125,3.78,6.26,3.9575,3.23,2.3575,3.7425
2012-02-02,-2.0975,-1.0575,0.1225,-3.395,-3.1575,1.475,0.4175,2.2825,2.3125,3.785,6.48,3.8775,3.3,2.35,3.6975
2012-02-03,-2.18,-1.1175,0.0925,-3.3,-3.0475,1.4575,0.3825,2.23,2.2425,3.7175,6.5175,3.8725,3.29,2.36,3.6625
2012-02-06,-2.3725,-1.0825,0.1975,-3.335,-3.105,1.425,0.41,2.2375,2.3125,3.6225,6.435,3.8125,3.265,2.35,3.6925
2012-02-07,-2.285,-1.1125,0.225,-3.2,-2.94,1.4725,0.4475,2.32,2.535,3.59,6.455,3.7925,3.36,2.4,3.71
2012-02-08,-2.29,-1.075,0.2675,-3.1,-2.8,1.4825,0.4525,2.2925,2.5175,3.6275,6.545,3.6825,3.19,2.41,3.5825
2012-02-09,-2.2125,-1.0875,0.285,-3.035,-2.7875,1.455,0.3225,2.375,2.5175,3.6625,6.54,3.8325,3.36,2.5,3.52
2012-02-10,-2.38,-1.11,0.325,-3.0975,-2.8325,1.565,0.5275,2.3775,2.465,3.7225,6.55,4.1375,3.435,2.5,3.5175
2012-02-13,-2.385,-1.1,0.305,-3.115,-2.9,1.59,0.4675,2.3475,2.52,3.7025,6.525,3.8875,3.375,2.515,3.5225
2012-02-14,-2.5425,-1.175,0.34,-3.17,-2.98,1.57,0.5325,2.3475,2.5175,3.7125,6.41,3.8775,3.4375,2.5,3.54
2012-02-15,-2.8675,-1.2675,0.355,-3.115,-2.915,1.58,0.7025,2.3775,2.5175,3.7225,6.395,3.8375,3.39,2.5,3.4
2012-02-16,-2.9025,-1.2975,0.455,-3.35,-3.125,1.74,0.7725,2.3575,2.5175,3.805,6.21,3.965,3.45,2.5,3.5425
2012-02-17,-2.8225,-1.25,0.46,-3.365,-3.105,1.72,0.765,2.595,2.5975,3.8425,6.495,3.865,3.3,2.5,3.6675
2012-02-20,-2.7425,-1.27,0.5275,-3.25,-3.0175,1.715,0.7575,2.58,2.5925,3.825,6.485,3.7925,3.2725,2.5,3.5475
2012-02-21,-2.6275,-1.2325,0.435,-3.3075,-3.04,1.685,0.7025,3.0675,3.03,3.6875,6.085,3.8275,3.2075,2.5,3.52
2012-02-22,-2.43,-1.27,0.4875,-3.3225,-3.1,1.7,0.7275,2.9025,2.8225,3.68,6.12,3.88,3.2725,2.5,3.4875
2012-02-23,-2.1325,-1.2125,0.4275,-3.135,-2.8775,1.5775,0.685,2.87,2.8075,3.6625,6.345,3.8175,3.2325,2.5,3.4775
2012-02-24,-2.23,-1.205,0.435,-3.0125,-2.81,1.525,0.6925,2.6675,2.6,3.6725,5.795,3.73,3.34,2.5,3.3325
2012-02-27,-2.285,-1.185,0.3875,-3.015,-2.825,1.54,0.7125,2.6625,2.55,3.775,6.34,3.7125,3.365,2.4925,3.3325
2012-02-28,-2.3625,-1.21,0.32,-2.995,-2.775,1.515,0.7425,2.66,2.54,3.7875,6.315,3.5975,3.22,2.5,3.3225
2012-02-29,-2.5325,-1.2,0.285,-3.0,-2.8,1.515,0.8,2.67,2.5825,3.7775,6.4,3.42,3.0375,2.4975,3.2625
2012-03-01,-2.6275,-1.1575,0.29,-3.055,-2.82,1.5,0.775,2.9825,2.8625,3.9125,6.3025,3.3725,3.025,2.5,3.28
2012-03-02,-2.735,-1.1775,0.3,-2.9775,-2.73,1.5075,0.9225,2.25,3.1,3.735,6.395,3.3525,3.2175,2.4,3.1525
2012-03-05,-2.6375,-1.19,0.2725,-2.905,-2.6,1.53,0.845,2.25,2.6525,3.7275,6.4825,3.35,3.2975,2.5,3.1325
2012-03-06,-2.5375,-1.19,0.12,-3.2,-3.115,1.745,0.835,2.2,2.6475,3.9,6.4875,3.49,3.54,2.51,3.15
2012-03-07,-2.4625,-1.2,0.04,-3.29,-3.0625,1.79,0.9475,2.2,2.665,3.94,6.715,3.5525,3.53,2.6,3.2875
2012-03-08,-2.175,-1.17,0.065,-3.2075,-3.0,1.7,0.8325,2.2,2.6425,3.91,6.995,3.4525,3.455,2.5,3.24
2012-03-09,-2.14,-1.17,0.28,-3.17,-3.025,1.68,0.7775,2.1,2.645,3.825,6.7525,3.3575,3.445,2.5,3.0925
2012-03-12,-2.0625,-1.18,0.2275,-3.1725,-3.035,1.695,0.78,2.0625,2.6725,3.835,7.345,3.335,3.48,2.5,3.18
2012-03-13,-1.995,-1.1925,0.235,-3.1825,-3.005,1.6425,0.81,2.065,2.885,3.88,7.4375,3.38,3.47,2.5,3.14
2012-03-14,-1.9175,-1.1875,0.235,-3.175,-3.0825,1.685,0.84,2.01,2.6025,3.905,7.5775,3.6125,3.5825,2.5,3.155
2012-03-15,-1.7225,-1.18,0.245,-3.155,-2.9525,1.6775,0.7525,2.0325,2.98,3.77,7.3275,3.7275,3.5475,2.5,3.33
2012-03-16,-1.665,-1.1825,0.185,-3.0375,-2.98,1.625,0.665,1.765,2.6225,3.76,7.215,3.6775,3.45,2.5,3.3025
2012-03-19,-1.615,-1.13,0.165,-2.8675,-2.76,1.585,0.65,1.7,2.3875,3.775,7.1925,3.61,3.5,2.5,3.31
2012-03-20,-1.535,-1.12,0.11,-3.005,-2.9425,1.575,0.6825,1.69,2.3825,3.885,7.6325,3.65,3.6225,2.5125,3.2
2012-03-21,-1.4925,-1.1225,0.115,-2.98,-2.945,1.5575,0.675,1.7,2.34,3.955,7.5225,3.6175,3.5475,2.5,3.22
2012-03-22,-1.5625,-1.1475,0.045,-3.14,-3.135,1.6875,0.72,1.7,2.39,4.11,7.3875,3.6775,3.5525,2.75,3.265
2012-03-23,-1.5825,-1.155,0.02,-3.15,-3.095,1.7,0.7675,1.7,2.36,3.9975,6.99,3.81,3.5375,2.995,3.2625
2012-03-26,-1.5125,-1.045,0.015,-3.175,-2.98,1.6975,0.805,1.7,2.4,4.1675,7.0325,3.775,3.535,2.9975,3.36
2012-03-27,-1.5025,-1.045,0.0475,-3.195,-3.0075,1.685,0.8,1.6675,2.4075,3.9525,7.33,3.705,3.4625,3.0,3.33
2012-03-28,-1.51,-0.995,0.07,-3.1875,-3.085,1.72,0.79,1.5325,2.295,4.065,7.0325,3.705,3.4,2.9975,3.28
2012-03-29,-1.5225,-0.955,-0.06,-3.355,-3.2,1.7175,0.815,1.5325,2.24,4.0175,6.9875,3.715,3.38,2.9975,3.25
2012-03-30,-1.535,-0.96,-0.04,-3.3775,-3.175,1.73,0.825,1.565,2.2425,4.0425,6.5575,3.75,3.375,2.815,3.035
2012-04-02,-1.625,-0.95,-0.065,-3.2775,-3.165,1.655,0.8075,1.565,2.245,3.9375,6.7775,3.7175,3.33,2.8175,3.0075
2012-04-03,-1.6775,-0.9125,-0.0875,-3.2525,-3.14,1.735,0.845,1.565,2.3025,3.925,6.26,3.65,3.29,2.735,2.93
2012-04-04,-1.8975,-1.0175,0.005,-3.275,-3.205,1.7425,1.0,1.665,2.2875,3.9575,6.5675,3.705,3.2875,2.725,2.9225
2012-04-05,-1.8975,-0.98,-0.075,-3.265,-3.0675,1.8,0.955,1.6675,2.73,3.9675,6.7,3.735,3.285,2.785,2.93
2012-04-06,-1.925,-0.98,-0.08,-3.245,-3.0325,1.805,0.935,1.6775,2.2475,4.0675,6.515,3.72,3.2525,2.5975,2.9075
2012-04-09,-1.975,-1.055,-0.0775,-3.2575,-3.165,1.785,0.9275,1.6625,2.2475,4.025,6.51,3.715,3.245,2.595,3.0825
2012-04-10,-2.0,-1.06,-0.155,-3.2525,-3.1825,1.8975,0.9825,1.73,2.25,4.2025,6.53,4.03,3.4375,2.6225,3.1375
2012-04-11,-2.1175,-1.05,-0.105,-3.2775,-3.185,1.9025,0.8675,1.73,2.48,4.1875,6.3575,4.1125,3.385,2.62,3.29
2012-04-12,-2.07,-1.04,-0.0225,-3.1875,-3.0425,1.8375,0.8225,1.7275,2.265,4.145,6.3625,4.095,3.215,2.6225,3.27
2012-04-13,-2.075,-1.015,0.04,-3.1325,-3.085,1.8725,0.8825,1.795,2.25,4.0575,6.0025,4.0025,3.24,2.6225,3.1025
2012-04-16,-2.195,-1.035,0.015,-3.1275,-3.075,1.875,0.94,1.8325,2.2725,4.0375,5.73,3.965,3.2575,2.595,3.0925
2012-04-17,-2.06,-0.9925,0.025,-3.1175,-2.93,1.8625,0.895,2.0625,2.265,4.1175,6.2625,3.8675,3.28,2.6225,3.06
2012-04-18,-2.06,-1.0275,0.2025,-3.0225,-2.93,1.87,0.8275,2.065,2.275,4.2475,6.6175,3.925,3.225,2.6225,2.94
2012-04-19,-2.04,-0.9825,0.235,-2.965,-2.93,1.87,0.7975,2.0625,2.27,4.3025,6.31,3.895,3.145,2.625,2.9425
2012-04-20,-1.995,-0.97,0.24,-2.9475,-2.7475,1.845,0.87,1.9975,2.7875,4.1075,6.2775,3.8175,3.1175,2.495,2.83
2012-04-23,-2.05,-0.97,0.2675,-2.8125,-2.7675,1.96,0.885,1.9825,2.3225,4.17,6.2825,3.82,3.145,2.495,2.7575
2012-04-24,-2.055,-0.985,0.3275,-2.7875,-2.74,1.95,0.88,1.9775,2.2425,3.8925,6.2075,3.6725,3.12,2.5925,2.615
2012-04-25,-2.015,-0.98,0.39,-2.6975,-2.6225,1.865,0.865,1.9775,2.3125,3.8125,5.955,3.65,3.075,2.595,2.595
2012-04-26,-1.96,-0.8275,0.3975,-2.5075,-2.33,1.81,0.82,1.94,2.3725,3.795,5.775,3.605,2.805,2.545,2.5425
2012-04-27,-1.97,-0.8125,0.23,-2.42,-2.2975,1.75,0.83,1.945,2.3475,3.4525,5.5475,3.565,2.54,2.545,2.5
2012-04-30,-1.965,-0.8225,0.185,-2.2975,-2.2025,1.725,0.885,1.895,2.9975,3.58,5.545,3.54,2.445,2.495,2.54
2012-05-01,-1.99,-0.825,0.15,-2.3,-2.215,1.715,0.9275,1.895,2.3975,3.4525,5.5025,3.52,2.4175,2.495,2.4975
2012-05-02,-2.2225,-0.8625,0.28,-2.3075,-2.2275,1.7625,1.12,2.0275,2.3975,3.42,5.92,3.4225,2.45,2.495,2.4325
2012-05-03,-2.195,-0.82,0.37,-2.42,-2.1975,1.7725,1.095,2.0575,2.095,3.4,5.9225,3.3325,2.4575,2.5475,2.4125
2012-05-04,-2.2425,-0.8925,0.335,-2.4575,-2.425,1.895,1.1425,2.04,2.095,3.5225,5.5375,3.44,2.49,2.595,2.3575
2012-05-07,-2.4475,-0.925,0.4,-2.7375,-2.65,1.96,1.2525,2.3925,2.095,3.52,5.53,3.3975,2.49,2.795,2.4275
2012-05-08,-2.51,-0.9575,0.425,-2.8275,-2.765,2.015,1.3375,2.3925,2.095,3.61,5.46,3.715,2.775,2.795,2.3925
2012-05-09,-2.725,-1.03,0.2675,-3.1975,-3.125,2.285,1.5125,2.6575,2.75,3.81,5.7775,4.1525,3.125,2.745,2.7325
2012-05-10,-2.525,-1.0,0.305,-3.2275,-3.1375,2.1525,1.3575,2.5225,2.5475,3.88,5.9125,4.2125,3.095,2.745,2.8025
2012-05-11,-2.52,-1.0225,0.3075,-3.485,-3.3925,2.1975,1.35,2.4975,2.545,3.8775,5.98,4.5275,3.175,2.595,2.815
2012-05-14,-2.685,-1.1325,0.35,-3.6525,-3.5475,2.335,1.5325,2.5275,2.595,4.2175,6.385,4.5425,3.505,2.5925,2.8675
2012-05-15,-2.7225,-1.165,0.3775,-3.65,-3.595,2.295,1.6925,2.6275,2.645,4.2475,6.2025,4.7025,3.78,2.745,3.4575
2012-05-16,-3.09,-1.46,0.395,-3.8975,-3.83,2.53,1.865,2.9475,3.05,4.2225,6.2275,5.255,4.01,3.245,4.6
2012-05-17,-3.175,-1.685,0.235,-3.7475,-4.025,2.675,1.8775,3.0075,3.1475,4.3125,6.225,5.3075,4.08,3.145,4.505
2012-05-18,-3.3375,-1.755,0.1575,-4.425,-4.285,2.945,2.2875,3.1425,3.35,4.7425,6.4775,5.595,4.435,3.145,4.94
2012-05-21,-3.14,-1.705,0.165,-4.2625,-4.1275,2.8625,1.9425,3.1575,3.2,4.5275,6.9125,5.605,4.43,3.145,5.3175
2012-05-22,-2.9925,-1.59,0.2475,-4.1175,-4.0075,2.865,1.8125,2.8575,2.895,4.6025,6.7075,5.615,4.13,3.345,4.84
2012-05-23,-3.25,-1.775,0.225,-4.6125,-4.61,3.095,1.9775,3.0925,3.2475,4.9,6.3775,5.9275,4.835,3.74,5.2
2012-05-24,-3.215,-1.755,0.2,-4.6325,-4.55,3.215,1.6275,3.0575,3.2,4.7525,5.93,5.75,4.705,4.42,5.6375
2012-05-25,-3.255,-1.78,0.17,-4.54,-4.39,3.23,1.5675,3.1225,3.2475,4.6675,5.825,5.565,4.68,4.2475,5.615
2012-05-28,-3.12,-1.77,0.165,-4.295,-4.195,3.1775,1.4675,3.15,3.15,4.605,5.97,5.4325,4.4925,4.145,5.08
2012-05-29,-3.05,-1.7275,0.185,-4.32,-4.2025,3.1525,1.425,2.9825,3.05,4.4475,5.8325,5.405,4.51,3.8025,4.9075
2012-05-30,-3.1125,-1.845,0.0675,-4.4325,-4.27,3.2225,1.485,3.0275,3.1,4.475,5.7825,5.95,4.68,3.745,5.035
2012-05-31,-3.095,-2.03,-0.095,-4.4375,-4.3375,3.2,1.435,3.0225,3.1,4.4675,5.775,6.17,4.9875,3.745,5.29
2012-06-01,-3.0975,-2.27,-0.125,-4.475,-4.42,3.29,1.565,3.1,3.1,4.82,5.8775,6.58,4.85,3.745,5.21
2012-06-04,-3.0575,-2.2775,-0.085,-4.595,-4.415,3.1825,1.52,2.9675,3.1,4.61,5.9225,6.445,4.7675,3.695,4.9975
2012-06-05,-3.13,-2.235,-0.01,-4.4475,-4.33,3.145,1.465,3.01,3.0975,4.2375,5.65,6.6,4.805,3.445,5.0575
2012-06-06,-3.0075,-2.1725,0.055,-4.2725,-4.07,2.945,1.465,3.0125,3.1,4.01,5.5,6.345,4.5775,3.295,4.635
2012-06-07,-2.735,-2.01,0.07,-4.155,-3.7725,2.7025,1.4,2.7075,2.745,3.7325,5.4725,6.3375,4.6625,3.145,4.2075
2012-06-08,-2.85,-2.0775,-0.015,-4.2225,-3.9,2.77,1.375,2.7425,2.795,3.935,5.4925,6.5125,4.61,3.145,4.2275
2012-06-11,-2.7575,-1.995,-0.015,-4.155,-3.865,2.735,1.38,2.6625,2.7475,4.065,5.495,6.32,4.49,3.145,4.1975
2012-06-12,-2.8875,-1.985,-0.01,-4.1275,-3.93,2.665,1.29,2.7625,2.85,4.065,5.5225,6.2175,4.61,2.995,4.24
2012-06-13,-2.7925,-1.96,0.025,-4.045,-3.86,2.5975,1.315,2.7575,2.85,4.1525,5.545,6.3875,4.445,2.995,4.17
2012-06-14,-2.8225,-1.975,0.015,-4.0475,-3.7875,2.61,1.215,2.7275,2.8,4.1475,5.5575,6.2625,4.3925,2.745,4.0525
2012-06-15,-2.83,-1.97,-0.015,-3.9775,-3.77,2.625,1.2225,2.7275,2.8,4.025,5.56,6.0975,4.3175,2.745,3.9075
2012-06-18,-2.68,-1.935,0.01,-3.73,-3.535,2.4875,1.075,2.56,2.6475,4.005,5.54,5.925,4.2375,2.695,3.7125
2012-06-19,-2.585,-1.95,-0.01,-3.6475,-3.435,2.16,1.0425,2.4575,2.4975,3.925,5.3,5.595,3.935,2.695,3.69
2012-06-20,-2.5075,-1.93,0.055,-3.545,-3.345,2.1425,1.055,2.4125,2.495,3.965,5.195,5.135,3.8425,2.6975,3.6375
2012-06-21,-2.4125,-1.88,0.17,-3.525,-3.385,2.085,1.0825,2.2775,2.295,3.93,5.1975,5.2375,3.675,2.495,3.4275
2012-06-22,-2.425,-1.8725,0.165,-3.72,-3.635,2.205,1.0825,2.3125,2.345,3.8475,5.195,5.1525,3.9075,2.595,3.4675
2012-06-25,-2.4,-1.865,0.135,-3.7075,-3.545,2.2575,1.1075,2.2925,2.345,3.975,5.2225,5.1175,3.985,2.595,3.475
2012-06-26,-2.3,-1.8575,0.1075,-3.67,-3.5625,2.235,0.9425,2.2625,2.295,3.89,5.13,5.1375,3.635,2.595,3.525
2012-06-27,-2.165,-1.88,0.11,-3.565,-3.3,2.2075,1.0525,2.1975,2.245,3.775,5.0425,4.8975,3.3525,2.595,3.4925
2012-06-28,-2.23,-1.8575,0.09,-3.54,-3.32,2.1575,1.0975,2.1575,2.195,3.815,4.98,4.775,3.465,2.495,3.1525
2012-06-29,-1.95,-1.8025,0.07,-3.4075,-3.165,2.0525,1.0425,1.9625,1.995,3.365,4.98,4.4775,3.46,2.295,3.0725
2012-07-02,-1.95,-1.6425,0.06,-3.35,-3.1275,1.99,1.0725,1.8275,1.895,3.4225,4.4525,4.29,3.3675,2.095,2.895
2012-07-03,-1.88,-1.62,0.05,-3.28,-3.12,1.995,1.0675,1.8275,1.895,3.3475,4.435,4.4925,3.2075,1.995,2.7625
2012-07-04,-1.8225,-1.55,0.0625,-3.0475,-2.77,1.9075,1.0475,1.7275,1.845,3.3025,4.475,4.115,3.1975,1.995,2.83
2012-07-05,-1.765,-1.555,0.075,-3.015,-2.8375,1.9025,1.0225,1.7625,1.845,3.41,4.43,4.355,3.26,1.995,2.7925
2012-07-06,-1.775,-1.5075,0.0625,-3.1325,-2.9225,1.86,1.0275,1.6975,1.795,3.4275,4.4325,4.4125,3.4225,1.995,2.7725
2012-07-09,-1.7175,-1.4125,0.065,-3.205,-2.9775,1.9125,1.0175,1.63,1.6975,3.4975,4.4325,4.4375,3.3975,1.9975,2.8575
2012-07-10,-1.6225,-1.3725,0.03,-3.2,-2.9575,1.865,1.0225,1.5975,1.645,3.4225,4.4325,4.435,3.365,1.995,2.8775
2012-07-11,-1.52,-1.2225,0.01,-3.06,-2.8675,1.89,0.9825,1.4975,1.545,3.525,4.2575,4.3875,3.2525,1.995,2.9275
2012-07-12,-1.58,-1.2275,0.02,-3.115,-2.8525,1.7975,1.0025,1.4975,1.545,3.55,4.235,4.1025,3.29,1.795,3.1175
2012-07-13,-1.5725,-1.255,0.03,-2.97,-2.7475,1.77,0.98,1.55,1.545,3.355,4.195,4.4925,3.2275,1.595,3.11
2012-07-16,-1.4975,-1.1475,0.035,-2.805,-2.595,1.6725,0.975,1.4625,1.495,3.3725,4.195,4.2625,3.185,1.595,2.8775
2012-07-17,-1.405,-1.1425,0.05,-2.43,-2.2075,1.6475,0.935,1.4125,1.445,3.325,4.05,4.16,3.14,1.595,2.63
2012-07-18,-1.15,-0.9675,0.07,-2.16,-1.9475,1.41,0.755,1.1125,1.145,3.335,4.04,4.0475,3.1825,1.595,2.49
2012-07-19,-0.965,-0.8,0.07,-1.78,-1.6125,1.18,0.655,0.9275,0.895,3.375,3.88,4.2175,3.1375,1.4975,2.3725
2012-07-20,-0.995,-0.7975,0.07,-1.795,-1.615,1.1125,0.78,0.9475,0.995,3.365,3.875,3.955,3.1175,1.4975,2.3225
2012-07-23,-1.19,-0.935,0.055,-2.2925,-2.145,1.275,0.73,1.0625,1.145,3.79,4.2775,4.1075,3.195,1.595,2.3225
2012-07-24,-1.455,-0.9825,0.05,-2.525,-2.36,1.465,0.89,1.2975,1.445,4.1375,4.285,3.58,3.2775,1.595,2.3475
2012-07-25,-1.66,-1.07,0.08,-2.7475,-2.5225,1.49,1.04,1.5625,1.645,3.915,4.44,4.215,3.4125,1.745,2.7825
2012-07-26,-1.525,-1.0525,0.12,-2.605,-2.3575,1.39,1.04,1.4775,1.545,3.74,4.38,3.9975,3.31,1.7475,2.7375
2012-07-27,-1.62,-1.0325,0.115,-2.4675,-2.2475,1.355,1.03,1.6975,1.795,3.565,4.2125,4.1775,3.285,1.7475,2.625
2012-07-30,-1.815,-1.0225,0.12,-2.3875,-2.2025,1.3275,1.17,1.7775,1.845,3.565,4.085,4.1075,3.2425,1.4475,2.5825
2012-07-31,-1.875,-1.0325,0.12,-2.4,-2.1875,1.4025,1.195,1.8425,1.895,3.6025,4.09,3.8775,3.1325,1.295,2.68
2012-08-01,-1.87,-1.0475,0.17,-2.405,-2.265,1.44,1.245,1.8975,1.8975,3.42,4.11,3.5275,2.925,1.2975,2.565
2012-08-02,-2.045,-1.03,0.175,-2.4625,-2.31,1.43,1.3125,1.9975,1.995,3.425,3.9875,3.7375,3.065,1.295,2.425
2012-08-03,-1.615,-1.015,0.14,-2.2825,-2.0775,1.3825,1.255,1.6475,1.645,3.385,4.0325,4.08,3.0325,1.295,2.32
2012-08-06,-1.565,-1.0125,0.18,-2.0725,-1.8625,1.295,1.135,1.545,1.545,3.39,4.0125,3.7275,2.9575,1.295,2.2225
2012-08-07,-1.415,-0.97,0.1925,-1.93,-1.7475,1.2,1.135,1.445,1.445,3.4575,3.985,3.67,2.9125,1.2975,2.1575
2012-08-08,-1.525,-0.9225,0.22,-2.0175,-1.8325,1.24,1.12,1.5975,1.5975,3.4575,4.0325,3.8625,2.83,1.095,2.1575
2012-08-09,-1.5,-0.9475,0.25,-1.9275,-1.6925,1.2325,1.16,1.5975,1.5975,3.4025,4.015,3.985,2.875,1.095,2.1675
2012-08-10,-1.565,-0.95,0.2375,-2.0675,-1.8875,1.23,1.16,1.5975,1.5975,3.3475,4.02,4.1975,2.8425,1.0975,2.1325
2012-08-13,-1.545,-0.9675,0.2225,-2.0675,-1.9125,1.2725,1.1875,1.595,1.595,3.37,4.0125,3.885,2.895,1.095,2.125
2012-08-14,-1.585,-0.9775,0.31,-2.2125,-2.0375,1.2675,1.18,1.4625,1.595,3.47,3.965,3.83,2.7075,1.095,2.1225
2012-08-15,-1.61,-0.9975,0.45,-2.4175,-2.2175,1.35,1.185,1.645,1.645,3.3425,3.965,3.84,3.1,1.095,2.135
2012-08-16,-1.695,-0.98,0.4425,-2.465,-2.1875,1.335,1.125,1.695,1.695,3.34,3.955,3.945,2.9825,1.145,2.2125
2012-08-17,-1.605,-0.9575,0.49,-2.49,-2.24,1.335,1.18,1.645,1.645,3.305,3.985,3.7425,3.0325,1.1475,2.1575
2012-08-20,-1.605,-0.9475,0.5075,-2.43,-2.2375,1.4375,1.175,1.6475,1.645,3.2975,3.9825,4.29,3.06,1.145,2.275
2012-08-21,-1.525,-0.9525,0.415,-2.4575,-2.1975,1.405,1.165,1.495,1.495,3.3575,3.985,3.8925,2.965,1.145,2.275
2012-08-22,-1.475,-0.955,0.365,-2.485,-2.2975,1.44,1.17,1.495,1.495,3.3775,3.96,4.0325,2.8825,1.145,2.3175
2012-08-23,-1.4,-0.935,0.29,-2.405,-2.1675,1.4525,1.18,1.495,1.495,3.4425,4.2325,3.74,2.8625,1.145,2.24
2012-08-24,-1.45,-0.94,0.285,-2.57,-2.3475,1.4975,1.17,1.545,1.545,3.3025,4.2325,3.6875,2.855,1.245,2.205
2012-08-27,-1.4525,-0.9375,0.285,-2.5875,-2.3925,1.4975,1.1625,1.545,1.545,3.41,4.2275,3.95,2.9625,1.245,2.205
2012-08-28,-1.515,-0.9575,0.285,-2.59,-2.4075,1.5075,1.16,1.545,1.545,3.4475,4.2325,4.0425,2.89,1.245,2.36
2012-08-29,-1.535,-0.9475,0.285,-2.575,-2.375,1.585,1.155,1.55,1.545,3.425,4.2275,3.7925,3.03,1.245,2.405
2012-08-30,-1.6,-0.965,0.3325,-2.65,-2.4625,1.5575,1.115,1.5975,1.595,3.5375,4.235,3.7725,3.1625,1.245,2.435
2012-08-31,-1.595,-0.9525,0.33,-2.7425,-2.5725,1.52,1.16,1.5975,1.595,3.47,4.235,3.8,3.105,1.295,2.4425
2012-09-03,-1.595,-0.9675,0.26,-2.85,-2.6675,1.525,1.045,1.5975,1.595,3.4825,4.2225,3.795,3.14,1.295,2.435
2012-09-04,-1.595,-1.055,0.275,-2.78,-2.6125,1.485,1.055,1.5975,1.595,3.4725,4.2225,3.995,3.005,1.295,2.44
2012-09-05,-1.62,-1.0925,0.3025,-2.8475,-2.6975,1.53,1.055,1.6475,1.645,3.655,4.2325,3.6975,3.005,1.295,2.4475
2012-09-06,-1.555,-1.0825,0.3375,-2.745,-2.4625,1.46,1.0575,1.645,1.645,3.4375,4.1675,4.06,2.9975,1.295,2.46
2012-09-07,-1.31,-1.0625,0.2925,-2.335,-2.1025,1.375,0.97,1.3975,1.395,3.1975,3.8525,3.7175,2.79,1.295,2.12
2012-09-10,-1.28,-1.0175,0.245,-2.165,-1.9075,1.3125,0.97,1.295,1.295,3.3025,3.6525,3.5775,2.75,1.295,2.085
2012-09-11,-1.285,-1.015,0.25,-2.1775,-1.915,1.28,0.97,1.2975,1.295,3.1675,3.735,3.345,2.62,1.295,1.9725
2012-09-12,-1.265,-1.02,0.305,-2.12,-1.8875,1.255,0.9725,1.295,1.295,3.1025,3.3875,3.52,2.625,1.295,1.9575
2012-09-13,-1.205,-1.0125,0.32,-2.0175,-1.8625,1.225,0.935,1.295,1.295,3.1475,3.235,4.0575,2.65,1.295,1.8775
2012-09-14,-0.755,-0.77,0.4725,-1.7225,-1.5975,1.1025,0.7825,0.745,0.745,2.99,2.9925,3.6875,2.57,1.2925,1.775
2012-09-17,-0.825,-0.775,0.4975,-1.7525,-1.6225,1.095,0.81,0.795,0.795,3.005,2.99,3.5225,2.5275,0.7975,1.605
2012-09-18,-0.81,-0.955,0.4875,-1.9725,-1.7625,1.095,0.8,0.795,0.795,3.005,2.9975,3.6,2.6275,0.7975,1.5775
2012-09-19,-0.82,-0.83,0.465,-1.9125,-1.7175,1.03,0.795,0.795,0.795,3.065,2.9,4.085,2.525,0.795,1.59
2012-09-20,-0.9,-0.86,0.415,-2.005,-1.8425,1.0425,0.76,0.8975,0.8975,3.0575,2.7375,3.4225,2.525,0.8,1.6125
2012-09-21,-0.885,-0.795,0.4275,-1.9575,-1.715,1.0375,0.82,0.8475,0.845,2.7825,2.74,3.495,2.355,0.7475,1.6075
2012-09-24,-0.895,-0.8125,0.4075,-2.065,-1.91,1.09,0.815,0.845,0.845,2.92,2.7175,3.495,2.1475,0.745,1.5675
2012-09-25,-0.925,-0.8275,0.385,-2.145,-1.965,1.065,0.83,0.895,0.895,2.94,2.5875,3.4225,2.385,0.7475,1.475
2012-09-26,-1.0325,-0.815,0.475,-2.2025,-2.06,1.0725,0.8925,0.995,0.995,2.94,2.9875,3.4275,2.3475,0.7475,1.5875
2012-09-27,-1.03,-0.815,0.45,-2.14,-1.9225,1.0,0.89,0.9975,0.9975,2.9425,2.9875,3.4275,2.305,0.2975,1.585
2012-09-28,-1.0275,-0.8175,0.4475,-1.87,-1.6725,1.0525,0.8875,0.995,0.995,2.915,2.7375,3.3525,2.3175,0.2975,1.5075
2012-10-01,-0.925,-0.8175,0.4275,-1.89,-1.745,1.05,0.865,0.8975,0.895,2.845,2.7375,3.395,2.3175,0.2975,1.5075
2012-10-02,-0.865,-0.8175,0.4275,-2.0075,-1.8675,1.045,0.855,0.8475,0.8475,2.8425,2.485,3.77,2.1775,0.2975,1.54
2012-10-03,-0.865,-0.8525,0.4275,-2.07,-1.8625,1.1325,0.855,0.845,0.845,2.805,2.4875,3.51,2.1775,0.2975,1.55
2012-10-04,-0.83,-0.8525,0.45,-2.0875,-1.84,1.1075,0.845,0.745,0.745,2.8675,2.48,3.48,2.495,0.25,1.5525
2012-10-05,-0.805,-0.8475,0.425,-1.945,-1.705,1.0725,0.775,0.745,0.745,2.79,2.4825,3.75,2.3475,0.5975,1.5275
2012-10-08,-0.89,-0.8575,0.41,-1.935,-1.82,1.1,0.79,0.845,0.845,2.7925,2.7325,4.4125,2.61,0.5975,1.4825
2012-10-09,-0.87,-0.91,0.43,-1.9225,-1.7525,1.05,0.67,0.795,0.795,2.9475,2.655,4.575,2.745,0.7,1.585
2012-10-10,-0.87,-0.8675,0.425,-1.9175,-1.72,1.0575,0.785,0.7975,0.7975,3.0825,2.8,4.5625,2.6525,0.7975,1.6275
2012-10-11,-0.875,-0.8675,0.425,-1.8925,-1.7225,0.9975,0.7825,0.795,0.795,3.16,2.805,4.3075,2.65,0.7975,1.66
2012-10-12,-0.865,-0.8625,0.555,-1.8175,-1.6875,0.9475,0.73,0.7975,0.795,3.1025,2.82,4.3275,2.6225,0.7975,1.6775
2012-10-15,-0.7875,-0.805,0.585,-1.8625,-1.7325,0.98,0.745,0.7475,0.7475,3.1525,2.9725,4.31,2.645,0.7975,1.64
2012-10-16,-0.75,-0.8,0.6225,-1.875,-1.74,0.9775,0.735,0.6975,0.6975,3.1075,2.845,4.3,2.645,0.8,1.6275
2012-10-17,-0.67,-0.835,0.605,-1.6875,-1.5275,1.0075,0.665,0.5975,0.5975,3.02,2.9,4.195,2.5775,0.7975,1.54
2012-10-18,-0.71,-0.77,0.7375,-1.5175,-1.5125,0.9625,0.665,0.62,0.62,3.08,2.6825,4.17,2.44,0.7975,1.4575
2012-10-19,-0.7375,-0.765,0.72,-1.65,-1.4125,0.9775,0.675,0.645,0.645,3.13,2.48,4.2,2.175,0.8975,1.4675
2012-10-22,-0.72,-0.7775,0.68,-1.6325,-1.435,1.0875,0.675,0.645,0.645,3.0675,2.4875,4.215,2.1025,0.8475,1.4525
2012-10-23,-0.7125,-0.8175,0.6925,-1.6375,-1.4325,1.1525,0.6425,0.695,0.695,3.1825,2.655,3.95,2.145,0.6975,1.4475
2012-10-24,-0.8375,-0.8075,0.6175,-1.6925,-1.4475,1.1325,0.67,0.795,0.795,3.2175,2.6925,3.945,2.16,0.6975,1.4225
2012-10-25,-0.8275,-0.8125,0.615,-1.5975,-1.4475,1.1325,0.685,0.795,0.795,3.19,2.69,4.09,2.1425,0.6475,1.3875
2012-10-26,-0.865,-0.81,0.6025,-1.59,-1.435,1.135,0.7025,0.7975,0.7975,3.08,2.49,4.11,2.135,0.6475,1.41
2012-10-29,-0.89,-0.79,0.5875,-1.5925,-1.455,1.1275,0.7,0.845,0.845,3.1,2.55,3.92,2.1275,0.6475,1.385
2012-10-30,-0.8375,-0.805,0.5375,-1.5975,-1.44,1.1025,0.71,0.8475,0.845,3.04,2.545,3.795,2.0475,0.6475,1.3575
2012-10-31,-0.835,-0.7875,0.4475,-1.5625,-1.42,1.0875,0.7,0.795,0.795,3.025,2.7325,3.785,2.0,0.4975,1.3475
2012-11-01,-0.8875,-0.79,0.5125,-1.59,-1.49,1.0825,0.62,0.845,0.845,3.03,2.585,3.75,1.94,0.4975,1.36
2012-11-02,-0.8825,-0.785,0.6,-1.6,-1.5325,1.0775,0.665,0.845,0.845,3.0125,2.5925,3.815,1.93,0.5,1.365
2012-11-05,-0.9125,-0.775,0.5775,-1.67,-1.575,1.0875,0.645,0.8475,0.845,3.0075,2.5825,3.61,1.735,0.5975,1.355
2012-11-06,-0.9,-0.7775,0.56,-1.6975,-1.5725,1.08,0.68,0.845,0.845,3.0175,2.5725,3.6225,1.775,0.6975,1.345
2012-11-07,-0.93,-0.8,0.51,-1.6475,-1.55,1.0675,0.6575,0.895,0.895,3.0625,2.5875,3.6,1.56,0.6975,1.33
2012-11-08,-0.9225,-0.765,0.525,-1.6875,-1.5625,1.0725,0.695,0.895,0.895,3.23,2.5575,3.7325,1.6275,0.6975,1.335
2012-11-09,-0.95,-0.805,0.4875,-1.7525,-1.6425,1.1325,0.7,0.8975,0.895,3.3325,3.725,3.7475,1.67,0.6975,1.3525
2012-11-12,-0.9225,-0.805,0.4825,-1.7,-1.62,1.1775,0.685,0.8975,0.895,3.355,3.7225,3.8075,1.62,0.6975,1.3225
2012-11-13,-0.96,-0.7675,0.5075,-1.68,-1.625,1.135,0.6975,0.895,0.895,3.1775,3.9825,3.81,1.705,0.6975,1.3
2012-11-14,-0.835,-0.75,0.665,-1.655,-1.505,1.0375,0.645,0.7475,0.745,3.125,4.0125,3.8575,1.64,0.695,1.28
2012-11-15,-0.81,-0.7575,0.9225,-1.7525,-1.6825,1.045,0.5875,0.7475,0.7475,3.085,3.98,3.835,1.59,0.6975,1.2975
2012-11-16,-0.7275,-0.7375,0.89,-1.94,-1.7875,0.9625,0.58,0.745,0.745,2.475,3.9775,3.8325,1.58,0.6975,1.33
2012-11-19,-0.755,-0.7425,0.89,-1.8525,-1.7075,0.99,0.5375,0.745,0.745,2.5575,3.9575,3.545,1.5675,0.6975,1.375
2012-11-20,-0.7675,-0.7325,0.91,-1.7425,-1.67,0.95,0.57,0.7475,0.7475,2.415,3.9725,3.475,1.565,0.6975,1.37
2012-11-21,-0.785,-0.6475,1.2325,-1.735,-1.695,0.945,0.535,0.745,0.745,2.45,4.2325,3.44,1.5125,0.6975,1.34
2012-11-22,-0.6875,-0.6275,1.25,-1.8175,-1.6675,0.9425,0.52,0.595,0.595,2.455,4.22,3.4275,1.455,0.6975,1.35
2012-11-23,-0.6775,-0.6525,1.16,-1.8975,-1.6525,0.9425,0.62,0.57,0.57,2.5675,4.205,3.4375,1.4675,0.6975,1.35
2012-11-26,-0.6,-0.6025,1.185,-1.8025,-1.5775,0.9175,0.575,0.545,0.545,2.84,3.9375,3.375,1.4675,0.6975,1.4525
2012-11-27,-0.6025,-0.5825,1.13,-1.7175,-1.525,0.865,0.405,0.4975,0.4975,2.535,3.885,3.245,1.49,0.6975,1.44
2012-11-28,-0.6225,-0.5225,1.145,-1.7825,-1.565,0.8525,0.435,0.545,0.545,2.77,3.9625,3.5925,1.4325,0.695,1.48
2012-11-29,-0.515,-0.51,1.2,-1.7925,-1.5525,0.85,0.515,0.495,0.495,2.645,3.955,3.48,1.39,0.6975,1.575
2012-11-30,-0.6125,-0.515,1.23,-1.7975,-1.5725,0.8125,0.3975,0.47,0.47,2.7225,3.975,3.3475,1.3675,0.6475,1.585
2012-12-03,-0.5,-0.4875,1.2325,-1.9375,-1.665,0.8125,0.53,0.47,0.47,2.7025,4.4475,3.58,1.445,0.6475,1.585
2012-12-04,-0.5,-0.49,1.1625,-1.7125,-1.57,0.795,0.52,0.47,0.47,2.485,4.315,3.135,1.4275,0.7475,1.55
2012-12-05,-0.5825,-0.4575,1.1475,-1.815,-1.565,0.8175,0.535,0.47,0.47,2.465,4.315,3.135,1.4375,0.5975,1.47
2012-12-06,-0.5825,-0.4675,1.2125,-1.825,-1.585,0.8075,0.5425,0.47,0.47,2.51,3.9675,3.15,1.4575,0.5975,1.4375
2012-12-07,-0.6075,-0.4825,1.23,-1.83,-1.605,0.8175,0.56,0.545,0.545,2.5475,3.89,3.14,1.4725,0.5975,1.475
2012-12-10,-0.6825,-0.49,1.2575,-1.625,-1.525,0.7975,0.545,0.5975,0.595,2.6575,3.9075,3.1325,1.505,0.5975,1.44
2012-12-11,-0.6325,-0.4975,1.255,-1.805,-1.525,0.8275,0.58,0.5975,0.595,2.6325,3.7625,3.1675,1.55,0.4975,1.4575
2012-12-12,-0.6675,-0.4575,1.36,-2.2425,-1.5575,0.8175,0.6,0.5975,0.5975,2.6575,3.5275,3.1725,1.53,0.4975,1.365
2012-12-13,-0.5625,-0.445,1.495,-1.6125,-1.4175,0.7925,0.605,0.5975,0.595,2.8825,3.5075,3.23,1.5275,0.4975,1.365
2012-12-14,-0.5275,-0.4375,1.38,-1.6875,-1.4925,0.7925,0.525,0.5475,0.5475,2.8825,3.48,3.145,1.5675,0.4975,1.3975
2012-12-17,-0.515,-0.445,1.245,-1.715,-1.475,0.7875,0.605,0.4975,0.495,2.7625,3.5,3.1425,1.5675,0.4975,1.41
2012-12-18,-0.5425,-0.46,1.13,-1.6,-1.4425,0.725,0.585,0.4975,0.495,2.72,3.45,3.1425,1.54,0.5125,1.4125
2012-12-19,-0.5125,-0.455,1.145,-1.6675,-1.435,0.7825,0.6075,0.4975,0.495,2.735,2.98,3.1475,1.525,0.3975,1.385
2012-12-20,-0.5275,-0.42,1.1025,-1.765,-1.5375,0.7875,0.605,0.4975,0.495,2.74,2.745,3.0375,1.585,0.3975,1.43
2012-12-21,-0.5575,-0.47,1.0025,-1.765,-1.59,0.785,0.57,0.4975,0.495,2.9475,2.7175,3.075,1.66,0.3975,1.44
2012-12-24,-0.5625,-0.495,1.085,-1.855,-1.6675,0.86,0.615,0.4975,0.495,2.9325,2.7175,3.0825,1.6225,0.3975,1.4325
2012-12-25,-0.5675,-0.49,1.13,-1.86,-1.6575,0.805,0.5625,0.4975,0.495,2.915,2.7125,3.07,1.5625,0.3975,1.4425
2012-12-26,-0.585,-0.48,1.23,-1.875,-1.6725,0.815,0.61,0.4975,0.495,2.885,2.7,3.0625,1.5675,0.3975,1.445
2012-12-27,-0.57,-0.465,1.195,-1.845,-1.7225,0.855,0.61,0.4975,0.495,2.9125,2.6575,3.5575,1.5725,0.3975,1.435
2012-12-28,-0.63,-0.545,1.185,-1.795,-1.5725,0.86,0.5825,0.6425,0.715,2.8375,2.6525,3.4,1.5375,0.3975,1.47
2012-12-31,-0.6275,-0.5275,1.195,-1.765,-1.5675,0.875,0.605,0.645,0.755,2.9125,2.6825,3.33,1.545,0.3975,1.4625
2013-01-01,-0.6225,-0.4925,1.17,-1.765,-1.56,0.8575,0.5775,0.645,0.755,2.8325,2.6775,3.33,1.5375,0.3975,1.47
2013-01-02,-0.5525,-0.475,1.0775,-1.735,-1.51,0.805,0.605,0.58,0.695,2.665,2.675,3.2725,1.66,0.3975,1.365
2013-01-03,-0.6075,-0.53,0.9675,-1.7,-1.52,0.8775,0.625,0.6175,0.7675,2.695,2.59,3.265,1.605,0.3975,1.3
2013-01-04,-0.6925,-0.5925,0.8825,-1.725,-1.52,0.8125,0.615,0.6725,0.78,2.5325,2.55,3.255,1.6,0.3975,1.365
2013-01-07,-0.65,-0.5725,0.85,-1.72,-1.5275,0.8175,0.64,0.6925,0.7425,2.5475,2.6725,3.68,1.67,0.3975,1.335
2013-01-08,-0.6425,-0.5625,0.925,-1.62,-1.4875,0.8025,0.585,0.69,0.735,2.5125,2.5625,3.7575,1.665,0.3975,1.125
2013-01-09,-0.6425,-0.5775,1.0075,-1.5625,-1.3875,0.8075,0.63,0.7,0.75,2.46,2.5525,3.5425,1.69,0.3975,1.145
2013-01-10,-0.625,-0.5625,1.0925,-1.415,-1.3275,0.8075,0.635,0.69,0.74,2.4475,2.53,3.69,1.555,0.3975,0.7575
2013-01-11,-0.585,-0.5725,1.095,-1.4025,-1.2975,0.8025,0.57,0.5975,0.66,2.48,2.5,3.45,1.49,0.5475,0.6525
2013-01-14,-0.56,-0.5725,1.05,-1.41,-1.2925,0.7925,0.585,0.615,0.675,2.4975,2.63,3.3925,1.4925,0.5475,0.72
2013-01-15,-0.555,-0.5725,1.0,-1.4175,-1.345,0.8075,0.685,0.575,0.62,2.495,2.465,3.3975,1.4975,0.4275,0.965
2013-01-16,-0.62,-0.7025,0.895,-1.415,-1.37,0.8325,0.765,0.71,0.715,2.535,2.525,3.4175,1.49,0.4375,1.135
2013-01-17,-0.645,-0.69,1.075,-1.515,-1.4425,0.8175,0.86,0.74,0.72,2.48,2.56,3.1425,1.285,0.425,1.1025
2013-01-18,-0.6225,-0.74,1.13,-1.62,-1.625,0.8325,0.885,0.735,0.75,2.4725,2.55,3.365,1.06,0.385,1.16
2013-01-21,-0.6,-0.745,1.095,-1.635,-1.5875,0.8475,0.86,0.67,0.675,2.475,2.49,3.2225,1.125,0.51,1.455
2013-01-22,-0.6275,-0.73,0.9775,-1.6325,-1.585,0.88,0.8625,0.68,0.68,2.4725,2.505,2.795,1.13,0.3425,1.61
2013-01-23,-0.5775,-0.72,0.865,-1.55,-1.5425,0.875,0.8225,0.665,0.6675,2.375,2.51,3.035,1.0875,0.475,1.535
2013-01-24,-0.45,-0.705,1.08,-1.575,-1.6,0.955,0.7725,0.5975,0.585,2.36,2.35,3.1375,1.105,0.3525,1.565
2013-01-25,-0.365,-0.7,1.26,-1.73,-1.68,1.07,0.76,0.425,0.425,2.365,2.33,2.9575,1.08,0.3525,1.8425
2013-01-28,-0.3525,-0.7425,1.16,-1.825,-1.7675,1.175,0.7575,0.465,0.465,2.3325,2.155,2.7675,1.26,0.4275,2.4725
2013-01-29,-0.3375,-0.7825,1.105,-1.76,-1.7325,1.11,0.7425,0.4325,0.43,2.3525,1.905,2.7375,1.275,0.4275,2.16
2013-01-30,-0.3025,-0.7725,1.1625,-1.76,-1.705,1.105,0.7575,0.355,0.35,2.3475,1.865,2.7475,1.25,0.4325,2.135
2013-01-31,-0.3025,-0.745,1.155,-1.865,-1.82,1.005,0.7575,0.3475,0.3425,2.2275,1.8875,2.6875,1.17,0.4175,2.3275
2013-02-01,-0.25,-0.7875,1.28,-1.8775,-1.8175,0.965,0.7325,0.3375,0.33,2.2325,1.895,2.7,0.975,0.43,2.45
2013-02-04,-0.3925,-0.7825,1.26,-1.79,-1.7425,0.93,0.8025,0.4375,0.425,2.2525,2.075,2.6675,0.98,0.5175,2.34
2013-02-05,-0.5625,-0.92,1.3425,-1.815,-1.7575,1.0275,0.8325,0.615,0.6175,2.245,2.0725,2.6475,0.995,0.4675,2.31
2013-02-06,-0.5775,-0.9325,1.3825,-2.015,-1.9075,0.995,0.865,0.675,0.67,2.32,2.28,2.6325,1.02,0.4975,2.4775
2013-02-07,-0.6025,-0.9625,1.315,-2.05,-1.94,0.99,0.875,0.65,0.66,2.3575,2.295,2.53,1.035,0.535,2.4075
2013-02-08,-0.7025,-0.8725,1.185,-2.075,-1.96,0.995,0.9075,0.8125,0.815,2.34,2.2625,2.535,1.01,0.7925,2.4825
2013-02-11,-0.725,-0.8725,1.23,-2.065,-1.95,1.09,0.9075,0.81,0.815,2.3525,2.255,2.535,1.045,0.83,2.43
2013-02-12,-0.725,-1.045,1.17,-2.07,-1.9375,1.1525,0.9075,0.8175,0.815,2.3275,2.2275,2.545,1.145,0.8,2.435
2013-02-13,-0.7125,-1.07,1.14,-2.0625,-1.945,1.1525,0.91,0.795,0.7925,2.285,2.25,2.53,1.195,0.7575,2.3325
2013-02-14,-0.8625,-1.11,0.9325,-1.985,-1.835,1.115,0.9475,0.945,0.9425,2.27,2.0025,2.4525,1.175,0.73,2.26
2013-02-15,-0.9575,-1.12,0.86,-2.015,-1.86,1.135,1.0,1.0175,1.02,2.265,2.0925,2.375,1.195,0.7425,2.22
2013-02-18,-0.9825,-1.115,0.9,-1.955,-1.87,1.165,1.0625,1.0575,1.0825,2.21,2.17,2.3875,1.165,0.775,2.4025
2013-02-19,-0.985,-1.09,0.8375,-1.94,-1.85,1.24,1.0425,1.045,1.07,2.255,2.04,2.3775,1.4,0.9025,2.265
2013-02-20,-0.9525,-1.115,0.73,-1.92,-1.87,1.29,1.03,0.9475,0.995,2.2625,2.0425,2.42,1.495,0.8825,2.2125
2013-02-21,-1.0475,-1.165,0.5975,-2.18,-2.1825,1.385,1.11,1.0625,1.11,2.3325,2.24,2.4375,1.525,0.96,2.33
2013-02-22,-1.065,-1.16,0.6775,-2.175,-2.1625,1.41,1.13,1.09,1.14,2.345,2.28,2.4725,1.91,1.035,2.35
2013-02-25,-1.29,-1.18,0.565,-2.0975,-2.1725,1.435,1.295,1.1775,1.2325,2.5725,2.3025,2.415,1.8425,1.015,2.44
2013-02-26,-1.7325,-1.195,0.49,-2.435,-2.395,1.47,1.4525,1.67,1.765,2.845,2.52,2.4325,2.135,1.185,2.51
2013-02-27,-1.5625,-1.19,0.525,-2.5625,-2.4525,1.38,1.2225,1.385,1.3675,2.8625,2.565,2.4375,2.0,1.185,2.9025
2013-02-28,-1.54,-1.1725,0.62,-2.4,-2.355,1.4,1.185,1.3775,1.3525,2.795,2.49,2.44,1.905,1.125,2.59
2013-03-01,-1.55,-1.315,0.64,-2.3725,-2.3575,1.4,1.215,1.315,1.3,2.72,2.545,2.7975,2.05,1.215,2.55
2013-03-04,-1.4725,-1.235,0.5325,-2.5025,-2.3975,1.38,1.2,1.2875,1.32,2.67,2.5075,2.805,1.935,1.25,2.8775
2013-03-05,-1.415,-1.1525,0.4825,-2.32,-2.1525,1.37,1.065,1.23,1.22,2.67,2.425,2.7675,1.93,1.175,2.755
2013-03-06,-1.315,-1.1675,0.52,-2.2225,-2.0125,1.35,1.055,1.0325,1.07,2.6625,2.325,2.7125,1.86,1.1825,2.49
2013-03-07,-1.275,-1.205,0.6275,-2.145,-2.0375,1.345,1.015,1.12,1.1,2.68,2.32,2.8325,1.84,1.15,2.6675
2013-03-08,-1.2675,-1.245,0.565,-2.075,-1.9725,1.285,1.0475,1.1025,1.075,2.63,2.325,2.8275,1.835,1.2,2.68
2013-03-11,-1.25,-1.2375,0.3275,-2.045,-1.8775,1.21,1.04,1.04,1.04,2.5925,2.305,2.71,1.81,1.155,3.23
2013-03-12,-1.2575,-1.2775,-0.0075,-1.905,-1.79,1.15,0.97,1.0625,1.0475,2.5425,2.235,2.7025,1.785,1.125,2.885
2013-03-13,-1.2625,-1.2675,-0.1375,-1.83,-1.6925,1.1225,1.0225,1.0725,1.055,2.53,2.23,2.6525,1.8325,1.1275,3.065
2013-03-14,-1.2425,-1.2175,-0.1925,-1.69,-1.6,1.02,1.0,1.08,1.1175,2.46,2.2225,2.655,1.7925,1.13,3.21
2013-03-15,-1.1775,-1.1825,-0.24,-1.605,-1.55,1.0225,1.03,0.9975,1.04,2.48,2.3875,2.6675,1.7925,1.145,3.21
2013-03-18,-1.36,-1.2225,-0.515,-1.6575,-1.5925,1.0,1.16,1.1775,1.2125,2.495,2.3375,2.6675,1.82,1.095,3.425
2013-03-19,-1.4975,-1.2125,-0.3825,-1.7,-1.62,1.035,1.23,1.26,1.2875,2.5325,2.4725,2.68,1.885,1.0675,3.2025
2013-03-20,-1.4425,-1.245,-0.32,-1.7075,-1.6325,1.04,1.25,1.275,1.3075,2.5725,2.4325,2.55,1.855,1.095,3.2825
2013-03-21,-1.46,-1.1675,-0.2475,-1.675,-1.575,1.015,1.215,1.3075,1.3375,2.605,2.6875,2.6525,1.845,1.115,2.995
2013-03-22,-1.535,-1.1525,-0.3925,-1.72,-1.66,1.035,1.21,1.3375,1.3975,2.46,2.6825,2.5725,1.845,1.065,2.965
2013-03-25,-1.44,-1.18,-0.3125,-1.6825,-1.5875,0.99,1.19,1.27,1.3475,2.535,2.6175,2.56,1.745,1.055,2.8175
2013-03-26,-1.5175,-1.275,-0.3225,-1.695,-1.6425,0.955,1.265,1.345,1.3925,2.5,2.7025,2.57,1.785,1.075,2.69
2013-03-27,-1.5575,-1.3225,-0.245,-1.705,-1.63,0.94,1.21,1.355,1.3325,2.5175,2.5125,2.54,1.77,1.0775,2.5475
2013-03-28,-1.515,-1.295,-0.2575,-1.735,-1.675,0.935,1.215,1.3375,1.33,2.425,2.4525,2.42,1.74,1.05,2.6125
2013-03-29,-1.525,-1.3,-0.2475,-1.765,-1.6725,0.9075,1.215,1.3375,1.2975,2.44,2.4575,2.425,1.735,1.05,2.605
2013-04-01,-1.525,-1.2975,-0.235,-1.76,-1.6925,0.9,1.2,1.32,1.31,2.365,2.415,2.4375,1.7375,1.0475,2.76
2013-04-02,-1.4025,-1.255,-0.2025,-1.745,-1.6475,0.91,1.155,1.185,1.1725,2.355,2.4475,2.4425,1.72,1.0975,2.74
2013-04-03,-1.34,-1.175,0.03,-1.71,-1.655,0.92,1.115,1.165,1.1725,2.3825,2.4075,2.385,1.715,1.095,2.83
2013-04-04,-1.3,-1.185,0.2075,-1.7425,-1.68,0.915,1.06,1.0975,1.1225,2.3475,2.2975,2.4,1.73,1.095,3.0825
2013-04-05,-1.21,-1.15,0.3975,-1.7725,-1.685,0.9725,0.955,1.0125,1.02,2.4025,2.195,2.32,1.725,1.13,3.285
2013-04-08,-1.11,-1.105,0.6,-1.75,-1.655,1.015,0.9,0.875,0.9,2.3325,2.205,2.3275,1.54,1.1525,3.8375
2013-04-09,-1.065,-1.055,0.54,-1.7225,-1.645,1.0,0.9375,0.915,0.9175,2.23,2.1775,2.2625,1.545,1.1125,4.2475
2013-04-10,-1.1125,-1.04,0.7,-1.5875,-1.52,0.995,0.975,0.935,0.94,2.1725,2.1025,2.2625,1.54,0.855,3.89
2013-04-11,-1.105,-0.99,0.755,-1.345,-1.32,0.975,0.99,0.9175,0.925,2.1075,2.01,2.11,1.56,0.865,3.7425
2013-04-12,-1.1025,-1.005,0.77,-1.345,-1.265,1.0025,0.97,0.9475,0.9625,2.0975,1.9725,2.0875,1.575,0.8075,3.385
2013-04-15,-1.1075,-1.0,0.6325,-1.575,-1.5,1.055,0.975,0.915,0.9175,2.225,2.205,2.0775,1.58,0.8525,3.2
2013-04-16,-1.1725,-1.01,0.68,-1.8125,-1.7575,1.0325,1.005,1.0025,1.035,2.2125,2.2325,2.4175,1.6,0.7975,3.3875
2013-04-17,-1.2775,-1.08,0.795,-1.8025,-1.69,1.075,1.11,1.045,1.1975,2.2675,2.2225,2.4175,1.64,0.7975,3.1375
2013-04-18,-1.2825,-1.145,0.8575,-1.8725,-1.765,1.1325,1.105,1.12,1.24,2.395,2.285,2.2975,1.63,0.795,3.2525
2013-04-19,-1.27,-1.125,0.9275,-1.9575,-1.87,1.1075,1.1975,1.09,1.22,2.3975,2.2325,2.2825,1.635,0.78,2.9975
2013-04-22,-1.3975,-1.16,0.82,-2.0175,-1.955,1.1325,1.22,1.2075,1.3125,2.435,2.205,2.28,1.6425,0.755,3.0025
2013-04-23,-1.355,-1.1875,0.7725,-2.0725,-2.0,1.1775,1.2,1.155,1.2775,2.43,2.17,2.275,1.645,0.7475,3.005
2013-04-24,-1.3575,-1.1875,0.78,-2.0025,-1.93,1.1675,1.25,1.145,1.2575,2.305,2.1125,2.29,1.645,0.8125,2.91
2013-04-25,-1.2925,-1.09,0.53,-1.8825,-1.85,1.1125,1.21,1.0925,1.185,2.24,2.0075,2.2175,1.615,0.8,2.915
2013-04-26,-1.2625,-1.06,0.3075,-1.82,-1.765,1.0275,1.185,1.09,1.2025,2.1575,2.0675,2.2975,1.63,0.795,2.7525
2013-04-29,-1.255,-1.0025,0.26,-1.7775,-1.72,1.0075,1.21,1.065,1.185,2.2575,2.0775,2.285,1.625,0.7775,2.765
2013-04-30,-1.205,-0.99,0.3025,-1.7475,-1.69,1.0025,1.165,1.04,1.15,2.21,2.0075,2.09,1.625,0.77,2.6375
2013-05-01,-1.23,-1.025,0.33,-1.83,-1.7725,1.0025,1.125,1.075,1.1625,2.22,2.0175,2.1,1.615,0.765,2.545
2013-05-02,-1.3225,-1.0,0.415,-1.9325,-1.86,1.02,1.195,1.21,1.2475,2.1575,1.995,2.075,1.615,0.81,2.705
2013-05-03,-1.29,-1.02,0.635,-1.8825,-1.815,1.0775,1.21,1.2,1.2675,2.17,2.005,2.185,1.58,0.805,2.54
2013-05-06,-1.2775,-0.985,0.6875,-1.8975,-1.8325,1.1275,1.16,1.1775,1.235,1.9925,1.985,2.12,1.5725,0.6525,2.55
2013-05-07,-1.265,-1.0325,0.7,-2.0875,-2.0025,1.1025,1.2075,1.1325,1.1975,1.9875,1.9775,2.09,1.59,0.6475,2.51
2013-05-08,-1.235,-1.045,0.66,-2.04,-1.9775,1.0975,1.1975,1.1025,1.145,1.975,1.9575,2.08,1.56,0.64,2.5475
2013-05-09,-1.2575,-1.1,0.9725,-2.1775,-2.095,1.1225,1.245,1.1175,1.175,1.8875,1.96,2.055,1.515,0.595,2.4275
2013-05-10,-1.41,-1.295,0.79,-2.48,-2.3475,1.4075,1.51,1.255,1.31,2.05,2.0375,1.95,1.59,0.595,2.6925
2013-05-13,-1.3725,-1.315,0.655,-2.3425,-2.2575,1.375,1.47,1.265,1.3075,2.055,2.0525,1.94,1.675,0.7775,2.7875
2013-05-14,-1.255,-1.3075,0.59,-2.3925,-2.27,1.4975,1.46,1.1375,1.1875,2.065,2.06,1.96,1.685,0.7475,2.42
2013-05-15,-1.3275,-1.3175,0.6125,-2.485,-2.37,1.53,1.71,1.185,1.2325,2.085,2.11,1.95,1.815,0.77,2.5825
2013-05-16,-1.1925,-1.305,0.605,-2.5075,-2.445,1.58,1.5975,1.085,1.15,2.1,2.2175,2.0225,2.055,0.79,2.675
2013-05-17,-1.22,-1.375,0.635,-2.7625,-2.745,1.7,1.58,1.15,1.225,2.1375,2.3925,2.1575,2.215,0.84,2.6675
2013-05-20,-1.1875,-1.345,0.5,-2.6725,-2.6,1.6925,1.405,1.14,1.215,2.155,2.3425,2.13,2.4,0.85,2.595
2013-05-21,-1.18,-1.405,0.4375,-2.4975,-2.4125,1.6775,1.495,1.165,1.2,2.36,2.43,2.8425,2.29,0.975,2.5725
2013-05-22,-1.2025,-1.445,0.4375,-2.58,-2.51,1.625,1.5275,1.1675,1.1925,2.6,2.615,2.74,2.405,1.0625,2.645
2013-05-23,-1.1925,-1.435,0.14,-2.6875,-2.62,1.585,1.4825,1.16,1.1975,3.03,2.73,2.985,2.6425,1.1525,2.7875
2013-05-24,-1.155,-1.415,0.0775,-2.625,-2.565,1.5,1.4275,1.125,1.1475,2.98,2.905,2.98,2.68,1.1875,2.7725
2013-05-27,-1.16,-1.45,0.03,-2.69,-2.655,1.53,1.41,1.13,1.1625,3.0575,2.62,2.97,2.585,1.19,2.685
2013-05-28,-1.205,-1.4175,0.1775,-2.55,-2.5375,1.5075,1.4275,1.15,1.1775,2.98,2.99,3.0425,2.56,1.27,2.6075
2013-05-29,-1.21,-1.4175,0.155,-2.5925,-2.47,1.505,1.4125,1.1775,1.195,3.1125,3.275,3.0875,2.795,1.43,2.8475
2013-05-30,-1.18,-1.405,-0.0375,-2.4225,-2.3775,1.4475,1.3475,1.175,1.19,3.3125,3.3125,3.385,2.9625,1.46,2.7075
2013-05-31,-1.24,-1.405,-0.06,-2.5675,-2.5325,1.51,1.365,1.1875,1.205,3.6575,3.5475,3.7625,3.21,1.74,2.7575
2013-06-03,-1.285,-1.405,-0.0675,-2.4775,-2.42,1.46,1.4375,1.225,1.2475,3.3825,3.44,3.7025,3.5675,1.7025,2.685
2013-06-04,-1.2875,-1.405,0.1025,-2.575,-2.465,1.4625,1.4625,1.24,1.245,3.3,3.265,3.545,3.46,1.6475,2.55
2013-06-05,-1.295,-1.41,0.1275,-2.665,-2.5175,1.485,1.3725,1.25,1.265,3.3325,3.2075,3.5975,3.475,1.665,2.4525
2013-06-06,-1.23,-1.295,0.0525,-2.7925,-2.7775,1.455,1.335,1.17,1.185,3.275,3.2425,3.6675,3.525,1.69,2.515
2013-06-07,-1.225,-1.275,-0.295,-2.9,-2.8075,1.46,1.315,1.205,1.22,3.25,3.3475,3.915,3.575,1.7025,2.53
2013-06-10,-1.22,-1.265,-0.085,-2.8525,-2.8125,1.4275,1.36,1.17,1.2075,3.3125,3.3975,4.115,3.6175,2.035,2.9325
2013-06-11,-1.24,-1.2575,-0.2625,-2.925,-2.7625,1.45,1.365,1.2025,1.225,3.37,3.3575,4.225,3.5925,2.205,3.075
2013-06-12,-1.185,-1.19,-0.4375,-2.875,-2.6975,1.41,1.2875,1.11,1.15,3.57,3.28,4.085,3.3425,2.1975,3.02
2013-06-13,-1.1725,-1.1675,-1.14,-2.77,-2.55,1.4025,1.2625,1.12,1.15,3.625,3.2325,3.955,3.2275,2.19,3.215
2013-06-14,-1.1775,-1.11,-1.05,-2.78,-2.5275,1.425,1.26,1.115,1.145,3.6725,3.12,3.795,3.1175,2.155,3.115
2013-06-17,-1.165,-1.11,-1.055,-2.775,-2.5425,1.465,1.27,1.135,1.1525,3.615,3.2625,3.65,3.11,2.105,3.13
2013-06-18,-1.135,-1.1325,-0.7525,-2.885,-2.72,1.48,1.2775,1.0925,1.1175,3.695,3.5275,3.69,3.16,1.99,3.0325
2013-06-19,-1.225,-1.27,-0.46,-3.045,-2.9175,1.52,1.3075,1.19,1.2025,3.93,3.8175,3.9975,3.305,2.025,3.0725
2013-06-20,-1.355,-1.335,-0.205,-3.32,-3.2075,1.7425,1.44,1.34,1.33,4.385,4.2075,4.1825,3.84,2.3775,3.6325
2013-06-21,-1.46,-1.395,-0.355,-3.31,-3.0825,1.855,1.475,1.435,1.41,4.5075,4.2725,4.3175,3.865,2.7,3.93
2013-06-24,-1.625,-1.53,-0.5575,-3.38,-3.1775,1.79,1.52,1.76,1.71,4.5125,4.2275,4.36,4.485,2.67,4.14
2013-06-25,-1.575,-1.485,-0.675,-3.275,-3.07,1.82,1.445,1.75,1.76,4.4075,4.1975,4.095,4.63,2.54,4.2575
2013-06-26,-1.67,-1.5075,-0.6925,-3.175,-2.98,1.7625,1.595,1.76,1.7925,4.39,4.1375,3.9225,4.59,2.5975,3.76
2013-06-27,-1.63,-1.505,-0.7975,-2.99,-2.76,1.675,1.5775,1.7575,1.75,4.1875,3.8775,3.875,4.115,2.65,3.4375
2013-06-28,-1.61,-1.54,-0.8025,-3.05,-2.7925,1.66,1.6,1.7475,1.6975,4.2175,4.1425,3.875,4.13,2.6525,3.4025
2013-07-01,-1.54,-1.52,-0.8025,-3.07,-2.7925,1.645,1.5625,1.7025,1.63,4.1775,4.1225,3.8575,4.1475,2.58,3.3125
2013-07-02,-1.545,-1.5225,-0.66,-2.9725,-2.7175,1.645,1.5475,1.6125,1.6225,4.2175,4.1725,3.765,4.0975,2.33,3.16
2013-07-03,-1.645,-1.525,-0.8325,-3.0275,-2.805,1.615,1.5725,1.7525,1.775,4.1375,4.17,3.76,4.2075,2.54,3.2875
2013-07-04,-1.645,-1.525,-0.8875,-2.9425,-2.77,1.6125,1.555,1.7125,1.76,4.1575,4.2,3.6,4.1625,2.5225,3.1575
2013-07-05,-1.6,-1.6325,-0.885,-2.9225,-2.695,1.62,1.565,1.665,1.6925,4.31,4.2925,3.65,4.37,2.4975,3.4475
2013-07-08,-1.355,-1.465,-0.9825,-2.95,-2.685,1.595,1.4925,1.4125,1.455,4.2075,4.045,3.7125,3.9475,2.585,3.615
2013-07-09,-1.3125,-1.4125,-1.145,-2.7075,-2.48,1.4725,1.4525,1.36,1.43,4.15,4.0575,3.6775,4.105,2.3675,3.4025
2013-07-10,-1.2925,-1.3975,-1.3725,-2.585,-2.325,1.4375,1.3725,1.38,1.415,4.1225,4.105,3.64,4.3675,2.3975,3.245
2013-07-11,-1.205,-1.27,-1.6775,-2.6125,-2.525,1.3525,1.26,1.305,1.33,4.1175,3.8825,3.7025,4.755,2.405,3.2525
2013-07-12,-1.1975,-1.3125,-1.7275,-2.6075,-2.3025,1.3025,1.2325,1.28,1.3125,4.065,3.79,3.585,4.835,2.29,3.07
2013-07-15,-1.18,-1.28,-1.4475,-2.5575,-2.215,1.33,1.245,1.2625,1.3,4.0525,3.85,3.64,4.4275,2.285,3.2225
2013-07-16,-1.145,-1.325,-1.465,-2.4375,-2.175,1.3025,1.1975,1.19,1.2325,3.9425,3.77,3.53,4.185,2.0525,3.13
2013-07-17,-1.085,-1.225,-1.3625,-2.3425,-2.115,1.2625,1.165,1.1625,1.19,3.9675,3.71,3.4775,4.055,1.5575,3.04
2013-07-18,-1.055,-1.1975,-1.0675,-2.275,-2.025,1.1525,1.1375,1.145,1.175,3.71,3.6075,3.395,3.62,1.5775,3.305
2013-07-19,-1.035,-1.19,-1.0575,-2.2975,-2.0225,1.1775,1.175,1.1,1.16,3.595,3.295,3.4375,3.495,1.5325,3.03
2013-07-22,-0.985,-1.165,-0.955,-2.1925,-1.975,1.1275,1.0525,1.0875,1.1125,3.495,3.25,3.445,3.375,1.5475,3.155
2013-07-23,-0.98,-1.1925,-0.91,-2.1375,-1.9025,1.1525,1.045,1.0275,1.05,3.3225,3.1625,3.37,3.2025,1.435,2.9675
2013-07-24,-1.02,-1.255,-0.8375,-2.2625,-2.0825,1.1925,1.06,1.0625,1.085,3.3225,3.1075,3.23,3.1125,1.4125,2.985
2013-07-25,-1.115,-1.3,-0.82,-2.2975,-2.155,1.1625,1.1425,1.2175,1.25,3.295,3.105,3.2575,3.3275,1.245,2.8675
2013-07-26,-1.1375,-1.295,-0.995,-2.2625,-2.05,1.1675,1.1975,1.2075,1.245,3.34,3.0625,3.1975,3.3325,1.0725,2.845
2013-07-29,-1.185,-1.2725,-1.08,-2.2975,-2.07,1.1925,1.215,1.255,1.28,3.3125,3.0025,3.2725,3.355,1.2,2.92
2013-07-30,-1.2275,-1.35,-0.8975,-2.5175,-2.255,1.2125,1.295,1.3175,1.345,3.265,3.0925,3.3825,3.455,1.7225,3.05
2013-07-31,-1.2425,-1.3425,-0.9525,-2.7125,-2.3525,1.2925,1.3375,1.315,1.35,3.3625,3.2275,3.37,3.61,2.1875,3.3175
2013-08-01,-1.3,-1.355,-0.805,-2.88,-2.53,1.33,1.335,1.3825,1.415,3.265,3.2725,3.3175,3.705,2.3375,3.1625
2013-08-02,-1.225,-1.3425,-0.7775,-2.73,-2.405,1.4525,1.33,1.3275,1.355,3.1875,3.2225,3.3325,3.755,2.3,2.975
2013-08-05,-1.255,-1.305,-0.775,-2.745,-2.47,1.475,1.355,1.32,1.3325,3.11,3.235,3.2825,3.4225,2.235,2.96
2013-08-06,-1.26,-1.33,-0.72,-2.55,-2.295,1.4525,1.3475,1.3225,1.35,2.7425,2.9175,3.32,3.4775,2.7075,2.7225
2013-08-07,-1.26,-1.265,-0.79,-2.515,-2.24,1.5175,1.36,1.3375,1.3625,2.6325,2.795,3.345,3.49,2.5675,2.72
2013-08-08,-1.245,-1.25,-0.8875,-2.3825,-2.095,1.49,1.3175,1.3075,1.295,2.615,2.78,3.38,3.4525,2.4225,2.73
2013-08-09,-1.245,-1.2925,-0.815,-2.285,-2.0,1.4575,1.3375,1.275,1.2875,2.4725,2.595,3.365,3.44,2.505,2.66
2013-08-12,-1.32,-1.315,-0.6275,-2.2825,-2.005,1.435,1.41,1.3475,1.36,2.4575,2.5925,3.375,3.44,2.6125,2.6875
2013-08-13,-1.4,-1.355,-0.375,-2.2925,-2.03,1.54,1.515,1.4375,1.45,2.5,2.5775,3.2625,3.4175,2.7275,2.61
2013-08-14,-1.42,-1.3475,-0.2425,-2.32,-2.0175,1.4975,1.595,1.49,1.5075,2.485,2.7575,3.2625,3.4325,2.61,2.735
2013-08-15,-1.395,-1.385,-0.3475,-2.3125,-2.0975,1.5,1.625,1.465,1.475,2.565,3.005,3.3,3.5225,2.59,2.6775
2013-08-16,-1.395,-1.3575,-0.495,-2.33,-2.0275,1.5475,1.575,1.4775,1.4725,2.765,3.565,3.245,3.485,2.6275,2.6575
2013-08-19,-1.4075,-1.39,-0.525,-2.3325,-2.0975,1.5525,1.61,1.4575,1.4675,2.9475,3.8825,3.48,3.94,3.0375,2.715
2013-08-20,-1.415,-1.395,-0.755,-2.5225,-2.305,1.6075,1.625,1.4675,1.4625,3.0475,3.64,3.5025,3.9475,3.3625,2.7575
2013-08-21,-1.4625,-1.465,-0.74,-2.605,-2.39,1.6025,1.655,1.565,1.535,3.3425,3.78,3.65,4.4075,3.2875,2.765
2013-08-22,-1.52,-1.4775,-0.5825,-2.6575,-2.43,1.6075,1.685,1.6175,1.605,3.71,3.69,3.8275,4.765,3.885,3.01
2013-08-23,-1.46,-1.49,-0.5225,-2.6575,-2.39,1.64,1.6825,1.55,1.55,3.4475,3.44,3.8975,4.5575,3.6225,2.905
2013-08-26,-1.5075,-1.49,-0.5475,-2.655,-2.4175,1.535,1.685,1.575,1.5825,3.4075,3.1575,3.8425,4.655,3.6575,2.935
2013-08-27,-1.46,-1.515,-0.82,-2.685,-2.4475,1.5375,1.6325,1.52,1.545,3.845,3.1675,4.12,5.325,3.745,3.055
2013-08-28,-1.56,-1.5125,-0.835,-2.825,-2.4625,1.55,1.5975,1.655,1.65,3.77,3.04,4.12,5.62,5.5025,3.105
2013-08-29,-1.6325,-1.505,-0.6625,-2.74,-2.49,1.535,1.6725,1.7025,1.735,3.695,3.135,4.1575,5.255,5.52,3.0675
2013-08-30,-1.67,-1.52,-0.595,-2.765,-2.42,1.52,1.7825,1.8075,1.775,3.76,3.11,4.1725,5.2575,5.3175,2.8475
2013-09-02,-1.7,-1.47,-0.5325,-2.6875,-2.385,1.5125,1.715,1.7575,1.725,3.7,3.315,4.0575,5.095,4.8975,2.835
2013-09-03,-1.6725,-1.465,-0.515,-2.545,-2.3,1.4825,1.7275,1.7275,1.71,3.695,3.34,4.0775,5.5825,5.25,2.885
2013-09-04,-1.57,-1.26,-0.535,-2.2975,-2.06,1.4325,1.6975,1.6325,1.6225,3.7475,3.275,4.07,5.6,5.1175,2.9
2013-09-05,-1.57,-1.2325,-0.615,-2.4225,-2.13,1.4475,1.675,1.6375,1.58,3.6125,3.2775,4.0225,5.585,4.9175,2.945
2013-09-06,-1.505,-1.19,-0.8725,-2.505,-2.295,1.3,1.6675,1.5825,1.57,3.4275,3.24,3.9025,5.4375,4.845,2.975
2013-09-09,-1.41,-1.14,-0.8825,-2.4175,-2.175,1.2925,1.5825,1.4525,1.46,3.455,3.2175,3.9375,5.035,4.61,2.88
2013-09-10,-1.41,-1.155,-0.8875,-2.335,-2.0,1.2975,1.51,1.4725,1.455,3.405,3.18,3.77,4.7,3.7675,2.69
2013-09-11,-1.43,-1.12,-0.9225,-2.39,-2.06,1.3225,1.5825,1.4625,1.4675,3.2525,3.2225,3.7275,4.735,3.69,2.7025
2013-09-12,-1.4375,-1.095,-1.0625,-2.5525,-2.235,1.29,1.5925,1.4875,1.425,3.2475,3.23,3.79,4.6475,3.71,2.7175
2013-09-13,-1.4325,-1.06,-1.0575,-2.645,-2.29,1.3175,1.53,1.5,1.47,2.81,3.3675,3.9,4.7225,3.9875,2.515
2013-09-16,-1.385,-1.0075,-1.12,-2.575,-2.25,1.3375,1.5225,1.455,1.45,2.825,2.995,3.7775,4.3625,3.8575,2.4775
2013-09-17,-1.355,-0.985,-1.0275,-2.6525,-2.325,1.3375,1.49,1.44,1.445,2.8175,3.16,3.7975,4.3375,3.845,2.45
2013-09-18,-1.3225,-0.9775,-0.97,-2.4925,-2.17,1.2075,1.4725,1.3925,1.3575,2.6675,2.94,3.6825,4.11,3.845,2.505
2013-09-19,-1.1525,-0.85,-0.64,-2.3525,-1.99,1.2025,1.305,1.18,1.165,2.61,3.065,3.565,3.4925,3.495,2.385
2013-09-20,-1.175,-0.865,-0.43,-2.445,-2.1125,1.2475,1.2725,1.215,1.26,2.67,2.93,3.45,3.6075,3.4625,2.3325
2013-09-23,-1.2,-0.88,-0.455,-2.46,-2.125,1.2675,1.315,1.225,1.26,2.7,3.01,3.5875,3.6,3.5175,2.48
2013-09-24,-1.24,-0.905,-0.4775,-2.465,-2.185,1.3,1.3175,1.315,1.33,2.6725,3.0,3.545,3.61,3.49,2.645
2013-09-25,-1.225,-0.93,-0.495,-2.5275,-2.115,1.31,1.29,1.3875,1.3375,2.995,2.9925,3.535,3.64,3.495,2.88
2013-09-26,-1.235,-0.8975,-0.515,-2.5525,-2.3225,1.3425,1.275,1.3975,1.3475,3.025,3.1575,3.3975,3.655,3.06,2.8125
2013-09-27,-1.1775,-0.88,-0.53,-2.55,-2.285,1.3425,1.25,1.3425,1.2725,3.225,3.1375,3.62,3.815,3.095,2.915
2013-09-30,-1.24,-0.8575,-0.725,-2.5775,-2.35,1.37,1.23,1.42,1.3475,3.15,3.0475,3.7125,3.7575,3.285,3.085
2013-10-01,-1.1675,-0.805,-0.67,-2.52,-2.2725,1.36,1.1375,1.3575,1.26,2.97,2.95,3.715,3.67,3.1425,2.925
2013-10-02,-1.1275,-0.78,-0.84,-2.5075,-2.2375,1.3825,1.14,1.335,1.25,2.95,2.93,3.7175,3.6875,3.1,2.8475
2013-10-03,-0.98,-0.735,-0.7025,-2.42,-2.245,1.34,1.085,1.13,1.085,2.8975,2.8575,3.6525,3.4675,3.08,2.8275
2013-10-04,-0.935,-0.77,-0.73,-2.285,-2.105,1.2625,1.04,1.0825,1.04,2.865,2.8675,3.715,3.3875,3.02,2.86
2013-10-07,-0.9175,-0.7275,-0.82,-2.275,-2.055,1.2925,1.06,1.0625,1.035,2.9175,2.9,3.7275,3.355,2.9475,2.8725
2013-10-08,-0.8825,-0.745,-0.815,-2.23,-2.015,1.27,0.975,1.0175,0.98,2.67,2.9375,3.6075,3.2675,3.06,2.8225
2013-10-09,-0.865,-0.73,-0.8,-2.2,-1.985,1.3975,1.005,1.005,0.9775,2.8125,2.9325,3.6075,3.2575,3.1475,2.9225
2013-10-10,-0.885,-0.7,-0.7725,-2.1675,-1.925,1.4,0.9975,0.9925,0.99,2.7175,2.735,3.485,3.0175,3.0225,2.9175
2013-10-11,-0.8225,-0.67,-0.75,-2.085,-1.82,1.39,0.925,0.9325,0.91,2.6475,2.815,3.33,2.935,2.7775,2.73
2013-10-14,-0.77,-0.65,-0.6,-2.015,-1.75,1.3825,0.8475,0.885,0.85,2.6275,2.675,3.3025,2.94,2.765,2.74
2013-10-15,-0.7625,-0.665,-0.55,-1.945,-1.67,1.345,0.9175,0.9075,0.865,2.585,2.7025,3.3075,2.8975,2.5875,2.645
2013-10-16,-0.7925,-0.625,-0.4775,-1.895,-1.655,1.3375,0.91,0.9325,0.88,2.6025,2.7225,3.2625,2.8525,2.695,2.645
2013-10-17,-0.6725,-0.5475,-0.4775,-1.585,-1.43,1.22,0.7675,0.8225,0.755,2.585,2.7025,3.1275,2.7225,2.56,2.4075
2013-10-18,-0.5875,-0.4425,-0.475,-1.4575,-1.285,1.1575,0.68,0.69,0.6525,2.5825,2.7275,3.05,2.5625,2.62,2.4
2013-10-21,-0.5775,-0.405,-0.4675,-1.4,-1.2,1.1375,0.7075,0.6975,0.6975,2.6775,2.6525,3.12,2.5575,2.3,2.39
2013-10-22,-0.5025,-0.3775,-0.415,-1.3025,-1.0875,1.0525,0.6575,0.6625,0.665,2.66,2.64,3.115,2.5625,2.4025,2.295
2013-10-23,-0.41,-0.36,-0.5075,-1.54,-1.305,1.0975,0.5325,0.53,0.52,2.715,2.6275,3.075,2.5625,2.315,2.195
2013-10-24,-0.3725,-0.3125,-0.4775,-1.52,-1.38,1.13,0.51,0.5475,0.52,2.79,2.6375,2.97,2.6025,2.295,2.2575
2013-10-25,-0.375,-0.3075,-0.5125,-1.625,-1.4675,1.2175,0.4825,0.5475,0.4975,2.76,2.6125,2.7975,2.68,2.2925,2.28
2013-10-28,-0.3575,-0.27,-0.43,-1.665,-1.48,1.215,0.455,0.5375,0.505,2.7275,2.57,2.8925,2.6125,2.255,2.265
2013-10-29,-0.4025,-0.29,-0.3475,-1.835,-1.7075,1.2225,0.495,0.5625,0.53,2.72,2.645,2.9675,2.6275,2.1475,2.2175
2013-10-30,-0.4875,-0.35,-0.3225,-1.865,-1.74,1.1925,0.57,0.595,0.6475,2.7275,2.59,2.91,2.615,2.2025,2.1725
2013-10-31,-0.7425,-0.43,-0.2425,-1.9125,-1.76,1.175,0.8625,0.835,0.905,2.785,2.96,2.935,2.7825,2.28,2.1125
2013-11-01,-0.8275,-0.605,-0.1975,-1.995,-1.815,1.1925,0.885,0.9275,0.9725,2.93,3.22,2.8025,2.8375,2.7225,2.2175
2013-11-04,-0.8275,-0.6225,-0.1325,-1.9925,-1.81,1.2075,0.8525,0.955,0.995,2.9275,3.0775,2.99,3.01,2.9175,2.195
2013-11-05,-0.8725,-0.5375,-0.08,-2.01,-1.82,1.2725,0.915,0.945,0.97,3.0525,3.3475,3.125,3.085,2.9525,2.185
2013-11-06,-0.8575,-0.51,0.0075,-2.01,-1.815,1.2875,0.875,0.92,0.9975,3.0575,3.3825,3.2675,3.2325,2.97,2.2425
2013-11-07,-0.8075,-0.5125,-0.02,-2.0425,-1.85,1.3175,0.84,0.855,0.93,3.24,3.395,3.2625,3.26,2.8475,2.2275
2013-11-08,-0.7875,-0.515,0.005,-2.1525,-1.975,1.3275,0.79,0.89,0.945,3.1725,3.4625,3.4125,3.2425,3.085,2.2825
2013-11-11,-0.72,-0.52,0.0325,-2.18,-1.985,1.33,0.7675,0.8925,0.8725,3.085,3.48,3.3975,3.2375,3.165,2.45
2013-11-12,-0.705,-0.5525,0.1325,-2.295,-2.075,1.345,0.74,0.8625,0.84,3.0625,3.4075,3.4375,3.595,3.36,2.53
2013-11-13,-0.7075,-0.565,0.12,-2.24,-2.015,1.275,0.6875,0.8575,0.8675,3.0225,3.1625,3.42,3.7075,3.325,2.6225
2013-11-14,-0.7025,-0.5325,0.135,-2.0675,-1.9375,1.3025,0.69,0.865,0.9025,2.9925,3.4325,3.3225,3.6325,3.3825,2.395
2013-11-15,-0.6825,-0.4525,0.1775,-1.9275,-1.775,1.145,0.6675,0.8475,0.8475,2.815,3.4025,3.2275,3.5825,3.285,2.275
2013-11-18,-0.6725,-0.535,0.1625,-1.8075,-1.655,1.0625,0.655,0.8075,0.815,2.785,3.1875,3.1925,3.4175,3.0975,2.25
2013-11-19,-0.655,-0.48,0.1675,-1.7875,-1.65,1.1575,0.6775,0.7975,0.7975,2.8025,3.36,3.0975,3.2025,2.92,2.095
2013-11-20,-0.7775,-0.4725,0.0975,-1.8275,-1.6475,1.1425,0.7,0.9275,0.9375,2.9175,3.4175,3.075,3.185,3.0675,1.9575
2013-11-21,-0.8375,-0.435,0.2625,-2.07,-1.91,1.2875,0.72,0.96,0.965,3.05,3.485,3.135,3.24,3.0725,2.0575
2013-11-22,-0.8325,-0.43,0.1575,-2.2725,-2.09,1.3125,0.7575,1.0025,1.0075,3.09,3.3525,2.9775,3.2475,3.15,2.045
2013-11-25,-0.8725,-0.4275,0.1225,-2.2975,-2.085,1.3475,0.825,1.03,0.99,3.0,3.315,3.04,3.1875,3.1175,2.005
2013-11-26,-0.8525,-0.4375,-0.1525,-2.2475,-2.095,1.34,0.8025,1.0275,1.015,2.98,3.2775,2.9775,3.19,3.0875,2.0
2013-11-27,-0.8875,-0.4075,-0.2625,-2.36,-2.175,1.3925,0.82,1.0725,1.045,2.985,3.3325,3.06,3.25,3.0475,1.9975
2013-11-28,-0.8925,-0.3925,-0.245,-2.2775,-2.09,1.37,0.815,1.055,1.04,2.945,3.2725,3.0225,3.2075,2.97,1.9975
2013-11-29,-0.9025,-0.3825,-0.27,-2.2875,-2.1075,1.375,0.8175,1.0625,1.0425,3.05,3.32,2.9525,3.1925,2.955,2.005
2013-12-02,-0.9175,-0.305,-0.3475,-2.285,-2.11,1.43,0.7975,1.0575,1.08,3.06,3.34,2.9775,3.295,2.935,1.9775
2013-12-03,-0.9075,-0.3275,-0.3975,-2.3025,-2.105,1.435,0.8475,1.05,1.08,3.07,3.3075,3.2175,3.3275,2.9375,1.98
2013-12-04,-0.9375,-0.33,-0.4425,-2.46,-2.22,1.3925,0.8525,1.0725,1.105,3.065,3.35,3.56,3.5425,2.94,1.9925
2013-12-05,-0.9175,-0.335,-0.535,-2.3525,-2.1275,1.2925,0.8425,1.0375,1.0525,3.04,3.17,3.54,3.3975,2.9125,1.9925
2013-12-06,-0.8925,-0.3275,-0.5275,-2.3,-2.06,1.2075,0.835,1.0125,1.0325,2.99,3.1575,3.4525,3.3025,2.9175,1.9675
2013-12-09,-0.8875,-0.315,-0.5125,-2.255,-2.035,1.085,0.8225,1.0125,1.0275,2.89,3.0875,3.36,3.355,2.845,1.8975
2013-12-10,-0.8475,-0.3,-0.5575,-2.1725,-1.935,1.0425,0.765,0.9775,0.985,2.925,3.0725,3.3925,3.345,2.795,1.8575
2013-12-11,-0.8125,-0.3525,-0.5725,-2.1875,-1.9575,0.99,0.73,0.9275,0.925,2.9625,3.115,3.4,3.36,2.81,1.865
2013-12-12,-0.86,-0.445,-0.58,-2.4475,-2.1575,1.0425,0.7225,0.9925,1.0,3.075,3.1375,3.405,3.35,2.8225,1.9375
2013-12-13,-0.8475,-0.39,-0.51,-2.4075,-2.05,1.0675,0.7525,0.97,0.9475,3.09,3.1425,3.365,3.4,2.9125,1.97
2013-12-16,-0.8475,-0.37,-0.53,-2.28,-1.98,1.06,0.73,0.975,0.9975,3.065,3.0925,3.3625,3.35,2.9875,1.9575
2013-12-17,-0.8375,-0.38,-0.5225,-2.175,-1.91,1.0325,0.7325,0.97,0.96,2.985,3.1275,3.3925,3.355,2.7475,1.9575
2013-12-18,-0.81,-0.38,-0.5675,-2.105,-1.91,1.0375,0.73,0.975,0.97,3.015,3.1275,3.3275,3.4325,2.7275,1.9475
2013-12-19,-0.82,-0.4,-0.525,-2.0275,-1.8725,1.0075,0.7275,1.0,0.96,3.03,3.0875,3.35,3.585,2.7425,2.005
2013-12-20,-0.8825,-0.385,-0.56,-1.905,-1.655,1.0075,0.79,1.0325,1.03,3.015,2.9775,3.25,4.15,2.75,2.005
2013-12-23,-0.8575,-0.385,-0.5825,-1.8025,-1.56,0.9925,0.775,0.99,0.955,3.0,2.9825,3.315,4.0975,2.77,1.96
2013-12-24,-0.8475,-0.3925,-0.6025,-1.8225,-1.65,0.96,0.78,0.9775,0.9575,2.965,2.98,3.2975,4.0225,2.5825,1.925
2013-12-25,-0.845,-0.395,-0.6025,-1.7825,-1.585,0.9525,0.7775,0.9725,0.9525,2.9775,2.9925,3.28,4.0725,2.5925,1.92
2013-12-26,-0.8425,-0.3925,-0.6225,-1.825,-1.59,0.96,0.7725,0.9875,0.9675,2.9975,2.9775,3.3275,4.12,2.615,1.9475
2013-12-27,-0.78,-0.405,-0.795,-1.7275,-1.445,0.9225,0.7375,0.9125,0.91,2.9975,2.9325,3.2725,4.715,2.6825,1.9225
2013-12-30,-0.8575,-0.38,-0.7925,-1.6475,-1.425,0.9175,0.7775,1.0,0.975,2.98,2.8775,3.365,4.56,2.8075,1.9125
2013-12-31,-0.8625,-0.37,-0.795,-1.5875,-1.5,0.9225,0.7875,0.9975,0.9675,2.95,2.88,3.3525,4.265,2.6475,1.8125
2014-01-01,-0.8575,-0.38,-0.81,-1.555,-1.28,0.9275,0.78,0.9925,0.96,2.9925,2.925,3.3375,4.29,2.7175,1.825
2014-01-02,-0.9375,-0.485,-0.8075,-1.515,-1.265,0.9675,0.835,1.05,1.0375,3.04,3.1475,3.615,4.3775,2.7075,1.6475
2014-01-03,-0.9175,-0.48,-0.8425,-1.4925,-1.24,0.9525,0.825,1.06,1.0525,2.9925,3.08,3.635,4.4675,2.5975,1.69
2014-01-06,-0.8275,-0.475,-0.8375,-1.3575,-1.135,0.9275,0.7825,0.9675,0.955,2.9525,2.9075,3.585,4.575,2.7175,2.1275
2014-01-07,-0.7925,-0.48,-0.7725,-1.4025,-1.135,0.855,0.75,0.9425,0.9525,2.915,2.855,3.5925,4.3,2.5525,2.2175
2014-01-08,-0.805,-0.435,-0.655,-1.4525,-1.165,0.845,0.83,0.925,0.9575,2.7875,2.785,3.62,4.4125,2.24,2.135
2014-01-09,-0.8025,-0.435,-0.64,-1.6275,-1.24,0.86,0.8325,0.925,0.955,2.6225,2.675,3.5175,4.3925,2.225,2.095
2014-01-10,-0.7825,-0.435,-0.7,-1.53,-1.21,0.9375,0.7825,0.89,0.915,2.615,2.51,3.5325,4.0825,1.85,1.975
2014-01-13,-0.7925,-0.4525,-0.7575,-1.475,-1.1575,0.88,0.775,0.9,0.935,2.475,2.435,3.4775,4.01,1.855,1.8725
2014-01-14,-0.7725,-0.4475,-0.7875,-1.57,-1.25,0.9225,0.77,0.92,0.9225,2.53,2.4325,3.465,4.0125,1.81,1.94
2014-01-15,-0.8375,-0.51,-0.7025,-1.675,-1.31,0.935,0.83,0.9425,0.97,2.415,2.24,3.41,3.9825,1.955,1.9
2014-01-16,-0.8475,-0.5125,-0.75,-1.625,-1.3925,0.89,0.815,0.9725,0.975,2.575,2.2925,3.465,4.1375,1.955,1.88
2014-01-17,-0.88,-0.5025,-0.7675,-1.4625,-1.33,0.8825,0.835,0.985,1.0,2.455,2.22,3.2775,4.175,2.0225,1.8675
2014-01-20,-0.8775,-0.4975,-0.7975,-1.4125,-1.3,0.89,0.86,0.99,1.005,2.4525,2.155,3.495,4.355,2.0325,1.735
2014-01-21,-0.8825,-0.505,-0.835,-1.3775,-1.36,0.94,0.8475,0.985,0.995,2.4725,2.16,3.495,4.1275,2.065,1.8625
2014-01-22,-0.8475,-0.445,-0.8375,-1.315,-1.15,0.885,0.83,0.9725,0.985,2.4075,2.075,3.4625,3.8475,2.0775,1.905
2014-01-23,-0.8075,-0.365,-0.9175,-1.4075,-1.18,0.8675,0.795,0.9425,0.95,2.3875,2.275,3.4775,4.38,2.0675,1.9875
2014-01-24,-0.8375,-0.415,-1.195,-1.61,-1.42,0.8075,0.815,0.9675,0.98,2.6575,2.6275,3.8225,4.7225,1.8,2.175
2014-01-27,-0.8375,-0.4275,-1.2825,-1.4525,-1.34,0.79,0.835,0.975,0.9725,2.7125,2.595,3.915,4.8675,2.445,2.185
2014-01-28,-0.8375,-0.41,-1.2375,-1.3425,-1.26,0.755,0.84,0.9875,0.9775,2.6575,2.6075,3.9225,4.6075,2.51,2.1
2014-01-29,-0.8375,-0.44,-1.315,-1.3875,-1.2725,0.78,0.825,0.96,0.96,2.7925,2.7375,4.08,4.7125,2.405,2.1675
2014-01-30,-0.9275,-0.4475,-1.29,-1.3825,-1.365,0.7025,0.905,1.0625,1.0475,2.705,2.705,3.9125,4.44,2.7525,2.38
2014-01-31,-0.9925,-0.455,-1.3725,-1.48,-1.465,0.6575,0.95,1.1525,1.1225,2.7475,2.7125,3.955,4.5425,2.7475,2.335
2014-02-03,-0.91,-0.475,-1.4425,-1.475,-1.495,0.635,0.9,1.0475,1.04,2.775,2.7575,3.725,4.52,2.815,2.4225
2014-02-04,-0.9,-0.4725,-1.475,-1.435,-1.465,0.61,0.86,1.03,0.995,2.7425,2.7,3.6425,4.3775,2.74,2.485
2014-02-05,-0.89,-0.475,-1.35,-1.3825,-1.435,0.595,0.825,1.045,1.0175,2.7225,2.7,3.6425,4.3,2.645,2.3875
2014-02-06,-0.8575,-0.4775,-1.2375,-1.3675,-1.34,0.585,0.795,0.985,0.9625,2.645,2.375,3.5275,4.0625,2.645,2.38
2014-02-07,-0.8325,-0.4675,-1.145,-1.4125,-1.345,0.57,0.77,0.995,0.9475,2.6375,2.2525,3.5225,4.035,2.59,2.2575
2014-02-10,-0.8175,-0.4575,-1.07,-1.45,-1.345,0.5525,0.7525,0.965,0.925,2.6175,2.25,3.41,4.125,2.5775,2.1925
2014-02-11,-0.82,-0.45,-1.07,-1.4325,-1.335,0.5525,0.7475,0.955,0.9325,2.535,2.3,3.4,4.03,2.2975,2.005
2014-02-12,-0.8,-0.45,-1.06,-1.45,-1.34,0.5525,0.75,0.94,0.9125,2.51,2.305,3.3325,4.045,2.38,1.94
2014-02-13,-0.7725,-0.2825,-1.1,-1.5,-1.415,0.5725,0.735,0.925,0.8925,2.625,2.3725,3.3575,4.1975,2.24,1.96
2014-02-14,-0.765,-0.2725,-1.125,-1.5,-1.4125,0.5825,0.76,0.9275,0.8875,2.52,2.37,3.3625,4.125,1.84,1.8775
2014-02-17,-0.7675,-0.2925,-1.125,-1.5,-1.4075,0.57,0.7225,0.8925,0.8725,2.49,2.3125,3.3175,4.0,1.8675,1.8725
2014-02-18,-0.7325,-0.2975,-0.975,-1.46,-1.385,0.585,0.705,0.895,0.8575,2.445,2.335,3.285,4.0525,1.8475,1.98
2014-02-19,-0.7325,-0.2875,-0.9675,-1.495,-1.405,0.655,0.6875,0.8725,0.8525,2.425,2.36,3.335,4.1175,1.825,1.97
2014-02-20,-0.76,-0.2775,-1.01,-1.625,-1.5525,0.6375,0.6975,0.89,0.8925,2.43,2.3475,3.32,4.2275,1.7725,2.12
2014-02-21,-0.7675,-0.2875,-0.8525,-1.6475,-1.55,0.6225,0.725,0.895,0.88,2.4275,2.34,3.34,4.2375,1.9,2.0775
2014-02-24,-0.775,-0.2725,-0.855,-1.685,-1.595,0.59,0.725,0.8625,0.8625,2.39,2.26,3.255,4.225,1.96,2.005
2014-02-25,-0.7675,-0.3375,-0.7775,-1.665,-1.59,0.565,0.6925,0.855,0.8375,2.3575,2.28,3.26,4.3775,1.94,2.0575
2014-02-26,-0.78,-0.38,-0.73,-1.7175,-1.61,0.545,0.725,0.8575,0.825,2.355,2.33,3.21,4.82,1.81,2.065
2014-02-27,-0.84,-0.385,-0.77,-1.7525,-1.6,0.51,0.7925,0.9075,0.865,2.2875,2.3475,3.19,5.0125,1.8775,2.0625
2014-02-28,-0.81,-0.3875,-0.785,-1.805,-1.655,0.525,0.7175,0.8725,0.8725,2.24,2.23,3.255,4.7825,1.77,2.0925
2014-03-03,-0.8875,-0.405,-0.915,-1.8675,-1.6425,0.515,0.77,0.9375,0.9475,2.3475,2.3425,3.22,4.9725,1.87,2.12
2014-03-04,-0.8625,-0.4,-0.81,-1.845,-1.59,0.515,0.755,0.9175,0.925,2.315,2.28,3.25,4.62,1.885,2.1
2014-03-05,-0.87,-0.405,-0.675,-1.635,-1.45,0.5225,0.745,0.9125,0.9025,2.22,2.285,3.23,4.5325,1.875,2.0575
2014-03-06,-0.7925,-0.42,-0.555,-1.545,-1.2725,0.49,0.705,0.84,0.835,2.04,2.2825,3.1925,4.49,1.4875,1.975
2014-03-07,-0.7525,-0.3975,-0.49,-1.585,-1.2825,0.49,0.6075,0.8075,0.7525,2.01,2.36,3.255,4.4675,1.64,1.96
2014-03-10,-0.73,-0.4925,-0.52,-1.6575,-1.3425,0.51,0.675,0.775,0.7775,1.925,2.415,3.2525,4.475,1.565,2.0175
2014-03-11,-0.725,-0.4925,-0.58,-1.6975,-1.3825,0.51,0.675,0.74,0.755,1.995,2.375,3.2525,4.6375,1.26,1.9775
2014-03-12,-0.71,-0.5075,-0.65,-1.8525,-1.4875,0.5075,0.64,0.715,0.7175,1.97,2.3325,3.25,4.9325,1.565,2.0725
2014-03-13,-0.6375,-0.51,-0.665,-1.725,-1.385,0.5125,0.55,0.6875,0.6975,1.97,2.3225,3.245,4.7875,1.565,2.0
2014-03-14,-0.715,-0.5175,-0.82,-1.83,-1.5025,0.5275,0.485,0.6975,0.7025,1.995,2.3375,3.26,4.805,1.5525,2.1925
2014-03-17,-0.675,-0.505,-0.845,-1.85,-1.525,0.525,0.54,0.6575,0.6575,2.03,2.3825,3.2825,4.8025,1.615,2.2175
2014-03-18,-0.6575,-0.52,-0.8625,-1.785,-1.4425,0.585,0.535,0.725,0.68,1.9825,2.3425,3.2525,4.8225,1.71,2.1575
2014-03-19,-0.6875,-0.5175,-0.7975,-1.83,-1.5425,0.56,0.535,0.7575,0.7525,2.015,2.31,3.23,4.8075,1.755,2.115
2014-03-20,-0.7625,-0.5225,-0.7275,-1.815,-1.5775,0.545,0.67,0.8375,0.8425,2.0375,2.275,3.275,4.9825,1.745,2.19
2014-03-21,-0.7175,-0.51,-0.7175,-1.725,-1.4475,0.495,0.64,0.805,0.81,2.0075,2.2525,3.26,4.905,1.74,2.2175
2014-03-24,-0.715,-0.4875,-0.6025,-1.7,-1.3975,0.48,0.62,0.8075,0.81,2.0125,2.3325,3.2775,4.9725,1.75,2.2175
2014-03-25,-0.7075,-0.485,-0.615,-1.6725,-1.3775,0.475,0.615,0.7875,0.7825,2.0175,2.3475,3.2,4.9375,1.735,2.15
2014-03-26,-0.7225,-0.465,-0.5825,-1.48,-1.2675,0.45,0.6475,0.8225,0.805,2.015,2.31,3.245,4.8,1.6425,2.095
2014-03-27,-0.81,-0.4475,-0.625,-1.485,-1.26,0.4525,0.6525,0.89,0.87,2.025,2.225,3.2125,4.4725,1.6825,2.1075
2014-03-28,-0.8075,-0.415,-0.5575,-1.405,-1.1475,0.4275,0.6525,0.8975,0.885,1.985,2.2625,3.11,4.565,1.66,2.0675
2014-03-31,-0.7925,-0.415,-0.465,-1.43,-1.1775,0.44,0.65,0.89,0.88,1.945,2.18,3.1725,4.38,1.6175,2.0425
2014-04-01,-0.7425,-0.41,-0.54,-1.42,-1.1425,0.45,0.6325,0.8475,0.835,1.96,2.08,2.965,4.15,1.6325,1.9575
2014-04-02,-0.75,-0.405,-0.5,-1.44,-1.285,0.4475,0.635,0.85,0.84,1.9575,2.0425,2.95,4.08,1.6375,1.7625
2014-04-03,-0.7575,-0.415,-0.5025,-1.445,-1.3,0.4575,0.625,0.8575,0.84,1.955,2.065,2.9775,4.0675,1.705,1.765
2014-04-04,-0.7225,-0.405,-0.5175,-1.42,-1.26,0.45,0.615,0.8175,0.805,1.9275,2.0675,2.8975,3.8575,1.73,1.74
2014-04-07,-0.67,-0.395,-0.63,-1.345,-1.21,0.46,0.575,0.7375,0.73,1.9475,1.995,2.8175,3.6325,1.57,1.735
2014-04-08,-0.6225,-0.345,-0.68,-1.33,-1.17,0.495,0.55,0.7125,0.71,1.905,1.9525,2.7675,3.6925,1.585,1.65
2014-04-09,-0.6025,-0.34,-0.62,-1.275,-1.155,0.4925,0.5275,0.68,0.675,1.915,2.0075,2.78,3.575,1.65,1.4475
2014-04-10,-0.5775,-0.32,-0.635,-1.26,-1.165,0.49,0.4725,0.6575,0.65,1.91,2.05,2.8225,3.64,1.72,1.3775
2014-04-11,-0.5425,-0.32,-0.605,-1.41,-1.305,0.535,0.47,0.63,0.625,1.9075,2.0225,2.8025,3.6625,1.785,1.3625
2014-04-14,-0.64,-0.3225,-0.605,-1.42,-1.345,0.565,0.56,0.7425,0.7425,1.9125,2.065,2.8775,3.6675,1.79,1.37
2014-04-15,-0.6675,-0.3075,-0.55,-1.435,-1.36,0.5775,0.56,0.73,0.755,1.925,2.135,2.895,3.7225,1.73,1.4025
2014-04-16,-0.71,-0.3,-0.4725,-1.41,-1.38,0.595,0.57,0.775,0.785,1.8625,2.1175,2.8925,3.6625,1.74,1.38
2014-04-17,-0.7125,-0.295,-0.455,-1.3875,-1.355,0.6,0.5675,0.7625,0.785,1.8625,2.135,2.935,3.8075,1.825,1.3725
2014-04-18,-0.7125,-0.2925,-0.425,-1.3775,-1.32,0.6075,0.57,0.7675,0.795,1.875,2.14,2.91,3.79,1.86,1.3575
2014-04-21,-0.7175,-0.295,-0.4,-1.3825,-1.3275,0.625,0.5575,0.7525,0.7775,1.8675,2.1525,2.895,3.6525,1.81,1.375
2014-04-22,-0.71,-0.2825,-0.3625,-1.3675,-1.315,0.63,0.56,0.7675,0.78,1.8425,2.135,2.91,3.7725,1.925,1.415
2014-04-23,-0.7175,-0.265,-0.39,-1.405,-1.3475,0.6275,0.56,0.7625,0.785,1.855,2.1675,2.9,3.855,1.93,1.4275
2014-04-24,-0.715,-0.2575,-0.3875,-1.355,-1.1925,0.625,0.5525,0.765,0.7825,1.8175,2.1425,2.88,3.6125,1.92,1.4725
2014-04-25,-0.7125,-0.27,-0.41,-1.345,-1.175,0.625,0.56,0.78,0.7825,1.85,2.1275,2.9,3.6025,1.9175,1.4575
2014-04-28,-0.7175,-0.2625,-0.395,-1.3575,-1.175,0.635,0.55,0.75,0.76,1.8825,2.1725,2.865,3.6275,1.925,1.49
2014-04-29,-0.6975,-0.235,-0.34,-1.3925,-1.2175,0.645,0.55,0.7475,0.76,1.8875,2.0375,2.8825,3.6775,1.8325,1.455
2014-04-30,-0.715,-0.21,-0.335,-1.4,-1.1725,0.6525,0.5575,0.755,0.775,1.86,1.9575,2.8675,3.62,1.78,1.51
2014-05-01,-0.68,-0.1725,-0.335,-1.405,-1.2075,0.6725,0.545,0.73,0.7425,1.8525,1.9725,2.885,3.435,1.7725,1.5025
2014-05-02,-0.6875,-0.1675,-0.3225,-1.385,-1.1775,0.675,0.5375,0.715,0.7275,1.7575,1.8925,2.8925,3.3725,1.7825,1.575
2014-05-05,-0.685,-0.17,-0.38,-1.395,-1.1625,0.685,0.54,0.7175,0.7375,1.7875,1.8925,2.8825,3.38,1.7575,1.5125
2014-05-06,-0.64,-0.145,-0.4175,-1.375,-1.1575,0.7125,0.515,0.6775,0.6875,1.81,1.8975,2.6925,3.295,1.7575,1.44
2014-05-07,-0.6125,-0.115,-0.48,-1.315,-1.1775,0.69,0.505,0.6425,0.6575,1.725,1.8425,2.5275,3.21,1.7575,1.3975
2014-05-08,-0.6625,-0.1125,-0.505,-1.3,-1.1875,0.6875,0.52,0.68,0.695,1.6525,1.785,2.0825,3.145,1.7775,1.42
2014-05-09,-0.7525,-0.155,-0.485,-1.29,-1.2075,0.6875,0.585,0.785,0.7925,1.61,1.7925,2.1975,3.1,1.7725,1.425
2014-05-12,-0.75,-0.155,-0.49,-1.225,-1.1375,0.7,0.62,0.775,0.795,1.7025,1.795,2.1,3.2775,1.73,1.425
2014-05-13,-0.7825,-0.17,-0.485,-1.24,-1.1425,0.7075,0.655,0.8025,0.8175,1.465,1.76,2.1675,2.845,1.745,1.4275
2014-05-14,-0.7575,-0.17,-0.495,-1.14,-1.0775,0.7,0.64,0.79,0.805,1.335,1.765,2.1675,2.815,1.71,1.425
2014-05-15,-0.8375,-0.195,-0.5975,-1.14,-1.0725,0.7,0.815,0.87,0.8775,1.34,1.805,2.2275,2.9525,1.705,1.4525
2014-05-16,-0.82,-0.1725,-0.74,-1.21,-1.1075,0.7,0.7975,0.8525,0.8625,1.2625,1.8225,2.3025,2.89,1.62,1.4575
2014-05-19,-0.805,-0.17,-0.795,-1.2025,-1.1075,0.6875,0.79,0.85,0.87,1.2125,1.765,2.2975,2.9025,1.495,1.4075
2014-05-20,-0.8,-0.17,-0.7525,-1.385,-1.2475,0.7,0.7875,0.84,0.8575,1.2925,1.7625,2.4275,3.1175,1.425,1.235
2014-05-21,-0.825,-0.1675,-0.7675,-1.535,-1.42,0.7,0.825,0.86,0.875,1.255,1.755,2.4825,3.1375,1.58,1.2925
2014-05-22,-0.8125,-0.175,-0.51,-1.4225,-1.2925,0.7,0.7775,0.8225,0.8425,1.21,1.805,2.465,2.89,1.4825,1.2725
2014-05-23,-0.865,-0.175,-0.445,-1.4475,-1.2825,0.6925,0.7875,0.86,0.87,1.22,1.895,2.4925,2.87,1.405,1.4175
2014-05-26,-0.855,-0.175,-0.445,-1.4025,-1.265,0.6575,0.7875,0.86,0.855,1.215,1.89,2.4975,2.89,1.3875,1.295
2014-05-27,-0.855,-0.17,-0.4475,-1.3625,-1.2225,0.7,0.795,0.875,0.8825,1.255,2.0375,2.5575,2.915,1.5075,1.1875
2014-05-28,-0.85,-0.2175,-0.4375,-1.35,-1.1975,0.7125,0.8,0.88,0.895,1.2625,2.09,2.5275,2.925,1.5475,1.16
2014-05-29,-0.85,-0.225,-0.455,-1.2925,-1.1475,0.7125,0.7925,0.8825,0.9025,1.265,2.09,2.4625,2.935,1.5325,1.0025
2014-05-30,-0.825,-0.215,-0.435,-1.205,-1.055,0.6975,0.7875,0.875,0.8975,1.2875,2.08,2.45,2.915,1.5025,0.9175
2014-06-02,-0.8225,-0.205,-0.4025,-1.2375,-1.07,0.7175,0.775,0.87,0.8525,1.295,2.2475,2.5825,2.895,1.565,0.9675
2014-06-03,-0.8175,-0.205,-0.25,-1.235,-1.0825,0.7275,0.7575,0.8425,0.825,1.405,2.235,2.8125,2.95,1.5075,1.065
2014-06-04,-0.8375,-0.205,-0.2625,-1.215,-1.0575,0.7375,0.7775,0.865,0.865,1.425,2.3525,2.8725,3.1025,1.2975,1.16
2014-06-05,-0.7725,-0.2075,-0.31,-1.205,-1.0625,0.7275,0.74,0.8125,0.7975,1.305,2.275,2.8525,2.955,1.4225,1.155
2014-06-06,-0.735,-0.1875,-0.37,-1.165,-1.01,0.715,0.71,0.7675,0.7625,1.25,2.1075,2.7525,2.835,1.4475,1.1
2014-06-09,-0.7175,-0.18,-0.385,-1.08,-0.9125,0.725,0.68,0.75,0.73,1.38,1.9175,2.6925,2.7025,1.1875,1.06
2014-06-10,-0.7375,-0.17,-0.38,-1.08,-0.9275,0.7275,0.71,0.7775,0.765,1.3825,1.9075,2.6275,2.6725,1.005,0.9625
2014-06-11,-0.7375,-0.175,-0.355,-1.0575,-0.91,0.735,0.655,0.7625,0.74,1.4,1.925,2.6475,2.8475,1.1025,0.925
2014-06-12,-0.7175,-0.18,-0.36,-1.04,-0.8725,0.7325,0.6425,0.7475,0.725,1.3725,1.9325,2.6625,2.9125,1.1075,0.8125
2014-06-13,-0.7,-0.1575,-0.29,-1.0175,-0.845,0.725,0.645,0.73,0.715,1.3675,1.9175,2.8075,2.98,1.2175,0.7175
2014-06-16,-0.7025,-0.15,-0.3,-1.0725,-0.9,0.7275,0.64,0.7375,0.7175,1.3825,1.975,2.81,3.32,1.285,0.86
2014-06-17,-0.675,-0.1175,-0.29,-1.12,-0.915,0.7275,0.63,0.7,0.6775,1.6325,2.185,2.84,3.1775,1.165,0.835
2014-06-18,-0.635,-0.12,-0.225,-1.19,-0.9575,0.7325,0.605,0.68,0.68,1.5825,2.1675,2.8875,3.105,1.27,0.975
2014-06-19,-0.5825,-0.115,-0.25,-1.095,-0.875,0.7225,0.5375,0.635,0.6225,1.565,2.1625,2.8225,2.9175,1.18,0.8525
2014-06-20,-0.575,-0.1175,-0.24,-1.07,-0.8175,0.7375,0.53,0.61,0.6,1.6275,2.21,2.835,2.9875,1.1875,0.855
2014-06-23,-0.575,-0.115,-0.24,-1.0175,-0.8175,0.7225,0.54,0.6325,0.6025,1.615,2.165,2.835,2.98,1.245,0.8775
2014-06-24,-0.565,-0.1125,-0.235,-1.0875,-0.8825,0.6875,0.51,0.5975,0.62,1.5725,2.2075,2.69,2.835,1.1375,0.785
2014-06-25,-0.5725,-0.1175,-0.235,-1.16,-0.935,0.6275,0.5,0.61,0.6125,1.54,2.175,2.5425,2.785,1.3075,0.7825
2014-06-26,-0.59,-0.12,-0.24,-1.09,-0.9075,0.51,0.5225,0.6525,0.6475,1.53,2.155,2.5325,2.7775,1.3075,0.725
2014-06-27,-0.6,-0.115,-0.42,-1.115,-0.9025,0.5125,0.525,0.63,0.665,1.6,2.1225,2.5775,2.7825,1.2925,0.65
2014-06-30,-0.5775,-0.1175,-0.43,-1.1775,-0.9575,0.485,0.53,0.615,0.6375,1.6175,2.13,2.5175,2.72,1.1775,0.6475
2014-07-01,-0.5825,-0.1175,-0.43,-1.1325,-0.9125,0.4925,0.51,0.6125,0.625,1.6675,2.1275,2.4875,2.6475,1.1875,0.635
2014-07-02,-0.5675,-0.115,-0.38,-1.1425,-0.9375,0.4675,0.495,0.605,0.64,1.66,2.13,2.575,2.655,1.0525,0.74
2014-07-03,-0.5725,-0.1175,-0.265,-1.19,-0.9575,0.4325,0.51,0.61,0.6725,1.6875,2.1625,2.545,2.62,1.0575,0.76
2014-07-04,-0.5675,-0.115,-0.255,-1.1775,-0.94,0.4575,0.5225,0.625,0.7,1.68,2.2075,2.5125,2.55,1.11,0.81
2014-07-07,-0.5775,-0.1225,-0.265,-1.1825,-0.9475,0.4825,0.52,0.6225,0.6825,1.69,2.13,2.5075,2.45,1.0525,0.78
2014-07-08,-0.5825,-0.1175,-0.275,-1.1675,-0.9425,0.5075,0.52,0.6275,0.685,1.6825,2.1775,2.5375,2.4075,1.0775,0.7775
2014-07-09,-0.59,-0.215,-0.325,-1.2375,-0.9825,0.5225,0.525,0.625,0.6775,1.68,2.16,2.5175,2.3775,1.0625,0.7725
2014-07-10,-0.6425,-0.2475,-0.435,-1.305,-1.0625,0.5825,0.5625,0.7,0.765,1.6775,2.1875,2.4525,2.43,1.0675,0.7775
2014-07-11,-0.6575,-0.225,-0.48,-1.285,-1.0475,0.57,0.5875,0.7325,0.8225,1.6775,2.2175,2.4175,2.4125,1.055,0.8125
2014-07-14,-0.6625,-0.23,-0.4775,-1.28,-1.0275,0.6475,0.585,0.7125,0.775,1.6775,2.2425,2.4625,2.435,1.0625,0.81
2014-07-15,-0.68,-0.245,-0.43,-1.2425,-0.9925,0.65,0.59,0.725,0.7575,1.6175,2.2125,2.4625,2.4175,1.14,1.1175
2014-07-16,-0.795,-0.24,-0.42,-1.2825,-1.0575,0.6475,0.6925,0.83,0.8625,1.5925,2.08,2.4575,2.42,1.1625,1.3525
2014-07-17,-0.795,-0.2525,-0.53,-1.2975,-1.0675,0.6725,0.6825,0.8375,0.865,1.6525,2.1275,2.44,2.435,1.265,1.4525
2014-07-18,-0.81,-0.315,-0.595,-1.3925,-1.19,0.67,0.645,0.84,0.86,1.63,2.165,2.47,2.41,1.17,1.51
2014-07-21,-0.8075,-0.315,-0.63,-1.3525,-1.1325,0.67,0.6675,0.8375,0.845,1.635,2.1575,2.48,2.4,1.1325,1.53
2014-07-22,-0.835,-0.37,-0.585,-1.3325,-1.0925,0.67,0.685,0.8525,0.865,1.645,2.155,2.4275,2.35,1.1675,1.48
2014-07-23,-0.8225,-0.38,-0.5925,-1.215,-1.0125,0.67,0.735,0.85,0.8625,1.6375,2.1475,2.3325,2.205,1.1675,1.405
2014-07-24,-0.7375,-0.38,-0.525,-1.175,-1.0125,0.665,0.6675,0.7775,0.7825,1.645,2.17,2.3075,2.2,1.1575,1.475
2014-07-25,-0.7375,-0.38,-0.45,-1.215,-1.0525,0.685,0.6825,0.7775,0.775,1.6375,2.2325,2.305,2.19,1.1075,1.515
2014-07-28,-0.7275,-0.3775,-0.3625,-1.2175,-1.065,0.6875,0.645,0.7675,0.77,1.655,2.3,2.3475,2.2075,1.1075,1.39
2014-07-29,-0.7275,-0.38,-0.2475,-1.21,-1.1275,0.735,0.645,0.7675,0.78,1.6325,2.29,2.3425,2.27,0.995,1.465
2014-07-30,-0.745,-0.4475,-0.05,-1.3825,-1.2975,0.805,0.6725,0.7925,0.805,1.7275,2.39,2.3475,2.52,1.0,1.51
2014-07-31,-0.745,-0.48,-0.0925,-1.5275,-1.3575,0.79,0.6675,0.785,0.795,2.0475,2.4775,2.3475,2.6725,1.5025,1.6375
2014-08-01,-0.69,-0.48,-0.155,-1.5825,-1.435,0.82,0.655,0.7675,0.77,2.1425,2.61,2.5325,2.7875,1.9925,1.7325
2014-08-04,-0.6825,-0.485,-0.17,-1.4925,-1.32,0.79,0.65,0.745,0.76,2.0975,2.615,2.4675,2.695,1.8375,1.695
2014-08-05,-0.6875,-0.4625,-0.145,-1.43,-1.285,0.8375,0.645,0.7425,0.7475,2.1575,2.79,2.6325,2.72,1.7625,1.675
2014-08-06,-0.66,-0.4725,-0.215,-1.44,-1.2575,0.885,0.615,0.7075,0.7125,2.4425,2.7925,2.8175,3.15,1.7375,1.735
2014-08-07,-0.655,-0.48,-0.2025,-1.505,-1.2975,0.8775,0.625,0.7,0.7125,2.47,2.9225,2.825,3.1075,1.8225,1.72
2014-08-08,-0.6575,-0.515,-0.5575,-1.61,-1.4075,0.9275,0.5875,0.7125,0.71,2.345,2.9175,2.9225,3.34,1.8575,2.17
2014-08-11,-0.6475,-0.5125,-0.3775,-1.5425,-1.3125,0.9675,0.57,0.6925,0.7025,2.2425,3.04,2.8625,3.145,1.8425,1.97
2014-08-12,-0.65,-0.505,-0.34,-1.5275,-1.2675,0.95,0.575,0.705,0.68,2.2625,2.9525,2.9125,3.3425,1.7575,1.995
2014-08-13,-0.65,-0.5,-0.2325,-1.47,-1.2175,0.9325,0.57,0.7075,0.685,2.2575,2.995,2.895,3.3075,1.8225,1.9825
2014-08-14,-0.6,-0.475,-0.24,-1.4675,-1.19,0.9175,0.545,0.6325,0.645,2.155,2.8925,2.8925,3.1075,1.6875,1.5675
2014-08-15,-0.5925,-0.4,-0.325,-1.4175,-1.195,0.91,0.5075,0.6575,0.6625,2.22,2.8925,2.9175,3.4,1.6875,1.4725
2014-08-18,-0.6,-0.42,-0.3525,-1.3675,-1.16,0.925,0.5,0.665,0.665,2.225,2.8525,2.93,3.435,1.52,1.4875
2014-08-19,-0.58,-0.4675,-0.3275,-1.3525,-1.17,0.9325,0.5125,0.6375,0.6325,2.1225,2.8975,2.925,3.395,1.555,1.51
2014-08-20,-0.565,-0.4875,-0.23,-1.4275,-1.23,0.935,0.5,0.5975,0.6075,2.1375,2.8175,2.9775,3.3825,1.6725,1.525
2014-08-21,-0.5425,-0.4425,-0.27,-1.3875,-1.2625,0.925,0.4675,0.605,0.61,2.2125,2.74,2.9675,3.4025,1.7325,1.575
2014-08-22,-0.55,-0.455,-0.31,-1.34,-1.2,0.935,0.45,0.6075,0.61,2.1975,2.685,2.95,3.3925,1.7075,1.5975
2014-08-25,-0.5725,-0.455,-0.315,-1.3425,-1.2325,0.94,0.5,0.6325,0.64,2.1425,2.7075,3.0125,3.405,1.7325,1.5775
2014-08-26,-0.6,-0.4975,-0.32,-1.34,-1.2225,0.93,0.51,0.645,0.65,2.1925,2.675,2.9075,3.3425,1.7175,1.5475
2014-08-27,-0.6075,-0.465,-0.335,-1.315,-1.1825,0.93,0.495,0.66,0.665,2.125,2.4225,2.9175,3.1775,1.6975,1.5225
2014-08-28,-0.6025,-0.45,-0.3825,-1.305,-1.17,0.9475,0.365,0.6475,0.6625,2.1425,2.055,2.89,3.1975,1.7125,1.4275
2014-08-29,-0.6125,-0.4525,-0.3875,-1.2825,-1.1525,0.9325,0.3425,0.6675,0.6775,2.0,1.98,2.9125,3.1775,1.66,1.47
2014-09-01,-0.645,-0.47,-0.3475,-1.26,-1.0675,0.9275,0.355,0.7125,0.7125,2.02,2.0025,2.9175,3.1175,1.6625,1.5325
2014-09-02,-0.7125,-0.66,-0.3475,-1.33,-1.125,0.97,0.4075,0.765,0.775,2.095,2.01,2.8675,3.0325,1.6525,1.6075
2014-09-03,-0.6775,-0.6975,-0.36,-1.3,-1.1575,0.9525,0.36,0.735,0.7275,2.0675,1.97,2.72,2.9625,1.6225,1.645
2014-09-04,-0.7425,-0.75,-0.4325,-1.2725,-1.125,0.935,0.5225,0.785,0.78,2.1125,1.935,2.7375,2.8275,1.6175,1.6575
2014-09-05,-0.8275,-0.95,-0.395,-1.2925,-1.1425,0.935,0.5875,0.875,0.8725,2.0975,2.0,2.5925,2.8275,1.6575,1.79
2014-09-08,-0.79,-1.5125,-0.3525,-1.29,-1.145,0.98,0.5825,0.84,0.8425,2.13,2.11,2.695,2.8275,1.6575,1.8125
2014-09-09,-0.8975,-1.8525,-0.25,-1.6675,-1.485,1.1175,0.69,0.8925,0.9175,2.2225,2.4775,2.9325,3.125,1.655,1.91
2014-09-10,-0.8875,-2.125,-0.18,-2.055,-1.7575,1.1725,0.83,0.9,0.8975,2.385,2.535,3.0325,3.3775,1.7825,2.05
2014-09-11,-0.8525,-1.955,-0.245,-1.96,-1.75,1.175,0.805,0.8575,0.87,2.2975,2.3875,3.0225,3.3275,1.7675,2.0125
2014-09-12,-0.8325,-2.2725,-0.2,-2.0125,-1.735,1.185,0.7975,0.845,0.8275,2.35,2.6275,3.0825,3.3425,1.7475,1.97
2014-09-15,-0.835,-2.375,-0.22,-1.955,-1.675,1.17,0.905,0.85,0.86,2.3825,2.6475,3.25,3.5025,1.815,2.005
2014-09-16,-0.8025,-2.4325,-0.24,-1.935,-1.6275,1.1575,0.825,0.83,0.825,2.3525,2.5675,3.3975,3.4125,1.8225,1.9875
2014-09-17,-0.695,-2.5575,-0.235,-1.8925,-1.64,1.13,0.6825,0.7325,0.7375,2.335,2.535,3.3925,3.3075,1.8275,1.9875
2014-09-18,-0.6725,-2.205,-0.265,-1.9325,-1.6725,1.125,0.61,0.6975,0.6975,2.3025,2.465,3.345,3.3025,1.8525,2.185
2014-09-19,-0.6125,-0.795,-0.34,-1.8175,-1.585,1.1025,0.695,0.6675,0.6175,2.23,2.225,3.3475,3.2125,1.8625,2.2175
2014-09-22,-0.6125,-0.68,-0.43,-1.8875,-1.57,1.1175,0.6925,0.655,0.635,2.2675,2.3225,3.2375,3.3475,1.825,2.075
2014-09-23,-0.6075,-0.645,-0.4625,-1.835,-1.57,1.12,0.7025,0.6375,0.6275,2.3575,2.3575,3.235,3.2825,1.765,2.0725
2014-09-24,-0.6125,-0.605,-0.4925,-1.78,-1.5275,1.125,0.7175,0.65,0.6425,2.3675,2.3725,3.15,3.2175,1.7675,2.03
2014-09-25,-0.7225,-0.655,-0.48,-1.8275,-1.685,1.1125,0.815,0.7575,0.7525,2.675,2.2075,3.1225,3.1975,1.8425,2.06
2014-09-26,-0.7125,-0.665,-0.4775,-1.82,-1.75,1.175,0.805,0.745,0.735,2.6725,2.5775,3.2125,3.3625,1.8275,1.99
2014-09-29,-0.75,-0.66,-0.47,-1.945,-2.0,1.1925,0.8275,0.805,0.795,2.855,3.1,3.2825,3.4525,1.85,2.305
2014-09-30,-0.7375,-0.66,-0.46,-1.9625,-2.0175,1.16,0.85,0.7775,0.7825,2.9775,3.22,3.25,3.385,1.9275,2.3075
2014-10-01,-0.755,-0.66,-0.525,-1.955,-2.03,1.155,1.0375,0.775,0.77,2.8425,3.155,3.365,3.38,1.9775,2.345
2014-10-02,-0.7,-0.665,-0.63,-1.79,-1.8425,1.11,1.01,0.735,0.74,2.8,3.05,3.3575,3.325,2.01,2.3375
2014-10-03,-0.79,-0.73,-0.5475,-1.84,-1.9375,1.0975,1.105,0.8475,0.85,2.735,2.9,3.355,3.4375,1.9425,2.3675
2014-10-06,-0.7875,-0.705,-0.615,-1.68,-1.8625,1.05,1.175,0.84,0.84,2.6475,2.7925,3.24,3.3625,1.82,2.4
2014-10-07,-0.8075,-0.715,-0.6675,-1.6575,-1.755,1.05,1.17,0.8575,0.8625,2.7175,2.685,3.195,3.225,1.94,2.22
2014-10-08,-0.75,-0.69,-0.7025,-1.5825,-1.7175,1.045,1.0575,0.785,0.7875,2.52,2.6575,3.17,3.215,1.9425,2.3325
2014-10-09,-0.75,-0.6825,-0.7125,-1.4175,-1.5,1.0425,1.0475,0.7675,0.7725,2.5975,2.66,3.06,3.1125,1.8225,2.1975
2014-10-10,-0.8375,-0.735,-0.675,-1.5825,-1.6575,1.08,1.0525,0.845,0.845,2.64,2.7425,3.05,3.3025,1.7225,2.2825
2014-10-13,-0.825,-0.74,-0.7225,-1.7075,-1.7525,1.06,1.055,0.84,0.8325,2.625,2.8525,3.0525,3.285,1.7425,2.2425
2014-10-14,-0.8275,-0.83,-0.74,-1.7675,-1.8025,1.075,1.05,0.85,0.8475,2.7475,2.81,3.05,3.305,1.7125,2.1975
2014-10-15,-0.7575,-0.7725,-0.885,-1.7925,-1.805,1.1475,0.965,0.8175,0.81,2.99,3.3025,3.035,3.295,1.71,2.115
2014-10-16,-0.7775,-0.8175,-1.015,-2.01,-1.9825,1.205,0.96,0.83,0.825,3.115,3.77,3.12,3.3625,1.595,2.2275
2014-10-17,-0.7875,-0.85,-0.845,-1.86,-1.905,1.1775,0.98,0.835,0.8175,3.1075,3.68,3.155,3.295,1.74,2.2175
2014-10-20,-0.7725,-0.845,-0.7475,-1.8375,-1.855,1.195,0.955,0.845,0.8175,3.1125,3.7075,3.125,3.29,1.8075,2.175
2014-10-21,-0.7875,-0.8375,-0.7575,-1.7775,-1.81,1.215,0.97,0.84,0.84,3.0025,3.65,3.0625,3.2325,1.7025,2.0575
2014-10-22,-0.81,-0.84,-0.655,-1.7325,-1.8625,1.22,0.97,0.8925,0.8175,2.9525,3.46,3.075,3.095,1.705,2.01
2014-10-23,-0.805,-0.85,-0.5225,-1.6925,-1.885,1.225,0.9425,0.87,0.8375,2.9075,3.025,3.0425,3.035,1.5575,2.05
2014-10-24,-0.8,-0.83,-0.5,-1.7075,-1.9075,1.205,0.95,0.87,0.7975,2.7875,2.9925,3.07,2.925,1.4925,2.1225
2014-10-27,-0.795,-0.82,-0.495,-1.67,-1.815,1.2025,0.86,0.8475,0.8425,2.65,2.8675,3.05,2.8425,1.485,2.0925
2014-10-28,-0.7525,-0.8125,-0.48,-1.595,-1.7375,1.195,0.8275,0.8325,0.8375,2.4725,2.5375,3.01,2.78,1.4825,2.035
2014-10-29,-0.7175,-0.735,-0.44,-1.5575,-1.715,1.1975,0.7825,0.82,0.825,2.2975,2.5425,2.92,2.745,1.4425,1.9925
2014-10-30,-0.86,-0.76,-0.3725,-1.6175,-1.745,1.195,0.84,0.91,0.9125,2.1275,2.3375,2.9075,2.765,1.445,1.93
2014-10-31,-0.975,-0.77,0.0475,-1.6325,-1.7475,1.215,0.935,1.0425,1.04,2.0675,2.4625,2.8775,2.765,1.455,2.2175
2014-11-03,-0.995,-0.785,0.3325,-1.75,-1.875,1.245,0.9525,1.06,1.055,2.0625,2.7725,2.8725,2.7,1.3425,2.3075
2014-11-04,-0.98,-0.76,0.2675,-1.8125,-1.9475,1.3575,0.9425,0.995,0.995,2.065,2.9625,2.8725,2.675,1.3625,2.31
2014-11-05,-1.0,-0.835,0.2925,-1.985,-2.085,1.4125,0.9025,1.09,1.06,2.0375,3.0025,2.985,2.69,1.37,2.535
2014-11-06,-1.02,-0.855,0.1425,-2.025,-2.1325,1.395,0.8525,1.095,1.0475,2.055,3.2475,2.995,2.7025,1.365,2.745
2014-11-07,-0.965,-0.92,-0.005,-1.985,-2.1075,1.39,0.8225,1.0725,1.025,2.0325,3.285,3.21,3.1175,1.6125,2.735
2014-11-10,-0.9225,-0.9,-0.1575,-1.8225,-1.9675,1.3575,0.715,1.0425,0.95,2.0025,3.2875,3.165,2.9725,1.6125,2.5025
2014-11-11,-0.9125,-0.92,-0.065,-1.8175,-1.93,1.375,0.635,1.025,0.9525,1.9625,3.2825,3.155,3.0225,1.6075,2.535
2014-11-12,-0.87,-0.935,-0.18,-1.8625,-1.9675,1.32,0.59,0.9775,0.9275,1.9575,3.14,3.14,3.005,1.505,2.71
2014-11-13,-0.8575,-0.955,-0.09,-1.8975,-2.0075,1.2925,0.5175,0.9475,0.8925,1.96,3.13,3.0475,2.79,1.5025,2.6625
2014-11-14,-0.8475,-1.0375,0.0575,-1.9125,-2.0,1.2875,0.49,0.9675,0.9075,1.9025,3.1275,3.165,2.73,1.4575,2.71
2014-11-17,-0.8575,-1.04,0.04,-1.9,-1.9825,1.2625,0.4975,0.93,0.9025,1.9,3.065,3.1175,2.7075,1.465,2.68
2014-11-18,-0.87,-1.04,0.065,-1.895,-1.965,1.2675,0.46,0.975,0.9275,1.8975,3.1375,3.0925,2.71,1.4575,2.6875
2014-11-19,-0.885,-1.03,0.165,-1.905,-1.9625,1.2825,0.4775,0.985,0.9325,1.9375,3.13,3.0925,2.695,1.455,2.79
2014-11-20,-0.915,-1.045,0.3725,-2.075,-2.1025,1.27,0.515,0.99,0.915,1.9775,3.1225,3.0225,2.6675,1.4525,2.7675
2014-11-21,-1.01,-1.045,0.3025,-1.8825,-1.95,1.27,0.62,1.0925,1.0275,1.9375,2.965,3.0475,2.655,1.455,2.8375
2014-11-24,-1.0975,-1.0525,0.3775,-1.765,-1.8125,1.25,0.725,1.15,1.08,1.8975,2.9275,2.9925,2.7,1.465,2.6425
2014-11-25,-1.1025,-1.06,0.36,-1.925,-1.9575,1.2525,0.81,1.165,1.0975,1.885,2.77,3.025,2.71,1.4075,2.505
2014-11-26,-1.0975,-1.0475,0.3375,-1.92,-1.9025,1.2525,0.8025,1.18,1.115,1.925,2.675,2.9725,2.725,1.3825,2.49
2014-11-27,-1.155,-1.04,0.3675,-1.8925,-1.92,1.25,0.8475,1.175,1.1475,1.925,2.6625,2.9775,2.675,1.35,2.295
2014-11-28,-1.2025,-1.055,0.35,-1.8675,-1.9075,1.335,0.83,1.19,1.18,2.055,2.7675,3.03,2.6325,1.3575,2.325
2014-12-01,-1.2075,-1.0575,0.3625,-1.92,-1.9525,1.2925,1.0125,1.2575,1.18,2.015,2.68,3.075,2.6425,1.3475,2.37
2014-12-02,-1.2525,-1.115,0.405,-1.8425,-1.9,1.345,1.025,1.33,1.26,2.4325,2.7,2.9975,2.65,1.3575,2.3675
2014-12-03,-1.32,-1.155,0.6075,-2.015,-1.98,1.345,1.1775,1.405,1.3575,2.175,2.67,3.0475,2.65,1.355,2.45
2014-12-04,-1.2225,-1.125,0.755,-2.085,-2.045,1.36,1.07,1.245,1.1775,2.3125,2.68,3.0825,2.66,1.35,2.475
2014-12-05,-1.2875,-1.145,0.8075,-2.0275,-2.005,1.275,1.1325,1.395,1.3025,2.485,2.6675,3.175,2.7575,1.35,2.4125
2014-12-08,-1.285,-1.16,0.66,-2.07,-2.0725,1.3575,1.1125,1.395,1.2925,2.3725,2.55,3.5775,2.8,1.33,2.4275
2014-12-09,-1.1525,-1.1675,0.2825,-2.1,-2.1325,1.27,1.0175,1.315,1.2,2.4425,2.485,3.6575,2.81,1.35,2.355
2014-12-10,-1.1825,-1.175,0.045,-2.0225,-2.0825,1.3575,1.08,1.315,1.21,2.6125,2.485,3.6625,2.7625,1.355,2.3575
2014-12-11,-1.2225,-1.1675,0.1025,-1.98,-2.0375,1.3425,1.03,1.3625,1.2475,3.3,2.5675,3.675,2.7725,1.3575,2.3025
2014-12-12,-1.2475,-1.13,0.115,-2.065,-2.0725,1.335,1.0375,1.485,1.35,3.28,2.63,3.885,3.0775,1.3975,2.305
2014-12-15,-1.2525,-1.14,0.0925,-2.16,-2.19,1.3775,1.0175,1.5225,1.355,3.3075,3.1175,3.9375,4.125,1.37,2.2875
2014-12-16,-1.2925,-1.13,-0.1,-2.15,-2.14,1.3875,1.03,2.535,1.3425,3.5125,3.41,4.055,4.235,1.5975,2.09
2014-12-17,-1.37,-1.12,-0.025,-2.23,-2.2125,1.3575,1.1125,2.855,1.51,3.2675,3.21,4.0125,4.1475,2.26,2.165
2014-12-18,-1.5075,-1.23,0.1075,-2.2625,-2.21,1.345,1.2675,2.835,1.64,3.1575,3.18,4.13,3.8025,2.2775,2.195
2014-12-19,-1.37,-1.2175,0.1825,-2.225,-2.14,1.3325,1.2125,2.755,1.51,2.9675,3.0825,4.2,3.7625,2.2075,2.215
2014-12-22,-1.3625,-1.195,0.22,-2.11,-2.0475,1.3425,1.2225,2.67,1.5425,2.895,3.095,4.165,3.72,2.2725,2.18
2014-12-23,-1.375,-1.1975,0.24,-2.095,-2.07,1.3575,1.24,2.7075,1.505,2.925,3.0925,4.2425,3.69,2.2075,2.225
2014-12-24,-1.3725,-1.2075,0.385,-2.105,-2.095,1.35,1.2375,2.7375,1.4825,2.9225,3.09,4.215,3.6875,2.22,2.22
2014-12-25,-1.375,-1.2,0.385,-2.0925,-2.07,1.365,1.2325,2.7275,1.485,2.9025,3.0625,4.2375,3.7,2.2075,2.2175
2014-12-26,-1.3725,-1.2025,0.3925,-2.1075,-2.085,1.3475,1.235,2.8475,1.4825,2.9725,2.9825,4.2975,3.7225,2.205,2.235
2014-12-29,-1.375,-1.185,0.4525,-2.07,-2.0525,1.3325,1.225,2.6825,1.4925,2.8775,3.0975,4.1775,3.6925,2.185,2.2075
2014-12-30,-1.3875,-1.23,0.445,-2.065,-2.0175,1.3325,1.2375,2.8625,1.485,2.87,3.05,4.31,3.655,2.1975,2.1975
2014-12-31,-1.39,-1.22,0.42,-2.03,-1.99,1.3375,1.1775,2.7875,1.5375,2.855,3.0675,4.23,3.6475,2.0575,2.1875
2015-01-01,-1.3975,-1.21,0.415,-2.025,-1.995,1.345,1.18,2.905,1.4975,2.8675,3.0675,4.2175,3.68,2.0475,2.1825
2015-01-02,-1.38,-1.21,0.43,-2.0725,-2.0225,1.3075,1.18,2.8975,1.4825,2.8675,3.0625,4.2475,3.705,2.0525,2.215
2015-01-05,-1.2925,-1.27,0.3975,-2.1125,-2.0625,1.305,1.1275,2.6825,1.4525,2.8175,3.0725,4.215,3.7625,2.01,2.1925
2015-01-06,-1.2725,-1.315,0.17,-2.025,-1.8925,1.2775,1.1175,2.75,1.43,2.645,3.0675,4.16,3.5675,2.015,2.215
2015-01-07,-1.3025,-1.47,0.1475,-2.04,-1.9025,1.275,1.1325,2.795,1.485,2.55,2.9325,4.045,3.39,2.02,2.175
2015-01-08,-1.3075,-1.475,0.1525,-1.905,-1.8,1.2675,1.1575,2.7025,1.465,2.395,2.515,3.91,3.255,1.8225,2.135
2015-01-09,-1.22,-1.5525,0.0775,-1.75,-1.6575,1.2625,1.0925,2.705,1.3975,2.405,2.4325,3.7275,3.1675,1.83,2.005
2015-01-12,-1.1925,-1.505,-0.0075,-1.7875,-1.68,1.26,1.01,2.6225,1.385,2.37,2.4275,3.665,3.06,1.5625,1.76
2015-01-13,-1.2625,-1.485,-0.0575,-1.8,-1.725,1.245,1.0425,2.7825,1.44,2.3175,2.385,3.8125,3.0275,1.505,1.8275
2015-01-14,-1.3025,-1.465,-0.2975,-1.9525,-1.8625,1.23,1.0675,2.7575,1.46,2.2675,2.26,3.7525,3.1075,1.3625,1.8325
2015-01-15,-1.675,-1.4825,-0.3525,-1.925,-1.855,1.1775,-2.04,3.0,1.715,2.2625,2.37,3.6475,3.1275,1.2825,1.825
2015-01-16,-2.3675,-1.6175,-0.62,-2.11,-2.07,1.1675,-2.78,3.575,2.385,2.22,2.575,3.6675,3.48,1.425,1.7825
2015-01-19,-2.125,-1.59,-0.52,-2.15,-2.1375,1.1475,-2.8325,3.215,2.0875,2.2525,2.74,3.7,3.695,1.265,1.805
2015-01-20,-1.985,-1.63,-0.1625,-2.145,-2.1175,1.255,-2.8575,3.4,2.1275,2.245,2.835,3.74,3.9825,1.3625,1.8725
2015-01-21,-2.0075,-1.55,-0.165,-2.25,-2.19,1.3425,-2.99,3.38,2.1075,2.2625,2.7275,3.88,3.9975,1.4975,1.9325
2015-01-22,-2.045,-1.575,-0.19,-2.375,-2.33,1.38,-3.0425,3.4025,2.1075,2.26,2.7675,3.8275,3.835,1.5,1.9425
2015-01-23,-2.275,-1.6075,-0.15,-2.5625,-2.535,1.4275,-2.86,3.44,2.2825,2.23,2.6625,3.9575,3.8,1.495,1.945
2015-01-26,-2.255,-1.675,-0.17,-2.555,-2.49,1.4175,-2.425,3.3575,2.2825,2.225,2.7225,4.025,3.92,1.4125,1.93
2015-01-27,-2.02,-1.725,-0.2,-2.44,-2.3475,1.435,-1.895,3.255,2.1325,2.2225,2.6325,4.0075,3.8675,1.4075,1.84
2015-01-28,-2.0025,-1.685,-0.195,-2.43,-2.3125,1.4225,-1.885,3.3,2.135,2.2025,2.6875,4.16,3.84,1.4075,1.8225
2015-01-29,-2.015,-1.75,-0.265,-2.565,-2.705,1.3925,-1.7225,3.23,2.1725,2.245,2.7275,4.2375,4.06,1.4025,1.8675
2015-01-30,-2.035,-1.705,-0.31,-2.755,-2.6775,1.48,-1.7175,3.21,2.195,2.465,3.2775,4.59,4.45,1.505,1.9575
2015-02-02,-2.0,-1.7375,-0.4275,-2.7625,-2.685,1.4675,-1.6925,3.195,2.145,2.45,3.395,4.555,4.2975,1.5075,2.0325
2015-02-03,-1.95,-1.7425,-0.425,-2.7025,-2.555,1.44,-1.6125,2.9825,2.2375,2.44,3.41,4.4625,4.255,1.515,2.0175
2015-02-04,-1.95,-1.7125,-0.365,-2.58,-2.505,1.445,-1.625,3.0275,2.215,2.4725,3.37,4.39,4.3625,1.5125,1.9625
2015-02-05,-2.12,-1.7225,-0.38,-2.53,-2.44,1.4325,-1.605,3.18,2.39,2.49,3.3025,4.3925,4.4375,1.505,1.9075
2015-02-06,-2.135,-1.71,-0.16,-2.265,-2.1075,1.465,-1.6,3.125,2.3875,2.43,3.485,4.4225,4.4125,1.5075,1.85
2015-02-09,-2.24,-1.745,-0.015,-2.245,-2.0775,1.465,-1.525,3.1875,2.4575,2.4275,3.365,4.4625,4.905,1.5125,1.9525
2015-02-10,-2.2725,-1.9975,0.02,-2.185,-2.0225,1.495,-1.48,3.2425,2.53,2.4475,3.4225,4.4675,4.9225,1.5325,1.905
2015-02-11,-2.4025,-2.16,0.315,-2.265,-2.105,1.515,-1.2925,3.365,2.675,2.64,3.715,4.685,4.92,1.6175,2.09
2015-02-12,-2.405,-2.2675,0.07,-2.2775,-2.0725,1.48,-0.9425,3.2875,2.6475,2.6225,3.595,4.6475,4.91,1.59,2.1625
2015-02-13,-2.305,-2.145,-0.02,-2.24,-2.04,1.4725,-0.825,3.1825,2.425,2.5925,3.4775,4.4775,4.825,1.6175,2.1825
2015-02-16,-2.26,-2.155,-0.01,-2.1175,-1.9625,1.4575,-0.8275,2.895,2.4825,2.585,3.3475,4.3875,4.725,1.7175,2.0725
2015-02-17,-2.28,-2.1775,0.01,-2.0825,-1.9125,1.455,-0.805,2.935,2.4525,2.5625,3.4025,4.2025,4.72,1.6225,2.03
2015-02-18,-2.35,-2.345,0.0975,-2.035,-1.855,1.455,-0.65,2.9975,2.5375,2.57,3.395,4.2,4.63,1.62,2.0375
2015-02-19,-2.325,-2.395,0.0825,-1.995,-1.815,1.445,-0.4625,2.9425,2.4625,2.5975,3.395,4.12,4.5625,1.6225,2.05
2015-02-20,-2.5275,-2.4825,-0.1,-2.0175,-1.83,1.4475,-0.395,3.1725,2.725,2.655,3.3475,4.01,4.59,1.62,2.065
2015-02-23,-2.325,-2.435,-0.0225,-2.0225,-1.8275,1.455,-0.3975,2.8875,2.5275,2.65,3.255,3.9875,4.59,1.7175,2.05
2015-02-24,-1.96,-2.4425,0.085,-1.95,-1.8025,1.41,-0.415,2.4825,2.1325,2.635,3.285,3.935,4.41,1.6275,2.03
2015-02-25,-1.5225,-2.35,0.0775,-1.7625,-1.64,1.38,-0.4175,1.985,1.765,2.58,3.2625,3.5225,4.16,1.5625,1.945
2015-02-26,-1.6575,-2.23,0.1,-1.84,-1.665,1.38,-0.395,2.27,1.925,2.5675,3.24,3.41,4.265,1.4925,1.805
2015-02-27,-1.7675,-2.21,0.2125,-1.955,-1.825,1.3925,-0.3875,2.2575,1.8925,2.5775,3.0925,3.8625,4.665,1.4925,1.81
2015-03-02,-1.7625,-2.245,0.3375,-2.1075,-1.97,1.405,-0.2925,2.32,1.905,2.56,3.0475,3.7325,4.825,1.5025,1.83
2015-03-03,-1.7425,-2.25,0.3425,-1.985,-1.8825,1.39,-0.3075,2.3025,1.91,2.565,3.0175,3.675,5.005,1.4925,1.76
2015-03-04,-1.8175,-2.2675,0.3075,-1.9325,-1.84,1.385,-0.3025,2.4125,1.975,2.59,3.4025,3.7775,5.13,1.4575,1.705
2015-03-05,-1.7925,-2.285,0.375,-1.96,-1.8675,1.39,-0.21,2.355,1.965,2.595,3.3975,3.7825,5.28,1.485,1.665
2015-03-06,-1.8075,-2.31,0.475,-1.9125,-1.9375,1.4375,-0.125,2.2825,1.97,2.7175,3.54,4.29,5.645,1.48,1.78
2015-03-09,-1.6825,-2.33,0.4375,-1.965,-1.9525,1.445,-0.095,2.0775,1.8125,2.825,3.7525,4.1225,5.38,1.56,1.725
2015-03-10,-1.7425,-2.3425,0.44,-2.0775,-2.055,1.445,-0.005,2.24,1.875,2.89,3.92,4.1775,5.4,1.485,1.88
2015-03-11,-1.995,-2.385,0.4,-2.1675,-2.185,1.53,0.2625,2.365,2.0925,2.8825,3.7825,4.3,5.285,1.58,1.83
2015-03-12,-1.95,-2.435,0.295,-2.0,-2.03,1.505,0.215,2.3525,2.07,2.825,3.785,4.085,4.8475,1.49,1.85
2015-03-13,-2.03,-2.5975,0.3,-2.0225,-2.0475,1.52,0.2625,2.3975,2.145,2.8475,4.1325,4.36,5.1675,1.565,1.8825
2015-03-16,-2.0475,-2.6975,0.27,-2.05,-2.07,1.51,0.2775,2.4425,2.1625,2.78,4.0325,4.525,5.1975,1.605,1.9075
2015-03-17,-2.0775,-2.75,0.2125,-2.015,-2.035,1.525,0.425,2.4275,2.15,2.73,3.8875,4.5275,5.01,1.52,1.87
2015-03-18,-1.97,-2.755,0.2025,-2.055,-2.075,1.4475,0.415,2.36,2.0875,2.725,3.73,4.42,4.91,1.53,1.82
2015-03-19,-2.1225,-2.8275,0.2,-2.0775,-2.0225,1.4875,0.605,2.465,2.245,2.645,3.7575,4.28,4.78,1.52,1.6725
2015-03-20,-2.0,-2.76,0.0775,-2.05,-2.015,1.4725,0.5875,2.5075,2.1725,2.5225,3.755,4.3075,4.6225,1.5225,1.715
2015-03-23,-1.9425,-2.7725,0.0475,-2.02,-1.89,1.46,0.555,2.51,2.13,2.575,3.4975,4.24,4.51,1.605,1.63
2015-03-24,-1.8725,-2.7375,0.045,-1.96,-1.91,1.46,0.465,2.3975,2.0425,2.42,3.395,4.0925,4.555,1.52,1.57
2015-03-25,-1.85,-2.7425,0.025,-1.9625,-1.955,1.4475,0.57,2.4025,2.0625,2.425,3.265,4.075,4.57,1.475,1.6025
2015-03-26,-1.97,-2.7775,-0.06,-2.1125,-2.045,1.445,0.555,2.3325,2.155,2.3675,3.205,4.11,4.66,1.5175,1.605
2015-03-27,-2.2,-2.8725,-0.005,-2.1375,-2.065,1.46,0.59,2.5325,2.3575,2.46,3.1775,4.19,4.6125,1.5175,1.6225
2015-03-30,-2.18,-2.9,0.16,-2.17,-2.08,1.52,0.5925,2.495,2.3475,2.545,3.1975,4.3275,4.5925,1.51,1.6175
2015-03-31,-2.325,-2.86,0.295,-2.1625,-2.04,1.53,0.5825,2.59,2.4175,2.525,3.0675,4.355,4.565,1.52,1.625
2015-04-01,-2.305,-2.8225,0.26,-2.1775,-2.075,1.5425,0.565,2.625,2.4475,2.57,2.9775,4.2475,4.4725,1.55,1.6125
2015-04-02,-2.255,-2.7225,0.27,-2.185,-2.055,1.5325,0.5175,2.6125,2.3425,2.495,2.67,4.2975,4.375,1.535,1.625
2015-04-03,-2.155,-2.72,0.2525,-2.185,-2.055,1.4975,0.515,2.54,2.265,2.46,2.6625,4.2275,4.3125,1.54,1.5875
2015-04-06,-2.08,-2.68,0.255,-2.085,-2.005,1.495,0.4825,2.52,2.22,2.4775,2.7175,4.235,4.315,1.5375,1.5175
2015-04-07,-2.0125,-2.7025,0.3625,-1.9775,-1.91,1.46,0.55,2.49,2.225,2.4175,2.5625,3.9925,4.22,1.495,1.5125
2015-04-08,-2.0375,-2.46,0.325,-1.955,-1.895,1.445,0.56,2.505,2.1975,2.41,2.5575,3.945,4.21,1.5025,1.52
2015-04-09,-2.145,-2.39,0.235,-1.915,-1.825,1.45,0.6675,2.57,2.27,2.41,2.555,3.975,4.2225,1.495,1.4875
2015-04-10,-2.21,-2.2625,0.33,-1.85,-1.75,1.455,0.7675,2.675,2.35,2.5,2.58,3.9975,4.2225,1.5,1.4925
2015-04-13,-2.26,-2.1325,0.305,-2.005,-1.8775,1.465,0.83,2.68,2.34,2.5425,2.5175,4.04,4.2975,1.4975,1.5125
2015-04-14,-2.215,-1.885,0.175,-1.9225,-1.86,1.465,0.79,2.635,2.3675,2.535,2.4825,4.0575,4.3875,1.49,1.5275
2015-04-15,-2.2,-1.85,0.1475,-1.8775,-1.7675,1.44,0.805,2.575,2.3425,2.53,2.3625,4.06,4.895,1.495,1.59
2015-04-16,-2.06,-1.8,0.095,-1.8025,-1.7025,1.365,0.715,2.455,2.16,2.55,2.36,4.1225,4.745,1.49,1.5625
2015-04-17,-2.0075,-1.8025,0.0525,-1.7075,-1.5975,1.395,0.6,2.3275,2.05,2.43,2.5575,4.1025,4.7475,1.5025,1.5925
2015-04-20,-2.0025,-1.815,0.04,-1.6825,-1.585,1.385,0.5975,2.3925,2.085,2.435,2.4975,4.0825,4.73,1.5225,1.5875
2015-04-21,-2.0675,-1.8425,0.145,-1.785,-1.7,1.3775,0.5775,2.3875,2.1325,2.415,2.5025,4.0025,4.585,1.53,1.6475
2015-04-22,-1.9875,-1.8425,0.21,-1.77,-1.655,1.385,0.65,2.35,2.0575,2.435,2.5025,3.945,4.525,1.5275,1.6525
2015-04-23,-2.0025,-1.8725,0.335,-1.805,-1.8025,1.3825,0.6575,2.3825,2.0475,2.425,2.5025,3.9775,4.5575,1.55,1.65
2015-04-24,-1.9875,-1.8825,0.355,-1.7425,-1.7575,1.3825,0.63,2.3525,2.0575,2.4075,2.54,4.01,4.5425,1.6425,1.605
2015-04-27,-1.9925,-1.91,0.2825,-1.73,-1.795,1.365,0.62,2.4075,2.0475,2.4025,2.4925,4.0225,4.4875,2.0875,1.61
2015-04-28,-1.9475,-1.87,0.3275,-1.5925,-1.6725,1.3675,0.58,2.35,1.995,2.4,2.725,3.88,4.255,2.08,1.565
2015-04-29,-1.8775,-1.9325,0.4125,-1.765,-1.75,1.375,0.495,2.2675,1.925,2.41,2.725,3.7925,4.115,2.0775,1.6075
2015-04-30,-1.8975,-1.9525,0.26,-1.8925,-1.9025,1.405,0.5075,2.31,1.95,2.41,2.8025,3.7275,4.0,2.0975,1.6125
2015-05-01,-1.8825,-2.1175,0.4225,-1.985,-1.9425,1.4225,0.5075,2.3125,1.8575,2.4925,2.81,3.725,3.985,2.115,1.6225
2015-05-04,-2.0275,-2.1075,0.4175,-2.04,-1.935,1.4275,0.59,2.475,2.0775,2.445,2.845,3.705,4.0175,2.0875,1.7175
2015-05-05,-2.1175,-2.1375,0.4575,-1.88,-1.7925,1.445,0.585,2.52,2.085,2.4075,2.97,3.6625,4.0175,2.085,1.73
2015-05-06,-2.015,-2.155,0.45,-1.83,-1.8175,1.445,0.55,2.4625,2.0225,2.4425,2.93,3.7025,4.015,2.085,1.7225
2015-05-07,-2.0475,-2.16,0.435,-1.825,-1.85,1.425,0.3925,2.4025,2.05,2.435,2.905,3.72,3.975,2.0825,1.84
2015-05-08,-2.0375,-1.3725,0.4525,-1.845,-1.785,1.425,0.4125,2.4025,2.095,2.335,2.84,3.68,3.77,2.47,1.9175
2015-05-11,-2.0175,-1.3175,0.44,-1.77,-1.7775,1.445,0.42,2.33,1.9925,2.3825,2.865,3.6375,3.7175,2.4125,1.8825
2015-05-12,-1.995,-1.2575,0.575,-1.745,-1.79,1.415,0.365,2.24,1.975,2.3475,2.8675,3.6525,3.6825,2.425,1.9325
2015-05-13,-1.9875,-1.175,0.5075,-1.64,-1.605,1.405,0.36,2.2725,2.0125,2.35,2.72,3.2775,3.19,2.425,1.9575
2015-05-14,-1.74,-1.165,0.515,-1.51,-1.555,1.38,0.255,2.0425,1.7775,2.35,2.715,3.0825,3.05,2.445,1.885
2015-05-15,-1.7175,-1.1675,0.5875,-1.565,-1.6125,1.415,0.305,2.05,1.77,2.3675,2.7725,2.97,3.1375,2.48,1.92
2015-05-18,-1.7225,-1.2125,0.6425,-1.565,-1.62,1.45,0.365,2.085,1.7975,2.36,2.7125,2.96,3.155,2.35,1.92
2015-05-19,-2.0175,-1.2225,0.7675,-1.63,-1.6075,1.5225,0.57,2.36,2.0075,2.3425,2.7875,2.9525,3.0575,2.3175,1.9225
2015-05-20,-2.15,-1.2225,0.8975,-1.61,-1.61,1.525,0.655,2.4725,2.1675,2.365,2.7975,3.095,3.1225,2.375,1.94
2015-05-21,-2.16,-1.24,0.805,-1.595,-1.59,1.51,0.595,2.48,2.1575,2.3475,2.805,3.0525,3.0825,2.375,1.8575
2015-05-22,-2.1725,-1.255,0.805,-1.6325,-1.5475,1.49,0.6125,2.48,2.18,2.355,2.8675,3.0225,3.075,2.37,1.805
2015-05-25,-2.3125,-1.2475,0.8375,-1.635,-1.535,1.485,0.6325,2.5525,2.2975,2.345,3.0075,3.0425,3.045,2.37,1.86
2015-05-26,-2.3,-1.4575,0.905,-1.6375,-1.5825,1.5125,0.585,2.55,2.2825,2.335,3.0075,3.0975,3.245,2.3475,1.9625
2015-05-27,-2.145,-1.4975,0.77,-1.65,-1.5825,1.52,0.51,2.395,2.075,2.355,3.0125,3.1375,3.4775,2.3175,2.04
2015-05-28,-2.0475,-1.46,0.6475,-1.66,-1.6025,1.51,0.4525,2.345,2.035,2.3625,2.9575,3.2925,3.47,2.2575,2.04
2015-05-29,-1.9675,-1.3225,0.595,-1.6475,-1.6125,1.4925,0.3975,2.275,1.9325,2.355,2.915,3.3475,3.5,2.2425,1.9275
2015-06-01,-2.0825,-1.3275,0.57,-1.6475,-1.5675,1.4775,0.4675,2.3675,2.05,2.3725,2.9625,3.3625,3.77,2.2575,1.94
2015-06-02,-1.9825,-1.3075,0.465,-1.625,-1.5525,1.47,0.4075,2.265,1.955,2.3725,2.9275,3.3325,3.8775,2.2475,1.955
2015-06-03,-2.005,-1.305,0.41,-1.545,-1.5275,1.4775,0.4325,2.29,2.01,2.365,2.9375,3.3175,3.9025,2.2225,1.8925
2015-06-04,-1.995,-1.29,0.33,-1.5,-1.58,1.465,0.44,2.28,1.9725,2.3775,3.0,3.3125,4.0675,2.1375,1.895
2015-06-05,-2.21,-1.2575,0.355,-1.565,-1.59,1.4225,0.5225,2.455,2.1675,2.3625,2.9375,3.455,4.03,2.125,1.89
2015-06-08,-2.19,-1.255,0.305,-1.555,-1.595,1.4025,0.5225,2.3525,2.1,2.355,2.9875,3.3675,4.5775,2.165,2.0475
2015-06-09,-2.2,-1.2825,0.22,-1.55,-1.5675,1.4125,0.4475,2.45,2.1375,2.3625,2.8925,3.2675,4.3925,2.13,2.045
2015-06-10,-2.2375,-1.275,0.0175,-1.565,-1.5725,1.415,0.4775,2.36,2.135,2.3575,2.9775,3.24,4.255,2.13,1.9275
2015-06-11,-2.2075,-1.3075,0.065,-1.53,-1.595,1.43,0.465,2.3475,2.15,2.3225,2.97,3.18,4.2,2.1275,1.885
2015-06-12,-2.285,-1.2975,0.05,-1.52,-1.535,1.37,0.47,2.4525,2.2175,2.255,2.9625,3.065,4.1275,2.075,1.93
2015-06-15,-2.36,-1.285,0.0325,-1.53,-1.525,1.31,0.4625,2.5125,2.295,2.25,2.84,3.075,4.07,2.1325,1.915
2015-06-16,-2.36,-1.2775,0.0275,-1.435,-1.455,1.305,0.4325,2.5125,2.3,2.2375,2.8625,3.0675,4.075,2.0175,1.925
2015-06-17,-2.335,-1.1875,0.0375,-1.38,-1.42,1.28,0.32,2.2525,2.22,2.215,2.9575,3.06,4.03,2.0075,1.9
2015-06-18,-2.3325,-1.0475,-0.0175,-1.385,-1.43,1.315,0.3175,2.4575,2.2225,2.095,2.7775,2.83,3.835,1.925,1.8525
2015-06-19,-2.745,-1.0575,-0.0925,-1.375,-1.4775,1.3,0.3,2.655,2.5,2.135,2.6725,2.825,3.8425,1.875,1.6275
2015-06-22,-2.635,-1.045,-0.0325,-1.385,-1.4475,1.2975,0.275,2.655,2.495,2.085,2.6525,2.835,3.7375,1.85,1.585
2015-06-23,-2.3625,-1.04,0.035,-1.435,-1.48,1.26,0.32,2.2775,2.15,2.02,2.635,2.815,3.7275,1.845,1.5725
2015-06-24,-1.94,-1.0,0.08,-1.425,-1.4675,1.24,0.2,1.945,1.8575,1.95,2.6275,2.7675,3.6625,1.635,1.605
2015-06-25,-1.935,-1.01,0.085,-1.43,-1.4775,1.2075,0.2475,1.955,1.85,1.92,2.7225,2.76,3.6325,1.6375,1.6125
2015-06-26,-1.965,-1.0275,0.085,-1.47,-1.5475,1.24,0.22,1.9525,1.845,1.915,2.69,2.7825,3.635,1.61,1.66
2015-06-29,-2.2525,-1.025,-0.18,-1.69,-1.7,1.1975,0.2525,2.1575,2.03,2.0625,2.7425,2.8625,3.6875,1.6275,1.8225
2015-06-30,-2.295,-1.0125,-0.25,-1.675,-1.8025,1.1775,0.225,2.16,2.085,2.06,2.755,2.86,3.595,1.63,1.5975
2015-07-01,-2.12,-1.0,-0.215,-1.665,-1.7975,1.1725,0.2175,2.0125,1.8975,2.055,2.7175,2.8675,3.5675,1.6175,1.595
2015-07-02,-1.895,-1.0125,-0.115,-1.71,-1.8325,1.175,0.2125,1.865,1.69,2.02,2.6975,2.9625,3.5675,1.6225,1.7475
2015-07-03,-1.96,-1.0025,-0.135,-1.79,-1.855,1.1925,0.22,2.03,1.6575,2.0225,2.7075,2.9975,3.55,1.6225,1.7825
2015-07-06,-1.8975,-0.985,-0.22,-1.9575,-1.95,1.1825,0.205,1.8875,1.63,2.0125,2.7275,2.8675,3.555,1.6275,1.89
2015-07-07,-1.945,-1.025,-0.3175,-2.045,-2.035,1.2425,0.2225,1.98,1.72,2.01,2.7475,2.9175,3.5325,1.6075,2.0375
2015-07-08,-1.825,-1.0925,-0.7375,-2.165,-2.11,1.2525,0.1775,1.8475,1.61,2.015,2.7875,3.085,3.63,1.605,2.1725
2015-07-09,-1.805,-1.085,-0.72,-2.09,-2.0725,1.2425,0.1175,1.8675,1.6425,2.025,2.78,3.0625,3.5475,1.625,2.1575
2015-07-10,-1.685,-1.0575,-0.395,-2.0175,-1.9875,1.2175,0.125,1.755,1.46,1.9725,2.7825,3.1075,3.435,1.61,2.1175
2015-07-13,-1.6075,-1.055,-0.18,-1.895,-1.835,1.2125,0.08,1.76,1.41,1.995,2.79,2.995,3.355,1.6075,2.11
2015-07-14,-1.6825,-1.0125,-0.06,-1.6075,-1.59,1.21,0.135,1.6475,1.4325,1.965,2.7475,2.925,3.3,1.615,2.16
2015-07-15,-1.49,-0.83,0.105,-1.615,-1.59,1.18,0.1,1.535,1.3475,1.95,2.755,2.93,3.31,1.475,2.075
2015-07-16,-1.475,-0.815,0.065,-1.665,-1.64,1.095,0.1275,1.5575,1.3425,1.8825,2.7075,2.8825,3.3425,1.455,2.0675
2015-07-17,-1.08,-0.72,0.055,-1.55,-1.6,1.0575,0.07,1.3775,1.0,1.8475,2.6925,2.8275,3.3325,1.405,1.92
2015-07-20,-0.8925,-0.705,0.045,-1.515,-1.52,0.7525,0.12,1.125,0.8475,1.825,2.8725,2.8525,3.4525,1.36,1.895
2015-07-21,-0.7425,-0.69,0.045,-1.2975,-1.295,0.4975,0.0675,0.96,0.71,1.8075,2.785,2.86,3.5225,1.595,1.8225
2015-07-22,-0.7,-0.625,0.02,-1.2125,-1.1675,0.4575,0.075,0.94,0.6925,1.875,2.86,2.8025,3.76,1.655,1.74
2015-07-23,-0.71,-0.62,0.055,-1.225,-1.1125,0.5575,0.0775,0.915,0.65,1.915,2.79,2.885,3.98,1.86,1.815
2015-07-24,-0.6275,-0.615,0.03,-1.4725,-1.4175,0.655,0.0925,0.9675,0.6275,2.02,3.095,3.245,4.18,1.93,1.815
2015-07-27,-0.605,-0.61,0.02,-1.47,-1.41,0.63,0.1075,0.915,0.58,2.155,3.06,3.2375,4.5025,2.2,1.7825
2015-07-28,-0.73,-0.625,0.02,-1.505,-1.395,0.6375,0.1275,1.055,0.7225,2.17,3.125,3.195,4.3375,2.2625,1.785
2015-07-29,-0.7675,-0.625,0.0425,-1.465,-1.405,0.635,0.12,1.1025,0.745,2.1775,3.0275,3.0825,4.1925,2.215,1.77
2015-07-30,-0.8275,-0.6275,0.1075,-1.475,-1.3575,0.66,0.115,1.1675,0.855,2.1275,2.795,3.1,4.2675,2.205,1.79
2015-07-31,-0.805,-0.635,0.11,-1.465,-1.3675,0.6675,0.1225,1.1225,0.81,2.0425,3.025,3.13,4.2425,2.205,1.7875
2015-08-03,-0.81,-0.6275,0.0925,-1.4075,-1.3525,0.6975,0.13,1.1525,0.8475,2.0375,3.12,3.105,4.1875,2.1975,1.78
2015-08-04,-0.87,-0.625,0.0775,-1.3975,-1.32,0.6325,0.15,1.18,0.8775,2.015,3.0875,2.74,4.1175,2.1975,1.695
2015-08-05,-0.9,-0.63,0.165,-1.4,-1.375,0.745,0.115,1.1775,0.8725,2.0025,3.08,3.2625,4.1375,2.2,1.7775
2015-08-06,-0.925,-0.64,0.2125,-1.415,-1.3625,0.775,0.12,1.215,0.895,1.965,3.1325,3.235,4.04,2.205,1.775
2015-08-07,-0.9075,-0.6275,0.18,-1.415,-1.385,0.7375,0.1275,1.185,0.905,1.955,3.3,3.17,3.87,2.185,1.765
2015-08-10,-0.89,-0.605,0.17,-1.415,-1.32,0.7325,0.12,1.145,0.825,1.93,3.015,3.15,3.9075,2.1225,1.765
2015-08-11,-0.88,-0.615,0.1775,-1.535,-1.435,0.7375,0.1625,1.16,0.845,1.9325,3.06,3.1425,3.8675,2.3875,2.145
2015-08-12,-0.915,-0.6225,0.12,-1.725,-1.5825,0.7175,0.1875,1.2025,0.915,1.9525,3.09,3.1525,3.915,2.55,2.3775
2015-08-13,-0.935,-0.61,-0.025,-1.585,-1.4525,0.68,0.155,1.23,0.8575,1.945,3.1225,3.1425,4.265,2.59,2.275
2015-08-14,-0.95,-0.55,-0.03,-1.6,-1.455,0.68,0.1625,1.23,0.89,1.9125,2.995,3.255,4.2,2.745,2.2625
2015-08-17,-0.96,-0.5525,-0.02,-1.765,-1.425,0.69,0.1575,1.2775,0.92,1.935,3.02,3.2525,4.2325,2.7375,2.235
2015-08-18,-0.99,-0.52,-0.0775,-1.5025,-1.4125,0.685,0.17,1.2975,0.9425,1.93,2.98,3.265,4.28,2.625,2.2275
2015-08-19,-0.975,-0.51,-0.095,-1.5275,-1.4275,0.715,0.15,1.24,0.9,1.935,2.985,3.19,4.57,2.635,2.2275
2015-08-20,-0.995,-0.485,-0.1775,-1.6075,-1.48,0.74,0.1175,1.3025,0.9425,2.125,3.115,3.425,4.73,2.7,2.265
2015-08-21,-0.9825,-0.44,-0.5725,-1.5875,-1.525,0.78,0.1175,1.2525,0.9275,2.255,3.145,3.4075,4.5075,2.745,2.49
2015-08-24,-0.835,-0.445,-0.97,-1.975,-1.94,0.86,0.0275,1.0525,0.725,2.6125,3.4825,5.285,4.67,2.7825,2.7
2015-08-25,-0.785,-0.415,-0.735,-2.0275,-1.915,0.875,0.025,1.1425,0.6925,2.46,3.59,4.855,4.465,2.8275,2.535
2015-08-26,-0.8175,-0.48,-0.7425,-2.0925,-2.0875,0.87,0.115,1.22,0.825,2.6275,3.6725,5.1175,4.5275,2.86,2.6225
2015-08-27,-0.905,-0.495,-0.605,-2.1075,-1.9275,0.87,0.105,1.185,0.9,2.61,3.685,5.12,4.36,2.9225,2.5625
2015-08-28,-0.93,-0.5025,-0.5975,-1.8825,-1.7625,0.8975,0.09,1.3075,0.92,2.58,3.5025,5.19,4.37,2.6425,2.495
2015-08-31,-0.945,-0.5025,-0.5475,-1.78,-1.6475,0.845,0.025,1.35,0.9225,2.5975,3.73,5.17,4.3675,2.375,2.5425
2015-09-01,-0.9525,-0.4725,-0.845,-1.7825,-1.79,0.8275,-0.0325,1.32,0.955,2.6525,3.94,5.29,4.3475,2.2875,2.5425
2015-09-02,-0.935,-0.48,-0.9175,-1.8525,-1.805,0.8075,-0.065,1.2975,0.925,2.6575,4.3475,5.31,4.3,2.2875,2.505
2015-09-03,-0.945,-0.475,-0.865,-1.8725,-1.805,0.77,-0.09,1.315,0.9025,2.7075,4.26,5.3675,4.305,2.1575,2.4575
2015-09-04,-0.955,-0.5475,-1.315,-2.0075,-2.0025,0.765,-0.025,1.315,0.9275,2.735,4.245,5.6025,4.415,2.1275,2.51
2015-09-07,-0.935,-0.54,-1.3825,-2.0575,-2.05,0.7525,-0.0325,1.28,0.9275,2.7175,4.215,5.7975,4.6675,2.13,2.495
2015-09-08,-0.9075,-0.49,-1.265,-2.0725,-2.025,0.735,-0.035,1.2525,0.8875,2.685,4.255,5.6475,4.7425,2.2275,2.4825
2015-09-09,-0.895,-0.4925,-1.005,-1.965,-1.9175,0.73,-0.0075,1.2575,0.8975,2.69,4.4125,5.16,4.745,2.22,2.105
2015-09-10,-0.9025,-0.4975,-1.0525,-2.0275,-2.04,0.725,-0.05,1.2525,0.8875,2.73,4.6775,5.1925,5.135,2.2225,2.065
2015-09-11,-0.91,-0.485,-0.9125,-1.8975,-1.915,0.7325,-0.01,1.2625,0.8875,2.715,4.6525,5.1625,4.945,2.215,2.0625
2015-09-14,-0.9275,-0.475,-0.7775,-1.9625,-1.9225,0.7225,-0.0125,1.265,0.8875,2.725,4.5875,5.17,5.025,2.18,2.0925
2015-09-15,-0.93,-0.4825,-0.6425,-1.8575,-1.835,0.71,-0.0025,1.2675,0.91,2.69,4.11,5.135,4.965,2.1775,2.1075
2015-09-16,-0.935,-0.48,-0.635,-1.8425,-1.8225,0.76,-0.08,1.2925,0.915,2.635,3.9425,4.9375,4.905,2.1925,2.0875
2015-09-17,-0.9575,-0.485,-0.63,-1.8075,-1.82,0.79,-0.0725,1.245,0.8925,2.6225,3.76,4.81,4.8525,2.18,2.0525
2015-09-18,-0.91,-0.46,-0.855,-1.7975,-1.7275,0.76,-0.095,1.2725,0.905,2.59,3.7175,4.58,4.8,2.0325,2.03
2015-09-21,-1.095,-0.47,-0.86,-1.7975,-1.7625,0.7775,-0.0325,1.42,1.0625,2.5775,3.93,4.42,4.755,2.0275,2.0125
2015-09-22,-1.2025,-0.535,-0.8,-1.765,-1.7375,0.7825,-0.035,1.5,1.145,2.58,4.02,4.82,4.73,2.0025,2.0075
2015-09-23,-1.2275,-0.5225,-0.92,-1.96,-1.935,0.7625,-0.0475,1.515,1.145,2.625,3.975,4.7075,4.82,1.99,2.005
2015-09-24,-1.14,-0.5275,-0.98,-1.975,-1.9475,0.855,-0.09,1.455,1.055,3.345,4.3925,5.04,4.9225,2.0,2.02
2015-09-25,-1.2025,-0.55,-0.9,-1.985,-1.95,0.845,-0.04,1.4775,1.1,3.15,4.2575,4.865,4.92,2.0275,2.02
2015-09-28,-1.215,-0.5575,-0.9,-1.9875,-1.925,0.84,-0.045,1.52,1.165,3.165,4.465,4.855,4.88,2.01,2.0175
2015-09-29,-1.25,-0.56,-1.03,-2.0975,-2.0375,0.84,-0.0775,1.5325,1.2125,3.2175,4.485,4.8175,4.9425,2.0,2.015
2015-09-30,-1.2475,-0.56,-0.95,-2.0325,-1.9175,0.825,-0.09,1.5275,1.22,3.1575,4.345,4.83,4.6775,1.99,1.9725
2015-10-01,-1.2375,-0.5525,-0.8925,-1.985,-1.9175,0.8125,-0.115,1.4875,1.1475,3.0775,4.405,4.725,4.665,1.9425,1.97
2015-10-02,-1.2225,-0.4725,-0.87,-1.91,-1.8825,0.8075,-0.1025,1.515,1.1625,2.965,4.3375,4.3575,4.6325,1.925,1.955
2015-10-05,-1.18,-0.4225,-0.705,-1.825,-1.84,0.7925,-0.095,1.49,1.105,2.95,4.2125,4.24,4.41,1.875,1.88
2015-10-06,-1.125,-0.39,-0.485,-1.755,-1.7375,0.675,-0.1025,1.3925,1.0575,2.91,3.8875,4.225,4.3025,1.875,1.86
2015-10-07,-1.12,-0.33,-0.46,-1.74,-1.6725,0.6675,-0.13,1.4,1.05,2.915,4.0125,4.1175,4.21,1.855,1.86
2015-10-08,-1.0975,-0.325,-0.4725,-1.735,-1.6475,0.7125,-0.1475,1.395,1.06,2.815,3.9825,3.8,4.09,1.8775,1.8575
2015-10-09,-1.07,-0.335,-0.425,-1.665,-1.575,0.715,-0.1925,1.34,1.015,2.82,4.04,3.585,4.0575,1.7975,1.8475
2015-10-12,-1.08,-0.325,-0.38,-1.6,-1.5575,0.71,-0.185,1.37,1.085,2.8125,3.9225,3.6175,4.09,1.755,1.85
2015-10-13,-1.1,-0.3325,-0.325,-1.685,-1.66,0.7225,-0.195,1.3975,1.085,2.845,4.48,3.6025,4.145,1.68,1.85
2015-10-14,-1.095,-0.3325,-0.3925,-1.72,-1.7,0.7275,-0.21,1.385,1.055,2.85,4.43,3.585,4.1175,1.685,1.855
2015-10-15,-1.125,-0.2875,-0.5475,-1.73,-1.66,0.69,-0.2825,1.4,1.115,2.7525,4.5875,3.5975,4.0525,1.67,1.8425
2015-10-16,-1.15,-0.255,-0.4525,-1.745,-1.7,0.6775,-0.25,1.4,1.1175,2.7325,4.7725,3.5625,4.0325,1.6675,1.8225
2015-10-19,-1.16,-0.275,-0.4325,-1.7375,-1.73,0.695,-0.29,1.4275,1.1125,2.74,5.0325,3.605,4.0225,1.625,1.79
2015-10-20,-1.16,-0.29,-0.4225,-1.7125,-1.73,0.6825,-0.2925,1.4225,1.125,2.5725,4.92,3.5975,4.0025,1.64,1.7475
2015-10-21,-1.175,-0.28,-0.34,-1.7075,-1.7175,0.7025,-0.3,1.42,1.16,2.6025,4.8225,3.6375,4.0275,1.635,1.755
2015-10-22,-1.3525,-0.2875,-0.2475,-1.67,-1.7125,0.705,-0.2425,1.565,1.345,2.6075,4.55,3.5625,3.9325,1.615,1.75
2015-10-23,-1.705,-0.3125,0.04,-1.6625,-1.6775,0.7025,-0.2125,1.8475,1.6025,2.605,4.455,3.6075,3.8775,1.65,1.76
2015-10-26,-1.6,-0.31,0.03,-1.6525,-1.6675,0.7125,-0.1825,1.745,1.525,2.5675,4.205,3.3975,3.77,1.63,1.7675
2015-10-27,-1.5575,-0.305,0.0325,-1.6525,-1.66,0.7275,-0.2,1.71,1.4925,2.5525,4.0925,3.415,3.6975,1.62,1.7325
2015-10-28,-1.5,-0.315,0.0625,-1.6975,-1.7,0.7175,-0.2075,1.645,1.465,2.6025,3.7975,3.2725,3.5925,1.6175,1.745
2015-10-29,-1.4475,-0.32,0.1175,-1.7025,-1.7225,0.7075,-0.22,1.635,1.41,2.61,3.595,3.3925,3.66,1.625,1.7425
2015-10-30,-1.39,-0.3,0.03,-1.6675,-1.6975,0.71,-0.25,1.5975,1.365,2.625,3.6125,3.3125,3.5925,1.6125,1.755
2015-11-02,-1.3775,-0.3025,0.01,-1.6325,-1.6775,0.7,-0.215,1.5075,1.355,2.595,3.5125,3.155,3.3,1.635,1.7325
2015-11-03,-1.395,-0.3025,0.065,-1.5625,-1.56,0.7125,-0.2075,1.5925,1.39,2.585,3.5075,3.16,3.24,1.595,1.6525
2015-11-04,-1.62,-0.3075,0.205,-1.5525,-1.655,0.7975,-0.2,1.7625,1.54,2.5625,3.515,3.09,3.205,1.5825,1.655
2015-11-05,-1.5675,-0.39,0.26,-1.6075,-1.6775,0.815,-0.19,1.7,1.4875,2.55,3.4475,2.8525,3.295,1.645,1.69
2015-11-06,-1.4925,-0.6125,0.285,-1.5975,-1.7,0.815,-0.2025,1.6425,1.425,2.5775,3.31,3.2325,3.34,1.6775,1.6925
2015-11-09,-1.3775,-0.615,0.16,-1.585,-1.6875,0.8225,-0.2175,1.5425,1.335,2.5625,3.2,3.21,3.31,1.6775,1.7025
2015-11-10,-1.38,-0.6475,-0.005,-1.5725,-1.65,0.7875,-0.1875,1.54,1.34,2.5325,2.945,3.2,3.275,1.6825,1.7075
2015-11-11,-1.2775,-0.6575,-0.075,-1.555,-1.6,0.7725,-0.2125,1.42,1.23,2.4725,2.805,3.1425,3.205,1.6825,1.7375
2015-11-12,-1.27,-0.7125,-0.1075,-1.47,-1.4825,0.7475,-0.2475,1.4225,1.195,2.465,2.79,3.1425,3.1925,1.68,1.675
2015-11-13,-1.215,-0.715,-0.14,-1.4975,-1.425,0.73,-0.0925,1.34,1.135,2.4575,3.01,3.12,3.195,1.675,1.625
2015-11-16,-1.18,-0.6975,-0.21,-1.4925,-1.4225,0.7475,-0.0825,1.3325,1.14,2.445,3.09,2.935,3.205,1.675,1.65
2015-11-17,-1.17,-0.6975,-0.165,-1.45,-1.425,0.7625,-0.035,1.365,1.105,2.38,3.0625,3.0,3.05,1.69,1.5975
2015-11-18,-1.1575,-0.6925,-0.1125,-1.41,-1.325,0.7675,0.0025,1.3875,1.125,2.33,2.985,3.085,3.085,1.685,1.565
2015-11-19,-1.1425,-0.6925,-0.1275,-1.3525,-1.3,0.735,-0.01,1.34,1.0875,2.3125,3.2925,2.935,2.98,1.685,1.4875
2015-11-20,-1.065,-0.6875,-0.1975,-1.3325,-1.29,0.725,-0.03,1.2275,1.045,2.29,2.98,2.705,2.965,1.68,1.425
2015-11-23,-1.065,-0.7,-0.2025,-1.335,-1.345,0.74,-0.055,1.3,1.0625,2.295,2.97,2.76,2.995,1.685,1.4025
2015-11-24,-1.0075,-0.72,-0.29,-1.3325,-1.295,0.715,0.1075,1.16,0.96,2.225,2.945,2.755,3.0825,1.645,1.4225
2015-11-25,-0.9825,-0.7825,-0.3775,-1.3275,-1.2975,0.7175,-0.09,1.175,0.96,2.2275,3.09,2.615,3.155,1.635,1.4225
2015-11-26,-0.945,-0.795,-0.395,-1.3375,-1.275,0.7325,0.1225,0.9775,0.79,2.2,3.0925,2.66,3.0975,1.61,1.4375
2015-11-27,-0.9225,-0.7925,-0.4025,-1.3925,-1.325,0.725,0.2225,0.995,0.78,2.2225,3.135,2.6525,3.075,1.605,1.545
2015-11-30,-0.8975,-0.805,-0.3725,-1.4475,-1.35,0.725,0.2475,0.995,0.795,2.225,3.38,2.65,3.1225,1.6075,1.545
2015-12-01,-0.84,-0.8,-0.43,-1.43,-1.3625,0.715,0.335,0.96,0.76,2.22,3.6275,2.5075,3.0875,1.6,1.555
2015-12-02,-0.8275,-0.875,-0.4325,-1.42,-1.34,0.71,0.3425,0.8975,0.725,2.1925,3.3575,2.5225,3.06,1.605,1.53
2015-12-03,-0.715,-0.94,-0.47,-1.415,-1.3475,0.6875,0.26,0.7825,0.56,2.1825,3.47,2.5075,3.065,1.6025,1.5775
2015-12-04,-0.8775,-0.925,-0.48,-1.4025,-1.3825,0.6925,0.13,0.9825,0.7725,2.2025,3.455,2.495,3.0475,1.6225,1.5725
2015-12-07,-0.955,-0.945,-0.4775,-1.415,-1.4025,0.665,0.1275,1.0425,0.825,2.1725,3.4125,2.5625,3.0325,1.6425,1.445
2015-12-08,-0.965,-1.0625,-0.59,-1.4775,-1.4625,0.6775,0.1725,1.115,0.885,2.185,3.57,2.67,2.985,1.645,1.455
2015-12-09,-0.99,-1.06,-0.9525,-1.51,-1.46,0.655,0.075,1.06,0.865,2.2175,3.1225,2.735,2.9925,1.625,1.455
2015-12-10,-0.9875,-0.99,-1.1275,-1.49,-1.4375,0.655,0.07,1.095,0.84,2.285,3.095,3.585,3.005,1.645,1.4025
2015-12-11,-0.9825,-1.01,-1.3275,-1.53,-1.4975,0.67,0.09,1.0825,0.875,2.335,3.1525,4.855,3.4775,1.63,1.43
2015-12-14,-0.985,-0.99,-1.465,-1.585,-1.5375,0.705,0.0725,1.05,0.85,2.3525,3.1375,4.265,3.5,1.645,1.5725
2015-12-15,-0.975,-0.965,-1.25,-1.57,-1.58,0.6975,0.0575,1.0825,0.86,2.31,3.395,3.66,3.27,1.6325,1.565
2015-12-16,-0.985,-0.9625,-0.9325,-1.54,-1.485,0.705,0.09,1.0425,0.855,2.28,3.5275,4.0,3.2675,1.6125,1.4175
2015-12-17,-1.005,-1.0375,-0.655,-1.465,-1.4375,0.705,0.1275,1.11,0.885,2.2125,3.4775,3.6825,3.25,1.4325,1.4625
2015-12-18,-1.035,-1.015,-0.825,-1.535,-1.4525,0.71,0.1325,1.1225,0.915,2.21,3.5675,3.645,3.24,1.365,1.4325
2015-12-21,-1.0325,-1.0275,-0.8,-1.48,-1.425,0.71,0.12,1.1175,0.91,2.1425,3.52,3.67,3.2325,1.3075,1.445
2015-12-22,-1.04,-1.01,-0.8025,-1.485,-1.47,0.71,0.12,1.11,0.905,2.1625,3.54,3.6425,3.245,1.3,1.4375
2015-12-23,-1.0375,-1.12,-0.805,-1.495,-1.4575,0.7075,0.1125,1.14,0.885,2.1375,3.605,3.6075,3.1775,1.3,1.3825
2015-12-24,-1.06,-1.1825,-0.845,-1.5,-1.4525,0.7075,0.1075,1.0775,0.92,2.125,3.64,3.6425,3.1925,1.295,1.3925
2015-12-25,-1.07,-1.135,-0.845,-1.495,-1.4475,0.71,0.1075,1.075,0.9,2.1325,3.5525,3.63,3.1825,1.3225,1.375
2015-12-28,-1.06,-1.195,-0.8575,-1.5025,-1.465,0.7125,0.105,1.0875,0.9075,2.1425,3.6825,3.67,3.145,1.2775,1.3675
2015-12-29,-1.055,-1.1825,-0.8125,-1.4825,-1.465,0.73,0.0975,1.0825,0.915,2.1525,3.61,3.655,3.1675,1.2825,1.37
2015-12-30,-1.065,-1.18,-0.7725,-1.4325,-1.4825,0.715,0.0975,1.0625,0.89,2.1525,3.675,3.6575,3.1675,1.285,1.415
2015-12-31,-1.0625,-1.1875,-0.7325,-1.42,-1.4625,0.7175,0.1,1.0775,0.885,2.1225,3.61,3.6275,3.1875,1.29,1.43
2016-01-01,-1.0875,-1.2025,-0.745,-1.43,-1.475,0.7325,0.1025,1.075,0.89,2.145,3.625,3.6525,3.1925,1.3025,1.45
2016-01-04,-1.0025,-1.16,-1.01,-1.5225,-1.5075,0.7525,0.08,1.1325,0.885,2.14,3.755,3.83,3.225,1.28,1.47
2016-01-05,-0.9875,-1.055,-1.005,-1.5125,-1.5325,0.74,0.0625,1.1025,0.835,2.125,3.76,3.6775,3.285,1.2875,1.365
2016-01-06,-0.9125,-0.89,-1.035,-1.5525,-1.685,0.7925,0.0625,1.0275,0.765,2.105,3.365,3.7325,3.3775,1.29,1.4625
2016-01-07,-0.7675,-0.8325,-1.385,-1.995,-1.9725,0.785,0.005,0.9175,0.685,2.1225,3.05,3.9875,3.3775,1.345,1.5275
2016-01-08,-0.695,-0.8125,-1.5725,-2.09,-1.98,0.775,0.0425,0.855,0.695,2.1175,3.0575,4.035,3.415,1.4025,2.0025
2016-01-11,-0.6225,-0.805,-1.6,-2.175,-2.055,0.775,0.0275,0.7675,0.57,2.105,3.0525,4.625,3.515,1.3725,2.035
2016-01-12,-0.635,-0.88,-1.4975,-2.1825,-2.06,0.82,0.0125,0.8525,0.64,2.0875,3.0425,4.495,3.6,1.3875,2.04
2016-01-13,-0.6025,-0.8675,-1.1825,-2.0575,-1.9125,0.8625,0.09,0.8225,0.5725,2.1175,2.975,4.135,3.6525,1.4625,1.9025
2016-01-14,-0.4725,-0.87,-1.4225,-2.2425,-2.14,0.915,0.005,0.6975,0.465,2.215,2.92,4.3425,3.6425,1.685,1.9125
2016-01-15,-0.2775,-0.905,-1.7975,-2.2325,-2.1225,1.14,-0.0525,0.5475,0.34,2.48,2.9225,4.34,3.675,1.785,1.9325
2016-01-18,-0.265,-0.925,-1.69,-2.18,-2.015,1.1225,-0.08,0.655,0.4425,2.4,2.905,4.295,3.675,2.0,1.875
2016-01-19,-0.2175,-0.935,-1.5475,-2.0725,-1.92,1.085,0.035,0.6125,0.4025,2.415,2.95,4.195,3.6625,1.99,1.85
2016-01-20,-0.1025,-0.935,-1.9075,-2.145,-2.025,1.095,0.0325,0.495,0.3125,3.115,3.11,4.2225,3.5925,2.005,1.9075
2016-01-21,-0.2325,-0.92,-1.7125,-2.105,-1.9375,0.9325,0.04,0.5925,0.3725,3.14,3.1725,4.0725,3.57,2.02,2.1025
2016-01-22,-0.2825,-0.9175,-1.5475,-2.025,-1.89,0.86,0.075,0.67,0.4875,2.9975,3.1525,3.95,3.5175,2.03,2.03
2016-01-25,-0.275,-0.9175,-1.4775,-1.9675,-1.855,0.775,0.06,0.6275,0.465,2.9525,3.02,3.95,3.455,1.92,2.02
2016-01-26,-0.26,-0.8925,-1.5825,-1.995,-1.88,0.725,0.08,0.605,0.425,2.9275,2.965,3.89,3.2525,1.92,2.055
2016-01-27,-0.215,-0.8775,-1.5425,-1.98,-1.87,0.71,0.0675,0.6325,0.435,2.8825,2.8775,3.945,3.2525,1.915,2.025
2016-01-28,-0.1675,-0.8725,-1.5825,-1.975,-1.8575,0.695,0.0725,0.5725,0.39,2.4925,2.8025,3.8,3.165,2.04,2.155
2016-01-29,-0.2425,-0.8775,-1.0975,-1.98,-1.8575,0.705,0.1275,0.7025,0.495,2.3675,2.57,3.77,3.0675,2.01,2.105
2016-02-01,-0.2425,-0.865,-1.0625,-1.955,-1.84,0.695,0.12,0.7325,0.4875,2.2425,2.7,3.635,3.0475,2.0375,2.19
2016-02-02,-0.1275,-0.88,-1.2725,-1.965,-1.85,0.71,0.075,0.65,0.4175,2.2325,2.5975,3.715,3.0325,2.04,2.2125
2016-02-03,0.0225,-0.8475,-1.7125,-1.935,-1.845,0.7025,-0.005,0.4175,0.22,2.2775,2.54,3.805,3.0475,2.1,2.3575
2016-02-04,0.0475,-0.845,-1.585,-1.8525,-1.7225,0.63,-0.0225,0.415,0.1975,2.5225,2.6125,3.75,3.0125,2.0925,2.2475
2016-02-05,-0.1125,-0.855,-1.5775,-1.79,-1.65,0.6675,0.0525,0.5225,0.345,2.4925,2.7425,3.8,3.0,2.0925,2.085
2016-02-08,-0.3075,-0.88,-2.12,-2.03,-1.93,0.755,0.075,0.7075,0.525,2.65,2.79,3.845,2.9825,2.105,2.11
2016-02-09,-0.385,-0.905,-2.5425,-2.1375,-2.02,0.8475,-0.0875,0.7475,0.575,2.68,3.08,3.85,3.0875,2.1175,2.15
2016-02-10,-0.79,-0.905,-2.455,-2.1275,-2.025,0.855,-0.0075,1.1275,0.9275,2.6,2.97,3.4925,3.03,2.0825,2.1725
2016-02-11,-0.795,-1.225,-2.5175,-2.2175,-2.12,0.9175,-0.1425,1.0925,0.89,2.835,3.22,3.3775,3.06,2.1625,2.4325
2016-02-12,-0.73,-1.1825,-2.215,-2.13,-2.0,0.8975,-0.1025,1.06,0.875,2.8175,2.75,3.34,3.055,2.32,2.69
2016-02-15,-0.705,-1.205,-1.77,-2.02,-1.9,0.88,-0.16,1.05,0.8875,2.745,3.1,3.2,3.045,2.385,2.575
2016-02-16,-0.705,-1.11,-2.01,-2.005,-1.92,0.885,-0.1325,1.065,0.8675,2.73,3.1125,3.195,3.04,2.395,2.5275
2016-02-17,-0.67,-1.145,-2.175,-2.055,-2.0,0.8675,-0.1425,1.0225,0.83,2.6675,3.135,3.24,3.1825,2.395,2.345
2016-02-18,-0.555,-1.125,-2.2025,-1.955,-1.875,0.865,-0.155,0.915,0.6975,2.625,3.095,3.0725,3.1725,2.305,2.2175
2016-02-19,-0.535,-1.17,-2.575,-2.03,-2.01,0.88,-0.165,1.0425,0.7525,2.595,3.0825,3.025,3.1625,2.31,2.25
2016-02-22,-0.595,-1.39,-2.545,-2.025,-1.985,0.84,-0.2225,1.035,0.73,2.5975,3.09,3.025,3.2025,2.3025,2.195
2016-02-23,-0.62,-1.405,-2.54,-1.965,-1.9075,0.8225,-0.1725,1.035,0.7725,2.5925,3.015,2.8925,3.07,2.235,2.1425
2016-02-24,-0.6125,-1.59,-2.665,-2.02,-1.955,0.84,-0.15,1.0,0.78,2.56,3.145,3.1225,3.11,2.225,2.0075
2016-02-25,-0.6025,-1.6,-2.445,-1.99,-1.93,0.735,-0.1525,0.985,0.78,2.555,2.865,3.105,3.0775,2.2275,1.9325
2016-02-26,-0.69,-1.655,-2.475,-2.065,-2.0075,0.6875,-0.1125,1.09,0.8725,2.5375,2.7975,3.5875,3.235,2.235,1.9325
2016-02-29,-0.7125,-1.565,-2.545,-2.055,-2.03,0.7,-0.145,1.0875,0.89,2.485,2.81,3.49,3.1075,2.215,1.935
2016-03-01,-0.705,-1.56,-2.415,-2.05,-2.01,0.675,-0.195,1.025,0.87,2.26,2.9125,3.315,3.095,1.8875,1.915
2016-03-02,-0.695,-1.5,-2.35,-1.895,-1.85,0.6875,-0.245,1.0,0.845,2.2225,2.77,3.2075,3.055,1.8,1.67
2016-03-03,-0.6825,-1.405,-2.35,-1.9,-1.85,0.675,-0.235,0.9625,0.78,2.0575,2.73,3.175,2.91,1.7075,1.5725
2016-03-04,-0.6675,-1.445,-2.19,-1.7525,-1.665,0.67,-0.2375,0.9575,0.765,2.0975,2.4925,3.2025,2.88,1.6875,1.525
2016-03-07,-0.6675,-1.425,-2.23,-1.7025,-1.675,0.685,-0.255,0.9525,0.77,2.0175,2.445,3.08,2.8875,1.6525,1.535
2016-03-08,-0.6425,-1.4175,-2.24,-1.8125,-1.78,0.69,-0.26,0.95,0.745,2.025,2.32,3.085,2.87,1.46,1.5225
2016-03-09,-0.6575,-1.4275,-2.1925,-1.8,-1.79,0.675,-0.24,0.9525,0.76,1.975,2.2,3.1225,2.7575,1.455,1.725
2016-03-10,-0.5,-1.38,-2.1525,-1.8,-1.7825,0.7,-0.26,0.7975,0.5875,1.8975,2.105,3.0575,2.745,1.435,1.6425
2016-03-11,-0.4775,-1.4,-2.1825,-1.795,-1.7575,0.69,-0.2375,0.8175,0.625,1.7575,1.9625,3.1025,2.7025,1.4875,1.5975
2016-03-14,-0.4875,-1.435,-2.0475,-1.7475,-1.71,0.7,-0.27,0.8325,0.63,1.865,2.015,3.11,2.69,1.405,1.54
2016-03-15,-0.5275,-1.61,-2.0775,-1.7525,-1.7425,0.76,-0.32,0.83,0.65,1.85,2.3925,3.2325,2.8125,1.38,1.51
2016-03-16,-0.535,-1.7225,-1.9375,-1.755,-1.6925,0.7275,-0.3175,0.92,0.6875,1.805,2.48,3.4775,2.725,1.375,1.495
2016-03-17,-0.315,-1.765,-1.8675,-1.6675,-1.615,0.6425,-0.45,0.6875,0.45,1.79,2.37,3.22,2.635,1.355,1.49
2016-03-18,-0.385,-1.765,-1.8475,-1.545,-1.5175,0.605,-0.4325,0.73,0.475,1.8175,2.325,3.36,2.64,1.315,1.4225
2016-03-21,-0.3925,-1.88,-1.8325,-1.5,-1.48,0.6125,-0.385,0.7425,0.505,1.77,2.4325,3.395,2.6425,1.3125,1.415
2016-03-22,-0.5275,-2.015,-1.77,-1.52,-1.52,0.6475,-0.375,0.7975,0.605,1.7825,2.37,3.455,2.635,1.3225,1.47
2016-03-23,-1.2375,-4.295,-1.495,-1.5,-1.5,0.7475,-0.4025,1.155,0.975,1.7675,2.5075,3.4825,2.63,1.3875,1.47
2016-03-24,-1.31,-4.435,-1.35,-1.565,-1.55,0.7375,-0.4025,1.145,0.985,1.76,2.4675,3.5775,2.6225,1.4225,1.4975
2016-03-25,-1.3225,-4.4,-1.385,-1.56,-1.555,0.7325,-0.4225,1.3,1.115,1.785,2.42,3.6025,2.6225,1.43,1.565
2016-03-28,-1.3275,-4.075,-1.3325,-1.55,-1.535,0.7725,-0.405,1.145,1.02,1.7275,2.4125,3.54,2.615,1.355,1.5125
2016-03-29,-1.2975,-4.435,-1.365,-1.52,-1.465,0.7775,-0.4375,1.08,0.8225,1.7325,2.33,3.61,2.67,1.4175,1.5025
2016-03-30,-1.3,-4.485,-1.4575,-1.31,-1.275,0.7425,-0.455,1.085,0.82,1.76,2.325,3.5525,2.6375,1.4225,1.4175
2016-03-31,-1.325,-4.455,-1.37,-1.3225,-1.285,0.72,-0.465,1.1275,0.835,1.7025,2.34,3.39,2.575,1.3825,1.405
2016-04-01,-1.3375,-4.4975,-1.3475,-1.33,-1.28,0.7475,-0.45,1.1625,0.8775,1.7075,2.625,3.395,2.4775,1.3625,1.435
2016-04-04,-1.335,-4.565,-1.35,-1.3,-1.2975,0.7475,-0.58,1.17,0.7725,1.73,2.79,3.375,2.445,1.3425,1.435
2016-04-05,-1.3725,-4.4825,-1.7925,-1.445,-1.3825,0.8625,-0.565,1.1725,0.89,1.7,3.0175,3.3675,2.5125,1.3425,1.59
2016-04-06,-1.5275,-4.5975,-1.77,-1.4175,-1.3825,0.89,-0.545,1.2975,1.04,1.645,3.05,3.395,2.62,1.3675,1.59
2016-04-07,-1.585,-4.655,-2.08,-1.57,-1.54,0.935,-0.5525,1.3775,1.055,1.5975,2.825,3.45,2.925,1.3725,1.5525
2016-04-08,-1.6025,-4.6125,-2.05,-1.57,-1.5225,0.875,-0.5575,1.31,0.945,1.6125,2.805,3.415,2.92,1.35,1.61
2016-04-11,-1.6425,-4.72,-2.23,-1.585,-1.56,0.8975,-0.5925,1.4175,1.015,1.585,2.975,3.31,2.9825,1.3375,1.6175
2016-04-12,-1.7225,-4.7075,-2.32,-1.5625,-1.52,0.8425,-0.55,1.4025,1.09,1.6075,3.0275,3.335,2.98,1.3675,1.605
2016-04-13,-1.725,-4.615,-2.205,-1.485,-1.46,0.83,-0.5575,1.465,1.185,1.5525,3.29,3.27,3.115,1.3575,1.605
2016-04-14,-1.7625,-4.5575,-2.2225,-1.5125,-1.4925,0.855,-0.555,1.4875,1.11,1.6,3.25,3.23,3.0325,1.3475,1.585
2016-04-15,-1.7525,-4.6375,-2.24,-1.5,-1.5,0.865,-0.5425,1.5025,1.17,1.6025,3.105,3.21,3.0225,1.35,1.62
2016-04-18,-1.7725,-4.665,-2.24,-1.5275,-1.53,0.87,-0.65,1.505,1.125,1.5775,2.8,3.2175,2.9875,1.33,1.63
2016-04-19,-1.7325,-4.57,-2.105,-1.55,-1.535,0.83,-0.72,1.4225,1.0575,1.5475,2.585,3.05,2.915,1.32,1.55
2016-04-20,-1.6775,-4.5375,-1.895,-1.55,-1.5425,0.81,-0.7175,1.3925,1.065,1.5375,2.465,2.995,2.835,1.325,1.6225
2016-04-21,-1.6975,-4.43,-1.765,-1.61,-1.57,0.825,-0.735,1.4375,1.15,1.535,2.4675,2.94,2.685,1.355,1.625
2016-04-22,-1.705,-4.45,-1.5375,-1.63,-1.585,0.82,-0.7725,1.35,0.97,1.515,2.47,2.8725,2.7325,1.3525,1.6675
2016-04-25,-1.6725,-3.885,-1.555,-1.6775,-1.65,0.82,-0.8175,1.3925,1.13,1.5175,2.49,2.895,2.6425,1.3275,1.71
2016-04-26,-1.5675,-3.6975,-1.635,-1.6775,-1.67,0.82,-0.83,1.2775,0.98,1.5325,2.4825,2.845,2.53,1.3825,1.72
2016-04-27,-1.4825,-3.6775,-1.65,-1.7925,-1.785,0.825,-0.8275,1.3125,1.0175,1.5375,2.445,2.815,2.505,1.3525,1.7175
2016-04-28,-1.49,-3.68,-2.03,-1.72,-1.7025,0.805,-0.855,1.315,0.855,1.4775,2.4375,2.8075,2.5575,1.375,1.62
2016-04-29,-1.5,-3.6875,-2.335,-1.7375,-1.7,0.7975,-0.8625,1.185,0.7975,1.4875,2.47,2.7775,2.4075,1.3725,1.61
2016-05-02,-1.465,-3.715,-2.3775,-1.735,-1.7,0.81,-0.86,1.195,0.815,1.565,2.5,2.8125,2.4225,1.3,1.625
2016-05-03,-1.3625,-3.74,-2.5275,-1.915,-1.9,0.9475,-0.9025,1.17,0.73,1.835,2.9425,2.855,2.515,1.2825,1.63
2016-05-04,-1.375,-3.8575,-2.295,-1.94,-1.89,1.025,-0.845,1.2925,0.7975,2.2125,2.83,3.13,3.31,1.3225,1.675
2016-05-05,-1.4,-3.8875,-2.145,-1.9175,-1.8175,1.0675,-0.81,1.3375,0.87,2.205,2.895,3.335,3.545,1.2825,1.76
2016-05-06,-1.415,-4.075,-1.955,-1.9,-1.81,1.0925,-0.8625,1.3225,0.85,2.21,2.8425,3.4625,3.5175,1.2875,1.9125
2016-05-09,-1.41,-4.21,-1.715,-1.885,-1.815,1.105,-0.885,1.3375,0.8575,2.18,3.3075,3.515,3.455,1.2575,1.89
2016-05-10,-1.415,-4.235,-1.62,-1.84,-1.77,1.02,-0.86,1.2825,0.825,1.92,3.155,3.36,3.445,1.2375,1.88
2016-05-11,-1.41,-4.235,-1.755,-1.77,-1.69,0.975,-0.86,1.29,0.785,1.7925,3.1375,3.315,3.4925,1.2375,1.89
2016-05-12,-1.435,-4.375,-1.7475,-1.85,-1.765,0.995,-0.8675,1.33,0.83,1.755,3.11,3.18,3.405,1.235,1.89
2016-05-13,-1.5675,-4.7675,-1.735,-1.9425,-1.8675,0.9975,-0.855,1.485,0.99,1.7375,3.0375,3.275,3.335,1.195,1.89
2016-05-16,-1.585,-5.1325,-1.75,-1.9775,-1.9075,0.9525,-0.845,1.3,0.885,1.7075,3.0425,3.385,3.315,1.19,1.9375
2016-05-17,-1.62,-5.11,-1.6875,-1.805,-1.725,0.99,-0.845,1.46,1.0,1.69,3.02,3.3,3.31,1.19,1.87
2016-05-18,-1.555,-4.8425,-1.66,-1.8425,-1.7975,0.935,-0.85,1.415,0.965,1.605,2.9325,3.5225,3.335,1.23,1.915
2016-05-19,-1.5375,-4.855,-1.45,-1.8525,-1.805,1.0125,-0.865,1.36,0.925,1.5625,2.995,3.4625,3.325,1.3225,1.99
2016-05-20,-1.515,-4.8325,-1.4,-1.8225,-1.76,1.0025,-0.9025,1.385,0.91,1.5575,2.9225,3.445,3.0775,1.3375,1.965
2016-05-23,-1.5,-4.8275,-1.4375,-1.8,-1.73,0.875,-0.865,1.3025,0.89,1.5425,2.915,3.475,3.145,1.3275,1.875
2016-05-24,-1.4525,-4.715,-1.38,-1.7075,-1.635,0.7975,-0.89,1.23,0.875,1.525,2.95,3.32,3.1875,1.3325,1.865
2016-05-25,-1.24,-4.4025,-1.28,-1.6775,-1.5925,0.67,-0.9,1.1275,0.69,1.525,2.93,3.26,3.0525,1.3325,1.73
2016-05-26,-1.1025,-4.3825,-1.3675,-1.675,-1.59,0.69,-0.8975,1.01,0.675,1.53,2.905,3.205,3.005,1.3375,1.685
2016-05-27,-1.1125,-4.3575,-1.38,-1.66,-1.585,0.7725,-0.875,1.025,0.68,1.53,2.905,3.14,3.0175,1.34,1.715
2016-05-30,-1.105,-4.375,-1.3175,-1.64,-1.5675,0.7825,-0.865,1.0175,0.68,1.5175,2.895,3.1175,3.05,1.34,1.7175
2016-05-31,-1.215,-4.5,-1.2575,-1.6175,-1.54,0.76,-0.8725,1.095,0.75,1.5175,3.315,3.005,2.9925,1.345,1.66
2016-06-01,-1.28,-4.5,-1.4125,-1.6225,-1.525,0.7625,-0.86,1.2025,0.8025,1.5075,3.075,2.94,2.985,1.3725,1.65
2016-06-02,-1.18,-4.75,-1.545,-1.6475,-1.585,0.775,-0.885,1.085,0.765,1.4925,3.0275,2.895,2.9575,1.3725,1.63
2016-06-03,-1.15,-4.855,-1.7325,-1.62,-1.525,0.7625,-0.92,1.05,0.705,1.4975,2.9725,2.885,2.95,1.39,1.5625
2016-06-06,-1.16,-5.245,-1.7325,-1.625,-1.495,0.73,-0.9125,1.05,0.74,1.4825,2.975,2.7775,2.8975,1.395,1.54
2016-06-07,-1.185,-5.535,-1.6175,-1.535,-1.46,0.7125,-0.935,1.055,0.76,1.4525,2.9425,2.6025,2.84,1.39,1.465
2016-06-08,-1.22,-5.53,-1.72,-1.52,-1.43,0.7125,-0.9375,1.125,0.785,1.4525,2.955,2.675,2.7675,1.345,1.38
2016-06-09,-1.46,-5.535,-1.9675,-1.525,-1.42,0.815,-1.0325,1.33,0.87,1.4875,2.92,2.645,2.7625,1.335,1.52
2016-06-10,-1.91,-5.915,-2.0525,-1.57,-1.515,0.875,-0.9125,1.5775,1.21,1.715,3.2075,2.6225,2.79,1.3575,1.5425
2016-06-13,-2.2075,-6.2725,-2.3575,-1.8325,-1.71,0.935,-0.8525,1.9425,1.55,1.845,3.24,2.7725,2.8525,1.335,1.745
2016-06-14,-2.695,-6.385,-2.61,-1.97,-1.915,1.11,-0.855,2.445,2.025,2.0575,3.01,2.98,2.915,1.395,1.7325
2016-06-15,-2.35,-5.6675,-2.605,-2.14,-2.035,1.1025,-0.8375,2.095,1.67,2.005,3.025,2.9575,2.945,1.515,1.7725
2016-06-16,-2.42,-5.605,-2.775,-2.2425,-2.1425,1.1725,-0.875,2.135,1.77,2.195,3.165,3.0175,2.945,1.545,1.91
2016-06-17,-2.335,-5.36,-2.595,-2.19,-2.105,1.145,-0.8675,2.06,1.6875,2.1675,2.96,3.0075,2.97,1.4775,1.91
2016-06-20,-2.005,-4.8775,-2.47,-2.0225,-1.935,1.0875,-1.005,1.6975,1.5325,2.125,2.975,2.865,2.8775,1.585,1.885
2016-06-21,-1.97,-4.95,-2.445,-1.9025,-1.815,1.1,-1.01,1.7775,1.535,2.06,2.9525,2.82,2.8575,1.53,1.885
2016-06-22,-1.975,-5.02,-2.5575,-1.94,-1.86,1.175,-1.1425,1.9275,1.675,2.08,2.95,2.95,2.84,1.53,1.945
2016-06-23,-1.855,-4.125,-2.165,-1.9275,-1.8575,1.0125,-0.9,1.625,1.415,2.055,2.9325,2.9625,2.85,1.575,1.9475
2016-06-24,-2.3225,-3.455,-2.645,-2.3025,-2.18,1.145,-0.83,2.01,1.725,3.0225,3.665,3.4425,3.1325,1.7,2.2025
2016-06-27,-2.37,-3.31,-2.6925,-2.2775,-2.225,1.295,-1.1425,2.03,1.72,3.06,3.565,3.3825,3.055,1.62,2.4175
2016-06-28,-1.835,-2.6425,-2.21,-1.9575,-1.81,1.1675,-1.2,1.6075,1.17,2.6275,3.19,3.2475,3.0175,1.5825,2.4375
2016-06-29,-1.615,-2.2425,-2.1125,-1.845,-1.74,1.07,-1.1425,1.4725,1.1675,2.3375,2.9125,3.1925,2.9025,1.48,2.0625
2016-06-30,-1.485,-2.3675,-2.04,-1.815,-1.7625,1.035,-1.1425,1.32,1.08,2.1125,2.9875,3.135,2.8875,1.465,2.0425
2016-07-01,-1.4425,-2.29,-2.03,-1.7225,-1.67,1.0325,-1.1425,1.385,1.0975,2.11,3.005,3.0925,2.8375,1.4625,1.8775
2016-07-04,-1.2975,-2.2875,-2.03,-1.6225,-1.5575,1.0225,-0.9975,1.14,0.9,2.1275,3.0025,3.02,2.815,1.4625,1.8725
2016-07-05,-1.265,-2.2275,-2.38,-1.6075,-1.595,1.0525,-0.9625,1.17,0.835,2.1275,3.0125,3.0875,2.8175,1.3725,1.835
2016-07-06,-1.3225,-2.4875,-2.6425,-1.6725,-1.645,1.0775,-0.9875,1.3025,0.97,2.21,3.0575,3.125,2.815,1.3875,1.8625
2016-07-07,-1.3125,-2.3025,-2.435,-1.5675,-1.485,1.07,-0.98,1.23,0.985,2.245,3.05,2.93,2.715,1.38,1.85
2016-07-08,-1.2725,-2.1575,-2.6625,-1.515,-1.415,1.0225,-1.0075,1.27,0.945,2.08,3.035,3.0925,2.61,1.3775,1.8
2016-07-11,-1.1825,-1.9825,-2.205,-1.4325,-1.315,1.01,-1.0225,1.1725,0.78,2.075,2.955,2.9275,2.635,1.23,1.8
2016-07-12,-1.1175,-1.645,-2.015,-1.4125,-1.285,0.985,-0.945,1.16,0.68,2.05,3.04,2.8125,2.575,1.1775,1.76
2016-07-13,-1.0725,-1.6725,-2.055,-1.3875,-1.28,0.965,-0.99,1.05,0.575,1.99,3.035,2.73,2.6,1.1675,1.75
2016-07-14,-1.0675,-1.6275,-1.9925,-1.395,-1.335,0.94,-0.935,1.125,0.71,1.9075,3.025,2.7875,2.5975,1.11,1.69
2016-07-15,-1.1375,-1.7375,-2.035,-1.44,-1.425,0.955,-0.9325,1.14,0.7125,2.0175,2.8975,2.77,2.5875,1.04,1.695
2016-07-18,-1.125,-1.7325,-1.98,-1.46,-1.415,0.955,-0.91,1.0975,0.785,1.97,2.95,2.76,3.0875,0.9475,1.715
2016-07-19,-1.1425,-1.73,-1.85,-1.505,-1.455,0.945,-0.9075,1.275,0.9375,1.97,2.9175,2.75,3.78,0.9425,1.725
2016-07-20,-1.15,-1.72,-1.795,-1.485,-1.4425,0.94,-0.915,1.2925,0.9675,1.9875,2.8975,2.82,3.9825,1.005,1.685
2016-07-21,-1.1475,-1.685,-1.7,-1.4325,-1.4025,0.945,-0.95,1.2275,0.9,1.995,2.93,2.88,3.9575,1.0125,1.68
2016-07-22,-1.15,-1.605,-1.695,-1.4275,-1.3675,0.9525,-0.9425,1.265,0.9125,2.055,3.005,2.9075,3.5075,1.035,1.6875
2016-07-25,-1.0925,-1.37,-1.54,-1.4125,-1.2975,0.98,-0.9225,1.275,1.0075,2.235,3.01,2.8475,3.16,1.025,1.66
2016-07-26,-1.065,-1.1025,-1.61,-1.3925,-1.3225,0.9375,-0.975,1.1625,0.8875,2.3375,3.01,2.8525,3.06,1.065,1.6725
2016-07-27,-1.0175,-0.82,-1.385,-1.3825,-1.26,0.9275,-0.9825,1.205,0.9275,2.3875,2.9875,2.8825,3.035,1.025,1.7
2016-07-28,-0.94,-0.86,-1.36,-1.345,-1.235,0.9025,-0.935,1.1225,0.8825,2.325,2.9675,2.8325,2.9775,1.025,1.69
2016-07-29,-0.9325,-0.85,-1.38,-1.3225,-1.2375,0.8975,-0.8925,1.12,0.9,2.3225,2.9825,2.8125,2.835,1.035,1.6475
2016-08-01,-0.9025,-0.85,-1.485,-1.265,-1.1575,0.8875,-0.9,1.13,0.8925,2.3,3.005,2.755,2.8275,1.0325,1.61
2016-08-02,-0.905,-0.85,-1.7,-1.225,-1.13,0.89,-0.91,1.1325,0.8825,2.385,3.02,2.795,2.8875,0.97,1.6
2016-08-03,-0.905,-0.915,-1.705,-1.2625,-1.2,0.8925,-0.9175,1.115,0.87,2.425,3.03,2.82,2.955,0.975,1.65
2016-08-04,-0.91,-1.05,-1.58,-1.255,-1.2,0.8875,-0.92,1.13,0.895,2.295,2.935,2.86,3.1125,0.98,1.655
2016-08-05,-0.8975,-1.035,-1.605,-1.25,-1.1875,0.8875,-0.9,1.145,0.9225,2.2325,2.755,2.87,3.205,0.9775,1.6275
2016-08-08,-0.8925,-0.95,-1.51,-1.2375,-1.2,0.89,-0.9,1.135,0.895,1.99,2.595,2.8725,3.0275,0.985,1.635
2016-08-09,-0.9025,-0.92,-1.475,-1.24,-1.1825,0.865,-0.9,1.13,0.8875,2.795,2.6,2.9,3.0475,0.9875,1.65
2016-08-10,-0.9,-0.9125,-1.595,-1.215,-1.1625,0.86,-0.8975,1.145,0.8925,2.6975,2.515,2.935,3.065,1.0225,1.6125
2016-08-11,-0.89,-0.9575,-1.63,-1.1925,-1.14,0.8575,-0.93,1.0925,0.86,2.685,2.49,2.965,3.055,0.9775,1.6125
2016-08-12,-0.89,-0.905,-1.665,-1.1725,-1.1575,0.8475,-0.9375,1.1125,0.8725,2.6775,2.64,3.045,3.05,1.0125,1.6075
2016-08-15,-0.9,-0.9225,-1.685,-1.205,-1.1525,0.8525,-0.895,1.0925,0.87,2.6875,2.6575,3.0325,3.0425,0.9775,1.6475
2016-08-16,-0.8575,-0.895,-1.9875,-1.2325,-1.17,0.84,-0.915,1.0925,0.845,2.6875,2.655,3.04,3.0025,0.975,1.65
2016-08-17,-0.8475,-0.8225,-1.94,-1.215,-1.1675,0.8475,-0.94,1.0975,0.8525,2.6925,2.6925,3.03,3.045,0.97,1.67
2016-08-18,-0.805,-0.825,-2.055,-1.15,-1.11,0.825,-0.9625,1.065,0.815,2.565,2.695,3.1,3.0475,0.99,1.6425
2016-08-19,-0.7975,-0.8475,-2.0,-1.21,-1.16,0.81,-0.9625,1.1125,0.81,2.5875,2.7125,3.1525,3.0375,1.035,1.72
2016-08-22,-0.7875,-0.85,-1.93,-1.265,-1.25,0.82,-0.96,1.1175,0.805,2.58,2.675,3.07,3.04,0.985,1.7625
2016-08-23,-0.785,-0.825,-1.9625,-1.2725,-1.25,0.82,-0.99,1.04,0.8025,2.6075,2.695,3.1175,3.08,0.97,1.7775
2016-08-24,-0.7925,-0.84,-1.805,-1.29,-1.3,0.83,-0.975,0.935,0.7125,2.495,2.655,3.8375,3.2725,0.9675,1.7625
2016-08-25,-0.8575,-0.8325,-1.735,-1.305,-1.2975,0.855,-0.885,1.15,0.9875,2.4175,2.615,3.77,3.255,0.9725,1.7825
2016-08-26,-0.915,-0.84,-1.575,-1.31,-1.3,0.9075,-0.8625,1.1325,0.91,2.345,2.495,3.875,3.23,0.955,1.75
2016-08-29,-0.945,-0.8425,-1.435,-1.365,-1.39,0.925,-0.8725,1.13,0.915,2.3475,2.45,3.965,3.2425,1.05,1.7775
2016-08-30,-0.98,-0.85,-1.25,-1.3975,-1.4125,0.9425,-0.8225,1.06,0.855,2.3375,2.46,3.96,3.31,1.08,1.8
2016-08-31,-1.0075,-0.8475,-1.105,-1.4175,-1.4125,0.975,-0.8225,1.12,0.875,2.3425,2.465,4.145,3.24,1.035,1.8
2016-09-01,-1.0575,-0.84,-1.125,-1.395,-1.395,0.9675,-0.7675,1.1475,0.965,2.31,2.565,4.13,3.2425,1.0325,1.7375
2016-09-02,-1.08,-0.8475,-1.135,-1.365,-1.42,0.9675,-0.8,1.1375,0.9325,2.2925,2.44,4.1025,3.175,1.03,1.7375
2016-09-05,-1.09,-0.8425,-1.1425,-1.3775,-1.3725,0.96,-0.7975,1.095,0.935,2.2875,2.4325,4.05,3.155,1.015,1.7425
2016-09-06,-1.095,-0.845,-1.1375,-1.315,-1.32,0.945,-0.795,1.165,0.92,2.305,2.3025,3.86,3.1575,1.01,1.6725
2016-09-07,-1.025,-0.83,-1.265,-1.285,-1.2675,0.9425,-0.8075,1.1375,0.9775,2.2975,2.2775,3.7975,3.1075,0.9975,1.7075
2016-09-08,-1.01,-0.8225,-1.25,-1.2,-1.2,0.9375,-0.8125,1.065,0.8425,2.325,2.2475,3.525,3.1325,0.9925,1.7075
2016-09-09,-1.0475,-0.8375,-1.2075,-1.24,-1.27,1.015,-0.805,1.1,0.8875,2.6,2.305,3.855,3.2925,0.9725,1.71
2016-09-12,-1.0875,-0.85,-1.2825,-1.45,-1.4425,1.0475,-0.8125,1.1175,0.905,2.85,2.4225,3.9875,3.385,0.9825,1.8225
2016-09-13,-1.075,-0.87,-1.5,-1.51,-1.4825,1.0925,-0.8125,1.11,0.8875,3.0925,2.625,3.96,3.3175,1.01,1.6225
2016-09-14,-1.065,-0.89,-1.455,-1.7175,-1.7275,1.1075,-0.8325,1.105,0.915,3.415,2.6675,3.97,3.3525,1.02,2.0025
2016-09-15,-1.1175,-0.895,-1.445,-1.6875,-1.7325,1.21,-0.81,1.16,0.9075,3.43,2.6375,3.9125,3.38,1.0425,2.1225
2016-09-16,-1.1275,-1.065,-1.475,-1.7025,-1.6225,1.2225,-0.77,1.17,0.95,3.23,2.585,3.7025,3.305,1.06,2.15
2016-09-19,-1.1775,-1.0475,-1.5375,-1.695,-1.6025,1.2175,-0.805,1.18,0.9775,3.615,2.5775,3.5975,3.2825,1.06,2.0425
2016-09-20,-1.1725,-1.0575,-1.5375,-1.685,-1.6125,1.22,-0.7675,1.205,0.9925,3.7375,2.5675,3.6075,3.28,1.055,1.9925
2016-09-21,-1.17,-1.1225,-1.5725,-1.7,-1.6,1.23,-0.765,1.195,0.95,3.6525,2.6,3.51,3.205,1.0425,2.0025
2016-09-22,-1.0325,-1.0875,-1.4575,-1.675,-1.585,1.1875,-0.86,1.11,0.85,3.3875,2.6125,3.48,3.125,1.03,1.74
2016-09-23,-1.0675,-1.2475,-1.4425,-1.685,-1.6525,1.2675,-0.8625,1.095,0.85,3.365,2.575,3.4825,3.07,1.025,1.8375
2016-09-26,-1.0375,-1.3275,-1.52,-1.71,-1.6525,1.2725,-0.8775,1.055,0.835,3.18,2.5925,3.52,3.275,1.065,1.8325
2016-09-27,-1.0525,-1.3275,-1.655,-1.7325,-1.685,1.295,-0.87,1.05,0.82,2.925,2.615,3.4525,3.1175,1.025,1.8175
2016-09-28,-1.0875,-1.3275,-1.5925,-1.74,-1.6625,1.31,-0.84,1.0725,0.885,2.925,2.53,3.4175,3.18,1.04,1.8275
2016-09-29,-1.1875,-1.305,-1.49,-1.7675,-1.67,1.375,-0.7825,1.2175,0.945,2.9475,2.615,3.4975,3.225,1.395,1.8875
2016-09-30,-1.25,-1.335,-1.6475,-1.775,-1.7125,1.3825,-0.745,1.2025,1.02,2.9825,2.68,3.515,3.3,1.42,1.9325
2016-10-03,-1.2225,-1.3675,-1.6225,-1.81,-1.71,1.375,-0.83,1.2,0.9475,2.995,2.6875,3.48,3.2425,1.425,1.9425
2016-10-04,-1.23,-1.44,-1.285,-1.8325,-1.72,1.415,-0.785,1.2225,0.955,2.9775,2.68,3.475,3.2025,1.21,1.9425
2016-10-05,-1.1375,-1.44,-1.2475,-1.895,-1.805,1.4,-0.82,1.12,0.87,2.96,2.7025,3.54,3.26,1.4875,1.985
2016-10-06,-1.1325,-1.3175,-1.31,-1.905,-1.805,1.405,-0.82,1.1225,0.8575,3.0625,2.635,3.5075,3.25,1.495,1.9825
2016-10-07,-1.23,-1.63,-1.5075,-1.9125,-1.8425,1.4025,-0.745,1.2175,0.9275,3.055,2.52,3.4875,3.225,1.4875,1.9575
2016-10-10,-1.1625,-1.5575,-1.5,-1.925,-1.83,1.33,-0.8125,1.1725,0.875,3.06,2.5275,3.47,3.335,1.425,1.9825
2016-10-11,-1.2175,-2.03,-1.4225,-1.875,-1.7775,1.315,-0.79,1.2375,0.935,3.0125,2.5375,3.9525,3.395,1.38,1.9975
2016-10-12,-1.26,-2.0175,-1.4925,-1.88,-1.775,1.315,-0.7675,1.255,0.945,2.97,2.5775,3.8975,3.41,1.3775,2.0
2016-10-13,-1.18,-2.0725,-1.5825,-1.89,-1.7475,1.3125,-0.77,1.1775,0.935,2.88,2.5,3.955,3.28,1.38,2.0925
2016-10-14,-1.155,-2.0425,-1.5675,-1.8575,-1.7175,1.31,-0.7875,1.155,0.9075,2.9225,2.3875,3.75,3.14,1.3625,2.0725
2016-10-17,-1.135,-2.04,-1.5575,-1.81,-1.6975,1.32,-0.79,1.11,0.845,2.945,2.37,3.725,3.03,1.38,2.0675
2016-10-18,-1.0875,-1.99,-1.5325,-1.7425,-1.6475,1.2675,-0.74,1.09,0.83,3.005,2.3125,3.675,2.965,1.41,1.975
2016-10-19,-0.965,-1.935,-1.54,-1.6775,-1.5825,1.25,-0.77,0.9925,0.7875,3.165,2.34,3.675,2.895,1.32,1.9075
2016-10-20,-0.9325,-1.8775,-1.4725,-1.63,-1.5225,1.285,-0.785,0.9625,0.775,3.1325,2.32,3.635,2.82,1.31,1.8925
2016-10-21,-0.94,-1.8525,-1.4775,-1.6625,-1.59,1.335,-0.7825,0.9975,0.755,2.8475,2.31,3.6375,2.81,1.2,1.8775
2016-10-24,-0.9075,-1.8475,-1.45,-1.6625,-1.585,1.3025,-0.775,0.955,0.7625,2.825,2.3225,3.6325,2.785,1.285,1.9025
2016-10-25,-0.9075,-1.87,-1.31,-1.66,-1.585,1.3,-0.8025,0.9425,0.745,2.8325,2.3,3.6,2.735,1.285,1.8925
2016-10-26,-0.87,-1.8125,-1.26,-1.655,-1.5675,1.36,-0.8075,0.9275,0.695,3.175,2.295,3.59,2.645,1.2875,1.8875
2016-10-27,-0.8375,-1.7925,-1.26,-1.655,-1.5325,1.3525,-0.8525,0.8275,0.68,3.665,2.3725,3.6325,2.635,1.3025,1.8975
2016-10-28,-0.7,-1.76,-1.2275,-1.6875,-1.5775,1.325,-0.8625,0.7675,0.8375,4.1625,2.4875,3.575,2.635,1.3275,1.945
2016-10-31,-0.6325,-1.725,-1.2125,-1.6875,-1.5625,1.3225,-0.8675,0.76,0.79,4.3275,2.495,3.5175,2.63,1.315,1.9575
2016-11-01,-0.6525,-1.665,-1.435,-1.65,-1.5275,1.305,-0.9825,0.6125,0.715,5.0825,2.73,3.53,2.63,1.31,1.8925
2016-11-02,-0.36,-1.6325,-1.685,-1.675,-1.525,1.4275,-1.075,0.4625,0.5425,5.215,2.76,3.575,2.675,1.32,1.9875
2016-11-03,-0.325,-1.495,-1.7375,-1.69,-1.515,1.41,-1.145,0.4325,0.5425,4.725,2.69,3.59,2.68,1.325,2.0375
2016-11-04,-0.135,-1.3425,-1.795,-1.6975,-1.5675,1.445,-1.105,0.255,0.3475,4.895,2.695,3.6025,2.975,1.3225,1.98
2016-11-07,-0.2075,-1.38,-1.7125,-1.6975,-1.59,1.3175,-1.0475,0.38,0.5175,5.0425,2.695,3.57,3.0125,1.285,2.0175
2016-11-08,-0.1275,-1.3375,-1.83,-1.6975,-1.565,1.365,-1.045,0.3025,0.495,5.0525,2.795,3.6125,3.01,1.275,2.0025
2016-11-09,-0.585,-1.3275,-1.535,-1.775,-1.64,1.3025,-0.9025,0.8,0.8125,3.6375,2.815,3.7375,3.015,1.32,1.9425
2016-11-10,-0.725,-1.2675,-1.2925,-1.7175,-1.5775,1.29,-0.855,0.875,0.8,3.3075,2.925,3.7625,3.145,1.2075,2.015
2016-11-11,-0.8375,-1.25,-1.3725,-1.9,-1.85,1.32,-0.84,0.9875,0.8775,3.2275,3.1375,4.0675,3.4425,1.535,2.105
2016-11-14,-1.065,-1.24,-1.245,-1.965,-1.845,1.3125,-0.785,1.21,1.0625,2.93,3.15,4.03,4.0175,1.5575,2.235
2016-11-15,-1.0825,-1.235,-1.2725,-1.8175,-1.695,1.2725,-0.7725,1.265,1.105,2.935,3.1775,3.985,3.85,1.565,2.245
2016-11-16,-1.32,-1.2375,-1.3175,-1.77,-1.635,1.22,-0.795,1.375,1.17,2.575,3.105,3.945,3.95,1.61,2.135
2016-11-17,-1.4175,-1.235,-1.1925,-1.7575,-1.665,1.2175,-0.7225,1.595,1.3775,2.5775,3.0075,3.84,4.0,1.61,2.135
2016-11-18,-1.655,-1.2,-0.83,-1.7825,-1.6575,1.2175,-0.755,1.635,1.485,2.335,2.9875,3.8425,4.375,1.61,2.1925
2016-11-21,-1.41,-1.215,-0.7125,-1.7375,-1.6075,1.2,-0.8275,1.44,1.3175,2.2675,2.8625,3.85,4.1825,1.605,2.185
2016-11-22,-1.345,-1.155,-0.6,-1.715,-1.5825,1.175,-0.815,1.305,1.2475,2.2925,2.7325,3.7525,4.04,1.605,2.12
2016-11-23,-1.465,-1.1475,-0.4075,-1.6775,-1.55,1.17,-0.765,1.45,1.2975,2.4525,2.7225,3.565,4.34,1.59,2.105
2016-11-24,-1.595,-1.16,-0.2825,-1.74,-1.6175,1.16,-0.625,1.5625,1.5,2.43,2.7,3.4275,4.41,1.69,2.125
2016-11-25,-1.605,-1.1075,-0.3825,-1.7375,-1.645,1.0975,-0.59,1.5625,1.495,2.43,2.87,3.4525,4.47,1.685,2.0675
2016-11-28,-1.4825,-1.13,-0.4675,-1.75,-1.62,1.09,-0.61,1.43,1.3525,2.41,2.7775,3.265,4.4425,1.685,1.935
2016-11-29,-1.625,-1.125,-0.38,-1.7225,-1.5725,1.09,-0.5975,1.5725,1.3875,2.4175,2.745,3.28,4.0925,1.675,1.875
2016-11-30,-1.6625,-1.315,-0.41,-1.5675,-1.46,1.06,-0.5575,1.505,1.3375,2.31,2.7525,3.095,4.09,1.65,1.805
2016-12-01,-1.66,-1.2875,-0.5525,-1.585,-1.475,1.04,-0.56,1.43,1.3475,2.215,2.6825,3.05,4.335,1.575,1.7825
2016-12-02,-1.6725,-1.245,-0.57,-1.61,-1.5,1.04,-0.5525,1.3925,1.3075,2.195,2.745,3.0125,4.6525,1.555,1.805
2016-12-05,-1.46,-1.255,-0.53,-1.5925,-1.465,1.055,-0.655,1.265,1.2125,2.2225,2.7325,2.985,4.6525,1.56,1.795
2016-12-06,-1.4575,-1.2675,-0.665,-1.54,-1.395,0.9925,-0.64,1.4475,1.2775,2.03,2.72,2.93,4.2925,1.545,1.65
2016-12-07,-1.5075,-1.2875,-0.745,-1.5175,-1.3675,0.9675,-0.57,1.4075,1.285,2.035,2.68,2.925,4.175,1.53,1.615
2016-12-08,-1.5325,-1.275,-0.845,-1.4875,-1.3375,0.8925,-0.54,1.46,1.3275,2.035,2.6275,2.885,3.985,1.455,1.535
2016-12-09,-1.665,-1.2775,-0.8125,-1.4625,-1.3025,0.8875,-0.5425,1.5725,1.34,2.0625,2.615,2.7775,3.93,1.47,1.5825
2016-12-12,-1.58,-1.28,-0.945,-1.4075,-1.335,0.9125,-0.61,1.49,1.2725,2.04,2.5825,2.9375,3.95,1.445,1.6
2016-12-13,-1.54,-1.2725,-1.0125,-1.3625,-1.3,0.8675,-0.6425,1.44,1.24,1.99,2.5475,2.9325,3.885,1.45,1.605
2016-12-14,-1.545,-1.2975,-1.0875,-1.3425,-1.26,0.85,-0.5425,1.44,1.2825,1.9625,2.55,2.9475,3.9075,1.44,1.6
2016-12-15,-1.68,-1.3775,-0.8775,-1.4725,-1.3225,0.9125,-0.4275,1.5225,1.405,1.975,2.7,3.06,3.905,1.45,1.835
2016-12-16,-1.615,-1.3375,-0.8575,-1.4925,-1.335,0.9075,-0.41,1.4675,1.3075,1.99,2.6175,3.0575,3.8725,1.455,1.805
2016-12-19,-1.6075,-1.35,-0.8775,-1.585,-1.43,0.915,-0.4125,1.46,1.27,1.9875,2.6525,2.9975,3.85,1.445,1.8
2016-12-20,-1.455,-1.4125,-0.91,-1.5875,-1.445,0.87,-0.495,1.2025,1.18,1.9875,2.55,2.9175,3.8425,1.445,1.81
2016-12-21,-1.3575,-1.43,-0.9075,-1.575,-1.78,0.8425,-0.435,1.005,1.0525,1.9725,2.44,2.7,3.82,1.44,1.7675
2016-12-22,-1.305,-1.4325,-0.915,-1.63,-1.3925,0.9625,-0.4275,0.9475,1.03,1.925,2.4375,2.4825,3.7175,1.45,1.7725
2016-12-23,-1.36,-1.4025,-0.9225,-1.67,-1.425,0.95,-0.42,0.965,1.06,1.9175,2.43,2.475,3.7025,1.45,1.8075
2016-12-26,-1.33,-1.41,-0.9175,-1.665,-1.4425,0.9825,-0.42,0.92,1.0825,1.94,2.4375,2.445,3.69,1.44,1.87
2016-12-27,-1.21,-1.43,-0.925,-1.6625,-1.53,1.0125,-0.4375,0.91,1.1025,1.92,2.4625,2.44,3.69,1.4425,1.86
2016-12-28,-1.21,-1.4875,-0.93,-1.675,-1.535,1.0775,-0.4375,0.885,1.1325,1.925,2.4075,2.51,3.635,1.3375,1.7475
2016-12-29,-1.145,-1.4725,-1.0275,-1.6875,-1.5275,1.1275,-0.36,0.775,1.04,1.9075,2.3925,2.44,3.62,1.3275,1.8575
2016-12-30,-1.02,-1.4725,-1.0375,-1.6975,-1.5425,1.0825,-0.37,0.76,0.99,1.9,2.4025,2.455,3.5725,1.325,1.8475
2017-01-02,-1.0075,-1.47,-1.0325,-1.68,-1.5425,1.0975,-0.3925,0.7475,0.93,1.9075,2.3975,2.41,3.6125,1.31,1.8425
2017-01-03,-1.0,-1.47,-0.9675,-1.66,-1.54,1.11,-0.3475,0.7075,0.935,1.9025,2.415,2.4775,3.59,1.32,1.7925
2017-01-04,-0.87,-1.39,-0.89,-1.6325,-1.5475,1.03,-0.3925,0.6025,0.8525,2.32,2.3925,2.4025,3.4575,1.36,1.72
2017-01-05,-0.81,-1.3325,-0.9925,-1.5675,-1.505,1.02,-0.3925,0.58,0.835,2.245,2.3775,2.3725,3.4025,1.365,1.645
2017-01-06,-0.79,-1.3375,-0.9075,-1.5575,-1.4825,1.015,-0.42,0.54,0.8375,2.115,2.36,2.435,3.465,1.35,1.6225
2017-01-09,-0.885,-1.4925,-0.81,-1.495,-1.44,1.03,-0.3675,0.635,0.865,2.1225,2.3675,2.415,3.695,1.395,1.5525
2017-01-10,-0.85,-1.515,-0.885,-1.48,-1.42,1.025,-0.38,0.6125,0.845,2.2725,2.4525,2.4725,3.8725,1.4,1.4475
2017-01-11,-0.935,-1.4625,-0.9175,-1.435,-1.3675,1.11,-0.3325,0.6675,0.8825,2.255,2.55,2.4825,4.3075,1.405,1.45
2017-01-12,-0.91,-1.48,-0.98,-1.4175,-1.2825,1.0225,-0.3625,0.685,0.88,2.2825,2.52,2.4875,4.12,1.395,1.4325
2017-01-13,-0.945,-1.6125,-0.85,-1.415,-1.2625,1.05,-0.3525,0.74,0.9075,2.205,2.515,2.5075,4.07,1.38,1.3575
2017-01-16,-0.9925,-1.7775,-0.865,-1.4025,-1.26,1.0475,-0.3325,0.7775,0.9725,2.27,2.52,2.5075,3.765,1.37,1.3475
2017-01-17,-0.935,-1.5,-0.89,-1.3425,-1.2525,1.02,-0.3625,0.7825,0.885,2.2425,2.55,2.6675,3.75,1.365,1.3475
2017-01-18,-0.935,-1.4425,-0.7375,-1.2825,-1.1925,1.055,-0.3675,0.76,0.895,2.275,2.54,2.66,3.7525,1.365,1.295
2017-01-19,-1.015,-1.4325,-0.56,-1.3175,-1.2425,1.16,-0.345,0.83,0.945,2.1625,2.55,2.725,3.76,1.37,1.32
2017-01-20,-1.005,-1.41,-0.5075,-1.3575,-1.215,1.1625,-0.33,0.815,0.94,2.08,2.535,2.7475,3.7175,1.375,1.32
2017-01-23,-1.01,-1.3825,-0.61,-1.3375,-1.1825,1.1175,-0.33,0.8175,0.945,2.055,2.525,2.84,3.7,1.365,1.305
2017-01-24,-1.0,-1.375,-0.535,-1.3025,-1.1575,1.1375,-0.3375,0.79,0.925,1.98,2.525,2.755,3.6825,1.335,1.305
2017-01-25,-0.995,-1.4025,-0.4825,-1.2925,-1.21,1.07,-0.3375,0.825,0.9225,1.96,2.4925,2.8375,3.6775,1.305,1.31
2017-01-26,-1.0575,-1.375,-0.36,-1.265,-1.1575,1.1,-0.285,0.89,0.96,1.7025,2.495,2.87,3.855,1.3,1.255
2017-01-27,-1.2125,-1.4075,-0.3375,-1.27,-1.1625,1.145,-0.1325,1.05,1.0675,1.69,2.4725,3.1275,3.9075,1.29,1.3475
2017-01-30,-1.385,-1.48,-0.475,-1.27,-1.1675,1.155,-0.2375,1.15,1.2,1.5875,2.49,3.225,3.8325,1.195,1.3325
2017-01-31,-1.1675,-1.45,-0.675,-1.235,-1.145,1.13,-0.5325,0.905,1.06,1.58,2.5975,3.255,3.51,1.17,1.2725
2017-02-01,-1.14,-1.3225,-0.665,-1.2475,-1.1575,1.07,-0.555,0.9275,1.0525,1.6025,2.645,3.145,3.23,1.13,1.235
2017-02-02,-1.125,-1.32,-0.7475,-1.2225,-1.145,1.01,-0.5525,0.9225,1.0325,1.6675,2.6375,3.125,3.0325,1.115,1.185
2017-02-03,-1.095,-1.335,-0.735,-1.185,-1.1225,1.0025,-0.5575,0.88,1.06,1.825,2.625,3.2325,3.035,1.085,1.2275
2017-02-06,-1.1525,-1.3075,-0.735,-1.1675,-1.1075,1.01,-0.5275,0.985,1.0625,1.8675,2.59,3.11,3.0275,1.085,1.2275
2017-02-07,-1.375,-1.3125,-0.7375,-1.215,-1.115,1.0025,-0.545,1.165,1.1875,2.005,2.62,3.1525,3.0475,1.085,1.27
2017-02-08,-2.205,-1.3925,-1.0475,-1.2425,-1.13,1.015,-0.7325,1.755,1.495,2.0425,2.6,3.2175,3.1675,1.1,1.25
2017-02-09,-2.265,-1.3725,-0.98,-1.24,-1.1375,1.0325,-0.71,1.815,1.5825,2.08,2.62,3.2025,3.2575,1.1,1.265
2017-02-10,-2.345,-1.3775,-0.97,-1.2,-1.1075,1.0625,-0.6525,1.81,1.535,2.085,2.62,3.2975,3.3,1.085,1.315
2017-02-13,-2.455,-1.3775,-0.8825,-1.2125,-1.115,1.03,-0.63,1.865,1.5425,2.0875,2.61,3.215,3.285,1.11,1.2975
2017-02-14,-2.46,-1.3475,-0.88,-1.175,-1.1075,1.03,-0.6375,1.84,1.545,2.1,2.5725,3.175,3.275,1.04,1.2775
2017-02-15,-2.3575,-1.3025,-0.855,-1.25,-1.195,1.0225,-0.68,1.79,1.5625,2.0825,2.565,3.15,3.27,1.0275,1.21
2017-02-16,-2.36,-1.2675,-0.93,-1.21,-1.1875,0.94,-0.69,1.78,1.575,2.1,2.54,3.1425,3.29,1.015,1.195
2017-02-17,-2.38,-1.2675,-1.1375,-1.2425,-1.1975,0.945,-0.65,1.845,1.5425,2.125,2.56,3.2125,3.2925,1.0,1.2325
2017-02-20,-2.535,-1.2375,-1.32,-1.255,-1.175,0.9375,-0.64,2.0725,1.7,2.2275,2.535,3.2175,3.3725,1.02,1.2225
2017-02-21,-2.83,-1.2375,-1.4725,-1.28,-1.1825,0.9275,-0.6175,2.17,1.7825,2.1475,2.485,3.2325,3.395,1.03,1.2425
2017-02-22,-2.97,-1.2375,-1.5925,-1.3875,-1.245,0.9475,-0.585,2.295,2.0425,2.1775,2.4775,3.1675,3.47,1.025,1.3175
2017-02-23,-2.88,-1.19,-1.5925,-1.3775,-1.255,0.94,-0.7625,2.215,1.94,2.105,2.4825,3.195,3.49,1.025,1.36
2017-02-24,-2.9,-1.18,-1.68,-1.425,-1.29,0.935,-0.6575,2.155,1.8475,2.19,2.485,3.2075,3.575,1.03,1.3775
2017-02-27,-2.86,-1.1725,-1.9175,-1.4375,-1.33,0.9275,-0.615,2.325,2.0975,2.195,2.4775,3.2625,3.59,1.01,1.4275
2017-02-28,-2.91,-1.1675,-1.9325,-1.435,-1.35,0.96,-0.735,2.155,2.115,2.245,2.5075,3.3525,3.6725,1.01,1.43
2017-03-01,-2.785,-1.0925,-1.73,-1.4575,-1.365,0.9625,-0.79,2.1,1.87,2.2575,2.4975,3.36,3.74,1.02,1.4475
2017-03-02,-2.72,-1.06,-1.7425,-1.5325,-1.42,0.9725,-0.805,2.065,1.965,2.26,2.5425,3.41,3.805,1.02,1.4425
2017-03-03,-2.33,-1.0725,-1.745,-1.655,-1.4925,0.9225,-0.9525,1.74,1.7225,2.0675,2.505,3.4125,3.915,1.02,1.475
2017-03-06,-2.215,-0.9275,-1.7,-1.635,-1.5325,0.8825,-0.77,1.5325,1.525,1.9475,2.535,3.4275,3.92,1.025,1.475
2017-03-07,-2.195,-0.965,-1.74,-1.5925,-1.45,0.8575,-0.7025,1.57,1.5525,1.9925,2.545,3.305,3.745,1.03,1.4475
2017-03-08,-2.0725,-0.9675,-1.6725,-1.58,-1.4325,0.92,-0.7325,1.6075,1.4975,2.0225,2.535,3.2975,3.67,1.07,1.4825
2017-03-09,-2.065,-0.9375,-1.6375,-1.59,-1.4575,0.94,-0.69,1.6025,1.47,2.055,2.57,3.3425,3.67,1.0775,1.535
2017-03-10,-1.9325,-0.9125,-1.6,-1.625,-1.4925,0.9375,-0.7,1.335,1.3175,2.0475,2.545,3.2925,3.64,1.055,1.5
2017-03-13,-1.6975,-0.9175,-1.57,-1.6,-1.46,0.8825,-0.74,1.255,1.215,1.985,2.52,3.3675,3.6725,1.08,1.465
2017-03-14,-1.7425,-0.9525,-1.63,-1.5825,-1.4425,0.8425,-0.615,1.3,1.2175,1.8925,2.48,3.36,3.6725,1.065,1.47
2017-03-15,-1.645,-0.9525,-1.665,-1.51,-1.3925,0.7675,-0.645,1.2325,1.1825,1.9175,2.47,3.3425,3.62,0.79,1.4675
2017-03-16,-1.745,-0.93,-1.4675,-1.37,-1.3275,0.7225,-0.6025,1.165,1.1775,1.6875,2.445,3.2975,3.475,0.8,1.4175
2017-03-17,-1.74,-0.9275,-1.4625,-1.345,-1.295,0.7175,-0.5825,1.165,1.17,1.58,2.4475,3.055,3.21,0.665,1.2825
2017-03-20,-1.4425,-0.9175,-1.5025,-1.3275,-1.2225,0.7625,-0.6025,1.17,1.1875,1.5475,2.4625,2.855,3.1675,0.63,1.2325
2017-03-21,-1.3825,-0.88,-1.5375,-1.325,-1.21,0.7425,-0.6675,1.035,1.11,1.65,2.4,2.8725,3.125,0.65,1.1875
2017-03-22,-1.3775,-0.8475,-1.7475,-1.4425,-1.27,0.7525,-0.6075,1.085,1.1275,1.8,2.41,2.84,3.085,0.65,1.2775
2017-03-23,-1.3175,-0.845,-1.7575,-1.6075,-1.4225,0.7275,-0.5975,1.09,1.1175,1.785,2.695,2.785,3.0175,0.635,1.2825
2017-03-24,-1.2075,-0.84,-1.68,-1.5575,-1.3575,0.7375,-0.6725,0.995,1.02,1.8025,2.615,2.8375,3.0,0.66,1.255
2017-03-27,-1.2025,-0.7975,-1.6525,-1.5,-1.3875,0.73,-0.61,1.0075,1.0175,1.8475,2.6175,3.05,3.005,0.665,1.28
2017-03-28,-1.28,-0.8175,-1.5025,-1.4525,-1.3025,0.6925,-0.5525,1.08,1.1275,1.81,2.445,4.05,3.01,0.735,1.2625
2017-03-29,-1.2475,-0.8575,-1.3275,-1.42,-1.2825,0.6825,-0.5775,1.1025,1.1125,1.67,2.4475,4.0325,3.095,0.695,1.255
2017-03-30,-1.2975,-0.86,-1.155,-1.3925,-1.26,0.6175,-0.6075,1.105,1.075,1.6475,2.425,3.725,3.105,0.735,1.365
2017-03-31,-1.31,-0.8125,-1.1875,-1.38,-1.2325,0.6375,-0.58,1.095,1.015,1.5775,2.435,4.225,3.11,0.72,1.3525
2017-04-03,-1.37,-0.815,-1.0125,-1.3625,-1.205,0.61,-0.62,1.09,1.07,1.5725,2.455,4.345,3.1325,0.63,1.34
2017-04-04,-1.35,-0.8,-1.0725,-1.375,-1.2325,0.5975,-0.6375,1.0675,1.0625,1.5975,2.445,4.07,3.1225,0.62,1.36
2017-04-05,-1.4325,-0.7925,-1.0375,-1.3625,-1.22,0.6175,-0.565,1.1675,1.135,1.6875,2.505,3.465,3.1275,0.705,1.47
2017-04-06,-1.615,-0.79,-1.05,-1.42,-1.305,0.6025,-0.55,1.295,1.075,1.6575,2.56,3.455,3.1575,0.7,1.68
2017-04-07,-1.765,-0.795,-1.1075,-1.4975,-1.345,0.61,-0.4775,1.38,1.16,1.6925,2.5475,3.42,3.16,0.755,1.8275
2017-04-10,-1.8175,-0.805,-1.0725,-1.4875,-1.3375,0.6375,-0.4325,1.375,1.15,1.7525,2.57,3.34,3.14,0.665,2.11
2017-04-11,-1.875,-0.795,-1.1975,-1.4275,-1.2825,0.635,-0.45,1.425,1.1825,1.91,2.625,3.32,3.1275,0.665,2.1925
2017-04-12,-1.9975,-0.795,-1.3475,-1.4375,-1.2625,0.65,-0.51,1.65,1.365,1.995,2.5,3.2175,3.105,0.67,2.2425
2017-04-13,-2.15,-0.7925,-1.3575,-1.305,-1.1575,0.6525,-0.535,1.68,1.4225,2.0,2.485,3.12,3.0875,0.665,2.235
2017-04-14,-2.1475,-0.7925,-1.4025,-1.31,-1.18,0.6675,-0.5675,1.7575,1.48,1.9825,2.455,3.11,3.155,0.685,2.2925
2017-04-17,-2.17,-0.7925,-1.425,-1.2875,-1.13,0.7275,-0.615,1.7325,1.39,1.98,2.45,3.095,2.87,0.67,2.7925
2017-04-18,-2.1475,-0.8275,-1.3725,-1.2875,-1.1525,0.7275,-0.68,1.63,1.37,1.9775,2.4,3.06,2.815,0.695,3.12
2017-04-19,-2.08,-0.7975,-1.3025,-1.315,-1.205,0.7875,-0.685,1.58,1.2725,2.0575,2.4875,3.0525,2.7575,0.7,3.1125
2017-04-20,-2.07,-0.795,-1.235,-1.32,-1.2175,0.7775,-0.68,1.565,1.3225,2.07,2.43,3.0325,2.705,0.69,2.7275
2017-04-21,-2.185,-0.7975,-1.3275,-1.325,-1.2125,0.7475,-0.615,1.555,1.3225,2.045,2.43,3.0,2.69,0.685,2.665
2017-04-24,-1.0025,-0.7725,-0.8725,-1.2,-1.06,0.72,-0.62,0.68,0.8425,1.8175,2.3575,2.5475,2.515,0.675,2.4675
2017-04-25,-0.7425,-0.7175,-0.795,-1.1925,-1.0825,0.795,-0.63,0.475,0.67,2.0725,2.42,2.4925,2.4575,0.665,2.5325
2017-04-26,-0.6875,-0.715,-0.73,-1.2175,-1.08,0.825,-0.57,0.44,0.52,2.2825,2.48,2.655,2.535,0.57,2.495
2017-04-27,-0.6875,-0.685,-0.7425,-1.195,-1.0375,0.8575,-0.54,0.43,0.5425,2.2825,2.41,2.6525,2.5375,0.565,2.59
2017-04-28,-0.6225,-0.66,-0.79,-1.2,-1.0275,0.8625,-0.5125,0.505,0.5525,2.2,2.39,2.6825,2.485,0.6,2.6625
2017-05-01,-0.635,-0.6325,-0.7775,-1.195,-1.035,0.8525,-0.5475,0.495,0.5625,1.8675,2.32,2.66,2.53,0.605,2.6925
2017-05-02,-0.6525,-0.6225,-0.84,-1.18,-1.01,0.8225,-0.525,0.535,0.6075,1.8575,2.3,2.73,2.4875,0.615,2.7
2017-05-03,-0.645,-0.6175,-0.8475,-1.205,-1.01,0.8,-0.49,0.525,0.5875,1.8925,2.29,2.7325,2.5,0.605,2.6225
2017-05-04,-0.6125,-0.6125,-0.8025,-1.225,-1.055,0.7875,-0.5725,0.505,0.5825,2.1075,2.39,2.75,2.53,0.6425,2.6075
2017-05-05,-0.575,-0.6175,-0.81,-1.27,-1.0775,0.755,-0.525,0.435,0.575,2.0475,2.3375,2.815,2.54,0.6875,2.6975
2017-05-08,-0.2525,-0.555,-0.67,-1.16,-1.02,0.74,-0.51,0.425,0.4225,2.0125,2.325,2.7375,2.54,0.685,2.5175
2017-05-09,-0.24,-0.5475,-0.4825,-1.1775,-1.0425,0.71,-0.56,0.3625,0.4625,1.99,2.3275,2.7375,2.6875,0.715,2.5425
2017-05-10,-0.225,-0.5475,-0.62,-1.15,-1.0325,0.6825,-0.505,0.385,0.4075,1.8725,2.3325,2.7175,2.695,0.73,2.46
2017-05-11,-0.2425,-0.5125,-0.66,-1.125,-0.99,0.6775,-0.495,0.39,0.43,1.7725,2.305,2.6425,2.655,0.7225,2.3575
2017-05-12,-0.2375,-0.45,-0.6925,-1.095,-0.9525,0.66,-0.465,0.4225,0.53,1.75,2.2125,2.6175,2.65,0.7125,2.2325
2017-05-15,-0.1825,-0.4025,-0.745,-1.045,-0.905,0.59,-0.51,0.3625,0.465,1.7275,2.225,2.5725,2.625,0.7025,2.0425
2017-05-16,-0.1475,-0.4,-0.7675,-0.9425,-0.7875,0.5725,-0.495,0.185,0.4,1.7475,2.22,2.5775,2.6075,0.6875,2.0375
2017-05-17,-0.015,-0.3875,-1.11,-0.945,-0.835,0.58,-0.5925,0.085,0.27,1.8975,2.35,2.6375,2.7925,0.705,2.03
2017-05-18,0.0325,-0.3475,-1.695,-1.075,-0.975,0.5775,-0.6325,0.055,0.245,2.1,4.565,3.015,3.0225,0.7325,2.18
2017-05-19,0.07,-0.2625,-1.54,-1.005,-0.9,0.54,-0.6625,-0.02,0.195,2.0275,3.91,2.9225,3.0575,0.9525,2.33
2017-05-22,0.0725,-0.27,-1.38,-0.97,-0.8875,0.5575,-0.6725,0.02,0.1725,1.91,3.9275,2.9575,3.0575,1.1625,2.325
2017-05-23,0.0175,-0.27,-1.3925,-0.91,-0.8225,0.555,-0.6275,0.045,0.1625,2.015,3.405,2.87,3.0325,1.17,2.25
2017-05-24,-0.085,-0.285,-1.3525,-0.95,-0.83,0.5475,-0.6,0.2,0.2775,2.0175,3.4375,2.8675,3.0225,1.3025,2.4525
2017-05-25,-0.11,-0.29,-1.335,-0.91,-0.82,0.565,-0.57,0.245,0.3275,2.07,3.3575,2.86,3.0225,1.265,2.4675
2017-05-26,-0.135,-0.5025,-1.4725,-0.915,-0.84,0.585,-0.61,0.2625,0.38,2.19,3.12,2.7525,3.0225,1.22,2.385
2017-05-29,-0.175,-0.595,-1.5125,-0.895,-0.7975,0.565,-0.6075,0.3025,0.3075,2.205,3.075,2.745,3.0175,1.1925,2.405
2017-05-30,-0.37,-0.5975,-1.4975,-0.89,-0.7825,0.5425,-0.5425,0.42,0.4825,2.37,3.12,2.7475,3.03,1.325,2.4
2017-05-31,-0.24,-0.7975,-1.4325,-0.8725,-0.8,0.53,-0.65,0.26,0.365,2.3275,3.01,2.9175,2.91,1.3025,2.435
2017-06-01,-0.2225,-0.9625,-1.39,-0.96,-0.82,0.525,-0.62,0.27,0.3625,2.325,3.0875,2.935,2.78,1.175,2.3875
2017-06-02,-0.1925,-1.0475,-1.4175,-0.94,-0.82,0.52,-0.6425,0.2575,0.38,2.3225,3.14,2.8875,2.775,1.1525,2.36
2017-06-05,-0.1825,-1.0775,-1.39,-0.95,-0.8325,0.52,-0.64,0.255,0.355,1.9375,3.12,2.875,2.7625,1.08,2.1675
2017-06-06,-0.1875,-1.13,-1.4375,-0.965,-0.875,0.5025,-0.64,0.235,0.3425,1.7625,3.1475,2.855,2.7525,1.0625,2.0175
2017-06-07,-0.205,-1.11,-1.4375,-0.945,-0.8375,0.5,-0.62,0.22,0.3275,1.77,3.0325,2.86,2.745,1.0675,2.0275
2017-06-08,-0.2175,-1.005,-1.3575,-0.9275,-0.86,0.48,-0.565,0.25,0.3575,1.7575,3.135,2.8875,2.76,1.0675,2.0575
2017-06-09,-0.1925,-1.12,-1.2625,-0.9175,-0.8375,0.4975,-0.635,0.2125,0.3575,1.8125,3.1225,2.935,2.735,1.0625,2.0
2017-06-12,-0.1525,-1.0825,-1.24,-0.8825,-0.7775,0.4575,-0.6525,0.23,0.3375,1.7825,3.0775,2.885,2.745,1.0325,2.0725
2017-06-13,-0.1375,-0.9825,-1.12,-0.84,-0.775,0.3725,-0.6575,0.21,0.3325,1.7675,3.08,2.87,2.725,1.0975,2.0775
2017-06-14,-0.035,-0.93,-1.12,-0.85,-0.785,0.4175,-0.6975,0.11,0.2275,1.73,2.86,2.865,2.735,1.1,2.0775
2017-06-15,-0.065,-0.8825,-0.965,-0.7775,-0.71,0.4025,-0.6875,0.2025,0.31,1.795,2.905,2.8975,2.725,1.085,2.0225
2017-06-16,-0.085,-0.84,-0.8825,-0.77,-0.72,0.34,-0.685,0.205,0.3,1.73,2.89,2.89,2.725,1.245,2.0675
2017-06-19,-0.075,-0.815,-0.885,-0.7575,-0.715,0.4,-0.685,0.205,0.2925,1.68,2.8525,3.0275,2.725,1.215,2.0125
2017-06-20,-0.0475,-0.9225,-0.8875,-0.7775,-0.725,0.3375,-0.6875,0.21,0.295,1.745,2.95,3.025,2.75,1.2575,1.93
2017-06-21,-0.06,-0.95,-0.9525,-0.815,-0.7575,0.36,-0.685,0.2325,0.3,1.72,2.8675,3.0675,2.745,1.2325,1.905
2017-06-22,-0.0525,-0.945,-1.0825,-0.9525,-0.8475,0.3975,-0.6675,0.205,0.235,1.65,2.845,3.03,2.8125,1.25,1.9
2017-06-23,-0.0625,-0.9375,-1.0525,-0.9375,-0.8725,0.365,-0.6775,0.215,0.275,1.6275,2.7925,3.0725,2.81,1.2325,1.8325
2017-06-26,-0.0275,-0.8575,-1.0125,-0.935,-0.8425,0.365,-0.69,0.1975,0.27,1.63,2.815,3.0925,2.925,1.195,1.8075
2017-06-27,0.075,-0.825,-0.915,-0.9325,-0.8475,0.3625,-0.685,0.085,0.2,1.64,2.8975,3.075,2.8375,1.1475,1.8125
2017-06-28,0.195,-0.7775,-1.0225,-0.945,-0.8075,0.325,-0.7225,-0.0425,0.0925,1.6825,2.8175,3.0675,2.94,1.105,1.8075
2017-06-29,0.1675,-0.5675,-0.96,-0.8175,-0.7125,0.325,-0.6425,0.0075,0.015,1.7525,2.94,3.195,2.9825,1.17,1.7175
2017-06-30,0.08,-0.545,-1.065,-0.825,-0.7125,0.3475,-0.605,0.13,0.09,1.7625,2.8975,3.1925,3.1,1.25,1.8225
2017-07-03,0.0025,-0.5275,-1.075,-0.8475,-0.7375,0.3325,-0.6475,0.17,0.14,1.7725,2.8625,3.185,3.12,1.26,1.815
2017-07-04,-0.005,-0.5625,-1.15,-0.8825,-0.8375,0.3425,-0.6725,0.205,0.11,1.785,2.9075,3.2375,3.175,1.375,2.0125
2017-07-05,-0.0375,-0.5925,-1.17,-0.975,-0.8625,0.415,-0.665,0.145,0.1425,1.9225,2.975,3.4275,3.4375,1.4025,2.165
2017-07-06,-0.0425,-0.6,-1.1775,-0.99,-0.8525,0.4325,-0.67,0.13,0.14,1.9125,2.99,3.51,3.4875,1.39,2.36
2017-07-07,0.0375,-0.6425,-1.165,-0.9675,-0.9125,0.415,-0.685,0.06,0.085,1.9275,2.99,3.51,3.3775,1.425,2.4
2017-07-10,0.02,-0.6175,-1.135,-0.97,-0.9075,0.4175,-0.6875,0.095,0.11,1.87,2.935,3.5575,3.225,1.39,2.3725
2017-07-11,0.0175,-0.615,-1.2125,-0.9575,-0.8975,0.4525,-0.7,0.07,0.0925,1.9075,2.935,3.62,3.135,1.245,2.2575
2017-07-12,0.0175,-0.63,-1.335,-0.95,-0.9125,0.4125,-0.67,0.115,0.095,1.9225,2.95,3.7525,3.1175,1.21,2.16
2017-07-13,-0.0325,-0.625,-1.315,-0.815,-0.8125,0.41,-0.645,0.145,0.14,2.02,2.905,3.6725,3.0425,1.205,2.0775
2017-07-14,-0.0375,-0.625,-1.33,-0.7175,-0.7275,0.3925,-0.6775,0.115,0.11,2.0025,2.88,3.705,3.06,1.185,1.9975
2017-07-17,-0.0475,-0.6375,-1.31,-0.655,-0.7275,0.3925,-0.6525,0.155,0.135,2.0325,2.78,3.4825,2.9425,1.11,1.965
2017-07-18,0.0425,-0.64,-1.375,-0.56,-0.6325,0.3425,-0.7225,0.06,0.03,2.0275,2.595,3.3825,2.96,1.075,1.805
2017-07-19,0.0675,-0.6125,-1.395,-0.5825,-0.615,0.3125,-0.7175,0.1,0.105,2.0325,2.5975,3.4025,2.9525,1.055,1.8725
2017-07-20,0.155,-0.6225,-1.385,-0.6275,-0.6775,0.2825,-0.7625,-0.075,0.02,2.0175,2.61,3.4525,2.92,1.065,1.82
2017-07-21,0.2475,-0.62,-1.44,-0.6975,-0.75,0.2775,-0.8225,-0.11,0.065,2.0175,2.555,3.43,2.9225,1.06,1.85
2017-07-24,0.255,-0.6075,-1.4225,-0.7125,-0.75,0.275,-0.76,-0.04,0.045,2.0425,2.535,3.4075,2.91,1.045,1.5225
2017-07-25,0.29,-0.61,-1.355,-0.6925,-0.71,0.255,-0.7975,-0.125,0.03,2.11,2.595,3.395,2.8725,1.035,1.4875
2017-07-26,0.2775,-0.5775,-1.2125,-0.685,-0.6625,0.255,-0.7275,-0.035,0.0375,1.91,2.735,3.46,2.865,0.975,1.64
2017-07-27,0.3075,-0.5475,-1.1975,-0.5125,-0.5575,0.26,-0.5825,-0.035,0.025,2.0175,2.795,3.3625,2.715,0.93,1.535
2017-07-28,0.2975,-0.5375,-1.2375,-0.56,-0.615,0.245,-0.2575,-0.065,0.025,1.945,2.775,3.25,2.69,0.9575,1.5675
2017-07-31,0.3,-0.5175,-1.285,-0.57,-0.585,0.265,-0.145,-0.065,-0.01,1.8775,2.7525,3.1675,2.71,0.95,1.7525
2017-08-01,0.3025,-0.5075,-1.315,-0.565,-0.585,0.265,-0.095,-0.055,-0.0075,1.8925,2.7425,3.06,2.715,1.025,1.765
2017-08-02,0.345,-0.4575,-1.265,-0.575,-0.6,0.33,-0.1175,-0.13,-0.05,1.91,2.7275,3.075,2.66,0.965,1.8925
2017-08-03,0.3425,-0.45,-1.3,-0.6675,-0.665,0.365,-0.15,-0.0925,-0.025,1.89,2.755,3.09,2.7,0.8875,2.01
2017-08-04,0.3275,-0.445,-1.1925,-0.6675,-0.675,0.425,-0.14,-0.0275,-0.025,1.8925,2.74,3.045,2.63,0.8775,2.01
2017-08-07,0.2575,-0.48,-1.1,-0.655,-0.675,0.4275,-0.155,0.0075,-0.035,1.8475,2.805,3.0925,2.61,0.9025,1.9775
2017-08-08,0.2775,-0.5125,-1.0925,-0.67,-0.6675,0.4425,-0.205,-0.055,-0.0925,1.77,2.86,2.8075,2.6,0.8875,1.9675
2017-08-09,0.0475,-0.575,-1.375,-0.89,-0.8,0.4525,-0.265,0.1775,0.07,1.9525,2.98,3.0,2.6825,0.9975,2.4
2017-08-10,-0.0025,-0.6025,-1.61,-1.045,-0.9525,0.4675,-0.2925,0.1725,0.0875,2.07,2.96,3.025,2.765,1.04,2.88
2017-08-11,0.005,-0.6175,-1.675,-1.225,-1.065,0.5,-0.3575,0.125,0.0525,2.0825,2.9325,3.185,2.8725,1.1575,3.4875
2017-08-14,0.0325,-0.6175,-1.4325,-1.085,-0.9475,0.4925,-0.405,0.1675,0.01,2.1175,2.99,3.1975,2.9875,1.305,3.43
2017-08-15,0.05,-0.655,-1.2825,-1.045,-0.9075,0.49,-0.365,0.1675,0.02,1.97,3.0025,3.135,2.93,1.26,3.085
2017-08-16,0.0475,-0.6625,-1.1825,-0.99,-0.8475,0.4925,-0.3875,0.19,0.025,1.825,2.9375,3.145,2.93,1.2775,3.1875
2017-08-17,0.0475,-0.645,-1.2775,-0.94,-0.7975,0.465,-0.43,0.165,0.015,1.9525,2.915,2.9275,2.9825,1.28,3.05
2017-08-18,0.035,-0.6225,-1.4425,-0.945,-0.81,0.4675,-0.42,0.16,0.005,1.905,2.92,2.9275,2.965,1.275,3.105
2017-08-21,0.0375,-0.675,-1.47,-0.9175,-0.8175,0.4925,-0.525,0.14,0.04,1.795,2.98,2.9625,2.915,1.27,2.8475
2017-08-22,0.0675,-0.69,-1.3425,-0.9225,-0.8625,0.48,-0.57,0.1075,0.0125,1.815,2.965,2.9125,2.785,1.27,2.8
2017-08-23,0.105,-0.705,-1.3075,-0.9075,-0.905,0.4675,-0.55,0.0725,-0.015,1.83,2.8775,2.9525,2.8025,1.245,2.65
2017-08-24,0.17,-0.74,-1.295,-0.9075,-1.0275,0.47,-0.5575,0.0575,-0.015,1.83,2.945,2.9775,2.81,1.12,2.525
2017-08-25,0.185,-0.7275,-1.22,-0.875,-0.98,0.465,-0.575,0.03,-0.0225,1.8175,2.905,2.9825,2.7625,1.115,2.515
2017-08-28,0.2025,-0.725,-1.195,-0.9025,-1.0025,0.4625,-0.5725,0.01,-0.025,1.86,2.915,2.925,2.6925,1.095,2.4
2017-08-29,0.2625,-0.6775,-1.3225,-0.9125,-0.96,0.4775,-0.575,0.02,-0.045,1.885,2.99,2.9325,2.7175,1.08,2.81
2017-08-30,0.2325,-0.65,-1.1475,-0.895,-0.86,0.4825,-0.505,0.0675,-0.0025,1.86,2.945,3.0275,2.7025,1.05,2.835
2017-08-31,0.2425,-0.67,-1.2,-0.9025,-1.0325,0.4725,-0.545,0.0125,-0.055,1.8675,2.9325,3.0775,2.8,1.055,2.905
2017-09-01,0.245,-0.655,-1.1725,-0.8975,-1.0575,0.4125,-0.52,0.0025,-0.0425,1.83,2.845,3.0675,2.7975,1.095,2.905
2017-09-04,0.2425,-0.655,-1.3375,-0.905,-1.0475,0.41,-0.57,0.0275,-0.0375,1.805,2.8525,3.09,2.7625,1.12,3.2
2017-09-05,0.2925,-0.6375,-1.3725,-0.89,-1.0075,0.3875,-0.69,-0.0475,-0.1175,1.8025,2.81,3.0925,2.7675,1.1,3.335
2017-09-06,0.3,-0.675,-1.4125,-0.845,-0.9325,0.3075,-0.7375,-0.0475,-0.0925,1.7975,2.825,3.0775,2.9325,1.1525,4.07
2017-09-07,0.325,-0.65,-1.4825,-0.845,-0.94,0.24,-0.6875,-0.0225,-0.0725,1.78,2.8375,3.0925,2.92,1.17,3.9775
2017-09-08,0.37,-0.5575,-1.6325,-0.725,-0.885,0.215,-0.8725,-0.0925,-0.1625,1.755,2.71,3.0875,2.905,1.085,3.985
2017-09-11,0.345,-0.49,-1.3525,-0.72,-0.8575,0.2175,-0.835,-0.03,-0.0825,1.7175,2.6925,3.0575,2.8275,1.0075,4.1075
2017-09-12,0.3375,-0.4525,-1.165,-0.7275,-0.87,0.215,-0.8325,-0.03,-0.0775,1.69,2.705,3.0625,2.9425,0.9775,4.09
2017-09-13,0.3325,-0.3025,-1.1275,-0.745,-0.8625,0.235,-0.8375,-0.02,-0.0775,1.735,2.72,3.1975,2.9075,1.0025,4.025
2017-09-14,0.2825,-0.205,-1.1,-0.735,-0.8625,0.25,-0.84,-0.02,-0.0625,1.725,2.725,3.2575,3.0775,1.005,4.205
2017-09-15,0.2875,-0.115,-1.09,-0.75,-0.8525,0.255,-0.865,0.0075,-0.0225,1.7,2.7225,3.1925,2.9275,1.01,4.07
2017-09-18,0.2725,-0.1275,-1.075,-0.7375,-0.825,0.245,-0.895,0.015,-0.0225,1.665,2.735,3.2275,3.0,1.01,4.03
2017-09-19,0.275,-0.1675,-0.995,-0.7375,-0.8475,0.255,-0.8525,-0.005,-0.0275,1.725,2.7225,3.305,3.1625,1.015,3.585
2017-09-20,0.3125,-0.175,-0.985,-0.7425,-0.7725,0.255,-0.84,0.015,-0.02,1.7175,2.725,3.325,3.1175,1.085,3.38
2017-09-21,0.325,-0.19,-0.925,-0.73,-0.7975,0.245,-0.8375,-0.035,-0.06,1.7375,2.67,3.315,3.0675,1.22,3.3975
2017-09-22,0.3425,-0.18,-1.0625,-0.745,-0.85,0.24,-0.8425,-0.05,-0.0725,1.7125,2.7125,3.285,3.055,1.3725,3.605
2017-09-25,0.295,-0.195,-1.0575,-0.7675,-0.835,0.2325,-0.8275,-0.025,-0.035,1.7225,2.67,3.32,3.045,1.3525,3.575
2017-09-26,0.285,-0.1975,-1.1275,-0.7675,-0.82,0.2425,-0.7675,0.045,0.035,1.785,2.7,3.325,3.0125,1.4125,3.99
2017-09-27,0.285,-0.2175,-1.195,-0.7575,-0.8275,0.2325,-0.8175,0.025,0.0125,1.895,2.7275,3.36,3.02,1.485,4.1075
2017-09-28,0.305,-0.215,-1.3725,-0.7575,-0.8225,0.2425,-0.825,0.01,-0.0075,1.76,2.605,3.345,3.08,1.4875,4.12
2017-09-29,0.295,-0.23,-1.44,-0.7475,-0.7875,0.2375,-0.8375,0.0125,-0.0075,1.665,2.66,3.23,3.0975,1.4925,4.055
2017-10-02,0.3025,-0.2325,-1.44,-0.7425,-0.8,0.2275,-0.8275,0.01,0.005,1.505,2.61,3.24,2.975,1.4875,4.0075
2017-10-03,0.2925,-0.265,-1.42,-0.7475,-0.79,0.2,-0.8375,0.015,-0.005,1.58,2.565,3.24,2.97,1.4575,3.5775
2017-10-04,0.3075,-0.28,-1.39,-0.7275,-0.755,0.2,-0.8325,0.0025,-0.0025,1.6,2.5175,3.1,2.88,1.4225,3.2775
2017-10-05,0.365,-0.525,-1.355,-0.7175,-0.7425,0.2125,-0.855,-0.0125,-0.03,1.84,2.525,2.875,2.85,1.315,3.265
2017-10-06,0.365,-0.76,-1.33,-0.7375,-0.755,0.2375,-0.8575,-0.0425,-0.0425,1.925,2.5075,2.855,2.7775,1.3225,3.315
2017-10-09,0.37,-0.7225,-1.325,-0.7225,-0.77,0.2325,-0.865,-0.0225,-0.03,1.9425,2.515,2.8725,3.1475,1.3275,3.2975
2017-10-10,0.4825,-0.71,-1.315,-0.705,-0.76,0.245,-0.9325,-0.1375,-0.1025,2.055,2.6125,2.82,2.9225,1.35,3.0125
2017-10-11,0.54,-0.6925,-1.32,-0.7,-0.725,0.2375,-0.9225,-0.065,-0.1175,2.125,2.5525,2.775,2.9225,1.3425,3.0175
2017-10-12,0.5075,-0.695,-1.3225,-0.71,-0.73,0.235,-0.9,-0.0375,-0.145,2.2575,2.5475,2.815,2.9075,1.285,2.8975
2017-10-13,0.475,-0.685,-1.3025,-0.695,-0.71,0.235,-0.88,-0.0025,-0.1275,2.4425,2.615,2.62,2.88,1.2425,2.8275
2017-10-16,0.395,-0.6825,-1.26,-0.68,-0.71,0.2325,-0.84,0.0725,-0.0325,2.815,2.6,2.7125,2.8775,1.0625,2.7425
2017-10-17,0.335,-0.68,-1.215,-0.6775,-0.71,0.2675,-0.835,0.0825,-0.0025,2.6525,2.5725,2.7325,2.88,1.0475,2.935
2017-10-18,0.305,-0.68,-1.105,-0.6725,-0.705,0.26,-0.82,0.1125,-0.0125,2.545,2.575,2.7125,2.84,1.09,3.04
2017-10-19,0.3175,-0.6925,-1.11,-0.6775,-0.82,0.2625,-0.7825,0.115,-0.015,2.5725,2.5275,2.8475,2.8725,1.1575,3.0475
2017-10-20,0.305,-0.675,-0.975,-0.6925,-0.87,0.2925,-0.79,0.095,-0.0225,2.6325,2.57,2.9075,2.8625,1.17,3.075
2017-10-23,0.3,-0.69,-0.85,-0.7,-0.8675,0.33,-0.825,0.1,-0.0175,2.7125,2.6175,2.93,2.8825,1.1325,3.0325
2017-10-24,0.3,-0.65,-0.885,-0.6925,-0.875,0.3225,-0.8225,0.1025,-0.0175,2.8125,2.585,2.935,2.87,1.11,3.04
2017-10-25,0.3475,-0.625,-0.85,-0.6925,-0.83,0.3675,-0.8475,0.0475,-0.0625,2.77,2.62,3.12,2.895,1.195,3.02
2017-10-26,0.2775,-0.6475,-0.86,-0.73,-0.845,0.4325,-0.7675,0.1975,0.065,2.81,2.7525,3.2375,3.3425,1.19,2.995
2017-10-27,0.05,-0.615,-0.855,-0.74,-0.885,0.4675,-0.775,0.26,0.09,2.875,2.7,3.3425,3.51,1.24,3.04
2017-10-30,0.05,-0.62,-0.9,-0.7275,-0.8525,0.53,-0.75,0.285,0.1775,2.7375,2.705,3.305,3.3,1.265,2.99
2017-10-31,0.095,-0.605,-0.89,-0.68,-0.83,0.525,-0.785,0.21,0.0925,2.665,2.6825,3.18,3.15,1.22,2.8025
2017-11-01,0.1225,-0.5875,-0.835,-0.6625,-0.8225,0.52,-0.815,0.19,0.07,2.4425,2.5275,3.11,3.23,1.1225,2.4475
2017-11-02,0.1525,-0.5925,-0.845,-0.6675,-0.815,0.51,-0.8075,0.215,0.105,2.3675,2.5175,3.055,3.21,1.1575,2.355
2017-11-03,0.1325,-0.5875,-0.845,-0.6475,-0.78,0.495,-0.7775,0.24,0.12,2.49,2.6275,2.875,3.2875,1.1125,2.3
2017-11-06,0.09,-0.5875,-0.825,-0.645,-0.785,0.4825,-0.7675,0.255,0.125,2.4175,2.6025,2.8375,3.235,1.09,2.2975
2017-11-07,0.07,-0.5475,-0.785,-0.62,-0.725,0.4775,-0.7975,0.2425,0.125,2.4175,2.6725,2.855,3.2425,1.1225,2.3025
2017-11-08,0.08,-0.55,-0.835,-0.6,-0.7225,0.4775,-0.78,0.2475,0.15,2.4175,2.6575,2.8125,3.4175,1.175,2.28
2017-11-09,0.1025,-0.56,-0.925,-0.62,-0.705,0.4375,-0.8,0.2275,0.115,2.4375,2.6625,2.59,3.4225,1.19,2.28
2017-11-10,0.1875,-0.54,-0.965,-0.625,-0.7075,0.4475,-0.865,0.15,0.02,2.44,2.7925,2.6275,3.3675,1.21,2.3025
2017-11-13,0.2075,-0.7425,-0.965,-0.6275,-0.7,0.445,-0.795,0.1275,0.02,2.495,2.7725,2.625,3.4525,1.22,2.32
2017-11-14,0.3,-0.74,-0.96,-0.63,-0.745,0.4325,-0.765,0.09,0.0425,2.55,2.785,2.53,3.4525,1.235,2.275
2017-11-15,0.4125,-0.7425,-1.115,-0.705,-0.8425,0.4525,-0.795,0.105,0.0425,2.6325,2.76,2.545,3.305,1.255,2.2375
2017-11-16,0.465,-0.7375,-1.085,-0.71,-0.8025,0.4225,-0.8025,0.04,-0.0475,2.4275,2.7125,2.485,3.295,1.255,2.155
2017-11-17,0.4675,-0.7325,-1.105,-0.7375,-0.81,0.4375,-0.785,0.0375,-0.05,2.255,2.6725,2.32,3.3225,1.2125,1.9925
2017-11-20,0.4275,-0.7775,-1.115,-0.735,-0.84,0.4325,-0.79,0.08,0.035,2.2425,2.6725,2.25,3.375,1.2025,1.9775
2017-11-21,0.41,-0.76,-1.03,-0.7175,-0.78,0.4025,-0.79,0.0975,0.0525,2.195,2.6625,2.345,3.4725,1.175,1.885
2017-11-22,0.41,-0.765,-1.035,-0.7225,-0.7375,0.43,-0.775,0.1925,0.2275,2.0275,2.57,2.31,3.4625,1.0975,1.86
2017-11-23,0.5,-0.7575,-1.01,-0.705,-0.715,0.415,-0.835,0.1175,0.1675,2.025,2.5725,2.5225,3.4375,1.1175,1.9425
2017-11-24,0.5975,-0.7575,-0.995,-0.685,-0.695,0.42,-0.8425,0.0875,0.155,1.9625,2.575,2.5025,3.3975,1.0975,1.91
2017-11-27,0.72,-0.7775,-0.975,-0.6925,-0.68,0.435,-0.905,-0.0375,0.0575,1.8775,2.53,2.55,3.3775,1.095,1.915
2017-11-28,0.6475,-0.7325,-0.9,-0.6425,-0.645,0.4475,-0.82,0.045,0.1175,1.8675,2.465,2.56,3.36,1.105,1.9375
2017-11-29,0.59,-0.585,-0.86,-0.675,-0.655,0.43,-0.82,0.0725,0.135,1.8525,2.47,2.5325,3.34,1.0925,1.7675
2017-11-30,0.59,-0.44,-0.835,-0.665,-0.635,0.4475,-0.805,0.08,0.1375,1.905,2.5075,2.58,3.275,1.0925,1.76
2017-12-01,0.6175,-0.4425,-0.9425,-0.66,-0.635,0.435,-0.825,0.0425,0.1175,1.9175,2.4475,2.58,3.2225,1.115,1.765
2017-12-04,0.6175,-0.395,-0.885,-0.6575,-0.6225,0.39,-0.84,0.0675,0.1175,1.9025,2.455,2.565,3.2025,1.1425,1.8075
2017-12-05,0.3325,-0.4575,-0.905,-0.55,-0.5875,0.355,-0.82,0.2525,0.2,1.935,2.445,2.555,3.125,1.1575,1.7875
2017-12-06,0.315,-0.7225,-0.9475,-0.61,-0.5725,0.365,-0.8475,0.2675,0.2325,2.055,2.435,2.59,3.1,1.195,1.9425
2017-12-07,0.215,-0.735,-0.955,-0.625,-0.5925,0.4175,-0.8425,0.29,0.245,2.155,2.4275,2.72,3.085,1.265,2.025
2017-12-08,0.16,-0.565,-0.935,-0.625,-0.6075,0.4225,-0.905,0.3875,0.3025,2.1425,2.435,2.76,3.065,1.2775,2.08
2017-12-11,0.1625,-0.59,-0.93,-0.6125,-0.5875,0.4425,-0.9275,0.325,0.2625,2.1225,2.4425,2.78,3.0725,1.2875,2.1025
2017-12-12,0.145,-0.575,-0.935,-0.58,-0.5825,0.4575,-0.925,0.2775,0.2575,2.225,2.315,2.775,3.085,1.24,2.0125
2017-12-13,0.13,-0.5875,-0.935,-0.525,-0.5175,0.4775,-0.875,0.36,0.3425,2.18,2.2975,2.675,3.05,1.2425,2.025
2017-12-14,0.0975,-0.57,-0.925,-0.4825,-0.48,0.475,-0.87,0.34,0.3475,2.15,2.24,2.72,3.0,1.23,1.9225
2017-12-15,0.065,-0.59,-0.94,-0.4675,-0.48,0.4825,-0.8675,0.3275,0.345,2.135,2.2175,2.755,3.005,1.2125,1.9275
2017-12-18,0.04,-0.58,-0.945,-0.475,-0.48,0.4975,-0.8575,0.295,0.285,2.1275,2.1875,2.9825,3.03,1.24,1.9275
2017-12-19,0.0425,-0.565,-0.94,-0.4675,-0.475,0.4925,-0.85,0.3,0.2775,2.3525,2.0975,3.0175,3.0325,1.215,1.92
2017-12-20,0.0225,-0.585,-0.885,-0.4675,-0.47,0.5075,-0.8525,0.3125,0.28,2.4125,2.09,3.0325,2.82,1.2175,1.9225
2017-12-21,0.02,-0.59,-0.8525,-0.4775,-0.48,0.4925,-0.9,0.3325,0.295,2.605,2.095,3.0275,2.81,1.2225,1.905
2017-12-22,0.015,-0.5825,-0.82,-0.475,-0.4875,0.475,-0.9025,0.33,0.2775,2.66,2.0875,2.9925,2.7475,1.2175,1.895
2017-12-25,0.0275,-0.6075,-0.825,-0.47,-0.485,0.4775,-0.905,0.3425,0.3,2.7175,2.07,3.0125,2.73,1.2125,1.8825
2017-12-26,0.0225,-0.585,-0.8075,-0.465,-0.4875,0.4775,-0.8975,0.3275,0.2675,2.6875,2.0775,2.9625,2.7275,1.2275,1.905
2017-12-27,0.005,-0.59,-0.81,-0.465,-0.49,0.5025,-0.8475,0.385,0.32,2.6525,2.0975,2.9525,2.7175,1.235,1.865
2017-12-28,0.025,-0.5875,-0.82,-0.425,-0.4675,0.475,-0.92,0.35,0.275,2.65,2.0875,2.9525,2.6975,1.2375,1.865
2017-12-29,0.0575,-0.5475,-0.8525,-0.42,-0.455,0.405,-0.925,0.3375,0.3,2.57,2.0875,3.0225,2.645,1.2275,1.83
2018-01-01,0.0725,-0.5725,-0.8525,-0.43,-0.44,0.4225,-0.9275,0.4,0.2925,2.5675,2.085,3.0625,2.6775,1.23,1.8375
2018-01-02,0.095,-0.525,-0.835,-0.4375,-0.47,0.4075,-0.98,0.27,0.23,2.52,2.165,2.9675,2.63,1.1875,1.7675
2018-01-03,0.065,-0.505,-0.835,-0.39,-0.4625,0.41,-0.96,0.2875,0.235,2.47,2.145,3.0075,2.6,1.075,1.735
2018-01-04,0.025,-0.5125,-0.78,-0.3875,-0.4275,0.4025,-0.975,0.33,0.26,2.2575,2.21,3.0175,2.4675,1.0975,1.71
2018-01-05,-0.055,-0.4925,-0.75,-0.38,-0.4325,0.3475,-0.9125,0.315,0.26,2.1775,2.1725,2.9375,2.3475,1.0675,1.69
2018-01-08,-0.125,-0.485,-0.725,-0.3825,-0.4375,0.345,-0.88,0.325,0.2275,2.0675,2.135,2.8825,2.315,1.045,1.5925
2018-01-09,-0.1175,-0.455,-0.78,-0.4325,-0.4725,0.3,-0.865,0.3275,0.2275,2.0625,2.1675,3.0425,2.335,1.085,1.6575
2018-01-10,0.0475,-0.4525,-1.085,-0.47,-0.4975,0.3425,-0.975,0.18,0.1325,2.16,2.145,2.99,2.43,1.1425,1.6125
2018-01-11,0.19,-0.46,-1.035,-0.4725,-0.4975,0.4675,-1.0025,0.0825,0.145,2.0925,2.135,3.0225,2.435,1.16,1.555
2018-01-12,0.3525,-0.4025,-1.095,-0.4975,-0.505,0.465,-1.015,-0.0325,-0.055,1.9825,2.1175,3.0425,2.4325,1.1375,1.47
2018-01-15,0.4375,-0.2,-1.16,-0.3825,-0.4025,0.465,-0.99,-0.1275,-0.025,1.9675,2.065,3.11,2.4075,1.0875,1.4275
2018-01-16,0.3525,-0.1725,-1.11,-0.3675,-0.39,0.47,-0.9575,-0.0325,0.0525,1.97,2.1325,3.0625,2.745,1.135,1.405
2018-01-17,0.535,-0.1775,-1.135,-0.33,-0.355,0.4625,-1.0425,-0.1575,-0.025,1.9575,2.295,3.07,2.745,1.165,1.38
2018-01-18,0.5425,0.1175,-1.07,-0.33,-0.3525,0.4575,-1.1075,-0.1,0.0175,2.075,2.3125,3.035,2.7,1.1575,1.295
2018-01-19,0.5225,0.1625,-1.155,-0.2825,-0.3225,0.45,-1.11,-0.0975,0.015,2.085,2.2975,3.015,2.7425,1.145,1.1825
2018-01-22,0.48,0.1225,-1.105,-0.255,-0.2875,0.4625,-1.085,-0.0775,0.0225,2.1125,2.2625,3.1,2.805,1.1325,1.1675
2018-01-23,0.495,0.0325,-1.12,-0.315,-0.32,0.4575,-1.1575,-0.11,0.0125,2.165,2.4425,3.1725,2.8125,1.13,1.17
2018-01-24,0.545,0.0875,-1.23,-0.28,-0.2725,0.345,-1.15,-0.0225,-0.065,2.115,2.165,3.1675,2.785,1.1,1.05
2018-01-25,0.42,0.1225,-1.3425,-0.23,-0.225,0.31,-1.205,0.04,-0.005,2.1375,2.16,3.1675,2.655,1.065,1.01
2018-01-26,0.32,0.0525,-1.33,-0.235,-0.215,0.3325,-1.205,0.14,0.075,2.22,2.1575,3.0925,2.66,1.02,1.075
2018-01-29,0.2475,-0.04,-1.34,-0.295,-0.25,0.29,-1.2425,0.2525,0.12,1.9925,2.335,3.0725,2.75,1.05,1.155
2018-01-30,0.2725,-0.145,-1.325,-0.35,-0.335,0.2825,-1.205,0.24,0.1225,1.98,2.385,3.08,2.805,1.1575,1.3675
2018-01-31,0.2725,-0.1525,-1.235,-0.345,-0.3475,0.25,-1.21,0.1875,0.0925,1.945,2.29,3.06,2.805,1.1925,1.325
2018-02-01,0.315,-0.2375,-1.22,-0.395,-0.385,0.2275,-1.13,0.1725,0.0325,1.92,2.2575,3.1375,2.7425,1.1875,1.3375
2018-02-02,0.3425,-0.325,-1.1775,-0.62,-0.6,0.2675,-1.145,0.1825,0.0325,2.0,2.41,3.185,2.795,1.3125,1.585
2018-02-05,0.3375,-0.41,-1.455,-0.795,-0.7875,0.3125,-1.1375,0.26,0.065,2.0325,2.405,3.1125,2.86,1.3575,1.87
2018-02-06,0.1775,-0.74,-1.7,-1.015,-1.08,0.37,-1.145,0.2775,0.1675,2.15,2.45,3.2125,2.86,1.39,2.1
2018-02-07,0.1275,-0.77,-1.7625,-0.92,-0.8925,0.445,-1.13,0.3525,0.19,2.0525,2.43,3.2225,2.8875,1.3875,2.0075
2018-02-08,0.0675,-0.705,-1.8925,-0.995,-0.97,0.5525,-1.12,0.445,0.285,2.17,2.4625,3.2525,2.9825,1.39,2.165
2018-02-09,-0.075,-0.9025,-2.0725,-1.1075,-1.11,0.62,-1.1575,0.5625,0.41,2.18,2.6,3.22,3.0975,1.565,2.1475
2018-02-12,-0.12,-0.83,-1.9625,-1.05,-1.0125,0.5775,-1.12,0.6975,0.4675,2.0175,2.5925,3.1925,3.1425,1.49,2.075
2018-02-13,-0.0575,-0.86,-1.9125,-1.0075,-0.97,0.49,-1.15,0.6425,0.465,1.9975,2.6225,3.1925,3.175,1.4975,1.8875
2018-02-14,0.015,-0.85,-1.9075,-1.0375,-0.98,0.4775,-1.16,0.5825,0.4075,2.025,2.2075,3.19,3.0275,1.35,1.85
2018-02-15,0.11,-0.765,-1.865,-0.9925,-0.9675,0.415,-1.195,0.4825,0.3525,2.015,2.2325,3.2425,2.965,1.17,1.72
2018-02-16,0.1025,-0.73,-1.785,-0.9,-0.8525,0.4375,-1.2025,0.4775,0.3475,1.82,2.2375,3.0525,2.9725,1.15,1.6975
2018-02-19,0.085,-0.7525,-1.7025,-0.885,-0.855,0.4125,-1.1825,0.47,0.3325,1.815,2.2375,3.1175,2.98,1.2575,1.7125
2018-02-20,0.005,-0.725,-1.555,-0.925,-0.875,0.395,-1.12,0.5575,0.4,1.8375,2.24,3.12,2.9775,1.27,1.755
2018-02-21,-0.035,-0.73,-1.4275,-0.91,-0.87,0.4,-1.185,0.5775,0.43,1.8025,2.235,2.9225,2.94,1.33,1.7575
2018-02-22,-0.0475,-0.665,-1.4475,-0.9,-0.855,0.4,-1.175,0.5775,0.415,1.795,2.2375,2.86,2.9275,1.345,1.835
2018-02-23,-0.05,-0.6525,-1.325,-0.82,-0.7725,0.41,-1.175,0.5525,0.42,1.7525,2.15,2.84,2.9025,1.315,1.735
2018-02-26,0.0075,-0.64,-1.2975,-0.74,-0.71,0.4125,-1.09,0.5175,0.3825,1.825,2.155,2.685,2.8725,1.28,1.7575
2018-02-27,0.0325,-0.62,-1.2575,-0.655,-0.625,0.4125,-1.1025,0.525,0.3775,1.775,2.0775,2.73,2.84,1.265,1.7425
2018-02-28,0.0425,-0.53,-1.28,-0.73,-0.6675,0.435,-1.1,0.5125,0.365,1.765,2.0625,2.705,2.875,1.27,1.83
2018-03-01,0.0475,-0.5925,-1.4025,-0.835,-0.78,0.515,-1.055,0.5175,0.3675,1.7975,2.12,2.615,2.8275,1.275,1.8325
2018-03-02,0.2375,-0.6,-1.655,-0.7925,-0.795,0.5375,-1.1,0.3425,0.2075,1.8325,2.135,2.59,2.8975,1.265,1.845
2018-03-05,0.3375,-0.5975,-1.56,-0.78,-0.77,0.575,-1.1,0.3625,0.2925,1.8875,2.105,2.64,2.875,1.2675,1.8125
2018-03-06,0.36,-0.5125,-1.4925,-0.715,-0.685,0.5525,-1.13,0.2925,0.2325,1.8425,2.0625,2.61,2.815,1.26,1.62
2018-03-07,0.3875,-0.5,-1.51,-0.73,-0.71,0.5475,-1.09,0.31,0.2425,1.845,2.1025,2.57,2.795,1.24,1.5925
2018-03-08,0.2925,-0.4875,-1.4375,-0.725,-0.69,0.5425,-1.085,0.375,0.305,1.6075,2.1,2.5675,2.785,1.2275,1.5475
2018-03-09,0.2375,-0.4625,-1.235,-0.715,-0.68,0.5325,-1.035,0.385,0.325,1.6425,2.015,2.5275,2.7,1.2225,1.4225
2018-03-12,0.245,-0.4375,-1.245,-0.67,-0.665,0.5325,-1.055,0.3775,0.3025,1.64,1.9625,2.5125,2.69,1.1675,1.355
2018-03-13,0.2625,-0.375,-1.19,-0.6225,-0.5975,0.5575,-1.025,0.375,0.315,1.695,1.9375,2.5175,2.6725,1.165,1.32
2018-03-14,0.2825,-0.345,-1.285,-0.64,-0.605,0.6125,-1.01,0.3925,0.2925,1.7775,1.9225,2.54,2.7175,1.1575,1.34
2018-03-15,0.275,-0.3325,-1.39,-0.7025,-0.62,0.6525,-1.0325,0.4025,0.3,1.7875,1.995,2.5225,2.7275,1.0975,1.41
2018-03-16,0.245,-0.345,-1.415,-0.7875,-0.76,0.6625,-0.96,0.38,0.295,1.75,1.955,2.51,2.7425,1.0525,1.4575
2018-03-19,0.2475,-0.2825,-1.4,-0.875,-0.845,0.6575,-0.985,0.355,0.2725,1.735,1.995,2.4875,2.7825,0.99,1.4825
2018-03-20,0.2375,-0.235,-1.3525,-0.8525,-0.82,0.6225,-0.95,0.4025,0.3075,1.6375,2.005,2.4725,2.7075,0.9675,1.4975
2018-03-21,0.22,-0.2175,-1.285,-0.8275,-0.795,0.4475,-0.95,0.41,0.3275,1.56,1.955,2.4575,2.65,0.955,1.445
2018-03-22,0.23,-0.2375,-1.385,-0.86,-0.79,0.455,-0.955,0.385,0.3075,1.57,1.8675,2.3375,2.69,0.9525,1.385
2018-03-23,0.2225,-0.2425,-1.525,-0.8975,-0.8675,0.42,-0.965,0.385,0.3225,1.595,1.7875,2.325,2.7675,0.9475,1.475
2018-03-26,0.25,-0.235,-1.415,-0.8725,-0.865,0.4425,-0.98,0.37,0.305,1.48,1.785,2.2975,2.76,0.945,1.44
2018-03-27,0.26,-0.26,-1.32,-0.875,-0.8525,0.4325,-0.975,0.3625,0.29,1.525,1.705,2.245,2.7375,0.9475,1.3825
2018-03-28,0.23,-0.275,-1.1675,-0.8675,-0.845,0.4325,-0.925,0.385,0.3175,1.5425,1.665,2.2475,2.79,0.915,1.425
2018-03-29,0.2225,-0.275,-1.1675,-0.8175,-0.83,0.425,-0.88,0.4275,0.3675,1.5375,1.635,2.1575,2.7075,0.9425,1.365
2018-03-30,0.22,-0.265,-1.1475,-0.8175,-0.83,0.425,-0.8675,0.4125,0.3475,1.5425,1.6425,2.155,2.6775,0.9375,1.325
2018-04-02,0.215,-0.2725,-1.145,-0.81,-0.835,0.4225,-0.8725,0.44,0.36,3.1025,1.4775,2.17,2.6825,0.94,1.27
2018-04-03,0.17,-0.2725,-1.15,-0.815,-0.8375,0.385,-0.855,0.455,0.3725,3.025,1.59,2.13,2.6575,0.94,1.2675
2018-04-04,0.165,-0.26,-1.135,-0.78,-0.8175,0.365,-0.805,0.44,0.3775,2.92,1.5525,2.19,2.61,0.93,1.2525
2018-04-05,0.1375,-0.255,-1.0875,-0.7975,-0.8175,0.365,-0.815,0.465,0.37,2.865,1.4125,2.195,2.65,0.9075,1.27
2018-04-06,0.0875,-0.245,-1.08,-0.7425,-0.7175,0.3625,-0.77,0.5225,0.4175,2.925,1.4325,2.21,2.6575,0.88,1.295
2018-04-09,0.11,-0.2375,-1.0475,-0.6825,-0.64,0.33,-0.7675,0.47,0.34,2.915,1.47,2.1925,2.67,0.8525,1.295
2018-04-10,0.1675,-0.2025,-1.03,-0.6575,-0.605,0.3125,-0.835,0.41,0.31,2.9225,1.415,2.2125,2.865,0.8575,1.27
2018-04-11,0.22,-0.165,-1.0325,-0.635,-0.6125,0.3475,-0.755,0.395,0.2975,2.8925,1.37,2.21,3.0375,0.86,1.2225
2018-04-12,0.2225,-0.15,-1.04,-0.6225,-0.6075,0.3475,-0.7175,0.375,0.27,2.8475,1.3925,2.18,2.9725,0.85,1.2375
2018-04-13,0.235,-0.15,-0.9925,-0.625,-0.6,0.345,-0.725,0.385,0.2675,2.8325,1.4775,2.18,2.7875,0.86,1.2275
2018-04-16,0.2425,-0.1925,-1.015,-0.62,-0.605,0.3425,-0.745,0.33,0.2575,2.7875,1.4975,2.075,2.77,0.8625,1.2425
2018-04-17,0.2625,-0.19,-1.045,-0.63,-0.605,0.355,-0.745,0.3375,0.2525,2.6975,1.47,2.0675,2.6225,0.855,1.2375
2018-04-18,0.265,-0.23,-1.0525,-0.615,-0.5975,0.3525,-0.585,0.33,0.24,2.6725,1.37,2.065,2.5125,0.85,1.2075
2018-04-19,0.26,-0.3225,-1.075,-0.615,-0.58,0.3575,-0.565,0.35,0.25,2.49,1.4925,2.0675,2.5275,0.87,1.1875
2018-04-20,0.2225,-0.4,-1.05,-0.69,-0.655,0.3675,-0.5275,0.39,0.25,2.5725,1.525,2.0675,2.56,0.885,1.2125
2018-04-23,0.135,-0.39,-1.04,-0.77,-0.715,0.4575,-0.48,0.4375,0.32,2.4175,1.655,2.1325,2.5375,0.915,1.3325
2018-04-24,-0.03,-0.4,-0.94,-0.765,-0.7375,0.4625,-0.365,0.56,0.4075,2.205,1.695,2.1125,2.535,0.9175,1.3075
2018-04-25,-0.12,-0.3925,-0.9975,-0.7975,-0.775,0.54,-0.2925,0.61,0.47,2.3025,1.6525,2.13,2.565,0.93,1.3875
2018-04-26,-0.16,-0.385,-0.99,-0.77,-0.755,0.53,-0.395,0.605,0.475,2.2125,1.6475,2.2425,2.4575,0.94,1.4075
2018-04-27,-0.1625,-0.435,-0.97,-0.7625,-0.7125,0.525,-0.385,0.675,0.515,2.19,1.6375,2.315,2.3375,0.9225,1.44
2018-04-30,-0.145,-0.42,-0.98,-0.7375,-0.71,0.5,-0.4,0.65,0.535,2.195,1.6225,2.34,2.3,0.8925,1.2825
2018-05-01,-0.22,-0.4275,-0.965,-0.7775,-0.78,0.4825,-0.31,0.755,0.655,2.175,1.635,2.35,2.3525,0.8525,1.305
2018-05-02,-0.2775,-0.42,-0.9,-0.7725,-0.7275,0.4875,-0.345,0.695,0.645,2.085,1.7225,2.45,2.66,0.8825,1.38
2018-05-03,-0.2925,-0.42,-0.96,-0.7575,-0.72,0.4825,-0.4,0.755,0.63,2.0175,1.5225,2.4925,2.7525,0.8775,1.38
2018-05-04,-0.28,-0.385,-0.99,-0.7275,-0.705,0.475,-0.33,0.8125,0.69,2.0,1.4575,2.515,3.1225,0.875,1.3775
2018-05-07,-0.285,-0.395,-1.025,-0.725,-0.705,0.48,-0.345,0.785,0.6925,1.985,1.4225,2.51,3.1,0.965,1.355
2018-05-08,-0.35,-0.395,-1.05,-0.7425,-0.7225,0.4925,-0.295,0.8675,0.735,1.7675,1.4525,2.51,3.11,1.0325,1.3825
2018-05-09,-0.36,-0.43,-0.945,-0.7475,-0.7325,0.4325,-0.325,0.8525,0.7175,1.65,1.4575,2.5375,3.215,1.1825,1.4675
2018-05-10,-0.2775,-0.405,-0.925,-0.73,-0.725,0.4075,-0.41,0.745,0.645,1.4225,1.35,2.47,2.99,1.1975,1.4325
2018-05-11,-0.205,-0.395,-0.9125,-0.705,-0.71,0.4275,-0.37,0.7075,0.5525,1.31,1.3725,2.315,2.905,1.17,1.325
2018-05-14,-0.19,-0.38,-0.8775,-0.63,-0.625,0.4175,-0.36,0.695,0.56,1.3775,1.36,2.335,2.89,1.145,1.295
2018-05-15,-0.2525,-0.39,-0.7925,-0.655,-0.66,0.465,-0.345,0.7025,0.605,1.2225,1.6025,2.375,3.2525,1.2425,1.2975
2018-05-16,-0.3875,-0.42,-0.79,-0.6775,-0.6925,0.46,-0.385,0.745,0.6475,1.22,1.6225,2.45,3.16,1.3075,1.3775
2018-05-17,-0.4075,-0.415,-0.7625,-0.6675,-0.66,0.4575,-0.41,0.76,0.6825,1.1875,1.6475,2.625,3.295,1.26,1.3925
2018-05-18,-0.42,-0.4075,-0.6925,-0.6575,-0.655,0.455,-0.4225,0.76,0.68,1.1175,1.88,2.8875,3.5125,1.2525,1.4075
2018-05-21,-0.5325,-0.415,-0.7175,-0.6575,-0.66,0.455,-0.35,0.8875,0.7175,0.9925,1.8925,3.05,3.56,1.265,1.4625
2018-05-22,-0.575,-0.43,-0.76,-0.6425,-0.64,0.445,-0.395,0.8525,0.7075,1.0,1.865,3.0,3.865,1.24,1.4575
2018-05-23,-0.675,-0.525,-1.035,-0.64,-0.62,0.45,-0.485,0.905,0.7,0.9475,1.8275,2.985,4.3425,1.1925,1.5275
2018-05-24,-0.6425,-0.54,-1.1,-0.635,-0.6075,0.45,-0.5,0.895,0.7825,0.91,1.815,3.065,4.2325,1.19,1.5625
2018-05-25,-0.6375,-0.515,-1.07,-0.64,-0.625,0.455,-0.5375,0.87,0.7875,0.9175,1.845,3.0725,4.22,1.1675,1.6175
2018-05-28,-0.6275,-0.5025,-1.065,-0.635,-0.6025,0.455,-0.525,0.875,0.7875,0.885,1.8425,3.02,3.975,0.895,1.5825
2018-05-29,-0.97,-0.5725,-1.27,-0.6475,-0.6325,0.455,-0.3625,1.24,0.9675,0.965,2.1525,3.01,3.925,0.89,1.5825
2018-05-30,-1.2025,-0.565,-1.3725,-0.785,-0.7525,0.4525,-0.525,1.29,1.15,1.12,2.3425,2.97,3.645,0.905,1.5825
2018-05-31,-1.0325,-0.5475,-1.3,-0.77,-0.72,0.455,-0.5925,1.21,1.0525,1.4475,2.3025,2.975,3.6775,0.855,1.5925
2018-06-01,-0.67,-0.535,-1.12,-0.76,-0.7125,0.4575,-0.5025,0.955,0.8475,1.4825,2.38,3.035,3.745,0.825,1.59
2018-06-04,-0.4925,-0.535,-1.0675,-0.6975,-0.675,0.46,-0.5925,0.82,0.7425,1.52,2.3575,2.855,3.7125,0.8225,1.5625
2018-06-05,-0.465,-0.51,-1.06,-0.675,-0.645,0.485,-0.54,0.81,0.7275,1.94,2.3875,2.88,3.73,0.785,1.5025
2018-06-06,-0.315,-0.4375,-1.04,-0.6025,-0.595,0.4675,-0.5425,0.675,0.66,1.92,2.62,2.81,3.72,0.785,1.4925
2018-06-07,-0.3,-0.4425,-1.1,-0.6025,-0.6125,0.4625,-0.59,0.755,0.65,1.905,2.905,2.84,3.4525,0.755,1.4625
2018-06-08,-0.4625,-0.4625,-1.325,-0.68,-0.6525,0.4825,-0.7325,0.925,0.76,1.8225,2.8275,3.43,3.405,0.895,1.4925
2018-06-11,-0.5175,-0.4525,-1.245,-0.6725,-0.6575,0.475,-0.6775,0.835,0.7,1.76,2.8625,3.365,3.485,0.94,1.495
2018-06-12,-0.56,-0.4375,-1.145,-0.6775,-0.67,0.4825,-0.63,0.87,0.7525,1.7575,2.8325,3.32,3.47,0.945,1.5125
2018-06-13,-0.57,-0.3925,-1.015,-0.66,-0.635,0.49,-0.615,0.8675,0.7475,1.765,2.88,3.3925,3.6975,0.945,1.5
2018-06-14,-0.6275,-0.395,-1.05,-0.65,-0.6325,0.4825,-0.5775,0.88,0.7725,1.7525,2.975,3.39,3.7325,0.9475,1.495
2018-06-15,-0.7875,-0.4675,-1.05,-0.7,-0.68,0.505,-0.51,1.0125,0.8975,1.755,2.9975,3.32,3.99,0.9725,1.5775
2018-06-18,-0.785,-0.5375,-1.1275,-0.725,-0.6875,0.51,-0.4775,1.0325,0.9125,1.745,3.01,3.37,3.9425,1.075,1.7725
2018-06-19,-0.885,-0.62,-1.45,-0.875,-0.75,0.5625,-0.485,1.11,1.015,1.76,2.9375,3.35,4.0025,1.1025,1.8125
2018-06-20,-0.83,-0.65,-1.345,-0.9025,-0.7525,0.57,-0.5125,1.085,1.0325,1.7475,2.99,3.3525,4.0075,1.1025,1.805
2018-06-21,-0.86,-0.635,-1.385,-0.905,-0.755,0.57,-0.5775,1.1,0.995,1.745,2.965,3.355,3.935,1.115,1.795
2018-06-22,-0.835,-0.595,-1.36,-0.86,-0.7525,0.57,-0.535,1.105,1.0075,1.73,2.92,3.305,3.78,1.055,1.7375
2018-06-25,-0.85,-0.59,-1.4325,-0.8575,-0.7525,0.585,-0.5775,1.11,1.02,1.7575,2.875,3.2225,3.085,1.035,1.7275
2018-06-26,-0.825,-0.575,-1.43,-0.8475,-0.75,0.6,-0.565,1.0525,0.9725,1.7225,2.8825,3.2625,3.09,1.025,1.7
2018-06-27,-0.82,-0.6275,-1.3575,-0.875,-0.79,0.5825,-0.5875,1.03,0.945,1.78,2.885,3.23,3.0625,1.105,1.685
2018-06-28,-0.855,-0.665,-1.345,-0.915,-0.8975,0.575,-0.5575,1.08,1.025,1.795,2.865,3.2425,3.055,1.245,1.7225
2018-06-29,-0.73,-0.66,-1.24,-0.8975,-0.895,0.55,-0.57,0.97,0.9225,1.815,2.8475,3.2825,3.05,1.26,1.6625
2018-07-02,-0.775,-0.66,-1.23,-0.905,-0.905,0.55,-0.5675,1.025,0.945,1.905,2.8125,3.2825,3.1025,1.2225,1.6675
2018-07-03,-0.77,-0.67,-1.205,-0.8925,-0.8825,0.535,-0.54,1.06,0.975,1.6875,2.825,3.27,3.2,1.2475,1.6575
2018-07-04,-0.755,-0.655,-1.1975,-0.88,-0.875,0.535,-0.565,1.0125,0.94,1.68,2.83,3.27,3.3375,1.235,1.625
2018-07-05,-0.7175,-0.665,-1.2,-0.855,-0.865,0.495,-0.565,1.0,0.8875,1.655,2.815,3.255,3.285,1.175,1.62
2018-07-06,-0.5725,-0.665,-1.165,-0.825,-0.7975,0.5075,-0.5525,0.85,0.8025,1.6525,2.82,3.18,3.25,1.16,1.55
2018-07-09,-0.53,-0.7425,-1.045,-0.75,-0.74,0.46,-0.5325,0.82,0.7975,1.68,2.82,3.0775,3.44,1.145,1.52
2018-07-10,-0.575,-0.7725,-0.8825,-0.8075,-0.785,0.46,-0.525,0.8725,0.83,1.67,2.8025,3.0325,3.75,1.125,1.49
2018-07-11,-0.65,-0.805,-0.905,-0.895,-0.86,0.51,-0.5075,0.915,0.855,1.67,2.81,2.93,3.9325,1.1325,1.52
2018-07-12,-0.715,-0.8075,-0.785,-0.92,-0.8575,0.5,-0.4975,0.945,0.875,1.725,2.935,2.915,4.3275,1.035,1.5425
2018-07-13,-0.77,-0.965,-0.85,-0.8775,-0.8325,0.485,-0.46,1.0525,0.97,1.73,3.1575,2.835,4.34,0.9975,1.5
2018-07-16,-0.775,-0.9625,-0.84,-0.8925,-0.8225,0.49,-0.4525,1.005,0.945,1.765,3.23,2.8725,4.2725,0.995,1.47
2018-07-17,-0.745,-0.965,-0.835,-0.895,-0.8325,0.5,-0.4675,0.9875,0.9075,1.78,3.26,2.8475,4.18,0.98,1.3725
2018-07-18,-0.795,-1.01,-0.84,-0.9,-0.825,0.52,-0.4125,1.06,0.98,1.78,3.24,2.85,4.16,0.965,1.375
2018-07-19,-0.825,-1.105,-0.97,-0.93,-0.89,0.52,-0.425,0.9975,0.9875,1.8375,3.29,2.8825,4.17,0.98,1.405
2018-07-20,-0.715,-1.0925,-1.24,-1.01,-0.9475,0.495,-0.545,0.835,0.8475,1.885,3.23,2.8825,4.17,0.99,1.45
2018-07-23,-0.635,-1.0625,-1.365,-0.96,-0.895,0.49,-0.5425,0.83,0.83,1.89,3.2225,2.915,4.16,0.98,1.37
2018-07-24,-0.66,-1.055,-1.35,-0.945,-0.8925,0.475,-0.525,0.84,0.84,1.855,3.245,2.81,4.3875,0.985,1.3
2018-07-25,-0.65,-1.0675,-1.335,-0.8825,-0.8475,0.425,-0.555,0.83,0.835,1.84,3.21,2.7175,4.3525,0.98,1.26
2018-07-26,-0.5675,-1.07,-1.37,-0.8275,-0.8025,0.385,-0.5475,0.78,0.7725,1.835,3.205,2.675,4.2925,0.955,1.2175
2018-07-27,-0.59,-1.09,-1.35,-0.8325,-0.8,0.375,-0.5425,0.8025,0.7975,1.8425,3.305,2.51,4.3075,0.93,1.19
2018-07-30,-0.58,-1.1025,-1.36,-0.83,-0.8075,0.365,-0.5325,0.765,0.7675,1.8625,3.4075,2.55,4.3575,0.93,1.175
2018-07-31,-0.56,-1.11,-1.0875,-0.83,-0.805,0.365,-0.53,0.695,0.775,1.8925,3.4275,2.55,4.5025,0.9,1.17
2018-08-01,-0.57,-1.1,-1.0325,-0.8325,-0.805,0.365,-0.5375,0.795,0.76,1.85,3.395,2.5575,4.6925,0.885,1.155
2018-08-02,-0.6525,-1.11,-1.145,-0.8275,-0.8,0.37,-0.46,0.9175,0.85,1.85,3.3575,2.5925,5.07,0.8675,1.1025
2018-08-03,-0.78,-1.13,-1.1375,-0.83,-0.805,0.365,-0.415,1.01,0.985,1.7975,3.37,2.5375,5.035,0.865,1.1
2018-08-06,-0.91,-1.165,-1.15,-0.8525,-0.8,0.365,-0.3625,1.09,1.085,1.79,3.37,2.5725,5.2,0.865,1.0925
2018-08-07,-0.925,-1.185,-1.145,-0.8125,-0.79,0.37,-0.355,1.075,1.0625,1.785,3.495,2.585,5.34,0.855,1.085
2018-08-08,-0.9,-1.4425,-1.205,-0.81,-0.765,0.3475,-0.4075,1.0775,1.07,1.8675,3.565,2.5925,5.375,0.845,1.085
2018-08-09,-0.9675,-1.455,-1.25,-0.8075,-0.795,0.355,-0.395,1.1275,1.11,1.925,3.6975,2.6425,5.8675,0.84,1.0975
2018-08-10,-1.275,-1.565,-1.4325,-0.995,-1.03,0.45,-0.4225,1.35,1.2825,2.39,3.965,3.68,8.285,0.8825,1.0775
2018-08-13,-1.3675,-1.555,-1.6275,-1.25,-1.235,0.4725,-0.3775,1.43,1.3575,2.8025,4.0775,4.8925,11.5675,1.1775,1.2425
2018-08-14,-1.33,-1.565,-1.49,-1.21,-1.13,0.45,-0.375,1.405,1.32,2.5375,3.96,4.83,11.8625,1.195,1.2525
2018-08-15,-1.39,-1.5625,-1.495,-1.34,-1.2175,0.5125,-0.4125,1.455,1.38,2.6625,3.985,4.8625,11.54,1.3775,1.27
2018-08-16,-1.1875,-1.4475,-1.4825,-1.245,-1.165,0.48,-0.44,1.28,1.22,2.605,4.005,4.695,10.64,1.37,1.2175
2018-08-17,-1.0975,-1.415,-1.495,-1.205,-1.12,0.47,-0.5175,1.14,1.16,2.61,4.0825,4.7275,10.07,1.28,1.18
2018-08-20,-0.945,-1.265,-1.4675,-1.1125,-1.065,0.4725,-0.455,1.08,1.1025,2.575,4.1125,4.7975,9.8,1.265,1.17
2018-08-21,-0.8425,-1.2225,-1.445,-1.05,-1.0375,0.465,-0.4125,0.99,1.035,2.475,4.2075,4.76,9.0075,1.24,1.135
2018-08-22,-0.8075,-1.08,-1.4525,-1.06,-1.0125,0.4775,-0.5525,0.97,1.0275,2.36,4.225,4.6225,8.71,1.24,1.1375
2018-08-23,-0.93,-1.195,-1.345,-1.165,-1.065,0.4575,-0.5175,1.095,1.0975,2.525,4.225,4.6625,8.5325,1.26,1.15
2018-08-24,-0.9325,-1.195,-1.2875,-1.1675,-1.07,0.4475,-0.5625,1.055,1.09,2.495,4.265,4.495,8.5475,1.2775,1.1525
2018-08-27,-0.8875,-1.1925,-1.285,-1.085,-0.995,0.4475,-0.5475,1.035,1.0625,2.4875,4.07,4.485,8.6175,1.25,1.0675
2018-08-28,-0.8375,-1.145,-1.255,-0.97,-0.905,0.43,-0.5425,0.975,1.0175,2.2775,4.155,4.5275,8.51,1.23,0.995
2018-08-29,-0.8925,-0.94,-1.17,-1.05,-0.9525,0.43,-0.5275,1.035,1.0775,2.2725,4.18,4.4925,8.7825,1.245,1.0
2018-08-30,-0.935,-0.8075,-1.235,-1.0925,-1.0125,0.45,-0.555,1.075,1.0975,2.34,4.27,4.9075,10.0925,1.3275,1.0075
2018-08-31,-1.1325,-0.8825,-1.31,-1.2175,-1.11,0.4725,-0.5,1.2125,1.2475,2.4725,4.1,5.26,10.3225,1.3975,1.075
2018-09-03,-1.215,-1.0925,-1.3175,-1.2325,-1.1325,0.4825,-0.545,1.2825,1.2875,2.47,4.16,5.2525,10.4075,1.3875,1.0725
2018-09-04,-1.2575,-1.1975,-1.32,-1.2275,-1.135,0.5225,-0.5475,1.34,1.3375,2.53,4.1375,5.6375,10.65,1.5775,1.2
2018-09-05,-1.19,-1.1675,-1.315,-1.2825,-1.2575,0.54,-0.5875,1.255,1.345,2.6525,4.1375,6.4625,10.595,1.7775,1.2225
2018-09-06,-1.135,-1.1775,-1.3725,-1.3725,-1.32,0.555,-0.6125,1.205,1.2875,2.63,4.045,6.095,10.4375,1.75,1.3125
2018-09-07,-1.1075,-1.1925,-1.4475,-1.56,-1.475,0.55,-0.6075,1.185,1.2725,2.6275,4.065,5.635,10.385,1.7375,1.3225
2018-09-10,-1.1025,-1.1775,-1.45,-1.5675,-1.4575,0.55,-0.5625,1.16,1.225,2.62,4.0675,5.5525,9.7075,1.74,1.35
2018-09-11,-1.075,-1.1325,-1.41,-1.545,-1.4575,0.555,-0.5675,1.115,1.175,2.63,4.08,5.29,9.44,1.625,1.355
2018-09-12,-0.955,-1.1575,-1.3625,-1.44,-1.3775,0.49,-0.5825,1.045,1.175,2.655,3.985,5.0625,9.3225,1.595,1.3775
2018-09-13,-0.8975,-1.19,-1.3125,-1.2975,-1.2225,0.4875,-0.5575,0.945,1.06,2.7125,3.955,4.6425,7.905,1.5475,1.3275
2018-09-14,-0.8775,-1.16,-1.305,-1.3175,-1.2225,0.4875,-0.57,0.9175,1.035,2.7275,3.88,4.76,7.9525,1.5025,1.3125
2018-09-17,-0.92,-1.175,-1.245,-1.3025,-1.2325,0.49,-0.53,0.98,1.085,2.7025,3.7,4.665,7.965,1.5575,1.3425
2018-09-18,-0.925,-1.205,-1.145,-1.2625,-1.165,0.49,-0.565,0.985,1.085,2.7075,3.68,4.4975,7.6675,1.4975,1.3425
2018-09-19,-0.905,-1.2075,-1.1175,-1.2075,-1.085,0.49,-0.5475,0.97,1.0675,2.6775,3.6625,4.3975,7.2125,1.4275,1.28
2018-09-20,-0.7425,-1.305,-1.1025,-1.1525,-1.0675,0.4625,-0.6325,0.845,0.96,2.665,3.54,4.2675,7.29,1.3975,1.2775
2018-09-21,-0.73,-1.665,-1.095,-1.1475,-1.05,0.46,-0.615,0.845,0.915,2.67,3.4625,4.1675,7.2525,1.3875,1.2675
2018-09-24,-0.7425,-1.745,-1.095,-1.1575,-1.0475,0.4625,-0.6075,0.84,0.9225,2.67,4.0425,4.18,7.1025,1.46,1.2575
2018-09-25,-0.74,-1.835,-1.085,-1.1625,-1.0475,0.46,-0.6025,0.835,0.9375,2.6675,4.0525,4.195,7.0375,1.5125,1.2325
2018-09-26,-0.7275,-1.925,-1.07,-1.1325,-1.02,0.4625,-0.585,0.845,0.9225,2.6175,3.785,4.25,7.015,1.45,1.265
2018-09-27,-0.78,-1.9975,-1.075,-1.13,-1.025,0.4575,-0.575,0.89,0.9375,2.635,3.99,4.07,6.6025,1.3875,1.245
2018-09-28,-0.81,-2.0075,-1.035,-1.0325,-0.9425,0.4575,-0.5625,0.905,0.9475,2.54,3.97,3.8125,6.4375,1.3725,1.235
2018-10-01,-0.82,-1.985,-0.94,-1.0175,-0.9225,0.3825,-0.4925,0.935,0.98,2.4025,3.8925,3.81,6.2875,1.33,1.2075
2018-10-02,-0.9925,-2.0,-0.975,-1.135,-1.055,0.375,-0.475,1.085,1.1175,2.275,3.9075,3.695,6.0325,1.46,1.2325
2018-10-03,-0.9975,-2.035,-0.985,-1.15,-1.0875,0.375,-0.4375,1.11,1.1275,2.3125,3.8975,3.5875,6.0975,1.475,1.2325
2018-10-04,-1.01,-2.02,-0.98,-1.315,-1.3125,0.4075,-0.43,1.075,1.1025,2.4075,3.9375,4.1175,6.63,1.58,1.26
2018-10-05,-0.9675,-2.05,-0.9875,-1.335,-1.3375,0.44,-0.4725,1.035,1.075,2.4,3.9375,3.9125,6.825,1.5725,1.2775
2018-10-08,-1.0175,-2.0425,-1.0375,-1.3275,-1.315,0.44,-0.4325,1.0725,1.095,2.32,4.2,4.07,6.94,1.555,1.285
2018-10-09,-1.1325,-1.995,-1.0675,-1.36,-1.28,0.45,-0.39,1.155,1.175,2.295,4.215,4.185,6.905,1.54,1.295
2018-10-10,-1.1275,-1.9625,-1.14,-1.315,-1.2,0.465,-0.4475,1.085,1.16,2.33,4.235,3.9925,7.0925,1.53,1.275
2018-10-11,-0.995,-1.98,-1.3125,-1.3675,-1.27,0.465,-0.425,0.9875,1.0775,2.3775,4.19,3.945,6.9875,1.5675,1.375
2018-10-12,-0.9875,-2.035,-1.2925,-1.1725,-1.0925,0.475,-0.4725,0.985,1.075,2.395,4.27,3.91,6.595,1.4,1.41
2018-10-15,-0.98,-2.06,-1.3,-1.2325,-1.1025,0.475,-0.45,0.955,1.0825,2.345,4.2275,3.87,6.2,1.3325,1.405
2018-10-16,-0.915,-2.09,-1.19,-1.1275,-1.0275,0.455,-0.4725,0.915,1.0,2.29,3.73,3.855,5.815,1.3,1.405
2018-10-17,-0.96,-2.1925,-1.13,-1.1075,-1.02,0.455,-0.4225,0.9675,1.045,2.2925,3.65,3.8725,5.3475,1.23,1.3875
2018-10-18,-1.03,-2.2,-1.11,-1.0775,-1.0075,0.455,-0.4025,0.9925,1.05,2.52,3.475,3.6275,5.3125,1.3075,1.42
2018-10-19,-1.0375,-2.2,-1.12,-1.0975,-1.04,0.45,-0.4775,1.015,1.0375,2.6425,3.46,3.68,5.325,1.33,1.42
2018-10-22,-1.04,-2.235,-1.1075,-1.1075,-1.0425,0.455,-0.3825,0.995,1.0575,2.675,3.3,3.685,5.3025,1.305,1.42
2018-10-23,-1.055,-2.315,-1.135,-1.1225,-1.0525,0.44,-0.41,1.0,1.095,2.67,3.3125,3.6525,5.3775,1.32,1.465
2018-10-24,-1.105,-2.41,-1.22,-1.1,-1.05,0.415,-0.38,1.055,1.155,2.7625,3.375,3.6675,5.34,1.29,1.47
2018-10-25,-1.115,-2.39,-1.2875,-1.145,-1.0875,0.4075,-0.3775,1.105,1.1575,2.75,3.4025,3.825,5.305,1.305,1.545
2018-10-26,-1.1,-2.375,-1.435,-1.225,-1.1525,0.4175,-0.355,1.0975,1.1375,2.7775,3.47,3.87,5.2575,1.345,1.695
2018-10-29,-1.1,-2.315,-1.42,-1.185,-1.0925,0.415,-0.375,1.12,1.17,3.3875,2.8525,3.8225,5.2775,1.33,1.7475
2018-10-30,-1.095,-2.25,-1.37,-1.155,-1.065,0.415,-0.44,1.1325,1.1125,3.065,2.7275,3.7775,5.14,1.3175,1.7925
2018-10-31,-1.095,-2.105,-1.305,-1.1,-1.0475,0.395,-0.385,1.155,1.105,3.545,2.7125,3.7425,5.07,1.34,1.8075
2018-11-01,-0.855,-1.69,-1.255,-1.0325,-0.955,0.385,-0.4025,0.9675,0.985,3.285,2.685,3.5775,5.03,1.34,1.7125
2018-11-02,-0.785,-1.6525,-1.25,-0.9575,-0.88,0.38,-0.4375,0.89,0.875,3.245,2.6825,3.4775,5.015,1.345,1.65
2018-11-05,-0.785,-1.64,-1.205,-0.9625,-0.8575,0.38,-0.425,0.87,0.88,3.2675,2.72,3.4875,4.8825,1.29,1.665
2018-11-06,-0.775,-1.56,-1.1675,-0.9875,-0.91,0.38,-0.4275,0.86,0.88,3.04,2.72,3.375,4.615,1.29,1.66
2018-11-07,-0.695,-1.5725,-1.1575,-0.93,-0.825,0.375,-0.395,0.905,0.875,3.025,2.7975,3.0325,4.485,1.225,1.565
2018-11-08,-0.71,-1.615,-1.0675,-0.9275,-0.8375,0.3725,-0.3875,0.915,0.89,3.1975,2.7925,3.1075,4.52,1.17,1.4125
2018-11-09,-0.76,-1.585,-0.965,-0.9375,-0.89,0.365,-0.3625,0.9575,0.9125,3.3225,2.885,3.2,4.4775,1.165,1.3775
2018-11-12,-0.885,-1.8,-0.965,-1.0325,-0.9425,0.365,-0.33,1.065,1.02,3.3625,2.8375,3.4025,4.485,1.1725,1.375
2018-11-13,-0.89,-1.755,-0.985,-1.035,-0.94,0.375,-0.355,1.02,1.0125,3.465,2.8925,3.4525,4.4825,1.15,1.4075
2018-11-14,-0.88,-1.955,-1.0625,-1.0275,-0.925,0.37,-0.3725,1.0375,1.0,3.415,3.05,3.46,4.4575,1.1,1.4175
2018-11-15,-0.9675,-2.575,-1.1675,-1.005,-0.92,0.3675,-0.2875,1.13,1.07,3.3525,3.0475,3.45,4.1725,1.1,1.4225
2018-11-16,-0.805,-2.595,-1.24,-1.0,-0.9,0.365,-0.4225,1.03,0.925,3.3425,3.0425,3.39,4.08,1.09,1.4175
2018-11-19,-0.8075,-2.57,-1.24,-0.94,-0.8525,0.3575,-0.4475,0.9925,0.92,3.3475,2.9975,3.2875,4.0375,1.09,1.3925
2018-11-20,-0.82,-2.57,-1.2475,-0.935,-0.835,0.415,-0.4775,1.015,0.97,3.3525,3.0225,3.2475,3.975,1.065,1.3875
2018-11-21,-0.82,-2.44,-1.2425,-0.95,-0.87,0.43,-0.465,1.075,0.94,3.13,3.055,3.2325,3.95,1.035,1.4025
2018-11-22,-0.745,-2.335,-1.1875,-0.96,-0.88,0.435,-0.535,1.0075,0.9175,3.13,3.0275,3.2425,3.925,0.97,1.4225
2018-11-23,-0.7825,-2.315,-1.175,-0.95,-0.8725,0.4375,-0.4875,1.01,0.92,3.0675,3.02,3.215,3.9125,0.825,1.3925
2018-11-26,-0.7275,-2.24,-1.15,-0.96,-0.8725,0.435,-0.525,0.955,0.9225,3.19,3.005,3.2125,3.8525,0.81,1.4
2018-11-27,-0.72,-2.18,-1.12,-0.935,-0.85,0.4775,-0.5325,0.965,0.8725,3.17,2.9975,3.1975,3.7675,0.7525,1.3875
2018-11-28,-0.7,-1.915,-1.05,-0.82,-0.785,0.4925,-0.5325,0.885,0.8625,3.0625,2.8925,3.1675,3.715,0.75,1.3875
2018-11-29,-0.68,-1.915,-1.095,-0.7775,-0.745,0.4675,-0.52,0.9275,0.8775,2.8925,2.7525,3.1525,3.6825,0.7525,1.3825
2018-11-30,-0.68,-1.9075,-1.095,-0.7725,-0.725,0.46,-0.5275,0.92,0.8625,2.905,2.7275,3.1475,3.6975,0.7525,1.3775
2018-12-03,-0.5825,-2.0125,-1.045,-0.75,-0.6625,0.445,-0.5675,0.86,0.8,2.9025,2.5975,3.1175,3.7175,0.7675,1.36
2018-12-04,-0.61,-2.12,-1.06,-0.76,-0.69,0.445,-0.535,0.87,0.7725,2.8325,2.675,3.155,3.94,0.7625,1.3
2018-12-05,-0.6,-2.1,-1.07,-0.8375,-0.7925,0.475,-0.5175,0.88,0.8425,2.845,2.6325,3.1875,4.0525,0.83,1.305
2018-12-06,-0.515,-2.1125,-1.235,-0.92,-0.8625,0.535,-0.5725,0.835,0.7525,2.865,2.645,3.3175,4.31,0.855,1.305
2018-12-07,-0.485,-2.105,-1.24,-0.9575,-0.8825,0.52,-0.5575,0.7925,0.7525,2.8875,2.66,3.5675,4.35,0.8325,1.3075
2018-12-10,-0.4425,-2.165,-1.2625,-0.9925,-0.9325,0.51,-0.55,0.7775,0.69,2.8225,2.64,3.5525,4.285,1.37,1.305
2018-12-11,-0.47,-2.16,-1.255,-0.955,-0.885,0.515,-0.5475,0.81,0.7775,2.695,2.585,3.6825,4.295,1.28,1.3075
2018-12-12,-0.4475,-2.23,-1.23,-0.9525,-0.875,0.505,-0.5825,0.785,0.745,2.705,2.4825,3.645,4.385,1.25,1.2525
2018-12-13,-0.4575,-2.21,-1.205,-0.9225,-0.84,0.5,-0.5425,0.79,0.7375,2.675,2.48,3.325,4.375,1.0875,1.2175
2018-12-14,-0.515,-2.2475,-1.2225,-0.92,-0.855,0.5,-0.505,0.85,0.7475,2.7275,2.3425,3.3,4.36,1.095,1.2225
2018-12-17,-0.5175,-2.125,-1.295,-0.8725,-0.8275,0.485,-0.525,0.84,0.785,2.6425,2.325,3.33,4.2875,1.0725,1.225
2018-12-18,-0.4725,-2.01,-1.3725,-0.85,-0.7825,0.485,-0.5475,0.8,0.765,2.6175,2.3575,3.3475,4.2525,0.88,1.1575
2018-12-19,-0.455,-1.945,-1.43,-0.8375,-0.745,0.4725,-0.5575,0.785,0.7175,2.61,2.3125,3.27,4.2025,0.8125,1.1425
2018-12-20,-0.355,-1.945,-1.62,-0.9375,-0.835,0.4625,-0.6125,0.6975,0.615,2.52,2.285,3.2975,4.2075,0.8325,1.1025
2018-12-21,-0.3325,-1.9275,-1.7925,-0.97,-0.905,0.5125,-0.6475,0.6975,0.6175,2.48,2.2925,3.275,4.1975,0.78,1.14
2018-12-24,-0.3325,-1.9075,-1.88,-0.9775,-0.8875,0.51,-0.595,0.7275,0.645,2.4675,2.295,3.28,4.12,0.79,1.14
2018-12-25,-0.335,-1.945,-1.8775,-0.975,-0.88,0.515,-0.6,0.685,0.645,2.465,2.295,3.2925,4.1225,0.795,1.13
2018-12-26,-0.3275,-1.935,-1.905,-0.965,-0.8775,0.5275,-0.6275,0.705,0.665,2.465,2.33,3.29,4.11,0.795,1.1275
2018-12-27,-0.3425,-1.9,-2.0175,-1.0,-0.9225,0.5725,-0.7275,0.765,0.7125,2.5425,2.275,3.085,4.11,0.7925,1.085
2018-12-28,-0.29,-1.895,-2.0225,-0.9775,-0.9175,0.58,-0.7875,0.6875,0.6425,2.5225,2.315,3.165,4.0975,0.775,1.0825
2018-12-31,-0.275,-1.775,-2.0075,-1.005,-0.9425,0.5575,-0.7875,0.68,0.6625,2.5,2.3,3.1025,4.095,0.765,0.995
2019-01-01,-0.285,-1.7725,-1.9975,-0.9975,-0.92,0.565,-0.7925,0.6775,0.6625,2.5225,2.31,3.08,4.095,0.78,0.96
2019-01-02,-0.3025,-1.7525,-1.905,-1.0275,-0.9425,0.555,-0.7375,0.685,0.635,2.4425,2.285,3.0975,4.1175,0.79,1.0675
2019-01-03,-0.3975,-1.8225,-2.095,-1.2525,-1.135,0.5525,-0.7225,0.785,0.69,2.4225,2.21,3.1025,4.7175,0.835,1.1175
2019-01-04,-0.325,-1.8125,-1.9275,-1.175,-1.08,0.52,-0.7725,0.695,0.63,2.38,2.205,3.1175,4.59,0.79,1.025
2019-01-07,-0.295,-1.75,-1.705,-1.06,-0.96,0.455,-0.775,0.7125,0.65,2.2,2.165,3.02,4.475,0.795,0.8675
2019-01-08,-0.29,-1.7575,-1.5125,-1.045,-0.9175,0.475,-0.78,0.7,0.615,2.1425,2.105,2.9925,4.51,0.795,0.8725
2019-01-09,-0.215,-1.62,-1.625,-1.0075,-0.895,0.4725,-0.8125,0.645,0.5675,2.0125,1.7275,2.9875,4.6025,0.81,0.8675
2019-01-10,-0.1925,-1.585,-1.655,-0.99,-0.8625,0.475,-0.805,0.6275,0.54,1.8275,1.9025,3.0,4.575,0.81,0.88
2019-01-11,-0.23,-1.4375,-1.6325,-0.975,-0.8625,0.495,-0.7,0.675,0.62,1.795,1.8875,2.9975,4.5475,0.8025,0.8975
2019-01-14,-0.295,-1.4925,-1.6275,-0.99,-0.88,0.4925,-0.6725,0.7375,0.6475,1.7575,1.9075,3.01,4.5725,0.8175,0.885
2019-01-15,-0.32,-1.6475,-1.54,-0.93,-0.82,0.49,-0.67,0.75,0.63,1.7875,1.95,2.9275,4.515,0.8575,0.8875
2019-01-16,-0.3325,-1.715,-1.52,-0.9775,-0.9,0.49,-0.7,0.7225,0.625,1.7975,1.8975,2.925,4.415,0.8575,0.8675
2019-01-17,-0.3425,-1.7,-1.445,-1.025,-0.9425,0.4925,-0.625,0.74,0.64,1.8625,1.98,2.86,4.3525,0.8925,0.8775
2019-01-18,-0.335,-1.6975,-1.3975,-1.0225,-0.9425,0.49,-0.64,0.725,0.615,1.9325,1.9525,2.825,4.3525,0.885,0.8625
2019-01-21,-0.335,-1.7,-1.465,-1.02,-0.945,0.485,-0.625,0.725,0.625,1.965,1.9825,2.885,4.325,0.875,0.8625
2019-01-22,-0.34,-1.72,-1.435,-1.05,-0.945,0.485,-0.6275,0.73,0.6325,1.9725,2.0575,2.905,4.18,0.8925,0.865
2019-01-23,-0.285,-1.6975,-1.38,-1.015,-0.9025,0.485,-0.64,0.685,0.5975,1.9775,1.9625,2.8375,4.11,0.8875,0.8675
2019-01-24,-0.385,-1.7875,-1.415,-1.0225,-0.905,0.49,-0.565,0.74,0.66,1.965,1.965,2.7975,4.0475,0.89,0.8875
2019-01-25,-0.38,-1.865,-1.405,-1.0025,-0.9,0.49,-0.5925,0.745,0.655,1.9075,1.955,2.8175,3.9975,0.86,0.8475
2019-01-28,-0.3325,-1.9925,-1.39,-0.9525,-0.85,0.475,-0.59,0.7275,0.64,1.905,1.965,2.83,4.0375,0.8375,0.8475
2019-01-29,-0.325,-2.0075,-1.415,-0.96,-0.8525,0.475,-0.585,0.6075,0.5975,1.87,1.9625,2.845,4.2075,0.8325,0.8325
2019-01-30,-0.31,-2.0825,-1.3775,-0.9325,-0.8475,0.4675,-0.6025,0.57,0.58,1.9475,1.95,2.8075,4.21,0.8575,0.815
2019-01-31,-0.23,-2.1725,-1.42,-0.8925,-0.85,0.395,-0.6025,0.47,0.485,1.8525,1.9,2.69,4.14,0.8675,0.8475
2019-02-01,-0.27,-2.21,-1.27,-0.9125,-0.83,0.375,-0.585,0.57,0.5475,1.91,1.995,2.715,4.1125,0.8625,0.8325
2019-02-04,-0.2975,-2.22,-1.25,-0.9275,-0.845,0.365,-0.5975,0.58,0.55,1.905,2.035,2.7025,4.0625,0.9825,0.8375
2019-02-05,-0.305,-2.36,-1.235,-0.91,-0.83,0.365,-0.6025,0.575,0.535,1.9025,1.9925,2.7825,3.8375,0.985,0.8325
2019-02-06,-0.3375,-2.435,-1.245,-0.955,-0.825,0.3525,-0.5775,0.6,0.585,1.995,2.2675,2.9075,3.835,0.9925,0.7525
2019-02-07,-0.435,-2.5025,-1.265,-0.9225,-0.81,0.3875,-0.5475,0.6825,0.675,1.995,2.2675,3.0775,3.85,1.19,0.8075
2019-02-08,-0.44,-2.485,-1.31,-0.92,-0.8175,0.3925,-0.585,0.685,0.675,1.9425,2.24,3.315,3.8825,1.2175,0.8075
2019-02-11,-0.515,-2.4875,-1.265,-0.93,-0.795,0.395,-0.5525,0.765,0.7175,2.14,2.2925,3.3675,4.13,1.24,0.8125
2019-02-12,-0.5725,-2.455,-1.245,-0.925,-0.8025,0.38,-0.5,0.8075,0.7825,2.1025,2.135,3.4925,4.1725,1.24,0.8125
2019-02-13,-0.565,-2.34,-1.195,-0.8925,-0.7875,0.38,-0.51,0.805,0.78,2.1025,2.145,3.555,4.14,1.215,0.8225
2019-02-14,-0.61,-2.375,-1.24,-0.89,-0.7775,0.385,-0.535,0.84,0.92,2.0975,2.1225,3.7675,4.25,1.145,0.8275
2019-02-15,-0.625,-2.3625,-1.305,-0.9025,-0.7625,0.3675,-0.5425,0.8475,0.945,2.0575,2.0025,3.8575,4.4,1.2525,0.8175
2019-02-18,-0.59,-2.375,-1.2975,-0.8775,-0.7675,0.365,-0.54,0.7875,0.9,2.0175,1.9975,3.84,4.445,1.1975,0.8225
2019-02-19,-0.5375,-2.375,-1.28,-0.8375,-0.7275,0.33,-0.5325,0.74,0.865,2.0425,2.0225,3.8525,4.4575,1.195,0.8175
2019-02-20,-0.5025,-2.34,-1.3,-0.84,-0.7325,0.31,-0.5375,0.75,0.71,1.9375,1.915,3.71,4.435,1.2125,0.7975
2019-02-21,-0.4975,-2.3275,-1.31,-0.885,-0.775,0.3125,-0.535,0.75,0.6975,1.855,1.9525,3.605,4.435,1.3475,0.7325
2019-02-22,-0.475,-2.2725,-1.2575,-0.8975,-0.7575,0.31,-0.56,0.725,0.675,1.7925,1.8375,3.55,4.42,1.33,0.6875
2019-02-25,-0.47,-2.28,-1.2525,-0.8775,-0.74,0.3125,-0.5525,0.6975,0.6575,1.775,1.8825,3.52,4.345,1.3475,0.6825
2019-02-26,-0.43,-2.27,-1.255,-0.8725,-0.7275,0.3475,-0.5475,0.6775,0.6725,1.7775,1.8275,3.455,4.325,1.375,0.68
2019-02-27,-0.37,-2.185,-1.32,-0.8675,-0.725,0.3475,-0.5375,0.6325,0.62,1.7175,1.8325,3.29,4.205,1.38,0.7025
2019-02-28,-0.3975,-2.175,-1.26,-0.86,-0.725,0.3475,-0.535,0.65,0.635,1.7175,1.8275,3.3,4.205,1.3725,0.7225
2019-03-01,-0.365,-2.06,-1.205,-0.8525,-0.7275,0.36,-0.5325,0.6425,0.645,1.7125,1.9725,3.385,4.195,1.2925,0.7675
2019-03-04,-0.3325,-1.9875,-1.145,-0.8475,-0.7275,0.3525,-0.55,0.61,0.61,1.6825,2.0275,3.4,4.345,1.3025,0.7375
2019-03-05,-0.3025,-1.975,-1.0775,-0.83,-0.72,0.38,-0.5825,0.6175,0.6175,1.5,2.0025,3.38,4.36,1.1825,0.735
2019-03-06,-0.32,-1.905,-1.13,-0.865,-0.7325,0.38,-0.56,0.625,0.6175,1.4975,1.9675,3.3625,4.4,1.1525,0.6925
2019-03-07,-0.425,-1.89,-1.13,-0.85,-0.7175,0.4075,-0.4775,0.725,0.71,1.4975,2.0125,3.605,4.665,1.0925,0.7125
2019-03-08,-0.415,-2.04,-1.225,-0.885,-0.745,0.375,-0.49,0.7,0.68,1.4875,1.9775,3.6225,4.89,1.09,0.8375
2019-03-11,-0.395,-2.065,-1.225,-0.875,-0.745,0.3725,-0.495,0.675,0.675,1.48,1.9475,3.42,4.855,1.06,0.8175
2019-03-12,-0.38,-2.195,-1.22,-0.8425,-0.7225,0.37,-0.5,0.665,0.665,1.3825,1.87,3.2625,4.905,1.06,0.7975
2019-03-13,-0.305,-2.1425,-1.14,-0.805,-0.72,0.365,-0.5575,0.6075,0.595,1.345,1.895,3.165,4.95,1.05,0.7825
2019-03-14,-0.2775,-1.915,-1.07,-0.8,-0.71,0.37,-0.49,0.575,0.57,1.375,1.8825,3.1675,4.96,1.055,0.8375
2019-03-15,-0.25,-1.915,-1.065,-0.8,-0.705,0.3675,-0.515,0.555,0.5475,1.3625,1.845,3.16,4.9625,0.9675,0.9125
2019-03-18,-0.195,-1.915,-1.0325,-0.765,-0.69,0.36,-0.5375,0.5175,0.51,1.3075,1.7675,3.17,5.055,0.89,0.8725
2019-03-19,-0.07,-1.8875,-1.035,-0.71,-0.63,0.36,-0.4975,0.47,0.4175,1.2625,1.7575,3.1725,5.0125,0.835,0.8725
2019-03-20,-0.065,-2.145,-1.1475,-0.705,-0.625,0.33,-0.505,0.4525,0.3825,1.235,1.765,3.185,5.0925,0.86,0.8725
2019-03-21,-0.4,-2.6825,-1.235,-0.715,-0.64,0.36,-0.335,0.7225,0.625,1.2675,1.94,3.0125,5.1175,0.835,0.8125
2019-03-22,-0.4,-2.4875,-1.385,-0.735,-0.6925,0.37,-0.37,0.6875,0.645,1.5675,2.4575,3.43,6.6575,0.7775,0.8475
2019-03-25,-0.35,-2.42,-1.35,-0.7725,-0.75,0.3725,-0.5025,0.65,0.62,1.5625,2.3525,3.3975,7.22,0.91,0.935
2019-03-26,-0.3275,-2.215,-1.2725,-0.7425,-0.67,0.365,-0.4925,0.6325,0.61,1.5775,2.3475,3.4,7.3325,0.905,0.9125
2019-03-27,-0.365,-2.2025,-1.29,-0.7625,-0.725,0.37,-0.4625,0.6725,0.655,1.7625,2.46,3.625,8.375,0.905,0.9175
2019-03-28,-0.425,-2.315,-1.4175,-0.835,-0.81,0.37,-0.46,0.715,0.695,1.8275,2.4175,3.635,8.775,0.97,1.0575
2019-03-29,-0.405,-2.45,-1.41,-0.83,-0.7925,0.37,-0.5,0.71,0.695,1.8025,2.31,3.62,9.0975,1.075,1.055
2019-04-01,-0.3575,-2.42,-1.3325,-0.7975,-0.795,0.3775,-0.4925,0.67,0.6625,1.6825,2.245,3.435,7.9975,1.085,1.0375
2019-04-02,-0.3425,-2.4175,-1.325,-0.805,-0.7725,0.37,-0.5025,0.665,0.66,1.6225,2.21,3.0125,7.98,1.095,1.02
2019-04-03,-0.3025,-2.195,-1.3,-0.755,-0.75,0.36,-0.5075,0.6475,0.595,1.48,2.175,2.9,7.98,1.075,1.0075
2019-04-04,-0.3025,-2.18,-1.2625,-0.735,-0.6875,0.3575,-0.5075,0.645,0.5875,1.47,2.17,2.9,7.7325,1.085,0.9725
2019-04-05,-0.295,-2.07,-1.2475,-0.73,-0.6975,0.35,-0.495,0.625,0.5825,1.4475,2.1475,2.815,7.635,1.09,0.9375
2019-04-08,-0.2925,-2.015,-1.2475,-0.7325,-0.695,0.3425,-0.4875,0.63,0.5875,1.425,2.0925,2.84,7.67,1.1,0.9625
2019-04-09,-0.235,-1.885,-1.2525,-0.7275,-0.685,0.3375,-0.505,0.5925,0.5,1.3125,2.1725,2.83,7.69,1.05,0.9475
2019-04-10,-0.1825,-1.485,-1.265,-0.7225,-0.6925,0.31,-0.5175,0.545,0.475,1.2825,2.1975,2.7075,7.73,1.055,0.9325
2019-04-11,-0.1475,-1.0625,-1.1925,-0.7075,-0.6875,0.3125,-0.495,0.495,0.42,1.2925,2.1975,2.8,8.125,1.1025,0.925
2019-04-12,-0.0425,-0.9,-1.055,-0.6975,-0.6675,0.3025,-0.535,0.43,0.35,1.2875,2.2225,2.77,9.05,1.07,0.8775
2019-04-15,-0.035,-0.81,-1.08,-0.69,-0.6475,0.3,-0.46,0.445,0.36,1.265,2.2275,2.85,9.1225,1.05,0.8625
2019-04-16,0.0025,-0.71,-1.115,-0.695,-0.645,0.2975,-0.45,0.4075,0.34,1.3475,2.2,2.755,9.0425,1.04,0.8375
2019-04-17,0.01,-0.73,-1.09,-0.675,-0.6475,0.2925,-0.44,0.395,0.34,1.34,2.2725,2.88,8.8675,1.065,0.835
2019-04-18,-0.0075,-0.725,-1.07,-0.665,-0.6325,0.2825,-0.41,0.405,0.3375,1.2825,2.2125,2.915,8.87,1.075,0.8675
2019-04-19,-0.015,-0.7425,-1.0725,-0.655,-0.635,0.2875,-0.3825,0.41,0.35,1.3425,2.2,2.925,8.805,1.08,0.8725
2019-04-22,-0.0525,-0.745,-1.0775,-0.6675,-0.6375,0.2825,-0.36,0.44,0.375,1.3375,2.2225,2.955,8.925,1.055,0.895
2019-04-23,-0.1675,-0.75,-1.0825,-0.67,-0.6425,0.3,-0.2,0.565,0.4925,1.38,2.23,2.9175,8.845,1.04,0.8925
2019-04-24,-0.4275,-0.7575,-1.1475,-0.785,-0.7325,0.3525,-0.14,0.715,0.555,1.49,2.1925,3.0425,8.7325,1.0375,0.925
2019-04-25,-0.4575,-0.78,-1.2725,-0.8675,-0.7825,0.355,-0.2475,0.75,0.5925,1.51,2.215,3.1425,8.47,1.0975,1.1225
2019-04-26,-0.415,-0.77,-1.28,-0.8525,-0.78,0.355,-0.285,0.71,0.6025,1.505,2.1525,3.14,8.38,1.05,1.0725
2019-04-29,-0.36,-0.775,-1.26,-0.825,-0.77,0.3575,-0.285,0.6625,0.525,1.555,2.1325,2.9575,8.375,0.995,1.005
2019-04-30,-0.2775,-0.665,-1.3375,-0.8175,-0.7775,0.3575,-0.23,0.6025,0.4825,1.405,2.07,2.9475,8.325,0.99,1.02
2019-05-01,-0.24,-0.605,-1.315,-0.815,-0.78,0.37,-0.255,0.5725,0.45,1.3875,2.07,2.8675,8.155,0.98,1.0125
2019-05-02,-0.3,-0.58,-1.24,-0.8225,-0.775,0.3625,-0.24,0.63,0.4875,1.4875,2.0475,3.0375,7.675,0.98,1.06
2019-05-03,-0.355,-0.4675,-1.28,-0.8575,-0.8025,0.365,-0.26,0.6775,0.5275,1.5175,2.03,2.9825,7.45,0.975,1.07
2019-05-06,-0.3625,-0.4575,-1.4275,-1.115,-1.015,0.375,-0.2675,0.715,0.5675,1.55,2.07,2.955,7.5375,0.98,1.2075
2019-05-07,-0.355,-0.445,-1.495,-1.04,-0.9875,0.3875,-0.275,0.705,0.57,1.5,2.0675,2.955,8.5,0.98,1.2375
2019-05-08,-0.36,-0.585,-1.63,-1.11,-1.02,0.3925,-0.335,0.7375,0.595,1.54,2.1075,3.0625,8.4675,0.9975,1.3525
2019-05-09,-0.36,-0.685,-1.875,-1.2225,-1.115,0.4125,-0.51,0.7575,0.6175,1.805,2.245,3.115,8.5775,1.0725,1.43
2019-05-10,-0.29,-0.65,-1.8425,-1.115,-0.9975,0.3825,-0.68,0.685,0.5175,1.6475,2.1925,3.0675,8.4675,1.04,1.3025
2019-05-13,-0.2725,-0.645,-2.035,-1.12,-0.9975,0.3675,-0.73,0.67,0.5125,1.7125,2.25,3.07,8.42,1.11,1.4325
2019-05-14,-0.2875,-0.685,-1.91,-1.1625,-1.045,0.39,-0.695,0.6875,0.52,1.7225,2.2775,3.165,8.33,1.1425,1.3925
2019-05-15,-0.3075,-0.825,-1.9125,-1.2375,-1.065,0.4,-0.66,0.715,0.55,1.7225,2.34,3.015,7.9625,1.125,1.355
2019-05-16,-0.2625,-0.89,-1.765,-1.2475,-1.105,0.39,-0.6975,0.655,0.5,1.77,2.365,3.1125,7.94,1.1775,1.3425
2019-05-17,-0.3225,-0.875,-1.67,-1.245,-1.1,0.415,-0.645,0.72,0.575,1.775,2.52,3.115,7.9075,1.23,1.36
2019-05-20,-0.3075,-0.88,-1.675,-1.245,-1.075,0.405,-0.6325,0.705,0.565,1.7525,2.465,3.1,7.7625,1.125,1.2875
2019-05-21,-0.31,-0.71,-1.565,-1.2275,-1.0675,0.3975,-0.6375,0.6775,0.5525,1.7175,2.4425,3.0,7.84,1.115,1.2875
2019-05-22,-0.2825,-0.82,-1.5625,-1.19,-1.01,0.405,-0.6675,0.64,0.525,1.665,2.355,3.0725,8.1175,1.115,1.22
2019-05-23,-0.28,-0.9025,-1.7375,-1.185,-1.0075,0.405,-0.695,0.6475,0.5275,1.6575,2.3375,2.955,8.435,1.0375,1.2125
2019-05-24,-0.2475,-0.885,-1.74,-1.0975,-0.9425,0.4075,-0.745,0.615,0.51,1.675,2.3475,3.035,8.225,0.9775,1.215
2019-05-27,-0.2375,-0.88,-1.73,-0.9925,-0.8875,0.41,-0.7375,0.6125,0.515,1.6725,2.3,3.035,8.215,0.905,1.11
2019-05-28,-0.23,-0.86,-1.7125,-0.955,-0.8475,0.41,-0.73,0.61,0.505,1.6825,2.3075,2.9475,8.03,0.92,1.115
2019-05-29,-0.225,-0.865,-1.785,-0.9375,-0.835,0.415,-0.6925,0.61,0.55,1.7625,2.2725,3.085,7.54,0.93,1.12
2019-05-30,-0.22,-0.855,-1.7125,-0.905,-0.8,0.415,-0.7375,0.6,0.505,1.7675,2.19,2.995,7.26,0.9375,1.125
2019-05-31,-0.2075,-0.85,-1.8575,-0.9,-0.81,0.41,-0.74,0.585,0.5025,2.4325,2.1325,3.0875,7.2,0.93,1.1025
2019-06-03,-0.0775,-0.815,-1.8875,-0.89,-0.8125,0.4075,-0.855,0.4875,0.4,2.595,2.1175,2.92,7.0,0.92,1.085
2019-06-04,0.0875,-0.7975,-1.8775,-0.84,-0.76,0.3925,-0.91,0.3325,0.255,2.5975,2.1225,2.975,6.8675,0.92,1.07
2019-06-05,0.1575,-0.755,-1.7425,-0.7825,-0.655,0.38,-0.9975,0.355,0.33,2.565,2.09,2.95,6.7875,0.895,1.0
2019-06-06,0.2225,-0.7675,-1.7025,-0.7325,-0.59,0.3675,-1.035,0.2775,0.2825,2.5625,2.07,2.975,6.8225,0.83,1.02
2019-06-07,0.2825,-0.775,-1.5825,-0.7175,-0.57,0.34,-1.025,0.2075,0.225,2.5825,2.06,2.935,6.785,0.815,1.02
2019-06-10,0.2975,-0.7625,-1.5625,-0.735,-0.6075,0.3325,-1.0,0.195,0.24,1.845,2.0525,2.735,6.71,0.81,1.0025
2019-06-11,0.27,-0.745,-1.5375,-0.7425,-0.615,0.3375,-0.875,0.19,0.27,1.865,2.0675,2.765,6.645,0.84,0.9675
2019-06-12,0.24,-0.76,-1.5575,-0.7775,-0.5875,0.3225,-0.8425,0.225,0.3,1.895,2.0675,2.75,6.66,0.735,0.9725
2019-06-13,0.165,-0.75,-1.5375,-0.78,-0.5925,0.3225,-0.8225,0.2725,0.3525,1.85,2.0775,2.8,6.585,0.74,0.96
2019-06-14,0.1225,-0.76,-1.5375,-0.8125,-0.6325,0.3125,-0.805,0.335,0.385,1.89,2.0875,2.815,6.6125,0.785,0.9725
2019-06-17,0.095,-0.76,-1.5275,-0.8025,-0.62,0.31,-0.77,0.285,0.38,1.91,2.0925,2.85,6.6075,0.8025,0.97
2019-06-18,0.08,-0.785,-1.5275,-0.8,-0.6125,0.285,-0.765,0.2975,0.36,1.8625,2.155,2.87,6.6575,0.8,0.99
2019-06-19,0.085,-0.7975,-1.5175,-0.8275,-0.65,0.2675,-0.75,0.3175,0.35,1.81,2.09,2.8175,6.61,0.795,1.01
2019-06-20,0.145,-0.7625,-1.5275,-0.7875,-0.6225,0.21,-0.9275,0.155,0.2875,1.7975,2.0575,2.68,6.465,0.79,0.9025
2019-06-21,0.2675,-0.755,-1.4975,-0.795,-0.63,0.21,-1.0025,0.06,0.2425,1.7925,2.075,2.615,6.445,0.855,0.9
2019-06-24,0.31,-0.7625,-1.4375,-0.78,-0.63,0.22,-1.0375,0.075,0.2425,1.785,2.0625,2.63,6.305,0.85,0.8875
2019-06-25,0.3,-0.7825,-1.4275,-0.78,-0.5775,0.22,-1.0775,0.105,0.25,1.82,2.0275,2.6,5.6775,0.85,0.89
2019-06-26,0.2425,-0.8075,-1.41,-0.76,-0.55,0.2425,-1.0925,0.14,0.29,1.81,2.0625,2.6,5.6525,0.84,0.9075
2019-06-27,0.2475,-0.785,-1.37,-0.735,-0.54,0.255,-1.1075,0.155,0.28,1.825,2.06,2.615,5.595,0.805,0.9075
2019-06-28,0.3,-0.7725,-1.37,-0.7475,-0.57,0.2825,-1.1425,0.0825,0.245,1.825,2.1,2.5625,5.5825,0.7925,0.905
2019-07-01,0.2275,-0.7975,-1.3025,-0.7375,-0.565,0.325,-0.9275,0.1425,0.2925,1.8125,2.06,2.5875,5.47,0.83,0.915
2019-07-02,0.2075,-0.7925,-1.28,-0.7275,-0.5575,0.3275,-0.9325,0.15,0.3125,1.805,2.055,2.5875,5.4775,0.81,0.8825
2019-07-03,0.2075,-0.7975,-1.3025,-0.7125,-0.53,0.3,-0.9225,0.1525,0.3125,1.795,2.065,2.585,5.4525,0.8,0.8775
2019-07-04,0.21,-0.81,-1.285,-0.6925,-0.5275,0.3025,-0.915,0.1475,0.2975,1.7975,2.065,2.575,5.475,0.765,0.8825
2019-07-05,0.1725,-0.805,-1.235,-0.6925,-0.5475,0.305,-0.8975,0.1875,0.3225,1.7975,2.0675,2.615,5.435,0.765,0.8775
2019-07-08,0.1775,-0.8375,-1.22,-0.6925,-0.5525,0.3075,-0.875,0.185,0.32,1.8075,2.03,2.635,5.625,0.745,0.8725
2019-07-09,0.1675,-0.9125,-1.2225,-0.7025,-0.55,0.3025,-0.8475,0.185,0.32,1.9175,2.0225,2.565,5.6675,0.715,0.8725
2019-07-10,0.2275,-0.935,-1.2225,-0.695,-0.5425,0.3025,-0.895,0.1375,0.285,2.01,2.035,2.6,5.67,0.715,0.8525
2019-07-11,0.2675,-0.92,-1.27,-0.585,-0.445,0.2725,-0.885,0.0775,0.25,2.015,1.965,2.62,5.5775,0.715,0.8425
2019-07-12,0.33,-0.955,-1.25,-0.5375,-0.3975,0.2725,-0.9175,0.015,0.2025,1.9775,1.98,2.6175,5.83,0.715,0.8275
2019-07-15,0.3325,-1.0575,-1.215,-0.5375,-0.3925,0.2725,-0.93,0.02,0.22,1.9825,1.935,2.67,5.73,0.715,0.7975
2019-07-16,0.3175,-1.2625,-1.2275,-0.53,-0.3925,0.2725,-0.915,0.0525,0.235,2.0125,1.9175,2.585,5.675,0.715,0.7475
2019-07-17,0.2975,-1.32,-1.3025,-0.525,-0.37,0.2825,-0.925,0.0675,0.25,2.0325,1.925,2.585,5.4725,0.7,0.6975
2019-07-18,0.32,-1.305,-1.3975,-0.4875,-0.3525,0.2725,-0.9075,0.0275,0.2075,2.0375,1.9475,2.5825,5.3425,0.71,0.68
2019-07-19,0.3175,-1.3125,-1.4225,-0.48,-0.32,0.28,-0.935,0.05,0.205,2.0525,1.875,2.605,5.18,0.715,0.6775
2019-07-22,0.305,-1.3625,-1.4475,-0.475,-0.325,0.2775,-0.915,0.07,0.2275,2.075,1.87,2.6375,5.2025,0.705,0.6675
2019-07-23,0.185,-1.365,-1.415,-0.4625,-0.35,0.285,-0.86,0.3275,0.32,2.07,1.8925,2.64,5.205,0.685,0.6675
2019-07-24,0.07,-1.3825,-1.3925,-0.49,-0.365,0.2825,-0.89,0.455,0.385,2.075,1.8475,2.485,5.17,0.7,0.6525
2019-07-25,0.0075,-1.4375,-1.3875,-0.49,-0.3625,0.3,-0.93,0.4875,0.395,2.11,1.89,2.5,4.9875,0.7,0.6675
2019-07-26,0.0075,-1.5075,-1.37,-0.4825,-0.3775,0.3025,-0.8875,0.5,0.42,2.1075,1.905,2.6125,4.9575,0.71,0.69
2019-07-29,-0.0175,-1.735,-1.3925,-0.48,-0.39,0.295,-0.885,0.515,0.445,2.1425,1.895,2.665,4.8375,0.715,0.71
2019-07-30,-0.0825,-1.8525,-1.4475,-0.49,-0.395,0.29,-0.845,0.555,0.48,2.1275,1.8525,2.685,4.79,0.69,0.71
2019-07-31,-0.1675,-1.8775,-1.435,-0.5125,-0.4075,0.295,-0.7775,0.565,0.565,2.065,1.855,2.6,4.535,0.63,0.7
2019-08-01,-0.3925,-2.19,-1.7575,-0.6225,-0.6,0.335,-0.74,0.8175,0.78,2.1375,1.815,2.64,4.5325,0.695,0.7075
2019-08-02,-0.405,-2.175,-1.8975,-0.8625,-0.7925,0.3775,-0.905,0.8275,0.6625,2.27,1.895,2.775,4.475,0.7575,0.9
2019-08-05,-0.2175,-2.21,-2.085,-1.1725,-1.06,0.395,-1.0375,0.7375,0.4975,2.445,2.055,2.8125,4.455,1.225,1.3275
2019-08-06,-0.185,-2.125,-1.9,-1.0175,-0.8975,0.38,-1.0175,0.7925,0.585,2.285,2.0425,2.625,4.42,1.25,1.4975
2019-08-07,-0.155,-2.16,-2.025,-1.0975,-0.98,0.495,-1.115,0.7925,0.4925,2.2925,2.1475,2.85,4.395,1.155,1.5125
2019-08-08,-0.115,-2.2125,-1.94,-1.0575,-0.9325,0.4725,-1.1125,0.79,0.52,2.285,2.0425,2.91,4.4325,1.19,1.525
2019-08-09,-0.1625,-2.25,-2.0,-1.005,-0.8925,0.46,-1.1325,0.73,0.53,2.28,2.0275,3.11,4.4125,1.1675,1.4925
2019-08-12,-0.2075,-2.28,-2.05,-1.0275,-0.8975,0.47,-1.1725,0.7925,0.575,2.4,2.1075,3.225,4.575,1.235,1.4775
2019-08-13,-0.205,-2.215,-1.76,-0.955,-0.835,0.4625,-1.1625,0.7925,0.58,2.3825,2.1275,3.165,4.6625,1.2425,1.4125
2019-08-14,-0.235,-2.125,-2.0425,-0.9975,-0.875,0.54,-1.2125,0.815,0.585,2.4225,2.345,3.15,4.6325,1.2725,1.4175
2019-08-15,-0.2875,-2.095,-2.03,-1.125,-0.96,0.57,-1.2375,0.8575,0.6425,2.435,2.3775,3.1375,4.6225,1.265,1.4375
2019-08-16,-0.32,-1.93,-1.9275,-1.1375,-0.9125,0.545,-1.165,0.8275,0.645,2.2875,2.3625,2.99,4.61,1.28,1.415
2019-08-19,-0.3325,-1.905,-1.8775,-1.125,-0.9325,0.5375,-1.1,0.87,0.67,2.3025,2.36,2.91,4.68,1.27,1.4375
2019-08-20,-0.3425,-1.875,-1.875,-1.055,-0.8875,0.535,-1.0575,0.86,0.66,2.28,2.325,2.91,4.845,1.3675,1.4275
2019-08-21,-0.37,-1.92,-1.8675,-0.9375,-0.7825,0.51,-1.0625,0.885,0.67,2.26,2.3775,2.91,4.835,1.345,1.39
2019-08-22,-0.4475,-1.89,-1.88,-0.9325,-0.815,0.5025,-1.0075,0.9725,0.7275,2.2675,2.35,2.94,4.77,1.34,1.3575
2019-08-23,-0.3025,-1.8725,-2.0575,-0.9675,-0.7975,0.5,-1.155,0.755,0.62,2.295,2.4375,2.935,4.725,1.3425,1.3775
2019-08-26,-0.215,-1.86,-2.03,-1.1075,-0.9225,0.4975,-1.165,0.76,0.505,2.3225,2.4875,2.935,4.835,1.4375,1.4875
2019-08-27,-0.2175,-1.7975,-2.045,-1.0525,-0.905,0.4825,-1.1525,0.735,0.47,2.3325,2.4975,2.91,4.895,1.265,1.4475
2019-08-28,-0.2225,-1.87,-1.9925,-1.03,-0.8825,0.4725,-1.15,0.7425,0.535,2.31,2.435,2.875,4.9025,1.2375,1.3425
2019-08-29,-0.3125,-1.885,-1.99,-1.0675,-0.9225,0.4775,-1.0775,0.845,0.6,2.295,2.42,2.91,4.9,1.245,1.3475
2019-08-30,-0.42,-1.9,-2.0125,-1.07,-0.915,0.475,-1.0625,0.885,0.7025,2.285,2.3575,2.91,4.915,1.195,1.2725
2019-09-02,-0.435,-1.91,-1.9875,-1.04,-0.9025,0.4725,-1.0625,0.89,0.7625,2.3075,2.36,2.825,4.98,1.2375,1.285
2019-09-03,-0.4275,-2.015,-2.05,-1.015,-0.89,0.475,-1.14,0.9,0.7475,2.3075,2.295,2.825,4.825,1.21,1.28
2019-09-04,-0.23,-1.9475,-1.875,-0.94,-0.8375,0.4625,-1.09,0.715,0.55,2.215,2.18,2.45,4.7825,1.2025,1.03
2019-09-05,-0.17,-1.795,-1.86,-0.8825,-0.7725,0.46,-1.055,0.6925,0.5025,2.0875,2.185,2.475,4.6425,1.215,0.91
2019-09-06,-0.1575,-1.78,-1.9125,-0.875,-0.79,0.465,-1.0525,0.665,0.4825,2.085,2.1775,2.5,4.625,1.2225,0.91
2019-09-09,-0.1575,-1.8325,-1.8825,-0.845,-0.7625,0.465,-1.0275,0.715,0.5125,1.9725,2.1125,2.5125,4.9725,1.21,0.955
2019-09-10,-0.185,-1.745,-1.8,-0.79,-0.6975,0.4325,-1.02,0.7525,0.635,1.9975,2.1075,2.465,4.96,1.19,0.8625
2019-09-11,-0.225,-1.735,-1.7725,-0.7825,-0.6725,0.43,-0.9675,0.745,0.555,2.0375,2.0325,2.4625,5.0975,1.13,0.855
2019-09-12,-0.255,-1.77,-1.8025,-0.7975,-0.67,0.4475,-0.9875,0.7275,0.5725,2.0625,2.045,2.465,4.5925,1.1,0.82
2019-09-13,-0.1725,-1.635,-1.6775,-0.7775,-0.655,0.4425,-1.0125,0.6525,0.51,2.06,2.0375,2.4425,4.595,1.175,0.7625
2019-09-16,-0.1125,-1.7175,-1.7725,-0.815,-0.65,0.445,-1.0475,0.5975,0.445,2.06,2.03,2.4275,4.61,1.205,0.8425
2019-09-17,-0.09,-1.6775,-1.7525,-0.865,-0.695,0.435,-1.015,0.555,0.425,2.0875,2.03,2.46,4.6375,1.205,0.91
2019-09-18,-0.06,-1.705,-1.7825,-0.8775,-0.71,0.43,-0.9575,0.59,0.4175,2.1,2.0425,2.55,4.5675,1.18,0.9025
2019-09-19,-0.05,-1.7525,-1.85,-0.9175,-0.745,0.4275,-0.945,0.56,0.455,2.1075,2.12,2.55,4.535,1.175,0.9775
2019-09-20,-0.045,-1.6825,-1.8475,-0.8975,-0.7425,0.4325,-0.955,0.5425,0.44,2.1,1.9475,2.56,4.5325,1.17,0.935
2019-09-23,-0.065,-1.6175,-1.89,-0.88,-0.7425,0.43,-0.9625,0.5625,0.48,2.1,1.94,2.675,4.455,1.0975,0.9425
2019-09-24,-0.05,-1.675,-1.885,-0.8825,-0.7225,0.4275,-0.97,0.5475,0.455,2.0825,1.9275,2.635,4.275,1.1,0.9225
2019-09-25,-0.0525,-1.6925,-1.8725,-0.8775,-0.7325,0.4325,-0.985,0.5575,0.46,2.085,1.91,2.71,4.2525,1.1,0.9175
2019-09-26,-0.105,-1.745,-1.8175,-0.885,-0.735,0.4175,-0.9275,0.5975,0.49,2.0725,1.9075,2.71,4.2025,1.1,0.9225
2019-09-27,-0.14,-1.8225,-1.8025,-0.8725,-0.715,0.4125,-0.91,0.62,0.52,2.065,1.8775,2.65,4.175,1.0975,0.9075
2019-09-30,-0.17,-1.835,-1.7825,-0.875,-0.74,0.4075,-0.8675,0.64,0.55,2.08,1.8575,2.61,4.17,1.1,0.84
2019-10-01,-0.125,-1.83,-1.7675,-0.855,-0.695,0.41,-0.8675,0.5775,0.495,2.065,1.8175,2.5725,4.1875,1.0975,0.855
2019-10-02,-0.0475,-1.81,-1.835,-0.84,-0.6975,0.4225,-0.8475,0.52,0.43,2.07,1.8375,2.56,4.175,1.0975,0.89
2019-10-03,-0.005,-1.77,-1.8175,-0.86,-0.715,0.425,-0.8175,0.515,0.4875,2.0625,1.8325,2.55,4.1675,1.1,0.88
2019-10-04,0.0375,-1.66,-1.75,-0.855,-0.7225,0.4125,-0.8425,0.45,0.4825,2.07,1.8175,2.5125,4.04,1.1,0.875
2019-10-07,0.0475,-1.645,-1.7125,-0.85,-0.715,0.4075,-0.8275,0.435,0.46,1.99,1.81,2.4775,4.2625,1.0975,0.9075
2019-10-08,0.06,-1.645,-1.65,-0.855,-0.715,0.4025,-0.89,0.405,0.4475,2.0025,1.81,2.475,4.655,1.07,0.8975
2019-10-09,0.065,-1.595,-1.615,-0.865,-0.7275,0.3625,-0.89,0.4125,0.44,1.9925,1.8125,2.475,4.8425,1.05,0.9825
2019-10-10,0.0825,-1.0175,-1.5625,-0.8575,-0.685,0.3575,-0.8725,0.405,0.46,1.99,1.8275,2.4,5.095,1.01,0.895
2019-10-11,0.1175,-0.95,-1.5125,-0.84,-0.685,0.36,-0.91,0.325,0.455,1.925,1.69,2.365,5.06,0.98,0.845
2019-10-14,0.115,-1.0425,-1.5375,-0.8,-0.66,0.345,-0.905,0.34,0.45,1.885,1.69,2.215,5.71,0.98,0.8225
2019-10-15,0.115,-1.235,-1.535,-0.765,-0.635,0.35,-0.9075,0.3425,0.45,1.885,1.74,2.145,5.455,1.0,0.8925
2019-10-16,0.1375,-1.68,-1.5225,-0.7825,-0.65,0.3425,-0.89,0.315,0.44,1.895,1.74,2.265,5.59,1.0,0.9075
2019-10-17,0.245,-1.95,-1.5,-0.755,-0.6325,0.3275,-0.925,0.2425,0.325,1.8825,1.695,2.26,5.545,0.97,0.885
2019-10-18,0.29,-1.9075,-1.5,-0.7375,-0.6125,0.325,-0.9525,0.215,0.2875,1.895,1.67,2.18,5.04,0.905,0.885
2019-10-21,0.3075,-1.6825,-1.5,-0.7175,-0.555,0.3125,-0.8725,0.285,0.28,1.92,1.6875,2.25,4.9625,0.815,0.8075
2019-10-22,0.31,-1.6425,-1.4725,-0.7075,-0.6025,0.275,-0.855,0.2625,0.2575,1.895,1.72,2.15,4.915,0.7375,0.85
2019-10-23,0.2575,-1.4675,-1.455,-0.7075,-0.595,0.275,-0.78,0.3,0.3025,1.8925,1.7,2.17,4.5625,0.77,0.83
2019-10-24,0.245,-1.38,-1.47,-0.6775,-0.585,0.2775,-0.775,0.305,0.315,1.8825,1.7025,2.17,4.28,0.75,0.7675
2019-10-25,0.23,-1.335,-1.44,-0.7,-0.59,0.2375,-0.765,0.2975,0.34,1.865,1.6275,2.175,4.115,0.75,0.765
2019-10-28,0.21,-1.3025,-1.35,-0.685,-0.5875,0.1875,-0.745,0.305,0.36,1.85,1.65,2.15,4.0525,0.75,0.745
2019-10-29,0.2275,-1.2275,-1.34,-0.635,-0.565,0.1625,-0.75,0.2975,0.3725,1.785,1.5475,2.13,3.9375,0.75,0.735
2019-10-30,0.2375,-1.15,-1.31,-0.61,-0.54,0.1925,-0.735,0.295,0.3725,1.745,1.665,2.335,3.87,0.75,0.82
2019-10-31,0.26,-1.115,-1.475,-0.6275,-0.505,0.1925,-0.7525,0.28,0.35,1.72,1.6475,2.285,3.725,0.72,0.81
2019-11-01,0.2675,-1.15,-1.5,-0.6075,-0.505,0.22,-0.77,0.28,0.31,1.715,1.65,2.315,3.7075,0.6825,0.79
2019-11-04,0.2775,-1.19,-1.4725,-0.6,-0.47,0.225,-0.7775,0.3075,0.375,1.8275,1.675,2.05,3.6775,0.6825,0.79
2019-11-05,0.2325,-1.185,-1.2975,-0.575,-0.475,0.2225,-0.7425,0.3525,0.4075,1.835,1.665,2.0,3.6425,0.6675,0.74
2019-11-06,0.2075,-1.205,-1.2975,-0.575,-0.45,0.2475,-0.74,0.3475,0.4425,1.8325,1.725,2.015,3.655,0.71,0.7875
2019-11-07,0.2025,-1.21,-1.2775,-0.585,-0.4675,0.2125,-0.74,0.345,0.4475,1.765,1.76,2.0,3.58,0.7475,0.8025
2019-11-08,0.175,-1.185,-1.2725,-0.5475,-0.45,0.2275,-0.725,0.36,0.46,1.74,1.715,2.0,3.545,0.8525,0.77
2019-11-11,0.1875,-1.19,-1.3025,-0.57,-0.4575,0.23,-0.725,0.365,0.4525,1.74,1.75,2.0,3.5575,0.7925,0.7975
2019-11-12,0.205,-1.14,-1.2975,-0.555,-0.4575,0.23,-0.71,0.3575,0.45,1.7125,1.8,2.0,3.49,0.7975,0.8025
2019-11-13,0.18,-0.995,-1.3575,-0.57,-0.44,0.2325,-0.73,0.3625,0.455,1.765,1.785,1.985,3.45,0.8875,0.8275
2019-11-14,0.2075,-0.975,-1.4475,-0.5625,-0.4275,0.2325,-0.7475,0.335,0.435,1.79,1.79,1.97,3.3875,0.875,0.83
2019-11-15,0.2525,-0.9075,-1.4475,-0.545,-0.425,0.215,-0.755,0.255,0.345,1.76,1.7,1.885,3.4225,0.7625,0.815
2019-11-18,0.295,-1.0,-1.4725,-0.54,-0.4175,0.2025,-0.775,0.2325,0.33,1.7425,1.765,1.885,3.335,0.7625,0.7
2019-11-19,0.345,-1.0275,-1.4475,-0.53,-0.41,0.2275,-0.775,0.175,0.275,1.74,1.7625,1.9,3.2375,0.8275,0.7
2019-11-20,0.335,-1.04,-1.4975,-0.53,-0.42,0.29,-0.76,0.1825,0.2925,1.7425,1.77,1.9,3.23,0.7925,0.755
2019-11-21,0.325,-1.0875,-1.5225,-0.595,-0.445,0.31,-0.745,0.185,0.285,1.7475,1.76,1.9,3.1725,0.8,0.7775
2019-11-22,0.3375,-1.065,-1.5275,-0.595,-0.4325,0.31,-0.7275,0.1925,0.3275,1.74,1.72,1.885,3.08,0.7875,0.83
2019-11-25,0.315,-1.055,-1.4225,-0.5875,-0.4275,0.3125,-0.7375,0.21,0.315,1.7175,1.685,1.92,3.085,0.7825,0.825
2019-11-26,0.265,-1.08,-1.3925,-0.5875,-0.435,0.315,-0.6725,0.2525,0.3575,1.71,1.6625,1.92,3.065,0.7825,0.8
2019-11-27,0.255,-1.075,-1.275,-0.5525,-0.4225,0.3125,-0.665,0.275,0.37,1.705,1.6825,1.87,3.07,0.7225,0.7975
2019-11-28,0.255,-1.0525,-1.27,-0.555,-0.4175,0.31,-0.6625,0.2525,0.37,1.7225,1.685,1.8,3.0575,0.6975,0.81
2019-11-29,0.2125,-1.14,-1.1725,-0.545,-0.4175,0.31,-0.6725,0.305,0.4,1.71,1.6075,1.8,3.0525,0.7125,0.815
2019-12-02,0.29,-1.1675,-1.2475,-0.5475,-0.4075,0.31,-0.7575,0.1875,0.305,1.6875,1.51,1.8,3.02,0.7075,0.8025
2019-12-03,0.315,-1.27,-1.3575,-0.57,-0.44,0.3125,-0.75,0.185,0.3075,1.66,1.4375,1.8125,3.02,0.705,0.8125
2019-12-04,0.325,-1.2,-1.3925,-0.595,-0.4575,0.3,-0.7925,0.195,0.305,1.63,1.4275,1.84,3.01,0.7025,0.8325
2019-12-05,0.3475,-1.58,-1.395,-0.585,-0.4425,0.295,-0.785,0.1775,0.2725,1.6175,1.375,1.8375,3.05,0.7025,0.825
2019-12-06,0.31,-1.7,-1.415,-0.595,-0.435,0.2975,-0.76,0.2275,0.3225,1.565,1.38,1.84,3.0475,0.6975,0.82
2019-12-09,0.31,-1.735,-1.4225,-0.595,-0.44,0.2925,-0.79,0.2175,0.315,1.5575,1.365,1.9175,3.145,0.63,0.825
2019-12-10,0.31,-1.825,-1.46,-0.6,-0.425,0.295,-0.785,0.195,0.31,1.5475,1.35,2.0,3.1575,0.63,0.815
2019-12-11,0.335,-1.8575,-1.4975,-0.6,-0.425,0.2925,-0.795,0.175,0.2975,1.56,1.3975,2.0825,3.155,0.6625,0.845
2019-12-12,0.355,-1.815,-1.3925,-0.6275,-0.425,0.295,-0.78,0.165,0.295,1.555,1.3225,2.08,3.12,0.6625,0.865
2019-12-13,0.35,-0.9625,-1.31,-0.6225,-0.4275,0.28,-0.78,0.16,0.285,1.47,1.3375,2.115,3.095,0.66,0.7175
2019-12-16,0.345,-0.7775,-1.3025,-0.6,-0.425,0.255,-0.775,0.1675,0.31,1.475,1.29,2.12,3.1175,0.66,0.7825
2019-12-17,0.335,-1.1525,-1.2975,-0.635,-0.4425,0.2475,-0.77,0.175,0.32,1.465,1.235,2.115,3.145,0.6625,0.7575
2019-12-18,0.31,-1.1725,-1.2925,-0.635,-0.4425,0.245,-0.775,0.1875,0.34,1.46,1.355,2.115,3.225,0.715,0.735
2019-12-19,0.2775,-1.0075,-1.2925,-0.61,-0.435,0.2475,-0.78,0.215,0.3525,1.475,1.34,2.1625,3.6775,0.6925,0.7325
2019-12-20,0.3025,-0.87,-1.295,-0.595,-0.4375,0.24,-0.8,0.185,0.3225,1.465,1.3675,2.15,3.685,0.675,0.7425
2019-12-23,0.29,-0.9075,-1.295,-0.6,-0.4375,0.2375,-0.79,0.2,0.33,1.47,1.3575,2.15,3.7,0.6675,0.7325
2019-12-24,0.29,-0.925,-1.2925,-0.59,-0.4375,0.24,-0.7825,0.195,0.3275,1.495,1.3925,2.15,3.72,0.665,0.7325
2019-12-25,0.29,-0.905,-1.2925,-0.595,-0.4375,0.2375,-0.7875,0.1825,0.3275,1.485,1.375,2.145,3.6975,0.665,0.725
2019-12-26,0.285,-0.8625,-1.295,-0.595,-0.4375,0.24,-0.7825,0.1975,0.32,1.4775,1.365,2.135,3.725,0.6625,0.73
2019-12-27,0.305,-0.825,-1.305,-0.595,-0.4375,0.24,-0.805,0.1725,0.2975,1.47,1.3225,2.125,3.705,0.655,0.74
2019-12-30,0.43,-0.75,-1.33,-0.57,-0.4325,0.2375,-0.8325,0.0875,0.225,1.46,1.3425,2.115,3.675,0.6625,0.7275
2019-12-31,0.44,-0.77,-1.3925,-0.565,-0.425,0.235,-0.8,0.115,0.2,1.455,1.38,2.115,3.6,0.66,0.725
